:020000022000DC
:1070000000000420EDF905002DFA05002FFA050017
:1070100031FA050033FA050035FA050000000000DA
:1070200000000000000000000000000069F90500F9
:1070300039FA05000000000089F905003DFA050055
:1070400049FC05003FFA0500D1D005000D340400CD
:10705000C53404003FFA0500A9D305003FFA050036
:107060003FFA05003FFA05003FFA05003FFA050028
:107070003FFA05003FFA05003FFA05003FFA050018
:107080003FFA0500B9F605003FFA05003FFA050092
:107090003FFA05003FFA0500013E05003FFA0500F2
:1070A0003FFA05003FFA05007D5003003FFA050056
:1070B0003FFA05003FFA0500000000000000000054
:1070C0003FFA05003FFA05003FFA050031020600CD
:1070D0003FFA05003FFA05003FFA0500ADC5040080
:1070E0003FFA05003FFA05003FFA050000000000E6
:1070F000000000003FFA050000000000A9020600A1
:10710000000000000000000000000000000000007F
:10711000000000000000000000000000000000006F
:10712000000000000000000000000000000000005F
:10713000000000000000000000000000000000004F
:10714000000000000000000000000000000000003F
:10715000000000000000000000000000000000002F
:10716000000000000000000000000000000000001F
:10717000000000000000000000000000000000000F
:1071800000000000000000000000000000000000FF
:1071900000000000000000000000000000000000EF
:1071A00000000000000000000000000000000000DF
:1071B00000000000000000000000000000000000CF
:1071C00000000000000000000000000000000000BF
:1071D00000000000000000000000000000000000AF
:1071E000000000000000000000000000000000009F
:1071F000000000000000000000000000000000008F
:10720000F1EE103A43F08073E1EE103A704700BFA0
:1072100010B5054C237833B9044B13B10448AFF3D0
:1072200000800123237010BD2C65002000000000A9
:107230004439070008B5034B1BB103490348AFF3BA
:10724000008008BD000000003065002044390700C0
:10725000154B002B08BF134B9D46A3F5803A002128
:107260008B460F461348144A121A41F047F80F4B49
:10727000002B00D098470E4B002B00D098470020E1
:10728000002104000D000D48002802D00C48AFF387
:10729000008040F077FF2000290038F0FFFB40F02D
:1072A0004BFF00BF000008000000042000000000A9
:1072B000000000002C6500203C660120000000005A
:1072C00000000000BFF34F8F0549064BCA6802F467
:1072D000E0621343CB60BFF34F8F00BFFDE700BFF9
:1072E00000ED00E00400FA0535DF704733DF70473A
:1072F0003CDF70473DDF704741DF704711DF70476B
:1073000012DF70470020704701207047012070474E
:10731000704700BF704700BF704700BF704700BF95
:10732000024B02F001021A70704700BFDF690020B3
:1073300038B50446C069444D40F042F840A3D3E953
:10734000002340F0A7F802460B46A069C5E90023D8
:1073500040F036F83AA3D3E9002340F09BF894EDCF
:107360000F7AB4F84C30DFED397A9FED395A9FED42
:10737000394ADFED394AF8EEC75A94ED107A06EE35
:10738000103AF8EEC76A94ED0A7AB8EE466AB8EE9B
:10739000477A66EEA76A65EE845A26EE246A27EEDF
:1073A000057AC5ED055A85ED066AC5ED076A85EDD6
:1073B000087AE37DD4ED097A6B62237DF8EEE77AF3
:1073C000012B88BF637DC5E9020167EE857A8CBF1A
:1073D00003F00103002385F82830C5ED047AE27A32
:1073E000A1881E4B1E4802F00702A2F10702B2FA62
:1073F00082F25209A1F5FA61698585F82920A279FE
:1074000085F82C20E27985F82D20227A85F82E2027
:10741000627A85F82F20A27A85F8302021680268E8
:10742000A3FB01439B094FF47A7404FB13130D492A
:107430006B860132012302600B7038BDAFF3008010
:1074400048AFBC9AF2D77A3E38E00020ACC5273767
:107450006F12833AA8C8FE3A0AD7233CD34D621074
:1074600074E0002070E00020024B034AC3F80026BD
:1074700001207047000001403546526E024B03491F
:10748000C3F8001610467047000001403546526EA2
:107490000AB3C2F308032DE9F0471546A3B9DFF894
:1074A0003C8006460F464FEA52290324D8F8680468
:1074B00003683A46D3F814A031464B46D047013C06
:1074C00030B914F0FF04F1D14FF0FF30BDE8F08780
:1074D0002846BDE8F0874FF0FF3070474865002030
:1074E000704700BF037C13F0080306D0C36A406AEC
:1074F000181A48BF6FF0004070471846704700BF29
:107500002AB3C2F308032DE9F0471546C3B906466E
:107510000F4635F0B5FF0F4BDFF83C8018604FEA9F
:1075200055290324D8F8680403683A46D3F824A000
:1075300031464B46D047013C30B914F0FF04F1D13D
:107540004FF0FF30BDE8F0872846BDE8F0874FF0E8
:10755000FF307047AC7B002048650020103021F0E0
:10756000C5BB00BF103021F025BC00BF00B583B003
:107570000B4601220DF1070110308DF8073021F084
:1075800019FC03B05DF804FB00B587B00346064A5A
:107590006846182141F0A8FD694682B203482AF0E6
:1075A00073FA07B05DF804FBE8C80600DCDF0020D2
:1075B000103021F0FFB900BF00B583B001220DF1FA
:1075C0000701103021F024F901280CBF9DF80700B5
:1075D0004FF0FF3003B05DF804FB00BF08461146D2
:1075E00041F06ABD084635F08DBF00BF084635F052
:1075F0006FBF00BF10B50E4C84B0227801A80921DE
:1076000010F072FF237802332370024670B1094BE9
:107610001B7803F0FF004BB1074B1B7803F0FF0012
:1076200023B1064892B201A92AF02EFA04B010BD87
:107630000AAF0020E1690020DF690020DC6A002039
:107640002DE9F0434779402F3946A1B028BF4021AA
:107650009FB30023E9464A469C461F46054603EB76
:107660004304AE7A167000EB84040133247C14F0DA
:10767000080FC4F3C00818BF013782F801805FFA11
:1076800083FE05F10C0502F1020218BFFFB21EB124
:107690000CF1010C5FFA8CFC7145E0D8084B094CE9
:1076A0001F70094A84F800C04846102311F04EFAB2
:1076B000064B187021B0BDE8F083BC46E946EDE703
:1076C00099E0002098E0002088E0002086E000207B
:1076D00010B50C4CD4F868040368DB69984794F83B
:1076E0002430DB0706D400224FF0FF3384F8242037
:1076F000236310BD04F1240024F02EF80028F2D1F9
:1077000010BD00BF48650020174BDB68D90110B5DC
:1077100003D5164B1A68D2071FD437F0C9F8144B9B
:10772000A0FB0301830A43EA815312490A6840F629
:10773000B7309A1A82420FD90F480B6002780F496E
:107740000132097802F00F02914209D001780C4C05
:10775000C9B244F82130027010BD5B689B09E4E7B0
:10776000084B01221A7010BDF0ED00E0001000E09F
:1077700040420F00340101207C0101207E010120E4
:107780003C0101207D01012010B5034B036004463C
:1077900012F040FA204610BD78D806000F4909784B
:1077A00002290AD1F8B50E4E0E4F3578EDB21C46BF
:1077B0007B5D0BB9202C01D9F8BD70470A481146F2
:1077C00000EB4510224640F071FD0848E3B24355F6
:1077D000012185EA010279553270F8BD84DC002070
:1077E000DE69002098BF0020C8AE002008AF00204E
:1077F00070B5124C124A134B2260002646F6607098
:107800006360C4F8886338F089F90F4B0F4D93ED2E
:10781000000B3246214604461CF0B2FD0C4B2C6096
:1078200093ED000A20461DF073F90A4B286893ED8A
:10783000000ABDE870401DF081B900BF40D80020AB
:10784000F4C8060034FF06001061002060DD00204F
:10785000BC610020B8610020F8B51A4B1B78022BE0
:10786000044626D0184B194A1948002721460126FC
:107870001F7016702CF0BCFA05462AF07DFA2846D7
:10788000F7212AF08DFA284602212AF099FA3A4681
:10789000394628462AF08CFA0E4B1E7035F0F0FD62
:1078A0000D4B0E4A1C8010602846BDE8F8402AF0B7
:1078B00065BA0B4A0B490C4B10800120002208705E
:1078C0001A70F8BD84DC00202E8C002040DC0020E3
:1078D000843D012086DC00207EDC002080DC00204E
:1078E000C4600020E1690020DF690020214A13887C
:1078F0004FF6FF719BB28B42F0B403D013889BB25A
:10790000984228D01C4B1B78022B24D01B4B1C48C0
:107910001C4F1D4E1D4D1E4C1E491A7800233B70F6
:10792000337003701C482B7023701C4D0B701C4C63
:107930001C49037017202B70237008801A4B1AB94A
:1079400000221A70F0BC70471A78002AF8D0174A43
:1079500001211170F4E713889BB29842F2D1144CC4
:10796000144900234FF6FF7023701080F0BC0B7099
:10797000704700BFC460002084DC002038DC002099
:10798000758E0020287C0020CC7B0020CB7B002043
:10799000388E0020906B002040DC002085DC002029
:1079A000368C0020D06000202E8C0020938E00208A
:1079B000E1690020DF6900202DE9F04F4948037C90
:1079C000ABB0002B40F08A804748037C002B40F08E
:1079D00081804648037C002B78D14548037C002BEE
:1079E00070D10024322035F057FD424E424A4349BF
:1079F0000194234604A84FF47A75ADF810408DF831
:107A000012400295009620F09BFE9DF81000002881
:107A100055D03B4D2B68132B49DC3A4FDFF8E880FB
:107A200005E011A820F056FC2B68132B3FDC4FF427
:107A30007A73002204A911A80F930E94ADF8444064
:107A40008DF846400D9621F0B9F89DF8443040225B
:107A50001AA911A85BB322F007FB9DF8443013F07C
:107A6000D00F1AA8DDD141F032FC03461AAA06381D
:107A7000062B39461044D4D941F0CEFB814600286C
:107A8000CFD1D5F800A00AEB4A0B08EB0B1B1AA9C3
:107A90002F22584641F035FC0AF1010311A82B6052
:107AA0008BF82F9020F016FC2B68132BBFDD04A859
:107AB00020F010FC28680028D4BF002001202BB043
:107AC000BDE8F08F103020F005FC8AE7103020F080
:107AD00001FC82E7103020F0FDFB7AE7103020F047
:107AE000F9FB71E72CFD002088DE002088010120D1
:107AF000BC01012094D80600FCC80600486500209F
:107B00001CFD002000C9060060FD002081682DE9F1
:107B1000F0470568044669B1284E2B680A685B681F
:107B2000A260B34208463DD135F0ECFCA1680029C3
:107B3000F3D12568238E04F10C0903B30027E36A0F
:107B4000DFF878A0B8460BE035F0DCFCE36AC6F855
:107B50000080218EC6F804800137BAB291420FD955
:107B6000BEB203EBC606716808460029EFD02B6849
:107B70005B685345E8D028469847E36AE7E7E36A3D
:107B800000214FF6FF7299452186A28607D02A6808
:107B90000A4952688A420BD1184635F0B3FC204698
:107BA000BDE8F08728469847A1680029B5D1C0E70D
:107BB0002846194690472046BDE8F087E575020043
:107BC00081682DE9F0470568044669B1284E2B68A5
:107BD0000A685B68A260B34208463DD135F092FC6A
:107BE000A1680029F3D12568238E04F10C0903B3A1
:107BF0000027E36ADFF878A0B8460BE035F082FC96
:107C0000E36AC6F80080218EC6F804800137BAB254
:107C100091420FD9BEB203EBC6067168084600292F
:107C2000EFD02B685B685345E8D028469847E36A55
:107C3000E7E7E36A00214FF6FF7299452186A286A5
:107C400007D02A680A4952688A420BD1184635F093
:107C500059FC2046BDE8F08728469847A1680029CE
:107C6000B5D1C0E72846194690472046BDE8F087C1
:107C7000E57502002DE9F84F074635F001FC314D5E
:107C8000DFF8CC90DFF8CCB0DFF8CCA0064645F0AA
:107C90000105D9F800301C68204638F071FF034612
:107CA0004FF003084FF4FA406BB9B8F1010F3CD024
:107CB000A847204638F064FF034608F1FF384FF428
:107CC000FA40002BF1D0DBF80030D3F800804046BA
:107CD00038F056FF034603244FF4FA405BB9012CF9
:107CE00023D0A847404638F04BFF0346013C4FF4F1
:107CF000FA40002BF3D0144B1B68D3F800804046A9
:107D000038F03EFF034603244FF4FA405BB9012CE0
:107D10000BD0A847404638F033FF0346013C4FF4F0
:107D2000FA40002BF3D0BDE8F88F35F0A9FB801B9B
:107D3000B842F8D2054B0A20C3F800A635F0ACFBD8
:107D4000A7E700BFF0E60600DC600020000001406D
:107D5000D4600020D86000203546526E30B5434BC9
:107D6000434C93F8302093F82E0093F82D1093F89D
:107D70002F5095B0049293F82C20CDE90205CDE95F
:107D8000002107A85B8D3B4A182141F0ADF920681E
:107D900000284DD01CF082FE374D03462068002B92
:107DA00018BF1D461CF0AAFE07A9236810900022E8
:107DB00032480D9132490F95CDE911220E90139161
:107DC000002B3FD018461CF095FE00283ED12068BD
:107DD0001CF07AFE002839D01FF026FC2368119091
:107DE000002B31D018461CF085FE00282CD12068CD
:107DF0001CF06AFE40B31FF065FC0446214A224B8A
:107E0000126800924FF480610DAA204812940FF07E
:107E1000D7FB00211E4820F003FE1C491C484FF4EC
:107E2000806220F0C7FF1A4820F060FF15B030BD17
:107E30001248114A174B1249139107ACCDE90D4076
:107E4000CDE90F23002311930024D7E720680028F1
:107E5000F8D01CF04FFE28B120681CF047FE18B186
:107E600020F034F92368BAE72368B8E738E0002047
:107E700060DD002018C9060008C9060094610020D2
:107E8000746100205CF00020BCE00020F8C30020FA
:107E90007CDD002034FF060010B5134C2068B8B11B
:107EA0001CF028FEA8B120681CF020FE20F00CF980
:107EB0000E4A1368B3F57A7F0ADA48B10C490C68A8
:107EC000844205D00B4C086044F823000133136052
:107ED00010BD20681CF0F8FD0028F9D020681CF0C7
:107EE000F3FD1FF09FFBE3E760DD00205CF0002066
:107EF0006CF00020BCE000202DE9F04705468068CA
:107F00002F6860B1284C3B6802685B68AA60A34296
:107F10002AD135F0F7FAA8680028F4D12F682B8E03
:107F200005F10C093BB30026EB6ADFF87C80B24612
:107F30000BE035F0E7FAEB6AC4F800A0298EC4F82C
:107F400004A00136B2B2914216D9B4B203EBC40414
:107F5000616808460029EFD03B685B684345E8D07C
:107F600038469847EB6AE7E7014638469847A868DD
:107F70000028C8D1D2E7EB6A00214FF6FF7299457D
:107F80002986AA8607D03A68074952688A4205D1ED
:107F9000184635F0B7FA2846BDE8F0873846194646
:107FA00090472846BDE8F087E57502002DE9F047C7
:107FB000038E8146054659F80CABFBB10026C36A17
:107FC000DFF8A080374609E035F09CFAEB6A2760BD
:107FD000298E67600136B2B2914210D9B4B203EB78
:107FE000C404616808460029F1D0DAF800305B6803
:107FF0004345E9D050469847EB6AE8E7C36A002159
:108000004FF6FF7299452986AA860CD0DAF800202F
:10801000144C5268A24221D1184635F073FA042359
:10802000C5F82C906B86A8682E6800232B7158B178
:108030000C4C336802685B68AA60A34206D135F035
:1080400061FAA8680028F4D1BDE8F08701463046FF
:108050009847A8680028ECD1BDE8F087194650463B
:108060009047DCE7E57502002DE9F0418B8E4FF675
:10807000FF72934282B00C46054616D0CA6AD909EF
:1080800002EBC10203F07F01526832F83100A08692
:1080900002EBC10200204FF6FF71107128462A60E2
:1080A000AB80D18002B0BDE8F081098E276800293D
:1080B00032D1638E002B00F085800123E66A5A4A94
:1080C00023864FF480604FF080083B681B68934222
:1080D00074D135F0FDF9238EE76A7060013B9BB2E5
:1080E00007EBC30100284A6808BF4FF000080020D2
:1080F000A6F80080708022B137F833604888864245
:108100002ED8012100224FF6FF73284621712A60E4
:10811000AB8002B0BDE8F081E66A4B1E9BB206EB75
:10812000C30E3046DEF804202AB1BEF802C036F88D
:108130003380E0451CD8638E994223D03A4A4B1CC9
:108140009BB2B3F5007F00EBC106238615BF4FF449
:1081500080604FF47E704FF080084FF07F08B4E7E6
:1081600000EBC313441C9BB202EBC0024C8091E7AE
:108170000CEBC3130CF101019BB202EBCC02AEF885
:10818000021087E7B3F5007FBBD004F10C025B005F
:1081900096421FFA83F83B6816D024489B688342B6
:1081A0004FEAC80135D1304640F086FF0028A8D0FC
:1081B0001D4A218EE062A4F83280C0E701463846AD
:1081C000984788E7E66AE0E7174A1B6801929342FE
:1081D0004FEAC80022D135F07BF9019A002890D0EF
:1081E000D6F800C07168B368D6F80CE0C0F80CE0AF
:1081F000C0F800C041608360D6F810C07169B369EF
:10820000D6F81CE0C0F81CE0C0F810C041618361E2
:10821000CFE70A46384631469847C7E70146384611
:108220009847019ADAE700BFED750200DD7502009C
:108230002DE9F0418B8E4FF6FF72934282B00C46CF
:10824000054611D0CA6AD90902EBC10203F07F01C9
:10825000526832F83100A08602EBC10228462A603B
:10826000AB8002B0BDE8F081098E2768002932D1C9
:10827000638E002B00F085800123E66A594A23862D
:108280004FF480604FF080083B681B68934274D1C4
:1082900035F01EF9238EE76A7060013B9BB207EB55
:1082A000C30100284A6808BF4FF000080020A6F864
:1082B0000080708022B137F83360488886422ED81B
:1082C000012100224FF6FF73284621712A60AB80FE
:1082D00002B0BDE8F081E66A4B1E9BB206EBC30E0E
:1082E0003046DEF804202AB1BEF802C036F83380EA
:1082F000E0451CD8638E994223D03A4A4B1C9BB26E
:10830000B3F5007F00EBC106238615BF4FF48060F4
:108310004FF47E704FF080084FF07F08B4E700EB19
:10832000C313441C9BB202EBC0024C8096E70CEBDB
:10833000C3130CF101019BB202EBCC02AEF80210A8
:108340008CE7B3F5007FBBD004F10C025B009642D2
:108350001FFA83F83B6816D023489B6883424FEA94
:10836000C80135D1304640F0A7FE0028A8D01D4AEC
:10837000218EE062A4F83280C0E701463846984773
:1083800088E7E66AE0E7174A1B68019293424FEAE2
:10839000C80022D135F09CF8019A002890D0D6F878
:1083A00000C07168B368D6F80CE0C0F80CE0C0F803
:1083B00000C041608360D6F810C07169B369D6F817
:1083C0001CE0C0F81CE0C0F810C041618361CFE739
:1083D0000A46384631469847C7E701463846984727
:1083E000019ADAE7ED750200DD7502002DE9F84328
:1083F00007464068BD68032D884600F1080613D87B
:108400005FFA85FC002D77D00CF1FF3456FA84F426
:10841000C31D002213F8011F002908BF42F001020A
:10842000A342F7D1002A40D000237355D7F800901B
:10843000BE68D9F80830A3B106F1070C8444DA8885
:1084400096420BD13EB3C21DDC1D01E0944522D003
:1084500012F8011F14F8015FA942F7D01B68002B26
:10846000EDD1B6F5803F7D68D9F8004034D223685D
:1084700028489B68834206F1090140D1284640F014
:108480001BFE034643B33A68DE8091681960002101
:108490009360796002E09A8801329A800522C8F8D8
:1084A000003088F80420BDE8F883022388F80430FF
:1084B000037A88F80030BCF1010F08D0437A88F8BD
:1084C0000130BCF1020F02D0837A88F80230002319
:1084D00008F80530BDE8F88323680F4A5B689342CB
:1084E00013D02946204698473A6800239268012114
:1084F00089F804101A60FFDE02230B71E7E70A46D1
:108500002046294698470346BCE7284634F0FAFF40
:10851000EAE700BFDD750200E57502002DE9F047CE
:1085200045684DB18368EA88934204460E4605D0FB
:108530001D440133A3602E72BDE8F0875B00D0F8C4
:1085400000905F1CB7F5803FD9F8008012D2D8F8B0
:1085500000201549D2F808A08A4503F10A021CD16F
:108560001146284640F0A8FD20B1C780A36860608E
:108570000546DDE7D8F800300C4A5B68934208D125
:10858000284634F0BFFF0122002389F804206360ED
:10859000D2E7294640469847F5E729464046D04766
:1085A0000028E2D1E6E700BFDD750200E5750200B4
:1085B00003792DE9F0470C46D907054637D4DA068A
:1085C00024D413F0600F1DD02E884FF6FF77BE42E3
:1085D00015D0E36AF20903EBC20306F07F09D3F872
:1085E000048008EBC900B246C6882146FFF7E0FFC9
:1085F000A38E28F83930BE42A4F834A0E9D14FF058
:10860000FF332B6000232B71BDE8F0872A884FF6DB
:10861000FF718A4237D0E16AA68ED00901EBC00112
:1086200002F07F00496821F83060A286C9E7A0689F
:108630002A6826680028C2D0824216D00146006807
:108640000028BCD08242F9D18288013A92B282805D
:10865000002AB4D103680B6033680C4A5B6893420C
:108660000CD134F04FFF2B79A9E78288013A92B2FE
:108670008280002AA3D10368A360EDE7014630465B
:1086800098472B799BE700231B80FFDEE5750200EE
:108690002DE9F04F0E46097885B02B29009000F0A7
:1086A000FD802D2940F0B8807178012001900644AA
:1086B000A1F13000C0B2092800F2B680DFF8F893CB
:1086C000C0B20021002400254FF0993816F801BFF0
:1086D0002418ABF13007FFB241EB05054FEA850ED8
:1086E000092F6FEA07024FF0FF334FEA840C4EEA7E
:1086F000947EF8B24FF0000100F21E81A94508BF38
:10870000A0450BD31CEB040C4EEB050E1CEB0C042C
:108710004EEB0E05AB4208BFA242D7D24FF0000A83
:108720000023204629460A223FF00AFBA946A0461C
:108730001FFA8AF3B9F5200F03F1010A08BFB8F157
:10874000000F04460D460FFA8AFAE9D2092F0BD81A
:1087500002339B1B06EB030A16F801BFABF1300294
:10876000092A0FFA8AFAF5D9BBF12E0F00F0B6806C
:108770000BF0DF03452B60D0BBF1000F56D10AF19F
:1087800026034C2B00F2FC80002D08BFB4F5000F2F
:1087900080F0F68007EE904ABAF1000FF8EEE77A23
:1087A00040F36481BC4B1AF0010F1CBF93ED007ABB
:1087B00067EE877A5FEA6A0223D0D00744BF93ED61
:1087C000017A67EE877A5FEAAA021AD0D10744BF1E
:1087D00093ED027A67EE877A5FEAEA0211D0D20758
:1087E00044BF93ED037A67EE877A5FEA2A1A08D0CE
:1087F000BAF1010F0CBF93ED047A93ED057A67EEA1
:10880000877A019B0BB1F1EE677A009A0123C2EDE2
:10881000027A137010460DE000200190A1F13000A3
:10882000C0B209287FF64AAF2E2953D0009A002300
:108830001370104605B0BDE8F08F96F801B0BBF19B
:108840002D0F36D0BBF12B0F00F0F080ABF13003D1
:10885000DAB2092A06F101068ED80AEB0302B2F554
:108860009A7F00F3D780002706E002EB400303EB7A
:108870000A02B2F59A7F79DC16F801BFABF130023B
:10888000D1B2092903EB8300EFD9002F40F0C78054
:108890009A44BBF1000F3FF472AFC7E77178002034
:1088A0000190A1F13000C0B2092806F10106BBD841
:1088B00004E796F802B0ABF13003DAB2092A06F108
:1088C00002063FF659AF0AEB0302B2F59A7F4FDC7E
:1088D0000127D1E7002400254FF0000A96F801B0E7
:1088E000ABF13000C0B2092806F101063FF640AFF7
:1088F0006A4B4FF099329D424FEA850108BF94427E
:108900004FEA840741EA94710ED23F1945EB010109
:1089100017EB070841EB01090AF1FF3A18EB0004D5
:108920000FFA8AFA49F1000516F801BFABF13000E1
:10893000C0B20928DFD91BE7BBF1000F40F0D2809D
:10894000019B8BB1B5F1004F08BF012CBFF4E6AE1F
:10895000644265EB45050223009A1046C2E90245D0
:10896000137005B0BDE8F08F0323F5E7002F51D059
:1089700000994FF00042012308468A600B7059E7C6
:10898000204629463EF050FDBAF1000F79DD444CF7
:108990001AF0010F7AD15FEA6A032DD0DF0700F1E8
:1089A0008D805FEAAA0327D0DE0700F18C805FEAA2
:1089B000EA0321D0DD0700F18B805FEA2A131BD088
:1089C000DA0700F18A805FEA6A1315D0DB073ED42C
:1089D0005FEAAA1310D0DF073ED45FEAEA130BD098
:1089E000DE073ED45FEA2A2306D0DD0744D45FEADF
:1089F0005A231CBF2B490020019B13B101F10043F6
:108A00001946009A0423C2E902011046137005B00A
:108A1000BDE8F08F019B0020BBB12349F1E7AAEB31
:108A2000030ABBF1000F3FF4AAAEFFE696F802B0CE
:108A3000ABF13003DAB2092A06F102067FF60DAF78
:108A4000BBF1000F3FF49BAEF0E61849D9E7D4E93B
:108A50000A233EF01FFDBBE7D4E90C233EF01AFDCC
:108A6000BBE7D4E90E233EF015FDBBE7CAF1000ACF
:108A70003FF4C7AE0E4B96E6D4E910233EF00AFD54
:108A8000B5E7CAF1000AB7D00A4C81E7D4E9002360
:108A90003EF000FD7FE700BF14D906009999010060
:108AA00078D906000000F87F0000F0FF0000F07F9A
:108AB000FCD8060030D9060099999919D4E9022307
:108AC0003EF0E8FC6DE7D4E904233EF0E3FC6EE7FA
:108AD000D4E906233EF0DEFC6FE7D4E908233EF03C
:108AE000D9FC70E7B5F5801F08BF002CBFF416AEA7
:108AF0004FF0000A38E600BF10B50E4C2068B8B140
:108B00001BF0F8FF38B920681BF0DEFF18B1BDE894
:108B100010401EF06DBD206850B11BF0EBFF38B166
:108B200020681BF0E3FF18B1BDE810401FF0B0BA99
:108B3000002010BD60DD002010B50E4C2068B8B1DB
:108B40001BF0D8FF38B920681BF0BEFF18B1BDE894
:108B500010401EF051BD206850B11BF0CBFF38B162
:108B600020681BF0C3FF18B1BDE810401FF094BA95
:108B7000002010BD60DD002070B5224D224C2B7806
:108B8000002B34D0237C002B2FD1204C36F07CFDE1
:108B90002068012110F0A8F808B1002323601C4EC2
:108BA00036F07CFD1B4B306800241C702C7010B11B
:108BB00036F0B8FF3460184B1849194D194A1A4855
:108BC0001A4E00241C701A4B0C702C601460046048
:108BD0002146184834704FF0FF354FF47A621D601B
:108BE0003FF08CFB144B1C6070BDFFF7B7F8237C83
:108BF000002BCAD0114820F079F810481FF06AFB0A
:108C0000C3E700BF220101206CDD002064DD0020ED
:108C100060DD002084DE002021FD0020B8E000207F
:108C2000B4E000205CF000206CF000208401012002
:108C30001C610020BCE00020800101207CDD0020C0
:108C400008B5214B1B78002B30D0204B1B78042B10
:108C500002D11F4B1B784BB334F012FC1D4A1E4B44
:108C60001268801A984221D91C4B93ED007AF0EEDD
:108C7000007AB4EEE77AF1EE10FA1FDA184B1A78A0
:108C8000AAB134F0FDFB174B1A684EF65F23801A29
:108C900098420BD9FFF770FF134A1449136803F584
:108CA0009C5308334FF0FF301360086008BD012269
:108CB0001A7034F0E5FB0B4B186008BD0849094AEF
:108CC00000230B70136008BD21FD002068BF002049
:108CD00085E0002024FD00201FBF0200B0E000203E
:108CE000B8E00020B4E00020F8DD0020186100208A
:108CF00070B51C4D8AB0002428460894CDE9024482
:108D0000CDE90444CDE90644CDF8234028F088F8A5
:108D100002462846019228F085F81F26019A01464E
:108D200002A83FF0C3FA02A93246284628F07CF890
:108D30003C352146324602A83FF0E0FA284628F0AA
:108D40006FF80190284628F06DF8019A014602A8B4
:108D50003FF0ACFA324602A9284628F065F80AB07E
:108D600070BD00BFC4430120284B294A294870B573
:108D7000C3F800261AF090FA0021042037F05EFEB6
:108D800001210520244D37F059FE092445F0010545
:108D90000021052037F0D6FE4FF4A070A84701212E
:108DA000052037F0CFFE4FF4A070A847013CEFD16B
:108DB0000121042037F042FE2146042037F0C2FE94
:108DC0004FF4A070A8470121052037F0BBFE4FF4F7
:108DD000A070A8470D4C0E4E0121042037F0B2FEC2
:108DE0004FF4A070A8470B48C4F800661AF0DAF9EF
:108DF0000A4908481AF032FA0948C4F80066012204
:108E00003C212DF04BFAC4F8006670BD0000014013
:108E10003546526EA42C0120F0E60600801A0600AA
:108E2000A0DD00202DE9F047544E554D3768D7F8A6
:108E30000080404637F0A4FE034645F001050324B8
:108E40004FF4FA405BB9012C74D0A847404637F084
:108E500097FE0346013C4FF4FA40002BF3D0012368
:108E60007B71484F464DD7F80080D8F800904846AF
:108E700037F086FE034645F0010503244FF4FA401F
:108E80005BB9012C66D0A847484637F079FE034607
:108E9000013C4FF4FA40002BF3D0012388F8053051
:108EA000DFF8EC90364DD9F80080D8F800A0504695
:108EB00037F066FE034645F0010503244FF4FA40FF
:108EC0005BB9012C22D0A847504637F059FE034623
:108ED000013C4FF4FA40002BF3D0012388F8053011
:108EE00033681B793BB1284A136803F59C53083358
:108EF0001360BDE8F0873B681B79002BF3D1D9F8EC
:108F000000301B79002BEED1BDE8F08734F0B8FAC1
:108F100098F80530002BE3D01C4BD8F808201B68CC
:108F2000801A9842DCD334F0ABFAA8F80440C8F8B1
:108F30000800D5E734F0A4FA7B79002B91D0134BCD
:108F4000BA681B68801A98428BD334F099FABC80B7
:108F5000B86086E734F094FA98F80530002B9FD07B
:108F60000A4BD8F808201B68801A984298D334F02E
:108F700087FAA8F80440C8F8080091E7D4600020F8
:108F8000F0E60600D8600020F8DD0020C860002070
:108F9000DC600020424B1B682DE9F0411E68414D0A
:108FA000304637F0EDFD034645F0010503244FF44C
:108FB000FA405BB9012C0BD0A847304637F0E0FDF2
:108FC0000346013C4FF4FA40002BF3D0002600E0AA
:108FD0002646354B334D1B681F68384637F0D0FDA9
:108FE000034645F0010503244FF4FA405BB9012C18
:108FF0000BD0A847384637F0C3FD0346013C4FF479
:10900000FA40002BF3D0002500E02546274B254FE2
:109010001B68D3F80080404637F0B2FD034647F0A6
:10902000010703244FF4FA405BB9012C0AD0B8477A
:10903000404637F0A5FD0346013C4FF4FA40002BB3
:10904000F3D000249EB11A4E3378DBB165B1194DCF
:109050002B78F3B124B1184C23785BB1BDE8F081D3
:10906000154B1C70BDE8F081124B1D70F2E7104BE0
:109070001E70EBE734F004FA104A012310602370ED
:10908000BDE8F08134F0FCF90D4A01231060337023
:10909000DCE734F0F5F90B4A012310602B70D9E7B7
:1090A000D4600020F0E60600D8600020DC600020DC
:1090B00041DD002048DD002050DD002054DD00208F
:1090C00044DD00204CDD002038B50F4A0F4B1268FC
:1090D00019688A4215D00E491A6000230B600122DC
:1090E0000C4C0D4B204600251A70E5762CF040FE06
:1090F000204601212CF068FB4FF00113C4E9045312
:1091000038BD0022ECE700BF1861002074F0002099
:10911000A8FA0020A0DD002028FD00201A4A1368CC
:109120000C2B28D00B2B15D0083312D0174B184915
:1091300093ED007A0B68F1EE047AB4EEE77AF1EE83
:1091400010FA03F59C5394BF0920082008331060DF
:109150000B6070470F4B10491A680B68013A9A422E
:109160000B4A14BF013300230B60136803F59C53B3
:1091700008331360704706490B6803F59C530833A6
:109180005A200B601060704718610020B0E000208A
:10919000F8DD00206861002068DD00200378462BA0
:1091A00001D00020704710B54378572B044621D1D9
:1091B0001149082240F093F808B9012010BD0F4969
:1091C0000622204640F08BF80028F6D00C492046B5
:1091D00040F05AF80028F0D00A49204640F054F8F0
:1091E0000028EAD00849204640F04EF8B0FA80F056
:1091F000400910BD002010BD38C9060044C9060052
:109200004CC9060054C906005CC906002DE9F043AC
:109210005E498DB00822044640F061F800284CD128
:109220005B4F3B7803F0FF06002B51D108342046FA
:109230002C2140F01CF800284AD000F101094846D2
:109240002C2140F014F80546002841D020460A227F
:10925000314640F08DFFA5EB0903082B80464AD12B
:10926000D9F80000D9F8041002AB03C302A801A981
:109270008DF810600EF0EEF800283CD008F1FF33B6
:10928000B3F5A02F56D26878013590B1DFF844913C
:109290006E2640F077FF0446304640F073FF84426C
:1092A00007D115F8010F002854D019F8016B002ED2
:1092B000EFD13848FEF768F90DE03749062220461D
:1092C00040F00DF850B9324B1B78012BDDB218D0AD
:1092D0003248FEF759F90DB0BDE8F0833049204619
:1092E0003FF0D2FFC8B92A4B1B78022BF0D12D4B8F
:1092F00001221A70EFE72C48FEF746F90DB0BDE8E1
:10930000F08301460A22A01D40F032FF274B1B6864
:1093100083420FD1264B1D70DDE7264920463FF0E2
:10932000B3FF68B91A4B1B78032BD1D1224B012212
:109330001A70D0E72148FEF727F90DB0BDE8F08399
:109340001F4920463FF0A0FF0028C4D11D4B012239
:109350001A70C0E799F80030002BAAD1134B1A4AB3
:109360000198C3F8008005A901233B7010600EF03E
:109370003BF8164A05AB08A810213FF0B5FE08A936
:1093800082B2134828F080FBA5E700BF38C9060069
:109390000CAF002078C9060044C9060064C9060065
:1093A0004CC90600756A00206CC90600946B002049
:1093B000E069002054C90600926B002070C90600C5
:1093C0005CC90600916B00207C6A002080C9060001
:1093D000DCDF00208DC9060085490978012900D00D
:1093E00070472DE9F0411C46CBB282499CB00B700E
:1093F0001546002141220BA83EF080FF402C22465A
:10940000294628BF40220BA83EF050FF0BA83FF092
:109410005EFF431E70B10BAA774E1A4412F8011971
:109420000A39C9B226FA01F016296FEA000003F1E1
:10943000FF3310D9714E3378BBB171490BA80522A7
:109440003FF04DFF50BB062C28D86E4B01221A70FE
:109450001CB0BDE8F08110F00100EBD1591C507038
:10946000DCD1664E3378002BE7D1674F3B78022B77
:109470007AD0402C00F28980644904220BA83FF086
:109480002EFFB0B9624C237803F0FF05002B52D0B9
:1094900060496148042228F0F7FAD9E75F4E338823
:1094A00014FA83F3B3F5805F50DD5D4B01221A702F
:1094B000CEE75C4904220BA83FF011FFD8B15A490E
:1094C00007220BA83FF00BFF002840F0CD809DF84D
:1094D0003330202B0DF1330003D110F8013F202B46
:1094E000FBD018210EF08CFA98B950495048092247
:1094F00028F0CAFAACE79DF83030202B0CA803D135
:1095000010F8013F202BFBD018210EF079FA00282B
:109510003BD03F4C237803F0FF0563B13D494448FD
:10952000042228F0B1FA93E7394C237803F0FF05C1
:10953000002B40F022813F4B40220BA918463FF000
:10954000E0FE012280F84050227081E73A4B3088DB
:10955000294613FA80F022463EF0A8FE338814FA1A
:1095600083F39BB2338073E7082C14D833490BA8DC
:109570003FF08AFE20B132490BA83FF085FE50B97A
:1095800021460BA8FFF742FE62E72E492848052234
:1095900028F07AFA5CE73B78022B7FF459AF2A4B2C
:1095A0001A7802F0FF00002A7FF452AFDFF8B08093
:1095B000264AD8F8007012682744974200F2B28019
:1095C000234A244ED2F800C0318814FA81F1B1F553
:1095D000805F40F2AD80DFF88CC0DCF80010013114
:1095E00000F0B8801C4A1D49116001221A702FE753
:1095F00084DC00202E8C002009004000287C002004
:1096000098C90600758E00200CAF0020B0C9060076
:10961000906B0020D0CD060014DF00202C8C0020A1
:10962000CB7B0020B8C90600C0C90600C8C9060027
:10963000DCDF0020346A00202C7C00204CC90600AE
:109640005CC90600A8C906000BAF0020946B00207F
:109650009CBF0020A0BF0020786A0020A0C906009F
:10966000B87B0020B86000207F490BA83FF00CFEBB
:1096700000284AD07D4905220BA83FF030FE002883
:1096800043D07B4905220BA83FF029FE00283CD09F
:1096900078490BA83FF0F8FD002836D076490BA892
:1096A0003FF0F2FD00283FF43FAF744905220BA8BC
:1096B0003FF015FE002866D0714905220BA83FF047
:1096C0000EFE00286DD13378002B56D16D4B1C78DF
:1096D000002C52D10DF1310018210EF091F9002823
:1096E00059D0694B694D0DF13101184618223FF0F0
:1096F00008FE034666496748674A1C7601232C80AA
:1097000004700C7013703370A2E6644C237803F07D
:10971000FF050BB9624B0FE762496348052228F049
:10972000B3F995E6614A6249116001221A708FE629
:10973000604B03EB0C333088294613FA80F0224645
:109740003EF0B4FD3388C8F8007014FA83F39BB27E
:1097500033807DE63188DFF880E1564B89B2AEF880
:1097600000101168CCF80010116881F0010111603F
:109770003080126803EB0233DDE74F494A48092283
:1097800028F082F964E618210DF131000EF038F965
:1097900000287FF4C9AE494943480D2228F074F9E6
:1097A00056E6474905220BA83FF099FDB8B9454C4C
:1097B000237803F0FF05002BDFD10DF131001821D4
:1097C0000EF01EF90028E6D03F4B18220DF13101B2
:1097D00018463FF096FD01220576227038E63B4997
:1097E0000BA83FF051FD30B10BA8FFF7D7FC0028C4
:1097F0003FF42EAEC4E6364B18683DF0F3FD03AEE1
:1098000004460D4645EC104B32460221042033F04D
:1098100021FE11A3D3E90023204629463DF082FC16
:109820000FA3D3E900233DF035FE3EF0E3F86428B2
:10983000A8BF642020EAE073264A0096182105A8F4
:109840003FF052FC05A83FF042FD05A982B2164840
:1098500028F01AF9FCE500BF6666666666660A408F
:10986000721CC7711CC75B40D4C90600DCC9060066
:10987000E4C90600ECC90600FCC9060010CA0600CF
:1098800028CA060085DC0020788E00202C8C002061
:10989000758E0020CB7B0020CC7B0020368C0020F6
:1098A000DC7B0020F4C90600DCDF0020786A0020A1
:1098B00070C90600948E002004CA060018CA06006B
:1098C00030CA0600388E00205C8E002038CA0600A0
:1098D00064F0002040CA0600D4690020124B1349EE
:1098E0000122002030B45A600325DA600424C3F852
:1098F000040541F28830C3F80855C3F810454FF409
:109900008035C3F8400560244FF08060C3F8002222
:10991000C3F8045381F81A43C1F880010860044970
:1099200030BC0A701A60704700A0014000E100E0FE
:10993000A96B002070B5304C304D314882B00EF02C
:1099400085F840F24C43032201212E48C4F800560A
:1099500018F0D4FD2C4BC4F8005640F24C46197850
:10996000284840F24C43032219F062FB334603229D
:1099700004212448C4F8005618F094FEC4F8005698
:109980000323002201211F48009618F0CDFEC4F8E1
:1099900000560323012200211A48009618F0C4FE45
:1099A000C4F800560323022200211648009618F03E
:1099B000BBFE03231A46C4F8005600211148009646
:1099C00018F0B2FEC4F80056032300210D4800969B
:1099D000062218F0A9FE0D4BC4F80056197809B1FB
:1099E00002B070BD33460322064819F0C1F9C4F82D
:1099F000005602B070BD00BF000001403546526EF7
:109A0000986B0020B0FA002024610020256100201E
:109A1000104A114B114810B50021114C11704FF430
:109A20007A62196021603EF069FC0E48037C6BB9D4
:109A30000D4C35F029FE206802210FF055F908B1D0
:109A400000232360BDE8104035F028BE10301EF022
:109A500041FCEDE7200101206CF00020BCE000207B
:109A60005CF000202CFD002064DD00202DE9F04397
:109A70000024BBB0374B049401464FF47A7522465C
:109A800007A8ADF81C408DF81E40059503931EF005
:109A90005FFE20B9002528463BB0BDE8F0832E4983
:109AA0004FF4806207A81EF0B3FE064607A81EF01A
:109AB00011FCB6F5806FEDDB284E009502A90191EF
:109AC00025480294334610AA4FF480610DF038FE09
:109AD00005460028DFD0224BDFF89880214FDFF8C1
:109AE000989010A9184617223FF00BFC03461F223E
:109AF000404616A9DC753FF004FC88F81F40384644
:109B0000DFF878801F221EA93FF0FBFBFC770F22B5
:109B1000154F26A948463FF0F4FB0F222AA94046DC
:109B200089F80F403FF0EDFB0F2238462EA988F848
:109B30000F403FF0E6FB029A0C4BFC731A6012B127
:109B4000013A56F822200A4B28461A603BB0BDE87D
:109B5000F08300BF94D80600F8BF0020BCE00020CE
:109B60002CDE00200CDE002064DE00205CF00020F3
:109B70006CF0002044DE002074DE0020FCDD0020BC
:109B800070B50C4E054635F07FFD306829460FF064
:109B900093F8044620B935F081FD3368204670BD46
:109BA000294630680FF098F8306035F077FD204690
:109BB00070BD00BF64DD002010B5084C82B001907C
:109BC00035F062FD206801990FF08EF808B100238E
:109BD000236002B0BDE8104035F060BD64DD0020B8
:109BE00030B5204B1C788BB004BB05460320FFF733
:109BF000C7FFD8B11C49ADF8044001A823462A4646
:109C00008DF806401EF09CFDB8B11749ADF8044030
:109C10002A46012301A88DF806401EF091FDB0B937
:109C200012491348072227F02FFF0BE01149104873
:109C3000042227F029FF0BB030BD0F490C48092240
:109C400027F022FF0320FFF7B7FF0BB030BD01A8BC
:109C50001FF0E6FD0028E3D008490548072227F059
:109C600013FFEFE785DC0020486500204CCA0600A2
:109C7000DCDF0020D0CD0600C8C9060054CA0600AB
:109C8000F8B51649164C174A174F184E184D194873
:109C900000233B70337023700B70174C13701749FF
:109CA000174A2B70174D236013600B80164C174911
:109CB000027C2B604FF0FF3525600B804AB9144CB5
:109CC000237803B9F8BD0320FFF776FF0023237044
:109CD000F8BD10301EF0FEFAF1E700BF926B0020D5
:109CE000756A0020916B00200CAF0020E069002015
:109CF0000BAF002094AE00209CBF0020A0BF00202E
:109D0000786A0020B87B0020B8600020D469002069
:109D100064AF0020F0B52E4B1C68BDB01CB9032009
:109D2000FFF72EFF30B92B492B480C2227F0ACFE51
:109D30003DB0F0BD2346294D294A2A49019404A883
:109D40004FF47A76ADF810408DF8124002960095E7
:109D50001EF0F6FC9DF8103083B3234F1E4E02E038
:109D600011A81EF0B7FA4FF47A73002204A911A8C3
:109D70000F930E94ADF844408DF846400D951EF0BB
:109D80001DFF9DF84430B3B113F0D00FE8D11AA9EC
:109D9000402211A820F068F91AAB3A462AA84621B9
:109DA0003FF0A2F92AA982B2304627F06DFE0A20C0
:109DB00033F072FBD4E704A81EF08CFA0320FFF7FF
:109DC000FBFE0A490448042227F05EFE3DB0F0BDC8
:109DD00064DD00205CCA0600DCDF002094D80600A9
:109DE0006CCA06004865002080CA060078CA0600D2
:109DF0002DE9F0473B4B1C68ADF5287D24B90320C5
:109E0000FFF7BEFE054640B937493848042227F01F
:109E10003BFE0DF5287DBDE8F0872346344E354ADC
:109E2000354904944FF47A7707A8ADF81C408DF8B3
:109E30001E40059703961EF083FC9DF81C30002BF6
:109E40004BD0DFF8C090DFF8C0802C4F02E014A8A0
:109E50001EF040FA00224FF47A7307A914A8CDE946
:109E60001062ADF850208DF8522012931EF0A6FE1D
:109E70009DF8504014B314F0D004E8D10DF1740AE9
:109E800051464FF4807214A820F0EEF81B9A01920C
:109E9000002D14BF4B4643463A464FF49671CDF819
:109EA00000A05DA83FF020F95DA982B20F4827F01D
:109EB000EBFD0A2033F0F0FA2546C8E707A81EF0AC
:109EC00009FA0320FFF778FE0D490848032227F01E
:109ED000DBFD0DF5287DBDE8F0870320FFF76CFE64
:109EE00092E700BF64DD0020D0CD060014DF002023
:109EF00094D80600FCC806004865002090CA0600F9
:109F00009CCA060034FF06008CCA0600F0B52E4E2F
:109F1000337C8FB00446002B51D10320FFF730FE75
:109F2000002845D000272246284C294901943B4669
:109F30004FF47A7505AC05A803950297ADF8147037
:109F40008DF816701EF0FCFBA446BCE80F00214DF6
:109F5000029C74600FC5BCE80F000FC5DDE903214A
:109F6000337CDCF800002860C6E90221B3B11A484E
:109F7000F36A1A4A1A490360012017600870194AE7
:109F8000202101A83FF0B0F801A83FF0A0F901A9F5
:109F900082B2154827F078FD0FB0F0BD0320FFF71F
:109FA0000BFE12491048052227F06EFD0FB0F0BDE0
:109FB0000F490D48042227F067FD0FB0F0BD06F1F0
:109FC00010001EF087F9A8E744DC002094D80600B2
:109FD0004865002054DC002078DC00203CDC0020B8
:109FE00085DC0020A0CA0600DCDF0020A8C906002E
:109FF000D0CD0600000000002DE9F0438A4C8B4ACA
:10A0000094F828302DED0A8B0021ADF5217D1170DB
:10A01000002B00F08B80864D2E6836B3854B94ED77
:10A02000042A1978D4ED052A94ED000B94ED021B57
:10A03000002940F0D98030468DED101B8DED0E0BC0
:10A04000CDED132A8DED122A1AF0DEF99DED101BCD
:10A050009DED0E0BDDED132A9DED122A28681AF0F6
:10A060002BFB94F82830002B60D0734B1B78002B0F
:10A070004AD0DFF8D88198F80030002B44D06F4FD9
:10A080003B78002B5BD020693DF0ACF902460B46D3
:10A09000A06943EC182B3DF0A5F902460B46606918
:10A0A000D4F8249043EC1A2B3DF09CF95CA3D3E93F
:10A0B00000233DF0EFF994ED00CB94ED02BB50ADE1
:10A0C00041EC190B284685ED089B85ED048B85ED49
:10A0D00006AB85ED00CB85ED02BBC5F828900DF0F1
:10A0E000C3FE002840F0BC80554D33F0C9F92A6802
:10A0F00042F21073801A984206D933F0C1F9034630
:10A1000050482B601EF0F2FD60694F4C3DF06AF93B
:10A1100043A3D3E900233DF0BDF93DF0B3FC20603B
:10A120000DF5217DBDEC0A8BBDE8F083424B1B7819
:10A13000002BE9D0454B1B78002BE5D03F4F3B78F7
:10A14000002BE1D194F82930002BDDD0404D33F0C5
:10A1500097F92B68C01AB0F57A7FD5D333F090F910
:10A16000034601202B60FFF70BFD0028CCD094F8AC
:10A170002D2094F82C3094F82F0094F82E10029192
:10A18000CDE900320390334E638D334A502160A8ED
:10A190003EF0AAFF60A906F1100040F201621EF035
:10A1A000D7FA337C002B00F05E8150AD2846402268
:10A1B0000A213EF0A3F806F110084FF480663F2E06
:10A1C00032462946404640F23F8140221EF0F2FDD1
:10A1D000402840F04581403EF1D120491D4832F0F1
:10A1E000BFF901233B708FE794F82F10638E94F82A
:10A1F000302094F82E00CDED132A8DED101B8DED3F
:10A200000E0B8DED122A0DF0B5FC9DED0E0B9DEDA4
:10A21000101B9DED122ADDED132A01460BE700BF4E
:10A220000B410E4A9869F23F38E0002070E00020B0
:10A2300060DD002084E000203001012022010120A7
:10A2400068F000207CDD0020B0E0002084DE0020EB
:10A2500070F000206CDD0020DCCA0600FCCA06009D
:10A2600034AA0821B0EE4C0AF0EE6C0A012033F05B
:10A27000F1F8B0EE4B0AF0EE6B0A3AAA0821012081
:10A2800033F0E8F8B0EE4A0AF0EE6A0A012114AAA7
:10A29000084633F0DFF8B0EE490AF0EE690A2CAA5E
:10A2A0000221012033F0D6F8B0EE480AF0EE680A39
:10A2B00030AA0221012033F0CDF8E0693DF092F898
:10A2C00017AA41EC100B0221012033F0C3F8206AD9
:10A2D0003DF088F81AAA41EC100B0221012033F05E
:10A2E000B9F8654B18683DF07DF81DAA41EC100BDC
:10A2F0000321012033F0AEF8604B18683DF072F88E
:10A3000020AA41EC100B0321012033F0A3F85C4B91
:10A3100018683DF067F823AA41EC100B03210120D7
:10A3200033F098F8012108469FED510B26AA33F02F
:10A3300091F826A80B210DF02DFE002800F08D804D
:10A34000012108469FED4A0B29AA33F083F829A87A
:10A350000B210DF01FFE00287CD034AB46933AABA6
:10A36000479314AB48932CAB499330AB4A9317AB4C
:10A370004B931AAB4C931DAB4D9320AB4E9323AB39
:10A3800046AE4F9356F8040B14210DF003FE00283F
:10A390003FF4AAAEAE42F5D13A4B1B78002B3ED12A
:10A3A0000020014640AA18230DF0FEFC364B374D25
:10A3B0001A68089226A90C9123A90B9120A90A9149
:10A3C0001DA909911AA9079117A9069130A905910C
:10A3D0002CA904913AA9039134A929AB029114A99B
:10A3E000CDE900910D934FF48071294A40AB60A8EC
:10A3F0003EF07AFE60A9284632F022F900287FF468
:10A4000073AE2B7C88F8000038700BB1FDF7A6FC0A
:10A4100020481DF05FFF0120FFF7CEFB64E694F8B3
:10A42000302094F82F30608D618E0291CDE900329A
:10A4300000F5FA6094F82E3094F82D2094F82C1042
:10A4400080B20DF0A9FBADE71EF0B4FCB04207D11D
:10A45000403EB4E6104B29937FE70F4B26936FE7FE
:10A460000C481DF037FF0120FFF7A6FB4CE600BFAC
:10A47000000000000000F87F30D8002034D8002011
:10A4800038D8002084E00020380101206CDD002055
:10A49000ACCA06007CDD00206E616E002DE9F04F35
:10A4A0001F4C85B004F26C4980464F4604F2444B81
:10A4B000A246032501AEFF220023CDF80880ADF8A7
:10A4C0000420039396E80E00384621F06BF894F8C8
:10A4D0007E341348C4F8689401223946BBB920F091
:10A4E00075F860B158461DF0F5FE0E4851461EF055
:10A4F00071F960B10C4B1C6005B0BDE8F08F0346EC
:10A5000002463946064820F061F80028EAD1642066
:10A5100032F0C2FF013DCED1284605B0BDE8F08F34
:10A52000486500208C6900201C31012010B52048AE
:10A53000204A037C002111705BBB1F4A1F4B002483
:10A5400014701C70FFF79CFB1D4A1E4B1E481470B4
:10A5500021461C7026F0A2FC1C4829F009FCF8B921
:10A56000194826F061FD1948002129F0D7FB17484A
:10A57000002129F0D7FB01210C2036F0E3FA144921
:10A58000144A15480023BDE810400B701370FFF704
:10A5900085BF10301DF09EFE0320FFF70DFBCCE7BA
:10A5A0000A4829F019FC0146084829F0FFFBD7E7C3
:10A5B00044DC002038DC002085DC00202E8C0020CC
:10A5C000906B0020368C0020C4430120843D012084
:10A5D00040DC002084DC002080841E00F0B5244D87
:10A5E000244F002387B028463B70FFF757FF0446EF
:10A5F00010B1204607B0F0BD1F4E0495FF23059013
:10A60000ADF80C3006F26C4506AB13E90E00284697
:10A6100020F0C8FF96F87E34C6F86854002BE8D1C5
:10A62000D6F86C3428469B6998470028E1D0D6F8C4
:10A63000681401912346012230461FF0C7FF01999B
:10A6400060B10E481DF046FE0B4901F244401EF079
:10A65000C1F850B10A4B04461E60CAE723462246A1
:10A6600030461FF0B3FF0028EBD101233B70C0E759
:10A6700080841E0021010120486500208C69002093
:10A680001C31012010B58AB000230C4A0C49ADF8EA
:10A69000043001A88DF806301EF052F8044650B977
:10A6A000064A0849ADF8044001A801238DF8064088
:10A6B0001DF01EFF044620460AB010BD6CDA0600ED
:10A6C000486500208C6900202DE9F043B84EB94D53
:10A6D00033782A789A42A1B0D8B200F262812B78FE
:10A6E000C31ADBB2002B00F025812978B24A01F0B1
:10A6F0000F01012B52F82110009100F08D80297874
:10A70000013101F00F01022B52F82110019100F0EC
:10A7100083802978023101F00F01032B52F82110B8
:10A72000029179D02978033101F00F01042B52F8FE
:10A730002110039170D02978043101F00F01052B0D
:10A7400052F82110049167D02978053101F00F01EA
:10A75000062B52F8211005915ED02978063101F0C0
:10A760000F01072B52F82110069155D02978073197
:10A7700001F00F01082B52F8211007914CD02978D5
:10A78000083101F00F01092B52F82110089143D034
:10A790002978093101F00F010A2B52F82110099193
:10A7A0003AD029780A3101F00F010B2B52F8211011
:10A7B0000A9131D029780B3101F00F010C2B52F89E
:10A7C00021100B9128D029780C3101F00F010D2BAD
:10A7D00052F821100C911FD029780D3101F00F0192
:10A7E0000E2B52F821100D9116D029780E3101F060
:10A7F0000F010F2B52F821100E910DD029780F3137
:10A8000001F00F01102B52F821100F9104D02B787A
:10A8100003F00F0352F82330DFF8B0C1DFF8C8E1CE
:10A820009CF800402870013BDBB201AA02EB8307D1
:10A83000DEF80000614A6B46002C40F0EA80107898
:10A8400000F0FF01002840F0A18018680C46043396
:10A85000BB4219D092F800801968B8F1000F40F09F
:10A860009A80A1EB00085648A8F6B839814500F255
:10A87000908020A800EB840904330134BB420846D1
:10A8800049F8408CE4B2E5D10123CEF800008CF801
:10A890000030002C4ED0012C109B39D9119A022C7B
:10A8A000134435D0129A032C134431D0139A042C3C
:10A8B00013442DD0149A052C134429D0159A062C34
:10A8C000134425D0169A072C134421D0179A082C2C
:10A8D00013441DD0189A092C134419D0199A0A2C24
:10A8E000134415D01A9A0B2C134411D01B9A0C2C1C
:10A8F00013440DD01C9A0D2C134409D01D9A0E2C14
:10A90000134405D01E9A0F2C13441CBF1F9A9B188A
:10A9100007EE903A07EE104AF8EE677AB8EE470A6B
:10A92000F7EE000A87EE800A0EF074FA25482146F9
:10A930000EF040FA244B1A781AB1244900220A700A
:10A940001A70234A234B1468DB68D90103D5224BC4
:10A950001A68D2074AD433F0ABFF204B204AA0FB41
:10A960000301830A43EA81531B1B934244D8154ACF
:10A970001C4BD2ED007AB6EE007A77EE877AFDEEC8
:10A98000E77AC3ED007A21B0BDE8F083186814704F
:10A990005DE708465BE74FF00008084682F8008054
:10A9A00055E72A7800F110039B1ADBB29AE600BF44
:10A9B0007C0101207E0101203C010120C6600020B5
:10A9C000C8781E00BC6000207D010120918E00200F
:10A9D00034010120F0ED00E0001000E040420F00E3
:10A9E00020A1070038010120207C00205B680A4A72
:10A9F0009B091B1B9342BAD908480EF0D3F9084BA8
:10AA0000084A0121197033780021DBB22B701170D4
:10AA1000ADE700241EE700BF20A10700BC600020B6
:10AA2000C6600020918E002038B5234D2C782CB9BB
:10AA30004FF08043D3F83834DB0701D4204638BDCB
:10AA40000520FFF79DF80028F8D01C48FFF726FDE9
:10AA500010B91B48FFF722FD1A4BD3F868040368AE
:10AA60009B699847024600B34FF4007316480021D3
:10AA700021F07CFC14480122002121F07FFC1248C7
:10AA800021F08EFC044658B1104821F017FA32200C
:10AA900032F002FD0D4821F013FA01232B70CDE7AF
:10AAA00002460146084821F069FC0548FFF7F6FC1C
:10AAB0000520FFF781F8C1E76A2C012000127A0017
:10AAC00080841E004865002010AF00204431012022
:10AAD000002238B51148124D114621F04FFC32F0DA
:10AAE000CFFC044608E032F0CBFC2B68C01A632888
:10AAF00008D8052032F0D0FC32F0C2FC001BB0F5C3
:10AB00007A7FF0D3074BD3F868040368DB69984772
:10AB1000322032F0C1FCFCF7D5FB00BF10AF0020A3
:10AB2000AC7B0020486500202DE9F04F80468B4625
:10AB300058F8043B98E8070093F83C4093B006AF00
:10AB40000DF12409202C87E8070089E8070062D16D
:10AB50000CAC84E8070094E807000FAC84E8070019
:10AB600000900446002856D01D8F4FF6FF72954284
:10AB700051D0DB6AE90903EBC10105F07F054968A3
:10AB800011EBC50547D01099EE880292481E221895
:10AB90004FF0010A2C46039504963546CDF81480F3
:10ABA00001921E468846BAF1000F11D1029B9D42C8
:10ABB00031D0E80906EBC00005F07F05446814EBCE
:10ABC000C50428D08AF0010AE588BAF1000FEDD05B
:10ABD000207904283CD0052836D002281FD0B8F1AF
:10ABE000000FE3D12A464FF6FF718A423346DDF863
:10ABF0001480DDE903560ED0D00903EBC00002F04B
:10AC00007F02416811EBC20105D00A79111F0129A9
:10AC100025D9022A23D0584613B0BDE8F08F20462C
:10AC20003EF055FB4045C1D1B8F1000FDAD0009B92
:10AC3000013C581E10F8012F14F8013F9A42B5D17B
:10AC4000019B8342F6D1CDE72468E0880834E9E728
:10AC500024682046002CE5D03EF039FBE2E798E876
:10AC600007000CAC84E8070087E8070089E80700C4
:10AC700094E807000FAC84E80700804600283ED027
:10AC8000109C671E0744BB46274654464FF6FF7983
:10AC90009A467CB94E4532D0F3090AEBC30306F05D
:10ACA0007F065D6815EBC60529D084F00104EE88A7
:10ACB000002CEFD02B79042B27D0052B3ED0022B74
:10ACC00038D0002FE6D14FF6FF729642534616D089
:10ACD000F20903EBC20306F07F065A6812EBC60BBB
:10ACE00099D09BF80430042B2CD0052B2DD0022BAF
:10ACF00018BF4FF0000B584613B0BDE8F08F4FF06F
:10AD0000000B584613B0BDE8F08F2D6828460DB1F2
:10AD10003EF0DDFAB842BDD1002FD4D0681E08F154
:10AD2000FF3313F8011F10F8012F9142B2D15B4598
:10AD3000F7D1C8E728463EF0CAFAEBE72D68E88865
:10AD40000835E7E752F836B065E752F8363003F1D8
:10AD5000080B60E72DE9F047056804460E46002918
:10AD600072D008463EF0B3FA8046002D58D02B79B9
:10AD7000202B55D1002E53D02B884FF6FF77BB42A6
:10AD80004ED06268D2F82C90D90909EBC10103F0CA
:10AD90007F024B6813EBC20342D04FF0010ADD88FB
:10ADA000BAF1000F10D1BD423AD0EA0909EBC20254
:10ADB00005F07F05536813EBC50331D08AF0010A13
:10ADC000DD88BAF1000FEED01A79042A35D0052AB1
:10ADD0002ED0022A27D0002004468045E3D1B8F1C6
:10ADE000000F0BD0721E631E02EB080112F8014F18
:10ADF00013F8010F8442D6D18A42F7D14FF6FF7380
:10AE00009D420DD0EB0909EBC30905F07F05D9F888
:10AE1000040000EBC505281E18BF0120BDE8F0871F
:10AE20000020BDE8F08718461C463EF050FAD4E7F3
:10AE30001B68D88803F10804CFE71C682046002C63
:10AE4000CBD03EF044FAC8E788468EE70000000009
:10AE50008368002B00F0F6801A79402A40F0F280D7
:10AE60002DE9F04F1B884FF6FF77BB428FB01CD007
:10AE7000D0E90324D56ADA0905EBC20203F07F03A7
:10AE8000526812EBC30310D0DA881CB912E0013CFF
:10AE9000DA880FD0D109BA4205EBC10102F07F0672
:10AEA00003D04B6813EBC603F1D19FED950B0FB0A8
:10AEB000BDE8F08F143007C81E7901AC84E80700A4
:10AEC000202E04AC84E80700EFD194E8070007AC1B
:10AED00084E807000AAC84E8070082460028E4D032
:10AEE00018884FF6FF77B842DFD0C20905EBC202DF
:10AEF00000F07F03506810EBC300D6D0DDF82C9033
:10AF0000C68809F1FF384FF0010BD044BBF1000FA8
:10AF100010D1BE42C9D0F20905EBC20206F07F0390
:10AF2000506810EBC300C0D08BF0010BC688BBF19A
:10AF3000000FEED00279042A7DD0052A77D0022AAC
:10AF400060D0B9F1000FE4D14FF6FF708642ACD06B
:10AF5000F20905EBC20206F07F03576817EBC30145
:10AF6000A3D00A7912F010040CD037F83340844291
:10AF700000F0C180E00905EBC00504F07F006C68BB
:10AF800004EBC004023A1C2A8FD801A050F822F02A
:10AF90004FB00200ABAE02004BB00200CDB00200D9
:10AFA00097B00200ABAE0200ABAE0200ABAE020047
:10AFB000A5B00200ABAE0200B3B00200ABAE02001F
:10AFC000C1B00200ABAE0200ABAE0200ABAE0200FD
:10AFD000ABAE0200ABAE0200ABAE0200ABAE020005
:10AFE000ABAE0200ABAE0200ABAE0200ABAE0200F5
:10AFF000DBB00200ABAE0200E9B00200ABAE020073
:10B00000D5B0020004463EF062F9484581D1B9F15D
:10B01000000F99D0601E0AF1FF3212F8014F10F8AC
:10B02000011F8C427FF475AF9045F6D18CE7046820
:10B03000E0880834E9E704682046002CE5D03EF0BB
:10B0400046F9E2E79FED2E0B704757F833100AA838
:10B05000FDF71EFB9DF82830013B032B3FF625AF83
:10B06000DFE803F0130C05029DED0C0B1FE7DDE993
:10B070000C013CF0D9F941EC100B18E7DDE90C01AB
:10B080003CF0DAF941EC100B11E70C983CF0AAF90E
:10B0900041EC100B0BE717F833003CF081F941EC61
:10B0A000100B04E757F833003CF07AF941EC100B31
:10B0B000FDE657F833003CF083F941EC100BF6E65F
:10B0C00008683CF08FF941EC100BF0E657F83310AC
:10B0D0000831BCE794ED000BE9E6D4E900013CF04F
:10B0E000A3F941EC100BE2E6D4E900013CF0A4F92D
:10B0F00041EC100BDBE6002444E700BFAFF3008017
:10B1000000000000000000002DE9F04F00F10C02EB
:10B11000034607CAD3E901468FB001AB83E80700B5
:10B12000002C74D093E80700257904AB202D83E828
:10B1300007006CD107AB0AAF83E8070087E8070078
:10B140008246002863D020884FF6FF7840455ED0C5
:10B15000D6F82C90C20909EBC20200F07F035068B8
:10B1600010EBC30053D04FF0010B0B9EC588BBF111
:10B17000000F10D145454AD0EB0909EBC30305F098
:10B180007F05586810EBC50041D08BF0010BC588D6
:10B19000BBF1000FEED00379042B56D0052B50D015
:10B1A000022B39D0002EE5D14FF6FF7085422ED00C
:10B1B000EB0909EBC30305F07F055C6814EBC501DF
:10B1C00025D00B7913F010020DD034F835208242CF
:10B1D00000F09780D00909EBC00902F07F00D9F890
:10B1E000042002EBC002023B1C2B10D8DFE803F066
:10B1F000360F34595D0F0F0F640F6B0F720F0F0F67
:10B200000F0F0F0F0F0F0F0F780F7F0F86009FED9F
:10B210003E0B0FB0BDE8F08F04463EF058F8864272
:10B22000A8D1002EC0D00AF1FF33601E9A1901E0A8
:10B230009A42B9D013F8014F10F8011F8C42F7D091
:10B2400098E70468E0880834E9E70468002CA9D08E
:10B2500020463EF03CF8E2E754F835103846FDF75A
:10B2600017FA9DF82830013B032BD0D8DFE803F014
:10B27000130C05029DED0C0BCBE7DDE90C013CF056
:10B28000D3F841EC100BC4E7DDE90C013CF0D4F835
:10B2900041EC100BBDE70C983CF0A4F841EC100B0E
:10B2A000B7E754F835100831D8E714F835003CF00A
:10B2B00077F841EC100BACE754F835003CF070F82F
:10B2C00041EC100BA5E754F835003CF079F841EC5F
:10B2D000100B9EE708683CF085F841EC100B98E7EE
:10B2E000D2E900013CF0A0F841EC100B91E7D2E963
:10B2F00000013CF0A1F841EC100B8AE792ED000B45
:10B3000087E700226FE700BF000000000000000098
:10B310002DE9F04F85B004AC04E90E00DDF804809F
:10B32000B8F1000F47D000884FF6FF76B04242D008
:10B330000E9BD3F82C90C20909EBC20200F07F03E8
:10B34000506810EBC30036D0029DB0F806B06F1EF7
:10B350004FF0010A4744BAF1000F12D1B3452AD089
:10B360004FEADB1309EBC3030BF07F0B586810EBBC
:10B37000CB0020D08AF0010AB0F806B0BAF1000F75
:10B38000ECD00379042B31D0052B2BD0022B16D017
:10B39000002DE3D14FF6FF739B450CD04FEADB1332
:10B3A00009EBC3090BF07F0BD9F8040000EBCB00CD
:10B3B00005B0BDE8F08F002005B0BDE8F08F044671
:10B3C0003DF085FFA842C9D1002DE3D0601E08F1F1
:10B3D000FF3313F8011F10F8012F9142BED19F4295
:10B3E000F7D1D7E70468E0880834EBE70468204623
:10B3F000002CE7D03DF06BFFE4E700BF2DE9F04102
:10B4000084B0064604A800E90E003068DDE9018733
:10B41000A8B17D1E4544C388BB420DD1002F56D034
:10B4200008F1FF33C21D01E0AB4250D013F8014FC9
:10B4300012F8011F8C42F7D000680028EBD1B7F555
:10B44000803F4AD20A9B2E4A1B681B68934207F131
:10B45000090046D132F03CF800283ED00123C780D5
:10B46000838000F108054FB300F10C0108F10402DC
:10B47000954238BF884507F1FF3336D3072B34D9BF
:10B4800027F00304444443462A4653F8041B42F879
:10B49000041BA342F9D1BA0727F003030ED018F812
:10B4A0000320EA545A1C974208D9023318F80210B4
:10B4B000A9549F4202D918F80320EA5407440023F4
:10B4C0003B7233680360306004B0BDE8F08183886C
:10B4D0000133838004B0BDE8F081002004B0BDE8F2
:10B4E000F08101460A989847B6E74344C21D08F127
:10B4F000FF3818F8011F02F8011F9845F9D1DDE760
:10B50000ED750200437DDBB1037D202B12D8DFE80F
:10B5100003F01F1111111111111111151511111530
:10B52000111111111111111111111111111111110B
:10B530001111150001230373002070470023437588
:10B5400003695A1C02611B78037501224275DCE70E
:10B55000037B002B14BF0220012070472DE9F04F20
:10B56000437D85B00446002B00F0FD80057DDFF8AB
:10B5700078B30022134662750092CBB1267D00237A
:10B58000B54263751DD0002E00F0E9805C2E20D0FE
:10B5900067686FB1A168FB88994200F0B0800F44E2
:10B5A0000131A1603E72637DE7E7C2F309030093B6
:10B5B00023695A1C22611E7826750023B5426375E3
:10B5C000E1D16368002B14BF0020042005B0BDE862
:10B5D000F08F2269511C216111782175012060755D
:10B5E000002900F0BC80752910D0BD4A2F2304E04B
:10B5F00012F8023F002B00F0AE808B42F8D1567853
:10B60000002E00F0A88000236375C1E7911C6375CC
:10B610002161537823756075002B00F0A080402BCA
:10B6200086BF23F02003A3F13701A3F13001C8B294
:10B630000F2800F290800021D31C6175236191785E
:10B64000217501236375002900F08980402986BF98
:10B6500021F0200137393039C9B20F297BD80026B3
:10B66000131D66752361D3782375012641EA001105
:10B670006675002B73D0402B86BF23F02003373B29
:10B68000303BDBB20F2B66D800206075501D206167
:10B690001279227543EA011301211BB26175002A58
:10B6A0005DD0402A86BF22F02002373A303AD2B22B
:10B6B0000F2A50D842EA03139AB202F5205189B2F8
:10B6C0000020B1F5806F1EB26075FFF46EAF02F519
:10B6D00010539BB2B3F5806F4FD37F2A00F2A18045
:10B6E0006768002F3FF464AFA368FA88934200F0C4
:10B6F000DA801F440133A3603E72637D3DE7D4F8D6
:10B7000000A04900DAF8009001F10108B8F5803F87
:10B71000D9F8003012D29B68724A934201F10A01B3
:10B7200040F0A28038463DF0C7FC28B1A0F8068062
:10B73000A1686060074632E7D9F800305B685B4576
:10B7400017D1384631F0DEFE01238AF8043000229A
:10B75000637D626011E7032005B0BDE8F08F022031
:10B7600005B0BDE8F08F03695A1C02611D780575AC
:10B77000FDE6394648469847E6E7C2F30903009AD2
:10B780008DF8080043EA822303F58032C2F30531C5
:10B79000C2F3874242F0F00703F03F02C3F3851380
:10B7A00061F07F0162F07F0263F07F038DF80B1080
:10B7B0008DF80C708DF809208DF80A300DF10D0808
:10B7C00008F1FF3808E01E440133A360377218F80F
:10B7D000017D002F3FF4E7AE6668002EF7D0A36826
:10B7E000F2889342EFD15A00D4F800A002F1010987
:10B7F000B9F5803FDAF8003028D21968886802F17C
:10B800000A01384A9042844645D1304601933DF0C2
:10B8100053FC019BD0B1A0F80690A3686060064677
:10B82000D1E706F03F0363F07F03B2F5006F8DF8B8
:10B8300009308DF808004FEA92131AD263F03F03E3
:10B84000DFB28DF80A700DF10B08B9E71A6852687B
:10B850005A451CD1304631F055FE00234FF001020D
:10B860008AF804206360B2E70A464846394698479A
:10B870005BE703F03F029B1162F07F0243F0E007B9
:10B880008DF80A208DF80B700DF10C0898E7314601
:10B8900018469047E1E70A46184601933146634649
:10B8A0009847019BB6E7D4F800905A00D9F8008079
:10B8B00002F1010ABAF5803FD8F8003018D29B682F
:10B8C00008498B4202F10A021FD1114638463DF069
:10B8D000F3FB58B1A0F806A0A3686060074608E72C
:10B8E00098CB0600DD750200E5750200D8F800303F
:10B8F0005B685B450DD1384631F004FE012389F8C1
:10B9000004300022637D626037E63946404698473E
:10B91000DFE7394640469847F0E700BF2DE9F04F92
:10B92000427D8DB004460D46002A76D0027D202A45
:10B9300012D8DFE802F07A111111111111111170F2
:10B940007011117011111111111111111111111129
:10B95000111111111111700001217B2A217300F2C4
:10B9600060815A2A42D9A2F15B01202900F2598153
:10B97000DFE811F0C0005701570157015701570187
:10B98000570157015701570157011C015701570132
:10B99000570157015701570157012100570157011E
:10B9A0005701570157013A015701570157015701F4
:10B9B000570157016400CF491346002001259A42E0
:10B9C00040F0718111F8013F6075002B00F0888113
:10B9D0002269561C2661127822756575002AEED1FF
:10B9E0004FF0020840460DB0BDE8F08F222A02D089
:10B9F000272A40F0168163680022A260002B00F025
:10BA000047822046FFF7AAFD804698B9294620467E
:10BA1000FCF7ECFC0EE0002262752269511C2161EA
:10BA2000127822750121617581E7237B002BD7D124
:10BA30004FF0010840460DB0BDE8F08FDEB2202285
:10BA40004FF0FF332A712B60002E00F04F8100234E
:10BA500022696375194601201346013222611B7861
:10BA600023756075202B00F28D8101A757F823F014
:10BA7000E1B9020085BD020085BD020085BD02005E
:10BA800085BD020085BD020085BD020085BD0200A6
:10BA900085BD0200FDBE0200FDBE020085BD0200A4
:10BAA00085BD0200FDBE020085BD020085BD02000D
:10BAB00085BD020085BD020085BD020085BD020076
:10BAC00085BD020085BD020085BD020085BD020066
:10BAD00085BD020085BD020085BD020085BD020056
:10BAE00085BD020085BD020085BD020085BD020046
:10BAF000FDBE020040214FF0FF32DBB229712A6007
:10BB0000002B00F0F38000212269617508460126B0
:10BB1000114601322261097821756675202900F2EB
:10BB2000EF8001A757F821F0E1B9020001BD020042
:10BB300001BD020001BD020001BD020001BD020005
:10BB400001BD020001BD020001BD020001BF0200F3
:10BB500001BF020001BD020001BD020001BF0200E1
:10BB600001BD020001BD020001BD020001BD0200D5
:10BB700001BD020001BD020001BD020001BD0200C5
:10BB800001BD020001BD020001BD020001BD0200B5
:10BB900001BD020001BD020001BD020001BD0200A5
:10BBA00001BD020001BD020001BF020000232B7095
:10BBB000637D06212971002B00F0BC81237D4E4955
:10BBC000002B3FF40DAF9A426DD111F8012F0023E5
:10BBD0006375002A00F084802369581C20611B785B
:10BBE000237501206075EBE701232B70637D06212F
:10BBF0002971002B00F0A081237D4049002B3FF4E8
:10BC0000EFAE9A424FD111F8012F00236375002A3D
:10BC100066D02369581C20611B782375012060754C
:10BC2000ECE700239E4604F11B014FF0010C15E0E8
:10BC3000392A03D902F0DF00452817D13F2B03F141
:10BC4000010013D084F815E001F8012F2269C3B276
:10BC5000501C20611278227584F815C02F2AE7D86D
:10BC60002B2AA2F12D00E9D00128E7D92344002294
:10BC70001A7704F11C0108A8FCF70AFD9DF8208042
:10BC800008F1FF33032B0ED8DFE813F0130127016F
:10BC90001A011300392940F296805E2940F28E8005
:10BCA0007A2940F290804FF0030840460DB0BDE87D
:10BCB000F08FDDE90A67394630463BF0E3FE824605
:10BCC0003BF090FB02460B46304639463BF04AFEBD
:10BCD0008146002800F067810E23C5F800A02B7173
:10BCE0004FF0000840460DB0BDE8F08F4FF005085A
:10BCF000A0E600BFBCCB0600B4CB0600ACCB060070
:10BD000001225D29227339D05E1E17464FF6FF7956
:10BD1000D4F8188008A84146FCF7A6F9089900292C
:10BD200000F072816B88BDF824204B4500F009813A
:10BD3000D8F82C004FEAD31C00EBCC0003F07F03B3
:10BD4000406800EBC303DA806A8033464FF000029C
:10BD50002046FFF7E3FD804600287FF46BAE2046C7
:10BD6000FFF7D0FB804600287FF464AE637D002B94
:10BD700000F0EE80237D5D2B40F0D68000206075C2
:10BD8000804657E601227D2B2273F7D0DFF814930B
:10BD9000DFF814A300276368A760002B00F0F18090
:10BDA000637D002B00F0AE80217D272900F0B48058
:10BDB000222900F0B1802F293FF66CAFA1F1410399
:10BDC000192B3FF670AF4FF0010867752046FCF75E
:10BDD000A5FB637D002B00F01D81217D2F29A1F1A2
:10BDE000410300F2C480192BEFD96368002B00F0E7
:10BDF0000B812046FFF786FB804600287FF41AAEB1
:10BE0000637D002B00F0AB80237D3A2B7FF44BAF9A
:10BE1000D4E90132134467751F72D4E90132D4F8B2
:10BE200018B08DF82870083308930992CDF800B047
:10BE300008AB0ECB2846FFF76BFA59468046002820
:10BE400000F0F880FCF7B4FB4146731E4FF000028F
:10BE50002046FFF763FD804600287FF4EBAD2046C7
:10BE6000FFF750FB804600287FF4E4AD637D002B94
:10BE700000F0D880237D7D2B80D02C2B7FF413AF56
:10BE800067752046FFF73EFB8046002883D0D1E54A
:10BE90002668844A306803681B68934240F0B78084
:10BEA000282031F015FB002848D07F4B43606060AC
:10BEB000A7E50A9A2A600E232B714FF00008B9E516
:10BEC000DDE90A67012F08BF002E80F08D800A236C
:10BED0002E602B714FF00008ACE5DDE90A9A19F1EC
:10BEE00000464AF10007012F08BF002E6CD20C2338
:10BEF000C5F800902B714FF000089BE56175ABE52C
:10BF0000607505E623695A1C2261197821750123A1
:10BF1000272963757FF44CAF2046FFF71FFB80464F
:10BF200000283FF466AF85E52C2B7FF4BCAE0023E0
:10BF30006375EDE65D494FE65D496AE601233371BD
:10BF4000B5E7002362F30F0362F31F432B60FCE6A7
:10BF500023695A1C22611B78237567750BE72369D7
:10BF60005A1C22611B782375012262754DE739291D
:10BF70007FF62BAF5E297FF636AF7A297FF625AFA5
:10BF800033E7D4F80080D8F8000003681B684B45FD
:10BF900040F08280282031F09BFA002878D0C0F849
:10BFA00004A06060FCE6A16906A8FCF741F9069BC5
:10BFB000002B3FF43FADBDF81C202A801E212971C3
:10BFC000C846C3E9006735E5A16906A8FCF730F962
:10BFD000069BCBB1BDF81C202A801C2129714FF093
:10BFE0000008C3E9009A25E5A16906A8FCF720F935
:10BFF000069B4BB1BDF81C202A801A2129714FF0F5
:10C000000008C3E9006715E54FF0040812E5282190
:10C01000984748E723695A1C22611978217584F8EA
:10C020001580DBE623695A1C22611B7823750122E7
:10C03000627520E704A8FCF717F8049B002BE3D0F7
:10C04000594606A80393FCF70FF8DDF81880B8F1FD
:10C05000000FD9D0039BBDF81C10D9806A88BDF8A9
:10C0600014004FF6FF7C624519D0DBF82CC04FEA74
:10C07000D21E0CEBCE0C02F07F02DCF804C00CEBFD
:10C08000C202D080698019462046FCF7AFF9DBE692
:10C09000012388F8043084E7282198477DE7288029
:10C0A0006980F0E7ED75020001001F00B4CB0600C7
:10C0B000ACCB06002DE9F04F038E9BB0074604463B
:10C0C00057F80CBBADF80420884600F1380903B3DB
:10C0D0000026C36AB2460BE031F014FAE36AC5F8F1
:10C0E00000A0208EC5F804A00136B1B2884211D953
:10C0F000B5B203EBC505696808460029EFD0DBF847
:10C100000030374A5B689342E6D058469847E36A66
:10C11000E5E7C36A00204FF6FF719F422086A186A3
:10C120000BD0DBF800102E4D4E68AE424DD11846B4
:10C1300031F0E8F90423E7626386A16826680023EA
:10C14000237161B1264D33680A685B68A260AB4217
:10C1500008462DD131F0D6F9A1680029F3D1002588
:10C1600084F83C509DF805308DF8185049464FF042
:10C17000000203A8CDE904558DF821500394CDF8B1
:10C180001C800994FFF7CAFB054610B99DF82050A2
:10C19000A5B9049840B1039B11491A6813685B68FC
:10C1A0008B4216D131F0AEF928461BB0BDE8F08FB6
:10C1B00030469847A1680029C5D1D0E794F83C5093
:10C1C00015F0080518BF0325E3E719465846B047A0
:10C1D000B0E701461046984728461BB0BDE8F08FEF
:10C1E000E57502002DE9F04F002591B0B94B04959B
:10C1F00016464FF47A7481462A4607A88A46B649FD
:10C2000005940096ADF81C508DF81E5003931CF059
:10C210009FFA9DF81C40002C00F01481AF4F40F2B3
:10C22000FF12394607A81CF0F3FA064607A81CF0CF
:10C2300051F80420FDF7C0FC002E54DDA84CBD557C
:10C24000238ED4F800B0002B52D0E36ADFF8988236
:10C250002F4609E031F056F9E36A3760218E7760A6
:10C260000135AAB2914244D9AEB203EBC606716859
:10C2700008460029F1D0DBF800305B684345E9D07F
:10C2800058469847E36AE8E7366830460EB13DF015
:10C290001EF8874240F0B08067B109F1FF33701E8D
:10C2A000DE1913F8011F10F8012F914240F0A4800D
:10C2B000B342F6D14FF6FF73984514D04FEAD81326
:10C2C0000BEBC30B08F07F08DBF8042012EBC8016E
:10C2D00009D00B79042B00F0BC80052B00F00681FF
:10C2E000022B00F0BB800024204611B0BDE8F08F87
:10C2F000E36A7C4E00222286B3424FF6FF72A2868A
:10C300000CD0DBF80020784D5268AA4240F0DD8066
:10C31000184631F0F7F80423E6626386A1682668C0
:10C320000023237161B1704D33680A685B68A260B5
:10C33000AB4208467FD131F0E5F8A1680029F3D17E
:10C340000A238DF809300023029A6449644884F86E
:10C350003C30FFF7AFFE10F0FF0FC4D1B9F1000F72
:10C36000C1D048463CF0B3FF94F83C30202BBAD102
:10C37000268F4FF6FF718E42B5D0D4F82CB0F3095A
:10C380000BEBC30306F07F065B6813EBC606AAD06F
:10C39000B6F80680019601244746334605467CB927
:10C3A0008F42A0D0FA090BEBC20207F07F07536857
:10C3B00013EBC70397D084F00104DF88002CEFD083
:10C3C0001A79042A70D0052A6AD0022A50D0002D8A
:10C3D000E6D12A464FF6FF75AF42019E83D0FB0996
:10C3E0000BEBC30307F07F075B6803EBC707002F66
:10C3F0003FF479AF17469CB9A8453FF474AF4FEAB4
:10C40000D8120BEBC20208F07F06536813EBC60686
:10C410003FF469AF84F00104B6F80680002CEBD03D
:10C420003379042B3FF430AF052B4AD0022B44D094
:10C43000002FE1D13EE730469847A16800297FF4FC
:10C4400073AF7DE70420FDF7B7FB204611B0BDE8D0
:10C45000F08F52F8381000293FF445AF009B5D1E65
:10C460002A4650463CF04DFF00230AF805303BE7D2
:10C4700018461E463CF02BFF4FF6FF7185428FD1C8
:10C48000002DA6D009F1FF32701E02EB050E12F846
:10C49000016F10F8013F9E4282D19645F7D198E78F
:10C4A0001E68F0880836E9E71E683046002EE5D0A1
:10C4B0003CF00DFF4FF6FF71E0E730463CF007FF20
:10C4C000E7E63668F0880836E3E6194658469047AE
:10C4D00021E700BF94D80600CCDE0600388C00208F
:10C4E000E4690020F0690020E575020052F8381078
:10C4F0000831B3E730B5184B85B01B7800228DF8B2
:10C5000000205BB9154D164B1648002421461C70BF
:10C510002C60AC800AF0C8FC05B030BD0420FDF7EB
:10C520002FFB0028EED010480C4D69461022FFF773
:10C5300059FE0028E7D0684629460BF017FF04464D
:10C540000028E0D0284606490BF098FF0548214610
:10C550000AF0AAFC05B030BD30010120D8690020E6
:10C56000246A002068BF0020C4CB060000B526481E
:10C5700089B024F059FD244824F066FC234824F0B7
:10C5800063FC234B1B7800228DF800205BBB214904
:10C59000214827F04DFB1C48012124F073FC0621A3
:10C5A000194824F029FC184824F00EFC1B491648B1
:10C5B00024F0C6FB144824F0D9FB1348012124F0D1
:10C5C0006DFCF4221048202124F060FC0E481E214E
:10C5D00024F056FCFCF78CFB00210B4824F0BEFC39
:10C5E00009B05DF804FB0420FDF7CAFA0028CED09C
:10C5F0000B4869462022FFF7F5FD0028C7D0064802
:10C60000694627F015FBC6E7C4430120004401201A
:10C6100030010120E4CB0600843D0120C4DF00206E
:10C62000D4CB06002DE9F04F038E9BB0074604469D
:10C6300057F80CBBADF80420884600F1380903B365
:10C640000026C36AB2460BE030F05CFFE36AC5F82F
:10C6500000A0208EC5F804A00136B1B2884211D9DD
:10C66000B5B203EBC505696808460029EFD0DBF8D1
:10C670000030374A5B689342E6D058469847E36AF1
:10C68000E5E7C36A00204FF6FF719F422086A1862E
:10C690000BD0DBF800102E4D4E68AE424DD118463F
:10C6A00030F030FF0423E7626386A1682668002328
:10C6B000237161B1264D33680A685B68A260AB42A2
:10C6C00008462DD130F01EFFA1680029F3D10025C6
:10C6D00084F83C509DF805308DF8185049464FF0CD
:10C6E000000203A8CDE904558DF821500394CDF83C
:10C6F0001C800994FFF712F9054610B99DF82050E7
:10C70000A5B9049840B1039B11491A6813685B6886
:10C710008B4216D130F0F6FE28461BB0BDE8F08FF4
:10C7200030469847A1680029C5D1D0E794F83C501D
:10C7300015F0080518BF0325E3E719465846B0472A
:10C74000B0E701461046984728461BB0BDE8F08F79
:10C75000E57502002DE9F04F002193B09448DFF811
:10C7600078A21CF05DF904E0013492482C601BF0C3
:10C77000B1FD8F498F4800221CF020FA8046002826
:10C7800000F00C818C4D2B68C72B00F3048103A9AA
:10C79000884819221DF068FC03A82E213CF0C4FD36
:10C7A00008B1002303702C68844BDFF830B204EB2F
:10C7B000440204EB820213440C220DEB02011846E2
:10C7C0003CF09FFDDBF800200026C72A0673CBDC77
:10C7D0007B4C7848214640F6FF721CF019F800287F
:10C7E00001DC2C68C0E7774F26543B8E3A68002B5B
:10C7F00000F08D81CDF80480FB6A3446B146904646
:10C800000BE030F07FFEFB6AC6F80090388EC6F869
:10C8100004900134A1B288420FD9A6B203EBC60638
:10C82000716808460029EFD0D8F800305B6853459E
:10C83000E7D040469847FB6AE6E74246DDF80480C9
:10C84000614C00213986A3424FF6FF71B9860AD0A8
:10C8500011684E68564540F04981184630F052FE46
:10C860000423FC627B86B8683C6800233B7158B1A6
:10C87000236802685B68BA60534540F0848030F0FA
:10C8800041FEB8680028F3D10A238DF8093000234F
:10C89000029A4B494B4887F83C30FFF7C3FEC0B2C1
:10C8A00000289ED197F83C30202B00F09B80402B35
:10C8B00097D13B8F4FF6FF74A34292D0FE6ADA09FC
:10C8C00006EBC20203F07F03526812EBC30388D069
:10C8D000DA88D309A24206EBC30302F07F0100F11C
:10C8E000010003D05B6813EBC103F1D100283FF4D2
:10C8F00078AF364BDFF8E8900D970AA84FF00008A4
:10C900000B260124CDE90E83CDF8309010968DF8DA
:10C910004440FEF79DFA2E4BCDF830900AA8CDF892
:10C92000388010968DF844400D970F9357EC106B9C
:10C93000FEF78EFA002200233046394659EC108B60
:10C940003BF010F840B100220023404649463BF03E
:10C9500009F800287FF445AFDBF800401D4B04EBDD
:10C96000440203EB021303A91F2218463CF0C9FC42
:10C97000621C0021C0E90867C0E90A892C68CBF86D
:10C980000020C177F0E6014620469847B8680028A5
:10C990007FF46EAF78E707481BF09CFC04481BF05F
:10C9A00099FC0420FDF708F9012013B0BDE8F08FD1
:10C9B0009801012098DE002014FD002078F000206E
:10C9C000AC6B0020B8BF0020C4BF0020F4CB060031
:10C9D00000CC060050060120E5750200D02B012096
:10C9E000F0BF00203B8F4FF6FF7293423FF4F9AE49
:10C9F000D7F82C90D80909EBC00003F07F014368F9
:10CA000013EBC1033FF4EDAEDE88B8F1000F14D193
:10CA100096423FF4E6AEF10909EBC10106F07F064C
:10CA20004B6813EBC6033FF4DCAE88F001085FFAF5
:10CA300088F8DE88B8F1000FEAD0197904295DD0B2
:10CA4000052957D00229E3D118461C463CF03FFC8B
:10CA50004FF6FF720728DBD12378632BD8D1637898
:10CA60006F2BD5D1A378752BD2D1E378722BCFD190
:10CA70002379732BCCD16379652BC9D1A379732B1F
:10CA8000C6D14FF6FF739E423FF4ABAEF30909EBFC
:10CA9000C30306F07F065B6813EBC6043FF4A1AE48
:10CAA0002279402A7FF49DAE33F836304FF6FF7C72
:10CAB00063453FF496AEDA0909EBC20203F07F0347
:10CAC000526812EBC3033FF48CAED9880026CA0922
:10CAD000614509EBC20201F07F0006F1010618D0A2
:10CAE000536813EBC00314D0D988F0E719461046F9
:10CAF000B047B5E61C68E0880834ABE71C68002C3A
:10CB000086D020463CF0E3FB4FF6FF72A2E7FB6ABB
:10CB100096E6002E3FF465AE0C4B0C940AA84FF03D
:10CB200000094FF00B080126CDE90F38CDE90D794A
:10CB30008DF84460FEF78CF9054BCDF838900AA8C3
:10CB4000CDF840808DF844600C94EDE6F4CB0600FF
:10CB500000CC060010B504208AB0FDF711F808B922
:10CB60000AB010BD0023154A1549ADF8043001A8DC
:10CB70008DF806301BF0E4FD044680B90F4A1149D8
:10CB8000ADF8044001A801238DF806401BF0B0FC6D
:10CB900028B90420FDF710F800200AB010BD0A4C97
:10CBA0000A4B06490A48002222601A601BF0D0FD99
:10CBB0000028EED0FFF7CEFD0AB010BD6CDA0600FB
:10CBC000486500208C69002014FD0020D02B012036
:10CBD00098010120F0B54D4E4D4D33882B789BB018
:10CBE000002B68D1032003F0FF07FCF7C9FF0446C0
:10CBF000002855D0474B484A322168463CF074FA29
:10CC0000464A4749ADF834703B460DA88DF836705A
:10CC10001BF096FD044648B9ADF834003F4A41493F
:10CC20008DF8364001230DA81BF062FC00243C491E
:10CC3000ADF8344023466A460DA88DF836401BF007
:10CC40007FFD002852D100234FF47A71364C0E93A9
:10CC5000ADF844308DF846300F916A4630490D9456
:10CC600011A844F202231BF06BFD9DF84440002CF8
:10CC700036D032882D4992B211A81CF09BF8044698
:10CC800011A81BF027FB0320FCF796FF33889BB20B
:10CC9000A3421DD0264927480F2224F0F5FE0FE0BD
:10CCA00025490C22234824F0EFFE244A244B14701B
:10CCB0001C701BB0F0BD23491E480E2224F0E4FE78
:10CCC0001E491F4A00230B7013702B701BB0F0BD60
:10CCD0001D491848032224F0D7FEFFF73BFFEFE77A
:10CCE0000320FCF769FF12490F22DBE70C49ADF87E
:10CCF000344001236A460DA88DF836401BF020FD14
:10CD00000028A0D00DA81CF08BFD9CE72C8C0020E7
:10CD1000CB7B0020788E00201CCC06006CDA06004D
:10CD2000486500208C69002094D806002C7C0020E7
:10CD300028CC0600DCDF00205CCA0600287C00202E
:10CD4000758E00200CCC060038CC060030B50320D0
:10CD500097B0FCF715FF002836D00024274B284A4F
:10CD6000322109A83CF0C0F92649ADF8004009AAD3
:10CD7000234668468DF802401BF0E2FC0546B8B138
:10CD80002049ADF8004009AA012368468DF8024009
:10CD90001BF0D6FC10BB0320FCF70EFF1A491B4802
:10CDA0000F2224F071FE1A4B00221A7017B030BD0A
:10CDB0000320FCF701FF174914480C2224F064FEFD
:10CDC000134B1D7017B030BD044613490F480C2299
:10CDD00024F05AFE0E4B1C7017B030BD68461CF094
:10CDE0001FFD0028D7D00320FCF7E6FE0B490748BB
:10CDF000032224F049FEFFF7ADFED4E75C8E00204D
:10CE00001CCC06004865002028CC0600DCDF002092
:10CE1000388E00203CCC06005CCA060038CC0600E8
:10CE20002DE9F04F00F10C03044693E80700D4E924
:10CE300001378DB06C4684E80700002B59D01D796E
:10CE400003AC202D84E8070052D106AC84E807002B
:10CE50000CAC04E90700DDF82480B8F1000F47D0DE
:10CE600018884FF6FF76B04242D0D7F82C90C2090E
:10CE700009EBC20200F07F03506810EBC30037D00B
:10CE80000A9DB0F806B06F1E4FF0010A4744BAF190
:10CE9000000F12D1B3452BD04FEADB1309EBC303CC
:10CEA0000BF07F0B586810EBCB0021D08AF0010A01
:10CEB000B0F806B0BAF1000FECD00379042B33D0F0
:10CEC000052B2DD0022B18D0002DE3D14FF6FF7388
:10CED0009B450DD04FEADB1309EBC3090BF07F0B29
:10CEE000D9F8043003EBCB0318460DB0BDE8F08F42
:10CEF000002318460DB0BDE8F08F04463CF0E7F97A
:10CF0000A842C7D1002DE1D0601E08F1FF3313F80D
:10CF1000011F10F8012F9142BCD19F42F7D1D5E7F4
:10CF20000468E0880834EBE704682046002CE7D06A
:10CF30003CF0CDF9E4E700BF2DE9F04F824B834F81
:10CF40001B782DED028B00268DB03E60002B4FD05C
:10CF500005460420FCF714FE0446002848D0DFF8FC
:10CF60000C82294608F1100032461BF0F1FB98F8BC
:10CF70001030002B39D0764D4FF48052294608F1FD
:10CF800010001BF045FC411C2BD0B0F5805FB4BFF6
:10CF90002E5485F8FF6F6F4E3046FBF707F80A23D3
:10CFA0008DF80D300023039A694986F83C303046ED
:10CFB000FFF738FB10F0FF0F054606D196F83C301E
:10CFC000202B1BD0402B00F0D58063481BF082F94A
:10CFD0000420FCF7F1FD0A200DB0BDEC028BBDE88A
:10CFE000F08F08F110001BF075F90420FCF7E4FD48
:10CFF00005200DB0BDEC028BBDE8F08FDFF870C1ED
:10D00000564906960822012306A8CDE907C28DF8E5
:10D010002430FDF789FD524B50490793824609237E
:10D0200006A80893FDF780FD4E4B4C4907938146B7
:10D030000D2306A80893FDF777FD5146DFF828A1D8
:10D0400080461F2250463CF05CF949460AF1200018
:10D050000F22CDF800A08AF81F503CF052F9009B37
:10D060000E2203F13000414683F82F503CF049F97D
:10D07000338F009A4FF6FF7A534582F83E5057D0CF
:10D08000D6F82C90D90909EBC10103F07F024B6857
:10D0900013EBC2034CD0B3F8068094B9D04547D007
:10D0A0004FEAD81209EBC20208F07F08536813EB6D
:10D0B000C8033DD084F00104E4B2B3F80680002C2C
:10D0C000ECD01A79042A00F09282052A00F09782A7
:10D0D000022AE3D118461D463CF0F9F80728DDD1B5
:10D0E0002B78632BDAD16B786F2BD7D1AB78752B7C
:10D0F000D4D1EB78722BD1D12B79732BCED16B7924
:10D10000652BCBD1AB79732BC8D14FF6FF73984504
:10D110000ED04FEAD81309EBC30908F07F08D9F8FD
:10D12000043013EBC80803D098F80430402B2AD001
:10D1300009481BF0CFF80420FCF73EFD00200DB09D
:10D14000BDEC028BBDE8F08F3001012018FD0020FE
:10D15000AC6B0020B8BF0020CC01012034FF0600DA
:10D1600058CC060064CC0600D0DB0020BC010120B6
:10D170004CCC0600C44B009306F13808187083F8B5
:10D18000200083F83000B8F800404FF6FF739C424F
:10D19000CED0D6F82C80E30908EBC30304F07F045B
:10D1A0005B6813EBC404C3D0D7F800B0E5889FEDEB
:10D1B000B78ABBF1090FCDE9044616DD4FF6FF73C0
:10D1C0009D42B5D0D6F82C80EB0908EBC30305F0DF
:10D1D0007F055C6814EBC504AAD0D7F800B0E588D9
:10D1E000BBF1090FCDE90446E8DCA9490991A94939
:10D1F0000422012306A8CBEB0B1A8A44CDE907468B
:10D200000A928DF82C30FFF70BFE4FEA0B190146FE
:10D2100048B10379042B00F0C681052B00F0C081D2
:10D22000022B18BF002150460E223CF06AF8994BA1
:10D2300099490794A9EB0B0999444FF0000A082279
:10D24000012306A8CDE90912089689F80EA08DF8E9
:10D250002C30FFF7E5FD70B303791A072BD513F0D7
:10D26000100200F0D08102884FF6FF718A4208D088
:10D27000D10908EBC10802F07F0AD8F8042002EBBC
:10D28000CA0A0A3B142B16D8DFE813F0A5011500D3
:10D29000A00115009D0115001500150015001500D1
:10D2A0001500150015001500150015009601150054
:10D2B000AA0115008F01F0EE487A009BDFF8F48197
:10D2C000079403EB8B02754BC2ED107A4FF00B09FC
:10D2D0004FF0010A06A8CDE9093908968DF82CA06F
:10D2E000FDF712FFCBEBCB0B08EB0B1B6C4A3B683B
:10D2F00009928BED000B06A80193CDF82890CDE99B
:10D3000007468DF82CA0FDF7FFFE019BD7F800B073
:10D31000CDF82890C3EBC30308EB031383ED020B96
:10D3200006A8604B0993CDE907468DF82CA0FDF7C0
:10D33000EBFECBEBCB0308EB0313D7F800B05A4A54
:10D34000CDF8289006A883ED040BCDE907468DF8AB
:10D350002CA00992FDF7D8FEDFF85C91CBEBCB0B4C
:10D3600008EB0B1B8BED060B494604A8FDF7F2FCFE
:10D37000F0B9D7F800B0CBEBCB0208EB02120021DA
:10D3800082F840104FEACB09DFF830A104A85146DB
:10D39000FDF7E0FC002840F09580A9EB0B0908EBB5
:10D3A0000918002288F868200BF101033B6005E7AB
:10D3B000DFF80CB104A85946FDF7CCFC0028D8D002
:10D3C0003A4B04A81946FDF7C5FC0028D1D03849CE
:10D3D00004A8FDF7BFFC0028CBD03A6801920E23C9
:10D3E00006A8CDE908690A9307948DF82CA0FDF7EB
:10D3F0008BFE019AD7F80090CDF824B0C2EBC202A0
:10D4000008EB02120E2382ED080B06A80A93CDE961
:10D4100007468DF82CA0FDF777FEC9EBC90208EB93
:10D4200002120E2382ED0A0BD7F800900A9306A889
:10D430001E4B0993CDE907468DF82CA0FDF764FE3D
:10D44000C9EBC90908EB09131949D7F800900991EC
:10D450000E2283ED0C0B06A80A92CDE907468DF843
:10D460002CA0FDF751FED7F800B0C9EBC90908EBB5
:10D470000912CBEBCB0182ED0E0B08EB01124FEA48
:10D48000CB0982F840A07FE7D0DB0020000000003D
:10D4900074CC0600D42B01207CCC0600F4CB060013
:10D4A00000CC060088CC060094CC0600C0CC060058
:10D4B000D0CC0600F0010120A0CC0600E0CC060094
:10D4C000B0CC0600514904A8FDF744FC00283FF405
:10D4D00064AF4F4A04A81146FDF73CFC00283FF416
:10D4E0005CAF4C4904A8FDF735FC00283FF455AF6C
:10D4F0000E2306A8CDF824A04FF0010A0A938DF858
:10D500002CA0CDE90746FDF7FFFDA9EB0B0308EBC7
:10D5100003130E224FF0010B83ED120BD7F800A07E
:10D520000A9206A8394A8DF82CB00992CDE907462F
:10D53000FDF7EAFDCAEBCA0A0E230A9308EB0A13A9
:10D54000334AD7F800908DF82CB083ED140B06A861
:10D550000992CDE90746FDF7D7FDC9EBC90908EBEC
:10D5600009132C49D7F800908DF82CB00E2283EDCA
:10D57000160B06A8DA460A920991CDE90746FDF78F
:10D58000C3FDD7F800B0C9EBC909CBEBCB0108EB61
:10D59000091208EB011882ED180B88F868A003E760
:10D5A000016808313FE601683DE6DAE900013AF03A
:10D5B00069FA07EE900A80E6DAE900013AF07AFBB0
:10D5C00007EE900A79E6D0ED007A76E6D0ED007AA3
:10D5D000F8EEE77A71E6D0ED007AF8EE677A6CE65D
:10D5E000DAE900013AF06EFB07EE900A65E61D6885
:10D5F000002D3FF453AD28463BF069FE6EE51D68F3
:10D60000E88808356AE592463BE600BFF0CC0600A4
:10D6100000CD060010CD06002DE9F04FDFF878A20E
:10D620009AF8009093B0B9F1000F12D1DFF86C8234
:10D6300098F82830009363B1DFF864B2DBF800306B
:10D640003BB1874C2FF01CFF2368C01AB0F57A7FDE
:10D6500002D213B0BDE8F08F2FF012FFDBF80030DC
:10D660002060002BF5DD9FED7C7BCDE9029A4FF029
:10D67000FF334F467B4E01935AEC179B96ED0A3BC6
:10D6800096ED082B98ED021B98ED000B0AF0A0FC1C
:10D6900055EC104B534610EE100A4A4629463AF014
:10D6A0006BF93036DBF8003010B1A146AA4601977D
:10D6B0000137BB42E2DC019B013348465146DDE9BC
:10D6C000029AC6D0684B00223AF060F90028C0D018
:10D6D0000199644B654A01EB410403EB0414644B6C
:10D6E00005A81960234632213BF0FEFC05A8FFF790
:10D6F00023FC002840F0A1805E4B1B68002B40F308
:10D700009C805D485D490578DFF880C1DDF80080C8
:10D71000CCF888330246002D0CBF2546054612F88A
:10D72000206FCCF80050002E18BF1446C3EB03172F
:10D73000A1F10F021744524ACCF80440403063462E
:10D7400001F1780ED2E90245F0EC017A92F84060DE
:10D75000C3ED037AC3E90645F5EE407AD2E9064502
:10D7600092ED047BC3E90A4583ED087BD2E90A45C3
:10D7700092ED087BC3E90E4583ED0C7BD2E90E45A3
:10D7800092ED0C7BC3E9124583ED107BD2E9144581
:10D7900092ED127B92ED006B83ED147BC3E916458D
:10D7A00092ED167BD2E91845F1EE10FA83F870601D
:10D7B000C8BFC14692F868609960B94283ED046BB6
:10D7C00083ED187BC3E91A4583F8716001F10F01FD
:10D7D00003F1700302F1700201D07145B2D1B9F1C9
:10D7E000000F01D1CCF88893264C206818B132F094
:10D7F00099F90023236046F6607032F08FF9224BCE
:10D800002249234E93ED000B0022054616F0B8FD89
:10D81000204B256093ED000A284617F079F996ED24
:10D82000000A206817F08AF9206896ED000A17F0C0
:10D830008BF901238AF800300BE79AF80030002BAF
:10D840007FF407AF0F4B1B681BB101238AF8003030
:10D85000FFE6F9F7CDFFF8E7000000007E842E41D7
:10D86000FCC70020500601200000144070CB0600C9
:10D870001C61002018FD0020D0DB0020D42B0120EB
:10D88000F001012060DD00201061002040D8002060
:10D89000B8610020BC6100208401012038E0002034
:10D8A000D02B01202DE9F0410446006803680E46A4
:10D8B0001B682221174698476368184460601FB3AD
:10D8C000DFF88480374416F8011B1E4B222501E047
:10D8D0001D791DB35A798A4203F10203F8D12068F9
:10D8E00003685C211B689847D4E90023D2F800C084
:10D8F000034463602946DCF80030104698476368AB
:10D9000018446060BE42DED12068036822211B6893
:10D910009847636818446060BDE8F08139B12068B9
:10D9200003681B689847636818446060EAE72068EA
:10D93000036806225B684146984763681844606044
:10D94000E0E700BF98CB060020CD060000000000F5
:10D950002DE9F04F55EC104B87B081460F4610EE85
:10D96000100A00220023294639F0FCFF002840F06D
:10D97000408122462B462046294639F0D5FB0246F7
:10D980000B462046294639F0EDFF002840F0B281D1
:10D99000002200232046294639F0EEFF68B1D9F86D
:10D9A000000003682D211B689847D9F8043005F161
:10D9B000004B18445D46C9F804003B46002F00F0B8
:10D9C000B2824FF0010808EB8808013B4FEA480893
:10D9D000F9D10FF20C43D3E900232046294639F050
:10D9E000DFFF002800F00E81FFA3D3E900232046CB
:10D9F000294639F0D5FF002840F089820646FCA36D
:10DA0000D3E900232046294639F0CAFF002840F018
:10DA10007282F9A3D3E900232046294639F0C0FFDA
:10DA2000002840F05C82F6A3D3E900232046294673
:10DA300039F0B6FF002840F04682F3A3D3E9002373
:10DA40002046294639F0ACFF002840F03082F0A390
:10DA5000D3E900232046294639F0A2FF002840F0F0
:10DA60001A82EDA3D3E900232046294639F098FF16
:10DA7000002840F00482D44B00222046294639F089
:10DA80008FFF002840F0EF81D04B0022204629462E
:10DA900039F086FF002840F0DA812046294639F027
:10DAA000D1FF092882460ED9C94853461946A0FB22
:10DAB0000828013FA0FB032363294FEAD8087FB25F
:10DAC0004FEAD303F2D8504639F06AFC02460B46BF
:10DAD0002046294639F026FB044640460D4639F0DB
:10DAE0005FFC02460B462046294639F0D3FC04462B
:10DAF0000D4639F0A7FF834639F052FC02460B462B
:10DB00002046294639F00EFB02460B4639F00CFB45
:10DB100039F098FF0BEB00044445C0F026810AF170
:10DB2000010A002E40F07C810024002F10DDA84B5C
:10DB3000A84802E0002A00F02181A3FB0424E408A5
:10DB400003FB04F1013FB0EB710FFAB27FB2F1D2E7
:10DB50000DF11605DFF878C22946ACFB0A23DB0875
:10DB600003EB8302AAEB420250463032092801F847
:10DB7000012D9A46F1D8D9F8000003686A1A5B684B
:10DB80009847D9F804301844C9F80400002F40F031
:10DB9000C080002E00F0BA80D9F80000036865212B
:10DBA0001B689847D9F80430002E1844C9F80400BF
:10DBB000C0F23F81B6B2864C2946A4FB0623DB089F
:10DBC00003EB8302A6EB420230463032092801F80B
:10DBD000012D9EB2F1D8D9F8000003686A1A5B687B
:10DBE0009847D9F804301844C9F8040007B0BDE8D4
:10DBF000F08F3B46002F7FF4E4AE4FF001083E4625
:10DC0000BA4660E7002200232046294639F0D2FEBA
:10DC1000002800F0A8805AA3D3E900232046294613
:10DC200039F0B4FE002800F09E8057A3D3E900230A
:10DC30002046294639F0A0FE002840F082810646A1
:10DC400053A3D3E900232046294639F095FE002846
:10DC500040F08F8150A3D3E900232046294639F0B4
:10DC60008BFE002840F079814DA3D3E900232046A4
:10DC7000294639F081FE002840F0AB814AA3D3E960
:10DC800000232046294639F077FE002840F0958190
:10DC900047A3D3E900232046294639F06DFE00282A
:10DCA00040F07F8144A3D3E900232046294639F080
:10DCB00063FE002840F0698141A3D3E90023204698
:10DCC000294639F059FE002840F03081424B0022AD
:10DCD0002046294639F050FE00283FF4DEAE2046AB
:10DCE00029463A4B002239F0D5FB013E04460D4649
:10DCF00036B2D2E6D9F800003849036804225B68DE
:10DD00009847D9F804301844C9F8040007B0BDE8B2
:10DD1000F08F013FFFB2C7F10F0C2D4AEC4404A96C
:10DD2000A2FB0403DB0803EB8300A4EB40043034C4
:10DD300001F8014D61451C46F2D106ABDB1BD9F859
:10DD400000002E2203F80A2C03686FF00102D11B99
:10DD500004AC5B682144BA1A9847D9F804301844D7
:10DD6000C9F8040015E7064697E6194B194A03FB64
:10DD700004F3B2EB730FBFF4D8AEE9E61746E7E65B
:10DD8000F168E388B5F8E43E148BD77DB207FE0A4C
:10DD9000C2DEB781455491250CD13196FC53DA325D
:10DDA00080688965D63980391656E79EAF03D23C24
:10DDB00048AFBC9AF2D77A3EFCA9F1D24D62503FEF
:10DDC0009A9999999999B93F0000594000002440C7
:10DDD000CDCCCCCC999999190000F03FBCCB060072
:10DDE00000000000D01263413CBF737FDD4F15750A
:10DDF000321D30F94877825AF5F93FE9034F384D23
:10DE0000176E05B5B5B893460080E03779C3414336
:10DE10000000000084D79741000000000088C34044
:10DE2000BAF1090F7FF680AE013636B24FF0010A23
:10DE30007AE6D9F8000003682D211B689847D9F8C5
:10DE4000043076421844B6B2C9F80400B3E620465E
:10DE5000294676A3D3E9002339F01CFB013604469A
:10DE60000D4636B219E62046294672A3D3E90023AF
:10DE700039F010FB023604460D4636B204E6204661
:10DE800029466EA3D3E9002339F004FB0436044687
:10DE90000D4636B2EFE5204629466AA3D3E90023B2
:10DEA00039F0F8FA083604460D4636B2D9E5204670
:10DEB000294666A3D3E9002339F0ECFA103604466C
:10DEC0000D4636B2C3E52046294662A3D3E90023B6
:10DED00039F0E0FA203604460D4636B2ADE520466C
:10DEE00029465EA3D3E9002339F0D4FA403604462C
:10DEF0000D4636B297E5204629465AA3D3E90023BA
:10DF000039F0C8FA803604460D4636B281E520461F
:10DF1000294656A3D3E9002339F0BCFA4FF48076A2
:10DF200004460D466BE54FF0010852E520462946B0
:10DF30003D4B002239F0AEFA023E04460D4636B2A1
:10DF4000C4E6204629462AA3D3E9002339F0A2FAE1
:10DF50006FF0FF0604460D4672E62046294626A3CA
:10DF6000D3E9002339F096FA403E04460D4636B216
:10DF70007AE62046294622A3D3E9002339F08AFA1B
:10DF8000803E04460D4636B264E6204629461EA36E
:10DF9000D3E9002339F07EFA043E04460D4636B23A
:10DFA0008AE6204629461AA3D3E9002339F072FAFB
:10DFB000083E04460D4636B274E62046294616A3AE
:10DFC000D3E9002339F066FA103E04460D4636B216
:10DFD0005EE62046294612A3D3E9002339F05AFA17
:10DFE000203E04460D4636B248E600BFAFF300803F
:10DFF0003CBF737FDD4F1575F5F93FE9034F384D91
:10E00000321D30F94877825A000000000088C34072
:10E010000000000084D797410080E03779C3414376
:10E02000176E05B5B5B89346000059409A9999996D
:10E030009999B93F7B14AE47E17A843F2D431CEB9D
:10E04000E2361A3F3A8C30E28E79453EBC89D89749
:10E05000B2D29C3C33A7A8D523F649393DA7F44456
:10E06000FD0FA5329D978CCF08BA5B25436FAC643A
:10E070002806C80A2DE9F04703790C4613F0100171
:10E0800086B0054652D001884FF6FF70814200F0FD
:10E090009981D26AC80902EBC00201F07F0152687F
:10E0A00002EBC102023B3E2B42D8DFE813F04D00E9
:10E0B00057006200700078004100410041007F007D
:10E0C0004100A9004100CE00410041004100410053
:10E0D0004100410041004100410041004100D900A0
:10E0E0004100F600410018014100200141004100BB
:10E0F0004100410041004100410041004100410018
:10E100004100410041004100410041004100410007
:10E1100041004100410041004100410041004100F7
:10E12000410041004100410041004D010A46B9E76C
:10E130002068B749036804225B68984763681844FD
:10E14000606006B0BDE8F08728463BF0C0F829467D
:10E1500002462046FFF7A6FB6068F2E720682968C0
:10E160000368CA885B680831984763681844606030
:10E17000E7E72D68002D00F0498128463BF0A7F81D
:10E18000024620462946FFF78DFB6068D9E72968DB
:10E190002046CA880831FFF785FB6068D1E72B78F5
:10E1A0002068002B00F010819A49C3E70DF1160892
:10E1B0002D68C2464FF00009284649460A2200232E
:10E1C00039F0BEFD30320AF8012D284649460A22B0
:10E1D000002339F0B5FD4F462E46002F08BF0A2E0A
:10E1E00005468946E8D220680368A8EB0A02514632
:10E1F0005B68984763681844606006B0BDE8F087C4
:10E200002E68002EC0F2F580F7170DF1160845466E
:10E21000304639460A22002339F092FD303205F8A3
:10E22000012D00230A223046394639F089FD3B464C
:10E230003246002B08BF0A2A06460F46E8D220685D
:10E24000A8EB050203682946D2E7286839F0CAF826
:10E2500041EC100B20460621FFF77AFB606870E75F
:10E26000D2E900950DF11608C246484629460A2211
:10E27000002339F065FD30320AF8012D4846294661
:10E280000A22002339F05CFD2F464E46002F08BFBE
:10E290000A2E81460D46E8D2A5E7D2E90067002E96
:10E2A00077F10003C0F299800DF11608454630461B
:10E2B00039460A22002339F043FD303205F8012D9A
:10E2C00000230A223046394639F03AFD3B463246B1
:10E2D000002B08BF0A2A06460F46E8D2AFE72046C1
:10E2E00092ED000B0921FFF733FB606829E72068F6
:10E2F00003687B211B68984763682D884FF6FF777A
:10E300001844BD42606047D00126A268D36AE9097B
:10E3100003EBC10305F07F055B6803EBC5052846E9
:10E320002146FFF7A7FEED88BD4235D0206803687F
:10E33000002E1B6814BF3A212C21984763681844AB
:10E3400086F001066060E0E7206803685B211B68D7
:10E35000984763682D884FF6FF761844B542606091
:10E3600025D0A268D36AE90903EBC10305F07F0554
:10E370005B6803EBC50528462146FFF77BFEED8869
:10E38000B5424FF02C0112D0206803681B689847F3
:10E39000636818446060E4E7206803687D211B68B7
:10E3A000984763681844606006B0BDE8F08720684D
:10E3B00003685D211B68984763681844606006B075
:10E3C000BDE8F08700226DE6036813495B6805220B
:10E3D0009847636818446060B3E6206803682D219D
:10E3E0001B68984763687642184467EB470760608C
:10E3F0005AE7206803682D211B6898476368F71760
:10E4000018447642606067EB4707FEE62A46B8E6A6
:10E41000BCCB0600ACCB0600B4CB06002DE9F04F18
:10E4200093B005AE86E80E00044696E807000FAAF2
:10E4300082E80B001C9F0394002863D024884FF6C9
:10E44000FF7A54455ED0D7F82C80E10908EBC10172
:10E4500004F07F054C6814EBC50453D0E588DDF863
:10E46000409002904FF0010B2B465D469B468DB9C4
:10E47000D34547D04FEADB1208EBC2020BF07F0313
:10E48000546814EBC3043DD085F00105B4F806B020
:10E49000002DEDD02279042A19D0052A00F0CB8076
:10E4A000022A17D0B9F1000FE2D14FF6FF7293455F
:10E4B0005D4627D0EA0908EBC20305F07F055B68DB
:10E4C00013EBC5051ED0284613B0BDE8F08F2468B5
:10E4D000002CE7D020463AF0FAFE8145C8D1B9F1C8
:10E4E000000FE2D0029B5A1E013C02EB090101E041
:10E4F0009142DAD012F8010F14F8013F9842F7D098
:10E50000D345B7D196E80700B7F834904FF6FF73BC
:10E510000DF1240B99458BE8070007F10C0500F07D
:10E520008E80FB6A4FEAD91203EBC20309F07F0227
:10E530005E6836F83230BB8606EBC2064FF6FF73D4
:10E54000F380B7F834A000229A45327100F0BC8005
:10E55000FB6A4FEADA1203EBC2030AF07F0E5D6832
:10E5600035F83E30BB8605EBCE059BE8070000235F
:10E57000DDF824C02B710CAC4FF6FF7384E8070064
:10E58000EB80BCF1000F00F09A809DF82CE0724601
:10E59000BEF1000F40F0D680DDF828B0BBF1030FCC
:10E5A00016D85FFA8BF39846BBF1000F00F0858117
:10E5B000581E5CFA80F00CF1FF3313F8011F00299C
:10E5C00008BF42F001029842F7D1002A00F00B8107
:10E5D000CDE90CCB8DF838E094E807000FAB83E869
:10E5E00007003846CDF83CC050F8083B00930FAB0D
:10E5F0000ECBFCF703FF002800F0128105233060EA
:10E6000033710398A6F806A043884FF6FF72934231
:10E6100000F09380FA6AD90902EBC10203F07F038C
:10E62000526802EBC303A3F80690A0F802A02846A4
:10E6300013B0BDE8F08F2468E08808344DE73A8EC7
:10E640003E68002A40F083807B8E002B00F0FD8026
:10E6500001233B86D7F82C90AF4B4FF480604FF0EE
:10E66000800A326812689A4240F0E7802EF030FF4C
:10E670003B8EFC6AC9F80400013B9BB204EBC30269
:10E680000028566808BF4FF0000A0021A9F800A032
:10E69000A9F802108EB134F83300518888420CD9A1
:10E6A00001EBC3194B1C1FFA89F906EBC106538015
:10E6B00044E7B3F5007F40F0E38001233B71002580
:10E6C000284613B0BDE8F08F398ED7F800A0002996
:10E6D00065D17B8E002B00F0D28001233B86FC6A43
:10E6E0008D4B4FF480608025DAF8002012689A4242
:10E6F00040F0A7802EF0ECFEB7F830A0F96A606019
:10E700000AF1FF3A1FFA8AFA01EBCA02002853689D
:10E7100008BF0025002025806080002BCDD031F877
:10E720003A105588A942C8D905EBCA1A691C1FFAC4
:10E730008AFA03EBC505518017E7A0F80090A0F80E
:10E7400002A0C0E60423C6F800C0337159E7FC6A92
:10E7500002F1FF391FFA89F904EBC9012046D1F80B
:10E7600004C0BCF1000F04D04B8834F839E09E455A
:10E770004DD87B8E9A4200F0CA80674B511C89B2FB
:10E78000B1F5007F00EBC209398615BF4FF48060F8
:10E790004FF47E704FF0800A4FF07F0A61E7FC6A09
:10E7A0004A1E92B204EBC200A046D0F804E0BEF1CB
:10E7B000000F04D0438834F832C09C4534D87B8E97
:10E7C00099423FF476AF544B4A1C92B2B2F5007FA7
:10E7D00008EBC1043A8615BF4FF480604FF47E7099
:10E7E00080257F2580E70223337142469CF8003064
:10E7F0003370012A07D09CF801307370022A02D0CE
:10E800009CF80230B370002306F80B30F9E603EBF6
:10E81000C9195A1C1FFA89F90CEBC3064A808DE608
:10E82000012305463B714EE603EBC21A5A1C1FFA40
:10E830008AFA0EEBC305428097E6014630469047C0
:10E8400016E701465046904756E7FC6A5B00A54232
:10E850001FFA83F934D0336830489B6883424FEA0B
:10E86000C90140F0888020463AF026FC00283FF499
:10E8700024AF294B3A8EF862A7F832907EE7FC6A03
:10E880005B009BB2A54202934AD01A46DAF80030E8
:10E8900022489B6883424FEAC20171D120463AF078
:10E8A0000BFC8046B8F1000F3FF407AF1A4B029AF9
:10E8B000398EC7F82C807A8686E702233371A2E767
:10E8C0003268154B126802939A424FEAC9005DD133
:10E8D0002EF0FEFD029B00283FF4EFAED4F800C0FE
:10E8E0006168A268D4F80CE0C0F80CE0C0F800C081
:10E8F00041608260D4F810C06169A269D4F81CE05C
:10E90000C0F81CE0C0F810C041618261B2E7B3F505
:10E91000007F3FF4D2AE99E7ED750200DD7502008D
:10E92000DAF80020194612681E4B04939A424FEA07
:10E93000C10030D12EF0CCFD049B8046B8F1000F11
:10E940003FF4BBAE21686268A568E068C8F80C00B7
:10E95000C8F80010C8F80420C8F808502169626996
:10E96000A569E069C8F81C00C8F81010C8F81420A0
:10E97000C8F818509BE70A4630462146984775E785
:10E980000A4650462146984780468BE70146304666
:10E990009047029B9FE7014650469047049B804664
:10E9A000CCE700BFED7502002DE9F04F934C238EAC
:10E9B000D4F800B095B0074688460BB30026E36A4A
:10E9C000DFF840A2B1460BE02EF09CFDE36AC5F8EB
:10E9D0000090218EC5F804900136B2B2914210D950
:10E9E000B5B203EBC505696808460029EFD0DBF82E
:10E9F00000305B685345E7D058469847E36AE6E73E
:10EA0000E36A7F4E00222286B3424FF6FF72A2864F
:10EA10000CD0DBF800207B4D5268AA4240F0E78022
:10EA200018462EF06FFD0423E6626386A16826680F
:10EA30000023237169B1734D33680A685B68A26073
:10EA4000AB42084640F087802EF05CFDA1680029AB
:10EA5000F2D100254FF47A716B4B09912A466B492C
:10EA600007930BA884F83C500895ADF82C508DF80E
:10EA70002E5019F06DFE9DF82C30002B79D1002F0F
:10EA80004AD038463AF023FC94F83C3005900022F6
:10EA900004978DF81820002B64D0202B3CD10094D3
:10EAA00004AE96E80E005A48FFF7B8FC0546B8F1E8
:10EAB000000F7FD040463AF00AFC074665B34F4945
:10EAC0002846F9F775FD032F15D85FFA87FC002F4C
:10EAD00000F091800CF1FF3058FA80F008F1FF331C
:10EAE000002213F8011F002908BF42F001029842DA
:10EAF000F7D1002A64D00023CDE904878DF81830BF
:10EB00002368009396E80E004248FCF777FC002843
:10EB10006AD0052328602B713C4940F201620BA8A2
:10EB200019F016FE9DF82C30002B3CD0334A07AB71
:10EB300002F1380004A904930023CDE90534FFF75E
:10EB400099FA0BA819F0C6FB0420FBF735F8012051
:10EB500015B0BDE8F08F30469847A16800297FF4D2
:10EB60006BAF76E720224FF0FF3384F83C20A3639D
:10EB700095E7294940F2FF120BA819F049FE064615
:10EB80000BA819F0A7FBAE427FF779AF0A23224901
:10EB90008DF80D30039A19488D55FDF78BFA10F05A
:10EBA000FF0F3FF46CAF0420FBF706F8002015B010
:10EBB000BDE8F08F0028AFD01049F9F7F9FCABE7BA
:10EBC00002232B7198F800302B70BCF1010F08D094
:10EBD00098F801306B70BCF1020F02D098F8023047
:10EBE000AB700023EB5597E70123237194E7194697
:10EBF0005846904717E702232B71F2E7E46900209B
:10EC0000F0690020E575020094D80600CCDE06000D
:10EC10001C6A0020EC690020388C002038B5094BB4
:10EC20001B780BB9002038BD044604200D46FAF7C6
:10EC3000A7FF0028F6D029462046BDE83840FFF758
:10EC4000B3BE00BF3001012070B584B06C462146D0
:10EC500009F08CFB18B90025284604B070BD02AE3F
:10EC60003146204609F00AFC114B1B78002BF2D0EC
:10EC70000420FAF785FF0028EDD00E483146FFF753
:10EC800093FE05460028E6D094E803000A4A0B4BA1
:10EC90001060918096E803009980090C18609971C2
:10ECA0000748012108F000F9284604B070BD00BFF4
:10ECB00030010120C4CB0600D8690020246A00205E
:10ECC00068BF00202DE9F04F5D4C238ED4F80090F2
:10ECD000A9B0FBB10026E36ADFF86C81374609E092
:10ECE0002EF010FCE36A2F60218E6F600136B2B205
:10ECF000914210D9B5B203EBC505696808460029F1
:10ED0000F1D0D9F800305B684345E9D048469847D0
:10ED1000E36AE8E7E36A4B4E00214FF6FF72B34225
:10ED20002186A2860CD0D9F80020474D5268AA420D
:10ED300040F0C48518462EF0E5FB0423E6626386A6
:10ED4000A16827680023237161B13F4D3B680A68C1
:10ED50005B68A260AB4208466CD12EF0D3FBA16881
:10ED60000029F3D100204FF47A7184F83C002EF092
:10ED700061FB364A0346042105A83AF0B5F905AB14
:10ED8000334A0BA820213AF0AFF994F83C30002B1D
:10ED900062D120224FF0FF3384F83C20A363B4F803
:10EDA00034904FF6FF73994500F09084E36A4FEA80
:10EDB000D91203EBC20309F07F085B6833F83820EF
:10EDC000A28603EBC8084FF6FF72A8F80620A38EB0
:10EDD0000021934288F8041000F0B685E26AD90950
:10EDE00002EBC10203F07F05576837F83520A28691
:10EDF00007EBC50700224FF6FF713A71F980A8F8BA
:10EE00000630628F1348C8F800008A424FF00400B1
:10EE10003D4688F8040000F0EF86E16AD00901EB76
:10EE2000C00102F07F02496801EBC202A2F806901D
:10EE3000638784E038469847A168002986D191E726
:10EE4000E4690020F0690020E575020088CE060024
:10EE500028CD0600D4CB0600202B40F0A580258FBE
:10EE60004FF6FF7845459AD0D4F82C90EA0909EB83
:10EE7000C20205F07F03556815EBC3058FD04FF034
:10EE8000010AEF88BAF1000F11D1474587D0FB097D
:10EE900009EBC30307F07F075D6815EBC7053FF477
:10EEA0007EAF8AF0010AEF88BAF1000FEDD02B791E
:10EEB000042B00F0DC80052B00F0DE80022BE4D177
:10EEC00028463AF004FA0E28DFD12B78622BDCD1E9
:10EED0006B786C2BD9D1AB78752BD6D1EB78652BB1
:10EEE000D3D12B79742BD0D16B796F2BCDD1AB795A
:10EEF0006F2BCAD1EB79742BC7D12B7A682BC4D175
:10EF00006B7A5F2BC1D1AB7A6E2BBED1EB7A612BC2
:10EF1000BBD12B7B6D2BB8D16B7B652BB5D14FF65D
:10EF2000FF739F423FF43BAFFB0909EBC30907F0B6
:10EF30007F07D9F8045015EBC7053FF430AF0BA895
:10EF40003AF0C5F94E4907462846F9F731FB032F39
:10EF500000F27B835FFA87FC002F00F07C850DF1C7
:10EF60002D030CF1FF3153FA81F100220BAB13F8A2
:10EF7000010B002808BF42F001028B42F7D1002AA2
:10EF800040F063839DF82C302B700222BCF1010FFE
:10EF90002A7107D09DF82D306B70944502D09DF8F2
:10EFA0002E30AB700023EB551BAF42F210714FF4C3
:10EFB0007A702EF03FFA334A0346052106A83AF04C
:10EFC00093F894F83C30002B60D120224FF0FF33AF
:10EFD00084F83C20A363B4F834A04FF6FF739A453D
:10EFE00000F01384E36A4FEADA1203EBC2030AF07B
:10EFF0007F095B6833F83920A28603EBC9094FF615
:10F00000FF72A9F80620A38E0021934289F804100C
:10F0100000F05984E26AD90902EBC10203F07F08CB
:10F02000526832F83810A18602EBC80800224FF669
:10F03000FF7188F80420A8F80610A9F80630628F3E
:10F040001148C9F800008A424FF0040089F8040012
:10F0500000F0D785E16AD00901EBC00102F07F0220
:10F06000496801EBC202A2F806A0638782E02D681E
:10F07000002D7FF425AF08E72D68E888083522E7E2
:10F08000E46900203CCD0600B8CD0600202B40F0FE
:10F09000AB80258F4FF6FF794D459CD0D4F82CA03E
:10F0A000EA090AEBC20205F07F03556815EBC305B8
:10F0B00091D04FF0010BB5F80680BBF1000F13D1D2
:10F0C000C84588D04FEAD8130AEBC30308F07F087D
:10F0D0005D6815EBC8053FF47EAF8BF0010BB5F80A
:10F0E0000680BBF1000FEBD02B79042B00F0E980F8
:10F0F000052B00F0EB80022BE2D128463AF0E7F82E
:10F100000D28DDD12B78622BDAD16B786C2BD7D11F
:10F11000AB78752BD4D1EB78652BD1D12B79742BAF
:10F12000CED16B796F2BCBD1AB796F2BC8D1EB796B
:10F13000742BC5D12B7A682BC2D16B7A5F2BBFD1D0
:10F14000AB7A702BBCD1EB7A692BB9D12B7B6E2BB0
:10F15000B6D14FF6FF7398453FF43DAF4FEAD81351
:10F160000AEBC30A08F07F08DAF8045015EBC80868
:10F170003FF431AF06A83AF0AAF856498146404616
:10F18000F9F716FAB9F1040F00F04A825FFA89F034
:10F19000B9F1000F00F056840DF11903411E53FA26
:10F1A00081F1002206AB13F8015B002D08BF42F08D
:10F1B00001029942F7D1002A40F032829DF81830BE
:10F1C00088F800300222012888F8042009D09DF830
:10F1D000193088F80130904203D09DF81A3088F831
:10F1E0000230002308F809300C2100202EF022F90B
:10F1F0000B21054600202EF01DF98542D8BF0130B5
:10F20000354B364A53F82010009153F8253013A897
:10F21000202139F069FF94F83C30002B62D1202284
:10F220004FF0FF3384F83C20A363B4F834A04FF6CA
:10F23000FF739A4500F0A582E36A4FEADA1203EB06
:10F24000C2030AF07F095B6833F83920A28603EB1A
:10F25000C9094FF6FF72A9F80620A38E0021934238
:10F2600089F8041000F0B083E26AD90902EBC10208
:10F2700003F07F08526832F83810A18602EBC80804
:10F2800000224FF6FF7188F80420A8F80610A9F8AC
:10F290000630628F1248C9F800008A424FF004001D
:10F2A00089F8040000F0B284E16AD00901EBC001E2
:10F2B00002F07F02496801EBC202A2F806A0638750
:10F2C0007EE02D68002D7FF418AFF9E62D68E88800
:10F2D000083515E7E469002074DE060044CD060019
:10F2E000ACCD0600202B40F04F81258F4FF6FF79E3
:10F2F0004D459AD0D4F82CA0EA090AEBC20205F0D9
:10F300007F03556815EBC3058FD04FF0010BB5F89F
:10F310000680BBF1000F13D1C84586D04FEAD81341
:10F320000AEBC30308F07F085D6815EBC8053FF4DE
:10F330007CAF8BF0010BB5F80680BBF1000FEBD072
:10F340002B79042B00F04781052B00F04981022B1B
:10F35000E2D1284639F0BBFF0B28DDD12B78642B96
:10F36000DAD16B78652BD7D1AB78762BD4D1EB780B
:10F37000692BD1D12B79632BCED16B79652BCBD176
:10F38000AB795F2BC8D1EB796E2BC5D12B7A612B72
:10F39000C2D16B7A6D2BBFD1AB7A652BBCD14FF646
:10F3A000FF7398453FF441AF4FEAD8130AEBC30A05
:10F3B00008F07F08DAF8045015EBC8083FF435AFC1
:10F3C00013A839F084FFB34906464046F9F7F0F830
:10F3D000032E00F21081F0B2002E00F038830DF100
:10F3E0004D03411E53FA81F1002213AB13F8015B68
:10F3F000002D08BF42F001029942F7D1002A40F0E7
:10F40000FA809DF84C3088F800300222012888F8F4
:10F41000042009D09DF84D3088F80130904203D087
:10F420009DF84E3088F80230002308F8063094F832
:10F430003C30994A1B920B2101221C918DF87420BB
:10F44000002B40F0378220224FF0FF3384F83C201D
:10F45000A363009497E80E009048FEF7DFFF05468F
:10F46000002800F0FF838B49F9F7A2F804238C4AA7
:10F470002B7194F83C302A608A4A1B921621012293
:10F480001C918DF87420002B40F00C8220224FF04C
:10F49000FF3384F83C20A363009497E80E007F4874
:10F4A000FEF7BCFF0546002800F0D9837949F9F73B
:10F4B0007FF804237C4A2B7194F83C302A607B4A05
:10F4C0001B921B2101221C918DF87420002B40F00F
:10F4D000E58120224FF0FF3384F83C20A3630094A1
:10F4E00097E80E006D48FEF799FF0546002800F0EA
:10F4F000B3836849F9F75CF804236D4A2B7194F8DB
:10F500003C302A606B4A1B920E2101221C918DF81F
:10F510007420002B40F0BE8120224FF0FF3384F88E
:10F520003C20A363009497E80E005C48FEF776FF4A
:10F530000546002800F08D835649F9F739F8042371
:10F540005B4A2B7194F83C302A605B4A1B920D2178
:10F5500001221C918DF87420002B40F0A7812022FD
:10F560004FF0FF3384F83C20A363009497E80E002B
:10F570004A48FEF753FF054630B14649F9F718F8F7
:10F580004E4B2B6004222A714FF47A7200254C4BAB
:10F590001D924C491C951FA840F20162ADF87C50A9
:10F5A0008DF87E501B9319F0D3F89DF87C60DEB186
:10F5B000384A089702F1380008A9CDE90954FEF746
:10F5C00059FD1FA818F086FE0420FAF7F5FA01206D
:10F5D00029B0BDE8F08F2D68002D7FF4BAAE9BE610
:10F5E0002D68E8880835B7E60420FAF7E5FA3046D2
:10F5F00029B0BDE8F08F002313AA8DF8743023687A
:10F600001C961B92009397E80E002F48FBF7F6FE1E
:10F61000002838D00523C8F8000088F8043006E731
:10F62000002306AA8DF874302368CDF870901B92E1
:10F63000009397E80E002448FBF7E0FEE0B10523B5
:10F64000C8F8000088F80430CEE500230BAA8DF836
:10F65000743023681C971B921BAF009397E80E0031
:10F660001948FBF7CBFE88B1052328602B719CE479
:10F67000B3F5007F40F0B68301232371B4E5B3F501
:10F68000007F40F0918301232371D0E60123237191
:10F690008BE400BFE46900204CCD06001C6A00200A
:10F6A00058CD060094CD060060CD060078CD06004A
:10F6B00064CD060068CD0600C4CB060034FF06000A
:10F6C00094D80600CCDE0600EC690020238E276863
:10F6D000002B00F01082D4F82C8003F1FF391FFAC0
:10F6E00089F908EBC901486828B14A8838F83950C7
:10F6F000954200F2A482628E934200F03483B14DB1
:10F700005A1C92B2B2F5007F08EBC308228615BFDF
:10F710004FF480604FF47E704FF080094FF07F0906
:10F720003B681B68AB4240F0C3822DF0D1FE00283D
:10F7300008BF4FF000090023A8F80230A8F8009095
:10F74000B4F83090E16AC8F8040009F1FF391FFAF3
:10F7500089F901EBC9035A68002A00F0488231F8A0
:10F760003910B3F80280414540F2418208EBC919D3
:10F7700008F101011FFA89F902EBC8085980FFF767
:10F7800022BB238ED4F80080002B40F08E81628E45
:10F79000002A00F0CB820123D4F82C90894D2386D7
:10F7A0004FF480604FF0800AD8F800301B68AB42FD
:10F7B00040F082822DF08CFE002808BF4FF0000A36
:10F7C0000023A9F80230A9F800A0B4F830A0E16A3B
:10F7D000C9F804000AF1FF3A1FFA8AFA01EBCA03DA
:10F7E0005A68002A00F05E8231F83A10B3F80290AD
:10F7F000494540F2578209EBCA1A09F101011FFA83
:10F800008AFA02EBC909598023E5238ED4F80080D7
:10F81000002B40F02481628E002A00F069820123CF
:10F82000D4F82C90674D23864FF480604FF0800A07
:10F83000D8F800301B68AB4240F042822DF048FE01
:10F84000002808BF4FF0000A0023A9F80230A9F8E9
:10F8500000A0B4F830A0E16AC9F804000AF1FF3A48
:10F860001FFA8AFA01EBCA035A68002A3FF404AF70
:10F8700031F83A10B3F8029049457FF6FDAE09EB36
:10F88000CA1A09F101011FFA8AFA02EBC909598063
:10F89000FFF7B5BB202B3FF445AE75E6202B3FF4B8
:10F8A0001EAE71E6202B3FF4F7AD6DE6202B3FF442
:10F8B0005CAE69E6202B3FF4CCAD65E619464846C0
:10F8C0009047FFF73ABA218ED4F800B0002940F0F3
:10F8D0006881638E002B00F085820123D4F82C8090
:10F8E000384D23864FF480608023DBF8002003939B
:10F8F0001268AA4240F0EC812DF0EAFD039BE56A14
:10F90000002808BF00230022A8F80220A8F8003031
:10F91000238EC8F80400013B9BB205EBC3014A6883
:10F92000002A3FF4A9AE35F83300B1F80280404513
:10F930007FF6A2AE08EBC31308F101009BB202EB05
:10F94000C8084880FFF772BB228ED4F800A0002AB6
:10F9500040F0DF80638E002B00F062820123E76AB3
:10F96000184D23864FF480604FF0800BDAF800309A
:10F970001B68AB4240F0B1812DF0AAFD00284FF08A
:10F98000000308BF4FF0000BA7F800B07B80238E68
:10F99000E16A7860013B9BB201EBC3025768002F1C
:10F9A00000F0258131F833105588A94240F21F81BB
:10F9B00005EBC313691C9BB207EBC5075180FFF72A
:10F9C00019BA00BFED750200218ED4F800B00029ED
:10F9D00040F0C280638E002B00F0E6810123E66ACE
:10F9E000C04D23864FF480604FF08008DBF8003074
:10F9F0001B68AB4240F068812DF06AFD00284FF093
:10FA0000000308BF4FF00008A6F800807380238E23
:10FA1000E56A7060013B9BB205EBC3014A68002AAE
:10FA20003FF431AE35F83300B1F8028040457FF63F
:10FA30002AAE08EBC31308F101009BB202EBC80821
:10FA400048801DE4022388F80430FFF7CABB022374
:10FA500088F80430E8E402232B71FFF7A3BAD4F846
:10FA60002C9003F1FF3A1FFA8AFA09EBCA014868A1
:10FA700028B14A8839F83A50954200F2CC80628E1B
:10FA8000934200F03181974D5A1C92B2B2F5007F3B
:10FA900009EBC309228615BF4FF480604FF47E70D6
:10FAA0004FF0800A4FF07F0AC2E6D4F82C9003F1A1
:10FAB000FF3A1FFA8AFA09EBCA01486828B14A8856
:10FAC00039F83A50954200F2B080628E934200F0CD
:10FAD0003582844D5A1C92B2B2F5007F09EBC309FE
:10FAE000228615BF4FF480604FF47E704FF0800A7D
:10FAF0004FF07F0A58E6628E002A00F03881012319
:10FB0000D4F82C80774D23864FF480604FF0800925
:10FB100006E6D4F82CC0531E9BB20CEBC3014F6811
:10FB20002FB14D883CF83300A84200F29E80638ECE
:10FB30009A4258D06B4D531C9BB2B3F5007F0CEB2F
:10FB4000C207238615BF4FF480604FF47E704FF0DC
:10FB5000800B4FF07F0B09E7D4F82CC04B1E9BB2F3
:10FB60000CEBC300426832B1B0F802803CF833506D
:10FB7000454500F28380638E99423FF480AD594D34
:10FB80004B1C9BB2B3F5007F0CEBC106238615BF5F
:10FB90004FF480604FF47E704FF080084FF07F0884
:10FBA00024E7D4F82CC04B1E9BB20CEBC300426878
:10FBB0002AB1B0F802803CF83350454568D8638ECE
:10FBC00099423FF455AD474D4B1C9BB2B3F5007FB6
:10FBD00023860CEBC10815BF4FF480604FF47E7094
:10FBE00080237F2381E6B3F5007F40F01981012354
:10FBF00023711BAFFFF7D9B9A4F838906387FFF7DB
:10FC00009EB9A4F838A06387FFF7B4BAA4F838A067
:10FC10006387FFF7D5BB02EBCA1A531C1FFA8AFA97
:10FC200000EBC2094B80FFF7EAB902EBCA1A531C7A
:10FC30001FFA8AFA00EBC2094B80FFF70ABB02EBFE
:10FC4000C919531C1FFA89F900EBC2084B80FFF752
:10FC5000BAB894F83C3078E494F83C3052E494F824
:10FC60003C302CE494F83C3006E405EBC3136A1CEA
:10FC70009BB207EBC5074A80FFF7BCB808EBC3137C
:10FC800008F101019BB202EBC8084180FFF7F8BA06
:10FC900008EBC31308F101019BB202EBC8084180D5
:10FCA000FFF7C4B9012294F83C302271FFF7C1BBC1
:10FCB0000146384698473AE50146404698477BE575
:10FCC000014640469847BBE501465846984795E6A9
:10FCD000014658469047039B11E601465046984717
:10FCE0004CE600BFED750200B2F5007F3FF4C4ACF6
:10FCF000E06AD8F800305200B0421FFA82FA00F0F1
:10FD0000F780D84A9B6893424FEACA0140F091813C
:10FD100039F0D2F98146B9F1000F3FF4ADACD24DC4
:10FD2000238EC4F82C90A4F832A0ADE6E06AD8F88F
:10FD300000305200B0421FFA82FA00F08D80C94AAA
:10FD40009B6893424FEACA0140F07F8139F0B4F9D1
:10FD50008146B9F1000FA5D0C34D238EC4F82C9075
:10FD6000A4F832A0B6E6B2F5007F3FF440AFE06AF7
:10FD70003B685200B0421FFA82F900F09380B94A02
:10FD80009B6893424FEAC90140F0598139F094F9D8
:10FD90008046B8F1000F3FF42AAFB34D238EC4F86C
:10FDA0002C80A4F83290ABE4E06A5B00B0421FFA0A
:10FDB00083F8DBF8003000F01A81AA4A9B6893426E
:10FDC0004FEAC80140F0568139F076F98446BCF11B
:10FDD000000F3FF458ACA44D218EC4F82CC0A4F8F9
:10FDE0003280CDE6E06A5B00B0421FFA83F8DBF8B0
:10FDF000003000F0B1809B4A9B6893424FEAC801F3
:10FE000040F03E8139F058F98446BCF1000F3FF4D0
:10FE100033AC954D218EC4F82CC0A4F83280D3E6C3
:10FE2000E06A5B00B0429FB2DAF8003000F0BA80BE
:10FE30008C4A9B6893424FEAC70140F00C8139F02D
:10FE40003BF98446BCF1000F3FF4D1AE864D228EC3
:10FE5000C4F82CC067866EE6834D1B68AB424FEA40
:10FE6000CA0140F0138108462DF032FB8146B9F1FA
:10FE7000000F3FF417AFDFF8F8E1BEE80F00C9F854
:10FE80000000C9F80410C9F80820C9F80C30BEE811
:10FE90000F00C9F81000C9F81410C9F81820C9F8E3
:10FEA0001C305AE7704D1B68AB424FEAC90140F065
:10FEB000018108462DF00CFB8046B8F1000F3FF49D
:10FEC00096AEDFF8ACE1BEE80F00C8F80000C8F855
:10FED0000410C8F80820C8F80C30BEE80F00C8F8B5
:10FEE0001000C8F81410C8F81820C8F81C3055E7DE
:10FEF0005D4D1B68AB424FEACA0140F0D380084613
:10FF00002DF0E6FA8146B9F1000F3FF4B5ABDFF80A
:10FF100060E1BEE80F00C9F80000C9F80410C9F894
:10FF20000820C9F80C30BEE80F00C9F81000C9F865
:10FF30001410C9F81820C9F81C30F1E6B3F5007F99
:10FF40007FF4F4AE494901230B22CDE91B12237142
:10FF50008DF87430FFF77DBA434D1B68AB424FEA12
:10FF6000C80140F0978008462DF0B2FA8446BCF1F3
:10FF7000000F3FF481ABDFF8F8E0BEE80F00CCF8EB
:10FF80000000CCF80410CCF80820CCF80C30BEE807
:10FF90000F00CCF81000CCF81410CCF81820CCF8D6
:10FFA0001C3037E7304D1B68AB424FEAC70175D1B3
:10FFB00008462DF08DFA8446BCF1000F3FF417AED1
:10FFC000DFF8ACE0BEE80F00CCF80000CCF804107D
:10FFD000CCF80820CCF80C30BEE80F00CCF81000AC
:10FFE000CCF81410CCF81820CCF81C302FE71E4D9C
:10FFF0001B68AB424FEAC80158D108462DF068FA99
:020000023000CC
:100000008446BCF1000F3FF43EAB194E0FCECCF846
:100010000000CCF80410CCF80820CCF80C300FCE3F
:10002000CCF81000CCF81410CCF81820CCF81C3008
:10003000D2E60A4601464046984781466BE60A46A4
:100040000146384698478046A3E60A4601464046A0
:10005000984781467DE60A460146504698478446C1
:10006000F0E600BFDD750200ED7502004CCD060024
:10007000F06900200A460146584698478446A6E69D
:100080000A460146584698478446BEE64046984789
:100090008146ECE658469847844668E750469847BC
:1000A000844689E74046984781462CE7584698475A
:1000B0008446A6E7384698478046FEE61A4B1B78EA
:1000C0000BB90020704710B504208AB0F9F758FD2D
:1000D00090B10024154A1649ADF80440234601A802
:1000E0008DF8064018F02CFB68B90420F9F764FD80
:1000F0000420F9F745FD10B900200AB010BDFEF745
:10010000E1FD0AB010BD094A0949ADF804400123D8
:1001100001A88DF8064018F013FB0028E5D001A8CF
:1001200019F07EFBE1E700BF30010120CCDE0600C4
:10013000486500202DE9F043BA4BBB4A196891424B
:10014000ADF5317D12D0B94A1968914200F0C380F3
:10015000B74A1968914200F0D280B64A19689142B4
:1001600000F0A3810DF5317DBDE8F0839A88542A13
:10017000E9D10420F9F704FD0024002800F0728181
:100180004FF47A72AC4B0592AC49039307A8224610
:100190000494ADF81C408DF81E4018F0D9FA9DF873
:1001A0001C30002B00F0958130A940F2FF1207A807
:1001B00018F02EFB054607A818F08CF80420F9F774
:1001C000FBFC002D40F3A58130AB0A265C558DF871
:1001D000096019468DF844404FF4802312948DF83D
:1001E0007C40029A964F10974FF6FF7410A813ADFB
:1001F000CDE91B53ADF87440ADF87E40FBF75AFFD4
:10020000C0B2002840F08B819DF87C30202B40F05C
:10021000AF80BDF87820A24200F08A811B9BD109F3
:1002200003EBC10302F07F025B6813EBC20300F033
:100230005981DA88834F844E4FF6FF74002B00F00B
:1002400097801979042900F06281052900F05C810A
:10025000022918BF0023A24278D01B99D00901EBD4
:10026000C00102F07F0C48684FEAD21910EBCC02B3
:10027000E04609D01179042900F04381052900F0F6
:100280003C81022918BF00224021009220A83A4652
:1002900038F02AFF20A839F01AF820A982B2304697
:1002A00021F0F2FB0A202DF0F7F81B9901EBC909A8
:1002B000D9F8042012EBC8025AD0D388A34257D0F1
:1002C000DA0901EBC20103F07F024B6813EBC203B2
:1002D0004ED0DA88B2E71A793A2A7FF439AF5B4B0D
:1002E0001B7800228DF88020002B7CD1584956487D
:1002F0000E2221F0C9FB0DF5317DBDE8F0831A799E
:100300003A2A7FF42AAF3D21524838F0B0FF00234B
:100310000146002800F0EB804E4801F8013BFEF753
:100320007DFC002800F0A7804A4B4B4A30A84021B2
:1003300038F0DAFE30A838F0CAFF30A982B242485D
:1003400021F0A2FB0DF5317DBDE8F08300224021B4
:10035000009220A83B4A38F0C7FE20A838F0B7FF2B
:1003600020A982B2384821F08FFB0A202DF094F8A2
:100370003A493548042221F087FB1298109F60B15A
:10038000374C3B6802685B681292A34242D12DF061
:10039000B9F812980028F4D1109FBDF87030002BE6
:1003A0006FD000261B99DFF8B890B0460CE02DF016
:1003B000A9F81B99C4F80080BDF87020C4F8048027
:1003C0000136B3B29A425DD9B4B201EBC40460689D
:1003D0000028EFD03B685B684B45E8D001463846C3
:1003E00098471B99E6E70420F9F7CAFB00283FF479
:1003F0007DAF1848302220A9FBF7F4FE00283FF417
:1004000075AF20AB00930F4A124B30A8402138F053
:100410006BFE8FE701463846984712980028B0D106
:10042000BAE700BFDC7B0020534C49535347455487
:10043000535345545352455394D80600D8CD060023
:10044000B460002010CE0600DCDF00203001012067
:1004500024CE0600E17B002044CE06001CCE060020
:10046000E5750200384939480C2221F00DFB0DF5E5
:10047000317DBDE8F083364934480F2221F004FB7A
:1004800070E61B9900224FF6FF73A942ADF8702069
:10049000ADF874303FF466AE3B682E4A5B68934219
:1004A00022D108462DF02EF85CE6998845F24542A7
:1004B00091427FF457AE9B79002B7FF453AEFFF748
:1004C000FDFD002836D1244920480F2221F0DCFA16
:1004D00048E60420F9F770FB20491C480C2221F063
:1004E000D3FA3FE62246A5E6384698473AE61C4945
:1004F00016480C2221F0C8FA34E650F83C200832A5
:10050000C2E650F83C20BFE61B680833A3E61B6830
:10051000A1E614490D480A2221F0B6FA22E6124952
:100520000A48324621F0B0FA10A8F7F7E5FC19E6C0
:1005300003467FE60D490548092221F0A5FAC820A7
:100540002CF0AAFFF6F7BEFEC8CD0600DCDF0020C7
:100550004CCE0600E575020068CE0600E8CD060028
:1005600034CE0600F8CD060004CE06005CCE0600B0
:10057000F0B5B04BDB68D90197B003D5AE4B1A6824
:10058000D20710D42EF094F9AC4BAD4EA0FB030172
:10059000830A43EA81502CF049FF33785BB9002489
:1005A000204617B0F0BD5868A54E80092CF03EFFDC
:1005B0003378002BF3D00025A24AA349ADF8285088
:1005C0002B460AA88DF82A5018F0BAF8044650B9FC
:1005D0000420F9F7D5FA0028E1D0FEF773FB0446B2
:1005E000204617B0F0BD33788DF82850002B60D12D
:1005F00000238DF828300C2100202CF01BFF0B214C
:10060000054600202CF016FF8542D8BF01308F4BE5
:100610008F4A53F82010009102AF53F82530384626
:10062000202138F061FD3378002B40F042818DF8B5
:1006300028304FF47A7100202CF0FCFE854A0346E6
:100640002021384638F050FD3378002B00F0B98077
:100650000420F9F795FA002840F020813278002331
:100660008DF8283052B10420F9F78AFA30B17A486F
:100670000AA93022FBF7B6FD002891D102AF42F261
:1006800010714FF47A702CF0D5FE744A03460521A0
:10069000384638F029FD3378002B81D00420F9F753
:1006A0006FFA00283FF47CAF39466B48FEF77CF9BF
:1006B00076E70420F9F764FA002840F09B8033784D
:1006C000002B95D00420F9F75BFA002840F0EB806E
:1006D000327800238DF82830002A89D00420F9F7D9
:1006E0004FFA002840F097803378002B80D0042008
:1006F000F9F746FA002840F0CB80327800238DF8D5
:100700002830002A3FF474AF0420F9F739FA0028A2
:1007100079D13378002B3FF46BAF0420F9F730FA2E
:10072000002840F0AF80327800238DF82830002A6E
:100730003FF45EAF0420F9F723FA002852D1337852
:10074000002B3FF455AF0420F9F71AFA00286BD1BB
:10075000327800238DF82830002A3FF449AF042076
:10076000F9F70EFA80B33E4830220AA9FBF73AFDAA
:1007700050B3327800238DF82830002A3FF43BAF85
:100780000420F9F7FDF900283FF435AF3548302251
:100790000AA9FBF727FD00283FF42DAF327800238C
:1007A0008DF828305AB10420F9F7EAF938B12E480B
:1007B00030220AA9FBF716FD00287FF44FAF02AFE5
:1007C00037E78DF828305AE73378002B3FF410AF25
:1007D0000420F9F7D5F90028CBD024492048FEF7AA
:1007E000E3F8C6E7224830220AA9FBF7FBFC002801
:1007F000AED1A4E71F4830220AA9FBF7F3FC00287A
:100800007FF466AF5BE71C4830220AA9FBF7EAFCDD
:10081000002888D17DE7194830220AA9FBF7E2FCBD
:1008200000287FF46AAF5FE715491148FEF7BCF86E
:1008300032788EE7F0ED00E0001000E040420F005B
:1008400030010120CCDE06004865002074DE060081
:1008500044CD060078CE0600B8CD06003CCD06009B
:10086000C4CB0600ACCD0600D4CB060034FF060096
:1008700068CD06004CCD060078CD060094CD06006C
:1008800064CD060010491148FEF78EF832784BE728
:100890000F491048FEF788F832782FE739460E489E
:1008A000FEF782F8DAE60D490D48FEF77DF832785A
:1008B0000FE70420F9F764F900283FF46FAF3946D9
:1008C0000848FEF771F869E764CD060078CD0600A8
:1008D00060CD060094CD0600D4CB060058CD0600AE
:1008E0004CCD0600ACCD060070B5274D2748284CEE
:1008F000284E22F0D5FC2846122120F0D9FF0022F4
:100900002846112120F0ECFF2846F42120F0D4FFE6
:10091000284620F0A5FC20460C2120F0C9FF2046E7
:100920001122002120F0DCFF2046F42120F0C4FF3A
:1009300001221949194D204620F0D8FF204620F009
:100940008FFC3046102120F0B3FF002230461121E9
:1009500020F0C6FF3046F42120F0AEFF304620F0F4
:100960007FFC2846122120F0A3FF284600221121F7
:1009700020F0B6FF2846402120F09EFF2846BDE823
:10098000704020F06DBC00BF14DF0020C4DF0020E9
:100990006CDF0020BCDE0020D9930200DCDF0020E9
:1009A00070B5284E2848294C294D82B022F078FC99
:1009B00030460C2120F07CFF30461122002120F02F
:1009C0008FFF3046402120F077FF01222149304639
:1009D00020F08CFF304620F043FC2046102120F010
:1009E00067FF20460022112120F07AFF2046602177
:1009F00020F062FF18492046012220F07FFF2046A8
:100A000020F02EFC002601220DF1070120468DF872
:100A1000076020F095FF2846022120F049FF32466A
:100A20002846112120F05CFF2846022120F046FFD5
:100A3000284620F015FC09492846022220F080FFB4
:100A400002B070BD846A0020408E0020DC6A002065
:100A5000346B00209D7702002173020008E7060036
:100A600070B5274C274D82B001260A2320460096F8
:100A70006422F72122F032FF00223146204622F084
:100A800041FF2046042123F0FBF820461E4921F0B7
:100A900009FD20461D4921F007FD00231A4619468D
:100AA00004F1200021F0B8FF04F12000002121F022
:100AB000CBFF04F12000164922F08AF80C2206210F
:100AC000204621F0E5FC134823F0E8FA28461249B5
:100AD0000F2223F057FB28461049112223F04AFB2E
:100AE0000F490522284623F049FB284623F084FBC2
:100AF000FFF7FAFEFFF754FF0A4B1E7002B070BDFD
:100B0000843D0120F8DC002059780200ED780200D5
:100B10001D73020088DC0020E4CB060090CE0600A6
:100B2000A4CE06007CDC002010B50E48F9F7B6FC18
:100B300010B90D48F9F7B2FC0C4B1B780BB9FFF755
:100B40008FFF0B4B0B48012421461C7023F0E6F865
:100B50000848FA2123F0E6F8FBF708FD064B1C7065
:100B600010BD00BF00127A0080841E007CDC0020D3
:100B700084DC0020843D012038DC002030B53C4B73
:100B80001B7891B00BB9FFF76BFF3A4B1A78012A2B
:100B90003CD0022238481A7020F046FA364820F03D
:100BA00053F9364820F050F9354821F051FC0446FD
:100BB00060BB344B5D7865B3334908A807F066FC29
:100BC0001F28054622D101A807F07CFC2F492C489C
:100BD00023F02EF82848012120F054F9A0221146D4
:100BE000254820F053F92448214620F057F92A4699
:100BF00008A9214820F018F901A9054619221F4823
:100C000020F012F900B165BBF8F772F8002011B0BE
:100C100030BD1948012120F035F91C49184823F04E
:100C200007F80621144820F0E7F81949124820F087
:100C300087F8114820F09AF829460F4820F02EF93D
:100C4000F4220D48202120F021F90B481E2120F02C
:100C500017F9F8F74DF82946074820F07FF911B049
:100C600030BDF8F745F82146034820F077F9CEE784
:100C70007CDC002084DC0020C443012000440120EF
:100C8000843D012068BF0020D8690020ACCE06005A
:100C9000408E002010B5013884B0052814D8DFE854
:100CA00000F02C2C24300315224B1B7863B1224B0F
:100CB0001B784BB12CF0E4FB204B00F6AC501860D5
:100CC0002CF0DEFB1E4B186004B010BD194B1B78D6
:100CD0005BB11C4A13884FF6FF719BB28B4204D064
:100CE0001188194889B223F061F8184B1B78022B40
:100CF000EAD1174820F098F9E6E7FFF73FFF04B084
:100D000010BD144C01A82278092107F0EDFB2378CF
:100D1000023323700028D7D0064B1B78002BD3D08A
:100D2000054B1B78002BCFD082B201A90A4820F0D6
:100D3000ABFEC9E7E1690020DF6900202C6A0020D2
:100D40008C6B0020C4600020843D012084DC0020E6
:100D5000C44301200AAF0020DC6A00202DE9F04FD7
:100D60005F4B604F1D78BE7889B0002D39D15E4C45
:100D70000DF10C0B5D495E48DFF8B4E15D4B0022DC
:100D80000A704A705C4902700A705C485C490270E3
:100D90000A705C485C4902700A705C485C498EF8D5
:100DA00000201A700A70CBE90122CBE903220392DA
:100DB00002702CF065FB0146227803914FF0010888
:100DC000594648488DF814208DF81C8006F09EF88E
:100DD000FFF760FF16B10DB987F8028009B0BDE8D2
:100DE000F08F414C0346FEB1227802F0FF05002A45
:100DF00058D10BB12378CBB90DF10C0B227832B15D
:100E000044490A884FF6FF7092B2824255D1DFF80A
:100E1000248198F80020022AACD13F4820F004F940
:100E2000002288F80020A5E73546E2E73B4A137820
:100E300003F0FF0A002BDFD02378002B4CD013786F
:100E400003F0FF05002B47D02CF01AFBDFF8E880F9
:100E500000F6AC590DF10C0B06E0314B314AC3F8EA
:100E600000261E202CF018FB2CF00AFB0346A3EBF7
:100E70000903002B4FF0090158462FDA2378002B85
:100E8000BCD098F8002007F049FB98F800300233F6
:100E900088F800300028E0D082B25946224820F07D
:100EA000F3FDDAE71D4A127802F0FF05002AA0D010
:100EB0000190F6F79FFB019B9BE709881B48DFF831
:100EC000748089B222F072FF0022227098F800200C
:100ED000022A7FF44FAFA0E70DF10C0B55468DE7CA
:100EE0007CDC002068BF0020E169002098BF002062
:100EF000D97B0020358C0020928E0020806A002053
:100F0000C07B0020588E0020CA7B0020CD7B0020B3
:100F1000B47B0020C4600020C4430120DF690020AE
:100F2000000001403546526EDC6A0020843D0120FD
:100F3000DA7B002084DC00200AAF002010B50A4CC8
:100F400023782BB1094B1B7813B1094B1B783BB9A4
:100F50000020084B2070BDE810401870FFF7FEBE5F
:100F6000F6F748FBF4E700BF588E0020E169002047
:100F7000DF690020C07B00202DE9F04F9C4E3378C4
:100F8000ABB023B19B4C2378002B00F01C819A4F0F
:100F9000DFF8CC823D7818F80530002B66D0DFF8FA
:100FA000C4A212AC04E03D7818F80530002B5DD0E7
:100FB0001AF80590914BB9F1200F28BF4FF0200986
:100FC00003EB45114A46204637F070F9002285F0C0
:100FD00001034946204608F805203B7007F03CFD18
:100FE00000286BD149466A46204607F011FD0128CA
:100FF0000546D8D1824B1B78062BD4D104A968466C
:101000000DF1080907F03AFA494604A807F0AEF9CD
:101010000DF1180B034659464846002BC3D007F084
:101020002DFA784B1B780420002BBCD0F8F7A8FDD4
:10103000034659467448002BB5D0FDF7B5FC734AFA
:10104000734BDFF800C20028ADD099E803001060B0
:1010500091809BE803008CF800503D7818600A0CE2
:1010600099809A7118F80530002BA1D1694C23683A
:10107000002B40F083802CF003FA674A1368C31AF0
:10108000002B0DDB654B1B786430106043B1337867
:1010900033B1584B1B781BB12268002A00F0E48062
:1010A0005F4B1B788BB15F4B1B7823B15E4B1B787A
:1010B000022B00F021812BB0BDE8F08F5B4B187044
:1010C0002CF0DEF95A4B18608CE712ACC4E90133FE
:1010D000C4E9033312932CF0D3F9564B12901968DC
:1010E000337832788DF85030139102F0FF0312B14B
:1010F000404B1B78DBB24D4D8DF851302B786BB1E6
:101100002CF0BEF94A4B1A6840F6B833801A984260
:1011100004D82B78022B18BF012300E00023464A95
:10112000464E474D8DF852300023177813703278B1
:1011300044488DF854202146434A2C788DF8554078
:101140002F4C2B700578037010788DF856508DF861
:10115000570025783370204613708DF8537005F0D2
:10116000D5FEFFF797FD042DA5D12378052BA2D13D
:10117000002FA0D1354B01221A709CE72CF080F98A
:101180003378EBB12368C31A002B19DA30490B68A6
:10119000C31A002BFFF66FAF2E4D1E3008602A7861
:1011A00012A8092107F0BAF92B7802332B70002816
:1011B0003FF461AF82B212A9274820F065FC5AE7DC
:1011C0000023236057E72CF05BF9244A1368C31A05
:1011D000002BFFF6DCAE00F1FA031F48136020F08D
:1011E000EBFB00283FF4D3AE01232370CFE600BF12
:1011F000E1690020DF690020D6690020C8AE002028
:1012000068BF002030010120C4CB0600D86900204F
:10121000246A00202C6A0020BC7B00207CDC00209B
:10122000C07B0020CA7B002084DC0020B47B00202F
:101230003C8E002038010120DA7B0020358C002014
:10124000D97B0020928E0020806A0020CD7B002078
:101250008C6B00200AAF0020DC6A0020306A00207E
:1012600098BF002008AF0020304C314B608DA18D1D
:101270000892A3FB005309925B09642202FB13034B
:1012800049BA94F82E008DF82030D4E90089D4E9C9
:101290000223ADF81E1094F828108DF818108DF860
:1012A000190094F82F1094F830008DF81A108DF86A
:1012B0001B00618E6069ADF81C10CDE90C23CDE9EF
:1012C0000A8936F08FF802460B46E069CDE90E2315
:1012D00036F088F806AA04460D4612A86021CDE92A
:1012E000104507F035F900283FF4DAAE82B212A9B2
:1012F000104820F0C9FBD3E63378002B7FF4DBAE37
:101300000D481FF0C7FD00287FF4D5AE0B4C2CF024
:10131000B7F82368C01AB0F57A7FFFF4CCAE2CF092
:10132000AFF82060FFF72AFCC5E600BF38E00020D8
:101330001F85EB51DC6A0020C4430120247C00207F
:10134000F8B5A64C23685F1C46D09E1D14D013F13F
:101350000A0F7CD01D1D5CD0581D00F01582D91CD1
:1013600000F0BE8013F1090F00F093819A1C00F089
:10137000E3815A2B1DD0F8BD994B1D6815B3012D83
:1013800000F09581974B1B78012B40F25D81964DC3
:1013900096493F22284637F0B4FF954A136800204B
:1013A00003F59C530833642185F83F0013602160E6
:1013B000F8BD8B4B1B68002B66D08E4B01221A7038
:1013C000F7F7DAFB8A4A136803F59C5308334FF0AA
:1013D000FF3113602160F8BD814B1B68002B45D0A5
:1013E000012B00F0A880022B00F09B807D4B5A78E7
:1013F0002AB91B78012B02D87F4B01221A707C4A34
:10140000136803F59C5308336FF0050113602160E6
:10141000F8BD734B1868002800F07D814FF08043C1
:10142000D3F8385415F0010540F0AC806E4B734989
:1014300018463F2237F065FF6D4A80F83F50136829
:1014400003F59C530833642113602160F8BD644B9D
:101450001B6813BB6A4B1B78002B40F08580644AE5
:10146000136803F59C5308331360F8BD654A664959
:10147000012313700B702CF003F8644B644A1B6853
:101480001060002B00F04481594A136803F59C5307
:101490000833052113602160F8BD5A1E012A00F2AD
:1014A0009180012B564B1B7800F04E81002B00F0F1
:1014B0000D81584B1A78002A00F00981564A12789B
:1014C000002A00F004812BF0DBFF544B00F6AC50F7
:1014D00018602BF0D5FF524B454A18601368C0E7DF
:1014E000504B1B68002B3FF46DAF3D4B4E491B68C2
:1014F0004E4A03EB430001EB00101360F8F7B6FA15
:101500000546002800F03D81394A4948136803F533
:101510009C53083301256FF00701136005702160AB
:10152000F8BD334A136803F59C5308336FF0030189
:1015300013602160F8BDF8F76BFA3E4B394A1B780F
:1015400000211160002B00F0F480F6F735FA002836
:1015500000F0EF80264A136803F59C5308336FF0C0
:10156000020113602160F8BD334B01221A70FFF7AE
:1015700005FB324B1B78002B3FF471AF30481FF056
:1015800089FC6CE71A4E0020FFF7E8FB336841F254
:1015900088373B446FF0040233602260F9F744FA65
:1015A000054600287FF4E7AE0F4B264918463F2238
:1015B00037F0A7FE326880F83F50D31964223360B9
:1015C0002260F8BDFFF7BAFC094A13686FF0050105
:1015D00003F59C530833216043E700BF18610020E6
:1015E000A8FA002068BF002028610020E0CE060095
:1015F000F8DD0020DA7B0020358C002064CF060067
:10160000C07B002084DE002021FD002060DD002062
:1016100024FD0020E1690020DF6900202C6A002001
:101620008C6B00201CFD002060FD002070610020FC
:101630002001012030010120CA7B00207CDC002039
:10164000C443012080CF0600504B1B78002B3FF491
:101650009EAE0420F8F794FA00283FF498AE4C4967
:101660004C48FDF7A1F900283FF491AE4A494B4A96
:101670000B684B4E4B4803F59C5308330B6000231B
:10168000012533704FF0FF311360938005702160A6
:10169000F8BD454B1B68002B64D13F4A136803F526
:1016A0009C5308336FF0070113602160F8BD0020E0
:1016B000FFF754FB384A3D4913680D7003F59C53FE
:1016C00008336FF0090113602160F8BD384B1A78B8
:1016D000002A50D0374A1278002A46D01B78002BB7
:1016E00043D0354B1B78002B3FD0344934483F2240
:1016F00037F007FE324B002283F83F20FFF71EFC35
:10170000254A1368642103F59C5308332160A8E639
:10171000F6F76EF8B8E6FFF721FBFFF705FA1E4A69
:10172000136803F59C5308336FF0010113602160C7
:10173000F8BD234D23492CE6234B1B78002B3FF4A7
:1017400041AEF8F7F3FE3DE6002BBFD0F5F752FFB0
:101750000028BBD01D48104A0178136881F00101B0
:1017600001707EE6F8F754F92CE6194914483F2237
:1017700037F0C7FDBEE7174911483F2237F0C1FDDA
:10178000B8E70F4B144953E6F9F7A2F930010120ED
:1017900034FF0600C4CB0600F8DD0020D869002025
:1017A000246A0020806A0020A8FA0020C07B002064
:1017B000E16900207CDC0020DF69002044CF0600C6
:1017C00028610020C0CE060038DC0020588E0020A2
:1017D00020CF060000CF0600A0CF060010B52BF0EA
:1017E0004FFE0446074824F08FFD2BF049FE001BF6
:1017F000642800D810BD044B0022BDE810401A70C8
:10180000F7F7B2BAA0DD0020D87B0020000000006E
:10181000F0B5974C9BB0F7F757FC2378002B00F0FE
:10182000BB8094499448954D2AF00AFE944B924807
:1018300019780A222BF06EF892498F482AF000FEA0
:10184000914B8D4819780A222BF064F88F498A4809
:101850002AF0F6FD95F82830002B40F093808C4953
:1018600085482AF07DFE2BF00BFE0146894806F0E4
:1018700029F90446002840F0DE8095F82830002B36
:1018800000F0B88084497C482AF0DAFD2BF0F8FD9E
:10189000824B0146A3FB0131890977480A222BF0CC
:1018A00021F87F4974482AF05BFE7E4972487E4CDD
:1018B0002AF056FE2BF0E4FD7C4B22681B68801A50
:1018C000984200F29C807A4C7A496B482AF0B8FD25
:1018D000206835F087FD5EA3D3E9002335F022FCB4
:1018E0005DA3D3E9002335F0D5FD36F083F86428F5
:1018F000A8BF64200A2220EAE0715F482BF0A6F816
:101900006D495D482AF09CFD206835F06BFD41EC87
:10191000100B022158482AF0F3FD01276749564869
:101920002AF01EFE5448009780233F22002123F016
:10193000EDF9634B6348197802AC1023CDE90043FD
:1019400080221C2307F060F9002817DD00EB40001F
:10195000494E04EB4005B4F90430C3F13F02002BBB
:1019600012B2304607DDCDE90037B4F90230B4F9E0
:10197000001023F0F9F90634AC42ECD1FFF72EFF4A
:101980001BB0F0BDA86935F02DFD41EC100B012115
:1019900039482AF0A5FE66E74B4937482AF0E0FDB2
:1019A000237843B9494B1B78022B04D94849324864
:1019B0002AF0D6FD03E047492F482AF0D1FD4649D9
:1019C0002D482AF0CDFD45492B482AF039FD2BF052
:1019D00057FD324B0146A3FB01310A2289092648F3
:1019E0002AF080FF2E4924482AF0BAFDFFF7F6FEC0
:1019F0001BB0F0BD3A4920482AF022FD46E72BF003
:101A00003FFD0346202023602EF0EAFF35F0C8FC9E
:101A100013A3D3E9002335F03DFD36F033F835F05C
:101A2000E1FC11A3D3E9002335F034FD36F02AF8A8
:101A30001F4C206048E72B490F482AF001FD214642
:101A40000A220D482AF06EFF2FE700BFAFF3008097
:101A50006666666666660A40721CC7711CC75B4094
:101A6000CDCCCCCCCCCC4C3FFED478E92631084050
:101A700084E0002018D00600A0DD002038E000201F
:101A800099E00020FCC8060098E0002020D0060065
:101A900028D006009CE0002040D00600D34D621004
:101AA00090CB060060D0060060F00020CC600020E3
:101AB00064F0002070D0060078D006007CD00600CC
:101AC00086E0002088E00020C8CF0600348C00208B
:101AD000DCCF0600ECCF0600FCCF060010D00600DD
:101AE00054D006002CD006002DE9F84F264F274E83
:101AF000274DDFF8ACA0DFF8AC80F7F7E5FAD7F8B0
:101B000000903046022109F1FF3423F05DFE84F39A
:101B1000010404F1030B05EB84053B68A342414635
:101B2000304618D02AF0BAFC013455F8041B304670
:101B30002AF086FDA345F0D11448012123F044FE8C
:101B4000B9F1010F13DD134910482AF079FCBDE803
:101B5000F84FFFF743BE51462AF0A0FC013455F878
:101B6000041B30462AF06CFD5C45D6D1E4E70A49F7
:101B700006482AF065FC094904482AF061FCBDE8E2
:101B8000F84FFFF72BBE00BFA8FA0020A0DD002011
:101B9000DCE6060084D0060004D4060088D00600E7
:101BA00080D0060010D4060008B5F7F78DFA274854
:101BB000012123F009FE264924482AF0D1FC2348BC
:101BC0002AF01EFD2148022123F0FEFD214B1B7847
:101BD000002B31D020491D482AF0C2FC1B480121AE
:101BE00023F0F2FD19482AF00BFD1C4B1B7843B380
:101BF0001B4916482AF024FC1A4A1B4B1268196824
:101C00001248642303FB02F30A22B3FBF1F12AF02A
:101C100069FE16490D482AF0A3FC0C482AF0F0FC96
:101C20000A48012123F0D0FD114908482AF098FC08
:101C3000BDE80840FFF7D2BD0E4904482AF090FCE9
:101C4000CCE702482AF0DCFCE7E700BFA0DD00207B
:101C500090D0060040DC0020A8D0060085DC0020E3
:101C6000C0D006003CDC002078DC0020CCD0060090
:101C7000D0D00600B4D0060010B5184CF7F724FAFF
:101C80002046012123F0A0FD154920462AF068FCDA
:101C900020462AF0B5FC2046022123F095FD11498B
:101CA00020462AF05DFC2046012123F08DFD2046D0
:101CB0002AF0A6FC0C4920462AF052FC0B4920468B
:101CC0002AF04EFC20462AF09BFC204608492AF0C8
:101CD00047FCBDE81040FFF781BD00BFA0DD00203C
:101CE000D8D00600E8D00600F4D0060008D10600DF
:101CF0001CD10600F0B5494C83B0F7F7E5F96378DD
:101D000047480121002B47D023F05EFD4549444858
:101D10002AF026FC637800228DF80020002B6BD07F
:101D2000414B1A786F46002A68D140493C48404EE2
:101D3000404D414C2AF084FB394639482AF080FC5A
:101D40003748022123F040FD3168354800290CBF97
:101D5000294621462AF0A2FB384931482AF000FCE6
:101D600031682F4801290CBF294621462AF096FBED
:101D700033492B482AF0F4FB3168294802290CBF6B
:101D8000294621462AF08AFB2E4925482AF0E8FBFD
:101D9000FFF724FD03B0F0BD23F016FD2A492048CB
:101DA0002AF0DEFB1E482AF02BFC2378062B0BD1F1
:101DB000264B1B7843B3264919482AF0D1FB254905
:101DC00017482AF0CDFB06E0234915482AF0C8FB46
:101DD00013482AF015FC12482AF012FC10482AF089
:101DE0000FFC0F482AF00CFC1C490D482AF0B8FBE8
:101DF000FFF7F4FC03B0F0BD6F4696E7184A38468B
:101E0000072137F071F990E7164905482AF0A8FB39
:101E1000154903482AF0A4FBDDE700BF68BF002096
:101E2000A0DD002030D10600246A002040D1060049
:101E3000A8FA002080D0060010D406004CD106007D
:101E400054D106005CD1060064D10600E16900208F
:101E500078D1060084D10600B4D10600C4D10600B2
:101E600048CA060098D10600A8D106002DE9F8431B
:101E7000F7F72AF94F4C5048012123F0A5FC4F49B0
:101E80004D482AF0DDFA2378002B78D14C494A4896
:101E90002AF066FB4B4D4C4947482AF0D1FA2B7883
:101EA000002B66D0494C2378002B3BD1484942484F
:101EB0002AF0C6FA474940482AF0C2FA2378002B94
:101EC00050D13F493C482AF0BBFA43493A482AF0EE
:101ED000B7FA23780BB12B787BBB394936482AF007
:101EE0003FFB3E4EDFF82481DFF82491324D3C4F1A
:101EF0000024D8F80030A342394628460DD02AF0F5
:101F00009FFA013456F8041B28462AF099FB042C4A
:101F1000EFD1BDE8F843FFF761BC494601342AF030
:101F20008FFAEFE72B78002BC0D02E4B28491A7878
:101F30002D4B002A18BF1946B9E72A4B1B78002BF6
:101F4000CBD02A4B1B68002BC7D1294B294A93F8C9
:101F50002810294B1848002914BF114619462AF0A9
:101F6000FFFABEE725481EF095FF0028A9D01849C2
:101F7000A8E713491048154C2AF062FA9AE7204E58
:101F80002BF07EFA336840F6B835C01AA8423FF607
:101F90007DAF2378022B04D01A4907482AF0E0FAD3
:101FA00078E72BF06DFA3368C01AA842F4D81649C6
:101FB000F3E700BFB47B0020A0DD0020F0D10600D5
:101FC00028D00600E169002004D206007CDC002055
:101FD000E0D1060008D2060010D20600F8E606009E
:101FE00010D40600DF690020E4D106002C6A00202E
:101FF00038E00020E8D106007CD00600C443012070
:102000003C8E0020D8D10600DCD10600A8FA0020C2
:1020100080D00600F8B52A4D2A4CF7F755F8284627
:10202000012123F0D1FB284928462AF099FA2846B5
:10203000022123F0C9FB4FF010132B612F46A61D80
:1020400014F8011B38462AF057FAA642F8D11F4C63
:102050002368052B27DD1A48012123F0B5FB2368EF
:102060001B4A1C4916482A61062B04BF4FF48033D3
:102070006B612AF0E5F94FF00113174910486B61C5
:102080002AF0DEF9236815490D48072B04BF4FF4E9
:1020900080336B612AF0D4F94FF001136B61BDE816
:1020A000F840FFF79BBB03EB43039B001033222256
:1020B0000B4903482B826A822AF0C2F9CBE700BFA2
:1020C000A0DD00200461002014D206005CDD0020A9
:1020D0001C00380028D2060010D4060030D20600BA
:1020E00084D006002DE9F04FDFF8A0B2DFF8A0A2FF
:1020F00089B0F6F7E9FF9B499B482AF0A1F9DBF884
:10210000001099480A2201312AF0A0FC974996480C
:102110002AF096F9DAF8001093480A222AF096FB82
:1021200091482AF06DFA9048012123F04DFBDAF82E
:102130000050002D00F0E180022D4ADC002D43DD2F
:102140008B4CDFF83492884D002703AE13E02AF061
:1021500077F91322A118304637F0D3F831462846D4
:102160008DF81F802AF06CFADAF800300137BB4294
:1021700004F1300428DDDBF80030BB424946284634
:1021800008BF7C492AF05CF9204637F0A0F81322FA
:1021900003462146304601934FF0000837F0B1F86E
:1021A000314628468DF81F802AF04AFA019B132BEE
:1021B00049462846CBD82AF023FADAF8003001370E
:1021C000BB4204F13004D6DCFFF708FB09B0BDE8E0
:1021D000F08FDBF80040013DA54200F0C08004F123
:1021E0000108002C40F0A480DFF8A881A8F1300796
:1021F00061495D482AF024F9404637F068F803AE9B
:10220000814613224146304637F07BF84FF0000AF2
:1022100055488DF81FA031462AF012FAB9F1130F74
:1022200040F29980544950482AF00AF908F1130104
:102230001322304637F065F84B488DF81FA0314621
:102240002AF0FEF904EB44044A49474807EB04141A
:102250002AF0F6F8204637F03AF821468046132255
:10226000304637F04EF84FF000093F488DF81F9088
:1022700031462AF0E5F9B8F1130F68D93E493A48DA
:102280002AF0DEF804F113011322304637F039F852
:1022900035488DF81F9031462AF0D2F93649324838
:1022A0002AF0CEF805EB450307EB0315284637F077
:1022B0000EF8294604461322304637F022F800274C
:1022C00029488DF81F7031462AF0BAF9132C36D9F7
:1022D000294925482AF0B4F8132205F113013046A4
:1022E00037F00FF8314620488DF81F702AF0A8F912
:1022F000FFF774FA09B0BDE8F08F1B482AF080F9A7
:102300001E4919482AF02CF91D4917482AF028F9C6
:1023100015482AF075F91B4913482AF021F91A4982
:1023200011482AF01DF9FFF759FA09B0BDE8F08FFE
:102330000F4F08EB480807EB0818651E58E70A48D6
:102340002AF05EF9FFF74AFA09B0BDE8F08F0648B7
:102350002AF056F9A2E704482AF052F972E7044F2E
:10236000B846EAE73CD20600A0DD0020FCC8060023
:1023700060FD002080D0060010D4060050D2060078
:1023800060D2060068D2060078D20600A8FA0020C3
:102390001CFD002090FD002070B584B0F6F794FE7F
:1023A0003C483D4C012123F00FFA3C4939482AF0C2
:1023B000D7F83B4937482AF043F8216835480A22C4
:1023C0002AF044FA2068002833DD364901280C68D9
:1023D0005DD00223012551F8042F944288BF144692
:1023E0001A4688BF1D46904203F10103F3DC2E49D3
:1023F00028482E4E2AF024F810236A462046002151
:1024000006F054FB694623482AF048F82849214839
:102410002AF016F80A2229461E482AF017FB2549F9
:102420001C482AF09DF83268234B9A4201D0337839
:10243000D3B9224917482AF003F8214915482AF050
:10244000FFF82049134829F0FBFF1F4911482AF0E3
:10245000F7F810482AF0D4F81C490E482AF080F802
:10246000FFF7BCF904B070BD19490A4829F0E8FF2C
:1024700030460A22002137F07BFE10236A460021F5
:1024800006F014FB694603482AF0DAF8D1E705465E
:10249000ADE700BFA0DD00205CF0002084D2060084
:1024A00098D20600BCE00020A0D2060064DE002026
:1024B000A8D20600ACD206004E2F4100BCD20600C6
:1024C00044DE0020C8D206000CDE0020D4D2060074
:1024D000B4D2060070B5F6F7F7FD1948194E1A4D3B
:1024E0001A4C012123F070F9194915482AF038F8DF
:1024F00013482AF085F81248022123F065F915499E
:102500000F482AF02DF831680D4800290CBF2946E4
:10251000214629F0C3FF104909482AF021F8316803
:10252000074801290CBF2946214629F0B7FF0B496E
:1025300003482AF015F8BDE87040FFF74FB900BF17
:10254000A0DD0020A8FA002080D0060010D40600EC
:10255000ECD2060034FF06004CD10600FCD2060087
:1025600038B5494DF6F7B0FD4849494829F0F8FF1C
:102570002868002800F0858012F0BCFA002858D1A5
:10258000286812F0A1FA002853D015F055F8044637
:10259000286858B112F0AEFA002857D1286812F016
:1025A00093FA002852D015F023F80444002C384D3B
:1025B0000FDD3849284629F0D3FF632CD4BF03210F
:1025C0000221284623F000F9314821460A222AF048
:1025D0003DFA314B2B612E48072123F0F5F82F4BA4
:1025E0001B781BB12E4B93F828303BB92D49284856
:1025F00029F0B6FFBDE83840FFF7F0B82A4BD3ED1D
:10260000007AF5EEC07AF1EE10FA17EE900A2CDBA4
:1026100034F0E8FE254B002234F086FD35F0EAF96F
:1026200001461B480A222AF037F9BDE83840FFF777
:10263000D5B8286828B312F05DFA00B3286812F004
:1026400055FAE0B115F02CFD0446A1E728680028F2
:10265000ACD012F04FFA0028A8D0286812F046FA41
:102660000028A3D015F014FD9FE734F0BBFE0F4BFC
:10267000002234F057FD35F0BDF90146D1E70024C2
:1026800086E7034DA5E700BF60DD002004D3060008
:10269000A0DD00200CD306002800050084E0002007
:1026A00038E0002028D00600B0E000200000E03F25
:1026B00038B5934C2DED028BF6F706FD9149924803
:1026C00029F04EFF2068002800F08A8012F012FAEC
:1026D000002840F0A780206812F0F6F9002800F0EA
:1026E000A18014F0A9FF05462068002800F0AD8005
:1026F00012F000FA002840F0B080206812F0E4F9EF
:10270000002800F0AA8014F099FFB0EE408AF6F796
:10271000F3F9002D044665DDFFEE007AB4EEE78A9A
:10272000F1EE10FA29D4784D4FF001136B61002CB3
:102730003ED10221744823F047F8734829F060FF26
:102740007148032123F040F870496F4829F078FE62
:102750006D4829F055FF6C48012123F035F8FFEE54
:10276000007AB4EEE78AF1EE10FA00F18780BDEC52
:10277000028BBDE83840FFF731B8654B624D1A78DF
:102780006449002A00F091804FF480326A61284643
:1027900000221A7029F054FE4FF001136B615D495D
:1027A000284629F0DDFE4FF001136B61002CC0D0EC
:1027B0004FF4A81354482B61042123F005F8B5EE1B
:1027C000C08AF1EE10FA00F3948018EE100A34F08B
:1027D00009FE41EC100B02214B4829F091FEB7E7AE
:1027E000F6F78AF9484C4FF0011363612046022145
:1027F00022F0EAFF204629F003FF2046032122F0C1
:10280000E3FF4249204629F01BFE204629F0F8FE4E
:102810002046012122F0D8FFBDEC028BBDE83840F4
:10282000FEF7DCBF20680028DAD012F063F9002838
:1028300064D0206812F05AF900285FD015F030FCFF
:102840000546206800287FF453AFF6F755F9002DB0
:102850000446C7DD9FED308A65E720680028F4D084
:1028600012F048F90028F0D0206812F03FF9002853
:10287000EBD015F02FFCB0EE408A48E7244B1B78D4
:102880001BB34FF480336B6122491F4829F0D8FDF8
:102890004FF001136B611F491B4829F061FEBDEC2D
:1028A000028BBDE83840FEF799BF4FF001126A6114
:1028B000284601221A7029F0C3FD4FF480331549D0
:1028C0006B61284629F04CFE2EE74FF001136B6137
:1028D00010490D4829F0B4FD4FF480336B610D4968
:1028E000094829F03DFEBDEC028BBDE83840FEF7FB
:1028F00075BF0A49044829F0A3FD66E70025F3E601
:1029000060DD002014D30600A0DD002038D30600CF
:1029100020FD002028D306000000000034D306006C
:10292000F0B585B0F6F7D0FB614C6249624829F0FA
:1029300017FE6249604829F083FD206800283BD0DB
:1029400012F0D8F800286AD1206812F0BDF80028EB
:1029500065D014F04DFE0546206800282CD012F0FA
:10296000C9F800286BD1206812F0AEF8002866D0B4
:1029700014F062FE06462068002870D012F0BAF803
:1029800000287FD1206812F09FF800287AD014F038
:102990004BFE07462068002862D012F0ABF80028F2
:1029A00060D1206812F090F800285BD014F042FE4D
:1029B00004460DB1002E0FDC40493F4829F040FD90
:1029C0003D48032122F000FF3D493B4829F066FDC8
:1029D000FEF704FF05B0F0BD3748032122F0F4FEF6
:1029E00010236A463846022106F060F869463248EC
:1029F00029F054FD3048022122F0E6FE31492E48EC
:102A000029F01EFD30492C4829F01AFD21460A22E2
:102A100029482AF01BF8FEF7E1FE05B0F0BD20685A
:102A20000028C9D012F066F800283BD0206812F0C8
:102A30005DF8002836D015F02BFB05468CE72068A2
:102A40000028B9D012F056F850B3206812F04EF8B2
:102A500030B315F025FB0646206800288ED10027EC
:102A60000024A6E720680028FAD012F043F8E8B165
:102A7000206812F03BF8044600289AD015F028FB95
:102A8000044696E720680028E9D012F033F858B1E0
:102A9000206812F02BF838B115F018FB074679E7DB
:102AA000002668E7002557E7002773E7044680E71C
:102AB00060DD002040D30600A0DD002044FF0600BA
:102AC00038D3060050D3060054D3060038B5314C35
:102AD000314DF6F7F9FA22682F4842F20F739A4205
:102AE000CCBF2E492E4929F03BFD2E4B2B612846A9
:102AF000042122F069FE226842F20F739A422EDD11
:102B00002368B3F57A7F32DB2368632B36DD2368D5
:102B1000092B3ADD0A2221681F4829F097FE1E483A
:102B2000012122F051FE204B1B784FF45C122A61E8
:102B30003BB11E49184829F083FCBDE83840FEF738
:102B40004DBE1B49144829F07BFC1A4B12481968EA
:102B50000A2229F07BFFBDE83840FEF73FBE164948
:102B6000284629F06DFC2368B3F57A7FCCDA124948
:102B7000094829F065FC2368632BC8DC0E49064828
:102B800029F05EFC2368092BC4DC0B49024829F0BC
:102B900057FCBFE738010120A0DD00205CD3060010
:102BA00074D306000500140085E0002084D30600DD
:102BB0009CD306008001012004D40600F0B57B4CB4
:102BC00085B0F6F781FA2068002855D011F092FF01
:102BD0000546002850D1206811F076FF00284BD020
:102BE00014F086FD002847D07149724829F0B8FCDE
:102BF000206888B311F07EFF002840F0A68020688E
:102C000011F062FF002800F0A08014F0F1FC0546EE
:102C1000206808B311F06EFF002840F0A8802068FB
:102C200011F052FF002800F0A28014F005FD0746C5
:102C3000266876B1304611F05DFF002840F0A7808D
:102C4000206811F041FF002800F0A98014F03AFD3F
:102C500006460DB1002F23DC5749564829F0F0FBFA
:102C60005448032122F0B0FD5449524829F016FC83
:102C7000FEF7B4FD05B0F0BD4D494E4829F070FC9B
:102C80004D494C4829F0DCFB4A48022122F09CFDCA
:102C90004B49484829F064FCFEF7A0FD05B0F0BDA3
:102CA000444D4FF47023284602212B6122F08CFD05
:102CB0006A4610233046022105F0F8FE6946284690
:102CC00029F0ECFB4FF40C132B612846012122F074
:102CD0007BFD3C49284629F043FC4FF44813284625
:102CE00002212B6122F070FD3749284629F0A8FB0C
:102CF00020680028BCD011F0FDFE0028B8D1206863
:102D000011F0E2FE04460028B2D014F0EBFC0A22D7
:102D10000146284629F09AFE2B49284629F090FBC7
:102D2000204614F0E1FC0A220146284629F08EFED6
:102D30002549284629F084FB204614F0D7FC0A22B6
:102D40000146284629F082FE92E72068002883D0B9
:102D500011F0D0FE00283FF45BAF206811F0C6FEF2
:102D600000283FF455AF15F093F9054650E7206869
:102D700000283FF471AF11F0BDFE50B1206811F092
:102D8000B5FE074668B115F08BF9074650E70026F7
:102D90005FE72668002E3FF45FAF07464AE7064626
:102DA00057E72668002E7FF445AF55E760DD002029
:102DB000A8D30600A0DD002050D3060038D30600BB
:102DC000BCD30600C8D3060010D4060000000000E3
:102DD0002DE9F04784B0F6F777F94B4B1B7813B128
:102DE0004A4B00221A60DFF84481494DD8F8004070
:102DF000204634F0E5FA42A3D3E9002334F04AFB3D
:102E000041EC100B32F098FA51EC100B34F0F2FD5B
:102E1000002C286056DD3D4C3E483F49DFF81091BC
:102E2000DFF810A1064629F00BFB21680A220131C8
:102E3000304629F00BFE3949304629F001FB0A22C1
:102E40002968304629F002FE3549304629F088FBD2
:102E50000221304622F0B8FC246804EB4404E71C4D
:102E6000631C9F42B4BF012703272744D8F80030D2
:102E7000A34204F101051DDD092D3BDD0A2229468F
:102E8000304629F0E3FD0121304622F09DFC494601
:102E9000304629F0D5FA0221304622F095FC5AF846
:102EA0002400012110236A4605F000FE69463046E1
:102EB00029F0C6FBBD422C46D8D1FEF78FFC04B0EA
:102EC000BDE8F0871749134829F04AFB0221114851
:102ED00022F07AFC0F4829F093FB0E48032122F0E0
:102EE00073FC11490B4829F0ABFAFEF777FC04B0EC
:102EF000BDE8F0874946304629F0A2FABEE700BF98
:102F0000555555555555D53F28FD002068DD002005
:102F100068610020A0DD0020DCD30600FCC80600AC
:102F200044FF0600F0D3060038D306005CF0002012
:102F300004D40600BCE0002038B5174D174CF6F756
:102F4000C3F82B78002283F00103204602212B7066
:102F5000226122F039FC2B7813B14FF48033636186
:102F60000F490E4829F0FCFA4FF0011301210B48DC
:102F70006361E17622F028FC0A49084829F0F0FA5A
:102F80000949064829F0ECFA0849044829F058FB99
:102F9000BDE83840FEF722BC10FD0020A0DD002077
:102FA00008D4060014D4060034FF0600286100206F
:102FB00038B52E4D2E4CF6F787F82B78002283F08B
:102FC00001032046022122612B7022F0FDFB2B78A9
:102FD00013B14FF4803363612649254829F0C0FAC4
:102FE0004FF00113012163612148E17622F0ECFBEF
:102FF000214B1B7823B321491D4829F0B1FA2AF04F
:103000003FFA01461E4805F07DFE0446E8B11D4921
:10301000174829F0A5FA1C49154829F011FA21464C
:103020000A22134829F05EFC1849114829F098FA41
:1030300017490F4829F094FABDE83840FEF7CEBB97
:1030400014490B4829F08CFAD9E71349084829F0AC
:1030500087FA1249064829F083FA1149044829F0F1
:103060007FFABDE83840FEF7B9BB00BF10FD002075
:10307000A0DD00202CD406002301012038D4060056
:103080002401012034FF060068D4060034F606004F
:1030900078D4060050D406008CD40600A0D40600D4
:1030A000B0D4060000000000F0B58BB0F6F70CF8C5
:1030B00020202DF095FC34F073F943A3D3E90023CD
:1030C00034F0E8F934F0DEFC34F08CF940A3D3E9B5
:1030D000002334F0DFF934F0D5FC34F083F9344CBC
:1030E00006460F462046012122F06EFB314B324945
:1030F0002361204629F0A4F92046032122F064FB35
:1031000027A3D3E900233046394634F00BF826A331
:10311000D3E9002334F0BEF934F06CFC6428A8BF76
:10312000642020EAE073254A06A8082135F0DCFF78
:103130000DF1160205AB0392029304AA00230DF1D0
:103140001205CDE9002506A920461A4622F042FBC9
:10315000BDF81430C3F1800303EBD3735B101C2262
:1031600006A920462382628229F098F9204601218F
:1031700022F02AFB47EC106B08AA022104202AF057
:1031800069F90F4B236108A9204629F087F90D49F9
:10319000204629F055F9FEF721FB0BB0F0BD00BF2A
:1031A0006666666666660A40721CC7711CC75B402D
:1031B000A0DD002020000A00C4D40600D0D4060000
:1031C000280038007CD00600CDCCCCCCCCCC4C3FF9
:1031D000FED478E9263108402DE9F043394D3A4CC8
:1031E000DFF80C91DFF80C8185B0FA202AF054F951
:1031F0002846642129F092FC012220463C2123F03C
:103200004DF82846314910F029F8314BD8F8002004
:10321000D9F800001B684FF00111022561610027F9
:1032200001260321E7761E600560116018682946B3
:103230002DF004FCD9F80030294618682DF0FEFB6B
:10324000D8F80030294618682DF0F8FB2AF018F954
:10325000204A214B106040F2E7321A60F5F734FF44
:103260004FF0400C8023CDE9003C3A461B4B0296C0
:103270003946204621F08CFFFEF7B0FA40F2EE20EE
:103280002AF00AF9F5F720FF2946204622F09CFA99
:103290001349204629F064F93146204622F094FA79
:1032A0001049204629F05CF90F49204629F058F9C9
:1032B0000E49204629F054F905B0BDE8F043FEF769
:1032C0008DBA00BFA42C0120A0DD0020801A0600CA
:1032D000D4600020F8DD00201861002074DA0600B8
:1032E000D8D4060034FF0600ECD4060004D506004E
:1032F000D8600020DC6000202DE9F04F604A137890
:10330000ADF5117D002B40F08A8003F0FF055D4B89
:103310001A785ABB5C4B1B78D3B95C4D5C4C2B784C
:10332000022B00F0928023782BB1002323702B789E
:10333000022B00F0CC81574B1A789AB100221A70F8
:103340002B78032B00F0D0805348F4F71DF909E0E7
:10335000524A534B1068002808BF1846F4F714F976
:10336000F6F78EFC0DF5117DBDE8F08F03201D7082
:10337000F6F706FC00285FD010AC0126494F4A4AF8
:103380004A49258033462046A5703E7015F0B0F8B6
:10339000474A4849258020462B46A57015F0D0F9AC
:1033A000002840F085814FF00008434D404A4149D4
:1033B00025604FF47A7644F20223A66014A8C4F87C
:1033C0000480A4F8108084F8128014AD15F0B8F9C8
:1033D0000FCD3A4F66687E6007F110060FC60FCD1D
:1033E0000FC6D4E902123B7C28683060C7E902129C
:1033F00013B33349334C344A3448C1F80080234B6B
:10340000A4F800804FF0FF3111600224C0F8008062
:103410002F4930481C7007221EF036FB7AE7002344
:103420001370F6F72DFC2C492A4809221EF02CFBBC
:103430000DF5117DBDE8F08F1948F4F7A5F8F6F702
:103440001FFC0DF5117DBDE8F08F2378002B7FF474
:103450006AAF1D4E336801333FF465AF1F4B3268CE
:103460001F88BFB247B11E491E4801EB02313A46E0
:1034700015F0A0FC8742DFD14FF0FF33336052E7F5
:10348000916B0020E06900200BAF00200CAF002002
:10349000756A0020926B002064C90600786A0020DB
:1034A000A0C9060064AF002028D506008C69002062
:1034B0002CD506004865002094D8060094AE002064
:1034C0009CBF0020A0BF0020B8600020B87B002077
:1034D0003CD50600DCDF00201CD50600D4690020A6
:1034E000948E0020A4AE0020BC4DBD49BD480B22E7
:1034F0001EF0CAFA9FEDBC7AD5ED007ABB4A67EEA2
:10350000877A10ACFDEEE77A182117EE903A204644
:1035100035F0EAFD204635F0DAFE214682B2B148A8
:103520001EF0B2FA95ED007ADFEDB17AB4EEE77AEB
:10353000F1EE10FA00F1EE81AE4B5BB1AE4A22B172
:10354000AE49002900F00682521A1344B3F5242F25
:1035500000F29B81AA4DAB4F284622F009FC4FF0A8
:103560000113284602216B6122F02EF9A64BA749D0
:103570002B61284628F0F4FFA54B2B61A54928466E
:1035800028F0EEFF2846012122F01EF9A24B2B6104
:10359000A249284628F0E4FF284622F0B5FEA049BB
:1035A00090480B221EF070FA3E689E4A06F6FF769F
:1035B000360B18213346204635F096FD204635F06F
:1035C00086FE214682B287481EF05EFA86B1A43696
:1035D000DFF89092DFF8648236034FF42425284602
:1035E00005F5805528F0B2FEAE42C9F80086F6D146
:1035F0008D497C488D4E0C221EF046FA00254FF472
:103600007A712B46A1608A4A8A49656014A825828E
:10361000A574266015F094F8237C002B00F035810A
:103620003C68002C00F09980DFF838A2824EDFF869
:1036300050B24FF0FF38814BCAF80036641B4FF48C
:103640008052FF21304634F059FEB4F5805F28BF28
:103650004FF480542246314614A815F0D9F8A04200
:10366000814640F00F81C21C22F00302314605F56D
:10367000242028F047FE3C684D445A200023A5FB37
:103680000001224634F05CFB8045034663D05A4675
:10369000102103A8019335F027FD03A982B25148F8
:1036A0001EF0F2F93C68019BA54256D29846C2E74B
:1036B0005F4A6049258033462046A57015F040F8E2
:1036C00000283FF470AE204616F0AAF86BE65C4E78
:1036D0003368013311D05B4B32681C88A4B24CB103
:1036E00059495A4801EB0231224615F063FB8442E6
:1036F00040F0F6804FF0FF333360554C23889BB287
:1037000083B1544B1B682688B6B24EB14E494F4820
:1037100001EB0331324615F04DFB864240F0E0806C
:1037200000232380494815F0E1FA484814F0D2FDFF
:103730000320F6F741FA484A324B11681A684748A5
:1037400000239142037000F0A4804548F3F71CFF6A
:10375000F6F796FAEFE5A542A8D314A814F0BAFD3F
:1037600028F0CAFD3F4B354AC3F800263A684FF4AB
:1037700024214FF0FF3003F0FDFD3B4B1B68C0439D
:10378000984240F08280394916480B221EF07CF99D
:103790003749144809221EF077F9FA2029F07CFEF7
:1037A0003449104810221EF06FF9334820F0E0FA37
:1037B000002840F0B38031481DF036FCFF21002086
:1037C000F3F798FDA8210020F3F792FDF3F796FD9B
:1037D000002800F08B80F3F775FD00BF64F0002037
:1037E0004CD50600DCDF002000007A4458D50600E6
:1037F00066666640503907002C6500200060002096
:10380000A0DD0020946B00201000080078D5060091
:1038100010001C0084D506001000340090D506006E
:10382000A4D50600B0D50600C0D5060094D8060081
:103830002CD506004865002000C800203546526E91
:10384000B8600020D4690020948E0020A4AE00202F
:10385000A0BF00209CBF0020B87B002064AF0020E8
:1038600070C90600000001407C6A0020DCD506001B
:10387000E8D50600F4D50600843D0120C4430120AC
:10388000D0D5060014A814F025FD3C48F3F77CFEC3
:1038900068E54FF47A710591394C3A4A3A490493F4
:1038A00007A8ADF81C308DF81E30039414F048FFC3
:1038B0009DF81C30A3B14FF0FF3610AC05E01BD0D3
:1038C0003046214603F056FD06464FF4007221466D
:1038D00007A814F09DFF021EF1DA07A814F0FAFC05
:1038E0002A48F3F751FEF6F7CBF924E572B63868AB
:1038F0000330800838F0F4FF07A814F0EBFC244BE9
:103900001868F643B04227D02248F3F73DFEF6F799
:10391000B7F910E52048F3F737FE23E51F480546C1
:1039200020F05AFA0146284620F040FA29F0A8FD76
:10393000044609E029F0A4FD001BB0F5FA6FBFF4BE
:103940003AAF0A2029F0A8FD284620F011FA0028F5
:10395000F0D130E70A46F8E5032303A92B7003F002
:1039600043FD0F4A03AB1021204635F0BDFB214635
:1039700082B20C481EF088F8DDE400BF70D5060066
:1039800094D806002CD5060048650020A0C9060082
:103990007C6A00206CC9060068D50600843D0120C1
:1039A00044D50600DCDF00202DE9F0476B4C23787E
:1039B000ADF5047D002B63D1694C2378002B3DD1FC
:1039C000684C2378002B31D1674B1B785BBB674B6E
:1039D0001B782BBB664CFFF78FFC237853B9654DE2
:1039E0002B781BB1644E337C002B4ED10DF5047D3A
:1039F000BDE8F08729F044FD604B1B68C01AB0F5A4
:103A0000FA7FECD35E4B5F4819880023237020F0C7
:103A1000EFF90028E3D01EF0AFF95B4B1880DEE72A
:103A2000F9F794F9D6E7F9F7D5F8D0E757495848A8
:103A300006221EF029F800232370C5E75548564A90
:103A4000036893425CD0554A93424FD0544A934204
:103A500059D0544B02689A4269D0534B02689A423B
:103A60000BD103793A2B08D1504B514A01A832218E
:103A700035F03AFB01A8F6F749FA002323709FE7D7
:103A8000FCF758FB0023237096E73E4820F070F9BE
:103A90000028ABD03C4BDFF824A1B3F80080DFF85E
:103AA0002091A8F103081FFA88F8B8F1F40F06F185
:103AB000100628BF4FF0F4080A272B78424601A9C8
:103AC0003046002B92D014F0A3FE044601A95046C4
:103AD000A2B294B31DF0D8FF002887D0D9F80030E7
:103AE000013F1C44C9F80040E7D17FE70379202B50
:103AF00008BF04302ED110F8013F202BFBD0BAE7CD
:103B0000F6F776F9B9E7828844F254539A42A0D185
:103B100083793A2B9DD1C379202B08BF07301BD165
:103B200010F8013F202BFBD0F6F75AF8A5E7838861
:103B3000542B92D1F6F7EEF89FE71E4814F0CAFB1B
:103B400003202C70F6F738F81B49114804221DF0A9
:103B50009BFF4BE704308EE70730E5E7368C00200B
:103B6000906B0020CC7B0020758E0020388E0020CA
:103B700086DC002085DC002044DC002080DC002086
:103B80007EDC0020843D0120D060002008D60600A5
:103B9000DCDF0020346A00204C4953544745543A36
:103BA00044454C45544C495354474554396A0020C8
:103BB0001CCC060054DC002010D60600BCDE002021
:103BC0003CDC002008B5134B1B78B3B1124B1A78BC
:103BD0007AB1124A00211970137853B91048037C46
:103BE00063B9104B00221A70F6F74AF80E4B1B7897
:103BF0005BB1BDE80840FFF7D7BE08BD103014F038
:103C000069FB0320F5F7D8FFEBE7642029F044FCBB
:103C1000F3F758FB38DC0020938E0020926B0020D5
:103C200044DC002085DC002084DE002010B5F5F7A0
:103C30004BFA0221134821F0C7FD124828F0E0FC9E
:103C40001149104828F08CFC01210E4821F0BCFDE0
:103C50000C4828F0D5FC0D490A4828F081FC29F0D1
:103C60000FFC0446074822F04FFB29F009FC001B1B
:103C7000642800D810BD064B0022BDE810401A7021
:103C8000F5F772B8A0DD002018D6060024D606008D
:103C9000D87B00200000000070B5F5F715FA944BB2
:103CA0001B78002B00F0E780924C29F0E9FB924B47
:103CB00022681B68801A984200F2C0808F4D2E68DF
:103CC0008F499048904C28F0BBFB304633F08AFB7C
:103CD0007FA3D3E9002333F025FA7FA3D3E90023A0
:103CE00033F0D8FB33F086FE6428A8BF64200A2294
:103CF00020EAE071834828F0A9FE8449814828F031
:103D00009FFB286833F06EFB41EC100B02217D48CD
:103D100028F0F6FB7E497B4828F022FC7D49794853
:103D200028F08EFB616A77480A2228F08FFD7A49D5
:103D3000744828F085FB94F82830002B00F0A88008
:103D4000764B186833F04EFB41EC100B01216D48A7
:103D500028F0D6FB72496B4828F002FC714969488B
:103D600028F06EFB94F82830002B00F08C80A069BE
:103D700033F038FB41EC100B6248012128F0B0FC15
:103D80006949604828F05CFB684B1B78002B00F009
:103D90009080674B1B78002B7FD0664B1B78002BE5
:103DA00040F08C806449574828F0DAFB6349554855
:103DB000634C28F045FB634B524819680A2228F0EF
:103DC00091FD61494F4828F03BFB604B4D48196815
:103DD0000A2228F087FD5E494A4828F031FB5D4BF6
:103DE000484819680A2228F09DFD2368002B6AD0F4
:103DF0005949444828F024FB206810F07FFE014612
:103E0000404828F01DFC55493E4828F019FB206821
:103E100010F044FE524B0146002908BF19463948AC
:103E200028F00EFC29F02CFB0446364822F06CFAF0
:103E300029F026FB001B642834D870BD29F020FB34
:103E40000346202023602CF0CBFD33F0A9FA24A3F5
:103E5000D3E9002333F01EFB33F014FE33F0C2FA33
:103E600021A3D3E9002333F015FB33F00BFE234DE0
:103E70000646286024E73B49224828F071FBBDE84C
:103E80007040FDF7ABBC38491E4828F069FB77E766
:103E900035491C4828F064FB60E73449194828F08C
:103EA0005FFB83E7324B0022BDE870401A70F4F7E5
:103EB0005BBF3049134828F053FB77E72E49114880
:103EC00028F04EFB72E72D490E4828F0B9FAA9E711
:103ED0006666666666660A40721CC7711CC75B40F0
:103EE000CDCCCCCCCCCC4C3FFED478E926310840AC
:103EF00084E0002060F00020CC60002064F000200E
:103F000060D60600A0DD002038E0002078D0060052
:103F10007CD006006CD6060078D606007CE0002037
:103F200084D6060090D606009CD6060030010120FB
:103F300084DE002022010120BCD60600D0D6060077
:103F400060DD0020986B0020DCD60600C47B0020DA
:103F5000FCC80600D07B0020E4D60600ECD60600A4
:103F60003CD606004CD6060088D60600C8D6060009
:103F7000D87B0020A8D60600B4D60600F4D60600EA
:103F8000F8B5194C002706460D46F5F79DF8204672
:103F90000221276121F018FC1449204628F0E0FA9C
:103FA0002046012121F010FC1149204628F0D8FAC2
:103FB0003146204628F0D4FA2946204628F0D0FA87
:103FC00029F05EFA034620461C4622F09DF929F0AE
:103FD00057FA001B642800D8F8BD064B1F70BDE8D7
:103FE000F840F4F7C1BE00BFA0DD00202CD40600CD
:103FF00034FF0600D87B002010B5F5F765F8B2490C
:10400000B24828F0ADFAB24B1B78002B00F01F81AC
:10401000B049AE48B04C28F013FAB04BAB48196821
:104020000A2228F05FFCAE49A84828F009FAAD4BF7
:10403000186833F0D7F941EC100B0121A34828F0A0
:104040005FFAA949A14828F08BFAA8499F4828F0AF
:10405000F7F9A74B9D4819680A2228F043FCA549A7
:104060009A4828F07DFAA449984828F0E9F9A34B2A
:10407000964819880A2289B228F0E8FCA04993489A
:1040800028F0DEF90A224FF48071904828F0DEFC17
:104090009C498E4828F0D4F99B4B8C4819680A2219
:1040A00028F020FC9649894828F0CAF9974B8748A0
:1040B00019680A2228F036FC9549844828F0C0F98E
:1040C0002068002800F0E88010F014FD002840F07F
:1040D000CD80206810F0F8FC002800F0C78013F0B5
:1040E000ABFA01460A22794828F0B0FC89497748A2
:1040F00028F0A6F92068002800F0A78010F0FAFC4C
:10410000002840F01B81206810F0DEFC002800F041
:10411000158113F06DFA002800F097807E496B48F6
:1041200028F08EF97D49694828F08AF9206800282E
:1041300000F0898010F0DEFC002840F0AF8020689D
:1041400010F0C2FC002800F0A98013F055FA0028F6
:1041500079D071495D4828F003FA71495B4828F02D
:104160006FF92068002800F0958010F0C3FC00284B
:1041700040F00581206810F0A7FC002800F0FF80C7
:1041800013F03EFA01460A22504828F0CBFB65495D
:104190004E4828F055F92068002879D010F0AAFC84
:1041A000002840F0DC80206810F08EFC002800F031
:1041B000D68013F03FFA01460A22444828F046FC14
:1041C0005949424828F03CF9206800285ED010F098
:1041D00091FC002840F0FC80206810F075FC00285D
:1041E00000F0F68013F020FA01460A22374828F042
:1041F00099FB4E49354828F023F92068002842D021
:1042000010F078FC002840F0CB80206810F05CFCB7
:10421000002800F0C58013F011FA10EE100A33F0F8
:10422000E1F841EC100B0221284828F059FA29F056
:1042300027F90446254822F067F829F021F9001BE8
:1042400064280CD810BD3A4984E7394967E73949F1
:104250001E4828F085F9BDE81040FDF7BFBA364B7F
:104260000022BDE810401A70F4F77EBD206898B1B6
:1042700010F040FC80B1206810F038FC60B113F001
:104280000FFF01462EE79FED0E0BCCE70021ACE7B8
:10429000002191E7002176E7002123E7206800282C
:1042A000D1D010F027FC0028CDD0206810F01EFCE3
:1042B0000028C8D013F0F0FE49E700BFAFF300803C
:1042C000000000000000000008D70600A0DD00206C
:1042D00084E000202CD7060060DD0020986B0020D1
:1042E00034D706007CE0002084D6060038D70600CC
:1042F000308C002060E9060040D70600C87B002013
:10430000FCC80600DCD60600C47B0020D07B002061
:1043100048D7060050D7060034D4060058D7060008
:104320005CD70600A0D2060060D7060064D706005E
:1043300090D7060018D70600D87B002020680028F8
:1043400083D010F0D7FB00283FF47FAF206810F037
:10435000CDFB00283FF479AF13F09AFEDBE620682E
:10436000002895D010F0C6FB002891D0206810F0EE
:10437000BDFB00288CD013F0ABFE01461CE7206883
:10438000002887D010F0B6FB002883D0206810F0FA
:10439000ADFB00283FF47EAF13F084FE0146F2E649
:1043A000206800283FF46FAF10F0A4FB00283FF412
:1043B0006AAF206810F09AFB00283FF464AF13F056
:1043C00089FE10EE100A33F00DF841EC100B2AE7CD
:1043D000206800283FF45AAF10F08CFB00283FF40F
:1043E00055AF206810F082FB00283FF44FAF13F068
:1043F0006DFE0146F9E600BF2DE9F04F914D91B0F9
:104400002BF042F92868062104F056FC28B92BF05D
:1044100045F92B6811B0BDE8F08F062128688A4C59
:1044200004F05AFC28602BF039F90120FCF796FCC7
:10443000864B874AC3F800260026F4F745FE20463F
:104440000221266121F0C0F98249204628F088F82F
:104450002046012121F0B8F97F49204628F080F854
:104460007E49204628F07CF87D49204628F078F8DF
:1044700029F006F8034620461C4621F045FF28F0A7
:10448000FFFF001B642800F288807049704A754B5A
:10449000C1F80026744C1F68744E754B754803961E
:1044A00004F26C4A0026B742D8BF034689469046BC
:1044B000D346049605AFFF2100220693ADF81410F1
:1044C000079297E80E00584617F06CF894F87E347F
:1044D000C4F868A4002B42D194F82420E37112F0B0
:1044E000010243D14FF0FF3384F82420236359465F
:1044F0000B7F0093002B49D10846012117F064F887
:1045000068B35D4AD4F8681403AB384615F0ECFC88
:10451000D4F868241AB301900099104617F054F8A3
:10452000019BE0B1C9F80086002E3BD0002B3BD1A7
:104530002BF0AAF82868062104F0D6FB08B1002366
:104540002B602BF0ABF84D4B01221A7028F098FF2E
:1045500001464B4804F0D0FB11B0BDE8F08FC9F81C
:104560000086002EE4D1424B0126A4E74548009383
:1045700017F0F2F80028F2D0009BD4F8681484F801
:1045800024304FF0FF3323630029B1D103AB3A4A03
:10459000384615F0A9FC0346C4E73B4B1E70F4F700
:1045A000E3FB72E7002BDED0284B2949304AC3F8E1
:1045B00000160023CDE90623FF21ADF8141097E87B
:1045C0000E00324816F0EEFF94F87E34C4F868A46A
:1045D000A3B92E490122A1F26C4015F0F7FF034662
:1045E00030B32B4813F076FE1F4901F2444014F01B
:1045F000F1F818B1274B1C60F6F744F82649134C24
:104600002648134DFFF7BCFC4FF4FA7028F044FF26
:104610004FF4FA70C4F8005628F03EFFC4F8005674
:104620004FF4FA7028F038FFC4F80056F2F74AFE4B
:1046300016491A46A1F26C4015F0C8FF0028D0D1E7
:10464000DCE700BF64DD0020A0DD002000000140A9
:104650003546526E2CD4060034FF06006CD7060097
:1046600080D706003801012048650020F0D80600F8
:1046700080841E0000127A007C6500202301012046
:10468000240101206C650020D87B0020B469002043
:104690008C6900201C31012094D70600A4D70600A5
:1046A00030B585B0F4F710FD34493548354D27F065
:1046B00057FF3549324827F0C3FE3148032121F026
:1046C00083F8286868B310F015FA002835D12868F7
:1046D00010F0FAF988B312F08BFF0446286848B14D
:1046E00010F008FA002836D1286810F0EDF990B3E0
:1046F00012F086FFACB102216A46102304F0D6F90D
:104700001F48694627F0CAFE28F0BAFE04461C4836
:1047100021F0FAFD28F0B4FE001B642806D805B08D
:1047200030BD1A49164827F0B9FEEDE7184B0022B4
:104730001A70F4F719FB05B030BD28680028F0D0D6
:1047400010F0D8F9B0B1286810F0D0F990B113F09A
:104750009FFC0446C2E728680028CBD010F0CAF9B5
:10476000034648B1286810F0C1F9034620B113F0A0
:1047700099FCBFE70024B1E71846BBE7B0D70600B5
:10478000A0DD002060DD002050D3060038D30600F5
:10479000D87B002010B51D4884B021F0E9FA1B48F1
:1047A000012121F011F81A4918480B78002483F0F0
:1047B00001020A700461B2B18021402201238DE818
:1047C0000E00144B2246214620F0E2FC28F058FE51
:1047D00004460E4821F098FD28F052FE001B642884
:1047E0000BD804B010BD8021402301248DE81A00AD
:1047F000094B114620F0CCFCE8E7084B00221A7068
:1048000004B0BDE81040F4F7AFBA00BFA0DD00204F
:1048100058DD0020DCDE0600DCE20600D87B00204C
:1048200038B51E4D1E4CF4F74FFC2B78204683F014
:10483000010302212B7020F0C7FF2B7813B14FF436
:10484000803363611749164827F08AFE4FF0011341
:1048500001216361E176124820F0B6FF1249104849
:1048600027F07EFE11490E4827F07AFE10490C48C9
:1048700027F0E6FE28F004FE0446094821F044FD36
:1048800028F0FEFD001B642800D838BD094B00222B
:104890001A70BDE83840F4F767BA00BF10FD002079
:1048A000A0DD0020C4D70600D0D7060034FF0600E4
:1048B00028610020D87B002070B5F4F705FC1E4865
:1048C0001E4E1F4C1F4D012120F07EFF1E491A482D
:1048D00027F046FE184827F093FE1748022120F0E3
:1048E00073FF3168144800290CBF2946214627F080
:1048F000D5FD1649104827F033FE31680E480129CE
:104900000CBF2946214627F0C9FD11490A4827F066
:1049100027FE28F0B5FD0446074821F0F5FC28F0F5
:10492000AFFD001B642800D870BD0A4B0022BDE813
:1049300070401A70F4F718BAA0DD0020A8FA002021
:1049400010D4060080D00600E8D70600FCD7060089
:1049500008D80600D87B002070B5F4F7B5FB1E49D7
:104960001E481F4E1F4C204D27F0FAFD1B4827F014
:1049700047FE1A48022120F027FF1C49174827F05C
:10498000EFFD3168154800290CBF2946214627F064
:1049900085FD1749114827F0E3FD31680F480129CB
:1049A0000CBF2946214627F079FD12490B4827F014
:1049B000D7FD28F065FD0446084821F0A5FC28F045
:1049C0005FFD001B642800D870BD0B4B0022BDE8C2
:1049D00070401A70F4F7C8B90CD80600A0DD0020AA
:1049E000A8FA002010D4060080D0060034FF06008C
:1049F0001CD8060024D80600D87B0020F8B5B34C9C
:104A0000B34E23780BB106233360B24B1A78002AD9
:104A10007ED1B14D28F034FD2A68B04B801A1A6857
:104A20004FF47A7393FBF2F3984251D833689A1C8F
:104A3000012A37D9181D70D0591D00F041815A2B19
:104A40006BD0DA1C00F05E8213F1090F65D09F1D58
:104A500000F0EC8113F10A0F00F00F82692B40F097
:104A6000FD812278002A00F0CD80F8BD9C4B93EDAB
:104A7000007AF0EE007AB4EEE77AF1EE10FA40F246
:104A8000D082984B2A681B680B2B0CBF03210B218B
:104A900002F59C52881C083201280B4631602A60BE
:104AA00000F2DC810133237840F0A880002BDCD1B8
:104AB0008D4B1B681B790424002B00F057818B4A17
:104AC0001368002B40F0A781631E13600127F1E0FB
:104AD00028F0D6FC2860F4F72FF83368DA1E012A94
:104AE00041D90C2BC2D05A2B00F09882692B00F0D0
:104AF0009E82642B00F0AC81002840F0E981B3F580
:104B0000617F00F0B4815F1C2DD1FCF7EDFF8DE7D4
:104B100000221A70F4F728F97BE72378002BA4D140
:104B20000224714B1B681F79002F40F0BA80704B34
:104B30001B681B79002B40F0FA806E4B1B681B79B9
:104B4000002B92D0694A1368002F00F00A81013CC3
:104B50009C420CBF0023013313602B6803F59C5368
:104B600008332B60F8BD981C00F084811A1D00F0FA
:104B700089815F1D00F08981981D00F09A8113F1F1
:104B80000A0F00F09F81DA1D00F06581DF1C00F044
:104B9000C38113F1080F00F0C28113F1090F00F077
:104BA000D981042B00F0E881052B00F0F681062B5B
:104BB00000F0F681072B00F0F681082B00F012823E
:104BC000092B00F012820A2B00F012820B2B00F04E
:104BD00012820C2B3FF44AAF5A2B00F01F82032B9A
:104BE00000F02282692B00F02282642B00F03081D9
:104BF0006A2B7FF41BAFFEF7DBF917E7002B63D0BE
:104C00006FF001030122642B7ED0981D00F092808A
:104C1000D91D40F0AD80344B1B681B79002B40F050
:104C20003781344B1B681B7943B3334B1F68052F07
:104C300000F34281DFF8C8C01CF807000124DFF848
:104C4000C4E00023724602E00133242B04D012F8A2
:104C5000011B8142F8D11C44284B2434A3FB0423BC
:104C6000DB0803EBC303A4EB83031EF803300CF84B
:104C700007302B6803F59C5308332B601C4B1B68D3
:104C80001B79002B3FF4F1AE1B490B68052B00F399
:104C900026812A6802F59C52013308320B602A6093
:104CA000F8BD124A1368611E994200F0CE800133AC
:104CB000136000272B6803F59C5308332B6036E7FD
:104CC0002378002B7FF4D1AE01242AE785E0002071
:104CD00018610020D87B0020F8DD00202061002032
:104CE000B0E0002074F00020D4600020A8FA00207A
:104CF000D8600020DC6000205CDD0020398EE338C5
:104D000004610020A4DE0600A84B1B681B792BB9A8
:104D1000A74B1B681B79002B00F081802B6803F5E3
:104D20009C5308334FF0FF322B603260F8BDFCF724
:104D300007FB02E79D4B1B681B79002B52D19C4B54
:104D40001B681B79002B3FF490AE2B68994903F543
:104D50009C53083301204FF0FF322B600870326003
:104D6000F8BD002B54D1013C1460F6E60127DEE6C5
:104D7000002A7FF47AAE8D490968097989B113F167
:104D8000080F00F0D8800B2B00F0E980032B00F314
:104D9000E480894B1A682B68326003F59C53083312
:104DA0002B60834B1B681B79002B40F08E80834B5C
:104DB0001B681B79002B3FF458AE336813F1080FC2
:104DC00000F0B0800B2B00F0DA807B4A126893422F
:104DD0002A6802F59C52B4BF0133032308323360C2
:104DE0002A60F8BD7649774A2B6803C903F59C53BE
:104DF0009180090C1060083391716E48724A2B60E3
:104E0000012400216FF00603047011603360F8BDC7
:104E1000013B1360A1E6013B136001274AE7674BA2
:104E20001B681B79002B3FF420AE77E7674A577861
:104E3000A7B12378002B7FF47DAF5C4B1B681B79F7
:104E40000324002B7FF43BAE71E60027176031E7A7
:104E5000FFF7E6FCEAE5FDF7DDF8E7E5B3F5617F8E
:104E600022783FF402AE6A2B7FF4CDAEF8BDFCF79A
:104E7000CFFCDBE5FCF798FED8E52378002B7FF428
:104E8000F4AD15E6FFF718FDD0E5FCF7F5FECDE52E
:104E90004D4B1F68052F0FDC484BDFF828C11B68FE
:104EA0001CF807001B79002B14BF01244FF0FF34BE
:104EB000C5E6FCF71FFFB9E5062F0CBF0722062247
:104EC0001A60D6E6FCF7D2FFB0E5F4F727F96EE7F3
:104ED000FFF760FC3E4B40F2E7321A60A6E5062B76
:104EE0007FF41CAF3748F9F7AFFE0446002800F006
:104EF00085802B6803F59C5308336FF005022B6007
:104F00003260F8BD2378334A1468002B7FF4ADADCE
:104F1000012CB8BF012404E6FDF7E4F886E5FDF7AF
:104F20003BFA83E52B6803F59C5308336FF00802C6
:104F30002B603260F8BD284B1B68002B7FF731AF28
:104F40002B68264803F59C5308330B212B60026025
:104F5000316026E7FDF7BEFA68E55A1E1BE7204AD6
:104F60001278002AF9D02B6803F59C5308336FF0B0
:104F700007022B60326014E7FEF78EFE56E5184AF2
:104F80001278002A3FF421AF2B6803F59C530833B5
:104F90006FF007022B603260F8BDFDF7E1FA45E5DE
:104FA000FDF794FD42E5FFF77BFB3FE5D460002071
:104FB000D8600020D97B00206C610020DC600020DC
:104FC00040D80600046100205CDD002068BF00209E
:104FD00074F000201CFD00205CF0002068DD002043
:104FE00020010120FDF764FB20E5FDF799FC1DE59C
:104FF000FDF7E4FD1AE5FDF7EBFE17E50D4F0E4951
:105000003F22384634F07DF92B6887F83F4003F59E
:105010009C53083364222B603260F8BDFFF79CFC80
:1050200004E5FEF703FE01E5FEF7E6FFFEE4FDF70B
:1050300083FFFBE42861002030D806000B4B1B786F
:1050400083B10B4A0B4B10881B8880B29BB200F5D2
:105050008050C01A4342C3F30B03C0F30B0058BF88
:1050600058427047044827F0CBBD00BFA96B002011
:10507000A2BF0020A4BF0020A4560120254BD3F8D6
:105080004021002A40D0244A012100202DE9F0418E
:10509000C3F840015964D3F8443511681F4E204DC0
:1050A000DFF89080994238BF1360002414E027F0A5
:1050B000AFFD62B600281B4904F1010416DB2B8802
:1050C000B8F800200133C3F30B0392B29A421CD00C
:1050D0002A882B8093B2C854A7B272B6304627F004
:1050E0008FFD03463046002BE1D162B60E4A13888D
:1050F0009BB2BB4238BF1780FE2F03D90B4A1368FF
:1051000001331360BDE8F0817047094A1368013329
:105110001360EBE700A00140308C0020A456012072
:10512000A2BF002068AF0020C87B0020C47B002005
:10513000D07B0020A4BF00200D4B1B788BB10D4B02
:105140000D4A1988138889B29BB299420CD01188F4
:1051500013880A4889B20133C3F30B03405C138000
:105160007047074827F054BD4FF0FF30704700BF2D
:10517000A96B0020A2BF0020A4BF002068AF0020C0
:10518000A45601202DE9F04FA64B1B7887B0002BC9
:1051900040F01E82A44CA54DC4F800560120FBF738
:1051A000DDFDA34BC4F800561B78002B40F00D82A8
:1051B000A048AE2120F022FD9F4B1B78DBB19F4918
:1051C0009F4B01244FF480304FF080624C60C1F857
:1051D0000803C3F88020BFF34F8FBFF36F8FC3F86E
:1051E0008021BFF34F8F974B9748002140F24C42EC
:1051F00019700DF0EBF9DFF86C8298F80030002B95
:1052000040F0DA81884E894FC6F800764FF080452D
:10521000D5F83834D90740F10282AF21854820F013
:10522000EDFC4FF4FA60F2F725FD28F029F9C6F8F5
:105230000076D5F83834012838BF0120DA07044653
:1052400040F1DA81814D824B824EDFF81C92DFF80B
:105250001CA20193009745F00105019B1B68D3F840
:1052600000B058462BF08CFC034603274FF4FA405D
:1052700063B9012F00F0FC80A84758462BF080FC52
:105280000346013F4FF4FA40002BF2D0D9F800302A
:10529000CDF808901F6838462BF072FC03464FF09B
:1052A000030B4FF4FA4073B9BBF1010F00F0E0803B
:1052B000A84738462BF064FC03460BF1FF3B4FF444
:1052C000FA40002BF0D0DAF80030CDF80CA0D3F87B
:1052D00000B058462BF054FC034603274FF4FA4025
:1052E00063B9012F00F0C480A84758462BF048FC52
:1052F0000346013F4FF4FA40002BF2D0002C40F05F
:1053000026810DF11707002338468DF81730F1F785
:10531000F7FF9DF81730002B40F0168120BF424A5E
:105320000099C2F800164FF08043D3F83834DB07F9
:1053300093D4002C40F0688140F6B830F2F79AFC24
:10534000322028F0A9F8384B3849434AC3F80016F0
:1053500013680198414C00681F2B84BF03F01F03A2
:105360003F49006898BF4FF0A04103F5E07341F852
:10537000234052F820300298384C00681F2B84BF1D
:1053800003F01F033649006898BF4FF0A04103F5B2
:10539000E07341F8234052F8203003982F4C006806
:1053A0001F2B84BF03F01F032D49006898BF4FF0E7
:1053B000A04103F5E07341F8234052F8203028491A
:1053C000264C1F2B86BF03F01F03254A4FF0A04237
:1053D00003F5E0734FF0A04042F823404FF0FF3454
:1053E000C0F82045C1F82045F1EE103A23F09F03A4
:1053F000E1EE103A124B4022C3F8842138460023D4
:105400008DF81730F1F77CFF9DF81730002B40F036
:1054100000814FF080430122C3F80044C3F8002507
:1054200020BFFDE721FD0020000001403546526EFF
:1054300038DC0020A0DD002084E0002000A0014036
:1054400000E100E0A96B0020B0FA0020F0E60600C1
:10545000D4600020F8DD00208C1007000C00030051
:105460000003005000D80020D8600020DC6000203D
:105470004FF4FA60F2F7FEFB98F80030002B40F092
:10548000AA806B4B6B4C6C486C496D4A1B78192594
:105490002570002404700C701470002B3ED0694AF3
:1054A000694B6A481470FF2183F8284027F0CAFB33
:1054B000642027F0F1FF664A6648674B1480032595
:1054C0000480012204205A606449DA60C3F804456C
:1054D000C3F80855C3F8100541F288354FF4803001
:1054E000C3F84055C3F800226025C3F804034FF009
:1054F000806081F81A53C1F88001086058490A7029
:105500001A60F4F717FA2246214656480CF090FF2D
:1055100027F0B6FF544A554B14701860AF21544819
:1055200020F06CFB534B544A1B780021117073B36D
:105530003368524A03F59C5308334FF0FF31336010
:10554000116007B0BDE8F08FF1F7D6FEE7E627F06F
:1055500097FF42F20F73001B984212D827F090FF7A
:105560003268474B801A1A684FF47A7393FBF2F350
:1055700098427FF6C6AE27F083FF3060FDF794FDBA
:10558000BFE63B48AE2120F039FB0024B9E63D4B95
:105590001B78002BCCD027F073FF01463A4803F06C
:1055A000ABFB3368354A03F59C5308336A213360FB
:1055B000116007B0BDE8F08F01210F202BF03EFAFB
:1055C00001210F202BF0BEFA1CE6F4F7AFFFEFE548
:1055D000F3F7D2FADEE500210F202BF0B3FA3220E8
:1055E00027F05AFF29481BF07DF800283FF449AF07
:1055F000002388F8003044E7254B0193254B0293A4
:10560000254B03930DF117071948AE2120F0F6FA48
:1056100092E62046F1F768FEF1F768FE00E71C4BC2
:1056200001931C4B02931C4B03930DF1170783E668
:1056300084E00020246100202561002086E0002015
:1056400099E0002070E0002038E00020A4560120FE
:10565000A2BF0020A4BF002000A0014000E100E0A4
:10566000A96B0020B0FA002026610020ACE00020E9
:10567000A0DD002030010120A4FA002018610020E4
:1056800020610020210101202401012004D80020F4
:10569000D4600020D8600020DC60002010B52A4BC8
:1056A0001C7882B024B1294B1B68002B49D11C46C1
:1056B000274B284A1B7812688DF800400BB1002A4E
:1056C0003BD1254B254A1B781268002B32D1244C44
:1056D0008DF8013023681B7913B9224B1B681B79A5
:1056E000214A8DF802301368B3F5FA7FD4BF002346
:1056F00001238DF8033027F0C3FE694603461B489B
:10570000019303F015FB98B1194A164B11682468F0
:105710001A6801284FF0000323710B71137103D134
:10572000FEF76AFE02B010BD022801D1FFF72AFD84
:1057300002B010BD0AB91346C9E727F0A1FE012344
:10574000C5E727F09DFEB3E748DD00204CDD0020D3
:1057500041DD002044DD002050DD002054DD00202C
:10576000D4600020DC6000203801012024010120E9
:10577000D8600020014827F065BA00BFA456012078
:105780002DE9F04789498A4D8A4B8B4EC5F8006652
:105790004FF001084FF480304FF08062C1F8048070
:1057A00082B0C1F80803C3F88020BFF34F8FBFF366
:1057B0006F8FC3F88021BFF34F8F8049804FA1F5D1
:1057C000157000243C7004F0ABFA7E497B4803F06E
:1057D000DBFC22467C4840F226210DF0FDF8C5F89E
:1057E00000660446002840F0A780784827F0BEF9FC
:1057F000322027F051FE4FF41651744827F072FA08
:10580000642027F049FE6D49A1F5157004F088FA6F
:105810006C496A4803F0B8FC6B48224640F22621E6
:105820000DF0DAF800283BD1614B634AC3F800263B
:10583000664827F09BF9322027F02EFE63484FF48C
:10584000614127F04FFA322027F026FE604A574B7D
:10585000604D584900201080012228805A6003259D
:10586000DA60C3F804050420C3F80855C3F810052E
:1058700041F288354FF48030C3F84055C3F8002218
:105880006025C3F804034FF0806081F81A53C1F813
:10589000800108603A701A60204602B0BDE8F087C7
:1058A00040F24C4A032342464FF46141C5F800667A
:1058B0004548CDF800A00DF0A7F9642027F0ECFDD5
:1058C000424827F053F9322027F0E6FD4FF46141BA
:1058D0003E4827F007FA642027F0DEFD3749C5F877
:1058E0000066A1F5157004F01BFA3649334803F041
:1058F0004BFC3548224640F226210DF06DF88146DA
:10590000002891D0C5F80066F4F714F853463249E0
:105910002D48C5F8006603220DF094F92F4BC5F809
:1059200000661B787BBB2A492A4A00230B804C4621
:105930001380F3F7D3FFAFE7F3F7FCFF40F24C43DC
:1059400025492148C5F8006603220DF07BF9234B59
:10595000C5F800661B78002B3FF478AF20491A4841
:1059600040F24C4303220DF0D1FA40F24C43C5F80B
:105970000066154800934246032305210DF05CFAAA
:10598000C5F8006662E716490F48534603220DF03A
:10599000BDFAC5F800660C48CDF800A042460323C6
:1059A00005210DF049FAC5F80066BCE700A00140EA
:1059B0000000014000E100E03546526E04FD002089
:1059C000A96B0020A8BF0020B0FA0020A456012037
:1059D000A2BF0020A4BF0020317302002561002077
:1059E00041760200164B1B7803B97047002270B550
:1059F00011461448144D154C0CF01AFD114806F0D0
:105A0000EBF82B781BB9237843B101232B70237853
:105A10001BB1BDE87040F4F7EFBA70BD0C4E27F033
:105A20002FFD3368C01A41F287339842EFD9FFF750
:105A3000A7FE0028E9D027F023FD3060E7E700BF8C
:105A400084E00020B0FA00202661002070E00020F1
:105A5000ACE000202DE9F04FDFF8A081614F624CEF
:105A6000DFF8949183B0824665E04FF46141384697
:105A700027F038F90123322088F8003027F00CFD98
:105A8000FF21384627F0DEF8642027F005FD57484F
:105A9000C6F80046494604F043F95549484603F024
:105AA00073FB5248002240F226210CF095FFC6F805
:105AB0000046002840F0878098F80030002B49D13C
:105AC0004FF41651384627F00DF9642088F800B0DD
:105AD00027F0E2FCFF21384627F0B4F8642027F0D5
:105AE000DBFC4248C5F80046494604F019F9404934
:105AF000484603F049FB3D48002240F226210CF0C5
:105B00006BFF06464FF4FA705EBBC5F80046BAF16B
:105B1000000F5BD0C5F8004627F0BEFC4FF4FA70CA
:105B2000C5F8004627F0B8FCC5F800464FF4FA70F7
:105B3000B24627F0B1FC2F4E98F800304FF0010B21
:105B40003546002B91D0384627F010F8142027F066
:105B5000A3FC8AE7384627F009F8142027F09CFCBC
:105B6000AEE740F24C43C5F800465A4600934FF466
:105B7000614103231D480DF047F8642027F08CFC99
:105B800098F8003033BB4FF461411648194C164D5C
:105B900027F0A8F80123642088F8003027F07CFC67
:105BA0001549C4F80056A1F5157004F0B9F810496C
:105BB000114803F0E9FA0D48002240F226210CF0CA
:105BC0000BFFC4F8005603B0BDE8F08F504603B099
:105BD000BDE8F08F034826F0C9FF142027F05CFCD5
:105BE000D1E700BFA45601203546526EB0FA00201E
:105BF000A8BF00200000014004FD0020A86B002089
:105C0000F0B53C4C83B0002301202370FFF722FF46
:105C100008B903B0F0BD384D384EF3F78BFE40F2B3
:105C20004C4337493748C5F8006603220DF00AF89F
:105C3000354BC5F800661B78002B46D10123334E47
:105C4000334D344F23700EE02C883B880134C4F36D
:105C50000B049BB29C420DD026F0DAFF2B882E4A13
:105C60002C809BB2D054304626F0CAFF0346304603
:105C7000002BE9D1294B2A490122002403250420C5
:105C80005A60DA60C3F80445C3F80855C3F8100534
:105C900041F288354FF48030C3F84055C3F80022F4
:105CA0006025C3F804034FF0806081F81A53C1F8EF
:105CB000800108601B490A701A6027F0E1FB1A4A4C
:105CC0001A4B1470186003B0F0BD19490D4840F22A
:105CD0004C4303220DF01AF940F24C42C5F800661D
:105CE000084800920323012205210DF0A5F8C5F80C
:105CF0000066A3E784E00020000001403546526EB4
:105D000031730200B0FA002025610020A456012062
:105D1000A2BF0020A4BF002068AF002000A0014067
:105D200000E100E0A96B002026610020ACE000202B
:105D300041760200000000002DE9F0414FF0804163
:105D400096B0D1F8003403934FF0A0469E4DD6F89C
:105D500020350493D5F820359C4A05934FF0FF3346
:105D6000C1F800349A4CC6F8203507CAC5F820356A
:105D7000236806AD85E807005A0940F0DE8001215E
:105D800001FA03F30993069B0A9254F8232053095E
:105D900000F0CF80012B40F0098202F01F029340F7
:105DA0000022079954F82110480900F0BD8001280D
:105DB00004D101F01F0100FA01F10B43089954F8D6
:105DC0002110480940F0A780012000FA01F10A43A0
:105DD00009A903A8CDE90B2303F036F87D4B7E4DCE
:105DE00018700C202AF0F6FD002120202AF026FE53
:105DF00001210E202AF022FE00210E202AF0A2FE10
:105E000027F03EFB754B764C024620201A602AF0A4
:105E1000E7FD31F0C5FA68A3D3E9002331F03AFB7E
:105E200031F030FE31F0DEFA65A3D3E9002331F022
:105E300031FB31F027FE2860FDF7CEF9F4F7CEFBF9
:105E40002070F6F787FE674A237810700BB10028A0
:105E50007ED1FAF78DFB2378002B40F094806248C6
:105E6000102303821AF03EFC604BB0FA80F0400928
:105E70001870FFF7C5FE237800228DF82420002B30
:105E800040F0DE805A4D28685A4D31F0ABFAC5E932
:105E90000001F6F72FFB237833B327F0F1FA014620
:105EA000554801F009FE554A5549136803F59C53BE
:105EB00008334FF4617013600860022100202AF05B
:105EC000BDFD50490322002027F06AF94E4B012204
:105ED0004FF40031C3F80C25C3F80415C3F80825A6
:105EE0001A6016B0BDE8F081484B1C78002C40F0D9
:105EF0004581474D47493F22284633F002FA3F4A41
:105F00003F49136885F83F4003F59C5308336920E7
:105F100013600860D1E701287FF45AAF01F01F0138
:105F200000FA01F10B4353E7012000FA01F10A43A3
:105F300044E7012101FA02F233E7012A4FF00001A0
:105F400008BF03F01F0309910CBF9A400A461AE7E5
:105F5000314F3B68002B7FF77CAF304EDFF8DC80A1
:105F6000002533464246322109A833F0BDF83B688C
:105F70000135AB4206F10D06F3DCFAF7F9FA2378A6
:105F8000002B3FF46CAF264B0093264A264B274844
:105F9000002116F0E1F9264B0093264A264B2348B0
:105FA000002116F0F3F900222048114616F0E6F918
:105FB00055E700BFAFF30080CDCCCCCCCCCC4C3F70
:105FC000FED478E9263108400003005060DA06006C
:105FD0008C10070040DD002064F0002060F00020FD
:105FE000300101203101012004D8002000D8002018
:105FF000B4610020106100209CE00020F8DD00204A
:1060000018610020097702000000014021010120F1
:106010002861002048D8060014FD002078F00020F8
:1060200094CB06008CCB060080CB060010AF00207E
:10603000D1760200917402000175020070CB060057
:106040000420F3F79DFD002800F095805948302288
:1060500009A9F6F7C7F8002800F08D8009A832F0EA
:1060600053F851EC100B31F00DFD07EE900AF5EEF0
:10607000C07AF1EE10FA504D96BF504A237823783B
:10608000286098BF2A6000228DF82420002B3FF45E
:10609000FAAE0420F3F774FDA8B14948302209A9EB
:1060A000F6F7A0F878B109A832F02EF851EC100BF1
:1060B00031F0E8FC07EE900A424AF5EEC07AF1EEC4
:1060C00010FA10606ED9237800228DF82420002B5E
:1060D0003FF4D9AE0420F3F753FDA8B13A4830227B
:1060E00009A9F6F77FF878B109A832F00DF851EC5C
:1060F000100B31F0C7FC07EE900A344AF5EEC07A77
:10610000F1EE10FA106049D9237800268DF824604A
:10611000002B3FF4B8AE0420F3F732FD48B32C480F
:10612000302209A9F6F75EF818B32A4F1F22384625
:1061300009A933F0E6F82378FE7700268DF824606D
:10614000002B3FF4A0AE0420F3F71AFD00283FF423
:106150009AAE2148302209A9F6F744F800283FF406
:1061600092AE1E4B09A918461F2233F0CAF8C67713
:1061700089E62378E1E723780F4D84E727F080F95B
:106180000146174802F0B8FD164A1749136803F58F
:106190009C5308336A20136008608EE61349237805
:1061A0001160B2E71149237811608DE700231A4688
:1061B000F7E500BF94CD0600B46100200000E04088
:1061C00078CD0600B861002068CD0600BC610020D3
:1061D0004CCD060094610020ACCD06007461002017
:1061E00024010120F8DD0020186100200000F041AA
:1061F000F0B52A4D2C7883B01CB9294E3378022B88
:1062000001D903B0F0BD274F27F03AF93B68C01A17
:1062100042F20F739842F4D927F032F9337838609C
:10622000013320463370FFF715FC0028E9D01E4CDF
:106230001E4EF3F77FFB40F24C431D491D48C4F846
:10624000006603220CF0FEFC1B4BC4F800661B78B2
:106250007BB91A4B1A49012200240C802A701C8039
:10626000F3F73CFB27F00CF9164A174B1470186033
:10627000C7E716490F4840F24C4303220CF046FE94
:1062800040F24C42C4F800660A48009203230122FF
:1062900005210CF0D1FDC4F80066DAE784E00020A7
:1062A000348C0020D47B0020000001403546526E23
:1062B00031730200B0FA002025610020A4BF002045
:1062C000A2BF002026610020ACE000204176020041
:1062D00030B5554C85B0FFF78BFF2368534A1B79C7
:1062E000128DADF8042023B9514B1B681B79002B8C
:1062F00075D05049504A097812688DF80630A1F1DE
:106300000101B2F5FA7FB1FA81F1D4BF0023012374
:1063100049098DF807108DF8083027F0B1F801A968
:1063200003464648039301F0E3FB70B1404A444BF7
:10633000216812681B68002402280C7114711C71FA
:1063400025D0032803D1FEF71DFF05B030BD01287D
:10635000FBD13C4B3C4D3D481C7019232B7001F088
:1063600075FB3B4B3B483C493C4A1B7804700C7026
:106370001470002B46D13A4A3A49136803F59C53EE
:1063800008334FF0FF301360086005B030BD2D4B6F
:106390002D4D2E481C7019232B7001F057FB2C4BF0
:1063A0002C482D492D4A1B7804700C701470D3B9F9
:1063B0002D4A2E49012313700B7027F061F82C4BE6
:1063C0002C4A1B68106063B3254A2649136803F5FD
:1063D0009C53083306201360086005B030BD184B8D
:1063E0001B681B7985E7214640F24C430322224873
:1063F0000CF0BEFC2978204840F24C4303220CF0FC
:1064000017FED5E7214640F24C4303221A480CF010
:10641000AFFC2978184840F24C4303220CF008FEE8
:10642000A9E7F1F7E5F9CFE7D460002038E00020D4
:10643000D860002040DD0020380101209CE00020D1
:10644000DC6000202561002024610020986B002082
:1064500084E0002086E0002099E0002098E0002001
:10646000F8DD00201861002084DE002021FD0020DE
:1064700060DD002024FD0020B0FA002000000000B4
:106480002DE9F04FB24BB34CB34AC3F80026237842
:1064900083B0002B40F09B80B04B1B7833B34FF0A0
:1064A0008043D3F83834DB0740F19582F2F7BAFC29
:1064B000AB4B1A681379002B40F08D82A948AA498A
:1064C000006809680371A94C13710B7126F0D8FF9D
:1064D0002268A74B801A1A684FF47A7393FBF2F381
:1064E000984200F2AA8003B0BDE8F08FFFF77AFA75
:1064F000F4F7EAF89F4B1B78002B40F0D3809E4CBA
:10650000FDF760FBF7F788F8F1F7C6FCF2F798FBA8
:106510002368013300F09980984D2B783BB1984B5C
:106520001B7823B1974B1B78002B00F00282964E0C
:1065300000233370FAF720FD2B7833B1934B1A7890
:1065400000211970002A40F00882F2F723FD236829
:10655000013300F045818E4B1B7823B18D4B1D68B4
:10656000002D40F094818C4B7D4FDFF8F8A17E4EDA
:1065700000221A70DFF864B226F082FFDBF80050C8
:10658000864B451BB5F57A7F186080F0A081F2F745
:1065900049FC2368B3F5617F00F0C7816A2B01D104
:1065A000FFF77CF8FEF72AFA7D497E4A35680C68C9
:1065B0001668DAF800003F680023B44203713B71AB
:1065C0002B7190DD0B68136003B0BDE8F08F764D42
:1065D000FDF7F8FA26F054FF744B2A681B68801AFE
:1065E000984200F28C805E4DF2F71CFC2A68137909
:1065F000002B74D15D4C5B485B496D4B05680868A6
:10660000197800232B7113710371002940F09380D6
:10661000574B4FF47A751B6895FBF3F526F030FF66
:106620002368C01AA8427FF65EAF26F029FF2060DB
:1066300003B0BDE8F04FFBF7B7BA26F021FF2060AA
:1066400003B0BDE8F04FFBF717BB5A4B1B78002B8C
:106650007FF462AF524B1B68B3F5FA7F00F3908171
:10666000554B464D93ED007AF2EE047AB4EEE77A9C
:10667000F1EE10FAFFF651AF414A012313702B706F
:1066800026F0FEFE4D4B4E4A1B681060002B00F0BA
:1066900090810523354A2360136803F59C53083322
:1066A00013603AE726F0ECFE46490A68821A132A7C
:1066B00003467FF624AF44480B601AF0BDFA434B03
:1066C000414883ED000A1AF037FA414B3E4883ED0A
:1066D000000A1AF071FA3F4B83ED000A0FE72378A6
:1066E00013B1F3F723FF2A68204C2349236803F5ED
:1066F0009C5308334FF0FF30236008607BE726F09F
:10670000BFFE034620202B602AF06AF930F048FED5
:106710000BA3D3E9002330F0BDFE31F0B3F930F024
:1067200061FE09A3D3E9002330F0B4FE31F0AAF9E9
:10673000294B186057E741F288356FE7AFF30080C7
:10674000CDCCCCCCCCCC4C3FFED478E92631084023
:106750000000014038DC00203546526E6A2C0120D2
:10676000D8600020D4600020DC600020F8DD00202C
:106770002061002000D800201861002021FD0020A9
:1067800084DE00202201012085E00020CD7B002056
:1067900048DD00204CDD0020A4FA002078E0002035
:1067A000380101208001012060F00020CC60002031
:1067B00085DC002040DC0020B0E0002060DD00200F
:1067C00024FD0020B07B002004D8002030D8002019
:1067D00034D8002038D8002064F0002080E0002069
:1067E0007E4B1B78002B4AD07D4B1D68002D46D078
:1067F00026F046FE401B41F28735A84207D9794B67
:106800001B7823B1784B1E68002E40F0DD80774B5B
:106810001B781BB1764B1D68002D38D123680133DE
:106820007FF4A1AE734B1A78002A00F0A280724D5B
:106830002868DFF808A2714FDAF800303A68704E25
:1068400091689B683268A1EB030C9268BCF1000F61
:10685000C8BF0B46D11A0029C8BF1346181A002812
:10686000C8BF2B6026F00CFE2A68664B801A98423F
:106870007FF680AE03B0BDE8F04FFEF783BC5B4B04
:106880001B78002BCED05A4B1D68002DCAD026F0A5
:10689000F7FD401B41F28735A842BFD94F4B1B780B
:1068A00023B14F4B1E68002E40F087804D4B1B7864
:1068B000002BB3D04C4B1D68002DAFD026F0E0FD6F
:1068C00041F28733401B9842A8D9F0F7FBFC4E4BAE
:1068D0001968019107EE901AF8EE677A17EE900AA0
:1068E00030F080FD494B002230F0D4FD8046284630
:1068F000894630F055FD02460B464046494630F089
:10690000F3FE31F0BFF84249424B02460A6042486A
:106910001B7801992A4601F09DF83B4A0023136039
:1069200026F0AEFDCBF8000031E6FFF7D1FC23687E
:1069300034E63A4B1B68002B30DC394E3378002BA1
:106940003FF4F8AD26F09CFD364B1B68C01A42F2AE
:106950000F7398427FF6EEADEAE5F2F70DF9324A91
:10696000136803F59C5308334FF0FF311360216027
:10697000EBE501221A7026F083FD1F4D286058E7D1
:106980002A4A2B4D012313702B7026F079FD294BD9
:10699000294A1B6810604BB106237BE626F070FD88
:1069A000204A1F4B106001221A70C3E5F0F720FF48
:1069B000F2E7F0F71DFF05236CE626F061FD801B72
:1069C000A8427FF673AF80E726F05AFD801BA842ED
:1069D0007FF61DAF4EE7F4F77BF800BF41DD0020E6
:1069E00044DD002050DD002054DD002048DD002083
:1069F0004CDD0020A4FA0020A0FA0020D86000207E
:106A0000DC600020DF93040074E0002000408F4031
:106A10007CE0002024610020986B002038010120D8
:106A200085E00020F8C70020F8DD002084DE00208B
:106A300021FD002060DD002024FD0020D460002026
:106A4000014826F023B900BFA456012010B5044B1D
:106A5000044640F8083B1CF05FFC204610BD00BF18
:106A60005003070010B5044B044640F8083B1CF0E7
:106A700053FC204610BD00BF5003070010B5074B64
:106A8000044640F8183B1AF0D1FB2046044B40F86E
:106A9000083B1CF041FC204610BD00BF2404070049
:106AA000500307002DE9F04F89B004A84FF4C151FD
:106AB0001CF044FCBC4ABD4DDFF86883DFF868B3C6
:106AC000DFF868A3DFF86893B94FBA4EBA4C04A94F
:106AD00010461CF001FC04A81CF01EFCB24AB74989
:106AE00010462A462EF022FC04A842F63D211CF056
:106AF00025FCB34B04A918461AF096FE04A81CF016
:106B00000BFCAF4B2A46184641462EF00FFC04A85A
:106B100042F63E211CF012FC04A958461AF084FEED
:106B200004A81CF0F9FB2A46414658462EF0FEFB0D
:106B300004A842F63F211CF001FC04A950461AF0BB
:106B400073FE04A81CF0E8FB2A46414650462EF08E
:106B5000EDFB04A84FF429511CF0F0FB04A94846B2
:106B60001AF062FE04A81CF0D7FB2A4641464846AC
:106B70002EF0DCFB38461DF06BFA2A469149DFF80F
:106B8000B4A2DFF8B49238462EF0D0FB30461DF0A8
:106B9000FDFA2A468C498D4F30462EF0C7FB6A22FB
:106BA00000218B4819F09CFC204602F001FB894B28
:106BB000236004F5157002F0DFFA01232A462371E1
:106BC000854920462EF0B2FB8448854B854A86498C
:106BD000C0F874244FF480742A26A0F87844002466
:106BE0002A4680F87E64C0F86C34C471A0F844442E
:106BF00080F84644C0F8684480F87C4480F88244B9
:106C000080F888442EF092FB7849DFF830E2DFF814
:106C100030C27748774A784B0C824FF47A76C1E9D4
:106C200001468C740F607549CEF80440AEF81040F0
:106C30008EF81240CEF80860CEF80070CCE901461C
:106C4000C0E90146C2E90146C3E90146ACF810407B
:106C50008CF81240CCF800700482DFF8E8C184742C
:106C600007601482947417604FF0FF3B1C829C7481
:106C70001F605046624B019140228021CDF808C030
:106C8000CDF800B01FF0F6FA2A465E4950462EF0C5
:106C90004DFB04A84CF680611CF050FB04A948464B
:106CA0001CF01AFB04A81CF037FB2A464349DFF806
:106CB00098A148462EF03AFB04A84CF681611CF0DE
:106CC0003DFB514BDFF8849104A918461AF0ACFD46
:106CD00004A81CF021FB4C4B2A46184641462EF0D6
:106CE00025FB04A84CF682611CF028FB04A9504641
:106CF0001AF09AFD04A81CF00FFB2A4641465046A4
:106D0000DFF84CA12EF012FB04A84CF683611CF0B6
:106D100015FB04A950461AF087FD04A81CF0FCFAE4
:106D20002A46414650462EF001FB3848384BDFF8E2
:106D300024C11F604FF6FF7E00F10C0A4FF480273C
:106D4000DFF81481CCF80080CCE90146A0F83EE0E1
:106D5000C3E901462A461C829C742E490471846052
:106D6000A0F834B080F83C40C0F82CA0C0F80090E7
:106D700007632EF0DBFA28482849C0F8009000F19C
:106D80000C032A46C362047184600763A0F834B020
:106D900080F83C40A0F83EB02EF0C8FA204815F02C
:106DA000C9FA09B0BDE8F08FC4DF00200060002000
:106DB00088DC0020F8DC0020B0FA00204D6A0300D7
:106DC00014DF00207D6A0300656A030094D8060082
:106DD00004D8002078D80600897702004865002092
:106DE00060FF060000093D00E1740200BC010120C3
:106DF0006CDD00202CFD002044DC0020801A060001
:106E0000A42C012045620500846A0020B8BF002040
:106E100094AE0020C17B0200E46900200D7B0200DB
:106E200010AF00202D1205006CDF0020BCDE00201A
:106E3000DCDF0020A0DD0020408E002088DE002066
:106E400088010120A0860100DC6A0020B4600020D7
:106E5000346B0020A8BF0020CCD80600014825F0E4
:106E6000DBBE00BFA45601200A4B1B7863B10A4B5E
:106E70000A491A880B8892B29BB29A4207D00B88B3
:106E8000074A9BB2D05C7047064825F0BDBE4FF064
:106E9000FF307047A96B0020A2BF0020A4BF0020D4
:106EA00068AF0020A45601202DE9F0418CB00746C0
:106EB000884668463022002131F020FA00236C46D3
:106EC0003D46ADF800308DF80230ADF810308DF849
:106ED0002430ADF82C300DF1200C26460FCE66453F
:106EE00028606960AA60EB60344605F11005F4D1B2
:106EF000334607CB1B88AB8128606960AA6087F89E
:106F0000018087F800800CB0BDE8F0810A7CCAB12E
:106F100002784378037002F0FB020023022AC0E9E2
:106F20000133C0E90533C0E90733C360038280F849
:106F30002430836280F82D30837000F0EF800023CE
:106F400018467047CB7B70B4002B41D00378012BDF
:106F500040F228818A7B1AB10122062B42704DD063
:106F60005A1E052A30D8DFE812F0B6007F00710003
:106F70005E000600DB004A6840F2DB539A4200F3F1
:106F8000F080002282610B7A002B00F01F81CC7A06
:106F9000D4B94B7AC3B1BAB10B689B1A41F28732AC
:106FA000934211D98A7A022A00F0B381012A00F0B3
:106FB000C7818278C46104230121046280F82440DF
:106FC00044740370817002B10023184670BC70478E
:106FD0000B7B33B30378012BBCD80A68897B80F81C
:106FE0002C30012A38BF012206240123826204705A
:106FF00080F82D30002900F0A68043700023012284
:10700000C0E90133C0E90533C0E90733C360038237
:1070100080F82430836280F82D308370027006235C
:10702000D3E7037896E7CA7A002A40F0A4800C7A66
:10703000002C40F000810A688460012A38BF0122D8
:1070400002210123C26001700374BEE74A6840F266
:10705000DB539A427CDC002383610B7A002B40F0E7
:10706000A4800A688360E8E70B7A002B40F08E80EA
:107070004C6840F2DB52944240F3BC8082690B685A
:10708000002A40F0B480012B38BF01238361D1E98D
:107090000032B2F5967F80F2AA808268002A40F022
:1070A000E680012B1A4638BF01228260C26844F68E
:1070B0001F649A1AA24240F2A180027C022A00F2C6
:1070C000A180012B38BF012301320021C0E9021346
:1070D0000274012379E74C68B4F5FA7F53DD426806
:1070E000002A00F0BD800D68AA1AB2F5FA6FFFF40D
:1070F0006BAF40F2DB52012D38BF012594420A7A72
:10710000C8BF856100264660002A40F0D88002246E
:107110000121C0E902250470017456E703230FE73B
:1071200090F82D307BB94B7B33B90B68816A904A5C
:107130005B1A93427FF648AF90F82C30037000231F
:107140004360032341E7002380F82D3002233CE70E
:107150008369002B81D10B68012B38BF0123836128
:107160007BE78269002A7FF40EAF0A68012A38BFE4
:107170000122826107E7837803BB05220023C0E96F
:107180000633027021E7002343601EE70A68012AE4
:107190004FF0030138BF012200234261017080F8E3
:1071A0002D3012E7028006230FE7CB7A002B3BD06D
:1071B0008378002BE1D04B7A002BDED00023052210
:1071C000C0E90633837002700423FEE60122C0E9A1
:1071D0000133C0E90533C0E90733C360038280F897
:1071E0002430836280F82D3083700270EDE6002237
:1071F00082605BE78361D1E900324AE7CB7A002BFA
:107200003FF4E2AE00230122C0E90133C0E90533B7
:10721000C0E90733C360038280F82430836280F8BA
:107220002D3002700323D0E64A7A32B3052243742C
:10723000C3610270C9E68C7A022C47D0012C59D068
:10724000002202624A68B2F5967F35DAC269002AE6
:1072500040D10B68012B38BF0123C3611346B4E64C
:107260000B68012B38BF012343601346ADE69A1A21
:10727000B2F5FA6FFFF41AAFC4E70968436942F246
:107280000F74CB1AA3427FF69FAE437C0133DBB26F
:10729000032B437448D901230370C0E90122C0E9DC
:1072A0000522C0E90722C260028280F8242082629F
:1072B00080F82D20062388E60023C36185E603229B
:1072C00000234561027080F82D307EE6026280F86E
:1072D0002420B7E7096847F22F548A1AA2427FF6A2
:1072E00073AE82780021C1619ABB05218261134689
:1072F00001706AE68278002AA2D090F82450002D0E
:10730000A0D1066A0A684EBB012A38BF0122026278
:1073100098E704210122C0E9074480F8244044741E
:1073200023460170827050E601294FF0010338BFF7
:10733000012102240374C0E902210470062344E6FB
:107340000423C0E9074480F8244044748270037029
:107350003BE6052281708161027036E6921B40F6A1
:10736000C316B2427FF66EAF056280F824402CE669
:10737000BFD40100A2B3013A1A4B10B48C180139E2
:1073800011F8012F504040F300021A4082EA5002E7
:1073900042F30000184080EA520242F30000184015
:1073A00080EA520040F300021A4082EA500040F3A3
:1073B00000021A4082EA500242F30000184080EABC
:1073C000520242F30000184080EA520040F30002EB
:1073D0001A408C4282EA5000D2D15DF8044B7047CB
:1073E000704700BF2083B8ED194AF0B4040F03467C
:1073F000155DC0F30330C3F30364175C145D002014
:1074000065F3070064F30F20C3F30354C3F30325AC
:10741000145D565D64F31740C3F30315C3F30344CF
:1074200003F00F03555D145DD25C002367F307037F
:1074300066F30F2365F3174364F31F6062F31F6362
:1074400000220860F0BC08464B600A72704700BF1B
:107450000CE70600002800F0B28070B40478A4F1B4
:107460003003DAB2092A00F286801C464278A2F183
:107470003003DDB2092D0AD9A2F16103052B40F2D8
:107480008980A2F14103052B7FD8A2F137038578CB
:10749000A5F13002D6B2092E43EA041309D9A5F1A9
:1074A0006102052A79D9A5F14102052A6DD8A5F115
:1074B0003702C578A5F13004E6B2092E42EA03127C
:1074C00009D9A5F16103052B6AD9A5F14103052B63
:1074D0005BD8A5F137040579A5F13003DEB2092E9A
:1074E00044EA021209D9A5F16103052B5BD9A5F184
:1074F0004103052B49D8A5F137034579A5F130049F
:10750000E6B2092E43EA021209D9A5F16103052B5F
:107510004CD9A5F14103052B37D8A5F1370485795E
:10752000A5F13003DEB2092E44EA021209D9A5F111
:107530006103052B3DD9A5F14103052B25D8A5F104
:107540003703C579A5F13004E6B2092E43EA0212E9
:1075500009D9A5F16103052B2ED9A5F14103052B0E
:1075600013D8A5F13704037A44EA02126BB901205B
:1075700070BC0A607047A4F16103052B08D9A4F11F
:107580004103052B01D8373C70E7002070BC7047E1
:10759000573C6BE7A2F1570379E7A5F1570288E75B
:1075A000A5F1570497E7A5F15703A6E7A5F15704FE
:1075B000B5E7A5F15703C4E7A5F15704D3E7704732
:1075C0002DE9F04F95B010B1B1F5806F04D20024D1
:1075D000204615B0BDE8F08F1446524946221E469B
:1075E000054630F063FE2369002B79D14E4B06939C
:1075F0000DF118086369002B7AD14B4B0A930DF1FA
:107600002809D4E90137E068CDF81090A169474A0C
:10761000D4F800C0CDF80C80002B08BF134600281A
:1076200008BF1046002908BF1146002F08BF1746A3
:1076300005F14604CDE9017000930591BCF1000FFE
:1076400014BF634613462046394A40F2BA3131F03E
:107650004BFD031EBBDB05F5806504EB030B5D45AD
:10766000B5D30BF10907BD42B1D3324A03CAE0508A
:107670001E9B12788BF80820CBF80410002B4DD0FD
:10768000DFF8B890DFF8B0A04FF00008B8F1000FB5
:1076900036D056F828304A4618210EA831F024FD7D
:1076A000044604F1020BBB445D45384622460EA950
:1076B00008F101082CD330F0F9FD1E9B4345274407
:1076C000E4D101240D220A233A707B705F46BD424B
:1076D0007FF67EAFEA1B38460A2130F00FFE77E7CF
:1076E0000DF11808144A4046102131F0FDFC81E7E5
:1076F0000DF12809104A4846102131F0F5FC80E7C9
:107700003368524618210EA831F0EEFC0446C8E753
:1077100007F1020B00245D45D9D3D3E70BF10B0B26
:107720000124F8E720E706004E2F410034FF060051
:1077300068E7060080E70600BCD506008CE7060077
:107740002DE9F04FADF2045D0024DDF82C85C8F87A
:1077500000401470147682F8384082F8584082F85D
:10776000684082F8784082F8884018B1B1F5806F9F
:1077700004D200200DF2045DBDE8F08F16461F46CE
:1077800000F58064024603E09442114600F008814F
:10779000114612F8013B0A2BF6D10D1AE9D0013D32
:1077A000435D0D2B00F0FF808C42E2D901318C4209
:1077B000DFD90B461D4613F8012B0A2A00F00E8173
:1077C0009C421D46F6D1621A40F0F5806B46994600
:1077D00018464FF0000A30F069FD89F800A087498B
:1077E00032F0F8FB814660B131F071FD172828BFF7
:1077F0001720834602464946304630F057FD06F8CA
:107800000BA07E49002032F0E5FB814678B131F0D3
:107810005EFD1F2828BF1F2006F11803024682467E
:107820004946184630F042FD002200F80A2073490C
:10783000002032F0CFFB814678B131F048FD1F289F
:1078400028BF1F2006F138030246824649461846E3
:1078500030F02CFD002200F80A206849002032F0A8
:10786000B9FB814678B131F032FD0F2828BF0F20D7
:1078700006F15803024682464946184630F016FD86
:10788000002200F80A205D49002032F0A3FB814667
:1078900078B131F01CFD0F2828BF0F2006F16803D6
:1078A000024682464946184630F000FD002200F8A4
:1078B0000A205249002032F08DFB814678B131F028
:1078C00006FD0F2828BF0F2006F1780302468246E6
:1078D0004946184630F0EAFC002200F80A204749E1
:1078E000002032F077FB814670B131F0F0FC1F28A8
:1078F00028BF1F208836824602464946304630F06F
:10790000D5FC002306F80A30AC4202D846E0AC426F
:1079100044D02B4601351A780A2AF8D19C423DD929
:10792000591C8C423AD90A4602E09442104604D0CF
:107930001046013205780A2DF7D1421A2ED09B5CF1
:107940000D2B58D040F2FF34944228BF144640AB70
:107950002246184630F0AAFC00222849025532F08F
:1079600039FBD8B1254CD8F80030DDF82855AB42AA
:107970004FF00A024FF0000110D232F0F9FB21461D
:10798000034630B3D8F80020501CC8F8000047F870
:107990002230002032F01EFB0028E4D10120E9E66D
:1079A0004FF48065FBE68C427FF6E3AE0131002D9B
:1079B0007FF4FDAEDDE6531EC85C0D2813D0FF2A10
:1079C00028BFFF226B4603EB0209AC4288BF01359A
:1079D000FEE632F0FFFA0028C5D1DFE76A1AEAD1E5
:1079E0006B469946F1E7FF2B28BFFF231A466B46EB
:1079F00003EB0209E9E7013AA4D1CFE794E70600D7
:107A000038B50446F8B10D4631F061FCD0B1A8425A
:107A100019D823782E2B16D0631E184413F8011F93
:107A200021F02002413A192AA1F1300407D9092C8A
:107A300005D95F29A1F12D0201D0012A03D8834283
:107A4000ECD1012038BD002038BD00BF01230373F5
:107A5000704700BF30B4047BECB9C1B18568154CE8
:107A600002FB0352A4FB024345689B09C91A4FF469
:107A70007A74294404FB1323C0E901134B1C10DB67
:107A80000229C8BF022330BCC8BF4360704730BC66
:107A9000C0E901117047002330BCC0E90133037312
:107AA00070470368013B591A4FF0FF3330BCC0E9FF
:107AB00000137047D34D62100023C0E9013101600B
:107AC00003737047037B73B1406840F6B7330A1AFB
:107AD0009A4208D8C1F57961044B0F310144A3FBE8
:107AE0000130800970470020704700BFD34D6210FD
:107AF000CB7803BB0B79B3B18B78CBB98B68836040
:107B0000022210B40C780CB14978E9B98168184A9E
:107B10005B1A93424FF0000101731DD800221046FA
:107B20005DF8044B70478B78A3B98B680122E8E7B6
:107B30000222104670478B78002BF9D10B79002B6D
:107B4000DCD18B680222DCE7017B51B90122436062
:107B50000273E3E70122ECE7032210465DF8044BD1
:107B60007047406840F6B7311B1A8B42D7D8D5E72B
:107B7000DF93040010B44FF47A7404FB0233054C15
:107B80004EF6602202FB013104FB00105DF8044B4D
:107B9000704700BF80EE36002DE9F04F40F2B2741E
:107BA00083B0A0429DF830809DF83490BDF838E055
:107BB0004FF0000C88BF40F26D1A0AD82EE0BBF5DA
:107BC000247F17D30134A4B24FF4B775A042AC445C
:107BD00024D004EB840504EBC505A5EB8525C5F38E
:107BE0008D0B4BEA853514F0030F1FFA85FB4FEA26
:107BF0008405E4D0254404EBC505A5EB8525C5F334
:107C00000B1B4BEA0535ADB20134A32DA4B28CBFDA
:107C100055464FF4B775A042AC44DAD101294ED98C
:107C200000EB800500EBC505A5EB85255C4CC5F395
:107C30000B1AA4FB00B44AEA053564094FF0640A44
:107C4000ADB20AFB1404A32DA4B200F003000CF1A2
:107C50001F0A74D908B9002C71D1022900F09E8046
:107C600003290CF13B0000F0978004290CF15A0025
:107C700000F0928005290CF1780000F08D80062933
:107C80000CF1970000F0888007290CF1B50000F096
:107C9000838008290CF1D4007ED009290CF1F3006F
:107CA0007AD00A290CF2111076D00B290CF59870B5
:107CB00072D00C290CF5A7706ED00CF26D1CDC0094
:107CC000E41A4FF0000565F100056901600141EA21
:107CD000D461C41841F100052B0143EA14731D4619
:107CE0005FFA89F03C230021E8FB03014FEA041A04
:107CF0001AEB000302F1FF32944445EB01020093BA
:107D00000192DDE90001274BE3FB0C0142014B012D
:107D1000121A43EAD06363EB010394009B00261818
:107D200043EA927343EB0107FB00F20012EB0E00F3
:107D300043EA567343F1000103B0BDE8F08F022916
:107D40002CD003290CF13C0026D004290CF15B0057
:107D500022D005290CF179001ED006290CF19800DB
:107D60001AD007290CF1B60016D008290CF1D5005D
:107D700012D009290CF1F4000ED00A290CF58970F3
:107D80000AD00B290CF2311006D00C290CF24F103E
:107D900018BF0CF5B77C92D1844690E7D4468EE7A5
:107DA0001F85EB51805101002DE9F043984687B0C3
:107DB000002B4FD004460D4654EA0503914634D0BB
:107DC0006F46002601E0182E49D0204629460A2297
:107DD00000232FF0B5FF02F1300107F8011B0A2242
:107DE0000023204629462FF0ABFF2B462246002BCE
:107DF00008BF0A2A0D460446314606F10106E2D2C2
:107E00008B1C98451FD34A1C09F1FF336A4498190B
:107E100012F8011D03F8011F9842F9D100233046E2
:107E200009F8063007B0BDE8F083B8F1010F0AD9B0
:107E3000012630220023304689F8002089F80130DD
:107E400007B0BDE8F0830026304689F8006007B02F
:107E5000BDE8F0831E46304607B0BDE8F083172129
:107E60001923CEE700000000836A002B74DD2DE9A2
:107E7000F04FD0E9006787B0044600220023304667
:107E800039462FF06FFD00284ED0D4E90289002238
:107E90000023404649462FF065FD002858D194ED57
:107EA000067B8DED007B94ED087BD4E904AB8DED72
:107EB000027B334B0022404649462FF05DFD0028EF
:107EC00046D1304B4046494600222FF073FD002832
:107ED0003ED127A3D3E90023504659462FF04CFD4D
:107EE000002835D124A3D3E90023504659462FF06A
:107EF00061FD68BBDDE90001002200232FF046FD93
:107F000030BBDDE9026700220023304639462FF0FE
:107F100033FDE8B91C4B3046394600222FF036FDC0
:107F2000003818BF012014E0184B002230463946B3
:107F30002FF022FD94ED067B8DED007B94ED087B08
:107F4000D4E90289D4E904AB8DED027B059028B118
:107F5000002007B0BDE8F08F002070470C4B304682
:107F6000394600222FF026FD0028F1D1A1E700BFFD
:107F70000000000000408FC000000000006AE840E0
:107F8000008066C00080664000407F40008056C090
:107F90000080564038B50446A8B10D4631F097F937
:107FA00080B1A8420FD8621E104412F8013FA3F11D
:107FB00030010929A3F12D0301D9012B03D88242F5
:107FC000F3D1012038BD002038BD00BF0000000003
:107FD0002DE9F04F2DED028B55EC124B57EC106B49
:107FE00083B012EE100A10EE102A3B4629465BECD5
:107FF00013AB59EC118B2FF095F842A3D3E9002372
:108000002FF048FA41EC100B2DF0D2FA3FA3D3E940
:1080100000233046394657EC106B2FF03BFA41EC09
:10802000100B2DF009FA39A3D3E900232046294685
:1080300055EC104B2FF02EFA41EC100B2DF0FCF903
:1080400042464B465046594659EC108B2FF06AF881
:108050002CA3D3E900232FF01DFA41EC100B2DF0D7
:10806000A7FA53EC102B10EE100A19462FF012FA53
:1080700042464B462FF00EFA22462B462FF00AFAC4
:1080800032463B4604460D46304639462FF002FA4A
:1080900002460B46204629462FF046F802460B467C
:1080A00043EC102BCDE900232DF0DCFADDE90023B1
:1080B000B0EE408AF0EE608A114900202FF032F8CD
:1080C00041EC100B2DF0CEFAB0EE401AF0EE601A33
:1080D000B0EE480AF0EE680A2DF0C2FA06A3D3E922
:1080E000002351EC100B2FF0D5F941EC100B03B02D
:1080F000BDEC028BBDE8F08F9A99999999EDBE403D
:108100000000F03F399D52A246DF813F399D52A2C7
:1081100046DF913F000000002DE9F04F16468BB07E
:1081200023F000498C4686461F46494649A3D3E9B9
:1081300000233046E246CDF808C0F346CDF800E013
:108140002FF0A8F941EC100B2DF0CAF942F2107291
:108150000023814688462FF0F3FD42F21072044658
:108160000D464846414600232FF0EAFD304694462E
:10817000394600220023CDF80CC02FF0FDFB00286B
:108180005FD1CDF804A00DF1100BDA460026204691
:1081900029460A2200232FF0D3FD30320AF8012BA2
:1081A000204629460A2200232FF0CAFDA946A046F0
:1081B000B9F1000F08BFB8F10A0F374604460D4663
:1081C00006F10106E3D2019B009A013B5E44134491
:1081D00016F8012D03F8012FB345F9D1039E1C4B6E
:1081E000A3FB0612D208A3FB0201C908A3FB0103EB
:1081F0000198DB0803EB8304851C00F1010C01EB03
:108200008100A1EB440102EB8204A2EB4002009842
:108210003D448444A6EB4404461902984FF02E0EC8
:108220000CF807E0C0F10400009F303130333032E9
:10823000303428447B557170B270F4700BB0BDE8D7
:10824000F08F2D2352460BF80A30531C01939AE706
:10825000CDCCCCCC000000000088C3402DE9F04F0D
:1082600016468BB023F000498C46864600221F46F6
:1082700049463C4BCDF808C03046E246F346CDF8BF
:1082800000E02FF007F941EC100B2DF029F96422E2
:108290000023814688462FF053FD642204460D4694
:1082A0004846414600232FF04BFD30469446394660
:1082B00000220023CDF80CC02FF05EFB002849D12E
:1082C000CDF804A00DF1100BDA4600262046294611
:1082D0000A2200232FF034FD30320AF8012B204609
:1082E00029460A2200232FF02BFDA946A046B9F10A
:1082F000000F08BFB8F10A0F374604460D4606F1D5
:108300000106E3D2019B009A013B5E44134416F838
:10831000012D03F8012FB345F9D1039C124B009DA9
:108320002246A3FB0223019A501CDB08BA1807441B
:10833000029803EB83012A44A4EB4101C0F103003E
:10834000303130332E243844EC55D17093700BB05B
:10835000BDE8F08F2D2352460BF80A30531C0193D1
:10836000B0E700BF00005940CDCCCCCC002800F0D5
:1083700083800378002B7FD0A3F16102192A61D991
:10838000A3F14102192A03D9A3F13002092A73D8B3
:1083900082B042788DF80030002A5ED0A2F16103ED
:1083A000192B5DD9A2F14103192B03D9A2F1300396
:1083B000092B52D883788DF80120002B4DD0A3F1E2
:1083C0006102192A4FD9A3F14102192A03D9A3F155
:1083D0003002092A41D8C2788DF80230002A3CD0F8
:1083E000A2F16103192B41D9A2F14103192B03D941
:1083F000A2F13003092B30D803798DF8032063B341
:10840000A3F16102192A34D9A3F14102192A03D92F
:10841000A3F13002092A20D842798DF80430E2B164
:10842000A2F16103192B10D8203AD2B283798DF8CA
:10843000052093B90098BDF80430086001208B80B6
:1084400002B07047203BDBB2A2E7A2F14103192B37
:10845000ECD9A2F13003092BE8D9002002B0704713
:10846000203AD2B2A6E7203BDBB2B4E7203AD2B240
:10847000C2E7203BDBB2CFE70020704703680B6008
:1084800083888B8000238B71704700BFF0B40C4D44
:1084900004460E460FCD20606160A26007CD2F8894
:1084A000AD7820616161A261E360A783A57733683D
:1084B000C4F81330B388A4F817301F20F0BC7047FD
:1084C000D4E7060030B4074C05460FCC286069603D
:1084D00003CC24782861AA60EB602C7669611920AE
:1084E00030BC704798E70600034690B1082910D9C0
:1084F00070B4094902248E8C086A91F826509E8037
:10850000002118601A719D71DC711972092070BC0C
:1085100070470020704700BFD4E70600034690B1C3
:10852000082910D970B4094900248E8C086A91F882
:1085300026509E80032118601A719D71DC7119729A
:10854000092070BC70470020704700BFD4E70600C8
:108550002DE9F04FBBB004910590002800F0368261
:10856000DC48934606A94722002301F8012B10F8A6
:10857000012F9A460133002AF7D19BF801E09BF8BE
:1085800003000390A2F13332A2FB0E06BBF8048075
:108590009BF802C09BF80010F608A2FB0605A2FBA0
:1085A0000C040F46A2FB08010398ED08A2FB009003
:1085B00005EB85050DF1E8094B44A6EB4505002FB9
:1085C0004FEAD404DBF81070009705F1300503F88A
:1085D000D05CA2FB047506EB86063AAB4FEAD505E4
:1085E000AEEB4606534405EB850506F130064FEA2F
:1085F000D1014FEAD000A4EB450504EB840403F855
:10860000CE6CA2FB01E9ACEB440CA2FB00644FEA88
:10861000D9094FEAD404A2FB096204EB8404039E47
:10862000A0EB44044FEAD20200EB8000A6EB40002E
:1086300002EB8202DBF8146005F13005A9EB42027F
:1086400009EB890903F8CD5CA1EB490926F0004547
:10865000019509F1300901EB810103F8C79CA8EBF2
:108660004101DDE9008904F130040CF1300C14BF44
:1086700041275627303203F8CB4C01F130052C242A
:1086800030302E2103F8CCCC03F8CA0C03F8C91CF7
:1086900003F8C82C03F8C65C03F8C54C03F8C47C87
:1086A00003F8C34C494640462FF0A4F92EF088FE4B
:1086B00006460F4632463B46404649462EF032FDBE
:1086C000854B00222EF0E6FE844B80468946002230
:1086D000304639462EF0DEFE02460B4640464946FD
:1086E0002EF022FD0AF10E0A024621F0004306A8F0
:1086F0005146FFF711FD3AAB824403EB0A05DBE973
:10870000040105F8D04C002200232FF035F9DBE9F5
:1087100006893AAA0AF101030028134429F0004708
:1087200014BF53224E2203F8D02C394605F8CE4C04
:1087300040462FF05FF92EF043FE04460D462246D8
:108740002B46394640462EF0EDFC634B00222EF0BE
:10875000A1FE624B06460F460022204629462EF017
:1087600099FE02460B46304639462EF0DDFC0022CB
:1087700004460D460023404649462FF0FDF80AF115
:10878000030A002840F035812B465146224606A8B0
:10879000FFF7C2FC824406A90AF1FF33504A0B449A
:1087A0002C25002103F8015F12F8015F0131002D33
:1087B000F8D18A44DBE90823514606A8FFF74EFDAD
:1087C0003AAB504400F1010803EB000A4146DBE9F3
:1087D0000A232C2406A80AF8D04CFFF73FFD414B92
:1087E0009BF806E09BF807909BF808A03E4EA3FB81
:1087F0000E214FEAD10BA3FB092CA3FB0A2740440F
:108800003AAA0BEB8B08AEEB480802EB000EA3FB79
:108810000B21C9084FEADC0C01EB8101FF08ABEB2F
:108820004101A3FB0CB2D208A3FB07B3DB0802EBA8
:108830008202ACEB420203EB8303A7EB430330322B
:108840000CEB8C0C07EB8707A9EB4C0C0EF8CD2C2E
:1088500003F1300906AA831DAAEB470A08F1300884
:1088600030310CF1300C0AF1300A0EF8CE8C0EF8D3
:10887000D04C0EF8CF1C0EF8CCCC0EF8CB9C0730A9
:1088800002F803A0134403F8014F16F8014F013515
:10889000002CF8D1451900F0B0806B1E062B40F279
:1088A000AE8025F0030106AB194453F8042B8B422C
:1088B00084EA0204F9D1C4F30723C4F307426340F6
:1088C000534083EA1464AA07E4B225F0030348D0B6
:1088D0000CE000BFB4E7060000004E400000594025
:1088E000BCE70600CDCCCCCCC0E706003AA91944C1
:1088F0005A1C11F8D01C954284EA010431D93AA9D6
:108900000A44991C12F8D02C8D4284EA0204E4B285
:1089100027D93AAA1144DA1C11F8D01C954284EAEE
:1089200001041ED93AA90A44191D12F8D02C8D420F
:1089300084EA020415D93AAA11445A1D11F8D01C30
:10894000AA4284EA01040CD23AA90A44063312F876
:10895000D02C9D4284EA020403D90B4413F8D03C86
:108960005C40270904F00F04264A1EA92C26002388
:1089700001F8016B12F8016F18460133002EF7D190
:108980003AAA134400F104080244072003F8700CCB
:108990002C20242302F86E0C1EA802F86D3C06A9B8
:1089A0002A4640442FF082FC4544174A3AAB2B44F8
:1089B000D15D125D03F86F1C2A2003F8700C03F8D8
:1089C0006E2C049B05F109049C4204D90024204626
:1089D0003BB0BDE8F08F05980C4B0671EA1C427164
:1089E00003601EA906302FF061FC20463BB0BDE8B5
:1089F000F08F05F100431D46C6E62746B4E723463F
:108A000074E700BFCCE70600FCE70600FCEFFE833E
:108A100038B1042902D90378FE2B03D00020704717
:108A2000012070474378EF2BF8D18378FE2BF5D1E6
:108A3000C378072B01D0022070470379002BFAD1AD
:108A40000A29F8D9002AEBD0063943184158116099
:108A50009B8893800120704738B1062902D903789A
:108A6000FE2B03D000207047012070474378EF2B86
:108A7000F8D18378FE2BF5D1C378102BF2D143794E
:108A80009A1D8A42EED8042BEED9421D1A440930B1
:108A9000002110F8013F3A2B08BF01318242F8D182
:108AA0000229B4BF01200220704700BF8AB3F0B58D
:108AB0001C4683B00BB31F4E1F4BA6FB0056B60BD4
:108AC0004EF66025A3FB00C705FB16054EF65F2C8E
:108AD000A3FB0535BF094FF47A7E60454FEA951335
:108AE0000EFB17070BD8012914D002291AD0104603
:108AF0000097124A214630F0F7FA03B0F0BDCDE9F5
:108B000000372146334610460D4A30F0EDFA03B0E7
:108B1000F0BD70470097214610460A4A30F0E4FA4B
:108B200003B0F0BD009721461046074A30F0DCFA4A
:108B300003B0F0BD73B2E745D34D62103CE80600C8
:108B400010E8060020E8060030E806002DE9F04FA6
:108B5000804693B0002849D09246002A46D000298A
:108B60000E4643DD002B994640DD4022964202A886
:108B70004FF00001A8BF16462FF0C0FB0023019361
:108B800018464FF0010B08F10103019A814582F06C
:108B900001072CDD00F1FF3CD44402A900224FF074
:108BA000FF3511F8014B74B913F81240BC420AD1D9
:108BB00018F812403CB1B5F1FF3F1BD018F815E092
:108BC000A64538BF154601329642EAD16A1C13D039
:108BD00012AA5119013018F815200CF8012F8145FF
:108BE00001F840BCD9D113B0BDE8F08F002013B01C
:108BF000BDE8F08F1546E6E7019A002AF7D1012279
:108C000048450192C1DBF2E700284CD02DE9F04144
:108C1000069C002C48D0002941DD002A3FDD002BB6
:108C20003DDD079C002C3ADDA142A8BF21464D1E28
:108C3000541B94FBF1F4012C0DDC012903D12CE031
:108C4000012D2AD0013DC5F10104144494FBF5F433
:108C5000012C2946F4DD661C0138DFF858C0069D5A
:108C60004718B6B224B24FF0000E10F8012FA5F845
:108C700000E0322AA8BF322203FB02F2ACFB0282E0
:108C80001209B6448742AA806C801FFA8EFE05F155
:108C90000605EAD10846BDE8F081012C08D0002184
:108CA0000846BDE8F081704721460846BDE8F081DE
:108CB0002146D0E71F85EB51884202D0012802D01F
:108CC00018B901207047042905D0A0F10400B0FABA
:108CD00080F0400970477047012802D1042908BF7D
:108CE00001210846704700BF884201D0002070472C
:108CF000003818BF012070470023C0E9003103810C
:108D0000704700BF037A73B1006840F6B7330A1AA0
:108D10009A4208D8C1F57961044B0F310144A3FB95
:108D20000130800970470020704700BFD34D6210AA
:108D30000B7843B94B78B3B14B6843604FF4807301
:108D40000381002070474A784B6843603AB9427A01
:108D5000D2B1027ADAB9012203600272F1E700238C
:108D60000372002070478B78002BE5D1CB78002B65
:108D7000E2D14B6841680A4A5B1A93424FF4807112
:108D80000181DED90220704702720020704701681D
:108D900040F6B7325B1A9342D3D90120704700BF27
:108DA000DF930400024B436000220260704700BF63
:108DB00000401C46002928DD07EE901A9FED135A4B
:108DC00090ED017ADFED125A90ED006AF8EEE77A45
:108DD00037EE257AC5EE276AF7EE007A76EE876AD7
:108DE00030EE460AC7EE265A77EEE56AA0EE256A0F
:108DF00026EE877A80ED006AB4EEE77AF1EE10FA9B
:108E000058BFF0EE477AC0ED017A704700401C452C
:108E100000004844B5EEC00AF1EE10FAF0EE407AD8
:108E20000BD9F5EEC00AF1EE10FA06D99FED047ADF
:108E300060EE870A80EEA70A70479FED020A70472E
:108E4000C0E1644C000000000368DA0305D5436804
:108E50000A6813420BD001207047D90210D49A0738
:108E600010D413F0040F0CBF002005207047826857
:108E700048680242EFD18868034205D0022070475B
:108E80000320704704207047CB681A4214BF0220A9
:108E900006207047437C03B1704730B54FF48072B1
:108EA00085B002820321FF22019304468DF803203E
:108EB0008DF806208DF80510827B417B8DF800200F
:108EC0004FF080451A4602958DF80110057BC3735B
:108ED000694603938DF8025026F02CFFA37B1F2BCD
:108EE00086BF03F01F030C4A4FF0A04203F5E07366
:108EF00040F2013142F82310637B1F2B86BF03F041
:108F00001F03054A4FF0A04203F5E07340F203311E
:108F100042F8231005B030BD0003005010B50446E0
:108F200027F04AF80023637410BD00BF10B483B06B
:108F300002AB03E906009DF805109DF804200368C4
:108F4000013918BF01210024022AC3F800450C464C
:108F50000174C27332D0032A2DD0012A28D0224AAC
:108F60000099B2FBF1F2B2F5007FC3F8544504D288
:108F7000FF2A0DD94FF0806101E04FF00071072208
:108F8000C3F82415C3F8002503B05DF8044B7047FF
:108F90007F2A16D83F2A17D81F2A18D80F2A19D87F
:108FA000072A02D811498B4217D04FF00041E6E75B
:108FB00041F00204D3E741F00604D0E741F0040495
:108FC000CDE74FF00061DAE74FF08051D7E74FF07F
:108FD0000051D4E74FF08041D1E7032A8CBF4FF016
:108FE00020614FF0A051CAE70090D00300F002408A
:108FF00003680022C3F80025704700BFC37B0268E6
:10900000013918BF0121022B017406D0032B0ED0A9
:10901000012B07D0C2F85415704741F00401C2F883
:109020005415704741F00201C2F85415704741F0E1
:109030000601C2F8541570478AB32DE9F04107467E
:1090400084B00C4615464FF6FF7845452E464FF046
:10905000000269463846009428BF464654B1CDE91F
:109060000164039627F012F8AD1B3444EDD104B02F
:10907000BDE8F0814FF6FF7804E045452E460094A8
:1090800028BF4646002269463846CDE9014403948C
:1090900026F0FCFFAD1BF0D104B0BDE8F0817047B5
:1090A00030B587B001230D460DF10704002202A957
:1090B000CDE903348DF807500294059326F0E6FFBE
:1090C0009DF8070007B030BD0F49104A1048114BFA
:1090D00070B44D6A0C6A157301251060886A1571A9
:1090E0004E6E947350734C6F886E0B4D1E7300213F
:1090F0009C735873D17311821971D97319821D60D1
:10910000916070BC996070478C1007006C2C012036
:1091100000F00240802C0120003002400020704707
:1091200000207047704700BF704700BF704700BF06
:10913000704700BF406828B108B50368DB689847EE
:1091400080B208BD704700BF406840B108B522B189
:1091500003685B689847C0B208BD104608BD7047F9
:10916000406838B108B50AB9104608BD23F0D8FCEC
:10917000C0B208BD704700BF024A026000224260D0
:10918000704700BF50E8060010B50446406828B993
:109190000BE0606803681B69984760680368DB68D8
:1091A00098470028F5D1012010BD61600846F5E719
:1091B000F0B4594A02604FF0005600240025002206
:1091C00046604FF49A76C0E90245C0E90445C0E91B
:1091D0000645C0E90845C0E90A45C0E90C45C0E9B3
:1091E0000E45C0E91045C0E91245C0E91445C0E983
:1091F0001645C0E91845C0E91A45C0E91C45C0E953
:109200001E45C0E92045C0E92245C0E92445C0E922
:109210002645C0E92845C0E92A45C0E92C45C0E9F2
:109220002E45C0E93045C0E93245C0E93445C0E9C2
:109230003645C0F8E020A0F8702180F87221C0F80F
:10924000A861202680F8AC6100F5C776C0F8B86147
:1092500000F5C8763149C0F8C86140F66416C0F818
:10926000F011A0F8F461642140F6FC3680F8091290
:10927000A0F81C622A49C0F88821002601274FF077
:10928000010CC0E95E45C0E96045C0E96645C0E93A
:109290006822C0E96C22C0E97022C0E97422C0E9EA
:1092A0007822A0F88C21C0F89421C0F8D821C0F809
:1092B000E821C0F8F821C0F81022C0F81822C0F840
:1092C000BC11C0F8CC11C0F8DC11C0F8EC11C0E939
:1092D0005A45C0E98067C0E98A22F0BCC0E98C2207
:1092E000C0F8202280F82422C0F83822A0F83C22BE
:1092F00080F83F2280F84022A0F84222C0F84422A1
:10930000A0F84822C0F84C22C0F8142280F8E820C7
:1093100080F850C2704700BF70F706000002646416
:109320000000020270B50546D0F8280268B195F831
:109330008C31002B40F08A8326F0F6FB0023C5F821
:109340002832A5F82C32A5F83232D5F8340230B1E3
:1093500026F0EAFB0023C5F83432A5F83832D5F8F8
:10936000440220B126F0E0FB0023C5F84432A8688F
:1093700018B126F0D7FB0023AB60E86818B126F0DF
:10938000D1FB0023EB60A86C18B126F0CBFB0023C7
:10939000AB642B695BB1186A002800F06E8326F07D
:1093A000C1FB2B69002B40F0688300232B616B69A4
:1093B0005BB1D869002800F0588326F0B3FB6B69D5
:1093C000002B40F0528300236B61AB695BB1186ADC
:1093D000002800F07A8326F0A5FBAB69002B40F053
:1093E00074830023AB616B6A5BB1D86E002800F018
:1093F000688326F097FB6B6A002B40F062830023A2
:109400006B622B6A5BB1D86A002800F0668326F095
:1094100089FB2B6A002B40F0608300232B62AB6A30
:109420005BB1186A002800F0548326F07BFBAB6A1E
:10943000002B40F04E830023AB622B6B5BB1186AAC
:10944000002800F0528326F06DFB2B6B002B40F0C0
:109450004C8300232B636B6B5BB1186B002800F00F
:10946000408326F05FFB6B6B002B40F03A830023B8
:109470006B63AB6B5BB1986A002800F03E8326F00B
:1094800051FBAB6B002B40F038830023AB63EB6BDD
:109490005BB1186B002800F02C8326F043FBEB6BCC
:1094A000002B40F026830023EB632B6C63B1D3F8D1
:1094B0008400002800F0E98226F034FB2B6C002B9E
:1094C00040F0E38200232B64EB6A5BB1186A00284A
:1094D00000F0D78226F026FBEB6A002B40F0D18209
:1094E0000023EB626B6C5BB1186A002800F0D58238
:1094F00026F018FB6B6C002B40F0CF8200236B64CE
:10950000EB6C5BB1586B002800F0C38226F00AFBBD
:10951000EB6C002B40F0BD820023EB642B6D5BB144
:10952000D86C002800F0C18226F0FCFA2B6D002BCD
:1095300040F0BB8200232B656B6D5BB1D8690028BE
:1095400000F0AF8226F0EEFA6B6D002B40F0A9829E
:1095500000236B65EB695BB11869002800F0AD82F0
:1095600026F0E0FAEB69002B40F0A7820023EB61C4
:10957000AB6D63B1D3F8080C002800F09A8226F096
:10958000D1FAAB6D002B40F094820023AB65EB6DFC
:1095900063B1D3F8D405002800F0D78226F0C2FAD0
:1095A000EB6D002B40F0D1820023EB652B6E5BB19D
:1095B0009868002800F0C58226F0B4FA2B6E002BC4
:1095C00040F0BF8200232B666B6E5BB19868002869
:1095D00000F0C38226F0A6FA6B6E002B40F0BD822D
:1095E00000236B66AB6E5BB19868002800F0B18217
:1095F00026F09AFAAB6E002B40F0AB820023AB66EC
:10960000EB6E5BB19868002800F0AF8226F08AFA12
:10961000EB6E002B40F0A9820023EB662B6F83B129
:10962000586D10B126F07EFA2B6FD86D002800F02F
:10963000988226F079FA2B6F002B40F0928200235B
:109640002B676B6F63B1D3F8980B002800F09582FD
:1096500026F068FA6B6F002B40F08F8200236B6757
:10966000AB6F63B1D3F8D808002800F0828226F0EF
:1096700059FAAB6F002B40F07C820023AB67EB6F95
:109680005BB1986A002800F0488226F04BFAEB6F35
:10969000002B40F042820023EB67D5F880306BB19D
:1096A000D869002800F0358226F03CFAD5F88030E1
:1096B000002B40F02E820023C5F88030D5F884308E
:1096C00073B1D3F82C01002800F01F8226F02AFA8B
:1096D000D5F88430002B40F018820023C5F8843080
:1096E000D5F888306BB1986C002800F00A8226F01B
:1096F00019FAD5F88830002B40F003820023C5F812
:109700008830D5F88C306BB1D869002800F015820C
:1097100026F008FAD5F88C30002B40F00E8200239A
:10972000C5F88C30D5F89C306BB1986B002800F0F0
:10973000008226F0F7F9D5F89C30002B40F0F98133
:109740000023C5F89C30D5F890306BB1186B002819
:1097500000F0EB8126F0E6F9D5F89030002B40F0D0
:10976000E4810023C5F89030D5F8943073B1D3F874
:109770009000002800F0D58126F0D6F9D5F8943075
:10978000002B40F0CE810023C5F89430D5F89830F6
:1097900073B1D3F84002002800F01F8226F0C2F90E
:1097A000D5F89830002B40F018820023C5F8983087
:1097B000D5F8B00020B126F0B5F90023C5F8B030D7
:1097C000D5F8B40020B126F0ADF90023C5F8B430C7
:1097D000D5F8A4306BB1D86A002800F0FA8126F0E1
:1097E000A1F9D5F8A430002B40F0F3810023C5F88F
:1097F000A430D5F8A8306BB1186B002800F0E581D3
:1098000026F090F9D5F8A830002B40F0DE81002337
:10981000C5F8A830D5F8A0306BB1586D002800F01D
:10982000D08126F07FF9D5F8A030002B40F0C98117
:109830000023C5F8A030D5F8AC306BB1D86A002849
:1098400000F0DB8126F06EF9D5F8AC30002B40F04B
:10985000D4810023C5F8AC30D5F8B83073B1D3F853
:10986000D000002800F0C58126F05CF9D5F8B830AA
:10987000002B40F0BE810023C5F8B830D5F8BC30CD
:1098800073B1D3F8D000002800F0AF8126F04AF978
:10989000D5F8BC30002B40F0A8810023C5F8BC30BF
:1098A000D5F8C03073B1D3F8D000002800F099810A
:1098B00026F038F9D5F8C030002B40F09281002313
:1098C000C5F8C030D5F8C43073B1D3F8D000002843
:1098D00000F0638126F026F9D5F8C430002B40F063
:1098E0005C810023C5F8C430D5F8C83073B1D3F813
:1098F000D000002800F04D8126F014F9D5F8C830CA
:10990000002B40F046810023C5F8C830D5F8CC3094
:1099100073B1D3F8D000002800F0378126F002F9A7
:10992000D5F8CC30002B40F030810023C5F8CC3086
:10993000D5F8D0306BB1D86E002800F0228126F027
:10994000F1F8D5F8D030002B40F01B810023C5F88A
:10995000D030D5F8D4306BB1D86E002800F02D810E
:1099600026F0E0F8D5F8D430002B40F02681002313
:10997000C5F8D430D5F8D83073B1D3F8D00000286A
:1099800000F0178126F0CEF8D5F8D830002B40F043
:1099900010810023C5F8D830D5F8DC3073B1D3F886
:1099A000D000002800F0018126F0BCF8D5F8DC30AA
:1099B000002B40F0FA800023C5F8DC30D5F81032D7
:1099C0006BB15868002800F0EC8026F0ADF8D5F8AF
:1099D0001032002B40F0E5800023C5F81032D5F896
:1099E000180220B126F09EF80023C5F81832D5F8E9
:1099F000E0305BB1586C00283BD026F093F8D5F8E6
:109A0000E030002B35D10023C5F8E030D5F82062D6
:109A1000AEB174680CB90CE0064620466468002CB0
:109A2000FAD126F07FF87460D5F820627468002CB3
:109A3000F3D1304626F076F80023C5F820322B68A3
:109A4000724ADB68934240F0DC8070BDD5F8883103
:109A5000002B3FF471AC6E49184622F081FDD5F819
:109A6000280200283FF46AAC66E4184626F05AF84B
:109A7000A9E4184626F056F8C5E7184626F052F82D
:109A800093E4184626F04EF82AE5184626F04AF8E0
:109A900018E5184626F046F83EE5184626F042F846
:109AA0002CE5184626F03EF852E5184626F03AF81E
:109AB00040E5184626F036F867E5184626F032F8F5
:109AC00054E5184626F02EF899E4184626F02AF8B0
:109AD00087E4184626F026F8ADE4184626F022F86A
:109AE0009BE4184626F01EF8C1E4184626F01AF842
:109AF000AFE4184626F016F8D5E4184626F012F81A
:109B0000C3E4184626F00EF8F8E5184626F00AF8E1
:109B1000E3E5184626F006F8CDE5184626F002F8EB
:109B2000B9E5184625F0FEFF2DE6184625F0FAFFA8
:109B300017E6184625F0F6FF02E6184625F0F2FF74
:109B4000EDE5184625F0EEFF3CE5184625F0EAFF66
:109B50002AE5184625F0E6FF50E5184625F0E2FF15
:109B60003EE5184625F0DEFF69E5184625F0DAFFE8
:109B700052E5184625F0D6FF7FE5184625F0D2FFBE
:109B80006CE5184625F0CEFFE0E6184625F0CAFF42
:109B9000CBE6184625F0C6FFB5E6184625F0C2FF0D
:109BA0009FE6184625F0BEFF16E7184625F0BAFFD7
:109BB00001E7184625F0B6FFEBE6184625F0B2FFA0
:109BC000D5E6184625F0AEFF32E6184625F0AAFF86
:109BD0001DE6184625F0A6FF08E6184625F0A2FF68
:109BE000E3E5184625F09EFF69E6184625F09AFF42
:109BF00053E6184625F096FF3DE6184625F092FFFD
:109C000027E62846BDE87040184700BF15730200DC
:109C100074E8060010B50E4B03600446FFF782FBA4
:109C2000D4F8980120B125F07FFF0023C4F89831C3
:109C3000D4F89C0120B125F077FF0023C4F89C31B3
:109C4000D4F8A00108B125F06FFF204610BD00BF79
:109C500070F70600F8B504460D46B9B9D0F898017A
:109C600000283DD025F060FF94F88C31C4F898515D
:109C7000C4F8D851C4F89451002B48D0D4F88801C6
:109C800010B1254922F06CFC0120F8BDD0F89831C4
:109C900033B3084625F044FFD4E96527AA4228BF1C
:109CA0002A46394606462EF001FB384625F03CFF91
:109CB000D4F8A831C4F8986105F108029A42C4F8B2
:109CC000D861C4F89451DFD994F88C31D3B1D4F869
:109CD00088010028D8D0114922F042FC0120F8BDAB
:109CE000284625F01DFFD4F8A831C4F89451083552
:109CF0009D42C4F89801C4F8D801C5D994F88C31B4
:109D0000002BE4D194F88D31002BBDD0DFE794F81F
:109D10008D31002BB8D0B1E7E8E8060014E9060061
:109D2000C0F87411704700BF10B40BB100241C8040
:109D3000013927291ED8DFE801F021651D1D1D1DF1
:109D40001D1D1D7F1D1D8C1D1D9A1D1DB11D1D1D61
:109D50001D1D1D1D1D1D1D1D1D1D1D1D1D1D1D1D33
:109D6000BF14002A00F0D780012A00F02B81022ABC
:109D700000F0AE8000205DF8044B7047012A00F02F
:109D8000E580032A00F00481042A00F03681052AC8
:109D900000F0B980072A00F04181092A00F04681CD
:109DA000112A00F04B81122A00F05081132A00F092
:109DB0005581142A00F05A81172A00F05F81212A68
:109DC00000F06981222A00F06E81262A00F073815A
:109DD0003B2A00F078813C2A00F07D81602A00F067
:109DE0008281612A00F08781352A00F08C81432A24
:109DF000C0D113B14FF4B9621A80C06D003818BFDA
:109E00000120B8E7132A00F08F80152A00F0D180D6
:109E1000732A00F0E080342A6DD0142A00F0F58017
:109E2000722AA7D113B14FF404721A80036E002B6B
:109E300000F02C8101209EE7362A7DD0092A99D195
:109E40000BB13C221A80D0F88800003818BF0120DE
:109E500091E7032A00F08B80012A8BD10BB11022ED
:109E60001A80D0F88000003818BF012083E7142A38
:109E700000F08580152A00F09380022A00F0B4805B
:109E8000032A2ED0102A7FF475AF0BB12C221A8032
:109E9000D0F89C00003818BF01206CE7602A5DD024
:109EA000802A7FF467AF0BB1A4221A80D0F8B400E7
:109EB000003818BF01205EE7092A7FF45BAF0BB1C1
:109EC0001C221A80D0F8AC00003818BF012052E7DD
:109ED0000BB124221A80D0F8A800003818BF012046
:109EE00049E713B14FF40D721A80D0F8980000388A
:109EF00018BF01203FE70BB10C221A80C06E00385A
:109F000018BF012037E70BB120221A80006A003801
:109F100018BF01202FE70BB148221A80D0F8A0000B
:109F2000003818BF012026E70BB148221A80006FC5
:109F3000003818BF01201EE713B14FF490721A8049
:109F4000D0F88400003818BF012014E70BB11422A8
:109F50001A800069003818BF01200CE70BB10822F5
:109F60001A80D0F8B000003818BF012003E70BB109
:109F70001C221A80C06F003818BF0120FBE60BB10D
:109F800010221A80D0F88C00003818BF0120F2E6A9
:109F90000BB110221A804069003818BF0120EAE690
:109FA0000BB124221A80D0F89000003818BF01208D
:109FB000E1E613B14FF439621A80406F003818BFE0
:109FC0000120D8E60BB120221A80D0F8A400003876
:109FD00018BF0120CFE613B14FF484721A80806E4F
:109FE000003818BF0120C6E60BB188221A80D0F8CD
:109FF0009400003818BF0120BDE60BB112221A8070
:10A000008069003818BF0120B5E613B140F6CC02D4
:10A010001A80806F003818BF0120ACE60BB15C22BB
:10A020001A80406A003818BF0120A4E60BB1142240
:10A030001A80806A003818BF01209CE60BB11422F8
:10A040001A80006B003818BF012094E60BB124225F
:10A050001A80406B003818BF01208CE60BB11C221F
:10A060001A80806B003818BF012084E60BB12422CF
:10A070001A80C06B003818BF01207CE60BB1742237
:10A080001A80006C003818BF012074E6406E00385A
:10A0900018BF01206FE60BB114221A80C06A003885
:10A0A00018BF012067E60BB114221A80406C0038FB
:10A0B00018BF01205FE60BB118221A80806C0038AF
:10A0C00018BF012057E60BB128221A80C06C003857
:10A0D00018BF01204FE60BB140221A80006D0038F6
:10A0E00018BF012047E60BB110221A80406D0038DE
:10A0F00018BF01203FE60BB104221A80C069003866
:10A1000018BF012037E613B140F6FC321A80806D8B
:10A11000003818BF01202EE670B504468B48D4F8ED
:10A120000C2294F8001222F0FF02824201F0010397
:10A1300094F80D0246D047281FD085498A4215D091
:10A1400084498A424FD194F8021211F0020F18BFCD
:10A15000012381498A424DD194F80222D0063ED58E
:10A16000D4F81052002D50D0012070BD94F8021286
:10A1700011F0010F18BF0123EBE7B4F80E0245F20E
:10A180004115A84200F0DD8045F24215A84264D195
:10A1900011F0080F18BF012345F24C15A84264D1F5
:10A1A00011F0800F18BF012345F25231884266D169
:10A1B00094F8011211F0100F654918BF01238A426B
:10A1C000BED1D3E711F0020F18BF01234728D4D026
:10A1D00062498A42BDD194F802221207C0D4002BF2
:10A1E000BED1002070BD5E498A422ED194F8021281
:10A1F0004E06B5D45B498A42F1D194F80222910609
:10A20000EDD5D4F81052002DAED1082025F086FCF3
:10A210000646C4F8100294F90902756025F080FC26
:10A22000D4F8103270605B68002B9DD194F88C31AB
:10A230001BB994F88D31002BD3D0D4F888010028B5
:10A24000CFD0494922F08CF9CBE748498A42BFD1A7
:10A2500094F80222550783D4C1E745F24235A8425B
:10A260001CD111F0100F18BF012345F24E11884286
:10A270001CD194F8011211F0010F18BF012344F210
:10A28000531188421CD194F8011211F0200F30496B
:10A2900018BF01238A427FF453AF67E744F24715A2
:10A2A000A84235D111F0200F18BF012345F24E31DD
:10A2B000884214D194F8011211F0020F18BF012343
:10A2C00045F25341884214D194F8011211F0400F25
:10A2D0001F4918BF01238A427FF432AF46E745F297
:10A2E000501188421DD194F8011211F0040F18BFCB
:10A2F000012345F2536188427FF41FAF94F90112A4
:10A3000000291349B8BF01238A427FF419AF2DE712
:10A3100044F64C45A8427FF43FAF11F0400F18BF00
:10A32000012345F2511188427FF43EAF94F80112A7
:10A3300011F0080F064918BF01238A427FF400AFCD
:10A3400014E711F0040F18BF012325E70044544D12
:10A3500000524C4D00524D430056544700564C5746
:10A3600000544853005A444164E9060000545854CC
:10A3700090F80412CB0769D410B4D0F80C326D4AAF
:10A3800023F0FF0393421AD090F80D22472A1ED0E3
:10A39000694A93426FD0694A934259D0684A9342BE
:10A3A0005DD0684A934261D0674A93426AD0674A57
:10A3B00093426CD190F80602C0F3001043E011F014
:10A3C00002023FD190F80D42472C40F0AF80B0F828
:10A3D0000E2245F24114A24261D045F24214A2423B
:10A3E00061D045F24234A24261D044F24714A24205
:10A3F00000F0818044F64C44A2425CD045F24C14FB
:10A40000A2425CD045F24E118A425CD045F24E31F8
:10A410008A425ED045F250118A4260D045F2511115
:10A420008A4262D045F252318A4268D044F25311D6
:10A430008A426AD045F253418A426CD190F8052293
:10A440005206A5D501205DF8044B704701207047E6
:10A4500090F806025DF8044BC0F34000704790F896
:10A4600006025DF8044BC0F38010704790F80602B6
:10A47000C0F38000E7E790F806025DF8044B00F0B7
:10A480000100704790F80602C0F3C000DBE7304AD5
:10A4900093424DD190F80602C0F34010D3E74A072B
:10A4A0007FF576AFCEE70C077FF572AFCAE7C90636
:10A4B0007FF56EAFC6E74C067FF56AAFC2E70906C7
:10A4C0007FF566AFBEE790F80522D2077FF560AF53
:10A4D000B8E790F8052294077FF55AAFB2E790F8F5
:10A4E000052251077FF554AFACE790F8052212071B
:10A4F0007FF54EAFA6E78A067FF54AAFA2E790F850
:10A500000522D4067FF544AF9CE790F8052291061A
:10A510007FF53EAF96E745F253618A427FF438AF4C
:10A5200090F90522002ABFF633AF8BE710468AE781
:10A53000002088E70044544D00524C4D00524D43DA
:10A54000005448530054585400564C570056544732
:10A55000005A4441704700BF30B5574B044693E85A
:10A56000030083B004F20B25ADF8041000902946D7
:10A57000684605222DF08CFE28B9D4F8B83013B106
:10A58000012003B030BD4D4B93E80300052200903D
:10A59000ADF80410684629462DF07AFE18B9D4F8B3
:10A5A000BC30002BECD1464B93E803000522009011
:10A5B000ADF80410684629462DF06AFE18B9D4F8A3
:10A5C000C030002BDCD13F4B93E803000522009004
:10A5D000ADF80410684629462DF05AFE18B9D4F893
:10A5E000C430002BCCD1384B93E8030005220090F7
:10A5F000ADF80410684629462DF04AFE18B9D4F883
:10A60000C830002BBCD1314B93E8030005220090E9
:10A61000ADF80410684629462DF03AFE002842D0D5
:10A620002B4B93E8030005220090ADF80410684618
:10A6300029462DF02DFE18B9D4F8D030002B9FD12B
:10A64000244B93E8030005220090ADF804106846FF
:10A6500029462DF01DFE18B9D4F8D430002B8FD127
:10A660001D4B93E8030005220090ADF804106846E6
:10A6700029462DF00DFE20B9D4F8D830002B7FF4F8
:10A680007FAF164B93E8030005220090ADF804104D
:10A69000684629462DF0FCFD58B9D4F8DC00003896
:10A6A00018BF01206DE7D4F8CC30002B7FF468AFE1
:10A6B000B6E7002065E700BF88E9060090E90600DC
:10A6C00098E90600A0E90600A8E90600B0E906003E
:10A6D000B8E90600C0E90600C8E90600D0E90600AE
:10A6E00030B5774B044693E8030083B004F20B25A2
:10A6F000ADF8041000902946684605222DF0C8FDEB
:10A7000058B9D4F8B83043B1D3F8D0202AB1D3F82F
:10A71000CC3013B1012003B030BD6A4B93E8030085
:10A7200005220090ADF80410684629462DF0B0FDD2
:10A7300048B9D4F8BC3033B1D3F8D0201AB1D3F82B
:10A74000CC30002BE6D1604B93E80300052200904B
:10A75000ADF80410684629462DF09AFD48B9D4F8A2
:10A76000C03033B1D3F8D0201AB1D3F8CC30002B9D
:10A77000D0D1564B93E8030005220090ADF80410A9
:10A78000684629462DF084FD48B9D4F8C43033B169
:10A79000D3F8D0201AB1D3F8CC30002BBAD14C4B1F
:10A7A00093E8030005220090ADF80410684629469E
:10A7B0002DF06EFD00286FD0464B93E80300052274
:10A7C0000090ADF80410684629462DF061FD48B9A7
:10A7D000D4F8CC3033B1D3F8D0201AB1D3F8CC3080
:10A7E000002B97D13C4B93E8030005220090ADF875
:10A7F0000410684629462DF04BFD38B9D4F8D03006
:10A8000023B1DA6E12B19B6E002B83D1334B93E8E8
:10A81000030005220090ADF80410684629462DF08B
:10A8200037FD40B9D4F8D4302BB1DA6E1AB19B6E33
:10A83000002B7FF46FAF2A4B93E8030005220090B2
:10A84000ADF80410684629462DF022FD50B9D4F821
:10A85000D8303BB1D3F8D02022B1D3F8CC30002B84
:10A860007FF458AF1F4B93E8030005220090ADF82A
:10A870000410684629462DF00BFDD8B9D4F8DC0049
:10A8800000283FF448AFD0F8D030B3B1D0F8CC00B6
:10A89000003818BF01203EE7D4F8C830002B8BD019
:10A8A000D3F8D020002A87D0D3F8CC30002B7FF407
:10A8B00031AF81E7002003B030BD18462BE700BF61
:10A8C00088E9060090E9060098E90600A0E906007C
:10A8D000A8E90600B0E90600B8E90600C0E90600EC
:10A8E000C8E90600D0E9060030B5584B044693E8A5
:10A8F000030083B004F20B25ADF804100090294644
:10A90000684605222DF0C4FC00287AD0504B93E80D
:10A91000030005220090ADF80410684629462DF08A
:10A92000B7FC002868D04B4B93E803000522009049
:10A93000ADF80410684629462DF0AAFC002869D01D
:10A94000454B93E8030005220090ADF804106846DB
:10A9500029462DF09DFC002858D0404B93E8030079
:10A9600005220090ADF80410684629462DF090FCB1
:10A97000002854D03A4B93E8030005220090ADF82C
:10A980000410684629462DF083FC00284FD0354B33
:10A9900093E8030005220090ADF8041068462946AC
:10A9A0002DF076FC002846D02F4B93E803000522BB
:10A9B0000090ADF80410684629462DF069FC90B36C
:10A9C0002A4B93E8030005220090ADF80410684676
:10A9D00029462DF05DFC90B3254B93E8030005223A
:10A9E0000090ADF80410684629462DF051FC50BB8C
:10A9F000D4F8DC00013002E0D4F8BC00013003B030
:10AA000030BDD4F8B800013003B030BDD4F8C40074
:10AA10000130F4E7D4F8C000013003B030BDD4F801
:10AA2000C8000130EBE7D4F8D4000130E7E7D4F8F0
:10AA3000CC000130E3E7D4F8D0000130DFE7D4F8F0
:10AA4000D8000130DBE70020D9E700BF88E9060025
:10AA500090E9060098E90600A0E90600A8E90600CA
:10AA6000B0E90600B8E90600C0E90600C8E906003A
:10AA7000D0E9060030B5584B044693E8030083B094
:10AA800004F20B25ADF80410009029466846052213
:10AA90002DF0FEFB00287AD0504B93E803000522EE
:10AAA0000090ADF80410684629462DF0F1FB00280F
:10AAB00068D04B4B93E8030005220090ADF80410DA
:10AAC000684629462DF0E4FB002869D0454B93E801
:10AAD000030005220090ADF80410684629462DF0C9
:10AAE000D7FB002858D0404B93E803000522009084
:10AAF000ADF80410684629462DF0CAFB002854D052
:10AB00003A4B93E8030005220090ADF80410684624
:10AB100029462DF0BDFB00284FD0354B93E80300AC
:10AB200005220090ADF80410684629462DF0B0FBD0
:10AB3000002846D02F4B93E8030005220090ADF883
:10AB40000410684629462DF0A3FB90B32A4B93E8E6
:10AB5000030005220090ADF80410684629462DF048
:10AB600097FB90B3254B93E8030005220090ADF8C6
:10AB70000410684629462DF08BFB50BBD4F8DC004E
:10AB8000023002E0D4F8BC00023003B030BDD4F88B
:10AB9000B800023003B030BDD4F8C4000230F4E78E
:10ABA000D4F8C000023003B030BDD4F8C800023081
:10ABB000EBE7D4F8D4000230E7E7D4F8CC00023059
:10ABC000E3E7D4F8D0000230DFE7D4F8D800023051
:10ABD000DBE70020D9E700BF88E9060090E906001E
:10ABE00098E90600A0E90600A8E90600B0E9060019
:10ABF000B8E90600C0E90600C8E90600D0E9060089
:10AC000030B5584B044693E8030083B004F20B259B
:10AC1000ADF8041000902946684605222DF038FB57
:10AC200000287AD0504B93E8030005220090ADF83D
:10AC30000410684629462DF02BFB002868D04B4BAA
:10AC400093E8030005220090ADF8041068462946F9
:10AC50002DF01EFB002869D0454B93E80300052228
:10AC60000090ADF80410684629462DF011FB00282D
:10AC700058D0404B93E8030005220090ADF8041033
:10AC8000684629462DF004FB002854D03A4B93E83F
:10AC9000030005220090ADF80410684629462DF007
:10ACA000F7FA00284FD0354B93E8030005220090B7
:10ACB000ADF80410684629462DF0EAFA002846D07F
:10ACC0002F4B93E8030005220090ADF8041068466E
:10ACD00029462DF0DDFA90B32A4B93E803000522B4
:10ACE0000090ADF80410684629462DF0D1FA90B3D3
:10ACF000254B93E8030005220090ADF80410684648
:10AD000029462DF0C5FA50BBD4F8DC00663002E0CD
:10AD1000D4F8BC00663003B030BDD4F8B80066305B
:10AD200003B030BDD4F8C4006630F4E7D4F8C000F6
:10AD3000663003B030BDD4F8C8006630EBE7D4F815
:10AD4000D4003430E7E7D4F8CC006630E3E7D4F839
:10AD5000D0003430DFE7D4F8D8006630DBE70020DD
:10AD6000D9E700BF88E9060090E9060098E90600E7
:10AD7000A0E90600A8E90600B0E90600B8E9060067
:10AD8000C0E90600C8E90600D0E9060030B5584B16
:10AD9000044693E8030083B004F20B25ADF80410D9
:10ADA00000902946684605222DF072FA00287AD0D4
:10ADB000504B93E8030005220090ADF8041068465C
:10ADC00029462DF065FA002868D04B4B93E8030024
:10ADD00005220090ADF80410684629462DF058FA77
:10ADE000002869D0454B93E8030005220090ADF898
:10ADF0000410684629462DF04BFA002858D0404BE5
:10AE000093E8030005220090ADF804106846294637
:10AE10002DF03EFA002854D03A4B93E80300052267
:10AE20000090ADF80410684629462DF031FA00284C
:10AE30004FD0354B93E8030005220090ADF8041085
:10AE4000684629462DF024FA002846D02F4B93E877
:10AE5000030005220090ADF80410684629462DF045
:10AE600017FA90B32A4B93E8030005220090ADF83F
:10AE70000410684629462DF00BFA90B3254B93E851
:10AE8000030005220090ADF80410684629462DF015
:10AE9000FFF950BBD4F8DC00673002E0D4F8BC0006
:10AEA000673003B030BDD4F8B800673003B030BDB0
:10AEB000D4F8C4006730F4E7D4F8C000673003B0BA
:10AEC00030BDD4F8C8006730EBE7D4F8D400353093
:10AED000E7E7D4F8CC006730E3E7D4F8D0003530AA
:10AEE000DFE7D4F8D8006730DBE70020D9E700BF00
:10AEF00088E9060090E9060098E90600A0E9060046
:10AF0000A8E90600B0E90600B8E90600C0E90600B5
:10AF1000C8E90600D0E9060030B55D4B044693E869
:10AF2000030083B004F20B25ADF80410009029460D
:10AF3000684605222DF0ACF900287ED0554B93E8E9
:10AF4000030005220090ADF80410684629462DF054
:10AF50009FF900286BD0504B93E803000522009026
:10AF6000ADF80410684629462DF092F900286FD0FC
:10AF70004A4B93E8030005220090ADF804106846A0
:10AF800029462DF085F900285DD0454B93E8030054
:10AF900005220090ADF80410684629462DF078F996
:10AFA00000285BD03F4B93E8030005220090ADF8EA
:10AFB0000410684629462DF06BF9002857D03A4B0B
:10AFC00093E8030005220090ADF804106846294676
:10AFD0002DF05EF900284FD0344B93E80300052292
:10AFE0000090ADF80410684629462DF051F900286C
:10AFF00039D02F4B93E8030005220090ADF80410E0
:10B00000684629462DF044F9002839D0294B93E8A9
:10B01000030005220090ADF80410684629462DF083
:10B0200037F990BBD4F8DC30D3F8D00003E0D4F883
:10B03000BC30D3F8D00003B030BDD4F8B830D3F86A
:10B04000D00003B030BDD4F8C430D3F8D000F2E75C
:10B05000D4F8C030D3F8D00003B030BDD4F8C83035
:10B06000D3F8D000E7E7D4F8D430D86EE3E7D4F8CB
:10B07000CC30D3F8D000DEE7D4F8D030D86EDAE7A1
:10B08000D4F8D830D3F8D000D5E70020D3E700BFFC
:10B0900088E9060090E9060098E90600A0E90600A4
:10B0A000A8E90600B0E90600B8E90600C0E9060014
:10B0B000C8E90600D0E9060030B5634B044693E8C2
:10B0C000030083B004F20B25ADF80410009029466C
:10B0D000684605222DF0DCF8002800F082805B4BEA
:10B0E00093E8030005220090ADF804106846294655
:10B0F0002DF0CEF800286DD0554B93E803000522C3
:10B100000090ADF80410684629462DF0C1F80028DB
:10B1100074D0504B93E8030005220090ADF8041062
:10B12000684629462DF0B4F8002861D04A4B93E8D0
:10B13000030005220090ADF80410684629462DF062
:10B14000A7F8002861D0454B93E803000522009042
:10B15000ADF80410684629462DF09AF800285FD013
:10B160003F4B93E8030005220090ADF804106846B9
:10B1700029462DF08DF8002858D03A4B93E803006B
:10B1800005220090ADF80410684629462DF080F89D
:10B19000002840D0344B93E8030005220090ADF81E
:10B1A0000410684629462DF073F8002843D02F4B31
:10B1B00093E8030005220090ADF804106846294684
:10B1C0002DF066F800283CD1D4F8DC30D3F8D0005C
:10B1D000013004E0D4F8BC30D3F8D000013003B023
:10B1E00030BDD4F8B830D3F8D000013003B030BD52
:10B1F000D4F8C430D3F8D0000130F0E7D4F8C03030
:10B20000D3F8D000013003B030BDD4F8C830D3F843
:10B21000D0000130E3E7D4F8D430D86E0130DEE757
:10B22000D4F8CC30D3F8D0000130D8E7D4F8D030FF
:10B23000D86E0130D3E7D4F8D830D3F8D00001303D
:10B24000CDE70020CBE700BF88E9060090E90600C3
:10B2500098E90600A0E90600A8E90600B0E90600A2
:10B26000B8E90600C0E90600C8E90600D0E9060012
:10B2700010B5444B044693E8030082B004F20B245B
:10B280000090ADF804106846214605222DF000F824
:10B29000002871D03C4B93E8030005220090ADF8E4
:10B2A0000410684621462CF0F3FF002864D0374B89
:10B2B00093E8030005220090ADF80410684621468B
:10B2C0002CF0E6FF002857D0314B93E8030005220D
:10B2D0000090ADF80410684621462CF0D9FF0028F4
:10B2E0004AD02C4B93E8030005220090ADF80410DF
:10B2F000684621462CF0CCFF00283DD0264B93E831
:10B30000030005220090ADF80410684621462CF099
:10B31000BFFF88B3214B93E8030005220090ADF8EE
:10B320000410684621462CF0B3FF40B31C4B93E851
:10B33000030005220090ADF80410684621462CF069
:10B34000A7FFE0B1174B93E8030005220090ADF88A
:10B350000410684621462CF09BFF68B1124B93E81D
:10B36000030005220090ADF80410684621462CF039
:10B370008FFF08B1002000E0642002B010BD322031
:10B38000FBE700BF88E9060090E9060098E906009F
:10B39000A0E90600A8E90600B0E90600B8E9060041
:10B3A000C0E90600C8E90600D0E9060030B5534BF5
:10B3B000044693E8030083B004F20B25ADF80410B3
:10B3C00000902946684605222CF062FF002878D0BC
:10B3D0004B4B93E8030005220090ADF8041068463B
:10B3E00029462CF055FF002867D0464B93E8030010
:10B3F00005220090ADF80410684629462CF048FF5D
:10B40000002865D0404B93E8030005220090ADF87A
:10B410000410684629462CF03BFF002855D03B4BD2
:10B4200093E8030005220090ADF804106846294611
:10B430002CF02EFF00284FD0354B93E80300052257
:10B440000090ADF80410684629462CF021FF002832
:10B4500048D0304B93E8030005220090ADF804106B
:10B46000684629462CF014FF00283ED02A4B93E86A
:10B47000030005220090ADF80410684629462CF020
:10B4800007FF60B3254B93E8030005220090ADF859
:10B490000410684629462CF0FBFE48B3204B93E885
:10B4A000030005220090ADF80410684629462CF0F0
:10B4B000EFFE00BBD4F8DC0001E0D4F8BC0003B020
:10B4C00030BDD4F8B80003B030BDD4F8C400F6E7FE
:10B4D000D4F8C00003B030BDD4F8C800EFE7D4F80A
:10B4E000D400ECE7D4F8CC00E9E7D4F8D000E6E7E4
:10B4F000D4F8D800E3E70020E1E700BF88E90600C0
:10B5000090E9060098E90600A0E90600A8E906000F
:10B51000B0E90600B8E90600C0E90600C8E906007F
:10B52000D0E90600704700BF38B51388012B1446D8
:10B5300015D0022B0DD001332380FFF7F3FF2388B2
:10B54000022B12D90A4A1088984214BF0320002007
:10B5500038BD074D2A880A4306322A80EBE7044D9E
:10B560000A0202F440722A80E5E7032038BD00BFDA
:10B57000962C01202DE9F04782B04C88C37904F164
:10B58000070C9C4500AF8846814671DA073303F407
:10B59000FC736D46ADEB030D98F800208DF802208A
:10B5A000B52162238DF800108DF8013098F8011054
:10B5B0008DF803102312E2B28DF8053069468DF83C
:10B5C0000420002C00F0AF80D8F808600DF10603CD
:10B5D00006F1040E0DF10A0A601E734538BF564588
:10B5E00080B2C0F0AB80072840F2A880A0080138E4
:10B5F00080B20DEB80000A30B6465EF804AB43F82B
:10B6000004AB8342F9D124F00300844283B215D005
:10B61000581C01EB030E80B216F803A08EF806A0AA
:10B6200084420BD9023301EB000E9BB2305C8EF8E2
:10B6300006009C4202D9C818F35C837104F1060E1F
:10B6400098F80D3098F80C6001F80E60D9F8740184
:10B6500001F80C30036808329B68D2B2984708346E
:10B66000A04265D10020AD460837BD46BDE8F08751
:10B670000B88D0F87401BC8046F2B5223A807B80FA
:10B68000036839469B6806229847062846D100265B
:10B690001CE099F80750B8F80230D9F87401D8F8CE
:10B6A0000810A54228BF254672199A42A4EB05044A
:10B6B000A8BF9D1B0368A8BFADB231449B68EAB226
:10B6C00098472E44A842A4B2B6B227D1012CE0D8A4
:10B6D000012C10D0B8F80C30D9F874013B80036805
:10B6E00039469B6802229847022817D10020083764
:10B6F000BD46BDE8F087D8F8083098F80C20995D71
:10B70000D9F8740198F80D3039707A70BB700368FD
:10B7100039469B68032298470328E7D00C20083756
:10B72000BD46BDE8F0874FF0070C4FF0060E87E7E7
:10B730000C200837AD46BD46BDE8F08730444B1DB0
:10B74000013E16F801EF03F801EFB042F9D175E7B9
:10B7500030B583B00B884A88ADF80230054646F212
:10B76000B523D0F87401ADF80420ADF800300368BB
:10B770000C469B68694606229847D5F87401A27862
:10B780000368A1689B689847A389D5F87401ADF850
:10B790000030036869469B680222984703B030BDB9
:10B7A00030B5D0F8A43183B004461BB91F48204AF5
:10B7B00003701370D4F87401FF238DF80730036809
:10B7C0000DF107029B6998479DF80730FF2B25D0A4
:10B7D000D4E969218A420CD2D4F8A00114498354D7
:10B7E000D4F8A43101221344C4F8A4310A7003B080
:10B7F00030BD94F88C311BB994F88D31002BF6D004
:10B800000A4D2B78002BF2D1D4F8880110B10949E8
:10B8100020F016FE01232B7003B030BDA279002A60
:10B82000D6D1034A1278002AE1D0D1E7952C012025
:10B83000942C0120D8E906002DE9F04FD0F8A03172
:10B8400085B00446002B00F0C780D0F87401B1F831
:10B8500002B003681B690F469847B5212046FFF7E1
:10B860009FFF62212046FFF79BFF39782046FFF7B4
:10B8700097FF79782046FFF793FFB9782046FFF7C6
:10B880008FFF79882046090AFFF78AFF94F8AC31C8
:10B890000BF107029A42C0F28980D4F87401036860
:10B8A000DB699847BBF1000F6AD00023DFF850A195
:10B8B000DFF850810193B94694F8AC71D4F8740163
:10B8C0005F45036828BF5F46ABEB070B1B691FFA98
:10B8D0008BFB9847002F46D0019D7E1E6B1C13FAF0
:10B8E00086F60DE0D4F8A0118B54D4F8A4310122CF
:10B8F0001344C4F8A43188F800200135AE4232D098
:10B90000D9F80820D4F8A431515D1BB98AF8003069
:10B9100088F80030D4F87401FF238DF80F300368E5
:10B920000DF10F029B6998479DF80F30FF2B4BD00C
:10B93000D4E969218A42D5D394F88C311BB994F8A3
:10B940008D31002BD9D09AF80030002BD5D1D4F806
:10B95000880110B1284920F073FD01350123AE4262
:10B960008AF80030CCD1019AD4F8740117440368E6
:10B97000BAB2DB6901929847BBF1000F9CD14F46E8
:10B98000D4F8740103681B699847397B2046FFF798
:10B9900007FF797B2046FFF703FFD4F874010368A3
:10B9A000DB699847002005B0BDE8F08FBBF1000FC0
:10B9B000EBD00025BB682046595D0135FFF7F0FE4E
:10B9C000ABB29B45F6D8E0E7A279002AB0D198F84F
:10B9D0000020002A91D0ABE790F88C3113B990F891
:10B9E0008D313BB1D4F8880120B1044920F028FD05
:10B9F0000820D8E70820D6E7D8E90600F8E90600CD
:10BA0000952C0120942C0120F8B590F88C31002B56
:10BA100066D00546D0F8880195F8F0710E461446B8
:10BA200000285ED05F4920F00BFD3378D5F88801FF
:10BA3000012B00F08380052B00F0A180062B00F085
:10BA4000AA800A2B00F0A180002851D0564920F08E
:10BA5000F7FCD5F888013178002849D0102220F071
:10BA60004DFFD5F88801002842D0504920F0E8FC6D
:10BA70003388D5F8880140F20172934273D040F6C2
:10BA80000612934275D098B3474920F0D9FCD5F8F7
:10BA90008801717860B3102220F030FFD5F888015A
:10BAA00030B3434920F0CCFCD5F888017388A0B1AD
:10BAB0001946102220F022FF012FD5F8880143D12A
:10BAC000002C41D160B13B4920F0BAFCD5F8880187
:10BAD00030B1BDE8F84020F093BD012F0DD164B91D
:10BAE000F8BD0B78012B03D0052B01D0062BA8D174
:10BAF000012F01D1002CF3D07388B6F806C0A3EB58
:10BB00000C02002AECDD00202B4F0024394670B1D6
:10BB100020F096FCB368D5F88801195D20B1102299
:10BB200020F0ECFED5F888017388B6F806C0013421
:10BB3000A4B2A3EB0C029442E8DBC9E70028D7D0FB
:10BB40001E4920F07DFC8CE70028D5D01C4920F050
:10BB500077FC7388B6F806C0D5F88801A3EB0C0211
:10BB6000002AD1DCB4E70028C2D0164920F068FCD6
:10BB700094E70028BCD0144920F062FC8EE700282E
:10BB8000B6D0124920F05CFC6BE70028B0D0104919
:10BB900020F056FC65E70028AAD00E4920F050FCA2
:10BBA0005FE700BF30EA0600D8EC060048EA06006E
:10BBB0005CEA060074EA060004D4060038EA0600CF
:10BBC00068EA060050EA060054EA06003CEA06006D
:10BBD00044EA060040EA060090F82432002B40F0C8
:10BBE000BE834369012270B5044680F8242263B104
:10BBF000D86950B11A78160707D59A690AB19047E3
:10BC000063691A786FF3C3021A70A36963B1186A83
:10BC100050B11A78150707D5DA690AB19047A369B8
:10BC20001A786FF3C3021A70236A63B1D86A50B1ED
:10BC30001A78110707D59A6A0AB19047236A1A78C9
:10BC40006FF3C3021A70636A63B1D86E50B11A7889
:10BC5000120707D59A6E0AB19047636A1A786FF394
:10BC6000C3021A70A36A63B1186A50B11A78160732
:10BC700007D5DA690AB19047A36A1A786FF3C3024D
:10BC80001A70236B63B1186A50B11A78150707D57B
:10BC9000DA690AB19047236B1A786FF3C3021A70FE
:10BCA000636B63B1186B50B11A78110707D5DA6A64
:10BCB0000AB19047636B1A786FF3C3021A70A36BD3
:10BCC00063B1986A50B11A78120707D55A6A0AB157
:10BCD0009047A36B1A786FF3C3021A70E36B63B1DA
:10BCE000186B50B11A78160707D5DA6A0AB190476F
:10BCF000E36B1A786FF3C3021A70236C73B1D3F835
:10BD0000840058B11A78150708D5D3F880200AB1F5
:10BD10009047236C1A786FF3C3021A70E36A63B119
:10BD2000186A50B11A78110707D5DA690AB1904735
:10BD3000E36A1A786FF3C3021A70636C63B1186A0E
:10BD400050B11A78120707D5DA690AB19047636CC7
:10BD50001A786FF3C3021A70E36C63B1586B50B179
:10BD60001A78160707D51A6B0AB19047E36C1A7850
:10BD70006FF3C3021A70A36D73B1D3F8080C58B1F6
:10BD80001A78150708D5D3F8042C0AB19047A36D8B
:10BD90001A786FF3C3021A70E36D73B1D3F8D40548
:10BDA00058B11A78110708D5D3F8D0250AB19047B1
:10BDB000E36D1A786FF3C3021A70236D63B1D86C08
:10BDC00050B11A78120707D59A6C0AB19047236DC3
:10BDD0001A786FF3C3021A70636D63B1D86950B1FA
:10BDE0001A78160707D59A690AB19047636D1A78D1
:10BDF0006FF3C3021A70E36963B1186950B11A781E
:10BE0000150707D5DA680AB19047E3691A786FF326
:10BE1000C3021A70236E63B1986850B11A78110783
:10BE200007D55A680AB19047236E1A786FF3C30298
:10BE30001A70636E63B1986850B11A78120707D50B
:10BE40005A680AB19047636E1A786FF3C3021A708A
:10BE5000A36E13B3986800B35968F1B11D782E072B
:10BE6000C5F3C10209D58847A36E1978C1F3C10291
:10BE700002F0020262F3C401197052080DD0D3E936
:10BE8000013000F588709847A16E0B78C3F3C102AA
:10BE900022F0020262F3C4030B70E36E63B1986890
:10BEA00050B11A78150707D55A680AB19047E36E62
:10BEB0001A786FF3C3021A70236F002B43D05A6DA8
:10BEC000FAB11A680025C2F3CD02012642FA05F143
:10BED000C90713D5196D05EBC50039B15B6D03EBCF
:10BEE000C0008847236F1A68C2F3CD02186806FAAB
:10BEF00005F122EA010262F3D000186001350E2D2F
:10BF0000E4D1DA6DFAB15A880025C2F34D02012658
:10BF100042FA05F1C80713D5996D05EB850039B1D3
:10BF2000DB6D03EB00108847236F5A88C2F34D0284
:10BF3000588806FA05F122EA010262F34E005880A1
:10BF400001350E2DE4D1636F73B1D3F8980B58B15E
:10BF50001A78110708D5D3F8942B0AB19047636F6C
:10BF60001A786FF3C3021A70A36F73B1D3F8D808AD
:10BF700058B11A78120708D5D3F8D4280AB19047D7
:10BF8000A36F1A786FF3C3021A70E36F63B1986AF4
:10BF900050B11A78160707D55A6A0AB19047E36F6D
:10BFA0001A786FF3C3021A70D4F880306BB1D86975
:10BFB00058B11A78150708D59A6912B19047D4F884
:10BFC00080301A786FF3C3021A70D4F884307BB1D2
:10BFD000D3F82C0160B11A78110709D5D3F82821BC
:10BFE00012B19047D4F884301A786FF3C3021A70F4
:10BFF000D4F888306BB1986C58B11A78120708D50C
:10C000005A6C12B19047D4F888301A786FF3C30293
:10C010001A70D4F88C306BB1D86958B11A781607F9
:10C0200008D59A6912B19047D4F88C301A786FF31A
:10C03000C3021A70D4F890306BB1186B58B11A78EB
:10C04000150708D5DA6A12B19047D4F890301A78FB
:10C050006FF3C3021A70D4F894202AB3D2F8903048
:10C0600013B313880025C3F3C503012643FA05F172
:10C07000C90716D5D2F88C1005EB051049B1D2F8D6
:10C08000903003EBC0008847D4F894201388C3F3A2
:10C09000C503108806FA05F123EA010363F3C8001B
:10C0A00010800135062DE1D1D4F898307BB1D3F85A
:10C0B000400260B11A78160709D5D3F83C2212B1B4
:10C0C0009047D4F898301A786FF3C3021A70D4F8F6
:10C0D0009C306BB1986B58B11A78150708D55A6B1C
:10C0E00012B19047D4F89C301A786FF3C3021A70DB
:10C0F000D4F8A4306BB1D86A58B11A78110708D5B2
:10C100009A6A12B19047D4F8A4301A786FF3C30238
:10C110001A70D4F8A8306BB1186B58B11A7812079E
:10C1200008D5DA6A12B19047D4F8A8301A786FF3BC
:10C13000C3021A70D4F8A0306BB1586D58B11A7898
:10C14000160708D51A6D12B19047D4F8A0301A78A6
:10C150006FF3C3021A70D4F8AC306BB1D86A58B11F
:10C160001A78150708D59A6A12B19047D4F8AC30FE
:10C170001A786FF3C3021A70D4F8B8307BB1D3F8D1
:10C18000D00060B11A78510709D5D3F8CC2012B18C
:10C190009047D4F8B8301A786FF382021A70D4F846
:10C1A000BC307BB1D3F8D00060B11A78520709D502
:10C1B000D3F8CC2012B19047D4F8BC301A786FF382
:10C1C00082021A70D4F8C0307BB1D3F8D00060B1CD
:10C1D0001A78560709D5D3F8CC2012B19047D4F875
:10C1E000C0301A786FF382021A70D4F8C4307BB171
:10C1F000D3F8D00060B11A78550709D5D3F8CC2010
:10C2000012B19047D4F8C4301A786FF382021A70D2
:10C21000D4F8C8307BB1D3F8D00060B11A78510798
:10C2200009D5D3F8CC2012B19047D4F8C8301A7889
:10C230006FF382021A70D4F8CC307BB1D3F8D000FF
:10C2400060B11A78520709D5D3F8CC2012B19047C3
:10C25000D4F8CC301A786FF382021A70D4F8D03048
:10C260006BB1D86E58B11A78560708D59A6E12B1CC
:10C270009047D4F8D0301A786FF382021A70D4F84D
:10C28000D4306BB1D86E58B11A78550708D59A6E6C
:10C2900012B19047D4F8D4301A786FF382021A7032
:10C2A000D4F8D8307BB1D3F8D00060B11A785107F8
:10C2B00009D5D3F8CC2012B19047D4F8D8301A78E9
:10C2C0006FF382021A70D4F8DC307BB1D3F8D0005F
:10C2D00060B11A78520709D5D3F8CC2012B1904733
:10C2E000D4F8DC301A786FF382021A70D4F8E03098
:10C2F0006BB1586C58B11A78560708D51A6C12B140
:10C300009047D4F8E0301A786FF382021A70D4F8AC
:10C31000683173B194F8E820D5070AD5900708D49E
:10C3200004F1F000984794F8E83043F0020384F8F1
:10C33000E830D4F86C3173B194F8E82051070AD58D
:10C34000120708D404F59470984794F8E83043F045
:10C35000080384F8E830002384F8243270BD704765
:10C3600038B5B0F82C5204466DB1D0F82832BBB1C4
:10C3700090F88C0130B1D4F8880118B1164920F03A
:10C38000EFF8002038BD90F88C010028FAD0D4F8DE
:10C3900088010028F6D0114920F0E2F8284638BD7F
:10C3A000284623F0BDFB94F88C31C4F828026BB109
:10C3B000D4F8880150B10A4920F042F8D4F8880135
:10C3C000B4F82C1210B10A2220F00EFB0023C4F89E
:10C3D0002E32012038BD00BFDCEA060088EA0600E4
:10C3E00020EB06002DE9F0430446D0F8280283B084
:10C3F000002800F03E81B4F82C22002A00F0398198
:10C40000B4F82E72B4F83062B74236BFD319BB1BF2
:10C410009B1B0D4649889BB20831D31A89B29BB247
:10C4200099420ED994F88C31002B00F03381D4F866
:10C43000880118B1CE4920F093F8002003B0BDE880
:10C44000F083D61BB6B2022E28BF02263844C6F1AE
:10C45000020746F2B52332466946BFB2ADF8003056
:10C460002BF024FF002F40F01B81B4F82E7202370E
:10C47000BFB2A4F82E72B4F83032BB4200F2388159
:10C48000FB1AB4F82C629BB2B4F83222D4F828021A
:10C490009A42A6EB070292B238BFA4F83232012AC0
:10C4A00028BF0122384429462BF000FFBE4200F08D
:10C4B0002F81B4F82E620136B6B2A4F82E6230464F
:10C4C000B4F83032B34200F20D81F31AB4F82C7292
:10C4D0009BB2B4F832229A42A7EB060238BFA4F806
:10C4E000323292B2D4F82832012A28BF01221844ED
:10C4F000691C2BF0DBFEB74200F00081B4F82E720D
:10C500000137BAB2A4F82E221146B4F830329A425A
:10C51000C0F0E280D31AB4F82C729BB2B4F83202A5
:10C52000BF1A9842BFB238BFA4F83232022F28BFD8
:10C530000227D4F828026B88ADF80430C7F1020650
:10C5400008443A4601A9B6B22BF0B0FE002E40F0E6
:10C55000F380B4F82E620236B6B2A4F82E62B4F8B4
:10C560003032B34200F2B280F31AB4F82C729BB2AC
:10C57000B4F83222D4F82802D5F808909A4238BF8D
:10C58000A4F83232B5F80280BF1BBFB2474528BFBE
:10C5900047463044A8EB07063A464946B6B22BF068
:10C5A00085FE002E40F0BE80B4F82E624644B6B23E
:10C5B000A4F82E62B4F830329E42C0F08180F31AA3
:10C5C000B4F82C729BB2B4F83222D4F828029A4202
:10C5D000A7EB060292B238BFA4F83232012A28BF74
:10C5E0000122304405F10C012BF060FEBE4200F048
:10C5F000B580B4F82E620136B6B2A4F82E62304689
:10C60000B4F83032B34255D8F31AB4F82C729BB256
:10C61000B4F832229A42A7EB060238BFA4F83232AD
:10C6200092B2D4F82832012A28BF0122184405F119
:10C630000D012BF03BFEBE4200F08880B4F82E3294
:10C6400001339BB2A4F82E32B4F830229A4285BF4F
:10C65000B4F82C128A1A9B1A9B18B4F832229BB297
:10C660009A424FF0010038BFA4F8323203B0BDE85F
:10C67000F08394F88C0100283FF4E0AED4F88801F0
:10C6800000283FF4DBAE3B491FF06AFF002003B0F7
:10C69000BDE8F08394F88D0100283FF4CFAEC6E6E4
:10C6A000D4F828020DEB06013A462BF0FFFDA4F862
:10C6B0002E72E0E6B4F82C72FB1A33449BB2A7E763
:10C6C000B4F82C72FB1A33449BB27CE7B4F82C729A
:10C6D000FB1A33449BB24BE7B4F82C72FB1A134499
:10C6E0009BB21BE7B4F82C72FB1A33449BB2F0E602
:10C6F000B4F82C62F31A3B449BB2C5E6D4F8283256
:10C700006A781A7001231A46A4F82E321946FCE6FC
:10C71000D4F828322A781A7001231E46A4F82E3243
:10C720001846CDE6D4F8280209EB070132462BF073
:10C73000BDFDA4F82E623DE701ABD4F82802D9195B
:10C7400032462BF0B3FDA4F82E6208E7D4F8283265
:10C750006A7B1A700123A4F82E3275E7D4F82832C8
:10C760002A7B1A7001231E46A4F82E32184647E78A
:10C7700070EB060048EB06002DE9F04F0E78731EB3
:10C7800083B00C460546272B29D8DFE813F0570065
:10C79000CD002800280028002800280028002800B4
:10C7A000F501280028000903280028001D0328009F
:10C7B0002800F60328002800280028002800280068
:10C7C0002800280028002800280028002800280029
:10C7D00028002800280028002800700499044F78B9
:10C7E000D5F820323BB31A4601E05268AAB111785D
:10C7F000B142FAD15178B942F7D192786AB1214663
:10C800002846FFF7EFFDD5F820322678677893B1F8
:10C810001A78B24204D05B686BB11A78B242FAD18E
:10C820005A78BA42F7D1DB782BB12B68C14A1B6921
:10C83000934240F0568403B0BDE8F08F0B68BE4AC7
:10C8400023F0FF03934200F0F186BC4A934200F0CC
:10C850004285BB4A934201F0F982BA4A934201F001
:10C860004583B94A934201F09985B84A934202F050
:10C87000BE80B74A934202F02E81B64A934202F03C
:10C88000DF81B54A934202F0D084B44A934202F069
:10C890003E84B34A934202F0A882B24A934203F024
:10C8A000F180B14A934202F0A287B04A934202F06B
:10C8B0005B87AF4A934203F061804F78352F02F0D7
:10C8C000E787432F03F02D813C2F02F02B86B3F531
:10C8D000831F02F08185A74A934281D1EB69002B27
:10C8E0003FF47EAFA06800220138114610F8016FB6
:10C8F00096400832202A41EA0601F7D11A695960A8
:10C900004FF0FF30986042B11878000705D41160ED
:10C91000EB691A7842F008021A701B785A0700F186
:10C920008E85267867785BE74F78722F00F029872D
:10C93000732F00F08484342F01F0DC81132F01F079
:10C940009783152F01F07286142F7FF449AF836F00
:10C95000002B3FF445AF8A6812781A718B68826F9A
:10C96000997958791E79090441EA0021D87931432F
:10C9700041EA00619160997A587A1E7A090441EA85
:10C980000021D87A314341EA0061D160997B587B1C
:10C990001E7B090441EA0021D87B314341EA006152
:10C9A0001161997D587D1E7D090441EA0021D87DE1
:10C9B000314341EA00619161587E197E41EA0021CC
:10C9C0009183D87E997E41EA0021D183587F197FD7
:10C9D00041EA0021118493F8210093F8201041EAE4
:10C9E0000021918493F8223082F82630A368A96F41
:10C9F00093F8233081F82730002007467DE06388D4
:10CA00002C3B834240F38580A36803445C2F93F85A
:10CA10002C3082F83030A268AB6F024403EBC603BF
:10CA200092F82D2083F83120A268AB6F024403EB0B
:10CA3000C60392F82E2083F83220A268AB6F02441E
:10CA400003EBC60392F82F2083F83320A368A96F65
:10CA5000034401EBC60193F8322093F831C093F8F8
:10CA600030E04FEA024242EA0C2293F833C042EA35
:10CA70000E0242EA0C624A6393F8362093F835C0FE
:10CA800093F834E04FEA024242EA0C2293F837C0AE
:10CA900042EA0E0242EA0C628A6393F839C093F8C4
:10CAA000382042EA0C228A8793F83BC093F83A2058
:10CAB00042EA0C22CA8793F83E2093F83DC093F8CF
:10CAC0003CE04FEA024242EA0C2293F83FC042EABD
:10CAD0000E0242EA0C620A6493F8403081F8443056
:10CAE000A268AB6F024403EBC60392F8412083F8BF
:10CAF0004520A96F00F118000BD091F826C0FBB2B9
:10CB000007EB47069C4501EBC60207F101073FF61C
:10CB100076AFD1F8D808012381F8D0380B7810B15E
:10CB20001A0742F171835F0700F1898426786778DC
:10CB300056E600BF19730200000114000003100044
:10CB4000000412000005200000075C00000914002A
:10CB5000001114000012240000131C000014240013
:10CB60000017740000211400002214000026180091
:10CB7000003B2800006104004F78362F00F06A84E3
:10CB800023688E4A23F0FF0393427FF429AED5F841
:10CB90008820002A3FF424AEA36899785878DE787C
:10CBA000090441EA0021187841EA06610143516015
:10CBB000997958791E79090441EA0021D8793143DD
:10CBC00041EA00619160997A587A1E7A090441EA33
:10CBD0000021D87A314341EA0061D160997B587BCA
:10CBE0001E7B090441EA0021D87B314341EA006100
:10CBF0001161587C197C41EA00219182D87C997C92
:10CC000041EA0021D1821B7D1376A268D5F88830D5
:10CC1000527D5A76A268D5F88810937D8B76937EE4
:10CC2000507E167E1B0443EA0023D07E334343EA42
:10CC30000063CB61137F81F82030A268D5F888307B
:10CC4000527F83F82120A268D5F88830927F83F83C
:10CC50002220A268D5F88830D27F83F82320A268EA
:10CC6000D5F8883092F8202083F82420A268D5F8DF
:10CC7000883092F8212083F82520D5F88830A268E2
:10CC800092F8222083F82620A268D5F8883092F8FE
:10CC9000232083F82720A268D5F8883092F8242032
:10CCA00083F82820A268D5F8883092F8252083F8E8
:10CCB0002920A268D5F8883092F8262083F82A2007
:10CCC000A268D5F8883092F8272083F82B20A26834
:10CCD000D5F8883092F8282083F82C20A268D5F85F
:10CCE000883092F8292083F82D20D5F88830A26862
:10CCF00092F82A2083F82E20A268D5F8883092F87E
:10CD00002B2083F82F20A268D5F8883092F82C20A9
:10CD100083F83020A268D5F8883092F82D2083F867
:10CD20003120A368D5F8882093F8321093F83100A9
:10CD300093F83060090441EA002193F8330031434D
:10CD400041EA0061516393F8361093F8350093F887
:10CD50003460090441EA002193F83700314341EA85
:10CD60000061916393F83A1093F8397093F8386042
:10CD700093F83B000B0443EA0723334343EA006381
:10CD80004FF0FF31C2E90F31936C117813B10807EE
:10CD900041F1C8854B0700F15283267867781FE57B
:10CDA0000B68074A23F0FF03934200F08F86054A81
:10CDB000934200F09C814F7812E500BF00093C00CF
:10CDC00000031C00000110000B68BB4A23F0FF03A6
:10CDD000934200F0DB86B94A934200F0BF824F785D
:10CDE000022F00F0B787032F01F0E980102F7FF4A6
:10CDF000F7ACD0F89C10002901F0E286A268937885
:10CE00005078D6781B0443EA0023107843EA06637F
:10CE100003434B6013790B72A268D5F89C30127BE8
:10CE20001A74A268D5F89C30D27BDA74D5F89C309D
:10CE3000DA7C002A00F092806288102A40F28E800C
:10CE4000A268117C1975517C5975927C9A75D5F838
:10CE50009C30A268D97CD07CD87501297ED96188A4
:10CE600014297BD9117D1976517D5976927D9A7658
:10CE7000D5F89C30A268D97CD07DD87602296DD9AE
:10CE8000618818296AD9117E1977517E5977927E67
:10CE90009A77D5F89C30A268D97CD07ED8770329C0
:10CEA0005CD961881C2959D9117F83F82010517FE2
:10CEB00083F82110927F83F82220D5F89C30A26855
:10CEC000D97CD07F83F82300042947D961882029A1
:10CED00044D992F8201083F8241092F8211083F896
:10CEE000251092F8222083F82620D5F89C30A268DD
:10CEF000D97C92F8230083F8270005292ED9618870
:10CF000024292BD992F8241083F8281092F82510A0
:10CF100083F8291092F8262083F82A20D5F89C302F
:10CF2000A268D97C92F8270083F82B00062915D92E
:10CF30006188282912D992F8281083F82C1092F8C9
:10CF4000291083F82D1092F82A2083F82E20A26849
:10CF5000D5F89C3092F82B2083F82F209A6B4FF055
:10CF6000FF311963197812B1080742F1D6814B07D6
:10CF700000F165822678677832E40B6823F0FF03BE
:10CF8000B3F5062F00F09F834F78802F7FF428ACF5
:10CF90004B88A42B3FF624ACD0F8B40000283FF413
:10CFA0001FAC037841788B4236BF9A1F5A1A521A27
:10CFB000D2B2F82A01F2F484AC2101FB0303B522BA
:10CFC0009A70D5F8B420137801FB03236222DA703B
:10CFD000D5F8B420137801FB032313221A71D5F876
:10CFE000B420137801FB032380225A71D5F8B420B2
:10CFF0006088137801FB03239871D5F8B400628828
:10D00000037801FB0303120ADA716388002273B10B
:10D01000D5F8B400A668037801FB030390B203447B
:10D02000305C18726088013293B29842F0D8D5F81B
:10D03000B420207B1378AC2101FB032383F8AC00E0
:10D04000D5F8B420607B137801FB032383F8AD008F
:10D05000D5F8B420137801331370D5F8B4301A78AA
:10D06000FA2A02F0488126786778FFF7B9BB4F7833
:10D07000092F7FF4B5ABD0F8AC30002B3FF4B0AB48
:10D080008A6812781A71D0F8AC301A79012A01F046
:10D09000AB80022A01F0CC80DA6A012183F82410E7
:10D0A000197812B1080741F1FD834B0700F1C781E0
:10D0B00026786778FFF794BB001410000015240051
:10D0C0000B6823F0FF03B3F5900F00F00484A14A2E
:10D0D00093424CD0A04A934200F09A854F78FFF7D4
:10D0E0007FBB2146284603B0BDE8F04F1847D0F873
:10D0F0008030002B01F046818A68D8699178577892
:10D10000D678090441EA072141EA066116783143DD
:10D110005960917957791679090441EA0721314319
:10D12000D67941EA06619960917A577A167A0904AC
:10D1300041EA07213143D67A41EA0661D960567B3C
:10D14000117B41EA06211982917B9974D27BDA74B2
:10D150004FF0FF325A611A7810B1110741F1A784DC
:10D16000530700F16C8126786778FFF739BBD0F858
:10D17000A420002A01F0598089688B784878CE78FD
:10D180001B0443EA0023087843EA06630343536021
:10D190000B791372A268D5F8A430917A507A167A76
:10D1A000090441EA0021D07A314341EA0061D960A3
:10D1B000917B507B167B090441EA0021D07B3143EF
:10D1C00041EA00611961917C507C167C090441EAB6
:10D1D0000021D07C314341EA00615961917D507D4D
:10D1E000167D090441EA0021D07D314341EA006106
:10D1F0009961917E507E167E090441EA0021D07E1D
:10D20000314341EA0061D961917F577FD07F167F1A
:10D210000A0442EA07223243D96A42EA00624FF026
:10D22000FF30C3E908201A7811B1100741F1998342
:10D23000530700F1048126786778FFF7D1BA826E30
:10D240001378C3F3C101C3F3C0001B0742F14F8041
:10D250004B087FF4C5AA02274FF488769368B5225D
:10D260009A55AB6E9B68334462225A70AB6E9B68D2
:10D27000334402229A70AB6E9B6833447322DA7097
:10D28000AB6E62889B6833441A71AB6E62889B6890
:10D29000334412125A71AB6E62889868A1683044A8
:10D2A00006302BF003F8AB6E227B9B68334483F887
:10D2B0000E21AB6E627B9B681E4486F80F21AA6E1E
:10D2C0001378C3F3C1010F4367F3C40313702678C7
:10D2D0006778FFF785BA4169002901F05680A26896
:10D2E00093785078D6781B0443EA0023107843EAF9
:10D2F000066303434B6013790B726B695179597262
:10D3000091799972D179D972917A507A167A090401
:10D3100041EA0021D07A314341EA0061D960917B32
:10D32000577BD07B167B0A0442EA07223243D96935
:10D3300042EA00624FF0FF30C3E904201A7811B1CD
:10D34000100741F14483530779D426786778FFF7B3
:10D3500047BA00BF0001200000022400D0F890303E
:10D36000002B01F00C808A6891785078D6780904F7
:10D3700041EA0021107841EA066101435960917A3F
:10D38000507A167A090441EA0021D07A314341EA01
:10D390000061D960917B507B167B090441EA002132
:10D3A000D07B314341EA00611961917C507C167C4D
:10D3B000090441EA0021D07C314341EA006159610E
:10D3C000917D507D167D090441EA0021D07D3143D5
:10D3D00041EA00619961917E507E167E090441EA1E
:10D3E0000021D07E314341EA0061D961507F917FB5
:10D3F000167F090441EA0021D07F314341EA0061F0
:10D40000196292F8221092F8217092F8206092F836
:10D4100023001A6B090441EA0721314341EA006104
:10D420004FF0FF30C3E90910197812B1080741F134
:10D4300023834B0703D426786778FFF7D1B92146B9
:10D440002846FEF7CFFF00287FF4DDA9267867780D
:10D45000FFF7C6B94B88B3F5907F3FF691ABD0F894
:10D460008430002B3FF4BCA98A6812781A718A684C
:10D47000D0F8843052785A718A68D0F88430917824
:10D48000997112791A72A268D0F8843052795A725E
:10D49000A268D0F8843092799A72A268D0F8843069
:10D4A000D279DA72D0F884100020064691F805800F
:10D4B0001FFA86FE06EB8602731CF04501EBC20CD8
:10D4C00003EB83071E4640F2A0806388083B83423B
:10D4D00040F39B80A3680344072E93F809E0197A70
:10D4E00041EA0E21ACF80C1093F80BE0997A41EA6E
:10D4F0000E21ACF80E10997B93F80DE093F80C8098
:10D500004FEA014141EA0E2193F80FE041EA080198
:10D5100041EA0E61CCF810101B7C8CF81430A16825
:10D52000D5F88430014403EBC203497C5975A368E4
:10D53000D5F88410034401EBC20C93F813E0997CF6
:10D5400041EA0E21ACF81610997D93F815E093F896
:10D5500014804FEA014141EA0E2193F817E041EAB5
:10D56000080141EA0E61CCF818101B7E8CF81C30C3
:10D57000A168D5F88430014403EBC203497E597792
:10D58000A368D5F88410034401EBC20293F81BE0B2
:10D5900093F81AC04CEA0E2CA2F81EC093F81DE0B6
:10D5A00093F81CC04CEA0E2CA2F820C093F81FE0A0
:10D5B00093F81EC04CEA0E2CA2F822C093F821E08A
:10D5C00093F820C04CEA0E2CA2F824C093F823E074
:10D5D00093F822C04CEA0E2CA2F826C093F82E2015
:10D5E00093F82D8093F82CE093F82FC04FEA024374
:10D5F00043EA082301EBC70743EA0E0343EA0C633F
:10D6000000F12800BB607FF451AFD1F82C01012359
:10D6100081F824310B7810B11F0741F1A9825E0710
:10D620003FF50DAF26786778FFF7DAB80269002A70
:10D6300000F015858B68106A99785F78DE780904A8
:10D6400041EA072141EA06611E7831435160997928
:10D650005F791E79090441EA07213143DE7941EA05
:10D6600006619160997A5F7A1E7A090441EA07217E
:10D670003143DE7A41EA0661D160997B5F7B1E7B94
:10D68000090441EA07213143DE7B41EA0661116169
:10D69000997C93F811C01F7CDE7C0B0443EA0C23B9
:10D6A0003B4343EA06634FF0FF31C2E9053113788B
:10D6B00010B11F0741F1D8805E073FF5C0AE267854
:10D6C0006778FFF78DB8D0F8B030002B00F0C48435
:10D6D00018785978884236BF00F11002421A521A5F
:10D6E000D2B20E2A00F2F583A26803EBC0031278CF
:10D6F0009A70D5F8B030A2681978527803EBC1035C
:10D70000DA70D5F8B030A2681978927803EBC103CB
:10D710001A71D5F8B030A2681978D27803EBC1033A
:10D720005A71D5F8B030A2681978127903EBC103A9
:10D730009A71D5F8B030A2681978527903EBC10319
:10D74000DA71D5F8B030A2681978927903EBC10389
:10D750001A72D5F8B030A2681978D27903EBC103F8
:10D760005A72D5F8B020137801331370D5F8B03061
:10D770001A78102A04BF00221A7026786778FFF7FB
:10D780002FB8036E002B6DD09B68002B6AD08A687F
:10D7900012781A708B68016E9A78D878896842EA94
:10D7A00000224A809A7958791E79120442EA0022AE
:10D7B000D879324342EA00624A609A7A587A1E7AED
:10D7C000120442EA0022D87A324342EA00628A60B6
:10D7D0009A7B587B1E7B120442EA0022D87B32439C
:10D7E00042EA0062CA60587C1A7C42EA00220A823D
:10D7F0009B7C8B742B6EA2689B68D27CDA742B6E38
:10D800009B681A78002A40F00685A26892F80D02FB
:10D8100092F80C1241EA0021998292F80E229A7530
:10D820002B6E99680A78002A40F0EE8414264FF493
:10D83000FC70012340F2F91703E0BB420DD02A6EC1
:10D840009168A26832441A44194412F8012CCA752E
:10D850009AB2904203F10103EFD82B6E1A7842F08E
:10D8600008021A706B6E002B00F0CE819B68002BB3
:10D8700000F0CA81B5221A706B6E9B6862225A70E2
:10D880006B6E9B6802229A706B6E9B687222DA70D4
:10D890006B6E62889B681A716A6E638892681B124D
:10D8A00053716B6E62889868A16806302AF0FEFC9E
:10D8B0006B6E227B9B6883F816226B6E627B9B6883
:10D8C00083F817226A6E137843F0080313702678E2
:10D8D0006778FEF785BFD0F8A010002900F0C58357
:10D8E000A26893785078D6781B0443EA0023107816
:10D8F00043EA066303434B605079137943EA0023FC
:10D900000B8193798B72A268D5F8A030D279DA7244
:10D91000A268D5F8A030127A1A73A268D5F8A030A0
:10D92000527A5A73A268D5F8A030927A9A73A26894
:10D93000D5F8A010D37ACB73507B937B167B1B0456
:10D9400043EA0023D07B334343EA00630B61137C3B
:10D950000B75A368D5F8A0105A7C4A759A7D587D3E
:10D960001E7D120442EA0022D87D324342EA006260
:10D970008A619A7E587E1E7E120442EA0022D87E78
:10D98000324342EA0062CA619A7F587F1E7F1204C6
:10D9900042EA0022D87F324342EA00620A6293F8E8
:10D9A000222093F8210093F82060120442EA00221A
:10D9B00093F82300324342EA00624A6293F8262039
:10D9C00093F8250093F82460120442EA002293F8A9
:10D9D0002700324342EA00628A6293F82A2093F8D1
:10D9E000290093F82860120442EA002293F82B00E1
:10D9F000324342EA0062CA6293F82E2093F82D0067
:10DA000093F82C60120442EA002293F82F0032436C
:10DA100042EA00620A6393F8322093F8310093F8E7
:10DA20003060120442EA002293F83300324342EAA3
:10DA300000624A6393F8362093F8350093F8346017
:10DA4000120442EA002293F83700324342EA0062AD
:10DA50008A6393F83A2093F8390093F838601204F7
:10DA600042EA002293F83B00324342EA0062CA6372
:10DA700093F83E2093F83D0093F83C60120442EA8C
:10DA8000002293F83F00324342EA00620A6493F8AE
:10DA9000422093F8417093F8400093F843601304D8
:10DAA00043EA07230343486D43EA06634FF0FF321E
:10DAB0004B64CA640B7810B11F0740F1E7865E071C
:10DAC0003FF5BDAC26786778FEF78ABEC36F002BA2
:10DAD00000F0C8828A6811781971C36F5178597142
:10DAE000D078917841EA0021D9805079117941EAC2
:10DAF00000211981D079917941EA00215981917AE7
:10DB0000507A167A090441EA0021D07A314341EA79
:10DB10000061D960917B507B167B090441EA0021AA
:10DB2000D07B314341EA00611961917C507C167CC5
:10DB3000090441EA0021D07C314341EA0061596186
:10DB4000917D507D167D090441EA0021D07D31434D
:10DB500041EA00619961917E577ED07E167E0A046B
:10DB600042EA07223243996A42EA00624FF0FF30EC
:10DB7000C3E907201A7811B1160740F1BD86500796
:10DB80003FF55DAC26786778FEF72ABED0F88C208A
:10DB9000002A00F0118289688B784878CE781B04BF
:10DBA00043EA0023087843EA0663034353600B7992
:10DBB0001372D5F88C304A795A728A799A728A7AB5
:10DBC000487A0E7A120442EA0022C87A324342EAC4
:10DBD0000062DA604E7B0A7BD86942EA06221A822A
:10DBE000CE7B8A7B4FF0FF3142EA06225A8259618E
:10DBF0001A7810B1170740F16E8656073FF51FAC33
:10DC000026786778FEF7ECBD26786778FEF7E8BDE2
:10DC1000D0F8A830002B00F0BD868A689178507843
:10DC2000D678090441EA0021107841EA06610143EF
:10DC30005960917A507A167A090441EA0021D07A23
:10DC4000314341EA0061D960917B507B167B090426
:10DC500041EA0021D07B314341EA00611961917CA6
:10DC6000507C167C090441EA0021D07C314341EA12
:10DC700000615961917D507D167D090441EA0021C2
:10DC8000D07D314341EA00619961917E507E167EDC
:10DC9000090441EA0021D07E314341EA0061D961A3
:10DCA000507F917F167F090441EA0021D07F3143E4
:10DCB00041EA0061196292F8221092F8217092F8FC
:10DCC000206092F823001A6B090441EA07213143CE
:10DCD00041EA00614FF0FF30C3E90910197812B131
:10DCE0000F0740F152874E073FF5A9AB26786778BA
:10DCF000FEF776BDC36E002B3EF472AD9B68002B21
:10DD00003EF46EAD8A6812781A70C36E8A689B689A
:10DD100052785A708A68C16E937956791079D7799A
:10DD20001B0443EA062303438E68087843EA07632B
:10DD30007360577A137A43EA07233381D77A927A4A
:10DD400040F0080342EA072272810B702678677858
:10DD5000FEF746BDD0F8941000293EF441ADA76807
:10DD6000B4F802A0BB787E78F8783A781B0443EACE
:10DD7000062343EA006313434B607A793B7943EA15
:10DD800002230B81F879BB794A7A43EA0023D2084F
:10DD90006FF0070C01F10800019200EB82090AEB19
:10DDA0000C084B813A46ACEB010C01F1840E13E0F8
:10DDB000984515DD937A567A92F808B01B0443EA29
:10DDC0000623D67A43EA0B0343EA066340F8043F8E
:10DDD000864502F1040203D081450CEB0003E7D134
:10DDE000019A0232BAEB820F4FEA82030CD9FA1879
:10DDF000F85C93785678D2781B0443EA062343EA0A
:10DE000002630343C1F88830D1F89000B0B10E88A6
:10DE10003707C6F3C502C6F3C00341F1BE829607B9
:10DE200041F1D182530741F1D482170741F1CE82EB
:10DE3000D60641F1B182530901F0F4820B785B07F9
:10DE40003FF5FDAA26786778FEF7CABC8369002BE8
:10DE500000F0BA858968186A8A784F78CE781204FB
:10DE600042EA072242EA06620E7832435A604E794D
:10DE70000A7942EA06221A81CE798A7942EA062292
:10DE80005A814E7A0A7A42EA06229A81CE7A8A7AB0
:10DE900042EA0622DA814E7B0A7B42EA06221A8295
:10DEA000CE7B8A7B42EA06225A824E7C0A7C4FF065
:10DEB000FF3142EA06229A8299611A7810B1170757
:10DEC00040F1818656073FF5BAAA26786778FEF7B3
:10DED00087BC95F88C31002B40F07A8195F88D3114
:10DEE000002B40F075816778FEF77ABC016A002943
:10DEF00000F0EE85A26853789078D6781B0243EA4A
:10DF00000043107843EA066303434B6013790B72B6
:10DF1000A2682B6A517A907A167A090241EA004186
:10DF2000D07A314341EA0061D960517B907B167B06
:10DF3000090241EA0041D07B314341EA00611961A5
:10DF4000517C907C167C090241EA0041D07C31432F
:10DF500041EA00615961517D907D167D090241EAD7
:10DF60000041D07D314341EA00619961517E907E4C
:10DF7000167E090241EA0041D07E314341EA006148
:10DF8000D961917F577FD07F167F0A0442EA07222A
:10DF90003243D96A42EA00624FF0FF30C3E90820F9
:10DFA0001A7811B1100740F1208653073FF547AAB0
:10DFB00026786778FEF714BC4F78FEF711BCD0F8CE
:10DFC000981000293EF40CAC6288131F48BFD31C84
:10DFD000DB1081F838326688D0F898100336F608DE
:10DFE000F60004360846042224E0A3689F1813F8BC
:10DFF00002E0BB7897F8018097F803C01B0443EA5E
:10E00000082343EA0E0343EA0C638360BB7997F865
:10E0100005E097F804C0FF791B0443EA0E2343EAA6
:10E020000C03083243EA0763B2F50D7FC36000F1C9
:10E03000080001D09642D8D1D1F84002002800F063
:10E04000FA850B781F0740F1E8855E073FF5F7A9D1
:10E0500026786778FEF7C4BB4F78FEF7C1BB4F78D0
:10E06000FEF7BEBB4F78FEF7BBBB6778FEF7B8BBC9
:10E07000036F002B3EF4B4AB8A6811781971036FFB
:10E0800051785971036FD178D971036F1179197271
:10E09000036F51795972036F91799972016F0F7AF9
:10E0A00001F108006FF0070600EB870701F1480C4B
:10E0B000761A874206EB000E17D06388083B73453B
:10E0C00013DD937A92F809E092F808801B0443EA82
:10E0D0000E2392F80BE043EA080343EA0E6340F88C
:10E0E000043F844502F10402E3D1486D012681F822
:10E0F0004C60002830D00A68C2F3CD03C2F3C007D9
:10E10000120741F108869A0740F11B865F0741F12B
:10E11000C8811E0741F1C381DA0641F1CA819F0619
:10E1200041F1C5815E0641F1C0811A0641F1BB8112
:10E13000DF0541F111869E0541F10B865A0541F13B
:10E1400005861F0541F1FF85DE0440F1F9855B0B73
:10E1500008BF0D2600F0F585C86D002830D04A882C
:10E16000C2F34D03C2F34006920740F1FF859F07BB
:10E1700041F1D4855E0741F1D7851A0741F1D18578
:10E18000DF0641F1DD859E0641F1D7855A0641F152
:10E19000D1851F0641F1CB85DE0541F1E9859A0560
:10E1A00041F1E3855F0541F1DD851E0541F1D7852C
:10E1B000DA0440F1DA855B0B08BF0D2600F0D68546
:10E1C0000B785F073FF53BA926786778FEF708BB19
:10E1D000D5F88801002800F0E0836D491EF0C0F9F1
:10E1E00026786778FEF7FCBA4A880C2A7EF454AF8A
:10E1F0008A681279DA728A68D0F8AC30127ADA73E7
:10E20000D0F8AC30FEF748BF488800283FF426AB72
:10E210001826FFF70EBBA268507D117D41EA002150
:10E220009982927D9A75FFF7FBBA4F78FEF7D8BABC
:10E230008A6852781A728A68D0F8AC30D2789A72AA
:10E24000D0F8AC20917A062913462BD990F88C117E
:10E2500019B3D0F88801002800F0E4874D491EF07A
:10E26000EFF8D5F8AC20D5F88801917A002800F0B5
:10E27000D9870A221EF0EAFBD5F88801002800F0B1
:10E28000CF8745491EF0DCF8D5F8880118B10A227D
:10E2900006211EF0A9FBD5F8AC3006229A72D5F8FB
:10E2A000AC30997A00293EF4F7AEA1688A794E79AC
:10E2B0000879C979120442EA0622024342EA01625D
:10E2C000DA60D5F8AC309A7A012A7EF6E5AEA1681C
:10E2D0008A7A4E7A087AC97A120442EA06220243FE
:10E2E00042EA01621A61D5F8AC309A7A022A7EF6C7
:10E2F000D3AEA1688A7B4E7B087BC97B120442EABD
:10E300000622024342EA01625A61D5F8AC309A7A99
:10E31000032A7EF6C1AEA1688A7C4E7C087CC97C4B
:10E32000120442EA0622024342EA01629A61D5F8E7
:10E33000AC309A7A042A7EF6AFAEA1688A7D4E7D13
:10E34000087DC97D120442EA0622024342EA0162C4
:10E35000DA61D5F8AC309A7A052A7EF69DAEA168CE
:10E360008A7E4E7E087EC97E120442EA062202435D
:10E3700042EA01621A62D5F8AC30FEF78DBE4F78E2
:10E38000FEF72EBA4F78FEF72BBA6778FEF728BA59
:10E39000B0EB060034EC060050EC0600416A0029A0
:10E3A00000F0CB84A26853789078D6781B0243EAB9
:10E3B0000043107843EA066303434B6050791379B6
:10E3C00043EA00230B8193798B72A2686B6AD2793E
:10E3D000DA72A2686B6A127A1A73A2686B6A527A4E
:10E3E0005A73A2686B6A927A9A73A368696ADA7A36
:10E3F000CA73987B5A7B1E7B120242EA0042D87B8A
:10E40000324342EA00620A615A7C987C1E7C120206
:10E4100042EA0042D87C324342EA00624A611B7DF4
:10E420000B76A2686B6A517D5976917D9976D27D83
:10E43000DA76A368696A5A7E987E1E7E120242EAE4
:10E440000042D87E324342EA0062CA615A7F987F16
:10E450001E7F120242EA0042D87F324342EA006243
:10E460000A6293F8220093F8212093F820601202A8
:10E4700042EA004293F82300324342EA00624A62D1
:10E4800093F8252093F8260093F82460120242EABC
:10E49000004293F82700324342EA00628A6293F80E
:10E4A000292093F82A0093F82860120242EA0042D9
:10E4B00093F82B00324342EA0062CA6293F82D209F
:10E4C00093F82E0093F82C60120242EA004293F86F
:10E4D0002F00324342EA00620A6393F8312093F836
:10E4E000320093F83060120242EA004293F833009F
:10E4F000324342EA00624A6393F8352093F83600CB
:10E5000093F83460120242EA004293F83700324333
:10E5100042EA00628A6393F8392093F83A0093F84C
:10E520003860120242EA004293F83B00324342EA6A
:10E530000062CA6393F83D2093F83E0093F83C6074
:10E54000120242EA004293F83F00324342EA00627C
:10E550000A6493F8412093F8420093F84060120255
:10E5600042EA004293F84300324342EA00624A64BE
:10E5700093F8452093F8460093F84460120242EA6B
:10E58000004293F84700324342EA00628A6493F8FB
:10E59000492093F84A0093F84860120242EA004288
:10E5A00093F84B00324342EA0062CA6493F84D008C
:10E5B00093F84C2042EA0022A1F8502093F84F0033
:10E5C00093F84E2042EA0022A1F8522093F85520F9
:10E5D00093F8560093F85460120242EA004293F80E
:10E5E0005700324342EA00628A6593F8596093F813
:10E5F0005820C86E42EA0622A1F85C2093F85B20FE
:10E6000093F85A3043EA02234FF0FF32A1F85E300C
:10E61000C1E918220B7810B11F0740F1B2865E07DE
:10E620003EF50DAF26786778FEF7DAB8436F002B1A
:10E630003EF4D6A88A6812789A708A68436F527836
:10E64000DA708A68436F92781A718A68436FD27859
:10E650005A718A68436F12799A718A68436F527946
:10E66000DA718A68436F92791A728A68436FD27935
:10E670005A72416FA368587A1A7A42EA00224A8194
:10E680009B7A0B73A2686B6FD27A5A73A2686B6F16
:10E69000117B9973527BDA73696F10230020CDE0F0
:10E6A0006688103EB6EB401F4FEA401240F3CB8025
:10E6B000A6681144F65C8E74A668696F1E44114406
:10E6C000367A8E76A668696F01301E4401EB4011E0
:10E6D000367C8E70A668696F1E4411447678CE74BD
:10E6E000A668696F1E441144767ACE76A668696F73
:10E6F0001E441144767C81F82360A668696F1E442D
:10E700001144B6780E75A668696F1E441144B67A36
:10E710000E77696FA6681E441144B67C81F82460A8
:10E72000A668696F1E441144F6784E75A668696F35
:10E730001E441144F67A4E77A668696F1E44114450
:10E74000F67C81F82560A668696F1E44114436790D
:10E750008E75A668696F1E441144367B8E77A66855
:10E76000696F1E4411447679CE75A668696F1E44A0
:10E770001144767BCE77696FA6681E441144B67942
:10E780000E76A668696F1E441144B67B81F820603E
:10E79000A668696F1E441144F6794E76A668696FC3
:10E7A0001E441144F67B81F82160A668696F1E44FF
:10E7B00001EB4011367D8E71A668696F1E4401EB36
:10E7C0004011767DCE71A668696F1E4401EB401141
:10E7D000B67D0E72A668696F1E4401EB4011F67D8E
:10E7E0004E726E6FA1681944164491F819C00F7EDD
:10E7F00047EA0C277785897E86F82C10A668696F12
:10E800001E441144F67E81F82D60A668696F1E448F
:10E810001144367F81F82E60A668696F1E4411444A
:10E82000767F81F82F60A668696F1E440A44B67F20
:10E8300082F830605C2803F1200304D04E7BC2B222
:10E8400096423FF62DAFD1F8980B012381F8923B09
:10E850000B7810B11E0740F1548559073EF5EFAD16
:10E8600026786778FDF7BCBF52F8043F5668916878
:10E87000D768C760036046608160136903612A69D5
:10E88000137843F008031370FEF716BF48220431D3
:10E8900029F00CFDD5F8A020137843F0080313707D
:10E8A000FFF70DB953F8046F58689968DF68D760AF
:10E8B00016605060916099691E695869DF69D76177
:10E8C000166150619161D5F8AC30197841F00801BA
:10E8D0001970FEF7EABB53F8046F9A685968DB6851
:10E8E000C360066041608260D5F88C301A7842F0CF
:10E8F00008021A70FFF781B953F8040F5A689E682E
:10E90000DF68CF6008604A608E605A6918699E6946
:10E910008E6108614A61EB6F1A7842F008021A7042
:10E92000FFF72DB9111D34320F684E688868D1F891
:10E930000CC0C3F80CC0103191421F605E6098603B
:10E9400003F11003F0D108684A688968996018607B
:10E950005A60D5F88830197841F008011970FEF72F
:10E9600019BA53F8046F58689A68DF68CF600E6070
:10E9700048608A609A691E695869DF69CF610E61D3
:10E9800048618A61D5F8A4301A7842F008021A70FA
:10E99000FEF74EBC4F78FDF723BF6778FDF720BF29
:10E9A00095F88C3123B995F88D31002B3DF418AFD3
:10E9B000D5F8880100283DF413AFA0491DF0D0FD23
:10E9C00026786778FDF70CBF4F78FDF709BF53F83D
:10E9D000046F9A685868DB68CB600E6048608A6094
:10E9E0006B691A7842F008021A70FEF7ACBC836AB1
:10E9F000002B00F089838A6812781A718A68836A0A
:10EA0000517990791679090241EA0041D079314370
:10EA100041EA00619960517A907A167A090241EAD6
:10EA20000041D07A314341EA0061D960517B907B4B
:10EA3000167B090241EA0041D07B314341EA006183
:10EA40001961517C977CD07C167C0A0242EA07420D
:10EA50003243196A42EA00624FF0FF30C3E90520F1
:10EA60001A7811B1100740F1778457073EF5E7ACEB
:10EA700026786778FDF7B4BE191D24330F684E68F9
:10EA80008868D1F80CC0C2F80CC0103199421760E8
:10EA90005660906002F11002F0D10B681360D5F857
:10EAA0009030197841F008011970FEF7C2BC53F894
:10EAB000046F9A685968DB68C360066041608260D1
:10EAC000D5F880301A7842F008021A70FEF748BB79
:10EAD0006778FDF785BE036B002B00F005848A681C
:10EAE000186A51789778D678090241EA074141EAD5
:10EAF0000661167831435960517997791679090280
:10EB000041EA07413143D67941EA06619960517A79
:10EB1000977A167A090241EA07413143D67A41EAE7
:10EB20000661D960517B977B167B090241EA074158
:10EB30003143D67B41EA06611961517C92F812C0DB
:10EB4000177CD67C0A0242EA0C423A4342EA066249
:10EB50004FF0FF31C3E905211A7810B1160740F1D3
:10EB6000738450073EF56BAC26786778FDF738BEA6
:10EB70004FF49072043129F099FBD5F88420137872
:10EB800043F008031370FEF74ABD191D24330F68C4
:10EB90004E688868D1F80CC0C2F80CC01031994298
:10EBA00017605660906002F11002F0D10B6813609C
:10EBB000D5F8A830197841F008011970FFF793B81B
:10EBC0003E46FDF70DBE53F8042F5E689968DF6876
:10EBD000C7600260466081601A690261AB691A7899
:10EBE00042F008021A70FFF76DB953F8046F5868C5
:10EBF0009A68DF68CF600E6048608A609A691E6913
:10EC00005869DF69CF610E6148618A612B6A1A78A1
:10EC100042F008021A70FFF7C8B94FF40E720831BB
:10EC2000043029F043FBD5F89820137843F008030B
:10EC30001370FFF70ABA0B78FFF707BAF0EB06007C
:10EC4000426B002A00F09A838B6859789878DE78B6
:10EC5000090241EA0041187841EA06610143516026
:10EC6000597998791E79090241EA0041D8793143EE
:10EC700041EA00619160597A987A1E7A090241EA64
:10EC80000041D87A314341EA0061D160597B987BD9
:10EC90001E7B090241EA0041D87B314341EA006111
:10ECA0001161597C987C1E7C090241EA0041D87CA4
:10ECB000314341EA00615161597D987D1E7D090211
:10ECC00041EA0041D87D314341EA00619161987E7B
:10ECD000597E1E7E090241EA0041D87E314341EA55
:10ECE0000061D161597F987F1E7F090241EA00418E
:10ECF000D87F314341EA0061116293F8211093F803
:10ED0000227093F8206093F82300136B090241EA04
:10ED10000741314341EA00614FF0FF30C2E9091079
:10ED20001BB11178090740F1A18313785F073EF505
:10ED300086AB26786778FDF753BD6778FDF750BD41
:10ED40000C2606EBC603043100EBC300482229F071
:10ED5000ADFA296F0B680122C3F3CD00B240024324
:10ED600062F3D0030B60FFF7F7B90C2606EB8607BA
:10ED70003F01B523C3552B6FDB6D3B4462225A70B4
:10ED80002B6FDB6D3B4402229A702B6FDB6D3B4493
:10ED90001322DA702B6F6288DB6D3B441A712B6F84
:10EDA0006288DB6D3B4412125A712B6F6288D86DFA
:10EDB000A1683844063029F079FA2B6F217BDB6D8E
:10EDC0003B44012283F84E102B6F617BDB6D1F44A7
:10EDD000B24087F84F10296F4B88C3F34D000243B0
:10EDE00062F34E034B80FFF7EBB9016C002900F092
:10EDF0009683A26853789078D6781B0243EA004342
:10EE0000107843EA066303434B6013790B72A368DF
:10EE10002A6C59795172D879997941EA0021518146
:10EE20001B7A1373A2682B6C527A5A73A2682B6CEC
:10EE3000927A9A73A2682B6CD27ADA73A2682B6CDE
:10EE4000127B1A74A268296C537C907C167C1B027E
:10EE500043EA0043D07C334343EA00634B61537D74
:10EE6000907D167D1B0243EA0043D07D334343EA85
:10EE700000638B61137E0B77A2682B6C517E5977F0
:10EE8000917E9977D27EDA77A368296C5A7F987F32
:10EE90001E7F120242EA0042D87F324342EA0062F9
:10EEA0000A6293F8212093F8220093F8206012025E
:10EEB00042EA004293F82300324342EA00624A6287
:10EEC00093F8252093F8260093F82460120242EA72
:10EED000004293F82700324342EA00628A6293F8C4
:10EEE000292093F82A0093F82860120242EA00428F
:10EEF00093F82B00324342EA0062CA6293F82D2055
:10EF000093F82E0093F82C60120242EA004293F824
:10EF10002F00324342EA00620A6393F8312093F8EB
:10EF2000320093F83060120242EA004293F8330054
:10EF3000324342EA00624A6393F8352093F8360080
:10EF400093F83460120242EA004293F837003243E9
:10EF500042EA00628A6393F8392093F83A0093F802
:10EF60003860120242EA004293F83B00324342EA20
:10EF70000062CA6393F83E0093F83D2093F83C602A
:10EF8000120242EA004293F83F00324342EA006232
:10EF90000A6493F8412093F8420093F8406012020B
:10EFA00042EA004293F84300324342EA00624A6474
:10EFB00093F8452093F8460093F84460120242EA21
:10EFC000004293F84700324342EA00628A6493F8B1
:10EFD000492093F84A0093F84860120242EA00423E
:10EFE00093F84B00324342EA0062CA6493F84D2022
:10EFF00093F84E0093F84C60120242EA004293F8F4
:10F000004F00324342EA00620A6593F8512093F8B8
:10F01000520093F85060120242EA004293F8530003
:10F02000324342EA00624A6593F8552093F856004D
:10F0300093F85460120242EA004293F857003243B8
:10F0400042EA00628A6593F8590093F8582042EA30
:10F050000022A1F85C2093F85B0093F85A2042EA62
:10F060000022A1F85E2093F85D0093F85C2042EA4C
:10F070000022A1F8602093F85F0093F85E2042EA36
:10F080000022A1F8622093F8610093F8602042EA20
:10F090000022A1F8642093F8630093F8622042EA0A
:10F0A0000022A1F8662093F8652093F8660093F893
:10F0B0006460120242EA004293F86700324342EA77
:10F0C00000628A6693F8692093F86A7093F86B007F
:10F0D00093F86860130243EA0743334343EA00634B
:10F0E0004FF0FF32CB66C1E91E22D1F8840018B17F
:10F0F0000B781E0740F1DF850B7858073EF59FA976
:10F1000026786778FDF76CBB4F78FDF769BBC36B5A
:10F11000002B00F0E8818A6812781A718B68C16B45
:10F12000DA78CA715A7998791E79120242EA004255
:10F13000D879324342EA00628A605A7A987A1E7A13
:10F14000120242EA0042D87A324342EA0062CA60BE
:10F150005A7B987B1E7B120242EA0042D87B3243E4
:10F1600042EA00620A615A7C987C1E7C120242EAE2
:10F170000042D87C324342EA00624A615A7D987D5F
:10F180001E7D120242EA0042D87D324342EA00620A
:10F190008A611B7E0B77A268EB6B527E5A77A2685E
:10F1A000EB6B927E9A77A268EB6BD27EDA77A068DF
:10F1B000EB6B427F817F067F120242EA0142C17FF0
:10F1C000324342EA01621A6290F8211090F82260FC
:10F1D00090F8202090F82300090241EA06411143EB
:10F1E0001A6B41EA00614FF0FF30C3E909101AB110
:10F1F0001978090740F17A811B785F073EF51FA94E
:10F2000026786778FDF7ECBA40F6CC02043129F095
:10F210004DF8AA6F137843F008031370FDF783BC11
:10F22000D5F8AC201346FFF738B8836B002B00F0FD
:10F2300042818A6812781A718B68816B5A79987941
:10F240001E79120242EA0042D879324342EA006251
:10F250008A605A7A987A1E7A120242EA0042D87A72
:10F26000324342EA0062CA605A7B987B1E7B1202DC
:10F2700042EA0042D87B324342EA00620A615A7C89
:10F28000987C1E7C120242EA0042D87C324342EA59
:10F2900000624A611B7D0B76A268AB6B527D5A7689
:10F2A000AB6BA268927D9A76A168AB6BCA7DDA7669
:10F2B0004A7E8F7E0E7EC87E996A120242EA07421B
:10F2C000324342EA00624FF0FF30C3E9072019B130
:10F2D0001A78160740F1F2801B7858073EF5AFA860
:10F2E00026786778FDF77CBA4F78FDF779BA06463D
:10F2F0000127FDF7B3BF00221A7026786778FDF763
:10F300006FBA4FF43962023128F0D0FF6A6F137878
:10F3100043F008031370FFF7A0BA191D24330F68D8
:10F320004E688868D1F80CC0C2F80CC01031994200
:10F3300017605660906002F11002F0D14B680868C7
:10F340008968916010605360D5F89C30197841F05D
:10F3500008011970FDF70BBE53F8042F5E6898681A
:10F36000DF68CF600A604E6088601A690A61AB6A24
:10F370001A7842F008021A70FFF777BB4F78FDF752
:10F380002FBA5C22043128F091FF6A6A137843F0A7
:10F3900008031370FFF743B904231E4603EB03135E
:10F3A00000EBC3000431882228F080FFD5F89410C8
:10F3B0000B880122C3F3C500B240024362F3C803C5
:10F3C0000B80FEF73BBD01231E46E7E703231E46E5
:10F3D000E4E702231E46E1E76A6D002A3DF400AA35
:10F3E000A16800234F1E184617F8016F9E4008338E
:10F3F000202B40EA0600F7D150600B7913724B794D
:10F4000053726B6DDA694FF0FF31596112B119789F
:10F410000F070AD51B785E073EF511A82678677896
:10F42000FDF7DEB905231E46B8E753F8046F5868A8
:10F430009968DB68D3601660506091606B6D1A78D4
:10F4400042F008021A70E5E753F8042F5E689968E5
:10F45000DF68C7600260466081601A6902612B6BD9
:10F460001A7842F008021A70FFF77BBB111D243294
:10F470000F684E688868D1F80CC0C3F80CC0103112
:10F4800091421F605E60986003F11003F0D10A683A
:10F490001A606A6B137843F00803137045E403267F
:10F4A0004FE402264DE407264BE4062649E40526F0
:10F4B00047E4042645E44F78FDF792B953F8040F6A
:10F4C0005A689E68DF68CF6008604A608E605A693B
:10F4D00018699E698E6108614A61AB6B1A7842F0C7
:10F4E00008021A70F8E64F78FDF77AB9191D24332F
:10F4F0000F684E688868D1F80CC0C2F80CC0103193
:10F50000994217605660906002F11002F0D10B68CA
:10F510001360EB6B1A7842F008021A706CE6677899
:10F52000FDF75EB94A88282A02D0402A7DF4CFA987
:10F530002B6D002B3DF454A9A26812781A71A368B0
:10F540002A6DD878997841EA0021D1809979587943
:10F550001E79090441EA0021D879314341EA00616A
:10F560009160997A587A1E7A090441EA0021D87A82
:10F57000314341EA0061D160997B587B1E7B0904CD
:10F5800041EA0021D87B314341EA00611161997C55
:10F590005E7C187C090441EA06210143DE7C608818
:10F5A00041EA06612828516100F09980587D197D53
:10F5B0009E7D41EA0021D87D41EA064141EA006191
:10F5C0009161997E587E1E7E090441EA0021D87E11
:10F5D000314341EA0061D16193F8203082F8243050
:10F5E000A2682B6D92F8212083F82520A2682B6D4C
:10F5F00092F8222083F82620A2682B6D92F823200F
:10F6000083F82720A2682B6D92F8261092F8250027
:10F6100092F82460090441EA002192F8270031435E
:10F6200041EA0061996292F8290092F82A1092F852
:10F630002860090441EA002192F82B00314341EA95
:10F640000061D96292F82E1092F82D0092F82C6089
:10F65000090441EA002192F82F00314341EA006198
:10F66000196392F8321092F8310092F83060090470
:10F6700041EA002192F83300314341EA00615963C5
:10F6800092F8361092F8350092F83460090441EA95
:10F69000002192F83700314341EA0061996392F802
:10F6A0003E1092F83D7092F83C6092F83F000A04D8
:10F6B00042EA0722324342EA00621A64DA6C4FF0EF
:10F6C000FF3159641AB11978090740F1AC821B78EF
:10F6D0005B073DF5B4AE26786778FDF781B800206A
:10F6E000C2E906001B7D82F82430A2682B6D527D92
:10F6F00083F82520A2682B6D927D83F826202B6D40
:10F7000083F82700A2682B6D917E567E177E090430
:10F7100041EA0621D67E394341EA06619962917F2A
:10F72000567F177F090441EA0621D67F394341EA13
:10F730000661D96292F8221092F8216092F8207046
:10F74000090441EA062192F823605863394341EAEB
:10F7500006611963986392F8261092F8257092F862
:10F76000246092F82700A2E7826C002A00F08D80C6
:10F770008E680023771E194617F8010F984008334A
:10F78000202B41EA0001F7D1516033791372A2684E
:10F79000AB6C127A1A73A268AB6C527A5A73A26875
:10F7A000AB6C927A9A73A268AB6CD27ADA73A26865
:10F7B000A96C937B507B167B1B0443EA0023D07B10
:10F7C000334343EA00630B61507C137C43EA00231C
:10F7D0008B82D07C937C43EA0023CB82D37DCB7693
:10F7E0004FF0FF33CB6126786778FCF7F9BF436CA5
:10F7F000002B00F07C828A680021571E084617F80B
:10F80000016F8E400831202940EA0600F7D1586088
:10F81000917950791679090441EA0021D079314370
:10F8200041EA00619960917A507A167A090441EAB6
:10F830000021D07A314341EA0061D960917B507B4D
:10F84000167B090441EA0021D07B314341EA006183
:10F850001961517C977CD07C167C0A0242EA0742EF
:10F860003243196A42EA00624FF0FF30C3E90520D3
:10F8700019B11A78160740F13D821B7858073DF5FB
:10F88000DEAD26786778FCF7ABBF4F78FCF7A8BFF2
:10F89000826D002A3CF4A4AF8E680023771E1946BF
:10F8A00017F8010F98400833202B41EA0001F7D1E7
:10F8B000516033791372A268AB6D52795A72A96D97
:10F8C000082600274FF00C0C3BE06388083B93426E
:10F8D00042DDA3689B5D0373A168AB6D31441344A3
:10F8E00049785973A168AB6D314413448978997391
:10F8F000A168AB6D31441344C978D973A368A96D6D
:10F900003344881893F805E01A7942EA0E220282FD
:10F9100093F807E09A7942EA0E2242825A7A93F8E3
:10F920000A9093F8088093F80BE0130243EA094326
:10F9300043EA080343EA0E63FF2F06F10C06436116
:10F940000AD091F809E0BBB20CFB07F29E4501EB2F
:10F95000020007F10107B8D8D1F8080C012381F89B
:10F96000003C18B10B781B0740F19A810B785F07B8
:10F970003DF565AD26786778FCF732BFC36C002B88
:10F980007DD08A6812781A718B68C16C9A7958791F
:10F990001E79120442EA0022D879324342EA006218
:10F9A0008A609A7A587A1E7A120442EA0022D87A39
:10F9B000324342EA0062CA609A7B587B1E7B120483
:10F9C00042EA0022D87B324342EA00620A619A7C12
:10F9D000587C1E7C120442EA0022D87C324342EA60
:10F9E00000624A619A7D587D1E7D120442EA00221F
:10F9F000D87D324342EA00628A611B7E0B77EB6C52
:10FA0000A268527E5A77A268EB6C927E9A77A268BF
:10FA1000E96C937F507F167F1B0443EA0023D07F5D
:10FA2000334343EA00630B6292F8223092F82100DC
:10FA300092F820601B0443EA002392F8230033432A
:10FA400043EA00634B6292F8243081F82830A268C0
:10FA5000EB6C92F8252083F82920EB6C5A6B4FF061
:10FA6000FF31D9621AB11978090740F1FE801B787D
:10FA70005A073DF5E4AC26786778FCF7B1BE4F78BD
:10FA8000FCF7AEBEC16A002948D0A3685A789878BE
:10FA9000DE78120242EA0042187842EA0662024325
:10FAA0004A605A7998791E79120242EA0042D8795E
:10FAB000324342EA00628A605A7A987A1E7A1202C7
:10FAC00042EA0042D87A324342EA0062CA60587B76
:10FAD0001A7B42EA00220A829A7B8A74EA6AD97BFC
:10FAE000D174EA6A197C1175EA6A597C5175EA6A1F
:10FAF000997C9175EA6AD97C136AD1754FF0FF3110
:10FB000091611BB11178090740F1E08013785F071C
:10FB10003DF595AC26786778FCF762BE6778FCF710
:10FB20005FBEC26D002A3CF45BAE8E680023771E78
:10FB3000194617F8010F98400833202B41EA0001BD
:10FB4000F7D1516033791372A268EB6D52795A7212
:10FB5000E96D082300204BE06788083FB7EB001FE2
:10FB600010464FDDA168C95C8CF80C10A768E96DE0
:10FB70001F4431447F784F73A768E96D1F443144B7
:10FB8000BF788F73A768E96D1F443144FF78CF7346
:10FB9000A168EF6D1944374491F804C091F805E06D
:10FBA0004CEA0E2CA7F810C08979B974A768E96DE2
:10FBB0001F443144FE79CE74A668E96D1E4401EB02
:10FBC0000211367A0E71A668E96D1E4401EB02112E
:10FBD000767A4E71A668E96D1E4401EB0212F77A3F
:10FBE000B67A5C2846EA072603F11003D68009D0CE
:10FBF0004F7A86B2B7424FEA001600F1010201EBDC
:10FC0000060CA9D8D1F8D405012381F8CC3510B160
:10FC10000B781E071ED50B7858073DF510AC2678DB
:10FC20006778FCF7DDBD191D44330F684E6888689E
:10FC3000D1F80CC0C2F80CC0103199421760566060
:10FC4000906002F11002F0D12B6D1A7842F0080298
:10FC50001A703CE504314FF4B96228F027FBE96DD6
:10FC60000B7843F008030B70D5E7191D24330F6898
:10FC70004E688868D1F80CC0C2F80CC010319942A7
:10FC800017605660906002F11002F0D10B6849686D
:10FC900051601360EB6C1A7842F008021A70E6E6C5
:10FCA000043140F6FC3228F001FBA96D0B7843F0DB
:10FCB00008030B705AE60431742228F0F7FA296C15
:10FCC0000B7843F008030B70FFF716BA52F8041FC5
:10FCD00056689068D768DF6019605E609860116947
:10FCE0001961EA6A137843F0080313700EE74F783E
:10FCF000FCF776BD53F8042F5E689868DF68CF6024
:10FD00000A604E6088601A690A616B6C1A7842F06A
:10FD100008021A70B1E53E46FFF713B80126FFF757
:10FD200025B80326FFF722B80226FFF71FB80726DB
:10FD3000FFF71CB80626FFF719B80526FFF716B817
:10FD40000426FFF713B80B26FEF7FBBF0A26FEF7C3
:10FD5000F8BF0926FEF7F5BF0826FEF7F2BF0B260F
:10FD6000FFF704B80A26FFF701B80926FEF7FEBF21
:10FD70000826FEF7FBBF00BF2DE9F04190F8F1C166
:10FD800082B005469DF820800E4614461F46BCF101
:10FD9000000F1BD1D0F89431ADF806306188A288ED
:10FDA000033191420BDB95F8FE3195F8FF21334486
:10FDB000DBB21A4485F8FE3185F8FF21A2886AB9C2
:10FDC00026700132A28002B0BDE8F081BCF1030FC1
:10FDD00000F0BA800223ADF80630DFE7012A00F018
:10FDE000AD80022A00F00881032A00F002816388B6
:10FDF000191D8A4200F0308105339A424FF000030A
:10FE000040F006816673AB71A089B5F8FE11884297
:10FE100000F024812178A373B94200F0CD81052937
:10FE200000F0D18195F88C311BB995F88D31002BFC
:10FE300042D0D5F8880100283ED09A491CF000FB3A
:10FE4000D5F88801B8B398491CF0FAFAD5F88801BA
:10FE5000217B80B30A221CF0F9FDD5F8880150B34C
:10FE600092491CF0EDFAD5F88801617B18B30A229B
:10FE70001CF0ECFDD5F88801E8B18D491CF0E0FAE2
:10FE8000D5F8880195F8FE11A8B10A221CF0DEFD14
:10FE9000D5F8880178B187491CF0D2FAD5F88801E5
:10FEA00095F8FF1138B10A221CF0D0FDD5F8880171
:10FEB00008B11CF0A5FBA28895F8F131032B02D103
:10FEC0000023C5F8E831BDF80630063393427FF4CD
:10FED00078AF95F8F031002B7FF473AF95F88C3143
:10FEE0000021A97123B995F88D31002B3FF469AF3A
:10FEF000D5F8880100283FF464AF6F491CF0A0FAE0
:10FF0000D5F88801C0B16D491CF09AFAD5F888017E
:10FF100095F8F11180B10A221CF098FDD5F88801FE
:10FF200050B167491CF08CFAD5F88801BDF806106D
:10FF300010B10A221CF058FDA28842E70132667017
:10FF4000A28002B0BDE8F0810DF10603527821785D
:10FF5000F9F7EAFED5F82032002B56D094F800C00D
:10FF600094F801E01A4602E05268002A3DD0117868
:10FF70006145F9D151787145F6D19278002A34D093
:10FF8000002842D1B5F81C32ADF80630002B7FF4C2
:10FF900005AF95F88C31002B58D0D5F88801002892
:10FFA0003FF4FCAE47491CF04BFAD5F888012178A4
:10FFB00000283FF4F3AE10221CF0A0FCD5F8880115
:10FFC00000283FF4EBAE40491CF03AFAD5F888011E
:10FFD000617800283FF4E2AE10221CF0D5FCDDE68B
:10FFE0005A7872450ED05B687BB11A786245FAD1B7
:10FFF000F6E7618841EA062601326680A28002B0F7
:020000024000BC
:10000000BDE8F081DB78002BBAD1BDF80630BDE742
:1000100062782178E7882846F9F786FE95F8F0316E
:10002000A288002818BF0027002B7FF4CAAED11E7B
:10003000B94240F3BA80BDF80600111FCF1B8742BA
:1000400080F2CB80A368DE55A2883CE795F88D311D
:10005000002B3FF4A3AEA0E7267334E70123A3737C
:1000600085F83E322178B94200F0C580238840F2FD
:100070000512934200F0C880052B04D1A3681A78BA
:10008000BA4200F0DB80627800232846F9F74CFE84
:1000900040BBD5F82022002A44D020786678134649
:1000A00017E000BFA4ED0600B8ED0600C8ED06009D
:1000B000D8ED0600ECED060028EE06005CEE06002A
:1000C00074EE060068EC0600A4EC06005B68002BEA
:1000D00061D019788142F9D15978B142F6D19B7833
:1000E000002B58D095F88C31002B46D0D5F88801DC
:1000F00070B379491CF0A4F9D5F88801217888B14A
:1001000010221CF0FBFBD5F8880158B173491CF094
:1001100097F9D5F888016178002800F0BA8010229C
:100120001CF032FC95F88C313BB3D5F8880178B1DE
:100130006B491CF085F9D5F88801618840B10A2225
:100140001CF084FCD5F8880110B166491CF078F9E0
:10015000002221462846FBF757FCA37B012B65D0E4
:1001600095F8BE31012B59D0E37B012B00F0A08024
:1001700095F8BF31012B00F0928095F8F031002BFB
:100180007FF499AE21462846FCF7F6FAA28893E65A
:100190005268002AC6D013788342F9D15378B3420B
:1001A000F6D1D378002B9DD1BCE7BDF806300633DD
:1001B0009A423FF493AE04E6637843457FF42FAE52
:1001C0000023E3732EE6A3681978B9427FF42AAEC0
:1001D0005B7843457FF426AEF2E795F88C11AB715E
:1001E000002973D0D5F8880100283FF4EAAD3E49D4
:1001F0001CF026F984E6637843457FF437AF01238A
:10020000E37395F88C318FE7A3681A78BA427FF4CC
:100210003AAF5B7843457FF436AFF0E7D5F8880115
:1002200000284ED031491CF09BF99DE7D5F8880194
:10023000002895D02E491CF093F991E75B7843454F
:100240007FF421AF95F88C310322E273002B94D018
:10025000D5F8880100283FF467AF26491CF0F0F874
:10026000A368D5F88801197800283FF45BAF102205
:100270001CF044FBD5F8880100283FF453AF1E4919
:100280001CF0DEF8A368D5F88801597800287FF4BF
:1002900046AF95F88C31002B7FF45AAF6DE7D5F857
:1002A000880100283FF469AF14491CF059F964E74C
:1002B000D5F8880100283FF460AF11491CF050F9CF
:1002C00056E7E37B012B7FF453AF56E795F88D316A
:1002D000002B87D175E500BFF0EC0600A4EC06000A
:1002E00024ED060038ED060000EE060058ED06008D
:1002F00044ED0600ACEC0600DCEC060088ED0600E0
:100300006CED06002DE9F0410446D0F828020028E3
:100310004ED0B4F82C32002B4AD0B4F830520F46ED
:10032000B4F82E12A942164636BF5A184A1B521B61
:1003300092B29A1A92B296420CD994F88C31002B50
:1003400044D0D4F8880118B127491CF009F90020DD
:10035000BDE8F0815D1AADB2B54228BF3546A6EBC7
:10036000050808442A4639461FFA88F827F09EFFF8
:10037000B8F1000F2FD1B4F82E8246441FFA86F848
:10038000A4F82E82B4F8302290453ABFB4F82C324B
:100390009A1AA8EB0208B4F8323238BF90441FFA18
:1003A00088F8434538BFA4F832820120BDE8F081C7
:1003B00094F88C010028CBD0D4F888010028C7D04D
:1003C0000A491CF0CDF80020BDE8F08194F88D01B9
:1003D0000028BDD0B5E7D4F828027919424627F0A5
:1003E00065FFA4F82E82CDE7B8EE06008CEE06007D
:1003F0002DE9F0410546D0F8340298B1B5F838320D
:100400007BB1B5F83C420F46B5F83A12A142164608
:1004100036BF5A180A1B121B92B29A1A92B296420F
:1004200002D90020BDE8F0815C1AA4B2B44228BF12
:100430003446A6EB04080844224639461FFA88F8D9
:1004400027F034FFB8F1000F07D1B5F83A2216446F
:10045000A5F83A620120BDE8F081D5F834023919D7
:10046000424627F023FFA5F83A820120DAE700BFD1
:100470002DE9F04392F900401078E517EB0FDB18F7
:10048000440648BF43F00103DB18870648BF43F02A
:100490000103DB18C60648BF43F00103DB1805075C
:1004A00048BF43F00103DB18440748BF43F0010392
:1004B000DB18870748BF43F0010392F90140DB18BE
:1004C000C60748BF43F001035078DB18002CB8BFC3
:1004D00043F00103DB18450648BF43F00103DB1876
:1004E000840648BF43F00103DB18C0061C4648BF22
:1004F00043F001040C80507892F90240C0F3C0032D
:10050000DB18470748BF43F00103DB18860748BFE5
:1005100043F00103DB18C50748BF43F0010390789F
:10052000DB18002CB8BF43F00103DB18440648BFBA
:1005300043F00103DB18870648BF43F00103DB18D3
:10054000C60648BF43F00103DB18050748BF43F068
:100550000103DB18440748BF43F00103DB1887079A
:1005600048BF43F00103DB18C6071C4648BF43F0F1
:1005700001044C8092F90340D078E517EB0FDB18AB
:10058000450601D543F00103DB18860648BF43F05A
:100590000103DB18C50648BF43F00103DB1804075D
:1005A00048BF43F00103DB1840071C4600F1A98057
:1005B0000C71D378C3F340034B71D37803F001037C
:1005C0008B711379DB09CB711379C3F380130B7231
:1005D00092F804904FF0FF37002302F1040E4D46CD
:1005E0002626BC4618462024254218BF43F00103A6
:1005F000013EFD194CEB0C08B6B26410C4462F4600
:1006000012BFE4B20EF1010E8024002E6BD119F05E
:10061000200F64D1C1E90430537ADB090B76537A99
:10062000C3F380134B76557A4FF0FF37002302F166
:10063000090E05F020092626BC46184620242C4227
:1006400018BF43F00103013EFD194CEB0C08B6B294
:100650006410C4462F4612BFE4B20EF1010E80248E
:10066000002E49D1B9F1000F35D1C1E9083092F916
:100670000E40E517947BEB0FDB186406184648BF65
:1006800043F0010081F82800947B4FF0FF3C0023E9
:1006900002F10E07262604F02008E6461A4620201E
:1006A000204218BF43F00103013E1CEB0C044EEB4B
:1006B0000E05B6B24010AE46A44612BFC0B2013716
:1006C0008020AEB9B8F1000F01D023432A43C1E91D
:1006D0000C32BDE8F0832B4340EA0800C5E72B430A
:1006E00040EA080096E7DB189EF8005040417BE79F
:1006F000DB183C785241D3E7DB189EF800504041AC
:100700009DE743F0010453E72DE9F04F87B016460B
:100710009DF8407053EA070204460D4607D0DFF803
:100720000884DFF8089488F8003089F80070D4F85D
:10073000840118B1036829461B689847A379012BE7
:100740002BD90022022BADF8162005D0032B00F088
:10075000E18007B0BDE8F08FB4F8FC31002B00F069
:100760009B80012B00F0D781022B00F09182032B9C
:1007700000F03783042B00F0BB82052B40F0288467
:10078000B4F8C22194F8F131DFF89C83DFF89C9330
:1007900042EA0522A4F8C22188E0B52D00F06B8161
:1007A000242D00F0A880D32D00F0AD800022012B75
:1007B000ADF81620CDD194F90832002B40F06981B4
:1007C000242D00F08A820023A3712A2D00F02682B6
:1007D00094F8083294F9092201335DB2AA4208BFA5
:1007E000002384F8085208BFA371002DB1D1204620
:1007F000F9F7B2FE002840F0AC822046F9F78CFCF5
:10080000002846D094F909C2BCF1010F41DDD4F8AB
:10081000102292F800E001230020AEF104081D46EA
:1008200007460BE02A2811D05068C05C01332A2803
:100830005DB218BF474065454EB205DAD9B298455A
:100840002E4601F10101EDDC2A2822D1390901F1FE
:100850003003DBB2392B88BF01F13703516807F051
:100860000F0707F130008A5D88BFDBB2392888BFE7
:1008700007F137009A4200F05A8594F88C3113B989
:1008800094F88D312BB1D4F8880110B1A4491BF034
:1008900067FE0023A3715CE7B52D01D00023A3718F
:1008A00094F8F131DFF88082DFF88092012B00F0BC
:1008B000BE81002B00F02481022B00F0DD8198F82E
:1008C000003099F800200092294604F5F072204685
:1008D000FFF752FAD4E96003834204D018B10368E9
:1008E00029461B689847B4F8FC310133A4F8FC3161
:1008F00007B0BDE8F08F0023012284F80832ADF87C
:100900001630A27157E700230322A4F87031ADF826
:100910001630A271D4F818221146002A73D0B4F808
:100920007031002B40F0C6811572D4F81822536044
:10093000B4F870311146022B16D91088461D9E421C
:100940000FDB40F20446B3420BD813441D72B4F8D7
:100950007031D4F81822022B98BF114604D91088A0
:100960001146861C9E4266DB506880EA05400702FD
:100970004FEA400605D586F0C37686F4994686F0A0
:100980007B067000360205D580F0C37080F4994074
:1009900080F07B0007024FEA400605D586F0C3765B
:1009A00086F4994686F07B067000360205D580F005
:1009B000C37080F4994080F07B0007024FEA400644
:1009C00005D586F0C37686F4994686F07B067000DE
:1009D000360205D580F0C37080F4994080F07B002A
:1009E00007024FEA400605D586F0C37686F499469D
:1009F00086F07B067000360200F1738120F07F40A4
:100A0000022B506016D804F5B87229462046FAF732
:100A10008BFDD4F87C31D4F88421A0719A423FF444
:100A200098AE002B3FF495AE1A6829461268184616
:100A300090478EE61088461D9E42E4D11618134456
:100A400096F80BC0377B1B7A566847EA0C2743EAB7
:100A500007239E4200F0A68394F88C311BB994F8CA
:100A60008D31002BCFD0D4F888010028CBD02D4970
:100A70001BF076FDC7E7002302214FF40072A4F8B3
:100A8000FC31A4F8C431ADF81630A171A4F8F021FE
:100A900006E7012B00F01E81DAB2052A48D920466C
:100AA000F9F75AFD002840F02C812046F9F734FB75
:100AB00068B1D4F8102294F9091213788B4206DA3F
:100AC0005268D554D4F8102213780133137020469D
:100AD000F9F74EFC00283FF478AE20462946F9F796
:100AE00039FDD4F87801D4F8843183423FF46DAEF7
:100AF00000283FF46AAE036829461B68984764E6FD
:100B000098F8003099F80020009229463246204695
:100B1000FFF732F9DEE6622D7FF4C0AEC0E600BF1B
:100B200074F00600C4F00600982C0120A02C0120CF
:100B3000E218052B82F80A527FF447AE94F83E3251
:100B4000002B3DD194F80A222A2A37D194F80B229F
:100B5000472A33D1D4F80C32AE4A23F0FF03934234
:100B600000F0068394F80D22472A00F06084AA4A18
:100B7000934200F0FD8202F1764202F58032934208
:100B800000F0F682A54A934200F0F28202F18872E8
:100B9000934200F0ED8202F1022202F574029342C8
:100BA00000F0E68202F1704202F50022934200F06A
:100BB000DF829B4A9B1AB3FA83F35B0984F83E32C7
:100BC0002046F9F7C9FC002840F0E9812046F9F7F2
:100BD000A3FA002840F0D5812046F9F7C9FBB8B147
:100BE00004F20A2604F50477204616F8011BF9F7EB
:100BF000B1FCD4F87831D4F884219A42184605D053
:100C000023B11B6816F8011C1B689847B742EBD14B
:100C100094F80832052B7FF6D8AD40E794F90932F5
:100C2000FC22043384F808227FF493AD31E698F86F
:100C3000003099F800200092294604F5D872204629
:100C4000FFF79AF846E6072B7FF42AAEB4F8C231D4
:100C5000002B40F0778384F8CD5194F8F131022BCA
:100C60001A467FF41FAE94F8C011052900F0548590
:100C7000DFF8B881DFF8B89198F8003099F80020D3
:100C80000092294604F5E0722046FFF775F821E648
:100C900084F8C051A4F8FE21A4F8C421F288DFF83A
:100CA0008C8184F8CE31DFF8889194F8F131A4F882
:100CB000C621FBE5012B00F08980022B7FF43BAEBF
:100CC0009572D4F8182213882B431380B4F870312E
:100CD000114630E6472D7FF476AD234483F80A525F
:100CE00073E580F0C37080F4994080F07B0085E666
:100CF00094F8F131DFF83481DFF83491A4F8C2516F
:100D0000D4E52046F9F7F0FD06462046F9F7B2FE95
:100D100007462046FAF7ACFA33788342BFF4C5AEF3
:100D2000FD5433780133DBB2834233707FF4BDAEC0
:100D300094F88C3123B994F88D31002B3FF4B5AE83
:100D4000D4F8880100283FF4B0AE36491BF008FC07
:100D5000ABE62046F9F7C8FD07462046F9F78AFEBC
:100D600006462046FAF784FA00F1FF3EBEF1010F75
:100D700080461ADD97F800C001222B462846ACF1C8
:100D8000040C11460AE02A2B00F08D81B35CEAB214
:100D90002A2B18BF58407245114603DA8C4502F1E0
:100DA0000105F0DC2A2B00F07E8194F88C3123B908
:100DB00094F88D31002B3FF420ADD4F88801002841
:100DC0003FF41BAD18491BF0CBFB16E55572D4F868
:100DD00018222B0203F440731380B4F870311146CB
:100DE000A9E594F8C01184F8C15105293FF458AD24
:100DF0002A460DF116032046F8F796FFD4F8202274
:100E000094F8C0C194F8C1E10746002A00F040817F
:100E1000134613E00044544D00524C4D00544853C7
:100E2000005A4441FCEF060050F00600982C0120C7
:100E3000A02C01205B68002B00F0878019786145A9
:100E4000F8D159787145F5D193F802A0BAF1000FA5
:100E50007BD0DFF84483DFF8449398F800309C455A
:100E60007CD0002F00F01681BDF81620002A40F03B
:100E7000008194F88C31002B40F0DD8094F88D11C6
:100E8000002940F0D880D4F89C01002800F09E840E
:100E90000322B4F8C01184F8F121D4F8C421C4F8B5
:100EA000E801A4F8E011C4F8E421002B3FF407ADF9
:100EB000D4F8880100283FF402ADAE491BF0C0FA17
:100EC000D4F8880194F8C011002800F07284102230
:100ED0001BF014FDD4F88801002800F06A84A649AC
:100EE0001BF0AEFAD4F8880194F8C111002800F084
:100EF000608410221BF002FDD4F88801002800F065
:100F000058849E491BF09CFAD4F88801002800F010
:100F1000508439460A221BF099FDD4F88801002834
:100F200000F0478496491BF08BFAD4F8880100281A
:100F300000F03F8451460A221BF056FD94F8F1312F
:100F4000B4E45268002A00F0A38013786345F8D116
:100F500053787345F5D192F803A07AE799F80030F9
:100F60009E457FF47EAF002384F8F13186F800C0FF
:100F700094F8C1317370B4F8C431B38094F8F1318E
:100F800094E4D4F81032D4F80A225B681A60B4F8FA
:100F90000E229A80D4F8103206221A701CE62046DF
:100FA000F9F7A2FC07462046F9F764FD06462046FD
:100FB000FAF75EF9062302463B703046002127F01F
:100FC0009DF9D4F80A323360B4F80E32B380FDE5EF
:100FD000062B7FF438AEB4F8C231002B40F0958177
:100FE00094F88C3113B994F88D31DBB1D4F88801C1
:100FF000C0B164491BF024FAD4F8880194F8C011F8
:1010000080B110221BF07AFCD4F8880150B15A4903
:101010001BF016FAD4F8880194F8C11110B110220F
:101020001BF0B2FC94F8F131DFF86C81DFF86C91C1
:1010300084F8CC513AE4D4F88801D0B152491BF07D
:10104000FFF9D4F8880194F8C01180B110221BF088
:1010500055FCD4F8880150B147491BF0F1F9D4F898
:10106000880194F8C11110B110221BF08DFCBDF85D
:101070001620D4F89C01DFF828B1002800F0738115
:10108000DBF800309A4200F2658194F88C31FFE67B
:101090009246DEE6BAF1000F00F04281B4F81C225D
:1010A000ADF81620E5E7030903F13005EDB2392D5F
:1010B00088BF373300F00F0088BFDDB200F1300980
:1010C000B35CB9F1390F88BF00F13709AB4206EBC9
:1010D000020A00F0528194F88C3123B994F88D31D2
:1010E000002B3FF48AABD4F8880100283FF485AB8D
:1010F00026491BF0A5F9D4F8880100283FF47DAB00
:10110000036829461B689847D4F8880100283FF4F3
:1011100074AB036849461B689847D4F888010028D7
:101120003FF46BAB1A491BF08BF9D4F888019AF89D
:10113000001000283FF461AB03681B689847D4F89F
:1011400088019AF8011000283FF457AB03681B6828
:101150009847D4F8880100283FF44FAB1BF050FAB1
:10116000FFF74BBB0B4820FA02F2D20740F1838114
:10117000012323E538EF0600A4EC06006CEF06001F
:1011800080EF060094EF0600FCEE06001CF006005F
:1011900048F0060003A80100982C0120A02C012093
:1011A0009C2C0120137B577B92F80BE094F88CC1A8
:1011B0001E0206F470661B11374343EA0E16BCF19B
:1011C000000F1FD0D4F88801002800F00882D94908
:1011D0001BF036F9D4F88801002800F0EE820A22CC
:1011E00031461BF033FC40F6E8739E42D4F8880188
:1011F00079D0002800F0ED82CF491BF0B1F9D4F886
:101200001812088840F2E9339E4200F0D08140F283
:10121000EA339E4240F0008194F8143213F0050F37
:1012200008D0821D083192B22046FFF76BF8D4F83F
:1012300018120888B4F83A32B4F83CC2B4F838222C
:10124000634538BF9B18A3EB0C039BB2D31A471D11
:101250009BB29F42C0F2B18140F2ED339E427FF4D7
:10126000D2ABD4F818221388132B7FF4CCABD4F86C
:10127000E01000293FF4C7AB0B3208312046FFF7DE
:10128000F7F8D4F8E0100A784B6C22F0030242F031
:1012900001020A70002B3FF4B6AB0A6C002A3FF43F
:1012A000B2AB0A7852073FF5AEAB01F10802383114
:1012B000176856689068D2F80CC0C3F80CC010329A
:1012C0008A421F605E60986003F11003F0D11168DC
:1012D00052685A601960D4F8E020137843F0040390
:1012E0001370FFF790BB002800F06B8293491BF04E
:1012F000A7F8D4F88801002800F063820A22394652
:101300001BF0A4FBD4F8880173E7D4F8C831DFF8E8
:1013100038821D7094F8F131DFF83092FFF7C6BAC9
:10132000012384F8F03194F8F131FFF7BFBA8B193B
:101330005B7883427FF4A1AA72462046FEF7E2FF63
:10134000FFF7A7BA012B16BFD4F8C83184F8CC51E7
:101350005D7082E41EF0E8FB0023BDF81620C4F89F
:101360009C31CBF8003010461EF0DAFBBDF8163089
:10137000C4F89C01CBF8003087E69AF801304B4561
:101380007FF4A9AE2046F9F73BFC05462046F9F765
:10139000FDFC42468146002126F0B0FF3A784846DF
:1013A000314626F083FF3B782B702046F9F7FEFF8D
:1013B0008146204699F80030C3F38005AD0045F022
:1013C000010505F0070523F007031D4389F80050C8
:1013D000F9F786F900283FF410AA15F004017FF40C
:1013E0000CAA20460391F9F797FD82462046F9F7AB
:1013F00063FE42460399804626F080FF3A784046D5
:10140000314626F053FF45F004053B788AF800305A
:1014100089F80050FFF7F1B940F2EB339E4232D128
:1014200094F8143213F0090F7FF4FBAE02E7B4F81E
:101430000E12A1F5A242413A92B2102A7FF692AE64
:1014400021F0100245F2423082423FF491AE44F264
:10145000471291423FF48CAE44F64C4291423FF425
:1014600087AE45F24E3291423FF482AE44F25312BF
:1014700091423FF47DAE21F4007145F25342914216
:101480007FF475AB74E6B6F57B7F00F03E8140F2E9
:10149000ED339E4200F0328140F2EE339E4200F086
:1014A000268140F2EF339E4200F01A8140F2F13380
:1014B0009E4200F00D8140F2F2339E4200F0008126
:1014C00040F2F3339E4200F0F380B6F57D7F00F0EA
:1014D000E78040F209439E4200F0DA8040F2324356
:1014E0009E4200F0CD8040F233439E4200F0C08027
:1014F00040F235439E4200F0B08040F23C439E42B1
:1015000000F0A48040F23D439E4207D1D4F814225B
:101510000B4B1340002B7FF484AE8BE640F23F432D
:101520009E4215D1D4F81422064B1340002B7FF4B1
:1015300078AE7FE69CF0060034FF0600C0F006009F
:101540000100020001000400982C0120A02C0120C1
:1015500040F246439E4271D040F247439E4265D0DE
:1015600040F249439E4259D040F264439E4207D123
:10157000D4F81422A94B1340002B7FF452AE59E645
:1015800040F265439E4207D1D4F81422A44B134085
:10159000002B7FF446AE4DE640F267439E4213D1E6
:1015A000A04AD4F814321A427FF43BAE42E694F8D3
:1015B00014329F077FF435AE3CE6821D92B20831AB
:1015C0002046FEF715FF47E640F2CE439E420ED17D
:1015D000954AD4F814321A427FF423AE2AE640F634
:1015E000E8739E4200F0EF80108811460AE640F64C
:1015F000E8739E427FF41EAE37B98C4AD4F8143299
:101600001A427FF40EAE15E6012F7FF413AE884A1E
:10161000D4F814321A423FF40DAE02E6D4F8142284
:10162000844B1340002B7FF4FCAD03E6D4F8142266
:10163000814B1340002B7FF4F4ADFBE5D4F814226A
:101640007E4B1340002B7FF4ECADF3E5D4F814325D
:1016500013F0011F7FF4E5ADECE5B4F8143223F488
:10166000FF4323F07E039BB2002B7FF4DAADE1E56C
:10167000B4F8143244F201021A427FF4D2ADD9E533
:10168000B4F8143242F201021A427FF4CAADD1E535
:10169000B4F8143241F201021A427FF4C2ADC9E536
:1016A000B4F8143240F601021A427FF4BAADC1E533
:1016B000B4F8143240F201421A427FF4B2ADB9E5F7
:1016C000B4F8143240F201221A427FF4AAADB1E517
:1016D000B4F8143240F201121A427FF4A2ADA9E527
:1016E00094F8143213F0810F7FF49BADA2E594F8C7
:1016F000143213F0410F7FF494AD9BE594F814324B
:1017000013F0210F7FF48DAD94E594F8143213F0AB
:10171000110F7FF486AD8DE5D4F8C801DFF82C8178
:1017200090F800C098F80070BC457FF4A3AADFF8D9
:10173000209190F801C099F80070BC457FF49CAAF4
:10174000B4F8C271022F4CD094F88C3123B994F8BC
:101750008D31002B3FF490AAD4F8880100283DD0A9
:1017600037491AF06DFED4F8C831D4F888011978D9
:1017700090B310221BF0C2F8D4F8880160B331494D
:101780001AF05EFED4F8C831D4F88801597818B33D
:1017900010221BF0B3F8D4F88801E8B12A491AF0F6
:1017A0004FFED4F88801B4F8C21110B10A221BF020
:1017B0001BF994F8F131FFF779B840F6E8739E42CF
:1017C00007D1D4F818221088114615E7DFF884B045
:1017D000C9E5D4F8182207E794F8F1211346FFF77A
:1017E00065B8A4F8B23194F8C121B4F8C431A4F8B2
:1017F000B431012784F8F17184F8B01184F8B12173
:10180000D4F8B83102781A70D4F8C821D4F8B831B5
:1018100052785A7094F8F131FFF748B8010040004F
:10182000010080000100000101000002010000042D
:101830000100000801002000010010000100080064
:10184000C4EF0600A4EC0600F4EF0600982C01207B
:10185000A02C01209C2C01202DE9F04F2DED028BB6
:1018600085B0804602AF8A4616469B461BF008FEAE
:10187000D8F8F81198F8F221401A904259D3D8F8C4
:1018800074010268526890477860002858D010F4BC
:10189000004F98F88C217AD1AAB1D8F8880178B194
:1018A0003E491AF0CDFDD8F8880148B179680A227E
:1018B0001BF0CCF8D8F8880110B139491AF050FE65
:1018C0007B68002B35D05B46B3461E4698F8075020
:1018D000D8F874016B46EA1D08EE103A7B6804687C
:1018E00002F4FC729D42ADEB020D28BF1D460DF1C6
:1018F0000809EAB2246A4946A047ADB2A8422AD1F3
:1019000075B1691E19FA81F90DF1070414F8011F68
:1019100000965B4652464046FEF7F6FE4C45F5D132
:101920007B6818EE102A5B1B9BB27B609546002BF0
:10193000CCD101200C37BD46BDEC028BBDE8F08F49
:101940001BF09EFDC8F8F80178680C37BD46BDEC69
:10195000028BBDE8F08F98F8503213B1002388F85D
:10196000063098F88C3113B998F88D312BB1D8F82E
:10197000880110B10B491AF0F3FD18EE103A00205F
:101980009D460C37BD46BDEC028BBDE8F08FC0F321
:101990000E037B60002A93D07FE700BFE4F00600CF
:1019A000F4F0060008F106002DE9F0410446D0F8F5
:1019B000A00184B00E461746984600285DD0D4F8A2
:1019C000A451002D33D1D4F8740103681B699847E2
:1019D000FF21D4F874018DF80F1003680DF10F0288
:1019E0009B6998479DF80F10FF290ED135E0CDF87F
:1019F0000080FEF789FED4F874010568FF21AD6907
:101A00000DF10F02A8479DF80F10FF293B46324603
:101A10002046ECD1A579002DE9D1D4F874010368F2
:101A2000DB6998470125284604B0BDE8F081002510
:101A300001E0D4F8A001415DCDF800803B4632467C
:101A40002046FEF761FED4F8A4310135AB42F0D850
:101A50000023C4F8A4310125B5E7A379002BD4D124
:101A6000D4F874010368DB69984794F8F5011BF01A
:101A700013FD284604B0BDE8F0810546A3E700BF8A
:101A80002DE9F04F0D4687B00221A97380F8BE11F1
:101A900080F8CE1180F8EE11E97380F8BF1180F85C
:101AA000CF1180F8EF11BDF84080DFF8389204467E
:101AB00017469A461BF0E4FC40F2011B06460EE076
:101AC000012B00F08680022B00F0D18023687E4A33
:101AD0009B68934240F0D38001201BF0DDFC1BF09B
:101AE000CFFC801B404580F0CD8023685B684B4570
:101AF00063D12379002BE3D153463A462946204649
:101B0000FFF7AAFE034622686F4992688A422BD1EA
:101B1000002BE1D0EA895A452BD0EB7B012B51D029
:101B200040F201218A42D7D0002BD5D194F88C31D4
:101B3000B3B1D4F8880110B164491AF081FC1BF0EC
:101B40009FFCD4F888315BB1811B89B218460A2208
:101B50001AF07CFFD4F8880110B15D491AF000FD3D
:101B6000022007B0BDE8F08F039320469047039B07
:101B7000CEE72B78BB425BD0EB7B012BD4D194F822
:101B80008C31B3B1D4F8880110B152491AF058FC25
:101B90001BF076FCD4F888315BB1811B89B2184602
:101BA0000A221AF053FFD4F8880110B148491AF0FC
:101BB000D7FC0E2007B0BDE8F08F204698470028DC
:101BC0008AD096E72B78BB42D9D16B78534583D026
:101BD000D5E7D4F8740103685B68984700283FF4A0
:101BE00075AF5346B2461E460CE0D4F87401036844
:101BF0001B6A98479DF8171000963B462A462046D8
:101C0000FEF782FDD4F8740103685B6898470DF114
:101C1000170101220028E8D1334656469A46236828
:101C2000294A9B6893423FF475AF2046984771E775
:101C30006B785345A0D194F88C31B3B1D4F88801B6
:101C400010B125491AF0FCFB1BF01AFC0146D4F830
:101C5000880150B1891B89B20A221AF0F7FED4F824
:101C6000880110B11A491AF07BFC0B200EE0534694
:101C70003A4629462046FFF797FE034643E72046AB
:101C8000984729E794F88C311BB9032007B0BDE8C9
:101C9000F08FD4F8880110B110491AF0D1FB1BF075
:101CA000EFFBD4F88831002BEFD0811B89B21846A6
:101CB0000A221AF0CBFED4F888010028E5D00849A2
:101CC0001AF04EFCE1E700BF11730200B8F1060004
:101CD0007CF1060084F1060040F10600F4F10600F4
:101CE0001CF206000D7302002DE9F04F0D4687B07F
:101CF0000221A97380F8BE1180F8CE1180F8EE1190
:101D0000E97380F8BF1180F8CF1180F8EF11BDF8AA
:101D10004070DFF85483DFF854B3044691469A4686
:101D20001BF0AEFB06460DE0012B00F09F80022B5E
:101D300000F0EF8023689B685B4540F0A2800120A3
:101D40001BF0AAFB1BF09CFB801BB84280F00E81AD
:101D500023685B68434540F083802379002BE3D1FF
:101D600053464A4629462046FFF776FD0346226839
:101D700092685A452ED1002BE1D0EB7B012B2ED05F
:101D8000022B94F8BF214AD1012A00F07181032A65
:101D900000F00D811343D2D194F88C31B3B1D4F853
:101DA000880110B1A5491AF04BFB1BF069FBD4F870
:101DB00088315BB1811B89B218460A221AF046FEAF
:101DC000D4F8880110B19E491AF0CAFB012007B06F
:101DD000BDE8F08F039320469047039BCBE794F830
:101DE000BF31012B70D0032B00F0E180002BA6D176
:101DF000AB7B012BA3D12B784B45A0D16B785345FE
:101E00009DD194F88C31002B00F01681D4F8880114
:101E1000002800F096808B491AF012FB91E0012A0D
:101E2000B5D1EB89002B8AD194F88C31B3B1D4F8B9
:101E3000880110B184491AF003FB1BF021FBD4F890
:101E400088315BB1811B89B218460A221AF0FEFD67
:101E5000D4F8880110B17A491AF082FB0220A3E07D
:101E60002046984700283FF46AAF76E7D4F874011B
:101E700003685B689847A8B923689B685B453FF493
:101E80005EAF204698475AE7D4F8740103681B6A8E
:101E900098479DF81710CDF800A04B462A462046DB
:101EA000FEF732FCD4F8740103685B6898470DF1C3
:101EB000170101220028E7D123689B685B453FF4A6
:101EC0005CAF2046984758E7AB7B012B2B7828D096
:101ED0004B4502D16B785345A3D094F88C31B3B104
:101EE000D4F8880110B159491AF0AAFA1BF0C8FABF
:101EF0000146D4F8880150B1891B89B20A221AF030
:101F0000A5FDD4F8880110B14D491AF029FB0E2027
:101F10004AE053464A4629462046FFF745FD034618
:101F200025E74B45D9D16A785245D1D194F88C3107
:101F3000002B00F08180D4F8880110B144491AF0D8
:101F40007FFA1BF09DFA0146D4F88801002873D06F
:101F5000891B89B20A221AF079FDD4F88801002879
:101F60006AD037491AF0FCFA0B201DE0EB7B012BFD
:101F70003BD094F88C31B3B1D4F8880110B1354915
:101F80001AF05EFA1BF07CFAD4F888315BB1811B41
:101F900089B218460A221AF059FDD4F8880110B106
:101FA0002D491AF0DDFA032007B0BDE8F08F94F850
:101FB0008C31B3B1D4F8880110B128491AF040FA35
:101FC0001BF05EFAD4F888315BB1811B89B21846E8
:101FD0000A221AF03BFDD4F8880110B118491AF012
:101FE000BFFA042007B0BDE8F08F94F8BF31022B90
:101FF000BFD1AB7B012BBCD12B784B45B9D16B78D2
:102000005345B6D194F88C31B3B1D4F8880110B1EE
:1020100013491AF015FA1BF033FA0146D4F8880177
:1020200050B1891B89B20A221AF010FDD4F8880138
:1020300010B10C491AF094FA0B20B5E784F30600AE
:102040007CF1060044F30600E0F20600ACF2060064
:1020500038F2060004F4060028F4060008F306002F
:10206000C8F30600FCF306000D73020011730200B2
:1020700094F88C31B3B1D4F8880110B10A491AF040
:10208000DFF91BF0FDF9D4F888315BB1811B89B20F
:1020900018460A221AF0DAFCD4F8880110B1034974
:1020A0001AF05EFA0A207FE778F206007CF106005B
:1020B0002DE9F0410D460E784978B5F802C031445B
:1020C000C9B201EB0C04E4B20E4404EB1C21C9B20A
:1020D00034440C44E4B282B00646174698466C730A
:1020E0002973BCF1000F0FD0AB680CF1FF3C13FA61
:1020F0008CFC013B13F8012F1144C9B20C44E4B22B
:1021000063456C732973F5D196F88C3153B1D6F8C9
:10211000880110B149491AF093F901222946304645
:10212000F9F772FC3379002B57D0012B7CD0022BAE
:1021300070D03368424A9B68934266D1D7B12A78FF
:1021400096F88C31062A35D0B8F1000F32D133B170
:10215000D6F8880118B13B491AF002FA2A7800979C
:102160006B7830462946FFF78BFC0446204602B0C8
:10217000BDE8F081D6F8A031BBB1D6F8A4213C4629
:10218000002AF3D006F5E87501E0D6F8A031D95D54
:10219000009400232A463046FEF7B6FAD6F8A4315A
:1021A0000137BB42F1D8C6F8A4410024204602B052
:1021B000BDE8F08133B1D6F8880118B122491AF090
:1021C000CFF92A7800976B7830462946FFF78CFDC7
:1021D0000446204602B0BDE8F08129463046F9F7B2
:1021E000C9F904460028A4D096F88C312BB1D6F852
:1021F000880110B115491AF0B3F93368104A9B6889
:102200009342B3D030469847B0E730469847002F06
:10221000B0D094E729463046F9F70EFB3368084AF8
:102220009B6893428AD0F0E729463046F9F790FA46
:102230003368034A9B68934280D0E6E730F4060097
:10224000117302007CF4060054F406003CF406000E
:10225000F8B5D0F89861204DC0F8D0510025A0F80D
:10226000D651356075603572D0F898611B4F357066
:10227000D0F89861BDF818507370D0F8983121F0FB
:10228000706121F470411971D0F898310E0A5E71B5
:10229000D0F898310E0C9E71D0F89831090ED97192
:1022A000D0F8983112781A7203685B68BB42044612
:1022B00000F5E8760BD12A46314620460023FFF789
:1022C000F7FEA0F10A00B0FA80F04009F8BD984787
:1022D0000028F0D1F8BD00BF068A09000D73020086
:1022E000F8B50446D0F84C020D461646002864D0D6
:1022F000D4F89431B4F8D221181A824235D2053B71
:10230000934261D994F83F32402B78D0D4F8983179
:1023100025F0706121F470419954B4F8D221D4F8B9
:10232000983113440A0A5A70B4F8D221D4F898317B
:1023300013440A0C9A70B4F8D221D4F8983113449B
:10234000090ED970B4F8D211D4F8983132780B4410
:1023500001201A7194F83F32B4F8D22103440532B7
:1023600084F83F32A4F8D221F8BD94F88C31002BC8
:1023700040D0D4F8880110B129491AF0F1F8236847
:10238000284A5B68934204F5E87728D13946002350
:1023900040F24C422046FFF78BFE0A2823D1D4E9B5
:1023A000652004230021043A1844A4F8D231A4F88B
:1023B000D61184F83F1225F0A1FFD4F89431B4F877
:1023C000D221053B93429DD894F88C316BB1D4F85F
:1023D000880140B114491AF0C3F80020F8BD204626
:1023E00098470028D2D10020F8BD94F88D31002BF9
:1023F000F9D0ECE794F88D31002BC0D0B9E794F810
:102400008C311BB994F88D31002BECD0D4F88801B5
:102410000028E8D005491AF0A3F80020F8BD00BF55
:10242000A8F406000D730200C0F40600F0F40600E4
:102430002DE9F04103682F4F5E68BE4284B0044628
:102440000D46904623D1237904F5E8766BB1012B34
:1024500025D0022B45D000262368274A9B6893424B
:102460000FD1304604B0BDE8F08143462A463146DC
:102470002046FFF7F1F923681F4A9B6893420646FE
:10248000EFD020469847304604B0BDE8F081B04711
:1024900006460028D7D1304604B0BDE8F081D4F814
:1024A000740103685B6898470028D4D00DE0D4F825
:1024B000740103681B6A98479DF80F10CDF80080DF
:1024C0002B4632462046FEF71FF9D4F87401036804
:1024D0005B6898470DF10F0101220028E7D1012622
:1024E000BAE7314643462A462046FFF75DFA0646DC
:1024F000B2E700BF0D730200117302002DE9F04333
:10250000044600262C48C4F8D00185B00D46174675
:102510003146D4E96520A4F8D66184F83F62984634
:1025200025F0ECFED4F8983124491E70D4F8983187
:1025300003AA5F70204605F001038DF80C30FFF709
:10254000CFFEC5F3400306461D498DF80C302046EA
:1025500003AAFFF7C5FE94F83F323040C6B283B9F4
:102560001849CDF80080C5F340153B4603AA204624
:102570008DF80C50FFF76CFE3043C0B205B0BDE8DB
:10258000F0832368104A5B68934204F5E8790DD123
:102590004946002342462046FFF78AFD0A2801D01B
:1025A0000026DDE7002384F83F32D9E7204698472C
:1025B0000028F5D0ECE700BF068A04000110741172
:1025C00002107411041074110D73020090F88C3114
:1025D00070B504460D46164693B1D0F8880178B11F
:1025E0002C4919F02DFFD4F8880148B10A22A9B26C
:1025F0001AF02CFAD4F8880110B127491AF020F803
:10260000D4F89821254BC4F8D0310023A4F8D63152
:102610001570D4F89821290A5170D4F89821290C02
:102620009170D4F898212D0ED570D4F898210221FC
:102630001171D4F898215371D4F898219371D4F87A
:102640009821D3712368164A5B6804F5E8755EB17A
:10265000934213D13246294620460023FFF728FD36
:10266000043818BF012070BD93420DD100232946C4
:1026700020461A46FFF71CFD002070BD20469847F3
:102680000028E7D1012070BD204698470028EDD1F1
:1026900070BD00BF14F5060028F5060002410800D1
:1026A0000D730200F8B5D0F898611D4DC0F8D051F7
:1026B0000025A0F8D651356075603572D0F8987154
:1026C000184E3D70D0F898717A70D0F89821212773
:1026D0001771D0F898215571D0F89821112595716E
:1026E000D0F898212025D571D0F898211172026870
:1026F0005268B24204461D4600F5E8770BD12A46DF
:10270000394620460023FFF7D3FCA0F10A00B0FAB7
:1027100080F04009F8BD90470028F0D1F8BD00BF17
:10272000068A09000D7302002DE9F0412F4E9446F0
:1027300088469E4604460FCE88B001AD0FC596E888
:1027400007006646062E85E80700BDF83870C446C7
:10275000734641D808AA02EB860656F81C2C22F0D4
:10276000706222F47042D4F898112148C4F8D00164
:102770000020A4F8D601086048600872D4F89811C7
:102780001C4D0870D4F898114B70D4F898311A7118
:10279000D4F89831110A5971D4F89831110C997103
:1027A000D4F89831120EDA71D4F8983183F808C051
:1027B00023685B68AB4204F5E8760FD13A463146B0
:1027C00020460023FFF774FCA0F10A00B0FA80F065
:1027D000400908B0BDE8F0810022C4E720469847D0
:1027E0000028EBD108B0BDE8F08100BF94F70600E7
:1027F000068A09000D73020070B50446D0F898519E
:102800003D48C4F8D001012A4FF00000A4F8D601D9
:102810001E462860686005D0022A53D0042A14BFDF
:1028200007200220D4F8983100221A70D4F8983189
:102830005870D4F8983121F0706525F470451D71F9
:10284000D4F898312A0A5A71D4F898312A0C9A711E
:10285000D4F898312A0EDA7194F88C318BB1D4F80F
:10286000880170B1254919F0EBFDD4F8880140B119
:10287000294610221AF042F8D4F8880108B119F05C
:10288000BFFE23681E4A5B68934204F5E8751BD1BE
:102890002946002332462046FFF70AFC94F88C3183
:1028A00005466BB1D4F8880150B1164919F0C8FD3E
:1028B0000E2D17D9D4F88801134908B119F0C0FEBC
:1028C000284670BD0120ADE7204698470028DFD19B
:1028D00094F88C3163B1D4F8880148B1094919F0F2
:1028E000AFFD0125094BD4F8880153F82510E4E722
:1028F0000125284670BD00BF068B08003CF5060088
:102900000D7302004CF5060054E90600B0F706000E
:10291000027970B504460D469AB1012A03D0022A05
:1029200030D0002070BD6379002B37D024492B466E
:102930002046FFF761FFA0F10B00B0FA80F04009DC
:1029400070BD03681F4A5B68934232D1D4F87401AA
:1029500003681B68984723681B4A9B689342064696
:102960002BD1002EDDD02279002AD6D117492B4653
:1029700020460122FFF740FFA0F10B00B0FA80F0E3
:10298000400970BD12492B4620460122FFF734FF53
:10299000A0F10B00B0FA80F0400970BD0D492B4644
:1029A0002046FFF729FFA0F10B00B0FA80F04009A4
:1029B00070BD98470028B4D0C8E720469847D0E7B4
:1029C000011075110D7302001173020001107111D5
:1029D0000110791101107311F8B50368594D1B6886
:1029E000AB4204460F46164640F09B80D4F8943123
:1029F000002284F83E22002B00F08D802046F9F75B
:102A0000AFFCB4F8380220B1D4F83452002D00F0F5
:102A10008A802379022B29D1D4F8A001002800F064
:102A20008980D4F8A85175B1FF220270D4F8A8515A
:102A3000012D08D90123D4F8A051EA54D4F8A851A3
:102A400001339D42F7D894F88C31002B40D194F893
:102A50008D31002B3CD1D4F894310833AB4205D9E9
:102A6000D4F8880110B1384919F07AFD394620466A
:102A7000FFF74EFF48BB94F88C31002B43D194F8FC
:102A80008D31002B3FD139462046FFF741FFE0B999
:102A900094F88C317BBB94F88D3163BB394620466A
:102AA000FFF736FF88B98EB194F83E6276B194F89C
:102AB0008C3133B1D4F8880138B1244919F050FD74
:102AC00004E094F88D31002BF4D101263046F8BD96
:102AD000D4F888010028C9D01D4919F0B1FCD4F8F8
:102AE0008801D4F8A8110028C0D00A2219F07CFF70
:102AF000D4F8A851AFE7D4F888010028CED0154902
:102B000019F02EFDCAE7D4F888010028BBD012497D
:102B100019F026FDB7E74FF496712046F7F79AF8BB
:102B20006CE7984762E71CF0FBFFC4F83A52C4F820
:102B300034026EE7D4F8A8011CF0F2FFC4F8A0013B
:102B40006FE700BF097302008CF5060008F6060067
:102B50006CF50600E4F50600C0F50600F0B5D0F807
:102B60009861274DC0F8D0510025A0F8D6513560A6
:102B70007560B560D0F89861224F3570D0F89861D3
:102B80007370D0F8983121F0706121F4704119719F
:102B9000D0F898310E0A5E71D0F898310E0C9E7103
:102BA000D0F89831090ED971D0F898311A72D0F84E
:102BB0009831110A5972D0F89831110C83B099727A
:102BC000D0F898310192120EDA720368BDF82050E5
:102BD0005B68BB42044600F5E8760CD12A463146D4
:102BE00020460023FFF764FAA0F10A00B0FA80F053
:102BF000400903B0F0BD98470028EFD103B0F0BD05
:102C0000068A0C000D73020010B4012ABDF80440BE
:102C10000CD0022A03D000205DF8044B70470194C9
:102C20000A465DF8044B0549FFF798BF01940A4630
:102C30005DF8044B0249FFF791BF00BF01405341CB
:102C4000014052412DE9F043466A87B00446894667
:102C500017469846002E5ED02379022B27D0012BF1
:102C60003FD03E49CDF8008001253B4605AA2046CD
:102C700003918DF81450FFF7EBFA03990546C0B1A4
:102C8000676A337897F8602023F0030343F0010369
:102C90006FF30002337087F86020FB6E002B46D084
:102CA000C7F868900125284607B0BDE8F0832C4995
:102CB000D8E743463A462046FFF79EFD0B2817D03B
:102CC000626A337892F8601023F0030343F0010343
:102CD00065F300012846337082F8601007B0BDE844
:102CE000F08362791F49204B002A18BF1946B9E7C3
:102CF000D4F8D821676A3378117A97F8602023F0E6
:102D00000303002918BF43F0010365F30002337089
:102D100087F86020C1E770201CF000FF0023C0E9A5
:102D20001A33C0E9183306466062037094E75C20EA
:102D30001CF0F4FEF866676AFB6E002BB0D194F8C5
:102D40008C311BB994F88D51002DACD0D4F888018A
:102D500010B1064919F004FC0025A4E706209121D2
:102D60000A20912107209121082091213CF606009C
:102D70002DE9F041866D86B004460D46174698460B
:102D8000002E42D02379022B1BD0012B2FD02649B5
:102D9000CDF800803B4605AA204603918DF81450DB
:102DA000FFF756FA039970B1337865F3000343F0E7
:102DB00002033370A36D002283F8002C06B0BDE837
:102DC000F0811A49E4E743463A462046FFF714FDEE
:102DD0000B280CBF0120002010D0337845F00205ED
:102DE00005F0030123F003050D433570E2E7627936
:102DF0000F49104B002A18BF1946C9E7D4F8D8313B
:102E00001D7A003D18BF0125E7E740F60C401CF095
:102E100085FE00230646A0650370C0F8043CC0F898
:102E2000083C80F8003CADE7152091211920912144
:102E300016209121172091212DE9F043866D87B04E
:102E40000546BDF838900C4690461F46002E45D0EA
:102E50002B7914F0800F18BF7F24022B1ED0012B7A
:102E600035D02649CDF800903B4605AA2846039167
:102E70008DF81440FFF7ECF9039988B13378003CE2
:102E800018BF012464F3000368F341033370AB6D92
:102E9000002283F8002C07B0BDE8F0831849E1E771
:102EA0004B463A462846FFF7A7FC0B2804BFD5F847
:102EB000D8311C7A33780CBF01200020003C18BFA9
:102EC000012464F3000368F341033370DFE76A7998
:102ED0000C490D4B002A18BF1946C3E740F60C40B9
:102EE0001CF01CFE00230646A8650370C0F8043CD5
:102EF000C0F8083C80F8003CAAE700BF15209121EB
:102F00001920912116209121172091212DE9F043BC
:102F1000866D87B00446894617469846002E54D0E1
:102F20002379022B25D0012B39D03C49CDF80080E4
:102F300001253B4605AA204603918DF81450FFF762
:102F400087F903990546B0B13378A76D23F00303E1
:102F500043F001030022337087F8002CD7F8083CB7
:102F6000002B41D0C7F8049C0125284607B0BDE8D6
:102F7000F0832B49DAE743463A462046FFF73CFC0C
:102F80000B2813D03378A26D23F0030343F0010321
:102F90002846337082F8005C07B0BDE8F0836279A0
:102FA0002049214B002A18BF1946BFE7D4F8D82181
:102FB0003378127AA76D23F00303002A18BF43F079
:102FC0000103337087F8005CC8E740F60C401CF042
:102FD000A5FD00230646A0650370C0F8043CC0F8B8
:102FE000083C80F8003C9BE740F6FC301CF096FD66
:102FF000C7F8080CA76DD7F8083C002BB2D194F89D
:103000008C311BB994F88D51002DAED0D4F88801C5
:1030100010B1064919F0A4FA0025A6E71520912160
:1030200019209121162091211720912168F6060080
:1030300009B908467047F0B5282990F8F471D0F81E
:10304000986128BF28218D004FF47A7CBCFBF5F5F0
:10305000EDB2AF4280F8F35128BF2F46224DC0F8A1
:10306000D051002580F8F271A0F8D6513560756016
:103070003581D0F89861BCFBF1F13570D0F89871CA
:103080001A4E7A70D0F8982101271771D0F898213C
:103090005571D0F8982121259571D0F898213025C7
:1030A000D571D0F898211172D0F898210912517277
:1030B00002685268B24283B0044600F5E8750CD14C
:1030C0001A46294620460023FEF7F2FFA0F10A0027
:1030D000B0FA80F0400903B0F0BD01939047019B26
:1030E0000028F8D0ECE700BF068A0A000D73020042
:1030F000704700BF203019F0F7BC00BF38B5437FE0
:103100000BB9002038BD00F5947420460D4619F027
:10311000FBFC0028F5D12046294619F0C5FC01200A
:1031200038BD00BF203019F0D1BC00BF203019F0ED
:10313000E3BC00BF2DE9F04F83B0019272B34C1E87
:10314000174F0546C1F1010604EB020800F5947A19
:103150002B681B68BB4206EB040B14F8019F17D1C8
:103160006B7F50461BB9584603B0BDE8F08F19F08D
:10317000CBFC034649465046002BF4D119F094FC91
:103180004445E5D1DDF804B0584603B0BDE8F08F02
:103190004946284698470028F2D1E4E79346E2E7FB
:1031A000FD30040030B4837E1F2B4FF0010288BF36
:1031B00003F01F03C27603F5E0738CBF244A4FF07F
:1031C000A04240F20C6142F82310437E02691F2B9B
:1031D00086BF03F01F031E494FF0A04103F5E073C3
:1031E00040F20C6441F823404FF0CC710623C2F842
:1031F0002415C2F80035837EC2F8083590F91830DE
:10320000417EC2F80C15002B1ADB124C5A0903F050
:103210001F05603201212344A940602544F8221093
:1032200083F8005390F91830002B07DB094903F0AD
:103230001F0001225B09824041F8232030BC704707
:10324000054A03F00F031A4460231376EAE700BF30
:103250000003005000E100E0FCEC00E0C37E9BB105
:103260000B4A036991424FF00000C3F800050CD9E6
:10327000084A914294BF4FF080614FF0C861062226
:10328000C3F82415C3F8002570474FF0CC71F6E75A
:10329000A086010090D00300C37E23B10369002201
:1032A000C3F8002570474269C2F80035704700BF77
:1032B000F8B514460AB91046F8BD054600F12007D6
:1032C00038460E4619F0FEFB2B690122C3F88865CB
:1032D0001A62C3F83475C3F838451A6002E0D3F8AF
:1032E00024211AB9D3F84C21002AF8D00022C3F8BF
:1032F0004C2102E0D3F824211AB9D3F85C21002A2A
:10330000F8D000210122C3F85C115A61D3F80421DE
:10331000002AFBD00022C3F80421D3F8241109B1FC
:10332000C3F82421D3F83C05C5F82001C0B2F8BD8C
:1033300010B5044680F8301200F5947019F0C2FB05
:103340000123637710BD00BFF8B50369044600226E
:1033500090F830026277012704F59476C3F8880567
:10336000C3F8042130461F62C3F844650D4619F0C6
:10337000BBFB2369C3F848059F6002E0D3F8242112
:103380001AB9D3F85021002AF8D00022C3F85021EE
:10339000304619F0A9FB236920BB0022C3F8602145
:1033A00015B9D3F8242112B301225A61D3F80421AC
:1033B000002AFBD00022C3F80421D3F8240160B115
:1033C0000022C3F82421D3F8C404C3F8C40402289B
:1033D00003D004280CBF03200420F8BDD3F8242117
:1033E000002ADAD1D3F86021002AF7D0D5E70122EC
:1033F000DA61D3F84821002AFBD00022C3F8482123
:10340000DBE700BF0121FFF79FBF00BF70B52B4C6A
:103410006369D3F86421002A3DD1D3F86821FAB951
:10342000D3F8042122B1227F0021C3F8041162B92C
:10343000D3F8242142B10022C3F82421D3F8D024A8
:10344000C3F8D02401225A6170BDD4F83822D3F8D1
:103450003C05C4F82001002AEAD090476369E7E7F9
:103460000022C3F8682116484FF48073A38319F033
:1034700029FBD4F8343203B1984763691048C3F884
:1034800044050023637719F02FFB63690122C3F819
:1034900048055A63C4E7002204F12006C3F86421FA
:1034A00001253046257719F00DFB63694FF48072D2
:1034B000C3F83465C3F838251D63AEE7A42C01209A
:1034C000CC2D012070B52B4C6369D3F86421002A00
:1034D0003DD1D3F86821FAB9D3F8042122B1227F73
:1034E0000021C3F8041162B9D3F8242142B10022AB
:1034F000C3F82421D3F8D024C3F8D02401225A6180
:1035000070BDD4F83822D3F83C05C4F82001002A55
:10351000EAD090476369E7E70022C3F868211648BC
:103520004FF48073A38319F0CDFAD4F8343203B189
:10353000984763691048C3F844050023637719F07E
:10354000D3FA63690122C3F848055A63C4E700222D
:1035500004F12006C3F8642101253046257719F0CF
:10356000B1FA63694FF48072C3F83465C3F8382543
:103570001D63AEE7E02E0120083001202DE9F8435D
:103580001A4DDFF878901A4C1A4F284600264FF44F
:103590007A7840F8209BC5E9016819F079FA05F5B9
:1035A000947019F075FA032320462B763B696B76ED
:1035B000114B7A6940F8209BC5E90433AA76C4E927
:1035C00001686E7719F064FA04F5947019F060FAE6
:1035D000D7E9102104204FF04023C4E90433667773
:1035E00020766176A276BDE8F88300BFA42C012086
:1035F000E02E01208C10070000300040F4F7060098
:10360000F0B40C4AC0F8A8200B4AC0F8AC20002443
:1036100000250026002700214FF0FF32C0E9106787
:10362000C0E92867C0E91245C0E914458165F0BCCE
:10363000C26570470000A04100002041082A1346DF
:10364000A8BF0823002A30B403642DDD0B68036093
:103650004B684360012A27DD8B688360CB68C360B9
:10366000022A21D00B6903614B694361032A1BD0F5
:103670008B698361CB69C361042A15D00B6A03622D
:103680004B6A4362052A0FD08B6A8362CB6AC3629E
:10369000062A09D00B6B03634B6B4363072A03D0E5
:1036A0008B6B8363CB6BC36300220023C0E91223BF
:1036B000C0E9142300240025002100224FF0FF332D
:1036C000C0E92845816530BC4264C365704700BFCE
:1036D000F8B5054610EE100A23F084FEFAA3D3E9EC
:1036E000002323F0D7FE24F0CDF92A6C00239A4260
:1036F000C5F8A03040F38C8195ED017AB5EEC07A23
:10370000F1EE10FA07EE900A40F2838177EEC76A75
:10371000F5EE005AF0EEE66A86EE876AB4EEE56AE8
:10372000F1EE10FA00F2758101218A422B6685EDD7
:10373000196AC5F8A01000F069810B4695ED037A6F
:10374000B5EEC07AF1EE10FA0DD977EEC76AF5EE54
:10375000005AF0EEE66A86EE876AB4EEE56AF1EEAC
:1037600010FA40F25A81022A00F0A78095ED057AFE
:10377000B5EEC07AF1EE10FA40F2638177EEC76AD7
:10378000F5EE005AF0EEE66A86EE876AB4EEE56A78
:10379000F1EE10FA00F2558105EBC301022001336E
:1037A000032A81ED196A0866C5F8A03000F0888008
:1037B00095ED077AB5EEC07AF1EE10FA40F24C8141
:1037C00077EEC76AF5EE005AF0EEE66A86EE876A93
:1037D000B4EEE56AF1EE10FA00F23E8105EBC301AA
:1037E00003200133042A81ED196A0866C5F8A03068
:1037F00066D095ED097AB5EEC07AF1EE10FA40F296
:10380000368177EEC76AF5EE005AF0EEE66A86EE8C
:10381000876AB4EEE56AF1EE10FA00F2288105EB52
:10382000C30104200133052A81ED196A0866C5F831
:10383000A03045D095ED0B7AB5EEC07AF1EE10FAD6
:103840000DD977EEC76AF5EE005AF0EEE66A86EE1D
:10385000876AB4EEE56AF1EE10FA40F21181062AA9
:103860002BD095ED0D7AB5EEC07AF1EE10FA0DD9A8
:1038700077EEC76AF5EE005AF0EEE66A86EE876AE2
:10388000B4EEE56AF1EE10FA40F20781072A14D08F
:1038900095ED0F7AB5EEC07AF1EE10FA0DD977EE0C
:1038A000C77AB5EE006AF0EEE77AC7EE876AF4EE03
:1038B000C66AF1EE10FA40F2FD80002B00F0A880FD
:1038C000012B00F0A3802B464FF0FF37D3ED1B7A7E
:1038D00093ED197AD3F868E0F4EEC77A3A46F1EE40
:1038E00010FA07F101073C4680F2C58003F160063B
:1038F00096E8030003F1680484E80300511C1446B1
:1039000000F0BC8093ED177AF4EEC77AF1EE10FA6E
:1039100080F2B18003F1580C9CE80300541E86E845
:103920000300002A00F0AA8093ED157AF4EEC77A1E
:10393000F1EE10FA80F29F8003F1500696E8030042
:10394000012A8CE80300A2F1020400F0978093EDB5
:10395000137AF4EEC77AF1EE10FA80F28C8003F15C
:10396000480C9CE80300022A86E80300A2F1030445
:1039700000F0848093ED117AF4EEC77AF1EE10FA3C
:1039800079DA03F1400696E80300032A8CE8030085
:10399000A2F1040472D093ED0F7AF4EEC77AF1EE3F
:1039A00010FA68DA03F1380C9CE80300042A86E870
:1039B0000300A2F1050461D093ED0D7AF4EEC77A0D
:1039C000F1EE10FA57DA03F1300696E80300052A03
:1039D0008CE80300A2F1060450D093ED0B7AF4EECC
:1039E000C77AF1EE10FA46DAD3E90A0186E8030055
:1039F000602445F804E02C44C4ED017AD5F8A01009
:103A00000332914203F108033FF760AF03236B6475
:103A1000F8BD012A7FF492AEF8BD05EBC301012089
:103A20000344022A81ED196A0866C5F8A0303FF404
:103A300047AF95ED057AB5EEC07AF1EE10FA3FF694
:103A40009DAE032A3FF439AF95ED077AB5EEC07A03
:103A5000F1EE10FA3FF6B4AE042A3FF42EAF95ED26
:103A6000097AB5EEC07AF1EE10FA3FF6CAAE052A31
:103A70007FF4E0AE21E70D34E400BAE76024B8E754
:103A800005EBC30105200133062A81ED196A08669A
:103A9000C5F8A0307FF4E5AE12E705EBC3010620C0
:103AA0000133072A81ED196A0866C5F8A0307FF452
:103AB000EFAE05E705EBC30207210133C2ED196A3A
:103AC0001166C5F8A030FBE68FF2A3FC283F0A4040
:103AD0002DE9F0472DED048B90ED168ADFED667A27
:103AE00032EE488A82B0B4EEE78AF1EE10FA00F1C5
:103AF000A08082465AA3D3E9002351EC100B55EC69
:103B0000114BF0EE428A23F0C5FC55A3D3E9002304
:103B100006460F46DAE9120123F0BCFC32463B466A
:103B20008046894623F0FEFA544B002223F0B2FC73
:103B300041EC100B21F03CFD22462B46DAE9140142
:103B400055EC104B23F0EEFA47A3D3E9002323F002
:103B5000A1FC41EC100B21F02BFDB0EE407AF0EE11
:103B6000607A47EC106B49EC198B59EC178B21F0FC
:103B700063FCB0EE407AF0EE607AB0EE490AF0EE07
:103B8000690A57EC176B21F057FC42464B464046FA
:103B9000494659EC108B23F07DFC42464B4623F0FE
:103BA00079FC32463B4623F075FC22462B46044600
:103BB0000D461046194623F06DFC02460B46204682
:103BC000294623F0B1FA02460B4643EC102BCDE90F
:103BD000002321F047FDDDE90023B0EE409AF0EE2E
:103BE000609A2749002023F09DFA41EC100B21F048
:103BF00039FDB0EE401AF0EE601AB0EE490AF0EE70
:103C0000690A21F02DFDDAF8AC0057EC106B23F0B7
:103C1000E9FB17A3D3E9002304460D463046394695
:103C200023F038FC02460B462046294623F0C2FE0C
:103C300020B902B0BDEC048BBDE8F087B0EE480AB5
:103C40005046FFF745FDDAF84430022BF1D1DAF89F
:103C5000A430CAED168A0133CAF8A430E9E700BFE0
:103C6000399D52A246DF913F399D52A246DF813FE6
:103C700000000000AE4D6841000048430000E03FF6
:103C80000000F03F000000002DE9F04F55EC104B14
:103C900083B08246624B10EE100A4FF0FF32294685
:103CA00057EC116B12EE108A12EE90BA23F06EFEF2
:103CB000002800F0AC804FF0FF326FF480132046F4
:103CC000294623F06DFE002800F0A180544B4FF0F0
:103CD000FF323046394623F059FE002800F0978025
:103CE0004FF0FF326FF480133046394623F058FE10
:103CF000002800F08C804B4B00222046294623F000
:103D00003BFE002840F08380474B00222046294696
:103D100023F050FE00287AD1444B00223046394629
:103D200023F02AFE002872D1414B0022304639464A
:103D300023F040FE00286AD10022002320462946B5
:103D400023F010FE38B1002200233046394623F01C
:103D500009FE00285BD1404623F044FB304B4FF076
:103D6000FF328046894623F011FE00284FD04FF0E5
:103D7000FF326FF480134046494623F011FE0028BD
:103D800045D0584623F02EFB254B4FF0FF32CDE9AE
:103D9000000123F0FBFD002839D0DDE900014FF0E0
:103DA000FF326FF4801323F0FBFD80B3DAF8443068
:103DB0004BBB0123CAF8443017A3D3E90023404684
:103DC000494623F067FB23F05DFEDAED2A7A07EE21
:103DD000100AB4EEE77AF1EE10FA18DBCAE91245E0
:103DE000CAE914670223CAF858B0CAF8443002EE90
:103DF00010BA47EC116B45EC104B504603B0BDE8D0
:103E0000F04FFFF765BE012BD6D0022BEFD003B0E9
:103E1000BDE8F08FAFF3008084BFAAD645E2E33F50
:103E2000FFFFEF7F008056C000805640008066C0D4
:103E30000080664000220423C165C0F8A0204364CE
:103E4000704700BF00220223C0F8A020436480ED29
:103E5000160A7047B5EEC00AF1EE10FAC8BF80ED41
:103E60002A0A7047B5EEC00AF1EE10FAC8BF80ED1D
:103E70002B0A7047406C7047D0F8A000704700BF15
:103E800060307047D0F8A400704700BF0000000009
:103E90002DE9F04FD1F888332DED028B0546082B24
:103EA00046F6507046F610644FF000071E468946ED
:103EB000A8BF082646F6487146F64C722E51BB4202
:103EC0002F504FF0FF306850ADF6B45DAF5242DD79
:103ED00005F5DC4A0AF1100A05F1100B4C46E846DC
:103EE00095ED020B2968404600F034FE40F6AD52D5
:103EF0004146584624F0DAF9584603F075FBA268AB
:103F0000CBF8B02D0BF6B452E16811604FF001030D
:103F10008BF8B83D94ED0A3B94ED082B94ED061B0D
:103F200094ED040B584603F0CBF994F87020002A66
:103F300040F0CE8194F871205846002A40F0B081BC
:103F400003F06EF9DAF800600137BE420BF55C6BE6
:103F500004F17004C4DC072E6ADC4FF45C6101FBE1
:103F6000065000F6C45400230022072E80F8C83DF6
:103F7000C0F8C03D226006F1010056D001FB0050A0
:103F800000F6C454062E80F8C83DC0F8C03D22603B
:103F900006F1020049D001FB005000F6C454052E82
:103FA00080F8C83DC0F8C03D226006F103003CD057
:103FB00001FB005000F6C454042E80F8C83DC0F840
:103FC000C03D226006F104002FD001FB005000F636
:103FD000C454032E80F8C83DC0F8C03D226006F1ED
:103FE000050022D001FB005000F6C454022E80F8D8
:103FF000C83DC0F8C03D226006F1060015D001FBA7
:10400000005000F6C454012E80F8C83DC0F8C03DF1
:10401000226006F1070008D001FB005101F6C450F0
:1040200081F8C83DC1F8C03D0260002E40F37081A8
:1040300005F6C453186823F0D5F9CBA3D3E90023C0
:1040400023F028FA23F01EFDDFEDC97A08EE100AEE
:10405000B4EEE78AF1EE10FAB8BFB0EE678A012E2F
:1040600000F05B8105F5DC53586823F0BBF9BEA373
:10407000D3E9002323F00EFA23F004FD07EE900AA3
:10408000F4EEC87AF1EE10FAB4BFF0EE488AF0EE22
:10409000678A022E00F0288105F52553586823F021
:1040A000A1F9B1A3D3E9002323F0F4F923F0EAFC4A
:1040B00008EE100AB4EEE88AF1EE10FAB8BFB0EEDE
:1040C000688A032E70D005F55C53586823F08AF98E
:1040D000A5A3D3E9002323F0DDF923F0D3FC07EEF9
:1040E000900AB4EEE78AF1EE10FAB8BFB0EE678A34
:1040F000042E59D005F58943586C23F073F99AA31F
:10410000D3E9002323F0C6F923F0BCFC07EE900AA4
:10411000B4EEE78AF1EE10FAB8BFB0EE678A052E6A
:1041200042D005F5A543586823F05CF98EA3D3E986
:10413000002323F0AFF923F0A5FC07EE900AB4EEBC
:10414000E78AF1EE10FAB8BFB0EE678A062E2BD0E0
:1041500005F5C043586C23F045F983A3D3E9002348
:1041600023F098F923F08EFC07EE900AB4EEE78A6C
:10417000F1EE10FAB8BFB0EE678A072E14D005F53D
:10418000DC43586823F02EF977A3D3E9002323F00A
:1041900081F923F077FC07EE900AB4EEE78AF1EE9E
:1041A00010FAB8BFB0EE678A9FED727AF1EE007A2E
:1041B00068EE277AB4EEC78A05F5DE43F1EE10FA11
:1041C000C3ED157A03F1540300F19F80E846D9F856
:1041D0000C30D9F80820C8F80020012EC8F80430A7
:1041E00043D0D9F87C20D9F87830C8F80C20022EBA
:1041F000C8F8083039DDD9F8EC20D9F8E830C8F82B
:104200001420032EC8F810302FD0D9F85C21D9F82B
:104210005831C8F81C20042EC8F8183025D0D9F819
:10422000CC21D9F8C831C8F82420052EC8F8203090
:104230001BD0D9F83C22D9F83832C8F82C20062EE9
:10424000C8F8283011D0D9F8AC22D9F8A832C8F86B
:104250003420072EC8F8303007D0D9F81C23D9F8FD
:104260001833C8F83C20C8F8383005F5DC40324631
:1042700041461830FFF7E2F905F5DD40483003F01C
:1042800073FA46F61063EB5823B946F64C7340F2C6
:104290000112EA520DF6B45DBDEC028BBDE8F08F61
:1042A00094ED1A3B94ED182B94ED161B94ED140B22
:1042B00003F012F9584602F0B3FFDAF80060013754
:1042C000B74204F170040BF55C6BFFF609AE42E6F1
:1042D00094ED123B94ED102B94ED0E1B94ED0C0B12
:1042E000584603F073F825E69FED227AF1EE007A46
:1042F00005F5DE4368EEA77AF4EEC78AF1EE10FA10
:1043000003F15403C3ED007A22D51B4A1A605DE71E
:1043100005F5DE43184A5A65AEE79FED167AF1EED1
:10432000007A05F5DE4368EE277AB4EEC78AF1EE2F
:1043300010FA03F15403C3ED007AE6D4E846D9F845
:104340000C30D9F80820C8F80020C8F804308CE7F1
:10435000E846D9F80C30D9F80820C8F80020C8F889
:1043600004303EE7AFF30080FD87F4DBD781D33F15
:10437000000000000000FA430000FA4400000000C2
:104380002DE9F0412DED048BB0EE409AF0EE609AED
:104390009FED1B8B00F5DC4605460F469046103618
:1043A00000F110042046002104F55C64B0EE480AD8
:1043B000F0EE680A00F0CEFBB442F3D105F5DC4024
:1043C0001830FFF71DF905F5DD404146483003F090
:1043D00097F946F6587146F65C7338687A68C5F8FE
:1043E0000080685085ED029B2846EA503946FFF769
:1043F0004FFDBDEC048B2846BDE8F081AFF3008093
:104400000000000000001C4070B546F6106604462F
:104410008359002B0D4631DD90F8C82D002A49D173
:10442000012B2BDD41F68832A25C002A47D1022BFA
:1044300024DD42F64812A25C42BB032B1EDD43F290
:104440000872A25C62BB042B18DD44F2C842A25C75
:10445000002A3DD1052B11DD45F28822A25C002AFD
:1044600049D1062B0ADD46F24802A25C002A4CD153
:10447000072B03DD46F60863E35CABBB04F5DD40C8
:1044800029464830BDE8704003F06CB904F5DC50B3
:104490001030294603F0A6F846F61063E358CCE73F
:1044A00004F525501030294603F09CF846F61063B9
:1044B000E358C8E7103003F095F8A359B0E7294650
:1044C00004F55D6003F08EF846F61063E358AEE73E
:1044D00004F55C501030294603F084F846F610636A
:1044E000E358052BB8DCC9E704F5C0405030294635
:1044F00003F078F8C2E704F589405030294603F00C
:1045000071F846F61063E358ABE704F5A5401030A8
:10451000294603F067F846F61063E358A8E700BFA2
:104520002DE9F84F00F5DC4B0BF1180B2DED028B4C
:1045300006465846B0EE408AFFF79EFC07465846AE
:10454000FFF79EFC002F40DD06F5DC49804609F1AF
:10455000100900244FF45C6A01E0A74235D058F8F6
:104560003450002D04F10104F7DBD9F800200AFBD8
:1045700005F3AA4206EB0301EFDD91F8C82D002AEE
:10458000EBD01033F01803F033F80028E5D058468C
:104590002946FFF74FFC46F648723068B55046F69C
:1045A0004C730122F254002878D03E4917F048FF9E
:1045B0003068002872D0BDEC028B05FB0AAA56F8C1
:1045C0000A10BDE8F84F18F03BB846F6507458464C
:1045D000B0EE480AFFF736FC3359306801333351E7
:1045E000002859D0304917F02BFF3068002852D0EE
:1045F00031590A2218F02AFA306800284BD02B498A
:1046000017F01EFF3068002845D00A22032118F059
:104610001DFA306800283ED0254917F0A1FF335914
:10462000022B3BDD306810B1224917F099FF46F6A6
:10463000106346F64C72F35840F20111002BB15250
:104640002CDD0022012B86F8C82D27D041F68831B9
:10465000022B725422D042F64811032B72541DD003
:1046600043F20871042B725418D044F2C841052B50
:10467000725413D045F28821062B72540ED046F2A4
:104680004801072B725409D0BDEC028B46F6086333
:10469000F254BDE8F88F3359022BC8DCBDEC028B15
:1046A000BDE8F88F10F8060030F80600FCC80600D8
:1046B00048F806006CF8060070B546F610652DED5A
:1046C000068BB0EE408AF0EE608AB0EE419AF0EED2
:1046D000619A4359002B0446F0EE42AAB0EE62AA5A
:1046E0003CDD90F8C82D002A40F0EC80012B35DD30
:1046F00041F68832A25C002A40F0E980022B2DDDD1
:1047000042F64812A25C002A40F0B280032B25DD5D
:1047100043F20872A25C002A40F0BF80042B1DDD2A
:1047200044F2C842A25C002A40F0E580052B15DD6A
:1047300045F28822A25C002A40F06081062B0DDD44
:1047400046F24802A25C002A40F06D81072B05DD8D
:1047500046F60863E35C002B40F0E580B0EE491AB2
:10476000F0EE691AB0EE480AF0EE680A04F5DD4092
:104770004830F0EE4A2AB0EE6A2A03F095FA46F67F
:104780004C73E55C002D6ED146F61063E658002EA2
:1047900069DD1AEE100A22F025FEBEA3D3E900233C
:1047A00022F078FE23F06EF994F8C83D0AEE100A64
:1047B000002B40F05C81012E36D041F68833E35C5B
:1047C000002B40F05681022E2ED042F64813E35CB7
:1047D000002B40F05081032E26D043F20873E35C97
:1047E000002B40F04281042E1ED044F2C843E35C0B
:1047F000002B40F04281052E16D045F28823E35C61
:10480000002B40F03C81062E0ED046F24803E35CBC
:10481000002B40F0E880072E06D046F608630720FC
:10482000E35C002B40F0E080DFED97AAB0EE491A80
:10483000F0EE691A04F5DC451835B0EE4A2A284630
:10484000F0EE6A2AB0EE480AF0EE680AFFF71CFAAA
:104850002846FFF70FFB032800F0FA8046F64C735A
:10486000E35C002B71D0BDEC068B4FF0FF3070BDC8
:1048700004F5DC501030F0EE4A2AB0EE6A2AB0EEB1
:10488000491AF0EE691AB0EE480AF0EE680A02F032
:104890002BFA46F61063E35838E704F5255010303C
:1048A000F0EE4A2AB0EE6A2AB0EE491AF0EE691A22
:1048B000B0EE480AF0EE680A02F016FA46F6106307
:1048C000E3582BE7103002F00FFA63590EE7F0EED1
:1048D0004A2AB0EE6A2A04F55D60B0EE491AF0EE9D
:1048E000691AB0EE480AF0EE680A02F0FDF946F6E1
:1048F0001063E35802E704F55C501030F0EE4A2AEA
:10490000B0EE6A2AB0EE491AF0EE691AB0EE480A23
:10491000F0EE680A02F0E8F946F61063E358052B5A
:104920003FF706AF1AE704F5C040F0EE4A2AB0EEB2
:104930006A2AB0EE491AF0EE691AB0EE480AF0EEB3
:10494000680A503002F0D0F908E72846FFF79AFAD3
:10495000022800F3838004F5DE43D3ED157AF4EEEC
:10496000EA7AF1EE10FA7FF57EAF206810B1474980
:1049700017F0F6FD46F6106346F64C72E35840F227
:104980000111002BA1527FF76EAF0022012B84F89A
:10499000C82D3FF468AF41F68831022B62543FF4D2
:1049A00062AF42F64811032B62543FF45CAF43F20E
:1049B0000871042B62543FF456AF44F2C841052BF2
:1049C00062543FF450AF45F28821062B62543FF405
:1049D0004AAF072B46F2480118BF46F608636254F7
:1049E00018BFE2543FE706204FF45C6303FB00402E
:1049F000103002F01BFEF0EE40AA17E704F58940E4
:104A00005030F0EE4A2AB0EE6A2AB0EE491AF0EEC3
:104A1000691AB0EE480AF0EE680A02F065F946F647
:104A20001063E3588AE604F5A5401030F0EE4A2AF8
:104A3000B0EE6A2AB0EE491AF0EE691AB0EE480AF2
:104A4000F0EE680A02F050F946F61063E3587DE68E
:104A5000B0EE6A0A2046FFF763FDFFE620680028F3
:104A600088D00B4917F07CFD84E70320BCE728467B
:104A7000BAE70120B8E70220B6E70420B4E7052032
:104A8000B2E700BFAFF3008000000000ECF80600C2
:104A9000A8F806006F1283C0CAA1FD3F46F64D7309
:104AA000C35C53B946F648728258002A07DB4FF4BC
:104AB0005C6302FB0333C0587047024870471846D6
:104AC000704700BF08C9060046F64873C258002A5E
:104AD0000ADB4FF45C6303FB02F3C21892F8C82DA3
:104AE00012B11033184470470020704700F5DD40C4
:104AF0004830704746F64D73C05C704746F65C72AE
:104B0000024B8058002808BF1846704734FF060043
:104B100010B52DED028B044600F5DC40B0EE408A66
:104B20001830FFF797F9B0EE480ABDEC028B04F598
:104B3000DD404830BDE8104002F03EBE00F5DD40EB
:104B4000483002F041BE00BF00F5DC401830FFF7EE
:104B500089B900BF2DE97003012200240025002639
:104B600080F822204FF0000800224FF00009C0E931
:104B70001089C0E92045066346638663C66386677D
:104B8000C667C0E90322C0E90922C0E91222C0E9D0
:104B90001522C0E91722C0E91922C0E91B22426090
:104BA000027242610284C262A0F85020426780F81B
:104BB0009020C0E92245C0E92645C0E92845C0E962
:104BC0002E45C0E93045C0E93245C0E93445C0E969
:104BD0003645C0E93845C0E93A45C0E93C45C0E939
:104BE0003E45C0E94045C0E94245C0E94445C0F8FA
:104BF000AC60C0F8B060C0E94722BDE8700380ED4A
:104C0000060B0160C0F8A82080F8B420A0F8182195
:104C100080F81A21C0F8A82D80F8AC2D704700BF8D
:104C20002DE9F04F2DED0C8BB0EE43AAF0EE63AA08
:104C3000B0EE45BAF0EE65BA87B00446D0A3D3E92A
:104C40000023B0EE41DAF0EE61DA51EC100B8DED9D
:104C5000004B039455EC124B22F01CFCC8A3D3E983
:104C6000002306460F462046294622F013FC47EC57
:104C7000196B53EC192B06460F4622F053FAC44B1E
:104C8000002222F007FC41EC100B20F091FC53ECC9
:104C90001D2B51EC1A0B5BEC10AB22F043FAB6A3C0
:104CA000D3E9002322F0F6FB41EC100B20F080FC4E
:104CB000B0EE407AF0EE607AB0EE490AF0EE690AA2
:104CC00055EC174B20F0B8FBB0EE407AF0EE607A6E
:104CD00047EC106BB0EE47CAF0EE67CA20F0ACFBB1
:104CE00022462B462046294655EC104B22F0D2FB9B
:104CF00022462B4622F0CEFB53EC1C2B22F0CAFBA3
:104D000052465B46804689465046594622F0C2FBD1
:104D100002460B464046494622F006FA02460B463A
:104D200043EC102BCDE9042320F09CFCDDE90423A7
:104D3000B0EE408AF0EE608A9649002022F0F2F947
:104D400041EC100B20F08EFCB0EE401AF0EE601A31
:104D5000B0EE480AF0EE680A20F082FC88A3D3E99E
:104D60000023DDE900018DED000B22F093FB80466E
:104D7000894649EC108B20F05FFB32463B464046AB
:104D800049465BEC10AB22F0CDF9814B002222F0BA
:104D900081FB41EC100B20F00BFC53EC1A2B51EC77
:104DA0001B0B57EC106B22F0BDF973A3D3E9002362
:104DB00022F070FB41EC100B20F0FAFB22462B4650
:104DC00055EC104B5046594622F064FB22462B46C8
:104DD00022F060FB22462B4622F05CFB32463B462B
:104DE00004460D463046394622F054FB02460B4637
:104DF0002046294622F098F902460B4643EC102B38
:104E0000CDE9042320F02EFCDDE90423B0EE408A36
:104E1000F0EE608A5F49002022F084F941EC100B2B
:104E200020F020FCB0EE401AF0EE601AB0EE480A16
:104E3000F0EE680A20F014FC53A3D3E9002351ECF0
:104E4000100B22F027FB039C02460B4622F022FBAC
:104E5000D4E906670D46044632463B46304639469D
:104E600022F018FB02460B462046294622F05CF948
:104E700041EC100B20F0F6FB43A3D3E90023DDE95E
:104E8000000155EC104B22F005FB02460B46204674
:104E9000294622F08FFD002866D053EC1D2B51ECE3
:104EA0001B0B22F03FF934A3D3E9002322F0F2FADE
:104EB00041EC100B20F07CFB53EC192B404649468B
:104EC00057EC106B22F02EF9314B002222F0E2FA5F
:104ED00041EC100B20F06CFB32463B463046394625
:104EE00057EC106B22F0D6FA53EC1C2B22F0D2FABE
:104EF00052465B4622F0CEFA32463B4606460F4605
:104F00001046194622F0C6FA02460B46304639468C
:104F100022F00AF906460F4632463B461D4900205C
:104F200022F000F941EC100B20F09CFBB0EE401A8F
:104F3000F0EE601A47EC106B8DED001B20F092FB39
:104F40009DED001B20F08CFB0FA3D3E9002351EC57
:104F5000100B22F09FFA02460B462046294622F00B
:104F600029FD003818BF012007B0BDEC0C8BBDE84F
:104F7000F08F00BFAFF30080399D52A246DF813F22
:104F8000399D52A246DF913F00000000AE4D6841BE
:104F90000000E03F0000F03F2DE9F04F2DED088BC1
:104FA000B0EE429AF0EE629AB0EE41AAF0EE61AA3B
:104FB00087B053EC122B51EC140B59EC158B55ECBC
:104FC000134B8DED024B8DED045B57EC106B22F013
:104FD000A9F8224641EC180B41EC1B0B2B4640462E
:104FE000494622F09FF853EC182B82468B4651EC31
:104FF000180B22F04FFA5246804689465B465046CF
:10500000594622F047FA02460B464046494622F0EE
:105010008BF8F7A3D3E9002380468946CDE90089C0
:1050200022F0AAFC002800F09380EDA3D3E900232E
:105030003046394622F02EFAE9A3D3E9002306468A
:105040000F4651EC190B22F025FA32463B468046BA
:10505000894622F067F8E44B002222F01BFA41EC6B
:10506000100B20F0A5FA53EC1A2B2046294655ECDC
:10507000104B22F057F8D6A3D3E9002322F00AFA06
:1050800041EC100B20F094FAB0EE407AF0EE607A2A
:1050900047EC106B49EC188B59EC178B20F0CCF9CE
:1050A000B0EE407AF0EE607AB0EE480AF0EE680AB0
:1050B00057EC176B20F0C0F942464B464046494634
:1050C00059EC108B22F0E6F942464B4622F0E2F909
:1050D00032463B4622F0DEF922462B4604460D4678
:1050E0001046194622F0D6F902460B4620462946BC
:1050F00022F01AF802460B4643EC102BCDE90023B0
:1051000020F0B0FADDE90023B0EE408AF0EE608ACC
:10511000B649002022F006F841EC100B20F0A2FA6C
:10512000B0EE401AF0EE601AB0EE480AF0EE680AEF
:1051300020F096FAA8A3D3E9002351EC100B22F03B
:10514000A9F941EC100B07B0BDEC088BBDE8F08F5E
:1051500053EC192B3046394621F0E4FF53EC182B61
:1051600022F098F92246804689462B4651EC1A0BCC
:1051700021F0D8FF52465B4622F08CF902460B46DE
:105180004046494621F0D0FFDDE9002322F0ACFA89
:1051900093A3D3E90023804689463046394622F05E
:1051A00079F953EC1A2B41EC180B2046294621F0D3
:1051B000B9FFB0EE480AF0EE680A46464F46804610
:1051C000894620F039F9304639460022002355EC53
:1051D000104B22F0D1FB002859D1844B00223046DD
:1051E000394622F0E7FB002840F0B28032463B46C9
:1051F00051EC1B0B22F04EF953EC192B21F094FFCC
:1052000077A3D3E9002322F045F953EC182BCDE91D
:10521000000141EC180B21F085FF734B002222F0B6
:1052200039F941EC100B20F0C3F932463B465046A9
:10523000594657EC106B22F02DF942464B4621F0AF
:1052400073FF63A3D3E9002322F024F941EC100B90
:1052500020F0AEF9B0EE407AF0EE607AB0EE480A97
:10526000F0EE680A59EC178B20F0E6F8204653EC74
:10527000102B294622F00EF942464B4622F00AF93D
:1052800042464B4622F006F932463B4626E754A3F7
:10529000D3E9002351EC190B22F0FCF806460F4627
:1052A00047EC106B20F0C8F849A3D3E9002340462F
:1052B000494659EC108B22F0EDF841EC100B20F030
:1052C00077F953EC182B3046394657EC106B21F028
:1052D00029FF454B002222F0DDF841EC100B20F0B5
:1052E00067F932463B463046394657EC106B22F0A0
:1052F000D1F842464B4622F0CDF822462B4622F00A
:10530000C9F8324604460D463B463046394622F03F
:10531000C1F802460B462046294621F005FF044607
:105320000D4622462B463149002021F0FBFE41EC80
:10533000100B20F097F9B0EE401AF0EE601A45EC31
:10534000104B8DED001B20F08DF99DED001BEFE65D
:1053500023A3D3E90023DDE9020122F09BF80646EE
:105360000F4647EC106B20F067F853EC1A2BDDE981
:10537000040159EC108B21F0D5FE15A3D3E90023CD
:1053800022F088F841EC100B20F012F953EC182BA6
:105390003046394657EC106B21F0C4FE124B002208
:1053A00022F078F841EC100B20F002F932463B462F
:1053B0003046394657EC106B22F06CF822462B46EB
:1053C00022F068F842464B4699E700BFAFF30080F1
:1053D000399D52A246DF813F00000000AE4D68417A
:1053E000399D52A246DF913F0000E03F0000F03FB0
:1053F00011EA2D819997713D2DE9F04F2DED108B1C
:10540000B0EE41EAF0EE61EAB0EE429AF0EE629A56
:1054100097B0814690F8AC0D0D93CDE90E12B0EE29
:1054200043AAF0EE63AA5BEC10ABD9F8A83D0028C4
:1054300040F02184013B0A900993D9F80080CDF80F
:10544000008000234446984689E0DD49184616F05E
:10545000F7FFD9F80040002C00F05A8120460A22BC
:10546000414617F0F3FAD9F80040002C00F05081C3
:105470002046D44916F0E4FFD9F80040002C00F093
:1054800047819DED04BB20460221B0EE4B0AF0EEB1
:105490006B0A17F035F8D9F80040002C00F038817D
:1054A0002046C94916F0CCFFD9F80040002C00F086
:1054B0002F81204603990A2217F0C8FAD9F8004034
:1054C000002C00F025812046C04916F0B9FFD9F81C
:1054D0000040002C00F01C819DED068B204602212F
:1054E000B0EE480AF0EE680A17F00AF8D9F8004062
:1054F000002C00F00D812046B54916F0A1FFD9F827
:105500000040002C00F0048120460A22314617F0AA
:105510009DFAD9F80040002C00F0FA80AD492046F1
:1055200016F08EFF53EC182B51EC1B0B21F0FCFDF9
:10553000D9F80040009441EC180B54B1B0EE480A81
:10554000F0EE680A2046022117F0CAF8D9F80040A8
:105550000094039B9E4240F0E980DDF82080099B87
:10556000984580F25783B0EE4A5AF0EE6A5AB0EE90
:10557000494AF0EE694A0A99974BB0EE4E3AF0EE7E
:105580006E3A08EB010583FB0502EB176426C3EBBB
:10559000621306FB135309EB431393ED4CDB93EDBE
:1055A0004ACBB0EE4D1AF0EE6D1A08F10102531815
:1055B0004BEC12ABB0EE4C0AF0EE6C0A48461F46BC
:1055C00008920B93FFF7E8FCB0EE4A5AF0EE6A5AE5
:1055D000B0EE494AF0EE694A7F49B0EE407AF0EE0B
:1055E000607A81FB0712FB17C3EB621306FB137390
:1055F00009EB431393ED4A8BB0EE4E3AF0EE6E3A60
:1056000093ED4CBBB0EE480AF0EE680A4BEC12ABDF
:10561000B0EE4B1AF0EE6B1A48468DED047BFFF7A7
:10562000BBFC52465B4651EC190B8DED060B21F08D
:1056300079FD53EC1E2B06460F4651EC1A0B21F058
:1056400071FD47EC1F6B53EC1E2B06460F4651ECC9
:105650001D0B21F067FD53EC1F2B21F01BFF47ECC6
:105660001D6B524606460F465B4651EC1C0B21F063
:1056700059FD53EC1D2B21F00DFF02460B46304621
:10568000394621F04FFD0022002306460F4622F046
:1056900091F9002840F0BA820023304639460022B2
:1056A00022F06AF9031E18BF0123039353EC1E2B4B
:1056B00051EC1B0B21F036FD53EC1F2B21F0EAFEC1
:1056C000524606460F465B4651EC180B21F02AFD68
:1056D00053EC1D2B21F0DEFE02460B4630463946C8
:1056E00021F020FD0022002306460F4622F062F939
:1056F000002840F08882304639460022002322F0FC
:105700003BF9061E18BF0126009B002B7FF49DAEBF
:10571000DDE90623DDE9040121F006FD0023009305
:10572000039B9E4241EC180B3FF417AF009BCDF852
:105730000C80A0463BB32949184616F081FED9F8E3
:105740000080B8F1000F1ED040460221B0EE480A9A
:10575000F0EE680A16F0C4FFD9F80080CDF800809A
:10576000009B002B40F06182039B013300F07C82A0
:10577000089B1A46013200F070820A9A039913447A
:1057800011440D460B93144BE91783FB0542C1EB03
:1057900062121146642202FB11500B9D06902946AD
:1057A00083FB0113E917C1EB631309EB401402FB00
:1057B000135394ED4A7B09EB431595ED4ABB0FE07B
:1057C0002CF9060030F906003CF9060048F90600FD
:1057D00054F9060074F906001F85EB5160F90600C4
:1057E000B0EE47FAF0EE67FA94ED4CCB51EC170BA4
:1057F0000493F5A3D3E900238DED12BB8DED10CBFF
:1058000021F048FEF0A3D3E9002306460F4651ECF1
:105810001B0B21F03FFE32463B4695ED4CDB044628
:105820000D4621F07FFCE44B002221F033FE41ECD9
:10583000100B1FF0BDFE53EC1C2B51EC1D0B8DED1E
:10584000000B21F06FFC45EC1B4BD1A3D3E90023E7
:1058500004460D46CDE9144521F01CFE41EC100B29
:105860001FF0A6FEB0EE407AF0EE607A47EC106BC7
:1058700055EC174B1FF0E0FDB0EE407AF0EE607A89
:10588000B0EE4B0AF0EE6B0A57EC176B1FF0D4FD2D
:1058900022462B462046294655EC104B21F0FAFDB6
:1058A00022462B4621F0F6FD32463B4621F0F2FD22
:1058B000DDE9002304460D461046194621F0EAFDB5
:1058C00002460B462046294621F02EFC02460B4696
:1058D00043EC102BCDE900231FF0C4FEDDE90023CB
:1058E000B0EE40BAF0EE60BAB449002021F01AFCE4
:1058F00041EC100B1FF0B6FEB0EE401AF0EE601A4D
:10590000B0EE4B0AF0EE6B0A1FF0AAFEA2A3D3E999
:10591000002351EC100B21F0BDFD99ED067B57ECF7
:10592000176B04460D46224639462B4617EE100AE1
:105930008DED007B22F034F8069B5901049B0C91FD
:105940005B010B9332463B4608B922462B46104674
:10595000194653EC182B22F00FF8002840F09081E4
:105960000B9B4B44D3F8380121F01AFD0C9B4B44A0
:105970000446D3F838010D4621F012FD02460B46CD
:105980002046294621F0CEFB002204460D46002386
:1059900045EC1C4B21F0F0FF40B181A3D3E900237B
:1059A0002046294621F0C0FB41EC1C0B7EA3D3E925
:1059B000002351EC1C0B21F0FDFF002840F09081EA
:1059C000B0EE4A5AF0EE6A5AB0EE494AF0EE694A31
:1059D0009DED101BB0EE4E3AF0EE6E3AB0EE4F0A6F
:1059E000F0EE6F0A4BEC12AB4846FFF7D5FAB0EE7B
:1059F0004A5AF0EE6A5AB0EE494AF0EE694AB0EE01
:105A0000407AF0EE607A4BEC12ABB0EE4E3AF0EE2C
:105A10006E3A9DED120BB0EE4D1AF0EE6D1A48463F
:105A200057EC176BFFF7B8FA069BDFED657A09EBC9
:105A3000431393ED507A049BB4EEE77A09EB4313DA
:105A4000F1EE10FA55EC104B93ED508A40F126819F
:105A500022462B463046394621F066FB54A3D3E953
:105A6000002304460D4621F087FF002840F03581D1
:105A70003046394622462B4621F036FE06460F4672
:105A800055EC1F4B1FEE102A2B46DDE9120121F0C9
:105A900049FB32463B4621F0FDFC2B461FEE102A07
:105AA00021F042FBDDE9142304460D463046394619
:105AB00021F0F0FCDDE9102321F036FBB0EE4A5A6C
:105AC000F0EE6A5AB0EE494AF0EE694A45EC1B4BDB
:105AD000B0EE4E3AF0EE6E3A41EC180BB0EE4B0AD7
:105AE000F0EE6B0A41EC110B4BEC12AB4846FFF7A2
:105AF00053FADDE9000153EC102B21F03DFF0028A3
:105B000040F0F780B8F1000F03D02E49404616F060
:105B100027FD0C9B09EB03020B9B92ED4F9A4B4424
:105B2000D3ED4F7A77EEC97A904617EE900A21F0BE
:105B300059FC32463B4621F0ADFC044619EE100AF2
:105B40000D4621F04FFC02460B462046294621F027
:105B5000EBFA309BC3E90001D8F8380121F020FCB2
:105B6000324604460D463B4651EC1C0B21F092FC9C
:105B700002460B462046294621F0D6FA08A3D3E96F
:105B8000002304460D4621F00BFF50B320E000BF78
:105B9000399D52A246DF813F0000008019616E41AD
:105BA0000000000070999441000000000088C3408C
:105BB00095D626E80B2E113E0000E03F0000F03F96
:105BC0006F12833A8CFA0600399D52A246DF913F4C
:105BD0002046294654A3D3E9002321F0A3FA044622
:105BE0000D462046294621F02DFF99F822300D9AC6
:105BF0001060002B00F09C800E9A82ED00BB0F9A83
:105C000082ED008B31E04FF0FF367DE54FF0FF3342
:105C100003934BE54FF0FF3303930893009B9FEDF5
:105C20003A8BA046002B3FF49FAD3949184616F039
:105C300007FCD9F80080B8F1000F3FF495AD40465D
:105C40000221B0EE480AF0EE680A16F049FD039B07
:105C5000D9F8008001337FF48BADB8F1000F03D089
:105C60002C49404616F07CFC0023184617B0BDECCA
:105C7000108BBDE8F08F0A9363230993FFF7DDBB18
:105C8000B8F1000FF0D02449404616F069FC00231B
:105C9000184617B0BDEC108BBDE8F08FB4EEE78A64
:105CA000F1EE10FA3FF5D4AE17EE100A21F09AFB90
:105CB00002460B463046394621F016FD064618EEE0
:105CC000100A0F4621F08EFB02460B46204629465D
:105CD00021F00AFD32463B46BEE6104F0026CFE6D5
:105CE000B8F1000FC0D00E49404616F039FC002331
:105CF000BBE7B8F1000FB7D00A49404616F030FCB8
:105D00000023B2E7AFF30080000000000000F07F46
:105D10007CF9060094F90600ECF906000000E03F6B
:105D200020FA06004CFA0600000000007099944129
:105D3000039B002B00F08481089A0998824280F22C
:105D40007F81D9F800005D1E541CB0B3C34916F022
:105D500007FCD9F8000080B3C14916F071FBD9F8EF
:105D6000000050B30A22294616F070FED9F8000050
:105D700018B3BC4916F064FBD9F80000E8B10399E8
:105D80000A2216F063FED9F80000B0B1B54916F04A
:105D900057FBD9F8000080B108990A2216F056FE88
:105DA000D9F8000048B1AF4916F04AFBD9F8000015
:105DB00018B10A22214616F049FD0A9AAA4B154449
:105DC000144483FB0512E9174FF0640C83FB0403B2
:105DD000C1EB621EE2170CFB1E5EC2EB631830467D
:105DE00032463B46394609EB4E150CFB184821F06C
:105DF00051FB41EC190B02460B463046394695EDF6
:105E00004A8B089521F046FBB0EE48BAF0EE68BA2E
:105E10000B9A964B4A44154682468B4609EB48142A
:105E200051EC180B00220394049521F033FB4BEC4A
:105E30001CABD5E94AAB0D4603998D4B04460022B5
:105E4000D1E94A0121F026FB45EC1A4B04460C9897
:105E500048440D46009045EC184B5246009D5B4669
:105E60005046594621F060F953EC1B2BD5E94A897D
:105E700021F05AF97F4B04460D4600224046494620
:105E800021F008FB02460B462046294621F04AF93C
:105E900053EC182B21F046F953EC192B21F0FAFAA8
:105EA000734B04460D4600225046594621F0F2FA43
:105EB00053EC1A2B21F038F932463B4621F0EAFA2E
:105EC00042464B4621F030F902460B462046294611
:105ED00021F02AF9684B04460D46002250465946E7
:105EE00021F0D8FA02460B4651EC1A0B21F01AF9B0
:105EF000A246AB4604460D465F4B0022404649464B
:105F000021F0C8FA02460B462046294621F00CF93A
:105F100053EC182B21F008F953EC1C2B21F0BAFAA2
:105F200002460B465046594621F0FEF80E9CC4E945
:105F30000001089BD3E94CAB00224C4B504659461C
:105F400021F0A8FA049B0D460399D3E94C89044635
:105F5000474BD1E94C01002221F09CFA45EC1A4B49
:105F600004460D4645EC1B4B4246009D4B464046C1
:105F7000494621F0D9F852465B4621F0D5F895ED17
:105F80004C8B04460D463B4B002251EC180B21F084
:105F900081FA02460B462046294621F0C3F853EC0D
:105FA0001B2B21F0BFF853EC192B21F073FA304B67
:105FB00004460D4600224046494621F06BFA53EC58
:105FC0001A2B21F0B1F832463B4621F063FA53EC2C
:105FD000182B21F0A9F802460B462046294621F04D
:105FE000A3F8254B04460D4600224046494621F0C1
:105FF00051FA02460B4651EC1A0B21F093F81E4B56
:1060000006460F46002251EC180B21F043FA0246D7
:106010000B463046394621F087F853EC1B2B21F014
:1060200083F853EC1C2B21F035FA02460B46204630
:10603000294621F079F80F9A0123C2E9000114E6FC
:10604000D9F8000010B10D4916F08AFA0E9B0F9A8C
:1060500083ED00BB82ED008B012306E6E4FA060027
:106060000CFB060018FB06001F85EB510000E0BF8B
:106070000000E03F000004400000F83FA4FA0600E2
:10608000436D002B3FD0826D10B50446002A39D0F5
:10609000C16D002936D0016E002938D12068616CAD
:1060A0002366E16648B11B4916F0CAF9206818B1A9
:1060B000216E0A2216F036FCA26D636E23BB2068A7
:1060C000636C6266236740B1134916F0B9F9206822
:1060D00018B1616E0A2216F025FCA36EE26D7BB941
:1060E0002068636CA266636760B10C4916F0A8F97A
:1060F000206838B1A16E0A22BDE8104016F012BC2B
:106100009342EDD810BD70479342E6D9D7E78B4252
:10611000D3D2C3E7E8FB0600FCFB060010FC060038
:10612000F8B504460D46002A3FD046681746AEB97A
:10613000037A002B34D0022A63D0032A34D12161A0
:10614000A36C022B00F0C080206800286DD072493B
:1061500016F076F9206800285ED166E0022E1FD185
:10616000012F21DD2068022F08BF032600285FD001
:106170006A4916F065F92068002859D039460A2284
:1061800016F064FC2068002852D0654916F058F9D2
:10619000206800284CD00A22314616F057FB3746BB
:1061A000022F2FD0032FCBD0F8BD037A53B1436811
:1061B00043B9C36833B1026922B1934234BF0123AA
:1061C0000223436094F8202000230121C4E9033313
:1061D000217212B1A36C032B2CD02068E56400233C
:1061E0000122C4E91533A264E3650028DCD04D49DF
:1061F00016F026F920680028D6D0BDE8F84016F041
:10620000FFB9E160A36C012B2BD0206868B146492F
:1062100016F016F9206840B1A16C0A2216F016FC9F
:10622000206810B1414916F09BF90023A364F8BD22
:106230003746B5E7E26C2068954236BF3C4B2B46AB
:106240005B199B1AE36540B13A4916F0F9F82068EA
:1062500018B1E16D0A2216F065FB2046FFF710FF2A
:10626000BBE7E26C2068E564954236BF304B2B46B5
:106270005B199B1A02226365A264002894D02E4900
:1062800016F0DEF8206800288ED0616D0A2216F024
:1062900029FB2068002887D0284916F0D1F8606DC6
:1062A00021F07EF81AA3D3E9002321F0F3F8024687
:1062B00020680B4643EC102B00283FF475AFBDE877
:1062C000F840032116F00CBAE26C2068E5649542B0
:1062D00036BF174B2B465B199B1A0325A365A56494
:1062E00000283FF461AF164916F0AAF8206800288C
:1062F0003FF45AAFA16D0A2216F0F4FA2068002884
:106300003FF452AF0D4916F09BF8A06DC8E700BFEF
:10631000FCA9F1D24D62503FD4FC060024FC0600DB
:1063200044FC060064FC060088FC0600ACD20600B3
:10633000005C260554FC060078FC060098D6060092
:10634000C4FC0600000000002DE9F04F2DED0C8B81
:10635000B0EE408AF0EE608AB0EE419AF0EE619ABB
:1063600090ED2EAB90ED30BBB0EE4A2AF0EE6A2AEB
:1063700090ED32CBB0EE4B3AF0EE6B3A90ED34DB71
:10638000B0EE4C4AF0EE6C4A8BB090F82160B0EE63
:106390004D5AF0EE6D5A002200230025CDE904236A
:1063A000CDE90623CDE9082304460395002E63D1E9
:1063B000FEF736FC0546002858D0B0EE4D5AF0EEF8
:1063C0006D5AB0EE4C4AF0EE6C4A2046B0EE4B3AB5
:1063D000F0EE6B3AB0EE4A2AF0EE6A2AB0EE491AB5
:1063E000F0EE691AB0EE480AF0EE680AFEF7D4FD46
:1063F000D4E9060153EC102B21F0DCFA002800F060
:106400001E81206868B1914916F01AF8206840B1E1
:1064100031460A2216F01AFB206810B18C4916F09A
:106420009FF894F8B430012284F82120002B40F02A
:106430000182D4F8A83D8748A66F591C80FB012033
:10644000CA17C2EB6012642000FB121204EB431166
:106450006069C1F83801E06BC1F8400181ED4A8BF9
:1064600081ED4C9BC1F83C61C4F8A82D28460BB0C7
:10647000BDEC0C8BBDE8F08FFEF78EFD59EC108B58
:10648000754B0022D4E9060120F04EFE42464B46F1
:1064900021F072FA002800F0EF80206868B16F499F
:1064A00015F0CEFF206840B129460A2216F0CEFA38
:1064B000206810B16A4916F053F8D4F8A82D654841
:1064C000A56F511C80FB0130CB17C3EB6013642018
:1064D00000FB131304EB4211002084F821006069D3
:1064E000C1F83801E06BC1F8400181ED4A8B81EDC4
:1064F0004C9BC1F83C51C4F8A83D13B9012384F862
:10650000AC3D08AB4FF000084FF0000900930026A7
:1065100003AB06AA04A92046B0EE4D3AF0EE6D3A60
:10652000B0EE4C2AF0EE6C2AB0EE4B1AF0EE6B1A7D
:10653000B0EE4A0AF0EE6A0ACDE90489CDE906898F
:10654000CDE908890396FEF757FF0546002800F0BD
:10655000EF802068002800F00781424915F070FFA5
:106560002068002800F000819DED040B062116F044
:10657000B7F82068002800F0F7803B4915F060FF6D
:106580002068002800F0F0809DED060B062116F033
:10659000A7F82068002800F0E780344915F050FF84
:1065A0002068002800F0E0809DED080B022116F025
:1065B00097F82068002800F0D7802D4915F040FF9B
:1065C0002068002800F0D08003990A2216F0AAF96A
:1065D000C4F8A86D84F8AC6D31464FF4486204F5F8
:1065E0009470D4F800B021F089FE94F82030002B8C
:1065F00040F0CB80012384F82030BBF1000F00F085
:106600003F811C49584615F0ABFFDDE90867DDF80E
:106610000CA0C4F824A03046394621F033FA94F88F
:1066200019512063002D3FF421AF94F81A51002D29
:106630003FF41CAF514620460022FFF771FD0025B4
:1066400028460BB0BDEC0C8BBDE8F08FC8FB0600F4
:10665000D8FB06001F85EB510000F03F2CFB060025
:1066600034FB060050FB060060FB060070FB0600D2
:1066700088FB060024FD0600D4F8A82D8848A56FE5
:10668000511C80FB0130CB17C3EB6013642000FB6F
:10669000131304EB42116069C1F83801E06BC1F8D3
:1066A000400181ED4A8B81ED4C9BC1F83C51C4F80F
:1066B000A83D13B9012384F8AC3D206800284DD0D3
:1066C000784915F0BDFE2068002847D00A22002135
:1066D00016F0BCF92068002840D0734915F0B0FED0
:1066E000206800283AD049EC108B022115F008FFF1
:1066F000206898B36D4915F0A3FE206870B3D4F8F4
:10670000A81D0A2216F0A2F9206838B3684915F0CE
:1067100097FE94F8AC3D206823B3664908B115F0A4
:106720001FFF354628460BB0BDEC0C8BBDE8F08F43
:10673000D4F82031C4F8A80D013384F8AC0DC4F8A6
:10674000203104F594704FF44862294621F0D6FDBB
:1067500028460BB0BDEC0C8BBDE8F08F94F8AC3D37
:10676000002BDED15449D9E70025C4F8A85D84F890
:10677000AC5D29464FF4486204F5947021F0BEFDEB
:1067800094F82030002B78D0AB46626ADDF80CA07C
:10679000636C206B524588BF484D03F101038CBFE9
:1067A000554455466364DDE90867AD1A20F01AFECA
:1067B00002460B463046394620F0B4FC80468946F6
:1067C000BBF1000F26D03E49584615F039FE20682F
:1067D00000285AD00A22294616F084F8206800289A
:1067E00053D0384915F02CFE284620F0D9FD2AA3B5
:1067F000D3E9002320F04EFE024620680B4643EC0E
:10680000102B002841D0032115F06AFFDDE908674D
:10681000DDF80CA0A5624046494621F033F9E36A51
:10682000606313B1AB427FF6F4AE636CE562A063C4
:106830002364EEE6D4F8A82D194BD4F8AC60D4F854
:10684000A870511CD4E9268983FB0103C817C0EB4B
:106850006313642000FB131304EB4211C1E94A895E
:10686000D4E92889D4F8B000C1F84001C1E94C89C5
:10687000C1F83871C1F83C61DDE5012384F82030AE
:10688000DDE90867DDF80CA0C3E6DDE90867DDF89F
:106890000CA0BFE7AFF30080FCA9F1D24D62503FDE
:1068A0001F85EB512CFB06009CFB0600ACFB060091
:1068B000C0FB060024FB06001CFB0600005C26054E
:1068C00010FD060098D606002DE9F0432DED0C8B47
:1068D000B0EE408AF0EE608AB0EE419AF0EE619A36
:1068E0008BB00D78B0EE42DAF0EE62DA4FF00008CD
:1068F0004FF000090023CDE90489B0EE43AAF0EE81
:1069000063AAB0EE44BAF0EE64BACDE90689B0EEFF
:1069100045CAF0EE65CACDE908890E461746044619
:106920000393002D62D1FEF77BF90546002857D06E
:10693000B0EE4C5AF0EE6C5AB0EE4B4AF0EE6B4AA9
:106940002046B0EE4A3AF0EE6A3AB0EE4D2AF0EE4A
:106950006D2AB0EE491AF0EE691AB0EE480AF0EE70
:10696000680AFEF719FBD4E9060153EC102B21F05D
:1069700021F8002800F08E81206868B1B64915F032
:106980005FFD206840B139460A2216F05FF82068A2
:1069900010B1B24915F0E4FD0123337094F8B4301E
:1069A000002B40F07981D4F8A83DAD48A66F591C62
:1069B00080FB0120CA17C2EB6012642000FB121298
:1069C00004EB43116069C1F83801E06BC1F8400184
:1069D00081ED4A8B81ED4C9BC1F83C61C4F8A82D38
:1069E00028460BB0BDEC0C8BBDE8F083FEF7D4FA63
:1069F00059EC108B9B4B0022D4E9060120F094FB4C
:106A000042464B4620F0B8FF002800F0AA802068DC
:106A100068B1954915F014FD206840B10A22394645
:106A200016F014F8206810B1904915F099FDD4F8CB
:106A3000A82D8B48A56F511C80FB0130CB17C3EBF1
:106A40006013642000FB131304EB4211002030702C
:106A5000E06B6669C1F8386181ED4A8B81ED4C9B32
:106A6000C1F83C51C1F84001C4F8A83D13B9012355
:106A700084F8AC3D0020002108ABCDE90401B0EE64
:106A80004C3AF0EE6C3AB0EE4B2AF0EE6B2ACDE9C0
:106A90000601B0EE4A1AF0EE6A1AB0EE4D0AF0EEB8
:106AA0006D0ACDE908010093002503AB06AA04A9ED
:106AB00020460395FEF7A0FC0546002800F0AE80B6
:106AC000206860B36A4915F0BBFC206838B39DEDBF
:106AD000040B062115F004FE206800B3654915F08B
:106AE000AFFC2068D8B19DED060B062115F0F8FD2E
:106AF0002068A0B1604915F0A3FC206878B19DED35
:106B0000080B022115F0ECFD206840B15B4915F03F
:106B100097FC206818B103990A2215F003FF00269C
:106B2000C4F8A86D84F8AC6D31464FF4486204F5A2
:106B3000947021F0E3FB94F82050002D3FF450AF07
:106B400094F81951002D3FF44BAF94F81A51002DD1
:106B50003FF446AF03993A4620463546FFF7E0FA40
:106B60003EE7D4F8A82D3E48A66F511C80FB0130AB
:106B7000CB17C3EB6013642000FB131304EB42112B
:106B80006069C1F83801E06BC1F8400181ED4A8BC2
:106B900081ED4C9BC1F83C61C4F8A83D13B90123B9
:106BA00084F8AC3D206800284ED02F4915F048FCF1
:106BB0002068002848D039460A2215F047FF20688F
:106BC000002841D02E4915F03BFC206800283BD01E
:106BD00049EC108B022115F093FC2068A0B32949E1
:106BE00015F02EFC206878B3D4F8A81D0A2215F001
:106BF0002DFF206840B3244915F022FC94F8AC3DE9
:106C0000206833B3214900283FF4EAAE15F0A8FC10
:106C100028460BB0BDEC0C8BBDE8F083D4F82031D6
:106C2000C4F8A80D013384F8AC0DC4F8203104F584
:106C300094704FF44862294621F060FB28460BB05F
:106C4000BDEC0C8BBDE8F08394F8AC3D002B7FF4D9
:106C5000C7AE0F49D7E700BFC8FB0600D8FB060048
:106C60001F85EB510000F03F2CFB060034FB0600B3
:106C700050FB060060FB060070FB060088FB060068
:106C80009CFB0600ACFB0600C0FB060024FB0600D4
:106C90001CFB06000546A3E6D4F8A82D104BD4F83B
:106CA000AC60D4F8A870511CD4E9268983FB010399
:106CB000C817C0EB6313642000FB131304EB4211ED
:106CC000C1E94A89D4E92889D4F8B000C1F8400163
:106CD000C1E94C89C1F83871C1F83C6165E600BF73
:106CE0001F85EB51000000002DE9F04F2DED048BC6
:106CF00055EC104B87B00646124B10EE100A4FF0C1
:106D0000FF32294659EC118B12EE10AA12EE907A3E
:106D100020F03CFE40B14FF0FF326FF4801320466C
:106D2000294620F03DFE88B93068002800F07881BF
:106D3000054915F015FC4FF0FF3007B0BDEC048B92
:106D4000BDE8F08FFFFFEF7F34FD0600C04B4FF032
:106D5000FF324046494620F019FE0028E4D04FF0AB
:106D6000FF326FF480134046494620F019FE002898
:106D7000DAD0B84B00222046294620F0FDFD00283D
:106D8000D2D1B54B00222046294620F013FE002820
:106D9000CAD1B24B00224046494620F0EDFD002802
:106DA000C2D1AF4B00224046494620F003FE0028E6
:106DB000BAD1002200232046294620F0D3FD38B165
:106DC000002200234046494620F0CCFD0028ABD1EC
:106DD000504620F007FB9E4B83468C464FF0FF3217
:106DE000CDE900BC20F0D2FD40B1DDE900014FF05B
:106DF000FF326FF4801320F0D3FD08B9D6F87CA0E1
:106E0000384620F0EFFA924B83468C464FF0FF3223
:106E1000CDE900BC20F0BAFD002800F07081DDE96A
:106E200000014FF0FF326FF4801320F0B9FD00280D
:106E300000F0658107EE907AF5EEC07ADFED897A91
:106E4000F1EE10FAB8BF17EE907A96F89030002B5A
:106E500000F0578176A3D3E90023D6E9200120F082
:106E600019FB73A3D3E9002341EC190B20462946F3
:106E700020F010FB53EC192B8C4683464CEC18BBCE
:106E800020F050F9784B002220F004FB41EC100B6D
:106E90001EF08EFBD6E92223404649468DED000BBD
:106EA00020F040F964A3D3E9002320F0F3FA41EC89
:106EB000100B1EF07DFBB0EE407AF0EE607A53ECE2
:106EC000172BB0EE490AF0EE690ACDE904231EF053
:106ED000B3FAB0EE407AF0EE607AB0EE480AF0EE27
:106EE000680A8DED027B1EF0A7FADDE90423104647
:106EF00019468DED040B20F0CDFADDE9042320F0D6
:106F0000C9FADDE9022320F0C5FADDE9002341ECEE
:106F1000180B1046194620F0BDFA02460B4651ECFC
:106F2000180B20F001F902460B4643EC102BCDE97B
:106F300000231EF097FBDDE90023B0EE408AF0EE5F
:106F4000608A4A49002020F0EDF841EC100B1EF059
:106F500089FBB0EE401AF0EE601AB0EE480AF0EE8F
:106F6000680A1EF07DFB36A3D3E90023B0EE409AF9
:106F7000F0EE609A51EC100B20F01CFD002800F0A0
:106F8000C480D6F81C310133022BC6F81C3142DD17
:106F90000023C6F81C31C6E92045C6E92289C6F897
:106FA0007CA0384620F01EFA27A3D3E9002320F066
:106FB00071FA20F067FD96F81831F063002B59D074
:106FC00096F821303BB996F85030002B52D196F804
:106FD0005130002B4ED149EC118B45EC104B304613
:106FE000FFF7B2F9002845D096F81971002F40F04C
:106FF0001181B26FF36BC6F8AC20C6F8B03072697D
:10700000C6F8A8200123C6E92645C6E928893846DE
:1070100086F8B43091E6306810B1154915F0A0FA41
:107020004FF0FF3007B0BDEC048BBDE8F08F00BF20
:10703000399D52A246DF913F399D52A246DF813FE2
:10704000E5BC41B4BE92043F6F1283C0CAA1FD3FAC
:10705000FFFFEF7F008056C000805640008066C072
:1070600000806640000000000000E03F0000F03FAC
:1070700058FD060096F81931002B00F0B8804FF04B
:10708000FF30002796F81AA1BAF1000F26D096F823
:1070900021301BBB96F85030002B78D096ED3C5B2E
:1070A00096ED3A4B96ED383B96ED362B49EC118B2D
:1070B00045EC104B022206F150013046FFF704FC6C
:1070C00000B1574696F81A31002B40F08A8096F8A6
:1070D0005130002B5FD187F001004042B26FF36B5B
:1070E000C6F8AC20C6F8B0307269C6F8A8200123F3
:1070F000C6E92645C6E9288986F8B4301DE600278A
:10710000A3E6012386F8903045E7C6F81C015046F7
:1071100020F068F902460B46F06F43EC182B20F084
:1071200061F902460B4651EC180B1FF0FBFF3AA326
:10713000D3E900238C46834651EC190B4CEC18BB69
:1071400020F0A8F902460B4620F0A4F953EC182BC6
:1071500041EC180B1046194620F09CF902460B46EC
:1071600051EC180B1FF0E0FF41EC100B1EF07AFA07
:1071700053EC102BB06FCDE9002320F033F9DDE99B
:1071800000231FF0D1FF20F07DFCB06703E796F8E5
:107190005130002B82D096ED445B96ED424B96ED3C
:1071A000403B96ED3E2B49EC118B45EC104B0322F6
:1071B00006F151013046FFF787FB00288BD0B26FF4
:1071C000F36BC6F8AC20C6F8B0307269C6F8A820D8
:1071D0000123C6E92645C6E9288986F8B43000208F
:1071E000ABE596F85030002B7FF471AFD3E7B26F68
:1071F000F36BC6F8AC20C6F8B0307269C6F8A820A8
:107200000123C6E92645C6E9288986F8B4304FF03F
:10721000FF3092E5002035E700000000AE4D6841E8
:107220002DE9D0430446006810B1244915F098F9BF
:1072300000210023002600274FF000084FF000092E
:10724000C4E92067C4E92267C4E92667C4E90911D3
:10725000C4E91211C4E91511C4E91711C4E91911DF
:10726000C4E91B11C4E90311C4E94711C4E9108939
:1072700023636363A363A367E367E162A4F8501029
:10728000616761602172616184F8901004F5947007
:10729000C4E928674FF44862C4F8A810C4F8AC30B9
:1072A000C4F8B03084F8B4102184C4F8A81D84F860
:1072B000AC1DBDE8D04321F021B800BF78FD060029
:1072C0002DE9F04755EC104B82B080ED2E0B80ED90
:1072D000301B80ED322B80ED343B8246394B10EE73
:1072E000100A29464FF0FF328DED003B57EC116B31
:1072F00059EC128B20F04AFB40B14FF0FF326FF493
:1073000080132046294620F04BFB60B9DAF80000D4
:1073100000238AF81831002850D02B4902B0BDE86C
:10732000F04715F01DB9274B4FF0FF323046394674
:1073300020F02CFB0028E9D04FF0FF326FF48013CF
:107340003046394620F02CFB0028DFD01D4B4FF093
:10735000FF324046494620F019FB0028D6D04FF0B6
:10736000FF326FF480134046494620F019FB002895
:10737000CCD0DDE90001134B4FF0FF3220F006FBCB
:107380000028C3D0DDE900014FF0FF326FF4801315
:1073900020F006FB0028B9D042464B46204629463D
:1073A00020F0E0FA38B1DDE900233046394620F01C
:1073B000D9FA0028AAD101238AF8183102B0BDE811
:1073C000F08700BFFFFFEF7F90FD06002DE9F0473B
:1073D00055EC104B82B080ED360B80ED381B80ED04
:1073E0003A2B80ED3C3B8246394B10EE100A294681
:1073F0004FF0FF328DED003B57EC116B59EC128BC7
:1074000020F0C4FA40B14FF0FF326FF480132046F1
:10741000294620F0C5FA60B9DAF8000000238AF89E
:107420001931002850D02B4902B0BDE8F04715F0C3
:1074300097B8274B4FF0FF323046394620F0A6FA76
:107440000028E9D04FF0FF326FF480133046394600
:1074500020F0A6FA0028DFD01D4B4FF0FF32404647
:10746000494620F093FA0028D6D04FF0FF326FF44F
:1074700080134046494620F093FA0028CCD0DDE93D
:107480000001134B4FF0FF3220F080FA0028C3D0E8
:10749000DDE900014FF0FF326FF4801320F080FA35
:1074A0000028B9D042464B462046294620F05AFAD9
:1074B00038B1DDE900233046394620F053FA002880
:1074C000AAD101238AF8193102B0BDE8F08700BFC4
:1074D000FFFFEF7FE4FD06002DE9F04755EC104B70
:1074E00082B080ED3E0B80ED401B80ED422B80EDA5
:1074F000443B8246394B10EE100A29464FF0FF32CA
:107500008DED003B57EC116B59EC128B20F03EFADD
:1075100040B14FF0FF326FF480132046294620F02F
:107520003FFA60B9DAF8000000238AF81A3100281F
:1075300050D02B4902B0BDE8F04715F011B8274BE9
:107540004FF0FF323046394620F020FA0028E9D0CB
:107550004FF0FF326FF480133046394620F020FAA6
:107560000028DFD01D4B4FF0FF324046494620F047
:107570000DFA0028D6D04FF0FF326FF4801340464A
:10758000494620F00DFA0028CCD0DDE90001134B6C
:107590004FF0FF3220F0FAF90028C3D0DDE90001F6
:1075A0004FF0FF326FF4801320F0FAF90028B9D0C1
:1075B00042464B462046294620F0D4F938B1DDE951
:1075C00000233046394620F0CDF90028AAD1012306
:1075D0008AF81A3102B0BDE8F08700BFFFFFEF7FE5
:1075E00030FE060041617047012380F82230704769
:1075F00090F82000704700BF90F82100704700BF4E
:1076000090F820305BB1436A4069834205D900F1AC
:10761000A46000F5CB2000F58060C01A70471846C2
:10762000704700BF806A7047C06A704790ED1E0ABD
:10763000704700BF006C7047406C7047D0ED0C7A0B
:10764000F5EE407AF1EE10FA0BD090F8203043B10D
:10765000426A436990ED1E7A9A4237EE677A0CD9F6
:1076600005E0426A43699A4223D99FED157A03F1F6
:10767000A46303F5CB2303F58063B5EE407AF1EE06
:1076800010FA19D090ED0E0AB5EE400AF1EE10FA9C
:1076900011D09B1AD0ED0B6A07EE903AF8EE666AAD
:1076A000F8EE677A87EE876AC6EE807A36EE670A6A
:1076B00070479FED030A7047B0EE470A704700BF5E
:1076C00000000000036E2BB1426E2AB1816E31B111
:1076D00013440B44184670471346184670470B4630
:1076E00018467047C06E7047006F7047406F704714
:1076F00090F819310BB190F81A311846704700BF55
:1077000070B4016015494164002400251449816466
:1077100000220021C0E90445C0E90645C0E90A4548
:10772000C0E90C454FF0FF4600240025C0E9144590
:10773000C0E91A450667C0E9011170BC80F838102D
:10774000C163A0F84C108165416702624262026425
:10775000C265026642668267704700BF0000A041B2
:107760000000F04181607047F0B44FF0FF42002309
:10777000002400250026002702670022C0E90445F6
:10778000C0E90645C0E90A45C0E90C45C0E91467EF
:10779000C0E91A67C0E90122F0BC80F83820C26352
:1077A000A0F84C2082654267036243620364C365AC
:1077B0000366436683677047B5EEC00AF1EE10FAC0
:1077C000C8BF80ED110A7047B5EEC00AF1EE10FA9D
:1077D000C8BF80ED120A704738B590ED1C7ADFED16
:1077E000487AB4EEE77AF1EE10FA2DED028B0446FA
:1077F0006FDC90F84C20436F90ED1E8A002A2ED04B
:10780000016DC26ED0ED177A8B4238BF3D4D02F14B
:107810000102C26678EE677A806D236534BFED1889
:107820001D466D1A6565C4ED187A84ED178A002827
:1078300059D1A565C4ED197AA2662068002843D005
:10784000314914F0FDFD206800283DD0E16E0A2288
:1078500015F0FCF82068002836D02C4921E0016D95
:10786000D4ED177AC26E23658B4238BF254D84ED67
:10787000178A4FF0010078EE677A84F84C0034BF25
:10788000ED181D46A06DC4ED187A01326D1AE2663E
:10789000656558BBA565C4ED197AA266206898B1E4
:1078A0001B4914F0CDFD28461FF07AFD12A3D3E941
:1078B00000231FF0EFFD024620680B4643EC102B1F
:1078C00010B1032114F00CFF84ED088ABDEC028B8B
:1078D00038BD00680028F9D0BDEC028B0D49BDE829
:1078E000384014F03DBE8542A7D2A2E78542D5D2EA
:1078F000D0E700BFAFF30080FCA9F1D24D62503F4A
:10790000FFFF7F7F005C2605C0FE060060D70600F3
:10791000C8FE0600A0FE06002DE9F0472DED028B03
:10792000824682B051EC100B67A3D3E9002355ECDB
:10793000114B1FF0AFFD64A3D3E9002306460F46A9
:10794000DAE904011FF0A6FD32463B46804689462F
:107950001FF0E8FB5A4B00221FF09CFD41EC100B7E
:107960001DF026FE22462B46DAE9060155EC104BA7
:107970001FF0D8FB4EA3D3E900231FF08BFD41EC91
:10798000100B1DF015FEB0EE407AF0EE607A47EC79
:10799000106B49EC188B59EC178B1DF04DFDB0EEB8
:1079A000407AF0EE607AB0EE480AF0EE680A57ECE2
:1079B000176B1DF041FD42464B464046494659EC87
:1079C000108B1FF067FD42464B461FF063FD3246A9
:1079D0003B461FF05FFD22462B4604460D461046EF
:1079E00019461FF057FD02460B46204629461FF058
:1079F0009BFB02460B4643EC102BCDE900231DF008
:107A000031FEDDE90023B0EE408AF0EE608A2D49B8
:107A100000201FF087FB41EC100B1DF023FEB0EEA1
:107A2000401AF0EE601AB0EE480AF0EE680A1DF057
:107A300017FE21A3D3E9002351EC100B1FF02AFD00
:107A400004460D46DAF848001FF0CCFC22462B46CF
:107A50001FF09CFFD8B9DAF870001FF0C3FC224673
:107A60002B461FF0A7FF68B12046294620F00AF8F0
:107A7000DAF82420DAF80830CAF87000CAF878205A
:107A8000CAF8743002B0BDEC028BBDE8F087022268
:107A900000235046CAF804208AF84D3002B0BDECED
:107AA000028BBDE8F047FFF797BE00BFAFF3008041
:107AB000399D52A246DF813F00000000AE4D684173
:107AC0000000E03F0000F03F399D52A246DF913FA9
:107AD0002DE9D04FD0ED097AD0ED086A9FED6E7A8E
:107AE0002DED028B77EEE67A84B0F4EEC77AF1EEF4
:107AF00010FA8DED020B00F19D80044660A3D3E9DE
:107B0000002351EC100B5BEC11AB1FF0C3FC5CA32A
:107B1000D3E9002306460F46D4E904011FF0BAFC5E
:107B200032463B46804689461FF0FCFA5B4B0022FA
:107B30001FF0B0FC41EC100B1DF03AFD52465B46C5
:107B4000D4E9060149EC188B59EC108B1FF0EAFAC6
:107B50004DA3D3E900231FF09DFC41EC100B1DF059
:107B600027FDB0EE407AF0EE607A47EC106B57ECF0
:107B7000176B1DF061FCB0EE407AF0EE607A51ECCC
:107B8000170BB0EE480AF0EE680ACDE900011DF0CF
:107B900053FCDDE9000153EC102B1FF07BFC324657
:107BA0003B461FF077FC32463B461FF073FC4246D3
:107BB0004B4606460F46404649461FF06BFC0246C0
:107BC0000B46304639461FF0AFFA02460B4643ECEF
:107BD000102BCDE900231DF045FDDDE90023B0EEBB
:107BE000408AF0EE608A2E4900201FF09BFA41EC9B
:107BF000100B1DF037FDB0EE401AF0EE601AB0EE3B
:107C0000480AF0EE680A1DF02BFDA06C59EC108BB1
:107C10001FF0E8FB1EA3D3E9002306460F464046AB
:107C200049461FF037FC02460B46304639461FF0E6
:107C3000C1FE20B904B0BDEC028BBDE8D08F4FF07F
:107C4000FF43002223670323A2676360012200230E
:107C500020469DED020B4BEC11AB84F84D20636781
:107C6000FFF75AFE20680028E4D00E4904B0BDECAE
:107C7000028BBDE8D04F14F073BC00BFAFF300809F
:107C8000399D52A246DF913F399D52A246DF813F86
:107C900000000000AE4D68410000C8420000E03F17
:107CA0000000F03FE0FE06002DE9F04F2DED028BC5
:107CB00055EC104B85B08246D54B10EE100A4FF0B4
:107CC000FF32294657EC116B12EE90BA1FF05EFEA0
:107CD000002800F065814FF0FF326FF480132046DA
:107CE00029461FF05DFE002800F05A81C84B4FF076
:107CF000FF32304639461FF049FE002800F050811F
:107D00004FF0FF326FF48013304639461FF048FEC3
:107D1000002800F04581BF4B0022204629461FF075
:107D20002BFE002840F03C81BB4B00222046294618
:107D30001FF040FE002840F03381B84B002230464F
:107D400039461FF019FE002840F02A81B44B00226A
:107D5000304639461FF02EFE002840F021810022D7
:107D60000023204629461FF0FDFD40B100220023DC
:107D7000304639461FF0F6FD002840F01181584684
:107D80001FF030FBA24B4FF0FF32804689461FF0B8
:107D9000FDFD002800F00B81404649464FF0FF32C0
:107DA0006FF480131FF0FCFD002800F0008107EE47
:107DB00090BAF5EEC07ADFED9B7AF1EE10FAB8BF1B
:107DC00017EE90BA9AF83830002B00F0088186A39D
:107DD000D3E90023DAE90A011FF05CFB82A3D3E9AF
:107DE000002380468946204629461FF053FB424621
:107DF0004B4641EC180BCDE900011FF093F98A4B7B
:107E000000221FF047FB41EC100B1DF0D1FBDAE91B
:107E10000C23304639468DED000B1FF083F974A317
:107E2000D3E900231FF036FB41EC100B1DF0C0FB23
:107E3000B0EE407AF0EE607A49EC108B59EC178B7B
:107E40001DF0FAFAB0EE407AF0EE607AB0EE480A31
:107E5000F0EE680A8DED027B1DF0EEFA42464B46CD
:107E60004046494659EC108B1FF014FB42464B46E6
:107E70001FF010FBDDE902231FF00CFBDDE90023FE
:107E800080468946104619461FF004FB02460B4601
:107E9000404649461FF048F902460B4643EC102B7A
:107EA000CDE900231DF0DEFBDDE90023B0EE408AC2
:107EB000F0EE608A5D4900201FF034F941EC100BB0
:107EC0001DF0D0FBB0EE401AF0EE601AB0EE480A9A
:107ED000F0EE680A1DF0C4FB59EC108B46A3D3E901
:107EE000002310EE100A49461FF064FD002800F040
:107EF000A180DAF83C300133022B40F3BF8000232D
:107F0000CAF83C30CAE90A45CAE90C6758461FF06E
:107F100069FA3BA3D3E900231FF0BCFA1FF0B2FDBE
:107F2000DAF80430CAF84000002B43D10123CAF824
:107F300004301FF057FA34A3D3E900231FF0AAFA44
:107F40001FF0A0FDDAED117A07EE100AF4EEC77A01
:107F5000F1EE10FA24D8DAF82430CAF82030CAF842
:107F60005C30DAF80000DAF80830CAF85030022342
:107F7000CAE90445CAE90667CAF80430002873D084
:107F80002B4914F0EDFADAF80430022B6CD0032BF5
:107F900006D147EC116B45EC104B5046FFF7BCFC8B
:107FA0004FF0FF3005B0BDEC028BBDE8F08F4FF015
:107FB000000B07E7012BE8D11FF014FA12A3D3E955
:107FC00000231FF067FA1FF05DFDDAED117A07EE6E
:107FD000100AB4EEE77AF1EE10FAE1DBBBE7012319
:107FE0008AF838308EE700BF399D52A246DF913FB4
:107FF000399D52A246DF813FE5BC41B4BE92043FA9
:108000006F1283C0CAA1FD3F84BFAAD645E2E33FF9
:10801000FFFFEF7F008056C000805640008066C0A2
:1080200000806640000000000000E03F0000F03FDC
:108030007CFE0600CAF83C00DAF824001FF0D2F9F2
:1080400011A3D3E9002341EC180B404649461FF029
:1080500021FA02460B4651EC180B1FF065F81FF091
:1080600011FDCAF824004DE747EC116B45EC104BAD
:108070005046FFF72DFDDAF8043088E7CAF83C30A7
:108080008EE700BFAFF3008000000000AE4D6841F6
:1080900090F84C00704700BF90F84D00704700BF4B
:1080A000C06E704790F84C305BB1036D80688342BE
:1080B00005D900F1A46000F5CB2000F58060C01A5E
:1080C00070471846704700BF406D7047806D70471D
:1080D000806E704790ED177A90F84C30B5EE407A8C
:1080E000F1EE10FA09D07BB3026D8368D0ED097A06
:1080F0009A4237EEC77A0BD904E043B3026D836826
:108100009A4224D903F1A46303F5CB2303F58063DA
:10811000B5EE407AF1EE10FA19D090ED190AB5EEED
:10812000400AF1EE10FA14D09B1AD0ED166A07EE51
:10813000903AF8EE666AF8EE677A87EE876AC6EEDE
:10814000807A36EE670A70479FED020A7047B0EEFC
:10815000470A70470000000070B590F90230002B0C
:1081600082B004460DDBA56805F1240003F0F4FAA3
:1081700000283FD1637843F001036370002002B010
:1081800070BD8068A1692430012203F0A5FA00289F
:10819000F0D0A58805F00F056B0100EB4515C35C19
:1081A000E52BE7D023781A4A03F03703EB722378E4
:1081B00016681B0744BFE369EB61236A6B831B0CE2
:1081C000AB8266B10DF103020DF1060101A8B047C3
:1081D000BDF80430BDF806202B836B82EA82A378B9
:1081E000A56803F07F03A37005F1240003F0B4FA3F
:1081F0000028BFD005F50D7003F0AEFA0028B9D005
:1082000028680368DB6998470028B3D0B7E700BF48
:1082100020310120F8B503785B0604D4244B426971
:108220009A42044602D300273846F8BD02468068C9
:1082300052F8105F294602F02DF807460028F2D0C8
:108240003DB32669A1780135AE4218BF01F0BF01E8
:10825000A06861F07F01A170817943690579023ED0
:108260008E401E44DDB10025294606E020F046F888
:10827000A0680279E9B28A4210D93144052224303B
:1082800003F02AFA01354FF4007200210028EDD1E5
:10829000C9E7A178266941F04001D9E7817962698F
:1082A0004FF400738B4012FA83F363613846F8BDD4
:1082B00000FE1F0010B5044680680A462430A169FC
:1082C00003F00AFA20B1A38803F00F0300EB431078
:1082D00010BD00BF70B5037882B00446002B4ED0AD
:1082E00090F90230002B10DBA56805F1240003F0A3
:1082F00033FA002849D1637843F00103637000200A
:1083000000232370A37002B070BD8068A16924307F
:10831000012203F0E1F90028EDD0A58805F00F0552
:108320006B0100EB4515C35CE52BE4D023781D4AB7
:1083300003F03703EB72237816681B0744BFE36929
:10834000EB61236A6B831B0CAB8266B10DF10302F8
:108350000DF1060101A8B047BDF80430BDF80620B4
:108360002B836B82EA82A378A56803F07F03A37056
:1083700005F1240003F0F0F90028BCD005E000234B
:1083800001202370A37002B070BD05F50D7003F0DD
:10839000E3F90028AFD028680368DB699847002814
:1083A000A9D0ADE7203101200B7813F0D00F01D117
:1083B000002070472DE9F04340F6022389B00D46B6
:1083C000044601F043F8002800F0818001221023C8
:1083D000A27023702046FFF71DFF002877D0237876
:1083E000226922626BB1636933B1A3780022C4E9C8
:1083F000042223F02003A3702046FFF7ADFE0028DF
:1084000065D0A068A1692430012203F065F9002835
:108410005DD0A68806F00F0600EB46161023F37217
:10842000B26830687168F368D4F808E0276A9EF88B
:108430000680B6F81A90EC46ACE80F003069716916
:10844000B269F369023FACE80F00DEF8141007FAD6
:1084500008F74FF0203339440EF124000122B6F81A
:108460001480CDF80130CDF80530ADF8093003F0B7
:1084700033F9064658B34FF02E0CADF81480ADF822
:108480001A908DF800C06F460FCF30607160B260F7
:10849000F3600FCF30617161B261F3612B6A8DF8C7
:1084A00001C01A0CADF81A30ADF814206D460FCD8E
:1084B00030627162B262F3620FCD30637163B26396
:1084C000F363A46804F1240003F046F918B900200E
:1084D00009B0BDE8F08304F50D7003F03DF9002804
:1084E000F5D020680368DB6909B0BDE8F0431847A0
:1084F0002DE9F04395B00578019206460020ADF8CD
:108500001400ADF82C008DF82E00002D3FD11F4631
:108510000B7813F0D00F0C4639D013782F2B15465B
:1085200039D0002F5ED00DF1040802AF4FF00009E2
:1085300020E0019D2D78002D48D000F087FF0346F4
:108540003A462146304613B9FFF72EFFF8B13546BB
:108550000FCD0BAC0FC40FCD0FC433782A68226047
:1085600030460BB1FFF7F8FD019D86F8009086F8C4
:1085700002900BAC294643463A46304601F0ECF8EF
:1085800005463A46214600233046002DD1D1002031
:1085900015B0BDE8F083013501952A782F2AFAD06D
:1085A000A4680BA8242200211FF0A8FE0D94E379F3
:1085B000102B03D0202B11D00C2BE8D140238DF8A9
:1085C0002C3001230BAC8DF82E30AAE73A46214619
:1085D0003046FFF7E9FE15B0BDE8F08380238DF843
:1085E0002C30EEE7B9460DF1040802AF10E00FCDD4
:1085F0000FC40FCD0FC433782A68226030460BB108
:10860000FFF7AAFD019D86F8009086F802900BAC5A
:10861000294643463A46304601F09EF805463A461A
:10862000214600233046002DB1D0019D2D78002D2C
:10863000CCD000F00BFF35460BAC0028A7D0D6E716
:108640002DE9F04194B00478019206460020ADF87F
:1086500008008DF80A00ADF83800002C30D198469B
:108660000B7813F0D00F0D462AD013782F2B144619
:108670002AD0002717E0019C2478002C3AD000F083
:10868000E5FE354602ACD8B10FCD0FC40FCD0FC4F7
:1086900033782A68226030460BB1FFF75DFD019CFC
:1086A0003770B77002AD214601AB0BAA304601F01E
:1086B00053F804460BAA294600233046002CDAD191
:1086C000002014B0BDE8F0810134019421782F29F5
:1086D000FAD0B1B9AC68242230461FF00FFEB46066
:1086E000E379102B03D0202B25D00C2BE8D140238D
:1086F000337022E043460BAA00F0A8FE14B0BDE898
:10870000F081AD6802A8242200211FF0F7FD049536
:10871000EB79102B03D0202B05D00C2BD0D140238C
:108720008DF8083002E080238DF80830012302AD77
:108730008DF80A309DE7802333700120B070C0E7C8
:1087400019B101F24441FFF77BBF0846704700BFF3
:10875000074B10B41C683CB113460A4604F244416E
:108760005DF8044BFFF76CBF20465DF8044B704783
:108770001C310120CB6870B50D46044693B90678CC
:108780000EB1184670BD8D68242231461FF0B6FD2B
:10879000A560EB79102B19D0202B11D00C2B15D004
:1087A000304670BD242200211FF0A8FD01231022B5
:1087B0002270A370D5E902121846A160226270BD32
:1087C000802323700123A370184670BD40232370BB
:1087D000F8E700BF70B504780CB1002070BD054605
:1087E0000E46242221461FF089FDAE60F379102B3E
:1087F00005D0202B09D00C2B01D0204670BD402382
:108800002B700124AC70204670BD80232B70F8E7DC
:108810002DE9F04F8378DF0783B0054640F1908063
:108820000F4601780E07914600F193804C0608D55B
:10883000826843695289C3EB42139BB2994528BFB2
:108840009946B9F1000F00F0B0806B69AA6848063C
:108850004E464FF0000805F1100AC3F3080B40D54F
:10886000116A01EB5321BBF1000F56D1B6F5007F21
:1088700053D3106B814250D0B6F5806F72D32B78F2
:108880005B064FEA562B05D41379A3EB08039B45EF
:1088900028BF9B4681424FEA4B240DD801EB0B03C6
:1088A000984209D202F124000191009202F054FF93
:1088B000DDE90021002843D0906A02685B46D2F8C7
:1088C00014B03A46D84700283AD06B69361B234487
:1088D00027446B6169D02978AA684806C3F3080B5E
:1088E000BED492F8058008EA5328BBF1000F37D1B7
:1088F000B8F1000F34D1002B3ED10C064CBF116AE9
:10890000296A296193795469023901FA03F308EB62
:1089100004011944BBF1000FA8D0CBF50074B44298
:1089200002F124004FF0000228BF344602F0D4FECA
:1089300030B100EB0B01224638461FF0B7FCC4E70C
:108940006B784FF0FF3043F002036B7003B0BDE86B
:10895000F08FC36942699B1A994528BF994670E711
:108960002969CFE7906A03683A461B69984700284F
:10897000E6D04FF40074A8E7080705D5AB78590690
:1089800002D52869411CBCE710462969524601F00E
:1089900025FD0028D4DB02D0AA682969B2E72B782C
:1089A00013F0D00FCCD0A9EB0609484603B0BDE8C0
:1089B000F08F00BF70B582B001220DF10701D0E940
:1089C00004560446FFF724FF01280CBF9DF807005A
:1089D0004FF0FF30C4E9045602B070BD30B54369B2
:1089E00013F4F07F83B00446C3F3431500D089B974
:1089F00001220DF107012046FFF70AFF40B20128CE
:108A00000BD163691F336361A068343000EB4510FC
:108A100003B030BD20334361F6E7002003B030BD22
:108A20002DE9F041037807690446002B3BD00D4641
:108A30004169A94244D0002D39D018072CD5E269EC
:108A4000AA4230D3D4F808C0A2789CF806000930B6
:108A5000C0B26E1E12F0400F26FA00F633D14A1E45
:108A600022FA00F0864201D3002930D11B064CBF08
:108A7000DCF82030236A236104F1100807E0216943
:108A8000A06801F0ABFC002806F1FF360BDD424682
:108A9000002EF4D1A2780CE05A06D3D5A3685B89E6
:108AA000B5EB431FF6D927610020BDE8F08182783D
:108AB000056122F02002A27065610120BDE8F0810D
:108AC0000120BDE8F081236A1E442661F1E7361AD1
:108AD000D2E700BF2DE9F0410D4690460021242247
:108AE00004461E469DF818701FF008FCA8682B6A03
:108AF000E36000F1340508F00F0305EB4315A060B7
:108B0000A4F80480EA7A110712D402F03702227026
:108B1000EB7AE77013F0180F08BF42F0080206F076
:108B2000030308BF2270012B37D0022B1AD023B1C8
:108B300000202070A070BDE8F0817205F8D406F026
:108B4000080343F00103A370AB8A698B026BA26137
:108B500041EA03412162EB69E361720421D40120FF
:108B6000BDE8F0810323A3701946D306E0D4D307F0
:108B7000DED406F0080342F020020B432270A370FB
:108B8000AA8A698B076BA761770541EA0241E1D5A3
:108B900071B963F07F03A370DFE70223A370194666
:108BA000E3E7E1692046FFF73BFF0028D7D1BFE7A5
:108BB00001F088FC0028BBD0A378EAE70378002BFB
:108BC0003FD12DE9F0470B7813F0D00F84B00C465D
:108BD0002CD0D1F814C01CF01F0527D106469046B2
:108BE000A94601220DF10F0120464FEA5C17CCF394
:108BF000431AFFF70DFE40B2012817D16269A3683E
:108C000002F11F0C34334FEA4A12C4F814C09A5CC4
:108C100003EB4A1352B12E2A06D0E52A04D0D97AA2
:108C2000080710D50F2905D00025DAE7002004B089
:108C3000BDE8F0875106D4D593F80D9002F01F05DA
:108C4000CFE700207047002D47D0587893F809C02F
:108C5000D10141EA52021118C1F34602987842EA62
:108C6000C11250FA82F1C1F34602D87842EAC11229
:108C700050FA82F1C1F34602187942EAC11250FA61
:108C800082F1C1F34602587942EAC11250FA82F1E8
:108C9000C1F34602987942EAC11250FA82F1C1F357
:108CA0004602D87942EAC11250FA82F2C2F3460172
:108CB000187A41EAC21150FA81F1C1F34602987A5A
:108CC00042EAC1135CFA83F2C2F3460343EAC213D9
:108CD00050FA83F3DBB24B45A8D100954346BAB2B4
:108CE00021463046FFF7F6FEA1E700BF0378002BD0
:108CF0004ED070B590F90230002B82B004460DDBE7
:108D0000A56805F1240002F027FD002842D1637810
:108D100043F001036370002002B070BD8068A16958
:108D20002430012202F0D8FC0028F0D0A58805F0FC
:108D30000F056B0100EB4515C35CE52BE7D02378ED
:108D40001B4A03F03703EB72237816681B0744BFF6
:108D5000E369EB61236A6B831B0CAB8266B10DF197
:108D600003020DF1060101A8B047BDF80430BDF8BB
:108D700006202B836B82EA82A378A56803F07F0329
:108D8000A37005F1240002F0E7FC0028BFD001E049
:108D90000120704705F50D7002F0DEFC0028B6D00A
:108DA00028680368DB6998470028B0D0B4E700BFA3
:108DB000203101202DE9F04F83789C0783B00546D0
:108DC00073D591461A07884677D46A69D3434B45D1
:108DD0006BD3B9F1000F00F0D6804F464FF4007A04
:108DE0003AE0002E7DD1002900F08880AB785B0648
:108DF00040F19B80EB69934240F2978001312961F9
:108E000082794369023991401944B7F5007F5ED3F6
:108E1000B7F5806F76D30379026B1B1B7C0AA342E4
:108E200028BF23468A424FEA432408D35E18B24241
:108E300005D200264FF0FF3280F824600263806A7A
:108E40000268566A4246B04778B36A693F1B2244BB
:108E5000A0446A6100F09780A8682969447914EAFF
:108E60005224C2F30806BCD082794369023991408A
:108E700019442144002EC8D0C6F50074BC4228BF56
:108E80003C460122243002F027FC70B130442246D7
:108E9000414626441FF00AFAB6F5007FD5D1A868EE
:108EA000243002F059FC0028CFD16B7843F0010345
:108EB0006B70002003B0BDE8F08FC169FFF7B0FD13
:108EC0000028F2D06A69D3434B4582D2EDE76A6944
:108ED000EB6957453C4628BF54469A4207D30522C2
:108EE000D0E782794369023991401944C4E7AB78ED
:108EF00013F0200F14BF05220122C3E7296A01B332
:108F000029617DE7036B8B4205D100224FF0FF33CF
:108F100080F824200363806A036842461B6A9847EE
:108F20000028C2D04FF400748FE705F110020192BF
:108F300001F054FA0028B8DB019A10D0A86829691A
:108F40005EE705F1100201F0A5F90028ADD0AB787D
:108F50002969A868296263F03F03AB7050E7D5F830
:108F600010B0A868594601F095F900289DD0BBF1D2
:108F7000000F1BD1AB78296943F0400363F07F03F6
:108F8000A868AB703CE7EB69934206D2AB78EA6124
:108F900063F07F034846AB708CE70A4B1B6873B1E4
:108FA000AB7863F07F034846AB7083E72969AB7801
:108FB0000BF1010B594518BF03F0BF03DEE748462C
:108FC00078E700BF203101202DE9F04F0746144615
:108FD0009846064689460FCF8DB003AD0FC50FCF1B
:108FE0000FC53B682B6000232268A3814346626063
:108FF000CDF80480002B3FD04FF0010AA9EB0A0105
:1090000089B2490103A8FFF70BFD50B3002103A863
:10901000FFF7E4FC074620B300250DE002F0C8FB93
:109020008046584602F0FCFC8346404602F0F8FCBD
:10903000834516D10D2D18D0EAB23946304600F0DE
:10904000B7FFA389834601352046002BE6D1D4E93A
:1090500001329342E2D1BBFA8BF040090DB0BDE87A
:10906000F08F00200DB0BDE8F08F019B0AF1010ADE
:109070005FFA8AFA5345C1D20120EFE72DE9F04F9C
:1090800092F816E0D77D167E557E4FEACE1C4CEA4C
:109090005E0C0CEB070ECEF3460C4CEACE1C56FAD7
:1090A0008CFECEF3460C4CEACE1C55FA8CFE1446D0
:1090B000CEF3460C927E94F81E804CEACE1C52FAF7
:1090C0008CFECEF3460C4CEACE1C94F81BE0054611
:1090D0005EFA8CFECEF3460C8A461F460FCD4CEA54
:1090E000CE1C94F81CE08DB05EFA8CFECEF3460CDC
:1090F00003AE0FC64CEACE1C0FCD94F81DE05EFA0D
:109100008CFECEF3460C4CEACE1CD5F800E058FAA3
:109110008CF50FC6E17F94F82020C6F800E0C5F377
:10912000460343EAC51351FA83F3C3F3460949EAF8
:10913000C31952FA89F92368636000265FFA89F33C
:109140000093A681002F50D047F04003B046012580
:109150000193AAEB050189B2490103A8FFF760FC5E
:1091600000284ED0002103A8FFF738FC002848D083
:10917000059A019992F82430AF4243F0010382F836
:10918000243008BF8C46009B80F80C8018BFAC468A
:109190000F2100F101094373A0F81A8080F800C084
:1091A000C1724FF0000B05E0A9F800000BF1010BB4
:1091B00009F10209A08918B9D4E901318B4218D00C
:1091C000204602F0F5FABBF1040F5FFA8BF1EBD900
:1091D0000A2902D8A9F80300E8E70C29A9F8050034
:1091E000E4D10135EDB2AF42B3D201200DB0BDE8FC
:1091F000F08F26B10136F6B24FF6FF70E3E7012695
:10920000E1E700200DB0BDE8F08F00BF2DE9F04789
:1092100003464FF0203153F8162B8768C0F816101C
:109220005960C3F8071013782E2B14BF4FF0010EAE
:109230004FF0000E03D112F8013F2E2BFBD0791E08
:10924000914288BF0B4603D807E09A42194604D0E2
:109250001946013B0C782E2CF7D197424FF0000CA9
:1092600040F283806446E2464FF007084FF0080959
:1092700013782E2B20D0222B20D07C2B1ED0A3F1B4
:109280005B05022D1AD9A3F12A05052D57D9A3F1A3
:109290003A05052D61D9A3F121055D2D5DD8444521
:1092A0002CD8A3F16105192D50D8203B4CEA090CAC
:1092B000DBB25FFA8CFC06E0914239D044451DD800
:1092C0004FF0000E5F23651C0619ECB2062CB37537
:1092D00002F1010298BF0475BA42C9D3837D202BE5
:1092E00014D0BEF1000F16D01CEA0A0F18BF4FF0C1
:1092F000020C80F815C07046BDE8F087B8F10A0F7F
:1093000001D091421ED2837D202B04D14FF0000E5C
:109310007046BDE8F087037D03444FF0010E7E21C7
:10932000312280F815E09975DA757046BDE8F0874E
:109330004A1C4FF00A0808244FF01009CCE72D2BE7
:10934000ADD0BBE70A464FF0000EC5E7A3F14105DB
:10935000192D98BF4AEA090AB5E703F0C003802B2C
:10936000ACD101324FF0000EB6E7E246B6E700BFDF
:109370002DE9F8430F7D0E46044601F116054FF026
:1093800062084FF07E0914F07BF8032F28BF0327F3
:1093900000F00F023B1D092ADBB28CBF02F137013E
:1093A00002F13001F218FB1C9175DBB2C0F303121D
:1093B000092A33448CBF02F1370102F1300180B237
:1093C0009975BA1CC0F30323092BD2B28CBF03F1E9
:1093D000370103F1300132447B1CDBB29175B0F5EB
:1093E000204F4FEA1031334406EB07022CBF3731D0
:1093F000303199752046002182F81690FFF710FB56
:1094000001212046FFF7EAFA03460B2228461946B7
:1094100093B193F800C0BCF1000F13D0DB7A1B07A7
:10942000EED41EF035FF0028EAD108F1FF3818F01D
:10943000FF08A8D1404603E06078B0FA80F0400908
:10944000BDE8F8830120BDE8F88300BF2DE9F04FA7
:109450002DED028B0E4609788BB011F0D00FCDE9BF
:10946000020300F0A1800378002B40F09D80136977
:10947000B64992460C33527DA1FB03139207C3F306
:1094800087034FF0000118BF5F1CB2680593304698
:109490000C4614BFFFB20127069107928B46FFF7D7
:1094A000BFFA0AF1160308EE103AA146A04604944A
:1094B000756900213046C5F34F15FFF78FFA002874
:1094C00000F0B2800378E52B74D0002B72D0BC4240
:1094D00038BF00242E2B77D0C27A0F2A77D01307FB
:1094E00072D4B9F1000F0ED118EE101A0B221EF033
:1094F000CFFE0028DCD19AF8153013F001034FD0CD
:1095000001230493D4E7BBF1010F4DD102784178D8
:10951000447AD30143EA52035A18C2F346038178CE
:1095200043EAC21351FA83F2C2F34603C17843EA15
:10953000C21351FA83F2C2F34603017943EAC2131C
:1095400051FA83F2C2F34603417943EAC21351FA56
:1095500083F2C2F34603817943EAC21351FA83F2DC
:10956000C2F34603C17943EAC21351FA83F2C2F34C
:109570004603017A43EAC21351FA83F2C2F3460367
:1095800043EAC21354FA83F2C2F34603817A43EAF0
:10959000C21351FA83F3069ADBB29A4204D14B46C6
:1095A000039A110540F1BC8000200BB0BDEC028B8A
:1095B000BDE8F08F002C08BFA846BC423CBF013478
:1095C000E4B2A3B3E52B85D14FF0000970E7B9F100
:1095D000000F1CD1059A03F01F0B5A457FF468AFAA
:1095E00013F040093FF464AF437B06939146BBF10F
:1095F000010F7FF45DAF691C4B4689B2524630467D
:10960000FFF7E2FC002808BF4FF0000950E70BF11C
:10961000FF3B5FFA8BFB5B45D6D1437B069A9342B7
:10962000E5D04FF0000943E77378002BBCD1039BD2
:109630001A469205B8D503F00303013B012BB3D8BA
:10964000002C08BFA846BC4203D31CE0DCB2A742F2
:1096500019D000213046FFF7C1F9631C0028F5D16D
:109660007378002BA0D1BC420DD2079D05E02B7969
:1096700004EB0314E4B2A74205D93046FEF7CAFD55
:109680000028F4D190E7049B002B51D17B1EDBB264
:1096900008EB0305ADB22946524630460493FFF766
:1096A000EDFC002880D069013046FFF7B9F90028A9
:1096B0003FF47AAF00213046FFF790F904460028C6
:1096C0003FF472AF202200211EF018FE52462049BE
:1096D00052F8160F049B5768676020601089927AD1
:1096E000A27220819AF815200F6802F018022273E6
:1096F0002FB30DF123020DF1260109A8B847BDF8DB
:109700002400BDF826109DF82320049B2082E181CF
:109710006273079991F8242042F0010281F8242015
:1097200000930298039B2A463146FFF7D3F93CE7A2
:1097300051463046FFF71CFE0028A7D134E7054A02
:10974000226145F621412183E3E700BF4FECC44E7F
:1097500020310120215C215CF0B5084609782029E0
:1097600083B015461E4603D110F8011F2029FBD0F7
:10977000002428602C61017889B1284F2F293BD023
:1097800001AA011D02F0EEF848B10199B1F5803F40
:1097900008D27F2904F1010422D81F2912D8002001
:1097A00003B0F0BD02342C61A86001780029E5D136
:1097B0002B69013BFE2BF2D830602846FFF726FDCF
:1097C00003B0F0BDCAB2A2F12203DBB21D2B0AD94D
:1097D00002F0BF033C2BE2D05C2AE0D02E29E4D07B
:1097E0002029E2D0DFE727FA03F3DB07D7D43C2AAE
:1097F000D5D02E29D9D0F3E72B69013BFE2BCED84B
:109800000346184613F8012B202AFAD02F2AF8D045
:1098100030602846FFF7FAFCD2E700BF0121003193
:10982000F0B582788BB000239207ADF804308DF844
:1098300006305ED5016A044621B1806800F042FE20
:10984000002856D001212046FEF734FD002850D0D4
:10985000057843788678C278E90141EA55011944D0
:10986000C1F3460343EAC11156FA81F3C3F346013B
:1098700041EAC31152FA81F1067943798579C1F33E
:10988000460242EAC11156FA81F2C2F3460141EAA8
:10989000C21153FA81F1C1F3460343EAC11355FAE9
:1098A00083F1C279067A457AC1F3460343EAC113CC
:1098B00052FA83F3C3F3460242EAC31356FA83F221
:1098C000C2F3460343EAC213E527077055FA83F350
:1098D000817AA668C3F34605002245EAC31551FA0A
:1098E00085F506F124002270A270EDB201F034FF7C
:1098F00010B900200BB0F0BD06F50D7001F02CFF83
:109900000028F6D030680368DB6998470028F0D05B
:10991000E378002BEED001A82146FEF72BFF0028AC
:10992000E7D0E378002BE4D0012620E0FFF756F8DB
:10993000731CF1B25FFA83FC9EB20028D9D0C37ABF
:109940000F2BD6D1027802F01F038B42D1D1437B7B
:10995000AB42CED10770A16891F8243043F00103E7
:1099600081F8243053060FD4E3786345C1D3A1882E
:10997000891B89B2490101A8FFF752F8034600216B
:1099800001A8002BD2D1B4E7A46804F1240001F0AF
:10999000E3FE0028ADD004F50D7001F0DDFE0028D7
:1099A000A7D020680368DB699847A3E770B5044631
:1099B0004FF400720021406A1EF0A0FC656A226923
:1099C000216805F2BF1001F019FFA369226921681F
:1099D0001A4405F2C310013A01F010FF94F82A303E
:1099E00085F8C231E0692369C5F8C631A269036808
:1099F000C5F8CA214AF65522A5F8FE211B6A626AFB
:109A00000021BDE8704018472DE9F041D0F814C09E
:109A100090F82B70456AACF58072B2FBF7F202F257
:109A200001114FF48073090A04464360480000F1B5
:109A3000A1069E42A1600ED98033ACEB0302B2FBBB
:109A4000F7F202F20111090A480000F1A106B3423F
:109A5000F2D3C4E901319B1BA2F6F57103F1800634
:109A6000B1F5704F266180F09180213002FB070034
:109A7000B0F5803F34BF0421062181330122A0616B
:109A8000E36084F82A1022852046FFF78FFF10B983
:109A90000020BDE8F081636A4FF400761846324634
:109AA00000211EF02BFC03464FF02032EB277620DE
:109AB00090211F70C3F80320C3F8072058709970D5
:109AC000A3F80B6094F82B1059730227F821208D0E
:109AD0001F7459752169D961A16919624AF6552126
:109AE000D881A3F8FE114348A168C5F82F2036237A
:109AF0004FF0800C2927C5F82B20C5F8322085F8B7
:109B000024C085F82670C5F8360085F83A30E0693B
:109B1000394A0368C5F827201B6A626AA5F81160F4
:109B2000E982216998470028B2D06768E368606AD3
:109B300032460021FF1A1EF0E1FB206A002855D0B2
:109B400003682E495B680C229847012F2AD9DFF859
:109B5000B8807E0901250FE0B5FBF6F306FB135331
:109B600001353BB9236A01224146184613B11B68EF
:109B70005B689847AF4215D9E069E1680368626A9B
:109B80001B6A294498470028E6D181E7206A00280B
:109B90003FF47EAF03681A495B68132298470020A0
:109BA000BDE8F081206A20B1036816495B68022293
:109BB0009847636AF8221A70626AFF235370626AD8
:109BC0009370626AD370E069626A0368E1681B6A35
:109BD000984700283FF45CAFE069E568A168036836
:109BE000626A1B6A2944BDE8F0411847012FAED8CC
:109BF000DFE700BF4641543187D61200FCFE060065
:109C00000CFF06005C130700A0D706002DE9F04109
:109C1000D0F814C00546ACF5804190F82B00B1FB9C
:109C2000F0F101F18103DB0942F209074FF48042B0
:109C300007EB43044FF4005E9442C5E901236E6ACA
:109C4000C5F810E040F2FF8002F50052ACEB0201D3
:109C5000B1FBF0F101F18103DB0907EB4304A24200
:109C60004FEA430EF0D3C5E901234FF6F47399424E
:109C700040F2DD80A2F50053A3EB0E0E8F4B01FBEB
:109C800000221FFA8EFE9A4294BF0B230C230EF57E
:109C90000051A2F50052A5F828E0E960AA6185F814
:109CA0002A302846FFF782FE10B90020BDE8F08177
:109CB0006B6A4FF400741846224600211EF01EFB0A
:109CC00003464FF02032EB27762090215870C3F8DE
:109CD0000320C3F807201F709970A3F80B4095F874
:109CE0002B105973F82002212F8D1974587528698B
:109CF000D861A86918624AF65520DF81A3F8FE01F1
:109D0000D5F808C0C6F84B20C6F84720C6F84E2044
:109D100080276B4A86F8407029203223C6F85220EB
:109D200086F8420086F85630E869664A0368664F4E
:109D30001B6AF162C6F824C03763C6F843206A6A1A
:109D4000296998470028B0D0E869296903686A6AD8
:109D50001B6A063198470028A7D022460021686A6E
:109D60001EF0CCFA594BE869C6F8FC312969036842
:109D70006A6A1B6A02319847002896D0E869296907
:109D800003686A6A1B6A0831984700288DD0504BD7
:109D9000504AE86933604FF0FF33C6E97923C6F8CB
:109DA000EC31296903686A6A1B6A01319847002807
:109DB0003FF47BAFE869296903686A6A1B6A073167
:109DC000984700283FF471AFAB6895F82B70686A2C
:109DD0002246002107EB43071EF090FA286A00286C
:109DE00068D003683C495B680C229847012F2DD945
:109DF000DFF8F0807E0901240FE0B4FBF6F306FBE8
:109E0000134301343BB92B6A01224146184613B172
:109E10001B685B689847A74218D9E869E968036836
:109E20006A6A1B6A214498470028E6D13DE7286A00
:109E300000283FF43AAF036828495B68132298472B
:109E40000020BDE8F0814FEA430E0EE7286A20B1FA
:109E5000036823495B68022298476B6AF8221A70EC
:109E60006A6AFF2353706A6A93706A6AD3706A6A77
:109E700013716A6A53716A6A93716A6AD3716A6A02
:109E800013726A6A53726A6A93726A6AD372E86971
:109E90006A6A0368E9681B6A984700283FF405AFBF
:109EA000E869EC68A96803686A6A1B6A2144BDE82E
:109EB000F0411847012F9BD8CFE700BF0004FB00FB
:109EC0004641543387D6120001000600000055AA0F
:109ED0005252614172724161FCFE06000CFF0600A5
:109EE0005C130700A0D7060038B504460868E16196
:109EF000C4E9083283690846984700F2FF73DB0A19
:109F0000062B606123601DD9102B13D8022384F81F
:109F10002B30B0F5800F204627D2FFF775FD0546A0
:109F2000206ACDB120B103681E495B680D229847B5
:109F3000284638BD202B1CD9402B1ED8082384F876
:109F40002B30E6E7206A20B1036817495B681422CA
:109F500098470025284638BD0028FAD003681349E1
:109F60005B680F229847284638BDFFF74FFE05462D
:109F7000D6E7042384F82B30CBE7802B06D9B3F542
:109F8000806F07D8202384F82B30C2E7102384F891
:109F90002B30BEE7B3F5004F94BF4023802384F8F5
:109FA0002B30B6E738FF060020FF060048FF06000A
:109FB000042A04D801EB4201B1F8010070470A2AD3
:109FC00003D801EB4201888870470C2A9ABF01EB45
:109FD0004201C888002070472DE9F04104780F46FF
:109FE00084B114F0C004904608D0012A0AD92F2267
:109FF00000230A704B700120BDE8F0812146FEF776
:10A0000059F918B900203870BDE8F081034625469B
:10A010004FF0080C0EE0027B1CEA020F01D0203644
:10A02000F6B2611C41452246ECD201350C2DBE54DE
:10A03000CCB20CD0082D0FD013F8016BA6F1410261
:10A04000192AE8D9202EECD101350C2DF2D10023AC
:10A050003B552046BDE8F0811A78202AF7D04FF012
:10A06000100C2E26DDE700BF2DE9F04F8DB00378F0
:10A0700000258846ADF80C508DF80E50002B5BD0B3
:10A08000C3780446002B5DD003A821461746FEF78F
:10A0900071FB002850D0E078002849D0013FDFF85C
:10A0A000E4A047442A46C3464FF00109A188019223
:10A0B000A1EB090189B2490103A8FEF7B1FC002810
:10A0C0003AD0002103A8FEF789FCA8B3C37A0F2B6E
:10A0D00032D101785FFA89F301F01F0199422BD147
:10A0E000019A461C0025042DEBB23ED8338872BB82
:10A0F00003F5205292B2B2F5006F3DD3ABB11846D2
:10A1000059463A4601F0DAFB8346A8B100220135F0
:10A110000D2D06F10206E6D109F10109E1785FFA99
:10A1200089F399421FFA89F9C0D2ABEB0800D846EF
:10A13000002388F8003002E0002088F800000DB00D
:10A14000BDE8F08FFFF748FF0DB0BDE8F08F03F5D5
:10A15000105189B2B1F5806FEED20AEA8220C3F3C2
:10A160000903034303F58030CAE70A2B94BFB6F80E
:10A170000330B6F80530BAE7B2F5806FDCD21A4684
:10A18000C5E700BF00FC0F002DE9F843C379202B81
:10A1900006460C46174659D0102B3ED00C2B52D1F8
:10A1A000C1F34E0515FA81F5037A8169C5F3462896
:10A1B000022B884400F50D7914BF01220322414689
:10A1C0004846ADB201F088FA00283CD014F00104F2
:10A1D000C5F3080550D0435D6A1C03F00F0343EA42
:10A1E0000713B2F5007F43554ED1337A022B14BFCB
:10A1F0000122032208F10101484601F06DFA10B373
:10A200003A09002C44D10378C2F3031223F00F0360
:10A21000134303700120BDE8F883027A8369022AA0
:10A22000C1F30721194414BF0122032200F50D7068
:10A2300001F052FA034630B1640004F4FF740120C7
:10A240001F53BDE8F8830020BDE8F883037A8169D5
:10A25000022B14BF0122032201EBD41100F50D7073
:10A2600001F03AFA03460028EDD0A40004F4FE748D
:10A2700001201F51BDE8F8836B1CB3F5007F4755E3
:10A28000B3D03A091844BEE7C7F307131044C0E738
:10A29000D3B2BEE72DE9F84FC468C3698C420546C6
:10A2A0000E4617462EBF4FF001080C464FF000082F
:10A2B00000F50D7901349C420DD9B8F1000F03D19E
:10A2C000EC680134A34204D24FF000084046BDE8D8
:10A2D000F88F4FF00108A642F6D0012CF4D9EB79A3
:10A2E000202B2AD0102B5BD00C2BEDD1C4F34E0ABF
:10A2F000A9692A7A1AFA84FACAF3462B022A8B44ED
:10A3000018BF0022594648461FFA8AFA01F0E4F9BC
:10A310000028D9D0CAF3080A0AF10103B3F5007F77
:10A3200010F80AA04ED018440278E3074AEA022245
:10A330004CBF1211C2F30B020FE02A7AA969022A5C
:10A3400018BF002201EBD411484601F0C5F90028DE
:10A35000BAD0A30003F4FE73C258EB699A42A9D89D
:10A36000002AA7D1B8F1000F00D0EC609C42ABD816
:10A370006FF0704221462846FFF706FF804600280E
:10A38000A2D05EB1012E9FD9EB699E429CD8314686
:10A3900028462246FFF7F8FE002895D03C6095E756
:10A3A0002A7AAB69022AC4F3072118BF0022194494
:10A3B000484601F091F9002886D0630003F4FF734A
:10A3C000C25ACAE72A7A022A18BF00220BF10101F9
:10A3D000484601F081F90028A6D175E7012949D93D
:10A3E0002DE9F843C3698B420C4605463ED3C37939
:10A3F000202B164641D0102B51D00C2B36D1C1F357
:10A400004E03027A13FA81F38169C3F34629022AC3
:10A41000894400F50D7818BF0022494640469FB296
:10A4200001F05AF910B3C7F308035A1CB2F5007FC4
:10A43000C75C10D010440378E20747EA03234CBFFF
:10A440001B11C3F30B03EA699A4226BF3360012054
:10A450000020BDE8F8832A7A022A18BF002209F1F9
:10A460000101404601F038F90028E4D14FF0FF30F7
:10A47000BDE8F8834FF0FF307047027A8169022A05
:10A4800018BF002201EBD41100F50D7001F024F982
:10A490000028EBD0A40004F4FE740359D3E7027A39
:10A4A0008369022AC1F3072118BF0022194400F56D
:10A4B0000D7001F011F90028D8D0640004F4FF7485
:10A4C000035BC0E72DE9F84305460C4600F50D7720
:10A4D000012C39D9EB699C4236D8EB79202B36D048
:10A4E000102B60D00C2B2FD1C4F34E03A9692A7A0C
:10A4F00013FA84F3C3F34629022A894418BF0022C1
:10A50000494638461FFA83F801F0E6F8E0B1C8F38F
:10A5100008035A1CB2F5007F10F8038009D01044DC
:10A520000378E20748EA03234CBF1B11C3F30B0374
:10A530001DE02A7A022A18BF002209F101013846DB
:10A5400001F0CAF80028EBD10020BDE8F8832A7A90
:10A55000A969022A18BF002201EBD411384601F084
:10A56000BBF80028F0D0A30003F4FE73C358EA69D7
:10A570009A422ABF1E464FF000084FF0010894424D
:10A58000E2D8002221462846FFF7FEFD0028DBD056
:10A59000EB68A34284BF04F1FF34EC60B8F1000F14
:10A5A000D3D0344694E72A7AAB69022AC4F3072150
:10A5B00018BF00221944384601F08EF80028C3D095
:10A5C000630003F4FF73C35AD1E700BFF8B5044634
:10A5D000012600204FF0FF35E6602160A162C4F83B
:10A5E0003812E07184F8240084F8340204F124065F
:10A5F0002563C4F84052DAB1042A154601D9002077
:10A60000F8BD02460146304601F066F80028F6D053
:10A6100005F18055013D00F5DF7000EB05132D01BC
:10A620001A79002AEBD0425D5206E8D19F6800E01B
:10A630001F4630460022394601F04EF80028DED091
:10A64000017C4B1E012BDAD8B0F80B30B3F5007F3C
:10A65000D5D12172427B2271551E0023012A6571DA
:10A66000A37148D0022A48D0042A48D0082A48D0EA
:10A67000102A48D0202A48D0402A48D0802A03D027
:10A68000082312B1A371BAE70723A3711D46C68A36
:10A6900026610EB9466A2661B0F81120B0F80EC0E6
:10A6A0006281BC44530106FB01C1B0F81320C4F819
:10A6B00018C003F2FF1301EB53232162636102B957
:10A6C000026AFB1A1344EB4040F6F472591C9342A1
:10A6D000E16106D80C23E371E662C4F83C62012014
:10A6E000F8BD4FF6F472934285BFC36A236210230C
:10A6F0002023E371F0E71D46C9E70123C5E70223E4
:10A70000C3E70323C1E70423BFE70523BDE706230F
:10A71000BBE700BF03681B69184700BF10B404689B
:10A720006469A4465DF8044B604700BF03681B6A78
:10A73000184700BF10B40468646AA4465DF8044B6F
:10A74000604700BF704700BF10B5044615F0EAF936
:10A75000204610BD10B50446ADF5007D4FF40072E3
:10A7600068461DF0A3FD20684FF400726946EEF7BD
:10A7700063FC0DF5007D10BD037C4BB1C37C10B5AF
:10A78000044633B96068EEF7C9FB0023237410BD9B
:10A790007047407C012100F09DFFFF216068EEF7CB
:10A7A0007FFC6068EEF724FC0023E3746068EEF73A
:10A7B000B5FB0023237410BD70B504460E4612F09D
:10A7C0005FFE00F5967085B204E012F059FE281A7B
:10A7D00003041BD46068FF21EEF762FCFF2860755C
:10A7E000F3D0FE2815D01923A374E07C00B970BD06
:10A7F000607C012100F06EFFFF216068EEF750FCE5
:10A800006068EEF7F5FB0020E07470BD1E23A374B2
:10A81000EBE74FF40072FF2130461DF06FFD4FF45F
:10A82000007260683146EEF707FC002363756068CC
:10A83000FF21EEF735FC6068FF21EEF731FC0120C7
:10A8400070BD00BFF8B5037D012B34D0C67C044633
:10A850004EB14068FF21EEF723FCB0F1FF0518BFB1
:10A8600001252846F8BDD0E9021201274068EEF71D
:10A870005DFB607CE774314600F02CFFFF216068CF
:10A88000EEF70EFC6068FF21EEF70AFCE37CB0F106
:10A89000FF0518BF0125002BE3D0607C394600F08E
:10A8A00019FFFF216068EEF7FBFB6068EEF7A0FB85
:10A8B000E6742846F8BD00252846F8BDF8B50446DC
:10A8C0000E46174612F0DCFD00F5967085B204E0E6
:10A8D00012F0D6FD281A03041BD46068FF21EEF79E
:10A8E000DFFBFF286075F3D0FE2815D01923A37471
:10A8F000E07C00B9F8BD607C012100F0EBFEFF2197
:10A900006068EEF7CDFB6068EEF772FB0020E07444
:10A91000F8BD1E23A374EBE73A46FF2130461DF035
:10A92000EDFC3A4660683146EEF786FB002363751E
:10A930006068FF21EEF7B4FB6068FF21EEF7B0FB23
:10A940000120F8BDF8B5002707753A460C210446EA
:10A9500000F028F8E67C90B916B901263046F8BD1B
:10A9600005460121607C00F0B5FEFF216068EEF72E
:10A9700097FB6068EEF73CFBE5743046F8BD0923B1
:10A98000A374002EEAD0607C012100F0A3FEFF2119
:10A990006068EEF785FB3E466068EEF729FBE774DA
:10A9A0003046F8BDF0B50368524DDB6983B0AB4269
:10A9B000044601920E4674D1037D022B41D0012B37
:10A9C00074D0E37C002B55D00EB10C2E27D16068DB
:10A9D00046F04001EEF764FB01AF02AD15F8011D32
:10A9E0006068EEF75DFBBD42F8D1002E0CBF9521EB
:10A9F00087216068EEF754FB6068FF21EEF750FB9B
:10AA00000A256068FF21EEF74BFB013D10F0800F37
:10AA10006075ADB201D0002DF3D103B0F0BD12F0DE
:10AA20002FFD00F5967085B204E012F029FD281A7A
:10AA3000030433D46068FF21EEF732FBFF28F4D122
:10AA4000C5E712F01DFD00F5167087B204E012F0A4
:10AA500017FD381A02041DD46068FF21EEF720FBB1
:10AA6000FF280546F3D16068FD21EEF719FBE37C72
:10AA700083BB2375D4E902126068EEF757FA01230D
:10AA8000607CE374002100F025FE6068FF21EEF792
:10AA900007FB99E7E37C1F22A27463B9FF2003B090
:10AAA000F0BD984700288CD1FF20F8E7FFF74AFF58
:10AAB0000028F9D085E7607C012100F00BFEFF2122
:10AAC0006068EEF7EDFA6068EEF792FA0023E3743F
:10AAD000FF20A2E7607C012100F0FCFD29466068B0
:10AAE000EEF7DEFA6068EEF783FA0023E37423756D
:10AAF000C0E700BFD1B30400F0B585B004AC04E9F1
:10AB00000E00054600249DF8040068742C746C82C5
:10AB1000AC7500F0DBFD687C012100F0DBFD0398E3
:10AB2000684A694B2C73A04208BF10460126AB60EF
:10AB30006E736860EEF7AEF9EF7C2E742C7577B308
:10AB4000687C012100F0C6FD0A246868FF21EEF749
:10AB5000A7FA631E13F0FF04F7D1687C214600F0CA
:10AB6000B9FD0A26002211462846FFF71BFF0128DF
:10AB7000044623D0731E13F0FF0609D0FF24686833
:10AB8000FF21EEF78DFA631E13F0FF04F7D1E9E71A
:10AB90000123AB74E87C00283FD105B0F0BDD5E9B6
:10ABA00002126868EEF7C2F9687CEE74394600F06C
:10ABB00091FD6868FF21EEF773FAC1E74FF4D57293
:10ABC00008212846FFF7EEFE420735D5AC75002672
:10ABD00012F056FC00F5FA6084B204E012F050FC6A
:10ABE000201A030439D4002237212846FFF7DAFE61
:10ABF000324629212846FFF7D5FE0028EED1AB7D4D
:10AC0000022B34D0EB7C002B3AD1029BAB600120AD
:10AC100000232B73687305B0F0BD687C012100F040
:10AC200059FDFF216868EEF73BFA6868EEF7E0F936
:10AC30000020E87405B0F0BD0223AB7504246868F9
:10AC4000FF21EEF72DFA013C14F0FF046875F6D1F0
:10AC5000AA2805D00623AB749CE71723AB7499E7A9
:10AC6000AB7D022B0CBF4FF080460026B0E70246BA
:10AC70003A212846FFF796FE80B11223AB7489E78C
:10AC8000687C012100F026FDFF216868EEF708FAD4
:10AC90006868EEF7ADF90023EB74B6E76868FF214A
:10ACA000EEF7FEF900F0C000C02804BF0323AB7527
:10ACB00003246868FF21013CEEF7F2F914F0FF0469
:10ACC000F7D19FE76C2C0120801A0600F8B5837D30
:10ACD000032B18BF490216460A4618210446FFF7FF
:10ACE00061FE0546A8B10D23A374E37C13B90026C9
:10ACF0003046F8BD607C012100F0ECFCFF2160686B
:10AD0000EEF7CEF900266068EEF772F9E674304689
:10AD1000F8BD2746FE2157F8040FEEF7C1F931467A
:10AD20003846FFF717FDFF216068EEF7B9F9FF21FC
:10AD30006068EEF7B5F96068FF21EEF7B1F900F051
:10AD40001F03052B607521D112F09AFB00F51670D8
:10AD500086B204E012F094FB301A03042BD460682E
:10AD6000FF21EEF79DF9FF280546F3D100220D21C2
:10AD70002046FFF717FED8B960682946EEF790F92C
:10AD80000746A8B9E67CCEB90126B1E7E37C2122CB
:10AD9000A274002BABD0607C012100F09BFCFF2152
:10ADA0006068EEF77DF96068EEF722F9E5749EE7DA
:10ADB0000A23A37499E72423A37496E7607C0121F6
:10ADC00000F088FC29466068EEF76AF96068EEF7E3
:10ADD0000FF9E7748CE700BF2DE9F0470446007DCA
:10ADE00002280E469046994602D1A3698B420ED0A6
:10ADF000A37D032B14BF7202324619212046FFF7B0
:10AE0000D1FD002840F088800223A6612375B9F1A6
:10AE1000000F3CD0002704F1040A12F031FB00F5CA
:10AE2000167085B204E012F02BFB281A020450D4ED
:10AE30006068FF21EEF734F9FF280646F3D1FC21C4
:10AE40006068EEF72DF941465046FFF783FC314626
:10AE50006068EEF725F931466068EEF721F9606821
:10AE60003146EEF71DF900F01F03052B607508D081
:10AE7000E37C2122A274002B40D100252846BDE8A6
:10AE8000F0870137B94508F50078C6D1A669257F56
:10AE90004E44A661002DF1D112F0F2FA00F51670C1
:10AEA00087B204E012F0ECFA381A03043AD460686E
:10AEB000FF21EEF7F5F8FF280646F3D16068FD2183
:10AEC000EEF7EEF8E37C002B3FD10023237501253C
:10AED000D4E7E37C2522A274002BCED0607C012134
:10AEE00000F0F8FBFF216068EEF7DAF800256068F3
:10AEF000EEF77EF8E5742846BDE8F087607C012116
:10AF000000F0E8FB31466068EEF7CAF86068EEF7DB
:10AF10006FF80023E374B0E7E37C0E22A274002BE9
:10AF2000ABD0DBE7E37C1F22A274002BA5D0607CB2
:10AF3000012100F0CFFBFF216068EEF7B1F86068F7
:10AF4000EEF756F80023E37498E7607C012100F0E7
:10AF5000C1FB31466068EEF7A3F86068EEF748F889
:10AF60000023E374B1E700BF2DE9F041077F002F14
:10AF700000F08E800668654B766A9E42044640F07B
:10AF80009F80037D022B0D46904602D18369994232
:10AF90000ED0A37D032B14BF6A022A461921204636
:10AFA000FFF700FD002840F085800223A56123758E
:10AFB00012F066FA00F5167086B204E012F060FA3C
:10AFC000301A02042AD46068FF21EEF769F8FF28DE
:10AFD0000546F3D12646FC2156F8040FEEF760F83B
:10AFE00041463046FFF7B6FB29466068EEF758F851
:10AFF00029466068EEF754F860682946EEF750F885
:10B0000000F01F03052B60751DD0E37C2122A27484
:10B01000002B41D100252846BDE8F081E37C2522A4
:10B02000A274002BF6D0607C012100F053FBFF21BD
:10B030006068EEF735F800256068EDF7D9FFE57434
:10B040002846BDE8F081A369257F0133A361002D67
:10B05000E1D112F015FA00F516701FFA80F805E03C
:10B0600012F00EFAA8EB000003042ED46068FF2152
:10B07000EEF716F8FF280646F2D16068FD21EEF7DC
:10B080000FF8E37C002B33D100233D462375C2E744
:10B09000BDE8F041FFF71ABE607C012100F01AFB09
:10B0A00029466068EDF7FCFF6068EDF7A1FF00231B
:10B0B000E374AFE7E37C0E22A274002BAAD0B2E7C0
:10B0C000B4460123BDE8F0416047E37C1F22A2742F
:10B0D000002B9FD0607C012100F0FCFAFF2160680A
:10B0E000EDF7DEFF6068EDF783FF0023E37492E77E
:10B0F000607C012100F0EEFA31466068EDF7D0FF88
:10B100006068EDF775FF0023E374BDE7D9AD040077
:10B1100030B5002285B009210446FFF743FCA8B1F1
:10B120001C23A374E37C13B9002005B030BD607C00
:10B13000012100F0CFFAFF216068EDF7B1FF6068F0
:10B14000EDF756FF0020E07405B030BD0546102233
:10B1500069462046FFF7B2FB0028E3D0E37C9BBBA7
:10B160009DF800309B110FD0012BDDD19DF80730E9
:10B17000BDF808001B0440BA03F47C1380B21843E6
:10B180000130800205B030BD9DF806009DF8093001
:10B190009DF808509DF80A409DF805209DF807107D
:10B1A00080025B0000F4406003F0060340EA951063
:10B1B00043EAD41302F00F0240EA81001344073B34
:10B1C0000130984005B030BD607C012100F082FA6A
:10B1D000FF216068EDF764FF6068EDF709FFE57433
:10B1E000BEE700BF03683F4ADB6993420BD12DE9FC
:10B1F000F041057D022D044606D0012D21D0012607
:10B200003046BDE8F081184712F03AF900F51670A3
:10B2100086B204E012F034F9301A03042BD46068CB
:10B22000FF21EDF73DFFFF280546F3D16068FD21C2
:10B23000EDF736FFE37C002B45D100232375012673
:10B24000DEE74FF0000880F8148042460C21FFF73B
:10B25000A9FB0746A8B9E67C002ED0D0607C294621
:10B2600000F038FAFF216068EDF71AFF6068EDF72B
:10B27000BFFEE774C4E7E37C1F22A274ABB90026CB
:10B28000BEE7E37C0922A274002BF8D0607C29463B
:10B2900000F020FAFF216068EDF702FF6068EDF72B
:10B2A000A7FE464684F81380AAE7607C012100F0DF
:10B2B00011FAFF216068EDF7F3FE00266068EDF7F4
:10B2C00097FEE6749CE7607C012100F003FA2946B2
:10B2D0006068EDF7E5FE6068EDF78AFE0023E37431
:10B2E000ABE700BFD1B304002DE9F0410568374B4F
:10B2F0006E699E4239D1037D012B04460D461746E7
:10B3000002D1836999420CD0A37D032B14BF6A023A
:10B310002A4612212046FFF745FB80B90123A5618B
:10B32000237539462046FFF747FA054658B1A36909
:10B33000267F0133A361EEB12846BDE8F081E37CAE
:10B340000C22A2741BB900252846BDE8F081607C60
:10B35000012100F0BFF9FF216068EDF7A1FE002593
:10B360006068EDF745FEE574E6E7B4460123BDE805
:10B37000F0416047267532460C212046FFF712FB4C
:10B38000074680B9E67C002ED6D0607C012100F013
:10B39000A1F9FF216068EDF783FE6068EDF728FEF4
:10B3A0003546E774C8E7E37C0922A274002BCAD0B3
:10B3B000607C012100F08EF9FF216068EDF770FEDE
:10B3C0006068EDF715FE3546E674B5E7C9B40400CC
:10B3D0002DE9F041057D022D044605D0012D20D038
:10B3E00001263046BDE8F08112F04AF800F51670EB
:10B3F00086B204E012F044F8301A03042BD46068DB
:10B40000FF21EDF74DFEFF280546F3D16068FD21D1
:10B41000EDF746FEE37C002B47D100232375012680
:10B42000DFE74FF0000880F8148042460C21FFF758
:10B43000B9FA0746B8B9E67C002ED1D0607C29461F
:10B4400000F048F9FF216068EDF72AFE6068EDF72B
:10B45000CFFDE774C5E7E37C1F22A274BBB90026C9
:10B460003046BDE8F081E37C0922A274002BF6D0BF
:10B47000607C294600F02EF9FF216068EDF710FE90
:10B480006068EDF7B5FD464684F81380A9E7607C57
:10B49000012100F01FF9FF216068EDF701FE002691
:10B4A0006068EDF7A5FDE6749BE7607C012100F084
:10B4B00011F929466068EDF7F3FD6068EDF798FD36
:10B4C0000023E374A9E700BFF8B50646007D012814
:10B4D0000D4614461F4602D1B3698B420CD0B37D92
:10B4E000032B14BF6A022A4612213046FFF75AFA8C
:10B4F000D8B90123B561337587B1002501E0AF42AA
:10B500000BD021463046FFF757F9013504F500749A
:10B510000028F4D100242046F8BDB569347F3D44AD
:10B52000B561ACB101242046F8BDF37C0C22B274A5
:10B53000002BEFD0707C012100F0CCF8FF21706867
:10B54000EDF7AEFD00247068EDF752FDF474E2E70C
:10B55000347522460C213046FFF724FA054678B9A7
:10B56000F47C002CDED0707C012100F0B3F8FF21C8
:10B570007068EDF795FD7068EDF73AFDF574CAE770
:10B58000F37C0922B274002BC4D0707C012100F03E
:10B59000A1F8FF217068EDF783FD7068EDF728FDD5
:10B5A000F474B8E710B584B001AC84E80E0094E8F8
:10B5B0000E000446FFF7A0FA20B19DF8053003F015
:10B5C0000103237704B010BD03683F4ADB6993424F
:10B5D0002DE9F04104460E4608D1077D022F0BD01D
:10B5E000012F25D026770120BDE8F081984700285B
:10B5F000F8D10020BDE8F08111F042FF00F516708F
:10B6000087B204E011F03CFF381A030429D46068C3
:10B61000FF21EDF745FDFF280546F3D16068FD21C8
:10B62000EDF73EFDE37C002B40D100232375D9E7E5
:10B63000002505752A460C21FFF7B4F9E37C804606
:10B6400010BB002BCED0607C394600F043F8FF21C0
:10B650006068EDF725FD6068EDF7CAFC84F813809B
:10B66000C0E7E37C1F22A274002BC2D0607C0121C2
:10B6700000F030F8FF216068EDF712FD6068EDF72B
:10B68000B7FC0020E074AFE70922A274002BB0D011
:10B69000607C394600F01EF8FF216068EDF700FD80
:10B6A0006068EDF7A5FCE57428469DE7607C012104
:10B6B00000F010F829466068EDF7F2FC6068EDF7DD
:10B6C00097FC0023E374B0E7D1B30400012115F027
:10B6D000B5B900BF15F036BAF8B504464068002881
:10B6E00032D00F46E168B942154630D02278D607ED
:10B6F00012D404F110066B0706D460680368324662
:10B700001B6939469847F8B1E760002205F0030548
:10B71000154325703046F8BD026804F11006136A1F
:10B720003246984780B123789A0709D56068E16866
:10B730000268136AA26811443246984720B1237800
:10B7400023F001032370D6E700263046F8BD2646D5
:10B7500016F8102BDAE700BF70B50378DC0782B06B
:10B760001DD504464068E168036804F110020192A7
:10B770001B6A9847019A0546A8B12378990708D50E
:10B780006068E1680668A368366A1944B04750B13A
:10B79000237823F001032846237002B070BD0125F1
:10B7A000284602B070BD0025284602B070BD00BF1B
:10B7B00010B50446808982B018B10023A38102B07D
:10B7C00010BDD4E901318B42F9D2184601AA00F02C
:10B7D000C9F880B1019B6060B3F5803F01D298B297
:10B7E000EDE7980AC3F30902A2F51053A0F5215022
:10B7F000A38180B2E3E74FF6FF70E0E7B1F5807F09
:10B80000F0B51CD810293FD840232026B2FBF3F115
:10B81000B1F5806F31D2B2FBF6F48D0806FB14242B
:10B82000013425F03F052C4303FB1123E2B2C9B2DA
:10B83000B3FBF6F3DBB2037042708170F0BD43F6E8
:10B84000C16C4FF4FC734FF47C744FF4FC654FF4FF
:10B850007C674FF4FC5E3F268029D7D9B1F5FC7F89
:10B8600017D9B1F57C7F16D9B1F5FC6F15D9B1F5B3
:10B870007C6F94BF73466346C8E7FF210A46FE23E8
:10B88000037042708170F0BD202908D880232026E3
:10B89000BCE72346BAE72B46B8E73B46B6E74FF48A
:10B8A000FF5C4FF480734FF400744FF480654FF4E5
:10B8B00000674FF4805E2026CEE700BF7F28A2EB12
:10B8C000010205D812B10A4602F8010B1046704772
:10B8D000B0F5006F10B410D2012A40D900F03F0338
:10B8E00084090A4664F03F0063F07F0302F8020B0C
:10B8F0004B7010465DF8044B7047B0F5803F14D292
:10B90000022A2CD9020BC0F3851362F01F0200F04B
:10B910003F0060F07F0063F07F030A70CA1C8870EC
:10B920005DF8044B4B7010467047032A17D9C0F3DB
:10B930000532840CC0F3851362F07F0200F03F00F3
:10B9400064F00F0460F07F0063F07F034A700A1D0B
:10B950000C70C8705DF8044B8B7010467047002265
:10B96000C7E700BF884270B43FD290F90040037827
:10B97000002C3EDA03F0E004C02C3FD003F0F004CA
:10B98000E02C3FD003F0F804F02C2ED103F0070395
:10B99000042544198C4228D8417801F0C006802E35
:10B9A00023D101F03F01022D41EA83132ED081788B
:10B9B00001F0C006802E18D101F03F01032D41EAAD
:10B9C000831308D0C17801F0C00080280DD101F0A8
:10B9D0003F0141EA83131149A3F18000884204D852
:10B9E000A3F55841B1F5006F15D20024204670BC74
:10B9F00070471360441C204670BC704703F01F035F
:10BA00000225C6E703F00F030325C2E70349A3F1AC
:10BA100080008842E9D81360EDE700BF7FFF100087
:10BA20007E283DD930B40023254D352405E035F876
:10BA3000221081428CBF14461346E11A012903EB00
:10BA40005102F4D89BB235F82320904218D21D4DF4
:10BA50004B24002305E035F8221081428CBF1446A8
:10BA60001346E11A012903EB5102F4D89BB235F8D1
:10BA70002320824204BF05EB8303588830BC704703
:10BA800005EB8303821AD9788A42E0DA93F902300F
:10BA9000012B0DD08BB19BB2184480B230BC7047E3
:10BAA000A0F16103192B02D8203880B2704770478B
:10BAB00002F00102801A80B2E0E74EF2A033EBE719
:10BAC000C80007009CFF06000146014800F05ABA72
:10BAD0004431012038B500F097F940B10024054603
:10BAE0002046013400F044FEE0B28542F9D838BD6A
:10BAF00070B592B01D460C46164601A842220021A0
:10BB00001CF0FCFB412D5CD9631C0222DBB28DF8DA
:10BB100006408DF80E408DF8264040F6083540F27C
:10BB200002248DF81E308DF827308DF83130ADF8B5
:10BB300004508DF807208DF812208DF833208DF8F1
:10BB40003B20ADF80840204A069240F2012505232B
:10BB50002424ADF810508DF815308DF816400423CC
:10BB60001A4C8DF81F30012540F224628DF81C50CC
:10BB70008DF830300894ADF82420154D0A9508232F
:10BB80004FF411640A228DF82C30ADF82E4040237A
:10BB90008DF834200F4C8DF83C3001A9304640F22E
:10BBA000075540F209464222ADF80C60ADF8385016
:10BBB0008DF84330CDF83F401CF078FB422012B0A6
:10BBC00070BD002012B070BD2001052424020205C2
:10BBD0000705800307058002007EFF280AD010B504
:10BBE00000F074FD044608B1204610BD14F054FC6A
:10BBF000204610BD00207047007EFF280ED000B503
:10BC000083B00DF1070100F0A9FD20B19DF80700F8
:10BC100003B05DF804FB4FF0FF30F9E74FF0FF3061
:10BC2000704700BF007EFF280FD000B583B001220F
:10BC30000DF1070100F056FD20B19DF8070003B09B
:10BC40005DF804FB4FF0FF30F9E74FF0FF3070472D
:10BC5000007EFF2801D000F08BBD7047007EFF28DA
:10BC600001D000F0E5BD0020704700BFF8B50646E2
:10BC7000007EFF281CD017465AB10D46144600F02E
:10BC8000FFFC2946224680B1307E00F0B5FD241A23
:10BC900001D13846F8BD054414F0FEFB307E00F0BB
:10BCA000EFFC294622460028EED13F1B3846F1E73B
:10BCB0000020F8BD70B50368184A5B6882B09342F3
:10BCC0008DF8071021D10546007EFF2823D000F013
:10BCD000D7FC0DF1070601243146224688B1287EA3
:10BCE00000F08AFD241A02D1012002B070BD064482
:10BCF00014F0D2FB287E00F0C3FC31462246002817
:10BD0000EDD1C4F1010002B070BD01220DF10701B7
:10BD1000984702B070BD002002B070BD6DBC040039
:10BD200070B592B01D460C46164601A8422200216D
:10BD30001CF0E4FA412D5CD9631C0222DBB28DF8C1
:10BD400006408DF80E408DF8264040F6083540F24A
:10BD500002248DF81E308DF827308DF83130ADF883
:10BD600004508DF807208DF812208DF833208DF8BF
:10BD70003B20ADF80840204A069240F201250523F9
:10BD80002424ADF810508DF815308DF8164004239A
:10BD90001A4C8DF81F30012540F224628DF81C509A
:10BDA0008DF830300894ADF82420154D0A950823FD
:10BDB0004FF411640A228DF82C30ADF82E40402348
:10BDC0008DF834200F4C8DF83C3001A9304640F2FC
:10BDD000075540F209464222ADF80C60ADF83850E4
:10BDE0008DF84330CDF83F401CF060FA422012B08D
:10BDF00070BD002012B070BD200105242402020590
:10BE00000705800307058002014B1878704700BFC3
:10BE100040310120037EFF2B02D1074B1A7802B17B
:10BE20007047064902764161012200F11001044881
:10BE30001A7000F047B800BF403101209C01070094
:10BE400044310120007EFF280ED000B583B000F001
:10BE500017FC10B103B05DF804FB019014F01CFB5B
:10BE6000019803B05DF804FB0020704701B900B1F0
:10BE7000704700B583B0694600F018FC009BB3F52D
:10BE8000966F02D003B05DF804FB00F0A5FBF9E764
:10BE900030B4084B084AFF2002F108054FF47A74C9
:10BEA0000021303218761D609C601A6130BC5960E8
:10BEB0005961704724310120AC01070002F0E0B95C
:10BEC00002F0EAB9F8B50546B0F818016C69B5F8A2
:10BED0001A310A680E4604441B1A176895F81C119B
:10BEE0009BB222463046B84750B3221894423CD207
:10BEF000766806E0052B25D023780BB31C44A242BC
:10BF000033D96378042BF5D1E378002BF4D195F87D
:10BF10001C11013185F81C11002EEDD095F840114F
:10BF20000729E9D801F1480745F82760217295F8FB
:10BF30004011013185F840111E462378002BDDD1D8
:10BF40000020F8BD94F90230002B08DB95F81E3173
:10BF5000591C85F81E11A1780B43A370CCE795F806
:10BF60001D31591C85F81D11F5E7B5F818216B69CD
:10BF7000104480B2A5F81801588095F81C211A7158
:10BF80000120F8BD2DE9F043284DDFF8B090AC4614
:10BF900004468846BCE80F0089B003AF0FC703AE64
:10BFA0000FCE05F1140E25460FC59EE80700DCF8FC
:10BFB00000303B806B4636682E8003C36B4603CB54
:10BFC0001B4EA06104F118034FF4807C0125E16150
:10BFD00084F82020636140F2EF2200231548C4F862
:10BFE000189140F209470421A4F81CC1C4F82801A3
:10BFF00084F84011A280C4F82C31C4F83031C4F860
:10C000003431C4F83831C4F83C314FF4E131C4E97B
:10C010004876094884F81E51A571FFF7FBFE40469B
:10C0200000F0C8FA284609B0BDE8F0830C0207000A
:10C03000E0010700E80107002431012009000001A8
:10C040002DE9F04F04468BB0002900F091800329C0
:10C0500000F09C8090F840318B4240F2CB80483118
:10C0600000F5A27550F821603278002A00F0E780D0
:10C0700000231946374603E00131725C7718CAB1D4
:10C0800002F14000C0B20128F6D9F42AF4D8100613
:10C0900018D40120A2F55847B7F5006FECD301443E
:10C0A000202B00F0C98025F81320725C013377182B
:10C0B000002AE5D1DBB201335B0043F4407304F5A1
:10C0C000A17C5DE002F0E000C02800F0A18002F059
:10C0D000F000E02800F0918002F0F800F028CBD1C9
:10C0E00002F007024FF0040E787800F0C00CBCF1AB
:10C0F000800FC1D197F802C00CF0C00800F03F00DB
:10C10000B8F1800F40EA8212B6D10CF03F0CBEF1BC
:10C11000030F4CEA821275D0F87800F0C007802F28
:10C12000AAD100F03F0040EA8212A2F58030B0F5BB
:10C13000801F38BF4FF0040E9ED2A2F55840B0F5D4
:10C14000006F99D3B2F5803F7144A9D31E2BB1DCA7
:10C15000A2F580325800970A2844C2F30902A7F5D5
:10C160002057A2F5105225F813704280023384E75D
:10C17000D0F82031A0F8443100F5A17C4FF4417390
:10C18000A4F8423160460BB0BDE8F08F02A800F081
:10C1900025FA04F5A17C019020B300F1FF3B5FFA82
:10C1A0008BF3284F04F1040B0DF1080A0BEB830B02
:10C1B000A64606AE97E80F001AF8018B86E80F0036
:10C1C00008F00F090AADA94405EB181819F8109CDE
:10C1D00018F8103CAEF84691AEF844310EF1040E5A
:10C1E000DE45E7D1019B5B00DBB201335B0043F42A
:10C1F0004073C5E74FF0000CC4E702F00F024FF0A8
:10C20000030E71E7A2F50060B0F5784F95D333E7E0
:10C21000787800F0C007802F02F01F027FF42CAF67
:10C2200000F03F0040EA8212A2F18000B0F5F06F0A
:10C23000BFF422AF02202DE740F242333FE740F245
:10C2400002333CE7F8010700004870474431012001
:10C25000014B5869704700BF443101200A4601462E
:10C260000148FFF7EDBE00BF44310120024B1868C2
:10C2700000B10069704700BFC832012030B40848DF
:10C28000BDF80850046844B1646934B10846A44656
:10C2900011461A462B4630BC6047002030BC704720
:10C2A000C832012030B40848BDF80850046844B1D1
:10C2B000A46934B10846A44611461A462B4630BC40
:10C2C000604730BC704700BFC832012070B487B0EF
:10C2D0000020162B029000900390CDF8130022D975
:10C2E00040F209431546114E8DF802100720052132
:10C2F00044F20202ADF80030402301968DF814306C
:10C300006C468DF809008DF80A10ADF80C200FCCA2
:10C31000A6882860A479064828616960AA60EB6055
:10C32000AE82AC75172007B070BC7047020806508B
:10C330000705800210B5074B036000210123044666
:10C3400080F850304160482208301BF0D7FF20466B
:10C3500010BD00BF5002070001EBC10100EB8100DE
:10C3600000990162C0E90623704700BF01EBC101DB
:10C3700000EB810042620385704700BF01EBC10101
:10C3800000EB810181F82A20704700BF01EBC10159
:10C3900000EB810000990161C0E90223704700BFF2
:10C3A00010B5014604460348FFF78CFD08B1024B67
:10C3B0001C6010BD44310120CC320120024B1868B2
:10C3C00008B190F850007047CC3201202DE9F047B9
:10C3D000244C2568002D42D01F4600EBC00305EB1E
:10C3E00083030446D3F818A089469046C600BAF1E4
:10C3F000000F30D050461CF06AFF0828024628BFC4
:10C400000822344405EB8405D5E90764DFF85CC0F5
:10C41000154B002E08BF664651464846002C08BF03
:10C420001C461BF043FF30461CF051FF102802460B
:10C43000314628BF102240461BF038FF20461CF032
:10C4400046FF042802462146384628BF0422BDE89C
:10C45000F0471BF02BBFDFF818A00822D1E7BDE89A
:10C46000F08700BFCC32012094CB060038020700D1
:10C470002C020700F8B50B4F3B688BB100EBC005F1
:10C4800003EB850504466A69C6001AB190473B680C
:10C4900085F82A00344403EB840393F82A00F8BD9E
:10C4A0001846F8BDCC320120074B1B685BB100EB8E
:10C4B000C00003EB800010B4038D446A0C605DF88B
:10C4C000044B138070477047CC3201200A781E2A33
:10C4D00001D10020704710B520221C460521002301
:10C4E00000F078FF204610BD30B4094C029A256850
:10C4F00055B1044604EBC40405EB84040846194610
:10C50000A3680BB130BC18474FF0FF3030BC704708
:10C51000CC32012030B4094C029A256855B104464A
:10C5200004EBC40405EB840408461946E3680BB128
:10C5300030BC18474FF0FF3030BC7047CC32012080
:10C54000054B1B6833B100EBC00003EB80000369AF
:10C5500003B11847704700BFCC32012000B5104B23
:10C56000402283B083F8272303F05AFF4FF0804323
:10C570000024D3F838548DF80040684613F0ECFAE4
:10C58000084B019301A813F037FB13F041FBEB07B5
:10C5900002D401F021FFFCE7204603F07DFDF8E71F
:10C5A00000E100E0A9C5040003F076BD002003F01F
:10C5B00053BA00BF00B5002383B00322CDE90023A6
:10C5C00003490448C82211F083FF03B05DF804FB5F
:10C5D000540207005DC5040014F04EB94FF08052BC
:10C5E000536E1BBA0360136E1BBA4360082070477A
:10C5F000004870475C02070070B51F4D2B68B3B14F
:10C6000099B91478C4F34114012C0BD0022C07D132
:10C610005478012C0DD0022C07D19388072B21D000
:10C62000084670BD517822290CD0012070BD1846F3
:10C6300070BDDC69F4B1237811462246BDE8704034
:10C6400002F088BE5188003918BF012119761146C1
:10C6500002F066FE2A68136A002BE6D0107E984727
:10C66000204670BD054C114623892246BDE8704026
:10C6700002F070BE204670BDD0320120C0610020A3
:10C6800010B5044601F0ECFD08B9002010BD01F022
:10C69000EFFD0028F9D104484FF45A7303FB04005E
:10C6A000007900F0010010BDD4320120064B4FF498
:10C6B0005A7202FB003050F8063F0B608388827983
:10C6C0008A718B80704700BFD432012008B5044BBB
:10C6D0004FF45A7202FB0030103001F025FC08BD07
:10C6E000D43201202DE9F0414FF45A7505FB00F5D5
:10C6F000194F05F110043C4492B2204601F040FC71
:10C700000646204601F02AFC3F2802D83046BDE804
:10C71000F08107EB0508002098F8031002F036FDC1
:10C720000028F3D0204601F019FC3F280BD905F56D
:10C730003A7298F803103A444023002002F08AFD30
:10C740003046BDE8F08198F80310002002F056FD55
:10C750003046BDE8F08100BFD4320120034B4FF4D6
:10C760005A7202FB0030103001F07CBCD432012040
:10C770002DE9F041044601F073FD10B90020BDE839
:10C78000F08101F075FD06460028F7D14FF45A718B
:10C79000DFF8608001FB04F404F12C0545442846D1
:10C7A00001F0C2FB0028E9D008EB04073046B97855
:10C7B00002F0ECFC0028E1D004F54A744444284619
:10C7C0002146402201F0DCFB054660B1B9782246E3
:10C7D00030462B4602F03EFD40B9054B1B68DB0797
:10C7E000CCD500BECBE7B97802F008FD2846C6E7F5
:10C7F000F0ED00E0D432012038B50C4B4FF45A7400
:10C8000004FB00342C3492B20546204601F06AFC49
:10C81000034620461C4601F087FB3F2801D82046EE
:10C8200038BD2846FFF7A4FF204638BDD43201208A
:10C8300008B5044B4FF45A7202FB00302C3001F063
:10C840008DFB08BDD4320120F0B51C4C83B0002113
:10C850004FF45A72204601250E461BF04FFDFF2370
:10C860004FF4424204F148016371E2802B460827ED
:10C87000009604F110004FF48072277325816681C1
:10C8800001F016FB2B464FF4807204F5A47100955D
:10C8900004F12C0001F00CFB04F51271284611F094
:10C8A000BDF804F5267103462846C4E9096311F072
:10C8B000B5F8C4E9100603B0F0BD00BFD4320120C2
:10C8C00010B5094B002203F12C0403F110001A608B
:10C8D0001A7101F07DFC204601F07AFC204601210E
:10C8E000BDE8104001F09CBCD43201202DE9F0419C
:10C8F0004B79022B82B002D18B79022B04D0002518
:10C90000284602B0BDE8F081314FBB782BB1314BE6
:10C910001B68DB07F3D500BEF1E78B783B700C7822
:10C920000C440646617824294FF009050BD1082AEA
:10C9300002D80FE0AA420DD323781C442B4461781F
:10C9400024299DB2F6D005291BD0042902D1637990
:10C950000A2B28D0204801F001FB3F28D0D9F978D4
:10C96000002002F013FC0028CAD01B4801F0F6FAA0
:10C970003F28F97813D9194A4023002002F06AFCB5
:10C98000BEE72146304602F0E1FB0028BFD0A37885
:10C990007B7023781C442B4461789DB2D5E700203E
:10C9A00002F02CFCACE70E4A94F8008001920223BE
:10C9B00001320092304604EB08011A4602F052FBA5
:10C9C0000028A4D005F10E0318FA83F39DB2C1E745
:10C9D000D4320120F0ED00E0E4320120BC3501202A
:10C9E000D632012038B5137803F06003202B0CD128
:10C9F000264C938825789D4207D15378203B032B02
:10CA000003D8DFE803F009151E04002038BD71B318
:10CA1000022931D0012038BD61B10229FAD11C4B65
:10CA2000002BF7D01B490020AFF30080012038BD58
:10CA30000029EFD111460723164A02F08BFC012092
:10CA400038BDA1B10229E5D15588257105F0010451
:10CA5000114884F0010101F0E3FB104B002BD9D009
:10CA6000C5F3400221460020FFF700FAD2E7114645
:10CA700002F056FC012038BD094B002BCAD051886A
:10CA80000020AFF30080012038BD00BFD432012068
:10CA900000000000DA320120003301206DBE0400E6
:10CAA000000000002DE9F047574DEA788A420C4615
:10CAB00007461E465CD19AB205F53A7105F11000A1
:10CAC00001F010FB514BD3B16B79FF2B17D0B6B1EE
:10CAD00005F2E72808EB060AA8F2D72902E0D045BC
:10CAE0000DD06B7918F8012F9A42F8D1484601F021
:10CAF0002BFA0028F3D16979AFF30080EFE7444BBC
:10CB000023B1444801F020FA002870D0414801F0D8
:10CB100025FA3F2805D9E978002002F037FB0028E4
:10CB200058D1AB789C4203D001242046BDE8F08761
:10CB3000394B13B10020AFF3008001F091FB20BB13
:10CB4000364801F0F1F90028EED1002EECD016F0B5
:10CB50003F06E9D1A978384602F018FB04460028C0
:10CB6000E2D0A97838463346324602F073FBDCE760
:10CB7000AB788B42DCD02A4B1C6814F00104D4D073
:10CB800000BE00242046BDE8F08701F071FB04469A
:10CB90000028D5D1214801F0C7F90028D0D0A978C4
:10CBA000204602F0F3FA0028CAD01E494022A1F51F
:10CBB0003F7001F0E5F9034608B31A4AA978204608
:10CBC00002F048FB0028AFD1154B1B68DB07B7D537
:10CBD00000BEB5E70F4801F0C1F93F280AD940234C
:10CBE000114AE978002002F035FBAB789AE7AFF301
:10CBF00000808BE7E978002002F000FB91E7A9783C
:10CC000002F0FCFA9CE700BFD432012000000000D3
:10CC100000000000E4320120000000000033012089
:10CC2000F0ED00E0FC350120BC35012002488C22EB
:10CC300000211BF063BB00BF3C36012002488C2260
:10CC400000211BF05BBB00BF3C3601202DE9F04109
:10CC50004B79032B82B011D10F79C7EBC705123581
:10CC6000ADB295420C4604D8DFF89C8098F80110CC
:10CC700049B1234B1B68DA0700D500BE00252846C2
:10CC800002B0BDE8F08194F800C004EB0C0292F809
:10CC900001E0BEF1210FECD1C8F8882014F80C1087
:10CCA00008F1010E08F1020C1144CDE900CE3A461C
:10CCB000064602F0D7F90028DBD0A37998F80210D5
:10CCC000012B04BFE37988F803300122D8F88830BB
:10CCD00088F80420A278B3F8073088F80020A8F874
:10CCE00006300029CBD0074A3046402302F0B2FA82
:10CCF0000028C4D1024B1B68DB07C0D500BEBEE7CD
:10CD0000F0ED00E0843601203C360120F0B51446F9
:10CD1000127802F01F05012D83B00FD10B46714927
:10CD2000A78891F800C0FFB2BC4507D112F060029D
:10CD3000064606D183BB6278062A30D0002003B0B5
:10CD4000F0BD202AFAD16278013A0A2AF6D801A069
:10CD500050F822F029CE040015CE040001CE0400C4
:10CD60003DCD04003DCD04003DCD04003DCD04008B
:10CD70003DCD0400E9CD0400C3CD040081CD040005
:10CD800063B3022B08D16388574ADBB20B711AB127
:10CD900019460020AFF30080012003B0F0BD628887
:10CDA000120A212A65D0222AC8D11846FFF75EFA56
:10CDB0004C490246CB883046214602F0CBFA284641
:10CDC000BDE7002BE8D162884848120A4A7128B1B1
:10CDD00011461846AFF300800028AFD021463046F8
:10CDE00002F09EFA0120AAE7002B4ED1E388402BE7
:10CDF000A4D83F4A2146304602F0ACFA01209EE713
:10CE0000002BC9D13B4A21463046012302F0A2FA49
:10CE1000012094E7002BBFD1374A21463046012339
:10CE200002F098FA01208AE7002BB5D1E5886088E6
:10CE3000402D4FEA10222F4628BF402710F0FF0058
:10CE40003ED0012D46D9013F08722C49BFB20125C1
:10CE50000B46009701460020FFF710FA2B189BB2F3
:10CE60008BBB274A1268D2077FF568AF00BE184611
:10CE700065E7D1F88820002A3FF460AF1378214697
:10CE800003B0BDE8F04002F065BA022B84D1E5881A
:10CE90006388402D2C4628BF402413F0FF004FEA42
:10CEA000132205D0012D03D991F84830834214D0C4
:10CEB0000F4B009401460020FFF7F4F901203EE7F4
:10CEC00010491D46C4E70F4A2146304602F042FA97
:10CED000012034E70B491D46BAE7013C0A4BA4B2D6
:10CEE000E7E700BF3C360120000000000000000022
:10CEF000843601204036012041360120453601208C
:10CF0000F0ED00E0443601208536012030B51C4CA0
:10CF1000A2788A4283B00CD16178914217D1194A24
:10CF200022B11949DAB20020AFF30080012003B02A
:10CF300030BD62788A42F2D0144B1B68DB0703D500
:10CF400000BE002003B030BD002003B030BD002281
:10CF50009BB2114605460093104604F14803FFF7C3
:10CF6000A1F9A1782846402304F1480202F072F9A1
:10CF70000028DBD1054B1B68DA07E5D500BED6E7F4
:10CF80003C3601200000000044360120F0ED00E0B6
:10CF900070B500F12C050446284600F0C5FF08B91D
:10CFA000002070BD6178002002F0F0F80028F7D072
:10CFB00004F50A7628463146402200F0E1FF054696
:10CFC00060B1034661783246002002F043F940B96F
:10CFD000054B1B68DB07E3D500BE70BD617802F02E
:10CFE0000DF9284670BD00BFF0ED00E030B5164CDD
:10CFF00083B000210D464FF41A7220461BF07EF9D3
:10D0000004F1480104F1100000950123802200F092
:10D010004FFF802204F1C8010123009504F12C0088
:10D0200000F046FF04F5A471012010F0F7FC04F5B0
:10D03000CC7103460120C4E9095310F0EFFCC4E9A8
:10D04000100503B030BD00BF8863012010B5084C47
:10D05000002304F11000C4E90033C4E9023301F0F5
:10D06000B7F804F12C00BDE8104001F0B1B800BFE2
:10D07000886301202DE9F0434B79012B83B002D165
:10D080008B79012B04D00025284603B0BDE8F0833E
:10D09000CB79002BF7D10B78CC1806466578242D78
:10D0A00099B20BD1914202D9EDE78A42EBD32378B2
:10D0B0001C440B446578242D99B2F6D0042DE2D19E
:10D0C0006379012BDFD1A379032BDCD1E579002D26
:10D0D000D9D1DFF8CC8098F8010098F8023050EAF6
:10D0E000030905D02B4B1B68DB07CCD500BECBE773
:10D0F000A37888F8003027782079CB199DB227448F
:10D1000030B922E03B7881451D44ADB21F441CD2AA
:10D11000AA421AD37B78052BF4D1394630460192C6
:10D1200002F014F8019A68B3BB782079D90914BFCA
:10D1300088F8013088F80230397809F101030D448C
:10D140005FFA83F9ADB20F44DCE7134800F006FF45
:10D150003F2899D998F80210002002F017F800280B
:10D1600092D00D4800F0FAFE3F2898F8021005D939
:10D170000A4A4023002002F06DF885E7002002F003
:10D180003DF881E7034B1B68DA077FF57CAF00BEF3
:10D19000054679E7F0ED00E0986301207065012015
:10D1A0008863012000207047F8B52D4DAA788A4287
:10D1B0001E4619D19AB205F5F47105F1100000F080
:10D1C00091FF284B13B10020AFF30080264800F0F8
:10D1D000C5FE3F2805D9A978002001F0D7FF0446F5
:10D1E00068BB01242046F8BD6B788B4208D01F4BEA
:10D1F0001C6814F00104F5D000BE00242046F8BDE0
:10D2000007462846FFF7C4FE0028EAD105F12C00A6
:10D2100000F08AFE0028E4D1002EE2D016F03F068E
:10D22000DFD16978384601F0B1FF04460028D8D034
:10D23000697838463346324602F00CF8D2E70A489D
:10D2400000F08CFE3F28A97805D9094A4023002028
:10D2500002F000F8C6E7002001F0D0FFC2E700BFEF
:10D26000886301200000000098630120F0ED00E0D9
:10D270007065012070B52E4CE28AA36852BA92B252
:10D2800082B0054612B1B3FBF2F292B2A06BD4F8B1
:10D290001110B0FBF2F61B1AB3F5007F28BF4FF454
:10D2A000007309BA009302FB1602224B607B3144E3
:10D2B000FFF71AF9031E13DB09D094F82E101D4A4C
:10D2C0009BB2284601F0C6FF58B302B070BD94F877
:10D2D0002E10009328461A4601F090FE02B070BD51
:10D2E000A268A36B43F203300021D31AA08784F80D
:10D2F0003E1001200221A36284F82C0084F8301033
:10D30000002AE2D0002BE0D0237BDB0914BF94F885
:10D310002E1094F82F10284602B0BDE8704001F09E
:10D32000D5BF054B1B68DB07CFD500BECDE700BFDF
:10D33000C8380120C8360120F0ED00E038B5214B97
:10D34000214C05461BB1607BAFF30080B0B1A06BF0
:10D35000A36894F82F101D4A1B1AB3F5007F28BF4D
:10D360004FF4007328469BB201F074FF00B138BD42
:10D37000174B1B68DB07FAD500BE38BDA26BA1684E
:10D3800084F83E008B1A42F207720120A287022223
:10D39000A36284F82C0084F830200029E7D0002B09
:10D3A000E5D0237BDB0906D094F82E102846BDE893
:10D3B000384001F08BBF94F82F102846BDE8384064
:10D3C00001F084BF00000000C8380120C8360120E9
:10D3D000F0ED00E0044880F83C1080F83D2080F833
:10D3E0003E300120704700BFC8380120024840226B
:10D3F00000211AF083BF00BFC83801200248402234
:10D4000000211AF07BBF00BFC83801204B79082BE0
:10D4100001D0002070478B79062BFAD1CB79502BA5
:10D42000F7D1162A06D81C4B1B68D907F1D500BEC8
:10D430000020704770B5194D8B7885F82D300B782A
:10D4400082B005F12F0205F12E0619440223CDE921
:10D4500000261A46044601F005FE30B90E4A12684D
:10D46000D2070FD500BE02B070BD204695F82F1030
:10D4700000241F232A4685F8304001F0EBFE20B13E
:10D480001720F0E7002002B070BD034B1B68DB07DC
:10D49000F6D500BE1720E6E7F0ED00E0C838012021
:10D4A000002961D170B5137803F07F05022D84B097
:10D4B000044620D003F06003202B02D0002004B0EB
:10D4C00070BD5378FE2B34D0FF2BF7D15388002B3F
:10D4D000F4D1D688B3B2002BF0D13B4D1146204693
:10D4E000AE87C5E90D3385F8303085F83E3001F060
:10D4F00017FF0120E3E75578012DDBD15388002B7E
:10D50000DCD1314E938896F83020042ADBB243D028
:10D5100096F82E10994229D096F82F509D4205D1A9
:10D5200022B9294601F0C4FE00283AD0012004B0F7
:10D5300070BD5388002BC1D1D0880128BED1234BA8
:10D540008DF80F002BB10192FEF738FF019A0028E9
:10D55000B4D0451E1146204601230DF10F028DF86F
:10D560000F5001F0F7FEE1E701207047022ADDD1FC
:10D57000B26BB3689B1A0324B36206F120020D2339
:10D5800086F8304001F066FE0028CFD1104B1B68B2
:10D59000DB0793D500BE92E7194601F097FE2846B7
:10D5A0008DE72946204601F0ADFE0028BED10023BC
:10D5B00086F8303096F82F10034A20461F2301F0DA
:10D5C00049FE0028B2D1E1E7C8380120BDC30400FC
:10D5D000F0ED00E0F0B5A74C94F83050012D8FB07D
:10D5E0001E4607466FD0032D46D02DB1022D00F008
:10D5F000898001200FB0F0BD94F82F308B42F8D114
:10D600001F2E40F09E809C4B22689A4240F09980E9
:10D61000E37B9A4A6068A56284F82C50A563226275
:10D62000A56860620122282B84F83020656300F031
:10D63000DA802A2B00F09F82002D00F02981227BC6
:10D64000D20940F02581B5F5007F40F2F78294F8C9
:10D650003C30A5620120022284F82C0084F830209E
:10D6600023B942F2050284F83E30A287384601F021
:10D670002DFE94F83050B9E794F82E308B42B8D193
:10D680000D2EB6D1E37B282B00F06D822A2B00F003
:10D6900062827B4B23B1607B04F10F01AFF300800A
:10D6A000002084F83000734A94F82F101F23384666
:10D6B00001F0D0FD0028DCD1724B1B68DA0700F1C5
:10D6C0009080002096E7E37B282B12D02A2B59D09C
:10D6D000A36B227B3344D209A36347D0626B9A4287
:10D6E0000DD9684B1B68DB07C3D500BE94F83050DA
:10D6F0007CE7D4E90D2333449342A3636CD3022324
:10D7000084F8303094F82E10384601F0FBFD0028E4
:10D710007FF46FAFA368A26B934202D9217BC90942
:10D720001ED19B1A0325A36294F82E10564A84F842
:10D73000305038460D2301F08DFD00287FF459AF9D
:10D74000BAE7042394F82E1084F83030384601F0FC
:10D75000BDFD384694F82F1001F0B8FD002049E7D0
:10D7600094F82E10384601F0B1FD42E7A38E474AE7
:10D77000607B04F10F01FEF7A9FE0028C0F2C98109
:10D78000A36BABE7E08A40BA80B218B1A368B3FBE1
:10D79000F0F080B2D4F81110A26B3C4DB2FBF0F364
:10D7A00009BA00FB13221944607B00962B46FEF752
:10D7B000B1FE0028C0F20A82864252D9002840F009
:10D7C0003382002394F82F1000933246384601F03C
:10D7D00015FC94F8305009E7FFF74CFD94F83050F1
:10D7E00004E700BE06E7E28A52BA92B29DB9002A67
:10D7F00085D094F83C300222002184F82C2084F853
:10D800003020A162002B7FF47DAF42F2050284F844
:10D810003E30A28776E7207BC0090BD0002A00F0BB
:10D82000EE819542C0F02282282B3846D4D0FFF7F3
:10D8300085FD1EE794F83C20A562022384F82C3075
:10D8400084F83030002A7FF411AF42F20502002341
:10D85000A28784F83E30207BC00900283FF406AF41
:10D860009DE1D4E90D2333449342A363BFF447AF52
:10D870003846DCE7C83801205553424355534253DC
:10D8800000000000F0ED00E0E8380120C83601207B
:10D89000607B252B27D8DFE813F037012600260010
:10D8A0000A01260026002600260026002600260063
:10D8B0002600260026002600260026002600E90075
:10D8C0002600260026002600260026002600CF007F
:10D8D000B500260026002600260026002600260089
:10D8E0007B002600520094F83C30002B3AD1B04A1D
:10D8F000B049ABB2FEF7EAFD002833DB40F0C98146
:10D90000A368002B3FF4FBAEA16B94F83C205B1A9C
:10D9100001200221A36284F82C0084F8301022B97F
:10D9200042F2050184F83E20A187002B3FF4EAAEC5
:10D93000237BDB0940F0338194F82F1096E604AA8C
:10D9400005A9FEF7B1FD059B23B1BDF81020002A03
:10D9500040F0968194F83C3023B940F2024284F8BA
:10D960003E30A287A268A36B94F83C100120D31A22
:10D9700084F82C000220A36284F8300021B942F21E
:10D98000050084F83E10A087002A3FF4BBAECCE728
:10D9900005AD00230DF10E0204A96B600593AB6089
:10D9A000FEF782FD049A002AD4D0BDF80E30002B79
:10D9B000D0D012BA5BBA08200221ADF81E30069210
:10D9C0008DF817008DF81C1095E80700784BA568B6
:10D9D00083E807000C20002D40F03981A36B94F8F8
:10D9E0003C205B420121A362022384F82C1084F8BE
:10D9F0003030002A7FF486AE42F2050384F83E50B0
:10DA0000A3877FE66C4B002B3FF47AAFE17CC1F338
:10DA1000400301F001020909AFF3008000287FF400
:10DA20006FAF94F83C30002B9CD140F202420023AF
:10DA3000A28784F83E3095E7059B604A03F4000313
:10DA400043F003030593002A00F01881AFF3008030
:10DA50009DF81630564AA56880F0010060F3C713A0
:10DA60008DF81630059B13600420B4E74FF0203387
:10DA70000022CDE90A33524D069207A909AA08935C
:10DA8000079309930D930C9305AE0DAB0595FEF727
:10DA90009DFC0FCEDFF818C1A568ACE80F000FCED3
:10DAA000ACE80F003368CCF80030242093E794F8FA
:10DAB0003C2094F83D0094F83E10DFF8F4C04FF09D
:10DAC000000E4FF00003CDE905EECDE907EE62F35D
:10DAD00003038DF81630F0220A23ADF824E08DF808
:10DAE00020008DF821108DF814208DF81B3005AE24
:10DAF0000FCEACE80F003368A4F83CE084F83EE0B9
:10DB0000ACF80030122066E7FEF7B4FC002888D09D
:10DB1000F6E6A268A36B94F83C0084F82C50D11A66
:10DB20000225A16284F8305020B942F2050584F83C
:10DB30003E00A587002A3FF4D1AD00293FF4CEADC9
:10DB4000237BDB0900F0948094F82E10384601F016
:10DB5000BDFBA36BC2E51B4B002B3FF4A1AD607B6B
:10DB6000FEF7EEFC9CE5184B002B3FF499AD607B73
:10DB7000AFF3008094E5E28A52BA92B2002D3FF4EE
:10DB800036AE207BC0093FF449AE94F83C30A56224
:10DB9000022284F82C2084F83020002B7BD094F8CB
:10DBA0002E10384601F092FB94F830501EE500BF6D
:10DBB000C8360120D7380120000000000000000016
:10DBC0000080020241C5040000000000A36BA268AF
:10DBD0003344D11A43F20330A3630023A08784F8AF
:10DBE0003E3001200223A16284F82C0084F83030FA
:10DBF000002A3FF487AD00293FF484AD98E6012266
:10DC000094F83C3084F82C200222A56284F830205D
:10DC1000002B7FF422AE42F2050284F83E30A28748
:10DC2000002D3FF46FAD16E6A36B361A0344291896
:10DC300032462846A3631AF047FBC2E5194AABB245
:10DC4000384601F007FB00287FF413AD34E5A84205
:10DC500028BF284683B26063124A94F82E103846D3
:10DC600001F0F8FA00287FF404AD25E50222C7E7A9
:10DC700094F82F10384601F029FB81E50120E7E6F2
:10DC80000849A568013B1BBA12BAC1E90032082055
:10DC9000A1E6A5689FE642F2050284F83E30A2871D
:10DCA000D9E500BFC836012030B5154C83B000213E
:10DCB0000D464FF4EE7220461AF020FB04F13C01B1
:10DCC000201D00950123402200F0F2F8402204F1CB
:10DCD0007C010123009504F1200000F0E9F804F133
:10DCE000BC0101200FF09AFE04F586710346012065
:10DCF000C4E906530FF092FEC4E90D0503B030BD30
:10DD00000839012010B5064C2046002340F8043B9A
:10DD100000F05EFA04F12000BDE8104000F058BAAF
:10DD2000083901204B79FF2B01D0002070472DE9E5
:10DD3000F041324C6678A378334382B003D00020A0
:10DD400002B0BDE8F0810D788B78237080460879A9
:10DD50000F460D4408B36B78052B0AD0AB189D42D3
:10DD600002D306E0AB4204D929780D44697805292D
:10DD7000F8D1234E0196731C0246009329460223D4
:10DD8000404601F06FF90346A8B13B79A178C3EB97
:10DD9000C3031D4431B96178A1B9E81B80B202B058
:10DDA000BDE8F081402306F25B12404601F052FAD2
:10DDB00003460028EFD1134A1268D207BFD500BE30
:10DDC0001846BDE7002001F073FA06460028E4D1AA
:10DDD0000D494022A1F5BE7000F0D2F80028DCD039
:10DDE00003466178084A304601F034FA0028D4D15D
:10DDF000044B1B68DB07D0D500BECEE708390120F5
:10DE000009390120F0ED00E0A43A012038B5234C97
:10DE1000A2788A420AD063788B424FF0000004D186
:10DE200001F046FA054600B3012038BD9AB204F568
:10DE3000AE71201D00F056F9194B13B10020AFF35D
:10DE40000080A178002001F033FA05460028EBD1CC
:10DE5000144800F083F83F28E6D9A178124A2846F2
:10DE6000402301F0F7F9012038BD402204F5CE71BE
:10DE700004F1200000F084F80028D5D00346617832
:10DE8000284604F5CE7201F0E5F90028CCD1074B05
:10DE90001B68DB07C8D500BEC6E700BF08390120F4
:10DEA000000000000C390120643A0120F0ED00E090
:10DEB0002DE9F041B2F5004F9DF8188030D80446A6
:10DEC000406915460E461F4618B14FF0FF310FF05E
:10DED000E5FFA06918B14FF0FF310FF0DFFF6A00D6
:10DEE00092B260692660511E00235242E381A580F0
:10DEF000E78084F80880A1816281238218B11A46E4
:10DF000019460FF0DBFBA06938B100231A46194609
:10DF10000FF0D4FB0120BDE8F0810120BDE8F081C5
:10DF20000020BDE8F08100BFC189028A89B292B2A7
:10DF30008B1A91429BB202D242899B1A9BB2808873
:10DF4000984228BF18467047C289038A90B29BB294
:10DF5000C01AB0FA80F04009704700BFC189028A38
:10DF600089B292B28B1A914210B49BB2848802D2C9
:10DF700040891B1A9BB2E01A80B25DF8044B7047CF
:10DF80002DE9F047054680698846914618B14FF063
:10DF9000FF310FF083FFEB892C8A9BB2A4B21E1BCA
:10DFA000A342B6B202D26A89B61AB6B2AF88B742F5
:10DFB00009D2BB4249D26A893A449B1A9AB22A8250
:10DFC0002C8A3E46A4B2002E45D04E4528BF4E4670
:10DFD000A74203D8E41BA4B2A742FBD9A7EB0409CC
:10DFE000B5F806A029681FFA89F94E450AFB041105
:10DFF00025D919FB0AF91FFA89F94A4640461AF051
:10E0000055F9F21B224412FB0AF2296892B208EB7E
:10E0100009001AF04BF92A8A92B293199BB29A42DC
:10E020001BD96A8913449BB2A8692B8220B10023B3
:10E030001A4619460FF042FB3046BDE8F0870AFB4E
:10E0400006F240461AF032F9E5E7A989DA1B92B2E6
:10E050009142B4D2AFE72B8A9BB2AA899A42E3D20B
:10E06000DFE700BF70B5044680690E4618B14FF077
:10E07000FF310FF013FFE289238A92B29BB2D01ACC
:10E080009A4280B202D26189401A80B2A588854244
:10E0900007D2AA421DD261892944521A91B2218223
:10E0A0002846E0B1AB4203D35B1B9BB29D42FBD938
:10E0B000E2882168304602FB03111AF0F7F80125C7
:10E0C000A06920B100231A4619460FF0F7FA284636
:10E0D00070BDA089511B89B28842E0D2DBE70546BA
:10E0E000EEE700BF2DE9F84F1546002A3FD0044661
:10E0F0004069884618B14FF0FF310FF0CFFEE78935
:10E10000237A218ABFB289B2A3BB7A1A8F42A3882D
:10E1100092B252D39A1A92B2954228BF1546A5EBF5
:10E120000309B4F806A01FFA89F99F423E4603D3BB
:10E13000F61AB6B29E42FBD29B1B20689BB29D4250
:10E140000AFB060027D80AFB05F241461AF0AEF892
:10E15000EB199BB29F421AD8A2899A4217D36069E1
:10E16000E38120B100231A4619460FF0A7FA28468A
:10E17000BDE8F88FA3889D4223D3B4F806A0ED1A1A
:10E180000AFB05880F461D464FF00009CDE762895E
:10E1900013449BB2E3E713FB0AF31FFA83FB5A46CF
:10E1A00041464E441AF082F816FB0AF2206808EB4A
:10E1B0000B0192B21AF07AF8CAE76189521A92B248
:10E1C000A8E7A5EB0309B4F806A01FFA89F9ACE7A4
:10E1D00010B50446406918B14FF0FF310FF05EFEF4
:10E1E000A06918B14FF0FF310FF058FEA3886069A5
:10E1F0005B009BB2591E5A420023E381A1816281D8
:10E20000238218B11A4619460FF058FAA06920B1B6
:10E2100000231A4619460FF051FA012010BD00BF25
:10E2200038B5044640690D4618B14FF0FF310FF084
:10E2300035FEA06918B14FF0FF310FF02FFE606975
:10E24000257220B100231A4619460FF037FAA0694B
:10E2500020B100231A4619460FF030FA012038BDCC
:10E26000024B5878003818BF012070473C3B012012
:10E27000024B1878C0F38000704700BF3C3B012080
:10E28000044828B108B5002001F0ECF9012008BDD0
:10E29000704700BF65F60400044828B108B50020A7
:10E2A00001F0EAF9012008BD704700BF79F60400CB
:10E2B000014B1878704700BF733B01202DE9F043F4
:10E2C0003A4D2E7883B01EB1304603B0BDE8F083DE
:10E2D00037223146044636481AF010F835490120F5
:10E2E0000FF09CFB344B186000283BD033490B46A1
:10E2F0004A6833F8080B498800960FF03BF9304B19
:10E30000186078B32F4F27B12F48AFF300802F4B01
:10E3100018602D4E337877B32D4FDFF8B0804FF073
:10E3200000094B4537D8A9EB0303DBB2042B39D8DE
:10E3300003EB430307EBC3031B689847337809F1EA
:10E3400001095FFA89F91A1D4A45EADA204601F007
:10E350006FF9204601F06EF9012630462E7003B0A9
:10E36000BDE8F0831B4B1B68DB07ADD500BE304614
:10E3700003B0BDE8F083DFF8588001E0052F11D02D
:10E3800007EB4703013758F83330984733780433A5
:10E390009F42F3DDDAE7D8F8003009EB490203EBDE
:10E3A000C203C9E700231B68FFDE00BF733B0120E7
:10E3B0003C3B0120EC3A0120743B012074620020B8
:10E3C000783B012000000000E83A0120E43A0120F7
:10E3D00098020700F0ED00E02DE9F04F8BB002F05D
:10E3E0002DF8002800F06F81BE4DDFF81893DFF89C
:10E3F00018A3DFF818B328684FF0FF3207A90FF011
:10E40000F1FB002800F05F819DF81D30013B072BD8
:10E4100000F2F284DFE813F00001C900A3009400C9
:10E4200088003F000E000800089B002BE3D00998ED
:10E430009847E0E79DF82010AB4B01F07F0403EB19
:10E44000440303EBD11393F825006FF3000083F826
:10E45000250093F825006FF3820083F82500002C37
:10E4600000F03481A14ADB7C32B1A14A1278934298
:10E47000C0F01C819B1ADBB2042B00F21F8103EB5E
:10E4800043030AEBC3031C699DF82120099B9DF8F7
:10E490001C00A047AFE7DFF850829DF81C6098F899
:10E4A000003043F0010388F8003098F825306FF30E
:10E4B000000388F8253098F825306FF3820388F838
:10E4C000253098F826306FF3000388F8263098F846
:10E4D00026306FF3820388F82630002000F09EFF7C
:10E4E0009DF8203003F06002602A0DD0402A00F031
:10E4F000438103F01F03012B00F09B81022B00F0EE
:10E500006D81002B00F04781D9F80030DC0700D581
:10E5100000BE9DF81C00002101F044FA9DF81C008B
:10E52000802101F03FFA66E76F4B1B78DA077FF531
:10E5300062AF704B002B3FF45EAFAFF300805AE741
:10E54000694B1A78D1077FF556AF6B4A002A3FF422
:10E5500052AF1878C0F3C000AFF300804BE7644CB3
:10E56000624F2278002F00F0F480002614E0B31AE6
:10E57000DBB2042B00F2FD8003EB43030AEBC30381
:10E580005B691BB19DF81C00984722780136F6B2F2
:10E59000131DB342FFF62FAFB242E8D9DBF80030CB
:10E5A00006EB460103EBC103EAE7514C4F4F2378DA
:10E5B0009DF81C60002F00F0BA800027BB4267D88E
:10E5C000FB1ADBB2042B00F21F8403EB43030AEBBC
:10E5D000C3035B683046984723780137FFB21A1DA2
:10E5E000BA42EBDA372200213F4819F087FE434B4D
:10E5F0004FF0FF321A605A609A60DA601A615A610D
:10E600009A61DA611A8400F0FFFE3D4B002B3FF463
:10E61000F2AEAFF30080EEE6354C344F23789DF830
:10E620001C60002F5AD000279F4238D3FB1ADBB260
:10E63000042B00F2E98303EB43030AEBC3035B689B
:10E640003046984723780137FFB21A1DBA42EBDAF9
:10E65000254C37220021204619F050FE4FF0FF33A1
:10E66000C4F80330C4F80730C4F80B30C4F80F30D6
:10E67000C4F81330C4F81730C4F81B30C4F81F3086
:10E68000A4F8233000F0C0FE9DF82030A370B2E65D
:10E69000DBF8003007EB470203EBC20399E7DBF836
:10E6A000003007EB470203EBC203C8E7DBF80020AA
:10E6B00003EB430312EBC3037FF4E5AE114B1B687E
:10E6C000D80700D500BE0BB0BDE8F08F099B9DF8C0
:10E6D00021209DF81C0000F0B3FE8CE6DFF82880B6
:10E6E00019E000BF783B01203C3B01200000000006
:10E6F000E83A012000000000000000003F3B01203C
:10E7000000000000F0ED00E098020700E43A01206C
:10E71000052F00F07983D8F80430304698472378E5
:10E72000013704339F4208F11808F1DD90E7DFF864
:10E73000508302E0052F00F06783D8F8043030469C
:10E740009847237801370433BB4208F11808F1DAFF
:10E7500048E7CB4E73691BB19DF81C00984722789F
:10E760000137131D9F4206F118063FF744AE052FEF
:10E77000F0D100235B69FFDEC24800283FF4C9AE38
:10E7800000F04CFE304608AA0021FDF735FF0028B6
:10E790007FF431AEBDE6202A00F08480002A7FF4A9
:10E7A000B3AE9DF82130092B3FF6AEAE01A252F870
:10E7B00023F000BF3BE904003BEA040009E5040044
:10E7C0001BEA040009E50400FDE90400A9E90400CE
:10E7D00009E5040091E904005FE904009DF82410B4
:10E7E00001F07F03082B3FF68FAE08EB430000EBF0
:10E7F000D110A54CC07C5B00CF0934B1A34C247868
:10E80000A042C0F08E80001BC0B2042862D800EB8A
:10E8100040000AEBC004002A60D0E06800F0FEFD72
:10E82000E368304608AA0021984700287FF4E3AD4A
:10E830006FE69DF824300F2B3FF66BAE4344924AAF
:10E84000DB782AB1914A1278934261D39B1ADBB2EA
:10E85000042B3FF65EAE03EB43030AEBC304E06810
:10E8600000F0DCFDE36808AA002130469847002844
:10E870007FF4C1AD9DF8203013F060047FF449AE01
:10E880009DF821300A3B012B3FF643AE00F0C6FD58
:10E890009DF821300A2B00F07B8108A9304600F05A
:10E8A0003FFDA8E59DF824300F2B3FF632AE4344E0
:10E8B000754ADB7832B1754A12789342C0F04D81C7
:10E8C0009B1ADBB2042B3FF624AE03EB43030AEBA7
:10E8D000C304A2E7002A7FF41CAE14469DF8212051
:10E8E00002F0FD00012800F00A81002A7FF40CAE3E
:10E8F00043443B44304693F825400DF11A02C4F3DB
:10E900004004022308A9ADF81A4000F023FD72E587
:10E91000DBF8004003EB430314EBC3043FF4F9AD11
:10E920009DE7DBF8004000EB400004EBC004002A48
:10E93000D4D0002C7FF471AFEBE598F800309C0840
:10E9400004F00204C3F340131C43304602230DF1CC
:10E950001A0208A9ADF81A4000F0FCFC4BE59DF83E
:10E96000223002931A4698F801309A4208D098F85B
:10E970000130002B40F09581029B002B40F012816A
:10E98000029B88F80130304608A900F0C9FC32E546
:10E9900098F801308DF81A30304601230DF11A0233
:10E9A00008A900F0D7FC26E5BDF82200030A5A1E8C
:10E9B000C0B20E2A3FF6ADAD01A151F822F000BF62
:10E9C000E7EA0400CBEA0400BBEA040013E5040014
:10E9D00013E5040095EA0400CBEA040013E5040003
:10E9E00013E5040013E5040013E5040013E5040037
:10E9F00013E5040013E504005BEA040008A800F036
:10EA000013FD9DF82210304600F01AFE98F80030F1
:10EA100043F0020388F80030EDE4BDF82230012B0A
:10EA20007FF477AD98F80030304643F0080308A92A
:10EA300088F8003000F074FCDDE4BDF82230012BD2
:10EA40007FF467AD98F8003030466FF3C30308A930
:10EA500088F8003000F064FCCDE40D4B002B3FF44F
:10EA600058ADFDF7C5FD024600283FF44DAD538873
:10EA7000304608A900F06EFC00287FF4BCAC48E5E5
:10EA800098020700F9C5040000000000E83A0120E0
:10EA9000F1C50400B64B002B3FF43BADAFF3008053
:10EAA000024600283FF435AD1378304608A900F03F
:10EAB00051FC00287FF49FAC2BE5BDF82410FDF736
:10EAC000CDFB02460028EFD123E5022B00F08A811E
:10EAD000A84B002B3FF41DADAFF300800246002A87
:10EAE0003FF412ADC3E7FDF7AFFB1223024608A9BE
:10EAF000304600F02FFC00287FF47DAC09E5BDF81E
:10EB00002200009048B9012A43442FD03B4403F12E
:10EB1000200793F825309B0713D5002C3FF46BACEE
:10EB2000E06800F07BFCE36808AA002130469847C3
:10EB3000002000F073FC98F82630DF073FF55BAC4F
:10EB4000ABE6304600F02EFF7B7943F002037B7189
:10EB50007B7943F001037B71DFE7DBF8004003EBD7
:10EB6000430314EBC3043FF4D4AC56E61F442037F0
:10EB70007B799A07D1D5304600F054FF7B79009A13
:10EB800062F341037B717B7962F300037B71C4E71D
:10EB900008A9304601230DF11A028DF81A4000F041
:10EBA000D9FB28E4581EC0B2FDF752FB002871D0F3
:10EBB0004378022B6ED1C27998F80010C2F340134B
:10EBC0001B01C2F3801221F0300143EA42130B43D0
:10EBD00088F8003043880396C31800F109070493AE
:10EBE0003946049B8B4240F2F5804B780B2B00F0AA
:10EBF000DD8001220092042B4CD1049B5E4A5B1AFB
:10EC00009BB201935D4B1B784AB3002637461DE04B
:10EC1000F31ADCB2042C00F2EC8004EB44040AEB9F
:10EC2000C404019AA3680398059198470828059998
:10EC3000024603D9019B834280F082804F4B1B78B0
:10EC40000136F6B21A1DB242374623DBB342DFD992
:10EC5000DBF8004006EB460304EBC304E1E7484B56
:10EC600017461C46052FFEB200F0C380019AA36828
:10EC700003980591984708280599024602D90198FA
:10EC800090425DD23D4B1B7801370433BB4204F107
:10EC90001804E7DAD9F80030D9077FF535AC00BEA3
:10ECA00032E4364C344F304600F084FD98F80220B0
:10ECB0002378009287B30027BB4226D8FB1ADBB229
:10ECC000042B00F2A18003EB43030AEBC3035B6850
:10ECD0003046984723780137FFB21A1DBA42EBDA63
:10ECE00037222848002119F009FB274B009A88F8A1
:10ECF00002204FF0FF321A605A609A60DA601A619F
:10ED00005A619A61DA611A8436E6DBF8003007EB63
:10ED1000470203EBC203DAE7194B304626461C468E
:10ED200001E0052F70D06368019098473278019810
:10ED300001370432BA4204F11804F2DA0646CFE78A
:10ED4000009B012B38D0009B03B391F802C0002335
:10ED500005E00133C6700098DCB2844216D20CEB99
:10ED6000030058FA80F0C478FF2CF2D092E700BF7D
:10ED7000000000000000000000000000E83A012050
:10ED8000980207003C3B01203F3B012033462048CE
:10ED9000CDE9001201F088FB1E4B1B78DDE9001263
:10EDA0000433BB421144BFF61CAF73E70B78CA783B
:10EDB000009219444B781EE7A3681748834206D097
:10EDC000009C1648834208BF02240094BDE702233A
:10EDD0000093BAE7124B039E002B3FF4D1ADAFF383
:10EDE0000080CDE5FDF734FA0246002A3FF48CABF3
:10EDF0003DE600239B68FFDED9F80030DB077FF596
:10EE0000FAAA00BEFFF7F7BA00235B68FFDE00BF77
:10EE10004F3B0120E83A0120EDC8040075D0040002
:10EE20000000000030B589B000248D1ECDE90244F9
:10EE300004948DF809108DF80800032D5CD8DFE8E4
:10EE400005F0082C48023B4B1978C80761D409B07B
:10EE500030BD384938480B7800686FF300030B70F9
:10EE60000C7800236FF341040C704B700C7863F343
:10EE700082040C70002A37D002A905AA0EF004FE05
:10EE8000059B002BE3D02D4B4FF080525A6040BFC2
:10EE9000BFF34F8FBFF36F8FD9E7264B1978490720
:10EEA000D5D51978244C6FF3820119700023052100
:10EEB000CDE9053307938DF814008DF815102068FF
:10EEC000002A2FD1134605A94FF0FF320EF0F6FBB2
:10EED000BDE7184B1978CC07B9D51978164841F019
:10EEE0000401006819705AB9134602A94FF0FF32A5
:10EEF0000EF0E4FB09B030BD0F4B1868002AF3D0C8
:10EF0000002302A905AA0EF0BFFD059B002B9ED091
:10EF1000B9E7197808486FF3820100681970002A70
:10EF2000EED1E1E705A901AA0EF0AEFD019B002B91
:10EF30008DD0A8E73C3B0120783B012000ED00E0AC
:10EF400030B5144D85B000240123CDE9014403946C
:10EF50008DF804008DF8081028688DF805303AB94E
:10EF6000134601A94FF0FF320EF0A8FB05B030BDEB
:10EF7000234601A96A460EF087FD009B002BF5D0C1
:10EF8000054B4FF080525A6040BFBFF34F8FBFF325
:10EF90006F8FEBE7783B012000ED00E030B50B46CA
:10EFA00085B0044649681868124D8DF8044002ACDB
:10EFB00003C4002306212868ADF806308DF805103B
:10EFC0003AB9134601A94FF0FF320EF077FB05B0B6
:10EFD00030BD6A4601A90EF057FD009B002BF6D00C
:10EFE000054B4FF080525A6040BFBFF34F8FBFF3C5
:10EFF0006F8FECE7783B012000ED00E030B585B085
:10F00000164D03929DF820402D680022CDE9012283
:10F010008DF8081007218DF804008DF809308DF85F
:10F02000051044B9234601A928464FF0FF320EF0DF
:10F0300045FB05B030BD134601A928466A460EF0CF
:10F0400023FD009B002BF4D0054B4FF080525A60FB
:10F0500040BFBFF34F8FBFF36F8FEAE7783B0120CC
:10F0600000ED00E02DE9F84FDDE90A8A002A3CD0E6
:10F07000DFF8809007460C461E4615464FF0000B01
:10F0800017E099F8021001F0DBF9034621463846F3
:10F09000EBB100F0F9FAF8B1A378DA0914BF8AF8F5
:10F0A000003088F8003023780BF1010BAB451C448D
:10F0B0001BD06378052B20460ED1E17801F00301C7
:10F0C000B14209D1A37803F07F03082BD9D9084BAB
:10F0D0001B68DA0700D500BE054B1B68DB0702D4AE
:10F0E0000020BDE8F88F00BEFAE70120BDE8F88FE8
:10F0F000F0ED00E03C3B012030B5124D85B000231F
:10F100000824CDE90201019328688DF805403AB939
:10F11000134601A94FF0FF320EF0D0FA05B030BD12
:10F120006A4601A90EF0B0FC009B002BF6D0064BFE
:10F130004FF080525A6040BFBFF34F8FBFF36F8FC5
:10F14000ECE700BF783B012000ED00E038B58B789C
:10F1500003F07F03082B06D90A4B1B68DB0700D599
:10F1600000BE002038BD084B0C460546084699787D
:10F1700001F066F90028EFD021462846BDE8384066
:10F1800000F082BAF0ED00E03C3B0120F8B5194BED
:10F1900001F07F0403EB440303EBD11101F12004E0
:10F1A000607910F0010519D163795A07C3F380071C
:10F1B00001D52846F8BD104E4FF0FF3130680EF0F3
:10F1C0006DFE607910F001050BD163795B0709D4FE
:10F1D000637943F004036371012503E000252846A9
:10F1E000F8BD3D46002330681A4619460EF066FA0F
:10F1F0002846F8BD3C3B0120743B012038B5134D37
:10F200000C4628684FF0FF310EF048FE104B04F01A
:10F210007F0103EB410303EBD41120314B7913F051
:10F22000010310D14A79C2F38004520703D54A7909
:10F2300063F382024A71002328681A4619460EF0C9
:10F240003DFA204638BD0024F5E700BF743B01209D
:10F250003C3B012070B5144D01F07F0605EB4605DF
:10F2600005EBD11420346579ED0706D50F4B1B68EB
:10F27000DA0700D500BE002070BD657945F00105B4
:10F28000657100F0E7FA0028F6D16379074A60F368
:10F2900000036371637960F3820363711368DB07B2
:10F2A000E9D500BE70BD00BF3C3B0120F0ED00E0A1
:10F2B000054B01F07F0203EB420303EBD11191F800
:10F2C000250000F0010070473C3B012010B50C4BBD
:10F2D00001F07F0203EB420303EBD11494F82530D5
:10F2E0009B0700D510BD203400F05CFB637943F030
:10F2F00002036371637943F00103637110BD00BFC2
:10F300003C3B0120054B01F07F0203EB420303EB82
:10F31000D11191F82500C0F3400070473C3B01201B
:10F320000B4630B40A4C496805461868224603C2A9
:10F3300093F9002000239A42C4E902332846A8BF6B
:10F34000802130BCB8BF19461A46FFF783BF00BF03
:10F350003C3C0120F0B50C46284F49680646206821
:10F36000BA603D4603C50021F981E588AB4228BF5C
:10F370002B4683B0BB81A5B11BB352B397F90000F4
:10F38000402B28BF402300282ADB1D4A3046FFF7C8
:10F3900061FF98B91B4B1B68DB071ED500BE03B08D
:10F3A000F0BD94F90030002BACBF80210021304625
:10F3B0002B462A46FFF74EFF0028EBD0012003B072
:10F3C000F0BD97F90020002AACBF194680211A46EB
:10F3D000DCE70C4B1B68D9070CD4002003B0F0BD50
:10F3E0001146074801931A4618F060FF044A019B32
:10F3F0008021CBE700BE1046E1E700BF3C3C012086
:10F40000503C0120F0ED00E0034B0022C3E9002254
:10F41000C3E902221A6170473C3C0120014B18618C
:10F42000704700BF3C3C01200346044A596800680D
:10F43000134603C30023C2E9023370473C3C01205A
:10F44000F0B5414C2578C909B1EBD51F83B01F46F3
:10F45000064616D033B13D4B1B68DA0757D400205F
:10F4600003B0F0BD3A4B13B12146AFF300802369DE
:10F47000002B2FD0344A304602219847012003B098
:10F48000F0BD94F90020002A06DBA0680028E6D031
:10F4900030491A4618F00AFFE589A168E2883D4420
:10F4A000ADB23944AA42E581A16016D03F2F14D9EC
:10F4B000A28994F90000531B9BB2402B28BF402324
:10F4C00000282FDB95423BD0224A00213046FFF72F
:10F4D000C1FEB0B1012003B0F0BD236923B11A4AC7
:10F4E000012130469847A0B194F9002000239A42A8
:10F4F000ACBF8021194630461A46FFF7ABFE002804
:10F50000E8D1124B1B68DB07A9D500BEA8E700BEF7
:10F51000A5E70146304600F045FA3046802100F06C
:10F5200041FAD7E7954208D01A460A48019318F0E5
:10F53000BDFE084A019B8021C8E780210022C5E763
:10F5400000210A46C2E700BF3C3C0120F0ED00E08C
:10F5500000000000503C012042DF704743DF70474D
:10F5600044DF704712DF70472C4B5B68C3F308031E
:10F5700013B9EFF310839BB1294B93F8D820002ADD
:10F5800036D1012283F8D8200260BFF36F8FBFF31A
:10F590004F8F244A904227D0043A904224D070479B
:10F5A000214A53681B06E7D5802110B4C2F88410A5
:10F5B000BFF34F8FBFF36F8F194B93F8D840E4B967
:10F5C000012283F8D8200260BFF36F8FBFF34F8F03
:10F5D000144A90421DD0043A90421AD0124B802215
:10F5E0005A605DF8044B7047002283F8D8207047BA
:10F5F000014601220D48FFF77FBD5160C2F884101B
:10F60000BFF34F8FBFF36F8F93F8D840002CF4D126
:10F61000D6E7002283F8D820E0E700BF00ED00E045
:10F62000903C01205070024000E100E069F50400C8
:10F63000704700BF014B80225A60704700E100E034
:10F64000074BD3F80014D3F8002400200A434FF4EA
:10F650008001C3F80024C3F85801C3F804137047AD
:10F6600000700240034B0022C3F80425104602211B
:10F67000FFF7D8BB00700240024B0122C3F80425FB
:10F68000704700BF00700240F0B488788D88CC7855
:10F69000444FC10900F07F0202EB42034E00DB0041
:10F6A0000E4403EB86033B4404F00304C5F30A0550
:10F6B000012C1D812FD0D9B13B49941C012303FAA1
:10F6C00004F4C1F80443D1F8104503FA02F22243CE
:10F6D000C1F81025344B40F48072C3F81805C3F804
:10F6E0000C25BFF36F8FBFF34F8F0120F0BC704725
:10F6F0002D4C02F10C05012303FA05F5C4F804535F
:10F70000D4F81455934002F594722B43C4F8143581
:10F7100044F82210DEE7082A07D0244B186810F0BE
:10F720000100E3D000BE0020E0E7E9B9B7F8D4302B
:10F730001BB11D4B8022C3F81C251B4A0023C2F8B5
:10F740005031D2F8003313F4001308BFC2F854311B
:10F75000154B4FF44012C3F80423D3F8142542F498
:10F760008072C3F81425B5E7B7F8C8200E4B002106
:10F77000C3F82C1112B18022C3F81C250A4AD2F812
:10F78000003313F4001308BFC2F85431064B084A83
:10F79000C3F80423D3F8102542F48072C3F810256F
:10F7A00098E700BF903C012000700240F0ED00E0BF
:10F7B00000082000214B8022F0B4C3F88420BFF35E
:10F7C0004F8FBFF36F8F1E4A1E4E0D210125002360
:10F7D0001D4CA1F10A004FEA810C05FA01F76444BF
:10F7E00005FA00F0013138431429C6F808036360B4
:10F7F000A362C2E90033C2E90233C2E9043302F171
:10F800001802E5D11149124AC6F80823C6F81C357A
:10F81000C1F8C0307362C1F8C430B364C1F8C830F5
:10F82000C6F81455C1F8CC30C6F81055C1E93433C8
:10F83000024B80225A60F0BC704700BF00E100E03C
:10F84000A83C012000700240D06F0240903C012093
:10F8500000083000F0B501F07F00CF090D467C00B4
:10F8600000EB4001DFF838C1C9003C4401EB8404DF
:10F870000CEB040E1E460023AEF806304CF80420B4
:10F8800083B0AEF80460430040B127BB0CEB01032A
:10F890009A7A002A48D1012003B0F0BDD6B93A4A7D
:10F8A000D2F88024C2F3C012974213D03748FFF732
:10F8B0005BFE374B5B68C3F30803003B18BF0123B3
:10F8C00000933046294633463246FFF797FB012026
:10F8D00003B0F0BD17B303440CEBC30C00EB800383
:10F8E000BCF81210BCF81020BCF81440DCF80C5026
:10F8F000521A9B0092B203F1804303F51C33254951
:10F90000C3F80056A24228BF224601EB8000C3F88C
:10F910000426FFF729FE012003B0F0BD1E48FFF7C3
:10F9200023FE012003B0F0BD08289F720ED1164BB4
:10F93000D3F8C024D103AED4DCF8C010C3F8A017AC
:10F940001648C3F8A427FFF70FFEA4E75CF80150A0
:10F950000D4C9A8800F5947100EB800654F8211044
:10F96000DB88D31A9BB289B204EB86028B4204F186
:10F97000280428BF0B46C2F8005704EB8000C2F8E9
:10F980000437FFF7F1FD86E7007002405070024037
:10F9900000ED00E0047002404C70024048700240EC
:10F9A000903C0120F8B511F07F0307D11A4B0122DA
:10F9B0005A65BFF36F8FBFF34F8FF8BD082BF8D098
:10F9C000154A41F48070C909C2F81805F1D1134DE8
:10F9D00003EB430005EBC004C000A67A002EE8D07C
:10F9E00003F59476A17252F82660A188E4882F5816
:10F9F0000B480C1BA1B2B5B203EB830C02EB8C02DB
:10FA0000A94228BF2946C2F8007700EB8300C2F85C
:10FA10000417FFF7A9FDCCE700700240903C0120DD
:10FA20002870024011F0770F12D00A4B41F4807217
:10FA3000C3F80C15C3F80C25CA09C3F8181504BF80
:10FA400001F5947143F82120BFF36F8FBFF34F8FFF
:10FA5000704700BF007002402DE9F04F854B86488B
:10FA6000D3F80013002387B01F461D46012421FA56
:10FA700003F2D6070BD550F8232042B104FA03F263
:10FA800040F823501743BFF36F8FBFF34F8F0133FD
:10FA9000192BECD1FC0700F1C781784E380508D549
:10FAA000744BD3F8A83601229BB2A6F8D23086F860
:10FAB000D720B90214D56F4CD4F81435DA0500F10B
:10FAC0000482D4F81035DB0540F1098296F8D7306E
:10FAD000002B40F03482012203210020FFF7A2F91D
:10FAE00079021FD5634BD3F8004404F4E062C3F8F5
:10FAF0000024E20500F1DE81650510D55D4B012291
:10FB0000C3F808259A65D3F8002312F4001208BF41
:10FB1000C3F85421574B4FF40012C3F80423A00537
:10FB200000F1C28139022BD5524BD3F88024D2B2D6
:10FB30008DF81020D3F88414C9B28DF81110D3F8C1
:10FB400088048DF81200D3F88C048DF81300D3F8D4
:10FB500090048DF81400D3F894048DF81500D3F8B0
:10FB600098048DF81600D3F89C348DF8173052069F
:10FB700001D1052904D0012204A90020FFF70EFAC3
:10FB80003F4B3B403BB196F8D830002B00F08581CD
:10FB9000002386F8D830DFF8E490DFF8D8A0029789
:10FBA0004D460024C8460DE0B2F806C0A5F804C0D2
:10FBB000D2880127009792B2FFF720FA082E3DD095
:10FBC00001341835029B04F10C0223FA02F204EB13
:10FBD000440C04EB840E08EBCC0C0023E6B212F0CC
:10FBE000010F0AEB8E0E624631461846E6D0DEF86B
:10FBF00008E72F685FFA8EFE07EB0E0BC5F800B022
:10FC0000BCF806B01EFA8BFB1FFA8BFB082CACF875
:10FC100006B01FFA8EFEC7D0B5F808B0F345C3D1C1
:10FC2000BCF806C0B5F804E01FFA8CFCE645BBD969
:10FC3000002EC3D11348FFF797FCC1E7029F124B78
:10FC40003B404646002B00F0CA800A4BD3F86C8438
:10FC5000C3F86C84BFF36F8FBFF34F8F17F48067C7
:10FC600040F0C080CDE90277024FDFF820A00024E9
:10FC700016E000BF0070024000710240903C01207D
:10FC8000FCFB1F004C7002400004000104700240A5
:10FC9000002C00F0BC80072D3DD0013409F118097B
:10FCA00028FA04F304EB840C04EB440213F0010F74
:10FCB00007EB8C0C06EBC202E5B24FEA8400E7D0FA
:10FCC000DCF80816D9F80C30C9B203EB010BC9F8FF
:10FCD0000CB0538A11FA83F39BB25382518AB9F85C
:10FCE00010E089B271454FF00003504445F08001A7
:10FCF00080F08580538AB9F81420CCF800B6AEEBBA
:10FD000003039BB2934228BF1346CCF80436FFF797
:10FD10002BFC072DC1D118F4803F7DD1039B002B14
:10FD20007AD118F4003F08D0F28BB38B92B2934291
:10FD300000F2F280012386F8223018F4802F08D0D8
:10FD4000F38EB28E9BB29342C0F00681012386F8F7
:10FD50003A3018F4002F0AD0B6F84E20B6F84C30DE
:10FD600092B29A42C0F00B81012386F8523018F407
:10FD7000801F0AD0B6F86620B6F8643092B29A4274
:10FD8000C0F01181012386F86A3018F4001F0AD0F0
:10FD9000B6F87E30B6F87C209BB29342C0F0218149
:10FDA000012386F8823018F4800F0AD0B6F8963016
:10FDB000B6F894209BB29342C0F02781012386F8C5
:10FDC0009A3018F4000F0AD0B6F8AE30B6F8AC206E
:10FDD0009BB29342C0F02E81012386F8B23007B067
:10FDE000BDE8F08FD3F88024D3F8803483F080030B
:10FDF000C3F3C0130393C2F3C013029334E7528AD0
:10FE00000120009092B21846FFF7F8F843E7029BF2
:10FE1000002B3FF442AF53E7F388B2889BB29A427B
:10FE200067D80123B3727CE78D4B8E4A8E4E8F4884
:10FE300000240125C2F81455C2F81055546094628C
:10FE40005C609C629C60DC62DC601C631C615C63C7
:10FE50005C619C639C61DC63DC611C64546294643F
:10FE6000C2F85841D2F80034D2F800140B43C2F85B
:10FE70000034D2F80033C2F808332146C2F8040334
:10FE80003046DC2218F03AFA40232A462146204622
:10FE9000B3823381FFF754F800E6754B1B68DB072C
:10FEA0007FF579AE00BE76E6012205210020FEF73F
:10FEB000B9FF37E60122C3F82C2504210020FEF704
:10FEC000B1FF65057FF52BAE18E6D4F8C034DD032D
:10FED0007DD5D4F81035D8053FF5F8ADFBE54FF4E6
:10FEE0000013C4F80833012203210020FEF79AFF13
:10FEF000F6E55C493468D1F8A004F388C1F80047FE
:10FF0000D31A9BB282B2934228BF13465948C1F814
:10FF10000437FFF729FB04E7524AB469D2F8A41466
:10FF2000F08BC2F814471B1A9BB289B28B4228BFD0
:10FF30000B465148C2F81837FFF716FBFDE6B6F836
:10FF4000D22000230121009192B21846882186F820
:10FF5000D730FFF753F8BEE54249346BD1F8A80417
:10FF6000F38EC1F82847D31A9BB282B2934228BFBE
:10FF700013464248C1F82C37FFF7F6FAE9E6394A4A
:10FF8000B46CD2F8AC14B6F84E00C2F83C471B1A59
:10FF90009BB289B28B4228BF0B463948C2F8403722
:10FFA000FFF7E2FAE3E62F4A346ED2F8B014B6F85F
:10FFB0006600C2F850471B1A9BB289B28B4228BF19
:10FFC0000B463048C2F85437FFF7CEFADDE6D6F8D4
:10FFD000C020C4F8A0272C48C4F8A437FFF7C4FAFF
:10FFE00077E72049B46FD1F8B404B6F87E30C1F891
:10FFF0006447D31A9BB282B2934228BF1346234868
:020000025000AC
:10000000C1F86837FFF7B0FACDE61649D6F8904048
:10001000D1F8B804B6F89630C1F87847D31A9BB235
:1000200082B2934228BF13461948C1F87C37FFF7C4
:100030009BFAC6E60B49D6F8A840D1F8BC04B6F83E
:10004000AE30C1F88C47D31A9BB282B2934228BF1C
:1000500013461048C1F89037FFF786FABFE600BF95
:100060000470024000700240903C01200514C00161
:10007000F0ED00E0287002402C7002403070024029
:100080003470024038700240487002403C700240B8
:100090004070024044700240F0B5012883B006D0A1
:1000A000022800F0828000283AD003B0F0BDB34BA4
:1000B000D3F80025002AF8D00022C3F80425BFF3A6
:1000C0006F8FBFF34F8FAE498020C1F88400BFF31C
:1000D0004F8FBFF36F8FD3F80013C3F80813C3F823
:1000E0000025BFF36F8FBFF34F8F43F2040103F17D
:1000F0008D53096803F5772303F2DB53994200F02F
:100100006D81A04B01221A609F4B5A68C2F308020E
:10011000003A18BF012202210020FEF783FEC4E747
:10012000964BD3F80025002ABFD14FF480014FF43D
:100130000062C3F80813C3F80024BFF36F8FBFF346
:100140004F8F924B1B68082B00F0C7808B4B01220E
:10015000C3F80025BFF36F8FBFF34F8F43F2040244
:1001600003F18D53126803F5772303F2DB539A42B0
:1001700000F0DD804FF08043D3F80C24D3F80C342A
:10018000DF0300F1E88043F20402814B12689A42D7
:1001900000F0E5807F4B00221A601B6801934FF04E
:1001A0008043012201991A607FE7744BD3F804352C
:1001B000002B47D1714AD2F800341805FBD54FF413
:1001C0000063C2F80034BFF36F8FBFF34F8F6F4BE4
:1001D0001B68082B48D06949694A80230120C1F86F
:1001E0001C35C1F80403C2F884315360684E43F2F1
:1001F00004054FF080442B68B34211D0D4F80C248E
:10020000D4F80C34D903F6D5D307F4D55B4B0122CF
:10021000C3F80425BFF36F8FBFF34F8F03B0F0BD5A
:1002200001A800278DF80470FFF79CF99DF80430B1
:10023000002BE3D001A80197FFF792F9019B002B57
:10024000D9D0E3E743F20402514B12689A4200F01E
:10025000B1804FF08043D3F80C24D3F80C34DD0385
:10026000A8D5D407A6D520E74B4B1B68032BB2D8E3
:100270004A4B1A68002A40F0BE80494849F275315D
:10028000196002601960414A434B12681B68082AD2
:10029000A1D1032B9FD8434AD35C93B13F4B1A683B
:1002A000002A40F0B080404849F275311960026080
:1002B0001960364A384B12681B68082A8BD1032B09
:1002C00089D83A493A4B40F2E370402208601A60FC
:1002D000BFF36F8FBFF34F8F7DE72F4B1B68032B4F
:1002E0003FF634AF2F4AD35CABB12C4B1A68002ACF
:1002F00040F08D802C4949F2753203201A60086065
:100300001A60224A244B12681B68082A7FF41EAF29
:10031000032B3FF61BAF214B1A68002A6FD12049EF
:1003200049F27532C0201A6008601A600EE701A811
:1003300000248DF80440FFF715F99DF80430002BD8
:100340003FF418AF01A80194FFF70AF9019B002BB5
:100350007FF4ABAE17E7D6073FF5A7AE13E7002350
:1003600001A88DF80430FFF7FDF89DF80430002B4C
:100370003FF410AFFFF7F0F897E600BF00700240BF
:1003800000E100E00400004000ED00E0300100105A
:10039000DBE5B151000100403401001000EC0640E3
:1003A00014EC06401003070014ED064000780240EC
:1003B0000478024001A800248DF80440FFF7D2F829
:1003C0009DF80430002B3FF444AF01A80194FFF7DF
:1003D000C7F8019B002B7FF468AEEBE601A88DF80F
:1003E0000420FFF7BFF89DF80430002B3FF489AEDE
:1003F000FFF7B4F888E6084B00221A6043E7064B83
:10040000C0221A60A2E6054B00221A6051E7034B96
:1004100003221A6075E700BF14EC064014ED064095
:1004200008B50020FDF74AFF00B108BD024B1B686C
:10043000DB07FAD500BE08BDF0ED00E0FDF738BFE0
:10044000C378828803F003000228C2F30A0205D0B1
:10045000032819D0012807D00020704702291CD09A
:10046000402A09D801207047022940F2FF3308BF13
:100470004FF480639342F6D20A4B186810F00100E3
:10048000F1D000BE0020704702290CBF4FF48063FA
:1004900040239342F0D30120E5E7B2F5007FE1D09D
:1004A000EAE700BFF0ED00E00A44914216D230B412
:1004B0004C78052C05D00C7821448A42F8D830BC01
:1004C00070478C7804F07F0500EB4505E4092B5557
:1004D0000C7821448A42EBD830BC7047704700BF8B
:1004E00030B40A236B24017044708370F9B94270F0
:1004F0000122114B02714FF4C8714FF001320F4DC0
:10050000C0F80630642400234181C26040F2FF71CC
:10051000C0F816200A2205618482438430BC80F82A
:1005200024308377C0F826304183828370470129C5
:1005300008BF8270DCE700BFD007A0011000A00157
:10054000F8B5077804460E4615469FB1012F0FD126
:100550008078002110F0F6FA31461048E8F7A0FD47
:1005600029460E48E8F79CFDA078394610F0EAFAD3
:100570000020F8BD41780A48F2F7DAFE3146084813
:10058000F2F7BCFD29460648F2F7B8FD0448F2F739
:1005900039FF003818BF0120F8BD00BF6C2C0120C6
:1005A000A42C01202DE9F041047806460F46904620
:1005B0000CB3012C19D18078002110F0C3FA48F057
:1005C00080011F48E8F76CFD00211D48E8F768FD31
:1005D00001210446B07810F0B5FAFF2C14BF0026B4
:1005E00005263C703046BDE8F081002634463C705C
:1005F0003046BDE8F081417812480546F2F798FE92
:1006000041462846F2F77AFD2846F2F7FBFE0346FC
:10061000717828461E1E4FF0010218BF0126F2F71E
:1006200047FE02E0F2F77EFDC4B22846F2F762FD13
:1006300003462846002BF5D13C703046BDE8F081DA
:100640006C2C0120A42C012030B5012183B004467C
:100650000F2010F0F3F9204B40F20332C3F82027AB
:1006600001210F2010F06EFA0A200CF015FF2578FA
:1006700075B3012D0ED11948E8F70CFC174829462F
:10068000E8F7BCFCA078294610F0D8F9A0782946F4
:1006900010F058FA00238DF8063042F210729DF8DF
:1006A0000630013A0133DBB292B28DF80630002AEF
:1006B000F5D120460F220DF10701FFF773FF9DF8DA
:1006C00007006938012894BF0020012003B030BD25
:1006D0000348F2F767FDDDE7000300506C2C0120B2
:1006E000A42C01202DE9F041044682B000258DF8AC
:1006F0000450FFF7A9FFA37B8DF80450012B064699
:1007000038D02A4610212046FFF71AFF132201A9EC
:100710002046FFF747FF9DF80420E37B02F07F02AD
:10072000012B8DF804204FF0130108BF42F0800226
:10073000204608BF8DF80420FFF702FF237900222E
:10074000012B8DF8042000F09F8011212046FFF737
:10075000F7FE0F220DF105012046FFF723FF237E50
:10076000012B59D094F82230002B63D1304602B0CF
:10077000BDE8F081A28A642A00F02881C82A00F02E
:100780001F81322A0BBF072204220F200C200BBF2F
:100790000B25082503230023218A042900F01B814F
:1007A000082900F01181022908BF1A46638A40F225
:1007B00041318B4200F0508110D8342B00F052812F
:1007C0001ED9D02B00F02C81B3F5D07F40F056819C
:1007D00042F06002D2B28DF8042093E741F6042182
:1007E0008B4200F0458140F28D8043F212418B42F2
:1007F00040F0448162F04F02D2B28DF8042081E7CC
:100800000D2B00F013811A2B40F0388142F02002AA
:10081000D2B28DF8042075E79DF80530692B00F001
:10082000CC806A2B04BF4FF48073238494F8223069
:10083000002B9BD05C220DF106012046FFF7B2FE93
:1008400094F824509DF806202D0105F0100502F0C3
:100850001007AF4240F090809DF80530692B00F002
:10086000C8806A2B82D10DF1070119222046FFF7BB
:1008700099FE9DF80720204642F0200219218DF8AC
:100880000720FFF75DFE71E7E388B3F5FA7F00F01C
:10089000A48047D87D2B00F08480F52B15BF8C21D8
:1008A00080217C20702015BF6C2560255C27502797
:1008B00015BF4FF04C0C4FF0400C3C22302215BFBE
:1008C0004FF02C0E4FF0200E4FF01C084FF0100888
:1008D0002389D02B00F0B48007D81A2B00F0AC800D
:1008E000342B43D18DF804202FE740F2413293425C
:1008F00000F0AE8040F27C62934230D18DF804105B
:100900000A4622E740F27C618B4200F0838040F689
:1009100002518B4240F0B28062F06F02D2B28DF889
:100920000420EFE6B3F57A7F15BF8C2188217C2067
:10093000782015BF6C2568255C27582715BF4FF018
:100940004C0C4FF0480C3C22382215BF4FF02C0EB7
:100950004FF0280E4FF01C084FF01808B8E7B3F519
:10096000D07F71D18DF804502A46EEE60D2B6BD165
:100970008DF804804246E8E622F010022A435C210A
:1009800020468DF80620FFF7DBFD002F7FF464AFD3
:10099000002D3FF461AFAA2242212046FFF7D0FD8F
:1009A0005AE782217220622552274FF0420C3222F0
:1009B0004FF0220E4FF012088AE710232384D1E66D
:1009C00005220D200925E7E60246EFE606220E2065
:1009D0000A250223E0E62A46E8E6842174206425FD
:1009E00054274FF0440C34224FF0240E4FF01408DB
:1009F0006EE70DF1070158222046FFF7D3FD9DF861
:100A00000720204642F0800258218DF80720FFF78A
:100A100097FDABE662F07F02D2B28DF8042071E65A
:100A200042F05002D2B28DF804206BE642F0100280
:100A3000D2B28DF8042065E68DF804E0724684E6B3
:100A40008DF804703A4680E68DF804C062467CE674
:100A50008DF80400024678E642F07002D2B28DF8BA
:100A600004204FE642F03002D2B28DF8042049E66D
:100A700062F05F02D2B28DF8042043E642F04002F9
:100A8000D2B28DF804203DE6F8B5037805460C4651
:100A900016460BB3012B1CD18078002110F052F8C0
:100AA00046F080012248E8F7FBFA00212048E8F7E9
:100AB000F7FA0021207006461D48E8F7F1FAFF28F2
:100AC0001AD060700026A878012110F03BF830465B
:100AD000F8BD00263046F8BD41781648F2F728FCEC
:100AE00031461448F2F70AFB1248F2F78BFC06462F
:100AF00040B101263046F8BDFF2E607014BF0026BD
:100B00000526E0E70B48697802220546A71CF2F7A4
:100B1000CFFB05E0A742DDD0F2F704FB04F8010BA0
:100B20002846F2F7E7FA03462846002BF2D1D1E730
:100B30006C2C0120A42C012030B583B000232A2284
:100B400001A9ADF804300546FFF79EFF9DF805208A
:100B50009DF8043043EA02231CB220B1052822D0BC
:100B60002B8D01332B85288A400816F029FC07EECF
:100B7000904AF8EEE77A024617EE900A14460D46C0
:100B800016F030FC02460B462046294616F082FC41
:100B900007A3D3E9002316F07DFC16F073FF00EEE7
:100BA000100A03B030BDEB8C0133EB84DBE700BFF0
:100BB000D5CC5A0A48FB0F3F30B583B000232C2216
:100BC00001A9ADF804300546FFF75EFF9DF805204A
:100BD0009DF8043043EA02231CB220B1052822D03C
:100BE0002B8D01332B85288A400816F0E9FB07EE90
:100BF000904AF8EEE77A024617EE900A14460D4640
:100C000016F0F0FB02460B462046294616F042FC41
:100C100007A3D3E9002316F03DFC16F033FF00EEE6
:100C2000100A03B030BDEB8C0133EB84DBE700BF6F
:100C3000D5CC5A0A48FB0F3F30B583B00023282299
:100C400001A9ADF804300546FFF71EFF9DF8052009
:100C50009DF8043043EA02231CB220B1052822D0BB
:100C60002B8D01332B85288A400816F0A9FB07EE4F
:100C7000904AF8EEE77A024617EE900A14460D46BF
:100C800016F0B0FB02460B462046294616F002FC41
:100C900007A3D3E9002316F0FDFB16F0F3FE00EEE8
:100CA000100A03B030BDEB8C0133EB84DBE700BFEF
:100CB000D5CC5A0A48FB0F3F72DF704773DF70478D
:100CC00074DF704777DF704738B5054608460C4635
:100CD00002F050FB102803D080280ED0012038BD30
:100CE000EB7FA2881B2B0EDCE9180320E854487028
:100CF0004A80EB7F0433EB77F0E7A368002BEDD05D
:100D0000E97F0D2901DD002038BD6A1811206854E3
:100D10000721517058681C689968DB68C2F80E306A
:100D2000C2F80600C2F80240C2F80A10EB7F123384
:100D3000EB77012038BD00BF0022C27702707047F8
:100D400030B5D1E9042485B0CD68074B00936946DE
:100D5000CDE902240195FFF7B7FF0446684602F08B
:100D6000DBFA204605B030BD68030700F0B589B056
:100D7000064620221348694602F06EFFF37FC21830
:100D80001D2A0CDDC3F11D04E4B2E2181D2A4FF048
:100D90000005D8BF082705DD284609B0F0BD044688
:100DA00001250927F218601CF05469465770901C01
:100DB000224617F07BFAF27F023214442846F47779
:100DC00009B0F0BD843D012010B50446094802F089
:100DD000A1FFE37F1C2B01DD002010BDE2180221E2
:100DE000E1540A2390705370E37F0333E3770120CB
:100DF00010BD00BF843D0120C27F1C2A01DD002000
:100E0000704710B403469C18022098540120A1702A
:100E10006070DA7F0332DA775DF8044B704700BF09
:100E2000C07F7047704700BF38B551B11F2A1446C4
:100E300001D9002038BD054617F038FAEC770120BB
:100E400038BD084638BD00BF0023C3770370704724
:100E500010B4084A084C094902620022C0E90A415C
:100E6000C0E90C225DF8044B0270C27742628263D3
:100E7000704700BFFF0101002000F40020001E00A9
:100E8000C185704780F82110704700BF01858185BA
:100E90004285704790F82300704700BF80F8221009
:100EA000704700BFF0B5154605EB8503274A89B0AA
:100EB000044603EB830300200E469B00116802905A
:100EC000CDE90460ADF8143094F821308DF8083085
:100ED000CB07CDE90600039009D41D491D4BC87FFF
:100EE000E77F988101201C6099609F8010601949FC
:100EF00002AA04F12000FFF7DFFE10B1002009B0C4
:100F0000F0BD94F820101448019102F003FF0199FC
:100F100002460120FFF7D6FE0028EFD194F820000A
:100F20000121FFF7CBFE0028E8D10B4802F078FF43
:100F3000628EA68595424FF0010094BF521B921A13
:100F4000628684F8230009B0F0BD00BF6C3D01202B
:100F500000440120703D0120843D0120F0B50023B4
:100F600061F30F032D4D044661F31F4389B0036302
:100F7000FA21284602F0D6FEE68D2949278D086819
:100F8000049706EB860303EB830300229B00059284
:100F9000ADF8143094F8213002928DF80830C30770
:100FA000CDE9062203920BD41E4BE27F95F89B06F7
:100FB0009A8005F27C6501221C609D6098810A6020
:100FC000184902AA04F12000FFF776FE10B10020B4
:100FD00009B0F0BD94F820101048019102F09AFE7B
:100FE000019902460120FFF76DFE0028EFD194F829
:100FF00020000121FFF762FE0028E8D1074802F037
:101000000FFF638EA7859E424FF0010094BF9B1B8C
:10101000DB1A638684F8230009B0F0BD843D01200B
:101020006C3D0120703D012010B5044690F8200071
:10103000FFF746FE08B1002010BD84F823000248E7
:1010400002F002FF012010BD843D012030B50B8865
:101050008D88112B85B0044605D0262B33D0102B5C
:1010600025D005B030BD436AEB40DB07F9D52E48EB
:1010700001F0EEF90028F4D1636A94F823100122FC
:1010800002FA05F523EA050363620029E9D194F821
:101090002230002BE5D0238E23486386FA2102F00C
:1010A00041FEE28D218D2046FFF7FCFED9E7CB7B88
:1010B000012BD6D1426A03FA05F515430023456298
:1010C00080F82330CDE70B7A012BCAD1002380F8BA
:1010D00023304FF4FA71144802F024FE238E5BB1E2
:1010E000658E95B1A36B0BB19847658E618D2A46CD
:1010F0002046FFF7D7FEB4E7A36B03B19847618D95
:1011000000222046FFF7CEFEABE7074802F09CFE28
:10111000626B002AA5D0009503AB294628460395AB
:101120000FF09AFA9DE700BF843D012075DF7047FC
:1011300010B44FF010144FF448010022C0E90041F0
:10114000C0E902225DF8044B704700BF014800F07F
:1011500085BF00BF74440120F8B500250D4F2E4611
:1011600001E0142D14D0A9B2384602F041FE013539
:1011700004460028F5D000F0F3FD0028F1D0204609
:1011800000F0F8FD022804BF0136F6B2142DEAD1B2
:101190003046F8BD843D012070B58E881B480C4652
:1011A00094B0314602F024FE23881A2B05D01F2B61
:1011B0001CD0102B0FD014B070BD054600F0D2FD2E
:1011C0000028F8D0284600F0CFFD0028F3D12846AB
:1011D00000F05CFEEFE7694600F040FE0028EAD030
:1011E0006A4631460A4801F0F7FCE4E754F8080F74
:1011F00061686B4603C33046BDF80030ADF802307D
:101200006946FFF793FF14B070BD00BF843D012015
:10121000A43D0120AADF7047ABDF7047ACDF704709
:10122000ADDF7047AEDF7047B0DF704710B5044BDD
:10123000044640F8043B02F06FF8204610BD00BFA2
:101240002003070010B5054B044640F8043B02F0AC
:1012500063F820460EF066FC204610BD2003070010
:1012600070B57B4B04461B68836196B0043002F076
:1012700091F894F82E30A06913F0320208BF84F878
:101280002F2013F00C0308BF84F830300DF1010259
:10129000694602F037F894F82F209DF801001507F1
:1012A0000DD09DF8001002F00F0301F00F059D42D4
:1012B0004FEA12126DD243EA021284F82F2094F8FA
:1012C000303019070BD003F00F0100F00F058D42ED
:1012D0004FEA131369D241EA031384F8303094F8CB
:1012E0002E1011F0300340F096800FAD0F93C5E93A
:1012F0000133C5E903338DF83C10AB610021ADF833
:1013000009109DF80A10206A1493012363F3420127
:101310008DF808208DF80A1008B1037873BB94F893
:10132000263013B104F12603129394F831200023E0
:10133000D2070893079358BFE38AADF81C3004F135
:10134000080004F12F01CDE9050154BF1846E08AD9
:10135000ADF82000294604F13203E569099505AA94
:101360000020FFF757FF054628B994F8253043BB06
:10137000237D002B64D0284616B070BD109017F066
:10138000A6FF02AB80B2ADF84400ADF8460013935F
:10139000C5E74FEA111101D191428CD30A462B4681
:1013A00043EA021284F82F2089E74FEA101001D196
:1013B000984290D30346294641EA031384F830301B
:1013C0008DE7ADF80D009DF80E2094F82F600C907D
:1013D000012363F3420242F608118DF80E208DF8C6
:1013E000123004AA0223ADF8101003A90D90ADF835
:1013F0003030ADF834300A9204F124030B910DF132
:1014000002020AA98DF80C600E93FFF705FF002871
:10141000AED00546AFE70F4B8DF805200FAD1B781A
:101420008DF80430022000230F938DF80600C5E9E3
:101430000133C5E90333AB618DF83C1001AB5DE7C7
:101440002146054800F0C6FF284616B070BD00BF13
:10145000803D012014030700C44101202DE9F04123
:101460000B888E88502B8AB00C46054609D0512B2C
:1014700004D18B79012B19D0022B26D00AB0BDE8FC
:10148000F081CB88428E9A4235D0EA8E9A42F5D1CD
:101490006B6D002BF2D095F84420648A920700F11E
:1014A0008A802246294630469847E7E7836C002B1E
:1014B000E4D090F84420520701F108076CD43A4672
:1014C000294630469847A379D6E7A27B042A46D01E
:1014D000062A20D0012AD1D1EB6C002BCED095F872
:1014E0004420170704F1080400F1A580224629468C
:1014F00030469847C2E7076D002FC6D090F84430B9
:10150000D90768D404F11208238A42462946304696
:10151000B847E388B9E7EA6B002AAFD0002202A9F6
:101520003046CDE90222CDE90422ADF80C208DF839
:101530000830FFF779FE2C6D54B195F84430D80788
:1015400000F19280B5F84230EA6B30462946A04758
:10155000E86B0BF0D7FF0023C5E90F338EE7E86B8C
:10156000002878D0B5F84010278A628A07EB020C71
:1015700000234FF0020E8C45CDE90633CDE9083348
:101580008DF818E039DD40F20913ADF81C3006A9DA
:101590003046FFF749FE71E703211A46009106AB7A
:1015A00008213846CDE9066508970FF055F8002860
:1015B00089D1AB6C83E7032000211A46009006AB6B
:1015C0000846CDE9066508940FF046F800287FF438
:1015D00055AF6B6D65E7218A069604F11208042366
:1015E00000933A46404606ABCDE9088107950FF0D7
:1015F00033F800288DD12F6D86E79DF81EC0ADF819
:101600001C3004F114014CF001033844ADF82220E1
:101610008DF81E300991ADF8207016F047FE238A30
:10162000618AB5F842200B449BB2934238BF1346FF
:10163000A5F84230ABE703211A46009106AB0E2114
:101640002046CDE9066508940FF006F800287FF4DF
:1016500015AFEB6C4AE74FF480600BF039FF4FF4A5
:101660008061C5E90F017FE7E86BB5F84210069687
:1016700004230093224606ABCDE9075009910EF0F2
:10168000EBFF00287FF464AF2C6D5BE72DE9F04F92
:101690000F464FF6FF718F4289B0064615461C462D
:1016A00026D0F18A96F82E308C4228BF0C46DB06F5
:1016B00015D40DF1100B8C4228BF0C464FF00008DA
:1016C000718EADF810405A464FF6FF700595ADF893
:1016D0001280FFF7A3FD404609B0BDE8F08F3948FE
:1016E000394602F057FB08B1F18E31B9F18AE0E7D3
:1016F000344802F071FB0746D3E7002002230DF1C6
:10170000100BADF81200ADF810305A460DF10E0373
:1017100038460593FFF784FD43F2014398424FD0CA
:1017200000284AD19DF80E8008F00108B8F1000F9A
:1017300046D02448394602F05BFB8246A0B300F055
:101740001BFB033883B2002CC5D0CDF804804FF0CA
:101750000009984605E0BDF80E30E41AA4B21D4415
:1017600044B3504600F048FBA04503464246594664
:1017700028BF22463846BBB1ADF80E204FF001021B
:10178000738E8DF812200DF10E02CDE90625CDF8ED
:1017900013908DF81790ADF81030FFF743FD002837
:1017A000D9D0504600F032FB4FF00008404609B057
:1017B000BDE8F08FDDF804808DE700F00108B5E7A3
:1017C000F18A78E7843D012010B5154B044640F8B6
:1017D000043B01F0A9FD134A0023127884F8443039
:1017E00014200321A384C4F82630C4F82A3084F8D6
:1017F0002E30E082C4E90F33C4E91233C4E9143354
:1018000084F831102375A3612362E3616386636307
:10181000238784F82F2084F83020204610BD00BF95
:10182000200307001403070070B44E68164A866050
:101830000260D1E90262154B154D1C7845600261CA
:10184000142500220321C0E90F22C0E91222C0E9B9
:101850001422C660C58280F8311080F844200275D9
:10186000826102628284C0F82620C0F82A2080F8B3
:101870002E20C26142864263028780F82F4080F8A2
:10188000304070BC704700BF2003070014030700FE
:101890006803070010B4D1E90142CB680361C0E9D5
:1018A00002425DF8044B704701230375704700BF87
:1018B00080F82E10704700BFC182704741B190F888
:1018C0003130C182002262F3000380F8313070476A
:1018D00090F83130012262F3000380F83130704714
:1018E00080F82F1080F83020704700BF90F8443007
:1018F000016562F3000380F84430704790F844308B
:10190000416562F3410380F84430704710B490F8A9
:10191000443090F83140C164003918BF012161F3AF
:10192000041462F3C30380F8314080F844305DF85A
:10193000044B704751F8322F02604968416070478C
:1019400030B5C48A83B0944223460D4628BF13465F
:10195000418E019500246A464FF6FF70ADF80030C5
:10196000ADF80240FFF75AFC18B9BDF8000003B00B
:1019700030BD204603B030BD30B5C38A85B00A46BD
:10198000022B28BF0223418EADF8062000240DF162
:10199000060502AA4FF6FF70ADF80830ADF80A4010
:1019A0000395FFF73BFC18B9BDF8080005B030BD42
:1019B000204605B030BD00BF30B5044685B019489B
:1019C00002F00AFA94F82E3013F0100302D11846F0
:1019D00005B030BD05460146124802F0DBF900288B
:1019E000F6D0E18E11B9084605B030BD0DF1060301
:1019F00028460024022502AA0393ADF80A40ADF858
:101A00000850FFF70DFC43F20143984205D030B96E
:101A10009DF8063003F00100DAE72046D8E700F031
:101A20000100D5E7843D012090F82E3013F010031B
:101A300001D11846704730B5044685B011480D46AF
:101A400002F0A8F910B1E18E11B9084605B030BD19
:101A50000DF1060328460024022502AA0393ADF8DF
:101A60000A40ADF80850FFF7DBFB43F20143984210
:101A700006D008B99DF8060000F0010005B030BDA1
:101A80002046E3E7843D012010B490F82E4014F086
:101A9000100407D013465DF8044B0A464FF6FF7159
:101AA000FFF7F4BD20465DF8044B7047A1DF704797
:101AB000A3DF7047A4DF704700238383704700BF14
:101AC000006A00F0E3B800BF808B70472DE9F04159
:101AD0000B88CE88382B86B00C46054606D0392BAD
:101AE00066D0362B43D006B0BDE8F08100F1240764
:101AF000002E36D10A8A3846314602F051FC94F85D
:101B00000C80B8F1010F2CD0B8F1040FEBD1286A8A
:101B100000F0BCF801465C4802F06AF900F02CF9CC
:101B20002A8E053883B2934228BF1346002B00F05B
:101B30009A80218AE289286AAC8B8DF80D600A446C
:101B4000E96A05918DF80C80ADF81230ADF81020DF
:101B5000ADF80E4000F09AF803A9FFF7A9FF00289E
:101B6000C1D0384602F034FC06B0BDE8F081006A0E
:101B700000F08CF80146444802F03AF900F0FCF815
:101B800007466EBB05F12406E289304604F11001D8
:101B900002F006FC2B8E2BB1F81EE38980B20138CF
:101BA000834255DA304602F013FC06B0BDE8F081FE
:101BB0000B7B012B1AD0022B95D1836B002B92D07B
:101BC00090F83C208F8892071FD401F11006E2891B
:101BD00031462846984761893846FFF76BFF82E710
:101BE00005F12407384602F0F3FBBDE7436B002BF9
:101BF0003FF479AF90F83C20D10717D404F11006D8
:101C0000E2893146284698476DE7C989039004F177
:101C1000100603201A46009003AB3046CDE904615C
:101C20000EF01AFD0028D6D1AB6BD0E7E189039006
:101C300004F1100603201A46009003AB3046CDE9AC
:101C400004610EF009FD00287FF44DAF6B6BD7E700
:101C5000286A00F01BF86A8EA98B92B2FFF726FF64
:101C600000289FD13FE7AA8B286AADF80E2040F2EA
:101C70000511ADF80C10CDE9043300F007F803A905
:101C8000FFF716FF6DE700BF843D01208088704795
:101C900076DF70478FDF704790DF7047A5DF7047B2
:101CA000B1DF7047B5DF704710B5074B03600446DE
:101CB000806A0CF06FFAE06A0CF06CFA206B08B1E5
:101CC0000CF068FA204610BD3803070010B5094B28
:101CD00003600446806A0CF05DFAE06A0CF05AFA80
:101CE000206B08B10CF056FA20460DF01BFF204681
:101CF00010BD00BF3803070070B504460D4692E8DA
:101D00000300A5800E0CA061A183144DA6771720B7
:101D10001B2156892560E0809589D089E181D179A0
:101D20006581012222752274A081617418461946CA
:101D300026819DF810500BF08FFC2946A0622846A2
:101D40000BF08AFC4FF4885100234FF6FF72E182BA
:101D5000E062628223636375204670BD380307002A
:101D6000007D7047407D7047C07D113818BF01204D
:101D7000704700BF407C7047C0887047008970473B
:101D80004B7D10B44BB11F310C688A888B7904608D
:101D900082805DF8044B837170471831F4E700BF0F
:101DA00008B58088FFF77AFFB0FA80F0400908BDD7
:101DB00008B58088FFF770FFB0FA80F0400908BDD1
:101DC00000B583B00B468DF8041080888DF805307F
:101DD00001A9FFF75FFFB0FA80F0400903B05DF89A
:101DE00004FB00BF08B513218088FFF751FFB0FA4C
:101DF00080F0400908BD00BF08B56621806A0CF07C
:101E00004DF8003818BF012008BD00BF08B50023F9
:101E10001A461946806A0BF051FC003818BF0120A1
:101E200008BD00BF818800F11F02407C02F016BB94
:101E300038B50A4605460C468188407C02F0FAFA1D
:101E40002146012051F8483FC5F81F308B888A7918
:101E500085F82520A5F82330687538BD38B50A46C1
:101E600004460D4600F11801407C02F02DFB607520
:101E700050B1294651F8483FC4F81F308B888A7901
:101E800084F82520A4F8233038BD00BF10B5447D68
:101E900024B100F11F01407C02F0F4FA204610BD8D
:101EA00070B50B88113B82B00C460546462B2BD8EB
:101EB000DFE803F0383B2A2A2A2A2A2A2A422A2A39
:101EC0002A2A2A2A50585E642A2A2A2A2A2A2A2AB0
:101ED0002A2A2A2A2A2A2A2A2A2A2A2A2A672A94BB
:101EE0002A2A2A2A2A2A2A2A2A2A2A2A2A2A2A2A52
:101EF0002A2A2A2A2A246A2A752C84000023A888E0
:101F00001A461946FFF7CCFE02B070BD8B79002B44
:101F1000FAD1006BAB750028F6D01A4619460BF0C3
:101F2000CDFBF1E700230375EEE74B8903818B8935
:101F30004381CB898381E7E70B7AC375112BE3D00B
:101F4000818800F11F02407C02F076FB03460028E6
:101F5000DAD1D4E7002301A98088ADF80430FFF777
:101F600099FED1E70B7A002BCED14B7A0374CBE7E5
:101F7000002211468088FFF78FFEC5E70B89C381D9
:101F8000C2E74B89C380BFE7006B0123AB75002814
:101F9000BAD000231A4619460BF090FBB4E7417CF7
:101FA000164801F01DFFE3880146994228BF1946F3
:101FB00089B2A888E980FFF775FEA5E78B79002B29
:101FC000A2D0002600231A461946A86A0BF076FB19
:101FD0000136A279F3B29A42F4D895E78B7A002BB6
:101FE00092D0002600231A461946E86A0BF066FBD9
:101FF0000136A27AF3B29A42F4D885E7843D0120F3
:1020000070B58AB086880B4606A84FF4285114464E
:1020100005934FF6FF7501F091F90120CDE9010517
:10202000059B0094314606AA044800F06FF8044668
:1020300006A801F071F920460AB070BDC441012024
:1020400010B50446043002F047F9034B2360002327
:102050002375204610BD00BF0100FFFF017D01B1C7
:10206000704710B50446043002F040F9012323758F
:1020700010BD00BF007D70470B88322B10B504D017
:10208000332B17D0302B08D010BDCB88DBB1041D0B
:102090002046BDE8104002F09BB9CB88041D002B00
:1020A000F6D14B89002BF3D00A3120460A2202F0E8
:1020B00077F9EDE7CB88002BE9D14A89002AE6D0F1
:1020C00002EB420204E04A89002AE0D002EB8202DD
:1020D0005200041D023292B20A31204602F060F929
:1020E000D6E700BFA0DF704710B5044600F5F870D2
:1020F00002F0F2F82046F822002116F0FFF8F8224C
:10210000A018002116F0FAF8204610BD2DE9F0477E
:1021100082B00546BDF82C60BDF830402048ADF8CF
:102120000460BDF828A0ADF80640904699460F46D9
:1021300001F05EFE05F5F875064603E0FFF71EFEAA
:102140000BF0AAF9284602F029F904463046002C83
:10215000F4D10121284602F0C9F8524649462846E2
:1021600002F0E0F808F10401384601AAFFF7BAFFCF
:1021700030B1284602F0C4F8204602B0BDE8F0872E
:102180004FF4FA71284602F0D3F820EAE0742846AA
:1021900002F0B6F8A4B2204602B0BDE8F08700BF56
:1021A000843D01202DE9F04F8F880D8885B0884649
:1021B00004463946864801F01BFEA5F11003012BA9
:1021C000814640F2908094F854203AB3002633467A
:1021D0001633502D54F823A069D0512D1AD198F8F8
:1021E0000630B8F808B0022B53D0BBF1000F11D065
:1021F00051466846FFF79EFBBDF800305B4559D05D
:10220000514602A8FFF796FBBDF80C305B4551D054
:1022100094F854200136F3B29342D9D394F84C3158
:10222000002B00F0D18004F5A679002604E094F894
:102230004C310136B34220DD59F8040FFFF740FC62
:10224000B842F4D1382D03D0392D01D0362DEED13E
:10225000B8F80AA0BAF1000FE9D0D9F800B0584692
:10226000FFF732FC5045E2D158464146FFF72EFCBD
:1022700094F84C310136B342DEDC112D55D0352DAA
:1022800004D1B8F80A30002B40F08F8005B0BDE8CB
:10229000F08F98F80E30062BA7D1DAF800305046B0
:1022A000DB68414698474846FFF75EFDB0E7B8F85F
:1022B00006B09AE7DAF800305046DB6841469847A6
:1022C0004846FFF751FD0028A2D0502DA0D151461D
:1022D00002A8FFF72FFBBDF80C305B4598D14846AC
:1022E000FFF7A0FD94E72378002B3FF46CAF0026A6
:1022F000112D33460CD004EB83033946586803682C
:102300005B68984701362278F3B29A42F3D85AE7CD
:1023100004EB83033946586803681B689847013605
:102320002278F3B29A42F3D84DE7D3B10026334670
:1023300005E094F84C210136F3B29A4211D904EB2E
:102340008305D5F85001FFF7BBFBB842F1D1D5F8B2
:102350005001FFF7B1FB013694F84C21F3B29A42D9
:10236000EDD894F8F820002A90D000252B4604EBF5
:102370008303D3F8FC008388BB420AD00135EBB25B
:10238000934283D204EB8303D3F8FC008388BB42DF
:10239000F4D103681B689847013594F8F820EBB234
:1023A0009342E4D305B0BDE8F08F04F5F874B8F8B3
:1023B0000C20204608F1100101F0F2FF204605B084
:1023C000BDE8F04F02F004B8112D7FF458AFC8E714
:1023D000843D012090F85420272A0CD810B40346DD
:1023E00002F11604013280F8542043F82410012031
:1023F0005DF8044B70470020704700BF0378132B33
:1024000006D800EB8302013303700120516070474E
:102410000020704778DF70477ADF7047054A03462F
:1024200092E80300002283E80300C3E90222184671
:10243000704700BF4003070008B5FFF7EDFF08B184
:10244000002008BDFFF7E6FFB0FA80F0400908BDA4
:10245000F8B500250D4F2E4601E0142D14D0A9B279
:10246000384601F0C5FC013504460028F5D0FFF7D9
:1024700077FC0028F1D02046FFF77CFC012804BF40
:102480000136F6B2142DEAD13046F8BD843D012064
:1024900008B501804280FFF7BFFFB0FA80F0400925
:1024A00008BD00BF81607047C1607047704700BFC2
:1024B0008ADF704730B40D4CC4621F2500225024BF
:1024C0008584A025C0E91122C0E90F22A0F846505A
:1024D000A0F84840006230BC8262028680F8382052
:1024E0004263C264A0F85020704700BF0001800022
:1024F0002DE9F04F10468DB016460C4600F03AFF1D
:10250000C5B2102D4FD0B66807220623A16994F8F2
:102510001C9001918DF80D208DF80C30ED080DF117
:102520000C080DF10E0A0027B9F1010F0A97CDE949
:102530000477CDE90677CDE90877CDF82B700ED971
:1025400098F8000001994B464A7882420FD00A78E9
:10255000D4432344013213F0FF031144F4D108F1B2
:102560000108C245E0D100200DB0BDE8F08F11F8A0
:10257000024B013CE4B2224604A815F097FE0DF18F
:10258000100B1CB9EBE714F0FF04E8D058462A46BC
:10259000314615F07DFE641BAB440028F3D10120C9
:1025A0000DB0BDE8F08F043603220223AEE700BF72
:1025B0002DE9F0430B888E88103B87B00D4604460A
:1025C0000D2B2CD8DFE803F077072B2B2B2B2B2B95
:1025D0002B2B2B842B2E836AF340DB071FD5564809
:1025E000FEF7BAFDD8B9A36A94F82C20012505FAA4
:1025F00006F623EA0606A6628AB994F82D3073B16E
:102600001F232462A38404F1200104F14400FFF796
:102610004FFF20B9494801F003FC84F82C5007B063
:10262000BDE8F08390F92E2091F91B309A423ADCF4
:1026300090F8383001F108080BB3DFF80491002658
:1026400002E0D6B2B34218D9636BCDF8089003EB21
:10265000061302AA59680391D3E902734146204642
:1026600005930497FFF744FF074602A800F054FEC5
:1026700094F83830721C002FE3D09E4213D094F8A7
:102680002F30002B49D095F82430012B0BD9296A23
:102690004A78FF2A30D00A78D0430344013213F03D
:1026A000FF031144F4D104F120010020FFF700FFE3
:1026B00007B0BDE8F083CB7B022BB0D1836A012247
:1026C00002FA06F633430022836280F82C20A6E744
:1026D0000B7A012BA3D1002580F82C50174801F06C
:1026E000B3FB226C002A9AD0009502AB29462846FB
:1026F00002950DF0B1FF92E711F8025B6A1ED2B2AB
:10270000022A28BF022202A815F0D0FD012DCAD04E
:10271000228EBDF808309A42C5D1E26B002A3FF400
:102720007EAF01230093404602AB2421CDF8088000
:102730000DF092FF73E700BF943D0120843D01201E
:102740006803070046DF70477FDF704780DF704710
:1027500081DF704785DF704786DF704738B51C46DC
:102760000D460346114628462246984734B1014695
:1027700000222846BDE83840FFF7E8BF38BD00BF5B
:1027800010B50C4682B003466946204698476A4613
:1027900020460121FFF7DAFF02B010BD10B5044654
:1027A000083002F091F9074B2360032200232271C5
:1027B000C4F81034C4F81434C4F81834C4F81C3401
:1027C000204610BD3507100330B50446ADF55F7DDA
:1027D00000F108058F4802F00BF90821284602F0A5
:1027E00077F9684602F07EF96846082102F07EF922
:1027F0006946284602F01CF904F54F7141226846EB
:1028000002F082F9684602F07BF994F85C0394F8D0
:102810005B2394F83D1394F83E3384F83D0384F829
:102820003E2394F85A0394F8592394F83F5384F8BC
:102830005C1384F85B3394F8401394F8413384F8C4
:102840003F0384F8402394F8580394F8572384F8FE
:102850005A5384F8591394F8425394F8431384F864
:10286000410384F8583394F8560394F8443384F8B9
:10287000422394F8552384F8575384F8430384F88B
:10288000442384F8553384F8561394F8451394F888
:10289000540394F8532394F8463384F8450384F89A
:1028A000462394F8520394F8512394F8475384F83C
:1028B000541384F8533394F8481394F8493384F844
:1028C000470384F8482394F8500394F84F2384F87E
:1028D000525384F8511394F84A5394F84B1384F8E4
:1028E000490384F8503394F84E0394F84C3384F839
:1028F0004A2394F84D2384F84F5384F84B0384F80B
:102900004C2384F84D3384F84E1394F85D1394F8F7
:102910007C0394F87B2394F85E3384F85D0384F899
:102920005E2394F87A0394F8792394F85F5384F83B
:102930007C1384F87B3394F8601394F8613384F843
:102940005F0384F8602394F8780394F8772384F87D
:102950007A5384F8791394F8625394F8631384F8E3
:10296000610384F8783394F8760394F8643384F838
:10297000622394F8752384F8775384F8630384F80A
:10298000642384F8753384F8761394F8651394F807
:10299000740394F8732394F8663384F8650384F819
:1029A000662394F8720394F8712394F8675384F8BB
:1029B000741384F8733394F8681394F8693384F8C3
:1029C000670384F8682394F8700394F86F2384F8FD
:1029D000725384F8711394F86A5394F86B1384F863
:1029E000690384F8703394F86E0394F86C3384F8B8
:1029F0006A2394F86D2384F86B03012084F86F53E5
:102A000084F86E1384F86C2384F86D330DF55F7DC4
:102A100030BD00BF1045012031B173B103780422ED
:102A200062F3061303707047002B03780CBF032278
:102A3000022262F3061303707047037802F0070264
:102A400062F3061303707047037861F34103037068
:102A5000704700BF0B7803F0FE03042B01D0002069
:102A6000704770B515468CB00C462022002104A892
:102A700015F044FC28686968AA68EB686D460FC5C4
:102A80009DF800109DF80F209DF801609DF80E50F4
:102A90009DF802008DF80F1023469DF80D108DF85B
:102AA00000209DF803208DF80E608DF801509DF8F0
:102AB0000C609DF804508DF80D008DF802109DF803
:102AC0000B009DF805108DF80C209DF80A208DF85C
:102AD00003608DF80B508DF804008DF805208DF8FB
:102AE0000A109DF8061033F8042FADF810209B78DB
:102AF0009DF809209DF81D009DF810609DF81F505D
:102B00008DF809108DF806209DF811109DF81E20F3
:102B10008DF81D309DF807308DF812008DF81F607C
:102B20009DF808009DF813608DF810508DF81E1068
:102B30009DF81C509DF814108DF811208DF8083068
:102B40009DF81B209DF81A308DF807008DF81C6049
:102B50008DF813509DF815608DF81B108DF814201A
:102B600068468DF815309DF819109DF817209DF8CE
:102B700018309DF816508DF818208DF816108DF825
:102B800017308DF81A608DF81950FFF7DBFD627869
:102B90009DF82F309DF82E009DF82D108DF8210006
:102BA0009A428DF8221004F1010404D0012080F033
:102BB00001000CB070BD6278C3B29A4204F1010406
:102BC000F4D16278CBB29A42F0D10020EFE700BF97
:102BD000C0F81814704700BF08B5137CDB0758BF56
:102BE0001C32084602F11201FFF7B4FDB0FA80F082
:102BF000400908BDF0B58F880E46ADF56B7D0446E3
:102C00003946464801F0F4F83388133B0546072B54
:102C10002FD8DFE813F03E005F006D002E00280380
:102C2000870008003100337AB3B9737B9B070ED459
:102C3000294602A8FFF7A4F80299BDF80C209DF8D8
:102C40000E3084F80C34C4F80614A4F80A2428467C
:102C500004F2BE31FFF7ECF8D4F818244AB1307A08
:102C60000D9002230021009308460CAB0C970DF049
:102C7000F3FC0DF56B7DF0BDD4F81C24002AF8D0D0
:102C800001230021009308460CAB0C970DF0E4FCE7
:102C9000EFE704F2BE3304F2DA320C9304F2F633B7
:102CA00000251092119304F23D3204F27E330F920C
:102CB0001393CDE90D551295FFF75CF801280CBF71
:102CC00022462A460CAB29463846FFF73DFD0DF556
:102CD0006B7DF0BD0CA9FFF7C1F80346002800F09A
:102CE000D2820CA9384600231AAAFFF735FDC0E7A7
:102CF000D4F810140029BCD0B37B094A03F00103B7
:102D00000F930423CDE90C1706F108000093062168
:102D10000CAB0E900DF0A0FCABE700BF843D012092
:102D20005D27050094F87E3394F89D2394F87FC3C3
:102D300094F89C6394F8805394F89B0384F89D3333
:102D4000042194F89A3384F87D1384F87E2394F850
:102D5000811394F8822384F89CC384F87F6394F8E9
:102D600099C394F8836384F89B5384F8800394F8A0
:102D7000985394F8840384F89A1384F8813394F870
:102D8000971394F8853384F8992394F8962384F85C
:102D900082C384F8986384F8835384F8970384F893
:102DA000841384F8852384F8963394F8862394F862
:102DB000953394F887C394F8946394F8885394F8FF
:102DC000930394F8891384F8952384F8863394F850
:102DD000922394F88A3384F894C384F8876394F830
:102DE00091C394F88B6384F8935384F8880394F820
:102DF000905394F88C0384F8921384F8892394F800
:102E00008F1394F88D2384F8913394F88E3384F8DB
:102E10008AC384F8906384F88B5384F88F0384F812
:102E20008C1384F88D3384F88E2394F89E2394F8C1
:102E3000BD3394F89FC394F8BC6394F8A05394F8FE
:102E4000BB0394F8A11384F8BD2384F89E3394F84F
:102E5000BA2394F8A23384F8BCC384F89F6394F82F
:102E6000B9C394F8A36384F8BB5384F8A00394F81F
:102E7000B85394F8A40384F8BA1384F8A12394F8FF
:102E8000B71394F8A52384F8B93394F8B63384F8CB
:102E9000A2C384F8B86384F8A35384F8A41384F815
:102EA000B62384F8A53384F8B70394F8A60394F8FE
:102EB000B51394F8A72394F8B43394F8A86394F85E
:102EC000B35384F8B50384F8A61394F8A90394F8CF
:102ED000B21384F8B42384F8A73394F8AA2394F89F
:102EE000B13384F8B36384F8A85394F8AB6394F8CF
:102EF000B05384F8B20384F8A91394F8AC0394F89F
:102F0000AF1384F8B12384F8AA3394F8AD2394F86E
:102F1000AE3384F8AD3384F8AE2384F8B06384F81C
:102F2000AB5384F8AF0384F8AC130CA801F0DAFDBE
:102F30000CA8082101F0DAFD04F27D310CA8412231
:102F400001F0F4FD0CA904AA202304F1080001F00B
:102F50009DFD0CA801F0D4FD9DF810109DF82F00E8
:102F60009DF811309DF82E209DF812609DF82D508F
:102F70008DF810008DF82F109DF813009DF82C107F
:102F80008DF811208DF82E309DF814209DF82B30EF
:102F90008DF812508DF82D609DF815509DF82A601F
:102FA0008DF813108DF82C009DF816109DF829004F
:102FB0008DF814308DF82B209DF817309DF82820BF
:102FC0008DF815608DF82A508DF816008DF81720B1
:102FD0008DF828308DF829109DF818109DF82700DD
:102FE0009DF819309DF826209DF81A609DF825500F
:102FF0008DF818008DF827109DF81B009DF82410FF
:103000008DF819208DF826309DF81C209DF823306E
:103010008DF81A508DF825609DF81D509DF822609E
:103020008DF81B108DF824009DF81E109DF82100CE
:103030008DF81C308DF823209DF81F309DF820203E
:103040008DF81D608DF822508DF821108DF81F200D
:103050008DF820308DF81E0094F87E0394F89D13AF
:1030600094F87F2394F89C3394F8806394F89B53EE
:1030700084F89D0384F87E1394F8810394F89A13DE
:1030800084F89C2384F87F3394F8822394F899334E
:1030900084F89B6384F8805394F8836394F898537E
:1030A00084F89A0384F8811394F8840394F89713AE
:1030B00084F8992384F8823394F8852394F896331E
:1030C00084F8986384F8835384F8841384F89623EF
:1030D00084F8853384F8970394F8860394F895135D
:1030E00094F8872394F8943394F8886394F893536E
:1030F00084F8950384F8861394F8890394F892135E
:1031000084F8942384F8873394F88A2394F89133CD
:1031100084F8936384F8885394F88B6394F89053FD
:1031200084F8920384F8891394F88C0394F88F132D
:1031300084F8912384F88A3394F88D2394F88E339D
:1031400084F8906384F88B5384F88C1384F88E236E
:1031500084F88D3384F88F0394F89E0394F8BD139C
:1031600094F89F2394F8BC3394F8A06394F8BB536D
:1031700084F8BD0384F89E1394F8A10394F8BA135D
:1031800084F8BC2384F89F3394F8A22394F8B933CD
:1031900084F8BB6384F8A05394F8A36394F8B853FD
:1031A00084F8BA0384F8A11394F8A40394F8B7132D
:1031B00084F8B92384F8A23394F8A52394F8B6339D
:1031C00084F8B86384F8B70384F8A41384F8B623AA
:1031D00084F8A53384F8A35394F8A65394F8A7234E
:1031E00094F8B43394F8B50394F8A81394F8B3633F
:1031F00084F8B55384F8B42394F8A95394F8AA2317
:1032000084F8A73394F8B13394F8B0C384F8A603D4
:1032100084F8B31394F8B20394F8AB1384F8A8635A
:1032200084F8B25394F8AC6394F8AF5384F8B123A4
:1032300084F8AA3394F8AD2394F8AE3384F8A90344
:1032400084F8B013384604A984F8ABC384F8AF639C
:1032500084F8AC5384F8AE2384F8AD33FFF778FAE2
:103260000DF56B7DF0BDD4F81424002A3FF401ADB8
:103270000223002100930C920CAB064A0D970846DE
:103280000DF0EAF9F5E438461A461946FFF764FAF4
:10329000EFE400BF81270500A8DF7047704700BF3B
:1032A00030B5044683B0083000F074F804F10C0126
:1032B0000DF106020120FFF7EFFF054628B9044B88
:1032C00004481C602146FFF799F8284603B030BD3A
:1032D000803D0120C441012030B44C68C460D1E974
:1032E0000241054A054D0260054A8560C0E9044176
:1032F000426030BC704700BF5003070068030700FE
:103300000000111183790B70C3791370704700BFEF
:1033100062DF704763DF7047704700BF10B5044637
:103320000CF000FC204610BD034A02600022C0E9F8
:1033300002228271828070476803070010B4054C36
:103340008180002201210460C0E902225DF8044B63
:103350008171704768030700002210B4044C0460B8
:1033600081605DF8044B82718280C260704700BF4B
:10337000680307008379012B0AD0826832B9C268DA
:1033800022B9012B8CBF802000207047802070471D
:10339000102070472DE9F047857982B0002D47D184
:1033A000C7680646002F47D010200AF091F88246E1
:1033B000384615F08CFF441E30B3DFF88490A846E1
:1033C00004E00134023C1FD4102D1DD017F804C0B6
:1033D000BCF12D0F07EB0402F3D099F80030ADF8E3
:1033E00005808DF8043012F8013C8DF8043010226D
:1033F000002101A88DF805C016F0BAFE6B1C023C36
:103400000AF80500DDB2DFD5C6F808A0BAF1000F52
:103410000ED0B11D5046FFF77BFFB168321D102062
:10342000FFF778FFB0FA80F0400902B0BDE8F087FE
:10343000012002B0BDE8F087D0F808A0E6E700BFA1
:103440005C0307004DDF70474EDF70474FDF70476A
:1034500050DF70474BDF704710DF70477CDF7047ED
:103460007DDF704760DF704769DF704761DF70475D
:1034700066DF704767DF7047704700BF0C200DF0B4
:10348000A1BB00BF30B5224C224D83B0D4F8280731
:103490004FF0FF310AF002FD0028F7D0C5B101A8B6
:1034A000FFF7D8FF0528F1D00028F8D1019B032BA6
:1034B0001BD8012BF3D9184608F012FFEFE70A2BAF
:1034C00004D0092B21D00B2B02D10120FCF7E4FD05
:1034D00001A8FFF7BFFF0528D8D00028F8D1019B2D
:1034E000A3F10902022AF3D8E9E7A3F10902022AAB
:1034F000D5D80A2B04D0092B05D00B2BCFD1012016
:10350000FCF7CAFDCBE70220FAE70220DEE700BFA6
:10351000843D0120E1C205002DE9F04F2DED028B25
:103520004FF4FA7089B009F0D3FFB24E00F10803EE
:1035300008EE103A054606F5F06706F5C86AD6F8B3
:1035400024074FF0FF310AF0A9FC0028F7D04FF410
:10355000FA730DF116012846ADF81630FFF786FF15
:1035600010B10528F3D1EAE7B5F80490B9F1130FCB
:1035700000F2398106EB8903D3F834473CB1294680
:103580002046FEF78DFC9C482946FFF733FB2B882D
:10359000013B1B2B5AD8DFE813F0160159005900E4
:1035A0005900590059005900590059005900590053
:1035B0005900590059005900B4001C005900590025
:1035C0005900590059005900590059005900590033
:1035D000A200DFF838824FF0000B58F8040F30B12A
:1035E000FEF7BEFB18B10BF1010B5FFA8BFBB84580
:1035F000F3D1BBF1000F06D196F830371BB1594615
:103600000C200DF09FFA2046FEF7B4FB012800F0D5
:10361000EC80F26962B10223002195F808C00093A2
:10362000084606ABCDF81890CDF81CC00DF014F884
:1036300009F5E67806EB8803586810B103685B6803
:10364000984706EB88080023C8F8043029465046FE
:10365000FDF7FCFC69482946FEF7AAFFB6F83237A9
:103660004B452B8800F0B480102B1ED02CB3204685
:10367000FEF780FB012803D15E482946FEF716FFBE
:103680002046FEF777FB02281BD05D48FEF7F2FCD0
:1036900000BB5C482946FEF785FDD6F88837002B2D
:1036A0003FF455AF2846984751E7EB7B012BDDD11E
:1036B000AB88A6F83237002CD9D14E482946FEF700
:1036C000F5FE51482946FDF767FD4D48FEF7D2FC4F
:1036D0000028DED04A482946FEF7CEFCD9E7D6F8C6
:1036E0008427002AB2D00223002195F908C0009354
:1036F000084606ABCDF81890CDF81CC00CF0ACFF16
:10370000A4E74FF00008D6F82C07CDF80080434618
:10371000424603213D4C0BF03BFF54F8040F30B1FF
:10372000FEF71EFB18B108F101085FFA88F8BC42E9
:10373000F3D196F830376BB1B8F1000118BF012111
:103740000C200DF0FFF996F830371BB101210C2049
:103750000DF0F8F909F5E67806EB8804606820B109
:1037600003685B68984700236360EB7B012B0BBF0A
:1037700096F8123796F8183796F8134796F81947BF
:10378000039334200CF0CAF906EB8808039B0094DD
:1037900018EE102A04464946FEF7AEFA2046C8F84D
:1037A0000440FEF7E7FA012832D0B269002A3FF45C
:1037B0004DAF012300210093084606ABCDF81890C9
:1037C0000CF04AFF42E700214846FFF751FE3DE773
:1037D000102B3FF46AAF112B7FF448AF4FF6FF7305
:1037E000A6F8323742E70446D1E6F268002A7FF4B1
:1037F00012AF1DE7843D0120A43D0120204401209B
:1038000074440120C4410120943D0120B4440120AE
:10381000B268002A3FF41AAF0021009006AB0846B8
:10382000CDF818900CF018FF10E700BF38B504462B
:10383000FEF7F4FD04F11000FDF77AFC04F120001E
:10384000FEF7ACFF04F58860FEF74EFC04F5C86097
:10385000FDF7FEFA04F27C60FDF76EFA04F29C605C
:10386000FEF728FE04F5DE60FEF7EAFB4FF4805316
:103870000025C4F8083716481649174AC4F80C073B
:1038800040F20113C4F81017C4F81427A4F818372D
:10389000A4F81A5704F234702946502214F02EFD71
:1038A00001224FF6FF73A4F81C5784F81E57C4F882
:1038B0002457C4F82857C4F82C57C4F88857C4F8BC
:1038C000845784F83027A4F83237204638BD00BF2B
:1038D000010A1700030001011700030010B41729A3
:1038E000B8BF1721022A9DF8044080F81347B8BFDB
:1038F00002225DF8044BA0F80E17A0F8102780F8FC
:1039000012377047F0B5BF4E80F81C178DB080F8A5
:103910001D2704460CF084F90CF08AF90CF048F9E4
:103920003369B949039303A8FFF796FD18B1002541
:1039300028460DB0F0BD0120FFF786FD0120FFF7FE
:1039400081FD0120FFF782FD09A8FFF781FD099B9A
:103950009B0705D5AD4BD3F80435002B00F0FE8056
:103960000023AB4A94F80D57049209A90120CDE930
:1039700009330B938DF82450FFF776FD0028D6D13C
:1039800094F81D370B90CDE90900181E18BF0120CF
:1039900094F81C578DF82700049A8DF8263009A951
:1039A00040208DF82550FFF75FFD0028BFD194F827
:1039B0000C170990034661F30003CDE90A00049A4D
:1039C0008DF8243009A9A020FFF74EFD0028AED1C4
:1039D000D4F808370A900B90049A099309A9A120FA
:1039E000FFF742FD0028A2D194F81C37002B40F0CD
:1039F000B98094F81D37002B48D00023B4F8147711
:103A0000049A0993022509A92320CDE90A338DF8E8
:103A10002450ADF82670FFF727FD002887D1CDE9A7
:103A2000090094F81D77B4F816370B90049A8DF8B6
:103A3000245009A920208DF82670ADF82830FFF712
:103A400013FD00287FF473AF0990CDE90A0094F8C4
:103A50001837049A8DF8245009A922208DF82630B1
:103A6000FFF702FD00287FF462AFCDE9090094F86A
:103A700019370B90049A8DF8245009A921208DF84C
:103A80002630FFF7F1FC00287FF451AF04A8FFF7C0
:103A9000E9FC00287FF44BAFCDE9070040F00103BB
:103AA00007A902208DF81C30FFF7E4FC00287FF402
:103AB0003EAF2046FEF7C0FC054600283FF437AF76
:103AC00004F12000FEF780FE337D52498DF8083066
:103AD0000D2202A8FFF7C2FC00287FF428AF94F85B
:103AE0001D37002B40F0888003220021012009F0BF
:103AF00071FDC4F8240700283FF419AF05AB032675
:103B0000CDE900634449454800234FF4A0620AF020
:103B1000DFFC32460021012009F05CFDC4F82807D3
:103B200000283FF404AF06ABCDE900633C493D48B3
:103B30000023C8220AF0CCFC3B4B4FF480021A60F1
:103B40003A4B00930023184601224FF480710BF08A
:103B5000C9FCC4F82C0700F047FCE9E60220FCF79A
:103B60009BFAFDE60990CDE90A00B4F80E37049AF5
:103B7000ADF82630012509A923208DF82450FFF740
:103B800073FC00287FF4D3AECDE9090094F81C77CC
:103B9000B4F810370B90049A8DF8245009A920200E
:103BA0008DF82670ADF82830FFF75EFC00287FF412
:103BB000BEAE0990CDE90A0094F81237049A8DF848
:103BC000245009A922208DF82630FFF74DFC00284B
:103BD0007FF4ADAECDE9090094F813370B90049A49
:103BE0008DF8245009A921208DF82630FFF73CFCE0
:103BF00000283FF4FEAE9AE604F11000FDF7A6FAA5
:103C000072E700BFB403070079340500007002407A
:103C100000600020E8010700AC030700193505002B
:103C2000B00307008534050000E100E07D340500A5
:103C300000B5084B85B01B7D019108468DF80C300E
:103C400015F045FB019982B203A8FFF707FC05B008
:103C50005DF804FBB403070000B583B008460DF11E
:103C60000601ADF80620FFF7FBFB20B99DF8060022
:103C700003B05DF804FB002003B05DF804FB00BF57
:103C800070B4234B0E4605460FCB85B06C4607C477
:103C90009DF900202380B24234D09DF90130B34217
:103CA00030D09DF90230B3422CD09DF90330B3429D
:103CB00028D09DF90430B34224D09DF90530B34299
:103CC00020D0FEB19DF90730B3421BD09DF90830DA
:103CD000B34217D09DF90930B34213D09DF90A3091
:103CE000B3420FD09DF90B30B3420BD09DF90C308D
:103CF000B34207D09DF90D30B34203D0002005B088
:103D000070BC7047012085F81E6705B070BC704715
:103D1000CC03070090F91E07704700BF80F83017EA
:103D2000704700BF70B5044682B0D0F82C070D462E
:103D30000BF05AFC4FF47A7206460023A90DA80234
:103D400013F0FEFF002302460421D4F82C07009351
:103D50000BF01EFC0EB102B070BD0096D4F82C071B
:103D60003346324603210BF013FC02B070BD00BF96
:103D700070B500F5E66400F5F065002654F8040F10
:103D800020B1FDF7EDFF08B10136F6B2AC42F5D136
:103D9000304670BD132906D800EB8101D1F83407F5
:103DA00008B1FDF7DDBF0020704700BF13290BD815
:103DB00000EB810110B5D1F834471CB12046FDF766
:103DC000CFFF18B9012010BD012070472046BDE883
:103DD0001040FEF707B800BFB0F83207704700BFC9
:103DE00001290CBFB0F80E07B0F81407704700BFE8
:103DF00013299ABF00EB8101D1F8340700207047E6
:103E000010B5064C0021D4F8280709F0BBFED4F801
:103E100024070021BDE8104009F0B4BE843D012014
:103E200090F8303703B9704710B582B0D0F82C47FE
:103E30000AF03EFD002302460093204601210BF0CC
:103E4000A7FB02B010BD00BFF0B583B0002405464B
:103E50002346D0F82C070094224603210BF098FB50
:103E600005F5E66605F5F06756F8040F20B1FDF795
:103E700077FF08B10134E4B2BE42F5D195F830378E
:103E800043B1211E18BF01210C2003B0BDE8F04052
:103E90000CF058BE03B0F0BD0148FFF7C7BC00BF2F
:103EA000843D01203CDF70473DDF704711DF7047E4
:103EB00013DF7047B0DF7047B2DF70472DE9F04184
:103EC0009EB0074604A8158814460E46FDF732FD3D
:103ED000BDF81030AB4202D01EB0BDE8F081A3792E
:103EE000043B022BF8D939465248FFF781FF4FF0C7
:103EF00000080223394605463046CDE90688CDE95B
:103F000008888DF81830FDF78FFD06A900286AD0C3
:103F10003846ADF81C80FFF7CDFF247B012CDBD1A8
:103F2000454E41463E22304614F0E8F923460DF155
:103F30000E02424938460824ADF80E40FFF7BCFF98
:103F400068462946FDF71CFF00983060BDF8043034
:103F50009DF80620B271B3802846FDF705FF0028C2
:103F600049D1354936484FF6FF740B4601311B786D
:103F700083EA142383EA131242EA042283EA131326
:103F800082EA033282EA431381429CB2EDD12A4B8A
:103F90002C489C870021FCF781FF2846FDF722FF73
:103FA000FF210020FFF780FFB1210020FFF77AFFFB
:103FB000002891D1FFF77AFF00288DD1224B4FF0D6
:103FC000FF324FF01024C3F88020C3F880216069CD
:103FD000FFF76EFF00287FF47FAF80F314886069DD
:103FE00000F0E8FC78E740F2FD133846ADF81C30ED
:103FF000FFF760FF70E70AA92846FDF72FFF0028AA
:10400000AFD01EAB13E903000B0C3060B180B3716D
:1040100018AC0FCC0D4FC6F807000AAC7960BA6037
:10402000FB600FCC18360FC694E8070086E807003F
:1040300097E700BF843D0120807F0020B47F0020EF
:10404000BC7F0020C443012000E100E0877F002006
:1040500030B585B004460E496846FFF77DF96946DC
:104060002046FFF739F925466846FFF755F9094B11
:1040700045F8183B08496846FFF76EF96946284637
:10408000FDF7D2FB6846FFF747F9204605B030BD83
:10409000DC03070024040700FC03070030B5B3B0BD
:1040A0000546FFF7FDF818B10446204633B030BD91
:1040B0002D491CA8FFF750F91CA906A8FDF7B4FB71
:1040C0001CA8FFF729F906A8FDF7EEFB06A80421B6
:1040D000FDF7EEFB06A81421FDF7EEFB06A8FDF7A1
:1040E000BFF8044698B905F1180018210190FDF7B2
:1040F000DFFB01981721FDF7DFFB01981B49012227
:10410000FDF704FC0198FDF7ABF8044628B106A8BA
:10411000FDF78CF8204633B030BD154902A8FFF7F3
:104120001BF902A91CA8FDF77FFB02A8FFF7F4F812
:104130001CA8FDF7B9FB02211CA8FDF7B9FB022161
:104140001CA8FDF7BBFB1CA8FDF78AF8044618B9AC
:1041500001211CA8FDF710FC1CA8FDF767F806A8B4
:10416000FDF764F8D6E700BFEC030700BD3E05008D
:104170000C040700C16180F83D207047416280F85F
:104180003F207047016380F84220704770B584B0CB
:10419000044641F60A016846FFF7D0F86946204612
:1041A000FFF79AF86846FFF7B7F820460E4B40F83D
:1041B000183B2422002114F0A1F80C4E0C480D4AA3
:1041C000E06200232364E36384F844300D25062174
:1041D00013232046E66184F83D5084F841102263A1
:1041E00084F8423004B070BD54040700E8010700B1
:1041F00030040700380407002DE9F0479AB006465E
:10420000FFF74EF88046002846D1336A002B4ED087
:10421000736A002B56D0C6F5275909F1270906F114
:10422000140406F1380706F13C0554F8043F04A8CD
:1042300073B3FDF7C9FA2268B36B09EB05019A4223
:1042400089B2684608BF42F65021FFF777F8694601
:1042500004A8FDF71FFB6846FFF75EF804A8FDF70A
:1042600023FB022104A8FDF723FB297804A8FDF70E
:1042700025FB04A8FCF7F4FF824604A8BAF1000F5E
:104280000ED12A782168FDF75BFB04A8FCF7CEFF6E
:10429000BC4205F10105C8D140461AB0BDE8F0871F
:1042A000FCF7C4FFD04640461AB0BDE8F0870CF0DA
:1042B0007DFA044615F00BF8736A346286F83E0006
:1042C000002BA8D10CF032FA044615F000F8746205
:1042D00086F83F009FE700BF002201214270C0E93D
:1042E00001220170C2818281704700BF10B504466F
:1042F000017001B110BD0A2009F0AEF9606010BD77
:10430000037810B5044643B1002301226370C4E969
:104310000133E381A381227010BD406809F03AFFA8
:10432000F2E700BF002381608281C381704700BF34
:10433000037870B504460D46B3B94668012363702F
:104340004FF47A720023A802A90D13F0F9FC01467C
:10435000304609F0A3FD98B9237800264FF0FF35C9
:104360006670A3B9284670BD03220021012009F020
:1043700031F9064660600028E0D14FF0FF35F1E7E3
:10438000E58923780026ADB26670002BEAD060681C
:1043900009F000FF6660284670BD00BF4078704796
:1043A00038B504468089824228BF0246154619B1B5
:1043B000A06813F07BFFA089E389A26815FA83F354
:1043C000401B9BB22A44A081E381A260284638BDED
:1043D000406820B100231A46194609F06FB97047AA
:1043E000B1DF7047B2DF704708B50F4807F006FE2F
:1043F0000E490D4802F0E6F828B10D490A4802F0CE
:10440000E1F850B108BD0949074802F0F7F808493A
:10441000054802F0D7F80028F4D1BDE80840044967
:10442000014802F0EBB800BFFC4501206004070022
:104430007404070070B586B00E46032300210546BC
:1044400014460093044A0496084603AB039505946A
:104450000CF002F906B070BD2147050070B586B0BA
:104460000323144606460D460093104603AB044A48
:1044700005940721CDE903650CF0EEF806B070BD98
:104480005148050030B50A4691B0897953790391B6
:1044900011790293D378094D094C019100939378D7
:1044A000527801280CBF2946214604A814F050FE7A
:1044B00004A9044802F0FAF811B030BD88040700DE
:1044C000B8040700FC4501202DE9F043D1B00B787A
:1044D000032B04AF0D460446904668D95A08022AB9
:1044E0005ED14F4A4F49504BDFF84891012818BF21
:1044F00011460022381D02F0B1FA4B4907F168005D
:1045000002F0E2F907F1CC0611E00246414607F15C
:10451000680002F0CBFA08F1380229464846FEF757
:1045200099FA044678BB07F1680002F035FB0022D7
:10453000391D304602F062FB07F1D0000DC8D7F8F4
:10454000DC10D7F8E4407B67D7F8E83097F8E0C094
:10455000F8663A67B967412207F1EC0107F1880074
:10456000C7E9204387F87CC013F0A0FE07F168007C
:1045700002F03EFB044607F1680044B102F044F942
:104580005028D0D1C1E707F1680002F005FB381DC3
:1045900002F002FB204607F59A77BD46BDE8F0839E
:1045A0000024204607F59A77BD46BDE8F083E9462A
:1045B0008CB08979AB786A7803916979029129790D
:1045C00001911A4E1A49E878009004AD012C08BFF9
:1045D0003146284607F1CC0614F0BAFD12493046A0
:1045E00002F072F929463046002202F01BFA044616
:1045F00050B90024304602F0CFFA2046CD4607F5E8
:104600009A77BD46BDE8F083304602F0FDF8021E01
:10461000EFDD92B24146304602F048FAEAE700BFC9
:104620007404070060040700FC45012088040700AB
:10463000B8040700A43D0120F0B5ADB0957993789A
:10464000344E1446527803956579029594F804C067
:10465000CDF804C0304DE478009404AF0C46012836
:104660000CBF3146294607F10C0014F071FD2B4BAD
:1046700007F10C0107F13C00002202F0EFF907F10D
:104680003C0002F0B5FA40B9002407F13C0002F00A
:1046900083FA2046A437BD46F0BD07F13C0002F086
:1046A000B3F8051E08DD07F13C0002F03DFA2918B9
:1046B00007F13C0002F01AFA07F13C0002F0A4F8FE
:1046C000051E08DD07F13C0002F02EFA291807F15B
:1046D0003C0002F00BFA07F13C0002F095F80028CC
:1046E000D2DDC31D23F007036D46ADEB030D82B28F
:1046F00004A907F13C00C7E9001202F0D7F92046EF
:10470000D7E900120323FFF76BFEB0FA80F46409C7
:10471000AD46BAE788040700B8040700FC4501204D
:10472000F0B5B5B092F84E5092F84A30434E144668
:1047300092F84920039594F84D50029594F84C5006
:10474000019594F84B5000950D463D4904AF012862
:1047500018BF314607F12C0014F0FAFC394807F174
:104760002C0101F02FFF6E4600284AD1354B07F18E
:104770002C0107F15C00012202F070F907F15C00E6
:1047800002F036FA18B9C437B546BD46F0BD50211F
:1047900007F15C0002F066F85022214607F15C0048
:1047A00001F09EFF0023294627487B61C7E90333B8
:1047B000C7E90633C7E90833BB62FFF719FB07F106
:1047C0000C012022FDF71CFC3B7B03B307F10C001E
:1047D00014F07DFD013082B2C1B207F15C007A6055
:1047E00002F040F87A6807F10C0107F15C0001F073
:1047F00077FF07F15C0002F0CFF9C437B546BD463C
:10480000F0BD07F12C010F4801F050FFAEE794F81E
:10481000491094F84D3094F84E20039194F84A10C2
:10482000029194F84B10019194F84C10009107F10B
:104830000C00064914F08CFCC8E700BFB804070060
:1048400088040700FC450120843D0120E80407009E
:104850002DE9F043ADB00C4604AF0021032306461A
:104860001546204607F10A027981FFF7BBFD7B89D7
:10487000E84623B9A437C546BD46BDE8F0830733F3
:10488000DB08A8EBC3039D460DF11009204607F194
:104890000A0249460323FFF7A5FD04460028E9D193
:1048A000A979AB786A7803916979029129790191A4
:1048B0003D483E49ED780095012E08BF014607F1BD
:1048C0000C0014F045FC3A4B07F10C0107F13C00D9
:1048D000012202F0C3F807F13C0002F089F9002838
:1048E000C8D0214607F13C0002F000F907F13C0076
:1048F00001F08AFF041E08DD07F13C0002F014F904
:10490000211807F13C0002F0F1F807F13C0001F03A
:104910007BFF041E08DD07F13C0002F005F92118B9
:1049200007F13C0002F0E2F807F13C0001F06CFFF7
:104930007C8980B2A04213D0E1B207F13C0001F0C3
:1049400091FF2246494607F13C0001F0C9FE07F1FC
:104950003C0002F021F9A437C546BD46BDE8F0830E
:10496000E31D6D46DB08A5EBC3039D4604A9224663
:1049700007F13C00796002F099F879687A89484635
:1049800013F086FC08B9AD46E1E707F13C0002F000
:10499000E7F87B89DB43191807F13C0002F0A6F821
:1049A000AD467C89C8E700BF88040700B80407004B
:1049B000FC450120F0B40346186880F30888586865
:1049C000FF2464B2EFF30585002D01D1A646004710
:1049D0002546064621273FBAF0B4002400250026CC
:1049E0000027F0B4F92040B2004700BFF0BC704788
:1049F00038B590F8E8500DB1284638BD012380F84D
:104A0000E83004460DF09AFE0028F5D12046BDE8B6
:104A1000384000F0ADB800BF10B5044C204600F09F
:104A2000A3F8002384F8E83010BD00BF1045012032
:104A300003680A689A4201D00020704770B50446A6
:104A400084B04FF453700D4608F042FD0646B0B1F5
:104A50000C4800F0ABF823460435002153F8042B32
:104A60000095CDE9016108490DF002FD044630468C
:104A700008F048FDB4FA84F0400904B070BD00208D
:104A800004B070BD104501204D120600F0B585B090
:104A900006464FF453700D461746039308F018FD71
:104AA00078B1044600903A46281D311D03AB0DF045
:104AB0005DFD0546204608F025FD15B9039805B0B3
:104AC000F0BD002005B0F0BD00220260704700BFBD
:104AD00010B5044608460DF0BBFD2060003818BF35
:104AE000012010BD00220260704700BF10B50446CF
:104AF00008460DF0ADFD2060003818BF012010BD44
:104B000000230360704700BF00B583B004300192FA
:104B100001AB0A4604210DF025FC18B9019803B039
:104B20005DF804FB002003B05DF804FBF0B504461B
:104B300083B04FF463700E46174608F0C9FC054673
:104B400078B1019054F8040B00943A4631460123A1
:104B50000DF044FB0446284608F0D4FCB4FA84F077
:104B6000400903B0F0BD00BF002280F8E420704788
:104B700070B590F8E4400CB1204670BD012380F878
:104B8000E43005464FF4BF5008F0A2FC064600286A
:104B9000F2D0314628460CF045FD0446B4FA84F4C0
:104BA0003046640908F0AEFC204670BD704700BF77
:104BB000704700BF10B40468E468A4465DF8044B75
:104BC000604700BF30B40468BDF808500295646BBC
:104BD000A44630BC604700BF30B40468BDF808503C
:104BE0000295A46BA44630BC604700BF704700BF6D
:104BF00001F003038376CB0702D48368C360704758
:104C0000428903898281C381704700BF2DE9F04347
:104C100087B09942BDF93840BDF83C60054622D0C6
:104C2000A24212D00768DFF88480D7F81090C145FF
:104C300033D1CDE9004628467C6AA0472B689B6AA1
:104C4000434525D107B0BDE8F08399421CDC2868B4
:104C50000E96846B01335B1A1BB22846A44607B03C
:104C6000BDE8F0436047A24202DD134622461C46DF
:104C700028680E96631C446B9B1A1BB22846A446F8
:104C800007B0BDE8F0436047084619460346DEE733
:104C9000284607B0BDE8F0431847CDE90423039147
:104CA000C847DDE904232F680399C2E7B14B05002B
:104CB0002DE9F0430668144FD6F8108085B0B8454A
:104CC0001C46BDF8309005460B4610D1013C1444FB
:104CD00024B2CDF8049000941946746A2846A0477F
:104CE0002B689B6ABB4209D105B0BDE8F083CDE9D2
:104CF0000212C047DDE902322E68E7E7284605B018
:104D0000BDE8F043184700BFB14B05002DE9F04165
:104D1000D0F800C0134DDCF8106084B0AE42BDF88E
:104D200028700446984610D108F1FF3301970B44D0
:104D300000921BB2DCF824602046B04723689B6ACF
:104D4000AB420AD104B0BDE8F081CDE90212B04710
:104D5000DDE90212D4F800C0E6E7204604B0BDE861
:104D6000F0411847B14B05002DE9F04FD0F800C0D5
:104D70001F46DCF810601E4B83B09E42BDF9309098
:104D8000BDF834A005460C46904627D12744A742DB
:104D90001CDDDFF860B008E00134DCF8346024B2D8
:104DA000B047BC42D5F800C010DADCF81C60CDF882
:104DB00000A05E454B46424621462846ECD00134D1
:104DC00024B2B047BC42D5F800C0EEDBDCF8283096
:104DD000074A934206D103B0BDE8F08FB047D5F83B
:104DE00000C0D3E7284603B0BDE8F04F184700BF26
:104DF000B14B0500C54B05002DE9F04FD0F800C0C0
:104E0000DFF8C490DCF810A085B0CA45BDF9388041
:104E1000BDF83C70044616461D4643D1DCF820B070
:104E2000DFF8A8A00097D34508BFDCF838B003919D
:104E30002B4632462046D84723680399D3F820B042
:104E4000009708F1FF323244D34512B235D1D3F87E
:104E500038A003912B462046D04703992368DFF8FA
:104E600070A0D3F81CB00097D34508BFD3F834B076
:104E70000391434632462046D847226803996B1E69
:104E8000D56900975545194408BF556B434609B28B
:104E900032462046A84723689B6A4B4508D105B097
:104EA000BDE8F08F0391D047D4F800C00399B5E76F
:104EB000204605B0BDE8F04F184703912B46204629
:104EC000D8470399CAE700BFB14B0500D94B05008D
:104ED000C54B05002DE9F04FD0F800C0DFF898A0D1
:104EE000DCF83CE083B0D645BDF93080BDF83490A5
:104EF00030D1DFF888B01E46DCF810305B4505463F
:104F00000C46174632D12644B4421CDAB24608E0B9
:104F10000134DCF8346024B2B0475445D5F800C001
:104F200011DADCF81C60134BCDF800909E423A4633
:104F3000434621462846EBD0013424B2B0475445BD
:104F4000D5F800C0EDDBDCF828305B4509D103B0B3
:104F5000BDE8F08FF446CDE90C8903B0BDE8F04F11
:104F60006047284603B0BDE8F04F18479847D5F88A
:104F700000C0C8E7C54B0500694D0500B14B0500F1
:104F80002DE9F04FD0F800C0234BDCF83C60B0F9BD
:104F90000C80B0F90E709E4283B00D462AD1DCF829
:104FA0001030DFF878A05345044631D1B8F1000F36
:104FB00019DD0026DFF868B03146DCF81C9000955A
:104FC000D94508BFDCF834903B464FF0000220463C
:104FD0001EBF3B46002220460136C84731B28845F5
:104FE000D4F800C0E9DCDCF8283053450BD103B01D
:104FF000BDE8F08F0022CDE9007143461146B0476D
:1050000003B0BDE8F08F204603B0BDE8F04F18476D
:105010009847D4F800C0C9E7694D0500B14B0500B9
:10502000C54B05002DE9F04F85B01D46BDF9386030
:10503000BDF83C90B31A002B8846A5EB0101B8BF20
:105040005B420029B8BF49428B4207467CDDAC4633
:105050004446AA46404635469046664622468C4619
:10506000A8455EDDA0EB0A00A8EB050E80EAE07C17
:10507000CEF3C0344FF6FF7A04FA8EF4ACEBE07C4A
:10508000B242C8BF4FF0010A1FFA8EF064100290BE
:10509000CDF80CA08B42314B01931FFA8CFA33DC14
:1050A000D7F800C0019BDCF814B09B4508BFDCF8C2
:1050B0000CB029464B4632463846D847A4EB0A0383
:1050C0001CB20135002C2DB29BB205DA029A1344B2
:1050D0001CB2039B1E4436B2A845E1DA05B0BDE818
:1050E000F08FDCF80CB0D847A4EB0A031CB20135F2
:1050F000002C2DB29BB205DA029A13441CB2039B1A
:105100001E4436B2A845E9DBD7F800C0019BDCF8A5
:1051100014B09B452A464B4631463846E1D0D84725
:10512000E2E7A5EB0800C0F3C03404FA80F4B24211
:1051300080B202904FEA640428461646454607DAD4
:10514000012203928046A5E71046B2469C4687E7B7
:105150004FF6FF72039280469CE700BFB54B0500F7
:1051600030B4094C094D018142818181C2814FF0E7
:10517000FF310022C0E905140560426030BC0261C5
:1051800002770262704700BF01010001100A0700A8
:105190002DE9F04F87B0D0F800C0BDF9406005930D
:1051A000F31D48BF06F10E03DB1017460393DCF82E
:1051B00010202C4BBDF94440BDF848B09A428146BE
:1051C000884645D1002C3BDD3C44002523B20295A6
:1051D0000493002E2BDD059A02990A4400230192C4
:1051E00013F0070F08BF019A9CB24FEAE3034FEA9E
:1051F00045050CBFD55CEDB204EB080115F0800F3E
:1052000009B210D0DCF814A0174B9A4508BFDCF89F
:105210000CA05B463A4648461EBF5B463A464846A7
:10522000D047D9F800C0013423B29E42D8D1DDE97D
:105230000232134401370293049B3FB29F42C8D10C
:10524000DCF82830074A934206D107B0BDE8F08F5A
:105250009047D9F800C0B5E7484607B0BDE8F04F21
:10526000184700BFB14B0500B54B05002DE9F04FC5
:1052700097B08346BDF880400C94BDF884400394F9
:10528000006A9DF8884004949DF88C40069409912A
:105290009046002800F0F580027AD0E900019B1AC0
:1052A000DBB201EBC30231F83330059393780393FB
:1052B000D378119392F905301593049B92F9064027
:1052C0000790012B40F2D580BDF954300D9323B2E5
:1052D0001293AC4BDBF800C008931A46DCF8103090
:1052E000934240F0A481119B002B00F0B4801FFA80
:1052F00088F30022139323440F92149392460E9244
:10530000039B002B00F09F800E9B129A0699139826
:10531000DDF83C909A1802FB01021499CB181BB2DD
:105320000FFA82F810934B460025C146984608E0D4
:10533000039B0135EDB24FEA4A0AAB425FFA8AFAA3
:105340007CD943465A1C5B075FFA82F806D1059A5E
:105350000799531C9BB211F802A005931AF0800F15
:10536000E6D0049B012B49D00D9BDCF81860864ADF
:105370000998BDF918705C19049B964204FB03045C
:1053800024B21BB250D1DCF83C60804A96424BD12B
:10539000DCF81030089A934266D1049B2344A34260
:1053A00022DDCDE90A85DDF830801D4608E00134B4
:1053B000DCF8346024B2B047A54211DDDBF800C050
:1053C000DCF81C60724BCDF800809E424A463B469A
:1053D00021465846EBD0013424B2B047A542EDDC5B
:1053E000DDE90A85DBF800C0DCF82830089A934232
:1053F0009ED058469847DBF800C099E7069B012BE2
:10540000B2D1159B099ADCF814409918614B109A97
:105410009C42294408BFDCF80C400C9B09B258465A
:10542000A047DBF800C083E70C9A2146CDE9007263
:1054300058464A46B047DBF800C079E71A460F9B4A
:105440001344DBB20F930E9B119A0133DBB29A42E5
:105450000E933FF655AFDCF82830089A934240F09F
:10546000CB8017B0BDE8F08F58469847DBF800C0F6
:1054700093E7069B012B3FF627AF002312930D9372
:1054800027E7BBF90C208A42EBDDBBF90E20424531
:10549000E7DD0498062212FB0012002AE1DD08EB8A
:1054A000C402002ADDDD9BF81C20002A00F0C48025
:1054B000344ADBF800000892114602698A4240F043
:1054C000C080BDF824403449CDF81C8003EB830331
:1054D000CB18621D0D93CDE90A4493B20E93DDF80B
:1054E0003080BDF81030069F0F9310940346584645
:1054F0000D9ABDF928B012F8016B0D923AB2BDF9C0
:1055000010A00992082400251AE0049A012A22D04A
:10551000CDF80480099A0092079AD3F81890059064
:1055200005FB0722534612B25946C847059803683F
:10553000013C013514F0FF046DB24FEA56062DD040
:10554000F207E2D4039A9045F2D0049A012A58D087
:10555000039A0192DEE7012FDAD1079AD3F814906B
:105560000590AA180FFA82FC0A4ABDF92C10914541
:1055700008BFD3F80C9062464346C84705980368B5
:10558000D6E700BFB14B0500D54E0500694D0500BB
:10559000C54B0500B54B0500080507000B9A0F9C8D
:1055A000013291B20A9A0B91224492B20A920E9A57
:1055B0008A429DD1039ADDF81C80834618460C9BD5
:1055C000934214D0049B012B42D0069A0F9B109952
:1055D000D200009203EB8303039A01921944846979
:1055E000049B584609B24246A047DBF80000836A94
:1055F000089A93423FF435AF584617B0BDE8F04FD4
:105600001847012FA4D1079AD3F814900590AA182F
:105610000FFA82FC174ABDF92C10914508BFD3F848
:105620000C90039B6246C8470598036880E758467C
:105630009847DBF800C056E6AF2B84BF0133DBB2DE
:1056400036E7059358469047DBF80000059B38E79E
:10565000069B012BB9D1C469074B00929C4208BF3D
:10566000446BBDF93810584642460823A047DBF882
:105670000000BCE7B54B0500C54B05002DE9F04126
:10568000036A84B08046002B3ED00A2930D00D2911
:1056900036D01A7A914233D39C7A8C4230D35C68EC
:1056A0008A1AD2B204EBC204A278BAB1E578ADB1DD
:1056B000C57E002D6ED1077E437EB0F91050B0F943
:1056C0001220B8F816000393B8F814600297CDE9D9
:1056D00000600B4640462946FFF7C8FD2179B8F81F
:1056E000102098F8183001FB0323A8F8103007E0C9
:1056F000002202821B7B428A417E01FB03234382FC
:10570000012004B0BDE8F0810A2924D00D29F7D08A
:10571000C27EB0F9104042BBB0F91220057E467E31
:10572000B8F816700396B8F8146002950B46404618
:10573000CDE900672146FFF799FD98F81830B8F8D1
:10574000102003EB430302EB43030120A8F81030C1
:1057500004B0BDE8F081428A417E038202EBC103BE
:105760004382012004B0BDE8F081057EB0F90C60F1
:10577000062212FB0542B24208DD428A467E0382BF
:1057800002EBC60212B21C464282C9E7B0F91220EF
:10579000467EC5E794F90560B0F91050077EB0F970
:1057A0000CC0324407FB0252624503DC437EB0F971
:1057B000122086E7002505821A7B468A437E02FB7B
:1057C000036212B242827CE7012938BF01210176CF
:1057D000417670472DE9F04F87B00024109D2A8054
:1057E000119D2B80139D2C80129D2C8011F8015B44
:1057F000002D79D047F6FF764FF0FF3A046A019604
:10580000D146B346002C72D00A2D00F09F800D2D9A
:1058100051D094F808E0AE454DD8A77AAF424AD3AC
:10582000A5EB0E0E6568C77E5FFA8EFE05EBCE0E09
:105830009EF8036002969EF8046003969EF9066047
:105840009EF802509EF905C00496002F40F0A680F5
:105850009EB290F8188090F819E0059692B2029ED8
:1058600005FB08F516FB0EF7049E013D0295354633
:10587000059E05FB0E6E029D039E0CFB082C15FA7F
:105880008CF5013F2DB217FA8EF7A9453FB20FFAFA
:105890008CFCB8BFA946019DBA450FFA8EFEB8BF71
:1058A000BA46E345A8BFE346754506FB0822A8BFF4
:1058B0007546019512B211F8015B002DA2D1D945B0
:1058C000019E08DB109A09F10103A2F800B0129AB8
:1058D000A3EB0B031380B24506DB119A0AF1010317
:1058E0001680139A9B1B138007B0BDE8F08F0A2D1A
:1058F00038D00D2DDFD0C57E077E002D3DD1062688
:10590000457E16FB072E1FFA82FC08260EF1FF3E8D
:1059100016FB0535013DCE45C8BF0FFA8EF955453A
:10592000C8BF0FFA85FA9345A8BF9346019A11F8AC
:10593000015B9A4207EB4707A8BF1A460CEB4707E3
:1059400001923AB2002D7FF45DAFB8E7457E227B2D
:1059500005FB023311F8015B1BB20022002D7FF41E
:1059600051AFACE7427E11F8015B03EBC2031BB2FF
:105970002246002D7FF446AFA1E707EB470EB0F9B2
:105980000CC002EB4E0565454FEA4E0E1ADD457E12
:1059900003EBC5031BB2A4462246B6E790F8188075
:1059A000B0F90CE00CEB050708FB072777450EDD87
:1059B000227B90F819E002FB0E339AB205921BB2DB
:1059C00000224CE7AE461FFA82FC457E9DE79EB260
:1059D00090F819E0059692B241E700BF002931DB4B
:1059E000F0B4B0F90C408C422ADD002A28DBB0F973
:1059F0000E40944224DD847E022C5BD0032C53D0D5
:105A0000012C60D0B0F93870B0F93A60B0F93C5070
:105A1000B0F93E408F42A8BF0F469642A8BF164637
:105A20008D42B8BF0D46858790F84C500787944249
:105A3000B8BF1446012D4687C4871AD0042D02D062
:105A4000F0BC704770470489456B14FB02F201EB10
:105A5000D17002EBD27240F34F0000EB620211F002
:105A6000010FA95C35D101F00F0141EA0313AB54DA
:105A7000E6E7012B48D0022B32D0002BE0D1002AE0
:105A80000589476B1446B8BFD41DE41014FB0514F8
:105A900002F0070C3D5D012606FA0CF625EA060524
:105AA0003D5590F84C50C9E74489013C641A1146B1
:105AB00022B2A7E705894489013D013C691AA21A6F
:105AC00009B212B29EE70489013CA41A0A4621B227
:105AD00098E703F00F0321F00F010B43AB54AFE73E
:105AE000002A0589466B1446B8BFD41DE41014FB88
:105AF000051402F0070C375D012505FA0CF57D4011
:105B0000355590F84C5099E7002A0589466B1446A4
:105B1000B8BFD41DE41014FB051402F0070C375D68
:105B2000012505FA0CF53D43355590F84C5085E7B5
:105B300070B5002984B0856A14BFA726A6268DF803
:105B40000B6075B10024CDE90044284601230222F0
:105B500003A98DF80D608DF80C4000F047F904B0F2
:105B600070BD04462946006C0AF0ECFF0095606A9F
:105B70002B4601220DF10B0100F0B6F904B070BD07
:105B80002DE9F0410446DDE90876154688461AB24B
:105B900029B2BDF91C50FFF7E3FA0698094984F8C9
:105BA0004C8000234FF0FF322065C4E90933C4E97B
:105BB0001022E7622663A564216063632046BDE886
:105BC000F08100BF640A070038B50446406B0A4BF9
:105BD000236018B107F096FC00236363656A2DB15A
:105BE000284600F037F9284609F09CFFA06A08B162
:105BF00009F098FF204638BD640A070030B5856A71
:105C000087B08DF80F107DB10023CDE90033CCB201
:105C10008DF8143028460123022205A98DF815407D
:105C200000F0E4F807B030BD04462946006C0AF0E5
:105C300089FF0095606A2B4601220DF10F0100F0EB
:105C400053F907B030BD00BFF0B5856A85B065B1C6
:105C500001230DF10F04CDE90043284600248DF8FF
:105C60000F4000F0C3F805B0F0BD04460E46006CCE
:105C7000294617460AF066FF0095606A2B463A46A9
:105C8000314600F031F905B0F0BD00BF436B70B58F
:105C900004460E461546002B4ED0D5B1A06C002808
:105CA00017DB01210AF0CAFE0121A06C0AF04AFFAD
:105CB0000A2007F0F1FB0021A06C0AF043FF0A2044
:105CC00007F0EAFBA06C01210AF03CFF0A2007F074
:105CD000E3FB236D4BB3102009F020FF314605464E
:105CE000226D00F063F8A5622846012100F068F8F3
:105CF00000B3B4F90A10238994F84C20606B12FBAE
:105D000003F2CB1D48BF01F10E03DB1003FB02F2CF
:105D1000002112F0F3FA22896389013A013B002144
:105D2000A287E387A163012070BD606A10B100F013
:105D300099F8B8B9002070BD2389B4F90A2090F809
:105D40004C0010FB03F0D31D48BF02F10E03DB1023
:105D500003FB00F007F0BCFB60630028EAD0002DD5
:105D60009CD1B6E7206C01210AF068FEC1E700BFB4
:105D700010B5B0F90A10038990F84C2012FB03F219
:105D8000CB1D48BF01F10E030446DB1003FB02F2FA
:105D90000021406B12F0B2FA22896389013A013B7B
:105DA0000021A287E387A16310BD00BF30B40025A6
:105DB00020240572C460017030BC4260704700BF8F
:105DC00038B5044640680D46EDF7ECF90120207225
:105DD00005B938BD21786068EDF7AAFA6068EDF77B
:105DE00011FBB0FA80F0400938BD00BF2DE9F04149
:105DF000079F0446C06815463A44824202D90020F3
:105E0000BDE8F0810E46606821789846EDF790FA7B
:105E10004FB1069B3BB16068194603683A465B6820
:105E20009847B842EBD16068036831465B682A4600
:105E300098478542E3D160684146EDF785FAB0FAAC
:105E400080F04009BDE8F08108B54068EDF706FA3A
:105E5000012008BD10B50446406808B109F062FE93
:105E6000204610BD38B5044690F90E00411C07D0FD
:105E700001210AF0E3FD94F90E0001210AF062FE0F
:105E8000256835B12846E3F705F8012084F8340089
:105E900038BD012194F90F000AF0D0FD637B94F91D
:105EA0000F00012B94BF294601210AF04BFE94F903
:105EB0001000421C0AD194F91100431CE5D00021C6
:105EC0000AF0BCFD012084F8340038BD01210AF03D
:105ED000B5FD94F9100001210AF034FE94F9110087
:105EE000431CD2D0EBE700BF2DE9F04F044687B04A
:105EF0000068109DCDE90221994620B1636893E8BE
:105F00000600E3F713F894F90E00461C40F0958163
:105F1000002D5CD009EB050B9B4F0BF1FF33019378
:105F200009F1FF3947F00107206819F8018F8DF852
:105F30001780002840F07581237B944EA268B6FB41
:105F4000F2F6002B0CBF0125802518EA050FF6B2EA
:105F50000CBF4FF0010A4FF0000A4FEA861B0EB14A
:105F60005846B847637B13F0FD0F00F01181032BF7
:105F700000F0EA80A269E36A11680B43136016B16E
:105F80005846B847A26994F91030013309D06069C6
:105F9000636A016818EA050F14BF0B4321EA030383
:105FA00003601168E36A21EA0303136094F9113076
:105FB00001331CBFE3691B68237B002B40F0138176
:105FC0006D0015F0FF05CAD1019B9945ACD1029B2C
:105FD000002B58D01A469246039A6B4B92440AF112
:105FE000FF31019102F1FF3B43F0010820681BF8EB
:105FF000017F8DF81770002840F01981237B634ED4
:10600000A268B6FBF2F6002B0CBF012580252F42BB
:10601000F6B20CBF4FF001094FF000094FEA861AA3
:106020000EB15046C047637B13F0FD0F62D0032BC7
:1060300040D0A269E36A11680B43136016B1504661
:10604000C047A26994F91030013308D06069636ACF
:1060500001682F4214BF0B4321EA03030360116858
:10606000E36A21EA0303136094F9113001331CBF82
:10607000E3691B68237BABB96D0015F0FF05CFD139
:10608000019B9B45B2D194F90E00451C02D0012121
:106090000AF058FD206808B1E2F7AAFF012007B016
:1060A000BDE8F08F6B10DDB2002BB9D1019B9B4591
:1060B0009CD1E8E794F91030013308D06169636A34
:1060C0000A682F4214BF134322EA03030B60A2693C
:1060D000E36A116821EA03031360002E00F0978041
:1060E0005046C047A169E36A0A6813430B605046F3
:1060F000C047B9E794F910305A1C10D017EA0500D0
:1061000014BF012300234B4509D06169636A0A6803
:10611000002800F0818013430B604FF00109A26951
:10612000E36A11680B43136016B15046C047A26979
:1061300094F9113001331CBFE3691B681168E36AED
:1061400021EA0303136095E794F91030013309D075
:106150006169636A0A6818EA050F14BF134322EAEB
:1061600003030B60A269E36A116821EA0303136069
:10617000002E47D05846B847A169E36A0A6813431E
:106180000B605846B84711E7C00A070020A1070076
:1061900094F91030591C0ED018EA050014BF0123E1
:1061A0000023534507D06169636A0A6828B3134323
:1061B0000B604FF0010AA269E36A11680B43136098
:1061C00016B15846B847A26994F9113001331CBF83
:1061D000E3691B681168E36A21EA03031360237B08
:1061E000002B3FF4EDAE6B10DDB2002B7FF4B7AEA9
:1061F000019B99457FF498AEE9E622EA03038246C3
:106200000B60D8E71168E36A0B431360CEE61168B0
:10621000E36A0B43136027E722EA030381460B601E
:106220007DE701220DF11701E2F706FFCCE601221E
:106230000DF11701E2F700FF22E700210AF082FCCE
:1062400066E600BF10B5034B0360044600F03AF960
:10625000204610BDB00C070010B5054B0360044686
:1062600000F030F9204609F05DFC204610BD00BF6B
:10627000B00C070030B585B0BDF92050099C0095E1
:106280000A9D01940295044600F000F9024B236038
:10629000204605B030BD00BFB00C070030B5044645
:1062A00085B0FFF7F3FCB4F90A20B4F90810144BD9
:1062B00002200125203A733984F854004FF0200C55
:1062C000029502EBD272732501EBD171CDE9005C2E
:1062D00042F34F0241F34F012046FEF759FF0949AF
:1062E00020461922FFF7B0FC054630B1642007F0C4
:1062F000D3F82046AF21FFF781FC284605B030BD1A
:10630000C80A0700080D07002DE9F04F06468BB0BC
:106310000AF0C2F8B6F90A30B6F90840B6F93AB050
:1063200096F8381040228DF82320DA1D48BF03F17B
:106330000E02E3B20493BBF1000F049DB6F93C30AA
:10634000B8BF0BF1070BC2F3C702A942CBF3C70BCF
:10635000084623EAE37328BF28465A45DBB2059076
:1063600040F28B801B1A691C53FA81F3503AABF14F
:106370005008D2B207930BFB050306925FFA88F828
:1063800003932EE0059A306C8DF8248013441A1183
:10639000103203F00F0339468DF825208DF8263092
:1063A0000AF0D0FB00973B46032209A9706AFFF769
:1063B0009BFD306C01210AF0C5FB0097706A3B46DB
:1063C00022462946FFF790FDDDE90332134408F128
:1063D00001080393069B5FFA88F898454DD0B6F9FB
:1063E0000840079B756BB76A1C1B039BE4B21D44F6
:1063F00096F85430002FC5D04FF00002F8688DF8A1
:106400002420059AF16A8DF8258013441A11103260
:1064100003F00F0300F1FF3C38468DF826208DF87D
:1064200027301FFA8CF7FFF70FFD0023CDE900336B
:106430000422B06A012309A9FFF7D8FCC4B1FFB256
:106440000DF1230A4FF00109BC42CDE900A9A34692
:1064500028BFBB46A4EB0B042946B06A5A46012369
:10646000E4B2FFF7C3FC5D440AF016F8002CEBD150
:10647000316BB06AFFF7E8FCA6E74FF004224FF05B
:10648000FF33C6E90E230BB0BDE8F08F30B585B001
:1064900014460A9DBDF920200093099B01920293A6
:1064A0000A462346039501210446FFF769FB044B86
:1064B00023602046002384F8543005B030BD00BF6F
:1064C0002C0D070010B5034B03600446FFF77CFB5F
:1064D000204610BD2C0D0700704700BF10B50446C4
:1064E00009F020FB204610BD38B50A4B04460D4686
:1064F000442240F80C3B002111F000FF0023A5606E
:10650000237104F15401012007F088FA2065204628
:1065100038BD00BF8C0D070070B504460E46006DF7
:106520004FF0FF3107F0BAFC257955B98EB1A6605E
:10653000314604F10C0005F0BBFBB0FA80F56D09A3
:1065400025710023206D1A46194607F0B7F8284632
:1065500070BDA668002EF4D0EAE700BF70B505460E
:106560004FF0FF31006D07F099FC2B7993B10023B8
:1065700005F10C062B71304605F0AEFC044680B1E7
:106580000023286D1A46194607F098F8B4FA84F0EB
:10659000400970BDA96805F10C0004F029FF04460C
:1065A000EEE7A968304604F023FF04460028E7D14F
:1065B000A968304605F07CFB04460028E0D10123A1
:1065C0002B71DDE730B5044695B00D46006D4FF0F8
:1065D000FF3107F063FC294601AA04F10C0004F026
:1065E000DBFC002302461946206D14461A4607F0CC
:1065F00065F8B4FA84F0400915B030BD2DE9F04FCC
:1066000083B00B7800AF2F2B78600CBF4C1C0C466E
:1066100006460D46006D4FF0FF3107F03FFC06F1D6
:106620000C084FF0000917E0ADEB030D68468B45F1
:1066300000F8019BEA4601DD11F060FE29465A464A
:10664000504611F033FE5146404603F00BFD08B1B1
:10665000113028D10134B54620462F2112F007FE13
:10666000A0EB050B0BF108036E460021044623F056
:1066700007035A460028D7D12946404603F0F2FCCA
:1066800060B901247A680023106D19461A4607F094
:1066900015F820460C37BD46BDE8F08F113014BF09
:1066A00000240124EEE70024B546EBE738B50446A4
:1066B0000D46006D4FF0FF3107F0F0FB294604F165
:1066C0000C0004F0C1FC002302461946206D14465C
:1066D0001A4606F0F3FFB4FA84F0400938BD00BF53
:1066E000036970B504460D46186D4FF0FF3116462C
:1066F00007F0D4FB237D4BB1002522690023106DE8
:1067000019461A4606F0DAFF284670BD2069A169CD
:106710002A4633460C3003F0F3FF20EAE075ECE73D
:1067200070B50369044682B0186D4FF0FF3107F071
:10673000B5FB267D4EBB2069A1690C3004F01EFC20
:1067400005462069A1698DF8076001230DF1070254
:106750000C3004F05FFB00282069A169C8BF9DF8D8
:1067600007602A4600F10C004FF00003D8BF4FF03D
:10677000FF3604F0D3FB22690023106D19461A4638
:1067800006F09CFF304602B070BD4FF0FF36F2E7D6
:1067900038B5036904464FF0FF31186D07F07EFBF2
:1067A000237D4BB1002522690023106D19461A463E
:1067B00006F084FF284638BD2069A1690C3004F03A
:1067C000DFFB05462069A1690C3004F0D7FB2D1AC8
:1067D000E9E700BF036910B504464FF0FF31186DBB
:1067E00007F05CFB237D43B122690023106DBDE8F7
:1067F00010401A46194606F061BF2069A1690C30A5
:1068000004F0E4F9F0E700BF30B50369044683B053
:10681000186D4FF0FF3107F041FB257D55B122691E
:106820000023106D19461A4606F048FF4FF0FF305E
:1068300003B030BD2069A1690DF1070201230C30BE
:1068400004F0E8FA23692A4604462946186D2B46C7
:1068500006F034FF002CCCBF9DF807004FF0FF304E
:1068600003B030BD30B50368164A5B6883B093420D
:106870008DF807101ED1036904464FF0FF31186DE3
:1068800007F00CFB237D53B1002522690023106D16
:1068900019461A4606F012FF284603B030BD20699B
:1068A000A1690C3001230DF1070203F029FF20EA52
:1068B000E075EAE701220DF10701984705462846F1
:1068C00003B030BDE166050030B4074C0161002221
:1068D0004FF47A75C0E900428560C0E9062230BCF9
:1068E000027580F8202070479C0D0700F0B5836981
:1068F00097B004460D46164693B1077D00691946C8
:106900000C30002F45D003F0ADFDA06906F0FAFD74
:10691000E0690023A36108B106F0F4FD0023E36100
:10692000206903AA0C30294604F036FB98B99DF87B
:106930000C30112B34D02C2006F0CAFD0146A0618A
:1069400030B120692A460C3003F064FD002839D0AC
:10695000002017B0F0BD0230FAD1012EF8D1382056
:1069600006F0B6FD0146A0610028F1D0206940F292
:1069700003130C302A4603F011FE06460028E7D127
:106980002069A1690C300223324604F0C7FA26754B
:1069900009E004F09DF9A06906F0B4FDA761BFE726
:1069A000EEB1012E3AD02F21284612F0BDFC203442
:1069B00000B1451C29462046402212F0A2FC0120CD
:1069C00017B0F0BD01232375284612F080FC01307A
:1069D00006F07EFD2946E06112F060FCE3E701234A
:1069E0003820019306F074FD019BA0610146002848
:1069F000AED020692A460C3003F0D0FD0028A7D184
:106A0000012E02D000232375CDE72369A169024638
:106A100003F10C00022304F081FAF3E740F20313C0
:106A2000DEE700BF30B5036983B004460D46186D3C
:106A300001924FF0FF3107F031FA019A29462046C2
:106A4000FFF754FF2169002302461446086D1A46D9
:106A5000194606F033FE204603B030BD70B504463B
:106A60000025C4E906551048236182B0206084F8EF
:106A700020504FF47A700E46A0604FF0FF31186D31
:106A800065602575019207F009FA019A31462046A2
:106A9000FFF72CFF22692B46106D29462A4606F087
:106AA0000DFE204602B070BD9C0D0700036970B555
:106AB00004460D46186D4FF0FF31164607F0EEF90B
:106AC000237D4BB1002522690023106D19461A461B
:106AD00006F0F4FD284670BD2069A1692A463346B8
:106AE0000C3004F097F90546EDE700BF38B50369AF
:106AF00004460D46186D4FF0FF3107F0CFF9237DA6
:106B00004BB1002522690023106D19461A4606F084
:106B1000D5FD284638BD2069A1692A460C3004F00D
:106B2000FDF9C543ED0FEDE738B5036904464FF0B5
:106B3000FF31186D07F0B2F9237D4BB100252269B2
:106B40000023106D19461A4606F0B8FD284638BDD8
:106B50002069A1690C3004F011FA0546EFE700BF87
:106B600038B5036904464FF0FF31186D07F096F908
:106B7000237D4BB1002522690023106D19461A466A
:106B800006F09CFD284638BD2069A1690C3004F050
:106B9000F7F90546EFE700BF036970B504464FF00B
:106BA000FF31186D07F07AF9A16981B12069257D5F
:106BB0000C30ADB103F056FCA06906F0A3FCE0690F
:106BC0000023A36108B106F09DFC0023E361226964
:106BD0000023106DBDE870401A46194606F06EBDE0
:106BE00004F076F8A06906F08DFCA561EFE700BF20
:106BF0008069003818BF0120704700BF2DE9F04FB1
:106C000095B00B6906460C46186D4FF0FF3100AF8A
:106C1000904607F043F900232069337586F8203049
:106C2000227D2B4930614FF47A70C6E90013C6E922
:106C30000633B060DAB342F62E652069A1690C30E4
:106C40003A1D03F023FC012831D1BB892E2BF4D04F
:106C5000AB4238D0D4F81C90484612F038FB0546B9
:106C600007F10C0012F033FB2B18093323F0070354
:106C7000EA46ADEB030D68466A1C494611F016FB67
:106C800099F800302F2BEB4602D199F801301BB157
:106C9000104B1B882BF8053007F10C01584612F0F9
:106CA000D7FA424659463046FFF720FED5462269BC
:106CB0000023106D19461A4606F000FD3046543781
:106CC000BD46BDE8F08FBB7B002BB6D0C2E700BF4E
:106CD0009C0D0700FCC806002DE9F04F85B0DDE9EA
:106CE0000E4B109F81460D4690461E46002F63D0E6
:106CF000B8F1000F03D0D8F80030B34249D0D9F82A
:106D000000002B689E422BD04369B4FBF3F203FBD7
:106D10001242BAB9BB4215D8B7FBF3F203FB127AA1
:106D2000A7EB0A0300930393436822461F463146AC
:106D30005B46B84788B9039B57469B441C44002FC9
:106D4000D6D139E00093A21AC5E90062D0F804A0B8
:106D5000AB683146D0470028CAD005B0BDE8F08FF7
:106D600069684369A142D0D8CA18A242CDD9A2EB22
:106D7000040ABA45AB6828BFBA46611A524658465B
:106D80001944BF1A544411F091FAD344002FAFD1E3
:106D900012E0D8F80430A342B1D8D9F800008269D3
:106DA0001A44A242ADD9A2EB040ABA45D8F8081099
:106DB00028BFBA46E31AE1E7002005B0BDE8F08F2E
:106DC0002DE9F04F074687B00D4672B30368D1F83E
:106DD00000B090469A69D1E901104AB3013A01F135
:106DE00001098618A9EB0009441E4FF0010A08E0CA
:106DF00014F8012F9DF817309A4223D1A6423B6820
:106E000014D01A6A934509EB040320D20DF117023E
:106E1000CDE90032CDF808A05B4600224146384655
:106E2000FFF75AFF0028E3D009DB3B68A8689A699E
:106E3000FF2111F063FA4FF0FF332B60002007B001
:106E4000BDE8F08F6FF0330007B0BDE8F08F034B63
:106E5000034A0448122111F039F900BFB80D0700A8
:106E6000D40F0700D80D07002DE9F04F87B0DDF8EB
:106E700040A00592002B64D0D0F800908B46D9F842
:106E80001C105C1EA1F108084445074651D3B4FB11
:106E9000F8F0013810F06CFFD04500F10200A4EBCF
:106EA0008003B3FBF8F560D8BAFBF8F0013810F0B6
:106EB0005FFF861CAAEB8606B6FBF8F6304610F09C
:106EC00057FFAAEB800006FB180AB54243D9D9F850
:106ED0002020059B4FF004090DF114080BE0012B55
:106EE00045D93A68126A934241D8012101FA04F463
:106EF0002D1BB54230D9AC1BB4FA84F495FAA5F138
:106F0000C4F11F04B1FA81F18C4228BF0C469342B0
:106F10004FEA840132D20091CDE90189002259461D
:106F20003846FFF7D9FE059B0028D8D007B0BDE84A
:106F3000F08FD04588BF1346BAFBF8F00CD8002577
:106F4000B4E711994FF0FF320A60129A18461360A5
:106F500007B0BDE8F08F059B119A1360129B0020CB
:106F6000C3F800A007B0BDE8F08F0026ADE7064BE0
:106F7000064A07484FF48F6111F0A8F8054B064AFE
:106F80000348122111F0A2F8480E0700F40F070081
:106F9000D80D0700B80D0700D40F07002DE9F04FFA
:106FA00089B00746149C129D8B4692461E46002CC3
:106FB00055D0DBF80030B3425CD0013340F0A18003
:106FC00038688269B5FBF2F302FB1353002B4AD1F8
:106FD000A24248D8B4FBF2F302FB13430593E31A31
:106FE000009304938468139B2A463146A0470028E7
:106FF0007ED1BAF1000F29D0049B3BB3139B5C1EDA
:10700000049B04EB0309139B05F10108A8EB03089B
:1070100007E014F8012F9DF81F309A4266D14C45C5
:1070200014D03B681A6A964208EB040363D201222B
:1070300002920DF11F02CDE9003251463346002283
:107040003846FFF749FE0028E3D051DB139A049B32
:10705000059C1146194413911D44002CA9D1002010
:1070600009B0BDE8F08FEB1ACBE90063DBF8003024
:10707000B342A2D1DBF80410A9429ED83A689269C3
:107080000A44AA4299D9A2EB0508A045DBF80800FA
:1070900028BFA046691A08444246139911F006F920
:1070A00038681399826945444144B5FBF2F302FB09
:1070B0001353A4EB08041391002B7FF478AFDBF893
:1070C00000104B1C3FF473AF0092DBE90123D0F8B2
:1070D0000880C04760B9524659463846FFF770FEEF
:1070E00000283FF464AF09B0BDE8F08F6FF03300C3
:1070F00009B0BDE8F08F064B064A0748122110F090
:10710000E5FF064B064A0448B72110F0DFFF00BF39
:10711000B80D0700D40F0700D80D0700740E070044
:10712000E40F07002DE9F04F0446D2E9003091B09A
:107130004FF0010B0A9300230B90069104F1140801
:107140000DF128090593236859F8045B1B6A9D42D9
:107150007BD210230DF1300A0022CDE901A3009269
:107160002B4641462046FFF7B7FD002839D1059B45
:10717000002B60D10D9B23F00043132B4FD92268C5
:10718000D26993424BD84FF0FF3309A810225146E1
:10719000099304F0BFFE0D9B23F00043102B28D071
:1071A000CDF81C9010260DF12307994607E0013613
:1071B0000122394609A804F0ADFEB14517D0236875
:1071C0001B6A9D4241D20123CDE9017300962B46F3
:1071D000002241462046FFF77FFD0028E7D0DDF87A
:1071E0001C9010F1340F1AD011B0BDE8F08FDDF80B
:1071F0001C90099B9BB99AE80F000BF0010610AF99
:1072000007EB860C069F1026FE603E467D601C360E
:107210005CF8185CBD6086E80F0001230593BBF1A4
:10722000020F0FD1059B002B14BF00206FF033001D
:1072300011B0BDE8F08F069A0C9BD2699B1A002B07
:1072400098DAECE74FF0020B7DE7034B034A044862
:10725000122110F03BFF00BFB80D0700D40F07004C
:10726000D80D07004368013337D02DE9F043836818
:10727000013383B0044628D015460E464FF000086F
:107280004FF001096A462946CDE90089FFF74AFF18
:10729000E0B905F124086B6A591C16D0AF6A7A1C54
:1072A00013D0D6F800C09C4513D0D6F804E0BE45F4
:1072B0000FD073454246294620460AD0BC4508D027
:1072C000FFF730FF0028E6D000E0002003B0BDE863
:1072D000F083012003B0BDE8F0830020704700BFB9
:1072E0002DE9F041D1F820C00C46C9682CF00043CC
:1072F000043B01F10C069E4284B0054617461FD997
:1073000004F12408102612E0424621462846FFF7E1
:1073100009FF90B9D4F820C0A169E6602CF00043C1
:10732000043B14311B2BA1614FF0100108D8BCF1B4
:10733000000FE9DB39606FF0010004B0BDE8F081B7
:107340002A46636852F8140B066AB34207F1040038
:107350001AD20C26CDE900100296114628460022CA
:10736000FFF7BAFC0028E8D17B79BA79FD79A169E9
:1073700004331344E2683A602B441A440B44E2603D
:10738000A36104B0BDE8F081024B034A0348122117
:1073900010F09CFEB80D0700D40F0700D80D0700B1
:1073A000F0B593B000260D46012707A96A46CDE93E
:1073B00000670446FFF7B6FE064610B121E0831CC5
:1073C00022D1109B01331CD0119B013319D010AA7C
:1073D00007A92046FFF7A6FEB0B903AA07A92046D1
:1073E000FFF77EFF0028EAD19DF91030002B4FF007
:1073F0000802294605A8F0DB10F04AFF0028ECD16E
:107400000126304613B0F0BD0646304613B0F0BD3D
:107410002DE9F047164600240122C6E909428246BA
:1074200088461D4606F124094A4631465046FFF774
:1074300079FE074668B92A4631465046FFF750FFA5
:1074400050B1831C1FD1736A013302D0B36A013378
:10745000EAD13846BDE8F0872C7904F07004202C7E
:10746000E9D1AB68D8F80020934208D0E868D8F892
:107470000410884203D08B4201D08242DBD1012725
:107480003846BDE8F0870746E3E700BF2DE9F04F37
:107490002DED028B8DB090461C46099340F62203D9
:1074A0002268C8F804300892D0E90123724EC8F867
:1074B000082082468946C8F80C3000F1140B089D5C
:1074C0003146284611F044FF2B460344044631461A
:1074D0001846059311F0EAFE0128049000F0B080F0
:1074E000022804D1059B1B782E2B00F0B280DDE929
:1074F0000423134408931F4601243146384611F0F3
:1075000027FF07443846314611F0D0FE78B10228F3
:1075100002D001340744F0E73B782E2BF9D17B7879
:107520002E2BF6D1013CF5D1BB1C0893C7E7059C77
:10753000207800285FD0099B1C6098F80430222B2B
:1075400040F08D8008F108031A464946504608EE7F
:10755000103AFFF7E7FD00284DD1049B013B23447F
:107560000793424649465046FFF7BAFE002842D1EB
:1075700098F8042002F07F03112B01D0222BF0D1C8
:1075800098F8073004998B42EBD1D8F8003098F87E
:10759000051098F80650D9F8047004330B441D44C4
:1075A000049BA3B3059BCDF818800135DDF81C8042
:1075B000ED1A5C1E07E014F8012F9DF82F309A4257
:1075C0001ED144451FD0DAF800301A6A974205EB05
:1075D000040347D2012202920DF12F02CDE90032BD
:1075E00059463B4600225046FFF776FB0028E2D082
:1075F000DDF8188009DA0DB0BDEC028BBDE8F08F24
:10760000DDF81880ADE7DDF8188098F8042013063F
:107610007FF555AFDAF8043001330CD0DAF80830D2
:10762000013308D018EE101A5046FFF7B9FE0028B3
:107630001ED198F8042002F07F0288F804203EE76B
:107640002B5D2E2B7FF453AFDDE904231344089305
:1076500035E7059B5B782E2B7FF449AFF4E76FF09D
:107660001300C8E7054B064A0648122110F02EFD0C
:10767000C1DB6FF00100BEE7FCC80600B80D0700D3
:10768000D40F0700D80D07002DE9F04F8B469DB0B1
:107690000BF1040304930BF10C03CDE9053B016BE3
:1076A00004464FF001080025D4E90D3010E05A09D6
:1076B000E66B01385F1CA063676356F822C003F0D5
:1076C0001F0208FA02F212EA0C0F00F027813B4673
:1076D0009942ECD1002800F0F2812268E36AD2E9F5
:1076E00008621944904228BF1046B1FBF6F306FB2E
:1076F00013112063E162E06B6563D208002110F092
:10770000FDFD6368013300F05781A368013300F089
:107710005381002201230025CDE9082304F1140739
:1077200001222E46D4F800C0E16ADCF82030206B3C
:10773000591A0E44B6FBF3F503FB1565854210D2CA
:107740006909E26B05F01F0552F8213008FA05F5CA
:107750001D4342F82150DCF82030E16A099A206B81
:10776000591A0A44B2FBF3F103FB112383420AD2F4
:107770005809E16B03F01F0351F8202008FA03F3C6
:10778000134341F8203008AA11A92046FFF7CAFC8C
:10779000002840F00E810C25149A24E02068129BEA
:1077A000006A834280F01A820EA9CDE90021029579
:1077B000002239462046FFF78FFA002840F0F98072
:1077C0009DF839209DF83A309DF83B6014990432B9
:1077D0001A449DF83830324403F070030A44102BE9
:1077E000149200F0EB80199B23F00043043B02F15C
:1077F0000C009842D2D9DDE91A62701CCDE908620A
:1078000001D0511C8ED1D4F80C904D46B9F1000F27
:1078100000F0DE81EB69DA0340F156816F69002FD9
:1078200000F05281D4F800A0DAF81C60013F083E55
:10783000B742C0F0CF81B7FBF6F0013810F098FAEC
:107840000230A7EB8002B2FBF6F6D4F830E0E16A32
:107850002B69079505F12C000546DAF820207046C3
:1078600004F114098E4601469818A0EB0E0EBEFBDB
:10787000F2F002FB10E28A420AD25709E06B02F0F2
:107880001F0250F8271008FA02F20A4340F8272096
:10789000002E00F01781DAF8202006F00107C7F16A
:1078A000020A93424FEA8A0080F098810BA90022D5
:1078B000CDE90110009249462A462046FFF70CFA0E
:1078C000002876D10AF1FF3CD4F800A013E0BBFBFE
:1078D000F2F302FB13B38B424FF0010014D24FEAD4
:1078E000531EE16B03F01F0351F82E2000FA03F33F
:1078F000134341F82E30D4F82CE0DAF820200B9B0B
:10790000216BA2EB0E0B9B446045E0DB1CAB03EB51
:107910008C0C023F5CF8443C3E44A5E72068E26AD8
:10792000016A1344B3FBF1F201FB1233049A42F8EB
:10793000043BD4E90C139942049207D10FE0A26BE7
:107940000133013A8B42C4E90D3208D05D0903F0DE
:107950001F0256F8255008FA02F22A42EFD1DDE95B
:10796000043293427FF49FAEDDF818B0006ADBF872
:10797000043083420BF11C0204F1140180F02E81CB
:10798000042501920022204602950092FFF7A4F9F7
:10799000002840F08B80DBF81C304FF0FF32CBE941
:1079A0000922142001331021CBE90730CBF80C1049
:1079B00000201DB0BDE8F08F216B75E6109B002BF9
:1079C0003FF411AFD4F800A0DAF81C6003F1FF3BDC
:1079D000A6F10809CB4570D3BBFBF9F0013810F0D4
:1079E000C7F9861CABEB8606B6FBF9F60F9BE16A7E
:1079F000DAF82020D4F830E09818401AB0FBF2F101
:107A000002FB110272450BD24FEA521CE16B02F0ED
:107A10001F0251F82C0008FA02F2024341F82C2010
:107A2000002E3FF4B9AEDAF8202006F00109C9F1C2
:107A3000020A93424FEA8A0080F0D0800BA900220C
:107A4000CDE90110009239462046FFF745F900289C
:107A5000AFD10AF1FF3CD4F800A013E0BBFBF2F376
:107A600002FB13B373454FF0010014D24FEA531ECB
:107A7000E16B03F01F0351F82E2000FA03F31343C8
:107A800041F82E30E16ADAF820200B9BD4F830E080
:107A9000A2EB010B9B446045E0DB1CAB03EB8C0CC1
:107AA000A9F102095CF8443C4E44A5E710F1340FFB
:107AB0003FF471AF1DB0BDE8F08F064696E76FF05A
:107AC0001B0076E7079DEB699B037DD52F6A002F8E
:107AD0007AD0D4F800A0DAF81C60013F083EB74223
:107AE0007AD3B7FBF6F0013810F042F90230A7EB79
:107AF0008003B3FBF6F6D4F830E0E16A6B6A0795D1
:107B000005F12C000546DAF82020704604F114092E
:107B10008E4601469818A0EB0E0EBEFBF2F002FB5B
:107B200010E28A420AD25709E06B02F01F0250F8B5
:107B3000271008FA02F20A4340F82720002E42D00C
:107B4000DAF8202006F00107C7F1020A93424FEA53
:107B50008A0043D20BA90022CDE9011000924946C8
:107B60002A462046FFF7B8F800287FF422AF0AF132
:107B7000FF3CD4F800A013E0BBFBF2F302FB13B30D
:107B80008B424FF0010014D24FEA531EE16B03F019
:107B90001F0351F82E2000FA03F3134341F82E304F
:107BA000D4F82CE0DAF820200B9B216BA2EB0E0B13
:107BB0009B446045E0DB1CAB03EB8C0C023F5CF8A4
:107BC000443C3E44A6E7079D2D68002D7FF422AE7D
:107BD000216B68E5002638E600268CE7024B034A55
:107BE0000348122110F072FAB80D0700D40F0700F5
:107BF000D80D07002DE9F04F2DED028B9BB001252C
:107C000004460491A9464FF00008D4E90D31D4F898
:107C100030C00FE05A09E76B0139581CA16360635B
:107C200057F8226003F01F0205FA02F2324200F018
:107C30002A8103469C45EDD1002900F05282236839
:107C4000E66AD3E90802B444914228BF1146BCFB5E
:107C5000F0F300FB13C32163E362E06BC4F83480EC
:107C6000D208002110F04AFB63680133CDD0A3682D
:107C70000133CAD000220123CDE9062301220020CE
:107C800004F1140796462268E36A116A266BCB1A40
:107C900003EB000CBCFBF1F001FB10C0864210D9D5
:107CA0004609E16B00F01F0051F8263005FA00F09C
:107CB000184341F82600D4E90B36116ADDF81CE0C0
:107CC000CB1A7344B3FBF1F201FB1233B3420AD275
:107CD0005809E16B03F01F0351F8202005FA03F364
:107CE000134341F8203006AA0FA92046FFF71AFADD
:107CF000002840F0E9804FF00C08129A0CAE23E007
:107D00002168109B096A8B4280F0F5810092CDE9D1
:107D10000168002239462046FEF7DEFF002840F0C9
:107D2000D3809DF831209DF832109DF833C0129B0E
:107D300004320A449DF8301062441A4401F0700382
:107D4000102B129200F0C580179B23F00043043BD8
:107D500002F10C019942D3D9DDE9180E411CCDE99D
:107D6000060E02D0BEF1FF3F8DD1D4F80C804646FE
:107D7000B8F1000F3FF447AFF369DA0340F128810F
:107D80007769002F00F02481D4F800A0DAF81C30C5
:107D9000013FA3F108084745C0F0A881B7FBF8F000
:107DA00001380FF0E5FF0230A7EB8007B7FBF8F7CB
:107DB00004F11400E16AD4F830C0DAF82020336905
:107DC0000596834606F12C0008EE100A0E46614621
:107DD0009818A0EB060EBEFBF2F002FB10E28A42FE
:107DE0000BD2E06B4FEA521C02F01F0150F82C201E
:107DF00005FA01F10A4340F82C20002F00F0E6803C
:107E0000DAF8202007F00108C8F1020A93424FEA8D
:107E10008A0080F0708109A90022CDE9011000924A
:107E2000594618EE102A2046FEF756FF00284BD17F
:107E30000AF1FF3CD4F800A012E0BEFBF2F302FB13
:107E400013E38B424FF0010012D25E09E16B03F0A5
:107E50001F0351F8262009FA03F3134341F8263093
:107E6000E66ADAF82020099B216BA2EB060E9E44FD
:107E70006045E2DB1AAB03EB8C0CA8F102085CF85E
:107E8000443C4744A4E72168E26A096A1344B3FB0F
:107E9000F1F201FB1233049A1360D4E90C0383421C
:107EA00011D0012506E0A26B0133013A8342C4E9F7
:107EB0000D3208D0590903F01F0257F8211005FAB6
:107EC00002F20A42EFD100201BB0BDEC028BBDE8EC
:107ED000F08F0E9E002E3FF411AFD4F800A0DAF818
:107EE0001C20013EA2F1080B5E450AD3B6FBFBF055
:107EF00001380FF03DFF0230A6EB8003B3FBFBF32C
:107F00001846E16AD4F830C00D9BDAF8202008EE5C
:107F1000107A8E46074661469818A0EB0E0EBEFBFF
:107F2000F2F002FB10E28A420AD25609E06B02F03C
:107F30001F0250F8261005FA02F20A4340F82620E4
:107F4000002F00F0D580DAF8202007F00106C6F1F6
:107F5000020A93424FEA8A0080F0CD8009A90022EC
:107F6000CDE90110009218EE101A2046FEF7B4FE7B
:107F70000028A9D10AF1FF3CD4F800A013E0BBFB14
:107F8000F2F302FB13B38B424FF0010014D24FEA1D
:107F9000531EE16B03F01F0351F82E2009FA03F37F
:107FA000134341F82E30D4F82CE0DAF82020099B56
:107FB000216BA2EB0E0B9B446045E0DB1AAB03EB9D
:107FC0008C0C023E5CF8443C3744A5E7059EF369FF
:107FD0009B0340F18180376A002F7DD0D4F800A048
:107FE000DAF81C20013FA2F1080847457CD3B7FB13
:107FF000F8F001380FF0BCFE0230A7EB8007B7FBAA
:10800000F8F704F11400E16AD4F830C0DAF820205F
:10801000736A0596834606F12C0008EE100A0E4698
:1080200061469818A0EB060EBEFBF2F002FB10E2D0
:108030008A420BD2E06B4FEA521C02F01F0150F84B
:108040002C2005FA01F10A4340F82C20002F42D0E1
:10805000DAF8202007F00108C8F1020A93424FEA3B
:108060008A0048D209A90022CDE9011000925946A0
:1080700018EE102A2046FEF72FFE00287FF424AFCA
:108080000AF1FF3CD4F800A012E0BEFBF2F302FBC1
:1080900013E38B424FF0010012D25E09E16B03F053
:1080A0001F0351F8262009FA03F3134341F8263041
:1080B000E66ADAF82020099B216BA2EB060E9E44AB
:1080C0006045E2DB1AAB03EB8C0CA8F102085CF80C
:1080D000443C4744A5E7059E3668002E7FF44CAE2D
:1080E00091E56FF01B00EFE600278AE700275FE6C7
:1080F00018EE107A01E6034B034A044812210FF0F0
:10810000E5FF00BFB80D0700D40F0700D80D07002A
:108110002DE9F04F044687B00F4600F1140905A978
:108120002046FFF767FD064640B920680599C368F9
:108130009847064630B110F1340FF0D0304607B002
:10814000BDE8F08FBB6A83B307F12C0A35460DF109
:10815000130804F1200B13E02268059B126A934276
:1081600047D20122CDE9018200954A465946204670
:10817000FEF714FF002831D1BB6A0135AB4214D998
:1081800022687B6A126A93422DD20122CDE90182D4
:108190000095524649462046FEF79EFD0028DBD05A
:1081A0000646304607B0BDE8F08F2368A16A9A6999
:1081B000786B10F07BF8D4E908122368A06AC7E94D
:1081C0000B12FF219A6910F099F8059B4FF0FF32CE
:1081D000304622627B6207B0BDE8F08F10F1340FA9
:1081E0009DD00646DDE7064B064A074812210FF0F0
:1081F0006DFF034B054A04489C210FF067FF00BF49
:10820000B80D0700D40F0700D80D0700E40F0700D2
:108210002DE9F04F2DED028BC9B004462C22002130
:108220001CA810F06BF84FF00043282227A800216B
:10823000249310F063F823681B6A01223192002B0B
:1082400000F0C98100274FF00C09319B013300F089
:10825000B18130AA27A92046FEF764FF0546002811
:1082600040F00C81249B002BC0F20E816368013327
:1082700000F04E81A368013300F04A8132AE3246ED
:108280000CAB25A92046FFF7C3F80028C0F2F58003
:1082900000F03E810E9B259A0F982699934200F09C
:1082A00090818B4200F09381DDE91D51239A269045
:1082B0002068259301320023CDE91D150B95059308
:1082C0002392C3680A9198474FF0FF380546F0B1F2
:1082D00015F1340F40F0D2800A9BC4F82080012BA6
:1082E00040F279810B9B012B40F275811DA920463C
:1082F000FFF780FC0546002840F0C08020681D99EB
:1083000001230593C368984705460028E0D123AFB1
:108310000DF1500AA146102239465046CDF8508042
:1083200003F0F8FD59F8202B1D9B126A934280F050
:1083300015821026CDE900572A4602964946204666
:10834000FEF72CFE05460028C2D1249B23F00043F3
:10835000043B102B32D904F1140B3DAF22680B9B68
:10836000126A934280F0F4810122CDE901720096F5
:10837000002259462046FEF7AFFC054600287DD175
:1083800001223946504603F0C5FD22681D9B126A42
:10839000934280F0E3810122CDE9017200962A46E2
:1083A00049462046FEF7FAFD0546002890D1249B59
:1083B00023F000430136043B9E42CFD322681D9B2D
:1083C000126A934280F0CA8104220292CDE9006AC7
:1083D000494600222046FEF7E1FD054600287FF4CD
:1083E00077AF216AC4F814804A1C12D02068A36AAF
:1083F000826900928568626AA847054600287FF472
:1084000067AF2368A06A9A69FF210FF077FFC4F86D
:108410002080206803699847054600287FF458AFFC
:10842000249EDDF874B0CDF8F48026F0004604F107
:108430001403043E08EE103A00F0968107460DF151
:10844000400908E00137012249463DA803F062FDDA
:10845000BE4240F2898123681B6A9B4580F0788187
:108460000123CDE9019318EE101A00975B46002214
:108470002046FEF731FC0028E4D00546284649B0E6
:10848000BDEC028BBDE8F08F32AE4FF000083246F3
:1084900027A92046FEF724FFF0B1831CEDD10DF192
:1084A0009C0CBCE80F001CAE0FC6BCE80F000FC64A
:1084B0009CE8070086E8070023681B6A01379F4293
:1084C00080F08980309B01337FF4BFAE284649B0ED
:1084D000BDEC028BBDE8F08F9DF9CC309DF8CC202F
:1084E000002BD4DA6368013341D0A36801333ED056
:1084F00034A92046FEF754FF0028BEDB35D03246B3
:1085000027A9204601F0C8F90028C0D00546B5E7E4
:10851000DDE93050DDE91D21239B1D91CDE925507A
:108520000133239308911E9209924FF0000801260F
:108530002068C3689847054600284FD015F1340FCE
:108540009CD1089B4FF0FF32012B226243D9099B3B
:10855000012B40D91DA92046FFF74CFB05460028FA
:108560008CD11D994FF00108E2E79DF8CC20DDF891
:10857000C8E09DF8CFC0CDF8F89002F07F020EF170
:108580000C0033A9CDE93F198DF8CC20419001238F
:108590003DAA27A92046CDF80C81CDF8F4E0CDF80E
:1085A00008C1CDF810C100F0F9F900283FF46FAF11
:1085B000054663E70025284649B0BDEC028BBDE8BF
:1085C000F08F88423FF461AF8B427FF46DAE824200
:1085D0007FF46AAE59E76FF033054FE723AFA24649
:1085E0004FF0FF331022394607A8079303F092FC9F
:1085F0005AF8202B1D9B126A934280F0AF804FF0F7
:108600001009CDE900572A46CDF80890514620467A
:10861000FEF7C4FC0546002890D1249B23F00043BC
:10862000043B102B34D904F1140B10AF2268099BC2
:10863000126A934280F08C80CDE90176CDF80090EB
:10864000002259462046FEF747FB054600287FF4E6
:1086500015AF0122394607A803F05CFC22681D9B78
:10866000126A93427AD22A46CDE90176CDF800907B
:1086700051462046FEF792FC054600287FF45EAF87
:10868000249B23F0004309F10109043B9945CDD314
:1086900022681D9B126A934260D2042207A9CDE989
:1086A00000910292514600222046FEF777FC0546D3
:1086B00000287FF443AF216A4FF0FF37B94267616A
:1086C00011D02068A36A826900928568626AA8470F
:1086D000054600287FF432AF2368A06A9A69FF211B
:1086E0000FF00CFE276220680369984705460028B2
:1086F0007FF424AF249FDDF874B027F000474FF0DB
:10870000FF3204F11403043F08EE103A109245D0F2
:1087100081460DF1F40A08E009F1010901225146F0
:1087200010A803F0F7FB4F4538D923681B6A9B4517
:108730000ED2CDE901A618EE101ACDF800905B46D6
:1087400000222046FEF7C8FA0028E5D0054695E647
:108750008E4B8F4A8F4812210FF0B8FC8B4B8E4AFC
:108760008C489C210FF0B2FC3D9A149B9A427FF4F6
:10877000B3AD059B002B30D12369002B3FF47EAEB7
:108780005C681D9A944271D099681E9881426DD0A0
:1087900084426BD08A4269D01B68EEE7109A079B2F
:1087A0009A427FF4CEAEB8F1000F40F08280236988
:1087B000002B3FF463AE5C681D9A944200F0C480C5
:1087C00099681E98814200F0BF80844200F0BC800E
:1087D0008A4200F0B9801B68EAE7636801334ED033
:1087E000A36801333DAE0AAF4BD03246394610ABD9
:1087F0002046FEF70DFE0028FFF63FAE41D0DDE932
:108800001D03109F149731460C370C2612909DF8CB
:1088100047001897139311AF1596179619900026D5
:108820001B9052460123204616971A9600F0B6F880
:1088300000287FF422AE0A98636898421AD00B9AF7
:10884000A1688A4216D0884214D0934212D00122E5
:10885000013384F840208FD0A36801338CD02046A8
:10886000FFF7D6FC002887D0054607E65A601E9A17
:108870009A6091E7DDE91D32C4E90132E7E73DAED8
:108880000AAF394632462046FEF7ECFC0028FFF6D8
:10889000F4AD3FF471AF3146DDE91D600023479030
:1088A0001A462046469600F079F800283FF464AF57
:1088B000DAE76368013350D0A36801333DAE4DD091
:1088C000324610AB08A92046FEF7A2FD0028FFF6AD
:1088D000D4AD43D0DDE91D02109B14930C331893E3
:1088E00012900C2311A89DF84770139231461593EE
:1088F000002617931690012314AA204619971B9758
:108900001A9600F04BF800287FF4B7AD089863681A
:1089100098421DD0099AA1688A4219D0884217D07E
:10892000934215D00122013384F840203FF43FAF39
:10893000A36801333FF43BAF2046FFF769FC0028F2
:108940003FF435AF054699E55A601E9A9A6042E7B2
:10895000DDE91D32C4E90132E4E73DAE08A9324643
:108960002046FEF77FFC0028FFF687AD3FF41FAFDF
:108970003146DDE91D60002347901A4620464696A1
:1089800000F00CF800283FF412AFDBE7B80D070049
:10899000D40F0700D80D0700E40F07002DE9F04FB2
:1089A0002DED028BCE690D46D1E90141A5B001360E
:1089B00090462A1D69608246EE61AC60089205937C
:1089C00083B11E46D8F80400D8F80C302A6A1B1A66
:1089D000022E1A4405D1D8F81C70D8F814603A4415
:1089E000921B2A62DAF80000CDF818800023CDE946
:1089F0000B140993C36898470446E0B114F1340F8F
:108A00003DD10B9B4FF0FF32012BCAF8202034D907
:108A10000C9B012B31D908995046FFF7EBF804461F
:108A200068BBDAF80000696801230993C3689847B6
:108A300004460028E2D105F11C07D0464FF0FF3371
:108A40001022394611A8119303F064FA58F8202B2C
:108A50006B68126A934280F00D811026CDE90047C1
:108A60002246029641465046FEF798FA834660B188
:108A700010F1340FC5D0044601E06FF033042046F6
:108A800025B0BDEC028BBDE8F08F2B6A23F00043CC
:108A9000043BB3426BD90AF1140308EE103A37468F
:108AA0000DF1640934E0DAF800200C9B126A93425D
:108AB00080F0E6800122CDE9019218EE101A0097AD
:108AC00000225046FEF708F904460028D7D10122BB
:108AD000494611A803F01EFADAF800206B68126A02
:108AE000934280F0C7800122CDE901920096224690
:108AF00041465046FEF752FA044600287FF47EAF06
:108B0000013701362B6A23F00043043B9E422ED2EC
:108B1000059B5B45C7DD069A4FEA0B1302EB0B1171
:108B2000D3580791BB42BED10C4611A8D1E902121D
:108B300003F0F0F9DAF800206B68106AE168A268C7
:108B4000834280F09780CDE90121009600224146C2
:108B50005046FEF723FA044600287FF44FAF079BE8
:108B60005A68DB680BF1010B17441E44CAE7DAF8B8
:108B700000206B68126A93427CD2042211A9CDE9CD
:108B800000610292414600225046FEF707FA044671
:108B900000287FF433AFDAF820104FF0FF3399420A
:108BA000CAF8143019D0DAF80000DAF828308269EF
:108BB00000928468DAF82420A047044600287FF455
:108BC0001DAFDAF80030DAF828009A69FF210FF0BB
:108BD00095FB4FF0FF33CAF82030DAF80000036944
:108BE0009847044600287FF409AF2B6AD5F8048023
:108BF00023F000434FF0FF32B3F1040919920AF158
:108C0000140B1DD007460DAE07E001370122314697
:108C100019A803F07FF9B94512D0DAF800301B6AC1
:108C200098452DD20123CDE90163009743460022E8
:108C300059465046FEF750F80028E6D004461EE795
:108C4000199A119B9A427FF4DCAE099B13BBDAF8A8
:108C50001030002B3FF413AF5E686A68964215D05F
:108C60009968A868814211D086420FD08A420DD0FF
:108C70001B68EEE73D4B3E4A3E489C210FF026FA2A
:108C80003A4B3D4A3B4812210FF020FA5A60AA683D
:108C90009A60EDE7DAF80430013347D0DAF80830AB
:108CA000013319AE0BAF43D0324639460DAB5046B7
:108CB000FEF7AEFB0028C1DB3AD0D5E901030D9FDA
:108CC000119731460C370C260F909DF83B001597F5
:108CD00010930EAF1296149616900026189011AAB3
:108CE0000123504613971796FFF758FE0028A5D189
:108CF0000B98DAF80430984231D00C9ADAF8081060
:108D00008A422CD088422AD0934228D001220133B3
:108D10008AF840209BD0DAF80830013397D05046CB
:108D2000FFF776FA002892D00446A8E619AE0BAFFA
:108D3000394632465046FEF795FA0028FFF67EAFD8
:108D400085D03146D5E90160002323901A4650466C
:108D50002296FFF723FE00283FF479AFE4E76B6823
:108D6000CAF80430AA68CAF80820CFE7B80D07008F
:108D7000E40F0700D80D0700D40F07002DE9F04FCE
:108D80002DED028B0D46BDB0824616461F4601F101
:108D9000240809E0002B52DA424629465046FEF7E5
:108DA000C1F9002840F008817479B179F279DAF8D4
:108DB00000002B6A04340C441444C1691C448C42E6
:108DC000E8D8B4461E1F4CF8046BE96924974C1C84
:108DD0006F68A96825920C3313442B62C5E901170B
:108DE0000C23002221932B1DCDF880C01E962296C5
:108DF00013971291EC611F92239207920693C36816
:108E000098470446002800F0DE8014F1340F65D145
:108E1000129B4FF0FF32012BCAF820205CD9139B24
:108E2000012B59D906995046FEF7E4FE0446002866
:108E300054D101236968DAF800000793DFE7AC46F4
:108E4000BCE80F0026AC0FC4BCE80F000FC49CE8C0
:108E5000070084E8070029465046FEF715FC044643
:108E600000283BD1DDE92F122B6A69623046191FB9
:108E7000AA6240F8041BF6791794CDE91B473344E6
:108E8000069416916C681A91A968EA691D960C33CC
:108E90002B62C5E901140C23013219932B1D189084
:108EA0000F940E91EA6107934FF00109DAF8000080
:108EB000C36898470446002800F0AA8014F1340FD4
:108EC0000CD10E9B4FF0FF32012BCAF8202003D9A2
:108ED0000F9B012B00F2BF806FF0330420463DB0A2
:108EE000BDEC028BBDE8F08FDAF800206B68126AE7
:108EF000934280F04C8204220BA9CDE900610292DA
:108F0000414600225046FEF749F804460028D5D1D4
:108F1000DAF820104FF0FF339942CAF8143018D015
:108F2000DAF80000DAF82830826900928468DAF80A
:108F30002420A04704460028C0D1DAF80030DAF82F
:108F400028009A69FF210FF0D9F94FF0FF33CAF8D2
:108F50002030DAF800000369984704460028ADD1B4
:108F60002E6A26F000464FF0FF33321F0C930AF1B1
:108F7000140B6B68059200F0EA81074631AE1C467F
:108F800009E0012231460CA802F0C4FF059B01371D
:108F9000BB4200F0DC81DAF800301B6A9C4280F0B2
:108FA000FC81CDE9016900972346002259465046CD
:108FB000FDF792FE0028E4D0044620463DB0BDEC0B
:108FC000028BBDE8F08F05F11C07D0464FF0FF3350
:108FD0001022394609A8099302F09CFF58F8202B6B
:108FE0006B68126A934280F0D2811026CDE9004767
:108FF0002246029641465046FDF7D0FF83460028A0
:1090000000F0AA8010F1340F3FF402AF5C4665E730
:1090100005F11C07D0464FF0FF33102239460BA84C
:109020000B9302F077FF58F8202B6B68126A93427B
:1090300080F0AD811026CDE90047224602964146D8
:109040005046FDF7ABFF834688B110F1340F3FF473
:1090500038AF5C4642E707995046FEF7CBFD044621
:1090600000287FF43BAF0123696806931EE72B6A53
:1090700023F00043043BB3427FF636AF0AF11403FA
:1090800008EE103A374638E0DAF800200F9B126AF3
:10909000934280F082810CAACDE9007218EE101A7A
:1090A000CDF8089000225046FDF716FE0446002831
:1090B0007FF414AF01220CA90BA802F02BFFDAF801
:1090C00000206B68126A934280F061810CAACDE99E
:1090D0000062CDF80890224641465046FDF75EFFFB
:1090E000044600287FF4EAAE013701362B6A23F0EC
:1090F0000043043BB3427FF6F7AEBBF1010FC3DC84
:1091000016AA4FEA0B1302EB0B11D3580591BB4281
:10911000BAD10C460BA8D1E9021202F0FBFEDAF834
:1091200000206B68106AE168A268834280F02F819A
:10913000CDE901210096002241465046FDF72EFF61
:10914000044600287FF4BAAE059B5A68DB680BF131
:10915000010B17441E44C9E72B6A23F00043043B6C
:10916000B3426CD90AF1140308EE103A37460DF1F8
:10917000280935E0DAF80020139B126A934280F048
:109180000C810122CDE9019218EE101A00970022FD
:109190005046FDF7A1FD044600287FF49FAE012252
:1091A000494609A802F0B6FEDAF800206B68126A98
:1091B000934280F0EC800122CDE901920096224694
:1091C00041465046FDF7EAFE044600287FF41DAEF6
:1091D000013701362B6A23F00043043BB3422ED9FA
:1091E000BBF1010FC6DC1EAA4FEA0B1302EB0B11F9
:1091F000D3580591BB42BDD10C4609A8D1E9021252
:1092000002F088FEDAF800206B68106AE168A26854
:10921000834280F0BC80CDE90121009600224146C6
:109220005046FDF7BBFE044600287FF4EEAD059BDB
:109230005A68DB680BF1010B17441E44CAE7DAF8E1
:1092400000206B68126A934280F0A180042209A971
:10925000CDE900610292414600225046FDF79EFE94
:10926000044600287FF4D1ADDAF820104FF0FF3328
:109270009942CAF8143019D0DAF80000DAF8283028
:10928000826900928468DAF82420A0470446002806
:109290007FF4BBADDAF80030DAF828009A69FF21D4
:1092A0000FF02CF84FF0FF33CAF82030DAF8000046
:1092B00003699847044600287FF4A7AD2A6AD5F8C9
:1092C00004B022F000424FF0FF33171F0A930AF157
:1092D00014091ED006460DF1C40807E0013601222C
:1092E00041460AA802F016FEB74212D0DAF8003062
:1092F0001B6A9B4551D20123CDE9018300965B4651
:10930000002249465046FDF7E7FC0028E6D0044617
:1093100053E6DDE909329A427FF47AAD079B002BD0
:1093200041D1DAF81030002B3FF4D8AD5E686A689E
:10933000964200F089809968A868814200F0848094
:10934000864200F081808A427ED01B68EBE7DDE92F
:109350000B329A427FF4B5AD069B002B40F06E8134
:10936000DAF81040002C00F0948060686B68984236
:1093700000F0B781A268A9688A4200F0B2818842F1
:1093800000F0AF81934200F0AC812468EAE7A74B7C
:10939000A74AA8489C210EF099FEA44BA64AA548CE
:1093A00012210EF093FEDAF80430013357D0DAF8C8
:1093B0000830013331AE12AF53D03246394616ABC6
:1093C0005046FEF725F80028FFF6F6AD49D0D5E95E
:1093D0000102169B26930C332A9318900C2317A88E
:1093E0009DF85F70199231462793002629932890A3
:1093F000012326AA50462B972D972C96FFF7CEFADD
:1094000000287FF4D9AD1298DAF8043098421FD0C2
:10941000139ADAF808108A421AD0884218D0934278
:1094200016D0012201338AF840203FF47AAFDAF8EF
:10943000083001333FF475AF5046FEF7E9FE0028CF
:109440003FF46FAF0446B8E55A60AA689A607CE7BB
:109450006B68CAF80430AA68CAF80820E1E731AEA0
:1094600012AF394632465046FDF7FCFE0028FFF6A3
:10947000A3AD3FF456AF3146D5E9016000233B90E0
:109480001A4650463A96FFF789FA00283FF449AF4A
:10949000D8E7D5E90116DDE92D3227982F912899D3
:1094A0001190CDE92710DAF80000309642F0004222
:1094B00001332D932E92C3681091059498474FF075
:1094C000FF370126C1460446F8B114F1340F7FF48A
:1094D00005AD109BCAF82070012B7FF6FDAC119BE7
:1094E000012B7FF6F9AC27A95046FEF783FB044613
:1094F00000287FF4F3ACDAF80000279901230593E4
:10950000C368984704460028DFD10DF1B408102243
:1095100041460DA80D9702F0FDFCDAF80020279BCC
:10952000126A9342BFF433AF1025CDE900482246BA
:10953000029549465046FDF731FD04460028C4D146
:109540002E9B23F00043043B102B88BF0DF1C40871
:1095500030D9DAF80020119B126A9342BFF41DAF94
:10956000CDE901860095002259465046FDF7B4FB2F
:10957000044600287FF4B2AC012241460DA802F057
:10958000C9FCDAF80020279B126A9342BFF4FFAEB1
:109590002246CDE90186009549465046FDF7FEFC7E
:1095A0000446002891D12E9B23F000430135043B53
:1095B0009D42CED3DAF80020279B126A9342BFF473
:1095C000E6AE04220DA9CDE90051029249460022DF
:1095D0005046FDF7E3FC044600287FF476AFDAF846
:1095E0002010CAF814704B1C17D0DAF80000DAF813
:1095F0002830826900928468DAF82420A047044663
:1096000000287FF462AFDAF80030DAF828009A69AF
:10961000FF210EF073FECAF82070DAF8000003692B
:109620009847002861D004464FE700BFB80D0700F7
:10963000E40F0700D80D0700D40F0700DAF8043054
:10964000013379D0DAF80830013331AE0EAF75D07E
:109650003246394612AB5046FDF7DAFE041EFFF6DD
:109660003DAC6BD0D5E9012312981E900C302290AE
:1096700014920C2013AA9DF84F40159331461F9069
:1096800021902092002601231EAA5046239425945F
:109690002496FFF783F9044600287FF41FAC0E9848
:1096A000DAF80430984263D00F9ADAF808108A4248
:1096B0005ED088425CD093425AD0012201338AF8AE
:1096C00040203FF44DAEDAF8083001333FF448AEA5
:1096D0005046FEF79DFD0446002C3FF441AEFFF7D7
:1096E000FDBB6360AB68A3604FE62E9ADDF89C80FB
:1096F000319722F00042131F1C4640D0054607E078
:10970000013501221EA931A802F004FCAC4236D07A
:10971000DAF800301B6A9845BFF43FAE1EABCDE9C6
:10972000005302964346002259465046FDF7D4FAAC
:109730000028E5D0044640E431AE0EAF394632464B
:109740005046FDF78FFD041EFFF6C8AB3FF408AE90
:10975000D5E9014000233B9031461A4650463A94E1
:10976000FFF71CF90446002C3FF4FAADFFF7B6BB37
:109770006B68CAF80430AA68CAF808209DE7319AD5
:109780000D9B9A427FF4A5AE059D95B9DAF810407D
:10979000002C3FF4A3AB6068279B984278D0A26866
:1097A00028998A4274D0884272D0934270D024683B
:1097B000EEE7DAF8043001334BD0DAF80830013341
:1097C00031AE10AD47D03246294612AB5046FDF7B8
:1097D0001FFE041EFFF682AB3DD0129B1E93DDE9F7
:1097E00027420C339DF84F0022930C2314941592BA
:1097F00000241F93219323902590314613AD01231C
:109800001EAA504624942095FFF7C8F80446002865
:109810007FF464AB1098DAF80430984233D0119A90
:10982000DAF808108A422ED088422CD093422AD0EF
:10983000012201338AF84020A8D0DAF80830013339
:10984000A4D05046FEF7E4FC0446002C9ED0FFF75F
:1098500045BB31AE10AD294632465046FDF702FDFC
:10986000041EFFF63BAB91D0DDE9274000233B907F
:1098700031461A4650463A94FFF790F80446002CB9
:1098800084D0FFF72BBBDDE92732CAE90132CFE7ED
:109890006360289BA3608AE72DE9F04F2DED028BD2
:1098A000154653799279EE790433B1B013440A6ABC
:1098B00033440C46059322F000411433994204F1DD
:1098C00004038346079365D0D4E901012E68E36958
:1098D0000696059E0F90921BC4E901100133DBF838
:1098E00000000E91C4E9073200230893C36809956C
:1098F0009847A0460646E8B116F1340F3CD10E9BBE
:109900004FF0FF32012BCBF820203BD90F9B012BCE
:1099100038D907995846FEF76DF9064660BBDBF863
:109920000000D8F8041001230893C368984706463E
:109930000028E1D108F11C04DA464FF0FF33102271
:10994000214612A8129302F0E5FA5AF8202BD8F813
:109950000430126A934280F04B821025CDE90064F6
:109960003246029551465846FDF718FB044620B38F
:1099700010F1340FC3D00646304631B0BDEC028B37
:10998000BDE8F08F6FF03306304631B0BDEC028B8E
:10999000BDE8F08F19461AAAFDF764FC061EEBDB42
:1099A000229B002BC0F2E0806B79A979EA7904331D
:1099B0000B4413440593226A86E7D8F8203023F03D
:1099C0000043043BAB4242D90BF1140308EE103ABA
:1099D0002F460DF194091CB9069BBB4200F0A680EE
:1099E000DBF800200F9B126A934280F0FB8101227A
:1099F000CDE9019218EE101A009700225846FDF7A3
:109A00006BF906460028B7D10122494612A802F098
:109A100081FADBF80020D8F80430126A934280F013
:109A2000E7810122CDE90192009532465146584620
:109A3000FDF7B4FA064600287FF45EAF0137013522
:109A4000D8F8203023F00043043BAB42C3D8DBF806
:109A50000020D8F80430126A934280F0C9810422B1
:109A600012A9CDE900510292514600225846FDF755
:109A700095FA064600287FF43FAFDBF820104FF040
:109A8000FF339942CBF8143019D0DBF80000DBF833
:109A90002830826900928468DBF82420A0470646BB
:109AA00000287FF429AFDBF80030DBF828009A6942
:109AB000FF210EF023FC4FF0FF33CBF82030DBF812
:109AC000000003699847064600287FF415AFD8F8D0
:109AD0002030D8F8047023F0004A4FF0FF32BAF17A
:109AE000040A25920BF1140900F00D8105461AAC09
:109AF00008E001350122214625A802F00BFAAA450B
:109B000000F00181DBF800301B6A9F4280F06A811F
:109B10000123CDE9014300953B46002249465846C2
:109B2000FDF7DAF80028E4D0064625E7224621466C
:109B300012A802F0EFF9DBF80020D8F80430126A1E
:109B4000934280F05581CDE901440095224651466B
:109B50005846FDF723FA064600287FF4CDAEDDE92E
:109B6000052301249F186BE7226A2199D4E909048F
:109B700062F00042134023904A1CDDE91B01CDE94D
:109B80001B100D90DBF800002494CDE92123002365
:109B900005930C91C36898474FF0FF38012706469C
:109BA000F8B116F1340F7FF4E7AE0C9BCBF82080B0
:109BB000012B7FF6E7AE0D9B012B7FF6E3AE1BA9D1
:109BC0005846FEF717F8064600287FF4D5AEDBF8B6
:109BD00000001B9901230593C36898470646002897
:109BE000DFD121ADD946102229460AA8CDF8288018
:109BF00002F090F959F8202B1B9B126A934280F0D7
:109C0000F7801024CDE90065324602944946584653
:109C1000FDF7C4F906460028C3D1229B23F0004378
:109C2000043B102B33D90BF1140A0BADDBF80020E9
:109C30000D9B126A934280F0D580CDE901570094C4
:109C4000002251465846FDF747F8064600287FF4A3
:109C500093AE012229460AA802F05CF9DBF8002045
:109C60001B9B126A934280F0C3803246CDE90157B4
:109C7000009449465846FDF791F90646002890D1D0
:109C8000229B23F000430134043B9C42CED3DBF8FB
:109C900000201B9B126A934280F0AA8004220AA92A
:109CA000CDE900410292494600225846FDF776F977
:109CB000064600287FF475AFDBF82010CBF814803F
:109CC0004B1C17D0DBF80000DBF8283082690092CB
:109CD0008468DBF82420A047064600287FF461AFA3
:109CE000DBF80030DBF828009A69FF210EF006FB54
:109CF000CBF82080DBF8000003699847002800F0CB
:109D0000D18006464DE7259A129B9A427FF4F7AD23
:109D1000DDE908354446002B70D1DBF810301A46D7
:109D200072B1D2F804C061688C4557D09068A768BA
:109D3000B84253D0BC4551D081424FD01268EFE7B2
:109D4000DBF80C2022B34FF0FF370BE0D2F808E02D
:109D5000D4F808C0E64509D0614507D0704505D064
:109D60001268AAB1516860688142EFD1D168286851
:109D7000814230D0F4D9687995F806E095F807C0AB
:109D8000043070446044091AD1601268002AE9D195
:109D900063B9F1E59F68A06887420BD0824209D081
:109DA000B94207D01B68002B3FF4E6AD5A686168E2
:109DB0008A42EFD1D9682A689142F3D96A7995F835
:109DC00006C0EF799869043262443A44891A821ACB
:109DD000D9609A61E6E7C2E90177C1E75160A168FD
:109DE0009160ABE79B4B9C4A9C4812210EF06EF9A8
:109DF000984B9B4A99489C210EF068F9DBF8043097
:109E0000013379D0DBF80830013325AF0DF1380884
:109E100075D012AB3A4641465846FDF7F9FA00288C
:109E2000FFF682AE6BD0D4E9012312981A900C3061
:109E30001E9014920C2013AA9DF84FC0159339461A
:109E40001B9000271D901C9201231AAA5846CDF89A
:109E50007CC0CDF884C02097FEF7A0FD00287FF4D9
:109E600063AE0E98DBF80430984260D00F9ADBF8AE
:109E700008108A425BD0884259D0934257D00122C1
:109E800001338BF840203FF448AFDBF80830013352
:109E90003FF443AF5846FEF7BBF900283FF43DAF0F
:109EA000064669E5229DDDF86CA0CDF82C8025F0F2
:109EB00000450BF11403043D1E463FD004460DF14E
:109EC000940907E00134012249460BA802F022F868
:109ED000A54233D0DBF800301B6A9A4582D2CDE927
:109EE000019700945346002231465846FCF7F4FE91
:109EF0000028E7D006463FE525AF0DF1380841467A
:109F00003A465846FDF7AEF90028FFF60DAE3FF48D
:109F100004AF3946D4E9017000232F901A46584601
:109F20002E97FEF73BFD00283FF4F7AEB8E76368D5
:109F3000CBF80430A268CBF80820A0E7DDE90A32AC
:109F40009A427FF432AE059B93B9DBF81060002E85
:109F50003FF412AD70681B9B984276D0B2681C9992
:109F60008A4272D0884270D093426ED03668EEE753
:109F7000DBF8043001334AD0DBF80830013325AF79
:109F80000CAC46D03A4621460EAB5846FDF740FA97
:109F9000061EFFF6F1AC3CD00E9B1293DDE91B428E
:109FA0000C339DF83F0016930C23109411921393D9
:109FB00015931790199039460FAD0024012312AA6A
:109FC000584614951894FEF7E9FC064600287FF4DD
:109FD000D3AC0C98DBF80430984231D00D9ADBF802
:109FE00008108A422CD088422AD0934228D00122DD
:109FF00001338BF84020A8D0DBF808300133A4D01F
:10A000005846FEF705F90646002E9ED0B4E425AF6B
:10A010000CAC21463A465846FDF724F9061EFFF6D9
:10A02000ABAC92D0DDE91B4000232F9039461A4695
:10A0300058462E94FEF7B2FC0646002E85D09BE4CF
:10A04000DDE91B32CBE90132D1E773601C9BB360C1
:10A050008CE700BFB80D0700D40F0700D80D07002C
:10A06000E40F07002DE9F04F90F84030BBB00546F3
:10A07000059163B943680122013380F8402006D07E
:10A080008368013303D0FEF7C3F8044668B909AA10
:10A0900019A905AB2846FDF7F9F9821C044608D139
:10A0A00005982F210FF0E3F858B120463BB0BDE8EA
:10A0B000F08F002808BF6FF0100420463BB0BDE8C9
:10A0C000F08F2B681B6AAB6324A92846FDF7DCFAE6
:10A0D00004460028E9D1DDE92210259A2D91269920
:10A0E0002B9B0494CDE9251201332B932E900892DB
:10A0F00007914FF0FF3A4FF001082868C36898476E
:10A100000446B8B114F1340FCFD1079BC5F820A095
:10A11000012B40F2D580089B012B40F2D18025A96C
:10A120002846FDF767FD04460028BED10123259986
:10A130000493E2E72BAFA9461022394611A8CDF8C7
:10A1400044A001F0E7FE59F8202B259B126A9342A8
:10A1500080F0BF801026CDE900472246029649468E
:10A160002846FCF71BFF04460028CBD12C9B23F08C
:10A170000043043B102B30D905F1140B2FAF2A6894
:10A18000089B126A934280F09E80CDE90178009688
:10A19000002259462846FCF79FFD0446002884D13A
:10A1A0000122394611A801F0B5FE2A68259B126AE2
:10A1B000934280F08E802246CDE901780096494690
:10A1C0002846FCF7EBFE044600289BD12C9B23F08D
:10A1D00000430136043B9E42D1D32A68259B126A74
:10A1E000934276D2042211A9CDE900610292494638
:10A1F00000222846FCF7D2FE0446002882D1296AB4
:10A20000C5F814A04B1C12D02868AB6A8269009272
:10A2100084686A6AA047044600287FF473AF2B68FD
:10A22000A86A9A69FF210EF069F8C5F820A028688D
:10A2300003699847044600287FF464AF2C9B259F50
:10A24000CDF8BCA023F0004BBBF1040B05F11409C1
:10A250001BD006462B681B6A9F4234D20DABCDE95A
:10A260000063CDF808803B46002249462846FCF7AB
:10A2700033FD044600287FF418AF013601220DA9F2
:10A280002FA801F047FEB345E4D12F9A119B9A42C3
:10A290007FF43BAF049B002B42D12A69FAB154688A
:10A2A000259B9C4200F0898091682698814200F0AD
:10A2B0008480844200F081808B427ED01268EDE77A
:10A2C0006FF03304F1E64F4B4F4A504812210DF026
:10A2D000FDFE4C4B4E4A4D489C210DF0F7FE059B70
:10A2E0008DF82A20184640F622020493ADF8282063
:10A2F0000EF0EDFFDDE925648DF82B00049B0C9436
:10A3000009AA19A9284623940B962296FEF736FD32
:10A31000044600287FF4C9AE2B681B6AAB63C4E611
:10A320006B68013352D0AB6801332FAE07AF4FD00B
:10A33000324639460DAB2846FDF76AF8041EFFF693
:10A34000B4AE45D0DDE925400D9B11930C33159338
:10A3500010900C239DF83B000F94314612931493F8
:10A3600000241690189011AA0EAE012328461794C7
:10A370001396FEF713FB044600287FF496AE079869
:10A380006B6898421DD0089AA9688A4219D0884201
:10A3900017D0934215D00122013385F840203FF4B5
:10A3A0007CAFAB6801333FF478AF2846FDF730FF50
:10A3B0000446002C3FF471AF77E65360269B936010
:10A3C0007CE7DDE92532C5E90132E4E72FAE07AFCE
:10A3D000394632462846FCF745FF041EFFF665AEB7
:10A3E0003FF45BAFDDE925400023399031461A4642
:10A3F00028463894FEF7D2FA0446002C3FF44DAFBD
:10A4000053E600BFB80D0700D40F0700D80D0700B2
:10A41000E40F070070B5D0E9015386B0C1E90153DC
:10A42000019201AB02AA06460C46FDF72FF8A0B92F
:10A430009DF80C30222B12D104AA21463046FCF79D
:10A4400071FE50B9D4E901123369216162610E21B4
:10A450001022A161E2602360346106B070BD6FF02C
:10A460001300FAE7036943B1994202D107E0994228
:10A4700007D01A461B68002BF9D10020704700F165
:10A4800010020B6813600020704700BFF0B515463E
:10A490000E4689B004464C22284600210DF02EFFBE
:10A4A000B3690E2B4AD00F2B53D004AA3146204655
:10A4B000FCF716FF00285BD19DF8142002F07F0303
:10A4C000112B01D0222BF0D1110655D56268013233
:10A4D0000DD0A26801320AD006A92046FCF760FF21
:10A4E000002829DBE1D19DF8143003F07F038DF8BB
:10A4F000143021462B70112B51F8140B08BF079B09
:10A50000049A08BF6B609DF815C07368066A9DF8D1
:10A510001670101D6044B3429DF8172005F1080520
:10A5200038442BD2CDE90152009000222046FCF79E
:10A53000D3FB002808BF012009B0F0BD124A222336
:10A5400012882A812B70B36901200133B36109B0ED
:10A55000F0BD2B460D4A222103F8081B1188927882
:10A5600029819A70B36901200133B36109B0F0BD4C
:10A57000841C08BF0020DFE71346BAE7044B054AF6
:10A58000054812210DF0A2FDA0D7060004D7060051
:10A59000B80D0700D40F0700D80D07002DE9F043D0
:10A5A0001F4693B003F00303012B0C4601920546AE
:10A5B00003D090F84030002B70D002AA07A901AB5D
:10A5C0002846FCF763FF064600283FD19DF80C3073
:10A5D000222B00F09180BB0500F18B80DDE9082083
:10A5E00002996260049AA0600023C4E90637C4E9B6
:10A5F000031223627A05059B636106D5002B5FD1A8
:10A600004FF0FF320023C4E904232B68586B4FF04E
:10A61000FF32E262002857D0EB68002B5FD1606305
:10A62000E36903F003034FF0FF36012BE66205D028
:10A630002B68FF219A690DF061FEE662EB682360EA
:10A640000026EC60304613B0BDE8F083B01CF9D1B1
:10A65000DDF804802F2140460EF009FE0246002856
:10A66000F0D1F905EED540F6110340468DF80E20E5
:10A67000ADF80C300EF02BFE4FF0000943468DF87C
:10A680000F0002AA07A94FF0FF382846CDE9048938
:10A69000FEF774FB06460028A0D0D3E743680122EA
:10A6A000013380F8402088D08368013385D0FDF7DE
:10A6B000AFFD0646002880D0304613B0BDE8F083D9
:10A6C00047F48037E7619BE7E26902F00302012A61
:10A6D00008D0986902F02CFF60630028A0D16FF0C9
:10A6E0000B06AFE7586902F023FF6063002897D19B
:10A6F000F5E76FF01006A5E76FF01406A2E700BFBC
:10A700002DE9F04F2DED028BCC698FB004F00305DD
:10A71000012D0592079300F0B981670388468346AF
:10A7200000F10D81250500F11681A00340F1ED80B7
:10A73000079B002B00F0D88008F12C090693D8F86D
:10A740001C30990300F18980D8F82030002B40F0AC
:10A750006481DBF800100B6ACBF83830D8E9087355
:10A760000C930DAB08EE103A0BF114044FF0010AF4
:10A77000CDF8208018EE101A5846FDF73BFA002855
:10A780005ED10D99012940F29181DBF80000036A46
:10A79000994200F28B81C3689847002840F0AD8051
:10A7A000002F00F06581DBF80010D1F81C807D1EC1
:10A7B000A8F10806B542C0F01B81B5FBF6F00138E0
:10A7C00004910DF0D5FA0230A5EB8005B5FBF6F546
:10A7D00028460DF0CDFAA7EB800005FB1607B8451B
:10A7E000049900F0C380002F00F03F8100250DF197
:10A7F0002F0616E0DBF800200D9B126A934280F0D2
:10A800003F81CDE9016A0095224649465846FCF74A
:10A81000C5FB002871D10135BD4280F0EF80DBF827
:10A8200000100A6A0C9B934280F03A81CDE9016ADC
:10A830000095002221465846FCF74EFA0028D9D050
:10A84000DDF82080D8F81C3043F40023C8F81C3011
:10A850000FB0BDEC028BBDE8F08FDBF80010D8F82C
:10A860002870CD69AF423FF476AFD8F824300BF1B1
:10A870001404069A059EED1B954228BF15460EE06E
:10A8800010F1340FDED141465846FDF741FC002857
:10A89000D8D1D8F82870DBF80010D8F824300A6A2C
:10A8A0009A4240F2ED80CDE9016500972246494683
:10A8B0005846FCF773FB0028E2D1D8F82020D8F8DE
:10A8C0002830DBF800102A442B44096AC8F82020FD
:10A8D000C8F82830059A069BCBF838102A445B1B31
:10A8E000059206937FF42BAFD8F81C30079823F419
:10A8F0000023C8F81C30ABE7099F10F1340F9FD13B
:10A900004FF0FF33CBF8203034E7D8F82040D8F8A8
:10A9100014309C427FF60CAFC8F820300DAE0025F5
:10A9200001233246414658468DF83450FFF7E8FE81
:10A9300000288DDBD8F820309C42F1D8F8E64FF0A3
:10A94000FF3224F48023A603CA62CB6100F1858024
:10A950002205DAD51C46D8F81430D8F820209A42BF
:10A9600038BFC8F82030A003CFD5E1E6013595FA0D
:10A97000A5F3B3FA83F31846013304930A6A0997DF
:10A9800000250DF1300807460D9B93424FEA8506DE
:10A9900076D20422CDE901820096224649465846E5
:10A9A000FCF7FCFA0C9B0028A6D1AF4211D0DBF8D3
:10A9B0000020126A934273D20422CDE901820096EC
:10A9C000024621465846FCF787F900287FF438AF45
:10A9D0000C9B012B5DD9DBF800100A6A934258D812
:10A9E000049B0135AB42CFD1DDF820809F0009E008
:10A9F00047457FF4FBAE01230493BFE7DDF82080D9
:10AA0000DBF800100D9BC8E90937D8F81C20CD6988
:10AA100042F40032C8F81C202BE708F1280108F1A5
:10AA20002402CDE90121013B0093D8E904234946E2
:10AA30005846FCF719FA00287FF404AFDBF8003021
:10AA4000D8F834009A69FF210DF058FC4FF0FF331D
:10AA5000DBF80010C8F82C307DE600F03DF8002847
:10AA60007FF4F6AED8F81C405CE6DDF82080C9E73C
:10AA7000DDF820800D9BDBF80010C8E90937C4E73A
:10AA80000E4B0F4A0F489C210DF020FB6FF0080081
:10AA9000DEE60D4B0D4A0B4840F2D3410DF016FB9C
:10AAA000064B0B4A074812210DF010FB094B074AD1
:10AAB000044840F28C410DF009FB00BFB80D0700BF
:10AAC000E40F0700D80D0700480E07000410070028
:10AAD000D40F0700900E07002DE9F0430D4693B008
:10AAE000064600F114072C22002104A8D5F8208086
:10AAF0000DF004FC97E807004FF0FF33D5E904C4DC
:10AB00000DF1480E73610EE90700296A6A69CDF8F4
:10AB1000308001209142CDF820C009940B901FD2C3
:10AB2000994601230DF10F0204A9304600F072F995
:10AB30000446002C4FF001030DF10F022946304668
:10AB40003ADBFFF7DDFD041E36DB7369013337D0D6
:10AB5000C6F814906A692B6ACDF83C909A42E0D806
:10AB600005F12C0918E030686B6B826900928468EB
:10AB70002A6BA04704463A46494630461CB9FCF7C2
:10AB80001FF9044658B114F1340F2946304613D149
:10AB9000FDF7BEFA044678B9E96A4B1CE3D1EB69CC
:10ABA000D5E9082123F4003343F480332961EB61B4
:10ABB0006A61C5F820800024204613B0BDE8F08308
:10ABC0002A6A6B699A42ACD3CAE700BFF0B5CB6979
:10ABD0000C4659039DB0054605D523F480234FF05C
:10ABE000FF32E361E2629A0309D521462846FFF766
:10ABF00073FF024610B110461DB0F0BDE36903F4C7
:10AC00001023B3F5803F03D0002210461DB0F0BDE5
:10AC100063680133F8D0A3680133F5D0221D11A970
:10AC20002846FCF77FFA02460028E4D12946129B09
:10AC300051F8140B0692076AE068059006AEBB4215
:10AC4000C6E901222CD20C27CDE90006029728463E
:10AC5000FCF742F802460028CDD19DF81830112BA0
:10AC600024D1059B0B9603F10C060A9728460C97F6
:10AC70009DF81B5027690F9209930D9609AA6669E2
:10AC8000079711A9012308960E951095FDF786FEEA
:10AC900002460028AFD1E36923F48033E361AAE7D9
:10ACA000064B074A074812210DF010FA064B074AD7
:10ACB000044840F213610DF009FA00BFB80D070017
:10ACC000D40F0700D80D0700C00E070014100700AE
:10ACD0002DE9F041CB690C4659039CB0054605D5DA
:10ACE00023F480234FF0FF32E361E2629A0321D51F
:10ACF00021462846FFF7F0FE0646D0B1EB6843B187
:10AD00009C4202D16AE09C426AD019461B68002B23
:10AD1000F9D1A3692BB11B681BB130461CB0BDE84B
:10AD2000F0812B685B6B002BF7D1606B02F014FC99
:10AD3000F3E7E36903F41023B3F5803F01D0002665
:10AD4000DCE763680133FAD0A3680133F7D011A9B7
:10AD5000221D2846FCF7E6F906460028CED12946F2
:10AD6000129B51F8142B0696106AE268059206AF02
:10AD70008342C7E9016636D24FF00C08CDE90027BF
:10AD8000CDF8088032462846FBF7A6FF0646002885
:10AD9000B4D19DF81830112B2BD1059B22690F904F
:10ADA00060699DF81B600B97099303F10C070792EC
:10ADB000089011A9012309AA28460E961096CDF8ED
:10ADC0002880CDF830800D97FDF7E8FD0646002875
:10ADD00094D1E36923F48033E3618FE705F10C013B
:10ADE00023680B6095E7064B064A074812210DF0D1
:10ADF0006DF9064B064A044840F213610DF066F9FE
:10AE0000B80D0700D40F0700D80D0700C00E0700CB
:10AE1000141007002DE9F04F0D46C96901F0030435
:10AE2000022C87B04FD08046880317461E464FD469
:10AE30002A6A69698A425CD2A1EB0209B1454B4694
:10AE400028BF33460593002B57D01E4605F12C0929
:10AE500005F1280B05F1240A1FE0D8F80000A96AC3
:10AE6000C469A1421CD0641A026A6B6AB44228BF4A
:10AE70003446934245D20091CDE9017400224946FF
:10AE80004046FBF729FF00BB2A6AAB6A22442344F1
:10AE9000361B27442A62AB622FD0EB695B03DCD4FC
:10AEA000CDE901AB0092D5E9042349464046FBF7C2
:10AEB000DBFF50B9EB69D8F80000A96AC46943F414
:10AEC0008023EB61CFE76FF0080007B0BDE8F08F9B
:10AED0004A0305D521F480214FF0FF32E961EA628F
:10AEE00029464046FFF7F8FD0028A1D007B0BDE88D
:10AEF000F08F002007B0BDE8F08F059807B0BDE8DF
:10AF0000F08F034B034A044812210DF0DFF800BF15
:10AF1000B80D0700D40F0700D80D0700F8B50C4690
:10AF2000C96916464A0307461D4605D521F4802106
:10AF30004FF0FF33E161E3628B0305D538462146CC
:10AF4000FFF7CAFD00B1F8BD2DB1012D0CD0022DC7
:10AF500004D0206AF8BD26623046F8BD002E606934
:10AF600005DB30442062F8BD002E206AF9DA724217
:10AF70008242F6D96FF01500F8BD00BF086A70472D
:10AF8000CB699B0305D5086A4B69984238BF1846C0
:10AF900070474869704700BFF0B597B015460591F6
:10AFA00005AB07AA0BA90646FCF770FA044610B1D8
:10AFB000204617B0F0BD4C22014628460DF09EF900
:10AFC0009DF820302B70112B04BF0A9B6B607268B8
:10AFD000099B934223D00A98B16888421FD08B42C4
:10AFE0001DD082421BD03146079A51F8143B9DF880
:10AFF00021701C6A0C9B9DF8220004323A44A34243
:10B00000024405F108059DF823000ED2CDE9015058
:10B01000009230460022FBF75FFE0446C8E7064B6D
:10B020001B882B81204617B0F0BD044B044A05480D
:10B0300012210DF04BF800BFFCC80600B80D070048
:10B04000D40F0700D80D07002DE9F04F90F84030DD
:10B05000BBB00546059183B943680122013380F8EE
:10B0600040200AD08368013307D0FDF7D1F80446A9
:10B0700018B120463BB0BDE8F08F09AA19A905AB6D
:10B080002846FCF703FA04460028F2D19DF8283040
:10B09000222B00F0D08009AA19A92846FEF7FCFB54
:10B0A00004460028E5D19DF82830222BE1D119AAC9
:10B0B00025A92846FCF7D6F8041EDADB00F00B8140
:10B0C000DDE92D40209B2390DDE91A212868229498
:10B0D0000133209300230493CDE91A12C368089228
:10B0E000079198474FF0FF3A4FF001080446E0B14E
:10B0F00014F1340FBDD1079BC5F820A0012B40F2FD
:10B10000A480089B012B40F2A0801AA92846FCF7D6
:10B1100071FD04460028ACD128681A9901230493D4
:10B12000C368984704460028E2D120AFA946102200
:10B13000394611A8CDF844A000F0ECFE59F8202BB8
:10B140001A9B126A934280F03A811026CDE900479B
:10B150002246029649462846FBF720FF044600286F
:10B16000C6D1219B23F00043043B102B31D905F1BC
:10B17000140B2FAF2A68089B126A934280F0258136
:10B18000CDE901780096002259462846FBF7A4FD38
:10B19000044600287FF46DAF0122394611A800F063
:10B1A000B9FE2A681A9B126A934280F008812246EF
:10B1B000CDE90178009649462846FBF7EFFE0446A4
:10B1C000002895D1219B23F000430136043B9E4289
:10B1D000D0D32A681A9B126A934280F0F08004222E
:10B1E00011A9CDE900610292494600222846FBF7E9
:10B1F000D5FE044600287FF47BAF296AC5F814A069
:10B200004B1C12D02868AB6A8269009284686A6A13
:10B21000A047044600287FF46BAF2B68A86A9A69A0
:10B22000FF210DF06BF8C5F820A028680369984746
:10B2300070B104465CE70BAA24A92846FBF772FF0D
:10B24000044600283FF427AF13E76FF0330410E7FC
:10B25000219FDDF868B0CDF8BCA027F0004705F1CC
:10B260001403043F1C461DD006460DF1340907E0C7
:10B270000136012249462FA800F04CFEB74211D0FA
:10B280002B681B6A9B4580F0A080CDE90198009651
:10B290005B46002221462846FBF71EFD0028E7D02A
:10B2A0000446E6E62F9A119B9A427FF424AF049B52
:10B2B000C3B92C69002C3FF4DCAE60681A9B98423D
:10B2C0005AD0A2681B998A4256D0884254D09342E1
:10B2D00052D02468EEE7404B404A414840F26E713C
:10B2E0000CF0F4FE6B6801334FD0AB6801332FAE26
:10B2F00007AF4CD0324639460DAB2846FCF788F8EC
:10B30000041EFFF6B6AE42D0DDE91A400D9B119344
:10B310000C33159310900C239DF83B000F9431468D
:10B320001293149300241690189011AA0EAE0123C4
:10B33000284617941396FDF731FB044600287FF446
:10B3400098AE07986B6898421AD0089AA9688A4202
:10B3500016D0884214D0934212D00122013385F8CE
:10B360004020A6D0AB680133A3D02846FCF750FF9D
:10B370000446002C9DD07CE663601B9BA360A8E77D
:10B38000DDE91A32C5E90132E7E72FAE07AF3946EA
:10B3900032462846FBF766FF041EFFF66AAE88D0E9
:10B3A000DDE91A400023399031461A462846389480
:10B3B000FDF7F4FA0446002C3FF47BAF59E6094B45
:10B3C000094A07489C210CF081FE064B074A0448B5
:10B3D00012210CF07BFE00BFE00E070024100700D6
:10B3E000D80D0700B80D0700E40F0700D40F0700C1
:10B3F0002DE9F04F2DED028B8B6A0160C5B004463C
:10B40000002B00F09780C361C86A002800F09E807E
:10B41000A0628A69FF210CF071FF4FF0FF332268B0
:10B4200023626361536AD90640F02783002B00F042
:10B430001D83106B002800F09280E063D2E9055173
:10B44000B1FBF5F305FB1313002B40F0FA82D7692B
:10B45000B7FBF1F501FB1575002D40F000834FF0AF
:10B46000FF36A7F10803B6FBF3F33344B3FA83F3D3
:10B47000C3F12003B7EB830FC0F0EA82526A256163
:10B480002946C4E90265D20884F8405066600CF091
:10B4900035FF2368E562D3E90823934228BF1346AA
:10B4A000C4E90C35A26322A92046FCF7EDF8054655
:10B4B00078B123689A6A002A63D0DA6A002A5BD0DE
:10B4C0001B6B002B54D0284645B0BDEC028BBDE869
:10B4D000F08F2DA92046FCF7D7F805460028E8D1C3
:10B4E000DDE92E21349B0E92CDE92E12013304901A
:10B4F00034930D914FF001092068C36898470546C1
:10B50000002843D015F1340FD3D10D9B2662012BB7
:10B510000DD90E9B012B0AD92EA92046FCF76AFBF8
:10B5200005460028C5D101232E990493E4E76FF066
:10B530003305BEE7486901F0FBFFE061002800F039
:10B54000DF802168C86A00287FF462AF886901F053
:10B55000EFFFA062002800F0D380216859E7D808E7
:10B5600001F0E6FFE063002800F0CA80226865E78A
:10B57000E06B01F0F1FFA6E7A06A01F0EDFF2368A0
:10B580009EE7E06901F0E8FF236896E734AFA24642
:10B590001022394609A8099600F0BCFC5AF8202B65
:10B5A0002E9B126A934280F07D824FF01008CDE905
:10B5B00000572A46CDF8088051462046FBF7EEFC9E
:10B5C000054600289ED1359B23F00043043B102BF9
:10B5D000474633D904F1140B0DF1280822680E9B5D
:10B5E000126A934280F06482CDE9018900970022BB
:10B5F00059462046FBF770FB054600287FF459AFFB
:10B600000122414609A800F085FC22682E9B126A9F
:10B61000934280F047822A46CDE90189009751463E
:10B620002046FBF7BBFC054600287FF46BAF359B3B
:10B6300023F000430137043B9F42CFD322682E9B67
:10B64000126A934280F02E82042209A9CDE900718A
:10B650000292514600222046FBF7A0FC0546002836
:10B660007FF450AF216A66614B1C11D02068A36A39
:10B67000826900928568626AA847054600287FF4BF
:10B6800041AF2368A06A9A69FF210CF037FE266259
:10B69000206803699847054600287FF433AF359B3F
:10B6A000DDF8B8B00A9623F0004304F11402043B1D
:10B6B00008EE102A3CD01D46234608EE90AA38AF6B
:10B6C00092460446984607E00134012239460AA80A
:10B6D00000F020FCA54228D0D8F800301B6A9B451A
:10B6E00080F0E681CDE9017900945B460022514665
:10B6F0004046FBF7F1FA0028E6D005464446D8E676
:10B7000023689A6A002A00F0C881DA6A002A00F0E9
:10B71000BF811B6B002B00F0B7816FF00B05284633
:10B7200045B0BDEC028BBDE8F08F18EE90AA444600
:10B73000DDE909329A427FF4E8AE049B002B40F029
:10B74000168225698DB168682E9B984200F0B681FB
:10B75000AA682F998A4200F0B181884200F0AE8138
:10B76000934200F0AB812D68ECE7A74A23688DF87F
:10B770006A50082641F22E47ADF868708DF86B606C
:10B7800092E80300D3E907261D9220AA82E803006D
:10B790002F9A06954FF001102E9D1E9634211026EB
:10B7A000A2601C922C9202221F9065601B952B9523
:10B7B00019962A914FF0010904921846DDE92331C8
:10B7C000299A0C93CDE92313013200230793299280
:10B7D000C3680B9198470546D8B115F1340F7FF433
:10B7E00068AE0B9B4FF0FF32012B226232D90C9BCB
:10B7F000012B2FD923A92046FCF7FCF9054628BBCD
:10B800002068239901230793C368984705460028B9
:10B81000E3D129AF4FF0FF331022394611A811931D
:10B8200000F078FB2268239B126A934280F03A81F1
:10B830001026CDE900572A46029651462046FBF7CE
:10B84000ADFB18B310F1340FCBD0054615F1340F12
:10B850007FF42FAE049B012B14D1069B002B3FF4E9
:10B8600066AE22A90026012738AA2046CDE938670E
:10B87000FBF758FC054600287FF41BAE23681A6AC4
:10B88000A26317E601232068049397E72A9B23F01D
:10B890000043043BB34259D918EE108A37460DF1E4
:10B8A000E00B05902FE022680C9B126A934280F017
:10B8B000FF80CDE901B90097002241462046FBF701
:10B8C0000BFA05460028C1D10122594611A800F003
:10B8D00021FB2268239B126A934280F0E3802A4670
:10B8E000CDE901B9009651462046FBF757FB0546C6
:10B8F00000287FF472AF013701362A9B23F0004302
:10B90000043B9E4222D2059B002BCCD1102FCAD1E2
:10B910001AAD2022294611A800F0FCFA2268239BC8
:10B92000126A934280F0BE802021CDE90065029129
:10B93000059A51462046FBF731FB054600287FF467
:10B940004CAF0123203630270593D6E72268239B8E
:10B95000126A934280F0A680042211A9CDE9006109
:10B960000292514600222046FBF718FB05460028AC
:10B970007FF433AF216A4FF0FF339942636113D0F4
:10B980002068A36A826900928568626AA8470546B2
:10B9900000287FF422AF2368A06A9A69FF210CF087
:10B9A000ADFC4FF0FF3323622068036998470546DA
:10B9B00000287FF412AF2A9BDDF88C8023F0004B27
:10B9C0004FF0FF32BBF1040B38921FD018EE105A23
:10B9D00007460DAE07E001370122314638A800F0D6
:10B9E00099FABB4512D023681B6A984560D2CDE90D
:10B9F000016900974346002229462046FBF76CF96F
:10BA00000028E8D0054621E7C80F0700389A119BA7
:10BA10009A427FF4E6AE079B002B57D123696BB1A6
:10BA20005D68239A95424DD099682498814249D007
:10BA3000854247D08A4245D01B68F0E70123069330
:10BA400008E7914B914A924840F61F010CF03EFBEB
:10BA5000904B8E4A8E4840F623010CF037FB8E4BFC
:10BA60008A4A8B484FF402610CF030FB8B4B874ABB
:10BA7000874840F614010CF029FB894B834A84481F
:10BA800040F613010CF022FBE06B01F065FD44E68B
:10BA9000A06A01F061FD23683BE6E06901F05CFD0E
:10BAA000236832E67F4B804A79489C210CF00EFBDC
:10BAB0007C4B7E4A764812210CF008FB6B602F9B72
:10BAC000AB6050E65A60249A9A60B5E76368013328
:10BAD00000F09F80A368013338AE0BAF00F09B806D
:10BAE000324639460DAB2046FBF792FC051EFFF6A9
:10BAF000ADAE00F09080DDE923030D9D11950C356E
:10BB000015950F900C259DF83B001093314612952A
:10BB1000149516900025189011AA0EAE0123204608
:10BB200017951396FCF73AFF054600287FF48EAE72
:10BB30000B986368984267D00C9AA1688A4263D0D8
:10BB4000884261D093425FD04FF00102013384F804
:10BB500040203FF463AFA36801333FF45FAF20465A
:10BB6000FCF756FB0546002D3FF458AF6EE66368C0
:10BB700001336ED0A368013338AE0DAF6BD03246BF
:10BB8000394611AB2046FBF743FC051EFFF691AC8E
:10BB900061D0DDE92E02119B19930C331D93139094
:10BBA0000C2312A89DF84B50149231461A931C9303
:10BBB0001B900026012319AA20461E9520951F964A
:10BBC000FCF7ECFE054600287FF473AC0D98636823
:10BBD000984239D00E9AA1688A4235D0884233D033
:10BBE000934231D00122013384F840203FF4A9ADC3
:10BBF000A36801333FF4A5AD2046FCF709FB0546D9
:10BC0000002D3FF49EAD54E4DDE92332C4E9013256
:10BC10009AE738AE0BAF394632462046FBF722FB97
:10BC2000051EFFF613AE3FF4F9AEDDE92350002305
:10BC3000429031461A4620464195FCF7AFFE054634
:10BC4000002D3FF4EBAE01E6DDE92E32C4E901320E
:10BC5000C8E738AE0DAF394632462046FBF702FB47
:10BC6000051EFFF626AC3FF46CADDDE92E50002337
:10BC7000429031461A4620464195FCF78FFE054614
:10BC8000002D3FF45EAD14E41C0F070030100700D8
:10BC9000D80D07007C0F07004C0F0700040F0700AA
:10BCA000E40E0700B80D0700E40F0700D40F0700EB
:10BCB000F0B58B6A01609BB00446002B7CD0C36159
:10BCC000C86A002800F08380A0628A69FF210CF016
:10BCD00015FB4FF0FF33216823626361486AC30696
:10BCE00040F0C380002800F0D5800B6B002B75D08E
:10BCF000E363D1E90503B3FBF0F200FB1232002A43
:10BD000040F0C180C869B0FBF3F203FB1202002AC5
:10BD100040F0B2804FF0FF35A0F10803B5FBF3F31C
:10BD20002B44B3FA83F3C3F12003B0EB830FC0F0CD
:10BD300085800B6AA363C4E90155C4E90322C4E901
:10BD40000B2284F8402062630026012704AA0FA971
:10BD50002046CDE90467FBF7E5F9054660B12368A5
:10BD60009A6A002A46D0DA6A002A3ED01B6B002B62
:10BD700045D028461BB0F0BD2146109B51F8142B2E
:10BD8000126A934280F08D802020029007AE10202E
:10BD9000CDE900062A462046FAF79EFF0546002810
:10BDA000DDD1DDE90810424B0D9A9A42C4E9011039
:10BDB00029D06FF03305D2E7486901F0B9FBE061A3
:10BDC000002831D02168C86A00287FF47DAF8869D7
:10BDD00001F0AEFBA06238B3216876E7C00801F03D
:10BDE000A7FBE06300B3216883E7A06A01F0B4FB1E
:10BDF0002368BBE7E06901F0AFFB2368B3E7E06BC2
:10BE000001F0AAFBB5E70E9AA3F18773A3F580634F
:10BE10009A42CED10C9B1A0C012A02D19BB2012B63
:10BE2000A7D96FF015059AE723689A6AC2B1DA6A52
:10BE30008AB11B6B4BB16FF00B059AE71D4B1E4A85
:10BE40001E4840F623010CF041F9E06B01F084FB41
:10BE50006FF00B058DE7A06A01F07EFB2368E8E731
:10BE6000E06901F079FB2368E1E7154B124A1348BA
:10BE700040F613010CF02AF9124B0F4A0F484FF409
:10BE800002610CF023F9104B0B4A0C4840F61F01DD
:10BE90000CF01CF90D4B084A084840F614010CF050
:10BEA00015F90B4B0B4A054812210CF00FF900BF96
:10BEB0006C6974747C0F070030100700D80D070000
:10BEC000E40E07004C0F07001C0F0700040F0700CB
:10BED000B80D0700D40F070003689A6A10B504462E
:10BEE0002AB1DA6A52B11B6B7BB1002010BDC06968
:10BEF00001F032FB2368DA6A002AF4D1A06A01F06B
:10BF00002BFB23681B6B002BEFD1E06B01F024FBB4
:10BF1000002010BDE2B170B4561E0E4D02680E44F2
:10BF20004C1E14F8013F83EA020101F00F01A64202
:10BF300055F8211081EA121282EA131303F00F035D
:10BF400055F8233083EA1212EBD170BC02607047BF
:10BF5000704700BF3C10070010B5034B0360044658
:10BF6000FAF7BAFA204610BD8410070010B5054B49
:10BF700003600446FAF7B0FA204603F0D3FD2046EA
:10BF800010BD00BF8410070008B500F0B5F900200F
:10BF900008BD00BF70B501F5ED51CC0182B004F1D0
:10BFA0008006FF25012220460DF1070114448DF87B
:10BFB000075000F0A7F9A642F4D1002002B070BDEE
:10BFC00008B501F5ED5102EBC110029A194600F0D7
:10BFD00099F9B0FA80F04009404208BD08B501F572
:10BFE000ED5102EBC1111846029A00F0A3F90028A6
:10BFF000CCBF00200120404208BD00BF38B5002161
:10C000000546FAF789FA98B94FF46D24204604F5ED
:10C01000805400F09BF958B1B4F5742FF6D128463E
:10C02000FAF79CFA28460021BDE83840FAF774BABE
:10C0300038BD00BF10B5074C07492046FAF754FA3F
:10C04000064B23602046064A0649BDE8104009F029
:10C050006DB900BFFC450120CC62002084100700B0
:10C060000060002059BF05002DE9F04F83B0019317
:10C07000002B37D0DFF8749005460E4690461F46D9
:10C08000C6F30B0ACAF58054296906EA090BBC42BB
:10C0900028BF3C46594526441BD04B1C4FF48052C8
:10C0A00008460ED0EB681BB16969984748B9296901
:10C0B0002B6808469847D5E904016B684FF4805215
:10C0C0009847AB686869C5F810B059464FF480527C
:10C0D000984768694146224650440CF0E7F83F1BF8
:10C0E000A044CDD1019803B0BDE8F08F00F0FFFF70
:10C0F00010B504460069431C12D0E3682BB1616996
:10C100004FF48052984740B9206923689847D4E992
:10C11000040163684FF4805298474FF0FF33236166
:10C1200010BD00BF2DE9F84307691D467B1C06467C
:10C130008846144605D097420BD807F580539A429B
:10C1400030D3B368214640462A4698472846BDE882
:10C15000F88353199F42F4D207F580539A42F0D2E4
:10C16000A7EB04094A462146B3684046E71B9847B7
:10C170007A1908EB09004FF4805C0021624528BF62
:10C1800062467369174619444F440CF08FF8BD425C
:10C19000DCD9B368E11908EB0700EA1B9847284689
:10C1A000BDE8F883A7EB040C0CF5805CE11B2A4684
:10C1B00040464FF00009E1E729DF704728DF70476C
:10C1C00012DF704708B50CF063F8B0FA80F0400950
:10C1D00008BD00BF10B514460CF068F8204610BD2D
:10C1E000F0B583B0074600230DF1070016460C4654
:10C1F000D5088DF80730FFF7E3FF01E001F04CF9B7
:10C200002A4621463846FFF7D7FF112803464FF04C
:10C210000100F3D0D3B99DF80730D3B907EB560727
:10C2200004EB560401E001F037F92A46214638466E
:10C23000FFF7C2FF112803464FF00100F3D02BB9DE
:10C240009DF8073063B9304603B0F0BD002003B05D
:10C25000F0BD084B4FF0FF31186801F01FFEDDE71D
:10C26000044B4FF0FF31186801F018FE304603B060
:10C27000F0BD00BFA056012030B5184D296883B02D
:10C280000446D9B1240B01E001F006F92046FFF77E
:10C2900095FF112803464FF00100F5D013B100209F
:10C2A00003B030BD0DF107008DF80730FFF788FFB0
:10C2B0009DF807304BB9012003B030BD0A2001F0D2
:10C2C000CBF928600028DDD1E9E728684FF0FF317D
:10C2D00001F0E4FD012003B030BD00BFA0560120F5
:10C2E000044B186820B100231A46194601F0E6B93C
:10C2F000704700BFA05601200148FFF7F9BE00BFFC
:10C300000463002010B4094CA0420AD3B0F5742F86
:10C3100007D213465DF8044B0A4601460448FFF76E
:10C32000A3BE4FF0FF305DF8044B70470070020071
:10C330000463002010B40C4613460146224602480E
:10C340005DF8044BFFF7EEBE0463002030B5184DD6
:10C35000296883B00446D9B1240B01E001F09CF8B0
:10C360002046FFF72BFF112803464FF00100F5D0C0
:10C3700013B1002003B030BD0DF107008DF8073078
:10C38000FFF71EFF9DF807304BB9012003B030BD09
:10C390000A2001F061F928600028DDD1E9E728686A
:10C3A0004FF0FF3101F07AFD012003B030BD00BF36
:10C3B000A056012008B501210E2004F03FFB012109
:10C3C0000E2004F0BFFB0021162004F037FB0121F2
:10C3D000192004F033FB0121192004F0B3FB0121E3
:10C3E0000B2004F02BFB01210B2004F0ABFB0121FF
:10C3F0000D2004F023FB01210D2004F0A3FB0121FB
:10C400000C2004F01BFBBDE8084001210C2004F0C7
:10C4100099BB00BFF8B5174682B105460E46002409
:10C4200002E00134A74207D02B6816F8011B1B68F5
:10C43000284698470028F4D12046F8BD1446FBE76B
:10C440002DE9F0410C46D9B10768804608460CF04A
:10C450003EFF7B68104A9342064615D1D0B10025B5
:10C4600004E00135AE4208D0D8F800703B6814F8FB
:10C47000011B404698470028F3D12846BDE8F081CB
:10C480000D462846BDE8F081024621464046BDE8FB
:10C49000F04118470546F0E715C405002DE9F041C5
:10C4A0000C46D9B10768804608460CF010FF7B683F
:10C4B000104A9342064615D1D0B1002504E001355B
:10C4C000AE4208D0D8F800703B6814F8011B404613
:10C4D00098470028F3D12846BDE8F0810D4628464C
:10C4E000BDE8F081024621464046BDE8F0411847CC
:10C4F0000546F0E715C4050003681B68184700BF30
:10C50000F0B50446C3B0CBB2134A8DED000B02A8C0
:10C510004FF480710CF0E8FD2368104A5D68954285
:10C52000064610D102AF002503E00135AE4207D028
:10C5300023681B6817F8011B204698470028F4D190
:10C54000284643B0F0BD024602A92046A84705464A
:10C55000284643B0F0BD00BF1011070015C4050008
:10C560002DE9F0470768DFF894A0D7F80490044657
:10C570000E4600293AD008460CF0A9FED145804667
:10C5800022D1002836D0002503E00135A8452768D0
:10C5900020D03B6816F8011B204698470028F4D1AC
:10C5A0002768D7F80490D14518D13B680D21204663
:10C5B000984730B1236820461B680A219847B8B1D4
:10C5C00002352846BDE8F087024631462046C84776
:10C5D00027680546D7F80490D145E6D0064920469D
:10C5E0000222C84705442846BDE8F0870D46DAE731
:10C5F0000135E6E70546D6E75C13070015C40500DC
:10C6000003680D4A70B55D6895420ED11B680D2117
:10C610000446984740B1236820461B680A21984782
:10C6200000280CBF0120022070BD2B460349BDE845
:10C6300070400222184700BF15C405005C130700B4
:10C640002DE9F0470768DFF894A0D7F80490044676
:10C650000E4600293AD008460CF039FED1458046F6
:10C6600022D1002836D0002503E00135A8452768EF
:10C6700020D03B6816F8011B204698470028F4D1CB
:10C680002768D7F80490D14518D13B680D21204682
:10C69000984730B1236820461B680A219847B8B1F3
:10C6A00002352846BDE8F087024631462046C84795
:10C6B00027680546D7F80490D145E6D006492046BC
:10C6C0000222C84705442846BDE8F0870D46DAE750
:10C6D0000135E6E70546D6E75C13070015C40500FB
:10C6E0002DE9F0410446C2B0CBB28DED000B214ADA
:10C6F000214F02A84FF480710CF0F6FC23685D68AE
:10C70000BD42064622D10DF10808002503E001359F
:10C71000AE42236807D01B6818F8011B20469847D3
:10C720000028F4D123685E68BE4218D11B680D2131
:10C730002046984730B1236820461B680A21984755
:10C74000B0B10235284642B0BDE8F081024602A9E8
:10C750002046A84723685E68BE420546E6D00749E2
:10C7600020460222B0470544284642B0BDE8F08189
:10C770000135E7E71011070015C405005C13070039
:10C780002DE9F0418AB000230546012A98BF0A220C
:10C790008DF8243009ACB1FBF2F602FB1610C3B2DF
:10C7A00009280F4603F130008ABF3733C3B2DBB22A
:10C7B000BA4204F8013D3146EDD92F6820460CF00D
:10C7C00086FD7B680F4A9342804612D168B10026ED
:10C7D00003E00136B04508D02F683B6814F8011B10
:10C7E000284698470028F4D1B04640460AB0BDE834
:10C7F000F0810246214628469847804640460AB0C6
:10C80000BDE8F08115C4050070B506460D462AB98D
:10C810000368BDE870401B68C9B218470A2A14466D
:10C820000ED100290DDA03682D211B689847224696
:10C830000346694230461C46FFF7A2FF204470BD04
:10C84000D2B2BDE87040FFF79BBF00BF70B5044691
:10C85000FFF7DAFF23680E4A5E68964205460DD15F
:10C860001B680D212046984730B1236820461B687D
:10C870000A21984748B10235284670BD054920462F
:10C880000222B0470544284670BD0135F4E700BFD9
:10C8900015C405005C13070070B50446FFF7B4FF2C
:10C8A00023680E4A5E68964205460DD11B680D212D
:10C8B0002046984730B1236820461B680A219847D4
:10C8C00048B10235284670BD054920460222B047CE
:10C8D0000544284670BD0135F4E700BF15C40500C6
:10C8E0005C13070032B9026810B413685DF8044B9A
:10C8F000C9B21847D2B2FFF743BF00BF32B90268CE
:10C9000010B413685DF8044BC9B21847D2B2FFF7F0
:10C9100037BF00BF12B903681B681847D2B2FFF7D0
:10C920002FBF00BF70B50446BAB90268C9B2136818
:10C9300098472368124A5E689642054616D11B68DE
:10C940000D212046984730B1236820461B680A21F4
:10C95000984790B10235284670BDD2B2FFF710FF5C
:10C960002368074A5E6896420546E8D00549204696
:10C970000222B0470544284670BD0135EBE700BFF1
:10C9800015C405005C13070070B50446B2B903680E
:10C990001B6898472368124A5D689542064616D17F
:10C9A0001B680D212046984730B1236820461B683C
:10C9B0000A21984790B10236304670BDD2B2FFF7D7
:10C9C000DFFE2368064A5D6895420646E8D00549C1
:10C9D00020460222A8470644304670BD0136EBE7E8
:10C9E00015C405005C13070070B50446BAB90268A7
:10C9F000C9B2136898472368124A5E689642054692
:10CA000016D11B680D212046984730B12368204677
:10CA10001B680A21984790B10235284670BDD2B2F2
:10CA2000FFF7AEFE2368074A5E6896420546E8D0E7
:10CA3000054920460222B0470544284670BD01350D
:10CA4000EBE700BF15C405005C13070070B5064690
:10CA50000D462AB90368BDE870401B68C9B2184783
:10CA60000A2A14460ED100290DDA03682D211B680D
:10CA7000984722460346694230461C46FFF780FE2F
:10CA8000204470BDD2B2BDE87040FFF779BE00BF50
:10CA900010B54FF48072002104460BF02FFC0023E8
:10CAA000C4E94033204610BD10B4D0E94024531CE3
:10CAB000DBB29C4218BF81545DF8044B18BFC0F82C
:10CAC000003170470023C0E940337047D0E940236C
:10CAD000934206D05A1CC35CD2B2C0F80421184657
:10CAE00070474FF0FF307047D0E94030181A48BF08
:10CAF00000F58070704700BFD0E94023934214BF17
:10CB0000C05C4FF0FF307047D0E940300133DBB2FA
:10CB1000181AB0FA80F04009704700BF8160704772
:10CB2000F8B51746E2B104460E46002500F0A8FC11
:10CB3000E06008E003F0B0FC00F0A2FCD4E90232AF
:10CB4000801A98420AD2236820461B699847002819
:10CB5000F0DB0135AF4206F8010BE7D12846F8BDFE
:10CB60001546FBE790F82302704700BF38B590F9EF
:10CB70001D32002B04460DDB5A09204820320121CA
:10CB800003F01F0301FA03F340F82230BFF34F8F85
:10CB9000BFF36F8F2369002101224FF48870C3F81F
:10CBA0000803C3F84411C3F858115A60DA6002E070
:10CBB00003F072FC2369D3F85821002AF8D0D3F887
:10CBC0004421002AF4D04FF0FF320025C3F800556D
:10CBD00004F11400C3F80C25C3F81425C3F8082584
:10CBE000C3F81025FFF76EFFD4F8240201F0D2FA43
:10CBF000C4F8245284F8235238BD00BF00E100E09D
:10CC00001430FFF771BF00BF1430FFF775BF00BFCE
:10CC10001430FFF75BBF00BF90F8233203B97047B1
:10CC200010B54FF0FF310446D0F8240201F036F978
:10CC30000023D4F824021A46BDE81040194600F03B
:10CC40003DBD00BF10B503680F4A5B6882B09342D8
:10CC50008DF8071012D104464FF0FF31D0F82402AE
:10CC600001F01CF99DF8073084F81D312269012379
:10CC70001846C2F84835936002B010BD01220DF18C
:10CC80000701984702B010BD8DCC05002DE9F04793
:10CC900016461AB30746884600F21D1A00254FF0C3
:10CCA0000109741BB4F5807F28BF4FF480744FF0E6
:10CCB000FF31D7F8240201F0F1F808EB0501224614
:10CCC00050460BF0F3FA25443B69AE42C3F84845A1
:10CCD000C3F80890E5D82846BDE8F08715462846F1
:10CCE000BDE8F087036870B51B6A744DAB4240F035
:10CCF000AE800A4690F823120446002940F09F8037
:10CD0000036990F81F02C3F80C0594F81E02C3F8DB
:10CD1000140594F82202012800F09D80C3F86C15D8
:10CD2000B2F5966F45D9B2F5166F40F29F80B2F515
:10CD3000965F40F29E80B2F5165F40F29C80B2F59D
:10CD4000615F40F29A80B2F5964F40F29880B2F55A
:10CD5000E14F40F2968047F612218A4240F29380DA
:10CD6000B2F5164F40F292804DF6C0218A4240F251
:10CD70009080B2F5614F40F28F80B2F5963F40F25D
:10CD80008E80B2F5E13F40F28C80B2F5613F40F217
:10CD90008B804B498A4240F28D80B2F5E12F40F200
:10CDA0008680B2F5612F94BF4FF070624FF08052D1
:10CDB00001E04FF49E2294F91D02C3F824250821B6
:10CDC00004F21D120025C3F800150028C3F84425FD
:10CDD00004F58E71C3F820514FF001024FF48875AD
:10CDE000C3F83415C3F838251A60C3F8045327DB99
:10CDF000344D410900F01F062B186031B24060200D
:10CE000045F8212083F8000394F91D32002B07DB3D
:10CE10002C4903F01F0001225B09824041F82320C6
:10CE200003220021012000F0D5FB00231A461946F9
:10CE3000C4F8240200F042FC012384F8233270BDC0
:10CE4000214A00F00F031A4460231376DCE7BDE8A3
:10CE500070400022184794F82012C3F8101594F877
:10CE60002112C3F80815C3F86C0559E74FF41D22C9
:10CE7000A1E7164A9FE7164A9DE7164A9BE7164A1E
:10CE800099E7164A97E74FF4000294E74FF41D0222
:10CE900091E74FF465028EE74FF46B028BE7104A7F
:10CEA00089E74FF0EB7286E74FF06C7283E74FF043
:10CEB000E86280E74FF080627DE700BFE5CE0500C5
:10CEC00090D0030000E100E0FCEC00E000B01300B3
:10CED0000050270000F03A0000A04E0000C075008E
:10CEE00000903A0190F82332002B40F0B08070B5EA
:10CEF0000369044690F81F02C3F80C0594F81E025B
:10CF0000C3F8140594F8220201284AD0B1F5966FAF
:10CF1000C3F86C2554D9B1F5166F40F2A080B1F575
:10CF2000965F40F29F80B1F5165F40F29D80B1F5AB
:10CF3000615F40F29B80B1F5964F40F29980B1F568
:10CF4000E14F40F2978047F61222914240F29480DE
:10CF5000B1F5164F40F293804DF6C022914240F257
:10CF60009180B1F5614F40F29080B1F5963F40F26B
:10CF70008F80B1F5E13F40F28D80B1F5613F40F225
:10CF80008C804A4A914240F28E80B1F5E12F40F206
:10CF90008780B1F5612F94BF4FF070624FF08052DF
:10CFA00010E094F82002C3F8100594F82102C3F8A9
:10CFB000080542F00102B1F5966FC3F86C25AAD8B6
:10CFC0004FF49E2294F91D02C3F82425082104F28F
:10CFD0001D120025C3F800150028C3F8442504F5E8
:10CFE0008E71C3F820514FF001024FF48875C3F8D9
:10CFF0003415C3F838251A60C3F8045328DB2C4DC8
:10D00000410900F01F062B186031B240602045F83E
:10D01000212083F8000394F91D32002B07DB2449FB
:10D0200003F01F0001225B09824041F82320032204
:10D030000021012000F0CEFA00231A461946C4F858
:10D04000240200F03BFB012384F8233270BD7047BB
:10D05000184A00F00F031A4460231376DBE74FF4FD
:10D060001D22AFE7144AADE7144AABE7144AA9E71B
:10D07000144AA7E7144AA5E74FF40002A2E74FF4C9
:10D080001D029FE74FF465029CE74FF46B0299E79E
:10D090000E4A97E74FF0EB7294E74FF06C7291E70E
:10D0A0004FF0E8628EE74FF080628BE790D003008C
:10D0B00000E100E0FCEC00E000B0130000502700AD
:10D0C00000F03A0000A04E0000C0750000903A0148
:10D0D00010B5114C2369D3F810213AB10022C3F8DE
:10D0E0001021D3F83C2572B901221A60D3F820210F
:10D0F00002B910BD0021D4F82402C3F82011BDE804
:10D10000104000F03FBD94F81C1104F11400FFF72B
:10D11000CBFC2369E8E700BFA456012038B50E4CCC
:10D120000E4A20464FF47A73002540F8142BC4E9C8
:10D130000153FFF7ADFC0A4B0A48D3E9063202213E
:10D14000A4F82252C4F82452206184F81D1284F8F5
:10D150001E2284F81F3238BDA4560120201107007A
:10D160008C1007000020004008B5094B1BB109488E
:10D17000EEF732FD48B9084B1BB10848FFF7B4FC85
:10D1800000B908BDAFF3008008BDAFF30080F2E73F
:10D19000000000002431012000000000B8560120EA
:10D1A0002DE9F84FDFF8FC81D8F8005004460F460F
:10D1B0001646ADB3202C04D826F480739A1E022A9A
:10D1C00002D90020BDE8F88F704A714D52F8241042
:10D1D00095F900000A0202F47C52C3F1050342EA09
:10D1E00003438142C6F3002243F0010337D10024F8
:10D1F000A60006F1804606F5C0462955D6F810155A
:10D200006448654D025521F0031121F47C510B4314
:10D21000012045F82470C6F81035A040BDE8F88F0D
:10D22000294620225C480BF069F8594A59495B4B62
:10D230000D604FF0FF30C2E9000040224D60C3F89E
:10D240008020BFF34F8FBFF36F8F6021C3F8802121
:10D2500083F806131A600123C8F80030AAE795F98D
:10D260000160B14205D095F902C0614503D10224A5
:10D27000BEE70124BCE795F903E071454AD095F972
:10D28000048041455CD095F9059049456ED095F9EB
:10D2900006A0514578D095F907B08B4501D10724F8
:10D2A000A6E7013023D13E48D0F8104514F003041E
:10D2B0001DD1A00000F1804000F5C0402955D0F8F4
:10D2C0001015354D21F0031121F47C510B43C0F8AA
:10D2D00010350023C0F800312E49314B45F8247039
:10D2E0000120A0400A55C3F80403BDE8F88F0136B9
:10D2F00006D12B48D0F81405800701D10124D8E7C6
:10D30000BCF1FF3F08D12648D0F81805860703D1A5
:10D310000224CEE703246BE7BEF1FF3F06D120488D
:10D32000D0F81C05840701D10324C2E7B8F1FF3F00
:10D3300008D11B48D0F82005800703D10424B8E7A2
:10D34000042455E7B9F1FF3F06D11548D0F824056C
:10D35000860701D10524ACE7BAF1FF3F08D1104898
:10D36000D0F82805840703D10624A2E705243FE767
:10D37000BBF1FF3F7FF425AF0948D0F82C058007AB
:10D380007FF41FAF072494E7062431E78C100700D1
:10D39000F4580120CC580120D458012000E100E0CD
:10D3A00000600040FC5801202DE9F0431B4B1C4F4E
:10D3B000D3F80463DFF86C80DFF86C9085B000254B
:10D3C0000123AC00AB4004F18044334204F5C04477
:10D3D0000FD0D4F8003163B1EB57013306D058F8C1
:10D3E00025201AB115F809307BB990470023C4F8FD
:10D3F00000310135082DE3D1BFF34F8F00BF00BFCF
:10D4000000BF00BF05B0BDE8F083002100910846D1
:10D4100003AB039103F020F9E8E700BF0060004090
:10D42000F4580120D4580120CC58012000B970478D
:10D430000BF0EABD884238B5054607DA0C1A0BF046
:10D4400007FE90FBF4F101FB14010D44284638BDA2
:10D45000FEE700BFD0B50B4686B0144657EC106B04
:10D460000246064901A80BF073FE32463B4601A96D
:10D4700020460BF06DFE204606B0D0BD4C110700D3
:10D4800008B501F015FA4FF47A73A0FB0323900A54
:10D4900040EA835008BD00BF014638B54FF47A72A8
:10D4A00000238002890D0AF04BFC044601F000FACB
:10D4B0000546EEF70FFB01F0FBF9431B9C4200D839
:10D4C00038BD2C44201ABDE8384001F029BB00BF0C
:10D4D00010B5044601F080FD022804D02046BDE8C6
:10D4E00010400AF073BE01F0DBF920460AF06EFE30
:10D4F000044601F085FA0CB1204610BD02F0DEFFB3
:10D50000FAE700BF10B5044601F066FD02280AD113
:10D5100044B101F0C5F920460AF060FEBDE81040B4
:10D5200001F06EBA10BD2046BDE810400AF056BEAC
:10D5300010B582B0019001F0B3F901980AF046FEEF
:10D54000044601F05DFA14B1204602B010BD02F0AD
:10D55000B5FF204602B010BD50B110B5044601F031
:10D560009FF920460AF03AFEBDE8104001F048BAA3
:10D57000704700BF38B51C469DF8105043B30029D2
:10D5800008BF1A460123C4E90F01226084F846301F
:10D5900002F07AF8D4E90F132268A26001FB03F1CC
:10D5A000CB1A134400200A44FF21A063E36084F8EF
:10D5B0004410626084F8451004F1100003F024FB6D
:10D5C00004F1240003F020FB02F068F884F84C50CA
:10D5D000204638BDF8B5064617460D4669B100FB32
:10D5E00001F05030FFF7A4FF044690B3002200F191
:10D5F000500380F84620036007E05020FFF798FFB3
:10D60000044630B384F846502460C4E90F6502F044
:10D610003BF8D4E90F132268A26001FB03F1CB1A97
:10D62000134400200A44FF21A063E36084F84410FF
:10D63000626084F8451004F1100003F0E5FA04F18B
:10D64000240003F0E1FA02F029F884F84C70204637
:10D65000F8BD00242046F8BDF8B5064650200D461A
:10D66000FFF766FF044630B300272060C66380F8EA
:10D670004670076402F008F8D4E90F322168A76306
:10D6800003FB02F39A1A0A440B44FF26C4E9013152
:10D69000E26084F8446004F1100084F8456003F00F
:10D6A000B3FA04F1240003F0AFFA01F0F7FF02230C
:10D6B000A56384F84C302046F8BD00BF2DE9F04743
:10D6C000044684B01F460192884600F1240601F00A
:10D6D000DBFFA26BE36BDFF840939A424FF0000A46
:10D6E0007CD3022F00F0E880019D002D00F0128114
:10D6F00002ADBAF1000F00F0DB8001F0CFFF01F0C6
:10D70000CFF801F0C1FF94F84430FF2B04BF002391
:10D7100084F8443094F84530FF2B04BF002384F88C
:10D72000453001F0BBFF284601A901F0FFFB0028AE
:10D7300040F0F68001F0A8FFA26BE36B9A4261D043
:10D7400001F0ACFF01F0A0FF94F845506DB2002D40
:10D7500005DC12E06B1E13F0FF0F5DB20DD0636AA3
:10D76000304653B101F084FB0028F3D001F012FCE5
:10D770006B1E13F0FF0F5DB2F1D1FF2384F845302B
:10D7800001F08CFF01F080FF94F844506DB2002D41
:10D7900015DD04F1100A04E06B1E13F0FF0F5DB2FB
:10D7A0000DD02369504653B101F062FB0028F3D03D
:10D7B00001F0F0FB6B1E13F0FF0F5DB2F1D1FF2300
:10D7C00084F8443001F06AFF01F01AF901F05CFFBF
:10D7D000A26BE36B9A424FF0010A82D2226CA56BD6
:10D7E000002A40F0E7802668002E00F0F98001351D
:10D7F000A563636A002B7CD101F050FF012004B0C7
:10D80000BDE8F08704F1100A01F048FF0199504685
:10D8100001F0B2FA01F038FF94F845506DB2002DD6
:10D8200005DC12E06B1E13F0FF0F5DB20DD0636AD2
:10D83000304653B101F01CFB0028F3D001F0AAFBE5
:10D840006B1E13F0FF0F5DB2F1D1FF2384F845305A
:10D8500001F024FF01F018FF94F844506DB2002D40
:10D8600005DC12E06B1E13F0FF0F5DB20DD02369D3
:10D87000504653B101F0FCFA0028F3D001F08AFBC6
:10D880006B1E13F0FF0F5DB2F1D1FF2384F844301B
:10D8900001F004FF01F0B4F8002897D14FF0805355
:10D8A000C9F8043040BFBFF34F8FBFF36F8F8DE7D0
:10D8B000284601F02FFB20E7226CA56B002A92D0AE
:10D8C0004146E0680AF0F2FC226CE36821689B1A8A
:10D8D0008B42E360C2F1000204D263681A44E26042
:10D8E000022F84D1002D83D10123A363636A002B0F
:10D8F00082D004F1240001F0BBFA00283FF47CAF91
:10D90000454B4FF080525A6040BFBFF34F8FBFF37B
:10D910006F8F71E701F0C2FE284604B0BDE8F087C2
:10D9200001F0B2FE94F845506DB2002D15DD04F102
:10D93000240604E06B1E13F0FF0F5DB20DD0636A86
:10D94000304653B101F094FA0028F3D001F022FBE5
:10D950006B1E13F0FF0F5DB2F1D1FF2384F8453049
:10D9600001F09CFE01F090FE94F844506DB2002D41
:10D9700015DD04F1100604E06B1E13F0FF0F5DB21D
:10D980000DD02369304653B101F072FA0028F3D06C
:10D9900001F000FB6B1E13F0FF0F5DB2F1D1FF230E
:10D9A00084F8443001F07AFE01F02AF8002004B037
:10D9B000BDE8F087414607BBA0680AF077FCA36882
:10D9C000216C62680B449342A360FFF410AF0135F1
:10D9D000A563636A2268A260002B3FF40DAF88E75D
:10D9E0006068013501F04EFBA563636A6660002B39
:10D9F0007FF47FAF002883D1FEE6E0680AF056FC92
:10DA0000226CE36821689B1A8B42E360C2F100023A
:10DA1000BFF466AF61E700BF00ED00E0F8B50C466B
:10DA200079B3002501232160C1E90F3581F8463023
:10DA3000064601F029FED4E90F322168A56303FBF5
:10DA400002F39A1A0A440B44FF27C4E90131E26049
:10DA500084F8447004F1100084F8457003F0D4F8A1
:10DA600004F1240003F0D0F801F018FEC4E90055D9
:10DA7000E56084F84C602B462A4629462046FFF78D
:10DA80001DFE2046F8BD00BF2DE9F043044683B0DB
:10DA900016469946EFF31188402282F31188806B75
:10DAA000E26B90421ED3022B05D0002088F3118830
:10DAB00003B0BDE8F08394F84550226CA76B6DB2BB
:10DAC00032BB2368002B47D001376B1CA76335D0CE
:10DAD00001356DB284F84550012088F3118803B0F8
:10DAE000BDE8F08394F84550226CA76B6DB2002A14
:10DAF000E7D0002B38D1A0680AF0D8FBA368216CCE
:10DB000062680B449342A36024BF2368A360DBE7F1
:10DB1000E0680AF0CBFB226CE0682168801A88423A
:10DB2000E060C2F1000205D261680A44E260B9F126
:10DB3000020FC9D1012F38BF0127C6E7636A002B46
:10DB4000CAD004F1240001F093F90028C4D0002EBB
:10DB5000C2D001203060A9E76068019301F092FA19
:10DB6000019B63600137B0E7E0680AF09FFB226C1D
:10DB7000E0682168801A8842E060C2F10002D6D2D3
:10DB8000D2E700BF10B582B0EFF31184402383F3D6
:10DB90001188836BC26B9A420FD990F845200133EC
:10DBA000FF2A836353B20DD001335BB280F8453056
:10DBB000012084F3118802B010BD002084F3118885
:10DBC00002B010BD436A002BF2D02430019101F065
:10DBD0004FF90028ECD001990029E9D00120086014
:10DBE000ECE700BF2DE9F043044685B00F460192F3
:10DBF00001F04AFDA56B002D40F02781019B002B11
:10DC000000F0D28002A801F085F9DFF88C8204F1DF
:10DC1000240601F043FD00F043FE01F035FD94F8C9
:10DC20004430FF2B04BF002384F8443094F845307F
:10DC3000FF2B04BF002384F8453001F02FFD01A91C
:10DC400002A801F073F900285BD101F01DFDA36B60
:10DC5000002B40F0AF8001F021FD0199304601F02A
:10DC60008BF801F011FD94F845506DB2002D05DCE4
:10DC700012E06B1E13F0FF0F5DB20DD0636A3046E9
:10DC800053B101F0F5F80028F3D001F083F96B1ED1
:10DC900013F0FF0F5DB2F1D1FF2384F8453001F09E
:10DCA000FDFC01F0F1FC94F844506DB2002D15DD3F
:10DCB00004F1100904E06B1E13F0FF0F5DB20DD0EC
:10DCC0002369484653B101F0D3F80028F3D001F09E
:10DCD00061F96B1E13F0FF0F5DB2F1D1FF2384F8E1
:10DCE000443001F0DBFC00F08BFE002853D14FF0F4
:10DCF0008053C8F8043040BFBFF34F8FBFF36F8F1E
:10DD000049E001F0C1FC94F845506DB2002D05DCEE
:10DD100012E06B1E13F0FF0F5DB20DD0636A304648
:10DD200053B101F0A5F80028F3D001F033F96B1ED0
:10DD300013F0FF0F5DB2F1D1FF2384F8453001F0FD
:10DD4000ADFC01F0A1FC94F844506DB2002D15DD3E
:10DD500004F1100904E06B1E13F0FF0F5DB20DD04B
:10DD60002369484653B101F083F80028F3D001F04D
:10DD700011F96B1E13F0FF0F5DB2F1D1FF2384F890
:10DD8000443001F08BFC00F03BFE01F07DFCA36B06
:10DD900053B101F083FC01F077FCA56B002D54D149
:10DDA000019B002B7FF435AF01F078FC002005B01B
:10DDB000BDE8F08301F072FC01F066FC94F8455078
:10DDC0006DB2002D05DC12E06B1E13F0FF0F5DB28B
:10DDD0000DD0636A304653B101F04AF80028F3D001
:10DDE00001F0D8F86B1E13F0FF0F5DB2F1D1FF23E5
:10DDF00084F8453001F052FC01F046FC94F84450A0
:10DE00006DB2002D15DD04F1100904E06B1E13F056
:10DE1000FF0F5DB20DD02369484653B101F028F8D9
:10DE20000028F3D001F0B6F86B1E13F0FF0F5DB2BF
:10DE3000F1D1FF2384F8443001F030FC00F0E0FD24
:10DE400001F022FCA56B002DAAD0226C52B1E16832
:10DE5000636811449942E16024BF2168E16038465B
:10DE60000AF024FA013DA56323692BB901F016FCE1
:10DE7000012005B0BDE8F08304F1100000F0F8FFC8
:10DE80000028F3D0044B4FF080525A6040BFBFF3DC
:10DE90004F8FBFF36F8FE9E700ED00E02DE9F0430E
:10DEA000044685B000F12406019101F0EDFBA36B5F
:10DEB000DFF8DC820027B946002B40F0D780019DB7
:10DEC000002D00F0418102ADB9F1000F00F0DE80BD
:10DED00001F0E4FB00F0E4FC01F0D6FB94F84430E0
:10DEE000FF2B04BF002384F8443094F84530FF2B07
:10DEF00004BF002384F8453001F0D0FB284601A977
:10DF000001F014F800285FD101F0BEFBA36B002BD9
:10DF100040F0C88001F0C2FB2368002B00F01B8199
:10DF20000199304600F028FF01F0AEFB94F845500F
:10DF30006DB2002D05DC12E06B1E13F0FF0F5DB219
:10DF40000DD0636A304653B100F092FF0028F3D041
:10DF500001F020F86B1E13F0FF0F5DB2F1D1FF232B
:10DF600084F8453001F09AFB01F08EFB94F84450A0
:10DF70006DB2002D15DD04F1100904E06B1E13F0E5
:10DF8000FF0F5DB20DD02369484653B100F070FF1A
:10DF90000028F3D000F0FEFF6B1E13F0FF0F5DB200
:10DFA000F1D1FF2384F8443001F078FB00F028FD24
:10DFB000002853D14FF08053C8F8043040BFBFF35E
:10DFC0004F8FBFF36F8F49E001F05EFB94F845502F
:10DFD0006DB2002D05DC12E06B1E13F0FF0F5DB279
:10DFE0000DD0636A304653B100F042FF0028F3D0F1
:10DFF00000F0D0FF6B1E13F0FF0F5DB2F1D1FF23D5
:10E0000084F8453001F04AFB01F03EFB94F844509F
:10E010006DB2002D15DD04F1100904E06B1E13F044
:10E02000FF0F5DB20DD02369484653B100F020FFC9
:10E030000028F3D000F0AEFF6B1E13F0FF0F5DB2AF
:10E04000F1D1FF2384F8443001F028FB00F0D8FC24
:10E0500001F01AFBA36BEBB101F020FB01F014FB04
:10E06000A36B4FF00109002B3FF429AF2268013B5D
:10E07000A363002A00F088802369002B74D101F08B
:10E080000DFB0127384605B0BDE8F083284600F0B7
:10E0900041FF1DE701F002FB002F4AD1384605B0D1
:10E0A000BDE8F08301F0FAFA01F0EEFA94F8455079
:10E0B0006DB2002D05DC12E06B1E13F0FF0F5DB298
:10E0C0000DD0636A304653B100F0D2FE0028F3D081
:10E0D00000F060FF6B1E13F0FF0F5DB2F1D1FF2364
:10E0E00084F8453001F0DAFA01F0CEFA94F84450A1
:10E0F0006DB2002D15DD04F1100904E06B1E13F064
:10E10000FF0F5DB20DD02369484653B100F0B0FE59
:10E110000028F3D000F03EFF6B1E13F0FF0F5DB23E
:10E12000F1D1FF2384F8443001F0B8FA00F068FC24
:10E1300094E701F0A9FA616A19B1236B1968C1F17A
:10E140000501606800F0CEFF01F0A8FA002738460C
:10E1500005B0BDE8F08301F097FA606800F04CFF6D
:10E16000074601F09BFADBE604F1100000F080FEA8
:10E17000002884D0064B4FF080525A6040BFBFF356
:10E180004F8FBFF36F8F7AE700F0E6FF606073E7B1
:10E1900000ED00E0104B5A68904208D0DA689042D7
:10E1A00008BF012204D090F8463093B17047002296
:10E1B000002110B403EBC20443F8321090F846304B
:10E1C000616013B15DF8044B70475DF8044BFFF7D5
:10E1D000C3B9FFF7C1B900BFF0650120074B1A684A
:10E1E0001AB19A6802B17047012210B403EBC2045D
:10E1F00043F8321060605DF8044B7047F065012011
:10E2000070B504460E46154601F03EFA94F84430C7
:10E21000FF2B04BF002384F8443094F84530FF2BD3
:10E2200004BF002384F8453001F038FAA36B002BBB
:10E2300045D001F029FA94F845506DB2002D15DD56
:10E2400004F1240604E06B1E13F0FF0F5DB20DD045
:10E25000636A304653B100F00BFE0028F3D000F0A3
:10E2600099FE6B1E13F0FF0F5DB2F1D1FF2384F80E
:10E27000453001F013FA01F007FA94F844506DB2FA
:10E28000002D15DD04F1100604E06B1E13F0FF0FE6
:10E290005DB20DD02369304653B100F0E9FD00288E
:10E2A000F3D000F077FE6B1E13F0FF0F5DB2F1D1DB
:10E2B000FF2384F84430BDE8704001F0EFB92A46EE
:10E2C000314604F1240000F093FDB2E72DE9F0415E
:10E2D000044601F0D9F9344A344D13680133136010
:10E2E0002B68002B30D0324E336833B3E36A3148A9
:10E2F000314907680A689F4238BF03602F480132DE
:10E3000003EB83030A6000EB8300E263211D02F04C
:10E310008BFC01F0C3F933686BB12A68E36AD26AF7
:10E320009A4208D2264B4FF080525A6040BFBFF34A
:10E330004F8FBFF36F8FBDE8F0812A68E36AD26A1E
:10E340009A4298BF2C60D2E72C601368012B02D050
:10E35000E36A174ECBE71948DFF89080194F144E47
:10E3600002F052FC184802F04FFC184802F04CFC36
:10E37000174802F049FC174802F046FC404602F0FC
:10E3800043FC384602F040FC134802F03DFC1348C1
:10E3900002F03AFC124802F037FC124B124AC2F863
:10E3A00000801F60E36AA2E7705901200059012034
:10E3B000D059012084590120805901200C59012095
:10E3C00000ED00E09C590120205901203459012022
:10E3D000485901205C590120BC590120E85901200D
:10E3E000D4590120085901200459012088590120DD
:10E3F0002DE9F843DDE909C4002C66D0BCF1000F1B
:10E4000060D00D46960098460223324684F851307B
:10E41000A5210746C4F830C0604609F06FFF2A788E
:10E4200084F83420236B2978321F1A4422F007061F
:10E4300001B36B7884F835306B78DBB1AB7884F856
:10E440003630AB78B3B1EB7884F83730EB788BB1FA
:10E450002B7984F838302B7963B16B7984F83930B3
:10E460006B793BB1AB7984F83A30AB7913B1EB7986
:10E4700084F83B30089D042D28BF04254FF0000987
:10E48000E5626564201D84F83B90C4F8489002F072
:10E49000C7FBC5F1050504F1180002F0C1FBC4F883
:10E4A0004C9042463946A561246184F850906462DC
:10E4B000304601F0ADF820602046FFF707FF204608
:10E4C000BDE8F8836046BDE8F8832046BDE8F883E0
:10E4D0002DE9F0479600804630460D469946FFF7F5
:10E4E00027F8002862D007465420FFF721F8044699
:10E4F00000285FD000230763324684F85130384645
:10E50000A52109F0FBFE2B7884F834302B78D4F861
:10E5100030A003B36B7884F835306B78DBB1AB781F
:10E5200084F83630AB78B3B1EB7884F83730EB78D9
:10E530008BB12B7984F838302B7963B16B7984F8FF
:10E5400039306B793BB1AB7984F83A30AB7913B1A0
:10E55000EB7984F83B30089D042D28BF0425002763
:10E56000E5626564201D84F83B70A764043E02F0F8
:10E5700057FBC5F1050504F11800564402F050FBA5
:10E58000E764A56126F0070084F850702461646296
:10E590004A46414601F03CF8099B206003B11C60EB
:10E5A0002046FFF793FE0120BDE8F0874FF0FF30D3
:10E5B000BDE8F0873846FEF7CFFF4FF0FF30F3E7B6
:10E5C00070B50446534E01F05FF8002C00F08280D5
:10E5D000251D284602F050FBA36A1BB104F1180068
:10E5E00002F04AFB29464C484C4D02F01DFB94F8C2
:10E5F0005030012B04BF002384F8503001F04EF856
:10E600002B68002B57D13368A34200D070BD2B6814
:10E61000002B66D14049424A0968126891426AD08B
:10E62000404B1B68002B68D13F4A13603268336847
:10E6300012681B6B9A4266D93C4C3D4B226802EB38
:10E64000820080009100185828BB501E00EB800506
:10E65000AD0081005D59002D53D1901E00EB800567
:10E66000AD0081005D59002D4BD1D01E00EB80051F
:10E67000AD0081005D59002D43D1101F00EB8005D6
:10E68000AD0081005D59002D3BD1053A02EB8200BF
:10E69000800091001858114403EB81000346416843
:10E6A000496841600833994204BF49684160CB68BA
:10E6B0003360226070BD00F0E7FF1E4B1A681268DD
:10E6C00052B11A681C4BD268D26852681A6000F0C6
:10E6D000E5FF98E734687BE7174B4FF0FF321A608D
:10E6E000F5E7164B4FF080525A6040BFBFF34F8F93
:10E6F000BFF36F8F70BD336070BD0B4B01221A608A
:10E7000070BD0246C7E730683168343101F0D4FE8D
:10E7100092E700BF00590120D4590120D0590120AF
:10E72000705901207C590120005A01208459012090
:10E730000C59012004590120B459012000ED00E0DA
:10E7400098B130B51D4D2B68834283B004460AD082
:10E7500000F09AFF1A4B62699A4207D003B0BDE8F5
:10E76000304000F09BBF03B030BD7047A36A154A2C
:10E770009342F3D0002BF1D1211D0846019102F004
:10E780007BFA114AE36A1068019983420F4888BFF7
:10E79000136003EB830300EB830002F045FA2B6860
:10E7A000E26ADB6A9A42D9D3094B4FF080525A6031
:10E7B00040BFBFF34F8FBFF36F8FCFE700590120EA
:10E7C000D4590120BC590120845901200C59012041
:10E7D00000ED00E070B584B0002503AA02A901A8ED
:10E7E000CDE9015501F06CFE019C002C46D0029849
:10E7F000002843D0039E20630223B6003246A521A1
:10E8000084F8513009F07AFD206B1F4B6363043E9E
:10E810000644C4E91155201D84F8385084F83B5053
:10E82000E56202F0FDF904F1180002F0F9F926F0B2
:10E83000070605231549A3612A46E564304624618D
:10E84000646284F8505000F0E3FE20602046FFF739
:10E850003DFD0F4B1C6000F0EFFD012811D140235E
:10E8600083F311880B490C4A0C4B4FF0FF340C60BA
:10E8700010601D6000F0E2FE04B070BD044B002289
:10E880001A6004B070BD00BF49444C45A5EB0500BB
:10E89000B0590120B4590120D0590120FC59012060
:10E8A000024A136801331360704700BF7C5901208E
:10E8B000014B1868704700BFFC590120024A1368D9
:10E8C00018441060704700BFFC5901202DE9F04F3B
:10E8D000404B1B6883B0002B46D13F4B1E6801366E
:10E8E0001E60002E4ED0DFF808B1DBF80030B342D6
:10E8F0005FD83A4F3B681D68002D65D0DFF8F48083
:10E90000DFF8F4A0DFF8F490002522E0019102F096
:10E91000B3F9A36A019904F1180013B102F0ACF93C
:10E920000199E36AD8F8002003EB830093420AEBD5
:10E93000800088BFC8F8003002F076F9D9F80020CE
:10E940003B68E16AD26A1B68914228BF0125002B0F
:10E950003AD03B68DB68DC686368211D9E4208464C
:10E96000D4D2CBF8003004E01D4A136801331360A1
:10E9700000251C4B1B68002B0CBF2846012003B050
:10E98000BDE8F08F154B184A1868184914681C60C8
:10E9900010600A6801320A601A6812685AB9DFF812
:10E9A00050B04FF0FF33CBF80030DBF80030B3420B
:10E9B0009FD90025DDE71B68DFF834B0DB68DB6832
:10E9C0005B68CBF8003090E74FF0FF33CBF80030B6
:10E9D000CFE700BF7C590120FC59012004590120D8
:10E9E00078590120005A012008590120B859012006
:10E9F000B4590120845901200C59012000590120EB
:10EA00002DE9F04F83B000F03FFE3A4B1A68013A0F
:10EA10001A601B68002B55D1374B1B68002B51D057
:10EA2000364D2B68002B62D0354EDFF8EC80354F29
:10EA3000DFF8E8904FF0010AEB68DC6804F1040BA2
:10EA400004F1180002F018F9584602F015F9E36ACB
:10EA5000326803EB83009342594608EB800088BF7D
:10EA6000336002F0E1F83B68E26ADB6A9A4231D334
:10EA7000C9F800A02B68002BDED1234B1A6812685E
:10EA8000002A2FD01A68214BD268D26852681A60C7
:10EA90001F4E346844B10125FFF718FF08B1C9F8CB
:10EAA0000050013CF8D13460D9F8003053B1194B13
:10EAB0004FF080525A6040BFBFF34F8FBFF36F8F4C
:10EAC000012000E00020019000F0E8FD019803B073
:10EAD000BDE8F08F2B68002BAED10B4B1A68126883
:10EAE000002ACFD1094B4FF0FF321A60D0E7DFF890
:10EAF0002C90CDE77C59012070590120BC59012090
:10EB0000845901200059012004590120B4590120E1
:10EB10007859012000ED00E00C590120005A012035
:10EB200070B548B9184B4FF080525A6040BFBFF3E0
:10EB30004F8FBFF36F8F70BD144A15491368154D81
:10EB4000013313600E6804462868043002F094F81C
:10EB50002B68A4195C600FD20F4B18682968043128
:10EB600002F072F80D4B1A68944238BF1C60FFF730
:10EB700047FF0028D6D070BD094B186829680431BA
:10EB800002F062F8F3E700BF00ED00E07C590120DD
:10EB9000FC5901200059012004590120B4590120D9
:10EBA000085901202DE9F84F3A4CDFF804913A4D0D
:10EBB0003A4EDFF800813A4FDFF8FCB02368EBB142
:10EBC00000F062FDD9F80C30D3F80CA00AF1040073
:10EBD00002F052F82B68013B2B602368013B236055
:10EBE00000F05CFD9AF85130002B34D0012BE5D1B8
:10EBF0005046FEF7B1FC2368002BE1D13368012BAE
:10EC000008D94FF08053CBF8043040BFBFF34F8F8B
:10EC1000BFF36F8F00F0E8FED8F800301BBB3B68F5
:10EC2000DB6A002BCAD13368012BC7D81D4B1E4AA3
:10EC30001B6812689B1A012BC0D91C4A1368013348
:10EC40001360D8F80030A3B13B68DB6A03B93368BE
:10EC5000FFF7D6FEB2E7DAF83000FEF77DFC50464B
:10EC6000FEF77AFCAAE73B68DB6A002BA6D1336883
:10EC7000A4E73B68DB6A002BEAD13368012BE7D8B5
:10EC8000084B1868084B1B68C01A0128E0D900F02F
:10EC900075FDDDE774590120705901200C590120E0
:10ECA00000590120B4590120FC5901207C59012050
:10ECB000E85901208459012000ED00E0294B1B6830
:10ECC0001BB1294B01221A607047274A70B5274CA7
:10ECD00013602268236812681B6B9A423CD9244D4A
:10ECE000244B2A6802EB820080009100185808BB70
:10ECF000501E00EB8006B60081009E5956BB901E48
:10ED000000EB8006B60081009E591EBBD01E00EBB2
:10ED10008006B60081009E59E6B9101F00EB800600
:10ED2000B60081009E59AEB9053A02EB8200800020
:10ED300091001858114403EB81000346416849686B
:10ED400041600833994204BF49684160CB68236041
:10ED50002A6070BD0246EDE720682168343101F079
:10ED6000ABFBBCE77C590120005A0120005901206F
:10ED7000845901200C59012070B5174D2B680C46A1
:10ED800003F1180101F060FF144B1E68286804307D
:10ED900001F072FF631C17D02B68A4195C6007D3C5
:10EDA0000F4B18682968BDE87040043101F04CBF72
:10EDB0000C4B18682968043101F046FF0A4B1A68A9
:10EDC000944238BF1C6070BD29680848BDE8704097
:10EDD000043101F029BF00BF00590120FC59012076
:10EDE0000859012004590120B4590120D4590120A7
:10EDF00070B5194D2B6816460C4603F1180101F049
:10EE000013FF164B5EB11B682868043001F034FF15
:10EE100029681348BDE87040043101F005BF1E6841
:10EE20002868043001F028FF2B68A4195C6007D320
:10EE30000C4B18682968BDE87040043101F004BF2C
:10EE4000094B18682968043101F0FEFE074B1A6867
:10EE5000944238BF1C6070BD00590120FC5901204C
:10EE6000D45901200859012004590120B459012026
:10EE700030B5C368DC6804F1180583B0284601F09A
:10EE8000FBFE1C4B1B683BBB211D0846019101F09A
:10EE9000F3FE194AE36A106801998342174888BF54
:10EEA000136003EB830300EB830001F0BDFE144B02
:10EEB000E26A1B68DB6A9A4282BF124B012018602B
:10EEC000114B1A68126898BF002052B90F4B4FF0CF
:10EED000FF321A6003B030BD0D48294601F0A4FE90
:10EEE000E5E71A68094BD268D26852681A6003B025
:10EEF00030BD00BF7C590120845901200C590120EC
:10EF000000590120005A012004590120B459012060
:10EF1000BC590120034A044B12681B68C0E9002356
:10EF2000704700BFB8590120FC590120F0B50D46CB
:10EF300083B0044600F0A8FB2B68144A591C1068E3
:10EF40001DD0DFF84CC0D4E90061DCF80070BE428F
:10EF500008D0814206D80120019000F09FFB019863
:10EF600003B0F0BD471ABB420BD91B1A0B44DCF8A7
:10EF7000001012682B600020C4E90012ECE70020AA
:10EF8000EAE700232B600120E6E700BFFC590120DF
:10EF9000B8590120014B01221A607047005A012024
:10EFA000094B186818B9094B1B6813B1704700204A
:10EFB0007047074A074B10681B68013B984214BF13
:10EFC00001200220704700BFBC590120005A0120D7
:10EFD000D459012070590120054B1B6833B1054BF2
:10EFE0001B68002B0CBF02200020704701207047D7
:10EFF000D05901207C59012070B5044682B0C8B1B7
:10F000001D4DC36A2A68D26A934215D28269002ACA
:10F0100004DB2A68D26AC2F105028261174E626976
:10F0200003EB830306EB83039A420ED02B68DB6A63
:10F03000E362012002B070BD2B68406CDC6AA04224
:10F040002CBF0020012002B070BD211D0846019197
:10F0500001F012FE2A680A4BD06A1A680199E06230
:10F06000904200D9186000EB800006EB800001F0B0
:10F07000DBFD0120DEE700BF005901200C59012013
:10F080008459012068B130B5836CC16A426C013B80
:10F09000914283B00446836400D023B1002003B0C2
:10F0A00030BD00207047011D0846019101F0E4FDCC
:10F0B0000A4A636C1068E3628342094888BF1360A0
:10F0C000C3F1050503EB830300EB83000199A56100
:10F0D00001F0AAFD012003B030BD00BF845901201A
:10F0E0000C59012070B130B5426CC36A914238BFEF
:10F0F00011468B4283B0044602D0826C012A02D0B2
:10F1000003B030BD70478269114DC162002A03EB24
:10F1100083034269A8BFC1F1050105EB8303A8BFC2
:10F1200081619A42ECD1011D0846019101F0A4FDD4
:10F13000084BE06A1A680199904288BF186000EB9A
:10F14000800005EB800003B0BDE8304001F06CBDED
:10F150000C59012084590120044B1A681AB119680E
:10F160008A6C01328A641868704700BF0059012018
:10F170002DE9F0431D4EDFF87C9085B04FF000087C
:10F180000CE0DB68DC681F68251D284601F074FD73
:10F19000636A20469847E369012B0AD033681A68EE
:10F1A000002AEED1124A11683160136005B0BDE843
:10F1B000F083A3693B449F42294610D3D9F800301D
:10F1C000002BEBD0CDE900870294FFF705FF002369
:10F1D000D9F800001A466946FEF770FADEE7306893
:10F1E0006360246101F030FDD8E700BF045A0120BC
:10F1F000085A0120885C01202DE9F04F894E8A4C85
:10F20000DFF82C82894DDFF82CA28BB03368D3F85D
:10F2100000B0BBF1000F00F0A980DB68D3F800B0AC
:10F22000FFF73EFBFFF744FB22688242814600F273
:10F23000AE808345206040F2BF8000222868ABEB9F
:10F240000901FEF7DDFFFFF7DBFB40B94FF080530C
:10F25000CAF8043040BFBFF34F8FBFF36F8F2868E9
:10F26000002202A9FEF7BEFC0028CFD0029B002B93
:10F2700073DBDDF81090D9F814301BB109F10400EC
:10F2800001F0FAFCFFF714FB236898420746C0F030
:10F290008580029B2760092BE1D801A252F823F058
:10F2A000C9F20500C9F20500C9F205005FF20500C8
:10F2B00023F305004BF30500C9F20500C9F2050070
:10F2C0005FF2050023F305000398D9F81830C9F858
:10F2D0001090C2182CBF01210021BA42C9F80420A5
:10F2E0005FD8381A834228D8D9F82430484698473E
:10F2F000D9F81C302868012BB2D10028B0D0D9F839
:10F300001820039B00211344CDE907390691FFF72C
:10F3100063FE002328681A4606A9FEF7CFF928687D
:10F320009EE7039BC9F81090DA19BA42C9F8183061
:10F33000C9F8042039D8002B91D0D8F8000009F181
:10F34000040101F081FC28688AE799F82C30002B31
:10F3500085D14846FEF700F981E7039BDDE904010A
:10F360009847029B002BFFF67AAF82E7FFF798FAE7
:10F37000FFF79EFA22689042814608D3D8F8002011
:10F38000C4F800901268B2FA82F2520956E7FFF709
:10F39000EFFEC4F80090FFF733FB60E7FFF7E8FEED
:10F3A00077E7B84201D900299ED0306809F10401FD
:10F3B00001F04AFC286853E7FFF722FB3268D26865
:10F3C000D768391D0846019101F056FCF86901998A
:10F3D000012803D07B6A3846984740E7BA693F6105
:10F3E0000BEB02004845786003D9306801F02CFC33
:10F3F000F0E7A9EB0B039A420FD82B68002BE9D05A
:10F400000023CDE9063B0897FFF7E6FD00232868B7
:10F410001A4606A9FEF752F9DCE7D8F8000001F019
:10F4200013FCD7E7045A0120345C0120885C0120DA
:10F43000085A012000ED00E0F0B51F4C89B000F043
:10F4400023F92568F5B100F029F92068C0B100243E
:10F4500007AA06A905A8CDE9054401F03FF8DDE9B2
:10F4600005310222CDE900210293079A134914487D
:10F470002346FEF7BDFF134B1860001B18BF012089
:10F4800009B0F0BD104F114E384601F0BDFB3046BB
:10F4900001F0BAFB0E4A0F4900950F4B17600E6042
:10F4A0000E4A10212020FEF765F820600028CAD0FF
:10F4B0000B49FEF793FEC6E7885C01206011070048
:10F4C000F9F105008C5C01200C5C0120205C01201E
:10F4D000045A0120085A0120385C01200C5A0120EE
:10F4E000581107002DE9F04F074685B030208846B7
:10F4F00016461D46FEF71CF80446A0B1DFF88490BE
:10F5000000F0C2F8D9F800308BB100F0C7F80E9BBC
:10F510006362C4E9068627602562201D01F080FB36
:10F52000002384F82C30204605B0BDE8F08FDFF8CA
:10F5300058B0DFF858A00393584601F065FB5046D9
:10F5400001F062FB0A4A0B49039B00932020C2F89A
:10F5500000B0C1F800A0084B084A1021FEF70AF8D5
:10F56000C9F800000028D0D00549FEF737FECCE7E7
:10F57000045A0120085A0120385C01200C5A01204D
:10F5800058110700885C01200C5C0120205C0120E0
:10F5900050B5144E346885B0C4B10529CDE90012C8
:10F5A00002900BDCFFF718FD022812D00023306810
:10F5B0001A466946FEF782F805B050BD1A46204645
:10F5C00000236946FEF760FA05B050BD204605B03D
:10F5D00050BD3068089A00236946FEF76FF805B001
:10F5E00050BD00BF885C012010B5044682B000F019
:10F5F0004BF86069003818BF0120019000F04EF808
:10F60000019802B010BD00BF402383F31188FEE7CC
:10F6100030B46FF00203084C40F80C4C4FF080758A
:10F6200040F8045C40F8081C40F8202C40F8243CCA
:10F6300030BC4438704700BF09F605000F4C08B5D0
:10F64000E02384F8223000F07BF80D4B0D4A0021B6
:10F650001960D4F8883043F47003C4F888305368D4
:10F6600043F040435360236943F01003236100F0EB
:10F6700069F9402383F31188FEE700BF00ED00E045
:10F68000905C012030EF00E0402383F31188024AB0
:10F690001368013313607047905C0120034A1368BC
:10F6A000013B13600BB983F311887047905C012014
:10F6B00041DF704712DF704770B51D4B00221A60A2
:10F6C00082B01B680193019BEFF31186402383F303
:10F6D00011881849184BD1F804451A601B6800932B
:10F6E000009BFFF7E5F8201A20F07F4323F0010389
:10F6F00020F07F459BB96C1E6DB10025FFF7E6F841
:10F70000013C631C45EA0005F8D125B10B4B4FF0D5
:10F7100080525A6040BF86F3118802B070BDFFF777
:10F720005BFC0228E7D0FFF7D1F80546EDE700BF04
:10F7300040110140001001400011014000ED00E0C7
:10F740000B4B0C4930B41F200B4DC3F808050122A8
:10F750000224E020C3F804232A601A60C3F844435B
:10F7600081F811034FF400330B6030BC704700BFC9
:10F770000010014000E100E0081001402DE9F041D7
:10F78000054684B0EFF3108272B6634CA36883B968
:10F79000624B63480121A160D3F8801001402160D1
:10F7A000C3F88000D3F8841061604FF0FF31C3F8D4
:10F7B000841002B962B65B4ED6F80485FFF7F0FB01
:10F7C00078B3594F594AAF4228BF2F4607EB080379
:10F7D00023F07F4301214FF0000CC6F80813C6F850
:10F7E0004035C2F800C0136801934FF4803301988C
:10F7F000C6F80433BFF34F8F25BBC6F80833156036
:10F8000012684B4B0392039A1D601B680293434B93
:10F81000029AC6F804134FF40032D6F80415C3F860
:10F820008021A3685BB1EFF3108272B63B4B216875
:10F830001960616859600023A36002B962B604B020
:10F84000BDE8F081F1EE103A23F09F03E1EE103AAB
:10F85000F1EE103A314D4FF480634022C5F8842117
:10F8600003A8C5F884318DF80CC0FFF723FF9DF87D
:10F870000C30002B4DD12B4620BFD3F80011D3F80C
:10F8800004210A43F8D0274B2848294A4FF48031F5
:10F89000C3F8081300210160006803900398116009
:10F8A0001268029201220299C3F80423D3F80435A6
:10F8B0001A4AA3EB080828F07F48474528BF474667
:10F8C0004FF40033012FC2F8803120D9781EFEF7A3
:10F8D000F5FF184BDB68DA010FD5174A1368DB0711
:10F8E0000BD5164B516803FB07F7A7F57427A7F54F
:10F8F0001077BF0A01EB87175760FEF7E7FF002874
:10F900008FD00F4B4FF080525A6040BF89E7F4D040
:10F9100087E7FFF7CDFEB6E70466012000E100E0CF
:10F92000FC06FFBD00100140FDFFFF00401101403B
:10F9300000110140F0ED00E0001000E040420F0037
:10F9400000ED00E00748006880F3088862B661B601
:10F95000BFF34F8FBFF36F8F4FF0E00080F311883C
:10F9600000DF00BF00700200064B19680868B0E8AD
:10F97000F04F80F30988BFF36F8F4FF0000080F3E2
:10F980001188704700590120EFF30980BFF36F8F92
:10F99000144B1A681EF0100F08BF20ED108A20E9E2
:10F9A000F04F10604DF8043D4FF0400080F3118897
:10F9B000BFF34F8FBFF36F8FFFF780F94FF0000059
:10F9C00080F3118808BC19680868B0E8F04F1EF091
:10F9D000100F08BFB0EC108A80F30988BFF36F8F57
:10F9E000704700BF00590120704700BF0A490B4A09
:10F9F0000B4B9B1A03DD043BC858D050FBDC094875
:10FA000009494FF0AD32026004300439FBD100F0F7
:10FA10008BFCC7F71DFC0000503907000060002078
:10FA20002C65002000F8032000080000FEE7FEE738
:10FA3000FEE7FEE7FEE7FEE7FEE7FEE7FEE7FEE79E
:10FA400008B50020ECF740F8D6F776F9114BBBB1BA
:10FA5000114B63B1D6F714FD00F01EFDFDF784FBDA
:10FA6000D6F70EFD00F018FDFDF77EFBF2E7D6F7A6
:10FA700007FD00F011FDD6F703FD00F00DFDF6E7E0
:10FA8000D6F7FEFC00F008FDD6F7FAFC00F004FD06
:10FA9000F6E700BF0000000069D1050000B583B0A3
:10FAA00000F0AAFEFCF786FC0E4B019301230E49E1
:10FAB00000934FF4806200230C48FEF709FD4FF4D9
:10FAC000407000F00FFEFEF785FEBFF34F8F084930
:10FAD000084BCA6802F4E0621343CB60BFF34F8F58
:10FAE00000BFFDE7945C01206811070041FA0500A2
:10FAF00000ED00E00400FA0538B507480C4615464D
:10FB0000ECF7A0F900B938BD2A4621460248BDE805
:10FB10003840ECF7ABB800BF24310120FDF7D8BC6A
:10FB2000FDF7D6BCFDF7EEBCFDF7ECBC084A094971
:10FB300008B513681844884202D81060184608BDFA
:10FB400008F0F4FA0C2303604FF0FF33184608BDA9
:10FB50001C63002000F80320114B1A78EAB90178E1
:10FB6000104810B40A464FF0804402F00102C1F37D
:10FB70004001C4F88015C4F878250268D20706D47D
:10FB8000E021012280F80013C0F8802102600122E8
:10FB900005485DF8044B1A7070470448704700BF71
:10FBA0000066012000E100E00000AD0B0C00AD0B91
:10FBB0000C4B012230B4C3F88020BFF34F8FBFF34A
:10FBC0006F8F094C094D0A490A4A00234FF08040C3
:10FBD00023604FF460742B60C0F8084330BC0B60A6
:10FBE0001370704700E100E0985C01209C5C0120EC
:10FBF000A05C012000660120044B02684FF08041A8
:10FC00004FF46070C1F808031A607047A05C0120CF
:10FC10004FF080434FF46072C3F80423704700BF75
:10FC20004FF080434FF46072C3F80823704700BF61
:10FC3000044B4FF080414FF460700022C1F808037C
:10FC40001A607047A05C012010B54FF0804386B069
:10FC5000D3F80443620705D5D3F8082103F584736C
:10FC6000002A4ED1A30603D52A4B1A68002A3FD199
:10FC7000600603D5284B1A68002A2FD1210602D529
:10FC8000264B1A680ABBE20502D5254B1A6892B9C1
:10FC9000A3050ED5234B1A685AB100221A601A68C0
:10FCA000214B0592059A1B68022006B0BDE8104062
:10FCB000184706B010BD00221A601B4A1B68049347
:10FCC00001201368049A9847E2E700201860164A5A
:10FCD0001B6803931368039A9847D4E700221A60BD
:10FCE000124A1B68029301201368029A9847C5E7DD
:10FCF000002018600D4A1B6801931368019A984709
:10FD0000B6E700221A600A4A1B6800931368009A3B
:10FD10009847A7E714010040180100401C0100406B
:10FD20002001004024010040A05C01209C5C0120D7
:10FD3000985C01202DE9F04F05799A4E05EBC5043A
:10FD400006EB840C83B09CF81CE0BEF1000F40F081
:10FD5000F780A7000068F251CCF8043091F80CC08D
:10FD60000B78BCF1010F4FEAC50440F2DA801F2B7B
:10FD700087BFDFF834E203F01F0898464FF0A04E2B
:10FD8000012707FA08F7CEF808751F2B8BBF03F081
:10FD90001F071F46DFF810E24FF0A04E07F5E0778F
:10FDA0004FF001084EF827804F78FF2F00F0D080E9
:10FDB0001F2F8ABF07F01F09B946DFF8EC810097B3
:10FDC00098BF4FF0A04809F5E07A4FF0010E0EFA07
:10FDD00009FE4FF00309C8F80CE548F82A9091F89D
:10FDE00002E0BEF1FF0F00F0AF80BEF11F0F91F8EF
:10FDF0000E8088BFDFF8B0B1CDF804E08EBF0EF002
:10FE00001F0AF2464FF0A04B0AF5E07A4FEA880845
:10FE10004BF82A8004EB050806EB880888F820E0F8
:10FE200091F803E088F81FE0BEF1FF0F2BD091F8A6
:10FE30000490F046B9F1000F00F08E80BEF11F0F64
:10FE400087BF594F0EF01F0BF3464FF0A0474FF0FE
:10FE5000010A0AFA0BFAC7F80CA5BEF11F0F88BFFA
:10FE60000EF01F0804EB050E8CBFDFF83CB14FF01D
:10FE7000A04B08F5E07806EB8E0E4FF0030A4BF826
:10FE800028A08EF81E90D1F808E0C0F80835009B35
:10FE9000C0F80C35019BC0F81035C0F824E54B7B49
:10FEA000003B18BF0123BCF1020F74D0BCF1030F5B
:10FEB00074D0BCF1010F6BD0C0F854358B79C0F809
:10FEC000C035002A58D04022C0F80423072340F34D
:10FED0000732C0F80035002A4B794FEA10304FDB6B
:10FEE0005109890002F1604201F1604102F561426D
:10FEF00001F5614101275B0100F01F00DBB207FA49
:10FF000000F082F80033C1F8800108602C4406EB51
:10FF100084062648002201237277337703B0BDE8B8
:10FF2000F08F1F2B87BFDFF880E003F01F08984693
:10FF30004FF0A04E012707FA08F7CEF80C7524E71A
:10FF40001B4803B0BDE8F08F4FF0FF37019761E722
:10FF50004FF0FF37009742E7BEF11F0F87BF124FE8
:10FF60000EF01F0BF3464FF0A0474FF0010A0AFABC
:10FF70000BFAC7F808A570E70723C0F80035C5E7F6
:10FF80000C4A00F00F005B010244DBB21376BDE7C0
:10FF900043F0020390E743F004038DE743F00603C8
:10FFA0008AE700BFA45C0120000300500000AD0BF5
:10FFB0000500AD0BFCEC00E0F0B403792D4C03EB35
:10FFC000C3018900DD006258002A4CD0026842F368
:10FFD0000736002E4FEA123711DB7609DFF8A8C08A
:10FFE0002036012207F01F0702FA07F74CF82670A7
:10FFF000BFF34F8FBFF36F8F6158026839B1E918B3
:0200000260009C
:100000001D48C2F8080304EB8101497FF9B9E918DA
:1000100004EB810191F82010FF290BD01F2986BF26
:1000200001F01F01154E4FF0A04601F5E0710220CE
:1000300046F82100124900208A42C2F8000514D077
:100040002B4404EB83030022F0BC1A777047012194
:100050005161D2F804110029FBD0E91804EB8101A9
:1000600000204877D3E70268D1E7064A01211160F2
:10007000E6E700BFA45C0120520108000003005025
:1000800000F0024004F0024000E100E02DE9F04FF2
:100090000779DFF898E107EBC70384460EEB83008E
:1000A00083B0457F002D40F0A2809B000C465EF897
:1000B000039016464FEAC708B9F1000F04D012F0BA
:1000C000140F04BF0123437708EB07050EEB8505EA
:1000D00094E80F0095F81FA005F10C0BBAF1FF0F83
:1000E0008BE80F000FD0AB7F002B55D0BAF11F0F5C
:1000F0008DBF4A4A51464FF0A0420AF01F0101232A
:100100008B40C2F80835226872B102F06043B3F147
:10011000005F09D047440EEB870E002340488EF85D
:100120001D3003B0BDE8F08FA16821B101F060433C
:10013000B3F1005FEED1DCF80030E0686568C3F829
:1001400044250022C3F84855C3F83415C3F83805D0
:10015000C3F81821D3F818210192019A16F0010270
:1001600018BF0122C3F8502516F0020218BF012261
:100170003007C3F840255CBF01221A61B9F1000FB6
:1001800018D02848402271074CBFC3F80823C3F891
:10019000042303B0BDE8F08FBAF11F0F8DBF1F4AD3
:1001A00051464FF0A0420AF01F0101238B40C2F8D4
:1001B0000C35A8E7D3F81821002AFBD0BAF1FF0FBD
:1001C00029D047440EEB870E9EF81E309BB1BAF142
:1001D0001F0F88BF114A134894BF4FF0A0420AF086
:1001E0001F0A012303FA0AF3C2F80C3599E70E48F7
:1001F00003B0BDE8F08FBAF11F0F88BF074A094866
:1002000094BF4FF0A0420AF01F0A012303FA0AF339
:10021000C2F8083585E7034883E700BF00030050B4
:100220000A00AD0B0000AD0B0B00AD0BA45C012070
:10023000194BD3F8182102B970470021174AC3F8A7
:100240001811D3F81811D37F82B0FF2B01910199B7
:100250000DD0917F99B11F2B8ABF11484FF0A0405C
:1002600003F01F03012101FA03F3C0F80C3500234A
:1002700053771372D2E900310A4802B018471F2B96
:100280008ABF07484FF0A04003F01F03012101FA85
:1002900003F3C0F80835EAE700300240A45C01200F
:1002A00000030050AC5C01201B4BD3F8182102B9AD
:1002B00070470021194AC3F81811D3F8181192F8A1
:1002C000433082B0FF2B019101990ED092F8421079
:1002D000A9B11F2B8ABF12484FF0A04003F01F03A3
:1002E000012101FA03F3C0F80C35002382F84130F4
:1002F00082F82C30D2E909310A4802B018471F2B86
:100300008ABF07484FF0A04003F01F03012101FA04
:1003100003F3C0F80835E8E700F00240A45C0120D0
:1003200000030050D05C0120534B1B685A1C16D0B0
:10033000524A082B12680ED0514AD2F8883043F442
:100340007003C2F88830BFF34F8FBFF36F8F4D4BF0
:100350004D4A1A607047032A2CD9082288E04B4A7C
:100360004B4B12781B68082A4FEA1313E4D113F0A1
:100370000C0F1FD0454A464B12781B68082A4FEADB
:100380001313D9D113F00C0F27D0414B3F4A1B68F0
:100390001278C3F30313082ACED1032BCCD84FF025
:1003A0008043D3F80024D20744BF6FF00102C3F8A2
:1003B0000024C1E7304A11684FF080430022481CF6
:1003C000C3F80C21C3F81021C3F83825D2D02B4B29
:1003D00008291A68B0D1032ABFD84FF080522D4B9C
:1003E000D2F80414C3F82015D2F80814C3F8241561
:1003F000D2F80C14C3F82815D2F81014C3F82C1531
:10040000D2F81414C3F83015D2F81814C3F8341500
:10041000D2F81C14C3F84015D2F82014C3F84415C0
:10042000D2F82414C3F84815D2F82814C3F84C1590
:10043000D2F82C14C3F85015D2F83014C3F8541560
:10044000D2F83414C3F86015D2F83814C3F8641520
:10045000D2F83C14C3F86815D2F840140648C3F823
:100460006C15D2F844140268C3F87015511C8CD076
:10047000024B1B688FE700BF3001001034010010F1
:1004800000ED00E0206300200090D003E00F00F0BA
:10049000E80F00F000C0004008B5EBF71BFB054B70
:1004A0004FF080525A6040BFBFF34F8FBFF36F8F42
:1004B00008BD00BF00ED00E0704700BF704700BFFF
:1004C000044B036010B46423034C0C605DF8044BD0
:1004D00013607047EC5C0120405D0120054B036018
:1004E00010B44FF48073044C0C605DF8044B13603F
:1004F000704700BFD05E0120245F012070B51F4D02
:1005000084B028684FF0FF3203A9FDF76BFB002889
:10051000F7D0039C237A6668052B0CD8DFE803F03C
:100520002629211B1403D4E90523D4E90301E46936
:100530000094B047039C206810B1FCF7E3FF039CD4
:100540002046FCF7DFFFDCE7D4E90523D4E903010B
:10055000B047039CEFE7D4E90412E068B047039C7E
:10056000E9E7D4E90301B047039CE4E7B047039C03
:10057000E1E7E068B047039CDDE700BF28630120A6
:100580002DE9F043304B314D5B6885B0C3F3080370
:10059000019001AF53B10023286839461A46FDF790
:1005A00073FA012809D105B0BDE8F08328683946FF
:1005B0006422FDF783F80128F5D0DFF89480D8F89D
:1005C0000000002240000421FDF704F80646002840
:1005D000E9D0DFF88090D9F80000FDF7F1FFFFF7D0
:1005E00053F801E0FDF76AF8002203A92868FDF737
:1005F000F9FA04460023642203A93046002CF1D105
:100600002868FDF7C7FD2E60FFF748F8D9F800000D
:10061000FEF796F8D8F800300B4A28685B00C8F857
:1006200000305368C3F30803394633B123462246EA
:10063000FDF72AFA05B0BDE8F0836422FDF73EF825
:1006400005B0BDE8F08300BF00ED00E028630120A5
:10065000246301202C6301202DE9F8439DF82060DC
:1006600005460F46904699469EB1B0000C30FCF707
:100670002FFF044658B10023C0F8048006720360BF
:1006800005B147B90EBB2046FFF77AFF0120BDE850
:10069000F8831020EBE73846FCF71AFF804620600D
:1006A000D0B13A46294607F001FE002EEBD0711E6C
:1006B000C9B209EB8101A9F1040252F8043FAB422F
:1006C00008BFC2F800809142F7D1B200494604F158
:1006D0000C0007F0EBFDD6E72046FCF713FF404681
:1006E000D5E700BF70B540230B4D82B00446002211
:1006F000184604212B60FCF76DFF084D084B019351
:1007000006460223009307492E60A2B20023064842
:10071000FDF7DEFE02B070BD2463012028630120D6
:100720002C63012070110700FD0406001A4B197894
:1007300009BB70B54FF4405382B01B78102B1CD905
:1007400043F21002142B126823D943F21401134B05
:100750000C68134D1348A3FB04139B0CA5FB046109
:1007600000FB134089094FF47A76A5FB005006FB85
:100770001141800904E00848704708460B460A46C4
:10078000CDE900010849044808F0E2FC024802B043
:1007900070BD08460B46F3E73063012083DE1B4340
:1007A000D34D621040420F007C11070008B5074886
:1007B00003780BB1054808BD4FF0805304495A6EC9
:1007C0001B6E08F0C5FC014808BD00BF5063012046
:1007D00090110700BFF34F8F0549064BCA6802F41A
:1007E000E0621343CB60BFF34F8F00BFFDE700BF54
:1007F00000ED00E00400FA054FF08043194AD3F8F9
:100800000014194830B41160D3F80054D3F8002410
:10081000164C17492A43C3F80024D4F84025026037
:1008200001224FF40030C3F818259A60C1F8800007
:10083000BFF34F8FBFF36F8F0E4C03F588334FF02C
:10084000A0454FF480304FF0FF31C3F84803C3F8A0
:1008500008035A609A60C5F80815C4F8081530BC3A
:10086000704700BF646301206863012000A000405E
:1008700000E100E00003005008B54FF080434E2235
:10088000C3F81C25FFF7A6FFF0B44B4B1D6882B0E0
:100890000023082DADF8063005DD0A2D00F3858014
:1008A0000A26012300E00826444C454AC4F8F035E6
:1008B00001270023DFF814C14249C4F80075C4F8C9
:1008C0001435C4F81035C2F81435C2F81035C2F822
:1008D0002435C2F82035C2F83435C2F83035C2F8B4
:1008E0004435C2F84035C2F85435C2F85035C2F824
:1008F0006435C2F86035C2F87435C2F87035324AD2
:10090000DCF8003009681268DFF8C4C01B02090374
:1009100001F4805103F4E06312040B4302F4E0227B
:100920009CF80010134343EA01630DF10602C4F87A
:1009300018352146C4F81405C4F81005C4F82C264F
:10094000C4F830762760D1F80031002BFBD00020AE
:1009500001231A4AC1F800014B60D2F80431002B80
:10096000FBD0002001231549C2F804019360D1F89F
:100970001431002BFBD00023C1F81431BDF8062040
:10098000120448BFADF806300C4B0022C3F8002516
:10099000BDF80600B54200B204D035BF751BAD1BD3
:1009A000E840A84002B0F0BC70470D2DB5BF0C2642
:1009B0000E260223032377E7246300200070004003
:1009C000107000407463012078630120706301207F
:1009D0006C630120014B1860704700BF2463002046
:1009E000202816D8144B53F82030023B1D2B10D86A
:1009F000DFE803F01E2014160F0F0F0F0F0F0F0F5D
:100A00000F0F0F0F0F0F0F0F0F0F0F0F0F0F181AE2
:100A10001C11002070470820FFF736BF0320FBE7BA
:100A20000420F9E70520F7E70620F5E70720F3E7BC
:100A30000120F1E70220EFE78C10070020281BD8E7
:100A40003C4B53F820301F2B86BF3B4A03F01F035B
:100A50004FF0A0420E290FD8DFE801F0655F59532F
:100A60004D474039322B241D160F080003F5E07363
:100A700040F2037142F82310704703F5E07340F22F
:100A8000036142F82310704703F5E07340F203510D
:100A900042F82310704703F5E07340F2034142F837
:100AA0002310704703F5E07340F2033142F823103E
:100AB000704703F5E07340F2032142F823107047BA
:100AC00003F5E07340F2031142F82310704703F579
:100AD000E0734FF4403142F82310704703F5E073A0
:100AE0004FF4003142F82310704703F5E0731349C7
:100AF00042F82310704703F5E073114942F82310C0
:100B0000704703F5E073042142F82310704703F5A2
:100B1000E0730C2142F82310704703F5E0730321C2
:100B200042F82310704703F5E073002142F82310C8
:100B3000704700BF8C100700000300500400020043
:100B40000C00030020280FD80B4B53F820301F2B2C
:100B500086BF0A4A03F01F034FF0A04229B10121CA
:100B600001FA03F3C2F808357047012101FA03F3D3
:100B7000C2F80C35704700BF8C100700000300500E
:100B8000202818D80D4B53F820201F2A8ABF0C4963
:100B90004FF0A04102F01F02D1F814050123934049
:100BA000034214BFD1F80425D1F81025134214BF15
:100BB0000120002070470020704700BF8C10070004
:100BC00000030050202817D80D4B53F820101F2980
:100BD0008ABF0C4A4FF0A04201F01F01D2F8140561
:100BE00001238B40034214BFD2F80415D2F810152C
:100BF0000B4202D1C2F808357047C2F80C35704775
:100C00008C1007000003005000F108034FF0FF3183
:100C10000022C0E90333816002604360704700BF77
:100C200000230361704700BF4368026810B49C68EA
:100C30008C609C684B600132616099605DF8044B88
:100C400008610260704700BF30B40D686B1C10D0A3
:100C500000F108031C465B681A68AA42FAD90268C8
:100C60004B60013299608C606160086130BC026049
:100C7000704704696368F2E7036910B4D0E90112B0
:100C80005C688A608442516008BF5A601A685DF8E7
:100C9000044B0021013A01611A601868704700BFD7
:100CA000F0B5054699B01F4600230E46144605A828
:100CB00019460322D5F8D05001F062F938BB01463D
:100CC000AD00082303AA05A8CDE9034501F098F972
:100CD000E8B9611905A801F0B7F9C0B937B92346D9
:100CE0001022314605A801F0C7F980B905F11003BB
:100CF00002A9019100941946324605A8029301F019
:100D0000F9F9044B002818BF184619B0F0BD014886
:100D100019B0F0BD360CF0002DE9F04F864C80463E
:100D20009E460F4694460FCCB7B00DF11C0A5546AF
:100D30000FC594E80F0004F1100685E80F000FCEF0
:100D40000FAD0FC596E80F00303485E80F000FCCCB
:100D500017AD0FC50FCC0FC594E80F00D8F8D040E1
:100D6000CDF80CE0042C85E80F0001D0082C6BD1E5
:100D7000409A231DB2EB830F4FEA830B03D06F48D9
:100D800037B0BDE8F08F07EB0C019CFA8CF30CF147
:100D900018060CF109003B609BFA8BF5802326F0C6
:100DA0000F06321A7D6038440B72002101F09CFD61
:100DB000409B1B09ABF1100B00F0BB80042C47D00B
:100DC000DDF80C90CDF808B04B4617ADB1464FF0AA
:100DD000000823ACBB461E4624E0029FCDF814A0B9
:100DE000069701F00DF903462946204610353BBB16
:100DF00001F02AF984464FF0100E4B465A464946F8
:100E00002046BCF1000F1BD10DEB0E07CDE90067AA
:100E1000CDF810E001F06EF9103688B9409BB8EBC0
:100E2000131F58D2002319460222204601F0A8F8C9
:100E3000014608F10108082305AA20460029CCD064
:100E40003F4837B0BDE8F08F3E4837B0BDE8F08F7F
:100E5000DDF80C90CDF808B033460FAD4E464FF09C
:100E6000000823ACBB46994626E0029FCDF814A0AB
:100E7000069701F0C5F80346294620461035002B99
:100E8000DED101F0E1F884464FF0100E4B465A4691
:100E900049462046BCF1000FD2D10DEB0E07CDE93B
:100EA0000067CDF810E001F025F910360028C7D111
:100EB000409BB8EB131F0ED2002319460222204696
:100EC00001F05EF8014608F10108082305AA204652
:100ED0000029CAD0B4E7DDF808B0039D0023194605
:100EE00001222046CDE9055B01F04AF801460028C1
:100EF000A6D1082305AA204601F082F800289FD138
:100F000005EB0B01204601F09FF80146002897D120
:100F1000409A284601F0E8FC409B009540A90191C9
:100F20002A462046194601F0E5F800283FF428AF8C
:100F300086E723ACD1E700BF0C120700230CF000BA
:100F4000360CF000210CF0002DE9F04F2DED028B56
:100F5000164687B007321C46D308129D039300281B
:100F600000F0BC800F46002900F0BF80002C54D058
:100F7000BDF80C108046204600F0BCFF0228064653
:100F800040F2AA8003285DD12378032B40F2A4808D
:100F9000039B681C591E0123019301F0A7FC019BD0
:100FA0000493019B76429AB206F007064FF0FF0ABF
:100FB0004AFA06FA08EE102A5E1E4FF6FF72103B40
:100FC0005FFA8AFA2E440292059318EE101A2A4606
:100FD0004046B84700287DD133780AEA03033370CE
:100FE000049B102B40D0BDF80430224619462846F9
:100FF00000F0ACFE022852D0029B013B0293E4D1E8
:101000003E4B03990193284601F070FC019B184662
:1010100007B0BDEC028BBDE8F08F99B22A461C46A2
:10102000B84703460028ECD1611E70076A5C42F0A5
:1010300080025CD16A540023184607B0BDEC028BD5
:10104000BDE8F08F039B00F10709A3EBD90105EB85
:10105000D90001F04BFC4FEAD903B9F1870F019396
:1010600088BF102304939CE7059B05EB030904EB61
:10107000030B07E0002BB6D0B84758BB33780AEA19
:1010800003033370102319465A46484600F05EFEAB
:101090000346022B4A464FF010014046EAD1019B1D
:1010A000002BC8D0013DE918012315F8012F134486
:1010B0008D422B704FEA2323F7D1019B013C23443F
:1010C000022214F8011F0A449C4222704FEA222295
:1010D000F7D1B0E7034694E7094B92E7094B18466E
:1010E00007B0BDEC028BBDE8F08F074B8FE776426F
:1010F00006F0070632416A5489E700BF010CF00090
:10110000320CF000250CF000140CF0002DE9F04337
:101110008FB0884607A91746044601F0A5FA054690
:1011200000284ED1D4F8D050042D01D0082D4ED136
:10113000D4F8C4300C2B62D8B8F1000F45D02E1D66
:10114000760106AA04ABCDE90032029707A905ABE8
:1011500000222046059600F0DFFD00283CD1069BCA
:101160000498D4F8C42023F00303083304F184095D
:1011700018449200494601F0B3FBD4F8C400069A23
:1011800004992B1D9E0002EB800200964B462046E0
:101190000692FFF7C1FD054650B9B8F1010F33D0F3
:1011A0000346224649462046FFF77AFDB0B1054680
:1011B0002046E42101F09AFB38464FF4BF5101F07C
:1011C00095FB28460FB0BDE8F0836E01B9E71B4DD3
:1011D00028460FB0BDE8F083194DE9E7D4F8D430C4
:1011E000012243F00103C4F8D430C4F8CC2000231A
:1011F0004846C4F8C430402101F078FBDCE7114DCB
:1012000028460FB0BDE8F0833146204601F06EFB62
:101210002B46224649462046FFF742FD0028C6D10C
:10122000D4F8D430084AC4F8CC8023F4803343F097
:101230000103C4F8D430C4F8DC20D8E7210CF00056
:10124000260CF000040CF000CDAB23012DE9F04F8B
:101250009DB0002800F03B811646002A00F03D8139
:101260000D4621B98B4658461DB0BDE8F08FB14FF1
:1012700004464FF0FF31386801F058FB002840F079
:101280001981AD4BD4F8DC209A4216D0DFF8B8B201
:101290002946304601F02AFBD4F8C430002B40F038
:1012A0000D81386801F05CFB0028DCD0A34801F018
:1012B000EBFA58461DB0BDE8F08FD4F8D430DA0709
:1012C00040F10E81D4F8CC30113300F20F81D4F804
:1012D000D080B8F1040F05D0B8F1080F02D0DFF8C4
:1012E0006CB2D5E7D4F8C4200C2A00F2FC8004F1DB
:1012F0004003029304F1840A002A00F0FD8092006A
:10130000514604F1480001F0EBFAD4F8C4200299E8
:1013100008F104039B000093920053462046FFF718
:10132000FBFC83460028B3D10346224651462046A3
:10133000FFF7B6FC83460028AAD104EB88090122F6
:10134000D9F80C301BBA9B181BBAC9F80C304FEAFD
:10135000880B16D3D9F808301BBA9B181BBAC9F8EA
:1013600008300ED3D9F804301BBA9B181BBAC9F841
:10137000043006D354F828301BBA13441BBA44F87F
:101380002830002309A81946032200F0F9FD00289F
:1013900040F0AF800146082307AA09A8CDE9074B12
:1013A00000F02EFE002840F0A480494609A800F075
:1013B0004BFE002840F09D80614AD4F8D4301A4298
:1013C00000F0A2802B0915F00F0B049300F0998018
:1013D00001330493CDF80CB05B469D420DD0EA1A60
:1013E00011463046059201F081FA059A334631469E
:1013F00009A800F041FE00287BD104F1300B102237
:101400000298594601F06CFA5846102101F06EFA24
:10141000102306A90191CDF800B009A85A46194633
:10142000069300F067FE002863D1039AA81A30449F
:10143000594601F055FAD4F8D430DB0509D45A46A0
:101440000298049B314600F0CBF9834600287FF4D4
:101450001FAFD9F80C30049A1BBAD3181BBAC9F8BD
:101460000C3017D3D9F8083001221BBA9B181BBACD
:10147000C9F808300ED3D9F804301BBA9B181BBA30
:10148000C9F8043006D354F828301BBA13441BBAE9
:1014900044F828305146012322462046FFF700FC3D
:1014A000834600287FF4F4AED4F8CC300133C4F87E
:1014B000CC30F1E6234801F0E7F9E2E60023C4F876
:1014C000C43004F18400402101F010FAE9E6DFF8AD
:1014D00080B058461DB0BDE8F08FDFF878B0C2E6A6
:1014E000DFF874B0D4E6DFF874B0D1E6DFF870B09E
:1014F000CEE6DFF870B0CBE65046402101F0F6F9B9
:101500001BE71023039368E704F13003184610210A
:10151000039301F0EBF9039B1022194609A800F090
:10152000ABFD0028E5D1D4F8D43043F48033C4F8BF
:10153000D43047E714660120CDAB2301B411070076
:10154000000101009C1107000E0CF000210CF000BE
:10155000270CF000000CF000080CF000040CF00068
:10156000070CF000360CF00070B5002849D00D468D
:10157000002943D0244E04464FF0FF31306801F07B
:10158000D5F990BB002001F021FA50BB20462A4635
:101590000121FFF7BBFD0446012001F017FAB8B99D
:1015A000306801F0DDF950B9012001F00FFA08B9F7
:1015B000204670BD154801F067F9204670BD1448FB
:1015C00001F062F9012001F001FA0028F0D0F1E702
:1015D0000E4801F059F9306801F0C2F90028E3D053
:1015E000EDE70C4801F050F9D0E70B4801F04CF959
:1015F000002001F0EBF90028C8D0F2E7074C2046A4
:1016000070BD074C204670BD10660120EC1107002C
:10161000B4110700CC1107009C110700200CF0004A
:10162000250CF00000284CD0F0B50D4689B00029FB
:1016300038D00446E42101F059F901A9204601F00F
:1016400013F810B1204809B0F0BD204F4FF0FF3122
:10165000386801F06BF980BB002001F0B7F940BB9E
:1016600001A92A46204600F063FB0646012001F04E
:10167000ADF9D0B9386801F073F978B9002EE1D12D
:101680002046E42101F032F929462046FFF76CFF9D
:101690000F4B002818BF184609B0F0BD0D4801F0E7
:1016A000F3F8EBE70C4809B0F0BD0C4801F0ECF89A
:1016B000E0E70B4801F0E8F8D2E70A4801F0E4F867
:1016C000CAE70948704700BF110CF00010660120FE
:1016D000120CF000B4110700200CF000EC11070010
:1016E000CC1107009C110700250CF00030B4029DBE
:1016F0004DB1064D941EAC4202D830BCFFF724BC5D
:10170000034830BC7047034830BC7047FDFF0700FA
:10171000310CF000300CF00038B504464FF4806016
:1017200001F040F9054D06480649074A00232B60A1
:1017300003600B682360136038BD00BFC8B102505E
:101740002CB1025004B1025008B1025001380728F0
:1017500005D8DFE800F00A0E041204040406094864
:1017600070478B698B6000207047CB688B600020CE
:1017700070470B698B60002070474B698B600020BD
:10178000704700BF310CF1000B6802E0082B0B60C2
:1017900006D8426813424FEA4303F7D0002070474F
:1017A00000487047310CF100084B094A00211960CC
:1017B0001368002BFCD107480749084A03604FF41F
:1017C00080604FF0FF330860136070472CB1025007
:1017D00010B90250C4B1025008BA025008B1025008
:1017E000012BF8B516461CD010221D460C4601F000
:1017F0005FF8E0B1AF1E314604EB0710102201F094
:1018000057F8A0B1022D0ADD0025204610342146EC
:10181000102201F04DF8013548B1BD42F5D100204C
:10182000F8BD1146102201F043F80028F7D1014815
:10183000F8BD00BF020CF000002877D0F8B50C46C8
:10184000002971D01D46002B6ED0064622B1012220
:1018500000232A60C0F8D8302B68002B62D02946BC
:101860002046FFF791FF00285BD128682146FFF74B
:101870006DFF002855D1364B3649374A01271F6086
:101880009C460F60CCF80070A368136011688B420F
:10189000F8D1324F3249334A334B4FF0000CC7F87E
:1018A00000C004270F600A2111606FF03A021A602D
:1018B000079B012B4FF080533AD0D3F8002C013214
:1018C00043D0D3F8002C294BA3FB02321209A368A2
:1018D000274C2849284F03FB02F303EB4303DB03A8
:1018E0009B092360254B2C680C601A60069A244CD7
:1018F0003A604FF48062226001224FF0FF3441F8D9
:10190000C44C43F80C2CD6F8D8302A6823F07F4317
:1019100043EA0263C6F8D8302A6843EA0223C6F8CD
:10192000D830F8BD1748F8BD1748F8BD16487047BD
:10193000D3F80C2C013206D0D3F80C2C0B4BA3FBA4
:101940000232FA40C3E71622C1E70622BFE700BF12
:10195000C4B1025040B1025030B102502CB102501B
:101960000CB1025038B1025000B10250ABAAAAAA81
:10197000D8B10250CCB10250D0B10250D4B1025013
:1019800008BA0250310CF100350CF100F0B4C90076
:10199000002401F1FF3C2646274606E09F4216D070
:1019A0000126654519D82C461F46630904F01F011E
:1019B00050F823301F2923FA01F304F1010518BF61
:1019C00003F00103002CE9D101263546EBE701368F
:1019D0009642E6D10248F0BC70470020F0BC704748
:1019E000360CF100002861D02DE9F0414C1EB4F511
:1019F000047F27D233B32AB3CD00012B05F1FF3E7C
:101A000030D000218C460F460E4603F1FF384C09BA
:101A100001F01F0550F824401F2D24FA05F418BFCB
:101A200004F0010421B90126B44631462746EEE709
:101A3000B34213D0A74201D10CF1010C464504D1A9
:101A4000624502D21A48BDE8F0813C4601318E451C
:101A500006F10106EAD20020BDE8F08100264FF031
:101A6000010CF3E70026B44637463446610904F01A
:101A70001F0350F821101F2B21FA03F118BF01F0AA
:101A800001013CB15FB98C4501D0614608E00136E7
:101A9000614605E0012634468C460127E6E73E46CE
:101AA000B242CFD30134AC42F6D1D4E700487047FC
:101AB000370CF1002DE9F04F89B01D46149BDDF87D
:101AC0004CA004460E4617464BB94FF08053D3F84E
:101AD000002C013200F0A980D3F800BC08E04FF0E0
:101AE0008053D3F80C2C013200F0A280D3F80CBC48
:101AF0007C480AF5C1622A60129A00234FF0FF3138
:101B0000136000F013FF002840F08680764A774B80
:101B1000774910600432196013680693069BD90751
:101B2000FAD5714A714B002111601B68079304328A
:101B300013680793079BDB07FAD56C4B6D4A1B684C
:101B40000793DDF81C9013680793079BD807FAD515
:101B5000644800F005FF00285AD1654B994540F0D4
:101B6000B680D4F8D43013F400790ED1D90512D54B
:101B70002B68129A1B6813603BB1D4F8D4309B05D4
:101B80005BD5484609B0BDE8F08FDFF87C91484648
:101B900009B0BDE8F08F002F00F08780564A574B00
:101BA0001168B2681B689A4245D10A2943D194F85A
:101BB000DB3005930AF5C26A042500274FF08058F0
:101BC00004A8FFF7A9FD0498820602D510F01A00B8
:101BD00039D0D4F8D810059A0B0A03F47F030B43CD
:101BE00023F07F43082AC4F8D83077D0149B4FEAFB
:101BF000420CCDE90073002205AB31462046CDF8FA
:101C000014C0FFF719FE00285FD1013DD8D1B4E719
:101C10003B4800F039FEA0E73A48DFF8F09000F0CA
:101C200033FE484609B0BDE8F08F4FF0900B5FE7F8
:101C30004FF4047B5CE7DFF8D890FFF7B5FD48462A
:101C400009B0BDE8F08F129B5246C3F800B0594668
:101C500000F03CFD002838D1D8F8043C129A01333A
:101C600018BFD8F8043C116808BF51230293D8F874
:101C7000083C01332ED0D8F8083C03934B1EB3F533
:101C8000047F0FD2029A02915046FFF77FFE48B9B7
:101C90000299039A4FF480635046FFF7A3FE002891
:101CA0003FF46BAF129B1F6093E723F00F03C4F860
:101CB000D430149B0122CDE90093314605AB204678
:101CC000FFF7BAFD00283FF475AF814655E7DFF80E
:101CD0003C9056E740F237330393CFE7DFF8349078
:101CE0004BE700BF2866012004BF025000BF02502E
:101CF00012FA12FA08BF025038B1025030B1025045
:101D0000B41107009C110700330CF000350CF000F3
:101D1000300CF100320CF10030B4DDE90234049DE6
:101D200002940024CDE9035430BCFFF7C3BE00BFCA
:101D300010B586B005AB0124CDE901240093002243
:101D400004ABFFF7B7FE06B010BD00BFF0B44418F7
:101D500031B114F8015D4E1E15B931460029F8D194
:101D6000D41833B114F8015D5E1E45B93346002B1B
:101D7000F8D10D1E18BF01252846F0BC70478B42D4
:101D800022D325D84C1EA64228BF2646002E23DB90
:101D9000013694190025821904E0012D38BF012570
:101DA00090420BD012F8016D14F8017DB742F4D3C4
:101DB000F6D9002D08BF02259042F3D18B4218BFFF
:101DC00000252846F0BC704701252846F0BC704726
:101DD00002252846F0BC70470025EFE79942F0B590
:101DE0000DD801EB03044FEA540467D3002C7DD0D7
:101DF0004FF0000C171F2146051F624632E003F129
:101E0000804C0CF1FF3C051F002600EB8C0C05EB11
:101E1000810E34465CF8047FE64546EA0706F9D1B0
:101E200016F1FF3744F1FF3C6FEA0C0C99420CF0BD
:101E3000010C3ED201F1804E0EF1FF3E171F02EB66
:101E40008E0507EB830355F8042FAB4246EA0206E2
:101E5000F9D116F1FF3644F1FF32D24302F001020C
:101E600091B3051F002305EB810E28463C46194619
:101E700050F8046F54F8045FAE4218BF002103F01D
:101E8000010318BF002388BF41F0010138BF43F0B0
:101E900001038645ECD1A9B182F00100BCF1000F2D
:101EA00000D108408CF0010402B91C4000EB440052
:101EB000F0BDC3B1171F19460022D3E700263446F0
:101EC000B446B7E7002BE7D1BCF1000F03D132B124
:101ED00060461446EAE782F001000023E2E710467C
:101EE00013461446E1E760461C46DEE720462346DB
:101EF000DBE700BF4218084630B112F8013D411E31
:101F00001BB908460028F8D170471A064FEAC000EE
:101F100018D4590600F1FF3215D49906A0F1020237
:101F200011D4D906A0F103020DD41907A0F10402BF
:101F300009D45907A0F1050205D49B07A0F10602B8
:101F400001D4073870471046704700BFA1B100EBBD
:101F5000810001E001390FD050F8043D002BF9D089
:101F60004801A0F1200202E00138904206D0002B87
:101F70004FEA4303F8DA704708467047704700BFDE
:101F800078B3032A70B50E461546044601D9052AD2
:101F90001CD1012E18D8ABB9022D19D0052D17D0A0
:101FA0004C21204600F0A2FC052D88BF4FF0FF32E7
:101FB00013D900200123C4E90826C4E90B00C4E9B1
:101FC0000D3370BD094870BD094870BD094870BD2A
:101FD00056B94C21204600F089FC074B53F82520C8
:101FE000E7E74FF470007047044870BD0E00F00042
:101FF0000600F0000200F0007C1207001200F00062
:10200000C8B110B50C4682B18CB9082B0DD15368FC
:10201000102B0ED1136843B101238362D2E9001261
:10202000103000F05DFC204610BD044810BD04488F
:1020300010BD044810BD4FF4700070470400F0005C
:102040000500F0000300F00070B108B5036A013B21
:10205000022B05D831B1102200F042FC002008BD4F
:10206000034808BD034808BD4FF47000704700BF27
:102070000200F0000100F00038B349B31AB338B5DC
:1020800012F00F051BD1046A24F00404032C01D0C4
:1020900003B31D4613462A4601F022FE58B1A0F5AF
:1020A0007100052818D8052816D8DFE800F00503C8
:1020B0000A0303080A4838BD4FF4700038BD0948C8
:1020C00038BD094838BD074870474FF47000704765
:1020D00006487047064838BD4FF4750038BD00BF4C
:1020E0000200F0000A00F0000600F0000800F00016
:1020F0000900F000F8B5079F48B30E460546002AD0
:1021000035D0994239D8002F41D02B6A23F00401F1
:10211000032906991FD0002932D03968B14233D340
:10212000300703D0012B1CD8EB6A23B3114633468A
:10213000069A284601F0E0FE044660B3A0F571045B
:10214000052C37D8DFE804F00310251010174FF4E2
:1021500070042046F8BDA9B139680F2914D9310798
:10216000E4D0032BE2D1DFE7144C2046F8BD002970
:10217000C9D0134CEDE7134CEBE7134C2046F8BDE8
:10218000002ED3D0114CE4E7114C2046F8BD114C81
:10219000DFE7114CDDE72B6A23F00403032B01D0AA
:1021A0003E60D6E706982946102200F099FB1023DE
:1021B0003B60CEE74FF47504CBE700BF0200F000B0
:1021C0000800F0000A00F0000C00F0000900F00028
:1021D0000D00F0001100F0000600F0002DE9F84FAE
:1021E0001E460A9B002B6AD00D4600296FD004467C
:1021F00000287DD0022E5ED816B10B9B002B79D023
:10220000D4F8B872B7F5107F4CD8D4F8BC127B1C48
:10221000994247D895F80090B9F1070F53D8B9F112
:10222000050F50D009F006030737022B4FEAD707F6
:102230003CD07B00013393423BD10A9807F1030B5A
:102240004FF45D7100F1040A2BF0030800F04EFB1F
:10225000414650463B466A1C00F002FC002838D13B
:102260004FEA9B0B5B46594622465046FFF7B6FDA8
:10227000022855D119F0040F3ED10A9B214603F1E3
:1022800094004FF4377200F02BFB4946504600F0A3
:102290006DFC0446002845D1022E45D00A9A264BF3
:1022A00013601CE0254C2046BDE8F88F7B1C934250
:1022B000C3D0234CF7E7234C2046BDE8F88F224CCF
:1022C0002046BDE8F88F214C2046BDE8F88F204C11
:1022D000E9E7204C0A984FF45D7100F007FB0B9B77
:1022E000002BE0D04FF46371184600F0FFFADAE7F4
:1022F000194CD8E7194CD6E70A9B7A1C4C33414657
:10230000184698462A443B4600F0AAFB0028E0D134
:1023100040465B4659462246FFF760FD0228ACD096
:102320000C4CC0E70E4CD5E70B99504600F0FCFC76
:102330000028B3D00446CDE7010000EC9508F0007A
:102340000F08F0001108F0000E08F0000708F00078
:102350000D08F0001008F0000208F0001208F0006C
:102360003008F0002DE9F04383B0019300283DD000
:102370001646002A67D002681F46354B9A4204462B
:102380001BD18FB3052914D0072912D8D0F84C33AC
:10239000C56C21F0020203F10709042A03F11F03AF
:1023A0004FEAD9094FEA531305F0010522D002295B
:1023B00007D0284803B0BDE8F083274803B0BDE844
:1023C000F0833A6809F1010842453ED3304645F0B2
:1023D000020500F8015B9B00221D494600F096FBB8
:1023E00048BBC7F80080E5E71C48E3E71C4803B09A
:1023F000BDE8F0833A684FEA490808F10108424510
:1024000023D3042930460CBF0D4645F006059B003A
:1024100000F8015B221D4946019300F077FB50B99B
:1024200009F10100019B04F14C023044494600F0DF
:102430006DFB0028D5D03046396800F057FA0023EC
:1024400008483B60B6E70848B4E70848B2E700BF71
:10245000010000EC1508F0001A08F0001708F00061
:102460001408F0001B08F0001608F0001808F0002F
:102470002DE9F04782B0DDE90A98002A5CD01D46BC
:10248000002B5ED0B9F1000F5DD0B8F1000F5CD029
:10249000074600285BD08A46002948D014461846D3
:1024A0004FF44C7100F022FA4FF45D71484600F091
:1024B0001DFAD4F8BC621F367609B200013E04F161
:1024C000D801404605EB860600F00AFA0023736047
:1024D0002B1DD4F8BC220093514638464346FFF7E3
:1024E00005F90646C8B128464FF44C7100F0FEF9D4
:1024F00048464FF45D7100F0F9F90C9B23B140F6AA
:102500006811184600F0F2F940464FF4537100F09C
:10251000EDF9304602B0BDE8F087204643464A4612
:10252000294602F06DFE06460028E6D0DBE7094E9C
:10253000304602B0BDE8F087074E304602B0BDE835
:10254000F087064EE5E7064EE3E7064EE1E7064E66
:10255000DFE700BF9008F0000208F0000308F00079
:102560000408F0000508F0009108F0002DE9F041A2
:10257000002940D016461F460A682B4B9A420C464B
:1025800031D1054600283AD00268013B9A422ED14B
:10259000002E45D0002F45D0069BB3B300F1940127
:1025A0004FF4377204F1500000F082F90435211D18
:1025B00068BBD4F808333A680733B2EBD30F4FEA5D
:1025C000D3081ED3069B2846324600F0DDFB0446A6
:1025D000F8B9C7F8008006984FF4537100F086F9F7
:1025E0002046BDE8F081114C2046BDE8F081104C3A
:1025F0002046BDE8F0810F4C2046BDE8F0810E4C2E
:10260000F2E70E4CC7F80080EEE70D4CECE70D4CFE
:10261000EAE73968304600F069F900233B60DAE701
:10262000094CE1E7094CDFE7020000EC3408F00058
:102630003208F0003308F0003108F0003808F000EC
:102640003708F0003A08F0003508F0003608F000CE
:102650000B2804D8034B53F8203003B1184700204F
:10266000704700BFF013070030B5042285B0012386
:10267000C0F8D0200B6068460023CDE90033CDE9D7
:1026800002330C4600F04EF80546C8B9DDE90030CB
:10269000DDE90212E360003BC4E9040118BF012335
:1026A000A26108B143F0020309B143F004030AB187
:1026B00043F00803002228466360A26005B030BDE5
:1026C000014800F0E1F8E1E79412070030B585B069
:1026D00004460D46104803924FF0FF3100F026F9F2
:1026E000039A68B9204600950123002101F0E6FF16
:1026F0000446094800F034F938B9204605B030BD29
:10270000064800F0C1F8039AECE7054800F0BCF871
:10271000204605B030BD00BF286601209C1107008F
:10272000B411070000234FF4FA714FF47A72C0E934
:1027300000228160C3601846704700BF10B500F0EA
:1027400031F8A0B900F01EF920B1032400F070F8B0
:10275000204610BD00F03AF9034680B90D4A1268D0
:10276000120EF02A06D0052400F00EF9EEE704243C
:10277000204610BD0849094A0968914201D0062443
:10278000F2E7074A0120136000F020F90446002810
:10279000DED0E8E728B9025024BA02500000E02059
:1027A0000CBA025008B5184800F0A4F898B91748B8
:1027B00000F0A0F8B8B9164800F09CF8D8B9154B4D
:1027C000124A15481A6000F095F8C0B9134B124A26
:1027D0001A60002008BD124800F056F80B4800F0BF
:1027E00089F80028E7D00F4800F04EF8084800F0BC
:1027F00081F80028E3D00C4800F046F8DFE70B48EA
:1028000000F042F8E2E700BF286601201C660120C4
:102810002066012010660120246601201466012034
:10282000C4120700E0120700FC1207001C13070087
:1028300008B500F03BF80F4800F06AF804210D4895
:1028400000F054F80C4800F063F80B48042100F045
:102850004DF80A4800F05CF840B9094800F058F813
:10286000BDE808400648042100F040B8054800F0E3
:102870000BF8F2E7286601201C6601202066012083
:1028800024660120FC120700BFF34F8F0549064B59
:10289000CA6802F4E0621343CB60BFF34F8F00BFFE
:1028A000FDE700BF00ED00E00400FA05704700BF3F
:1028B000A2B1013A30B401398518421E002012F845
:1028C000013F11F8014F954283EA040340EA0300F7
:1028D000F5D1003818BF012030BC70471046704752
:1028E00005F0E4BC05F0F0BC05F008BD0A46002187
:1028F00005F004BD10B5044610B10020206010BDE5
:102900000248FFF7C1FF0020206010BD3C13070004
:1029100010B5044610B10020206010BD0248FFF73A
:10292000B3FF0020206010BD3C13070010B5044623
:1029300080B10123BFF35B8F54E8002F44E80031DE
:102940000029F9D1BFF35B8F012AF3D0BFF35F8F6A
:10295000002010BD0148FFF797FFEAE7601307006A
:1029600010B5044620B1BFF35F8F0020206010BD7A
:102970000348FFF789FFBFF35F8F0020206010BD81
:10298000801307000020704700207047014B18603B
:10299000704700BF08BA0250014B1860704700BF73
:1029A00004BA025010B5044630B1054B1868044211
:1029B000FCD0044B1C6010BD0348FFF765FFF4E733
:1029C00000BA025008BA0250A013070010B54FF029
:1029D000FF3104461748FFF7A9FFE8B9164A54B17A
:1029E0001368A3B1012B18D0013B1360BDE8104060
:1029F0001048FFF7B5BF106838B9104B10490124D3
:102A0000C3F800450B68002BFCD101301060BDE815
:102A100010400848FFF7A4BF10BD09490B68002B00
:102A2000FCD106480749C0F800356FF07E430B60C3
:102A30001368D9E7206601207C63012000A00250C2
:102A400010B9025004BA02503AB10A44013812F8DF
:102A5000013D00F8013F8A42F9D10020704700BFD4
:102A6000002A48D02DE9F0410446002845D01546FB
:102A70005A1E053234D811F0030631D18B422FD8BB
:102A8000CF1C27F003028A4232D8A2EB030840444D
:102A90001A462946FFF726FF414620464FEA970887
:102AA000FFF724FFB8F1010F1DD0FF0804EB8700EA
:102AB0000438231F04EB880553F8042F55F8041D30
:102AC00012BA09BA834219602A60F5D118F00100E0
:102AD00007D054F827301BBA44F82730002000E014
:102AE0000748BDE8F08123681BBA30462360F8E749
:102AF0000448BDE8F081044870470348F1E700BF8F
:102B0000050DF000090DF000040DF00030B40AB31B
:102B100000B3DBB113F0030518D18B4216D3A9B172
:102B2000904208D002D91344984217D3904202D25F
:102B300043189A4212D91144431E11F8014D03F86B
:102B4000014F8A42F9D1284630BC7047044D2846CF
:102B500030BC7047034D284630BC7047024DF6E745
:102B6000050DF000040DF000060DF000F0B5044670
:102B7000D0F848038DB000F11F062023B6F5187F6A
:102B800000937ED20F46694601F0F0FB054610B176
:102B900028460DB0F0BD7609334604F190020121BC
:102BA00001F024FD01210846052304F5127201F00D
:102BB0001DFD334622460121022001F017FD334658
:102BC00004F1D8020121042001F010FD04F59072F7
:102BD00033460121052001F009FD424A13680193A3
:102BE000019BDB07FAD5404B40493E4A1960136808
:102BF0000293029BD807FAD53B4B3D49394A1960ED
:102C000013680393039BD907FAD5374B3949354AE3
:102C1000196013680493049BDB07FAD5324B364ADC
:102C20001A6007F00603022B2FD004F14802334646
:102C30000121032001F0DAFC2A4A13680593059B61
:102C4000DC07FAD5284B2D49264A196013680693EC
:102C5000069BD807FAD5244B29492A4A19601368DC
:102C60000793079BD907FAD5274A284B126812F415
:102C7000805F08BF1D46009801F062FC28460DB039
:102C8000F0BD234D28460DB0F0BD01F069FE0028CF
:102C900026D01C4A13680893089BDB07FAD51D4B06
:102CA000184A196813680A930A9BD807FAD51A4A72
:102CB0001A4B11601B680993099B5F40F90708D5FF
:102CC000343A13680B930B9BDB07FAD5064B144A77
:102CD0001A60314604F14800032201F05BFCCAE7A8
:102CE000104DC8E7B0B0025080B002508021088873
:102CF00080411831806108880051183180310C887A
:102D000000681051B4B0025088B002501008F000B2
:102D10000F08F0000CB00250E4B00250DCB00250DA
:102D2000C03000294021F00070B5D0E9D2421F34F4
:102D300084B0640900F148030D4601EB84061F329C
:102D400001EBC4010391009300F5B4710346CDE992
:102D500001565209903000F0D3FE70B9304621463A
:102D6000FFF7F4F830B921462846FFF7EFF808B925
:102D700004B070BD024804B070BD024804B070BD1C
:102D80001008F0003008F0002DE9F043D0E9D245FA
:102D90001F3485B0640903EBC40E1E4603EB8407A1
:102DA0001F3500F148030093CDE9027E03460196EA
:102DB000904690306A0900F0A3FE054640B13046C7
:102DC0004FF45371FFF792FD284605B0BDE8F0833C
:102DD00038462146FFF7BAF860B121463046FFF782
:102DE000B5F838B14FEA84094A4640463146FFF704
:102DF0002BFEE4E7004DE2E72008F1002DE9F04F5B
:102E000097B0DDE920744FEA043E4EEA844E4EEA64
:102E100083149D4D44F0045C9C012E680096009E36
:102E2000F607FAD5229DDFF86482974EC8F800C0F5
:102E3000920142EA834242EA053545F010454FEAE5
:102E4000834832680192019AD207FAD58F4ADFF897
:102E500038C215604EEA811E4EF0104E8E01DCF82D
:102E600000200292029AD507F9D53D0345EA87452D
:102E7000864A854FC2F800E044EA050949F0045942
:102E80003A680392039AD207FAD5804ADFF8F8E14C
:102E9000C2F8009044EA033C48EA0C0747F00457A4
:102EA0004FEA033ADEF800200492049AD207F9D5DB
:102EB000764ADFF8D4E117604CEA814949F01049BD
:102EC0008F04DEF800200592059AD207F9D56F4AE3
:102ED000DFF8B4E1C2F8009045F0104545F4807584
:102EE000DEF800200692069AD207F9D5DFF89CE1B9
:102EF000674ADFF89491CEF8005042EA80124FEA18
:102F0000801ED9F800500795079DED07F9D5DFF829
:102F10007CB1DFF884915C4DCBF8002049EA0039A0
:102F20004FEA003B2A680892089AD207FAD5574D13
:102F3000C5F80090239A574D45EA8249524A1268D3
:102F40000992099AD507F9D5504A4F4DC2F8009019
:102F50004CF0245949F400192A680A920A9AD207B7
:102F6000FAD54A4D484AC5F800904EEA030343F0AB
:102F7000484343F4821315680B950B9DED07FAD572
:102F80004EEA0B05DFF804E13F4ACEF8003045EA8F
:102F9000080545F0045513680C930C9BDB07FAD524
:102FA0003A4B394A1D604CEA804040F004501368A7
:102FB0000D930D9BDD07FAD5344BDFF8E0C0324AA4
:102FC00018604AEA0C0C13680E930E9BD807FAD5CA
:102FD0002E4B2D4DC3F800C047EA013746EA070CD7
:102FE0004CF004500A032B680F930F9BDB07FAD5B4
:102FF000264B254D18604CF0104C2B681093109BFD
:10300000DB07FAD5214B204DC3F800C02B68119384
:10301000119BDB07FAD51D4B1B4D1860274347F06A
:1030200004572B681293129BDB07FAD5174B1648EF
:103030001F60239B44EA080444EA033444F010442C
:1030400003681393139BDD07FAD5104B0E481C60E1
:10305000324342F0245242F4101203681493149B3A
:10306000DC07FAD5094B08481A600E4346F048467B
:1030700046F4A21603681593159BDB07FAD5034B9C
:103080001E6017B0BDE8F08FB0B0025080B00250A3
:103090000040102100410021000110214001282999
:1030A0002DE9F04F9FB0AF4F2D9D289E2C0344EA91
:1030B000854C4CEA831C4FEA854E01944CF0104C31
:1030C0009D013C680494049CE407FAD54FEA801BF8
:1030D000A54F4BEA033848EA8646DFF88882C7F8EE
:1030E00000C046F010461F03D8F800400594059C28
:1030F000E407F9D5DFF87082DFF868C24BEA0034E4
:103100000294C8F8006044F0245848F40018DCF831
:1031100000400694069CE607F9D5DFF84C92914EE4
:10312000C9F8008045EA070C4EEA0C0E4EF0104E2E
:1031300034680794079CE407FAD5299CDFF82892A5
:10314000DFF82082C9F800E047EA811646EA8446A3
:103150008C0146F010460094D8F800400894089C72
:10316000E407F9D5009CDFF80082DFF8F891C8F891
:10317000006044EA013E4EF0245848F40018D9F8A3
:1031800000400994099CE607F9D52A9CDFF8D891FC
:10319000744EC9F800804FEA043A4AEA844A2A9CED
:1031A0004AEA050A4AF0104A4FEA844934680A9408
:1031B0000A9CE407FAD52B9C47EA8446064303960B
:1031C000694E684CC6F800A0039E46F0484A4AF093
:1031D000C00A26680B960B9EF607FAD5624C614E24
:1031E000C4F800A049EA0C0A4AF0104A34680C946A
:1031F0000C9CE407FAD52C9C47EA84460E430396C0
:10320000594E584CC6F800A0039E2E4346F0484A3B
:1032100026680D960D9EF607FAD5019C44EA8216A3
:10322000514C46EA09094F4EC4F800A049F0104934
:103230004FEA821A34680E940E9CE407FAD54A4C81
:10324000484EC4F800904AEA824A4AF0104A4AF4CA
:10325000405A4FEA824934680F940F9CE407FAD52C
:10326000414E404CC6F800A026681096109EF60706
:10327000FAD53D4EDFF8F8A03A4CC6F800A0266813
:103280001196119EF607FAD5374EDFF8E8A0354CB7
:10329000C6F800A026681296129EF607FAD5324E9E
:1032A000DFF8D4A02F4CC6F800A04EF0104E4EF41C
:1032B000402E26681396139EF607FAD52A4E2B4CFD
:1032C000C6F800E044EA804E303680043468149436
:1032D000149CE407FAD547EA8347DFF88CA0214C19
:1032E000CAF800E04BEA070646F0484646F00306F7
:1032F0004FEA834A23681593159BDB07FAD5DFF85D
:1033000068E0184CCEF80060029B43F0045646F487
:10331000801623681693169BDB07FAD5124CDFF84C
:1033200044E02660DEF800301793179BDC07F9D5E0
:103330000D4CDFF830E0266040F0045040F482404D
:10334000DEF800301893189BDB07F9D5009B054C7D
:103350004AEA01011943044B41F04841186041F425
:1033600080410BE0B0B0025080B0025000410090AC
:1033700000310C90C0400C90C03020292368199374
:10338000199BDE07FAD5194B1948196003681A937F
:103390001A9BDC07FAD5154B1549C3F8008049EA9A
:1033A00002322A4342F010420B681B931B9BD80742
:1033B000FAD50E4B0E491A602F4347F010470B68A1
:1033C0001C931C9BDA07FAD5084B094A1F604CF086
:1033D000104141F4301113681D931D9BDB07FAD592
:1033E000024B19601FB0BDE8F08F00BF80B00250E3
:1033F000B0B002502DE9F04F99B0DFF870C2269CB2
:10340000239D270347EA844949F0104646F0800689
:1034100099464FEA844EDCF800300193019BDC07AB
:10342000F9D5914B914C1E604FEA894949EA8019C0
:1034300049F0104646F400564FEA801A236802937A
:10344000029BDB07FAD5884B884C1E604AEA003C99
:103450004CF0245646F4001623680393039BDB07C5
:10346000FAD5814B814C1E604EF0104646F4025650
:1034700023680493049BDB07FAD5229B7B4C4FEA1D
:10348000834E4EEA811E784B4EF0104E1E604EF475
:10349000005E8E0123680593059BDB07FAD5724B0E
:1034A000724CC3F800E046EA013949F0245B4BF462
:1034B000001B23680693069BDB07FAD54FEA053EFF
:1034C000694B6A4CC3F800B04EEA854E4EF0104E80
:1034D0004EF0800E4FEA854823680793079BDD076F
:1034E000FAD5249B604C40EA834545F048455F4B44
:1034F000C4F800E045F403551C680894089CE407F0
:10350000FAD5594B594C1D6048F0104545F4025509
:1035100023680993099BDB07FAD5259BDFF848E16F
:10352000524CCEF8005041EA834343F0484545F4FD
:10353000025523680A930A9BDB07FAD547EA8217EC
:10354000494B4A4C1D6047EA080848F0104795016E
:1035500023680B930B9BDB07FAD5434B434C1F604F
:1035600045EA824242F0104242F4405223680C93F2
:103570000C9BDD07FAD53C4B3C4C1A6023680D933D
:103580000D9BDA07FAD5384B394C384A1C60136862
:103590000E930E9BDB07FAD5334B364C334A1C6037
:1035A00013680F930F9BDF07FAD52F4B324C1C602B
:1035B0002E4A49F0104444F4402413681093109BA1
:1035C000DD07FAD5284B2D4D284A1C6045EA804579
:1035D000800413681193119BDC07FAD5224B284C09
:1035E000224A1D604AEA040413681293129BDB0707
:1035F000FAD51D4B1D4A1C604CF0045444F4801451
:1036000013681393139BDF07FAD5174B174A1C60F7
:1036100013681493149BDD07FAD5134B134A1C60EF
:1036200040F0045040F4824013681593159BDC076A
:10363000FAD50D4B0D4A18600E4346F0484646F445
:10364000042613681693169BD907FAD5064B074A2A
:103650001E6013681793179BDB07FAD5024BC3F85C
:1036600000B019B0BDE8F08F80B00250B0B0025089
:1036700000310C90C0400C90C030202900410090D7
:10368000032008C82DE9F043974AABB013680993AB
:10369000099BDF07FAD5954B9549934A1960136842
:1036A0000A930A9BDE07FAD5904B92498E4A19601D
:1036B00013680B930B9BDD07FAD58C4B8E498A4A16
:1036C000196013680C930C9BDC07FAD5874B8B4968
:1036D000854A196013680D930D9BD807FAD5834B63
:1036E0008749814A196013680E930E9BD907FAD552
:1036F0007E4B844A1A601B2000F030FD04461820DF
:1037000000F02CFD8442784A09D913680F930F9E6C
:1037100016F00106F9D0754B7B4A1A6009E0136870
:103720001093109BDB07FAD5704B784A1A60044659
:1037300000266D4A13681193119BDF07FAD56B4B76
:103740007349694A196013681293129BDD07FAD511
:10375000664B704A1A601C201D2118220B238DE82D
:103760000F000F230E220D210C20FFF747FB013421
:103770000C200D210E220F238DE80F0024F00104F0
:103780001323122211211020FFF738FB0125A11E5F
:1037900008AB07AA1B20089500F02CFD022800F0BA
:1037A0006A81032800F04081012800F0168100277B
:1037B0004D4A13681F931F9BDB07FAD54B4B5649A5
:1037C000494A196013682093209BDD07FAD5474BBF
:1037D0005249454A196013682193219BD807FAD5AD
:1037E000424B4F4A1A60043C39D44FF01709162552
:1037F0004FF01A0815211420CDE900011A231622D2
:10380000CDE90259FFF7FAFA142003468DE82201A8
:10381000162201F07BFB08AB07AA21461B2000F013
:10382000E9FC00EB87000430072816D8DFE800F039
:10383000A1A8A59D99958404122711221023152172
:103840001420CDE904270393CDE900010295172345
:103850001622FFF725FC4FF0FF37023CCAD519208E
:103860001C21162215231824CDE90121CDE90304DA
:1038700000930E2214230D210C20FFF7BBFD1A4AE2
:10388000002F40F0818013682693269BDC07FAD531
:10389000164B2449144A196013682793279BD807AD
:1038A000FAD51248204B2149214C0F4A0460002EC2
:1038B00014BF1E460E4613682893289BD907FAD5D5
:1038C0000A4B094A1E6013682993299BDB07FAD526
:1038D000064B184A1A6018231D221C21012001F0F2
:1038E00029FC2BB0BDE8F083B0B0025080B002508C
:1038F0000002002100822021408220218082242198
:1039000040066E4900966929C0066649C0066249AC
:10391000000662410016624940D62129C0D3202901
:10392000C0142129C05521294007564940075E4946
:103930000007524900065A490E270D220C23152173
:103940001420CDE904270393CDE900010295172344
:103950001622FFF7A5FB00277FE718271D221C234F
:10396000EDE718271D221C2369E7182719221C23BD
:10397000E5E7122713221023E1E70E270F22DDE7E8
:103980000E270F220C235AE713682293229BD90794
:10399000FAD54C4B4C494D4A196013682393239B2D
:1039A000DB07FAD547484A4B4A494B4C474A046023
:1039B000002E14BF1E460E4613682493249BDF0777
:1039C000FAD5404B414A1E6013682593259BDD07BD
:1039D000FAD53C4B414A1A607DE73C4A1368139381
:1039E000139BD807FAD5374B3D49384A19601368FD
:1039F0001493149BD907FAD5324B3A49334A1960CC
:103A000013681593159BDB07FAD52E4B36492F4AC1
:103A1000196013681693169BDF07FAD5294B334AB2
:103A20001A604FF0FF37C3E6284A13681B931B9BAD
:103A3000DF07FAD5234B2E49244A196013681C93DB
:103A40001C9BDD07FAD51F4B2A49204A19601368D1
:103A50001D931D9BD807FAD51A4B27491B4A19609D
:103A600013681E931E9BD907FAD5164B234A1A607A
:103A70004FF0FF379CE6154A13681793179BDD0735
:103A8000FAD5104B1649114A196013681893189B00
:103A9000D807FAD50B4B13490C4A196013681993D0
:103AA000199BD907FAD5074B0F49084A19601368C3
:103AB0001A931A9BDB07FAD5024B0C4A1A600027AF
:103AC00076E600BF80B00250C0D32029B0B00250CB
:103AD0004007364940073E490007324900063A4947
:103AE000000532494005364980053A49C0053E493E
:103AF000000542494005464980054A49C0054E49EE
:103B00002DE9F04F0D4687B0044611462846009235
:103B10009846FEF71BFAD4F8BC32009904F1D80A93
:103B20001F3306465B0952462846FEF757F9002E1A
:103B300070D001286ED0D4E9AEB0394B584593F916
:103B40001A2093F91CC000924FF0200793F91B2014
:103B500093F91D30059738BF584605A90192CDF855
:103B600008C0039300F002FC074618B1384607B0BE
:103B7000BDE8F08F2B490BF11F094FEA59194B464D
:103B8000C1F800B02246012100F030FD01210846B5
:103B900004F5DC72052300F029FD4B4604F14802D0
:103BA00001210B2000F022FDD4F8BC329DF8084022
:103BB0009DF800001F3352465B099DF80CA00121BF
:103BC00000F014FD42464B462046012100F00EFD58
:103BD000109A4B465046012100F008FD06F11F03E4
:103BE0005B099DF804002A46012100F0FFFCFFF765
:103BF00049FD11982246494600F0CCFC12985246E5
:103C0000494600F0C7FC059800F09AFC384607B01A
:103C1000BDE8F08F044F384607B0BDE8F08F00BF15
:103C2000D013070090B002503008F10038B5224B95
:103C3000224A0121054619601368002BFCD1204A55
:103C40001368002BFCD11F4A1368002BFCD11E4ABD
:103C50001368002BFCD11D4B1C68002CFCD14FF0CD
:103C6000FF30FEF793FE2B6A23F00403032B184B5F
:103C700018680CBF20F0400020F08000FEF78CFE9A
:103C8000144B00221A602B6A23F00402032A18BF87
:103C90006C6A114A4FEA830318BF04F0010403F071
:103CA0001C031C4314602B6A072B02D10B4B01220F
:103CB0001A60002038BD00BF00B9025070B4025035
:103CC00020BD025020BC025038BD025038BC02500A
:103CD00004BA0250BCB40250C0B402507CB40250CA
:103CE000002800F0BF80F8B51D46436B0E4617460E
:103CF0000446002B35D0012B02D1B5F5803F33D2DD
:103D000065484FF0FF31FEF711FE002857D1002023
:103D1000FEF75CFE00284ED1604B01221A60236A38
:103D2000032B28DC002B28DA5D4A1368002BFCD11A
:103D30005A4A1360236A23F00403032B594B186873
:103D40000CBF40F0400040F08000FEF725FE01204F
:103D5000FEF73CFE002836D14F48FEF701FE28B999
:103D6000F8BDB5F5805FCBD34F48F8BD4F48FEF79F
:103D70008BFD0020F8BD072BD6D1636A012BD3D869
:103D8000636B012BD0D8A36B012BCDD82046FFF756
:103D90004DFF0028C8D1A36A012B6CD033F002027A
:103DA00063D0236A5A1E062A1BD8DFE802F0104BA4
:103DB000101A1A1A10003E48FEF766FDACE73D489F
:103DC000FEF762FDA3E73C48FEF75EFDC4E73B4B10
:103DD00022681A6062685A60A2689A60E268DA60D3
:103DE000236A23F00403032B31D0A36B012B4CD0A7
:103DF000334A344B176020201D60636B012B2CD09D
:103E0000314A324B16601D60FEF7CCFD244A136820
:103E1000002BFCD1236A013B062B10D8DFE803F00E
:103E20000414040F0F0F0400244A294B1268226067
:103E30001A6862605A68A26008331B68E360012355
:103E4000236371E7234BC3E7224A234BEEE7636BFF
:103E5000012B01D01020D3E74020204A204B1660D0
:103E60001D60D1E74FF4710070471E491E4A0B6078
:103E70000123136095E71D4B22691A6062695A603D
:103E8000A2699A60E269DA608BE7194A194B1760F8
:103E900080201D60B1E700BF2866012010B80250E5
:103EA00010B9025004BA02500500F100B411070025
:103EB000CC1107009C110700EC11070040B4025020
:103EC00030BD025034BD025030BC025034BC0250F0
:103ED00044B4025060B4025064B4025028BC025092
:103EE0002CBC025038BA025078B4025000B40250D0
:103EF00028BD02502CBD02502DE9F041002800F0F1
:103F000081801D46036A072B0F46044616D055B91B
:103F1000032B0FD1036B6BB9C0E90F55C0E91155E5
:103F200000F13C0710252B4639462046BDE8F041FC
:103F3000FFF7D6BE2E463046BDE8F081436B002B1E
:103F400037D1B5F5805F39D215B9236B002B35D148
:103F500067484FF0FF31FEF7E9FC002840F09780FA
:103F60000020FEF733FD002840F09980614B0122CC
:103F70001A60236A032B23DC002B23DA5E4E5F4A90
:103F80001368002BFCD15B495D4A0B60106840F060
:103F90004000FEF701FD0120FEF718FD00287AD150
:103FA0005348FEF7DDFC0028C5D05648FEF76CFCF0
:103FB000C1E7012BC8D1B5F5803FC5D3524EBAE752
:103FC000072BDBD1636A012B78D8636B012B57D8A1
:103FD000A36B012B00F284802046FFF727FE0646E4
:103FE0000028CCD1A36A012B6AD033F0020271D031
:103FF000236A013B062B13D8DFE803F009440912BA
:10400000121209004FF471063046BDE8F0813F4BB3
:1040100022681A6062685A60A2689A60E268DA6090
:104020003B493C4A01230B601560002D3BD1226BBC
:104030000AB9394A1360314B1E68002EFCD1236A3D
:10404000013B062B9BD801A252F823F069400600E1
:1040500089400600694006007F3F06007F3F06005A
:104060007F3F060069400600284A2C4B12682260F8
:104070001A6862605A68A26008331B68E3607EE7D2
:10408000274E7CE7274BC3E7264A274BEEE7274816
:10409000FEF7FAFB64E72648FEF7F6FB80E72548C3
:1040A000FEF7F2FB62E7636B012B1BD0224A234B26
:1040B000176010201D60FEF775FCBCE7204E5EE720
:1040C000204B22691A6062695A60A2699A60E269AB
:1040D000DA608DE71C491D4A0B600123136087E7F6
:1040E0001B4E4CE71B4A1C4B176040201D60E2E74B
:1040F0002866012010B802500100F10010B90250EA
:1041000004BA0250B41107000500F10040B4025097
:104110007CB40250BCB4025024B5025044B40250E6
:104120000300F10060B4025064B402509C11070017
:10413000EC110700CC11070030BC025034BC025017
:104140000200F10000B4025038BA025078B40250B4
:104150000400F10028BC02502CBC025030B4214AAB
:1041600084B013680093009BDC07FAD500F1A053DC
:1041700003F52C439B001B4A186813680193019BAD
:10418000D907FAD5184B1A6812F11F0348BF02F17C
:104190003E035B11591E0FD4124A144D144C136880
:1041A0000393039BDB07FAD50B182B60236802935C
:1041B000029B2BB90139F2D2580104B030BC7047D0
:1041C00001314801A0F120014FF0004202E0013826
:1041D0008142F2D013424FEA5202F8D004B030BC10
:1041E000704700BFB4B00250ACB00250E4B002500F
:1041F000DCB0025070B41C6885B001F01F0644B9F1
:104200001E2E06D01068F04000F0030005B070BC10
:1042100070470F4D2C680194019CE407FAD500F11A
:10422000A05404F52C44A400094D20682C68039484
:10423000039CE407FAD5074C00EB611106482160A6
:10424000016802910299116000211960DAE700BF4C
:10425000B4B00250E4B00250DCB00250A0F1200330
:10426000B3F5426F61D8F0B48F2882B053D900F112
:104270001F035B095B013F339B09013311B18B4283
:1042800055D80B46DC004FF48051B1FBF4F12029E6
:1042900028BF202102B11160264C274D01260022A3
:1042A00026600239144603FA06F640F6FC778C4283
:1042B00004F10104B6BF2A602F6092191E2C05F18B
:1042C0000405F4D11D4C1E4D226032442A6000F1D9
:1042D0003F011C4A1C4DDFF890C0E56021F03F0112
:1042E00010604031194F1A4E1A4D1B48CCF800107F
:1042F0009B011A493B6033602B60E3620360D3612A
:104300000A680192019AD207FAD5154A0020136073
:1043100002B0F0BC704700F1470400F16603E40608
:104320004FEA5313A6D00133A4E70E4870470D4857
:10433000EEE700BF1CB8025000B0025078B0025047
:104340007CB0025090B0025020F80F0098B002509C
:104350009CB00250A0B00250A8B00250B4B00250BD
:10436000ACB002502221F00094B0025038B504469F
:104370000D4619484FF0FF31FEF7D8FA60B900201A
:10438000FEF724FB80B920462A460021FFF766FF8E
:104390000446A0B9204638BD1048FEF775FA002043
:1043A000FEF714FB0028EED00D48FEF76DFA20460C
:1043B0002A460021FFF752FF04460028EAD00120D8
:1043C000FEF704FB20B90448FEF7CAFA204638BDC0
:1043D0000448FEF759FAF6E71C6601209C11070015
:1043E000CC110700EC1107002DE9F0434E4C89B0C9
:1043F00023680193019BDD07FAD54C4B13449B00C6
:104400000A181D681E2A05F11F0588BF1E224FEAE3
:10441000551502FB05F288BFC0F11E01B2F5806F91
:1044200004D94FF48061B1FBF5F1091A002976DD5A
:1044300000F1A05000F52C4005F1010E4FF0000CEA
:10444000394ADFF8F4803A4C87002EF001066046C6
:1044500013680293029BDB07FAD5D7F80090136824
:104460000393039BDB07FAD5C8F80090002355B1EE
:1044700001339D422060FBD1AE4204D92B4601336B
:104480009E422060FBD10CF1010C614507F104074D
:10449000DED1254A13680493049BDC07FAD5254B2B
:1044A000214A196813680593059BD807FAD5224B52
:1044B00019607DB100231E491A4601339D420A60EE
:1044C000FBD1AE4206D91A492B46002201339E4247
:1044D0000A60FBD1144A13680693069BD907FAD5E4
:1044E000164B114A196813680793079BDB07FAD527
:1044F000114B196035B100230D491A4601339D4215
:104500000A60FBD1AE4207D9094A002301E00EF14F
:10451000010E76451360FAD109B0BDE8F08305F1CC
:10452000010E2EF00106B4E7B4B0025024AC001422
:10453000D8B002507CB00250D4B0025078B00250D3
:1045400008B558B90F4B00221A600120FEF73EFA59
:1045500098B90D48FEF704FA50B908BD2028014665
:104560004FF0070228BF20210020FFF73DFFE9E7B9
:10457000BDE808400548FEF787B90548FEF784F90D
:10458000E7E700BF1CB802501C660120B411070009
:10459000EC11070010B4124C85B023680193019B05
:1045A000DB07FAD502F1A05202F52C4293000C4A27
:1045B0001C6813680393039BDB07FAD5094B1C6047
:1045C00051B10438084A00EB810113680293029B41
:1045D00040F8043F8842F8D105B05DF8044B7047BD
:1045E000B4B00250E4B00250DCB0025070B42F4DB1
:1045F00085B02C680094009CE407FAD500F1A05027
:1046000000F52C408000294C056820680190019835
:10461000C607FAD52648012605609BB1043A254E07
:1046200002EB830452F8040F3060A242FAD15E1C00
:1046300026F00102934205D21E4C00200133934222
:104640002060FBD1194A26F0010013680293029BF7
:10465000DC07FAD5184B0B449B001B681F33B0EBEB
:10466000531F4FEA53121DD210490B680393039B4B
:10467000DB07FAD50E4B0544121A1D6012D0002339
:104680000C481946013393420160FBD15A1C22F0B9
:104690000101994206D90748002300E001328A420D
:1046A0000360FBD105B070BC704700BFB4B00250CE
:1046B000D4B00250D8B0025024AC0014F8B5069E15
:1046C000002E33D001292FD8012B31D81C4C07469E
:1046D00000251C4825600468002CFCD11A4D2C686C
:1046E000002CFCD1194D2C68002CFCD1184D2C68E5
:1046F000002CFCD1174D2C68002CFCD1012B19D0BB
:104700001548164B026020201E6001290BBF144B78
:10471000144B154A154A17601E60FEF743F9144BF7
:1047200018680028FCD1F8BD1248F8BD1248F8BD41
:104730001248F8BD1248134B026080201E60E4E767
:1047400000B9025070B4025020BD025020BC02508B
:1047500038BD025038BC025030BD025034BD02504A
:104760002CBC025034BC025028BC025030BC025059
:1047700010B902500200F4000100F4000300F4003C
:1047800028BD02502CBD02502DE9F043644A93B07D
:1047900013680093009BD907FAD5624B6249634ABC
:1047A000196013680193019BDB07FAD5604B1B6806
:1047B000DF0400F1AF805A4A13680293029BDE07C0
:1047C000FAD5584B5B49594A196013680393039B08
:1047D000DD07FAD5564B1B68DC0400F18580534B8E
:1047E000554E4F494F4FDFF86CC14FF00109DFF8CC
:1047F00068E1524D00241A680492049AD007FAD551
:1048000030681A680692069AD207FAD5CEF80000E8
:104810002A680592059A12B95DE052080134D00762
:10482000FBD514F01F0568D11D680995099DE8079F
:10483000FAD5434DD5F800801D680B950B9DED070B
:10484000FAD5DFF814E13D4DCEF800802D680A95C9
:10485000E0070A9D05D505F00704032C4AD0052C76
:1048600048D002F00302032A05D105F00305032D09
:1048700008BFC9F100090A680C920C9AD407FAD54E
:10488000304A3A600A680D920D9AD007FAD52E4A3E
:104890003A600A680E920E9AD207FAD52B4A3A600D
:1048A0000A680F920F9AD507FAD5294A3A600A6822
:1048B0001092109AD407FAD51B4A3A601A681192DE
:1048C000119AD007FAD51A4A1268D2048FD54846F1
:1048D00013B0BDE8F0830A680792079AD207FAD5A9
:1048E000C7F800C0203486E74FF00109484613B0EE
:1048F000BDE8F083C9F10009B3E7DFF860E0013DEE
:104900004EEA053E0D680895089DED07FAD5C7F8F3
:1049100000E089E74FF00009484613B0BDE8F08396
:10492000B0B0025080B0025000082A51B4B002501A
:1049300088B0025000182A5128B00250DCB0025052
:104940002CB0025000032A4980022E49C0C228A17F
:10495000C002324980F22961E4B00250800228612D
:104960002DE9F047894ABAB013680093009BD80735
:10497000FAD5874B8749884A196013680193019BD0
:10498000D907FAD5854B1B68DB0400F19181824A77
:1049900013680393039BDE07FAD5814B7E4A19689F
:1049A00013680593059BDD07FAD57E4A7E4B11609F
:1049B0001B680493049F07F00303032B00F0748229
:1049C00007F00703052B714A00F02781136819933C
:1049D000199BDC07FAD56E4B74496C4A1960136851
:1049E0001A931A9BD807FAD5694B714A1A60FFF7D8
:1049F000CBFE013000F01D82644A13681B931B9BA1
:104A0000D907FAD562486B4B0360013F40F07182D1
:104A10005E49DFF8D0C1604B674E624D624CB846CC
:104A20000A681C921C9AD207FAD5C0F800C008F197
:104A300020081A681D921D9AD707FAD537681A6898
:104A40001F921F9AD207FAD52F6022681E921E9FCE
:104A5000002FE5D017F0010311D17F08FE0719469A
:104A600003F10103F9D5494802682092209AD5073D
:104A7000FAD5524A464842EA013198440160434A15
:104A800013682193219BDC07FAD5414B4C493F4ADF
:104A9000196013682293229BD807FAD53C4B494AE8
:104AA0003A4CDFF84491484E414D1A609A462368CB
:104AB0002393239BD907FAD5CAF80090236824933F
:104AC000249BDA07FAD5CAF8006023682593259B52
:104AD000DB07FAD5CAF80050FFF756FE0130E6D1E1
:104AE0002A4A13682693269BDC07FAD5284B3749B8
:104AF000264A196013682793279BD807FAD5244BB9
:104B00003349224A196013682893289BD907FAD59C
:104B10001F4B2A491D4A196013682993299BDB07FB
:104B2000FAD51B4B2B49194A196013682A932A9B03
:104B3000DE07FAD5164B2849144A196013682B93DF
:104B40002B9BDD07FAD51248244A104BDFF89C90C6
:104B5000DFF89CE0224EDFF89CC002601A682C92BD
:104B60002C9AD407FAD5C0F800901A682D922D9A85
:104B7000D107FAD50849094DC0F800E000241A68A9
:104B80002E922E9AD207FAD5066035E0B0B00250C8
:104B900080B0025000081251B4B0025088B00250E8
:104BA00000B00250E4B00250DCB002508002124962
:104BB000C0020249C01002290CB00250C0000C61B2
:104BC000C0011E41C0111E4980021E49C0311C98FF
:104BD000C0100E21C030109840021249809184A864
:104BE00000182651C0F00D61C0111E2140320C8802
:104BF00040622488409224880A682F922F9AD20714
:104C0000FAD52A68D20460D401341A683092309AF6
:104C1000D207FAD5C0F800C0B1E713680993099B21
:104C2000DB07FAD5854B8649864A196013680A93D3
:104C30000A9BDF07FAD5814B8349824A19601368C2
:104C40000B930B9BDE07FAD57C4B80497D4A19609C
:104C500013680C930C9BDD07FAD5784B7C497D4A91
:104C6000196013680D930D9BDC07FAD57A4B754AD2
:104C70001B68D80440F1928013680E930E9BD907ED
:104C8000FAD56E4B75496F4A196013680F930F9BE5
:104C9000DB07FAD5694B72496A4A196013681093A9
:104CA000109BDF07FAD5654B6E4A1A60002054E06E
:104CB000644A13680293029BDF07FAD55F4B6A4A86
:104CC0001A6001203AB0BDE8F087002C3FD0A8EB75
:104CD0000404012C33D0621E02F01F01002A4FF0A1
:104CE0000107B8BF04F11E028F4051111A683292B9
:104CF000329AD207FAD55D4A564C02602268339246
:104D0000339AD507FAD55A4A524C1568226834921C
:104D1000349AD207FAD5574C574A29442160176074
:104D20001A683592359AD207FAD5544A02601A6841
:104D30003692369AD507FAD5514A02600EE71A68BC
:104D40003192319AD107FAD54E4A026006E707F050
:104D50000303032B40F0C58001203A4A13683793C0
:104D6000379BDC07FAD5354B4749364A196013683B
:104D70003893389BD907FAD5304B4449354A1960E6
:104D800013683993399BDB07FAD5334B1B6813F44F
:104D9000805F18BF01203AB0BDE8F0871368119317
:104DA000119BDE07FAD5254B39492A4A1960136849
:104DB0001293129BDD07FAD5274B1B68DC04C3F363
:104DC0000030CAD51F4B1A681392139AD107FAD52F
:104DD0001A4B304A1B491A600B681493149BDA076C
:104DE000FAD5164B1E4A17491A600B681593159B86
:104DF000DB07FAD5114B284A12491A600B68169343
:104E0000169BDF07FAD50D4B244A0E491A600B6832
:104E10001793179BDE07FAD5084B214A09491A60F8
:104E20000B681893189BDD07FAD5044B1D4A1A60CE
:104E30003CE700203AB0BDE8F08700BF80B00250E8
:104E400040120229B0B00250C01124618071109844
:104E500000181A51B4B0025088B0025080310221BB
:104E600080211861C0601098C0000E4100022241EC
:104E700020B00250D4B00250D8B0025040821C98EA
:104E8000C0900C88C0700C8880310C880048185184
:104E9000009818518051022940121071C061249865
:104EA00040021071C0901C88343A13680693069B28
:104EB000DC07FAD5104B1149114A196013680793A2
:104EC000079BD807FAD50C4B0E490D4A1960136899
:104ED0000893089BD907FAD5074B0B4A1A600020A4
:104EE0003BE707F00707052F4FF001003FF435AF10
:104EF000E8E64FF00008ADE580B00250C010022196
:104F0000B0B0025080110C61C0601098F0B595B03F
:104F10007D4C1A9E370347EA864747F0045545F013
:104F2000800526680096009EF607FAD51B9C764EF3
:104F3000920142EA0434754A44F01044156044F486
:104F4000002432680192019AD507FAD56F4A6E4E55
:104F5000146047EA811747F010478A0134680294C9
:104F6000029CE407FAD54FEA033C4CEA834C674BBA
:104F7000654C1F604CF0045646F08006236803938E
:104F8000039BDF07FAD5614B5F4C1E6023680493D7
:104F9000049BDD07FAD55D4B5D4F5E4C5A4E1C609D
:104FA00047EA81478C0433680593059BDB07FAD5F4
:104FB000564B554E1F604CF0104C4CF4807C3368BF
:104FC0000693069BDD07FAD5504E534D4E4FC6F85B
:104FD00000C045EA801586013B680793079BDB0705
:104FE000FAD54A4F4D4BDFF820C13D6043EA003E01
:104FF0000703DCF800300893089BDD07F9D5434D23
:10500000DFF828C1C5F800E01C9B30354CEA834E20
:105010002B680993099BDB07FAD53C4B3A4DC3F843
:1050200000E02B680A930A9BDB07FAD5374B3C4D0F
:10503000DFF8FCC01D60344D46EA0C0C2B680B9366
:105040000B9BDB07FAD5314B2F4DC3F800C03E4315
:1050500046F0045646F400262B680C930C9BDF07A1
:10506000FAD52A4D2F4B2E6043EA804030352B680D
:105070000D930D9BDE07FAD5244B234D18602B684A
:105080000E930E9BDB07FAD5204B274D1E481D6063
:10509000144344EA013444F004550E0303680F93AB
:1050A0000F9BDF07FAD5194B17481D6044F01044D9
:1050B00003681093109BDB07FAD5144B12481C6051
:1050C00003681193119BDF07FAD5104B0E481D6042
:1050D000164346F0245646F4101603681293129BAA
:1050E000DC07FAD5094B08481E600A4342F04842E3
:1050F00042F4A21203681393139BDB07FAD5034B08
:105100001A6015B0F0BD00BFB0B0025080B00250C0
:1051100080200090802008210040102100011021F3
:1051200080202029802000214021282900410021C1
:10513000024010C830B42D4C88B020680090009810
:10514000C507FAD52A4C2B482B4D2560303440EA50
:10515000834523680193019BD807FAD5900140EA63
:105160008240234B214A1D6040F0104444F4C04467
:1051700013680293029BDB07FAD51D4B1B4A1C6088
:1051800013680393039BDD07FAD58B0143EA814142
:10519000174B1A4D1D60154A41F0104545F4C045A6
:1051A00013680493049BDB07FAD5114B0F4A1D606B
:1051B00013680593059BDD07FAD50D4B0B4A1C6060
:1051C00041F0584113680693069BDC07FAD5084B5B
:1051D000064A196040F0584013680793079BDB07A5
:1051E000FAD5034B186008B030BC7047B0B002501D
:1051F00080B0025080710098C0210229806118900F
:105200002DE9F04385B000284CD00E4600294ED041
:105210001546002A4DD0002B3FD0D0F8BC22039376
:1052200005F14C0700F5B6731F3201F1040905F1D1
:105230000408CDE9018700935209494600F59273AD
:105240000446FEF75DFC0746A8B94FF437722146C5
:1052500006F15000FDF744FB174B336021464FF435
:10526000377205F19400FDF73BFB144B2B60384679
:1052700005B0BDE8F08300244846346021462C6028
:105280004C22FDF731FB404621469022FDF72CFBD6
:105290000B4F384605B0BDE8F0830A4F384605B0DD
:1052A000BDE8F083084F384605B0BDE8F083074FEE
:1052B000DDE7074FDBE700BF020000EC010000EC78
:1052C0003008F0000508F0000208F0000308F000C4
:1052D0000408F00000487047201407000048704799
:1052E000FC16070000487047D819070000487047AF
:1052F000B41C070000487047901F07000048704723
:105300006C22070000487047482507000048704796
:105310002428070000487047002B0700004870470A
:10532000DC2D070000487047B83007000B460146E7
:10533000184602F0EDBE000051EC100BF8B5C1F3B9
:105340000A53A3F2FF35132D10EE106A0C4632DC1F
:10535000002D1EDB364F2F4101EA070303432FD0F8
:1053600031A3D3E9002301F0DFFE0022002302F085
:1053700021FB48B1002C04DD4FF4801343FA05F5FE
:105380002C4424EA070400262346324643EC102B23
:10539000F8BD25A3D3E9002301F0C6FE00220023B7
:1053A00002F008FB0028EFD0002C39DB264333D075
:1053B000204C0026E8E7332D05DDB5F5806F23D0BE
:1053C00041EC100BF8BDA3F213434FF0FF37DF4061
:1053D0000742F5D014A3D3E9002301F0A5FE002273
:1053E000002302F0E7FA0028CED0002C09DD142DAE
:1053F00014D00123C5F1340503FA05F5AE1928BF11
:10540000E41826EA0706BFE710EE102A0B4601F063
:105410008BFE41EC100BF8BD3446B5E70134F0E7E4
:1054200000264FF00044AFE79C7500883CE4377ECF
:10543000FFFF0F000000F03F00B551EC100B264AB3
:1054400021F00043934285B01EDD244A934209DDDA
:1054500010EE102A0B4601F065FE41EC100B05B072
:105460005DF804FB684600F05BFA00F003000128D9
:1054700011D0022825D0E8B19DED021B9DED000B57
:10548000012001F0B1FAEAE79FED111B00F044FDA5
:1054900005B05DF804FB9DED021B9DED000B01F0D6
:1054A000A3FA53EC102B03F1004300EE903A05B041
:1054B0005DF804FB9DED021B9DED000B00F02CFD43
:1054C000CDE79DED021B9DED000B00F025FDE8E70B
:1054D0000000000000000000FB21E93FFFFFEF7F1C
:1054E00051EC100B0A1EC2F30A5370B5C2F313023B
:1054F000A3F2FF3542F48014B4BF4FF0FF32012213
:10550000132D15DC002D32DB4FF400232B412344F7
:10551000C5F1140023FA00F0002102FB01F1D517B8
:1055200000FB0511A2FB00230B441046194670BD79
:105530003E2D23D8332D28DCA3F213434FF0004136
:10554000D9400E1828BF0134A3F12001C3F1200077
:1055500024FA00F004FA01F1142D41EA000104FAE2
:1055600003F0C5F13403D8D0DE403043D5E7013530
:105570001CD0002200231046194670BD02F00CFC1E
:1055800002460B461046194670BDA3F21345A3F21E
:105590003341C5F120060B4624FA06F604FA05F558
:1055A00004FA01F1984031432843B6E7D317BCE72A
:1055B00000B551EC100B284A21F00043934285B00E
:1055C00025DD264A934209DD10EE102A0B4601F034
:1055D000A9FD41EC100B05B05DF804FB684600F036
:1055E0009FF900F00300012819D0022826D0E8B165
:1055F0009DED021B9DED000B00F08EFC53EC102B7B
:1056000003F1004300EE903A05B05DF804FB9FED16
:10561000101B002001F0E8F905B05DF804FB9DEDDA
:10562000021B9DED000B00F077FCD4E79DED021B03
:105630009DED000B012001F0D7F9CCE79DED021B99
:105640009DED000B012001F0CFF9D7E7AFF300800B
:105650000000000000000000FB21E93FFFFFEF7F9A
:1056600000F05EB82DE9F0432DED028B8BB055ECC8
:10567000104B00F08BFB284BB0EE408AF0EE608AB6
:1056800093F900707B1C12D022462B4620462946F7
:1056900002F09AF9064650B94FF000084FF00009A1
:1056A0002046294642464B4602F066F940B9B0EE24
:1056B000480AF0EE680A0BB0BDEC028BBDE8F0833F
:1056C000164B08960122CDE90445CDE9024500922A
:1056D000019397B142464B464046494602F004F8D2
:1056E000022FCDE906010AD102F020FD212303603B
:1056F000089B63B99DED068BD9E7CDE9068968461D
:1057000001F076FC0028EFD0089B002BF2D002F0CD
:105710000DFD089B0360EDE728630020943307002C
:1057200051EC110B2DE9F0474342794E034321F030
:10573000004C4CEAD373B34255EC104B82B047D8BF
:105740006342234325F0004A4AEAD373B34210EE82
:1057500010EAA9463CD801F1404303F58013034306
:105760004CD04FEAA17808F002085AEA040348EA4C
:10577000D57838D05CEA000348D0B4455DD0B24556
:1057800044D0AAEB0C0CBCF1747F4FEA2C534FDAD7
:10579000002961DA3C335FDA9FED4F7B8DED007BB2
:1057A000B8F1010F78D0B8F1020F64D0B8F1000F52
:1057B00014D04BA3D3E90023DDE9000101F0B2FCD2
:1057C00049A3D3E9002301F0ADFCCDE9000105E0D8
:1057D00022462B4601F0A8FCCDE900019DED000B0F
:1057E00002B0BDE8F087B8F1020F17D0B8F1030F8F
:1057F00009D19FED3F7B8DED007BEFE702B0BDE867
:10580000F04701F0B1B98DED000BE7E7B9F1000FFA
:1058100009DB9FED397B8DED007BDFE79FED327B70
:105820008DED007BDAE79FED367B8DED007BD5E7D4
:105830009FED317B8DED007BB2E7E24508F1FF384B
:1058400032D0B8F1020F3AD8324B03EBC80898EDCA
:10585000007B8DED007BC1E702460B4620462946C2
:1058600001F042FF41EC100B01F032FB01F07CF93A
:105870008DED000B94E71AA3D3E90023DDE90001C5
:1058800001F050FC02460B4617A1D1E9000101F0DE
:1058900049FCCDE90001A1E7DDE90023019901F10F
:1058A0000043CDE9002399E7B8F1020F0CD81A4B59
:1058B00003EBC80898ED007B8DED007B8EE79FED34
:1058C000067B8DED007B89E79FED0F7B8DED007BE7
:1058D00084E700BFAFF3008000000000000000007C
:1058E000075C143326A6A13C182D4454FB21094023
:1058F000182D4454FB2109C0182D4454FB21F93FB5
:10590000182D4454FB21F9BF182D4454FB21E93FC5
:105910000000F07FB8330700A0330700000000004C
:105920002DE9F04F53EC102B2DED048B924923F011
:1059300000458D4289B0044640F38F808F498D42E7
:105940009B462DDCBBF1000F194610EE100A80A318
:10595000D3E9002340F3C78101F0E4FB884B9D426B
:1059600006460F4600F091807BA3D3E9002301F0A7
:10597000D9FB02460B46C4E900233046394601F004
:10598000D1FB75A3D3E9002301F0CCFBC4E90201EC
:105990004FF0010A504609B0BDEC048BBDE8F08F12
:1059A00078498D4240F3948077498D4210EE100A79
:1059B00061DC4FEA255AAAF2164AA5EB0A511646AF
:1059C0000F4602F017F801F0FBFC8046894630468E
:1059D000394642464B46CDE9028901F0A3FB6B4BA9
:1059E000002201F057FD0F46064602F003F8054677
:1059F00001F0E6FC02460B4630463946CDE9042369
:105A000001F090FB614B002201F044FD02460B4681
:105A1000CDE906230022002301F0A4FF002800F0B6
:105A20006081002D0CBF01230223594A01920221FB
:105A30005246009102A8214600F0AEFBBBF1000FD8
:105A40008246A7DA6268E36802F1004203F100438C
:105A5000C0F1000A6260E3609CE7002000214FF083
:105A6000000AC4E90201504684ED000B09B0BDEC08
:105A7000048BBDE8F08F194601F054FB4FF0000A8B
:105A8000C4E90201C4E9000184E735A3D3E9002396
:105A900001F048FB34A3D3E9002306460F4601F08A
:105AA00041FB02460B46C4E900233046394601F06B
:105AB00039FB2DA3D3E9002301F034FB4FF0010A99
:105AC000C4E90201504609B0BDEC048BBDE8F08F7B
:105AD00001F0FEF957EC106B10EE100A24A3D3E985
:105AE0000023394601F0D6FC2A4B002201F01CFBB2
:105AF00001F080FF824601F063FC15A3D3E9002387
:105B00008046894601F0C6FC02460B4630463946BF
:105B100001F008FB10A3D3E9002306460F464046D8
:105B2000494601F0B7FCBAF11F0F49EC198B47EC5D
:105B3000186B8046894631DC174B0AF1FF3253F867
:105B40002230AB422AD002460B4630463946A4E00A
:105B500000004054FB21F93F3163621A61B4D03D2B
:105B60000000601A61B4D03D7370032E8A19A33B04
:105B700083C8C96D305FE43FFB21E93F7BD9024018
:105B8000FB21F93FFB213941FFFFEF7F000070410E
:105B9000503407000000E03FD033070042464B4638
:105BA00051EC180B01F0BEFA0A46C2F30A53C3EBDC
:105BB0001553102B0146064617464FEA255573DD4F
:105BC00069A3D3E9002351EC190B01F063FC59ECF4
:105BD000188B06460F4632463B4618EE100A4946D9
:105BE00001F0A0FA41EC180B404653EC182B494643
:105BF00001F098FA32463B4601F094FA5CA3D3E9EF
:105C0000002306460F4651EC190B01F043FC3246C7
:105C10003B4601F087FA8046894642464B4651ECA6
:105C2000180B01F07FFA0A46C2F30A53ED1A312D20
:105C300001460646174637DD50A3D3E9002351EC51
:105C4000190B01F027FC56EC185B8046894642464A
:105C50004B4618EE100A314601F064FA41EC180B7D
:105C6000314653EC182B284601F05CFA42464B466D
:105C700001F058FA43A3D3E9002306460F4651EC3E
:105C8000190B01F007FC32463B4601F04BFA804607
:105C9000894651EC180B42464B4601F043FAC4E9E1
:105CA000000106460F4601E0C4E9001232463B46B9
:105CB00051EC180B01F036FA42464B4601F032FA2D
:105CC000BBF1000FC4E90201BFF664AE07F1004565
:105CD00001F10043C4E90065C4E90203CAF1000A06
:105CE00058E60323A1E601F01FFA234B9D42064626
:105CF0000F4616D01AA3D3E9002301F015FA024685
:105D00000B46C4E900233046394601F00BFA14A3D0
:105D1000D3E9002301F008FA4FF0FF3AC4E9020189
:105D200038E611A3D3E9002301F0FEF910A3D3E96B
:105D3000002306460F4601F0F7F902460B46C4E978
:105D400000233046394601F0EDF909A3D3E90023D9
:105D500001F0EAF94FF0FF3AC4E902011AE600BF88
:105D60003163621A61B4D03D0000601A61B4D03D65
:105D70007370032E8A19A33BFB21F93F0000002E0C
:105D80008A19A33BC14920259A837B392DE9F0412B
:105D90005F4A57EC106BBA4300F09880002F10EE6A
:105DA000104A3B464EDD39155BD0C3F31303CA07D7
:105DB00043F48013A1F2FF3E03D45B0003EBD473E2
:105DC0006400E20F4FF0000C02EB43034FEA6E0E4B
:105DD0006400664616254FF40012B118994202DCA1
:105DE0005B1A8E1894445B00013D03EBD4734FEAB9
:105DF00052024FEA4404F0D12F4620204FF00042D7
:105E000009E03ED0E10F01384FEA520201EB4303B3
:105E10004FEA44043ED0B34202EB0501F1DD002914
:105E200001EB020509DBB0469B1BA14288BF03F1D1
:105E3000FF33641A17444646E4E7002DF3DB06F10E
:105E40000108F1E727F00042324336D0002F4DD150
:105E50003946E20A153964051346002AF9D0D702FB
:105E600051D400205B00DE02054600F10100F9D5A7
:105E70001A4623468440C0F12000C3401343491B07
:105E800093E7A142BED8002901EB0205D5DB984675
:105E90000023CEE7234312D178084FEA6C0101F1C9
:105EA0007F511CF0010F01F5001118BF40F00040B8
:105EB00001EB0E53024643EC102BBDE8F0817B1C36
:105EC00016BF781C0CF1010C4008E6E710EE102A12
:105ED00010EE100A3B46394601F0DCFA32463B46EA
:105EE00001F022F941EC100BBDE8F08110EE102A10
:105EF0003046394601F016F902460B4601F0F4FB34
:105F000041EC100BD9E7234620204FF0FF35B4E7D2
:105F10000000F07F000000002DE9F84F57EC106BF7
:105F200027F00049B9F1795F2DED048B5BEC11ABE3
:105F300071DA10EE100A394601F05CFD002800F01D
:105F4000F68032463B463046394601F0A3FA7CA340
:105F5000D3E9002304460D4601F09CFA7AA3D3E965
:105F6000002301F0E1F822462B4601F093FA78A3D2
:105F7000D3E9002301F0D6F822462B4601F08AFA35
:105F800075A3D3E9002301F0CFF822462B4601F098
:105F900081FA73A3D3E9002301F0C4F822462B460B
:105FA00001F078FA70A3D3E9002301F0BDF822468E
:105FB0002B4601F06FFA41EC180B714B0022204682
:105FC000294601F067FA53EC182B80468946204693
:105FD000294601F05FFA52465B4604460D463046BC
:105FE000394601F057FA02460B462046294601F091
:105FF00099F802460B464046494601F093F802469E
:106000000B4600205F4901F08DF8BDEC048B41EC9C
:10601000100BBDE8F88F10EE102A10EE100A3B4668
:10602000394601F037FA46A3D3E9002304460D466A
:1060300001F030FA44A3D3E9002301F075F82246B9
:106040002B4601F027FA42A3D3E9002301F06AF8B6
:1060500022462B4601F01EFA3FA3D3E9002301F0AC
:1060600063F822462B4601F015FA3DA3D3E900233D
:1060700001F058F822462B4601F00CFA3AA3D3E976
:10608000002301F051F82B46224601F003FA3E4B63
:10609000994541EC180B90DD3C4B99453CDC0022C6
:1060A000A9F50013374900209046994601F03AF8C7
:1060B00041EC190B324B00222046294601F0EAF947
:1060C00042464B4601F02EF853EC182B8046894689
:1060D0002046294601F0DEF952465B4604460D464D
:1060E0003046394601F0D6F902460B46204629468D
:1060F00001F018F802460B464046494601F012F8F6
:1061000002460B4651EC190B01F00CF8BDEC048B68
:1061100041EC100BBDE8F88F9FED157BDFF8709018
:10612000B0EE479AF0EE679A4FF00008C2E7BDEC78
:10613000048B9FED110BBDE8F88F00BFAFF300801B
:10614000D43888BEE9FAA8BDC4B1B4BD9EEE213EE4
:10615000AD529C804F7E923E9015CB19A001FA3E25
:106160007751C1166CC1563F4C5555555555A53FF5
:10617000000000000000E73F000000000000F03FCA
:106180000000E03F0000F03F3233D33F0000E93F22
:106190000000D23F000000002DE9F04FADF5197D61
:1061A000BB4CA29D089354F825400594013B12F185
:1061B000140F04900B910393C0F22683B549D31EAC
:1061C00081FB0301DB17C3EBA10307930133A3EBAF
:1061D0008303DB00D3180693079A039BD41A059A0E
:1061E000D6181AD40136A39F4FF000084FF00009CB
:1061F000264420AD08E057F8240001F0E1F801340E
:10620000B442E5E8020108D0002CF4DA013440463B
:106210004946B442E5E80201F6D1059B002BC0F2E5
:10622000C883089BDDF80C90DA000292059A1A44A4
:106230000192049A20A901EBC30A0DF5E07B02EB61
:10624000C308039B002B4FF000044FF0000511DB47
:10625000049E574677E90223F6E8020101F01AF995
:1062600002460B462046294600F05EFF464504469E
:106270000D46EFD1019B09F101099945EBE8024573
:106280000AF1080ADDD1059A04980CA901EB8203F2
:1062900002990144083B8B460BA90993134601EB75
:1062A00082020A920193019A98A901EBC203002A83
:1062B00053E928452ADD0DF5E07909EBC2080DF117
:1062C000300A754B00222046294601F0E3F801F020
:1062D00091FB01F075F8714B002206460F4601F064
:1062E000D9F802460B462046294600F01BFF01F074
:1062F00081FB044678E902234AF8044B30463946CC
:1063000000F012FFC84504460D46DAD1DDF81890BA
:1063100045EC104B484600F06FFE55EC104B002248
:106320004FF07F5310EE100A294601F0B3F841EC0C
:10633000100B00F0D9FD5A4B51EC100B002201F06C
:10634000A9F802460B462046294600F0EBFE0D4612
:10635000044601F04FFB804601F032F80B4602463E
:106360002946204600F0DEFE4B46002B06460F462F
:1063700040F39880019A0CA9013AC9F1180351F829
:10638000225045FA03F101FA03F3EB1AC9F117059C
:106390000CA843FA05F5002D40F82230884400F39C
:1063A0008B80002200233046394601F0DBFA0028BA
:1063B00000F05682019B059A03F1FF3A524510DC2A
:1063C00003F180430CAA013B0A9802EB83030022ED
:1063D00053F80419834242EA0102F9D1002A40F03D
:1063E000DC80059B0CAA013B52F82330002B40F0C7
:1063F000CF80099A012352F8041901330029FAD0F9
:1064000001994A1CCB1802939146079B089902EB0D
:10641000030A019B0B44984620AB0AF1804A03EB28
:10642000C808A39B0AF1FF3A03EB8A0A70AB03EB9F
:10643000C20301935AF8040F00F0C2FF0B46039900
:1064400002460029C8E9002347464FF0000408F13E
:1064500008084FF0000511DB049E01E077E90223F4
:10646000F6E8020101F016F802460B4620462946DE
:1064700000F05AFE5E4504460D46EFD1019BE3E86D
:1064800002450193029B09F101099945D2DD09E713
:1064900098350700ABAAAA2A0000703E00007041A0
:1064A000000020406BD1019B0CAA013B52F8235005
:1064B000ED15002D7FF775AF019B002B08F101084A
:1064C00040F3CC810C9C002C51D1019B012B20D09E
:1064D0000CAB012253F8044F002C4BD0531C0CA9D9
:1064E000C4F1807441F822400199994210DD0CAA50
:1064F0000CA852F8232000EB830300EB81006FF01F
:106500007F4100E01A688A1A43F8042B8342F9D1CC
:106510000124069B002B0EDD012B00F06A81022B6B
:1065200009D1019B5A1E0CAB0CA953F82230C3F3BE
:10653000150341F82230022D7FF433AF32463B463B
:10654000B949002000F0EEFD06460F46002C3FF44E
:1065500028AF06989FEDB00B00F04EFD304639464F
:1065600053EC102B00F0DEFD06460F4619E7012321
:106570000022B4E7019901328A42ABD1C9E7AB4BA3
:10658000002201F00DFA002840F05681054608E788
:10659000019B5A1C9146029237E70CAB069A53F8BE
:1065A0002A30CDF81C80183A0395069273B9019BE6
:1065B00003F18043023B0CA901EB830353F8041958
:1065C0000AF1FF3A183A0029F8D006929FED920B93
:1065D000069800F011FDBAF1000F55EC104BC0F217
:1065E000DE8170AB03EBCA0B0CAA0AF10103069320
:1065F00002EB83084FEACA030BF10809049358F829
:10660000040D00F0DDFE22462B4600F043FF064657
:106610000F46874B2046294669E90267002200F0B1
:1066200039FF0CAB984504460D46E8D148ABCDE99F
:10663000013ADDF814A0BAF1000F4FF000092CDB8D
:1066400077A3D3E90023DFF8EC815F46002400251F
:10665000002603E0B14510DBF8E80223F7E8020169
:1066600000F018FF02460B462046294600F05CFD6C
:106670000136B24504460D46ECDA019B029A03EB63
:10668000C9034A45C3E90045ABF1080B09F1010311
:1066900006D0BAF1000F9946D2DA00240025ECE7C3
:1066A000A29BDDF808A0022B1EDC002B00F30F815B
:1066B00013D1049C019D0834002000212C4474E96E
:1066C000022300F031FDA542F9D1039B13B101F182
:1066D000004319460B9BC3E90001079B03F0070029
:1066E0000DF5197DBDE8F08FA29B032BF5D1BAF112
:1066F000000F00F07081019A049BD318D3E9004584
:1067000002EBCA0B7BE902672046294632463B462C
:1067100000F00AFDA046A94604460D4622462B4637
:106720003046394600F0FEFC4B46424600F0FCFC89
:10673000019B5B45CBE90045CBE90201E2D1BAF10F
:10674000010F40F34881019A049B0AF1005A0AF1B3
:10675000FF3A13444FEACA01D3E9004501F1080AA0
:10676000029192440DF5947B7AE90267204629460E
:1067700032463B4600F0D8FCA046A94604460D46EA
:1067800022462B463046394600F0CCFC42464B466A
:1067900000F0CAFCD345CAE90045CAE90201E3D1C9
:1067A000029C019B0026002710341C4403F11005B5
:1067B0003046394674E9022300F0B6FCA542F9D10F
:1067C00006460F46039B002B40F0BF80019A0B99B1
:1067D000D2E90045D2E90223C1E90223079B03F075
:1067E0000700C1E90467C1E900450DF5197DBDE861
:1067F000F08F019B5A1E0CAB0CA953F82230C3F347
:10680000160341F8223096E600216FF01703079136
:10681000E0E400BFAFF30080000000000000F03FA4
:1068200000000040FB21F93F0000F03F0000E03F86
:106830000000703E60350700019B002B08F1010845
:10684000C8BF02253FF73EAE32463B4663490020B3
:1068500000F068FC022506460F46A2E5002458E633
:10686000069B0395584247EC106BCDF81C8000F056
:10687000C3FB55EC104B5A4B10EE100A0022294670
:1068800001F08EF8002856D0564B002220462946AB
:1068900000F000FE01F0AEF8064600F091FD504B0E
:1068A000002200F0F7FD0B4602462946204600F084
:1068B00039FC01F09FF8069B019C183304F1010A92
:1068C00006930CAB43F8240043F82A607EE6019D52
:1068D000069A002005EBC204002174E9022300F0AF
:1068E00023FCA542F9D1039B002B48D10B9BC3E9A4
:1068F00000010B4601990246D1E9000100F012FCAB
:10690000BAF1000F0DDD4AAD0124F5E80223013490
:1069100000F00AFCA245F8DA039B13B101F1004331
:1069200019460B9BC3E90201079B03F007000DF515
:10693000197DBDE8F08F2046294601F05BF8019BE8
:106940000CAA9A4642F8230040E6019B19465A6871
:10695000DB680D688C680B9903F10043CB60079BE3
:106960000D6002F100424A6003F0070007F10042A7
:106970008C600E614A610DF5197DBDE8F08F0B9CAE
:1069800001F10043C4E900030B4601990246D1E935
:10699000000100F0C7FBBAF1000FB4DCBEE7A29B18
:1069A000022B0ADC002B11DC7FF497AE00200021C3
:1069B0008BE6089BDB00029365E4A29B032B7FF42C
:1069C0008CAE48AB002600270193FBE648AB0020C5
:1069D0000021019387E700260027F3E60000F03F3F
:1069E000000070410000703E2DE9F04F55EC104B57
:1069F00085B025F00043B3F1795F8DED001B039066
:106A000007DA10EE100A294600F0F4FF002800F023
:106A1000898022462B462046294600F03BFD06464B
:106A20000F4632463B462046294600F033FD43A33D
:106A3000D3E9002382468B463046394600F02AFDD2
:106A400040A3D3E9002300F06DFB32463B4600F043
:106A500021FD3EA3D3E9002300F066FB32463B460E
:106A600000F018FD3BA3D3E9002300F05BFB3246A6
:106A70003B4600F00FFD39A3D3E9002300F054FB9F
:106A8000039B80468946ABB3DDE900012A4B002217
:106A900000F000FD42464B46804689465046594626
:106AA00000F0F8FC02460B464046494600F03AFB2F
:106AB00032463B4600F0EEFCDDE9002300F032FBFD
:106AC0001BA3D3E9002306460F465046594600F063
:106AD000E1FC02460B463046394600F025FB0246F3
:106AE0000B462046294600F01DFB41EC100B05B07B
:106AF000BDE8F08F02460B463046394600F0CAFC2E
:106B00000BA3D3E9002300F00DFB52465B4600F0D7
:106B1000C1FC22462B4600F007FB41EC100B05B0F0
:106B2000BDE8F08F45EC104B05B0BDE8F08F00BF1D
:106B3000495555555555C53F0000E03F7CD5CF5AC6
:106B40003AD9E53DEB9C2B8AE6E55A3E7DFEB157EE
:106B5000E31DC73ED561C119A0012A3FA6F8101157
:106B60001111813F000000002DE9F84F55EC104B4A
:106B7000CD4B25F000469E42AA460DDDCB4B9E42F2
:106B800000F3B58000F0B080BAF1000F40F3F6805A
:106B90009FEDA90BBDE8F88FC54B9E4200F3C38063
:106BA000A3F1DE739E4240F3AC804FF0FF3B2246E0
:106BB0002B462046294600F06DFC02460B468046D7
:106BC000894600F067FC9EA3D3E9002306460F46E2
:106BD00000F060FC9CA3D3E9002300F0A5FA324644
:106BE0003B4600F057FC9AA3D3E9002300F09CFA3F
:106BF00032463B4600F04EFC97A3D3E9002300F059
:106C000093FA32463B4600F045FC95A3D3E90023B6
:106C100000F08AFA32463B4600F03CFC92A3D3E9EE
:106C2000002300F081FA42464B4600F033FC90A36B
:106C3000D3E90023804689463046394600F02AFCD5
:106C40008DA3D3E9002300F06DFA32463B4600F0F5
:106C500021FC8BA3D3E9002300F064FA32463B46C3
:106C600000F018FC88A3D3E9002300F05BFA324659
:106C70003B4600F00FFC86A3D3E9002300F052FA54
:106C800032463B4600F006FCBBF1FF3F02460B4696
:106C900078D04046494600F047FA864E22462B46B9
:106CA00000F0F8FB844B06EBCB064FEACB0B9B4482
:106CB000DBE9002300F036FA22462B4600F032FAD8
:106CC00002460B46D6E9000100F02CFABAF1000F9B
:106CD00041EC100B13DA10EE901A024601F100435A
:106CE00043EC102BBDE8F88F002C3FF44DAF22464B
:106CF0002B462046294600F017FA41EC100BBDE860
:106D0000F88F65A3D3E9002310EE100A294600F09E
:106D10000BFA6A4B002200F04DFE00283FF445AF0D
:106D200045EC104BEBE700F0D3F8654B9E4255EC79
:106D3000104B39DCA3F550239E4262DC10EE102A82
:106D400010EE100A2B46294600F0EEF95B4B0022AC
:106D500000F0E8F900224FF0804306460F46204637
:106D6000294600F0E1F902460B463046394600F06C
:106D7000BBFC4FF0000B04460D4618E79FED480B97
:106D8000BDE8F88F4046494600F0CEF922462B4632
:106D900000F080FB02460B462046294600F0C2F96F
:106DA00041EC100BBDE8F88F464B9E421DDA10EE09
:106DB000100A454B0022294600F0B4F9424B064622
:106DC0000F4600222046294600F064FB3B4B002280
:106DD00000F0AAF902460B463046394600F084FC22
:106DE0004FF0020B04460D46E1E62B4610EE102A4A
:106DF0003649002000F078FC4FF0030B04460D46A6
:106E0000D5E610EE100A2D4B0022294600F08AF933
:106E10002A4B002206460F462046294600F084F9F8
:106E200002460B463046394600F05EFC4FF0010B3F
:106E300004460D46BBE600BF182D4454FB21F93F24
:106E400011DA22E33AAD903FEB0D76244B7BA93F5C
:106E5000513DD0A0660DB13F6E204CC5CD45B73F2A
:106E6000FF8300922449C23F0D5555555555D53FD6
:106E70002F6C6A2C44B4A2BF9AFDDE522DDEAD3FCA
:106E80006D9A74AFF2B0B33F711623FEC671BC3F6A
:106E9000C4EB98999999C93F9C7500883CE4377E6A
:106EA000182D4454FB21F9BFFFFF0F440000F07F71
:106EB000FFFFDB3FA8350700C83507000000F03FA3
:106EC000FFFFF23F008003400000F83F0000F0BFEA
:106ED00051EC100B10EE102A21F0004343EC102B64
:106EE000704700BF0000000051EC100BF8B5C1F373
:106EF0000A53A3F2FF35132D10EE106A0C4620DC66
:106F0000002D3DDB384F2F4101EA070303431DD01D
:106F100033A3D3E9002300F007F90022002300F097
:106F200049FD48B1002C04DA4FF4801343FA05F50B
:106F30002C4424EA070400262346324643EC102B57
:106F4000F8BD332D05DDB5F5806F29D041EC100B70
:106F5000F8BDA3F213434FF0FF37DF400742F5D0EF
:106F60001FA3D3E9002300F0DFF80022002300F084
:106F700021FD0028E0D0002C23DB26EA0706DBE712
:106F800017A3D3E9002300F0CFF80022002300F07C
:106F900011FD0028D0D0002C0ADB00263446CBE7B8
:106FA00010EE102A0B4600F0BFF841EC100BF8BDB4
:106FB00024F000430D4A1E43002E18BF144600263D
:106FC000BAE7142D08D00123C5F1340503FA05F5FD
:106FD000AE1928BFE418D0E70134CEE7AFF3008044
:106FE0009C7500883CE4377EFFFF0F000000F0BF77
:106FF000002070470000000038B553EC102BC3F39D
:107000000A511C46054681BB10EE101A23F00044BD
:10701000214329D0194600223D4B3E4C10EE100A68
:1070200000F038FAA54202460B4616DB0C46C1F3C7
:107030000A513639294440F2FE70814221DC002990
:1070400047DC11F1350F34DA4CF250318D4218DC47
:10705000002B27A1D1E9000144DB25A3D3E90023BC
:1070600000F018FA41EC100B38BD40F2FF7081427D
:10707000E0D110EE100A194600F056F841EC100B62
:1070800038BD002B1CA1D1E9000107DB1AA3D3E90D
:10709000002300F0FFF941EC100B38BD18A1D1E935
:1070A000000115A3D3E9002300F0F4F941EC100B23
:1070B000F3E724F0FF4424F4E004363144EA0153BA
:1070C000104619460022144B00F0E4F941EC100B75
:1070D00038BD24F0FF4424F4E00444EA015343ECB7
:1070E000102B38BD08A1D1E90001B6E7AFF300804D
:1070F00059F3F8C21F6EA5019C7500883CE4377EE9
:107100009C7500883CE437FE59F3F8C21F6EA581D8
:1071100000005043B03CFFFF0000903C81F0004174
:1071200002E000BF83F0004330B54FEA41044FEA6C
:10713000430594EA050F08BF90EA020F1FBF54EA07
:10714000000C55EA020C7FEA645C7FEA655C00F0A3
:10715000E2804FEA5454D4EB5555B8BF6D420CDD74
:107160002C4480EA020281EA030382EA000083EAF7
:10717000010180EA020281EA0303362D88BF30BD97
:1071800011F0004F4FEA01314FF4801C4CEA1131ED
:1071900002D0404261EB410113F0004F4FEA03334C
:1071A0004CEA133302D0524263EB430394EA050FD7
:1071B00000F0A780A4F10104D5F1200E0DDB02FA46
:1071C0000EFC22FA05F2801841F1000103FA0EF2DA
:1071D000801843FA05F359410EE0A5F120050EF1A0
:1071E000200E012A03FA0EFC28BF4CF0020C43FAD1
:1071F00005F3C01851EBE37101F0004507D54FF0DE
:10720000000EDCF1000C7EEB00006EEB0101B1F52D
:10721000801F1BD3B1F5001F0CD349085FEA300073
:107220004FEA3C0C04F101044FEA445212F5800F7E
:1072300080F09A80BCF1004F08BF5FEA500C50F11B
:10724000000041EB045141EA050130BD5FEA4C0CFE
:10725000404141EB0101013C28BFB1F5801FE9D25B
:1072600091F0000F04BF01460020B1FA81F308BF7E
:107270002033A3F10B03B3F120020CDA0C3208DD4A
:1072800002F1140CC2F10C0201FA0CF021FA02F125
:107290000CE002F11402D8BFC2F1200C01FA02F195
:1072A00020FA0CFCDCBF41EA0C019040E41AA2BFBA
:1072B00001EB0451294330BD6FEA04041F3C1CDA82
:1072C0000C340EDC04F11404C4F1200220FA04F0A2
:1072D00001FA02F340EA030021FA04F345EA03014C
:1072E00030BDC4F10C04C4F1200220FA02F001FA0E
:1072F00004F340EA0300294630BD21FA04F0294690
:1073000030BD94F0000F83F4801306BF81F4801128
:107310000134013D4EE77FEA645C18BF7FEA655C9B
:1073200029D094EA050F08BF90EA020F05D054EA6D
:10733000000C04BF1946104630BD91EA030F1EBF72
:107340000021002030BD5FEA545C05D14000494176
:1073500028BF41F0004130BD14F580043CBF01F569
:10736000801130BD01F0004545F0FE4141F470014F
:107370004FF0000030BD7FEA645C1ABF194610462A
:107380007FEA655C1CBF0B46024650EA013406BF2B
:1073900052EA033591EA030F41F4002130BD00BFEA
:1073A00090F0000F04BF0021704730B54FF48064A7
:1073B00004F132044FF000054FF0000150E700BF28
:1073C00090F0000F04BF0021704730B54FF4806487
:1073D00004F1320410F0004548BF40424FF0000174
:1073E0003EE700BF42004FEAE2014FEA31014FEAB7
:1073F00002701FBF12F07F4393F07F4F81F0605106
:10740000704732F07F4208BF704793F07F4F04BF50
:1074100041F40021704730B54FF4607401F000452D
:1074200021F000411CE700BF50EA010208BF70478D
:1074300030B54FF000050AE050EA010208BF70477E
:1074400030B511F0004502D5404261EB41014FF4E7
:10745000806404F132045FEA915C3FF4D8AE4FF0EF
:1074600003025FEADC0C18BF03325FEADC0C18BFD2
:10747000033202EBDC02C2F1200300FA03FC20FA23
:1074800002F001FA03FE40EA0E0021FA02F1144470
:10749000BDE600BF70B54FF0FF0C4CF4E06C1CEA89
:1074A00011541DBF1CEA135594EA0C0F95EA0C0FFA
:1074B00000F0DEF82C4481EA030621EA4C5123EA6D
:1074C0004C5350EA013518BF52EA033541F480119C
:1074D00043F4801338D0A0FB02CE4FF00005E1FB4F
:1074E00002E506F00042E0FB03E54FF00006E1FB99
:1074F00003569CF0000F18BF4EF0010EA4F1FF04DC
:10750000B6F5007F64F5407404D25FEA4E0E6D411B
:1075100046EB060642EAC62141EA55514FEAC5202C
:1075200040EA5E504FEACE2EB4F1FD0C88BFBCF5A8
:10753000E06F1ED8BEF1004F08BF5FEA500E50F159
:10754000000041EB045170BD06F0004646EA01011F
:1075500040EA020081EA0301B4EB5C04C2BFD4EB51
:107560000C0541EA045170BD41F480114FF0000E4A
:10757000013C00F3AB8014F1360FDEBF002001F0B8
:10758000004170BDC4F10004203C35DA0C341BDC32
:1075900004F11404C4F1200500FA05F320FA04F004
:1075A00001FA05F240EA020001F0004221F0004138
:1075B00010EBD37021FA04F642EB06015EEA430EAB
:1075C00008BF20EAD37070BDC4F10C04C4F12005DB
:1075D00000FA04F320FA05F001FA04F240EA02008E
:1075E00001F0004110EBD37041F100015EEA430E5F
:1075F00008BF20EAD37070BDC4F1200500FA05F27F
:107600004EEA020E20FA04F301FA05F243EA0203FD
:1076100021FA04F001F0004121FA04F220EA02000C
:1076200000EBD3705EEA430E08BF20EAD37070BD52
:1076300094F0000F0FD101F00046400041EB010132
:1076400011F4801F08BF013CF7D041EA060195F014
:10765000000F18BF704703F00046520043EB0303CE
:1076600013F4801F08BF013DF7D043EA06037047BB
:1076700094EA0C0F0CEA135518BF95EA0C0F0CD0C6
:1076800050EA410618BF52EA4306D1D181EA03010C
:1076900001F000414FF0000070BD50EA410606BF06
:1076A0001046194652EA430619D094EA0C0F02D14B
:1076B00050EA013613D195EA0C0F05D152EA033690
:1076C0001CBF104619460AD181EA030101F00041AE
:1076D00041F0FE4141F470014FF0000070BD41F0F7
:1076E000FE4141F4780170BD70B54FF0FF0C4CF4D1
:1076F000E06C1CEA11541DBF1CEA135594EA0C0FF0
:1077000095EA0C0F00F0A7F8A4EB050481EA030E3C
:1077100052EA03354FEA013100F088804FEA033323
:107720004FF0805545EA131343EA12634FEA0222F1
:1077300045EA111545EA10654FEA00260EF00041B2
:107740009D4208BF964244F1FD0404F5407402D204
:107750005B084FEA3202B61A65EB03055B084FEA95
:1077600032024FF480104FF4002CB6EB020E75EB92
:10777000030E22BFB61A754640EA0C005B084FEABA
:107780003202B6EB020E75EB030E22BFB61A754637
:1077900040EA5C005B084FEA3202B6EB020E75EB82
:1077A000030E22BFB61A754640EA9C005B084FEAFA
:1077B0003202B6EB020E75EB030E22BFB61A754607
:1077C00040EADC0055EA060E18D04FEA051545EAF6
:1077D00016754FEA06164FEAC30343EA52734FEA9F
:1077E000C2025FEA1C1CC0D111F4801F0BD141EA18
:1077F00000014FF000004FF0004CB6E711F4801F7D
:1078000004BF01430020B4F1FD0C88BFBCF5E06F5C
:107810003FF6AFAEB5EB030C04BFB6EB020C5FEA6C
:10782000500C50F1000041EB045170BD0EF0004EC1
:107830004EEA113114EB5C04C2BFD4EB0C0541EAF3
:10784000045170BD41F480114FF0000E013C90E6F0
:1078500045EA060E8DE60CEA135594EA0C0F08BFB4
:1078600095EA0C0F3FF43BAF94EA0C0F0AD150EAB3
:1078700001347FF434AF95EA0C0F7FF425AF104646
:1078800019462CE795EA0C0F06D152EA03353FF46E
:10789000FDAE1046194622E750EA410618BF52EAEB
:1078A00043067FF4C5AE50EA41047FF40DAF52EABF
:1078B00043057FF4EBAE12E74FF0FF3C06E000BF5C
:1078C0004FF0010C02E000BF4FF0010C4DF804CD69
:1078D0004FEA410C7FEA6C5C4FEA430C18BF7FEA29
:1078E0006C5C1BD001B050EA410C0CBF52EA430C57
:1078F00091EA030F02BF90EA020F0020704710F1D7
:10790000000F91EA030F58BF994208BF90422CBF65
:10791000D8176FEAE37040F0010070474FEA410C5E
:107920007FEA6C5C02D150EA013C07D14FEA430C7C
:107930007FEA6C5CD6D152EA033CD3D05DF8040BED
:10794000704700BF8446104662468C46194663461F
:1079500000E000BF01B5FFF7B7FF002848BF10F1F6
:10796000000F01BD4DF808EDFFF7F4FF0CBF01203B
:1079700000205DF808FB00BF4DF808EDFFF7EAFFB7
:1079800034BF012000205DF808FB00BF4DF808ED72
:10799000FFF7E0FF94BF012000205DF808FB00BF67
:1079A0004DF808EDFFF7CEFF94BF012000205DF8F1
:1079B00008FB00BF4DF808EDFFF7C4FF34BF0120FE
:1079C00000205DF808FB00BF4FEA410C7FEA6C5CC9
:1079D00002D150EA013C0AD14FEA430C7FEA6C5CC9
:1079E00002D152EA033C02D14FF0000070474FF041
:1079F000010070474FEA410212F5001215D211D56D
:107A00006FF47873B3EB625212D94FEAC12343F09B
:107A1000004343EA505311F0004F23FA02F018BF1D
:107A2000404270474FF00000704750EA013005D1E6
:107A300011F0004008BF6FF0004070474FF00000A9
:107A4000704700BF4A0011D212F5001211D20DD5B5
:107A50006FF47873B3EB62520ED44FEAC12343F054
:107A6000004343EA505323FA02F070474FF00000FE
:107A7000704750EA013002D14FF0FF3070474FF0AD
:107A8000000070474FEA4102B2F1E04324BFB3F572
:107A9000001CDCF1FE5C0DD901F0004C4FEAC00285
:107AA0004CEA5070B2F1004F40EB830008BF20F069
:107AB0000100704711F0804F21D113F13872BCBF23
:107AC00001F00040704741F480114FEA5252C2F178
:107AD0001802C2F1200C10FA0CF320FA02F018BFC1
:107AE00040F001004FEAC1234FEAD32303FA0CFC14
:107AF00040EA0C0023FA02F34FEA4303CCE77FEAA3
:107B0000625307D150EA01331EBF4FF0FE4040F4EC
:107B10004000704701F0004040F0FE4040F400009B
:107B2000704700BF80F0004002E000BF81F00041DC
:107B300042001FBF5FEA410392EA030F7FEA226C13
:107B40007FEA236C6AD04FEA1262D2EB1363C1BFA3
:107B5000D218414048404140B8BF5B42192B88BF12
:107B6000704710F0004F40F4000020F07F4018BF35
:107B7000404211F0004F41F4000121F07F4118BF55
:107B8000494292EA030F3FD0A2F1010241FA03FCFD
:107B900010EB0C00C3F1200301FA03F100F00043E5
:107BA00002D5494260EB4000B0F5000F13D3B0F1AD
:107BB000807F06D340084FEA310102F10102FE2A1C
:107BC00051D2B1F1004F40EBC25008BF20F001008C
:107BD00040EA03007047490040EB0000013A28BF2B
:107BE000B0F5000FEDD2B0FA80FCACF1080CB2EBAE
:107BF0000C0200FA0CF0AABF00EBC250524218432C
:107C0000BCBFD0401843704792F0000F81F40001D0
:107C100006BF80F400000132013BB5E74FEA4103A3
:107C20007FEA226C18BF7FEA236C21D092EA030F0F
:107C300004D092F0000F08BF0846704790EA010F89
:107C40001CBF0020704712F07F4F04D1400028BFB6
:107C500040F00040704712F100723CBF00F5000098
:107C6000704700F0004343F0FE4040F400007047CE
:107C70007FEA226216BF08467FEA2363014642027A
:107C800006BF5FEA412390EA010F40F4800070478D
:107C90004FF0000304E000BF10F0004348BF404233
:107CA0005FEA000C08BF704743F0964301464FF06F
:107CB00000001CE050EA010208BF70474FF00003CB
:107CC0000AE000BF50EA010208BF704711F000430C
:107CD00002D5404261EB41015FEA010C02BF8446DC
:107CE0000146002043F0B64308BFA3F18053A3F53B
:107CF0000003BCFA8CF2083AA3EBC25310DB01FA82
:107D000002FC634400FA02FCC2F12002BCF1004F05
:107D100020FA02F243EB020008BF20F00100704796
:107D200002F1200201FA02FCC2F1200250EA4C00EA
:107D300021FA02F243EB020008BF20EADC70704730
:107D400053B94AB9002908BF00281CBF4FF0FF31C2
:107D50004FF0FF3000F0B8B9ADF1080C6DE904CE7A
:107D600000F050F8DDF804E0DDE9022304B07047CC
:107D7000430803F05533C01A830803F0333300F08F
:107D80003330184400EB101000F00F3000EB0020EF
:107D900000EB0040000E704738B500220023044677
:107DA0000D46FFF7E9FD28B920462946BDE83840D1
:107DB00000F00AB8204605F1004100F005F8404205
:107DC00061EB410138BD00BFD0B50C4B0022064627
:107DD0000F46FFF75FFBFFF735FE0446FFF7E0FABB
:107DE000074B0022FFF756FB02460B46304639464A
:107DF000FFF798F9FFF726FE2146D0BD0000F03DC1
:107E00000000F0412DE9F047089D04468C46002B08
:107E100040F083808A42174647D9B2FA82F242B1D3
:107E2000C2F1200024FA00F09140974040EA010C92
:107E300094404FEA1748230CBCFBF8F61FFA87FE64
:107E400008FB16C143EA014306FB0EF1994209D92A
:107E5000FB1806F1FF3080F01981994240F216813B
:107E6000023E3B445B1AA4B2B3FBF8F008FB1033AC
:107E700044EA034400FB0EFEA64509D93C1900F173
:107E8000FF3380F00581A64540F2028102383C4470
:107E900040EA0640A4EB0E0400261DB1D4400023A6
:107EA000C5E900433146BDE8F08702B9FFDEB2FA0A
:107EB00082F2002A50D1CB1B4FEA174E1FFA87F8E7
:107EC0000126B3FBFEFC210C0EFB1C3341EA0341EF
:107ED00008FB0CF38B4207D979180CF1FF3002D262
:107EE0008B4200F2E9808446C91AA3B2B1FBFEF0CE
:107EF0000EFB101143EA014408FB00F8A04507D926
:107F00003C1900F1FF3302D2A04500F2D980184697
:107F1000A4EB080440EA0C40BFE78B4209D9002DCE
:107F200000F0B1800026C5E9000130463146BDE8C9
:107F3000F087B3FA83F6002E4AD18B4202D38242F5
:107F400000F2B880841A61EB030101208C46002DF9
:107F5000A8D0C5E9004CA5E7C2F1200320FA03F63A
:107F6000974001FA02F04FEA174ED9403043030C14
:107F7000B1FBFEF61FFA87F80EFB161143EA014328
:107F800006FB08F1994204FA02F409D9FB1806F13C
:107F9000FF3C80F08D80994240F28A80023E3B4453
:107FA0005B1A81B2B3FBFEF00EFB103341EA0341D2
:107FB00000FB08F38B4207D9791800F1FF3C73D21C
:107FC0008B4271D902383944CB1A40EA064678E729
:107FD000C6F1200C03FA06F422FA0CF31C4320FA33
:107FE0000CF701FA06F34FEA144E21FA0CF11F4385
:107FF0003B0CB1FBFEF91FFA84F80EFB191143EAA2
:10800000014109FB08FA8A4502FA06F200FA06F372
:1080100008D9611809F1FF3048D28A4546D9A9F13B
:1080200002092144A1EB0A01BFB2B1FBFEF00EFB35
:10803000101147EA014700FB08F8B84507D9E719CE
:1080400000F1FF312ED2B8452CD90238274440EA3E
:108050000940A7EB0807A0FB02894F45C6464946E1
:108060001AD317D05DB1B3EB0E0267EB010707FA25
:108070000CFCF2404CEA0202F740C5E9002700265A
:108080003146BDE8F0872E4628460BE70646E9E66E
:108090001846FDE64345E5D2B8EB020E69EB040154
:1080A0000138DFE70846D2E760468DE78146B9E749
:1080B000664675E730464AE7ACF1020C394413E7EF
:1080C00002383C4424E700BF704700BF1FB5144688
:1080D0001A46094B1B680546D8684CB1074B0091FE
:1080E000CDE9013406492B4600F03AF802F026F9B2
:1080F000044B1C46F3E700BF2C630020E835070063
:10810000F535070023360700002101F057BF0000B6
:1081100010B5054C13462CB10A4601460220AFF3B8
:10812000008010BD2046FCE700000000014B1868ED
:10813000704700BF2C63002008B5074B044613B1FD
:108140000021AFF30080054B1868836A03B198479C
:10815000204604F0B5FB00BF0000000024360700F5
:108160000EB403B5014603AB054853F8042B006871
:10817000019300F0AFF902B05DF804EB03B0704773
:108180002C63002070B50D4D0D4C641BA41000260F
:10819000A64209D10B4D0C4C04F094FB641BA410B7
:1081A0000026A64205D170BD55F8043B984701361C
:1081B000EEE755F8043B98470136F2E700650020EA
:1081C000006500200065002028650020024B014664
:1081D000186800F0FBB800BF2C630020024B01467A
:1081E000186800F0A3B800BF2C6300200000000056
:1081F00001F0FF01102A2BDB10F0070F08D010F858
:10820000013B013A8B422DD010F0070F42B3F6D15B
:10821000F0B441EA012141EA014122F007047FF074
:1082200000070023F0E80256083C85EA010586EACB
:10823000010685FA47F5A3FA87F586FA47F6A5FA07
:1082400087F68EB9EED1F0BC01F0FF0102F0070213
:1082500032B110F8013B013A83EA010313B1F8D1BE
:108260000020704701387047002D06BF354603389F
:10827000073815F0010F07D1013015F4807F02BFD8
:10828000013015F4C03F0130F0BC0138704700BF29
:1082900030B501390024A24201D1002005E0035D80
:1082A00001340D5DAB42F6D0581B30BD0A449142FB
:1082B00000F1FF3300D1704710B511F8014B03F8FE
:1082C000014F9142F9D110BD884210B501EB020473
:1082D00002D98442234607D8431EA14208D011F890
:1082E000012B03F8012FF8E7024401468A4200D12E
:1082F00010BD13F8014D02F8014DF7E702440346A3
:10830000934200D1704703F8011BF9E713B54A43C4
:108310001146019200F05AF8044618B1019A002162
:10832000FFF7ECFF204602B010BD000037B5002972
:1083300048D051F8043C0190002BA1F10404B8BFCF
:10834000E41803F023FC204A01981368154633B95A
:108350006360146003B0BDE8304003F01DBCA3426D
:108360000BD921686218934204BF1A685B68636086
:1083700004BF521822602C60ECE71A465B680BB110
:10838000A342FAD911685518A5420BD1246821449B
:108390005418A3421160DDD11C685B68536021440E
:1083A0001160D7E702D90C230360D3E72568611970
:1083B0008B4204BF19685B68636004BF4919216080
:1083C0005460C7E703B030BD80630120F8B5CD1C11
:1083D00025F0030508350C2D38BF0C25002D064669
:1083E00001DBA94203D90C2333600020F8BD03F060
:1083F000CDFB21490A6814469CB9204F3B6823B93C
:108400002146304600F060FE38602946304600F0D4
:108410005BFE431C23D10C233360304603F0BCFBCE
:10842000E3E723685B1B17D40B2B03D923601C44A1
:10843000256004E06368A2420CBF0B6053603046C5
:1084400003F0AAFB04F10B00231D20F00700C21A61
:10845000CCD01B1AA350C9E722466468CCE7C41CE1
:1084600024F00304A042E3D0211A304600F02CFE91
:108470000130DDD1CFE700BF80630120846301209C
:108480009368013B002B10B4936008DA9469A3420F
:1084900001DB0A2903D15DF8044B01F07DBE1368AE
:1084A000581C1060197008465DF8044B7047F8B509
:1084B00006460F461446D518AC4201D1002007E00D
:1084C00014F8011B3A463046FFF7DAFF431CF3D19C
:1084D000F8BD00002DE9F04F0D469DB014469846BA
:1084E000064618B183690BB902F0C6FE894B9D425E
:1084F0001BD175686B6ED90705D4AB899A0502D478
:10850000A86D03F0B8FAAB891B0701D52B69EBB94D
:108510002946304601F0A4FEC0B16B6EDC070ED5D3
:108520004FF0FF301DB0BDE8F08F7B4B9D4201D175
:10853000B568DFE7794B9D4208BFF568DAE7AB899C
:108540009805EDD4A86D03F097FAE9E700230993A5
:1085500020238DF82930CDF80C803023DFF8C0813E
:108560008DF82A304FF0010923469A4613F8012B63
:108570000AB1252AF9D1BAEB040B0BD05B4622468F
:1085800029463046FFF793FF013000F0AA80099A90
:108590005A4409929AF80030002B00F0A280002380
:1085A0004FF0FF32CDE905230AF1010A0493079346
:1085B0008DF853301A935446052214F8011B58487D
:1085C000FFF716FE049AD8B9D10644BF20238DF8D0
:1085D0005330130744BF2B238DF853309AF80030E3
:1085E0002A2B15D0079A544600204FF00A0C21463A
:1085F00011F8013B303B092B4ED9B0B1079214E082
:10860000A0EB080309FA03F313430493A246D2E74D
:10861000039B191D1B680391002BBBBF5B4242F0FB
:10862000020207930793B8BF049223782E2B0CD134
:1086300063782A2B35D1039B1A1D1B680392002BEC
:10864000B8BF4FF0FF3302340593DFF8E4A0217880
:1086500003225046FFF7CCFD40B14023A0EB0A00B7
:1086600003FA00F0049B03430134049314F8011B44
:108670002C488DF828100622FFF7BAFD00283FD0BD
:10868000294B1BBB039B073323F0070308330393DA
:10869000099B3B44099367E70CFB02320C4601201F
:1086A000A5E700230134059319464FF00A0C204634
:1086B00010F8012B303A092A03D9002BC5D00591B7
:1086C000C3E70CFB012104460123F0E703AB009351
:1086D0002A46164B04A9304600F0CCF80746781C11
:1086E000D6D16B6ED90705D4AB899A0502D4A86D93
:1086F00003F0C2F9AB895B063FF512AF099811E7A9
:1087000003AB00932A46094B04A9304600F056FB00
:10871000E4E700BFF037070010380700D037070044
:10872000283607003236070075880600AF84060039
:108730002E3607002DE9FF4755EC104B002D0E4655
:1087400019462B46BBBF05F100431D4600232D23D0
:108750000B700D9BDDF830A0914623F02008BCBFC4
:1087600022461446B8F1460F05D0B8F1450F00D1A6
:108770000136022100E0032103AB019302AB009319
:1087800045EC104B5346324601F07EFEB8F1470FE0
:10879000074602D119F0010F22D0B8F1460F07EBBE
:1087A000060910D13B78302B0AD100220023204645
:1087B0002946FFF7D7F818B9C6F10106CAF80060D4
:1087C000DAF8003099440022002320462946FFF7BA
:1087D000C9F808B1CDF80C903022039B4B4507D364
:1087E000039B0E9ADB1B3846136004B0BDE8F0878C
:1087F000591C03911A70F0E7F7B503460029B8BF7A
:10880000494203F8022BB4BF2D222B2209294270C2
:108810002ADD0DF10704A4460A27A6460A4691FB65
:10882000F7F607FB16153035632A04F1FF340EF80E
:10883000015C3146F1DC3031AEF1020504F8011C77
:10884000441C294661450AD30DF10902A2EB0E0230
:10885000654588BF00221344181A03B0F0BD11F813
:10886000012B04F8012FEDE7302330318370C17004
:10887000031DF1E72DE9F04F2DED028B8DB00C4675
:10888000DDF8608016461F46054603F0EFF8D0F885
:1088900000A0504600F01BFD00230A9323680593B7
:1088A000D8F8003094F818B0073323F0070303F129
:1088B0000802C8F80020D3E90023C4E91223D4E950
:1088C000128929F000430793CDF8188008EE100AAA
:1088D0009F4BDDE906014FF0FF32FFF775F888BBCB
:1088E000DDE906019A4B4FF0FF32FFF74FF848BB26
:1088F0000022002340464946FFF73EF810B12D23E1
:1089000084F84330934B9448BBF1470F94BF98468B
:10891000804603232361059B23F0040222604FF06D
:108920000009009733460BAA2146284600F0D8F9E3
:10893000013040F090804FF0FF300DB0BDEC028B65
:10894000BDE8F08F42464B4640464946FFF73CF8AB
:1089500040B14B46002BBCBF2D2384F843307F48E9
:108960007F4BD1E763680BF0DF0206925A1C3FD1C0
:1089700006236360059B616843F4806200230393D0
:108980000AABCDE901B309AB49EC108B009322602F
:108990000DF123032846FFF7CDFE069B0999472BCF
:1089A000804608D1C81C02DB6368994241DDABF107
:1089B000020B5FFA8BFBBBF1650F20D801395A46D9
:1089C00004F150000991FFF717FF0A9A1318012AC2
:1089D0008146236102DC2268D20701D5013323617D
:1089E0009DF82330002B9CD02D2384F8433098E74A
:1089F000069A472ABED1002BBCD10123B9E7BBF1AF
:108A0000660F18D1002963680BDD216113B9226854
:108A1000D00702D501330B442361A1654FF0000953
:108A2000DEE713B92268D20701D50233F4E7012348
:108A3000F2E74FF0670B0A9B994205DB236821613F
:108A4000D807EAD54B1CE7E70029D4BFC1F10202E1
:108A500001221344E0E723685A0507D423694246FC
:108A600031462846B84701302CD164E7BBF1650F89
:108A700040F2E080D4E9120100220023FEF772FFE9
:108A8000002834D0374A012331462846B847013000
:108A90003FF451AFDDE909239A4202DB2368D8078E
:108AA00010D518EE103A524631462846B8470130E4
:108AB0003FF441AF4FF0000804F11A090A9B013B53
:108AC000434509DC23689B0700F10581E0680B9BA7
:108AD0009842B8BF184630E701234A463146284637
:108AE000B84701303FF427AF08F10108E6E7099BDA
:108AF000002B39DC1B4A012331462846B847013098
:108B00003FF419AFDDE90923134302D12368D907E4
:108B1000D8D518EE103A524631462846B8470130AB
:108B20003FF409AF4FF0000904F11A0A099B5B42B8
:108B30004B4501DC0A9B92E7012352463146284609
:108B4000B84701303FF4F7AE09F10109EEE700BF85
:108B5000FFFFEF7F393607003D3607004536070037
:108B600041360700493607000A9AA36D9A42A8BF0A
:108B70001A46002A914637DC4FF0000B29EAE979C2
:108B800004F11A02A36D0593A3EB09035B4533DCE3
:108B9000DDE909239A423BDB2368DA0738D40A9AD5
:108BA000059B0999D31AA2EB01099945A8BF9946DB
:108BB000B9F1000F35DC4FF0000829EAE97904F13A
:108BC0001A0ADDE909239B1AA3EB090343457FF742
:108BD00079AF0123524631462846B84701303FF469
:108BE000AAAE08F10108ECE7134631464246284692
:108BF000B8470130C0D19EE6012331462846059290
:108C0000B84701303FF497AE059A0BF1010BB9E775
:108C100018EE103A524631462846B8470130BED1C8
:108C200089E6059A4B46424431462846B84701300A
:108C3000C1D180E60A9A012A01DCDB0738D501237D
:108C4000424631462846B84701303FF474AE18EE2C
:108C5000103A524631462846B84701303FF46BAED1
:108C6000D4E9120100220023FEF77CFED8B90A9B4A
:108C700008F10102013B31462846B84701300ED1C8
:108C800059E60123524631462846B84701303FF4A1
:108C900052AE08F101080A9B013B4345F1DC4B460B
:108CA00004F15002DCE64FF0000804F11A0AF2E782
:108CB00001234246DFE701234A4631462846B847AA
:108CC00001303FF438AE08F10108E3680B995B1AF4
:108CD0004345F0DCFAE64FF0000804F11909F4E727
:108CE0002DE9F047164699468A680B69DDF8208021
:108CF0009342B8BF1346336091F8432007460C46B1
:108D00000AB1013333602368990642BF33680233E6
:108D10003360256815F0060506D104F1190AE368E9
:108D200032689B1AAB4226DC94F84320131E22685B
:108D300018BF012392062BD404F14302494638465A
:108D4000C04701301ED02368E568326803F006038F
:108D5000042B08BFAD1AA36822690CBF25EAE5758C
:108D600000259342C4BF9B1AED1800261A34B54261
:108D70001AD1002008E00123524649463846C04730
:108D8000013003D14FF0FF30BDE8F0870135C6E771
:108D9000E1185A1C302081F84300224494F8451011
:108DA00082F843100233C7E701232246494638467A
:108DB000C0470130E6D00136D9E700002DE9FF4772
:108DC0000C469146277E0C99782F80469A4604F1EE
:108DD000430207D8622F0AD8002F00F0D880582FFE
:108DE00000F0A38004F1420684F842703AE0A7F153
:108DF0006303152BF6D801A050F823F0558E06001A
:108E0000698E0600E58D0600E58D0600E58D0600FD
:108E1000E58D0600698E0600E58D0600E58D0600ED
:108E2000E58D0600E58D0600758F0600998E06001B
:108E3000578F0600E58D0600E58D0600978F06002A
:108E4000E58D0600998E0600E58D0600E58D06008D
:108E50005F8F06000B681A1D1B680A6004F142064A
:108E600084F842300123A3E0256808682E0600F14B
:108E700004030AD505680B60002D03DA2D236D422B
:108E800084F843305E480A2319E015F0400F056866
:108E90000B6018BF2DB2EFE70B682568181D08603E
:108EA000280601D51D6802E06906FBD51D885448D7
:108EB0006F2F0CBF08230A23002184F84310666833
:108EC000A660002EA2BF216821F0040121600DB927
:108ED000002E4DD01646B5FBF3F103FB1157C75DCD
:108EE00006F8017D2F46BB420D46F4D9082B0BD165
:108EF0002368DF0708D5236961689942DEBF302304
:108F000006F8013C06F1FF36921B2261CDF800A065
:108F10004B4603AA21464046FFF7E2FE01304CD102
:108F20004FF0FF3004B0BDE8F087354884F8457055
:108F300023680E681F0656F8045B0E6014D5D90727
:108F400044BF43F0200323601DB9236823F02003AE
:108F500023601023B0E7236843F0200323607823C5
:108F6000284884F84530E3E75E0648BFADB2E6E73F
:108F70001646BBE70B68266860691D1D0D60350647
:108F80001B6801D5186002E07106FBD5188000232C
:108F900023611646BAE70B681A1D0A601E686268EC
:108FA00000213046FFF724F908B1801B6060636838
:108FB0002361002384F84330A8E7236932464946F9
:108FC0004046D0470130ABD023689B0713D4E068FC
:108FD000039B9842B8BF1846A4E70123324649468E
:108FE0004046D04701309BD00135E36803995B1AB6
:108FF000AB42F2DCEBE7002504F11906F5E700BF10
:109000004B3607005C36070038B50D4B1D68AB6B5F
:1090100004467BB91820F4F75BFA0A4A0A4BA863A6
:10902000C0E90023094B83600B23838101220023C5
:10903000C0E90423AB6B00221C615A6138BD00BF3C
:109040002C6300200E33CDAB34126DE6ECDE050050
:10905000134B10B51C68A36B7BB91820F4F738FAD2
:10906000104A114BA063C0E90023104B83600B230F
:10907000838101220023C0E90423A16B0C480A6903
:109080004B690C4C504304FB0300A2FB04345A1CF4
:10909000044444F10000C1E9042020F0004010BD68
:1090A0002C6300200E33CDAB34126DE6ECDE0500F0
:1090B0002DF451582D7F954C024B0A4601461868F5
:1090C00003F0AFB92C63002038B5064D00230446E9
:1090D00008462B60F6F72AFD431C02D12B6803B12A
:1090E000236038BD386601200CB430B5174B0C1E18
:1090F0001D689DB008DA8B232B604FF0FF301DB048
:10910000BDE8304002B070474FF40273ADF8143040
:1091100014BF04F1FF332346049307934FF6FF7304
:1091200002900690ADF81630209A21AB02A928468D
:10913000019303F0F7F9431CBCBF8B232B60002C79
:10914000DDD0029B00221A70D9E700BF2C630020FB
:109150000EB400B59CB01DAB029006906FF00041BC
:10916000094807910491094953F8042B05910068B7
:10917000019302A903F0D6F9029B00221A701CB0D9
:109180005DF804EB03B070472C6300200802FFFF7A
:1091900010B50C46B1F90E1003F0C4FA0028ABBFAD
:1091A000636DA3891B1823F48053ACBF6365A3814F
:1091B00010BD2DE9F0411F468B89DB0505460C46A5
:1091C000164605D5B1F90E100223002202F056FC16
:1091D000A389B4F90E1023F48053A38132463B4691
:1091E0002846BDE8F04101F029B810B50C46B1F9A8
:1091F0000E1002F043FC431CA38915BF606523F4E5
:10920000805343F48053A38118BFA38110BDB1F9EB
:109210000E1001F09BB8000070B50C4D04462E46B0
:1092200014F8013B5A5D02F00302012A11F8012BE8
:10923000B05C00F0030008BF2033012808BF2032D3
:10924000981A01D1002AEBD170BD00BFC1360700CA
:1092500010B50246147813460132002CFAD1013BB6
:1092600011F8012B03F8012F002AF9D110BDC9B262
:10927000034610F8012B1AB18A42F9D118467047FB
:10928000002918BF0023F9E710F8012B11F8013B62
:10929000012A28BF9A42F7D0D01A7047034611F826
:1092A000012B03F8012B002AF9D1704770B5034652
:1092B0001E4613F8014B44B14A1E01E0A54204D0FA
:1092C00012F8015F002DF9D1F2E7301A70BD0346A4
:1092D00013F8012B002AFBD1181A0138704710B57A
:1092E0006AB10139841810F8013B11F8012F93423B
:1092F00003D1A04201D0002BF5D1981A10BD104621
:10930000FCE710B50139034632B111F8014F03F8FB
:10931000014B013A002CF7D11A440021934200D1AD
:1093200010BD03F8011BF9E738B503460C4669B9CF
:10933000BDE83840FFF79BBF431C05462146184651
:10934000FFF795FF0028F7D1284638BD0025F5E73F
:1093500070B503461E4613F8014B3CB14A1E01E0AE
:10936000A542F7D012F8015F002DF9D1301A70BD77
:1093700070B504460D4645EC104B164602F00EFF44
:1093800051EC100B7EB1C5F30A53C3F16B03002BF4
:1093900009DD1B0503F17F55002405F54015224624
:1093A0002B46FEF777F870BD2DE9F04FA3B01F46AE
:1093B00000231E93A44B19921B680793044618467A
:1093C0008846FFF784FF4FF0000A05464FF0000B78
:1093D000CDF874801D9B1A782B2A4CD039D80D2AD1
:1093E00032D8082A32D8002A3CD000230E931D9E82
:1093F0003378302B40F0B480737803F0DF03582BC0
:109400006CD10E9B01931EAB029700938F4A1FAB4A
:109410001DA9204602F034F810F00707054605D0D4
:10942000062F2AD1013600231D960E93199B002B7F
:1094300040F096850E9BDBB152460BF1004343ECA6
:10944000102B23B0BDE8F08F202ACED101331D931D
:10945000C0E72D2AC9D101220E925A1C1D925B78B9
:10946000002BC4D1199BCDF87480002B40F0768579
:1094700052465B46E3E70022EEE71E9A3AB13521F9
:1094800020A802F08AFF1E99204602F0BFFB013F90
:10949000052F07D8DFE807F00E0B181D0E034FF05D
:1094A000000BDA462807C1D54BF0004BBEE7DDE9DB
:1094B00020ABF7E7DDE920A31F9A23F4801302F223
:1094C000334243EA025BEDE7DFF884B14FF0000A74
:1094D000E8E76FF0004B4FF0FF3AE3E71D9B5A1CA3
:1094E0001D925B78302BF9D0002B9FD001234FF0D9
:1094F000000904931D9B0A93CDF824904F460A223D
:109500001D980678A6F13003D9B209292AD90799FE
:109510002A46FFF7E4FE98B3002033463D46079005
:109520000246652B01D0452B18D11DB9049B03437E
:1095300098D00025DDF8748008F101031D9398F898
:1095400001302B2B75D02D2B7BD04FF0000CA3F1CD
:109550003001092940F28280CDF8748000269DE018
:109560000023C4E7082FD8BF099900F10100DABF32
:1095700002FB0133099302FB093901371D90BFE754
:109580001D9B5A191D925B5D002F37D007903D46F9
:10959000A3F13002092A12D90122C2E71D9B5A1CED
:1095A0001D925B780130302BF8D0A3F13102082AEC
:1095B00000F2DB841D9A079000200A920546303B9A
:1095C00000F1010214D00799114407912A4600EBDB
:1095D000050E0A21724513D12A18082A05F1010542
:1095E00005441CDC09990A2202FB0133099300227D
:1095F0001D9B591C1D915B781046C9E73846D2E780
:10960000082A04DC099E4E4309960132E2E702F182
:10961000010CBCF1100FD8BF01FB09F9F5E7102DC3
:10962000DCBF0A2202FB0939E1E70023079301228C
:109630007CE74FF0000C08F102031D9398F802300C
:1096400085E74FF0010CF6E7343807007036070065
:109650000000F07F1D9B591C1D915B78302BF9D0C9
:10966000A3F1310108293FF679AFA3F1300E1D9B1C
:1096700008931D9B591C1D915B78A3F13006092EA0
:1096800037D9089E891B082944F61F6602DC7645F7
:10969000A8BF7646BCF1000F00D07642002D4FD116
:1096A000049901437FF4C2AE002A7FF4DBAE692B3C
:1096B00027D024DC492B24D04E2B7FF4D3AE9E49F7
:1096C0001DA802F023F900283FF4CCAE1D9B1B78A7
:1096D000282B2DD1994920AA1DA802F02BF9052885
:1096E00026D1219BDDF880A043F0FF4B4BF4E00B2B
:1096F0009CE60A2101FB0E3EAEF1300EB9E76E2B5F
:10970000DBE78F491DA802F001F900283FF4AAAE5B
:109710001D9B8C49013B1DA81D9302F0F7F810B961
:109720001D9B01331D93DFF82CB24FF0000A7DE63C
:10973000854803F009F88DED040BDDE904AB75E60F
:10974000079B0998F31A002F08BF2F46102D089386
:10975000A846A8BF4FF01008FDF722FE092D82464B
:109760008B4613DD794B03EBC80353E91223FDF756
:1097700091FE824648468B46FDF712FE02460B4696
:1097800050465946FDF7D0FC82468B460F2D38DCFB
:10979000089B002B3FF44AAE24DD162B0BDC6B4DEF
:1097A00005EBC305D5E9000152465B46FDF772FEA5
:1097B00082468B463AE6089AC5F12503934220DBA0
:1097C000624CC5F10F0504EBC50152465B46D1E979
:1097D0000001FDF75FFE089B5D1B04EBC504D4E9A7
:1097E0000023E3E7089B16330BDB079B574A9E1BBE
:1097F00002EBC606D6E9002350465946FDF774FF32
:10980000D6E7089BA5EB08089844B8F1000F71DD76
:1098100018F00F030AD04D4901EBC30152465B46D5
:10982000D1E90001FDF736FE82468B4638F00F087D
:109830004DD0B8F59A7F22DD00252E460995079573
:109840002223DFF810B123604FF0000A099B002BA0
:109850003FF4ECAD1E99204602F0D8F90799204656
:1098600002F0D4F93146204602F0D0F90999204699
:1098700002F0CCF92946204602F0C8F9D6E50023CB
:109880004FEA2818504659469946B8F1010F21DC95
:109890000BB182468B462E4BABF1547B03EBC909CF
:1098A00052465B46D9E90001FDF7F4FD294B0A4613
:1098B0000B4029498B428246BED8A1F580118B42CC
:1098C00086BFDFF898B04FF0FF3A02F1547B0023D7
:1098D000049381E018F0010F07D01D4B03EBC9037F
:1098E000D3E90023FDF7D6FD012309F101094FEA71
:1098F0006808CAE7EBD0C8F1000818F00F020AD0D8
:10990000124B03EBC20350465946D3E90023FDF73F
:10991000EBFE82468B465FEA2818D8D0B8F11F0FBD
:109920001EDD00252E460995079522234FF0000ADB
:109930004FF0000B236089E74636070084360700A6
:109940003E360700C437070023360700703807008B
:10995000483807000000F07F0000A07CFFFFEF7F89
:1099600018F0100318BF6A23DFF8B493049350462D
:109970005946002318F0010F04D0D9E90023FDF760
:1099800089FD01235FEA680809F10809F2D10BB1EA
:1099900082468B46049BBBB1CBF30A53C3F16B03E6
:1099A000002B594610DD1F2B40F32881342BDEBFDE
:1099B000203B4FF0FF3202FA03F34FF0000ACCBF16
:1099C0004FF05C7B03EA010B00220023504659460E
:1099D000FDF7C8FF0028A4D1099B00930A992B46E4
:1099E0003A46204602F067F9099000283FF424AF78
:1099F000079B9E1B089B002BB4BF3346002310938C
:109A0000089B002523EAE37318932E46099B204602
:109A1000596802F0C7F8079000283FF411AF099B7E
:109A20001A69023203F10C0192000C30FEF73EFC81
:109A30004BEC10AB20AA1FA92046CDE90AAB02F0DF
:109A400029FC1E9000283FF4FBAE0121204602F0C5
:109A5000C0F9064600283FF4F3AE1F9B0499002B83
:109A6000ABBF109A189A189FDDF84090ACBF03EB7B
:109A70000209D71A209AA3EB01089044A34B08F1DE
:109A8000FF389845C2F1360280F2CC80A3EB080380
:109A90001F2BA2EB03024FF0010100F3B68001FA85
:109AA00003F3119300230C9309EB0208049BC145B7
:109AB00017441F444B46A8BF4346BB42A8BF3B4682
:109AC000002BC2BFA8EB0308FF1AA9EB0309109BE8
:109AD000002B17DD31461A46204602F01FFA0646D3
:109AE00000283FF4ADAE01461E9A204602F07AF9F6
:109AF0000F9000283FF4A4AE1E99204602F086F88D
:109B00000F9B1E93B8F1000F00F39180089B002B70
:109B100008DD189A0799204602F000FA07900028FD
:109B20003FF48EAE002F08DD07993A46204602F03A
:109B300043FA079000283FF483AEB9F1000F08DD27
:109B400031464A46204602F037FA064600283FF4DE
:109B500077AE079A1E99204602F0A9FA054600281A
:109B60003FF46EAEC3680F930023C360314602F02A
:109B700082FA002865DA0F9B53EA0A0340F08780D7
:109B8000CBF31303002B40F082802BF000431B0D1E
:109B90001B05B3F1D66F7AD96B6913B92B69012B09
:109BA00075DD29460122204602F006FA31460546B7
:109BB00002F061FA00286ADD0499554A5B460029E3
:109BC00000F0858002EA0B01B1F1D66F7FDCB1F1C4
:109BD0005C7F7FF7AAAE4F4A0023CDE9163250468C
:109BE000DDE916235946FDF755FC0B46034308BF34
:109BF000222382468B4608BF23602BE64FF0FF32BC
:109C000002FA03F303EA0A0ADEE6C8F17F4808F520
:109C10007F0808F57B4808F1E20801FA08F30C9385
:109C2000119141E700230C93012311933CE71E9906
:109C30004246204602F0C0F91E9000287FF466AF2D
:109C4000FEE55F466ED10F9ACBF3130342B3324A5F
:109C5000934228D1049B5046EBB12D4A3A40B2F1D1
:109C6000D46F4FF0FF3119D8120DC2F16B0301FA16
:109C700003F3984217D1294B9F4202D101303FF4A0
:109C8000DFAD234B3B4003F5801B4FF0000A049BE4
:109C9000002BA0D1DEE54FF0FF33EAE70B46E8E703
:109CA00053EA0A0388D00C9BDBB13B42EFD00F9BF9
:109CB000049A50465946C3B1FFF75AFB02460B4679
:109CC000DDE90A01FDF730FA82468B46DFE71340F3
:109CD000A3F580136FEA135B6FEA0B5B4FF0FF3A5B
:109CE000D5E7119B13EA0A0FE0E7FFF741FB0246B5
:109CF0000B46DDE90A01FDF715FA00220023824632
:109D00008B46FDF72FFE0028C1D00EE602FCFFFFB8
:109D10000000F07F00005039FFFF0F00FFFFEF7FD2
:109D2000983607003146284602F004FB59EC108BA8
:109D300010EE100A00224FF080434946FDF726FE40
:109D400000287CD00F9B002B4CD0954B0022CDE9F6
:109D50000C23DFF84C924FF00008924B3B401193DC
:109D6000119A914B9A4240F0B280DDE90A23DDE975
:109D70000C01A7F1547B4BEC10ABCDE91623CDE9D8
:109D80000C0102F00BFADDE90C0153EC102BFDF78E
:109D900081FB52465B46FDF7C7F90B468149834A72
:109DA0001940914282465ED90B9B02F15472934254
:109DB00003D10A9B01333FF443ADDFF8FCB14FF010
:109DC000FF3A1E99204601F021FF0799204601F035
:109DD0001DFF3146204601F019FF2946204601F0BB
:109DE00015FF13E6BAF1000F1BD1CBF31303F3B940
:109DF0006B4B002240464946FDF7BEFDD0B94046B8
:109E000049466B4B0022FDF745FB8046894609F128
:109E10000043CDF868801B93DDE91A23CDE90C23BC
:109E20009BE7BAF1010F02D1002F3FF47EAD614BE9
:109E300000228CE7DFF878914FF00008E7E75C4BF1
:109E4000404649460022FDF725FB0F9B8046894688
:109E500033B901F1004312901393DDE91223DDE7DA
:109E6000CDE91289F9E703F1547B049B002BA8D1BB
:109E70002BF00043119A1B0D1B059A42A1D14046BD
:109E80004946FDF789FFFDF7D7FA02460B464046E3
:109E90004946FDF747F90F9ACBF3130343EA0A0348
:109EA00013438046894653D035A3D3E90023FDF7F9
:109EB00063FD00287FF4CEAC33A3D3E900234046F2
:109EC0004946FDF777FD00283FF47BAFC2E4049BD1
:109ED00033B3119BB3F1D46F22D82DA3D3E9002360
:109EE00040464946FDF752FDA0B149464046FDF7C0
:109EF000A9FD012838BF0120FDF752FA0F9B8046CB
:109F0000894613BB01F1004314901593DDE9142336
:109F1000CDE90C230D9B119A03F1D6639B1A0D9387
:109F2000DDE90C019DED0A0BCDE90C0102F036F9DB
:109F3000DDE90C0153EC102BFDF7ACFADDE90A2347
:109F4000FDF7F2F882468B468FE7CDE91489DDE70D
:109F500011A3D3E90023FDF70FFDB4E700230E930F
:109F6000199A1D9B1360FFF765BA652B3FF45DAB33
:109F7000452B3FF45AAB0122FFF792BBAFF30080B1
:109F80009535A094FFFFDF3F35E5AF350000E03F9A
:109F90000000C0FFFFFFDF419535A094FFFFCF3FDA
:109FA0000000F03F0000F07F0000E07FFFFF9F7C9B
:109FB0000000E03F0000F0BFFFFFEF7F0A460146D0
:109FC0000248034B0068FFF7EFB900BF2C63002085
:109FD00094630020134B73B51E68B46D0546C4B975
:109FE00050200191F3F774FAB065C0E90044C0E96C
:109FF0000244C0E90444C0E90A44C0E90C44C0E991
:10A000000E44C0E91044C0E9124401998461047708
:10A010004462B26D0123284602B0BDE8704000F0F2
:10A0200003B800BF2C630020F0B508B9106888B1F0
:10A030000446204614F8015B0F4617F8016B1EB961
:10A0400065B91560284605E0B542F6D1002BF0D180
:10A0500014600370F0BD1C460CE015B914F8013B08
:10A060000E4616F8015BAB42F7D1002BF3D000236C
:10A0700004F8013C1460EDE72DE9F0433B4E8646C1
:10A080008C4660461CF8014BA55D15F00805F8D11B
:10A090002D2C34D19CF800404FF0010800F1020C47
:10A0A000002B5ED0102B0CD1302C0AD19CF8000074
:10A0B00000F0DF0058284FD19CF8014010230CF12C
:10A0C000020C4FF0FF370025B7FBF3F703FB07F94E
:10A0D0006FEA09092846A4F13006092E18D834463B
:10A0E000A34224DD002D1FDB87421DD301D1A145F2
:10A0F0001ADB00FB034001251CF8014BEBE72B2C7E
:10A1000008BF9CF80040A84608BF00F1020CC7E752
:10A11000A4F14106192E01D8373CE1E7A4F161060C
:10A12000192E04D8573CDBE74FF0FF35E4E7002D4C
:10A1300007DA2223CEF800304FF0FF3042B9BDE8F5
:10A14000F083B8F1000F00D04042002AF7D00DB1E3
:10A150000CF1FF311160F2E73024002BB1D108235C
:10A16000AFE7302CA2D00A23ABE700BFC13607000F
:10A1700013460A46014602480068FFF77DBF00BF4C
:10A180002C630020034BC35C03F00303012B08BFC7
:10A1900020307047C1360700F8B50E461446054614
:10A1A00018B183690BB901F067F8214B9C422BD1A0
:10A1B0006C68A369A360A3891A072FD523696BB3C1
:10A1C00023692068C01A6369F6B28342374604DC0B
:10A1D0002146284600F0BCFF30BBA368013BA360CA
:10A1E00023685A1C22601E7063690130834204D0C8
:10A1F000A389DB0706D50A2E04D12146284600F0A4
:10A20000A7FF88B93846F8BD0A4B9C4201D1AC681B
:10A21000CFE7094B9C4208BFEC68CAE721462846B5
:10A2200000F01EF80028CBD04FF0FF37EAE700BF60
:10A23000F037070010380700D037070038B5074D52
:10A2400004460846114600222A601A46F5F754FCD7
:10A25000431C02D12B6803B1236038BD386601204E
:10A26000324B70B51D6806460C4625B1AB6913B973
:10A27000284601F001F82E4B9C420FD16C68A3894F
:10A28000B4F90C2019072CD4DD0611D4092333604E
:10A2900042F04003A3814FF0FF303EE0254B9C424B
:10A2A00001D1AC68EBE7244B9C4208BFEC68E6E7C1
:10A2B000580712D5616B41B104F14403994202D0B1
:10A2C0003046FEF733F800236363A38923F02403A9
:10A2D000A3810023636023692360A38943F00803FB
:10A2E000A38123694BB9A38903F42073B3F5007FDD
:10A2F00003D02146304601F0F7FBA089B4F90C20C9
:10A3000010F001030AD00023A36063695B42A361DC
:10A31000236943B910F08000BAD170BD810758BFDE
:10A320006369A360F4E70020F7E700BF2C63002017
:10A33000F037070010380700D037070008B50620AF
:10A3400002F032FA012002F0BBFA000038B5064DE7
:10A350000023044608462B6002F07AFA431C02D11F
:10A360002B6803B1236038BD386601202DE9F74F13
:10A3700003690C69A3420746C0F28180013C01F1E8
:10A38000140800F1140505EB8403019358F82430F8
:10A3900055F8242001339A424FEA840B08EB8409D4
:10A3A000B2FBF3F631D34FF0000E4046AC46F24616
:10A3B00050F8042B93B206FB03E34FEA134E9BB213
:10A3C000AAEB0303120CDCF800A006FB02E213FA6E
:10A3D0008AF34FEA124E1FFA82FADCF80020CAEB29
:10A3E000124202EB23429BB243EA024381454CF8FE
:10A3F000043B4FEA224ADBD255F80B302BB9019BC4
:10A40000043B9D421A462ED33C61384601F033FE90
:10A41000002824DB013628464FF0000C58F8042BA6
:10A42000D0F800E093B2ACEB0303120C13FA8EF3F6
:10A43000C2EB1E4202EB23429BB243EA0243C145F8
:10A4400040F8043B4FEA224CE8D255F8242005EBB3
:10A45000840322B9043B9D421A460AD33C6130462C
:10A4600003B0BDE8F08F1268043B002ACCD1013C58
:10A47000C7E71268043B002AF0D1013CEBE700205B
:10A48000EEE70000000000002DE9F04F2DED028BFB
:10A4900057EC106B95B0456ADDF880800591CDE9E9
:10A4A0000267044609920F933DB91020F3F710F8A4
:10A4B000C0E9015560620560C560636A196851B101
:10A4C0005A684A60012393408B60204601F09EFB4E
:10A4D000636A00221A603B1EB9BF23F00043039356
:10A4E0000023C8F80030DDF80C90B74BBCBF012248
:10A4F000C8F8002033EA09031BD10F9A42F20F7308
:10A500001360C9F31303334300F07585219B63B9CE
:10A51000AE4B25E0AE4B00930833219A13600098B0
:10A5200015B0BDEC028BBDE8F08FA84B0093033350
:10A53000F3E79DED027B002251EC170B00238DED1C
:10A540000A7BFDF70FFA804660B10F9A0123136072
:10A55000219B002B00F04C859E4B219A1360013B00
:10A560000093DCE79DED0A0B12AA13A9204601F027
:10A5700091FEC9F30A558246002D7ED00B9BCDF883
:10A580004080C3F31303DDE90A6743F07F5747F4C4
:10A590004017A5F2FF35904B002230463946FCF7B4
:10A5A000C1FD83A3D3E90023FCF774FF82A3D3E9A1
:10A5B0000023FCF7B9FD064628460F46FCF700FFCE
:10A5C0007FA3D3E90023FCF765FF02460B46304624
:10A5D0003946FCF7A9FD06460F46FDF70BFA0022A7
:10A5E0008146002330463946FDF7C6F948B1484652
:10A5F000FCF7E6FE32463B46FDF7B4F908B909F12F
:10A60000FF39B9F1160F56D8744B03EBC903D3E9E0
:10A610000023DDE90A01FDF7AFF900284DD009F16B
:10A62000FF3900230E93129B5D1B6B1E049343BFE7
:10A630000023C5F1010804934FF00008B9F1000FA1
:10A640003DDB049BCDF834904B44049300230693E8
:10A65000059B092B00F29A80052BC4BF043B059390
:10A66000059BA3F10203CCBF00250125032B00F2BB
:10A670009980DFE803F02C7D7B89DDE912531D44CE
:10A6800005F23243202BC1BFC3F1400305F2124053
:10A6900009FA03F326FA00F0DABFC3F1200306FA41
:10A6A00003F01843FCF77CFE01230646A1F1F8777E
:10A6B000013D10936FE70123B4E70E90B3E7C9F1B2
:10A6C000000306930023A8EB09080D93C0E70023BD
:10A6D0000893099B002B00F385804FF0010BCDF808
:10A6E00004B05B46CDF824B0666A00227260042292
:10A6F00002F11400984271687AD9204601F052FAAA
:10A70000636A30601B680093019B0E2B00F2F5809A
:10A71000002D00F0F280B9F1000F7DDD2F4A09F025
:10A720000F0302EBC30393ED007B19F4807F4FEA24
:10A730002917B0EE478AF0EE678A5DD0284BDDE935
:10A740000A01D3E90823FCF7CFFFCDE9020107F0A6
:10A750000F070325224E002F50D1DDE9020153ECF3
:10A76000182BFCF7C1FFCDE902016FE00123AFE731
:10A7700000230893099B09EB030B0BF10103012B49
:10A780000193B8BF0123AFE70123F2E701250023BE
:10A79000059308954FF0FF3B0022CDF804B012233B
:10A7A0000992A1E701230893F4E700BFAFF300800B
:10A7B00061436F63A787D23FB3C8608B288AC63FC7
:10A7C000FB799F501344D33F0000F07FCA37070046
:10A7D000C13707004A3607000000F83F703807000D
:10A7E00048380700DDF824B0CDF804B05B467BE7BD
:10A7F0000131716052007BE70225ABE7F90708D50C
:10A8000051EC180BD6E90023FCF744FE41EC180B81
:10A8100001357F1008369EE700F0AB80C9F10006D5
:10A82000AA4BAB4F06F00F0203EBC203D3E90023A0
:10A83000DDE90A01FCF72EFECDE902013611002305
:10A840000225002E40F08A80002B8CD10E9B002B1D
:10A8500000F09180DDE902679E4B002230463946C8
:10A86000FDF78AF8002800F08680019B002B00F09D
:10A870008280BBF1000F3CDD09F1FF33079300221A
:10A88000954B30463946FCF705FECDE9020101350E
:10A89000CDF830B0DDE902672846FCF791FD32467D
:10A8A0003B46FCF7F7FD8D4B0022FCF73DFCA1F188
:10A8B0005073CDE9020103930C9B002B60D1884BB0
:10A8C000002230463946FCF72DFCDDE9022306461E
:10A8D0000F46FDF76FF8002840F09982DDE902216C
:10A8E000304601F100433946FDF746F8002840F0B4
:10A8F0008B82DDE90A23CDE90223139B002BC0F2F2
:10A900005B81B9F10E0F00F35781704B03EBC90364
:10A9100093ED007B099BB0EE478AF0EE678A002B2F
:10A9200080F2E280019B002B00F3DE8040F06C821D
:10A930006B4B51EC170B0022FCF7ACFDDDE9022359
:10A94000FDF72EF8019E3746002840F04282009D18
:10A95000312305F8013B09F101093EE2F20705D573
:10A96000D7E90023FCF796FD01350123761008375F
:10A9700067E702256AE7019BCDF81C900C9389E7F5
:10A9800000990C980C9A514B9DED027B0144029169
:10A990000899B0EE478AF0EE678A03EBC20353E9E9
:10A9A0000223002945D04F490020FCF79DFE53ECBF
:10A9B000182BFCF7B7FB009D41EC180B39463046CD
:10A9C000FDF718F80C90FCF7FBFC02460B463046EE
:10A9D0003946FCF7A7FB0C9B303305F8013B53ECE1
:10A9E000182B06460F46FCF7C7FF002865D13246F4
:10A9F0003B4638490020FCF795FB53EC182BFCF73D
:10AA0000BBFF002840F0B880029B9D423FF471AF2D
:10AA1000314B51EC180B0022FCF73CFD2E4B41EC66
:10AA2000180B002230463946FCF734FD06460F4627
:10AA3000C4E751EC170BFCF72DFD029B009D0C9316
:10AA400041EC180B39463046FCF7D4FF1190FCF767
:10AA5000B7FC02460B4630463946FCF763FB119BB8
:10AA6000303305F8013B029B9D4206460F464FF0EE
:10AA7000000225D11B4B51EC180BFCF755FB02468D
:10AA80000B4630463946FCF795FF002874D153EC4D
:10AA9000182B14490020FCF745FB02460B463046B4
:10AAA0003946FCF769FF00283FF423AF0C9D6B1E6D
:10AAB0000C9315F8013C302BF8D0DDF81C9049E0E0
:10AAC000054BFCF7E7FC06460F46BBE7703807006E
:10AAD000483807000000F03F0000244000001C4000
:10AAE000000014400000E03FDDE90267009D53ECE8
:10AAF000182B30463946FCF7F7FDFCF77BFF804604
:10AB0000FCF75EFC53EC182BFCF7C4FC02460B462A
:10AB10003046394608F13006FCF704FB05F8016BB6
:10AB2000009E019FAE1BB74202460B4637D1FCF791
:10AB3000FBFA53EC182B06460F46FCF73BFFC8B94F
:10AB400053EC182B30463946FCF70CFF10B118F0C7
:10AB5000010F0FD12046514601F058F800232B7009
:10AB60000F9B09F101001860219B002B3FF4D7AC2B
:10AB70001D60D4E4CDF81C902B461D4613F8012D22
:10AB8000392A08D1009A9A42F7D1079A00990132DE
:10AB9000079230220A701A7801321A708DE79E4BA4
:10ABA0000022FCF777FC0022002306460F46FCF744
:10ABB000D9FE00289BD0CDE7089A002A00F0C68075
:10ABC000059A012A00F3AA80109A002A00F0A280B8
:10ABD00003F23343069E4546049A01211A44204657
:10ABE0009844049201F0F5F80746002D0BDD049B14
:10ABF000002B08DDAB42049AA8BF2B46A8EB030844
:10AC0000ED1AD31A0493069BFBB1089B002B00F0AE
:10AC1000A180002E11DD39463246204601F07EF932
:10AC2000524601460746204601F0DCF8514607909F
:10AC3000204600F0EBFF079B9A46069B9A1B04D028
:10AC40005146204601F06AF982460121204601F072
:10AC5000C0F80D9B002B06467EDD1A4601462046B5
:10AC600001F05CF9059B012B064678DD0023069375
:10AC7000336906EB8303186901F05BF8C0F120002B
:10AC8000049B184410F01F0000F08880C0F12003DE
:10AC9000042B40F38180C0F11C00049B03448044DA
:10ACA00005440493B8F1000F05DD514642462046A5
:10ACB00001F082F98246049B002B05DD31461A46DD
:10ACC000204601F079F906460E9B002B68D03146EC
:10ACD000504601F0D0F9002862DA002351460A22DA
:10ACE000204600F0AAFF089B09F1FF398246002B9D
:10ACF00000F08881394600230A22204600F09DFF9B
:10AD0000BBF1000F074600F38F80059B022B40F339
:10AD10008B804DE0129BC3F136035BE7019B5E1E07
:10AD2000069BB342BFBF069B0696F21A0D9BB6BFA9
:10AD30009B189E1B0D93019BB8BF0026002BB5BF2F
:10AD4000A8EB0305019B0023454645E7069E089FA7
:10AD500045464AE7069A73E7059B012B18DC029BE0
:10AD6000B3B9039BC3F31303A3B9039B23F00043BD
:10AD70001B0D1B052BB1049B0133049308F1010843
:10AD8000012306930D9B002B7FF472AF012077E720
:10AD90000023F6E7029BF4E784D018461C307CE7DA
:10ADA000019B002B3ADC059B022B37DDDDF804B05C
:10ADB000BBF1000F0DD131465B460522204600F065
:10ADC0003CFF01460646504601F055F900283FF782
:10ADD000BEAD099B009D6FEA03094FF000083146A4
:10ADE000204600F013FF002F3FF4B4AEB8F1000F7F
:10ADF00005D0B84503D04146204600F007FF39464C
:10AE0000204600F003FFA5E600263746E1E70C9E4A
:10AE1000DDF81C9037469AE500002440089BDDF8D9
:10AE200004B0002B00F0F580002D05DD39462A46E0
:10AE3000204601F0C1F80746069B002B55D07968E3
:10AE4000204600F0AFFE3A6902320546920007F153
:10AE50000C010C30FDF72AFA01222946204601F0A8
:10AE6000ABF8009B01330193009B5B440793029B6B
:10AE700003F00103B84606930746019B314650464E
:10AE800003F1FF3BFFF772FA03463033029041466D
:10AE90005046089301F0EFF83A46049031462046B8
:10AEA00001F005F9C268089B054602BB0146504601
:10AEB00001F0E1F8089B024629462046CDE9083218
:10AEC00000F0A4FE059B099A019D43EA0201069B3E
:10AED0000B43089B0DD1392B27D0049A002A01DDA2
:10AEE000029B31338BF8003079E73846B9E701220D
:10AEF000E2E70499002904DB059801430698014321
:10AF000020D1002AEEDD514601222046019301F0B6
:10AF100053F83146824601F0AEF80028019B02DC6E
:10AF2000E0D1DA07DED5392BDAD139238BF80030BE
:10AF30002B461D46013B15F8012C392A50D0013211
:10AF40001A704CE7002A03DD392BEED00133C9E734
:10AF5000019A079902F8013C8A422AD051460023FF
:10AF60000A22204600F069FEB84582464FF00003F1
:10AF70004FF00A024146204607D100F05EFE8046AF
:10AF80000746019B0133019377E700F056FE3946EF
:10AF9000804600230A22204600F04FFE0746F0E7D5
:10AFA000BBF1000F009ACCBF5D46012515444FF060
:10AFB0000008514601222046019300F0FDFF314672
:10AFC000824601F058F80028B2DC02D1019BDB0771
:10AFD000AED42B461D4613F8012D302AFAD0FEE6DA
:10AFE000009A9A42A5D1312309F101091370F6E6BE
:10AFF000124BFFF7B5BA219B002B7FF48BAA104BA5
:10B00000FFF7AEBABBF1000F03DC059B022B3FF745
:10B01000CFAE009D31465046FFF7A8F900F130034E
:10B0200005F8013B009AAA1A9345B9DD5146002361
:10B030000A22204600F001FE8246EBE7493607006F
:10B04000C13707008A892DE9F041054610070C46F3
:10B0500058D44B68002B05DC0B6C002B02DC002065
:10B06000BDE8F081E66A002EF9D0002312F4805288
:10B070002F682B6032D0606DA3895A0705D56368AD
:10B08000C01A636B0BB1236CC01A00230246E66A38
:10B09000216A2846B047431CA38906D129681D2987
:10B0A0002CD82A4ACA40D60728D500226260D90483
:10B0B0002269226004D5421C01D12B6803B9606566
:10B0C000616B2F600029CAD004F14403994202D079
:10B0D0002846FDF72BF900206063C1E7216A0123B0
:10B0E0002846B047411CC7D12B68002BC4D01D2B6C
:10B0F00001D0162B01D12F60B1E7A38943F04003A3
:10B10000A381ADE70F69002FA9D093070E6808BF90
:10B110004B690F6018BF0023A6EB07088B60B8F1DE
:10B12000000F9CDD216AA66A43463A462846B0478E
:10B13000002806DCA38943F04003A3814FF0FF30D1
:10B140008EE70744A8EB0008E9E700BF01004020B4
:10B1500038B50B6905460C4613B90025284638BD9D
:10B1600018B183690BB900F087F8144B9C421BD1CE
:10B170006C68B4F90C30002BEFD0626ED00704D4A9
:10B18000990502D4A06D00F076FC28462146FFF711
:10B1900059FF636EDA070546E0D4A3899B05DDD429
:10B1A000A06D00F069FCD9E7054B9C4201D1AC6869
:10B1B000DFE7044B9C4208BFEC68DAE7F037070092
:10B1C00010380700D0370700002310B50446C0E947
:10B1D0000033C0E90433836081814366C2818361A7
:10B1E000194608225C30FDF789F8054B6362054B70
:10B1F000A362054BE362054B2462236310BD00BFCD
:10B2000091910600B3910600EB9106000F920600A3
:10B21000014900F0AFB800BF51B1060070B54A1E39
:10B22000682555430E4605F17401FDF7CFF8044635
:10B2300040B10021C0E900160C30A06005F16802A1
:10B24000FDF75CF8204670BD014800F014BC00BF5B
:10B2500030660120014800F00FBC00BF30660120BD
:10B26000014800F008BC00BF2F660120014800F033
:10B2700003BC00BF2F66012010B50446FFF7F0FFA6
:10B28000A3691BB1BDE81040FFF7F0BFC4E912335A
:10B290002365134B134A1B68A262A34204BF012318
:10B2A000A361204600F020F86060204600F01CF802
:10B2B000A060204600F018F80022E06004216068D9
:10B2C000FFF782FFA06801220921FFF77DFFE068F8
:10B2D00002221221FFF778FF0123A361D2E700BF0A
:10B2E0002436070011B20600F8B50746FFF7ACFF99
:10B2F0001E4B1E68B36913B93046FFF7BDFF4836D1
:10B30000D6E90134013B03D533680BB33668F7E760
:10B31000B4F90C50D5B9164BE36004F158006566DA
:10B3200000F0A8FBFFF796FFC4E90155C4E90455F6
:10B330002560A5610822294604F15C00FCF7DEFFC8
:10B34000C4E90D55C4E912552046F8BD6834D9E763
:10B3500004213846FFF762FF044630600028D5D14B
:10B36000FFF778FF0C233B60EEE700BF24360700B1
:10B370000100FFFF2DE9F8430646884600F1480426
:10B380000027D4E90195B9F1010905D52468002CFD
:10B39000F7D13846BDE8F883AB89012B07D9B5F959
:10B3A0000E30013303D029463046C0470743683585
:10B3B000E9E70369B3EB611F2DE9F0434FEA61123E
:10B3C00000F1140445DD11F01F0104EB830604EBCA
:10B3D00082050CD100F110072946B14234D39B1AE3
:10B3E0009B00EA1E964238BF0023234415E054F820
:10B3F0002270C1F12008CF4005F1040EA146764528
:10B40000F44615D89B1A9A00043A0135AE4238BF6B
:10B410000022A318A75007B104331A1BA3424FEA16
:10B42000A20208BF0023026108BF4361BDE8F083A8
:10B43000DCF800C00CFA08FC4CEA070749F8047B6A
:10B440005EF8047BCF40DAE751F804CB47F804CF2D
:10B45000C3E72346E1E7A0F13003092B02D82038E7
:10B46000C0B27047A0F16103052B01D84738F7E758
:10B47000A0F14103052B01D82738F1E700207047E0
:10B480002DE9F04F2DED028B89B008EE100A0493E0
:10B49000BC4B1B68019318468B469046FDF717FF7F
:10B4A000019BDBF800200344824613F8013C05931E
:10B4B000931CC2F1FF2202F57F02FE32D1181F4613
:10B4C00013F8010B00913028F8D0FFF7C4FF0446B1
:10B4D00000283AD1019952463846FDF700FF05464B
:10B4E000002868D117F80A0007EB0A06FFF7B3FF38
:10B4F000002862D03346187830281F4603F1010334
:10B50000F9D0FFF7A8FF0123B0FA80F464093546AB
:10B5100000933A46164601323078FFF79CFF002828
:10B52000F8D1019952463046FDF7D9FE80B94DB9A0
:10B5300006EB0A052A46164601323078FFF78BFFE4
:10B540000028F8D1AD1BAD0004E000242546E0E75B
:10B55000002DF7D1337803F0DF03502B3BD1737804
:10B560002B2B2CD02D2B2ED0711C4FF000090878DE
:10B57000FFF771FF431EDBB2182B2CD8A0F110028D
:10B5800011F8010FFFF767FF431EDBB2182B1DD91F
:10B59000B9F1000F00D052421544CBF80010E4B1CD
:10B5A000009B002B14BF00270627384609B0BDECCE
:10B5B000028BBDE8F08F3E4625460124CAE74FF0D6
:10B5C0000009B11CD3E74FF00109FAE70A2303FB96
:10B5D0000202103AD4E73146DFE7F31B013B214674
:10B5E000072B52DC18EE100A00F0DCFA4FF0000BCB
:10B5F00000F11409CAF101030446CDF80890CDF812
:10B6000000B00693B74243D30298009B40F8043B36
:10B61000A0EB0900801046012061184600F089FB6C
:10B62000301AD8F80060B04266DD871B39462046E4
:10B6300000F0D6FE8246A8B17B1E591103F01F020E
:10B6400059F821104FF0010A0AFA02F20A4209D011
:10B65000534505DDB91E204600F0C2FE002848D142
:10B660004FF0020A39462046FFF7A3FE3D44D8F8C2
:10B670000830AB424FDA18EE100A214600F0C6FA45
:10B68000149A00231360A3278FE701315B10A7E70B
:10B69000731E059A039316F8013C934219D0BBF12F
:10B6A000200F07D1029B009A43F8042B029300233A
:10B6B00000939B4616F8010CFFF7CDFE009B00F0AF
:10B6C0000F0000FA0BF0034300930BF1040B039BF4
:10B6D0000DE0039B069A1344BB42E0D31846019940
:10B6E00007935246FDF7FBFD079B0028D7D11E4666
:10B6F00088E74FF0030AB5E70ADA371A214618EE51
:10B70000100A3A4600F058FCED1B044600F11409FB
:10B710004FF0000AABE7D8F80400A8426DDD451BE6
:10B72000AE4231DCD8F80C30022B23D0032B25D0CD
:10B73000012B15D1AE4213D1012E0BD1049AD8F8AA
:10B740000430136001232361C9F80030149B622781
:10B750001C602AE7711E204600F042FE0028EDD151
:10B7600018EE100A214600F051FA149A00231360D3
:10B7700050271AE7159B002BF2D1DFE7159B002B12
:10B78000DCD1EDE7343807006F1EBAF1000F31D17C
:10B7900027B13946204600F023FE82467B11012165
:10B7A00059F8233007F01F0701FA07F71F4229460F
:10B7B000204618BF4AF0020A761BFFF7FAFDD8F8B8
:10B7C00004500227BAF1000F48D0D8F80C30022BF1
:10B7D00015D0032B17D0012B09D11AF0020F06D078
:10B7E000D9F800004AEA000A1AF0010F0ED147F01A
:10B7F000100733E04FF0010AD0E70127E2E7159B7D
:10B80000C3F101031593159B002BF0D0D4F81090D1
:10B8100004F114034FEA890B03EB89014FF0000C8C
:10B82000184653F8042BB2F1FF3F1CD001320260DE
:10B83000022F04F114033AD1D8F80020013AB242A1
:10B840000AD17111012253F8213006F01F0602FAC5
:10B8500006F61E4218BF174647F02007149B1C60CF
:10B86000049B1D60A1E6994243F804CCD8D8A36894
:10B87000994514DB616818EE100A013100F092F965
:10B880002269023204F10C01824692000C30FCF76E
:10B890000DFD214618EE100A00F0B8F95446236950
:10B8A0005A1C04EB8303226101225A61C0E722691A
:10B8B0004A450BDD01212046FFF77BFDD8F8083013
:10B8C0000135AB42FFF6D7AE0127C5E716F01F06DC
:10B8D000FAD09B44C6F120065BF8040C00F029FA6C
:10B8E000B042E7DBF0E700BFC2F10802920070B59A
:10B8F000C2F120064368046803FA06F52C43D340DE
:10B90000046040F8043F8842F4D370BD30B503684A
:10B91000013311F8014B14B90360012030BD13F855
:10B92000012BA2F14105192D98BF2032A242F0D07F
:10B930000020F3E72DE9F04F0B6801685E1102EB80
:10B94000860613F01F0387B018BF04360025371F83
:10B9500082469046019346F8045CB9463C460295FF
:10B96000AB464A784B1C039342B3104605910492B0
:10B97000FFF771FD00284FD1049A0599202A18D8A5
:10B98000029B9B4513DD4C4506D2072D04DC2A465D
:10B9900049462046FFF7A8FF444550D90023A4F1AB
:10B9A000040944F8043CCDF808B04C461D46039900
:10B9B000D7E7292A56D10231CAF80010BBF1000F8F
:10B9C00050D04C4506D2072D04DC2A464946204675
:10B9D000FFF78AFF444534D9A8F10402234653F8FF
:10B9E000041B42F8041F9F42F9D23B1B23F00303C0
:10B9F00004330134033EB44288BF0423434400228D
:10BA000043F8042B9F42FBD23B681BB9474527D123
:10BA100001233B60052026E00135082D0BF1010BC9
:10BA200006DD4445C3D9002344F8043C0125043C09
:10BA3000226800F00F0040EA02122260B7E70825F2
:10BA4000B5E7019B002BDFD04FF0FF32C3F120039D
:10BA500022FA03F356F8042C1A4046F8042CD3E7D4
:10BA6000043FD1E7042007B0BDE8F08F00487047DD
:10BA700084640020704770477047000038B5074D58
:10BA800004460846114600222A601A4600F008FFC4
:10BA9000431C02D12B6803B1236038BD38660120F6
:10BAA00070B50E46B1F90E10002996B014461D4629
:10BAB00007DA00232B60B3891A0610D44FF4806391
:10BAC0000EE06A4600F09AFE0028F2DB019A02F4CA
:10BAD0007042A2F500535A425A412A60EEE74023D1
:10BAE0000020236016B070BD8B8973B59D07064694
:10BAF0000C4607D504F147032360236101236361EA
:10BB000002B070BD01AB6A46FFF7CAFF0099054657
:10BB10003046FCF75BFC48B9B4F90C309A05EFD419
:10BB200023F0030343F00203A381E3E70D4BB36269
:10BB3000A389206043F08003A381009B6361019B84
:10BB400020615BB1B4F90E10304600F069FE28B1F7
:10BB5000A38923F0030343F00103A381A0890543D4
:10BB6000A581CDE711B2060082B001B901A942B1A9
:10BB70004BB113780B601278101E18BF012002B071
:10BB800070471046FBE76FF00100F8E70148FFF748
:10BB900072BF00BF2C6601200148FFF76DBF00BFD8
:10BBA0002C66012070B5466A04460D463EB9102049
:10BBB000F1F78EFCC0E9016660620660C660666AE5
:10BBC000F36883B1636ADB6853F82500B8B90121D3
:10BBD00001FA05F6721D92002046FCF797FB60B152
:10BBE000C0E901560EE0212204212046FCF78EFB1D
:10BBF000636AF060DB68002BE4D1002070BD02684E
:10BC000043F825200023C0E90333F7E770B5466AFF
:10BC100005460C463EB91020F1F75AFCC0E9016612
:10BC200068620660C6603CB16B6A6268DB6853F8A4
:10BC30002210216043F8224070BD2DE9F0410E69C9
:10BC4000074698460C4601F1140000230568A9B286
:10BC500002FB01814FEA114C2D0C02FB05C589B294
:10BC6000013301EB05419E4240F8041B4FEA1548A1
:10BC7000ECDCB8F1000F1BD0A368B34212DC6168A2
:10BC800038460131FFF78EFF2269023204F10C01C0
:10BC9000054692000C30FCF709FB21463846FFF7B9
:10BCA000B5FF2C4604EB86030136C3F814802661E9
:10BCB0002046BDE8F0812DE9F8430C4615461F46A5
:10BCC00009220833064693FBF2F3002101229A422F
:10BCD00020DB3046FFF766FF089B4361092D4FF0DC
:10BCE0000103036119DD04F10909C8462C4418F861
:10BCF000013B0146303B0A223046FFF79EFFA0453C
:10BD0000F5D1A5F108044C442D1B6319BB4207DB98
:10BD1000BDE8F88352000131D9E70A340925F3E779
:10BD200014F8013B0146303B0A223046FFF785FFFD
:10BD3000EBE7030C1B04D3B90004102310F07F4F72
:10BD400004BF0002083310F0704F04BF0001043339
:10BD500010F0404F04BF80000233002805DB10F0D4
:10BD6000804F03F1010308BF2023184670470023CA
:10BD7000E4E7036813F0070201460BD0DA0724D486
:10BD8000980749BF5B089B0801200B605CBF0B60F4
:10BD90000220704798B2B0B91B0C102013F0FF0FAF
:10BDA00004BF1B0A08301A0704BF1B0904309A0796
:10BDB00004BF9B080230DA0703D45B0800F10100DE
:10BDC00005D00B6070471046E8E700207047202040
:10BDD000704710B50C460121FFF7E4FE01224461D3
:10BDE000026110BD2DE9F04F15460A692B699A4290
:10BDF000B8BF0B460C46BCBF2C461D462769D5F87C
:10BE00001090A368616807EB0906B342B8BF01311F
:10BE100085B0FFF7C7FE00F1140101EB86080B4661
:10BE2000002243451DD304F1140305F1140203EB72
:10BE3000870702EB890302933B1B153B23F00303A7
:10BE4000043304F11505AF4238BF04230193029B6C
:10BE50000392934208D8002E5ADC066105B0BDE873
:10BE6000F08F43F8042BDCE7B2F800A0BAF1000F22
:10BE700024D004F1140E89464FF0000C5EF8045BE8
:10BE8000D9F800B0ABB21FFA8BFB0AFB03B34FEA41
:10BE9000154BD9F8005063444FEA154C0AFB0BC50B
:10BEA00005EB13459BB243EA0543774549F8043B4C
:10BEB0004FEA154CE2D8019B41F803C0039BB3F84D
:10BEC00002900432B9F1000F20D00B6804F1140C79
:10BED0008E464FF0000ABCF80050BEF802B009FBD5
:10BEE00005B5AA449BB243EA0A434EF8043B5CF80A
:10BEF000043BBEF800501B0C09FB035303EB1A4331
:10BF000067454FEA134AE6D8019D4B5104319EE73D
:10BF100058F8043D002BA0D1013E9CE72DE9F843E1
:10BF2000154612F0030206460F4607D0214C013A8F
:10BF3000002354F82220FFF780FE0746AD1035D0CD
:10BF4000746A3CB91020F1F7C3FAC0E90144706289
:10BF50000460C460D6F82480D8F808404CB940F298
:10BF600071213046FFF735FF0023C8F8080004466A
:10BF700003604FF00009EB070AD5394622463046E8
:10BF8000FFF730FF394680463046FFF73FFE474611
:10BF90006D100BD0206838B9224621463046FFF795
:10BFA00021FF2060C0F800900446E4E73846BDE871
:10BFB000F88300BF383907002DE9F0470C4649687F
:10BFC000236903EB6218A368074691464FEA621A99
:10BFD00008F10106B3423FDB3846FFF7E3FD0023DB
:10BFE000054600F1140100F110021846534536DBF6
:10BFF00020692AEAEA7A04F1140319F01F0901EB17
:10C000008A0103EB800C2ED0C9F1200E8A46002253
:10C01000186800FA09F002434AF8042B53F8042B7D
:10C020009C4522FA0EF2F3D8ACEB0403153B23F047
:10C030000303043304F11500604588BF0423CA508C
:10C040000AB108F10206013E38462E612146FFF78B
:10C05000DDFD2846BDE8F08701315B00BAE742F814
:10C06000040F0133C2E7043953F8042B41F8042FBD
:10C070009C45F9D8E7E730B502690C69121B0ED16F
:10C0800000F11403143103EB840001EB840150F838
:10C09000045D51F8044DA54203D005D3012210469A
:10C0A00030BD8342F3D3FAE74FF0FF32F7E72DE9D3
:10C0B000F84F0C460646114620461746FFF7DBFFB1
:10C0C000051E08D129463046FFF76CFD0123C0E963
:10C0D0000435BDE8F88FA4BF3B4627463046796853
:10C0E000A6BF1C4600250125FFF75CFD3E69C56023
:10C0F000256907F1140104F1140900F1140E07F188
:10C10000100201EB860C09EB8505F246002759F871
:10C11000043B52F804BF1FFA83F817FA8BF71B0C85
:10C12000A7EB0808C3EB1B4303EB28431FFA88F86F
:10C130001F144D4548EA03434AF8043BE7D82B1B3C
:10C14000153B23F0030304331534A54238BF042301
:10C15000194473449E460D4665450ED30CF1030207
:10C16000521A22F0030203398C4538BF00221A44C8
:10C1700052F8043D7BB10661ABE755F8048B17FA22
:10C1800088F4221402EB1842A4B244EA02444EF8A6
:10C19000044B1714E0E7013EEAE7000082B08DEDA2
:10C1A000000B019B12491940A1F15071002905DDD6
:10C1B00000220B4643EC102B02B070474942B1F10C
:10C1C000A07F4FEA21504FF000024FF0000304DA45
:10C1D0004FF4002141FA00F3ECE7A0F114011E290D
:10C1E000DABF4FF0004020FA01F101210A46E1E7F1
:10C1F0000000F07FF8B5056900F1140707EB85052D
:10C200002E1F55F8044C2046FFF793FDC0F1200384
:10C210000A28DFF87CC00B6014DCC0F10B0E24FA96
:10C220000EF1B74241EA0C0334BF55F8081C002157
:10C23000153004FA00F021FA0EF140EA010243EC55
:10C24000102BF8BDB7423ABF55F8081CA5F10806F7
:10C2500000210B3817D0C0F1200C04FA00F5BE42C3
:10C2600021FA0CF445EA04058CBF56F8044C00246E
:10C2700045F07F5301FA00F024FA0CF443F4401324
:10C2800040EA0402DBE744EA0C030A46D7E700BFB2
:10C290000000F03F2DE9F7438946012157EC106B70
:10C2A0009046FFF77FFCC7F30A550446C7F3130314
:10C2B00035BB002E019328D068460096FFF759FD44
:10C2C000009900B3019AC0F1200302FA03F30B4373
:10C2D000C24063610192019BA361002B14BF022243
:10C2E00001222261D5B1A5F233450544C9F80050B9
:10C2F000C0F13500C8F80000204603B0BDE8F08367
:10C3000043F48013D5E76161E5E701A8FFF731FD4C
:10C31000019B6361012222612030E3E704EB820389
:10C32000A0F23240C9F800001869FFF702FDC0EB27
:10C330004210DFE72DE9F74F884669468146FFF74F
:10C3400059FF01A9404655EC104BFFF753FFD9F8B0
:10C350001030D8F81020A3EB020CDDE900329B1A54
:10C3600003EB4C1351EC100B002BD6BF0A462A46A8
:10C37000C3EB03338B462F46D4BF02EB035B02EBC8
:10C380000357204610EE102A5B463946FBF7ACF9FE
:10C3900041EC100B03B0BDE8F08F013970B54911C5
:10C3A0001469013102F1140300EB810103EB8404F1
:10C3B000051FA3420CD3A31A113B23F00303113230
:10C3C000A24288BF002318440023884205D370BDD1
:10C3D00053F8046B45F8046FEBE740F8043BF4E7CF
:10C3E00000F1140200694B11984210B511DB0ADD0F
:10C3F00011F01F0107D052F8234024FA01F000FA8F
:10C4000001F18C420BD102EB8303934203D800204D
:10C4100010BD0346F7E753F8041D0029F5D00120AD
:10C42000F6E7F8B5074614460E4621B9BDE8F840D0
:10C430001146FBF7CBBF22B9FBF778FF254628460C
:10C44000F8BD00F0FDF9A0420FD221463846FBF7B7
:10C45000BDFF05460028F2D031462246FBF726FFF5
:10C4600031463846FBF762FFE9E73546E7E72DE955
:10C47000F0478E689E4282460C4690461F4638D84A
:10C480008A8912F4906F32D025680969A5EB0109F9
:10C49000656905EB450505EBD57501334B446D101A
:10C4A0009D4238BF1D46530531D52946FBF78EFF07
:10C4B000064650B90C23CAF80030A38943F0400364
:10C4C000A3814FF0FF30BDE8F08721694A46FBF7B2
:10C4D000EDFEA38923F4906343F08003A3812661DA
:10C4E00065614E44A5EB09052660A5603E46BE4247
:10C4F00000D93E46324620684146FBF7E5FEA36878
:10C5000022689B1B3244A36022600020DBE72A469E
:10C51000FFF787FF06460028E1D121695046FBF767
:10C5200005FFC7E72DE9F04F98468B891B069DB0A4
:10C5300007460D4614460ED50B6963B94021FBF73B
:10C5400045FF2860286120B90C233B604FF0FF3085
:10C55000D1E040236B610023099320238DF829301B
:10C56000CDF80C803023DFF8A8818DF82A304FF009
:10C57000010923469A4613F8012B0AB1252AF9D15D
:10C58000BAEB040B0BD05B46224629463846FFF730
:10C590006EFF013000F0AA80099A5A4409929AF875
:10C5A0000030002B00F0A28000234FF0FF32CDE9D5
:10C5B00005230AF1010A049307938DF853301A9367
:10C5C0005446052214F8011B5148FBF711FE049A4A
:10C5D000D8B9D00644BF20238DF85330110744BF8B
:10C5E0002B238DF853309AF800302A2B15D0079A58
:10C5F000544600204FF00A0C214611F8013B303B15
:10C60000092B4ED9B0B1079214E0A0EB080309FA48
:10C6100003F313430493A246D2E7039B191D1B683F
:10C620000391002BBBBF5B4242F0020207930793CA
:10C63000B8BF049223782E2B0CD163782A2B35D1E6
:10C64000039B1A1D1B680392002BB8BF4FF0FF33EA
:10C6500002340593DFF8C8A0217803225046FBF787
:10C66000C7FD40B14023A0EB0A0003FA00F0049B91
:10C6700003430134049314F8011B26488DF8281055
:10C680000622FBF7B5FD002838D0234B1BBB039BCC
:10C69000073323F0070308330393099B33440993BB
:10C6A00067E70CFB02320C460120A5E700230134AA
:10C6B000059319464FF00A0C204610F8012B303A2A
:10C6C000092A03D9002BC5D00591C3E70CFB012132
:10C6D00004460123F0E703AB00932A460F4B04A95D
:10C6E0003846FCF7C7F8421C0646D6D1AB895B0634
:10C6F0003FF52CAF09981DB0BDE8F08F03AB009358
:10C700002A46064B04A93846FCF758FBEBE700BF66
:10C710002836070032360700758806006FC4060009
:10C720002E36070038B5074D04460846114600224C
:10C730002A601A4600F0BCF8431C02D12B6803B1F2
:10C74000236038BD386601209FED010B704700BFA4
:10C75000000000000000F87F1F2938B504460D4690
:10C7600004D9162303604FF0FF3038BD426C12B17C
:10C7700052F821304BB9204600F030F82A460146E5
:10C780002046BDE8384000F017B8012B0AD0591CEC
:10C7900003D1162303600120E7E7002442F8254077
:10C7A000284698470020E0E7024B01461868FFF74B
:10C7B000D3BF00BF2C63002038B5074D00230446CB
:10C7C000084611462B6000F063F8431C02D12B6829
:10C7D00003B1236038BD00BF3866012000F048B8BF
:10C7E00049B1FF2A85BF8A2303600A704FF0FF30EA
:10C7F00098BF0120704708467047000038B5074DC4
:10C8000000230446084611462B6000F029F8431C1B
:10C8100002D12B6803B1236038BD00BF3866012008
:10C8200038B5064D0023044608462B6000F028F872
:10C83000431C02D12B6803B1236038BD3866012048
:10C8400051F8043C181F002BBCBF0B58C018704790
:10C85000024B58221A604FF0FF30704738660120B3
:10C86000024B58221A604FF0FF30704738660120A3
:10C87000024B58221A604FF0FF3070473866012093
:10C88000024B58221A600020704700BF3866012012
:10C89000024B58221A604FF0FF3070473866012073
:10C8A000024B58221A604FF0FF3070473866012063
:10C8B000024B58221A604FF0FF3070473866012053
:10C8C000FEE700BFF8B500BFF8BC08BC9E46704745
:10C8D000F8B500BFF8BC08BC9E46704700000000D9
:10C8E0005FF800F00560002046574552523A257324
:10C8F00000000000556E6B6E6F776E002F00000019
:10C900002E646F76657800004C617020416E7974FA
:10C9100068696E67000000003230253032642D25D2
:10C920003032642D2530326420253032643A25308F
:10C9300032643A25303264004657424547494E3A00
:10C940000000000046575055543A00004657444FE7
:10C950004E45000046574150504C59004657414201
:10C960004F52540053544154450000004352430079
:10C9700053495A450000000056415249414E540067
:10C9800046574352433A2573000000006E6F6E73A2
:10C99000656E73650000000054444F4E4500000072
:10C9A00057524954450000004552524F5200000072
:10C9B0004C495354000000004745543A0000000021
:10C9C00044454C4554453A004E4F545F464F554EF2
:10C9D00044000000534C4953540000005347455451
:10C9E0003A000000535345543A0000005352455357
:10C9F000455400005342555359000000544C4953CC
:10CA000054000000544552523A4255535900000018
:10CA1000544745543A000000544552523A4241446A
:10CA20005F4E414D45000000545055543A000000FF
:10CA30005444454C3A000000424154540000000068
:10CA4000424154543A25642C2573000044454C5F00
:10CA50004552520044454C455445440054455252B9
:10CA60003A53445F42555359000000002F5452413D
:10CA7000434B532F0000000054454E44000000007B
:10CA80005446494C453A2573000000007C000000E4
:10CA9000257325733A256C7500000000454E44004F
:10CAA00053495A453A256C750000000025732C2522
:10CAB000642C25732C25732C25732C25732C25733E
:10CAC0002C25732C25732C25642C25732C25732C75
:10CAD00025732C25732C257300000000323025307F
:10CAE000326425303264253032645F25303264256B
:10CAF0003032642E646F76657800000074696D656D
:10CB00007374616D702C736174732C68646F702C16
:10CB10006C61742C6C6E672C73706565645F6D70EE
:10CB2000682C616C7469747564655F6D2C686561EF
:10CB300064696E675F6465672C685F6163635F6DDE
:10CB40002C72706D2C616363656C5F782C6163631C
:10CB5000656C5F792C616363656C5F7A2C54656DDD
:10CB600070312C4A756E6374696F6E31000000007D
:10CB70002F545241434B532F25732E6A736F6E000F
:10CB8000446174614C6F676765720000446F76653D
:10CB900073000000312E30002F2F272722225C5CEB
:10CBA0006208660C6E0A720D740900007472756575
:10CBB0000000000066616C73650000006E756C6CAF
:10CBC0000000000063616D6572615F736572696189
:10CBD0006C000000626C7565746F6F74685F6E61E5
:10CBE0006D650000446F766573446174614C6F67D6
:10CBF0006765720073746172745F615F6C61740069
:10CC000073746172745F615F6C6E67005445525259
:10CC10003A544F4F5F4C4152474500002F54524108
:10CC2000434B532F25730000544552523A575249F3
:10CC300054455F4641494C00544F4B0054455252B5
:10CC40003A4E4F5F46494C45000000006C6F6E67DE
:10CC50004E616D650000000073686F72744E616D07
:10CC60006500000064656661756C74436F7572736E
:10CC7000650000006E616D65000000006C656E6708
:10CC8000746846740000000073746172745F625FC0
:10CC90006C61740073746172745F625F6C6E6700C4
:10CCA000736563746F725F325F615F6C6174000003
:10CCB000736563746F725F325F615F6C6E670000F3
:10CCC000736563746F725F325F625F6C61740000E2
:10CCD000736563746F725F325F625F6C6E670000D2
:10CCE000736563746F725F335F615F6C61740000C2
:10CCF000736563746F725F335F615F6C6E670000B2
:10CD0000736563746F725F335F625F6C61740000A0
:10CD1000736563746F725F335F625F6C6E67000090
:10CD20005C75303030300000446F76657344617458
:10CD3000614C6F676765722D257300002530346480
:10CD400000000000257325730000000064726976FE
:10CD500065725F6E616D6500447269766572000090
:10CD60003700000033300000776179706F696E74AE
:10CD70005F73706565640000776179706F696E74C8
:10CD80005F646574656374696F6E5F646973746111
:10CD90006E6365006C61705F646574656374696F70
:10CDA0006E5F64697374616E6365000064657669C3
:10CDB00063655F6E616D6500626C7565746F6F743D
:10CDC000685F70696E000000534552523A53445FE9
:10CDD00042555359000000002F53455454494E47C3
:10CDE000532E6A736F6E0000534552523A4E4F5F96
:10CDF00046494C4500000000534552523A454D50BB
:10CE000054590000534552523A5041525345000084
:10CE10005356414C3A25733D2573000053454E440B
:10CE200000000000534552523A4E4F545F464F5552
:10CE30004E440000534552523A4241445F434D44F0
:10CE400000000000534F4B3A2573000053455252E7
:10CE50003A57524954455F4641494C00534F4B3A6B
:10CE60005245534554000000534552523A524553DF
:10CE700045545F4641494C00446F76657344617484
:10CE8000614C6F676765722D2530336400000000C8
:10CE900042697264734579652D6E6F6E73656E734A
:10CEA00065000000332E302E31000000496E73748F
:10CEB00061333630204750532052656D6F746500E2
:10CEC0004E6F202E646F7665782066696C65730AF4
:10CED000666F756E64206F6E205344210000000061
:10CEE00043616D6572612062757379202D0A656EEC
:10CEF000642073657373696F6E2066697273740062
:10CF00004E6F2072656D6F7465206C696E6B202D9D
:10CF10000A72756E2057616B6520666972737400C2
:10CF200043616D657261206E6F7420737562626516
:10CF3000640A746F20627574746F6E732028636561
:10CF400038322900427574746F6E2073656E640AFE
:10CF500072656A65637465642062792073746163C5
:10CF60006B000000506C756720696E205553420AB3
:10CF70006361626C65206669727374210000000051
:10CF8000534420627573792C2063616E6E6F740A4E
:10CF9000737461727420555342206D6F6465210073
:10CFA00043616E6E6F74207265616420444F564514
:10CFB000580A6865616465722028696E636F6D70D8
:10CFC0006C6574653F2900004750533A204E4F541A
:10CFD0002044455445435445440000000A43484515
:10CFE000434B20574952494E470000000A5265748E
:10CFF0007279696E672E2E2E000000000A416E794C
:10D0000020627574746F6E3A206D656E7500000055
:10D010000A75703A00000000536174733A00000012
:10D02000202048444F503A002D2D00004C4F434BD8
:10D030004544202D20726561647920696E200000CE
:10D04000464958202874696D652073796E632920DC
:10D0500000000000414351554952494E472000000D
:10D060004D6F64653A4750532D6F6E6C7900000028
:10D07000426174743A000000252000005600000050
:10D080002D3E00005E0000002076206D6F7265006E
:10D0900020426C7565746F6F746820436F6E6E65A7
:10D0A0006374696F6E00000020436F6E6E65637479
:10D0B00065640000202057616974696E6700000094
:10D0C0005472616E736665723A200000250000009C
:10D0D0002D3E45786974000020202055534220538E
:10D0E000746F726167650000204472697665204F35
:10D0F0006E000000436F6E6E656374656420746F2C
:10D100002050432E000000004472616720262064F6
:10D11000726F702066696C65732E00002D3E457835
:10D12000697420287265626F6F74732900000000B3
:10D1300020202020202043414D4552410000000086
:10D140005061697265643A20000000004261636BBF
:10D15000000000005465737400000000556E70619B
:10D160006972000020202020205041495220434174
:10D170004D45524100000000436F6E6E656374655B
:10D1800064202D0072656164696E67207365726941
:10D19000616C2E2E2E000000506F776572206F6E2E
:10D1A0002063616D657261006E65617262792E2E19
:10D1B0002E00000050616972696E672073746F7091
:10D1C0007065640042313A4D616E75616C20423287
:10D1D0003A43616E63656C006E6F000079657300A1
:10D1E0005550000055502B0053594E43000000008D
:10D1F00043414D4552412054455354207265633A92
:10D2000000000000523A0000204164763A0000001D
:10D2100020473A002020202043414D4552412053D1
:10D22000455249414C000000204F4B2000000000B7
:10D230002043414E43454C200000000053656C657F
:10D2400063742053657373696F6E3A2000000000A9
:10D250004E6F202E646F7665782066696C6573006A
:10D26000666F756E64210000507265737320616E85
:10D2700079206B6579000000746F20676F20626110
:10D28000636B00002020205265706C61792052652C
:10D2900073756C74730000004C6170733A20000069
:10D2A000426573743A20000020284C0029000000D9
:10D2B0004E2F41004F70743A20000000447269768E
:10D2C00065723A2000000000436F757273653A2062
:10D2D000000000003C2D204C617073202020202095
:10D2E000202045786974202D3E0000002020204534
:10D2F000786974205265706C61793F004578697473
:10D300000000000053504545440000000A4C4150C5
:10D3100000000000202043757272656E74204C611D
:10D3200070205061636500002020202020202020F4
:10D33000202020002B00000020204E2F4100000064
:10D3400020202020202042657374204C6170000052
:10D350000A0A00004C61703A20000000456E6769BF
:10D360006E652052504D202A4F5645522052455648
:10D370002A0000002020202020456E67696E65206D
:10D3800052504D00202057414954494E47204750A4
:10D3900053204C4F434B2E2E000000002020202015
:10D3A000206D61783A20000020202020204F7074EA
:10D3B000696D616C204C6170000000004E6F20733D
:10D3C0006563746F7273000020202020204C617010
:10D3D000204E756D62657273000000002020204CA5
:10D3E000617020486973746F7279202020000000FA
:10D3F00020202020204C617020486973746F72795E
:10D4000020202020200000002020204641554C54A0
:10D410002020000020506C65617365205265626FAA
:10D420006F742044657669636500000053442046AC
:10D430004F524D4154000000466F726D617420469A
:10D4400041494C4544202D207265747279000000DA
:10D4500043617264206973206E6F7420666F726D11
:10D460006174746564000000466F726D6174746964
:10D470006E6720696E2000004B65657020686F6CD8
:10D4800064696E672053454C45435400486F6C6493
:10D490002053454C45435420337320746F000000E3
:10D4A000666F726D617420746865206361726400D8
:10D4B00028455241534553204556455259544849F1
:10D4C0004E4729004368617267696E67000000007B
:10D4D0002564252500000000202020446F76657318
:10D4E0000A204D61676963426F7800002054696DBE
:10D4F0006572202B2044617461204C6F67676572F0
:10D50000000000000A20202020496E697469616CC7
:10D51000697A696E672E2E2E000000004657414240
:10D520004F525445440000002F6677002F66772F36
:10D5300070656E64696E672E62696E00465752456B
:10D540004144590046574F4B3A25730046574442D1
:10D55000473A4150504C590046574442473A564288
:10D5600041543D2564000000424154544552590045
:10D57000464C4153480000005550444154494E47E1
:10D58000000000004649524D57415245000000003E
:10D59000446F206E6F7420706F776572206F6666BF
:10D5A0000000000046574442473A53544147450063
:10D5B00046574442473A45524153453D256C750014
:10D5C00046574442473A4552415345440000000003
:10D5D000465753544147453A256400004657535433
:10D5E0004147453A3130300046574150504C49454B
:10D5F0004400000046574442473A444953434F4E83
:10D600004E45435400000000545245414459000027
:10D61000444F4E450000000020454E4420524143F7
:10D6200045000000207072657373206D6964646C3E
:10D630006520627574746F6E000000004465746547
:10D640006374696E672E2E2E000000004750532031
:10D650006E6F740A696E697469616C697A656400D9
:10D660004261747465727920203A200053617473AA
:10D6700020202020203A20005261746520202020A4
:10D68000203A2000487A00004E4F204649580000BA
:10D6900048444F5020202020203A2000534443612A
:10D6A00072642020203A200042616420496E69742F
:10D6B000000000004C6F6767696E6700576169740E
:10D6C000696E67204750530052656164790000001D
:10D6D00044726F7073202020203A2000204F76661D
:10D6E0003A000000547261636B3A20004D6F64652C
:10D6F000203A200057616974696E6720666F722056
:10D700004750532E2E2E00004750532F5246204490
:10D7100045425547000000000A475053206E6F7481
:10D7200020617661696C61626C65000044726F70A3
:10D73000733A000020523A004953526D61783A0022
:10D74000447261696E3A00004C6170733A000000E7
:10D7500020537472743A000020583A0043757220C6
:10D760003A200000506163653A20000020466F7245
:10D770006D617474696E6720636172642E2E2E0071
:10D7800020444F204E4F5420504F574552204F4673
:10D7900046000000205265626F6F74696E672E2E1E
:10D7A0002E00000020466F726D6174204F4B000008
:10D7B000202043757272656E74204C61702054692C
:10D7C0006D65000020205741524E494E47202000F1
:10D7D000436F6E74696E7565205769746820436184
:10D7E0007574696F6E0000002020205472616E73A2
:10D7F000666572204D6F646500000000426C7565BF
:10D80000746F6F74680000005553420053746F705A
:10D81000204C6F6767696E673F0000004241434BD1
:10D8200000000000454E44205241434500000000E6
:10D83000496E76616C69642073657269616C000081
:10D840004141414141410000534420496E697420E7
:10D850006661696C6564210A0A6C6F6767696E6747
:10D86000206E6F7420706F737369626C65210000A5
:10D870000000000000000000097302000D730200A8
:10D8800011730200157302001973020000000000FA
:10D89000000000006D75020065750200057302004E
:10D8A000E5740200B9750200B17502005D750200F1
:10D8B0000000000000000000ED750200E5750200A8
:10D8C000DD75020000000000000000007557030035
:10D8D000416A0300057302003D5003003951030003
:10D8E000696E03005D6E0300000000000000000090
:10D8F000697402007D74020005730200CDCCCC3D3A
:10D900000AD7233C17B7D13877CC2B329595E6242C
:10D910001FB14F0A000020410000C84200401C46D1
:10D9200020BCBE4CCA1B0E5AAEC59D740000000040
:10D930009A9999999999B93F7B14AE47E17A843FB6
:10D940002D431CEBE2361A3F3A8C30E28E79453E8D
:10D95000BC89D897B2D29C3C33A7A8D523F64939C5
:10D960003DA7F444FD0FA5329D978CCF08BA5B25E7
:10D97000436FAC642806C80A000000000000244081
:10D980000000000000005940000000000088C34073
:10D990000000000084D797410080E03779C34143FD
:10D9A000176E05B5B5B89346F5F93FE9034F384D05
:10D9B000321D30F94877825A3CBF737FDD4F1575B1
:10D9C0004170657800000000547572626F000000BD
:10D9D0004E6974726F000000447269667400000042
:10D9E000536C69636B000000426F6F73740000003A
:10D9F000506973746F6E0000566F72746578000022
:10DA000043616D62657200004472616674000000DB
:10DA10005265646C696E650047656172626F78007B
:10DA200057616B65000000005265636F726400000F
:10DA3000506F776572204F66660000005261636523
:10DA40000000000052657669657700005472616ECF
:10DA5000736665720000000043616D6572610000CD
:10DA60000100000002000000030000002F5452419A
:10DA7000434B5300FFFFFFFFFFFFFFFFFFFBFFFFD5
:10DA8000FFFFFFFFFFFFFFFFFFFFFFFFFFE3FFFFC2
:10DA9000FFFFFFFFFFFFFFFFFFFFFFFFFF0BFFFF8A
:10DAA000FFFFFFFFFFFFFFFFFFFFFFFFF8737FFF99
:10DAB000FFFFFFFFFFFFFFFFFFFFFFFFC1F27FFF41
:10DAC000FFFFFFFFFFFFFFFFFFFFFFFE1FF27FFFD4
:10DAD000FFFFFFFFFFFFFFFFFFFFFFE0FFF47FFF00
:10DAE000FFFFFFFFFFFFFFFFFFFFFF0FFFF57FFFC0
:10DAF000FFFFFFFFFFFFFFFFFFFFFC3FFFF17FFF87
:10DB0000FFFFFFFFFFFFFFFFFFFE71FFFFE27FFF51
:10DB1000FFFFFFFFFFFFFFFFFFFE67FFFFE67FFF47
:10DB2000FFFFFFFFFFFFFFFFFFFD0FFFFFFE01FFF6
:10DB3000FFFFFFFFFFFFFFFFFFFD3FFFFFFE000FA7
:10DB4000FFFFFFFFFFFFFFFFFFF97FFFFFFFFFE08A
:10DB500007FFFFFFFFFFFFFFFFDB7FFFFFFFFFFF71
:10DB6000EFFFFFFFFFFFFFFFFFC3FFFFFFFFFFFF11
:10DB70009FFFFFFFFFFFFFFFFFC7FFFFFFFFFFFF4D
:10DB80009FFFFFFFFFFFFFFFFFD7FFFFFFFFFFFE2E
:10DB90001FFFFFFFFFFFFFFFFFDFFFFFFFFFFFF89C
:10DBA0001FFFFFFFFFFFFFFFFFDFFFFFFFFFFFFF85
:10DBB000BFFFFFFFFFFFFFFFFFDFFFFFFFFFFFFFD5
:10DBC000BFFFFFFFFFFFFFFFFF9FFFFFFFFFFFFF05
:10DBD0003FFFFFFFFFFFFFFFFF3FFFFFFFFFFFFFD5
:10DBE0007FFFFFFFFFFFFFFFFE7FFFFFFFFFFFFE47
:10DBF0007FFFFFFFFFFFFFFFFCFFFFFFF7FFFFFEC1
:10DC00007FFFFFFFFFFFFFFFF9FFFFFF83FFFFFE27
:10DC1000FFFFFFFFFFFFFFFFF37FFFFE03FFFFFCA0
:10DC2000FFFFFFFFFFFFFFFFF61FFFF80FFFFFFCE7
:10DC30001FFFFFFFFFFFFFFFE70FFFE03FFFFFFCBE
:10DC40001FFFFFFFFFFFFFFFEF81FF007FFFFFFFD1
:10DC5000BFFFFFFFFFFFFFFFEFC07E00FFFFFFFFE3
:10DC60003FFFFFFFFFFFFFFFCFE07F01FFFFFCFE55
:10DC70007FFFFFFFFFFFFFFFDFF0FF87C07FF0FEAA
:10DC8000FFFFFFFFFFFFFFFFD83FFFFE077FE5FC21
:10DC9000FFFFFFFFFFFFFFFFDA03FFF0077FFBFF40
:10DCA0001FFFFFFFFFFFFFFFDA00FFE4077FE7FF33
:10DCB000C7FFFFFFFFFFFFFFDA0407E60E7FE7FF66
:10DCC000F1FFFFFFFFFFFFFF1B0C23F71CFFF9FF16
:10DCD000FDFFFFFFFFFFFFFC39F8F9F3F8FFFCFF42
:10DCE000FBFFFFFFFFFFFFF9FCF1FC78F1FFFEFFF8
:10DCF000F3FFFFFFFFFFFFFBFE07FE3C03FFFEFFFE
:10DD0000E7FFFFFFFFFFFFF07F0FFF9F9FFFFF7FFA
:10DD1000CFFFFFFFFFFFFFF07F1FFFCFFFFFFF7F62
:10DD2000DFFFFFFFFFFFFFF9FE3FFFE7FFFFFF7F82
:10DD3000BFFFFFFFFFFFFFF9FCFFFFF3FFFFFF3F08
:10DD40003FFFFFFFFFFFFFF3F9FFFFF9FFFFFFBCFE
:10DD5000FFFFFFFFFFFFFFF7FBFFFFFCFFFFF7BE2B
:10DD60007FFFFFFFFFFFFFE7F3FFFFFE7FFFF1BF36
:10DD70003FFFFFFFFFFFFFE7F7FFFFFF1FFFF07F02
:10DD80009FFFFFFFFFFFFFE7F7FFFFFFCFFFFA7FD8
:10DD9000CFFFFFFFFFFFFFEFF7FFFFFFE7FFF3FFFF
:10DDA000EFFFFFFFFFFFFFE9F7FFFFFFF3FFF3FFC9
:10DDB000E7FFFFFFFFFFFFE1F7FFFFFFFBFFF7FFBD
:10DDC000F7FFFFFFFFFFFFE5F3FFFFFFF9FFF7FF9F
:10DDD000E7FFFFFFFFFFFFFDF3FFE0E01DFFEFFFA9
:10DDE0000FFFFFFFFFFFFFFDFBFFCC030DFFCFF891
:10DDF00067FFFFFFFFFFFFFCF9FF9FFFDDFFDFFF76
:10DE0000E3FFFFFFFFFFFFFCFDFF3FFFFCFFBFFF46
:10DE1000F8FFFFFFFFFFFFFEFCFE7F8039FE7FFF64
:10DE2000FE7FFFFFFFFFFFFE7E7CFC1F81FEFFFFEA
:10DE3000FF1FFFFFFFFFFFFC7F1800FFFFFFFFFF3B
:10DE4000FF8FFFFFFFFFFFFC3F830FFFFFFFFFFF81
:10DE5000FFE7FFFFFFFFFFFC3FE7FFFFFFFFFFFFC5
:10DE6000FFF3FFFFFFFFFFFE1FFFFFFFFFFFFFFFAF
:10DE7000FFF9FFFFC0D90600C8D90600D0D90600B7
:10DE8000D8D90600E0D90600E8D90600F0D9060086
:10DE9000F8D9060000DA060008DA060010DA0600F3
:10DEA00018DA0600303132333435363738394142EA
:10DEB000434445464748494A4B4C4D4E4F505152BA
:10DEC000535455565758595A000000002F53455483
:10DED00054494E47532E6A736F6E000000000000D5
:10DEE0000000000000000000000000000000000032
:10DEF0000000000000000000000000000000000022
:10DF00000000000000000000000000000000000011
:10DF10000000000000000000000000000000000001
:10DF200000000000000000000000000000000000F1
:10DF300000000000000000000000000000000000E1
:10DF400000000000000000000000000000000000D1
:10DF500000000000000000000000000000000000C1
:10DF600000000000000000000000000000000000B1
:10DF700000000000000000000000000000000000A1
:10DF80000000000000000000000000000000000091
:10DF90000000000000000000000000000000000081
:10DFA0000000000000000000000000000000000071
:10DFB0000000000000000000000000000000000061
:10DFC0000000000000000000000000000000000051
:10DFD0000000000000000000000000000000FFFF43
:10DFE0000000FFFF0000FFFF0000FFFF0000FFFF39
:10DFF0000000FFFF0000FFFF0000FFFF0000FFFF29
:10E000000000FFFF0000FFFF0000FFFF0000FFFF18
:10E010000000FFFF0000FFFF0000FFFF0000FFFF08
:10E020000000FFFF0000FFFF0000FFFF0000FFFFF8
:10E030000000FFFF0000FFFF0000FFFF0000FFFFE8
:10E040000000FFFF0000FFFF0000FFFF0000FFFFD8
:10E050000000FFFF0000FFFF0000FFFF0000FFFFC8
:10E060000000FFFF0000FFFF0000FFFF0000FFFFB8
:10E070000000FFFF0000FFFF0000FFFF0000FFFFA8
:10E080000000FFFF0000FFFF0000FFFF0000FFFF98
:10E090000000FFFF0000FFFF0000FFFF0000FFFF88
:10E0A0000000FFFF0000FFFF0000FFFF0000FFFF78
:10E0B0000000FFFF0000FFFF0000FFFF0000FFFF68
:10E0C0000000FFFF0000FFFF0000FFFF0000FFFF58
:10E0D0000000FFFF0000FFFF0000FFFF0000000046
:10E0E0000000000000000000000000000000000030
:10E0F0000000000000000000000000000000000020
:10E10000000000000000000000000000000000000F
:10E1100000000000000000000000000000000000FF
:10E1200000000000000000000000000000000000EF
:10E1300000000000000000000000000000000000DF
:10E1400000000000000000000000000000000000CF
:10E1500000000000000000000000000000000000BF
:10E1600000000000000000000000000000000000AF
:10E17000000000000000000000000000000000009F
:10E18000000000000000000000000000000000008F
:10E19000000000000000000000000000000000007F
:10E1A000000000000000000000000000000000006F
:10E1B000000000000000000000000000000000005F
:10E1C000000000000000000000000000000000004F
:10E1D0000000000000000000000000000000FFFF41
:10E1E0000000FFFF0000FFFF0000FFFF0000FFFF37
:10E1F0000000FFFF0000FFFF0000FFFF0000FFFF27
:10E200000000FFFF0000FFFF0000FFFF0000FFFF16
:10E210000000FFFF0000FFFF0000FFFF0000FFFF06
:10E220000000FFFF0000FFFF0000FFFF0000FFFFF6
:10E230000000FFFF0000FFFF0000FFFF0000FFFFE6
:10E240000000FFFF0000FFFF0000FFFF0000FFFFD6
:10E250000000FFFF0000FFFF0000FFFF0000FFFFC6
:10E260000000FFFF0000FFFF0000FFFF0000FFFFB6
:10E270000000FFFF0000FFFF0000FFFF0000FFFFA6
:10E280000000FFFF0000FFFF0000FFFF0000FFFF96
:10E290000000FFFF0000FFFF0000FFFF0000FFFF86
:10E2A0000000FFFF0000FFFF0000FFFF0000FFFF76
:10E2B0000000FFFF0000FFFF0000FFFF0000FFFF66
:10E2C0000000FFFF0000FFFF0000FFFF0000FFFF56
:10E2D0000000FFFF0000FFFF0000FFFF0000000044
:10E2E000000000000000000000000000000000002E
:10E2F000000000000000000000000000000000001E
:10E30000000000000000000000000000000000000D
:10E3100000000000000000000000000000000000FD
:10E3200000000000000000000000000000000000ED
:10E3300000000000000000000000000000000000DD
:10E3400000000000000000000000000000000000CD
:10E3500000000000000000000000000000000000BD
:10E3600000000000000000000000000000000000AD
:10E37000000000000000000000000000000000009D
:10E38000000000000000000000000000000000008D
:10E39000000000000000000000000000000000007D
:10E3A000000000000000000000000000000000006D
:10E3B000000000000000000000000000000000005D
:10E3C000000000000000000000000000000000004D
:10E3D000000000000000000000000000FFFF00003F
:10E3E000FFFF0000FFFF0000FFFF0000FFFF000035
:10E3F000FFFF0000FFFF0000FFFF0000FFFF000025
:10E40000FFFF0000FFFF0000FFFF0000FFFF000014
:10E41000FFFF0000FFFF0000FFFF0000FFFF000004
:10E42000FFFF0000FFFF0000FFFF0000FFFF0000F4
:10E43000FFFF0000FFFF0000FFFF0000FFFF0000E4
:10E44000FFFF0000FFFF0000FFFF0000FFFF0000D4
:10E45000FFFF0000FFFF0000FFFF0000FFFF0000C4
:10E46000FFFF0000FFFF0000FFFF0000FFFF0000B4
:10E47000FFFF0000FFFF0000FFFF0000FFFF0000A4
:10E48000FFFF0000FFFF0000FFFF0000FFFF000094
:10E49000FFFF0000FFFF0000FFFF0000FFFF000084
:10E4A000FFFF0000FFFF0000FFFF0000FFFF000074
:10E4B000FFFF0000FFFF0000FFFF0000FFFF000064
:10E4C000FFFF0000FFFF0000FFFF0000FFFF000054
:10E4D000FFFF0000FFFF0000FFFF00000000000042
:10E4E000000000000000000000000000000000002C
:10E4F000000000000000000000000000000000001C
:10E50000000000000000000000000000000000000B
:10E5100000000000000000000000000000000000FB
:10E5200000000000000000000000000000000000EB
:10E5300000000000000000000000000000000000DB
:10E5400000000000000000000000000000000000CB
:10E5500000000000000000000000000000000000BB
:10E5600000000000000000000000000000000000AB
:10E57000000000000000000000000000000000009B
:10E58000000000000000000000000000000000008B
:10E59000000000000000000000000000000000007B
:10E5A000000000000000000000000000000000006B
:10E5B000000000000000000000000000000000005B
:10E5C000000000000000000000000000000000004B
:10E5D000000000000000000000000000FFFF00003D
:10E5E000FFFF0000FFFF0000FFFF0000FFFF000033
:10E5F000FFFF0000FFFF0000FFFF0000FFFF000023
:10E60000FFFF0000FFFF0000FFFF0000FFFF000012
:10E61000FFFF0000FFFF0000FFFF0000FFFF000002
:10E62000FFFF0000FFFF0000FFFF0000FFFF0000F2
:10E63000FFFF0000FFFF0000FFFF0000FFFF0000E2
:10E64000FFFF0000FFFF0000FFFF0000FFFF0000D2
:10E65000FFFF0000FFFF0000FFFF0000FFFF0000C2
:10E66000FFFF0000FFFF0000FFFF0000FFFF0000B2
:10E67000FFFF0000FFFF0000FFFF0000FFFF0000A2
:10E68000FFFF0000FFFF0000FFFF0000FFFF000092
:10E69000FFFF0000FFFF0000FFFF0000FFFF000082
:10E6A000FFFF0000FFFF0000FFFF0000FFFF000072
:10E6B000FFFF0000FFFF0000FFFF0000FFFF000062
:10E6C000FFFF0000FFFF0000FFFF0000FFFF000052
:10E6D000FFFF0000FFFF0000FFFF00003CDA060024
:10E6E00044DA06004CDA060058DA060000000000A2
:10E6F0000338FDD87047000020DA060028DA06004B
:10E7000030DA06004CD1060001020000303132330D
:10E71000343536373839616263646566000000005D
:10E720006461746574696D652C6472697665722CB8
:10E73000636F757273652C73686F72745F6E616D51
:10E74000652C626573745F6C61705F6D732C6F70A4
:10E7500074696D616C5F6D732C6465766963655F68
:10E760006E616D650D0A000025732C25732C2573D1
:10E770002C25732C25732C25732C25730D0A000072
:10E780006C6170735F6D730D0A0000002C256C7551
:10E79000000000002C000000031980011409496EDC
:10E7A000737461333630204750532052656D6F7457
:10E7B00065000000474E524D432C00002C452C00B4
:10E7C0002C302E302C572C412C5600002C32362E5B
:10E7D000372C00000201051BFF4C000215094F52A7
:10E7E00042495409FF0F0000000000000000000033
:10E7F00000E40100FCEFFE860003010030313233FB
:10E80000343536373839414243444546000000002C
:10E81000256C753A2530326C752E2530336C7500B9
:10E82000303A2530326C752E2530336C750000007F
:10E830002025326C752E2530336C7500256C752EB5
:10E840002530336C7500000000000000000000005F
:10E850001D910300359103004991030021910300AC
:10E8600025910300299103002D91030031910300AC
:10E8700061910300656E643A207468652066696C76
:10E8800065206275666665722068617320626565E1
:10E890006E2064656C657465642E20596F752077F1
:10E8A000696C6C206E65656420746F2063616C6CAC
:10E8B0002073657446696C65427566666572536956
:10E8C0007A65206265666F7265202E626567696E83
:10E8D00020746F206372656174652061206E6577B6
:10E8E000206F6E652E0000007365745061636B6568
:10E8F000744366675061796C6F616453697A653AF5
:10E90000205A65726F207061796C6F616453697A07
:10E91000652100007365745061636B6574436667BD
:10E920005061796C6F616453697A653A20706163F4
:10E930006B65744366675061796C6F616453697A83
:10E9400065203E2073706942756666657253697A08
:10E9500065210000556E6B6E6F776E205374617485
:10E9600075730000696E697453746F726167654EE8
:10E970004D45413A2052414D20616C6C6F632066D9
:10E9800061696C6564210000475047474100000001
:10E99000474E47474100000047505654470000008B
:10E9A000474E5654470000004750524D4300000068
:10E9B000474E524D4300000047505A44410000006A
:10E9C000474E5A444100000047504753540000004E
:10E9D000474E4753540000007370695472616E7360
:10E9E0006665723A20737069427566666572206961
:10E9F000732066756C6C210073656E645370694397
:10EA00006F6D6D616E643A206E6F206D656D6F7213
:10EA10007920616C6C6F636174696F6E20666F72D0
:10EA2000205350492042756666657221000000003F
:10EA3000434C533A000000004E41560041434B0006
:10EA4000434647004D4F4E002049443A0000000025
:10EA5000505654005341564500000000204C656E4E
:10EA60003A20307800000000205061796C6F6164BA
:10EA70003A000000205061796C6F61643A20494788
:10EA80004E4F5245440000006372656174654669EB
:10EA90006C654275666665723A205761726E696E82
:10EAA000672E2066696C6542756666657253697A81
:10EAB00065206973207A65726F2E2044617461202D
:10EAC0006C6F6767696E67206973206E6F74207062
:10EAD0006F737369626C652E00000000637265617C
:10EAE000746546696C654275666665723A20576161
:10EAF000726E696E672E2046696C65206275666667
:10EB0000657220616C7265616479206578697374DF
:10EB1000732E20536B697070696E672E2E2E000065
:10EB200063726561746546696C6542756666657297
:10EB30003A2066696C6542756666657253697A65E6
:10EB40002069733A2000000073746F72655061632E
:10EB50006B65743A2066696C6520627566666572DD
:10EB6000206E6F7420617661696C61626C65210052
:10EB700073746F72655061636B65743A20696E736C
:10EB8000756666696369656E74207370616365207C
:10EB9000617661696C61626C6521204461746120F9
:10EBA00077696C6C206265206C6F737421000000C3
:10EBB00070726F636573735542587061636B6574EF
:10EBC0003A207061636B65745542584D474141432B
:10EBD0004B2069732066756C6C2E2041434B207767
:10EBE000696C6C206265206C6F73742100000000FA
:10EBF00070726F636573735542587061636B6574AF
:10EC00003A207061636B65745542584D47414442E8
:10EC1000442069732066756C6C2E20444244206445
:10EC20006174612077696C6C206265206C6F73740D
:10EC3000210000005542585F5345435F5349473A0E
:10EC4000207472756E636174696E67200000000045
:10EC50002063656E746572206672657175656E639A
:10EC600069657320746F200070726F6365737355EC
:10EC700042583A206175746F4C6F6F6B75702072DB
:10EC8000657475726E6564205A45524F206D6178C7
:10EC90005061796C6F6164212120436C6173733A18
:10ECA000203078002049443A2030780070726F6339
:10ECB0006573735542583A204E41434B2072656349
:10ECC00065697665643A205265717565737465642B
:10ECD00020436C6173733A203078000020526571D4
:10ECE0007565737465642049443A203078000000EB
:10ECF00070726F636573735542583A20696E636F23
:10ED00006D696E6720226175746F6D61746963222D
:10ED1000206D6573736167653A20436C6173733A64
:10ED200020307800496E636F6D696E673A205369D1
:10ED30007A653A20000000002052656365697665B7
:10ED4000643A20007061636B6574436667206E6F80
:10ED5000772076616C6964007061636B65744163F0
:10ED60006B206E6F772076616C6964007061636BF5
:10ED7000657443666720636C617373416E644944D4
:10ED80006D617463680000007061636B657441635A
:10ED90006B20636C617373416E6449446D6174638D
:10EDA00068000000436865636B73756D2066616978
:10EDB0006C65643A0000000020636865636B7375DE
:10EDC0006D413A200000000020636865636B737535
:10EDD0006D423A200000000020726F6C6C696E6713
:10EDE000436865636B73756D413A200020726F6CE8
:10EDF0006C696E67436865636B73756D423A20009A
:10EE000070726F636573735542583A206275666617
:10EE10006572206F76657272756E206465746563C5
:10EE2000746564210000000070726F636573735530
:10EE300042583A20636F756E746572206869742059
:10EE40006D6178696D756D5F7061796C6F61645F1C
:10EE500073697A65202B20362100000020616374DD
:10EE60006976655061636B65744275666665723A72
:10EE700020000000206D6178696D756D5F706179AB
:10EE80006C6F61645F73697A653A200073746F72A6
:10EE90006546696C6542797465733A2066696C658C
:10EEA00020627566666572206E6F74206176616996
:10EEB0006C61626C6521000073746F726546696CE9
:10EEC0006542797465733A20696E73756666696325
:10EED00069656E7420737061636520617661696C29
:10EEE00061626C652120446174612077696C6C20DB
:10EEF0006265206C6F7374210000000070726F6394
:10EF00006573733A206175746F4C6F6F6B75702009
:10EF100072657475726E6564205A45524F206D613A
:10EF2000785061796C6F6164212120436C61737347
:10EF30003A2030780000000070726F636573733A96
:10EF400020696E636F6D696E6720226175746F6DE5
:10EF50006174696322206D6573736167653A20434C
:10EF60006C6173733A20307800000000206C6F678A
:10EF7000426563617573654175746F3A0000000006
:10EF8000206C6F6742656361757365456E61626C85
:10EF900065643A0070726F636573733A205A455224
:10EFA0004F204C454E475448207061636B65742078
:10EFB00072656365697665643A20436C6173733A80
:10EFC0002030780070726F636573733A2041434B51
:10EFD0002072656365697665642077697468202EA0
:10EFE0006C656E20213D20323A20436C6173733A88
:10EFF00020307800206C656E3A20000070726F63DC
:10F000006573733A204E4D454120627566666572A0
:10F010002069732066756C6C2100000070726F634C
:10F020006573733A204E4D454120636865636B7389
:10F03000756D206661696C20283229212045787021
:10F04000656374656420000020476F742000000031
:10F0500070726F636573733A204E4D45412063684B
:10F0600065636B73756D206661696C202831292199
:10F070000000000070726F636573733A205F7374F1
:10F080006F726167654E4D454120636865636B73C0
:10F09000756D206661696C210000000070726F63FD
:10F0A0006573733A2076616C6964205254434D2035
:10F0B0006D65737361676520747970653A2000002F
:10F0C0005F00000070726F636573733A205254439F
:10F0D0004D20636865636B73756D206661696C2193
:10F0E00000000000636865636B55626C6F7849329D
:10F0F000433A200020627974657320617661696CFF
:10F1000061626C6500000000636865636B55626C4A
:10F110006F784932433A20627573206572726F725C
:10F120003F20627974657352657475726E656420F0
:10F13000213D206279746573546F526561640000EB
:10F1400077616974466F724E6F41434B52657370BD
:10F150006F6E73653A2076616C69642064617461D6
:10F16000207769746820434C532F4944206D6174A3
:10F17000636820616674657220000000206D73650D
:10F180006300000077616974466F724E6F41434BB4
:10F19000526573706F6E73653A20646174612062AA
:10F1A00065696E67204F5645525752495454454E33
:10F1B000206166746572200077616974466F724ED3
:10F1C0006F41434B526573706F6E73653A20434CC9
:10F1D000532F4944206D6174636820627574206602
:10F1E00061696C65642043524320616674657220D6
:10F1F0000000000077616974466F724E6F41434BA7
:10F20000526573706F6E73653A2054494D454F5582
:10F21000542061667465722000000000206D7365E3
:10F22000632E204E6F207061636B6574207265637E
:10F2300065697665642E000077616974466F724176
:10F24000434B526573706F6E73653A2076616C69DB
:10F2500064206461746120616E642076616C69640D
:10F260002041434B20726563656976656420616661
:10F27000746572200000000077616974466F724106
:10F28000434B526573706F6E73653A206E6F2064E6
:10F2900061746120616E642076616C696420414311
:10F2A0004B2061667465722000000000776169740C
:10F2B000466F7241434B526573706F6E73653A20AF
:10F2C00064617461206265696E67204F56455257CC
:10F2D00052495454454E2061667465722000000006
:10F2E00077616974466F7241434B526573706F6EFC
:10F2F00073653A20435243206661696C65642061FE
:10F30000667465722000000077616974466F72410F
:10F31000434B526573706F6E73653A20646174611C
:10F3200020776173204E4F5441434B4E4F574C450D
:10F330004447454420284E41434B2920616674656B
:10F340007220000077616974466F7241434B5265C9
:10F3500073706F6E73653A2056414C494420646166
:10F36000746120616E6420494E56414C49442041ED
:10F37000434B2072656365697665642061667465D8
:10F380007220000077616974466F7241434B526589
:10F3900073706F6E73653A20494E56414C49442054
:10F3A0006461746120616E6420494E56414C494449
:10F3B0002041434B20726563656976656420616610
:10F3C000746572200000000077616974466F7241B5
:10F3D000434B526573706F6E73653A2054494D45C7
:10F3E0004F555420776974682076616C6964206495
:10F3F000617461206166746572200000206D736520
:10F40000632E200077616974466F7241434B5265E9
:10F4100073706F6E73653A2054494D454F555420B3
:10F420006166746572200000206D7365632E0000B4
:10F430000A53656E64696E673A20000053656E6416
:10F440002049324320436F6D6D616E6420666169AF
:10F450006C65640073656E64436F6D6D616E643AD4
:10F460002057616974696E6720666F722041434B53
:10F4700020726573706F6E736500000073656E6453
:10F48000436F6D6D616E643A2057616974696E6790
:10F4900020666F72204E6F2041434B20726573705F
:10F4A0006F6E7365000000006164644366675661B7
:10F4B0006C7365744E3A206175746F73656E640089
:10F4C00061646443666756616C7365744E3A20707C
:10F4D00061636B65744366675061796C6F616453F7
:10F4E000697A6520726561636865642100000000C7
:10F4F00061646443666756616C7365744E3A206B51
:10F500006579206C696D69742072656163686564F2
:10F5100021000000506F776572696E67206F666624
:10F5200020666F7220000000206D730047656E65D5
:10F5300072616C204661696C75726500676574560E
:10F54000616C206B65793A203078000067657456ED
:10F55000616C3A2073656E64436F6D6D616E6420FB
:10F5600072657475726E65643A2000006265676941
:10F570006E2028535049293A207370694275666697
:10F5800065722073697A6520697320006265676916
:10F590006E2028535049293A207061636B6574438B
:10F5A00066675061796C6F616453697A65203E20AB
:10F5B00073706942756666657253697A65210000E9
:10F5C000626567696E3A206973436F6E6E65637436
:10F5D0006564202D207365636F6E642061747465AB
:10F5E0006D707400626567696E3A206973436F6E6F
:10F5F0006E6563746564202D20746869726420618F
:10F600007474656D70740000626567696E3A207489
:10F610006869726420617474656D707420666169D4
:10F620006C65642E20417373756D696E6720737508
:10F6300063636573732E2E2E0000000073657441A2
:10F6400075746F50565463616C6C6261636B507477
:10F65000723A2052414D20616C6C6F632066616983
:10F660006C656421000000007365744175746F4E11
:10F67000415653415463616C6C6261636B507472A8
:10F680003A2052414D20616C6C6F63206661696C59
:10F6900065642100537563636573730043524320AF
:10F6A0004661696C0000000054696D656F757400F7
:10F6B000436F6D6D616E64206E6F742061636B6E5D
:10F6C0006F776C656467656420284E41434B290061
:10F6D0004F7574206F662072616E676500000000D0
:10F6E000496E76616C69642041726700496E76618B
:10F6F0006C6964206F7065726174696F6E000000E0
:10F700004D656D6F7279204572726F720000000056
:10F710004861726477617265204572726F72000091
:10F72000446174612053656E74000000446174612B
:10F7300020526563656976656400000049324320A4
:10F74000436F6D6D204661696C7572650000000045
:10F7500044617461205061636B6574204F766572FB
:10F760007772697474656E0000000000000000008C
:10F77000097302000D730200117302001573020079
:10F7800019730200FFFFFFFF0000000000000000EF
:10F79000FF0000001F103111201031112110311114
:10F7A00022103111000000002410311125103111F8
:10F7B00094F606002CF506009CF60600A8F6060056
:10F7C000B0F60600D0F60600E0F60600ECF60600FD
:10F7D00000F7060010F7060020F706002CF70600D9
:10F7E0003CF7060054E9060050F706000000000050
:10F7F00000000000FD3004003531040005730200F4
:10F80000F5300400253104002D310400F1300400EE
:10F81000436F7572736520646574656374656420F5
:10F820002876616C696461746564293A200000007F
:10F83000446574656374696F6E2072656A6563748C
:10F84000656420280000000029202D206E6F2063B1
:10F85000616E6469646174652068617320726163BC
:10F860006553746172746564000000004D61782016
:10F87000646574656374696F6E2072656A6563742C
:10F88000696F6E732072656163686564202D206105
:10F89000637469766174696E67204C617020416E93
:10F8A000797468696E6700004E6F20636F757273BC
:10F8B00065206C656E677468206D6174636865644B
:10F8C000206166746572206D617820706173736564
:10F8D00073202D2061637469766174696E67204CB2
:10F8E000617020416E797468696E67004465746563
:10F8F0006374696F6E2064697374616E63652066FA
:10F9000061696C7361666520726561636865642016
:10F910002D2061637469766174696E67204C617033
:10F9200020416E797468696E67000000693A2000B2
:10F93000203A2064697374413A200000203A207311
:10F94000696465413A200000203A2064697374427A
:10F950003A2000002073696465423A2000000000EC
:10F9600063726F7373696E67207061697220666F6E
:10F97000756E642C2073756D3A20000063726F738E
:10F9800073696E6753756D44697374616E636573F3
:10F990003A2000007E7E7E20494E56414C4944204C
:10F9A00043524F5353494E47207E7E7E20494E5648
:10F9B000414C49442043524F5353494E47207E7E89
:10F9C0007E20494E56414C49442043524F5353499F
:10F9D0004E47207E7E7E20494E56414C494420436E
:10F9E000524F5353494E47207E7E7E007E7E7E20BE
:10F9F000494E56414C49442043524F5353494E4778
:10FA00003A207061697220746F6F2066617220669F
:10FA1000726F6D206C696E65207E7E7E0000000036
:10FA20007E7E7E20494E56414C49442043524F53DE
:10FA300053494E473A206669782067617020746F99
:10FA40006F206C61726765207E7E7E007E7E7E20E8
:10FA5000494E56414C49442043524F5353494E4717
:10FA60003A2063726F7373696E6720706F696E748A
:10FA7000206F666620746865206C696E652073650A
:10FA8000676D656E74207E7E7E0000007E7E7E2027
:10FA900056414C49442043524F5353494E47207ED0
:10FAA0007E7E00004361746D756C6C2D526F6D3AF3
:10FAB00020696E73756666696369656E7420636F2D
:10FAC0006E74726F6C20706F696E74732C20757316
:10FAD000696E67206C696E6561722066616C6C622C
:10FAE00061636B004361746D756C6C2D526F6D3A80
:10FAF000207573696E672073706C696E6520696E1E
:10FB0000746572706F6C6174696F6E002020696E2D
:10FB100064696365733A20002C20000046616C73B1
:10FB20006500000054727565000000004C696E6548
:10FB3000200000002063726F737365642C20636182
:10FB40006C63756C6174696E672E2E2E0000000068
:10FB5000202063726F7373696E674C61743A200082
:10FB6000202063726F7373696E674C6E673A200072
:10FB7000202063726F7373696E674F646F6D657475
:10FB800065723A2000000000202063726F73736971
:10FB90006E6754696D653A20000000002064697347
:10FBA00074546F4C696E653A20000000207C20621E
:10FBB0007566666572696E6720696E6465785B005C
:10FBC0005D2066756C6C5B00456E746572696E676E
:10FBD000206C696E652000002063726F7373696E1C
:10FBE00067207A6F6E6500004E65772062657374DA
:10FBF00020536563746F7220313A20004E65772080
:10FC00006265737420536563746F7220323A20000A
:10FC10004E6577206265737420536563746F72203C
:10FC2000333A2000446972656374696F6E207265AF
:10FC300076657273653A20706879736963616C20C8
:10FC400053000000202D3E206C6F676963616C20BB
:10FC500053000000536563746F7220332054696D44
:10FC6000653A20005374617274696E67205365634E
:10FC7000746F722031000000536563746F7220311D
:10FC80002054696D653A20005741524E494E473A1B
:10FC900020536563746F7220322063726F737365D3
:10FCA00064206F7574206F66206F726465722028FF
:10FCB00063757272656E7420736563746F723A2037
:10FCC00000000000536563746F7220322054696D28
:10FCD000653A20005741524E494E473A20536563DA
:10FCE000746F7220332063726F73736564206F7555
:10FCF00074206F66206F726465722028637572725B
:10FD0000656E7420736563746F723A2000000000A2
:10FD10004C61702046696E6973682054696D653A5C
:10FD20002000000052616365205374617274656441
:10FD30000000000052656A656374656420696E7630
:10FD4000616C69642047505320636F6F7264696E01
:10FD5000617465730000000052656A6563746564D0
:10FD600020696D706C61757369626C6520475053D2
:10FD7000206A756D70000000526573657474696E59
:10FD800067206C617074696D65722E2E2E00000004
:10FD90005741524E494E473A20696E76616C69640C
:10FDA0002073746172742F66696E697368206C6960
:10FDB0006E652028646567656E6572617465206F85
:10FDC00072206E6F6E2D66696E69746529202D2014
:10FDD000646574656374696F6E2064697361626CD5
:10FDE000656400005741524E494E473A20696E768D
:10FDF000616C696420736563746F722032206C6972
:10FE00006E652028646567656E6572617465206F34
:10FE100072206E6F6E2D66696E69746529202D20C3
:10FE2000736563746F722064697361626C656400EA
:10FE30005741524E494E473A20696E76616C69646B
:10FE400020736563746F722033206C696E6520289F
:10FE5000646567656E6572617465206F72206E6F90
:10FE60006E2D66696E69746529202D207365637433
:10FE70006F722064697361626C65640057617970A8
:10FE80006F696E742073657420284C617020416E18
:10FE9000797468696E67206D6F64652900000000E1
:10FEA0004E6F2076616C696420636C6F7365737448
:10FEB00020706F696E7420666F756E6400000000BC
:10FEC0004C617020000000004C61702031202866D9
:10FED000726F6D20776179706F696E74293A2000B6
:10FEE000456E746572656420776179706F696E74B0
:10FEF0002070726F78696D69747900005772697447
:10FF0000696E672046415420000000004261642071
:10FF1000636C757374657220636F756E740D0A007F
:10FF20004361726420697320746F6F20736D616C1C
:10FF30006C2E0D0A00000000466F726D6174204443
:10FF40006F6E650D0A000000466F726D6174204689
:10FF500061696C65640D0A0000000000000000008B
:10FF600045A7040049A7040079A7040045A8040098
:10FF7000E9B20400C9B4040011B10400D1B3040013
:10FF800069AF0400D9AD0400E5B1040015A7040071
:10FF90001DA704002DA7040035A70400FF00780169
:10FFA00080014302880187018C018B01920191013C
:10FFB0009501F601990198019A013D029E012002E6
:10FFC000A801A701AD01AC01B001AF01B901B801B1
:10FFD000BD01BC01BF01F701C601C401C901C701D0
:10FFE000CC01CA01DD018E01F301F101F501F4013B
:10FFF0003A02652C3C023B023E02662C4202410260
:0200000270008C
:1000000053028101540286015602890157028A0176
:1000100059028F015B029001600293016302940117
:1000200068029701690296016B02622C6F029C01C3
:1000300072029D0175029F017D02642C8002A6015F
:100040008302A9018802AE01890244028A02B10139
:100050008B02B2018C0245029202B7017B03FD03C1
:100060007C03FE037D03FF03AC038603C203A303EB
:10007000CC038C03CD038E03CE038F03F203F9036D
:10008000F803F703FB03FA03CF04C0047D1D632CC0
:10009000511F591F531F5B1F551F5D1F571F5F1FA8
:1000A000781FF81F791FF91FB31FBC1FCC1FC31F78
:1000B000E51FEC1FFC1FF31F4E21322184218321F9
:1000C000612C602C762C752C6100E01AE000E017A2
:1000D000F800E0070001013032010106390101108A
:1000E0004A01012E7901010682010104A0010106E5
:1000F000B3010104CD010110DE010112F801012854
:10010000220201124602010AAD03DB03B103E01132
:10011000C303E009D80301183004E0205004B010F4
:10012000600401228A040136C104010ED004014496
:100130006105D026001E0196A01E015A001F080866
:10014000101F0806201F0808301F0808401F080657
:10015000601F0808701F4A02721F5604761F64024F
:100160007A1F70027C1F7E02801F0808901F0808FB
:10017000A01F0808B01F0802D01F0802E01F0802D5
:100180007021F010D024E61A302CD02F672C0106F5
:10019000802C0164002D002641FFE01A54696E791D
:1001A0005553422053657269616C000000000000E5
:1001B00000000000B5BC04006DBC04005DBC040080
:1001C000D9BB040025BC0400F9BB040051BC0400E9
:1001D000F1BA0400F0FFFFFF0000000021BD0400A1
:1001E00053656565640000005849414F206E5246D2
:1001F0003532383430000000303132333435363760
:1002000038394142434445460000000012010002D3
:100210000000004086284480000101020301000024
:1002200009020900000100A032000000416461667B
:1002300072756974000000004D6173732053746F10
:10024000726167650000000000000000000000000F
:10025000CDC204007573626400000000050F390010
:10026000021810050038B60834A909A0478BFDA074
:10027000768815B665000101011C100500DF60DD00
:10028000D88945C74C9CD2659D9E648A9F00000317
:1002900006B200020000000049C80400C1C8040002
:1002A000EDC80400E5C90400A5CA04000000000070
:1002B000EDD30400FDD304000DD40400A1D4040048
:1002C000D5D50400000000002DCC04003DCC040076
:1002D0004DCC04000DCD04000DCF04000000000043
:1002E000EDCF04004DD0040075D00400A5D104006A
:1002F000A9D1040000000000A9DC040005DD040011
:1003000025DD0400F9C504000DDE04000000000036
:1003100000010101110000000000000000000000C9
:100320002D12050045120500611205005D1405003F
:100330000000000000000000A91C0500CD1C050005
:10034000100018000000C8000000000000000000BD
:100350009D3205009D320500A1320500000000001D
:100360000000000000000000193305001D330500E7
:100370005075626C696300005374617469630000B6
:1003800050726976617465205265736F6C76616234
:100390006C65000050726976617465204E6F6E2046
:1003A0005265736F6C7661626C650000424C45006B
:1003B000534F4300700307007803070080030700D2
:1003C000940307000100000711000000D8ECF0F4CE
:1003D000F8FC0002030405060708000023D1BCEA6C
:1003E0005F782315DEEF12123015000023D1BCEA2E
:1003F0005F782315DEEF12123215000023D1BCEA1C
:100400005F782315DEEF12123115000023D1BCEA0C
:100410005F782315DEEF1212341500000000000093
:10042000000000009D3205009D3205009D40050042
:10043000312E312E3133000041646166727569746A
:1004400020496E6475737472696573000000000062
:10045000000000009D3205009D320500F9410500B5
:100460002F61646166727569742F626F6E645F706C
:10047000727068002F61646166727569742F626FB3
:100480006E645F636E7472002F6164616672756979
:10049000742F626F6E645F707270682F25303258EF
:1004A00025303258253032582530325825303258D0
:1004B00025303258000000002F6164616672756952
:1004C000742F626F6E645F636E74722F25303258C2
:1004D00025303258253032582530325825303258A0
:1004E0002530325800000000253032583A2530328D
:1004F000583A253032583A253032583A2530325859
:100500003A2530325800000000000000003E5B4FEA
:100510005B3E3E6B4F6B3E1C3E7C3E1C183C7E3C63
:10052000181C577D571C1C5E7F5E1C00183C180071
:10053000FFE7C3E7FF0018241800FFE7DBE7FF3001
:10054000483A060E2629792926407F050507407F6F
:1005500005253F5A3CE73C5A7F3E1C1C08081C1CE2
:100560003E7F14227F22145F5F005F5F06097F01D8
:100570007F006689956A606060606094A2FFA294C3
:1005800008047E040810207E201008082A1C080891
:100590001C2A08081E101010100C1E0C1E0C3038DF
:1005A0003E3830060E3E0E06000000000000005FE0
:1005B00000000007000700147F147F14242A7F2AFC
:1005C00012231308646236495620500008070300BE
:1005D000001C2241000041221C002A1C7F1C2A080A
:1005E000083E08080080703000080808080800006D
:1005F00060600020100804023E5149453E00427FE1
:10060000400072494949462141494D331814127F2F
:100610001027454545393C4A4949314121110907CF
:100620003649494936464949291E00001400000050
:100630004034000000081422411414141414004122
:1006400022140802015909063E415D594E7C1211DF
:10065000127C7F494949363E414141227F41414117
:100660003E7F494949417F090909013E4141517392
:100670007F0808087F00417F41002040413F017F03
:10068000081422417F404040407F021C027F7F04CB
:1006900008107F3E4141413E7F090909063E415114
:1006A000215E7F09192946264949493203017F0104
:1006B000033F4040403F1F2040201F3F4038403F05
:1006C000631408146303047804036159494D43001B
:1006D0007F4141410204081020004141417F040252
:1006E00001020440404040400003070800205454E9
:1006F00078407F28444438384444442838444428C7
:100700007F385454541800087E090218A4A49C7819
:100710007F0804047800447D40002040403D007F75
:100720001028440000417F40007C047804787C0855
:100730000404783844444438FC1824241818242429
:1007400018FC7C08040408485454542404043F440E
:10075000243C4040207C1C2040201C3C4030403C3D
:1007600044281028444C9090907C4464544C44009D
:100770000836410000007700000041360800020101
:100780000204023C2623263C1EA1A161123A4040ED
:10079000207A38545455592155557941225454786A
:1007A00042215554784020545579400C1E52721203
:1007B000395555555939545454593955545458008C
:1007C00000457C410002457D420001457C407D1290
:1007D00011127DF0282528F07C54554500205454F2
:1007E0007C547C0A097F4932494949323A4444449D
:1007F0003A324A4848303A4141217A3A42402078D8
:10080000009DA0A07D3D4242423D3D4040403D3CD8
:1008100024FF2424487E4943662B2FFC2F2BFF09FD
:1008200029F620C0887E09032054547941000044F1
:100830007D413048484A32384040227A007A0A0ADC
:10084000727D0D19317D2629292F2826292929264F
:1008500030484D4020380808080808080808382F94
:1008600010C8ACBA2F102834FA00007B000008141E
:100870002A142222142A14085500550055AA55AAF4
:1008800055AAFF55FF55FF000000FF00101010FF94
:1008900000141414FF001010FF00FF1010F010F0EF
:1008A000141414FC001414F700FF0000FF00FF14E0
:1008B00014F404FC141417101F10101F101F14142C
:1008C000141F00101010F0000000001F1010101076
:1008D0001F10101010F010000000FF10101010106A
:1008E00010101010FF10000000FF140000FF00FFA8
:1008F00000001F10170000FC04F414141710171444
:1009000014F404F40000FF00F71414141414141465
:10091000F700F7141414171410101F101F141414D8
:10092000F4141010F010F000001F101F0000001F42
:1009300014000000FC140000F010F01010FF10FF75
:10094000141414FF141010101F00000000F010FF0A
:10095000FFFFFFFFF0F0F0F0F0FFFFFF00000000EE
:1009600000FFFF0F0F0F0F0F3844443844FC4A4A72
:100970004A347E02020606027E027E026355494127
:10098000633844443C04407E201E2006027E02025E
:1009900099A5E7A5991C2A492A1C4C7201724C3072
:1009A0004A4D4D303048784830BC625A463D3E4949
:1009B0004949007E0101017E2A2A2A2A2A44445FED
:1009C000444440514A444040444A51400000FF01E1
:1009D00003E080FF000008086B6B083612362436EF
:1009E000060F090F06000018180000001010003054
:1009F00040FF0101001F01011E00191D1712003CDC
:100A00003C3C3C0000000000000000000000000032
:100A10007D56050015C405000573020051D405007C
:100A2000B14B0500B54B0500D54E0500C54B050083
:100A3000D94B050025500500B14B0500F14B0500D1
:100A4000ED4B0500B14C05000D4D0500694D05004D
:100A5000814F05000D4C0500F94D05000000000018
:100A6000000000007D56050015C405000573020056
:100A7000DD590500B14B0500B54B0500D54E05000D
:100A8000C54B0500D94B050025500500B14B0500AD
:100A9000F14B0500315B0500B14C05000D4D050023
:100AA000694D0500814F05000D4C0500F94D05000D
:100AB00051D405000000000000000000000000000C
:100AC0000338FDD8704700000000600000000000FF
:100AD000000000000000000000E000000000000036
:100AE0000000000000000001E00000000000000025
:100AF00000000000000001F0000000000000000005
:100B0000000000000003F0000000000000000000F2
:100B10000000000007F000000000000000000000DE
:100B200000000007F80000000000000000000000C6
:100B300000000FF800000003C0007E000001E0008C
:100B40007F0FF800000003C000FE000001E000FF7E
:100B5000EFF800000003C000FE000001E000FFFF0E
:100B6000F800000003C000F00000000F007FFE7FCF
:100B7000C0000003C000F00000000F003FFE7FF83F
:100B80003FF1FBCFFCFEF3BC3DEFE01FFE7FFF7F9C
:100B9000FBFFDFFEFEFFBC3DEFE01FC6FFFF7FFB5C
:100BA000FFDFFEFEFFBC3DEFE00FE3C7FE787BC337
:100BB000DE1EF0FFBC3DEF0007FF87FC787BC3DE45
:100BC0001EF0F83C3DEF0001FFFFF0007BC3C01EAC
:100BD000F0F03C3DEF0001F37FE03FFBC3CFFEF0C0
:100BE000F03C3DEF0003E33F807FFBC3DFFEF0F00E
:100BF0003C3DEF0007E73C00787BC3DE1EF0F03C95
:100C00003DEF0007FFBE00787BC3DE1EF0F03C3DE9
:100C1000EF0007FFFE00787BC3DE1EF0F03C3DEFE7
:100C2000000FFFFE007FFBFFDFFEF0F03FFDEFE077
:100C30000FFFFF007FFBFFDFFEF0F03FFDEFE00F57
:100C4000F9FF003E79F9CF9EF0F01F3DE7E01FF17C
:100C5000FF0000000000000000000000001F80FFF7
:100C6000007FFFFFFFFFFFFFFFFFFFE01C007F0093
:100C70007FFFFFFFFEB46D888D18E000001F007F2E
:100C8000FFFFFFFE95AD7DB577E000000F007FFF11
:100C9000FFFFFEA5AD9D8D19E0000006007FFFFF60
:100CA000FFFEB5ADEDB57EE00000000000000000E5
:100CB0007D56050015C4050005730200DD590500C9
:100CC000B14B0500B54B0500D54E0500C54B0500E1
:100CD000D94B050025500500B14B0500F14B05002F
:100CE000315B0500B14C05000D4D0500694D050057
:100CF000814F05000D4C0500F94D05000963050005
:100D00004562050059620500AED580A83FD300407A
:100D1000AD8BA1C8DA1281FFD91FDB4033A62010AA
:100D2000A400000000000000000000007D56050047
:100D300015C4050005730200DD590500B14B05001F
:100D4000B54B0500D54E0500C54B0500D94B050038
:100D500025500500B14B0500F14B0500315B050046
:100D6000B14C05000D4D0500694D0500814F050092
:100D70000D4C0500F94D05000963050051D405002F
:100D800051D405000000000000000000D9640500F7
:100D9000DD6405000000000000000000656805003B
:100DA000E16605000573020091670500096805000A
:100DB00021670500D5670500626C6F636B203C20DE
:100DC0006C66732D3E6366672D3E626C6F636B5F6E
:100DD000636F756E740000002F686F6D652F7275FC
:100DE0006E6E65722F2E61726475696E6F31352F6C
:100DF0007061636B616765732F53656565647569C1
:100E00006E6F2F68617264776172652F6E726635DE
:100E1000322F312E312E31332F6C6962726172693B
:100E200065732F41646166727569745F4C6974748F
:100E30006C6546532F7372632F6C6974746C6566AE
:100E4000732F6C66732E630068656164203E3D20DD
:100E5000322026262068656164203C3D206C667344
:100E60002D3E6366672D3E626C6F636B5F636F75CB
:100E70006E7400007063616368652D3E626C6F6321
:100E80006B203D3D20307866666666666666660065
:100E90006E626C6F636B203E3D2032202626206EF2
:100EA000626C6F636B203C3D206C66732D3E636605
:100EB000672D3E626C6F636B5F636F756E740000CD
:100EC000656E7472792E642E74797065203D3D20B4
:100ED0004C46535F545950455F524547000000004F
:100EE000726573006C66732D3E6366672D3E6C6F92
:100EF0006F6B61686561642025203332203D3D20A1
:100F0000300000006C66732D3E6366672D3E6C6F8B
:100F10006F6B6168656164203E2030006C66732DE4
:100F20003E6366672D3E70726F675F73697A6520F6
:100F300025206C66732D3E6366672D3E7265616485
:100F40005F73697A65203D3D203000006C66732D2B
:100F50003E6366672D3E626C6F636B5F73697A6593
:100F60002025206C66732D3E6366672D3E70726F80
:100F7000675F73697A65203D3D203000342A6C66D6
:100F8000735F6E707732283078666666666666666E
:100F900066202F20286C66732D3E6366672D3E62A7
:100FA0006C6F636B5F73697A652D322A342929204F
:100FB0003C3D206C66732D3E6366672D3E626C6F10
:100FC000636B5F73697A65006C6974746C656673D2
:100FD000000000006C66735F63616368655F726543
:100FE000616400006C66735F63616368655F707263
:100FF0006F6700006C66735F63747A5F66696E6426
:10100000000000006C66735F63747A5F65787465D6
:101010006E6400006C66735F66696C655F73796E01
:10102000630000006C66735F72656D6F766500002B
:101030006C66735F696E6974000000000000000058
:101040006410B71DC8206E3BAC30D9269041DC76C9
:10105000F4516B6B5861B24D3C7105502083B8ED73
:1010600044930FF0E8A3D6D68CB361CBB0C2649B97
:10107000D4D2D38678E20AA01CF2BDBD00000000E5
:101080000000000059BF05006DBF05000200000010
:10109000030000001C0000001D0000000400000010
:1010A000050000002B0000002C0000002D000000B7
:1010B0002E0000002F0000001A00000006000000B3
:1010C0001E0000000E000000280000001B000000B1
:1010D000070000000B0000002A00000020000000B4
:1010E000100000000D0000001100000015000000BD
:1010F0001900000014000000180000001600000095
:1011000017000000090000000A0000001F00000096
:10111000252E2A66000000000000000000000000EC
:1011200045CC05008DCC05000573020001CC0500FF
:1011300011CC050009CC050019CC0500E5CC050053
:10114000E5CE05006DCB050065CB050025252564A2
:101150002E25646600000000546D725100000000EE
:10116000546D7220537663006C6F6F700000000046
:1011700043616C6C6261636B0000000073256C75E9
:1011800020256C752E256C752E256C7500000000D1
:101190002530386C582530386C5800004661696C31
:1011A00020746F2061637175697265206D75746557
:1011B000780A00004661696C20746F2072656C6566
:1011C000617365206D757465780A00004661696C0D
:1011D00020746F20696E63726561736520504D20C5
:1011E000636F756E7465720A000000004661696C79
:1011F00020746F20646563726561736520504D20B3
:10120000636F756E7465720A0000000000010203CE
:101210000405060708090A0B0C0D0E0F1011121316
:101220001415161718191A1B1C1D1E1FC6A13B37B3
:10123000878F5B826F4F8162A1C8D8799503E3A243
:10124000245A2BE43C9874EDFE1BED9EF29000B600
:101250002A499FD0A9F39A6ADD2E77809DBA41A7CB
:1012600077F3B46A37B7AAAE49D6DF8D2F7A3C60E0
:101270000708D124ACD3C5DE3B65844700000000DD
:10128000010000000300000002000000FFFFFFFF5C
:10129000070000004661696C20746F206765742048
:1012A00054524E4720636861726163746572697A53
:1012B0006174696F6E20706172616D6574657273BF
:1012C000200A00004661696C20746F2063726561BA
:1012D00074652053594D206D757465780A000000BF
:1012E0004661696C20746F2063726561746520418A
:1012F00053594D206D757465780A00004661696C1C
:10130000656420746F2063726561746520506F7727
:101310006572206D757465780A0000004661696C1D
:1013200020746F206372656174652047656E566531
:1013300063206D757465780A0000000043616E27B4
:101340007420696E697469616C697A65206D757461
:1013500065782C20776173204E554C4C0D0A0000A7
:1013600043616E2774206C6F636B206D75746578B4
:101370002C20776173204E554C4C0D0A0000000064
:1013800043616E277420756E6C6F636B206D75748E
:1013900065782C20776173204E554C4C0D0A000067
:1013A000536153695F48616C57616974496E746534
:1013B00072727570742063616E7420776169742035
:1013C000666F72206E6F7468696E670A00000000B5
:1013D000000102030405060708090A0B0C0D0E0F95
:1013E000101112131415161718191A1B1C1D1E1F85
:1013F000D5520600DD520600E5520600ED52060009
:10140000F5520600FD520600055306000D53060076
:10141000155306001D53060025530600000000006A
:1014200073ACFFFFFEFFFFFFFFFFFFFFFFFFFFFFAC
:10143000FFFFFFFF000000000000000000000000B0
:10144000000000000000000000000000000000009C
:10145000000000000000000000000000000000008C
:10146000000000000000000000000000000000007C
:10147000000000000000000000000000000000006C
:10148000000000000000000000000000000000005C
:10149000000000000000000000000000000000004C
:1014A000000000000000000000000000000000003C
:1014B0000700000000000000000000000000000025
:1014C000000000000000000000000000000000001C
:1014D000000000000000000000000000000000000C
:1014E00000000000000000000000000000000000FC
:1014F0000000000000000000B3B616CA9AABDF1669
:10150000FAB8010000000000000000000100000027
:1015100000000000000000000000000000000000CB
:1015200000000000000000000000000000000000BB
:1015300000000000000000000000000000000000AB
:1015400000000000BB7E4DDDF5F43630769E01A430
:1015500092A17AE32C384C3B000000000000000010
:10156000000000000000000000000000000000007B
:10157000000000000000000000000000000000006B
:10158000000000000000000000000000EE4F3CF0F2
:10159000C33317538682C26BEDDC8F3135F98C93E0
:1015A000000000000000000000000000000000003B
:1015B000000000000000000000000000000000002B
:1015C000000000000000000000000000000000001B
:1015D000000000000100000000000000000000000A
:1015E000800000000000000000000000FFFFFFFF7F
:1015F000FFFFFFFFFF0000000000000000000000F0
:1016000000000000000000000000000000000000DA
:1016100000000000000000000000000000000000CA
:1016200000000000000000000000000000000000BA
:1016300000000000000000000000000000000000AA
:10164000000000000000000000000000000000009A
:10165000000000000000000000000000000000008A
:10166000000000000000000000000000000000007A
:10167000000000000000000000000000000000006A
:10168000000000000000000000000000000000005A
:10169000000000000000000000000000000000004A
:1016A000000000000000000000000000000000003A
:1016B000000000000000000000000000000000002A
:1016C000000000000000000000000000000000001A
:1016D0000000000000000000A0000000A1000000C9
:1016E0000500000000000000534543475F50524989
:1016F0004D455F3136304B3100000000FFFFFF7F6A
:10170000FFFFFFFFFFFFFFFFFFFFFFFFFFFFFFFFE9
:1017100000000000000000000000000000000000C9
:1017200000000000000000000000000000000000B9
:1017300000000000000000000000000000000000A9
:1017400000000000FCFFFF7FFFFFFFFFFFFFFFFF28
:10175000FFFFFFFFFFFFFFFF000000000000000091
:101760000000000000000000000000000000000079
:101770000000000000000000000000000000000069
:1017800000000000000000000000000045FA65C5F0
:10179000ADD4D4819FF8AC658B7ABD54FCBE971C48
:1017A0000000000000000000000000000000000039
:1017B0000000000000000000000000000000000029
:1017C0000000000000000000000000000000000019
:1017D00000000000572275CAD3AE27F9C8F40100F3
:1017E00000000000000000000100000000000000F8
:1017F00000000000000000000000000000000000E9
:1018000000000000000000000000000000000000D8
:1018100000000000000000000000000000000000C8
:1018200082FCCB13B98BC368896964462873F58E33
:1018300068B5964A000000000000000000000000AB
:101840000000000000000000000000000000000098
:101850000000000000000000000000000000000088
:10186000000000000000000032FBC57A375123045D
:1018700012C9DC597D9468315528A6230000000068
:101880000000000000000000000000000000000058
:101890000000000000000000000000000000000048
:1018A0000000000000000000000000000000000038
:1018B00001000000000000000000000080000000A7
:1018C0000000000000000000FFFFFFFFFFFFFFFF20
:1018D000FF00000000000000000000000000000009
:1018E00000000000000000000000000000000000F8
:1018F00000000000000000000000000000000000E8
:1019000000000000000000000000000000000000D7
:1019100000000000000000000000000000000000C7
:1019200000000000000000000000000000000000B7
:1019300000000000000000000000000000000000A7
:101940000000000000000000000000000000000097
:101950000000000000000000000000000000000087
:101960000000000000000000000000000000000077
:101970000000000000000000000000000000000067
:101980000000000000000000000000000000000057
:101990000000000000000000000000000000000047
:1019A0000000000000000000000000000000000037
:1019B00000000000A0000000A100000005000000E1
:1019C00001000000534543475F5052494D455F3188
:1019D000363052310000000073ACFFFFFEFFFFFF06
:1019E000FFFFFFFFFFFFFFFFFFFFFFFF0000000003
:1019F00000000000000000000000000000000000E7
:101A000000000000000000000000000000000000D6
:101A100000000000000000000000000000000000C6
:101A200070ACFFFFFEFFFFFFFFFFFFFFFFFFFFFFA9
:101A3000FFFFFFFF000000000000000000000000AA
:101A40000000000000000000000000000000000096
:101A50000000000000000000000000000000000086
:101A60000000000000000000BA8803F55A4D66042B
:101A7000492757AB8BEB59FBD334E1B4000000008E
:101A80000000000000000000000000000000000056
:101A90000000000000000000000000000000000046
:101AA0000000000000000000000000000000000036
:101AB0006BA1A1F318A886E71E3500000000000006
:101AC0000000000001000000000000000000000015
:101AD0000000000000000000000000000000000006
:101AE00000000000000000000000000000000000F6
:101AF0000000000000000000000000006DCE443136
:101B00009D19F7301BF14F1F7E113A2934B0DC527A
:101B100000000000000000000000000000000000C5
:101B200000000000000000000000000000000000B5
:101B300000000000000000000000000000000000A5
:101B4000000000002E3FD4A7FE2C98F90DFA71E09A
:101B500096F231E3F2FEAFFE00000000000000004C
:101B60000000000000000000000000000000000075
:101B70000000000000000000000000000000000065
:101B80000000000000000000000000000100000054
:101B900000000000000000008000000000000000C5
:101BA00000000000FFFFFFFFFFFFFFFFFF0000003E
:101BB0000000000000000000000000000000000025
:101BC0000000000000000000000000000000000015
:101BD0000000000000000000000000000000000005
:101BE00000000000000000000000000000000000F5
:101BF00000000000000000000000000000000000E5
:101C000000000000000000000000000000000000D4
:101C100000000000000000000000000000000000C4
:101C200000000000000000000000000000000000B4
:101C300000000000000000000000000000000000A4
:101C40000000000000000000000000000000000094
:101C50000000000000000000000000000000000084
:101C60000000000000000000000000000000000074
:101C70000000000000000000000000000000000064
:101C80000000000000000000000000000000000054
:101C9000A0000000A10000000500000002000000FC
:101CA000534543475F5052494D455F3136305232BC
:101CB0000000000037EEFFFFFEFFFFFFFFFFFFFF0A
:101CC000FFFFFFFFFFFFFFFFFFFFFFFF0000000020
:101CD0000000000000000000000000000000000004
:101CE00000000000000000000000000000000000F4
:101CF00000000000000000000000000000000000E4
:101D000000000000000000000000000000000000D3
:101D100000000000000000000000000000000000C3
:101D200000000000000000000000000000000000B3
:101D300000000000000000000000000000000000A3
:101D40000000000003000000000000000000000090
:101D50000000000000000000000000000000000083
:101D60000000000000000000000000000000000073
:101D70000000000000000000000000000000000063
:101D80000000000000000000000000008DFDDE7477
:101D90006A46690F17FCF226FEFFFFFFFFFFFFFFF9
:101DA000FFFFFFFF00000000000000000000000037
:101DB0000000000000000000000000000000000023
:101DC0000000000000000000000000000000000013
:101DD00000000000000000007D6CE0EAB1D1A51D0C
:101DE00034F4B780027DB026AEE957C00EF14FDB68
:101DF00000000000000000000000000000000000E3
:101E000000000000000000000000000000000000D2
:101E100000000000000000000000000000000000C2
:101E20009D2F5ED988AA82403486BE15D063418436
:101E3000A728569C6D2F2F9B00000000000000007B
:101E40000000000000000000000000000000000092
:101E50000000000000000000000000000000000082
:101E60000000000000000000010000000000000071
:101E700000000000800000000000000000000000E2
:101E800000000000000000008000000000000000D2
:101E90000000000000000000000000000000000042
:101EA0000000000000000000000000000000000032
:101EB0000000000000000000000000000000000022
:101EC0000000000000000000000000000000000012
:101ED0000000000000000000000000000000000002
:101EE00000000000000000000000000000000000F2
:101EF00000000000000000000000000000000000E2
:101F000000000000000000000000000000000000D1
:101F100000000000000000000000000000000000C1
:101F200000000000000000000000000000000000B1
:101F300000000000000000000000000000000000A1
:101F40000000000000000000000000000000000091
:101F50000000000000000000000000000000000081
:101F6000000000000000000000000000C0000000B1
:101F7000C000000005000000030000005345434777
:101F80005F5052494D455F3139324B3100000000FE
:101F9000FFFFFFFFFFFFFFFFFEFFFFFFFFFFFFFF52
:101FA000FFFFFFFFFFFFFFFF000000000000000039
:101FB0000000000000000000000000000000000021
:101FC0000000000000000000000000000000000011
:101FD0000000000000000000FCFFFFFFFFFFFFFF0C
:101FE000FEFFFFFFFFFFFFFFFFFFFFFFFFFFFFFF02
:101FF00000000000000000000000000000000000E1
:1020000000000000000000000000000000000000D0
:1020100000000000000000000000000000000000C0
:10202000B1B946C1ECDEB8FE49302472ABE9A70F66
:10203000E7809CE519052164000000000000000015
:102040000000000000000000000000000000000090
:102050000000000000000000000000000000000080
:1020600000000000000000003128D2B4B1C96B1498
:1020700036F8DE99FFFFFFFFFFFFFFFFFFFFFFFFC7
:102080000000000000000000000000000000000050
:102090000000000000000000000000000000000040
:1020A0000000000000000000000000000000000030
:1020B000000000001210FF82FD0AFFF40088A14317
:1020C000EB20BF7CF69030B00EA88D180000000009
:1020D0000000000000000000000000000000000000
:1020E00000000000000000000000000000000000F0
:1020F0000000000000000000000000001148791EF0
:10210000A177F973D5CD246BED11106378DAC8FF90
:10211000952B1907000000000000000000000000DF
:1021200000000000000000000000000000000000AF
:10213000000000000000000000000000000000009F
:10214000000000000100000000000000000000008E
:1021500080000000000000000000000000000000FF
:1021600000000000800000000000000000000000EF
:10217000000000000000000000000000000000005F
:10218000000000000000000000000000000000004F
:10219000000000000000000000000000000000003F
:1021A000000000000000000000000000000000002F
:1021B000000000000000000000000000000000001F
:1021C000000000000000000000000000000000000F
:1021D00000000000000000000000000000000000FF
:1021E00000000000000000000000000000000000EF
:1021F00000000000000000000000000000000000DF
:1022000000000000000000000000000000000000CE
:1022100000000000000000000000000000000000BE
:1022200000000000000000000000000000000000AE
:10223000000000000000000000000000000000009E
:102240000000000000000000C0000000C00000000E
:102250000500000004000000534543475F50524909
:102260004D455F3139325231000000006DE5FFFF0E
:10227000FEFFFFFFFFFFFFFFFFFFFFFFFFFFFFFF6F
:10228000FFFFFFFFFFFFFFFF000000000000000056
:10229000000000000000000000000000000000003E
:1022A000000000000000000000000000000000002E
:1022B000000000000000000000000000000000001E
:1022C000000000000000000000000000000000000E
:1022D00000000000000000000000000000000000FE
:1022E00000000000000000000000000000000000EE
:1022F00000000000000000000000000005000000D9
:1023000000000000000000000000000000000000CD
:1023100000000000000000000000000000000000BD
:1023200000000000000000000000000000000000AD
:10233000000000000000000000000000000000009D
:1023400000000000F7B19F7671A9F0CA8461ECD259
:10235000E8DC0100000000000000000000000000B8
:10236000010000000000000000000000000000006C
:10237000000000000000000000000000000000005D
:10238000000000000000000000000000000000004D
:102390005CA4B7B60E657E0FA97570E4E967A46901
:1023A000A128FC30DF99F04D335B45A1000000000F
:1023B000000000000000000000000000000000001D
:1023C000000000000000000000000000000000000D
:1023D0000000000000000000A5616D55DB4BCAE263
:1023E00059BDB0C0F719E3F7D6FBCA824234BA7FB1
:1023F000ED9F087E000000000000000000000000CB
:1024000000000000000000000000000000000000CC
:1024100000000000000000000000000000000000BC
:10242000010000000000000000000000800000002B
:102430000000000000000000FFFFFFFFFFFFFFFFA4
:10244000FF0000000000000000000000000000008D
:10245000000000000000000000000000000000007C
:10246000000000000000000000000000000000006C
:10247000000000000000000000000000000000005C
:10248000000000000000000000000000000000004C
:10249000000000000000000000000000000000003C
:1024A000000000000000000000000000000000002C
:1024B000000000000000000000000000000000001C
:1024C000000000000000000000000000000000000C
:1024D00000000000000000000000000000000000FC
:1024E00000000000000000000000000000000000EC
:1024F00000000000000000000000000000000000DC
:1025000000000000000000000000000000000000CB
:1025100000000000000000000000000000000000BB
:1025200000000000E0000000E100000005000000E5
:1025300005000000534543475F5052494D455F3207
:1025400032344B31000000000100000000000000A8
:1025500000000000FFFFFFFFFFFFFFFFFFFFFFFF87
:10256000FFFFFFFF0000000000000000000000006F
:10257000000000000000000000000000000000005B
:10258000000000000000000000000000000000004B
:10259000FEFFFFFFFFFFFFFFFFFFFFFFFEFFFFFF4D
:1025A000FFFFFFFFFFFFFFFFFFFFFFFF0000000037
:1025B000000000000000000000000000000000001B
:1025C000000000000000000000000000000000000B
:1025D0000000000000000000B4FF552343390B2722
:1025E000BAD8BFD7B7B04450563241F5ABB3040C9C
:1025F000850A05B400000000000000000000000093
:1026000000000000000000000000000000000000CA
:1026100000000000000000000000000000000000BA
:102620003D2A5C5C4529DD133EF0B8E0A216FFFFB1
:10263000FFFFFFFFFFFFFFFFFFFFFFFF00000000A6
:10264000000000000000000000000000000000008A
:10265000000000000000000000000000000000007A
:10266000000000000000000000000000211D5C11BF
:10267000D68032342211C256D3C1034AB9901332E4
:102680007FBFB46BBD0C0EB700000000000000005F
:10269000000000000000000000000000000000003A
:1026A000000000000000000000000000000000002A
:1026B00000000000347E00859981D5446447075AA4
:1026C000A07543CDE6DF224CFB23F7B5886337BD09
:1026D00000000000000000000000000000000000FA
:1026E00000000000000000000000000000000000EA
:1026F00000000000000000000000000001000000D9
:102700000000000000000000800000000000000049
:102710000000000000000000000000008000000039
:1027200000000000000000000000000000000000A9
:102730000000000000000000000000000000000099
:102740000000000000000000000000000000000089
:102750000000000000000000000000000000000079
:102760000000000000000000000000000000000069
:102770000000000000000000000000000000000059
:102780000000000000000000000000000000000049
:102790000000000000000000000000000000000039
:1027A0000000000000000000000000000000000029
:1027B0000000000000000000000000000000000019
:1027C0000000000000000000000000000000000009
:1027D00000000000000000000000000000000000F9
:1027E00000000000000000000000000000000000E9
:1027F00000000000000000000000000000000000D9
:10280000E0000000E00000000500000006000000FD
:10281000534543475F5052494D455F323234523140
:10282000000000002FFCFFFFFEFFFFFFFFFFFFFF88
:10283000FFFFFFFFFFFFFFFFFFFFFFFFFFFFFFFFA8
:10284000FFFFFFFF0000000000000000000000008C
:102850000000000000000000000000000000000078
:102860000000000000000000000000000000000068
:102870000000000000000000000000000000000058
:102880000000000000000000000000000000000048
:102890000000000000000000000000000000000038
:1028A0000000000000000000000000000000000028
:1028B0000000000007000000000000000000000011
:1028C0000000000000000000000000000000000008
:1028D00000000000000000000000000000000000F8
:1028E00000000000000000000000000000000000E8
:1028F000000000000000000000000000414136D050
:102900008C5ED2BF3BA048AFE6DCAEBAFEFFFFFF55
:10291000FFFFFFFFFFFFFFFFFFFFFFFF00000000C3
:1029200000000000000000000000000000000000A7
:102930000000000000000000000000000000000097
:1029400000000000000000009817F8165B81F259A3
:10295000D928CE2DDBFC9B02070B87CE9562A055B4
:10296000ACBBDCF97E66BE79000000000000000010
:102970000000000000000000000000000000000057
:102980000000000000000000000000000000000047
:10299000B8D410FB8FD0479C195485A648B417FDB6
:1029A000A808110EFCFBA45D65C4A32677DA3A489B
:1029B0000000000000000000000000000000000017
:1029C0000000000000000000000000000000000007
:1029D00000000000000000000100000000000000F6
:1029E0000000000080000000000000000000000067
:1029F0000000000000000000800000000000000057
:102A000000000000000000000000000000000000C6
:102A100000000000000000000000000000000000B6
:102A200000000000000000000000000000000000A6
:102A30000000000000000000000000000000000096
:102A40000000000000000000000000000000000086
:102A50000000000000000000000000000000000076
:102A60000000000000000000000000000000000066
:102A70000000000000000000000000000000000056
:102A80000000000000000000000000000000000046
:102A90000000000000000000000000000000000036
:102AA0000000000000000000000000000000000026
:102AB0000000000000000000000000000000000016
:102AC0000000000000000000000000000000000006
:102AD00000000000000000000000000000010000F5
:102AE00000010000050000000700000053454347B7
:102AF0005F5052494D455F3235364B310000000082
:102B0000FFFFFFFFFFFFFFFFFFFFFFFF00000000D1
:102B1000000000000000000001000000FFFFFFFFB8
:102B200000000000000000000000000000000000A5
:102B30000000000000000000000000000000000095
:102B40000000000000000000FCFFFFFFFFFFFFFF90
:102B5000FFFFFFFF00000000000000000000000079
:102B600001000000FFFFFFFF000000000000000068
:102B70000000000000000000000000000000000055
:102B80000000000000000000000000000000000045
:102B90004B60D2273E3CCE3BF6B053CCB0061D6511
:102BA000BC86987655BDEBB3E7933AAAD835C65A9A
:102BB0000000000000000000000000000000000015
:102BC0000000000000000000000000000000000005
:102BD0000000000000000000512563FCC2CAB9F3E8
:102BE000849E17A7ADFAE6BCFFFFFFFFFFFFFFFFC4
:102BF00000000000FFFFFFFF0000000000000000D9
:102C000000000000000000000000000000000000C4
:102C100000000000000000000000000000000000B4
:102C20000000000096C298D84539A1F4A033EB2DDE
:102C3000817D0377F240A463E5E6BCF847422CE1CE
:102C4000F2D1176B0000000000000000000000003F
:102C50000000000000000000000000000000000074
:102C6000000000000000000000000000F551BF3728
:102C70006840B6CBCE5E316B5733CE2B169E0F7CA1
:102C80004AEBE78E9B7F1AFEE242E34F0000000012
:102C90000000000000000000000000000000000034
:102CA0000000000000000000000000000000000024
:102CB0000000000001000000FFFFFFFF7F00000098
:102CC000800000000000000000000000FFFFFFFF88
:102CD0007F000000800000000000000000000000F5
:102CE00000000000000000000000000000000000E4
:102CF00000000000000000000000000000000000D4
:102D000000000000000000000000000000000000C3
:102D100000000000000000000000000000000000B3
:102D200000000000000000000000000000000000A3
:102D30000000000000000000000000000000000093
:102D40000000000000000000000000000000000083
:102D50000000000000000000000000000000000073
:102D60000000000000000000000000000000000063
:102D70000000000000000000000000000000000053
:102D80000000000000000000000000000000000043
:102D90000000000000000000000000000000000033
:102DA0000000000000000000000000000000000023
:102DB0000000000000000000000100000001000011
:102DC0000500000008000000534543475F5052498A
:102DD0004D455F323536523100000000FFFFFFFFE6
:102DE0000000000000000000FFFFFFFFFEFFFFFFEC
:102DF000FFFFFFFFFFFFFFFFFFFFFFFFFFFFFFFFE3
:102E0000FFFFFFFFFFFFFFFFFFFFFFFF00000000CE
:102E100000000000000000000000000000000000B2
:102E200000000000FCFFFFFF0000000000000000A9
:102E3000FFFFFFFFFEFFFFFFFFFFFFFFFFFFFFFFA3
:102E4000FFFFFFFFFFFFFFFFFFFFFFFFFFFFFFFF92
:102E5000FFFFFFFF00000000000000000000000076
:102E6000000000000000000000000000EF2AECD38A
:102E7000EDC8852A9DD12E8A8D3956C65A871350A2
:102E80008F081403124181FE6E9C1D18192DF8E362
:102E90006B058E98E4E73EE2A72F31B300000000F7
:102EA0000000000000000000000000000000000022
:102EB000000000007329C5CC6A19ECEC7AA7B04871
:102EC000B20D1A58DF2D37F4814D63C7FFFFFFFFA6
:102ED000FFFFFFFFFFFFFFFFFFFFFFFFFFFFFFFF02
:102EE000FFFFFFFF000000000000000000000000E6
:102EF00000000000000000000000000000000000D2
:102F0000B70A7672385E543A6C2955BF5DF20255A5
:102F1000382A5482E041F759989BA78B623B1D6E7B
:102F200074AD20F31EC7B18E37058BBE22CA87AAA7
:102F30000000000000000000000000000000000091
:102F400000000000000000005F0EEA907C1D437A44
:102F50009D817E1DCEB1600AC0B8F0B51331DAE9AB
:102F60007C149A28BD1DF4F829DC9292BF989E5DCE
:102F70006F2C26964ADE1736000000000000000085
:102F80000000000000000000000000000000000041
:102F900001000000000000000000000080000000B0
:102FA0000000000000000000000000000000000021
:102FB0008000000000000000000000000000000091
:102FC0000000000000000000000000000000000001
:102FD00000000000000000000000000000000000F1
:102FE00000000000000000000000000000000000E1
:102FF00000000000000000000000000000000000D1
:1030000000000000000000000000000000000000C0
:1030100000000000000000000000000000000000B0
:1030200000000000000000000000000000000000A0
:103030000000000000000000000000000000000090
:103040000000000000000000000000000000000080
:103050000000000000000000000000000000000070
:103060000000000000000000000000000000000060
:103070000000000000000000000000000000000050
:103080000000000000000000000000000000000040
:103090000000000080010000800100000500000029
:1030A00009000000534543475F5052494D455F3387
:1030B0003834523100000000FFFFFFFFFFFFFFFF29
:1030C000FFFFFFFFFFFFFFFFFFFFFFFFFFFFFFFF10
:1030D000FFFFFFFFFFFFFFFFFFFFFFFFFFFFFFFF00
:1030E000FFFFFFFFFFFFFFFFFFFFFFFFFFFFFFFFF0
:1030F000FFFFFFFFFFFFFFFFFF01000000000000D8
:10310000FCFFFFFFFFFFFFFFFFFFFFFFFFFFFFFFD2
:10311000FFFFFFFFFFFFFFFFFFFFFFFFFFFFFFFFBF
:10312000FFFFFFFFFFFFFFFFFFFFFFFFFFFFFFFFAF
:10313000FFFFFFFFFFFFFFFFFFFFFFFFFFFFFFFF9F
:10314000FF01000000000000003F506BD41F45EF5E
:10315000F1342C3D88DF733507BFB13BBDC052163B
:103160007B937EEC51391956E109F18E9189B4B8FF
:10317000F315B3995B72DAA2EE4085B6A0219A925C
:103180001F9A1C8E61B93E9551000000000000009E
:10319000096438911EB76FBBAE479C89B8C9B53B6F
:1031A000D0A509F74801CC7F6B962FBF8387865146
:1031B000FAFFFFFFFFFFFFFFFFFFFFFFFFFFFFFF24
:1031C000FFFFFFFFFFFFFFFFFFFFFFFFFFFFFFFF0F
:1031D000FF010000000000000000000066BDE5C225
:1031E000317E7EF99B426A85C1B34833DEA8FFA2D7
:1031F00027C11DFE2859E7EF775E4BA1BA3D4D6B05
:1032000060AF28F821B53F053981649C42B495230D
:1032100066CB3E9ECDE90404B7068E85C60000004D
:10322000000000005066D19F7694BE8840C272A212
:1032300086703C356107AD3F01B950C54026F45E4C
:103240009972EE972C663E2717BDAF1768449B57BF
:103250004944F598D91B7D2CB45F8A5C04C03B9A25
:10326000786A293918010000000000000100000000
:1032700000000000000000008000000000000000CE
:1032800000000000000000000000000080000000BE
:10329000000000000000000000000000000000002E
:1032A000000000000000000000000000000000001E
:1032B000000000000000000000000000000000000E
:1032C00000000000000000000000000000000000FE
:1032D00000000000000000000000000000000000EE
:1032E00000000000000000000000000000000000DE
:1032F00000000000000000000000000000000000CE
:1033000000000000000000000000000000000000BD
:1033100000000000000000000000000000000000AD
:10332000000000000000000000000000000000009D
:10333000000000000000000000000000000000008D
:10334000000000000000000000000000000000007D
:10335000000000000000000000000000000000006D
:10336000000000000000000000000000000000005D
:103370000902000009020000050000000A00000028
:10338000534543475F5052494D455F3532315231C5
:103390000000000073717274000000000000000063
:1033A000182D4454FB21E9BFD221337F7CD9024040
:1033B000D221337F7CD902C00000000000000080D1
:1033C000182D4454FB210940182D4454FB2109C0F9
:1033D000FB21F93FFB2109407CD91240FB21194018
:1033E0007A6A1F407CD92240BBFD2540FB21294041
:1033F0003A462C407A6A2F405C4731407CD93240B3
:103400009C6B3440BBFD3540DB8F3740FB2139409E
:103410001BB43A403A463C405AD83D407A6A3F4055
:103420004C7E40405C4741406C1042407CD9424059
:103430008CA243409C6B4440AC344540BBFD4540AE
:10344000CBC64640DB8F4740EB584840FB21494004
:1034500083F9A200444E6E00FC291500D1572700C5
:10346000DD34F50062DBC0003C99950041904300DB
:103470006351FE00BBDEAB00B761C5003A6E2400AD
:10348000D24D42004906E00009EA2E001C92D1000C
:10349000EB1DFE0029B11C00E83EA700F5358200B7
:1034A00044BB2E009CE98400B4267000417E5F007E
:1034B000D6913900538339009CF439008B5F840026
:1034C00028F9BD00F81F3B00DEFF97000F980500AC
:1034D000112FEF000A5A8B006D1F6D00CF7E360052
:1034E00009CB2700464FB7009E663F002DEA5F00DC
:1034F000BA277500E5EBC7003D7BF100F7390700FF
:1035000092528A00FB6BEA001FB15F00085D8D00DC
:10351000300356007BFC4600F0AB6B0020BCCF00B4
:1035200036F49A00E3A91D005E619100081BE600D5
:1035300085996500A0145F008D40680080D8FF0069
:1035400027734D0006063100CA561500C9A873003E
:103550007BE260006B8CC00000000040FB21F93F63
:10356000000000002D44743E000000809846F83CA6
:103570000000006051CC783B00000080831BF039D4
:103580000000004020257A38000000802282E336C7
:10359000000000001DF36935020000000300000078
:1035A00004000000060000004FBB610567ACDD3F72
:1035B000182D4454FB21E93F9BF681D20B73EF3F5A
:1035C000182D4454FB21F93FE2652F227F2B7A3CD2
:1035D000075C143326A6813CBDCBF07A8807703C8B
:1035E000075C143326A6913C2C2066756E637469C3
:1035F0006F6E3A2000617373657274696F6E20227A
:10360000257322206661696C65643A2066696C6581
:1036100020222573222C206C696E65202564257379
:1036200025730A0030630020232D302B2000686CA6
:103630004C0065666745464700494E4600696E6620
:10364000004E414E006E616E003000303132333436
:1036500035363738394142434445460030313233FC
:1036600034353637383961626364656600000000BE
:1036700035000000CEFBFFFFCB030000010000007F
:103680000000000034000000CEFBFFFFCB03000071
:103690000100000000000000BC89D897B2D29C3C19
:1036A00033A7A8D523F649393DA7F444FD0FA53229
:1036B0009D978CCF08BA5B25436FAC6428066811D0
:1036C00000202020202020202020282828282820F2
:1036D00020202020202020202020202020202020EA
:1036E0002088101010101010101010101010101052
:1036F0001004040404040404040404101010101042
:10370000101041414141414101010101010101010B
:10371000010101010101010101010101101010105D
:1037200010104242424242420202020202020202DD
:103730000202020202020202020202021010101031
:103740002000000000000000000000000000000059
:103750000000000000000000000000000000000069
:103760000000000000000000000000000000000059
:103770000000000000000000000000000000000049
:103780000000000000000000000000000000000039
:103790000000000000000000000000000000000029
:1037A0000000000000000000000000000000000019
:1037B0000000000000000000000000000000000009
:1037C00000496E66696E697479004E614E000000B2
:1037D00000000000000000000000000000000000E9
:1037E00000000000000000000000000000000000D9
:1037F00000000000000000000000000000000000C9
:1038000000000000000000000000000000000000B8
:1038100000000000000000000000000000000000A8
:103820000000000000000000000000000000000098
:103830002E00000030380700233607009063002078
:103840004300504F534958000080E03779C341434B
:10385000176E05B5B5B89346F5F93FE9034F384DF6
:10386000321D30F94877825A3CBF737FDD4F1575A2
:10387000000000000000F03F0000000000002440B5
:1038800000000000000059400000000000408F4090
:10389000000000000088C34000000000006AF840FB
:1038A0000000000080842E4100000000D01263411F
:1038B0000000000084D797410000000065CDCD4195
:1038C000000000205FA00242000000E87648374276
:1038D000000000A2941A6D42000040E59C30A24214
:1038E0000000901EC4BCD64200003426F56B0C4389
:1038F0000080E03779C3414300A0D8855734764330
:1039000000C84E676DC1AB43003D9160E458E14390
:10391000408CB5781DAF154450EFE2D6E41A4B4405
:1039200092D54D06CFF08044F64AE1C7022DB5444A
:10393000B49DD9794378EA440500000019000000DD
:083940007D0000000000000002
:083948000839FB7F01000000BB
:10395000000000008600264D264A274B06F51C363F
:103960000224B6F51C3F80B4C5F80036C2F8044501
:103970000ED91C464FF41C31C2F80815D2F8003499
:10398000002BFBD001F58051B142C5F80046F3D3BE
:10399000184A0123C2F80435B0B1154E164D4FF444
:1039A00024240021A4F5FA2327681F60D2F80034EC
:1039B000002BFBD0C1F309030BB9C6F80056013147
:1039C000884204F10404EDD10A494FF080420023FB
:1039D000C1F80435C2F81C35BFF34F8F0749084BB7
:1039E000CA6802F4E0621343CB60BFF34F8FFEE777
:1039F0000000014000E001403546526E00ED00E05D
:103A00000400FA05B8D80600FFFFFFFF0000000021
:103A100000401C46FFFF0100C800000088130000A2
:103A200017000000E0600020EC600020F86000203B
:103A30000000000000010000000000000000000085
:103A40000001000000000000000000000001000074
:103A500000000000414141414141000000000000E0
:103A60000000000000001C40E7030000FFFFFFFF14
:103A700003000000050101004E2F4100000000007E
:103A80000000000000000000000000000000000036
:103A90000000000000000000000000000000000026
:103AA0000000000000000000000000000000000016
:103AB0000000000000000000010000000C000000F9
:103AC000FFFFFFFF426972647345796500000000E3
:103AD00000000000000000000000000000000000E6
:103AE000000000004472697665720000000000006A
:103AF00000000000000000000000000000000000C6
:103B0000000000000000E0400000F0410000F04133
:103B10000A00000000000306B200080001000000D7
:103B2000A800080002000000A0001400030057498C
:103B30004E555342000000000000000000008400C9
:103B4000040007002A004400650076006900630055
:103B5000650049006E007400650072006600610037
:103B600063006500470055004900440073000000F1
:103B700050007B0039003700350046003400340027
:103B8000440039002D0030004400300038002D0082
:103B900034003300460044002D003800420033005A
:103BA00045002D003100320037004300410038004D
:103BB0004100460046004600390044007D000000F8
:103BC0000000000010000C007C3B01200000000001
:103BD00000000000000000000000000000000000E5
:103BE00000000000000000000000000000000000D5
:103BF00000000000000000000000000000000000C5
:103C000000000000000000000000000000000000B4
:103C100000000000000000000000000000000000A4
:103C2000DDBF0500C1BF050095BF050089BF0500C8
:103C3000800000008000000080000000E000000024
:103C400080000000000000000000000000000000F4
:103C50000000000079C20500E1C10500D5C10500E2
:103C6000C5C10500FFFFFFFFA04601203C66012003
:103C70000090D0030A000000010000003063002023
:103C800000000000F037070010380700D0370700A9
:103C90000000000000000000000000000000000024
:103CA0000000000000000000000000000000000014
:103CB0000000000000000000000000000000000004
:103CC00000000000000000000000000000000000F4
:103CD00000000000000000000000000000000000E4
:103CE000FF00000043000000000000000000000092
:103CF00000000000000000000000000000000000C4
:103D00000000000043000000000000000000000070
:103D100000000000000000000000000000000000A3
:103D20000000000043000000000000000000000050
:103D30000000000000000000000000000000000083
:103D40000000000043000000000000000000000030
:103D50000000000000000000000000000000000063
:103D60000000000043000000000000000000000010
:103D70000000000000000000000000000000000043
:103D800000000000430000000000000000000000F0
:103D90000000000000000000000000000000000023
:103DA00000000000430000000000000000000000D0
:103DB0000000000000000000000000000000000003
:103DC00000000000E1C7060069BB0600000000001B
:103DD000C0360700303807002336070023360700B7
:103DE0002336070023360700233607002336070053
:103DF000233607002336070023360700FFFFFFFFA7
:103E0000FFFFFFFFFFFFFFFFFFFF00000100415327
:103E100043494900000000000000000000000000CD
:103E200000000000000000000000000000004153FE
:103E300043494900000000000000000000000000AD
:103E40000000000000000000000000000000000072
:103E50000172020035720200A56A0300C9900300D6
:103E60007D35040091BE0400993E0500194A050005
:0C3E700035C005001DD1050011720200D4
:040000035000F9EDC3
:00000001FF
