:020000022000DC
:1070000000000420F56706003568060037680600B2
:10701000396806003B6806003D6806000000000075
:107020000000000000000000000000007167060082
:1070300041680600000000009167060045680600F0
:10704000516A060047680600D93E060045880400DC
:10705000FD88040047680600B14106004768060045
:10706000476806004768060047680600476806004C
:10707000476806004768060047680600476806003C
:1070800047680600C16406004768060047680600B6
:10709000476806004768060009AC05004768060017
:1070A000476806004768060099890300476806009C
:1070B0004768060047680600000000000000000066
:1070C00047680600476806004768060039700600F2
:1070D000476806004768060047680600CD3205008D
:1070E0004768060047680600476806000000000081
:1070F000000000004768060000000000B1700600B4
:10710000000000000000000000000000000000007F
:10711000000000000000000000000000000000006F
:10712000000000000000000000000000000000005F
:10713000000000000000000000000000000000004F
:10714000000000000000000000000000000000003F
:10715000000000000000000000000000000000002F
:10716000000000000000000000000000000000001F
:10717000000000000000000000000000000000000F
:1071800000000000000000000000000000000000FF
:1071900000000000000000000000000000000000EF
:1071A00000000000000000000000000000000000DF
:1071B00000000000000000000000000000000000CF
:1071C00000000000000000000000000000000000BF
:1071D00000000000000000000000000000000000AF
:1071E000000000000000000000000000000000009F
:1071F000000000000000000000000000000000008F
:10720000F1EE103A43F08073E1EE103A704700BFA0
:1072100010B5054C237833B9044B13B10448AFF3D0
:1072200000800123237010BD3466002000000000A0
:10723000C49F070008B5034B1BB103490348AFF3D4
:10724000008008BD0000000038660020C49F0700D1
:10725000154B002B08BF134B9D46A3F5803A002128
:107260008B460F461348144A121A47F0D7FF0F4BAC
:10727000002B00D098470E4B002B00D098470020E1
:10728000002104000D000D48002802D00C48AFF387
:10729000008047F003FF200029003FF003FB47F088
:1072A000D7FE00BF0000080000000420000000001E
:1072B00000000000346600208473012000000000FC
:1072C00000000000BFF34F8F0549064BCA6802F467
:1072D000E0621343CB60BFF34F8F00BFFDE700BFF9
:1072E00000ED00E00400FA0535DF704733DF70473A
:1072F0003CDF70473DDF704741DF704711DF70476B
:1073000012DF70470020704701207047012070474E
:10731000704700BF704700BF704700BF704700BF95
:10732000024B02F001021A70704700BF436B00204D
:1073300070B50446C0694E4D46F07AFF4AA3D3E9C2
:10734000002346F0DFFF02460B46A069C5E9002393
:1073500046F06EFF44A3D3E9002346F0D3FF94ED3B
:107360000F7AB4F84C30DFED437A9FED435A9FED2E
:10737000434ADFED434AF8EEC75A94ED107A06EE21
:10738000103AF8EEC76A94ED0A7AB8EE466AB8EE9B
:10739000477A66EEA76A65EE845A26EE246A27EEDF
:1073A000057AC5ED055A85ED066AC5ED076A85EDD6
:1073B000087AE37DD4ED097A6B62237DF8EEE77AF3
:1073C000012B88BF637DC5E9020167EE857A8CBF1A
:1073D00003F001030023C5ED047A85F82830E37A31
:1073E00003F00302A2F10300B0FA80F0C3F38001BE
:1073F0004009032A85F82A0085F82B1003F00403BE
:107400002DD1003B18BF0123A28885F82930A2F5B1
:10741000FA63AB85A37985F82E30E37985F82F30B0
:10742000237A85F83030637A85F83130A37A85F88D
:1074300032302268134B1449144C1548A3FB0263E5
:1074400001260E709B094FF47A7101FB132321680A
:107450000268AB86314432442160026070BD002373
:10746000D2E700BFAFF3008048AFBC9AF2D77A3EB4
:10747000F0E40020ACC527376F12833AA8C8FE3A63
:107480000AD7233CD34D621028E5002040E50020B8
:107490002CE50020024B034AC3F800260120704768
:1074A000000001403546526E024B0349C3F80016F6
:1074B00010467047000001403546526E0AB3C2F3D1
:1074C00008032DE9F0471546A3B9DFF83C800646CE
:1074D0000F464FEA52290324D8F8680403683A4655
:1074E000D3F814A031464B46D047013C30B914F0D4
:1074F000FF04F1D14FF0FF30BDE8F0872846BDE82A
:10750000F0874FF0FF30704750660020704700BF93
:10751000037C13F0080306D0C36A406A181A48BFF8
:107520006FF0004070471846704700BF2AB3C2F39F
:1075300008032DE9F0471546C3B906460F463CF04F
:10754000A3FE0F4BDFF83C8018604FEA5529032457
:10755000D8F8680403683A46D3F824A031464B466D
:10756000D047013C30B914F0FF04F1D14FF0FF30A7
:10757000BDE8F0872846BDE8F0874FF0FF30704740
:10758000147D002050660020103028F03FBA00BF64
:10759000103028F09FBA00BF00B583B00B4601221F
:1075A0000DF1070110308DF8073028F093FA03B081
:1075B0005DF804FB00B587B00346064A684618210B
:1075C00048F022FD694682B2034831F0EDF807B079
:1075D0005DF804FB543A070098E40020103027F0CF
:1075E00091BF00BF00B583B001220DF1070110303B
:1075F00027F0B6FE01280CBF9DF807004FF0FF30C2
:1076000003B05DF804FB00BF0846114648F0E4BC37
:1076100008463CF07BBE00BF08463CF05DBE00BFA4
:1076200010B50E4C84B0227801A8092115F024FB76
:10763000237802332370024670B1094B1B7803F0A4
:10764000FF004BB1074B1B7803F0FF0023B1064846
:1076500092B201A931F0A8F804B010BD96B3002091
:10766000466B0020436B0020446C00202DE9F04362
:107670004779402F3946A1B028BF40219FB300234E
:10768000E9464A469C461F46054603EB4304AE7A4C
:10769000167000EB84040133247C14F0080FC4F34B
:1076A000C00818BF013782F801805FFA83FE05F138
:1076B0000C0502F1020218BFFFB21EB10CF1010C61
:1076C0005FFA8CFC7145E0D8084B094C1F70094AE1
:1076D00084F800C04846102315F000FE064B1870D1
:1076E00021B0BDE8F083BC46E946EDE759E500204E
:1076F00058E5002048E5002044E5002010B50C4C7A
:10770000D4F868040368DB69984794F82430DB07F1
:1077100006D400224FF0FF3384F82420236310BDE9
:1077200004F124002AF0A8FE0028F2D110BD00BF09
:107730005066002070B58AB01F2201460092194899
:1077400002ABFF2231F0A8FD0D2804D8154831F016
:1077500089FD0AB070BD0446014602A815F0EAFE94
:107760000028F3D0104E11483578102C28BF102473
:10777000E4B202A9224600EB051047F027FDEDB266
:107780000B4B5C553CF080FD0A4C0B4A44F825003D
:10779000012185EA010303485155337031F062FD40
:1077A0000AB070BD685101203B6B0020FCB2002084
:1077B0001CB3002098B30020FCB30020174BDB68FB
:1077C000D90110B503D5164B1A68D2071FD43DF066
:1077D00073FF144BA0FB0301830A43EA8153124950
:1077E00012480A6800689A1A90420FD810480B6035
:1077F000027810490132097802F00F02914209D053
:1078000001780D4CC9B244F82130027010BD5B689C
:107810009B09E4E7094B01221A7010BDF0ED00E06E
:10782000001000E040420F000C060120CC60002058
:107830005406012056060120140601205506012099
:1078400010B5034B0360044617F000FC204610BD42
:10785000404D07000F49097802290AD1F8B50E4EAC
:107860000E4F3578EDB21C467B5D0BB9202C01D94B
:10787000F8BD70470A48114600EB4510224647F014
:10788000A5FC0848E3B24355012185EA0102795578
:107890003270F8BD28E10020426B002030C4002087
:1078A00054B3002094B3002070B5124C124A134B0D
:1078B0002260002647F260006360C4F888633FF0EE
:1078C00031F80F4B0F4D93ED000B32462146044625
:1078D00021F072FF0C4B2C6093ED000A204622F041
:1078E00013FB0A4B286893ED000ABDE8704022F0B4
:1078F00021BB00BFE0DC0020603A0700B465070050
:10790000186200201CE20020C4620020C062002037
:10791000F8B51A4B1B78022B044626D0184B194A8F
:1079200019480027214601261F70167033F064F9AC
:10793000054631F0B1F82846F72131F0C1F8284664
:10794000022131F0CDF83A463946284631F0C0F8E8
:107950000E4B1E703CF098FC0D4B0E4A1C801060C4
:107960002846BDE8F84031F099B80B4A0B490C4B5A
:1079700010800120002208701A70F8BD28E1002054
:1079800096900020E4E00020CC4A01202AE100206B
:1079900022E1002024E10020C4600020466B00208A
:1079A000436B0020214A13884FF6FF719BB28B4234
:1079B000F0B403D013889BB2984228D01C4B1B789C
:1079C000022B24D01B4B1C481C4F1D4E1D4D1E4C22
:1079D0001E491A7800233B70337003701C482B70CB
:1079E00023701C4D0B701C4C1C49037017202B700E
:1079F000237008801A4B1AB900221A70F0BC704725
:107A00001A78002AF8D0174A01211170F4E7138878
:107A10009BB29842F2D1144C144900234FF6FF70E8
:107A200023701080F0BC0B70704700BFC460002052
:107A300028E10020DCE00020DD9200209080002082
:107A40003480002033800020A0920020F96C0020B8
:107A5000E4E0002029E100209E900020DC6000206E
:107A600096900020FB920020466B0020436B002084
:107A70002DE9F04F4948037CABB0002B40F08A80E1
:107A80004748037C002B40F081804648037C002B54
:107A900078D14548037C002B70D1002432203CF083
:107AA000FFFB424E424A43490194234604A84FF447
:107AB0007A75ADF810408DF812400295009627F0C7
:107AC000E7FB9DF81000002855D03B4D2B68132B89
:107AD00049DC3A4FDFF8E88005E011A827F0A2F969
:107AE0002B68132B3FDC4FF47A73002204A911A8F2
:107AF0000F930E94ADF844408DF846400D9627F054
:107B0000EDFE9DF8443040221AA911A85BB329F07C
:107B10003BF99DF8443013F0D00F1AA8DDD148F09E
:107B200066FB03461AAA0638062B39461044D4D9F8
:107B300048F002FB81460028CFD1D5F800A00AEB1F
:107B40004A0B08EB0B1B1AA92F22584648F069FB79
:107B50000AF1010311A82B608BF82F9027F062F92E
:107B60002B68132BBFDD04A827F05CF928680028D8
:107B7000D4BF002001202BB0BDE8F08F103027F0DB
:107B800051F98AE7103027F04DF982E7103027F0DD
:107B900049F97AE7103027F045F971E7EC01012047
:107BA00044E3002060060120940601205C4D07009C
:107BB000683A070050660020DC0101206C3A07009B
:107BC0002002012010B5094C2368013309D1084A6D
:107BD000136803F59C5308334FF0FF3113602160A5
:107BE00010BD3CF051FB034B1860F0E72062002011
:107BF000B4E2002060FF002038B505680A4A044658
:107C0000286803681B6893420BD128203CF064FB72
:107C100018B1064B4360606038BD01232B71606072
:107C200038BD28219847F3E71976020001001F00AC
:107C300081682DE9F0470568044669B1284E2B6834
:107C40000A685B68A260B34208463DD13CF05EFB27
:107C5000A1680029F3D12568238E04F10C0903B330
:107C60000027E36ADFF878A0B8460BE03CF04EFB53
:107C7000E36AC6F80080218EC6F804800137BAB2E4
:107C800091420FD9BEB203EBC606716808460029BF
:107C9000EFD02B685B685345E8D028469847E36AE5
:107CA000E7E7E36A00214FF6FF7299452186A28635
:107CB00007D02A680A4952688A420BD118463CF01C
:107CC00025FB2046BDE8F08728469847A168002993
:107CD000B5D1C0E72846194690472046BDE8F08751
:107CE0001176020081682DE9F0470568044669B104
:107CF000284E2B680A685B68A260B34208463DD1F3
:107D00003CF004FBA1680029F3D12568238E04F11F
:107D10000C0903B30027E36ADFF878A0B8460BE04C
:107D20003CF0F4FAE36AC6F80080218EC6F80480BD
:107D30000137BAB291420FD9BEB203EBC6067168E1
:107D400008460029EFD02B685B685345E8D02846E9
:107D50009847E36AE7E7E36A00214FF6FF72994527
:107D60002186A28607D02A680A4952688A420BD126
:107D700018463CF0CBFA2046BDE8F08728469847E5
:107D8000A1680029B5D1C0E728461946904720468A
:107D9000BDE8F0871176020081682DE9F04705689B
:107DA000044669B1284E2B680A685B68A260B3423A
:107DB00008463DD13CF0AAFAA1680029F3D1256814
:107DC000238E04F10C0903B30027E36ADFF878A0DF
:107DD000B8460BE03CF09AFAE36AC6F80080218EC0
:107DE000C6F804800137BAB291420FD9BEB203EB94
:107DF000C606716808460029EFD02B685B685345BA
:107E0000E8D028469847E36AE7E7E36A00214FF69F
:107E1000FF7299452186A28607D02A680A495268CE
:107E20008A420BD118463CF071FA2046BDE8F08733
:107E300028469847A1680029B5D1C0E728461946C9
:107E400090472046BDE8F087117602002DE9F84FF3
:107E500007463CF019FA314DDFF8CC90DFF8CCB092
:107E6000DFF8CCA0064645F00105D9F800301C68C3
:107E700020463FF089FD03464FF003084FF4FA40D7
:107E80006BB9B8F1010F3CD0A84720463FF07CFD0C
:107E9000034608F1FF384FF4FA40002BF1D0DBF82D
:107EA0000030D3F8008040463FF06EFD03460324C7
:107EB0004FF4FA405BB9012C23D0A84740463FF06D
:107EC00063FD0346013C4FF4FA40002BF3D0144B02
:107ED0001B68D3F8008040463FF056FD034603245C
:107EE0004FF4FA405BB9012C0BD0A84740463FF055
:107EF0004BFD0346013C4FF4FA40002BF3D0BDE8A4
:107F0000F88F3CF0C1F9801BB842F8D2054B0A202B
:107F1000C3F800A63CF0C4F9A7E700BF7053070000
:107F2000E860002000000140E0600020E4600020E4
:107F30003546526E2DE9F04FDFF8F490344AD9F807
:107F400000300026B34283B016702ADD4FF0FF33B5
:107F5000DFF8E080DFF8E0B02E4F01934FF0000A29
:107F600097ED0A3B97ED082B98ED021B98ED000B5F
:107F700014F0F6FB55EC104B5B4610EE100A52461F
:107F8000294646F031FC3837D9F8003010B1A24606
:107F9000AB4601960136B342E2DC019B1A46013240
:107FA00020D100211C4D1D4B002428461C7012F0CE
:107FB00045FF2A781A4B042A1C600ED9194C2368F5
:107FC0005A1C1DD1184A2360136803F59C530833CB
:107FD0000120136003B0BDE8F08F6FF00A03114C6D
:107FE0009B1AEFE7C3EBC30A0A4B094803EBCA012C
:107FF0000C2248F016F9064A002313730121D1E739
:108000003CF042F9094A4FF0FF331060DAE700BF55
:108010000CE20020580D01201861002004E200202D
:108020006CFF002020620020B4E2002060FF0020EE
:1080300018390120F0E400200000144010B58AB087
:1080400000240A460123014601A8ADF804408DF83A
:10805000064027F01DF908B90AB010BD01A828F0A4
:108060006FFA0AB010BD00BF38B5234C206800BBC2
:10807000224C2068E0B121F039FF002835D120687A
:1080800021F01EFFA0B1206821F01AFF25F08EF824
:108090001B4A1368B3F57A7F0ADA48B119490C68AC
:1080A000A04205D0184C086044F823000133136047
:1080B00038BD26F093F8154B1A688242F8DA104D55
:1080C00018603CF0E1F82B68114AB3F57A7F106034
:1080D000EEDA20680B4C26F09BF82B680A492060EA
:1080E0005A1C41F823002A6038BD206821F0FAFEAE
:1080F00026F092FDCCE700BF080601201CE200201C
:108100001CF500202CF500207CE500200406012051
:10811000E40101202DE9F047054680682F6860B131
:10812000284C3B6802685B68AA60A3422AD13CF0F5
:10813000EDF8A8680028F4D12F682B8E05F10C0902
:108140003BB30026EB6ADFF87C80B2460BE03CF0E4
:10815000DDF8EB6AC4F800A0298EC4F804A001364B
:10816000B2B2914216D9B4B203EBC40461680846B6
:108170000029EFD03B685B684345E8D03846984714
:10818000EB6AE7E7014638469847A8680028C8D157
:10819000D2E7EB6A00214FF6FF7299452986AA863D
:1081A00007D03A68074952688A4205D118463CF020
:1081B000ADF82846BDE8F08738461946904728466E
:1081C000BDE8F087117602002DE9F047038E814665
:1081D000054659F80CABFBB10026C36ADFF8A08056
:1081E000374609E03CF092F8EB6A2760298E676019
:1081F0000136B2B2914210D9B4B203EBC404616843
:1082000008460029F1D0DAF800305B684345E9D030
:1082100050469847EB6AE8E7C36A00214FF6FF72C1
:1082200099452986AA860CD0DAF80020144C5268A9
:10823000A24221D118463CF069F80423C5F82C90DD
:108240006B86A8682E6800232B7158B10C4C3368DC
:1082500002685B68AA60A34206D13CF057F8A868A0
:108260000028F4D1BDE8F087014630469847A86859
:108270000028ECD1BDE8F087194650469047DCE76E
:1082800011760200008830B44FF6FF74A0421AD075
:10829000CD6AC20905EBC20200F07F03506810EB03
:1082A000C30011D0C2880020D309A24205EBC3034A
:1082B00002F07F0100F1010006D05B6813EBC103FF
:1082C00002D0DA88F0E7002030BC70472DE9F04199
:1082D0008B8E4FF6FF72934282B00C46054616D045
:1082E000CA6AD90902EBC10203F07F01526832F871
:1082F0003100A08602EBC10200204FF6FF71107121
:1083000028462A60AB80D18002B0BDE8F081098E9A
:108310002768002932D1638E002B00F0858001236D
:10832000E66A5A4A23864FF480604FF080083B6823
:108330001B68934274D13BF0CFFF238EE76A7060D5
:10834000013B9BB207EBC30100284A6808BF4FF00E
:1083500000080020A6F80080708022B137F8336052
:10836000488886422ED8012100224FF6FF73284606
:1083700021712A60AB8002B0BDE8F081E66A4B1E35
:108380009BB206EBC30E3046DEF804202AB1BEF8DD
:1083900002C036F83380E0451CD8638E994223D062
:1083A0003A4A4B1C9BB2B3F5007F00EBC106238613
:1083B00015BF4FF480604FF47E704FF080084FF08F
:1083C0007F08B4E700EBC313441C9BB202EBC0026E
:1083D0004C8091E70CEBC3130CF101019BB202EB53
:1083E000CC02AEF8021087E7B3F5007FBBD004F1F2
:1083F0000C025B0096421FFA83F83B6816D02448B3
:108400009B6883424FEAC80135D1304647F0E4FD0E
:108410000028A8D01D4A218EE062A4F83280C0E76F
:1084200001463846984788E7E66AE0E7174A1B683E
:10843000019293424FEAC80022D13BF04DFF019ACE
:10844000002890D0D6F800C07168B368D6F80CE068
:10845000C0F80CE0C0F800C041608360D6F810C0DE
:108460007169B369D6F81CE0C0F81CE0C0F810C010
:1084700041618361CFE70A46384631469847C7E7EE
:10848000014638469847019ADAE700BF197602009C
:10849000097602002DE9F0418B8E4FF6FF72934270
:1084A00082B00C46054611D0CA6AD90902EBC10256
:1084B00003F07F01526832F83100A08602EBC1025E
:1084C00028462A60AB8002B0BDE8F081098E27689B
:1084D000002932D1638E002B00F085800123E66AEB
:1084E000594A23864FF480604FF080083B681B6830
:1084F000934274D13BF0F0FE238EE76A7060013B3B
:108500009BB207EBC30100284A6808BF4FF0000880
:108510000020A6F80080708022B137F833604888C8
:1085200086422ED8012100224FF6FF732846217182
:108530002A60AB8002B0BDE8F081E66A4B1E9BB2B8
:1085400006EBC30E3046DEF804202AB1BEF802C0A6
:1085500036F83380E0451CD8638E994223D03A4ADE
:108560004B1C9BB2B3F5007F00EBC106238615BF01
:108570004FF480604FF47E704FF080084FF07F081A
:10858000B4E700EBC313441C9BB202EBC0024C8067
:1085900096E70CEBC3130CF101019BB202EBCC028A
:1085A000AEF802108CE7B3F5007FBBD004F10C02EB
:1085B0005B0096421FFA83F83B6816D023489B68FD
:1085C00083424FEAC80135D1304647F005FD002807
:1085D000A8D01D4A218EE062A4F83280C0E701468F
:1085E0003846984788E7E66AE0E7174A1B68019231
:1085F00093424FEAC80022D13BF06EFE019A002858
:1086000090D0D6F800C07168B368D6F80CE0C0F816
:108610000CE0C0F800C041608360D6F810C07169FA
:10862000B369D6F81CE0C0F81CE0C0F810C0416186
:108630008361CFE70A46384631469847C7E7014687
:1086400038469847019ADAE719760200097602005F
:108650002DE9F04F958E4FF6FF739D4285B014467D
:108660000746884602F10C0B3BD0D36AEA0903EBBC
:10867000C20305F07F025E6836F83230A38606EB4F
:10868000C2064FF6FF73F380A28E00219A42317129
:10869000B1465CD0E36AD10903EBC10302F07F0A63
:1086A000596831F83A30A38601EBCA0100234FF62E
:1086B000FF700B71C880C8F80010F2807B8883427D
:1086C00000F08380E16AD80901EBC00103F07F0369
:1086D000496801EBC3034846DD807A8005B0BDE8F8
:1086E000F08F118E1568002975D1528E002A00F086
:1086F0001F810123E66AC24A23864FF480604FF04F
:1087000080092B681B68934240F00A813BF0E4FD2E
:10871000258EE36A7060013DADB203EBC50200280F
:10872000516808BF4FF000090020A6F80090708043
:1087300029B133F835305688B34200F297804FF0B4
:10874000000901234846237105B0BDE8F08F208E53
:1087500023680193002862D1628E002A00F0EA802B
:108760000123D4F82CA0A64A23864FF480604FF052
:10877000800B019B1B681B68934240F0D5803BF047
:10878000ABFD228ED4F82CC0CAF80400013A92B294
:108790000CEBC2030028596808BF4FF0000B002003
:1087A000AAF800B0AAF802000029C8D03CF83200AC
:1087B000B3F802A05045C2D90AEBC2120AF1010077
:1087C00092B201EBCA01588070E748463D807A803A
:1087D00005B0BDE8F08FE36A4A1E92B203EBC20E09
:1087E0001846DEF804602EB1BEF802C033F83290AD
:1087F000E14543D8628E914254D0814A4B1C9BB2D2
:10880000B3F5007F00EBC106238615BF4FF48060EF
:108810004FF47E704FF080094FF07F0971E7E36AF3
:10882000421E92B203EBC20C9E46DCF804A0BAF1E1
:10883000000F06D0BCF80210029233F832208A42B0
:1088400026D8628E90424AD06D4A431C9BB2B3F543
:10885000007F0EEBC00A238615BF4FF480604FF4F3
:108860007E704FF0800B4FF07F0B82E706EBC51553
:10887000731CADB201EBC606538002E70CEBC215C8
:108880000CF10103ADB206EBCC06AEF80230F8E60F
:10889000029A4B1C01EBC21292B20AEBC101ACF876
:1088A000023003E7B2F5007F3FF449AF52009B4529
:1088B0001FFA82F940D02A685248966886424FEAE9
:1088C000C90140F09180184647F086FB00283FF42C
:1088D00036AF4B4A218EE062A4F832908EE7B2F5B3
:1088E000007F3FF42CAF52001FFA82FA019A9B4599
:1088F00011684AD0D1F808B0424A93454FEACA01FC
:1089000077D1184647F068FB8646BEF1000F3FF46A
:1089100016AF3B4A208EC4F82CE0A4F832A094E7AE
:10892000014628469847F3E601460198984728E70C
:10893000E36ABBE7E36AD6E72968314A0E689642E4
:10894000CDE901324FEAC9005ED13BF0C5FCDDE95B
:10895000013200283FF4F3AED3F800C05E68996896
:10896000D3F80CE0C0F80CE0C0F800C046608160AD
:10897000D3F810C05E699969D3F81CE0C0F81CE018
:10898000C0F810C046618161A4E71D4AD1F800B06B
:108990009345CDE902324FEACA003BD13BF09CFC43
:1089A000DDE902328646BEF1000F3FF4C8AE18681A
:1089B0005968D3F808B0D3F80CC0CEF80CC0CEF884
:1089C0000000CEF80410CEF808B018695969D3F841
:1089D00018B0D3F81CC0CEF81CC0CEF81000CEF8EA
:1089E0001410CEF818B095E70A4628461946B04745
:1089F0006CE70A4601981946D847864685E700BFC6
:108A0000197602000976020001462846B047DDE9E2
:108A100001329EE701460198D847DDE902328646D9
:108A2000C1E700BF2DE9F84307464068BD68032D44
:108A3000884600F1080613D85FFA85FC002D77D030
:108A40000CF1FF3456FA84F4C31D002213F8011F01
:108A5000002908BF42F00102A342F7D1002A40D00A
:108A600000237355D7F80090BE68D9F80830A3B139
:108A700006F1070C8444DA8896420BD13EB3C21D3E
:108A8000DC1D01E0944522D012F8011F14F8015FAB
:108A9000A942F7D01B68002BEDD1B6F5803F7D6869
:108AA000D9F8004034D2236828489B68834206F1F5
:108AB000090140D1284647F08FFA034643B33A688C
:108AC000DE809168196000219360796002E09A88E5
:108AD00001329A800522C8F8003088F80420BDE8E9
:108AE000F883022388F80430037A88F80030BCF158
:108AF000010F08D0437A88F80130BCF1020F02D090
:108B0000837A88F80230002308F80530BDE8F8833E
:108B100023680F4A5B68934213D029462046984742
:108B20003A6800239268012189F804101A60FFDE78
:108B300002230B71E7E70A46204629469847034679
:108B4000BCE728463BF0E2FBEAE700BF09760200FB
:108B5000117602002DE9F04745684DB18368EA8837
:108B6000934204460E4605D01D440133A3602E7285
:108B7000BDE8F0875B00D0F800905F1CB7F5803F40
:108B8000D9F8008012D2D8F800201549D2F808A0F0
:108B90008A4503F10A021CD11146284647F01CFA07
:108BA00020B1C780A36860600546DDE7D8F80030D3
:108BB0000C4A5B68934208D128463BF0A7FB012290
:108BC000002389F804206360D2E72946404698478D
:108BD000F5E729464046D0470028E2D1E6E700BF46
:108BE000097602001176020003792DE9F0470C4660
:108BF000D907054637D4DA0624D413F0600F1DD008
:108C00002E884FF6FF77BE4215D0E36AF20903EBD8
:108C1000C20306F07F09D3F8048008EBC900B2460E
:108C2000C6882146FFF7E0FFA38E28F83930BE4200
:108C3000A4F834A0E9D14FF0FF332B6000232B714F
:108C4000BDE8F0872A884FF6FF718A4237D0E16A83
:108C5000A68ED00901EBC00102F07F00496821F81F
:108C60003060A286C9E7A0682A6826680028C2D0BA
:108C7000824216D0014600680028BCD08242F9D159
:108C80008288013A92B28280002AB4D103680B60D4
:108C900033680C4A5B6893420CD13BF037FB2B796D
:108CA000A9E78288013A92B28280002AA3D10368A0
:108CB000A360EDE70146304698472B799BE70023F8
:108CC0001B80FFDE117602002DE9F04F0E46097879
:108CD00085B02B29009000F0FD802D2940F0B88050
:108CE0007178012001900644A1F13000C0B209283A
:108CF00000F2B680DFF8F893C0B20021002400250E
:108D00004FF0993816F801BF2418ABF13007FFB2C5
:108D100041EB05054FEA850E092F6FEA07024FF078
:108D2000FF334FEA840C4EEA947EF8B24FF0000114
:108D300000F21E81A94508BFA0450BD31CEB040C13
:108D40004EEB050E1CEB0C044EEB0E05AB4208BFC0
:108D5000A242D7D24FF0000A0023204629460A2219
:108D600045F076FFA946A0461FFA8AF3B9F5200F11
:108D700003F1010A08BFB8F1000F04460D460FFACF
:108D80008AFAE9D2092F0BD802339B1B06EB030AA0
:108D900016F801BFABF13002092A0FFA8AFAF5D9A9
:108DA000BBF12E0F00F0B6800BF0DF03452B60D037
:108DB000BBF1000F56D10AF126034C2B00F2FC80C8
:108DC000002D08BFB4F5000F80F0F68007EE904A42
:108DD000BAF1000FF8EEE77A40F36481BC4B1AF069
:108DE000010F1CBF93ED007A67EE877A5FEA6A0293
:108DF00023D0D00744BF93ED017A67EE877A5FEA0C
:108E0000AA021AD0D10744BF93ED027A67EE877A9F
:108E10005FEAEA0211D0D20744BF93ED037A67EE0E
:108E2000877A5FEA2A1A08D0BAF1010F0CBF93EDD6
:108E3000047A93ED057A67EE877A019B0BB1F1EE28
:108E4000677A009A0123C2ED027A137010460DE092
:108E500000200190A1F13000C0B209287FF64AAF8E
:108E60002E2953D0009A00231370104605B0BDE898
:108E7000F08F96F801B0BBF12D0F36D0BBF12B0F60
:108E800000F0F080ABF13003DAB2092A06F10106F6
:108E90008ED80AEB0302B2F59A7F00F3D780002741
:108EA00006E002EB400303EB0A02B2F59A7F79DC9D
:108EB00016F801BFABF13002D1B2092903EB8300F0
:108EC000EFD9002F40F0C7809A44BBF1000F3FF468
:108ED00072AFC7E7717800200190A1F13000C0B2F5
:108EE000092806F10106BBD804E796F802B0ABF1F9
:108EF0003003DAB2092A06F102063FF659AF0AEB4F
:108F00000302B2F59A7F4FDC0127D1E70024002548
:108F10004FF0000A96F801B0ABF13000C0B209285A
:108F200006F101063FF640AF6A4B4FF099329D4281
:108F30004FEA850108BF94424FEA840741EA9471E1
:108F40000ED23F1945EB010117EB070841EB010970
:108F50000AF1FF3A18EB00040FFA8AFA49F100050A
:108F600016F801BFABF13000C0B20928DFD91BE70A
:108F7000BBF1000F40F0D280019B8BB1B5F1004FE7
:108F800008BF012CBFF4E6AE644265EB4505022341
:108F9000009A1046C2E90245137005B0BDE8F08F93
:108FA0000323F5E7002F51D000994FF00042012331
:108FB00008468A600B7059E72046294645F06CF94F
:108FC000BAF1000F79DD444C1AF0010F7AD15FEA53
:108FD0006A032DD0DF0700F18D805FEAAA0327D056
:108FE000DE0700F18C805FEAEA0321D0DD0700F1A3
:108FF0008B805FEA2A131BD0DA0700F18A805FEAD0
:109000006A1315D0DB073ED45FEAAA1310D0DF073E
:109010003ED45FEAEA130BD0DE073ED45FEA2A2390
:1090200006D0DD0744D45FEA5A231CBF2B49002039
:10903000019B13B101F100431946009A0423C2E9D0
:1090400002011046137005B0BDE8F08F019B0020AF
:10905000BBB12349F1E7AAEB030ABBF1000F3FF4D0
:10906000AAAEFFE696F802B0ABF13003DAB2092AF5
:1090700006F102067FF60DAFBBF1000F3FF49BAE89
:10908000F0E61849D9E7D4E90A2345F03BF9BBE7F4
:10909000D4E90C2345F036F9BBE7D4E90E2345F0BB
:1090A00031F9BBE7CAF1000A3FF4C7AE0E4B96E6B2
:1090B000D4E9102345F026F9B5E7CAF1000AB7D084
:1090C0000A4C81E7D4E9002345F01CF97FE700BF93
:1090D000DC4D070099990100404E07000000F87F21
:1090E0000000F0FF0000F07FC44D0700F84D0700BE
:1090F00099999919D4E9022345F004F96DE7D4E967
:10910000042345F0FFF86EE7D4E9062345F0FAF8AA
:109110006FE7D4E9082345F0F5F870E7B5F5801F4F
:1091200008BF002CBFF416AE4FF0000A38E600BFAF
:1091300010B5064C206838B120F0D8FE20B1206868
:10914000BDE8104020F0CEBE002010BD1CE2002083
:1091500070B5584B584D93F8322093F8300093F87F
:109160002F1093F8314094B0049293F82E20CDE95B
:109170000204CDE9002106A8504A9B8D182146F033
:1091800043FF2A68002A3DD04D4B4E4918780028ED
:1091900008BF0B46002106ACCDE910114A480C94DB
:1091A0000E934A4C4A4B13910D9412900F93104614
:1091B00025F032F82C681090002C50D0204625F075
:1091C00099F82A68434C444B1190002A08BF1C466A
:1091D000424A434B126800924FF480610CAA414806
:1091E000139412F0E1FC00213F4826F0A9FA3D4912
:1091F0003D484FF4806226F06DFC3B4826F006FCAB
:1092000014B070BD394C2068002837D020F042FEE1
:10921000374E03462068002B18BF1E4620F06AFE1A
:10922000002306A92A680C91CDE91033274913932E
:10923000254B0E960F900D911293002AB7D12068FE
:1092400000282CD020F052FE48BB206820F038FEC9
:1092500028B323F0AFFF2C681090002CAED1234E22
:10926000306818B320F042FEB0B9306820F028FE14
:10927000044688B124F000F82A68A3E706AB1C4A2C
:109280000C931C4B114E10491090CDE90E231190F8
:1092900013900D961291D2E72A68204692E7FFF7C5
:1092A00047FF002886D025F0B9FC83E70A4C1190CF
:1092B0008EE700BFF0E40020080601209C3A07007A
:1092C000F4050120943A07007C6200209C62002093
:1092D00090E000208C3A0700843A07001CF500203B
:1092E0007CE500209CC8002038E200201CE2002021
:1092F000743A0700B4650700114B186808B124F0F0
:1093000093BF10B50F4C2068B8B120F0EFFD38B90D
:10931000206820F0D5FD18B1BDE8104023F02ABF29
:10932000206850B120F0E2FD38B1206820F0DAFD6D
:1093300018B1BDE8104025F053BC002010BD00BF9F
:10934000080601201CE20020114B186808B124F027
:109350006FBF10B50F4C2068B8B120F0C7FD38B909
:10936000206820F0ADFD18B1BDE8104023F006BF25
:10937000206850B120F0BAFD38B1206820F0B2FD6D
:1093800018B1BDE8104025F02FBC002010BD00BF73
:10939000080601201CE20020114B186808B124F0D7
:1093A0001DBF10B50F4C2068B8B120F09FFD38B933
:1093B000206820F085FD18B1BDE8104023F008BFFB
:1093C000206850B120F092FD38B1206820F08AFD6D
:1093D00018B1BDE8104025F00BBC002010BD00BF47
:1093E000080601201CE200202DE9F041604B1968BD
:1093F00000298AB02DDD5F4B0093012929D003F1AC
:10940000A8020229019224D003F5A872032902922E
:109410001FD003F5FC72042903921AD003F52872B9
:109420000529049215D003F552720629059210D031
:1094300003F57C72072906920BD003F59362082985
:10944000079206D003F5A863092908931CBFA83327
:109450000993684614F02CF9061E5BDB464FA823DF
:1094600003FB067393F89040002C4FD0434C2068C8
:1094700018B13DF05BFA00232360414D286818B114
:109480003DF054FA00232B604FF44F503DF04AFA60
:109490003C4BA82404FB067493ED000B002180468E
:1094A00023F012FF94ED063B94ED042B94ED021B88
:1094B00094ED000B4046C5F8008024F073FC94ED59
:1094C000223B94ED202B94ED1E1B94ED1C0B286881
:1094D00024F0E2FC94F84030002B3DD1A82303FB9C
:1094E000067393F868205ABB286824F059FE286850
:1094F00024F044FE20B1286824F044FE044670B9EC
:10950000286808B13DF012FA00242C6020460AB009
:10951000BDE8F081002420460AB0BDE8F0811A4D74
:109520001A49C6EB0616314428460E2246F079FE4B
:10953000174A00232046AB7313600AB0BDE8F081E0
:1095400093ED183B93ED162B93ED141B93ED120B3B
:10955000286824F097FDC7E794ED0E3B94ED0C2BA3
:1095600094ED0A1B94ED080B286824F011FDB5E773
:10957000D801012059070120C80601201CE2002063
:109580000806012018620020F40501201C39012082
:109590000406012070B5274D274C2B78002B3FD0B7
:1095A000237C002B3AD1254C3CF072FF206801212E
:1095B00013F062FF08B100232360214E3CF072FFDC
:1095C000204B306800241C702C7010B13DF0AEF9B7
:1095D00034601D4C206818B13DF0A8F900232360C9
:1095E0001A4A1B481B4B1C491C4D1D4E002414607D
:1095F00004701C4A1C481C701C4B0C702C601460BE
:10960000046021461A4834704FF0FF354FF47A62F7
:109610001D6045F003FE174B1C6070BDFFF798FD01
:10962000237C002BBFD0144826F0F0F9124825F017
:10963000F9FBB8E7E205012028E2002020E2002043
:109640001CE2002040E3002008060120040601205F
:109650005C060120E101012078E5002074E500208E
:10966000F40501201CF500202CF5002024620020C8
:109670007CE500205806012038E2002008B5214B87
:109680001B785BB3204B1B78042B02D11F4B1B783C
:1096900023B33AF0F9FD1E4A1E4B1268801A984215
:1096A0001CD91D4B1B681BB11C4B1B68002B16DC07
:1096B0001B4B93ED007AF0EE007AB4EEE77AF1EE10
:1096C00010FA0CDA174B1A787AB13AF0DDFD164B26
:1096D0001A684EF65F23801A98420DD808BD1149CA
:1096E000114A00230B70136008BD01221A703AF072
:1096F000CBFD0D4B186008BDFFF74CFFBDE80840DF
:10970000FEF760BAE101012000C400203DE5002021
:10971000E40101201FBF02000806012010060120FD
:1097200070E5002078E5002074E5002038B5334D61
:109730002B68013344D1324B1B78002B40D1314B85
:1097400031491B68314A9B680C681268304992683D
:109750000868191B0029C8BF1C46111B8368002913
:10976000C8BF14461A1B002AC8BF1C463AF08CFD1D
:1097700040F6B733001B984222D9264B1B68B3F53D
:10978000FA7F1EDC244B93ED007AF2EE047AB4EEFD
:10979000E77AF1EE10FA13DB204A21490123137016
:1097A0000B703AF071FD1F4B1F4A1B681060B3B17C
:1097B00005231E4A2B60136803F59C53083313607E
:1097C00038BD164A1649012313700B703AF05CFD40
:1097D000144B154A1B68106043B10623E9E7144B8C
:1097E0001B68002BE4D1FEF75FF8E1E7104B1B6824
:1097F000002BF2D1FEF758F8EFE700BF20620020FF
:10980000E4E00020E060002060FF0020E460002031
:10981000E86000201006012070E5002040E30020F1
:10982000E10101201CE20020E4010120B4E200205B
:109830000806012030B5374C23680F33042B87B05E
:1098400001D907B030BD3AF01FFD334D014628461F
:1098500011F002FE0028F4D0304A314B126819682A
:109860008A4204D02F4991F8280000282FD13AF0DD
:109870000BFD0146284811F0EFFD0128E1D03AF038
:1098800003FD0146244811F017FE2A78042A11D856
:1098900021686FF00A039B1A8B4232D0224A0021C2
:1098A0001160224A2360136803F59C530833136048
:1098B00007B030BD2368013323D01B4B00221A6050
:1098C0003AF0E2FC1A4A4FF0FF331060E9E791EDFD
:1098D000000B91ED021B91ED082A1A608DED040B2F
:1098E0008DED001B8DED032A3AF0CEFC9DED001BA3
:1098F00001469DED040B9DED032A284611F068FDFD
:10990000B5E70A4A136803F59C530833136007B0A0
:1099100030BD00BF206200201861002040E500201B
:1099200008E20020F0E400206CFF0020B4E20020F8
:1099300060FF002070B51C4D8AB0002428460894B2
:10994000CDE90244CDE90444CDE90644CDF82340F5
:109950002EF0F6F80246284601922EF0F3F81F2664
:10996000019A014602A845F031FC02A93246284678
:109970002EF0EAF83C352146324602A845F04EFC6E
:1099800028462EF0DDF8019028462EF0DBF8019AEB
:10999000014602A845F01AFC324602A928462EF0DC
:1099A000D3F80AB070BD00BF0C5101202DE9F0477B
:1099B000544E554D3768D7F8008040463DF0E4FFDF
:1099C000034645F0010503244FF4FA405BB9012C2E
:1099D00074D0A84740463DF0D7FF0346013C4FF402
:1099E000FA40002BF3D001237B71484F464DD7F846
:1099F0000080D8F8009048463DF0C6FF034645F089
:109A0000010503244FF4FA405BB9012C66D0A84746
:109A100048463DF0B9FF0346013C4FF4FA40002BA5
:109A2000F3D0012388F80530DFF8EC90364DD9F8F3
:109A30000080D8F800A050463DF0A6FF034645F050
:109A4000010503244FF4FA405BB9012C22D0A8474A
:109A500050463DF099FF0346013C4FF4FA40002B7D
:109A6000F3D0012388F8053033681B793BB1284ACD
:109A7000136803F59C5308331360BDE8F0873B6817
:109A80001B79002BF3D1D9F800301B79002BEED1D4
:109A9000BDE8F0873AF0F8FB98F80530002BE3D0EA
:109AA0001C4BD8F808201B68801A9842DCD33AF087
:109AB000EBFBA8F80440C8F80800D5E73AF0E4FB4F
:109AC0007B79002B91D0134BBA681B68801A98429F
:109AD0008BD33AF0D9FBBC80B86086E73AF0D4FB70
:109AE00098F80530002B9FD00A4BD8F808201B6847
:109AF000801A984298D33AF0C7FBA8F80440C8F8F7
:109B0000080091E7E060002070530700E460002047
:109B1000B4E20020D4600020E8600020424B1B68C3
:109B20002DE9F0411E68414D30463DF02DFF0346C2
:109B300045F0010503244FF4FA405BB9012C0BD02A
:109B4000A84730463DF020FF0346013C4FF4FA4061
:109B5000002BF3D0002600E02646354B334D1B6822
:109B60001F6838463DF010FF034645F00105032409
:109B70004FF4FA405BB9012C0BD0A84738463DF0B2
:109B800003FF0346013C4FF4FA40002BF3D00025BD
:109B900000E02546274B254F1B68D3F80080404640
:109BA0003DF0F2FE034647F0010703244FF4FA406C
:109BB0005BB9012C0AD0B84740463DF0E5FE0346AC
:109BC000013C4FF4FA40002BF3D000249EB11A4E12
:109BD0003378DBB165B1194D2B78F3B124B1184C52
:109BE00023785BB1BDE8F081154B1C70BDE8F081B6
:109BF000124B1D70F2E7104B1E70EBE73AF044FB7E
:109C0000104A012310602370BDE8F0813AF03CFB5C
:109C10000D4A012310603370DCE73AF035FB0B4A44
:109C2000012310602B70D9E7E0600020705307001B
:109C3000E4600020E8600020E5E10020ECE1002085
:109C4000F4E10020F8E10020E8E10020F0E100204C
:109C500038B50F4A0F4B126819688A4215D00E4961
:109C60001A6000230B6001220C4C0D4B204600258E
:109C70001A70E57632F080FF2046012132F0A8FC10
:109C80004FF00113C4E9045338BD0022ECE700BFD4
:109C90002062002034F500206CFF00205CE20020F0
:109CA000E801012038B504460130094D07D0094AC2
:109CB0002C60136803F59C530833136038BD2B6880
:109CC0000133F4D03AF0E0FA034B1860EFE700BF3D
:109CD00020620020B4E2002060FF00201A4A1368CE
:109CE0000E2B28D00D2B15D0083312D0174B184946
:109CF00093ED007A0B68F1EE047AB4EEE77AF1EEB8
:109D000010FA03F59C5394BF0B200A20083310600F
:109D10000B6070470F4B10491A680B68013A9A4262
:109D20000B4A14BF013300230B60136803F59C53E7
:109D300008331360704706490B6803F59C530833DA
:109D40005A200B60106070472062002070E50020F0
:109D5000B4E200207062002024E200200378462B49
:109D600001D00020704710B54378572B044627D107
:109D70001449082246F043FA08B9012010BD1249DF
:109D80000622204646F03BFA0028F6D00F4920462E
:109D900046F00AFA0028F0D00D49204646F004FAB1
:109DA0000028EAD00B49204646F0FEF90028E4D00E
:109DB0000949204646F0F8F9B0FA80F0400910BD94
:109DC000002010BDBC3A0700C83A0700D03A07008F
:109DD000D83A0700E03A0700E83A07002DE9F043D7
:109DE00062498DB00822044646F009FA00284CD199
:109DF0005F4F3B7803F0FF06002B51D1083420461B
:109E00002C2146F0C4F900284AD000F10109484647
:109E10002C2146F0BCF90546002841D020460A22F4
:109E2000314647F0B9F9A5EB0903082B80464AD122
:109E3000D9F80000D9F8041002AB03C302A801A9A5
:109E40008DF8106011F0B4FD00283CD008F1FF330C
:109E5000B3F5CC2F56D26878013590B1DFF85C911C
:109E60006E2647F0A3F90446304647F09FF9844236
:109E700007D115F8010F00285DD019F8016B002EED
:109E8000EFD13C48FDF796FB0DE03B49062220460A
:109E900046F0B5F950B9364B1B78012BDDB218D01E
:109EA0003648FDF787FB0DB0BDE8F0833449204606
:109EB00046F07AF9C8B92E4B1B78022BF0D1314B02
:109EC00001221A70EFE73048FDF774FB0DB0BDE8D2
:109ED000F08301460A22A01D47F05EF92B4B1B6858
:109EE00083420FD12A4B1D70DDE72A49204646F0F8
:109EF0005BF968B91E4B1B78032BD1D1264B01228D
:109F00001A70D0E72548FDF755FB0DB0BDE8F0838A
:109F10002349204646F048F948B12249204646F0F8
:109F200043F90028BFD1204B01221A70BBE71F4B19
:109F300001221A70B7E799F80030002BA1D1134B1A
:109F40001B4A0198C3F8008005A901233B701060EB
:109F500011F0F8FC174A05AB08A8102146F054F898
:109F600008A982B214482EF01FFC9CE7BC3A0700F7
:109F7000A5B30020043B0700C83A0700F03A0700E9
:109F8000D03A0700DD6B0020F83A0700FC6C002097
:109F9000456B0020D83A0700FB6C0020FC3A070014
:109FA000E03A0700E83A0700446B0020FA6C002012
:109FB000E46B00200C3B070098E40020193B0700ED
:109FC00083490978012900D070472DE9F0411C46EA
:109FD0009CB0804B1546CEB2412200210BA81E70CA
:109FE00045F01CF9402C2246294628BF40220BA8E8
:109FF00045F0ECF80BA846F0FAF8431E70B10BAA36
:10A00000754F1A4412F801190A39C9B227FA01F03A
:10A0100016296FEA000003F1FF3310D96F4F3B7828
:10A02000BBB16F490BA8052246F0E9F860BB062CCE
:10A030002AD86C4B01221A701CB0BDE8F08110F0D8
:10A040000100EBD1591C5070DCD1644F3B78002BE0
:10A05000E7D1DFF8E88198F80030022B73D0402C6C
:10A0600000F28280604904220BA846F0C8F8B0B91B
:10A070005E4C237803F0FF05002B4BD05C495D4814
:10A0800004222EF091FBD7E75B4E338814FA83F35A
:10A09000B3F5805F49DD594B01221A70CCE758496E
:10A0A00004220BA846F0ABF8D8B1564907220BA8FA
:10A0B00046F0A5F8002840F0C7809DF83330202BEB
:10A0C0000DF1330003D110F8013F202BFBD01821F4
:10A0D00012F05AF898B94C494C4809222EF064FB0A
:10A0E000AAE79DF83030202B0CA803D110F8013FCF
:10A0F000202BFBD0182112F047F8002834D03B4C1D
:10A10000237803F0FF052BB13949404804222EF093
:10A110004BFB91E73E4B40220BA9184646F081F8D5
:10A12000012280F84050227086E73A4B3088294659
:10A1300013FA80F0224645F049F8338814FA83F385
:10A140009BB2338078E7082C14D833490BA846F02B
:10A150002BF820B131490BA846F026F850B921461A
:10A160000BA8FFF73BFE67E72D49284805222EF094
:10A170001BFB61E798F80030022B7FF45DAF294BA1
:10A180001A7802F0FF00002A7FF456AFDFF8B080A3
:10A19000254AD8F8007012682744974200F2C4801C
:10A1A000224A234ED2F800C0318814FA81F1B1F569
:10A1B000805F40F2BF80DFF88CC0DCF80010013116
:10A1C00000F0CA801B4A1C49116001221A7033E753
:10A1D00028E1002096900020090040009080002097
:10A1E000243B0700DD9200203C3B0700F96C002077
:10A1F00020400700D0E3002094900020338000200E
:10A20000443B07004C3B0700543B070098E4002008
:10A210009C6B002094800020D03A0700E03A0700B1
:10A22000343B0700A4B30020FC6C002040C4002095
:10A2300044C40020E06B00202C3B0700A5B30020A5
:10A24000207D0020B8600020A7490BA845F0ACFF96
:10A2500000285CD0A54905220BA845F0D0FF0028B6
:10A2600055D0A34905220BA845F0C9FF00284ED0C0
:10A27000A0490BA845F098FF002848D09E490BA89C
:10A2800045F092FF00287AD09C490BA845F08CFF3E
:10A29000002874D09A4905220BA845F0B0FF002889
:10A2A00000F0AA80974906220BA845F0A8FF0028D5
:10A2B00000F0A280944905220BA845F0A0FF0028D9
:10A2C00000F0CD80914906220BA845F098FF0028A8
:10A2D00000F0C5808E4905220BA845F090FF0028AC
:10A2E00000F09D808B4906220BA845F088FF0028CE
:10A2F00000F0958088490BA845F056FF00284BD008
:10A300000BA8FFF72BFD00283FF496AE27E7834C00
:10A31000237803F0FF050BB9814BFCE681498248A5
:10A3200005222EF041FA87E6804A81491160012218
:10A330001A7081E67F4B03EB0C333088294613FA01
:10A3400080F0224644F042FF3388C8F8007014FAC7
:10A3500083F39BB233806FE63188DFF818E2754BE8
:10A3600089B2AEF800101168CCF80010116881F0C5
:10A37000010111603080126803EB0233DDE76E4C9F
:10A38000237803F0FF05002B3FF4C4AE6B49664809
:10A3900009222EF009FA4FE6694B186843F05AFF7C
:10A3A00003AE04460D4645EC104B32460221042014
:10A3B00039F054FF48A3D3E900232046294643F04F
:10A3C000E9FD47A3D3E9002343F09CFF44F04AFA98
:10A3D0006428A8BF642020EAE0735A4A0096182136
:10A3E00005A845F011FE05A845F001FF05A982B2B8
:10A3F0004D482EF0D9F91FE69DF82D30532B0CBF98
:10A40000062005200BAB1844182111F0BDFE0028D2
:10A41000B5D14D4944480D222EF0C6F90CE64B4DFE
:10A420002B7803F0FF07002BB0D19DF82D30532B74
:10A430003ED00DF131042046182111F0A5FE002870
:10A44000E7D021463E46424B424C18221846267021
:10A4500045F0E7FE0021012201762A70ECE53B7809
:10A46000002B93D13C4B1D78002D8FD19DF82D30C2
:10A47000532B27D00DF131042046182111F084FE12
:10A480000028C6D021462E46344C354B354D1E7023
:10A490001822204645F0C5FE334E34483449002387
:10A4A0000122338023762B7003700A703A70C3E563
:10A4B0000DF132042046182111F066FE0028A8D0C4
:10A4C0002146C0E70DF132042046182111F05CFE50
:10A4D00000289ED02146D7E76666666666660A4013
:10A4E000721CC7711CC75B40603B0700683B0700DC
:10A4F000703B0700783B0700883B0700903B070054
:10A50000A43B0700AC3B0700C43B0700CC3B070063
:10A51000D43B0700DC3B0700E43B07009E90002093
:10A5200044800020803B070098E40020E06B00207E
:10A53000FC3A0700FC920020F96C0020983B0700D1
:10A5400024F50020EC3B0700B43B0700A09200205C
:10A55000C4920020287D002029E10020E092002004
:10A56000297D00203380002094900020DD9200207F
:10A5700034800020386B0020124B13490122002048
:10A5800030B45A600325DA600424C3F8040541F2AC
:10A590008830C3F80855C3F810454FF48035C3F828
:10A5A000400560244FF08060C3F80022C3F80453D4
:10A5B00081F81A43C1F880010860044930BC0A7070
:10A5C0001A60704700A0014000E100E0116D00201A
:10A5D00070B5304C304D314882B011F0FBFD40F287
:10A5E0004C43032201212E48C4F800561DF0A2F965
:10A5F0002C4BC4F8005640F24C461978284840F2DB
:10A600004C4303221DF030FF33460322042124482B
:10A61000C4F800561DF062FAC4F800560323002265
:10A6200001211F4800961DF09BFAC4F80056032331
:10A63000012200211A4800961DF092FAC4F8005633
:10A64000032302220021164800961DF089FA0323F5
:10A650001A46C4F800560021114800961DF080FAF1
:10A66000C4F80056032300210D48009606221DF071
:10A6700077FA0D4BC4F80056197809B102B070BDD5
:10A680003346032206481DF08FFDC4F8005602B081
:10A6900070BD00BF000001403546526E006D0020C5
:10A6A00070FF00202C6200202D620020104A114B08
:10A6B000114810B50021114C11704FF47A621960E5
:10A6C000216044F0ABFD0E48037C6BB90D4C3BF0B0
:10A6D000DFFE2068022112F0CFFE08B100232360C4
:10A6E000BDE810403BF0DEBE103024F09BFBEDE7F0
:10A6F000E00501202CF500207CE500201CF5002061
:10A70000EC01012020E200202DE9F0430024BDB03F
:10A71000374B049401464FF47A75224607A8ADF8EA
:10A720001C408DF81E400595039324F0B9FD20B917
:10A73000002528463DB0BDE8F0832E494FF48062E5
:10A7400007A824F00DFE064607A824F06BFBB6F51B
:10A75000806FEDDB284E009502A9019125480294F7
:10A76000334610AA4FF4806111F0E6FA054600283E
:10A77000DFD0224BDFF89880214FDFF8989010A9A6
:10A780001846172245F04DFD03461F22404616A9E4
:10A79000DC7545F046FD88F81F403846DFF87880C4
:10A7A0001F221EA945F03DFDFC770F22154F26A95B
:10A7B000484645F036FD0F222AA9404689F80F4049
:10A7C00045F02FFD0F2238462EA988F80F4045F09E
:10A7D00028FD029A0C4BFC731A6012B1013A56F82C
:10A7E00022200A4B28461A603DB0BDE8F08300BF26
:10A7F0005C4D07009CC400207CE50020E8E20020BE
:10A80000C8E2002020E300201CF500202CF50020E9
:10A8100000E3002030E30020B8E2002070B50C4EC9
:10A8200005463BF035FE3068294612F00DFE044621
:10A8300020B93BF037FE3368204670BD29463068AA
:10A8400012F012FE30603BF02DFE204670BD00BFBE
:10A8500020E2002030B5254B1C788BB004BB0546A8
:10A860000320FFF7DBFFD8B12149ADF8044001A870
:10A8700023462A468DF8064024F00AFDB8B11C494B
:10A88000ADF804402A46012301A88DF8064024F0C3
:10A89000FFFCF8B91749184807222DF085FF0BE097
:10A8A0001649154804222DF07FFF0BB030BD144926
:10A8B000114809222DF078FF124C3BF0E9FD206889
:10A8C000032112F0D9FD08B1002323603BF0EAFD1B
:10A8D0000BB030BD01A825F033FE0028DAD00A49BC
:10A8E000054807222DF060FFE6E700BF29E10020C0
:10A8F00050660020F83B070098E400202040070045
:10A90000543B070020E20020003C070010B5084C33
:10A9100082B001903BF0BCFD2068019912F0ACFDC3
:10A9200008B10023236002B0BDE810403BF0BABD7F
:10A9300020E20020F8B51649164C174A174F184E5A
:10A94000184D194800233B70337023700B70174C5F
:10A9500013701749174A2B70174D236013600B8033
:10A96000164C1749027C2B604FF0FF3525600B8099
:10A970004AB9144C237803B9F8BD0320FFF7C6FF8A
:10A9800000232370F8BD103024F04CFAF1E700BF2B
:10A99000FB6C0020DD6B0020FA6C0020A5B30020CA
:10A9A000456B0020A4B3002020B3002040C4002049
:10A9B00044C40020E06B0020207D0020B86000200F
:10A9C000386B0020FEB3002008B5082209490A4868
:10A9D0002DF0EAFEFFF7AEFFC82039F061FCFF2141
:10A9E0000020FCF787FC57210020FCF781FCFCF7D6
:10A9F00069FC00BF083C070098E400202DE9F04303
:10AA0000394B3A4E3A491C683A4B3B4F0128BDB08E
:10AA10000ABF374688469846002C4CD1054603208D
:10AA2000FFF7FCFE002846D0344B354A354E3649F8
:10AA30000194012D18BF1A4604A823464FF47A75D5
:10AA4000ADF810408DF812400295009624F020FCDD
:10AA50009DF81030002B39D0DFF8B49002E011A837
:10AA600024F0E0F9002204A911A8CDE90E45ADF8C3
:10AA700044408DF846400D9624F030FF9DF8443058
:10AA80000BB313F0D00FEAD11AA9402211A826F077
:10AA90007BF91AAB2AA83A46462145F0B5FA431E7F
:10AAA000442BDCD882B22AA948462DF07DFE0A202C
:10AAB00039F0F6FBD3E7154915480C222DF074FE4A
:10AAC0003DB0BDE8F08304A824F0ACF90320FFF703
:10AAD0001DFF404645F08BFB414682B20C482DF0ED
:10AAE00063FE3DB0BDE8F08320E20020283C070073
:10AAF000203C0700343C0700143C0700D84E0700F8
:10AB0000385307005C4D0700506600203C3C0700AE
:10AB100098E400202DE9F0473B4B1C68ADF5287DFB
:10AB200024B90320FFF77AFE054640B93749384873
:10AB300004222DF039FE0DF5287DBDE8F08723466F
:10AB4000344E354A354904944FF47A7707A8ADF866
:10AB50001C408DF81E400597039624F099FB9DF844
:10AB60001C30002B4BD0DFF8C090DFF8C0802C4F9A
:10AB700002E014A824F056F900224FF47A7307A9D2
:10AB800014A8CDE91062ADF850208DF85220129330
:10AB900024F0A4FE9DF8504014B314F0D004E8D182
:10ABA0000DF1740A51464FF4807214A826F0ECF8A7
:10ABB0001B9A0192002D14BF4B4643463A464FF470
:10ABC0009671CDF800A05DA845F01EFA5DA982B28D
:10ABD0000F482DF0E9FD0A2039F062FB2546C8E751
:10ABE00007A824F01FF90320FFF790FE0D4908483D
:10ABF00003222DF0D9FD0DF5287DBDE8F087032057
:10AC0000FFF784FE92E700BF20E20020204007000B
:10AC1000D0E300205C4D0700683A07005066002032
:10AC2000503C07005C3C0700B46507004C3C070043
:10AC3000F0B52E4E337C8FB00446002B51D103204B
:10AC4000FFF7ECFD002845D000272246284C294973
:10AC500001943B464FF47A7505AC05A8039502971D
:10AC6000ADF814708DF8167024F012FBA446BCE801
:10AC70000F00214D029C74600FC5BCE80F000FC58A
:10AC8000DDE90321337CDCF800002860C6E90221FD
:10AC9000B3B11A48F36A1A4A1A49036001201760CF
:10ACA0000870194A202101A845F0AEF901A845F025
:10ACB0009EFA01A982B215482DF076FD0FB0F0BDC5
:10ACC0000320FFF723FE1249104805222DF06CFDEA
:10ACD0000FB0F0BD0F490D4804222DF065FD0FB0F7
:10ACE000F0BD06F1100024F09DF8A8E7E8E0002090
:10ACF0005C4D070050660020F8E000201CE10020B9
:10AD0000E0E0002029E10020603C070098E40020FA
:10AD1000343B0700204007002DE9F04F1F4C85B061
:10AD200004F26C4980464F4604F2444BA246032588
:10AD300001AEFF220023CDF80880ADF80420039374
:10AD400096E80E00384627F0BDFA94F87E34134892
:10AD5000C4F8689401223946BBB926F0C7FA60B13D
:10AD6000584624F05FF80E48514624F0DBFA60B1F3
:10AD70000C4B1C6005B0BDE8F08F03460246394617
:10AD8000064826F0B3FA0028EAD1642039F088FAA0
:10AD9000013DCED1284605B0BDE8F08F50660020B9
:10ADA000946A0020643E012010B52048204A037CAC
:10ADB000002111705BBB1F4A1F4B002414701C70D4
:10ADC000FFF7B8FD1D4A1E4B1E48147021461C702B
:10ADD0002CF0F4FE1C482FF0CFFEF8B919482CF0E7
:10ADE000B3FF194800212FF09DFE174800212FF0D6
:10ADF0009DFE01210C203CF0A9FD1449144A154880
:10AE00000023BDE810400B701370FFF785BF1030B2
:10AE100024F008F80320FFF779FDCCE70A482FF06B
:10AE2000DFFE014608482FF0C5FED7E7E8E0002026
:10AE3000DCE0002029E1002096900020F96C002041
:10AE40009E9000200C510120CC4A0120E4E000201B
:10AE500028E1002080841E00F0B5244D244F0023FB
:10AE600087B028463B70FFF757FF044610B12046D5
:10AE700007B0F0BD1F4E0495FF230590ADF80C30D0
:10AE800006F26C4506AB13E90E00284627F01AFAC5
:10AE900096F87E34C6F86854002BE8D1D6F86C34A6
:10AEA00028469B6998470028E1D0D6F8681401919C
:10AEB00023460122304626F019FA019960B10E4866
:10AEC00023F0B0FF0B4901F2444024F02BFA50B1BB
:10AED0000A4B04461E60CAE723462246304626F047
:10AEE00005FA0028EBD101233B70C0E780841E00E7
:10AEF000E105012050660020946A0020643E012094
:10AF000010B58AB000231A4A1A49ADF8043001A8D6
:10AF10008DF8063024F0BCF960B90446ADF80400A1
:10AF2000134A15498DF80640012301A824F088F83A
:10AF3000044658B10023114A0E49ADF8043001A867
:10AF40008DF8063024F0A4F9044610B120460AB06A
:10AF500010BD0A4A0849ADF8044001A801238DF844
:10AF6000064024F06DF8012420460AB010BD00BF51
:10AF7000D84E070050660020946A0020385307001E
:10AF80002DE9F04F3C4D3D4E95F800C016F80C30C1
:10AF90008DB05BB302ABDFF8FCA0DFF8FC90DFF80C
:10AFA000FC80DFF8FCB001930AEB0C130FCB019C83
:10AFB00019F80CE058F82C7084E80F008CF00100B0
:10AFC00000232870714606AA2046CDE90633CDE954
:10AFD0000833CDE90A3306F80C3012F0C1FA58B93B
:10AFE00095F800C016F80C30002BDDD1244B1B78EF
:10AFF0002BBB0DB0BDE8F08F0DF1180EBEE80F00B1
:10B00000DFF8A0C01F4CACE80F009EE803004CF82E
:10B01000040B1D488CF8001001230370BDF82A10A2
:10B0200027603A46584612F02DFB95F800C016F8F6
:10B030000C30002BB8D1124B1B78002BD9D039F033
:10B0400023F9114B1A78034692B9024647F22F5161
:10B050008A42CED90D4C22689A1A8A42C9D90C4824
:10B0600023602EF009F9002109482EF0E3F8C0E72B
:10B07000044A1268821AE9E71C6B0020FCB3002026
:10B0800036800020A0B30020F86C0020986B0020D0
:10B0900068510120FCB200201CB3002098B30020AE
:10B0A00034C40020206B002070B5144C237813B9F1
:10B0B0009FED130A70BD134D2E6839F0E5F8014677
:10B0C000304612F0C9FA0028F2D023781BB90E4B93
:10B0D00093ED000A70BD2C6839F0D6F80146204681
:10B0E00012F0BAFA0028F2D039F0CEF8014607483B
:10B0F00012F0D2FA0028EAD1DAE700BFF86C00209B
:10B100000000C07FA0B30020206B002034C40020CA
:10B1100070B5144C237813B99FED130A70BD134D0D
:10B120002E6839F0B1F80146304612F095FA002841
:10B13000F2D023781BB90E4B93ED010A70BD2C6839
:10B1400039F0A2F80146204612F086FA0028F2D023
:10B1500039F09AF80146074812F09EFA0028EAD121
:10B16000DAE700BFF86C00200000C07FA0B3002029
:10B17000206B002034C4002070B5144C237813B920
:10B180009FED130A70BD134D2E6839F07DF801460E
:10B19000304612F061FA0028F2D023781BB90E4B2A
:10B1A00093ED020A70BD2C6839F06EF80146204616
:10B1B00012F052FA0028F2D039F066F8014607483A
:10B1C00012F06AFA0028EAD1DAE700BFF86C002032
:10B1D0000000C07FA0B30020206B002034C40020FA
:10B1E0002DE9F04F9A4C9B4A94F828302DED0A8BAC
:10B1F0000021ADF5277D1170002B00F08980964D60
:10B200002E68002E00F0E280944B94ED042A197809
:10B21000D4ED052A94ED000B94ED021B002940F0BB
:10B22000EC8030468DED121B8DED100BCDED152A07
:10B230008DED142A1EF004FB9DED121B9DED100BED
:10B24000DDED152A9DED142A28681EF00DFC94F8FA
:10B250002830002B5CD0824B1B78002B46D0814BD2
:10B260001B78002B42D0804E3378002B59D02069B8
:10B2700042F0F0FF02460B46A06943EC182B42F067
:10B28000E9FF02460B466069676A43EC1A2B42F0FD
:10B29000E1FF6DA3D3E9002343F034F894ED00CB34
:10B2A00094ED02BB56AD41EC190B284685ED089B89
:10B2B00085ED048B85ED06AB85ED00CB85ED02BBFE
:10B2C000AF6211F099F9002840F0E080674D38F046
:10B2D000DBFF2A6842F21073801A984206D938F0D0
:10B2E000D3FF034662482B6024F090FB6069614CF9
:10B2F00042F0B0FF54A3D3E9002343F003F843F036
:10B30000F9FA20600DF5277DBDEC0A8BBDE8F08FC2
:10B31000534B1B78002BE9D0524B1B78002BE5D008
:10B32000514E3378002BE1D194F82930002BDDD039
:10B33000514D38F0A9FF2B68C01AB0F57A7FD5D3EC
:10B3400038F0A2FF034601202B60FFF767FA0028C0
:10B35000CCD094F82F2094F82E3094F8310094F843
:10B3600030100291CDE900320390444FA38D444A3E
:10B37000502166A844F048FE66A907F1100040F28B
:10B38000016223F08DFF3B7C002B00F0DA8156AD8B
:10B39000284640220A2143F041FF07F110084FF4EC
:10B3A00080673F2F3A462946404640F2A08140221E
:10B3B00024F090FB402840F0C181403FF1D1314959
:10B3C0002E4837F0D1FF012333708FE72E4D2E68C2
:10B3D000002E3FF440AF214B197849BB304622F094
:10B3E000DDFC94ED021B94ED000B2868D4ED052ADA
:10B3F00094ED042A22F028F829E794F83110A38E5E
:10B4000094F8322094F83000CDED152A8DED121B02
:10B410008DED100B8DED142A10F076FF9DED100BC5
:10B420009DED121B9DED142ADDED152A0146F8E66F
:10B4300094F83110A38E94F8322094F8300010F074
:10B4400063FF0146CAE700BF0B410E4A9869F23F0D
:10B45000F0E4002028E500201CE200203CE500206C
:10B46000F005012040E30020E205012028F500203E
:10B4700038E2002070E5002030F5002028E20020AE
:10B48000A83C0700C83C0700080601203AAA08218A
:10B49000B0EE4C0AF0EE6C0A012038F0DFFEB0EEA0
:10B4A0004B0AF0EE6B0A40AA0821012038F0D6FEC4
:10B4B000B0EE4A0AF0EE6A0A012117AA084638F0EF
:10B4C000CDFEB0EE490AF0EE690A32AA022101204F
:10B4D00038F0C4FEB0EE480AF0EE680A36AA02213F
:10B4E000012038F0BBFEE06942F0B4FE1AAA41EC3C
:10B4F000100B0221012038F0B1FE206A42F0AAFEB2
:10B500001DAA41EC100B0221012038F0A7FE8F4B41
:10B51000186842F09FFE20AA41EC100B0321012085
:10B5200038F09CFE8A4B186842F094FE23AA41EC46
:10B53000100B0321012038F091FE864B186842F071
:10B5400089FE26AA41EC100B0321012038F086FE6B
:10B55000FFF7AAFD10EE109AFFF7DAFD10EE10AA21
:10B56000FFF70AFE09F0FF42B2F1FF4F10EE10BAEA
:10B5700000F0C380484642F06DFE0DF1A40941EC95
:10B58000100B012108464A4638F068FE48460B2158
:10B5900011F0C8F8002800F0B7800AF0FF42B2F1BD
:10B5A000FF4F00F0C080504642F054FE0DF1B00A4B
:10B5B00041EC100B01210846524638F04FFE504630
:10B5C0000B2111F0AFF8002800F0B4800BF0FF421F
:10B5D000B2F1FF4F00F09C80584642F03BFE0DF167
:10B5E000BC0B41EC100B012108465A4638F036FEE0
:10B5F00058460B2111F096F8002800F090803AABE5
:10B600004C9340AB4D9317AB4E9332AB4F9336AB4D
:10B6100050931AAB51931DAB529320AB539323AB72
:10B62000549326AB0DF59878559358F8040B1421D4
:10B6300011F078F800283FF449AEA845F5D1464B03
:10B640001B78002B3ED10020014646AA182310F09B
:10B6500075FF424B424D1A68089226A90B9123A907
:10B660000A9120A909911DA907911AA9069136A945
:10B67000059132A9049140A903913AA9029117A911
:10B68000CDE90071CDE90C9A4FF48071354ACDF8BF
:10B6900038B046AB66A844F0B7FC66A9284637F038
:10B6A000D3FE00287FF412AE2F4A2B7C107030702E
:10B6B0000BB1FDF74DFD2D4823F0B4FB0120FFF742
:10B6C00025F903E694F8322094F83130A08DA18E4C
:10B6D0000291CDE9003200F5FA6094F8303094F828
:10B6E0002F2094F82E1080B210F020FEADE724F049
:10B6F000F1F9B84222D1403F53E6C9F31603002BBB
:10B700003FF438AF0DF1A409194BC9F8003044E7F4
:10B71000CBF31603002B3FF45FAF0DF1BC0B144BC2
:10B72000CBF800306BE7CAF31603002B3FF43BAFB6
:10B730000DF1B00A0E4BCAF8003047E70B4823F072
:10B7400071FB0120FFF7E2F8D0E500BFD4DC002058
:10B75000D8DC0020DCDC00203CE5002010060120C5
:10B7600028E20020783C070040E3002038E2002077
:10B770006E616E000D4B1B780BB9002070470C4BAF
:10B7800010B51C6838F080FD0146204611F064FFBA
:10B7900048B138F079FD0146064811F07DFF80F090
:10B7A0000100C0B210BD002010BD00BFF86C002029
:10B7B000A0B3002034C400202DE9F043B84EB94DA9
:10B7C00033782A789A42A1B0D8B200F28B812B78D4
:10B7D000C31ADBB2002B00F02B812978B24A01F0AA
:10B7E0000F01012B52F82110009100F08D80297873
:10B7F000013101F00F01022B52F82110019100F0EC
:10B8000083802978023101F00F01032B52F82110B7
:10B81000029179D02978033101F00F01042B52F8FD
:10B820002110039170D02978043101F00F01052B0C
:10B8300052F82110049167D02978053101F00F01E9
:10B84000062B52F8211005915ED02978063101F0BF
:10B850000F01072B52F82110069155D02978073196
:10B8600001F00F01082B52F8211007914CD02978D4
:10B87000083101F00F01092B52F82110089143D033
:10B880002978093101F00F010A2B52F82110099192
:10B890003AD029780A3101F00F010B2B52F8211010
:10B8A0000A9131D029780B3101F00F010C2B52F89D
:10B8B00021100B9128D029780C3101F00F010D2BAC
:10B8C00052F821100C911FD029780D3101F00F0191
:10B8D0000E2B52F821100D9116D029780E3101F05F
:10B8E0000F010F2B52F821100E910DD029780F3136
:10B8F00001F00F01102B52F821100F9104D02B787A
:10B9000003F00F0352F82330DFF8B4C1DFF8CCE1C5
:10B910009CF800402870013BDBB201AA02EB8307D0
:10B92000DEF80000614A6B46002C40F0F48010788D
:10B9300000F0FF01002840F0A98018680C4604338D
:10B94000BB421ED092F800801968B8F1000F40F099
:10B95000A080DFF88C81D8F80090A1EB0008C145E9
:10B9600000F292805248804500F28E8020A800EBC1
:10B97000840904330134BB42084649F8408CE4B2E0
:10B98000E0D10123CEF800008CF80030002C4FD01D
:10B99000012C109B39D9119A022C134435D0129ADC
:10B9A000032C134431D0139A042C13442DD0149A31
:10B9B000052C134429D0159A062C134425D0169A29
:10B9C000072C134421D0179A082C13441DD0189A21
:10B9D000092C134419D0199A0A2C134415D01A9A19
:10B9E0000B2C134411D01B9A0C2C13440DD01C9A11
:10B9F0000D2C134409D01D9A0E2C134405D01E9A09
:10BA00000F2C13441CBF1F9A9B1807EE903A07EEA9
:10BA1000104A284AF8EE677AB8EE470AD2ED000AD3
:10BA200087EE800A11F0DEFE2348214611F0AAFEBF
:10BA3000224B1A781AB1224900220A701A70214A40
:10BA4000214B1468DB68D90103D5204B1A68D20753
:10BA50004ED439F031FE1E4B1E4AA0FB0301830A6F
:10BA600043EA81531B1B934248D8134A1A4BD2ED29
:10BA7000007AB6EE007A77EE877AFDEEE77AC3EDCC
:10BA8000007A21B0BDE8F083084658E718681470C2
:10BA900055E74FF00008084682F800804FE700BFE6
:10BAA000540601205606012014060120D060002013
:10BAB00080841E00C8600020BC6000205506012064
:10BAC000F99200200C060120F0ED00E0001000E0EB
:10BAD00040420F0020A107001006012088800020AE
:10BAE000CC6000202A7800F110039B1ADBB271E6CB
:10BAF0005B680A4A9B091B1B9342B6D9084811F0A0
:10BB000039FE084B084A0121197033780021DBB255
:10BB10002B701170A9E7002414E700BF20A10700D3
:10BB2000BC600020D0600020F992002038B5234D81
:10BB30002C782CB94FF08043D3F83834DB0701D48C
:10BB4000204638BD0520FEF769FE0028F8D01C48C5
:10BB5000FFF7E2F810B91B48FFF7DEF81A4BD3F8ED
:10BB6000680403689B699847024600B34FF400736A
:10BB70001648002127F08AFA14480122002127F0F4
:10BB80008DFA124827F09CFA044658B1104827F065
:10BB900025F8322038F084FB0D4827F021F80123E6
:10BBA0002B70CDE702460146084827F077FA054892
:10BBB000FFF7B2F80520FEF7A9FEC1E7B239012070
:10BBC00000127A0080841E0050660020A8B3002076
:10BBD0008C3E0120002238B51148124D114627F045
:10BBE0005DFA38F051FB044608E038F04DFB2B6855
:10BBF000C01A632808D8052038F052FB38F044FBFF
:10BC0000001BB0F57A7FF0D3074BD3F868040368C4
:10BC1000DB699847322038F043FBFBF753FB00BF4A
:10BC2000A8B30020147D0020506600202DE9F843C1
:10BC30000B8D0C464FF6FF718B42054610D0226AE1
:10BC40008380D90902EBC10203F07F03526802EB43
:10BC5000C30132F83330016023852846BDE8F883FC
:10BC60001646A28C002A30D1E38C002B00F089808C
:10BC70000123276ADFF87491A3844FF480604FF0AA
:10BC8000800833681B684B4577D138F025FBA38CBF
:10BC9000246A7860013B9BB204EBC30100284A6828
:10BCA00008BF4FF000080020A7F80080788022B17C
:10BCB00034F83340488884422CD800224FF6FF7372
:10BCC0002A60AB802846BDE8F883276A531E9BB2E2
:10BCD00007EBC30CBE46DCF8040028B1BCF8021028
:10BCE00037F8338088451ED8E38C9A4227D0DFF896
:10BCF000FC90531C9BB2B3F5007F0EEBC207A384EC
:10BD000015BF4FF480604FF47E704FF080084FF005
:10BD10007F08B6E702EBC00200EBC31301302A60D4
:10BD2000AB80488099E700EBC10001EBC313013100
:10BD30002860AB80ACF802102846BDE8F883B3F564
:10BD4000007FBAD05B00A7421FFA83F833681AD08D
:10BD500025489B6883424FEAC8013AD1384644F0EF
:10BD60003BF98646BEF1000FA7D0DFF88090A28C89
:10BD7000C4F820E0A4F82680BBE701463046984787
:10BD800085E7276ADEE7DFF864901B684B454FEADA
:10BD9000C80024D138F0A0FA8646BEF1000F8CD03E
:10BDA00021686268A368E068CEF80C00CEF8001045
:10BDB000CEF80420CEF8083021696269A369E069F1
:10BDC000CEF81C00CEF81010CEF81420CEF81830A3
:10BDD000CDE70A463046394698478646C2E70146CF
:10BDE000304698478646D8E7097602001976020061
:10BDF0002DE9F04F80468B4658F8043B98E8070041
:10BE000093F83C4093B006AF0DF12409202C87E84D
:10BE1000070089E8070062D10CAC84E8070094E8C9
:10BE200007000FAC84E8070000900446002856D0B5
:10BE30001D8F4FF6FF72954251D0DB6AE90903EB83
:10BE4000C10105F07F05496811EBC50547D0109980
:10BE5000EE880292481E22184FF0010A2C460395E4
:10BE600004963546CDF8148001921E468846BAF1F4
:10BE7000000F11D1029B9D4231D0E80906EBC000B2
:10BE800005F07F05446814EBC50428D08AF0010A48
:10BE9000E588BAF1000FEDD0207904283CD00528C0
:10BEA00036D002281FD0B8F1000FE3D12A464FF652
:10BEB000FF718A423346DDF81480DDE903560ED067
:10BEC000D00903EBC00002F07F02416811EBC20110
:10BED00005D00A79111F012925D9022A23D05846F5
:10BEE00013B0BDE8F08F204644F081F94045C1D140
:10BEF000B8F1000FDAD0009B013C581E10F8012F5A
:10BF000014F8013F9A42B5D1019B8342F6D1CDE7A7
:10BF10002468E0880834E9E724682046002CE5D04E
:10BF200044F065F9E2E798E807000CAC84E8070004
:10BF300087E8070089E8070094E807000FAC84E869
:10BF40000700804600283ED0109C671E0744BB4671
:10BF5000274654464FF6FF799A467CB94E4532D073
:10BF6000F3090AEBC30306F07F065D6815EBC6050F
:10BF700029D084F00104EE88002CEFD02B79042B1B
:10BF800027D0052B3ED0022B38D0002FE6D14FF61C
:10BF9000FF729642534616D0F20903EBC20306F035
:10BFA0007F065A6812EBC60B99D09BF80430042B1D
:10BFB0002CD0052B2DD0022B18BF4FF0000B58466C
:10BFC00013B0BDE8F08F4FF0000B584613B0BDE83A
:10BFD000F08F2D6828460DB144F009F9B842BDD163
:10BFE000002FD4D0681E08F1FF3313F8011F10F89A
:10BFF000012F9142B2D15B45F7D1C8E7284644F002
:10C00000F6F8EBE72D68E8880835E7E752F836B030
:10C0100065E752F8363003F1080B60E72DE9F04789
:10C02000056804460E46002972D0084644F0DFF841
:10C030008046002D58D02B79202B55D1002E53D07F
:10C040002B884FF6FF77BB424ED06268D2F82C9017
:10C05000D90909EBC10103F07F024B6813EBC2035E
:10C0600042D04FF0010ADD88BAF1000F10D1BD4275
:10C070003AD0EA0909EBC20205F07F05536813EBD9
:10C08000C50331D08AF0010ADD88BAF1000FEED085
:10C090001A79042A35D0052A2ED0022A27D000206A
:10C0A00004468045E3D1B8F1000F0BD0721E631E29
:10C0B00002EB080112F8014F13F8010F8442D6D1A8
:10C0C0008A42F7D14FF6FF739D420DD0EB0909EB81
:10C0D000C30905F07F05D9F8040000EBC505281E4B
:10C0E00018BF0120BDE8F0870020BDE8F0871846A2
:10C0F0001C4644F07CF8D4E71B68D88803F1080498
:10C10000CFE71C682046002CCBD044F070F8C8E77D
:10C1100088468EE7000000008368002B00F0F68060
:10C120001A79402A40F0F2802DE9F04F1B884FF633
:10C13000FF77BB428FB01CD0D0E90324D56ADA095F
:10C1400005EBC20203F07F03526812EBC30310D069
:10C15000DA881CB912E0013CDA880FD0D109BA4262
:10C1600005EBC10102F07F0603D04B6813EBC60359
:10C17000F1D19FED950B0FB0BDE8F08F143007C8DB
:10C180001E7901AC84E80700202E04AC84E8070087
:10C19000EFD194E8070007AC84E807000AAC84E814
:10C1A000070082460028E4D018884FF6FF77B8428F
:10C1B000DFD0C20905EBC20200F07F03506810EB2C
:10C1C000C300D6D0DDF82C90C68809F1FF384FF0B7
:10C1D000010BD044BBF1000F10D1BE42C9D0F2090F
:10C1E00005EBC20206F07F03506810EBC300C0D01D
:10C1F0008BF0010BC688BBF1000FEED00279042A48
:10C200007DD0052A77D0022A60D0B9F1000FE4D1A1
:10C210004FF6FF708642ACD0F20905EBC20206F081
:10C220007F03576817EBC301A3D00A7912F01004FB
:10C230000CD037F83340844200F0C180E00905EBB0
:10C24000C00504F07F006C6804EBC004023A1C2AAD
:10C250008FD801A050F822F017C3020073C102006A
:10C2600013C3020095C302005FC3020073C1020042
:10C2700073C1020073C102006DC3020073C10200EA
:10C280007BC3020073C1020089C3020073C10200B4
:10C2900073C1020073C1020073C1020073C10200C6
:10C2A00073C1020073C1020073C1020073C10200B6
:10C2B00073C1020073C10200A3C3020073C1020074
:10C2C000B1C3020073C102009DC30200044643F0E3
:10C2D0008EFF484581D1B9F1000F99D0601E0AF157
:10C2E000FF3212F8014F10F8011F8C427FF475AF36
:10C2F0009045F6D18CE70468E0880834E9E70468E3
:10C300002046002CE5D043F072FFE2E79FED2E0BB4
:10C31000704757F833100AA8FCF7D6FC9DF8283070
:10C32000013B032B3FF625AFDFE803F0130C0502BA
:10C330009DED0C0B1FE7DDE90C0141F0ADFF41EC79
:10C34000100B18E7DDE90C0141F0AEFF41EC100BDA
:10C3500011E70C9841F07EFF41EC100B0BE717F84A
:10C36000330041F055FF41EC100B04E757F8330060
:10C3700041F04EFF41EC100BFDE657F8330041F061
:10C3800057FF41EC100BF6E6086841F063FF41EC03
:10C39000100BF0E657F833100831BCE794ED000BB2
:10C3A000E9E6D4E9000141F077FF41EC100BE2E649
:10C3B000D4E9000141F078FF41EC100BDBE60024EA
:10C3C00044E700BFAFF30080000000000000000061
:10C3D0002DE9F04F00F10C02034607CAD3E90146EC
:10C3E0008FB001AB83E80700002C74D093E80700FE
:10C3F000257904AB202D83E807006CD107AB0AAF89
:10C4000083E8070087E807008246002863D0208879
:10C410004FF6FF7840455ED0D6F82C90C20909EB64
:10C42000C20200F07F03506810EBC30053D04FF0FE
:10C43000010B0B9EC588BBF1000F10D145454AD0BA
:10C44000EB0909EBC30305F07F05586810EBC50045
:10C4500041D08BF0010BC588BBF1000FEED0037902
:10C46000042B56D0052B50D0022B39D0002EE5D10D
:10C470004FF6FF7085422ED0EB0909EBC30305F0A0
:10C480007F055C6814EBC50125D00B7913F0100211
:10C490000DD034F83520824200F09780D00909EBA6
:10C4A000C00902F07F00D9F8042002EBC002023B71
:10C4B0001C2B10D8DFE803F0360F34595D0F0F0F37
:10C4C000640F6B0F720F0F0F0F0F0F0F0F0F0F0F68
:10C4D000780F7F0F86009FED3E0B0FB0BDE8F08F09
:10C4E000044643F084FE8642A8D1002EC0D00AF153
:10C4F000FF33601E9A1901E09A42B9D013F8014F38
:10C5000010F8011F8C42F7D098E70468E0880834DF
:10C51000E9E70468002CA9D0204643F068FEE2E772
:10C5200054F835103846FCF7CFFB9DF82830013B16
:10C53000032BD0D8DFE803F0130C05029DED0C0BA4
:10C54000CBE7DDE90C0141F0A7FE41EC100BC4E79D
:10C55000DDE90C0141F0A8FE41EC100BBDE70C98A1
:10C5600041F078FE41EC100BB7E754F83510083174
:10C57000D8E714F8350041F04BFE41EC100BACE766
:10C5800054F8350041F044FE41EC100BA5E754F897
:10C59000350041F04DFE41EC100B9EE7086841F07C
:10C5A00059FE41EC100B98E7D2E9000141F074FE0E
:10C5B00041EC100B91E7D2E9000141F075FE41EC2E
:10C5C000100B8AE792ED000B87E700226FE700BFB0
:10C5D00000000000000000002DE9F04F85B004AC21
:10C5E00004E90E00DDF80480B8F1000F47D00088A0
:10C5F0004FF6FF76B04242D00E9BD3F82C90C20982
:10C6000009EBC20200F07F03506810EBC30036D084
:10C61000029DB0F806B06F1E4FF0010A4744BAF110
:10C62000000F12D1B3452AD04FEADB1309EBC30345
:10C630000BF07F0B586810EBCB0020D08AF0010A7A
:10C64000B0F806B0BAF1000FECD00379042B31D06A
:10C65000052B2BD0022B16D0002DE3D14FF6FF7304
:10C660009B450CD04FEADB1309EBC3090BF07F0BA2
:10C67000D9F8040000EBCB0005B0BDE8F08F002036
:10C6800005B0BDE8F08F044643F0B1FDA842C9D122
:10C69000002DE3D0601E08F1FF3313F8011F10F8DE
:10C6A000012F9142BED19F42F7D1D7E70468E088BD
:10C6B0000834EBE704682046002CE7D043F097FDF0
:10C6C000E4E700BF2DE9F04184B0064604A800E984
:10C6D0000E003068DDE90187A8B17D1E4544C3889E
:10C6E000BB420DD1002F56D008F1FF33C21D01E02F
:10C6F000AB4250D013F8014F12F8011F8C42F7D013
:10C7000000680028EBD1B7F5803F4AD20A9B2E4A39
:10C710001B681B68934207F1090046D137F0DCFD26
:10C7200000283ED00123C780838000F108054FB365
:10C7300000F10C0108F10402954238BF884507F169
:10C74000FF3336D3072B34D927F003044444434640
:10C750002A4653F8041B42F8041BA342F9D1BA0736
:10C7600027F003030ED018F80320EA545A1C97420E
:10C7700008D9023318F80210A9549F4202D918F8B8
:10C780000320EA54074400233B723368036030609F
:10C7900004B0BDE8F08183880133838004B0BDE834
:10C7A000F081002004B0BDE8F08101460A98984766
:10C7B000B6E74344C21D08F1FF3818F8011F02F81C
:10C7C000011F9845F9D1DDE719760200437DDBB101
:10C7D000037D202B12D8DFE803F01F111111111176
:10C7E000111111151511111511111111111111112D
:10C7F00011111111111111111111150001230373E0
:10C80000002070470023437503695A1C02611B789E
:10C81000037501224275DCE7037B002B14BF022065
:10C8200001207047437DDBB1037D202B12D8DFE868
:10C8300003F01F11111111111111111515111115FD
:10C8400011111111111111111111111111111111D8
:10C850001111150001230373002070470023437555
:10C8600003695A1C02611B78037501224275DCE7DB
:10C87000037B002B14BF0220012070472DE9F04FED
:10C88000437D85B00446002B00F0E280057DDFF893
:10C8900014830022134662750092002B7ED0267D01
:10C8A0000023AE42637500F08380002E00F0D68036
:10C8B0005C2E00F085806768002F6FD0A168FB8830
:10C8C000994200F096800F440131A1603E72637D71
:10C8D000E3E7911C63752161537823756075002B24
:10C8E00000F0BC80402B86BF23F02003A3F137016A
:10C8F000A3F13001C8B20F2800F2A6800021D31C9A
:10C90000617523619178217501236375002900F019
:10C91000A580402986BF21F0200137393039C9B2BE
:10C920000F2900F291800026131D66752361D378CC
:10C930002375012641EA00116675002B00F08E80F8
:10C94000402B86BF23F02003373B303BDBB20F2B5D
:10C950007AD800206075501D20611279227543EA53
:10C96000011301211BB26175002A77D0402A86BFCE
:10C9700022F02002373A303AD2B20F2A64D842EA83
:10C9800003139AB202F5205189B20020B1F5806FED
:10C990001BB2607566D2C2F30903009323695A1C67
:10C9A00022611E7826750023AE4263757FF47DAF49
:10C9B0006368002B14BF0020042005B0BDE8F08F91
:10C9C0002269511C216111782175012060750029AF
:10C9D00044D075293FF47DAF704A2F2302E012F84E
:10C9E000023F8BB38B42FAD156786EB30023637546
:10C9F00061E7D4F800B04900DBF800A001F10109BB
:10CA0000B9F5803FDAF8003011D29B68644A93424E
:10CA100001F10A0138D1384643F0DEFA28B1A0F816
:10CA20000690A168606007464DE7DAF800305B6861
:10CA3000434525D1384637F069FC01238BF8043093
:10CA40000022637D626028E7032005B0BDE8F08F17
:10CA500003695A1C02611D78057518E7022005B0AC
:10CA6000BDE8F08F02F5105189B2B1F5806F10D397
:10CA70007F2A15D8D9B22046FCF76CF8637D0CE705
:10CA8000394650469847D8E70A46504639469847AF
:10CA9000C4E7009BC2F3090242EA832202F5803216
:10CAA00002F03F0363F07F038DF80930C2F38F1368
:10CAB00000211F2B8DF808104FEA92123CD902F08A
:10CAC0003F01931161F07F0113F47C7F8DF80A1010
:10CAD0004BD163F01F03DEB28DF80B6003AB03F1A3
:10CAE000FF3B019506E01F440133A3603E721BF833
:10CAF000016D4EB36768002FF9D0A368FA8893429E
:10CB0000F1D125685900D5F800A001F10109B9F566
:10CB1000803FDAF800301CD29B68214A934201F131
:10CB20000A0135D1384643F057FA80B1A0F8069093
:10CB3000A36860600746D6E762F03F02D6B28DF880
:10CB40000A600DF10B03CAE7019D637DA5E6DAF8E3
:10CB500000305B68434517D1384637F0D7FB0023D8
:10CB60004FF001022A716360C1E703F03F03C2F393
:10CB7000073263F07F0342F0F0068DF80B308DF83A
:10CB80000C600DF10D03AAE7394650469847E6E7D9
:10CB90000A46504639469847C7E700BF583D070048
:10CBA00009760200117602002DE9F047427D88B037
:10CBB00004460D46002A76D0027D202A12D8DFE8EE
:10CBC00002F07A11111111111111117070111170FF
:10CBD0001111111111111111111111111111111145
:10CBE0001111700001217B2A217300F260815A2A01
:10CBF00042D9A2F15B01202900F25981DFE811F04E
:10CC0000C0005701570157015701570157015701FC
:10CC10005701570157011C0157015701570157018F
:10CC2000570157015701210057015701570157017B
:10CC300057013A0157015701570157015701570151
:10CC40006400CF49134600200125934240F07181D2
:10CC500011F8013F6075002B00F088812269561C95
:10CC60002661127822756575002AEED14FF0020810
:10CC7000404608B0BDE8F087222A02D0272A40F0BB
:10CC8000168163680022A260002B00F048822046D3
:10CC9000FFF7F4FD804698B929462046FBF7C2FE0F
:10CCA0000EE0002262752269511C21611278227502
:10CCB0000121617581E7237B002BD7D14FF001085B
:10CCC000404608B0BDE8F087DEB220224FF0FF33C7
:10CCD0002A712B60002E00F04F81002322696375BA
:10CCE000194601201346013222611B7823756075B5
:10CCF000202B00F28D8101A757F823F06DCC0200A4
:10CD000011D0020011D0020011D0020011D0020097
:10CD100011D0020011D0020011D0020011D0020087
:10CD200089D1020089D1020011D0020011D0020085
:10CD300089D1020011D0020011D0020011D00200EE
:10CD400011D0020011D0020011D0020011D0020057
:10CD500011D0020011D0020011D0020011D0020047
:10CD600011D0020011D0020011D0020011D0020037
:10CD700011D0020011D0020011D0020089D10200AE
:10CD800040214FF0FF32DBB229712A60002B00F006
:10CD9000F38000212269617508460126114601329F
:10CDA0002261097821756675202900F2EF8001A7BC
:10CDB00057F821F06DCC02008DCF02008DCF02001C
:10CDC0008DCF02008DCF02008DCF02008DCF0200EB
:10CDD0008DCF02008DCF02008DD102008DD10200D7
:10CDE0008DCF02008DCF02008DD102008DCF0200C9
:10CDF0008DCF02008DCF02008DCF02008DCF0200BB
:10CE00008DCF02008DCF02008DCF02008DCF0200AA
:10CE10008DCF02008DCF02008DCF02008DCF02009A
:10CE20008DCF02008DCF02008DCF02008DCF02008A
:10CE30008DCF02008DD1020000232B70637D06216F
:10CE40002971002B00F0BB81237D4E49002B3FF45C
:10CE50000DAF9A426DD111F8012F00236375002A9E
:10CE600000F084802369581C20611B782375012001
:10CE70006075EBE701232B70637D06212971002B80
:10CE800000F09F81237D4049002B3FF4EFAE934299
:10CE90004FD111F8012F00236375002A66D0236952
:10CEA000581C20611B78237501206075ECE7002376
:10CEB0009E4604F11B014FF0010C15E0392A03D9FD
:10CEC00002F0DF00452817D13F2B03F1010013D0FA
:10CED00084F815E001F8012F2269C3B2501C2061CB
:10CEE0001278227584F815C02F2AE7D82B2AA2F1D0
:10CEF0002D00E9D00128E7D9234400221A7704F154
:10CF00001C0104A8FBF7E0FE9DF8108008F1FF3338
:10CF1000032B0ED8DFE813F0140127011B011300C7
:10CF2000392940F295805E2940F28D807A2940F2BD
:10CF30008F804FF00308404608B0BDE8F087DDE978
:10CF400006673946304641F0D5FC824641F082F909
:10CF500002460B463046394641F03CFC81460028EB
:10CF600000F057810E23C5F800A02B714FF0000888
:10CF7000404608B0BDE8F0874FF00508A0E600BFC6
:10CF80007C3D0700743D07006C3D070001225D29D0
:10CF9000227339D05E1E17464FF6FF79D4F81880F9
:10CFA00004A84146FBF792F90499002900F0658135
:10CFB0006B88BDF814204B4500F00881D8F82C0090
:10CFC0004FEAD31C00EBCC0003F07F03406800EB7A
:10CFD000C303DA806A8033464FF000022046FFF731
:10CFE000E3FD804600287FF46BAE2046FFF7EEFBA2
:10CFF000804600287FF464AE637D002B00F0ED8056
:10D00000237D5D2B40F0D58000206075804657E67B
:10D0100001227D2B2273F7D017464FF00009636879
:10D02000C4F80890002B00F0F080637D002B00F026
:10D03000AF80217D272900F0B480222900F0B18043
:10D040002F293FF66DAFA1F14103192B3FF671AFC8
:10D0500084F815902046FBF77DFD637D002B00F0E2
:10D060000F81217D2F29A1F1410300F2C480192BEA
:10D07000EED96368002B00F000812046FFF7A6FB85
:10D08000804600287FF41CAE637D002B00F0AC804E
:10D09000237D3A2B7FF44DAFD4E90132134484F859
:10D0A000159083F80890D4E90132D4F818808DF8EF
:10D0B0001890083304930592CDF8008004AB0ECB92
:10D0C0002846FFF789FA0290002800F0E7804146E1
:10D0D000FBF78AFD0299731E4FF000022046FFF70E
:10D0E00063FD804600287FF4EBAD2046FFF76EFB22
:10D0F000804600287FF4E4AD637D002B00F0C780FC
:10D10000237D7D2B80D02C2B7FF413AF84F81590DA
:10D110002046FFF75BFB8046002880D0D0E52668DC
:10D12000644A306803681B68934240F0A38028205B
:10D1300037F0D2F8002846D05F4B43606060A6E528
:10D14000069A2A600E232B714FF00008B8E5DDE93E
:10D150000667012F08BF002E7CD20A232E602B7198
:10D160004FF00008ACE5DDE9069A19F100464AF1F6
:10D170000007012F08BF002E5CD20C23C5F80090D9
:10D180002B714FF000089BE56175ABE5607505E616
:10D1900023695A1C226119782175272967757FF444
:10D1A0004CAF2046FFF76AFB804600283FF465AF8E
:10D1B00086E52C2B7FF4BDAE00236375EEE63F4978
:10D1C00050E63F496BE601233371B7E7002362F372
:10D1D0000F0362F31F432B60FDE623695A1C226193
:10D1E0001B78237567750CE723695A1C22611B782D
:10D1F000237567754DE739297FF62AAF5E297FF6DB
:10D2000036AF7A297FF624AF33E72046FAF7F4FCED
:10D210000BE7A16902A8FBF73DF9029B002B3FF445
:10D220004FADBDF80C202A801E212971C846C3E9E4
:10D23000006745E5A16902A8FBF72CF9029BE3B161
:10D24000BDF80C202A801C2129714FF00008C3E989
:10D25000009A35E5A16902A8FBF71CF9029B63B1AE
:10D26000BDF80C202A801A2129714FF00008C3E96B
:10D27000006725E5282198475CE74FF004081FE583
:10D2800023695A1C2261197821756775EAE62369BA
:10D290005A1C22611B782375677532E702A9424642
:10D2A0002846FBF7D5F901460028E6D02046FBF7D3
:10D2B000B9FB0FE71976020001001F00743D07005B
:10D2C0006C3D07002DE9F04F038E9BB007460446E6
:10D2D00057F80CBBADF80420884600F1380903B3B9
:10D2E0000026C36AB2460BE037F010F8E36AC5F8CF
:10D2F00000A0208EC5F804A00136B1B2884211D931
:10D30000B5B203EBC505696808460029EFD0DBF824
:10D310000030374A5B689342E6D058469847E36A44
:10D32000E5E7C36A00204FF6FF719F422086A18681
:10D330000BD0DBF800102E4D4E68AE424DD1184692
:10D3400036F0E4FF0423E7626386A16826680023C1
:10D35000237161B1264D33680A685B68A260AB42F5
:10D3600008462DD136F0D2FFA1680029F3D100255F
:10D3700084F83C509DF805308DF8185049464FF020
:10D38000000203A8CDE904558DF821500394CDF88F
:10D390001C800994FFF708FC054610B99DF8205041
:10D3A000A5B9049840B1039B11491A6813685B68DA
:10D3B0008B4216D136F0AAFF28461BB0BDE8F08F8D
:10D3C00030469847A1680029C5D1D0E794F83C5071
:10D3D00015F0080518BF0325E3E719465846B0477E
:10D3E000B0E701461046984728461BB0BDE8F08FCD
:10D3F000117602002DE9F04F93B003460021A348B7
:10D40000DFF8B4A2019322F09BF9A049A0480022C2
:10D4100022F064FA0446002840D09E4D2B68C72BAA
:10D4200039DC9D4B1B7C13F0D00625D103A998480D
:10D43000192223F0A9FC03A82E2142F005FF00B118
:10D4400006702E68954BDFF874B206EB460206EBC9
:10D45000820213440C220DEB0201184642F0E1FE59
:10D46000DBF800200027C72A077309DD013688484A
:10D470002E6021F0D7FCC8E7854821F0D3FCC4E733
:10D48000874E8348314640F6FF7221F069FF00283D
:10D490000BDC2E68EAE77E4821F0C4FC7B4821F0D3
:10D4A000C1FC012013B0BDE8F08FDFF8FC813754D8
:10D4B000B8F83030D8F80020002B00F08F810094AD
:10D4C000D8F82C303E46B94614460DE036F01EFF23
:10D4D000D8F82C30C7F80090B8F83000C7F804909E
:10D4E0000136B1B288420FD9B7B203EBC7077968EA
:10D4F00008460029EED023685B685345E6D02046F5
:10D500009847D8F82C30E5E72246009C654E00216C
:10D51000A8F83010B3424FF6FF71A8F834100CD0C1
:10D5200011684F68574540F0AD80184636F0EEFE62
:10D530000423C8F82C60A8F83230D8F80800D8F8CE
:10D540000060002388F8043068B1336802685B68C3
:10D55000C8F80820534540F08C8036F0D7FED8F844
:10D5600008000028F1D10A238DF809300023029A1F
:10D570004B494D4888F83C30FFF7A4FEC0B2002864
:10D5800087D198F83C30202B00F09C80402B80D134
:10D59000B8F838304FF6FF74A3423FF47AAFD8F8AA
:10D5A0002C60DA0906EBC20203F07F03526812EB2B
:10D5B000C3033FF46EAFDA88D309A24206EBC3037C
:10D5C00002F07F0100F1010003D05B6813EBC1039F
:10D5D000F1D100283FF45DAF344BDFF8E490CDF893
:10D5E00034800AA800270B260124CDE90E73CDF85C
:10D5F000309010968DF84440FEF78EFD2C4BCDF800
:10D6000030900AA80E9710968DF8444057EC106B96
:10D61000CDF834800F93FEF77FFD002200233046C3
:10D62000394659EC108B41F0D5F840B10022002367
:10D630004046494641F0CEF800287FF42AAFDBF897
:10D6400000401C4BC4EBC40203EBC20303A91F221E
:10D65000184642F0E6FD0134019A80F8302000219E
:10D66000C0E90867C0E90A892E68CBF80040C17795
:10D67000FCE6014630469847D8F8080000287FF4B9
:10D6800064AF70E719461046B84751E770060120AD
:10D6900054E30020D401012044E3002038F50020A9
:10D6A000146D002068C400205CC40020843D070085
:10D6B000903D0700580D0120117602001839012015
:10D6C00094C40020B8F838304FF6FF7293423FF40C
:10D6D000E0AED8F82C90D80909EBC00003F07F0128
:10D6E000436813EBC1033FF4D4AEDF8894B997428B
:10D6F0003FF4CFAEF90909EBC10107F07F074B6892
:10D7000013EBC7033FF4C5AE84F00104E4B2DF8835
:10D71000002CECD01979042953D005295AD00229BC
:10D72000E5D118461E4642F062FD4FF6FF7207280B
:10D73000DDD13378632BDAD173786F2BD7D1B378FF
:10D74000752BD4D1F378722BD1D13379732BCED101
:10D750007379652BCBD1B379732BC8D14FF6FF7397
:10D760009F423FF496AEFB0909EBC30907F07F0720
:10D77000D9F8043013EBC7073FF48BAE3B79402B4D
:10D780007FF487AE17493846FAF77CFD00283FF44E
:10D7900080AE154B0C970AA84FF000090B26012408
:10D7A000CDE90F36CDE90D898DF84440FEF7B4FC84
:10D7B0000E4BCDF838900AA810968DF844400C977F
:10D7C00024E71E68002E92D0304642F010FD4FF63E
:10D7D000FF72ACE71E68F0880836A8E7D8F82C304E
:10D7E00094E600BF5CC40020843D0700903D070024
:10D7F00038B51E4D38F04CFE286804210FF024FE89
:10D8000028B9044638F04EFE2B68204638BD042166
:10D8100028680FF029FE286038F044FEFDF770FB01
:10D8200050B10025124C134B1349144825602A4669
:10D830001D6021F035FD28B904200024FDF766F8AD
:10D84000204638BD2846FFF7D5FD04460028F3D012
:10D850000B490A482A4621F023FD10B10120FFF7A9
:10D86000C9FD0420FDF752F8204638BD20E2002013
:10D87000D401012018390120D84E0700700601207C
:10D8800038530700F0B54A4E4A4F33883B78A1B071
:10D89000002B56D1032003F0FF04FCF7BFFF054621
:10D8A000002872D0444A454B1178454A45480090BB
:10D8B000012918BF134610A8434A402142F0A4FB97
:10D8C000FDF71EFB4149ADF80C4010AA03A8234602
:10D8D0008DF80E4021F0DCFC002846D100234FF4E7
:10D8E0007A713B4C0493ADF81C308DF81E300591D5
:10D8F00010AA3649039407A844F2022321F0C8FC79
:10D900009DF81C401CB33288324992B207A822F01D
:10D91000E1F8044607A821F085FA0320FCF7F6FF9A
:10D9200033889BB2A3423BD02B492C480F222AF0CC
:10D930003BFF2B492B4A00230B7013703B7021B027
:10D94000F0BD294925480E222AF02EFFF1E70320D9
:10D95000FCF7DCFF204921480F222AF025FF204A4E
:10D96000204B14701C7021B0F0BD1849ADF80C406C
:10D97000012310AA03A88DF80E4021F089FC00288D
:10D98000ACD003A822F0DCFDA8E7184913480C220C
:10D990002AF00AFF124A134B15701D7021B0F0BD1A
:10D9A00013490E4803222AF0FFFEFFF721FFC0E7CC
:10D9B0009490002033800020297D002038530700F8
:10D9C000D84E0700E0920020AC3D070050660020D2
:10D9D0005C4D070094800020B43D070098E40020CF
:10D9E00090800020DD9200209C3D07003C3C070019
:10D9F000C43D070030B503209DB0FCF70FFF0028A1
:10DA00003ED02C4A2C4B11782C4A2D4800900129ED
:10DA100018BF134600242B4A40210CA842F0F4FA08
:10DA20002949ADF80C400CAA234603A88DF80E40F6
:10DA300021F02EFC0546B8B12349ADF80C400CAAE4
:10DA4000012303A88DF80E4021F022FC10BB032017
:10DA5000FCF75CFF1D491E480F222AF0A5FE1D4B56
:10DA600000221A701DB030BD0320FCF74FFF1A4989
:10DA700017480C222AF098FE164B1D701DB030BDC1
:10DA80000446164912480C222AF08EFE114B1C70D7
:10DA90001DB030BD03A822F053FD0028D7D00320CD
:10DAA000FCF734FF0E490A4803222AF07DFEFFF7F7
:10DAB0009FFED4E7287D002038530700D84E07008A
:10DAC000C4920020AC3D070050660020B43D070022
:10DAD00098E40020A0920020C83D07003C3C0700CD
:10DAE000C43D07002DE9F04F038E9BB00746044666
:10DAF00057F80CBBADF80420884600F1380903B391
:10DB00000026C36AB2460BE036F000FCE36AC5F8B3
:10DB100000A0208EC5F804A00136B1B2884211D908
:10DB2000B5B203EBC505696808460029EFD0DBF8FC
:10DB30000030374A5B689342E6D058469847E36A1C
:10DB4000E5E7C36A00204FF6FF719F422086A18659
:10DB50000BD0DBF800102E4D4E68AE424DD118466A
:10DB600036F0D4FB0423E7626386A16826680023AD
:10DB7000237161B1264D33680A685B68A260AB42CD
:10DB800008462DD136F0C2FBA1680029F3D100254B
:10DB900084F83C509DF805308DF8185049464FF0F8
:10DBA000000203A8CDE904558DF821500394CDF867
:10DBB0001C800994FEF7F8FF054610B99DF8205027
:10DBC000A5B9049840B1039B11491A6813685B68B2
:10DBD0008B4216D136F09AFB28461BB0BDE8F08F79
:10DBE00030469847A1680029C5D1D0E794F83C5049
:10DBF00015F0080518BF0325E3E719465846B04756
:10DC0000B0E701461046984728461BB0BDE8F08FA4
:10DC1000117602002DE9F04F002591B0B94B049523
:10DC200016464FF47A7481462A4607A88A46B649B2
:10DC300005940096ADF81C508DF81E50039321F00A
:10DC40002FFB9DF81C40002C00F01481AF4F40F2D8
:10DC5000FF12394607A821F083FB064607A821F0EA
:10DC6000E1F80420FCF752FE002E54DDA84CBD550F
:10DC7000238ED4F800B0002B52D0E36ADFF89882EC
:10DC80002F4609E036F042FBE36A3760218E776069
:10DC90000135AAB2914244D9AEB203EBC60671680F
:10DCA00008460029F1D0DBF800305B684345E9D035
:10DCB00058469847E36AE8E7366830460EB142F0C6
:10DCC00096FA874240F0B08067B109F1FF33701EC9
:10DCD000DE1913F8011F10F8012F914240F0A480C3
:10DCE000B342F6D14FF6FF73984514D04FEAD813DC
:10DCF0000BEBC30B08F07F08DBF8042012EBC80124
:10DD000009D00B79042B00F0BC80052B00F00681B4
:10DD1000022B00F0BB800024204611B0BDE8F08F3C
:10DD2000E36A7C4E00222286B3424FF6FF72A2863F
:10DD30000CD0DBF80020784D5268AA4240F0DD801C
:10DD4000184636F0E3FA0423E6626386A168266883
:10DD50000023237161B1704D33680A685B68A2606B
:10DD6000AB4208467FD136F0D1FAA1680029F3D141
:10DD70000A238DF809300023029A6449644884F824
:10DD80003C30FFF7AFFE10F0FF0FC4D1B9F1000F28
:10DD9000C1D0484642F02BFA94F83C30202BBAD13F
:10DDA000268F4FF6FF718E42B5D0D4F82CB0F30910
:10DDB0000BEBC30306F07F065B6813EBC606AAD025
:10DDC000B6F80680019601244746334605467CB9DD
:10DDD0008F42A0D0FA090BEBC20207F07F0753680D
:10DDE00013EBC70397D084F00104DF88002CEFD039
:10DDF0001A79042A70D0052A6AD0022A50D0002D40
:10DE0000E6D12A464FF6FF75AF42019E83D0FB094B
:10DE10000BEBC30307F07F075B6803EBC707002F1B
:10DE20003FF479AF17469CB9A8453FF474AF4FEA69
:10DE3000D8120BEBC20208F07F06536813EBC6063C
:10DE40003FF469AF84F00104B6F80680002CEBD0F3
:10DE50003379042B3FF430AF052B4AD0022B44D04A
:10DE6000002FE1D13EE730469847A16800297FF4B2
:10DE700073AF7DE70420FCF749FD204611B0BDE8F3
:10DE8000F08F52F8381000293FF445AF009B5D1E1B
:10DE90002A46504642F0C5F900230AF805303BE710
:10DEA00018461E4642F0A3F94FF6FF7185428FD106
:10DEB000002DA6D009F1FF32701E02EB050E12F8FC
:10DEC000016F10F8013F9E4282D19645F7D198E745
:10DED0001E68F0880836E9E71E683046002EE5D057
:10DEE00042F085F94FF6FF71E0E7304642F07FF9E6
:10DEF000E7E63668F0880836E3E619465846904764
:10DF000021E700BF5C4D070048530700A0900020A8
:10DF1000486B0020546B00201176020052F8381034
:10DF20000831B3E730B5184B85B01B7800228DF867
:10DF300000205BB9154D164B1648002421461C7075
:10DF40002C60AC800CF014FD05B030BD0420FCF753
:10DF500065FC0028EED010480C4D69461022FFF7F2
:10DF600059FE0028E7D0684629460EF0C7FD044652
:10DF70000028E0D0284606490EF048FE0548214614
:10DF80000CF0F6FC05B030BDF00501203C6B002024
:10DF9000886B002000C40020D83D070000B526484B
:10DFA00089B029F0D1FE244829F0DEFD234829F06C
:10DFB000DBFD234B1B7800228DF800205BBB214941
:10DFC00021482CF039FD1C48012129F0EBFD0621E8
:10DFD000194829F0A1FD184829F086FD1B4916486B
:10DFE00029F03EFD144829F051FD1348012129F084
:10DFF000E5FDF4221048202129F0D8FD0E481E210D
:10E0000029F0CEFDFBF796FC00210B4829F036FEE7
:10E0100009B05DF804FB0420FCF700FC0028CED01A
:10E020000B4869462022FFF7F5FD0028C7D00648B7
:10E0300069462CF001FDC6E70C5101204851012032
:10E04000F0050120F83D0700CC4A012080E40020C3
:10E05000E83D07002DE9F04F00F10C03044693E87A
:10E060000700D4E901378DB06C4684E80700002B27
:10E0700059D01D7903AC202D84E8070052D106AC9D
:10E0800084E807000CAC04E90700DDF82480B8F14F
:10E09000000F47D018884FF6FF76B04242D0D7F82D
:10E0A0002C90C20909EBC20200F07F03506810EB0C
:10E0B000C30037D00A9DB0F806B06F1E4FF0010ABA
:10E0C0004744BAF1000F12D1B3452BD04FEADB130E
:10E0D00009EBC3030BF07F0B586810EBCB0021D08A
:10E0E0008AF0010AB0F806B0BAF1000FECD003795B
:10E0F000042B33D0052B2DD0022B18D0002DE3D1CB
:10E100004FF6FF739B450DD04FEADB1309EBC309B4
:10E110000BF07F0BD9F8043003EBCB0318460DB09E
:10E12000BDE8F08F002318460DB0BDE8F08F04461F
:10E1300042F05DF8A842C7D1002DE1D0601E08F181
:10E14000FF3313F8011F10F8012F9142BCD19F42F9
:10E15000F7D1D5E70468E0880834EBE70468204687
:10E16000002CE7D042F043F8E4E700BF2DE9F04F80
:10E17000A54BA64A1B782DED028B00259DB015609E
:10E18000002B4ED004460420FCF748FB02900028E8
:10E1900047D09F4E214606F110002A4621F080F814
:10E1A000337C002B3AD09B4C4FF48052214606F131
:10E1B000100021F0D5F8421C2CD0B0F5805FB8BF1C
:10E1C00025549548A8BF84F8FF5FF9F7FDFF9248F2
:10E1D00090490A238DF819300023069A80F83C30C4
:10E1E000FFF770F810F0FF0F044607D18A4B93F841
:10E1F0003C30202B1BD0402B00F0C880874820F0FB
:10E2000011FE0420FCF782FB0A201DB0BDEC028B3E
:10E21000BDE8F08F06F1100020F004FE0420FCF7AA
:10E2200075FB05201DB0BDEC028BBDE8F08F0DF134
:10E2300058087B4D784A7B491692012308224046B4
:10E24000CDE917528DF86430FDF7D2FD764B754954
:10E2500017930746092340461893FDF7C9FD734BF2
:10E260007049179306460D2340461893FDF7C0FDED
:10E270006F4B6C4917930546042340461893B146EB
:10E28000FDF7B6FD6B4E6C49049641F055FFB0FAB0
:10E2900080F35B0939461F22304686F8683041F02A
:10E2A000C0FF49460F2206F12000F47741F0B9FF84
:10E2B0000E22294606F1300086F82F4041F0B1FFCA
:10E2C000554A86F83E40138F4FF6FF78434551D0AC
:10E2D000D76AD90907EBC10103F07F024B6813EB42
:10E2E000C20347D0029EDD8886B9454542D0EA097F
:10E2F00007EBC20205F07F05536813EBC50339D065
:10E3000086F00106F6B2DD88002EEED01A79042AD6
:10E3100000F0FC84052A00F00285022AE5D11846A7
:10E320001C4641F064FF0728DFD12378632BDCD142
:10E3300063786F2BD9D1A378752BD6D1E378722B64
:10E34000D3D12379732BD0D16379652BCDD1A37928
:10E35000732BCAD14FF6FF739D420BD0EB0907EB2D
:10E36000C30705F07F057B6813EBC50502D02B7949
:10E37000402B17D0294820F055FD0420FCF7C6FAA1
:10E3800000201DB0BDEC028BBDE8F08F294B04933B
:10E39000187083F8200083F8300083F868001E4B63
:10E3A00003F138052A884FF6FF739A42E2D01A49E2
:10E3B000D1F82CA0D1090AEBC10102F07F024D680F
:10E3C00015EBC205D6D0EA889FED1C8A01929B46C8
:10E3D00057460E4B0795D3F800900F4B0893B9F1B1
:10E3E000090F2DDD019B5B45C4D00B4AD76A1A4645
:10E3F000DB0907EBC30302F07F025D6815EBC20582
:10E40000B8D0EB880193E4E7F0050120D8010120A2
:10E4100094060120146D00205CC40020A406012095
:10E42000083E0700B4650700143E0700203E0700C1
:10E43000303E070070E00020383E0700000000007A
:10E440008F4E2A79C9EB0913F418202A4FEA0913D1
:10E45000039361D1B5F80080D8455DD04FEAD8125A
:10E4600007EBC20208F07F08526812EBC80853D0CD
:10E47000029AB8F806A013462A461D4695B9DA4511
:10E4800049D04FEADA1307EBC3030AF07F085B6851
:10E4900013EBC8083FD085F00105EDB2B8F806A02F
:10E4A000002DECD098F80430042B00F03B82052BB3
:10E4B00000F03282022BE2D14046059241F097FEF5
:10E4C000059A0428DBD198F800306E2BD7D198F844
:10E4D0000130612BD3D198F802306D2BCFD198F851
:10E4E0000330652BCBD1DA45154615D04FEADA1249
:10E4F00007EBC2020AF07F0A506810EBCA010CD089
:10E500000A79042A00F08383052A00F07C83022A1A
:10E5100018BF002101E01546002120460E2241F0DF
:10E5200080FE584B1993082201238DF86C301A9203
:10E5300019AB93E8070009AB83E80700039BA3EB43
:10E5400009042644002309AA07CAB3732B794E4C49
:10E550001894202B0CAC84E80700179540F09680A7
:10E560000FAB83E8070012AB83E8070003460028DF
:10E5700000F08C802A885A4500F08880D10907EB8A
:10E58000C10102F07F02486810EBC2007ED0DDF8C6
:10E590004CA0C488029E03930AF1FF389844524667
:10E5A0004346BA46A04617461C4696B9D8456DD094
:10E5B0004FEAD8120AEBC20208F07F03506810EB52
:10E5C000C30063D086F00106F6B2B0F80680002ED4
:10E5D000ECD00279042A00F09681052A00F08F81A0
:10E5E000022A00F07581002FE0D1D84557464446F5
:10E5F0004CD0E20907EBC20204F07F04536813EB2E
:10E60000C40343D01B791B0740D50DF15808404681
:10E61000FFF720FD002800F0FD82037913F01002BF
:10E620000BD002885A4500F0FD82D10907EBC107E3
:10E6300002F07F017A6802EBC102023B1C2B00F260
:10E64000ED82DFE813F01903EB02F10260035903D6
:10E65000EB02EB02EB025303EB024D03EB02490327
:10E66000EB02EB02EB02EB02EB02EB02EB02EB0242
:10E67000EB02EB02EB024103EB022303EB021B0371
:10E680001C390120403E07005CC40020CA46F0EE61
:10E69000487A0DF15808049BAE4AAF4E179503EB2C
:10E6A0008909AE4BC9ED107A0B274FF0010940469E
:10E6B000CDE918231A978DF86C90FDF789FEA824F0
:10E6C000A749A84BA34A1A9704FB0A6A8AED000BD4
:10E6D0004046D1F800A0189219938DF86C901795C8
:10E6E000FDF776FE9E48A04B9A4A1A9704FB0A6AE9
:10E6F0008AED020BD0F800A01892404619938DF8CD
:10E700006C901795FDF764FE95489249974A1A97C1
:10E7100004FB0A6383ED040BD0F800A01891404677
:10E720008DF86C9017951992FDF752FE904F04FBEF
:10E730000A6A8AED060B394607A8FDF76FFC002828
:10E7400040F0FA81864B1F68A82303FB0763002271
:10E7500083F84020874C07A82146FDF75FFC00287E
:10E7600040F07D81A82303FB0763002283F8682023
:10E77000814C07A82146FDF751FC002840F002819A
:10E78000A82303FB0763002283F890207B4B199397
:10E790000C2201238DF86C301A9219AB93E8070014
:10E7A00009AB83E807002B796A4C17950DF1300C03
:10E7B000202B8CE80700189456D10FAB83E8070094
:10E7C00012AB83E80700024600284DD0298859453E
:10E7D0004AD0D4F82C90CB0909EBC30301F07F0198
:10E7E000586810EBC1003FD0139BC488029D039270
:10E7F00003F1FF3A924408EE908AB8465746A24683
:10E800001C4695B9DA4541D04FEADA1209EBC2024B
:10E810000AF07F03506810EBC30037D085F0010584
:10E82000EDB2B0F806A0002DECD00279042A2FD06A
:10E83000052A49D0022A42D0002CE3D1DA454746C6
:10E84000544618EE908A0FD0E30909EBC30904F08F
:10E850007F04D9F8043013EBC40305D01B791A1FC9
:10E86000012A66D9022B64D04549A82404FB07F489
:10E8700004F191003044132241F0D3FC2644384A7D
:10E8800001370023176086F8A430ABE54746EBE775
:10E89000026810461AB1059241F0A9FC059AA042FF
:10E8A000B0D1002CCAD0039B501E5A1E12F8011F73
:10E8B00010F8013F9942A5D1BA42F7D1BEE70590C1
:10E8C00041F095FC059AEAE70268D0880832E6E74D
:10E8D000059041F08CFC059AB8427FF467AE002F9A
:10E8E0003FF483AE039B501E5A1E12F8011F10F80E
:10E8F000013F99427FF45AAE9442F6D175E6026820
:10E90000D0880832E8E702681046002AE4D0059271
:10E9100041F06DFC059ADFE7D8F80030D88803F1A4
:10E920000808CEE5D8F80080B8F1000F7FF4C4AD38
:10E93000A5E54046FFF78EFB0146002895D00379F8
:10E94000042B00F0F481052B00F0EE81022B18BFA0
:10E9500000218AE75CC40020C8060120843D07002E
:10E96000D8010120903D07004C3E0700583E0700AB
:10E97000643E0700A43E0700E43E0700243F070072
:10E98000B4650700DFF82C9307A84946FDF746FB5E
:10E9900000283FF4F5AEDFF820A307A85146FDF7A5
:10E9A0003DFB00283FF4ECAEBC4907A8FDF736FB61
:10E9B00000283FF4E5AEBA4B17950C2240461A9258
:10E9C0004FF00102CDE918348DF86C20FDF700FD01
:10E9D0000C21A8241A914FF0010104FB0762B04BEF
:10E9E0008DF86C10AF49179582ED1C0B40460F68EF
:10E9F000CDE91839FDF7ECFC0C2004FB0762A949AE
:10EA0000A74B1A904FF0010082ED1E0B8DF86C00A1
:10EA10004046CDE9183A0F681795FDF7D9FCA14992
:10EA20009F4BD1F800909D49199104FB076787ED32
:10EA3000200B0C224FF0010A40461A928DF86CA070
:10EA400017951893FDF7C4FC96490F6804FB0969F4
:10EA500004FB076489ED220B84F890A096E6DFF8AA
:10EA60005C9207A84946FDF7D9FA00283FF47AAE30
:10EA7000DFF84CA207A85146FDF7D0FA00283FF472
:10EA800071AE894907A8FDF7C9FA00283FF46AAEBC
:10EA9000834B17950E2240461A924FF00102CDE9A2
:10EAA00018348DF86C20FDF793FC0E21A8241A91E0
:10EAB0004FF0010104FB0762794B8DF86C10794926
:10EAC000179582ED120B40460F68CDE91839FDF716
:10EAD0007FFC0E2004FB07627249714B1A904FF0C5
:10EAE000010082ED140B8DF86C004046CDE9183A18
:10EAF0000F681795FDF76CFC6A49694BD1F80090D7
:10EB00006949199104FB076787ED160B0E224FF038
:10EB1000010A40461A928DF86CA017951893FDF7DC
:10EB200057FC60490F6804FB096904FB076489ED21
:10EB3000180B84F868A01BE6DFF888A107A85146E7
:10EB4000FDF76CFA00283FF4FDAD584B07A81946B5
:10EB5000FDF764FA00283FF4F5AD554907A8FDF725
:10EB60005DFA00283FF4EEAD4E4B17951A680392FC
:10EB70004B4A8DF86C90CDE9182740460E271A971E
:10EB8000FDF726FC039A4649464B1A9704FB02629E
:10EB900082ED080B40461F681795CDE9181A8DF8CD
:10EBA0006C90FDF715FC3F4B3D49189104FB076243
:10EBB0000E201F681A903D4B199382ED0A0B4046B8
:10EBC00017958DF86C90FDF703FC04FB0767354B38
:10EBD000334918910E2087ED0C0B35491A904046A9
:10EBE000D3F800A0179519918DF86C90FDF7F0FB04
:10EBF0002C4B1F6804FB0A6A04FB07648AED0E0BAA
:10EC000084F84090A6E550F83A10083185E450F8B1
:10EC10003A1082E4CA46F0EE487A3CE5F0EE487AD3
:10EC2000CA4638E5002208E5016812A8FAF74CF850
:10EC30009DF84830013B032B7BD8DFE803F01A1323
:10EC40000C02DDE914013FF055FE07EE900A154B6A
:10EC5000D3F800A01FE5DDE914013FF063FF07EEE4
:10EC6000900AF4E7DDE914013FF064FF07EE900A33
:10EC7000EDE7DDED147AEAE70146D6E7D2E90001D7
:10EC80003FF038FECA4607EE900A04E5D2E90001DB
:10EC90003FF050FFCA4607EE900AFCE4143F07001D
:10ECA0005CC40020D8010120D43E0700843E070048
:10ECB000943E0700F43E0700043F0700B43E0700FF
:10ECC000C43E0700743E0700D2E900013FF02AFF6E
:10ECD000CA4607EE900ADEE4D0ED007ACA46DAE4CE
:10ECE000D0ED007ACA46F8EEE77AD4E4D0ED007AA7
:10ECF000CA46F8EE677ACEE4037807EE903ACA4641
:10ED0000F8EE677AC7E4016808318EE71C68002CCA
:10ED10003FF4EBAA204641F06AFAFFF704BB1C68F7
:10ED2000E0880834FFF7FFBA016808319DE5016803
:10ED30009BE5F0EE487A8AE72DE9F04FDFF858A31B
:10ED40002DED028B9AF80090A7B0B9F1000F12D107
:10ED5000DFF8488398F82830039363B1DFF840B3B5
:10ED6000DBF800303BB1BC4C35F08EFA2368C01A9A
:10ED7000B0F57A7F04D227B0BDEC028BBDE8F08FEE
:10ED800035F082FADBF800302060002BF3DD9FEDD8
:10ED9000B07B4FF0FF33CDE9069AB0EE478AF0EE34
:10EDA000678A4D46AD4C05935AEC179B04930CE0D3
:10EDB0003FF01AFD10B1B146BA460495DBF80030B9
:10EDC0000135AB4204F138041FDD94ED0A3B94EDAC
:10EDD000082B98ED021B98ED000B0DF0C1FC94F888
:10EDE00030C057EC106BBCF1010F10EE100A4A4610
:10EDF00053463946DCD153EC182B3FF0F5FC002884
:10EE0000DCD047EC186B0595D8E7049B01334846E6
:10EE10005146DDE9069A1BD0914B00223FF0EEFCF3
:10EE2000B0B1059B013300F03D8151EC180B8C4BC8
:10EE300000223FF0E3FC002800F03481894E357851
:10EE4000002D00F042812A462846002316AC10E02F
:10EE5000059B01338FD051EC180B814B00223FF002
:10EE6000CDFC002887D07F4B039D1A7800200346F5
:10EE700016AC29460EF072FC012800F0C8800499F7
:10EE8000764B794AC1EBC10503EBC505116095F8D6
:10EE90003030012B00F01481744B0095744A4021EE
:10EEA000204641F0B1F82046FFF760F9002840F015
:10EEB000A180704B1B68002B40F39C806E486F490B
:10EEC0000478DFF8C8C1DDF80C80CCF8883302463E
:10EED000002C0CBF2C46044612F8206FCCF80040E2
:10EEE000002E18BF1546C3EB0317A1F10F021744FC
:10EEF000634ACCF804504030634601F1780ED2E901
:10EF00000245F0EC017A92F84060C3ED037AC3E960
:10EF10000645F5EE407AD2E9064592ED047BC3E959
:10EF20000A4583ED087BD2E90A4592ED087BC3E9E7
:10EF30000E4583ED0C7BD2E90E4592ED0C7BC3E9C7
:10EF4000124583ED107BD2E9144592ED127B92EDD0
:10EF5000006B83ED147BC3E9164592ED167BD2E975
:10EF60001845F1EE10FA83F87060C8BFC14692F8F8
:10EF700068609960B94283ED046B83ED187BC3E947
:10EF80001A4583F8716001F10F0103F1700302F17A
:10EF9000A80201D07145B2D1B9F1000F01D1CCF86E
:10EFA0008893384C206818B137F0C0FC00232360E8
:10EFB00047F2600037F0B6FC334B3449344E93EDE2
:10EFC000000B002205461AF0F7FB324B256093ED4B
:10EFD000000A28461AF098FF96ED000A20681AF0F9
:10EFE000A9FF206896ED000A1AF0AAFF01238AF80B
:10EFF0000030C0E69AF8000000287FF4BCAE214B38
:10F000001B68002B55D001238AF80030B3E6059821
:10F01000124A1549C0EBC00302EBC303086093F822
:10F0200030200093012A4ED0104B114A4021204637
:10F0300040F0EAFF2046FFF799F80028DAD10D4B9F
:10F040001B68002BD6DDFAF7CFF98AF80000D3E76A
:10F05000000000007E842E41A0CC0020580D01202D
:10F0600000001440F205012024620020D84E070061
:10F070006C3C0700D801012070E000201C39012001
:10F08000C80601201CE2002018620020E0DC0020FD
:10F09000C0620020C46200205C060120F0E4002071
:10F0A000183901203E4B03981A7800252B4616ACE0
:10F0B000DFE63C4B1B68002BA5D1F8F7F5FBA2E778
:10F0C000394B0095EAE6384BAFE7059B374AC3EB6F
:10F0D000C30302EBC30316AC0093354A324B204600
:10F0E000402140F091FF2046FFF740F8002851D121
:10F0F000304B196800294DDDDFF8C0B001290BF154
:10F1000091030C932BD00BF2391302290D9326D0C7
:10F110000BF2E11303290E9321D003F1A802042975
:10F120000F921CD003F5A8720529109217D003F591
:10F13000FC720629119212D003F528720729129247
:10F140000DD003F552720829139208D0092903F54E
:10F150007C7218BF03F59363149218BF15930CA823
:10F160000EF0A6FA98F82F2098F82E30009301920E
:10F170000746B8F82C30104A09A80B2140F044FF8C
:10F18000002F07DBA82000FB07B009A991300EF083
:10F19000CBFA05462B46039D3278284669E600BF28
:10F1A000F20501200806012038530700580D012000
:10F1B0006C3C0700D8010120343F0700C80601203D
:10F1C0002DE9F04F93B005AE86E80E00044696E8B0
:10F1D00007000FAA82E80B001C9F0394002863D04D
:10F1E00024884FF6FF7A54455ED0D7F82C80E10989
:10F1F00008EBC10104F07F054C6814EBC50453D043
:10F20000E588DDF8409002904FF0010B2B465D46FB
:10F210009B468DB9D34547D04FEADB1208EBC202BB
:10F220000BF07F03546814EBC3043DD085F0010557
:10F23000B4F806B0002DEDD02279042A19D0052AA1
:10F2400000F0CB80022A17D0B9F1000FE2D14FF6BF
:10F25000FF7293455D4627D0EA0908EBC20305F02B
:10F260007F055B6813EBC5051ED0284613B0BDE8CB
:10F27000F08F2468002CE7D0204640F0B8FF81458D
:10F28000C8D1B9F1000FE2D0029B5A1E013C02EB3B
:10F29000090101E09142DAD012F8010F14F8013FA0
:10F2A0009842F7D0D345B7D196E80700B7F8349025
:10F2B0004FF6FF730DF1240B99458BE8070007F11A
:10F2C0000C0500F08E80FB6A4FEAD91203EBC203F3
:10F2D00009F07F025E6836F83230BB8606EBC20664
:10F2E0004FF6FF73F380B7F834A000229A453271CD
:10F2F00000F0BC80FB6A4FEADA1203EBC2030AF0AB
:10F300007F0E5D6835F83E30BB8605EBCE059BE889
:10F3100007000023DDF824C02B710CAC4FF6FF73FF
:10F3200084E80700EB80BCF1000F00F09A809DF8A4
:10F330002CE07246BEF1000F40F0D680DDF828B018
:10F34000BBF1030F16D85FFA8BF39846BBF1000FA1
:10F3500000F08581581E5CFA80F00CF1FF3313F841
:10F36000011F002908BF42F001029842F7D1002A8C
:10F3700000F00B81CDE90CCB8DF838E094E8070064
:10F380000FAB83E807003846CDF83CC050F8083B87
:10F3900000930FAB0ECBFDF795F9002800F012811A
:10F3A0000523306033710398A6F806A043884FF612
:10F3B000FF72934200F09380FA6AD90902EBC1020E
:10F3C00003F07F03526802EBC303A3F80690A0F892
:10F3D00002A0284613B0BDE8F08F2468E088083406
:10F3E0004DE73A8E3E68002A40F083807B8E002BEA
:10F3F00000F0FD8001233B86D7F82C90AF4B4FF4F3
:10F4000080604FF0800A326812689A4240F0E780CC
:10F4100034F062FF3B8EFC6AC9F80400013B9BB2EA
:10F4200004EBC3020028566808BF4FF0000A002111
:10F43000A9F800A0A9F802108EB134F83300518861
:10F4400088420CD901EBC3194B1C1FFA89F906EB52
:10F45000C106538044E7B3F5007F40F0E380012309
:10F460003B710025284613B0BDE8F08F398ED7F8E0
:10F4700000A0002965D17B8E002B00F0D2800123F3
:10F480003B86FC6A8D4B4FF480608025DAF80020C3
:10F4900012689A4240F0A78034F01EFFB7F830A0FF
:10F4A000F96A60600AF1FF3A1FFA8AFA01EBCA02B0
:10F4B0000028536808BF0025002025806080002BAD
:10F4C000CDD031F83A105588A942C8D905EBCA1AEF
:10F4D000691C1FFA8AFA03EBC505518017E7A0F8EB
:10F4E0000090A0F802A0C0E60423C6F800C0337163
:10F4F00059E7FC6A02F1FF391FFA89F904EBC901E7
:10F500002046D1F804C0BCF1000F04D04B8834F879
:10F5100039E09E454DD87B8E9A4200F0CA80674BF9
:10F52000511C89B2B1F5007F00EBC209398615BFC5
:10F530004FF480604FF47E704FF0800A4FF07F0AE6
:10F5400061E7FC6A4A1E92B204EBC200A046D0F802
:10F5500004E0BEF1000F04D0438834F832C09C456B
:10F5600034D87B8E99423FF476AF544B4A1C92B20A
:10F57000B2F5007F08EBC1043A8615BF4FF48060F6
:10F580004FF47E7080257F2580E702233371424649
:10F590009CF800303370012A07D09CF8013073705A
:10F5A000022A02D09CF80230B370002306F80B3018
:10F5B000F9E603EBC9195A1C1FFA89F90CEBC306CB
:10F5C0004A808DE6012305463B714EE603EBC21AE5
:10F5D0005A1C1FFA8AFA0EEBC305428097E60146D1
:10F5E0003046904716E701465046904756E7FC6A7A
:10F5F0005B00A5421FFA83F934D0336830489B681A
:10F6000083424FEAC90140F08880204640F0E4FC84
:10F6100000283FF424AF294B3A8EF862A7F83290C5
:10F620007EE7FC6A5B009BB2A54202934AD01A4671
:10F63000DAF8003022489B6883424FEAC20171D158
:10F64000204640F0C9FC8046B8F1000F3FF407AFF8
:10F650001A4B029A398EC7F82C807A8686E70223E5
:10F660003371A2E73268154B126802939A424FEA4F
:10F67000C9005DD134F030FE029B00283FF4EFAEAC
:10F68000D4F800C06168A268D4F80CE0C0F80CE0BF
:10F69000C0F800C041608260D4F810C06169A269FE
:10F6A000D4F81CE0C0F81CE0C0F810C041618261D1
:10F6B000B2E7B3F5007F3FF4D2AE99E719760200C6
:10F6C00009760200DAF80020194612681E4B0493EE
:10F6D0009A424FEAC10030D134F0FEFD049B8046CF
:10F6E000B8F1000F3FF4BBAE21686268A568E0681E
:10F6F000C8F80C00C8F80010C8F80420C8F8085072
:10F7000021696269A569E069C8F81C00C8F8101091
:10F71000C8F81420C8F818509BE70A46304621461E
:10F72000984775E70A4650462146984780468BE73A
:10F73000014630469047029B9FE70146504690475E
:10F74000049B8046CCE700BF197602002DE9F04FFC
:10F750000379054613F010008DB00ED028884FF6BF
:10F76000FF74A04200F0AB82D26AC40902EBC4026B
:10F7700000F07F00526802EBC000023B3E2B40D8F5
:10F78000DFE813F048008E000201B700F4003F00EC
:10F790003F003F0015013F0024013F0033013F00BF
:10F7A0003F003F003F003F003F003F003F003F0061
:10F7B0003F003F0042013F0058013F0073013F00FE
:10F7C00095013F003F003F003F003F003F003F00EA
:10F7D0003F003F003F003F003F003F003F003F0031
:10F7E0003F003F003F003F003F003F003F003F0021
:10F7F0003F003F003F003F003F003F003F003F0011
:10F8000043020C68D4E90001002800F0CA80F9F72F
:10F81000EBF9C5E02846029140F0E9FC02990F6837
:10F82000D7E900840646B8F1000F32D021464046A1
:10F83000F9F7DAF9032E15D85FFA86FC002E00F0EE
:10F84000DE830CF1FF3055FA80F06B1E002213F8B6
:10F85000011F002908BF42F001029842F7D1002A97
:10F8600000F04F832046002250F8083B0093CDE97A
:10F8700009568DF82C200CAB13E90E00FCF722FF83
:10F88000002800F0A5830523C8F8000088F804309C
:10F890007C6854B3247984F001000DB0BDE8F08F8A
:10F8A0000E68D6E90074002FF3D02D682146384643
:10F8B000B5F80680F9F798F92046083550F808CBD6
:10F8C000CDE9095800238DF82C300CAB13E90E005C
:10F8D000CDF800C0FCF7F6FE002800F09882032364
:10F8E00038603B717468002CD4D100200DB0BDE8A5
:10F8F000F08F0E682F683568B7F806907468002D91
:10F90000C7D021462846F9F76FF9B9F1030F07F17F
:10F91000080816D85FFA89FCB9F1000F00F06C8373
:10F920000CF1FF3058FA80F0FB1D002213F8011F84
:10F93000002908BF42F001028342F7D1002A00F0FB
:10F94000CE822046002250F8083B0093CDE9098979
:10F950008DF82C200CAB13E90E00FCF7B3FE002849
:10F9600000F05582052328602B71BBE70B681C68EB
:10F97000002CBAD059682D782046F9F735F90623BE
:10F9800025702371012088E70C682E68D4E90051A6
:10F990003DB12846F9F728F916B104232E602B71E2
:10F9A00061680029A1D00C7984F0010075E70B682B
:10F9B0002D68D3E900412046002C3FF46EAFF9F7E3
:10F9C00013F90A2325602371012066E70B682D686F
:10F9D000D3E900412046002C3FF45FAFF9F704F96A
:10F9E0000C2325602371012057E70B681C68002C4D
:10F9F0003FF47BAF59682D682046F9F7F5F80E23E0
:10FA000025602371012048E70B68D3E90045D0E960
:10FA10000067002C3FF469AF29462046F9F7E4F867
:10FA2000012F08BF002E80F021820A232660237157
:10FA3000012032E70B680568D0F80490D3E900484C
:10FA4000002C3FF452AF41462046F9F7CDF815F1AE
:10FA5000004649F10007012F08BF002E80F0F38116
:10FA60000C2325602371012017E70B68D3E90045BB
:10FA7000D0E90067002C3FF438AF29462046F9F75B
:10FA8000B3F8394630463EF035FF80463EF0E2FBA3
:10FA900002460B46304639463EF09CFE002800F0F8
:10FAA000B9810E23C4F8008023710120F5E6D1E965
:10FAB00000A8DAE90064002E3FF4EBAE21463046A0
:10FAC000F9F792F8202333712B794FF0FF32202B76
:10FAD000326040F0F18037884FF6FF794F4518D0FB
:10FAE000CDE90295E36AFA0903EBC20307F07F0B45
:10FAF000D3F8049009EBCB0021463D46C788F9F7BF
:10FB000073F8029BA28E29F83B209F42A586E9D17B
:10FB1000039D4FF0FF3333602D884FF6FF729542FF
:10FB200000F0AD82D8F82C30E90903EBC10305F0F1
:10FB30007F055F6817EBC50700F05C82FD882B46E8
:10FB40004FF6FF7B45469846002F00F0B5803B7985
:10FB5000042B00F04F81052B00F04781022B00F0B1
:10FB60003D81D84530D0002007460122EB6A4FEA9C
:10FB7000D81103EBC10308F07F095B6803EBC909E7
:10FB8000CDE909708DF82C20F7B13379002B40F0C6
:10FB9000988020224FF0FF333271336009AF009418
:10FBA00097E80E003046FFF70BFB68B1CDE907047C
:10FBB000B9F1000F00F0AB8007AB394648462A4642
:10FBC000CDE90935FFF7C2FD002C75D02379002B54
:10FBD00072D1D84570D0EA6A4FEAD81102EBC10160
:10FBE00008F07F084B6813EBC80365D0DF885F45DA
:10FBF00062D0FB0902EBC30207F07F03576817EBE3
:10FC0000C30759D0B7F806809EE7D1E90089D8E943
:10FC10000074002F3FF43DAE21463846F8F7E4FF6C
:10FC20004FF0FF333B602B884FF6FF764022B34204
:10FC30003A713ED0D9F82C20D90902EBC10203F069
:10FC40007F03526812EBC30333D004F10C02B3F804
:10FC500006A0CDF808800492C846B9461F46A58E76
:10FC6000B54258D0E26AE90902EBC10205F07F0B08
:10FC7000526832F83B10A18602EBCB0B00228BF8C6
:10FC80000420ABF80660384609A907AF4246CDE923
:10FC900007B4CDE90978FFF759FD2179A9B12146CB
:10FCA0005846DDF80880F8F79FFFA38EABF80030C8
:10FCB000A586D8F80440ECE5DAF80440E9E5002030
:10FCC0005BE5202B3FF46AAF7EE7B9F80220B24231
:10FCD00000F0DF80E16AD00901EBC00102F07F0291
:10FCE000496801EBC202D580A9F80250B24572D032
:10FCF000D8F82C204FEADA1102EBC1020AF07F0A91
:10FD0000576817EBCA0766D0B7F806A0A7E72146E1
:10FD1000F8F76AFF58E7228E2368002A00F0C080B7
:10FD2000E06A0390511E89B200EBC10EDEF804B008
:10FD3000BBF1000F06D0BEF802C030F83150654567
:10FD400000F2BA80618E8A423CD0511C039889B27D
:10FD5000B1F5007F00EBC205218615BF4FF480602E
:10FD60004FF47E704FF0800B4FF07F0B1A68BD4947
:10FD700012688A4240F0478134F0AEFA228EE16A7E
:10FD80006860013A92B201EBC20C0028DCF8040072
:10FD900008BF4FF0000B4FF0000EA5F800B0A5F81B
:10FDA00002E098B131F83210BCF802B059450DD9D3
:10FDB0000BEBC2120BF1010195B200EBCB0BACF8CF
:10FDC00002105BE7B1F5007F40F02E810123DDF8E2
:10FDD000088023716DE7DDF808806AE7384640F057
:10FDE00006FAD84572D00022C0E63B68D88803F1F5
:10FDF0000807F6E73F6838460FB140F0F8F9D845F4
:10FE00004FF001027FF4B2AE4FF00009B8E60123D3
:10FE1000237167E5AB8E4FF6FF72934200F0878047
:10FE2000EA6AD90902EBC10203F07F01526832F895
:10FE30003100A88602EBC1021E212380217101201E
:10FE4000C2E9006729E5414609A851F80C2BFBF7E8
:10FE5000EDFE099B002B00F0C280BDF82820228017
:10FE60001C2222710120C3E9005916E5294609A880
:10FE700051F80C2BFBF7DAFE099B002B00F0AB804E
:10FE8000BDF8282022801A2222710120C3E90067D0
:10FE900003E565F30F0165F31F41C9F8001025E77D
:10FEA000618E002900F0BF800122E56A22864FF4AE
:10FEB00080604FF0800B59E70CEBC1110CF101028F
:10FEC0008DB20BEBCC0BAEF80220D7E64FF000035F
:10FED000CDE909708DF82C304FF0000955E602236A
:10FEE0002B713B7A2B70BCF1010F06D07B7A6B70C3
:10FEF000BCF1020F01D0BB7AAB70002305F80930CA
:10FF0000F0E4022388F804302B7888F80030BCF144
:10FF1000010F08D06B7888F80130BCF1020F02D0D5
:10FF2000AB7888F80230002308F80630B0E42B8E56
:10FF3000D5F800A0002B6AD0D5F82C80591E89B2C4
:10FF400008EBC100426832B1B0F802C038F831E0C5
:10FF5000E64500F28B806A8E934245D05A1C92B2DD
:10FF6000B2F5007F08EBC3082A8615BF4FF4806006
:10FF70004FF47E704FF080094FF07F09DAF80030BF
:10FF8000384A1B68934240F0A18034F0A5F92B8ECB
:10FF9000D5F82CC0C8F80400013B9BB20CEBC301A0
:10FFA00000284A6808BF4FF000090020A8F8009018
:10FFB000A8F80200DAB13CF833C04888844516D965
:10FFC00000EBC313451C9BB202EBC0024D8033E72C
:10FFD000012323715CE4012218462A715DE40122A9
:10FFE000184688F8042058E4B2F5007F74D1012344
:10FFF0002B717AE41546A2E502232B717DE70223DB
:020000023000CC
:1000000088F804308FE7014618469047B6E66A8EB6
:10001000002A5FD00123D5F82C802B864FF4806016
:100020004FF08009AAE7E06A049A490082421FFA69
:1000300081FB1A6825D095680B498D424FEACB02A7
:1000400062D1114605933FF0C7FF059B039002461E
:10005000002A3FF4BBAE039AE262A4F832B0228ECB
:1000600073E600BF19760200097602000CEBC1139B
:100070000CF101019BB202EBCC024180DCE60027CF
:100080005DE5126805934FEACB011846904703904F
:1000900000283FF49BAE049BD3F800E059689A68AF
:1000A000D3F80CC0C0F80CC0C0F800E0416082601A
:1000B000D3F810E059699A69D3F81CC0C0F81CC085
:1000C000059BC0F810E041618261C4E701465046DB
:1000D00098475CE7D5F82C8005F10C035200984551
:1000E0001FFA82F9DAF8003016D09B6841464FEAD1
:1000F000C9025046984700283FF479AF2B8EE8623A
:10010000A5F83290804629E7014605931846A8478E
:10011000059B039002469BE71B684FEAC9015046C6
:10012000984700283FF463AFD8F80010D8F80420AF
:10013000D8F80830D8F80CC0C0F80CC00160426094
:100140008360D8F81010D8F81420D8F81830D8F8F0
:100150001CC0C0F81CC0016142618361CEE700BFD2
:100160002DE9F04F437D85B00446002B00F0E2807E
:10017000057DDFF814830022134662750092002B80
:100180007ED0267D0023AE42637500F08380002E72
:1001900000F0D6805C2E00F085806768002F6FD05D
:1001A000A168FB88994200F096800F440131A1605C
:1001B0003E72637DE3E7911C63752161537823757B
:1001C0006075002B00F0BC80402B86BF23F020031D
:1001D000A3F13701A3F13001C8B20F2800F2A680C5
:1001E0000021D31C6175236191782175012363750A
:1001F000002900F0A580402986BF21F02001373971
:100200003039C9B20F2900F291800026131D66759E
:100210002361D3782375012641EA00116675002B0E
:1002200000F08E80402B86BF23F02003373B303B0D
:10023000DBB20F2B7AD800206075501D2061127937
:10024000227543EA011301211BB26175002A77D0A0
:10025000402A86BF22F02002373A303AD2B20F2A23
:1002600064D842EA03139AB202F5205189B2002001
:10027000B1F5806F1BB2607566D2C2F309030093BB
:1002800023695A1C22611E7826750023AE426375CD
:100290007FF47DAF6368002B14BF0020042005B0FD
:1002A000BDE8F08F2269511C216111782175012070
:1002B0006075002944D075293FF47DAF704A2F2323
:1002C00002E012F8023F8BB38B42FAD156786EB33C
:1002D0000023637561E7D4F800B04900DBF800A0A3
:1002E00001F10109B9F5803FDAF8003011D29B68BD
:1002F000644A934201F10A0138D138463FF06CFE5E
:1003000028B1A0F80690A168606007464DE7DAF8CA
:1003100000305B68434525D1384633F0F7FF0123B1
:100320008BF804300022637D626028E7032005B06B
:10033000BDE8F08F03695A1C02611D78057518E746
:10034000022005B0BDE8F08F02F5105189B2B1F579
:10035000806F10D37F2A15D8D9B22046F8F7FAFB60
:10036000637D0CE7394650469847D8E70A46504621
:1003700039469847C4E7009BC2F3090242EA832248
:1003800002F5803202F03F0363F07F038DF80930FD
:10039000C2F38F1300211F2B8DF808104FEA921221
:1003A0003CD902F03F01931161F07F0113F47C7F8F
:1003B0008DF80A104BD163F01F03DEB28DF80B608D
:1003C00003AB03F1FF3B019506E01F440133A3603B
:1003D0003E721BF8016D4EB36768002FF9D0A36819
:1003E000FA889342F1D125685900D5F800A001F1AF
:1003F0000109B9F5803FDAF800301CD29B68214A28
:10040000934201F10A0135D138463FF0E5FD80B154
:10041000A0F80690A36860600746D6E762F03F0246
:10042000D6B28DF80A600DF10B03CAE7019D637D1A
:10043000A5E6DAF800305B68434517D1384633F05B
:1004400065FF00234FF001022A716360C1E703F0EA
:100450003F03C2F3073263F07F0342F0F0068DF8EA
:100460000B308DF80C600DF10D03AAE739465046AC
:100470009847E6E70A46504639469847C7E700BF1F
:10048000583D070009760200117602002DE9F04779
:10049000427D88B004460D46002A76D0027D202A8F
:1004A00012D8DFE802F07A11111111111111117037
:1004B000701111701111111111111111111111116E
:1004C000111111111111700001217B2A217300F209
:1004D00060815A2A42D9A2F15B01202900F2598198
:1004E000DFE811F0C00057015701570157015701CC
:1004F000570157015701570157011C015701570177
:100500005701570157015701570121005701570162
:100510005701570157013A01570157015701570138
:10052000570157016400CF4913460020012593422B
:1005300040F0718111F8013F6075002B00F0888157
:100540002269561C2661127822756575002AEED143
:100550004FF00208404608B0BDE8F087222A02D0DA
:10056000272A40F0168163680022A260002B00F069
:1005700048822046FFF7F4FD804698B92946204678
:10058000F8F750FA0EE0002262752269511C2161D1
:10059000127822750121617581E7237B002BD7D169
:1005A0004FF00108404608B0BDE8F087DEB22022D7
:1005B0004FF0FF332A712B60002E00F04F81002393
:1005C00022696375194601201346013222611B78A6
:1005D00023756075202B00F28D8101A757F823F059
:1005E00051050300F5080300F5080300F5080300B2
:1005F000F5080300F5080300F5080300F5080300FB
:10060000F50803006D0A03006D0A0300F5080300F6
:10061000F50803006D0A0300F5080300F508030060
:10062000F5080300F5080300F5080300F5080300CA
:10063000F5080300F5080300F5080300F5080300BA
:10064000F5080300F5080300F5080300F5080300AA
:10065000F5080300F5080300F5080300F50803009A
:100660006D0A030040214FF0FF32DBB229712A608E
:10067000002B00F0F38000212269617508460126F5
:10068000114601322261097821756675202900F230
:10069000EF8001A757F821F051050300710803000E
:1006A000710803007108030071080300710803005A
:1006B000710803007108030071080300710A030048
:1006C000710A03007108030071080300710A030036
:1006D000710803007108030071080300710803002A
:1006E000710803007108030071080300710803001A
:1006F000710803007108030071080300710803000A
:1007000071080300710803007108030071080300F9
:100710007108030071080300710A030000232B70A5
:10072000637D06212971002B00F0BB81237D4E499A
:10073000002B3FF40DAF9A426DD111F8012F002329
:100740006375002A00F084802369581C20611B789F
:10075000237501206075EBE701232B70637D062173
:100760002971002B00F09F81237D4049002B3FF42D
:10077000EFAE93424FD111F8012F00236375002A89
:1007800066D02369581C20611B7823750120607591
:10079000ECE700239E4604F11B014FF0010C15E02D
:1007A000392A03D902F0DF00452817D13F2B03F186
:1007B000010013D084F815E001F8012F2269C3B2BB
:1007C000501C20611278227584F815C02F2AE7D8B2
:1007D0002B2AA2F12D00E9D00128E7D923440022D9
:1007E0001A7704F11C0104A8F8F76EFA9DF810803E
:1007F00008F1FF33032B0ED8DFE813F014012701B3
:100800001B011300392940F295805E2940F28D804A
:100810007A2940F28F804FF00308404608B0BDE8C7
:10082000F087DDE90667394630463EF063F88246D8
:100830003DF010FD02460B46304639463DF0CAFFFA
:100840008146002800F057810E23C5F800A02B71C7
:100850004FF00008404608B0BDE8F0874FF00508AB
:10086000A0E600BF7C3D0700743D07006C3D07001B
:1008700001225D29227339D05E1E17464FF6FF799B
:10088000D4F8188004A84146F7F720FD0499002900
:1008900000F065816B88BDF814204B4500F008819D
:1008A000D8F82C004FEAD31C00EBCC0003F07F03F8
:1008B000406800EBC303DA806A8033464FF00002E1
:1008C0002046FFF7E3FD804600287FF46BAE20460C
:1008D000FBF7A8FF804600287FF464AE637D002B01
:1008E00000F0ED80237D5D2B40F0D5800020607509
:1008F000804657E601227D2B2273F7D017464FF032
:1009000000096368C4F80890002B00F0F080637D54
:10091000002B00F0AF80217D272900F0B480222930
:1009200000F0B1802F293FF66DAFA1F14103192BE3
:100930003FF671AF84F815902046F8F70BF9637D08
:10094000002B00F00F81217D2F29A1F1410300F23E
:10095000C480192BEED96368002B00F0008120467B
:10096000FBF760FF804600287FF41CAE637D002B00
:1009700000F0AC80237D3A2B7FF44DAFD4E90132F7
:10098000134484F8159083F80890D4E90132D4F820
:1009900018808DF81890083304930592CDF80080E4
:1009A00004AB0ECB2846FBF717FE0290002800F0A0
:1009B000E7804146F8F718F90299731E4FF00002DC
:1009C0002046FFF763FD804600287FF4EBAD20460C
:1009D000FBF728FF804600287FF4E4AD637D002B01
:1009E00000F0C780237D7D2B80D02C2B7FF413AFAC
:1009F00084F815902046FBF715FF8046002880D02C
:100A0000D0E52668644A306803681B68934240F06A
:100A1000A380282033F060FC002846D05F4B436061
:100A20006060A6E5069A2A600E232B714FF000083D
:100A3000B8E5DDE90667012F08BF002E7CD20A2346
:100A40002E602B714FF00008ACE5DDE9069A19F134
:100A500000464AF10007012F08BF002E5CD20C238C
:100A6000C5F800902B714FF000089BE56175ABE570
:100A7000607505E623695A1C2261197821752729BA
:100A800067757FF44CAF2046FFF76AFB804600286D
:100A90003FF465AF86E52C2B7FF4BDAE0023637574
:100AA000EEE63F4950E63F496BE601233371B7E775
:100AB000002362F30F0362F31F432B60FDE62369FB
:100AC0005A1C22611B78237567750CE723695A1C31
:100AD00022611B78237567754DE739297FF62AAFA8
:100AE0005E297FF636AF7A297FF624AF33E72046BA
:100AF000F7F782F80BE7A16902A8F7F7CBFC029B96
:100B0000002B3FF44FADBDF80C202A801E21297127
:100B1000C846C3E9006745E5A16902A8F7F7BAFC32
:100B2000029BE3B1BDF80C202A801C2129714FF0F3
:100B30000008C3E9009A35E5A16902A8F7F7AAFC05
:100B4000029B63B1BDF80C202A801A2129714FF055
:100B50000008C3E9006725E5282198475CE74FF0C6
:100B600004081FE523695A1C2261197821756775ED
:100B7000EAE623695A1C22611B782375677532E700
:100B800002A942462846F7F763FD01460028E6D051
:100B90002046F7F747FF0FE71976020001001F0014
:100BA000743D07006C3D07002DE9F04104460068E4
:100BB00003680E461B68222117469847636818444D
:100BC00060601FB3DFF88480374416F8011B1E4BAA
:100BD000222501E01D791DB35A798A4203F10203EF
:100BE000F8D1206803685C211B689847D4E900238A
:100BF000D2F800C0034463602946DCF80030104698
:100C00009847636818446060BE42DED1206803687C
:100C100022211B689847636818446060BDE8F08132
:100C200039B1206803681B6898476368184460609E
:100C3000EAE72068036806225B68414698476368D4
:100C400018446060E0E700BF583D0700483F0700D8
:100C50002DE9F04F55EC104B87B081460F4610EE52
:100C6000100A0022002329463DF0B4FD002840F080
:100C7000408122462B46204629463DF08DF902460A
:100C80000B46204629463DF0A5FD002840F0B281E4
:100C900000220023204629463DF0A6FD68B1D9F880
:100CA000000003682D211B689847D9F8043005F12E
:100CB000004B18445D46C9F804003B46002F00F085
:100CC000B2824FF0010808EB8808013B4FEA480860
:100CD000F9D10FF20C43D3E90023204629463DF019
:100CE00097FD002800F00E81FFA3D3E900232046E2
:100CF00029463DF08DFD002840F089820646FCA380
:100D0000D3E90023204629463DF082FD002840F02B
:100D10007282F9A3D3E90023204629463DF078FDED
:100D2000002840F05C82F6A3D3E900232046294640
:100D30003DF06EFD002840F04682F3A3D3E9002386
:100D4000204629463DF064FD002840F03082F0A3A3
:100D5000D3E90023204629463DF05AFD002840F003
:100D60001A82EDA3D3E90023204629463DF050FD29
:100D7000002840F00482D44B0022204629463DF052
:100D800047FD002840F0EF81D04B00222046294645
:100D90003DF03EFD002840F0DA81204629463DF036
:100DA00089FD092882460ED9C94853461946A0FB39
:100DB0000828013FA0FB032363294FEAD8087FB22C
:100DC0004FEAD303F2D850463DF022FA02460B46D2
:100DD000204629463DF0DEF8044640460D463DF0EB
:100DE00017FA02460B46204629463DF08BFA044688
:100DF0000D463DF05FFD83463DF00AFA02460B4684
:100E0000204629463DF0C6F802460B463DF0C4F8A0
:100E10003DF050FD0BEB00044445C0F026810AF183
:100E2000010A002E40F07C810024002F10DDA84B29
:100E3000A84802E0002A00F02181A3FB0424E40872
:100E400003FB04F1013FB0EB710FFAB27FB2F1D2B4
:100E50000DF11605DFF878C22946ACFB0A23DB0842
:100E600003EB8302AAEB420250463032092801F814
:100E7000012D9A46F1D8D9F8000003686A1A5B6818
:100E80009847D9F804301844C9F80400002F40F0FE
:100E9000C080002E00F0BA80D9F8000003686521F8
:100EA0001B689847D9F80430002E1844C9F804008C
:100EB000C0F23F81B6B2864C2946A4FB0623DB086C
:100EC00003EB8302A6EB420230463032092801F8D8
:100ED000012D9EB2F1D8D9F8000003686A1A5B6848
:100EE0009847D9F804301844C9F8040007B0BDE8A1
:100EF000F08F3B46002F7FF4E4AE4FF001083E46F2
:100F0000BA4660E700220023204629463DF08AFCCD
:100F1000002800F0A8805AA3D3E9002320462946E0
:100F20003DF06CFC002800F09E8057A3D3E900231D
:100F3000204629463DF058FC002840F082810646B4
:100F400053A3D3E90023204629463DF04DFC002859
:100F500040F08F8150A3D3E90023204629463DF07D
:100F600043FC002840F079814DA3D3E900232046BB
:100F700029463DF039FC002840F0AB814AA3D3E973
:100F80000023204629463DF02FFC002840F09581A3
:100F900047A3D3E90023204629463DF025FC00283D
:100FA00040F07F8144A3D3E90023204629463DF049
:100FB0001BFC002840F0698141A3D3E900232046AF
:100FC00029463DF011FC002840F03081424B0022C0
:100FD000204629463DF008FC00283FF4DEAE2046BE
:100FE00029463A4B00223DF08DF9013E04460D465C
:100FF00036B2D2E6D9F800003849036804225B68AB
:101000009847D9F804301844C9F8040007B0BDE87F
:10101000F08F013FFFB2C7F10F0C2D4AEC4404A939
:10102000A2FB0403DB0803EB8300A4EB4004303491
:1010300001F8014D61451C46F2D106ABDB1BD9F826
:1010400000002E2203F80A2C03686FF00102D11B66
:1010500004AC5B682144BA1A9847D9F804301844A4
:10106000C9F8040015E7064697E6194B194A03FB31
:1010700004F3B2EB730FBFF4D8AEE9E61746E7E628
:10108000F168E388B5F8E43E148BD77DB207FE0A19
:10109000C2DEB781455491250CD13196FC53DA322A
:1010A00080688965D63980391656E79EAF03D23CF1
:1010B00048AFBC9AF2D77A3EFCA9F1D24D62503FBC
:1010C0009A9999999999B93F000059400000244094
:1010D000CDCCCCCC999999190000F03F7C3D07000C
:1010E00000000000D01263413CBF737FDD4F1575D7
:1010F000321D30F94877825AF5F93FE9034F384DF0
:10110000176E05B5B5B893460080E03779C3414303
:101110000000000084D79741000000000088C34011
:10112000BAF1090F7FF680AE013636B24FF0010AF0
:101130007AE6D9F8000003682D211B689847D9F892
:10114000043076421844B6B2C9F80400B3E620462B
:10115000294676A3D3E900233DF0D4F801360446AE
:101160000D4636B219E62046294672A3D3E900237C
:101170003DF0C8F8023604460D4636B204E6204675
:1011800029466EA3D3E900233DF0BCF8043604469B
:101190000D4636B2EFE5204629466AA3D3E900237F
:1011A0003DF0B0F8083604460D4636B2D9E5204683
:1011B000294666A3D3E900233DF0A4F8103604467F
:1011C0000D4636B2C3E52046294662A3D3E9002383
:1011D0003DF098F8203604460D4636B2ADE520467F
:1011E00029465EA3D3E900233DF08CF8403604463F
:1011F0000D4636B297E5204629465AA3D3E9002387
:101200003DF080F8803604460D4636B281E5204632
:10121000294656A3D3E900233DF074F84FF48076B5
:1012200004460D466BE54FF0010852E5204629467D
:101230003D4B00223DF066F8023E04460D4636B2B4
:10124000C4E6204629462AA3D3E900233DF05AF8F4
:101250006FF0FF0604460D4672E62046294626A397
:10126000D3E900233DF04EF8403E04460D4636B229
:101270007AE62046294622A3D3E900233DF042F82E
:10128000803E04460D4636B264E6204629461EA33B
:10129000D3E900233DF036F8043E04460D4636B24D
:1012A0008AE6204629461AA3D3E900233DF02AF80E
:1012B000083E04460D4636B274E62046294616A37B
:1012C000D3E900233DF01EF8103E04460D4636B229
:1012D0005EE62046294612A3D3E900233DF012F82A
:1012E000203E04460D4636B248E600BFAFF300800C
:1012F0003CBF737FDD4F1575F5F93FE9034F384D5E
:10130000321D30F94877825A000000000088C3403F
:101310000000000084D797410080E03779C3414343
:10132000176E05B5B5B89346000059409A9999993A
:101330009999B93F7B14AE47E17A843F2D431CEB6A
:10134000E2361A3F3A8C30E28E79453EBC89D89716
:10135000B2D29C3C33A7A8D523F649393DA7F44423
:10136000FD0FA5329D978CCF08BA5B25436FAC6407
:101370002806C80A2DE9F04703790C4613F010013E
:1013800086B0054652D001884FF6FF70814200F0CA
:101390009981D26AC80902EBC00201F07F0152684C
:1013A00002EBC102023B3E2B42D8DFE813F04D00B6
:1013B00057006200700078004100410041007F004A
:1013C0004100A9004100CE00410041004100410020
:1013D0004100410041004100410041004100D9006D
:1013E0004100F60041001801410020014100410088
:1013F00041004100410041004100410041004100E5
:1014000041004100410041004100410041004100D4
:1014100041004100410041004100410041004100C4
:10142000410041004100410041004D010A46B9E739
:101430002068B749036804225B68984763681844CA
:10144000606006B0BDE8F08728463EF0D0FE294631
:1014500002462046FFF7A8FB6068F2E7206829688B
:101460000368CA885B6808319847636818446060FD
:10147000E7E72D68002D00F0498128463EF0B7FED1
:10148000024620462946FFF78FFB6068D9E72968A6
:101490002046CA880831FFF787FB6068D1E72B78C0
:1014A0002068002B00F010819A49C3E70DF116085F
:1014B0002D68C2464FF00009284649460A220023FB
:1014C0003DF0C6FB30320AF8012D284649460A2273
:1014D00000233DF0BDFB4F462E46002F08BF0A2ECD
:1014E00005468946E8D220680368A8EB0A025146FF
:1014F0005B68984763681844606006B0BDE8F08791
:101500002E68002EC0F2F580F7170DF1160845463B
:10151000304639460A2200233DF09AFB303205F866
:10152000012D00230A22304639463DF091FB3B460F
:101530003246002B08BF0A2A06460F46E8D220682A
:10154000A8EB050203682946D2E728683CF082FE32
:1015500041EC100B20460621FFF77AFB606870E72C
:10156000D2E900950DF11608C246484629460A22DE
:1015700000233DF06DFB30320AF8012D4846294624
:101580000A2200233DF064FB2F464E46002F08BF81
:101590000A2E81460D46E8D2A5E7D2E90067002E63
:1015A00077F10003C0F299800DF1160845463046E8
:1015B00039460A2200233DF04BFB303205F8012D5D
:1015C00000230A22304639463DF042FB3B46324674
:1015D000002B08BF0A2A06460F46E8D2AFE720468E
:1015E00092ED000B0921FFF733FB606829E72068C3
:1015F00003687B211B68984763682D884FF6FF7747
:101600001844BD42606047D00126A268D36AE90948
:1016100003EBC10305F07F055B6803EBC5052846B6
:101620002146FFF7A7FEED88BD4235D0206803684C
:10163000002E1B6814BF3A212C2198476368184478
:1016400086F001066060E0E7206803685B211B68A4
:10165000984763682D884FF6FF761844B54260605E
:1016600025D0A268D36AE90903EBC10305F07F0521
:101670005B6803EBC50528462146FFF77BFEED8836
:10168000B5424FF02C0112D0206803681B689847C0
:10169000636818446060E4E7206803687D211B6884
:1016A000984763681844606006B0BDE8F08720681A
:1016B00003685D211B68984763681844606006B042
:1016C000BDE8F08700226DE6036813495B680522D8
:1016D0009847636818446060B3E6206803682D216A
:1016E0001B68984763687642184467EB4707606059
:1016F0005AE7206803682D211B6898476368F7172D
:1017000018447642606067EB4707FEE62A46B8E673
:101710007C3D07006C3D0700743D07002DE9F04F4C
:10172000C04C238ED4F80090A7B0FBB10026E36A2A
:10173000DFF8F882374609E032F0E8FDE36A2F600F
:10174000218E6F600136B2B2914210D9B5B203EB6F
:10175000C505696808460029F1D0D9F800305B68F2
:101760004345E9D048469847E36AE8E7E36AAE4E66
:1017700000214FF6FF72B3422186A2860CD0D9F821
:101780000020AA4D5268AA4240F0C084184632F0A8
:10179000BDFD0423E6626386A168266800232371E9
:1017A00061B1A24D33680A685B68A260AB4208462B
:1017B00056D132F0ABFDA1680029F3D100204FF4DF
:1017C0007A7184F83C0032F039FD994A03460421CD
:1017D00003A83EF019FC03AB964A09A820213EF06D
:1017E00013FC94F83C30002B40F0FC8320224FF097
:1017F000FF3384F83C20A36311AF8A493846F6F7DB
:1018000065FDDDF8448019AEB8F1000F00F0C0802E
:1018100084493046F6F75AFD199D002D00F0B88036
:10182000BDF86820BDF84800A8F80620638F8249FB
:10183000C8F800104FF6FF714FF0040C8B4288F887
:1018400004C000F07484E16A4FEAD31C01EBCC01C0
:1018500003F07F03496801EBC303D88062875FE030
:1018600030469847A16800299CD1A7E72B79042B23
:1018700000F0E583052B00F0E783022B40F0CE83D8
:1018800028463EF0B4FC0E2840F0C8832B78622B2B
:1018900040F0C4836B786C2B40F0C083AB78752B21
:1018A00040F0BC83EB78652B40F0B8832B79742B28
:1018B00040F0B4836B796F2B40F0B083AB796F2B22
:1018C00040F0AC83EB79742B40F0A8832B7A682B23
:1018D00040F0A4836B7A5F2B40F0A083AB7A6E2B31
:1018E00040F09C83EB7A612B40F098832B7B6D2B2F
:1018F00040F094836B7B652B40F090834FF6FF7331
:101900009E423FF479AFF30908EBC30806F07F0667
:10191000D8F8045015EBC6053FF46EAF11AF19AE01
:1019200009A83EF064FC3F4980462846F7F75CF979
:10193000B8F1030F00F2A7835FFA88FCB8F1000F3B
:1019400000F0EC830DF125030CF1FF3153FA81F126
:10195000002209AB13F8010B002808BF42F0010276
:101960009942F7D1002A40F08E839DF824302B70E5
:101970000222BCF1010F2A7107D09DF825306B704F
:10198000944502D09DF82630AB70002305F808304E
:1019900042F210714FF47A7032F050FC274A03463D
:1019A000052104A83EF030FB94F83C30002B40F0B9
:1019B000C68220224FF0FF3384F83C20A3631949EC
:1019C0003846F6F783FCDDF84480B8F1000F00F0EC
:1019D000C68014493046F6F779FC199D002D00F0B9
:1019E000BE80BDF86820BDF84800A8F80620638FC7
:1019F0001349C8F800104FF6FF714FF0040C8B42EA
:101A000088F804C000F09783E16A4FEAD31C01EB29
:101A1000CC0103F07F03496801EBC303D8806287E0
:101A200065E000BF486B0020546B00201176020077
:101A300010400700503F0700E83D0700E83F07005F
:101A4000643F07002B79042B00F0A982052B00F0DE
:101A5000AB82022B40F0908228463EF0C8FB0D2856
:101A600040F08A822B78622B40F086826B786C2B58
:101A700040F08282AB78752B40F07E82EB78652B4C
:101A800040F07A822B79742B40F076826B796F2B41
:101A900040F07282AB796F2B40F06E82EB79742B41
:101AA00040F06A822B7A682B40F066826B7A5F2B5B
:101AB00040F06282AB7A702B40F05E82EB7A692B49
:101AC00040F05A822B7B6E2B40F056824FF6FF730C
:101AD00098453FF474AF4FEAD8130AEBC30A08F0F5
:101AE0007F08DAF8045015EBC8053FF468AF04A886
:101AF0003EF07DFB444980462846F7F775F8B8F17B
:101B0000040F00F0D3825FFA88FCB8F1000F00F0F8
:101B100008830DF111030CF1FF3253FA82F2002118
:101B200004AB13F8010B002808BF41F001019A42F1
:101B3000F7D1002940F0BA829DF810302B700222B4
:101B4000BCF1010F2A7107D09DF811306B709445DC
:101B500002D09DF81230AB70002305F808300C213C
:101B6000002032F06BFB0B210546002032F066FBB3
:101B7000854200DC0130254B254A53F820100091A6
:101B800053F82530202138463EF03EFA94F83C3098
:101B9000002B40F09C8120224FF0FF3384F83C2042
:101BA000A363194906A8F6F791FBDDF81880B8F190
:101BB000000F00F0B68014493046F6F787FB199DF8
:101BC000002D00F0AE80BDF86820BDF81C00A8F81C
:101BD0000620638F0F49C8F800104FF6FF714FF0D1
:101BE000040C8B4288F804C000F09E82E16A4FEA40
:101BF000D31C01EBCC0103F07F03496801EBC30365
:101C0000D880628754E000BF486B0020E052070094
:101C1000743F07007C3F07002B79042B00F086817E
:101C2000052B00F08881022B40F06D8128463EF0A4
:101C3000DEFA0B2840F067812B78642B40F063813B
:101C40006B78652B40F05F81AB78762B40F05B8141
:101C5000EB78692B40F057812B79632B40F053814F
:101C60006B79652B40F04F81AB795F2B40F04B8156
:101C7000EB796E2B40F047812B7A612B40F043814A
:101C80006B7A6D2B40F03F81AB7A652B40F03B8146
:101C90004FF6FF73984584D04FEAD8130AEBC30A76
:101CA00008F07F08DAF8045015EBC8053FF479AF67
:101CB00038463EF09CFABE4980462846F6F794FF27
:101CC000B8F1030F00F205825FFA88FCB8F1000F4B
:101CD00000F021820DF145030CF1FF3153FA81F13F
:101CE00000223B4613F8010B002808BF42F0010216
:101CF0009942F7D1002A40F0EC8102232B719DF824
:101D000044302B70BCF1010F08D09DF845306B704A
:101D1000BCF1020F02D09DF84630AB70002305F8ED
:101D20000830A44A94F83C3019920B2101221A91F0
:101D30008DF86C20002B40F0928120224FF0FF3371
:101D400084F83C20A363009496E80E009A48FDF7BF
:101D500037FA0546002800F0F7819549F6F744FF69
:101D60000423964A2B7194F83C302A60944A1992C5
:101D7000162101221A918DF86C20002B40F07781FA
:101D800020224FF0FF3384F83C20A363009496E8B0
:101D90000E008948FDF714FA0546002800F0CE81B0
:101DA0008349F6F721FF0423864A2B7194F83C30CF
:101DB0002A60854A19921B2101221A918DF86C2004
:101DC000002B40F0508120224FF0FF3384F83C205C
:101DD000A363009496E80E007748FDF7F1F90546F5
:101DE000002800F0AE817249F6F7FEFE0423774A20
:101DF0002B7194F83C302A60754A19920E21012209
:101E00001A918DF86C20002B40F0398120224FF080
:101E1000FF3384F83C20A363009496E80E006648E4
:101E2000FDF7CEF90546002800F091816049F6F7EC
:101E3000DBFE0423654A2B7194F83C302A60654A26
:101E400019920D2101221A918DF86C20002B40F07F
:101E5000128120224FF0FF3384F83C20A3630094CA
:101E600096E80E005448FDF7ABF9054630B15049ED
:101E7000F6F7BAFE584B2B6004222A714FF47A729F
:101E80000025564B1B9256491A951DA840F2016237
:101E9000ADF874508DF8765019931DF001FA9DF845
:101EA0007470002F00F0D480414A069602F1380089
:101EB00006A9CDE90754FFF75DFA1DA81CF0B2FF93
:101EC0000420F8F723FD012027B0BDE8F08F202B78
:101ED000D4D1258F4FF6FF794D453FF462AED4F84B
:101EE0002CA0EA090AEBC20205F07F03556815EB46
:101EF000C3053FF456AEB5F806804FF0010BBBF1B9
:101F0000000F7FF489AEC8453FF44BAE4FEAD813BB
:101F10000AEBC30308F07F085D6815EBC8053FF4C2
:101F200040AEB5F806808BF0010BE8E72D68002D78
:101F30007FF47CAEE7E72D68E888083579E6202B4A
:101F40007FF40DAE258F4FF6FF794D453FF437AD49
:101F5000D4F82CA0EA090AEBC20205F07F03556809
:101F600015EBC3053FF42BADB5F806804FF0010B20
:101F7000BBF1000F7FF466ADC8453FF420AD4FEADA
:101F8000D8130AEBC30308F07F085D6815EBC8059A
:101F90003FF415ADB5F806808BF0010BE8E72D682E
:101FA000002D7FF459ADE7E72D68E888083556E540
:101FB000486B0020DC3F0700806B0020883F070053
:101FC000C43F0700903F0700A83F0700943F070069
:101FD000983F0700D83D0700B46507005C4D070037
:101FE00048530700202B40F08580258F4FF6FF7760
:101FF000BD423FF401ACD4F82C80EA0908EBC202E0
:1020000005F07F03556815EBC3053FF4F5ABEE888B
:102010004FF00109B9F1000F7FF428ACBE423FF444
:10202000EBABF30908EBC30306F07F065D6815EB25
:10203000C6053FF4E1ABEE8889F00109EAE72D68B7
:10204000002D7FF41DACE9E72D68E88808351AE417
:102050000420F8F75BFC384627B0BDE8F08F202B52
:102060003FF471AE0AE7202B3FF4B3AE06E7202B16
:102070003FF48CAE02E7202B3FF4F1AEFEE6202BBE
:102080003FF4CAAEFAE6002309AA8DF86C30236843
:10209000CDF868801992009396E80E002D48FAF763
:1020A00011FB50B3052328602B7171E4002304AAAF
:1020B0008DF86C302368CDF868801992009396E80B
:1020C0000E002448FAF7FEFAD0B1052328602B71E0
:1020D00045E50023CDE919788DF86C30236800932D
:1020E00096E80E001B48FAF7EDFA60B10523286068
:1020F0002B7116E611AF19AE4AE40123237147E4B0
:10210000012323712BE5012323710AE61946484672
:102110009047FFF73EBB02232B71FFE502232B7193
:1021200033E402232B7117E520876287C0E52087FF
:102130006287FFF7F5BB20876287D8E494F83C30CC
:1021400037E694F83C3057E694F83C300EE694F8C5
:102150003C3074E6506B00201A4B1B780BB9002002
:10216000704710B504208AB0F8F758FB90B10024EE
:10217000154A1649ADF80440234601A88DF80640DB
:102180001DF086F868B90420F8F7C0FB0420F8F7C2
:1021900045FB10B900200AB010BDFFF7BFFA0AB026
:1021A00010BD094A0949ADF80440012301A88DF882
:1021B00006401DF06DF80028E5D001A81EF0C0F91A
:1021C000E1E700BFF00501204853070050660020FA
:1021D0000268002A00F055812DE9F043C3B041693F
:1021E00003695678009104464FF44071BB480BF0E8
:1021F0005BFD0028C0F228810420F8F70FFB18B916
:10220000012043B0BDE8F083F8F77AFE05460028C8
:1022100000F05E81012E00F07981A268B04B00923F
:102220001BA8B04A40213DF0EFFE94F80480B8F1BD
:10223000000F40F00D81AC4C424604F110001BA988
:102240001DF02EF8237C002B00F01481A74940F6E6
:10225000FF7204F110001DF083F8064604F110002F
:102260001CF0E0FD002E40F30581A14F9F49384648
:1022700001F80680F5F7A8FF0A238DF811309B4975
:10228000049A87F83C803846FBF71CF810F0FF0FE3
:1022900040F0F08097F83C30202B00F05A81402B22
:1022A00040F0E88007F13808464691494046F5F786
:1022B000E9FF092800F348818E4C00252046F5F7F8
:1022C00083FF204684F83C50F5F77EFFDFF80CC210
:1022D00084F83C5004F138012BA84FF00A034FF06A
:1022E0000002CDE92B452D958DF8B8508DF8C150E1
:1022F0003194CDF8BCC0FEF7C9F80546002840F07F
:10230000A5819DF8C030002B00F0A58194F83C30E9
:102310001B0740F1A0812C98002800F015810325AF
:102320002B9B75491A6813685B688B4240F0A98142
:1023300031F0ECFF002D40F007816D494046F5F784
:10234000A1FF6B49054605A8F5F7C0FFDDF814901D
:10235000B9F1000F19D0674ACDF8389002F1380072
:102360000EAB2BA9CDE92B340F97BDF81840FDF724
:10237000EDF93A79002A00F073815D494846F6F795
:1023800033FCBB8EA9F80030BC8659494046F5F7AE
:1023900079FF0135A84240F0D7803C79002C40F00D
:1023A000D380564A1BAB40212BA83DF02DFE2BA914
:1023B0005348F5F743FE4FF47A71524B109112A82F
:1023C00040F201622BA90E930F94ADF848408DF8AE
:1023D0004A401CF065FF9DF84830002B78D0444AF5
:1023E0000EAB02F1380005A90593CDE90647FEF7CB
:1023F000C1FF054612A81DF009FB12A81CF012FD32
:10240000002D00F048813E481BA9F5F717FE002873
:1024100000F041813C49ADF814402BAA234605A8A1
:102420008DF816401CF0B4FE002851D036491BAA86
:1024300005A81DF09DF800284AD00420F8F766FA98
:10244000FBF7D6F90020DCE6032043B0BDE8F083BB
:1024500000232B49ADF8AC301BAA2BA88DF8AE3069
:102460001CF016FF054600285FD00420F8F74EFA4E
:102470000520C6E60420F8F749FA022043B0BDE87B
:10248000F083042070474FF47A711E4B2D912FA8D2
:1024900040F201621BA92B932C95ADF8BC508DF82E
:1024A000BE501CF0FDFE9DF8BC308BB10F4922469A
:1024B0002FA81DF00FFB05462FA81DF0A7FA2FA887
:1024C0001CF0B0FCAC42B8D01BA90D48F5F7B6FD26
:1024D0000420F8F71BFA042093E600BF2C7D0020AF
:1024E000D84E07006C3C070094060120146D0020B4
:1024F0005CC40020DC6A002011760200F83F07006F
:10250000506600205C4D0700946A00200023634A57
:102510006349ADF8AC302BA88DF8AE301CF0B8FE96
:102520000028D5D0A2685D4B79E6D4E90421236860
:102530000093CDE901215B48D4E902234FF4805197
:102540000BF044FD041E9EDA0420F8F7DFF90320A7
:1025500057E63B8F4FF6FF794B4551D0D7F82C808B
:10256000D90908EBC10103F07F024B6813EBC203EA
:1025700046D0DE887DB94E4542D0F20908EBC20252
:1025800006F07F06536813EBC60339D085F00105CA
:10259000DE88EDB2EEE71A79042A50D0052A4AD037
:1025A000022AE8D118461C463DF021FE0728E2D158
:1025B0002378632BDFD163786F2BDCD1A378752B65
:1025C000D9D1E378722BD6D12379732BD3D1637908
:1025D000652BD0D1A379732BCDD14FF6FF739E42DB
:1025E0000ED0F30908EBC30806F07F06D8F80430D4
:1025F00013EBC60604D03379402B01D1B04654E624
:10260000294B2B93072100222C918DF8B4200097A1
:102610002BAB0ECB2548FCF7D3FD064600283FF434
:1026200029AF2349F6F7E0FA40224FF0FF33327129
:102630003360B04639E61C68E0880834B6E71C68A9
:10264000002C98D020463DF0D2FDAFE72C98002812
:102650007FF466AE78E72C9800287FF461AE6CE6D4
:1026600073884FF6FF718B420FD0FA6AD90902EBDB
:10267000C10203F07F03526802EBC303DC80748065
:1026800083E601461046984754E664F30F0264F36C
:102690001F42326079E62BA917E700BF38530700C5
:1026A00050660020146D0020F03F070094C4002005
:1026B0005CC400202DE9F0433F4C404F94F830209B
:1026C00094F82F3094F8311097B0CDE90032029190
:1026D00007AE0021CDE90B1194F82E30A28D0D919B
:1026E0000E918DF83C1030460D2108F07FFF94F8D4
:1026F000312094F83030CDE900320DF1100894F813
:102700002F3094F82E204046092108F0F3FF7B7803
:10271000012B0DF12C0939D0294D97F802C00FCDAE
:1027200010AC0FC495E80300264B109784E8030013
:10273000BCF1000F18BF334610A81293CDE91386E1
:102740008DF844C0CDF85490FFF742FD1E4B187031
:1027500060B11E4A1E49136803F59C5308336FF09D
:102760000C001360086017B0BDE8F083184C2368B4
:1027700001331CD1154A136803F59C5308334FF0FD
:10278000FF311360216017B0BDE8F08394F830206A
:1027900094F82F3094F831100291CDE90032484678
:1027A00094F82E30A28D112109F006F8B4E731F02B
:1027B0006BFD084B1860DDE7F0E400201861002095
:1027C000884E07000CE2002004E20020B4E2002062
:1027D0002062002060FF002038B5284D284C297861
:1027E000204608F075FC02282FD003281FD00128AE
:1027F00016D02278234C042A09D9236801332DD11D
:10280000214A136803F59C530833136038BD2168CF
:102810006FF00A039B1A9942F2D000222A6025E049
:1028200031F032FD0146204608F0A6FDE1E7154CE7
:10283000236801330DD1144A136803F59C53083300
:102840004FF0FF311360216038BDBDE83840FFF71D
:1028500031BF31F019FD0D4B1860ECE700232B6000
:1028600031F012FD094A4FF0FF331060064A236031
:10287000136803F59C530833136038BD6CFF0020C8
:102880001861002020620020B4E2002060FF0020D8
:102890002DE9F04F934C238ED4F800B095B0074645
:1028A00088460BB30026E36ADFF840A2B1460BE08E
:1028B00031F02CFDE36AC5F80090218EC5F8049034
:1028C0000136B2B2914210D9B5B203EBC5056968C1
:1028D00008460029EFD0DBF800305B685345E7D0AD
:1028E00058469847E36AE6E7E36A7F4E002222866D
:1028F000B3424FF6FF72A2860CD0DBF800207B4D6E
:102900005268AA4240F0E780184631F0FFFC0423E9
:10291000E6626386A16826680023237169B1734D5E
:1029200033680A685B68A260AB42084640F0878063
:1029300031F0ECFCA1680029F2D100254FF47A7146
:102940006B4B09912A466B4907930BA884F83C50BE
:102950000895ADF82C508DF82E501CF0A1FC9DF878
:102960002C30002B79D1002F4AD038463DF03FFC67
:1029700094F83C300590002204978DF81820002B25
:1029800064D0202B3CD1009404AE96E80E005A4847
:10299000FCF716FC0546B8F1000F7FD040463DF02D
:1029A00026FC074665B34F492846F6F71DF9032F65
:1029B00015D85FFA87FC002F00F091800CF1FF30F2
:1029C00058FA80F008F1FF33002213F8011F0029A4
:1029D00008BF42F001029842F7D1002A64D00023D8
:1029E000CDE904878DF818302368009396E80E002F
:1029F0004248F9F767FE00286AD0052328602B714A
:102A00003C4940F201620BA81CF04AFC9DF82C30B6
:102A1000002B3CD0334A07AB02F1380004A90493E1
:102A20000023CDE90534FEF7A5FC0BA81CF0FAF94C
:102A30000420F7F76BFF012015B0BDE8F08F30469A
:102A40009847A16800297FF46BAF76E720224FF00A
:102A5000FF3384F83C20A36395E7294940F2FF1235
:102A60000BA81CF07DFC06460BA81CF0DBF9AE425F
:102A70007FF779AF0A2322498DF80D30039A194860
:102A80008D55FBF72FF810F0FF0F3FF46CAF0420CB
:102A9000F7F73CFF002015B0BDE8F08F0028AFD05D
:102AA0001049F6F7A1F8ABE702232B7198F8003034
:102AB0002B70BCF1010F08D098F801306B70BCF19D
:102AC000020F02D098F80230AB700023EB5597E765
:102AD0000123237194E719465846904717E70223CC
:102AE0002B71F2E7486B0020546B00201176020036
:102AF0005C4D070048530700806B0020506B00209E
:102B0000A090002070B584B06C46214609F0F6FF15
:102B100018B90025284604B070BD02AE31462046E3
:102B20000AF074F8114B1B78002BF2D00420F7F751
:102B300075FE0028EDD00E483146FFF7A9FE054688
:102B40000028E6D094E803000A4A0B4B10609180FD
:102B500096E803009980090C1860997107480121D3
:102B600007F006FF284604B070BD00BFF005012045
:102B7000D83D07003C6B0020886B002000C400207B
:102B80002DE9F04F8D4BDB68D90197B003D58C4B05
:102B90001A68D20711D432F08FFD8A4B8A4DA0FB00
:102BA0000301830A43EA815031F044FB2B7863B977
:102BB0000026304617B0BDE8F08F5868824D800976
:102BC00031F038FB2B78002BF2D04FF000087F4A11
:102BD0007F49ADF8288043460AA88DF82A801CF06A
:102BE00057FB064658B90420F7F718FE0028DFD037
:102BF000FEF794FD0646304617B0BDE8F08F754CE1
:102C00002A78DFF8F09104F1480754F804AC8DF805
:102C10002880002A70D033F03BFCD9F80000042152
:102C20000AF012FC00286CD133F03CFCD9F80030DB
:102C30002B78D4F800B0002B5BD00420F7F7EEFD22
:102C400000286FD12A780834A742DED100238DF8FE
:102C50002830002A6ED00420F7F7E0FD002869D064
:102C60005D4830220AA9FAF7D5FF002862D02A78F9
:102C700000238DF82830002A00F08F800420F7F719
:102C8000CDFD002800F08980544830220AA9FAF7C7
:102C9000C1FF002800F081802A7800238DF82830B9
:102CA0005AB10420F7F7BAFD38B14D480AA93022CD
:102CB000FAF7B0FF00287FF47CAF02AF42F2107148
:102CC0004FF47A7031F0BAFA464A03460521384685
:102CD0003DF09AF92B78002B3FF46BAF0420F7F707
:102CE0009DFD00283FF465AF39463D48FFF7D0FD14
:102CF0005FE70834A7421AD00834BC4217D000223C
:102D0000A1E70421D9F800000AF0AEFBC9F80000E1
:102D100033F0C8FB30220AA95046FAF77BFF00289F
:102D200090D185E759465046FFF7B2FD8AE7002368
:102D30008DF828300C21002031F080FA0B21044658
:102D4000002031F07BFA8442D8BF0130264B274A5D
:102D500053F82010009102AF53F824303846202158
:102D60003DF052F92B78EBB98DF828304FF47A7199
:102D7000002031F063FA1E4A0346202138463DF018
:102D800043F92B785BB10420F7F748FD002883D086
:102D900039461248FFF77CFD7EE702AFE6E78DF883
:102DA00028308BE70420F7F739FD00283FF45FAFA8
:102DB00039460948FFF76CFD59E700BFF0ED00E028
:102DC000001000E040420F00F005012048530700CA
:102DD00050660020905307007C3F0700E83D070045
:102DE000643F0700E83F0700E0520700743F070018
:102DF0000040070020E200202DE9F043B84BB94A1B
:102E000019689142ADF5317D12D0B74A19689142E7
:102E100000F0C380B54A1968914200F0D280B44AEC
:102E20001968914200F0A0810DF5317DBDE8F08375
:102E30009A88542AE9D10420F7F7F0FC00240028EE
:102E400000F075814FF47A72AA4B0592AA49039358
:102E500007A822460494ADF81C408DF81E401CF0D3
:102E60001FFA9DF81C30002B00F0928130A940F22F
:102E7000FF1207A81CF074FA054607A81BF0D2FF42
:102E80000420F7F743FD002D40F3B08130AB0A2654
:102E90005C558DF8096019468DF844404FF4802345
:102EA00012948DF87C40029A944F10974FF6FF745D
:102EB00010A813ADCDE91B53ADF87440ADF87E40BA
:102EC000FAF710FEC0B2002840F096819DF87C30E1
:102ED000202B40F0A880BDF87820A24200F0958118
:102EE0001B9BD10903EBC10302F07F025B6813EB6C
:102EF000C20300F06481DA88814F824E4FF6FF747E
:102F0000002B00F090801979042900F06D810529CB
:102F100000F06781022918BF0023A24271D01B99DB
:102F2000D00901EBC00102F07F0C48684FEAD219CA
:102F300010EBCC02E04609D01179042900F04E8153
:102F4000052900F04781022918BF00224021009284
:102F500020A83A463DF058F820A83DF048F920A9AD
:102F600082B2304625F020FC0A2031F099F91B99F5
:102F700001EBC909D9F8042012EBC80253D0D38859
:102F8000A34250D0DA0901EBC20103F07F024B6883
:102F900013EBC20347D0DA88B2E71A793A2A7FF4F2
:102FA00039AF594B1B7800228DF88020002B75D14A
:102FB000564954480E2225F0F7FB0DF5317DBDE84A
:102FC000F0831A793A2A7FF42AAF51483D213DF027
:102FD000DEF800220446002800F0F6804A4B02701A
:102FE0001B782BB10420F7F719FC002840F0D9809A
:102FF000484944480F2225F0D7FB0DF5317DBDE847
:10300000F08300224021009220A83D4A3CF0FCFFC2
:1030100020A83DF0ECF820A982B23A4825F0C4FB84
:103020000A2031F03DF93C493648042225F0BCFB2A
:103030001298109F60B1394C3B6802685B6812922D
:10304000A3426DD131F062F912980028F4D1109F9B
:10305000BDF87030002B73D000261B99DFF8BC90B0
:10306000B0460CE031F052F91B99C4F80080BDF86D
:103070007020C4F804800136B3B29A4261D9B4B268
:1030800001EBC40460680028EFD03B685B684B45E7
:10309000E8D00146384698471B99E6E70420F7F741
:1030A000BDFB002884D01A48302220A9FAF7B2FDCF
:1030B00000283FF47DAF20AB0093114A144B30A899
:1030C00040213CF0A1FF30A83DF091F830A982B238
:1030D0000C4825F069FB0DF5317DBDE8F08300BF9C
:1030E00044800020534C495353474554535345544F
:1030F000535245535C4D070028400700B460002040
:103100006040070098E40020F005012074400700AB
:10311000498000209C4007006C40070011760200A7
:103120000146384698471298002885D18FE73D49D7
:103130003D480C2225F038FB0DF5317DBDE8F083CC
:103140001B9900224FF6FF73A942ADF87020ADF82D
:1031500074303FF469AE3B68344A5B68934230D1C7
:10316000084631F0D3F85FE6998845F2454291422E
:103170007FF45AAE9B79002B7FF456AEFEF7ECFF3E
:10318000002844D12A4928480F2225F00DFB4BE6A0
:103190000420F7F7BBFB274923480C2225F004FB4A
:1031A00042E62548611CFFF773FB00283FF420AF7F
:1031B000214B224A30A840213CF026FF83E72246DB
:1031C0009AE6384698472FE61D4917480C2225F005
:1031D000EBFA29E650F83C200832B7E650F83C20DC
:1031E000B4E61B68083398E61B6896E615490E4856
:1031F0000A2225F0D9FA17E613490B48324625F082
:10320000D3FA10A8F4F786FF0EE6034674E60F49DA
:103210000548092225F0C8FAC82031F041F8F4F732
:1032200051F800BF1840070098E400201176020012
:10323000B84007003840070049800020944007004C
:10324000844007004840070054400700AC40070096
:1032500070B5274D2748284C284E26F025FF2846D4
:10326000122125F0B5F900222846112125F0C8F9D0
:103270002846F42125F0B0F9284624F081FE2046A6
:103280000C2125F0A5F920461122002125F0B8F9DE
:103290002046F42125F0A0F901221949194D2046B4
:1032A00025F0B4F9204624F06BFE3046102125F0BD
:1032B0008FF900223046112125F0A2F93046F42181
:1032C00025F08AF9304624F05BFE2846122125F0CD
:1032D0007FF928460022112125F092F92846402145
:1032E00025F07AF92846BDE8704024F049BE00BFB9
:1032F000D0E3002080E4002028E4002078E30020D0
:10330000C19F020098E4002070B5284E2848294C3F
:10331000294D82B026F0C8FE30460C2125F058F920
:1033200030461122002125F06BF93046402125F06E
:1033300053F901222149304625F068F9304624F03E
:103340001FFE2046102125F043F9204600221121BE
:1033500025F056F92046602125F03EF9184920460F
:10336000012225F05BF9204624F00AFE0026012206
:103370000DF1070120468DF8076025F071F9284608
:10338000022125F025F932462846112125F038F989
:103390002846022125F022F9284624F0F1FD0949AA
:1033A0002846022225F05CF902B070BDEC6B0020CB
:1033B000A8920020446C00209C6C002055780200EC
:1033C000217302008853070070B5274C274D82B047
:1033D00001260A23204600966422F72127F082F96D
:1033E00000223146204627F091F92046042127F09B
:1033F0004BFB20461E4925F0E5FE20461D4925F0E1
:10340000E3FE00231A46194604F1200026F008FACC
:1034100004F12000002126F01BFA04F120001649D7
:1034200026F0DAFA0C220621204625F0C1FE1348C8
:1034300027F038FD284612490F2227F0A7FD28461D
:103440001049112227F09AFD0F491222284627F031
:1034500099FD284627F0D4FDFFF7FAFEFFF754FF49
:103460000A4B1E7002B070BDCC4A01209CE10020C6
:1034700011790200A57902001D7302002CE10020E1
:10348000F83D0700C8400700DC40070020E10020AD
:1034900010B50E48F7F740FC10B90D48F7F73CFCA3
:1034A0000C4B1B780BB9FFF78FFF0B4B0B4801241C
:1034B00021461C7027F036FB0848FA2127F036FB1E
:1034C000FAF76CFD064B1C7010BD00BF00127A00AD
:1034D00080841E0020E1002028E10020CC4A012049
:1034E000DCE0002030B53C4B1B7891B00BB9FFF706
:1034F0006BFF3A4B1A78012A3CD0022238481A70E6
:1035000024F022FC364824F02FFB364824F02CFB14
:10351000354825F02DFE044660BB344B5D7865B31D
:10352000334908A809F07AFB1F28054622D101A8D3
:1035300009F090FB2F492C4827F07EFA28480121FA
:1035400024F030FBA0221146254824F02FFB24480C
:10355000214624F033FB2A4608A9214824F0F4FA36
:1035600001A9054619221F4824F0EEFA00B165BBF7
:10357000F6F7E0F9002011B030BD1948012124F020
:1035800011FB1C49184827F057FA0621144824F06B
:10359000C3FA1949124824F063FA114824F076FA64
:1035A00029460F4824F00AFBF4220D48202124F07C
:1035B000FDFA0B481E2124F0F3FAF6F7BBF9294671
:1035C000074824F05BFB11B030BDF6F7B3F9214694
:1035D000034824F053FBCEE720E1002028E100203F
:1035E0000C51012048510120CC4A012000C4002088
:1035F0003C6B0020F0400700A892002010B5013875
:1036000084B0052814D8DFE800F02C2C24300315F2
:10361000224B1B7863B1224B1B784BB130F034FE48
:10362000204B00F6AC50186030F02EFE1E4B186098
:1036300004B010BD194B1B785BB11C4A13884FF6C0
:10364000FF719BB28B4204D01188194889B227F0D0
:10365000B1FA184B1B78022BEAD1174824F074FBFF
:10366000E6E7FFF73FFF04B010BD144C01A8227835
:10367000092109F001FB2378023323700028D7D0F9
:10368000064B1B78002BD3D0054B1B78002BCFD0DB
:1036900082B201A90A4825F087F8C9E7466B0020E5
:1036A000436B0020906B0020F46C0020C46000206D
:1036B000CC4A012028E100200C51012096B30020C3
:1036C000446C00202DE9F04F5F4B604F1D78BE78B1
:1036D00089B0002D39D15E4C0DF10C0B5D495E486F
:1036E000DFF8B4E15D4B00220A704A705C49027059
:1036F0000A705C485C4902700A705C485C49027060
:103700000A705C485C498EF800201A700A70CBE998
:103710000122CBE903220392027030F0B5FD01468D
:10372000227803914FF00108594648488DF814203B
:103730008DF81C8007F04EF9FFF760FF16B10DB948
:1037400087F8028009B0BDE8F08F414C0346FEB116
:10375000227802F0FF05002A58D10BB12378CBB9AB
:103760000DF10C0B227832B144490A884FF6FF70F4
:1037700092B2824255D1DFF8248198F80020022AC3
:10378000ACD13F4824F0E0FA002288F80020A5E7F9
:103790003546E2E73B4A137803F0FF0A002BDFD0FF
:1037A0002378002B4CD0137803F0FF05002B47D073
:1037B00030F06AFDDFF8E88000F6AC590DF10C0B33
:1037C00006E0314B314AC3F800261E2030F068FD78
:1037D00030F05AFD0346A3EB0903002B4FF009011B
:1037E00058462FDA2378002BBCD098F8002009F037
:1037F0005DFA98F80030023388F800300028E0D0F5
:1038000082B25946224824F0CFFFDAE71D4A1278E7
:1038100002F0FF05002AA0D00190F3F701FF019B01
:103820009BE709881B48DFF8748089B227F0C2F94A
:103830000022227098F80020022A7FF44FAFA0E700
:103840000DF10C0B55468DE720E1002000C400204F
:10385000466B002030C40020418000209D90002055
:10386000FA920020E86B00202A7D0020C092002000
:1038700032800020358000201C7D0020C4600020A4
:103880000C510120436B0020000001403546526E70
:10389000446C0020CC4A01204280002028E1002016
:1038A00096B30020F0B5144C237885B02BB1134D9E
:1038B0002B7813B1124E33783BB9124B0020207095
:1038C0001870FFF7FFFE05B0F0BD0F4F01A83A7862
:1038D000092109F0D1F93B7802333B700028ECD084
:1038E0002B78002BE9D03378002BE6D082B201A9E7
:1038F000064824F059FFE0E7C0920020466B002004
:10390000436B00202A7D002096B30020446C0020E9
:103910002DE9F04F9C4E3378ABB023B19B4C23780C
:10392000002B00F01C81DFF8D082994F98F80050EE
:103930007B5D002B66D0DFF8C4A212AC04E098F8DF
:1039400000507B5D002B5DD01AF80590914BB9F1CA
:10395000200F28BF4FF0200903EB45114A462046AF
:103960003BF034FC002285F00103494620467A559D
:1039700088F8003009F038FC00286BD149466A46C7
:10398000204609F00DFC01280546D8D1824B1B7852
:10399000062BD4D104A968460DF1080909F036F9BF
:1039A000494604A809F0AAF80DF1180B0346594638
:1039B0004846002BC3D009F029F9784B1B78042026
:1039C000002BBCD0F6F72AFF034659467448002B5B
:1039D000B5D0FEF75DFF734A734BDFF800C20028D5
:1039E000ADD099E80300106091809BE803008CF84B
:1039F000005098F8005018600A0C99809A717B5D0D
:103A0000002BA1D1694C2368002B40F0838030F05B
:103A10003BFC674A1368C31A002B0DDB654B1B7810
:103A20006430106043B1337833B1584B1B781BB10D
:103A30002268002A00F0E4805F4B1B788BB15F4B5B
:103A40001B7823B15E4B1B78022B00F021812BB039
:103A5000BDE8F08F5B4B187030F016FC5A4B1860C5
:103A60008CE712ACC4E90133C4E90333129330F09C
:103A70000BFC564B12901968337832788DF8503021
:103A8000139102F0FF0312B1404B1B78DBB24D4D96
:103A90008DF851302B786BB130F0F6FB4A4B1A6839
:103AA00040F6B833801A984204D82B78022B18BFFE
:103AB000012300E00023464A464E474D8DF8523020
:103AC000002317781370327844488DF8542021462B
:103AD000434A2C788DF855402F4C2B700578037095
:103AE00010788DF856508DF85700257833702046A1
:103AF00013708DF8537006F06DFFFFF77FFD042DF6
:103B0000A5D12378052BA2D1002FA0D1354B0122BE
:103B10001A709CE730F0B8FB3378EBB12368C31A16
:103B2000002B19DA30490B68C31A002BFFF66FAF70
:103B30002E4D1E3008602A7812A8092109F0B6F827
:103B40002B7802332B7000283FF461AF82B212A9A8
:103B5000274824F029FE5AE70023236057E730F076
:103B600093FB244A1368C31A002BFFF6DCAE00F166
:103B7000FA031F48136024F0AFFD00283FF4D3AED2
:103B800001232370CFE600BF466B0020436B00206B
:103B900030C4002054B3002000C40020F0050120F0
:103BA000D83D07003C6B0020886B0020906B002004
:103BB000247D002020E100202A7D0020328000208A
:103BC00028E100201C7D0020A49200201006012086
:103BD000428000209D90002041800020FA92002029
:103BE000E86B002035800020F46C002096B30020A4
:103BF000446C0020946B00203A6B002094B30020AA
:103C0000304C314BA08DE18D0892A3FB00530992FB
:103C10005B09642202FB130349BA94F830008DF863
:103C20002030D4E90089D4E90223ADF81E1094F8BD
:103C300028108DF818108DF8190094F8311094F8A8
:103C400032008DF81A108DF81B00A18E6069ADF856
:103C50001C10CDE90C23CDE90A893AF0FBFA0246A3
:103C60000B46E069CDE90E233AF0F4FA06AA0446C1
:103C70000D4612A86021CDE9104509F031F8002861
:103C80003FF4DAAE82B212A9104824F08DFDD3E6DB
:103C90003378002B7FF4DBAE0D4823F08BFF002838
:103CA0007FF4D5AE0B4C30F0EFFA2368C01AB0F5B4
:103CB0007A7FFFF4CCAE30F0E7FA2060FFF712FC19
:103CC000C5E600BFF0E400201F85EB51446C0020E6
:103CD0000C5101208C800020F8B5AD4C236803F115
:103CE0000F02042A45D95F1C23D09E1D45D013F135
:103CF0000A0F00F094801D1D73D0581D00F02F8214
:103D0000D91C00F0BD8013F1090F00F0B5819A1C99
:103D100000F035815A2B2BD19E4B1B68002B57D0BE
:103D20009D4B01221A70F5F735FCBDE8F840F3F71A
:103D300049BF984B1B68002B3DD0012B00F08581BB
:103D4000022B00F06981032B00F0A481934B5A7879
:103D50002AB91B78012B02D8914B01221A70914A83
:103D6000136803F59C5308336FF00501136021605D
:103D7000F8BDBDE8F840FEF72FBD864B1D68002D4D
:103D8000D3D0012D00F05281844B1B78012B40F2DF
:103D90009F80854D85493F2228463CF042FA814A62
:103DA0001368002003F59C530833642185F83F0015
:103DB00013602160F8BD7E4A7E49012313700B70A9
:103DC00030F062FA7C4B7D4A1B681060002B78D083
:103DD000744A136803F59C5308330521136021606E
:103DE000F8BD6C4B1868002800F085814FF08043C7
:103DF000D3F8385415F0010540F096806A4B7049AD
:103E000018463F223CF00DFA664A80F83F5013688E
:103E100003F59C530833642113602160F8BD5D4BAA
:103E20001B6853B9674B1B78002B70D15D4A136830
:103E300003F59C5308331360F8BD5A1E012A00F2A3
:103E40009380012B5F4B1B7800F06681002B00F004
:103E500030815D4B1A78002A00F02C815B4A127881
:103E6000002A00F0278130F00FFA594B00F6AC50D1
:103E7000186030F009FA574B4A4A18601368D7E7C0
:103E8000554B1B68002B3FF450AF424B53491B6806
:103E9000534A03EB430001EB00101360F6F734FCC8
:103EA0000546002800F052813E4A4E48136803F54B
:103EB0009C53083301256FF00701136005702160E2
:103EC000F8BD494B1B68002B82D1F3F7EDFC7FE76F
:103ED000464B1B78002B3FF45CAF0420F6F79EFCAA
:103EE00000283FF456AF42494248FEF7D1FC002873
:103EF0003FF44FAF404C414A4149002323701360C7
:103F000093800120BDE8F8400870F3F75BBE3D4B9D
:103F100001221A70FFF7E6FA3B4B1B78002B85D085
:103F20003A4823F047FE81E71E4E0020FFF7CAFB08
:103F3000336841F288373B446FF0040233602260FB
:103F4000F7F7F4FD054600287FF412AF164B304911
:103F500018463F223CF065F9326880F83F50D3198B
:103F6000642233602260F8BDFFF79CFC0D4A1368A1
:103F70006FF0050103F59C530833216058E7254B8A
:103F80001B78002B3FF4D1AEF6F70EFFCDE600BF55
:103F9000206200206CFF00204280002000C400202E
:103FA0009D900020B4E200203062002048410700CC
:103FB00040E30020E10101201CE20020E401012097
:103FC000CC4107002A7D0020466B0020436B002077
:103FD000906B0020F46C0020DC0101202002012005
:103FE00078620020E005012008060120F00501208C
:103FF000B4650700D83D0700886B00203C6B0020AB
:10400000E86B00203280002020E100200C510120CC
:10401000E8410700DCE00020524A136803F59C5396
:1040200008336FF0030113602160F8BD0020FFF733
:1040300049FB4C4A4C4913680D7003F59C530833F7
:104040006FF0090113602160F8BDF6F72FFB474BB5
:10405000474A1B7800211160002B5AD0F3F708FD66
:10406000002856D03F4A136803F59C5308336FF07D
:10407000020113602160F8BD3E4B1B68002B59D133
:10408000384A136803F59C5308336FF00701136037
:104090002160F8BD384B93F828203AB193F82930C5
:1040A00023B1F3F747FF00287FF462AE334D344964
:1040B00071E6344B1A78002A4BD0334A1278002A22
:1040C0003ED01B78002B3BD0304B1B78002B37D0D9
:1040D0002F492A483F223CF0A4F8284B002283F8BD
:1040E0003F20FFF7DFFB1F4A1368642103F59C5351
:1040F000083321609CE6FFF7E5FAFFF7C9F9194A92
:10410000136803F59C5308336FF0010113602160BD
:10411000F8BD1A4D1F493EE6002BCAD0F3F780FACE
:104120000028C6D01C480F4A0178136881F00101AD
:1041300001707DE6F6F7BAFABDE8F840F3F742BD44
:1041400016490E483F223CF06CF8C6E70B4B144969
:1041500056E6144909483F223CF063F8BDE7F7F7FB
:1041600039FD00BFB4E200202A7D0020F0050120C7
:10417000DC0101206CFF0020F0E400203062002010
:1041800024410700466B002020E10020436B002003
:10419000AC41070004410700C0920020884107009D
:1041A00008420700684107002B4B2C4A2C4870B589
:1041B000C3F8002614F08CFA0021042033F042FBEF
:1041C00001210520274D33F03DFB092445F0010571
:1041D0000021052033F0BAFB4FF4A070A84701215D
:1041E000052033F0B3FB4FF4A070A847013CEFD19A
:1041F0000121042033F026FB2146042033F0A6FBE6
:104200004FF4A070A8470121052033F09FFB4FF425
:10421000A070A847104C114E0121042033F096FBEA
:104220004FF4A070A8470E48C4F8006614F0D6F901
:104230000D490B4814F02EFA01223C210B48C4F81A
:10424000006628F02FFF0A4B0848197828F074FB05
:10425000C4F8006670BD00BF000001403546526ED4
:10426000EC39012070530700801A06005CE2002040
:104270001D7D002010B530F007F80446074828F0EF
:1042800047FF30F001F8001B642800D810BD044B34
:104290000022BDE810401A70FFF786BF5CE20020E4
:1042A0004080002000000000F0B5A74C9BB0F5F75F
:1042B000CFFC2378002B00F0C680A449A448A54C6D
:1042C0002EF0C2FFA44BA24819780A222FF026FA3A
:1042D000A2499F482EF0B8FFA14B9D4819780A22A9
:1042E0002FF01CFA9F499A482EF0AEFF94F8283020
:1042F000002B40F09E809C4995482FF035F82FF018
:10430000C3FF0146994807F0A7FF0546002840F083
:10431000E98094F82830002B00F0C38094498C4841
:104320002EF092FF2FF0B0FF924B0146A3FB01311C
:104330000A22890986482FF0D9F98F4984482FF03D
:1043400013F894F82B1094F82A0007F07FFF012847
:1043500000F0DA80022800F0DC80002800F0DE8027
:10436000864C2FF091FF864B22681B68801A98427A
:1043700000F29C80834C844975482EF065FF2068CC
:1043800039F068FF68A3D3E9002339F003FE68A37E
:10439000D3E9002339F0B6FF3AF064FA6428A8BFE5
:1043A00064200A2220EAE07169482FF053FA774925
:1043B00067482EF049FF206839F04CFF41EC100BA4
:1043C000022163482EF0A0FF0127714960482EF0BA
:1043D000CBFF5F48009780233F22002127F09AFB04
:1043E0006C4B6D48197802AC1023CDE90043802254
:1043F0001C2308F0D1FF002817DD00EB4000544ECD
:1044000004EB4005B4F90430C3F13F02002B12B2B3
:10441000304607DDCDE90037B4F90230B4F90010B9
:1044200027F0A6FB0634AC42ECD1FFF723FF1BB00C
:10443000F0BDA06939F00EFF41EC100B012144489A
:104440002FF052F85BE7554941482EF08DFF237855
:1044500043B9534B1B78022B04D952493C482EF0E8
:1044600083FF03E050493A482EF07EFF4F49384819
:104470002EF07AFF4E4936482EF0E6FE2FF004FF6C
:104480003C4B0146A3FB01310A22890930482FF039
:104490002DF939492E482EF067FFFFF7EBFE1BB0D0
:1044A000F0BD44492A482EF0CFFE3BE72FF0ECFE4A
:1044B00003462020236033F097F939F0A9FE1EA3AC
:1044C000D3E9002339F01EFF3AF014FA39F0C2FEA6
:1044D0001BA3D3E9002339F015FF3AF00BFA294C5E
:1044E000206048E734491A482EF0AEFE29460A22D9
:1044F00017482FF01BF994F82B1094F82A0007F0B6
:10450000A5FE01287FF426AF2C4911482EF02CFF80
:1045100026E72B490E482EF027FF21E729490C48B2
:104520002EF022FF1CE700BF6666666666660A40DC
:10453000721CC7711CC75B40CDCCCCCCCCCC4C3FE3
:10454000FED478E9263108403CE50020804207008F
:104550005CE20020F0E4002059E50020683A070002
:1045600058E5002088420700904207005CE50020E3
:10457000A8420700D34D6210B03D070020F500208F
:10458000D860002024F500200043070008430700FE
:104590000C43070044E5002048E5002030420700B6
:1045A0009C900020444207005442070064420700E8
:1045B00078420700B842070094420700D84207003B
:1045C000F0420700C442070008B5F5F741FB274851
:1045D000012127F0FDFF264924482EF0C5FE23487F
:1045E0002EF012FF2148022127F0F2FF214B1B7809
:1045F000002B31D020491D482EF0B6FE1B4801216A
:1046000027F0E6FF19482EF0FFFE1C4B1B7843B342
:104610001B4916482EF018FE1A4A1B4B12681968DF
:104620001248642303FB02F30A22B3FBF1F12FF0DB
:104630005DF816490D482EF097FE0C482EF0E4FE6A
:104640000A48012127F0C4FF114908482EF08CFECA
:10465000BDE80840FFF70EBE0E4904482EF084FE68
:10466000CCE702482EF0D0FEE7E700BF5CE2002076
:1046700010430700E4E000202843070029E1002060
:1046800040430700E0E000201CE100204C4307000D
:104690005043070034430700F0B5494C83B0F5F7A9
:1046A000D7FA637847480121002B47D027F090FFC5
:1046B000454944482EF058FE637800228DF80020CA
:1046C000002B6BD0414B1A786F46002A68D14049C5
:1046D0003C48404E404D414C2EF0B6FD39463948DD
:1046E0002EF0B2FE3748022127F072FF31683548BC
:1046F00000290CBF294621462EF0D4FD3849314807
:104700002EF032FE31682F4801290CBF2946214680
:104710002EF0C8FD33492B482EF026FE316829487B
:1047200002290CBF294621462EF0BCFD2E49254802
:104730002EF01AFEFFF79EFD03B0F0BD27F048FFF4
:104740002A4920482EF010FE1E482EF05DFE2378E8
:10475000062B0BD1264B1B7843B3264919482EF064
:1047600003FE254917482EF0FFFD06E023491548B2
:104770002EF0FAFD13482EF047FE12482EF044FEAC
:1047800010482EF041FE0F482EF03EFE1C490D4809
:104790002EF0EAFDFFF76EFD03B0F0BD6F4696E721
:1047A000184A384607213BF02FFC90E71649054888
:1047B0002EF0DAFD154903482EF0D6FDDDE700BFE7
:1047C00000C400205CE200205C430700886B0020EE
:1047D0006C4307006CFF002058430700A04B070004
:1047E0007843070080430700884307009043070091
:1047F000466B0020A4430700B0430700E0430700D6
:10480000F0430700F43B0700C4430700D44307000C
:104810002DE9F843F5F71CFA774C7848012127F089
:10482000D7FE774975482EF00FFD2378002B40F016
:10483000B780744971482EF097FD734D73496F48E6
:104840002EF002FD2B78002B00F0A480704C237812
:10485000002B5BD16F4969482EF0F6FC6E49674822
:104860002EF0F2FC2378002B7CD1664963482EF0B1
:10487000EBFC6A4961482EF0E7FC237813B12B78F2
:10488000002B4ED15F495D482EF06EFD644EDFF87F
:10489000E081DFF8E091594D624F0024D8F80030F4
:1048A000A342394628462CD02EF0CEFC013456F8CF
:1048B000041B28462EF0C8FD042CEFD15A4C5B494E
:1048C0004E482EF0C1FC2378002B53D19FED580A9F
:1048D00008F0CAFE10EE100A00F0FF42B2F1FF4FDE
:1048E00034D039F0B7FC41EC100B012143482EF0D5
:1048F0000BFD504941482EF037FDBDE8F843FFF766
:10490000B9BC494601342EF09FFCD0E72B78002B30
:10491000A0D0494B3F491A78484B002A18BF194686
:1049200099E7454B1B78002BACD0454B1B68002BFF
:10493000A8D1444B444A93F82810444B2F480029EF
:1049400014BF114619462EF00FFD9FE7C0F3160362
:10495000002BC6D03E4929482EF006FDBDE8F8439D
:10496000FFF788BC3B4823F025F900283FF47DAFD2
:1049700028497BE7384D2E682FF086FC01463046EB
:1049800008F06AFE0028A1D02378DBB9334B93ED01
:10499000000A9DE71B4919481D4C2EF055FC5DE7A8
:1049A0002F4E2FF071FC336840F6B835C01AA8427C
:1049B0003FF63FAF2378022B16D02A490F482EF03E
:1049C000D3FC3AE72C682FF05FFC0146204608F044
:1049D00043FE0028DAD02FF057FC0146224808F0A9
:1049E0005BFE0028D2D171E72FF04EFC3368C01A6D
:1049F000A842E2D81D49E1E71C7D00205CE20020CE
:104A00001C44070090420700466B0020304407001A
:104A100020E100200C440700344407003C44070018
:104A200078530700A04B0700F86C002040440700B3
:104A30000000C07FFC450700436B002010440700C6
:104A4000906B0020F0E40020144407000C430700A2
:104A5000484407000C510120A0B30020206B002027
:104A6000A49200200444070034C400200844070036
:104A70006CFF002058430700F8B52A4D2A4CF5F783
:104A8000E7F82846012127F0A3FD284928462EF003
:104A90006BFC2846022127F09BFD4FF010132B6181
:104AA0002F46A61D14F8011B38462EF029FCA642FD
:104AB000F8D11F4C2368052B27DD1A48012127F068
:104AC00087FD23681B4A1C4916482A61062B04BF30
:104AD0004FF480336B612EF0B7FB4FF00113174991
:104AE00010486B612EF0B0FB236815490D48072B69
:104AF00004BF4FF480336B612EF0A6FB4FF001131F
:104B00006B61BDE8F840FFF7B5BB03EB43039B00C7
:104B1000103322220B4903482B826A822EF094FB29
:104B2000CBE700BF5CE20020106100204C4407008E
:104B300000E200201C00380064440700A04B07007E
:104B40006C440700604407002DE9F04FDFF8A0B285
:104B5000DFF8A0A289B0F5F77BF89B499B482EF0BF
:104B600073FBDBF8001099480A2201312EF072FE27
:104B7000974996482EF068FBDAF8001093480A220D
:104B80002EF068FD91482EF03FFC9048012127F05F
:104B90001FFDDAF80050002D00F0E180022D4ADC04
:104BA000002D43DD8B4CDFF83492884D002703AE97
:104BB00013E02EF049FB1322A11830463BF031FBE5
:104BC000314628468DF81F802EF03EFCDAF8003082
:104BD0000137BB4204F1300428DDDBF80030BB4272
:104BE0004946284608BF7C492EF02EFB20463BF064
:104BF000FEFA132203462146304601934FF0000887
:104C00003BF00FFB314628468DF81F802EF01CFC30
:104C1000019B132B49462846CBD82EF0F5FBDAF83A
:104C200000300137BB4204F13004D6DCFFF722FB31
:104C300009B0BDE8F08FDBF80040013DA54200F06F
:104C4000C08004F10108002C40F0A480DFF8A881A6
:104C5000A8F1300761495D482EF0F6FA40463BF076
:104C6000C6FA03AE81461322414630463BF0D9FADC
:104C70004FF0000A55488DF81FA031462EF0E4FB96
:104C8000B9F1130F40F29980544950482EF0DCFAE4
:104C900008F11301132230463BF0C3FA4B488DF85C
:104CA0001FA031462EF0D0FB04EB44044A4947488C
:104CB00007EB04142EF0C8FA20463BF098FA214680
:104CC0008046132230463BF0ACFA4FF000093F48D3
:104CD0008DF81F9031462EF0B7FBB8F1130F68D94D
:104CE0003E493A482EF0B0FA04F11301132230463F
:104CF0003BF097FA35488DF81F9031462EF0A4FB13
:104D0000364932482EF0A0FA05EB450307EB0315B0
:104D100028463BF06CFA29460446132230463BF005
:104D200080FA002729488DF81F7031462EF08CFB41
:104D3000132C36D9294925482EF086FA132205F17D
:104D4000130130463BF06DFA314620488DF81F7054
:104D50002EF07AFBFFF78EFA09B0BDE8F08F1B4802
:104D60002EF052FB1E4919482EF0FEFA1D49174835
:104D70002EF0FAFA15482EF047FB1B4913482EF087
:104D8000F3FA1A4911482EF0EFFAFFF773FA09B057
:104D9000BDE8F08F0F4F08EB480807EB0818651EB9
:104DA00058E70A482EF030FBFFF764FA09B0BDE877
:104DB000F08F06482EF028FBA2E704482EF024FBD3
:104DC00072E7044FB846EAE7784407005CE2002047
:104DD000683A07002002012058430700A04B070053
:104DE0008C4407009C440700A4440700B444070017
:104DF0006CFF0020DC0101205002012070B584B05E
:104E0000F4F726FF3C483D4C012127F0E1FB3C49EB
:104E100039482EF0A9FA3B4937482EF015FA216897
:104E200035480A222EF016FC2068002833DD36496A
:104E300001280C685DD00223012551F8042F94420B
:104E400088BF14461A4688BF1D46904203F10103ED
:104E5000F3DC2E4928482E4E2EF0F6F910236A4630
:104E60002046002108F0EAF9694623482EF01AFA94
:104E7000284921482EF0E8F90A2229461E482EF03A
:104E8000E9FC25491C482EF06FFA3268234B9A4200
:104E900001D03378D3B9224917482EF0D5F92149EA
:104EA00015482EF0D1FA204913482EF0CDF91F49AC
:104EB00011482EF0C9FA10482EF0A6FA1C490E48E7
:104EC0002EF052FAFFF7D6F904B070BD19490A481E
:104ED0002EF0BAF930460A2200213CF05DF9102389
:104EE0006A46002108F0AAF9694603482EF0ACFA98
:104EF000D1E70546ADE700BF5CE200201CF50020CD
:104F0000C0440700D44407007CE50020DC440700CF
:104F100020E30020E4440700E84407004E2F41004E
:104F2000F844070000E3002004450700C8E2002021
:104F300010450700F044070070B5544DF4F788FEA3
:104F4000534954482EF010FA286800284BD019F025
:104F500045F904462868002856D019F065F904443C
:104F6000002C4C4D0FDD4C4928462EF0FDF9632CEA
:104F7000D4BF03210221284627F02AFB45482146B9
:104F80000A222EF067FC454B2B614248072127F08F
:104F90001FFB434B1B781BB1424B93F828303BB9A6
:104FA00041493C482EF0E0F9BDE87040FFF762B996
:104FB0003E4BD3ED007AF5EEC07AF1EE10FA17EE23
:104FC000900A2FDB39F046F9394B002238F0E4FF24
:104FD00039F048FC01462F480A222EF061FBBDE85B
:104FE0007040FFF747B9334E306800284BD014F0BB
:104FF0007DFF08BB306814F063FFE8B118F0E8F8F3
:10500000044628680028A8D12A4E30680028A7D076
:1050100014F06CFF08BB306814F052FFE8B118F0D0
:10502000A9F89CE739F016F9214B002238F0B2FFBD
:1050300039F018FC0146CEE7346804B3204614F07A
:1050400055FF044638B1306814F04CFF044610B1E7
:1050500019F0CEFD044628687DE7306800283FF44B
:105060007FAF14F043FF00283FF47AAF306814F0AC
:1050700039FF00283FF474AF19F0B2FD6FE72868DC
:1050800000287FF46AAF034D7DE700BF08060120CA
:10509000284507005CE20020304507002800050095
:1050A0003CE50020F0E400209042070070E500207D
:1050B0000000E03F1CE20020F8B52DED028BF4F774
:1050C000C7FD774F774978482EF04EF9F4F764F929
:1050D0003B680446002B00F09280184619F0BCF89B
:1050E000B0EE408AF4F708F9002C064606DDFFEE24
:1050F000007AB4EEE78AF1EE10FA6BD46A4D3868A4
:105100004FF001126A6120B119F064F8002800F034
:1051100088800EB1002C1DDC0221634827F058FA6C
:1051200061482EF071F96048032127F051FA5F4978
:105130005D482EF089F85C482EF066F95A48012146
:1051400027F046FA002C26DCBDEC028BBDE8F840C7
:10515000FFF790B84FF4A81353482B61042127F0B0
:1051600037FAB5EEC08AF1EE10FA03DD50494E4829
:105170002EF06AF818EE100A39F06CF841EC100BBA
:10518000022149482EF0C0F847482EF03DF9464824
:10519000012127F01DFAFFEE007AB4EEE78AF1EE66
:1051A00010FAD1D5434B1B78002B56D04FF48033E7
:1051B0006B6141493C482EF047F84FF001136B6199
:1051C0003D4939482EF0D0F8BDEC028BBDE8F840DF
:1051D000FFF750B8374B344D1A7837496AB34FF45C
:1051E00080326A61284600221A702EF02DF84FF0A6
:1051F000011331496B6128462EF0B6F87FE72F4D39
:10520000286800283DD014F071FE002839D12868A4
:1052100014F056FE002834D017F0DEFFB0EE408ABE
:1052200060E74FF4A81320482B61022127F0D0F942
:1052300023491D482EF008F87DE74FF001126A61FE
:10524000284601221A702DF0FFFF4FF480331A49CF
:105250006B6128462EF088F851E74FF001136B611F
:10526000154911482DF0F0FF4FF480336B6112495E
:105270000D482EF079F8BDEC028BBDE8F840FEF742
:10528000F9BFF3F755FF20B119F0CCFCB0EE408A1E
:1052900028E7F4F731F89FED0B8A06462EE700BFAA
:1052A00008060120384507005CE200206845070039
:1052B00064450700E00101204C4507001CE2002086
:1052C00058450700000000002DE9F04184B0F4F7D4
:1052D000BFFC814E814982482EF046F881498048C2
:1052E0002DF0B2FF306800284DD018F09DFF044625
:1052F000306800285ED018F071FF0546306800283D
:105300006ED018F089FF33680746002B7ED0184610
:1053100018F086FF06460CB1002D10DC714970486C
:105320002DF092FF6E48032127F052F96E496C4828
:105330002DF0B8FFFEF79EFF04B0BDE8F08168488D
:10534000032127F045F910236A463846022107F069
:1053500075FF694662482DF0A5FF6148022127F0DC
:1053600037F962495E482DF06FFF61495C482DF0C6
:105370006BFF31460A225A482EF06CFAFEF77AFF8C
:1053800004B0BDE8F081DFF86C81D8F80000002897
:1053900000F0968014F0AAFD002849D1D8F800004A
:1053A00014F08EFD002843D017F0E4FE0446306868
:1053B0000028A0D1DFF83C81D8F8000000287DD07B
:1053C00014F094FD002845D1D8F8000014F078FDC1
:1053D00000283FD017F0FCFE05463068002890D129
:1053E000DFF81081D8F8000000286BD014F07EFDA3
:1053F000002840D1D8F8000014F062FD00283AD00F
:1054000017F0D8FE33680746002B80D1DFF8E48020
:10541000D8F8000000284FD014F068FDE0BBD8F8A1
:10542000000014F04DFDB8B317F0CEFE064672E74B
:10543000D8F8000058B114F059FD044640B1D8F82E
:10544000000014F04FFD044610B119F0C9FB0446EA
:1054500030684EE7D8F8000050B114F047FD38B17D
:10546000D8F8000014F03EFD054610B119F0C0FB5D
:105470000546306843E7D8F8000038B314F036FD2D
:1054800038B1D8F8000014F02DFD0746E0B119F04E
:10549000C5FB3368074638E7D8F8000060B114F060
:1054A00025FD48B1D8F8000014F01CFD20B119F01A
:1054B000B7FB06462FE71F4600262CE7054691E777
:1054C000044679E70746A3E733681EE73368002BF5
:1054D000F1D007461BE700BF080601207045070012
:1054E0005CE20020C46507006845070080450700AE
:1054F000844507001CE2002038B5314C314DF4F7EB
:10550000A7FB22682F4842F20F739A42CCBF2E4964
:105510002E492DF029FF2E4B2B612846042127F020
:1055200057F8226842F20F739A422EDD2368B3F5D2
:105530007A7F32DB2368632B36DD2368092B3ADD63
:105540000A2221681F482EF085F81E48012127F005
:105550003FF8204B1B784FF45C122A613BB11E4987
:1055600018482DF071FEBDE83840FEF783BE1B4998
:1055700014482DF069FE1A4B124819680A222EF0C1
:1055800069F9BDE83840FEF775BE164928462DF08A
:105590005BFE2368B3F57A7FCCDA124909482DF017
:1055A00053FE2368632BC8DC0E4906482DF04CFEE1
:1055B0002368092BC4DC0B4902482DF045FEBFE7E8
:1055C000100601205CE200208C450700A44507007E
:1055D000050014003DE50020B4450700CC45070058
:1055E000580601206846070070B57C4C84B0F4F77B
:1055F0002FFB2378002B40F08C80794979482DF0DF
:10560000B3FE2378002B62D19FED770A754D08F029
:105610002BF8764B2B61284604218DED010A26F0EC
:10562000D7FF019B03F0FF42B2F1FF4F3DD09DED4C
:10563000010A36F019FF082103466D4A02A83AF024
:10564000E3FC684802A92DF0FFFE6648012126F020
:10565000BFFF4FF45C132B61664962482DF0F4FDE7
:105660002378002B44D19FED600A07F0FDFF10EE78
:10567000100A00F0FF42B2F1FF4F1FD038F0EAFDF0
:1056800041EC100B574801212DF03EFE5A49554878
:105690002DF0DAFD2378002B55D1584951482DF0D3
:1056A000D3FDFEF7E7FD04B070BDC3F31603002B76
:1056B000BDD0534928462DF057FEC6E7C0F3160368
:1056C000002BDBD04F4947482DF0BEFDDEE74E4DA5
:1056D0002E682EF0D9FD0146304607F0BDFF0028A8
:1056E00092D02378002B54D1484B93ED000A8DE7DC
:1056F000454D2E682EF0C8FD0146304607F0ACFF40
:105700000028B0D02378002B55D1404B93ED010AEF
:10571000ABE73D4B1D682EF0B7FD0146284607F06C
:105720009BFF00283FF469AFF6F724F800287FF4C8
:1057300064AF364B9B7B002B3FF45FAF3449294865
:105740002DF012FE5DE7304D2E682EF09DFD0146D6
:10575000304607F081FF70B12EF096FD01462D48CE
:1057600007F09AFF38B92C491E482DF06DFDFEF761
:1057700081FD04B070BD2378002B8ED02C682EF0F4
:1057800083FD0146204607F067FF002885D02349A6
:1057900084E72D682EF078FD0146284607F05CFF6F
:1057A0000028A1D02EF070FD01461A4807F074FFC2
:1057B000002899D128E72D682EF066FD014628467D
:1057C00007F04AFF0028A0D02EF05EFD01461148E8
:1057D00007F062FF002898D145E700BFF86C002071
:1057E000F04507005CE200200000C07F05001400C7
:1057F000084607000C4607001846070090420700BD
:105800000046070014460700A0B30020206B0020CC
:10581000D845070034C4002020460700D04A0700BE
:1058200070B5644C84B0F4F713FA634963482DF003
:105830009BFD2378002B49D19FED610A5F4D07F056
:1058400013FF604B2B61284604218DED010A26F0E1
:10585000BFFE019B03F0FF42B2F1FF4F2DD09DED43
:10586000010A36F001FE08210346574A02A83AF021
:10587000CBFB524802A92DF0E7FD5048012126F04C
:10588000A7FE4FF45C132B6150494C482DF0DCFC13
:105890002378002B51D14E4948482DF0D5FC4D4975
:1058A00046482DF0D1FC23780BBB494943482DF0E5
:1058B000CBFCFEF7DFFC04B070BDC3F31603002B76
:1058C000CDD0454928462DF04FFDD6E7434D2E68F3
:1058D0002EF0DAFC0146304607F0BEFE0028ABD0C1
:1058E0002378002B54D13E4B93ED020AA6E73B4DA3
:1058F0002E682EF0C9FC0146304607F0ADFE70B1AF
:105900002EF0C2FC0146374807F0C6FE38B93649CA
:105910002A482DF099FCFEF7ADFC04B070BD237849
:10592000002BC2D02C682EF0AFFC0146204607F0B9
:1059300093FE0028B9D02D49B8E7284D2E682EF0E7
:10594000A3FC0146304607F087FE0028A3D0237849
:1059500063B9234B197C64299DD80A2217482DF07E
:10596000DDFE234915482DF06FFC98E72D682EF0D9
:105970008BFC0146284607F06FFE0028E9D02EF088
:1059800083FC0146174807F087FE0028E1D182E733
:105990002D682EF079FC0146284607F05DFE0028B0
:1059A000A1D02EF071FC01460E4807F075FE0028CC
:1059B00099D141E7F86C0020284607005CE20020FE
:1059C0000000C07F050014000846070038460700A5
:1059D000904207001846070000460700A0B30020C9
:1059E000206B002034C4002020460700D04A070066
:1059F0004C430700000000002DE9F04784B0F4F7A5
:105A000027F94B4B1B7813B14A4B00221A60DFF881
:105A10004481494DD8F80040204638F009FC42A3A3
:105A2000D3E9002338F06EFC41EC100B36F088FB14
:105A300051EC100B38F016FF002C286056DD3D4C61
:105A40003E483F49DFF81091DFF810A106462DF0DF
:105A5000FBFB21680A22013130462DF0FBFE39495B
:105A600030462DF0F1FB0A22296830462DF0F2FE77
:105A7000354930462DF078FC0221304626F0A8FD4D
:105A8000246804EB4404E71C631C9F42B4BF012755
:105A900003272744D8F80030A34204F101051DDD97
:105AA000092D3BDD0A22294630462DF0D3FE012187
:105AB000304626F08DFD494630462DF0C5FB0221CB
:105AC000304626F085FD5AF82400012110236A464D
:105AD00007F0B4FB694630462DF0B6FCBD422C46BB
:105AE000D8D1FEF7C7FB04B0BDE8F08717491348CB
:105AF0002DF03AFC0221114826F06AFD0F482DF0E6
:105B000083FC0E48032126F063FD11490B482DF05C
:105B10009BFBFEF7AFFB04B0BDE8F087494630467B
:105B20002DF092FBBEE700BF555555555555D53F55
:105B3000E801012024E20020706200205CE20020E5
:105B400040460700683A0700C4650700544607004E
:105B5000684507001CF50020684607007CE500202A
:105B600038B52E4D2E4CF4F773F82B78002283F0C5
:105B700001032046022122612B7026F029FD2B789B
:105B800013B14FF480336361264925482DF0ECFBB7
:105B90004FF00113012163612148E17626F018FDE1
:105BA000214B1B7823B321491D482DF0DDFB2EF03E
:105BB0006BFB01461E4807F06DFC0446E8B11D4929
:105BC00017482DF0D1FB1C4915482DF03DFB21460F
:105BD0000A2213482DF08AFD184911482DF0C4FB04
:105BE00017490F482DF0C0FBBDE83840FEF742BB17
:105BF00014490B482DF0B8FBD9E7134908482DF09C
:105C0000B3FB124906482DF0AFFB114904482DF0B3
:105C1000ABFBBDE83840FEF72DBB00BFD001012033
:105C20005CE200206C460700E3050120784607008F
:105C3000E4050120B4650700A8460700A06307003B
:105C4000B846070090460700CC460700E04607002C
:105C5000F046070000000000F0B58BB0F3F7F8FF46
:105C6000202031F0C1FD38F0D3FA43A3D3E900235B
:105C700038F048FB38F03EFE38F0ECFA40A3D3E9A8
:105C8000002338F03FFB38F035FE38F0E3FA344CAF
:105C900006460F462046012126F09AFC314B324938
:105CA000236120462DF0D0FA2046032126F090FCF7
:105CB00027A3D3E900233046394638F06BF926A3F1
:105CC000D3E9002338F01EFB38F0CCFD6428A8BFD0
:105CD000642020EAE073254A06A808213AF094F9E6
:105CE0000DF1160205AB0392029304AA00230DF1F5
:105CF0001205CDE9002506A920461A4626F06EFCBD
:105D0000BDF81430C3F1800303EBD3735B101C2286
:105D100006A92046238262822DF0C4FA2046012182
:105D200026F056FC47EC106B08AA022104202EF046
:105D300095FA0F4B236108A920462DF0B3FA0D49BF
:105D400020462DF081FAFEF795FA0BB0F0BD00BFAA
:105D50006666666666660A40721CC7711CC75B4051
:105D60005CE2002020000A000447070010470700FB
:105D7000280038000C430700CDCCCCCCCCCC4C3F19
:105D8000FED478E9263108402DE9F04F4F4C83B01E
:105D9000F3F75EFF4E48012126F01AFC4D4A4E4BA8
:105DA00061784B4801290CBF114619462DF04CFA79
:105DB000A1784A4A4A4B4648002914BF1146194661
:105DC0002DF042FB204605F05FF800283AD0002471
:105DD000DFF83891DFF83881424F3C4D06462146C6
:105DE00007E041493A4801342DF0BEFAE1B2B14230
:105DF00028D2284605F05CF8D9F8001003465FFA6F
:105E000083FAA1420CBF414639463148ADF804300F
:105E1000C3F3072B2DF018FABAF1040F22D0BAF110
:105E2000050FDED131492A482DF00EFA284605F03B
:105E3000FBF8002833D1264801342DF0E5FAE1B211
:105E4000B142D6D32A4B1B78052B06D8294A52F8E3
:105E5000231011B11E482DF0F7F903B0BDE8F04F43
:105E6000FEF708BA194B5846597805F0A9F80146CB
:105E700017482DF017FA154B5846597805F0C0F819
:105E8000F0B95946284605F0C9F890F82030002BA3
:105E9000D1D090F82130002BCDD017490CE0174914
:105EA0000B482DF0D1F9284605F0BEF8042896BF1E
:105EB000134B144953F8201005482DF0C5F9BAE7E3
:105EC000114903482DF0C0F9DBE700BF186100203D
:105ED0005CE2002018470700244707002C47070012
:105EE0000CE20020A04B070044470700384707009A
:105EF00004E20020AC4E070030470700404707008F
:105F0000C44E0700B4650700A04507006CFF0020E1
:105F1000584307002DE9F843F3F79AFE324F334810
:105F2000334E344D344CDFF8E890DFF8E88001213F
:105F300026F04EFB31492D482DF086F9797897F8F7
:105F4000D00005F03DF8014628482DF07DFA27489D
:105F50002DF05AFA3168254800290CBF2946214600
:105F60002DF072F9264921482DF06EF997F8C810E6
:105F70001E48002914BF494641462DF0F5F9316805
:105F80001A4801290CBF294621462DF05DF91D490B
:105F900016482DF059F997F8C9101448002914BF74
:105FA000494641462DF0E0F910482DF02DFA3168B0
:105FB0000E4802290CBF294621462DF045F9124909
:105FC0000A482DF0D1F93168084803290CBF294649
:105FD00021462DF039F90D4904482DF0C5F9BDE8E9
:105FE000F843FEF747B900BF186100205CE20020CB
:105FF0006CFF002058430700A04B070050470700E4
:1060000058470700604707006847070074470700C4
:10601000304707004C47070070B5644CF3F718FE93
:106020006348012126F0D4FA617894F8D00004F096
:10603000C7FF01465E482DF035F95E495C482DF0FA
:1060400003F95D4A5D4B94F8D1105948002914BFFB
:10605000114619462DF088F92EF016F9014606462C
:10606000204605F0F9F9012863D0554D55495048AF
:106070002DF0EAF895F82830002B2ED152494C48E3
:106080002DF072F994F8F830002B4BD04F49484866
:106090002DF06AF94E4946482DF066F94D4E4E4DA9
:1060A00031684E4C424800290CBF294621462DF04C
:1060B000CBF84B493E482DF057F931683C4801294F
:1060C0000CBF294621462DF0BFF8464938482DF02F
:1060D0004BF9BDE87040FEF7CDB8286A38F0BAF841
:1060E00041EC100B012132482DF00EF93E493048A9
:1060F0002DF0AAF8D5ED087AB2EE047AF4EEC77A5C
:10610000F1EE10FA4CDCB1EE047AF4EEC77AF1EE5F
:1061100010FA41DD354926482DF026F994F8F8307B
:10612000002BB3D122482DF06FF921482DF06CF9E6
:10613000B4E7054602211E4826F04AFA31462046B9
:1061400005F0A0F90A22014619482DF0E7FA28497E
:1061500017482DF009F91648294626F039FA25493D
:1061600013482DF001F9244911482DF06DF8B4F8C9
:10617000E8100F480A222DF06DFAB4F8EA30002B2F
:10618000A7D01E490A482DF05FF8B4F8EA10084875
:106190000A222DF05FFA9CE705482DF035F971E7EA
:1061A000174903482DF0E0F86CE700BF18610020A4
:1061B0005CE20020BC490700844707006C450700EB
:1061C000F0E40020AC470700CC470700D4470700A5
:1061D000E44707006CFF002058430700A04B07006E
:1061E000F047070078430700B4470700C44707009B
:1061F0004C4307008847070098470700A04707005F
:10620000B84707002DE9F04F634A1378ADF5117DCB
:10621000002B40F03783614A03F0FF01137803F04D
:10622000FF05002B40F088805D4B1A785ABB5D4B10
:106230001B78D3B95C4D5D4C2B78022B00F091801C
:1062400023782BB1002323702B78022B00F0C3811D
:10625000574B1A789AB100221A702B78032B00F052
:10626000D1805448F1F7A6F909E0534A534B10681E
:10627000002808BF1846F1F79DF9F4F75BFB0DF510
:10628000117DBDE8F08F03201D70F4F7C7FA0028D8
:106290005ED04B484B4A4C49ADF8405010AC0123FE
:1062A0000370A570204618F0CBFE484A4849258067
:1062B0002B462046A57018F0EBFF002840F08681A1
:1062C0004FF00008434D414A414925604FF47A762A
:1062D00044F20223A66014A8C4F80480A4F8108035
:1062E00084F8128014AD18F0D3FF0FCD3A4F6668D2
:1062F0007E6007F110060FC60FCD0FC6D4E902125B
:106300003B7C28683060C7E902120BB33349344C38
:10631000344A3548C1F80080234BA4F800804FF080
:10632000FF3111600224C0F80080304930481C70F1
:10633000072222F039FA7AE71170F4F7FBFA2D49B7
:106340002B48092222F030FA0DF5117DBDE8F08FBF
:106350001A48F1F72FF9F4F7EDFA0DF5117DBDE8C4
:10636000F08F2378002B7FF46BAF1E4E3368013320
:106370003FF466AF204B32681F88BFB247B11F4958
:106380001F4801EB02313A4619F0A4FB8742DFD1E6
:106390004FF0FF33336053E7446B0020FA6C00206A
:1063A000456B0020A4B30020A5B30020DD6B0020C6
:1063B000FB6C0020F03A0700E06B00202C3B07004C
:1063C000FEB3002010480700946A0020144807001C
:1063D000506600205C4D070020B3002040C4002020
:1063E00044C40020B8600020207D0020244807001D
:1063F00098E4002004480700386B0020FC9200203D
:1064000030B30020BA4DBB49BB480B2222F0CCF977
:106410009FEDBA7AD5ED007AB94A67EE877A10AC6B
:10642000FDEEE77A182117EE903A204639F0ECFDA0
:10643000204639F0DCFE214682B2AF4822F0B4F9A2
:1064400095ED007ADFEDAF7AB4EEE77AF1EE10FA6F
:1064500000F1E581AC4B5BB1AC4A22B1AC490029FB
:1064600000F0FD81521A1344B3F50E2F00F23B8168
:10647000A84DA94F284626F07FFB4FF00113284670
:1064800002216B6126F0A4F8A44BA5492B61284694
:106490002CF06AFFA34B2B61A34928462CF064FF24
:1064A0002846012126F094F8A04B2B61A0492846EC
:1064B0002CF05AFF284626F02BFE9E498E480B22D0
:1064C00022F072F93E689C4A06F6FF76360B1821D8
:1064D0003346204639F098FD204639F088FE2146A3
:1064E00082B2854822F060F986B18E36DFF8889254
:1064F000DFF85C8236034FF40E25284605F58055FB
:106500002CF028FEAE42C9F80086F6D18B497A48B5
:106510008B4E0C2222F048F900254FF47A712B465D
:10652000A160884A8849656014A82582A574266000
:1065300018F0AEFE237C002B00F0D5803C68002CC8
:1065400000F08F80DFF830A2804EDFF84CB24FF0C1
:10655000FF387F4BCAF80036641B4FF48052FF218E
:10656000304638F05BFEB4F5805F28BF4FF48054AE
:106570002246314614A818F0F3FEA042814640F0AE
:10658000AF80C21C22F00302314605F50E202CF02C
:10659000BDFD3C684D445A200023A5FB0001224666
:1065A00038F056FB4045034659D05A46102103A8FF
:1065B000019339F029FD03A982B24F4822F0F4F883
:1065C0003C68019BA5424CD29846C2E75D495E48B3
:1065D000F1F734FD74E65F4E3368013311D05E4B42
:1065E00032681C88A4B24CB15C495D4801EB0231B1
:1065F000224619F06FFA844240F0F7804FF0FF33E3
:106600003360584C23889BB283B1574B1B68268854
:10661000B6B24EB15149524801EB0331324619F03E
:1066200059FA864240F0E180002323804C4819F05B
:10663000EDF94B4818F0F6FB0320F4F767F94B4AE5
:10664000354B11681A684A4800239142037000F0E4
:10665000A5804848F0F7AEFFF4F76CF9F8E5A542DD
:10666000B2D314A818F0DEFB2CF04AFD424B384A96
:10667000C3F800263A684FF40E214FF0FF3005F0C2
:1066800027F93E4B1B68C04398422CD13C491A481D
:106690000B2222F089F83B491748092222F084F89E
:1066A000FA202DF0FDFD38491348102222F07CF825
:1066B000364824F061FA002840F0B580344821F0D3
:1066C00043FBFF210020F0F715FEA8210020F0F782
:1066D0000FFEF0F713FE002800F08D80F0F7F2FDBA
:1066E00014A818F09FFB2B48F0F764FFC7E500BF24
:1066F00024F500203448070098E4002000007A4484
:106700004048070066666640D09F07003466002058
:10671000006000205CE20020FC6C002010000800FB
:106720006048070010001C006C480700100034008F
:10673000784807008C48070098480700A8480700D9
:106740005C4D07001448070050660020A4CC0020D0
:106750003546526EB8600020386B0020FC92002055
:1067600030B3002044C4002040C40020207D00201D
:10677000FEB30020FC3A070000000140E46B00205B
:10678000C4480700D0480700DC480700CC4A012075
:106790000C51012058480700B84807004FF47A719F
:1067A00005913A4C3A4A3B49049307A8ADF81C308E
:1067B0008DF81E30039418F06BFD9DF81C30A3B1CA
:1067C0004FF0FF3610AC05E01BD03046214605F0F7
:1067D0007FF806464FF40072214607A818F0C0FD66
:1067E000021EF1DA07A818F01DFB2B48F0F7E2FEB5
:1067F000F4F7A0F82CE572B63868033080083DF055
:1068000083F807A818F00EFB244B1868F643B04233
:1068100027D02348F0F7CEFEF4F78CF818E521488E
:10682000F0F7C8FE2BE52048054624F0D9F90146CB
:10683000284624F0BFF92DF027FD044609E02DF08D
:1068400023FD001BB0F5FA6FBFF438AF0A202DF01E
:1068500027FD284624F090F90028F0D12EE70A46BB
:1068600001E6032303A92B7005F06CF80F4A03AB74
:106870001021204639F0C8FB214682B20C4821F095
:1068800093FFE5E400231370F4F79EF85C4D0700D6
:1068900014480700506600202C3B0700E46B0020E2
:1068A000F83A070050480700CC4A01202C4807005E
:1068B00098E400202DE9F047824C2378ADF5067D61
:1068C000002B79D1804C2378002B3DD17F4C23784D
:1068D000002B31D17E4B1B785BBB7E4B1B782BBBD7
:1068E0007D4CFFF78FFC237853B97C4D2B781BB17F
:1068F0007B4E337C002B64D10DF5067DBDE8F0871F
:106900002DF0C2FC774B1B68C01AB0F5FA7FECD3B0
:10691000754B764819880023237024F06DF9002800
:10692000E3D022F0B9F8724B1880DEE7F7F762F88F
:10693000D6E7F6F7A7FFD0E76E496F48062221F0A9
:1069400033FF00232370C5E76C486D4A0368934208
:1069500075D06C4A934268D06B4A93427ED06B4BA1
:1069600002689A4200F09080694B02689A4269D0AE
:10697000684B02689A4200F09E80674B02689A4218
:1069800017D1828843F654239A4212D1457863493D
:106990006348644B644A532D01F101050CBF29463D
:1069A0000346009103A8402139F02EFB03A8F4F719
:1069B0003FF90023237089E7FCF71EFA00232370B8
:1069C00080E74A4824F0D8F8002895D0484BDFF8F3
:1069D00064A1B3F80080DFF86091A8F103081FFA02
:1069E00088F8B8F1F40F06F1100628BF4FF0F4084C
:1069F0000A272B78424603A93046002B3FF47CAF90
:106A000018F0AEFC044603A95046A2B2002C43D0B5
:106A100021F0CAFE00283FF46FAFD9F80030013FE3
:106A20001C44C9F80040E4D166E70379202B08BF75
:106A300004303ED110F8013F202BFBD0B7E7F4F72C
:106A400069F8B6E7828845F253439A4290D1837938
:106A5000002B8DD10120F3F7D1FFAAE7828844F201
:106A600054539A427FF47BAF83793A2B7FF477AF0C
:106A7000C379202B08BF073022D110F8013F202B0B
:106A8000FBD0F3F7E7FE94E78388542B7FF46CAFD9
:106A90000020F3F7B3FF8CE7244818F0C3F9032074
:106AA0002C70F3F733FF22491348042221F07CFEB7
:106AB00022E704307BE703793A2B7FF45EAF65E78A
:106AC0000730DEE79E900020F96C00203480002023
:106AD000DD920020A09200202AE1002029E1002080
:106AE000E8E0002024E1002022E10020CC4A01203F
:106AF000DC600020F048070098E400209C6B002038
:106B00004C4953544745543A44454C45544C4953D9
:106B100054534C495447455454534745A16B0020A6
:106B2000D84E070038530700AC3D0700F8E00020BE
:106B3000F848070078E30020E0E0002008B5134B98
:106B40001B78B3B1124B1A787AB1124A002119702E
:106B5000137853B91048037C63B9104B00221A70A4
:106B6000F3F7E8FE0E4B1B785BB1BDE80840FFF77A
:106B7000A1BE08BD103018F055F90320F3F7C6FE8A
:106B8000EBE764202DF08CFBF0F79CFBDCE00020B1
:106B9000FB920020FB6C0020E8E0002029E10020AF
:106BA00040E3002010B5F3F753F80221134825F015
:106BB0000FFD12482CF028FC114910482CF0D4FB92
:106BC00001210E4825F004FD0C482CF01DFC0D4958
:106BD0000A482CF0C9FB2DF057FB0446074826F065
:106BE00097FA2DF051FB001B642800D810BD064B0E
:106BF0000022BDE810401A70FDF7D6BA5CE2002012
:106C0000004907000C4907004080002000000000F8
:106C1000A54AA64B126819688A4270B500F00A812D
:106C2000A3491A6000230B600122A24CA24B00254D
:106C30002046E5761A7025F09FFF2046012125F0B9
:106C4000C7FC9E4B25611B784FF001126261002B3F
:106C500000F0E8809A4C2DF017FB9A4B22681B68D5
:106C6000801A984200F2C180974D2E68974991484A
:106C7000974C2CF0E9FA304637F0ECFA82A3D3E9CE
:106C8000002337F087F982A3D3E9002337F03AFBDA
:106C900037F0E8FD6428A8BF64200A2220EAE071EA
:106CA00084482CF0D7FD8B4982482CF0CDFA286817
:106CB00037F0D0FA41EC100B02217E482CF024FB77
:106CC00085497C482CF050FB84497A482CF0BCFA6A
:106CD000616A78480A222CF0BDFC814975482CF085
:106CE000B3FA94F82830002B00F0AB807D4B186885
:106CF00037F0B0FA41EC100B01216E482CF004FB88
:106D000079496C482CF030FB78496A482CF09CFAA1
:106D100094F82830002B00F08F80A06937F09AFAA1
:106D200041EC100B634801212CF0DEFB70496148F7
:106D30002CF08AFA6F4B1B78002B00F093806E4B7F
:106D40001B78002B00F082806C4B1B78002B40F0EE
:106D50008E806B4957482CF007FB6A4955486A4CAE
:106D60002CF072FA694B534819680A222CF0BEFCC9
:106D7000674950482CF068FA664B4E4819680A2259
:106D80002CF0B4FC64494B482CF05EFA634B494844
:106D900019680A222CF0CAFC2368002B6CD06049C9
:106DA00044482CF051FA206813F0A4F801464148F9
:106DB0002CF04AFB5B493F482CF046FA206813F060
:106DC00069F8594B0146002908BF194639482CF08B
:106DD0003BFB2DF059FA0446364826F099F92DF080
:106DE00053FA001B642836D870BD2DF04DFA0346C7
:106DF0002020236030F0F8FC37F00AFA26A3D3E90C
:106E0000002337F07FFA37F075FD37F023FA24A31B
:106E1000D3E9002337F076FA37F06CFD2A4D0646A9
:106E2000286023E7204641492CF09EFABDE87040D7
:106E3000FDF720BA0022F8E63D491E482CF094FAEE
:106E400074E73B491B482CF08FFA5DE73949194834
:106E50002CF08AFA81E7384B0022BDE870401A70A6
:106E6000FDF7A2B9354913482CF07EFA75E734498D
:106E700010482CF079FA70E732490E482CF0E4F90A
:106E8000A7E700BFAFF300806666666666660A40E5
:106E9000721CC7711CC75B40CDCCCCCCCCCC4C3F5A
:106EA000FED478E9263108402062002034F5002025
:106EB0006CFF00205CE20020E80101203CE500209E
:106EC00020F50020D860002024F500208C49070020
:106ED000F0E40020084307000C430700984907002E
:106EE000A449070034E50020B0490700B449070071
:106EF000C0490700F005012040E30020E205012021
:106F0000E0490700F44907001CE20020006D002062
:106F1000004A07002C800020683A070038800020D3
:106F2000084A0700104A0700684907007849070027
:106F3000CC470700EC49070040800020CC490700FF
:106F4000D8490700184A0700F8B5194C002706462B
:106F50000D46F2F77DFE20460221276125F038FB21
:106F6000144920462CF000FA2046012125F030FB80
:106F7000114920462CF0F8F9314620462CF0F4F95E
:106F8000294620462CF0F0F92DF07EF903462046E4
:106F90001C4626F0BDF82DF077F9001B642800D8B8
:106FA000F8BD064B1F70BDE8F840FDF7FDB800BF07
:106FB0005CE200206C460700B465070040800020BA
:106FC00038B5B54AB54B126819688A4200F0FE80A0
:106FD000B3491A6000230B600122B24CB24B00256A
:106FE0002046E5761A7025F0C7FD2046012125F0E0
:106FF000EFFA4FF00113C4E90453AC4920462CF0DA
:10700000B3F9AB4B1B78002B00F0E280A949AA4DE5
:1070100020462CF019F9A94B0A22196820462CF0B9
:1070200065FBA74920462CF00FF9A64B186837F0EE
:1070300011F941EC100B012120462CF065F9A24911
:1070400020462CF091F9A14920462CF0FDF8A04BE8
:107050000A22196820462CF049FB9E4920462CF054
:1070600083F99D4920462CF0EFF89C4B19880A22A1
:1070700089B220462CF0EEFB994920462CF0E4F82A
:107080000A224FF4807120462CF0E4FB95492046FB
:107090002CF0DAF8944B0A22196820462CF026FBD3
:1070A0008F4920462CF0D0F8904B0A2219682046D0
:1070B0002CF03CFB8E4920462CF0C6F828680028AE
:1070C00000F0958017F08AF801460A2275482CF0E6
:1070D000C1FB884973482CF0B7F82868002800F0F5
:1070E000438117F0A1F8002865D083496D482CF042
:1070F000ABF882496B482CF0A7F82868002800F00C
:10710000208117F095F800285ED07B4965482CF067
:107110002BF97B4963482CF097F82868002800F089
:10712000FF8017F05FF801460A225E482CF0FEFA55
:1071300074495C482CF088F82868002800F0988092
:1071400017F06EF801460A2256482CF083FB6E4970
:1071500054482CF079F82868002875D017F05CF8AE
:1071600001460A224F482CF0E1FA68494D482CF0BC
:107170006BF8286800284ED017F06EF810EE100A51
:1071800037F068F841EC100B022146482CF0ACF9BE
:107190002DF07AF80446434825F0BAFF2DF074F834
:1071A000001B64281CD838BD206820B112F09EFE58
:1071B000002840F03181564998E7206820B112F04C
:1071C00095FE002840F01F8151499FE7002204E707
:1071D000204650492CF0C8F8BDE83840FDF74AB8C1
:1071E0004D4B00221A70BDE83840FCF7DDBF4B4C18
:1071F0002068002800F0E88012F078FE002840F0B7
:10720000D680206812F05CFE002800F0D08015F0D7
:10721000DFFF014659E7414C2068002800F0C48098
:1072200012F064FE002840F0BA80206812F048FE98
:10723000002800F0B48015F0CFFF10EE100A37F0F0
:1072400009F841EC100B9FE7344C2068002800F04F
:10725000C38012F04BFE002840F0B880206812F086
:107260002FFE002800F0B28015F0A4FF014678E759
:107270002A4C2068002800F0908012F037FE002889
:1072800040F08580206812F01BFE00287FD015F0AA
:107290009BFF014657E700BF2062002034F5002025
:1072A0006CFF00205CE20020E80101202C4A07006E
:1072B0003CE50020504A070008060120006D002030
:1072C000584A070034E50020B04907005C4A07002F
:1072D00098900020CC560700644A070030800020B8
:1072E000683A0700004A07002C8000203880002000
:1072F0006C4A0700744A0700744607007C4A07007E
:10730000804A0700DC440700844A0700884A0700D7
:10731000FC4507003C4A0700408000201CE200209A
:10732000514C206800285ED012F0E0FD002855D1B5
:10733000206812F0C5FD002850D015F023FF01464B
:10734000F2E6494C206800283FF43EAF12F0CEFD33
:1073500000287FF432AF206812F0B2FD00283FF41D
:107360002CAF15F00BFFCEE63F4C206800283FF411
:1073700022AF12F0BBFD00287FF416AF206812F098
:107380009FFD00283FF410AF15F0F4FEABE6206837
:1073900018B112F0ABFD002847D10021D3E62068D8
:1073A00010B112F0A3FD00BB9FED2D0BECE62068A1
:1073B00050B112F09BFD38B1206812F093FD18B166
:1073C00017F016FC014680E600217EE6206818B121
:1073D00012F08CFD00283AD10021C2E6206810B1DD
:1073E00012F084FD50BB00219EE6206812F07AFD69
:1073F0000028D9D017F016FC10EE100A36F02AFF3C
:1074000041EC100BC0E6206812F06CFD00283FF440
:10741000DBAE17F0E9FB76E6206812F063FD00288A
:107420003FF4C9AE17F0DCFB5DE6206812F05AFDB0
:107430000028B2D017F0F4FB014684E6206812F071
:1074400051FD0028CFD017F0D5FB01466CE620682F
:1074500012F048FD0028BFD017F0E0FB014680E69F
:1074600000000000000000001CE200202DE9F04FA9
:10747000914D91B02FF00CF82868062105F0E4FF3B
:1074800028B92FF00FF82B6811B0BDE8F08F062156
:1074900028688A4C05F0E8FF28602FF003F80120E7
:1074A000FCF710F9864B874AC3F800260026F2F74E
:1074B000CFFB20460221266125F08AF8824920462A
:1074C0002BF052FF2046012125F082F87F4920460B
:1074D0002BF04AFF7E4920462BF046FF7D4920468F
:1074E0002BF042FF2CF0D0FE034620461C4625F030
:1074F0000FFE2CF0C9FE001B642800F28880704942
:10750000704A754BC1F80026744C1F68744E754B59
:107510007548039604F26C4A0026B742D8BF03466A
:1075200089469046D346049605AFFF210022069374
:10753000ADF81410079297E80E0058461AF0C2FEF4
:1075400094F87E34C4F868A4002B42D194F8242027
:10755000E37112F0010243D14FF0FF3384F824208D
:10756000236359460B7F0093002B49D10846012124
:107570001AF0BAFE68B35D4AD4F8681403AB384613
:1075800019F042FBD4F868241AB301900099104610
:107590001AF0AAFE019BE0B1C9F80086002E3BD08C
:1075A000002B3BD12EF074FF2868062105F064FF04
:1075B00008B100232B602EF075FF4D4B01221A708D
:1075C0002CF062FE01464B4805F05EFF11B0BDE8AD
:1075D000F08FC9F80086002EE4D1424B0126A4E7C3
:1075E000454800931AF048FF0028F2D0009BD4F8D9
:1075F000681484F824304FF0FF3323630029B1D19D
:1076000003AB3A4A384619F0FFFA0346C4E73B4B4E
:107610001E70FCF7C9FD72E7002BDED0284B29490C
:10762000304AC3F800160023CDE90623FF21ADF848
:10763000141097E80E0032481AF044FE94F87E3495
:10764000C4F868A4A3B92E490122A1F26C4019F034
:107650004DFE034630B32B4817F0E4FB1F4901F2FF
:10766000444017F05FFE18B1274B1C60F3F748FC4D
:107670002649134C2648134DFFF766FC4FF4FA7069
:107680002CF00EFE4FF4FA70C4F800562CF008FEF1
:10769000C4F800564FF4FA702CF002FEC4F80056FD
:1076A000EFF710FE16491A46A1F26C4019F01EFEC3
:1076B0000028D0D1DCE700BF20E200205CE20020FF
:1076C000000001403546526E6C460700B465070065
:1076D000904A0700A44A07001006012050660020C7
:1076E000B84D070080841E0000127A0084660020D6
:1076F000E3050120E405012074660020408000209D
:10770000BC6A0020946A0020643E0120B84A070049
:10771000C84A0700F0B51F4DA3B0284625F02CFA43
:107720002846012124F054FF1B4B1878002280F0DA
:1077300001002A6102A90822187004F0EFF900285C
:1077400013DD02AC04EB00160127B4F90C30CDE9CF
:1077500000372846B4F90830B4F90420B4F9001011
:10776000103424F005FAB442EFD12CF08DFD04461C
:10777000084825F0CDFC2CF087FD001B642801D8BB
:1077800023B0F0BD054B00221A70FCF70DFD23B0AD
:10779000F0BD00BF5CE20020FCE100204080002042
:1077A0002DE9F041FA2084B0484C494FDFF854816C
:1077B0002CF076FD474864212CF0B4F801222046D5
:1077C0003C2125F06FFC444B2046197825F0B4F895
:1077D0004249404810F05EFF414BD8F800C03A687B
:1077E0001B684FF001106061002502210126032073
:1077F000E5761E60CCF800101060186830F022F8B2
:10780000D8F800300221186830F01CF83B680221DB
:10781000186830F017F82CF037FD324A324B106000
:1078200040F2E7321A604027F2F712FA80232A4624
:1078300029462046CDE9003702962C4B24F0ACFBBC
:107840002CF022FD034620461C4625F061FC2CF05E
:107850001BFD001B64282BD840F2EE202CF020FDED
:10786000F2F7F6F91948022124F0B2FE2049174830
:107870002BF07AFD1548012124F0AAFE1D4913487A
:107880002BF072FD1C4911482BF06EFD1B490F486F
:107890002BF06AFD2CF0F8FC04460C4825F038FC6F
:1078A0002CF0F2FC001B642807D804B0BDE8F0817E
:1078B000134B1D70FCF778FCCEE7114B00221A70B9
:1078C00004B0BDE8F041FCF76FBC00BF5CE20020F3
:1078D000E8600020EC3901201D7D0020801A0600A0
:1078E000E0600020B4E2002020620020E04E0700AB
:1078F00024490700B46507003849070050490700CC
:1079000040800020E460002070B5F2F7A1F91E4825
:107910001E4E1F4C1F4D012124F05AFE1E491A48CD
:107920002BF022FD18482BF06FFD1748022124F0A0
:107930004FFE3168144800290CBF294621462BF020
:10794000B1FC164910482BF00FFD31680E48012993
:107950000CBF294621462BF0A5FC11490A482BF003
:1079600003FD2CF091FC0446074825F0D1FB2CF0D8
:107970008BFC001B642800D870BD0A4B0022BDE8B8
:1079800070401A70FCF710BC5CE200206CFF002015
:10799000A04B070058430700D44A0700E84A0700F5
:1079A000F44A07004080002038B51E4D1E4CF2F707
:1079B0004FF92B78204683F0010302212B7024F02D
:1079C00007FE2B7813B14FF48033636117491648D3
:1079D0002BF0CAFC4FF0011301216361E1761248DC
:1079E00024F0F6FD124910482BF0BEFC11490E4858
:1079F0002BF0BAFC10490C482BF026FD2CF044FC6F
:107A00000446094825F084FB2CF03EFC001B64284A
:107A100000D838BD094B00221A70BDE83840FCF789
:107A2000C3BB00BFD00101205CE20020F84A070080
:107A3000044B0700B465070030620020408000203E
:107A400070B5F2F705F91E491E481F4E1F4C204D18
:107A50002BF08AFC1B482BF0D7FC1A48022124F09B
:107A6000B7FD1C4917482BF07FFC316815480029E9
:107A70000CBF294621462BF015FC174911482BF065
:107A800073FC31680F4801290CBF294621462BF0B1
:107A900009FC12490B482BF067FC2CF0F5FB04465F
:107AA000084825F035FB2CF0EFFB001B642800D8BC
:107AB00070BD0B4B0022BDE870401A70FCF774BB20
:107AC0001C4B07005CE200206CFF0020A04B07006D
:107AD00058430700B46507002C4B0700344B0700E0
:107AE0004080002010B5F2F7B3F81E48012124F0C1
:107AF0006FFD1D491B482BF037FC1A482BF084FC06
:107B00001848022124F064FD184916482BF02CFC7B
:107B10000121144824F05CFD12482BF075FC144937
:107B200010482BF021FC13490E482BF01DFC0D488A
:107B30002BF06AFC10490B482BF016FC2CF0A4FB30
:107B40000446084825F0E4FA2CF09EFB001B64284C
:107B500000D810BD094B0022BDE810401A70FCF798
:107B600023BB00BF5CE20020404B0700504B0700E6
:107B70005C4B0700704B0700844B070040800020DF
:107B800038B51F4D1F4CF2F763F82B78002283F0B5
:107B900001032046022122612B7024F019FD2B786D
:107BA00013B14FF480336361174916482BF0DCFBA7
:107BB0004FF0011301216361E176124824F008FDC2
:107BC000124910482BF0D0FB11490E482BF0CCFB8A
:107BD00010490C482BF038FC2CF056FB04460948A1
:107BE00025F096FA2CF050FB001B642800D838BD15
:107BF000094B00221A70BDE83840FCF7D5BA00BF27
:107C0000D00101205CE20020984B0700A44B070044
:107C1000B4650700306200204080002070B5F2F7A4
:107C200017F82048204E214C214D012124F0D0FC92
:107C300020491C482BF098FB1A482BF0E5FB19480B
:107C4000022124F0C5FC1C4916482BF08DFB31683D
:107C5000144800290CBF294621462BF023FB174965
:107C600010482BF081FB31680E4801290CBF2946D2
:107C700021462BF017FB12490A482BF075FB2CF01C
:107C800003FB0446074825F043FA2CF0FDFA001BDD
:107C9000642800D870BD0B4B0022BDE870401A70FC
:107CA000FCF782BA5CE200206CFF0020A04B0700CA
:107CB00058430700BC4B0700B46507007843070032
:107CC000CC4B070040800020F0B5954C85B0F1F713
:107CD000BFFF2068002837D016F058FA00283AD0A5
:107CE000904991482BF040FB206800284ED016F0B8
:107CF0009BFA0546206800285ED016F06FFA06460B
:107D00002468002C6DD0204616F0F4FA044615B114
:107D1000002E00F38180854983482BF095FA824834
:107D2000032124F055FC82497F482BF0BBFA2CF04C
:107D3000ABFA04467C4825F0EBF92CF0A5FA001BC1
:107D400064281CD805B0F0BD7A4E306818B112F026
:107D5000CDF8002858D0734973482BF005FB7349C0
:107D600071482BF071FA7048022124F031FC7249FD
:107D70006D482BF0F9FAFCF77DFA05B0F0BD6F4BBA
:107D800000221A70FCF710FA05B0F0BD694E306899
:107D9000002800F0B98012F0A9F8002840F0958082
:107DA000306812F08DF8002800F08F8015F0E2F9AD
:107DB000054620680028A0D15E4E30680028AAD071
:107DC00012F094F8002840F09080306812F078F8B3
:107DD000002800F08A8015F0FBF924680646002C84
:107DE00091D1544F3868002800F0908012F07EF84E
:107DF00000288CD1386812F063F80446002886D039
:107E000015F03AFA044682E7306812F059F8002873
:107E1000A1D015F051FA61E7434D464E4FF470235F
:107E2000284602212B6124F0D3FB6A46102320460A
:107E3000022105F003FA694628462BF033FA4FF485
:107E40000C132B612846012124F0C2FB3C49284633
:107E50002BF08AFA4FF44813284602212B6124F0B4
:107E6000B7FB384928462BF0EFF9306800283FF47B
:107E70005EAF12F03BF800287FF459AF306812F083
:107E80001FF8044600283FF452AF15F009FA0A2201
:107E9000014628462BF0DEFC2A4928462BF0D4F96F
:107EA000204615F001FA0A22014628462BF0D2FCA2
:107EB000244928462BF0C8F9204615F0F9F90A2282
:107EC000014628462BF0C6FC31E7306850B112F06D
:107ED0000DF8054638B1306812F004F8054610B1C7
:107EE00016F07EFE0546206805E7306880B111F087
:107EF000FDFF38B1306811F0F5FF18B116F078FECB
:107F00000646FDE60026FBE6054656E70446FEE685
:107F1000206800283FF4FFAE16F0ECF9FBE600BF46
:107F200008060120D44B07005CE2002080450700D2
:107F3000684507001CE20020E84B07004080002055
:107F4000F44B0700A04B07002DE9F84F304F314E9E
:107F5000314DDFF8D8A0DFF8D880F1F779FED7F8F7
:107F6000009009F1FF34022C30464FF00201A8BF07
:107F7000022424F02DFB24EAE47404F1030B05EB46
:107F800084053B68A3424146304624D02BF08AF951
:107F9000013455F8041B30462BF056FAA345F0D1B6
:107FA0001C48012124F014FBB9F1010F1FDD1B490E
:107FB00018482BF049F9B9F1020F1CD02CF064F9E4
:107FC0000446144825F0A4F82CF05EF9001B642840
:107FD00016D8BDE8F88F51462BF064F9013455F8F6
:107FE000041B30462BF030FA5C45CAD1D8E70C4967
:107FF00008482BF029F90B4906482BF025F9DDE755
:10800000094B00221A70BDE8F84FFCF7CDB800BF4D
:108010006CFF00205CE2002058530700604407001A
:1080200068460700084C07004080002058430700BE
:10803000A04B070070B5F1F70BFE2448244E254CE9
:10804000254D012124F0C4FA244920482BF08CF955
:1080500023491E482BF088F91C48022124F0B8FA65
:1080600020491A482BF0F0F90121184824F0B0FA01
:1080700016482BF0C9F93168144800290CBF29466D
:1080800021462BF0E1F8184910482BF06DF93168C2
:108090000E4801290CBF294621462BF0D5F813497B
:1080A0000A482BF061F92CF0EFF80446074825F058
:1080B0002FF82CF0E9F8001B642800D870BD0C4B99
:1080C0000022BDE870401A70FCF76EB85CE2002038
:1080D0006CFF0020A04B070058430700104C07001E
:1080E000204C07000CE200202C4C0700404C0700FD
:1080F00040800020F0B585B0F1F7AAFD49494A4813
:108100004A4E2BF031F94A4947482BF09DF8464832
:10811000032124F05DFA306890B316F085F8044628
:10812000306800283DD016F05DF80546306818B17B
:1081300016F050F8002844D084B93E493A482BF054
:10814000B1F82CF0A1F80446374824F0E1FF2CF0F8
:108150009BF8001B64280CD805B0F0BD28466A4681
:108160001023022105F06AF869462F482BF09AF88F
:10817000E7E7314B00221A70FCF716F805B0F0BDA6
:108180002E4F386800284AD011F0B0FE10BB386876
:1081900011F096FEF0B114F0EDFF044630680028AF
:1081A000C1D1264F3868002835D011F09FFE08BB9A
:1081B000386811F085FEE8B114F0E4FF0546306838
:1081C000B5E71948022124F003FA1D4916482BF09F
:1081D0003BF8B6E7386850B111F088FE044638B174
:1081E000386811F07FFE044610B116F0F9FC044621
:1081F000306896E73D6865B1284611F077FE054680
:1082000038B1386811F06EFE054610B116F0F2FC78
:10821000054630688BE70546002C8ED09EE7044665
:10822000C0E700BF504C07005CE2002008060120B8
:108230008045070068450700408000201CE20020C0
:108240005845070070B5F1F703FD2748274C284E25
:10825000284D012124F0BCF9274923482BF084F84C
:1082600021482BF0D1F82048022124F0B1F92168EF
:108270001D4800290CBF314629462AF0E5FF1F4959
:1082800019482BF071F82168174801290CBF3146B5
:1082900029462AF0D9FF1A4913482BF065F8012125
:1082A000114824F095F910482BF0AEF8154A164BFA
:1082B00021680D4800290CBF114619462BF054F8CF
:1082C0002BF0E2FF0446084824F022FF2BF0DCFFED
:1082D000001B642800D870BD0C4B0022BDE8704024
:1082E0001A70FBF761BF00BF5CE200206CFF00204A
:1082F00058430700A04B0700944C0700A44C07000C
:10830000943A0700644C07007C4C07004080002032
:10831000F8B5A64CA64D23780BB106232B60A54BD0
:108320001A78002A40F0C880A34E2BF0ADFF3268C7
:10833000A24B801A1A684FF47A7393FBF2F39842B7
:1083400075D82B689A1C012A2ED91F1D00F0BE80FB
:10835000581D00F0B6805A2B00F0B880D91C00F0F0
:10836000828113F1090F00F0B1809A1D32D013F110
:108370000A0F00F0668103F10F02042A00F27D81EA
:108380008F4802F081FD2B68692B4FD022783ABBD1
:108390005F1C04460FD09D1D0DD013F10A0F0AD0AB
:1083A0000F33042B07D995E00133237840F08A80FE
:1083B000002B3BD10524834B1B681B79002B00F05D
:1083C000D180814A1368002B40F0E280631E136065
:1083D0000125C1E07D4A5278002A40F01C812278B4
:1083E000B3F5617F22D06A2B20D0642B00F0FE8091
:1083F000981D40F0A581734B1B681B79002B00F082
:1084000010817349734A336803C903F59C53918003
:10841000090C1060083391716F48704A3360012471
:1084200000216FF00603047011602B60F8BD2BF083
:108430002BFF3060F0F788FF2B685A1F082A68D995
:10844000B3F5617F00F097805A1C00F0E1809F1C1B
:1084500000F0F180191D00F0F1805A1D00F0F78046
:108460009F1D00F0F78013F10A0F00F0F68013F162
:108470000B0F00F0948013F10C0F00F0F18013F15A
:108480000D0F00F0FE8013F10E0F00F0FD8013F1D0
:108490000F0F00F0FC80D91D00F0FC80DA1C00F00A
:1084A000FC8013F1080F00F0FB8013F1090F40F07E
:1084B000FA80FFF7B3FB44E700221A70FBF774FE63
:1084C00032E72378002BB1D1012403E02378002B7D
:1084D000ACD102243B4B1B681D79002D34D1404B9D
:1084E0001B681B79002B3FD13E4B1B681B79002B6F
:1084F0009CD0354A1368002D39D0013C9C420CBFFA
:10850000002301331360336803F59C530833336051
:10851000F8BD98BB052B45D0062B00F0C980072B72
:1085200000F0C980082B00F0C980092B00F0C98039
:108530000A2B00F0C9800B2B00F0ED800C2B00F013
:10854000ED80FDF759FAFCE61F4A1368611E994257
:1085500022D0013313600025336803F59C530833A0
:108560003360BCE70125BAE7FBF7B6FBBCE763B9AC
:10857000013C1460C7E7FBF797FEE2E6FFF7CAF895
:10858000194B40F2E7321A60DBE6013B1360BAE7B1
:10859000013B13600125DFE700251560DCE7FFF7ED
:1085A00049FDCEE6FCF7C8FCCBE600BF3DE5002068
:1085B0002062002040800020B4E2002028620020D9
:1085C00018610020E06000206CFF002000C4002043
:1085D000BC4C0700106100204180002000E2002018
:1085E000E4600020E860002034F50020AB4B1B68FD
:1085F0001B794BB9AA4B1B681B792BB9A94B1B687C
:108600001B79002B3FF412AFBDE8F840EFF7DABA60
:10861000FFF79AFC95E62378002B7FF4ECAE032459
:10862000C9E69F4B1B681B79002B3FF4FFAE9E4BA6
:1086300001221A70E8E7FBF7C7FF82E6FFF764F94B
:108640007FE62378002B7FF4F1AE0424B3E6FFF736
:1086500049FA76E6FCF720F873E6FCF7D9F870E6FD
:10866000FFF7F0FD6DE62378904A1468002B7FF445
:10867000DDAE012CB8BF01242CE7692B7FF4AFAE2F
:10868000F8BDFDF781FB5CE6FDF744FC59E6FDF71C
:10869000C3FC56E6FCF7F0F953E6FCF755FA50E652
:1086A000FCF7ACFB4DE6042B11D1FEF7B1FA48E61E
:1086B000FCF722FF45E6FCF797FF42E6FDF7B0F82E
:1086C0003FE6FFF717FD3CE6FCF7F6FC39E60E2B1C
:1086D00013D1774B93ED007AF0EE007AB4EEE77A9F
:1086E000F1EE10FA1DD9734B1B680D2B0CBF032044
:1086F0000D202860F1F7D6FA23E65A2B1DD0032B64
:1087000018D0692B13D0642B0ED06A2B7FF419AECE
:10871000FDF726FA15E6FCF7D7FD12E6FFF7D4FAC7
:108720000FE6FEF73FFA0CE6FFF73EF909E6FFF722
:1087300027FA06E6FEF744FC03E6FFF781F900E6B8
:10874000D91D32D0002A7FF471AE544909680979E5
:1087500071B113F1080F00F0B9800D2B00F0D58036
:10876000032B00F3C280544B18682860F1F79AFA83
:108770004B4B1B681B79002B71D14A4B1B681B7933
:10878000002B3FF453AE286810F1080F7CD00D2861
:1087900000F0AD80484A12689042B4BF0130032017
:1087A0002860BDE8F840F1F77DBA3C4B1B681B79A7
:1087B000002B3DD13B4B1B681B793BB33F4B1F68E4
:1087C000052F46DCDFF8FCC01CF807000124DFF8A9
:1087D000F8E00023724602E00133242B04D012F8A3
:1087E000011B8142F8D11C44354B2434A3FB0423E4
:1087F000DB0803EBC303A4EB83031EF803300CF880
:108800000730336803F59C5308333360244B1B68EF
:108810001B79002B3FF40AAE28490B68052B21DC9D
:10882000326802F59C52013308320B603260F8BDA9
:10883000224B1F68052F0CDC1A4BDFF888C01B6821
:108840001CF807001B79002B14BF01244FF0FF34E4
:10885000BDE7062F0CBF072206221A60D1E7F1F709
:108860003DFA8AE7062B7FF4CFAE1648FAF74AF9AD
:108870000446002856D0336803F59C5308336FF044
:10888000050233602A60F8BD336803F59C53083352
:108890006FF0080233602A60F8BD00BFE06000207E
:1088A000E4600020E860002041800020DC0101201D
:1088B00070E5002034F500207462002000E2002002
:1088C000398EE33810610020105307001D4B1B68E0
:1088D000002B7FF74DAF33681B4803F59C530833DB
:1088E0000D2133600260296042E7581E3DE7174AB8
:1088F0001278002A3FF44EAF336803F59C530833D7
:108900006FF0070233602A60F8BD104A1278002A1F
:10891000EBD0336803F59C5308336FF007023360E4
:108920002A6025E70A4F0B493F22384637F079FC89
:10893000336887F83F4003F59C5308336422336063
:108940002A60F8BD1CF5002024E20020E00501208B
:1089500030620020AC4C07000B4B1B7883B10B4AF4
:108960000B4B10881B8880B29BB200F58050C01A58
:108970004342C3F30B03C0F30B0058BF5842704788
:1089800004482BF041B800BF116D002046C4002000
:1089900048C40020EC630120254BD3F84021002A75
:1089A00040D0244A012100202DE9F041C3F84001C4
:1089B0005964D3F8443511681F4E204DDFF890807C
:1089C000994238BF1360002414E02BF025F862B6FA
:1089D00000281B4904F1010416DB2B88B8F800209D
:1089E0000133C3F30B0392B29A421CD02A882B8026
:1089F00093B2C854A7B272B630462BF005F80346BE
:108A00003046002BE1D162B60E4A13889BB2BB42BE
:108A100038BF1780FE2F03D90B4A13680133136048
:108A2000BDE8F0817047094A136801331360EBE732
:108A300000A0014098900020EC63012046C4002073
:108A400000B40020308000202C80002038800020DE
:108A500048C400200D4B1B788BB10D4B0D4A198873
:108A6000138889B29BB299420CD0118813880A48A6
:108A700089B20133C3F30B03405C1380704707488E
:108A80002AF0CABF4FF0FF30704700BF116D0020C1
:108A900046C4002048C4002000B40020EC6301203C
:108AA0002DE9F04FB44B1B7887B0002B40F031829A
:108AB000B24CB34DC4F800560120FAF703FEB14B97
:108AC000C4F800561B78002B40F02082AE48AE213F
:108AD00023F098FFAD4B1B78DBB1AD49AD4B0124C2
:108AE0004FF480304FF080624C60C1F80803C3F847
:108AF0008020BFF34F8FBFF36F8FC3F88021BFF388
:108B00004F8FA54BA548002140F24C4219700EF042
:108B100079FFDFF8A48298F80030002B40F0ED8157
:108B2000964E974FC6F800764FF08045D5F838340A
:108B3000D90740F12082AF21934823F063FF4FF41F
:108B4000FA60EFF783F92BF09FFBC6F80076D5F8B3
:108B50003834012838BF0120DA07044640F1ED819E
:108B60008F4D904B904EDFF85492DFF854A2019352
:108B7000009745F00105019B1B68D3F800B05846EB
:108B80002EF002FF034603274FF4FA4063B9012F8A
:108B900000F01881A84758462EF0F6FE0346013F24
:108BA0004FF4FA40002BF2D0D9F80030CDF80890FD
:108BB0001F6838462EF0E8FE03464FF0030B4FF4D3
:108BC000FA4073B9BBF1010F00F0FC80A8473846AA
:108BD0002EF0DAFE03460BF1FF3B4FF4FA40002B78
:108BE000F0D0DAF80030CDF80CA0D3F800B0584639
:108BF0002EF0CAFE034603274FF4FA4063B9012F53
:108C000000F0E080A84758462EF0BEFE0346013F24
:108C10004FF4FA40002BF2D0002C40F049810DF1C6
:108C20001707002338468DF81730EEF769FB9DF8DB
:108C30001730002B40F0398120BF504A0099C2F80C
:108C400000164FF08043D3F83834DB0793D4002C60
:108C500040F07B8140F6B830EFF7F8F832202BF087
:108C60001FFB464B464AC3F800260F240025002070
:108C70002EF08AFE0346012B4FF0020008BF01359B
:108C80002BF00EFB013CF2D128460F2105F018FB1A
:108C90003A4B46493A4AC3F800260B68019C002823
:108CA00014BF032202221F2B88BF03F01F03246876
:108CB0008CBF3F484FF0A04003F5E073120442F030
:108CC0000C0240F823202368029851F823300068F2
:108CD000384C00681F2B86BF03F01F03344A4FF047
:108CE000A04203F5E07342F8234051F82030039886
:108CF000304C00681F2B84BF03F01F032C4A006810
:108D000098BF4FF0A04203F5E07342F8234051F8BA
:108D10002030284C26491F2B86BF03F01F03244A0E
:108D20004FF0A04203F5E0734FF0A04042F823401B
:108D30004FF0FF34C0F82045C1F82045F1EE103A5D
:108D400023F09F03E1EE103A124B4022C3F8842136
:108D5000384600238DF81730EEF7D2FA9DF8173019
:108D6000002B40F011814FF080430122C3F80044F2
:108D7000C3F8002520BFFDE7E1010120000001400C
:108D80003546526EDCE000205CE200203CE500202D
:108D900000A0014000E100E0116D002070FF002004
:108DA00070530700E0600020B4E200200C77070059
:108DB000000300500C000300A4DC0020E46000204D
:108DC000E86000204FF4FA60EFF740F898F80030C0
:108DD000002B40F0A1806F4B6F4C70487049714A76
:108DE0001B7819252570002404700C701470002B5A
:108DF0003ED06D4A6D4B6E481470FF2183F82840B9
:108E00002AF024FE64202BF04BFA6A4A6A486B4B26
:108E1000148003250480012204205A606849DA6026
:108E2000C3F80445C3F80855C3F8100541F2883566
:108E30004FF48030C3F84055C3F800226025C3F8D2
:108E400004034FF0806081F81A53C1F88001086074
:108E50005C490A701A60F1F7BBFB224621465A486A
:108E60000EF002FD2BF010FA584A594B147018609E
:108E7000AF21584823F0C6FD574B584A1B780021B4
:108E800011701BB9564B1B78002B63D1554C2368CE
:108E900001332DD1336803F59C5308334FF0FF3273
:108EA0003360226007B0BDE8F08FEEF725FAC4E624
:108EB0002BF0EAF942F20F73001B984212D82BF004
:108EC000E3F93268484B801A1A684FF47A7393FBBF
:108ED000F2F398427FF6A3AE2BF0D6F93060FCF7A0
:108EE000BBFE9CE63B48AE2123F08CFD002496E6B9
:108EF0002BF0CAF93D4B1860CCE701210F202EF072
:108F0000A1FC01210F202EF021FD09E6F1F74CFF15
:108F1000DCE5F0F73FFBCBE500210F202EF016FD3E
:108F200032202BF0BDF932481EF06CFA00283FF4D5
:108F300052AF002388F800304DE72E4B01932E4BA3
:108F400002932E4B03930DF117072248AE2123F015
:108F500059FD7FE62BF098F90146294804F094FA70
:108F60003368204A03F59C5308336A21336011604B
:108F700007B0BDE8F08F1F4B01931F4B02931F4BAF
:108F800003930DF1170765E62046EEF7ADF9EEF70E
:108F9000ADF9EFE63CE500202C6200202D620020B8
:108FA00044E5002059E5002028E50020F0E40020F9
:108FB000EC63012046C4002048C4002000A001400A
:108FC00000E100E0116D002070FF00202E62002003
:108FD0006CE500205CE20020F005012068FF002025
:108FE000E1050120206200202862002060FF0020AF
:108FF000A8DC0020E0600020E4600020E8600020A1
:10900000E405012010B52A4B1C7882B024B1294B0D
:109010001B68002B49D11C46274B284A1B78126835
:109020008DF800400BB1002A3BD1254B254A1B7817
:109030001268002B32D1244C8DF8013023681B7943
:1090400013B9224B1B681B79214A8DF80230136833
:10905000B3F5FA7FD4BF002301238DF803302BF042
:1090600013F9694603461B48019304F029FA98B1A5
:10907000194A164B116824681A6801284FF000033A
:1090800023710B71137103D1FEF7F0F902B010BD1B
:10909000022801D1FFF704FD02B010BD0AB9134642
:1090A000C9E72BF0F1F80123C5E72BF0EDF8B3E7A2
:1090B000ECE10020F0E10020E5E10020E8E1002003
:1090C000F4E10020F8E10020E0600020E8600020EA
:1090D00010060120E4050120E460002001482AF088
:1090E000B5BC00BFEC6301202DE9F04789498A4DEA
:1090F0008A4B8B4EC5F800664FF001084FF4803064
:109100004FF08062C1F8048082B0C1F80803C3F850
:109110008020BFF34F8FBFF36F8FC3F88021BFF361
:109120004F8F8049804FA1F5157000243C7006F0E8
:1091300013F87E497B4805F043FA22467C4840F20A
:1091400026210EF065FEC5F800660446002840F0B2
:10915000A78078482AF00EFC32202BF0A1F84FF4BB
:10916000165174482AF0C2FC64202BF099F86D491E
:10917000A1F5157005F0F0FF6C496A4805F020FA7A
:109180006B48224640F226210EF042FE00283BD1D9
:10919000614B634AC3F8002666482AF0EBFB322095
:1091A0002BF07EF863484FF461412AF09FFC322097
:1091B0002BF076F8604A574B604D584900201080DC
:1091C000012228805A600325DA60C3F804050420D0
:1091D000C3F80855C3F8100541F288354FF48030C4
:1091E000C3F84055C3F800226025C3F804034FF0CC
:1091F000806081F81A53C1F8800108603A701A60E3
:10920000204602B0BDE8F08740F24C4A03234246B4
:109210004FF46141C5F800664548CDF800A00EF056
:109220000FFF64202BF03CF842482AF0A3FB3220C9
:109230002BF036F84FF461413E482AF057FC642089
:109240002BF02EF83749C5F80066A1F5157005F02A
:1092500083FF3649334805F0B3F93548224640F2DA
:1092600026210EF0D5FD8146002891D0C5F8006674
:10927000F1F7AEF9534632492D48C5F8006603228E
:109280000EF0FCFE2F4BC5F800661B787BBB2A490D
:109290002A4A00230B804C461380F1F76DF9AFE7A3
:1092A000F1F796F940F24C4325492148C5F800668C
:1092B00003220EF0E3FE234BC5F800661B78002B5B
:1092C0003FF478AF20491A4840F24C4303220FF094
:1092D00039F840F24C43C5F8006615480093424601
:1092E000032305210EF0C4FFC5F8006662E71649A6
:1092F0000F48534603220FF025F8C5F800660C48C6
:10930000CDF800A04246032305210EF0B1FFC5F8B9
:109310000066BCE700A001400000014000E100E061
:109320003546526EC4010120116D00204CC400204E
:1093300070FF0020EC63012046C4002048C40020D8
:10934000317302002D6200206D760200164B1B78EF
:1093500003B97047002270B511461448144D154CDE
:109360000EF082FA114807F053FE2B781BB92378D0
:1093700043B101232B7023781BB1BDE87040F1F796
:109380002FBF70BD0C4E2AF07FFF3368C01A41F228
:1093900087339842EFD9FFF7A7FE0028E9D02AF0DB
:1093A00073FF3060E7E700BF3CE5002070FF00205E
:1093B0002E62002028E500206CE500202DE9F04F0A
:1093C000DFF8A081614F624CDFF8949183B0824650
:1093D00065E04FF4614138462AF088FB01233220D2
:1093E00088F800302AF05CFFFF2138462AF02EFB77
:1093F00064202AF055FF5748C6F80046494605F054
:10940000ABFE5549484605F0DBF85248002240F2D1
:1094100026210EF0FDFCC6F80046002840F08780AB
:1094200098F80030002B49D14FF4165138462AF0F5
:109430005DFB642088F800B02AF032FFFF21384637
:109440002AF004FB64202AF02BFF4248C5F80046AE
:10945000494605F081FE4049484605F0B1F83D48CF
:10946000002240F226210EF0D3FC06464FF4FA709B
:109470005EBBC5F80046BAF1000F5BD0C5F80046E8
:109480002AF00EFF4FF4FA70C5F800462AF008FFE4
:10949000C5F800464FF4FA70B2462AF001FF2F4E8D
:1094A00098F800304FF0010B3546002B91D038462C
:1094B0002AF060FA14202AF0F3FE8AE738462AF0F0
:1094C00059FA14202AF0ECFEAEE740F24C43C5F8FE
:1094D00000465A4600934FF4614103231D480EF0A5
:1094E000AFFD64202AF0DCFE98F8003033BB4FF467
:1094F00061411648194C164D2AF0F8FA01236420F0
:1095000088F800302AF0CCFE1549C4F80056A1F5C1
:10951000157005F021FE1049114805F051F80D486D
:10952000002240F226210EF073FCC4F8005603B06E
:10953000BDE8F08F504603B0BDE8F08F03482AF035
:1095400019FA14202AF0ACFED1E700BFEC63012029
:109550003546526E70FF00204CC4002000000140D0
:10956000C4010120106D0020F0B53C4C83B00023F5
:1095700001202370FFF722FF08B903B0F0BD384D7A
:10958000384EF1F725F840F24C4337493748C5F8D3
:10959000006603220EF072FD354BC5F800661B789D
:1095A000002B46D10123334E334D344F23700EE050
:1095B0002C883B880134C4F30B049BB29C420DD031
:1095C0002AF02AFA2B882E4A2C809BB2D05430469F
:1095D0002AF01AFA03463046002BE9D1294B2A49D2
:1095E00001220024032504205A60DA60C3F80445F0
:1095F000C3F80855C3F8100541F288354FF48030A0
:10960000C3F84055C3F800226025C3F804034FF0A7
:10961000806081F81A53C1F8800108601B490A7004
:109620001A602AF031FE1A4A1A4B1470186003B0FF
:10963000F0BD19490D4840F24C4303220EF082FE62
:1096400040F24C42C5F8006608480092032301220C
:1096500005210EF00DFEC5F80066A3E73CE50020ED
:10966000000001403546526E3173020070FF002049
:109670002D620020EC63012046C4002048C4002075
:1096800000B4002000A0014000E100E0116D0020C6
:109690002E6200206CE500206D76020000000000C4
:1096A0002DE9F04F4FF080419BB0D1F80034049386
:1096B0004FF0A046B84DD6F820350593D5F82035A3
:1096C000B64A06934FF0FF33C1F80034B44CC6F8E5
:1096D000203507CAC5F82035236807AD85E807009F
:1096E0005A0940F01881012101FA03F30A93079BFC
:1096F0000B9254F82320530900F00981012B40F00C
:10970000CB8202F01F0293400022089954F82110E6
:10971000480900F0F780012804D101F01F0100FA88
:1097200001F10B43099954F82110480940F0E180F8
:10973000012000FA01F10A430AA904A8CDE90C238B
:1097400004F098FD974B984D18700C202EF046F8B9
:10975000002120202EF076F801210E202EF072F844
:1097600000210E202EF0F2F82AF08EFD8F4B904C47
:10977000024620201A602EF037F834F049FD82A30B
:10978000D3E9002334F0BEFD35F0B4F834F062FDC7
:109790007FA3D3E9002334F0B5FD35F0ABF82860A2
:1097A000FDF7FEFFF1F758FB2070F4F721F8814A2E
:1097B0002378107013B1002840F0B880F9F7E0F971
:1097C000237800228DF82820002B40F018827A4858
:1097D000102303821DF016FE784BB0FA80F040098A
:1097E0001870FFF7C1FE237800228DF82820002B87
:1097F00040F01081724E00238DF8283001250120A1
:109800002946039004F008F86E4B039883ED000A94
:10981000294604F015F86C4A6C4F03461360306813
:10982000136834F017FDC7E90001F4F77BFB684BC0
:109830001B780BB9F9F7C8FD664967481FF0F8FCBB
:10984000654800211FF0E6FC4022634890211FF08C
:10985000E9FC61486FF059011FF0A4FD5E484FF626
:10986000FF711FF0A3FD5C4800211FF0E3FC5B4A81
:109870002378107033B32AF007FD0146584802F0F0
:10988000DFFC584A5849136803F59C5308334FF4DA
:10989000617013600860022100202DF0D3FF53494E
:1098A000032200202AF080FB514B01224FF40031AB
:1098B000C3F80C25C3F80415C3F808251A601BB0BB
:1098C000BDE8F08F4B4B1C78002C40F0CD814A4D09
:1098D0004A493F22284636F0A4FC424A42491368CE
:1098E00085F83F4003F59C530833692013600860F6
:1098F000D1E701287FF420AF01F01F0100FA01F148
:109900000B4319E7012000FA01F10A430AE701219C
:1099100001FA02F2F9E6012A4FF0000108BF03F054
:109920001F030A910CBF9A400A46E0E6DFF8D49084
:10993000D9F80030002B7FF741AF314DDFF8C8A0D8
:10994000DFF8C880DFF8C8B0002695F830700095C1
:10995000012F534642464FF040010AA809D036F085
:1099600053FBD9F800300136B34205F13805ECDC81
:1099700024E75B4636F048FBD9F8003001369E42BA
:1099800005F13805E1DB19E7CDCCCCCCCCCC4C3F94
:10999000FED478E92631084000030050A04E0700AD
:1099A0000C770700E4E1002024F5002020F50020DA
:1099B000F0050120F1050120A8DC0020A4DC002036
:1099C000BC620020C8600020CC600020186200202B
:1099D00020E1002035770200685101203680002008
:1099E0005CE50020B4E2002020620020BD77020088
:1099F00000000140E105012030620020104D070009
:109A0000580D012018390120D84E07006C3C070082
:109A1000385307000420F0F701FF002800F0EC8025
:109A20009F4830220AA9F4F7F5F8002800F0E480F6
:109A30000AA835F0F1FA51EC100B34F05BFF07EE99
:109A4000900AF5EEC07AF1EE10FA964E96BF964A5D
:109A500023782378306098BF326000228DF8282068
:109A6000002B3FF4C8AE0420F0F7D8FEB0B18F4809
:109A700030220AA9F4F7CEF880B10AA835F0CCFA62
:109A800051EC100B34F036FF07EE900A884AF5EEE1
:109A9000C07AF1EE10FA106040F2FA8023780022CA
:109AA0008DF82820002B3FF4A6AE0420F0F7B6FE78
:109AB000B0B1804830220AA9F4F7ACF880B10AA806
:109AC00035F0AAFA51EC100B34F014FF07EE900AAF
:109AD000794AF5EEC07AF1EE10FA106040F2D480C7
:109AE000237800258DF82850002B3FF484AE042005
:109AF000F0F794FE00287DD0704830220AA9F4F7D0
:109B000089F8002876D06E4F1F2238460AA936F011
:109B100088FB2378FD7700258DF82850002B3FF433
:109B20006AAE0420F0F77AFE002861D06548302242
:109B30000AA9F4F76FF800285AD0634F1F2238465D
:109B40000AA936F06EFB2378FD7700228DF82820D5
:109B5000002B3FF450AE0420F0F760FE002800F028
:109B600081805A4830220AA9F4F754F8002879D0A5
:109B700057490AA836F0E0FA564B2578B0FA80F03B
:109B80004009187000238DF82830002D3FF433AEC3
:109B90000420F0F743FE0746002861D04E483022EB
:109BA0000AA9F4F737F8002859D04C490AA836F02A
:109BB000C3FA2378051E18BF012500228DF828203E
:109BC000002B3FF41CAE0420F0F728FE00283FF4E1
:109BD00016AE434830220AA9F4F71CF800283FF4D7
:109BE0000EAE0AA835F01BFA0128B8BF012007E61F
:109BF0002378AAE723788EE723782A4E2DE70420DE
:109C0000F0F70CFE88B1374810220AA9F4F702F8E1
:109C100058B135490AA836F08FFA344BB0FA80F1C2
:109C200049093348197022F087FE2378002B3FF44E
:109C3000CEAD304B0093304A304B3148002119F003
:109C40001BFA304B0093304A304B2D48002119F05D
:109C50002DFA00222A48114619F020FAB7E53D46B0
:109C60002378AAE725788DE72AF00EFB01462848DD
:109C700003F00AFC274A2849136803F59C5308336C
:109C80006A201360086006E624492378116028E7FB
:109C900022492378116002E700231A4635E500BF08
:109CA000C43F0700BC6200200000E040A83F07005E
:109CB000C0620020983F0700C4620020DC3F07001C
:109CC0009C6200207C3F07007C620020E04C070083
:109CD000383E0700F2050120EC4C0700F84C070065
:109CE000004D0700C44C0700D44C07001D7D002028
:109CF0005CE20020543D07004C3D0700403D07005A
:109D0000A8B30020FD760200BD7402002D7502008C
:109D1000E4050120B4E20020206200200000F041B0
:109D2000F0B52A4D2C7883B01CB9294E3378022B1C
:109D300001D903B0F0BD274F2AF0A6FA3B68C01A3C
:109D400042F20F739842F4D92AF09EFA33783860C1
:109D5000013320463370FFF731FB0028E9D01E4C59
:109D60001E4EF0F735FC40F24C431D491D48C4F827
:109D7000006603220EF082F91B4BC4F800661B78C4
:109D80007BB91A4B1A49012200240C802A701C80CE
:109D9000F0F7F2FB2AF078FA164A174B14701860A5
:109DA000C7E716490F4840F24C4303220EF0CAFAA7
:109DB00040F24C42C4F800660A4800920323012294
:109DC00005210EF055FAC4F80066DAE73CE50020FC
:109DD0009C9000203C800020000001403546526EDF
:109DE0003173020070FF00202D62002048C4002063
:109DF00046C400202E6200206CE500206D76020033
:109E000030B55E4C85B0FFF78BFF23685C4A1B7949
:109E1000128DADF8042023B95A4B1B681B79002B17
:109E200079D05949594A097812688DF80630A1F15C
:109E30000101B2F5FA7FB1FA81F1D4BF0023012309
:109E400049098DF807108DF808302AF01DFA01A98C
:109E500003464F48039302F015FA70B1494A4D4B3F
:109E6000216812681B68002402280C7114711C718F
:109E700028D0032803D1FEF713FE05B030BD01281A
:109E8000FBD1454B454D46481C7019232B7002F001
:109E9000A1F9444B44484549454A1B7804700C706D
:109EA0001470002B4FD1434C2368013337D1424A01
:109EB000136803F59C5308334FF0FF3113602160A2
:109EC00005B030BD344B354D35481C7019232B700F
:109ED00002F080F9334B34483449354A1B7804701A
:109EE0000C70147003BB354A3549012313700B7095
:109EF0002AF0CAF9334B344A1B681060002B35D066
:109F00002D4A2C49136803F59C530833062013602F
:109F1000086005B030BD1F4B1B681B7981E72AF034
:109F2000B3F92A4B1860C2E7214640F24C430322A2
:109F300027480EF039F92978254840F24C4303228E
:109F40000EF092FACFE7214640F24C43032220481C
:109F5000184C0EF029F940F24C4329781C48032292
:109F60000EF082FA23680133A1D0D8E7194B1B68A1
:109F7000002BC5D1EDF798FCC2E700BFE0600020E0
:109F8000F0E40020E4600020E4E10020100601205D
:109F90005CE50020E86000202D6200202C6200209B
:109FA000006D00203CE5002044E5002059E500203C
:109FB00058E5002020620020B4E2002040E30020A9
:109FC000E10101201CE20020E401012060FF0020EB
:109FD00070FF0020080601202DE9F04F914B924CB4
:109FE000924AC3F80026237883B0002B40F0978074
:109FF0008F4B1B7833B34FF08043D3F83834DB07F3
:10A0000040F13582EFF7D2FC8A4B1A681379002BA6
:10A0100040F02D8288488949006809680371884C9E
:10A0200013710B712AF030F92268864B801A1A6876
:10A030004FF47A7393FBF2F3984200F2AB8003B0D3
:10A04000BDE8F08FFFF782F9F1F7B6FB7E4B1B7886
:10A05000002B40F0C6807D4CFCF770FDF0F790FFC0
:10A06000F4F76AFEEEF700F8EFF708FBEFF75EFB98
:10A070002378002B40F09680754D00232B70F9F764
:10A0800047FC237833B1734B1A7800211970002AEA
:10A0900040F0CC81704EEFF741FD3368013300F0A2
:10A0A00001816E4B1B7823B16D4B1C68002C40F076
:10A0B0006C816C4B5F4DDFF880A1604F00221A70FD
:10A0C000DFF8DCB12AF0E0F8DBF80040664B041B57
:10A0D000B4F57A7F186080F07781EFF767FC33681A
:10A0E000B3F5617F00F09E816A2B01D1FEF78AFFF4
:10A0F000EFF7A0FBFEF70CF95C495D4A2E680C688F
:10A100003D681768DAF800000023BC420371337120
:10A110002B7194DD0B68136003B0BDE8F08F554DD3
:10A12000FCF70CFD2AF0B0F8534B2A681B68801A24
:10A13000984200F206813F4DEFF738FC2A68137908
:10A1400033B123780BB1F0F72FFEEDF73BFD2A6812
:10A1500039483A49494B0468086819780023237143
:10A1600013710371002959D1364B4FF47A741B686F
:10A1700094FBF3F4324D2AF087F82B68C01AA04202
:10A180007FF65DAF2AF080F8286003B0BDE8F04F9D
:10A19000FAF71ABA2AF078F8206003B0BDE8F04F59
:10A1A000FDF7A0BC364B1B78002B3FF465AF354B59
:10A1B0001B78002B7FF460AF2C4B1B68002B00F347
:10A1C0004181234D2B78002B3FF459AF2AF05CF8E6
:10A1D0002D4B1A6842F20F73801A98427FF64FAFE8
:10A1E0004BE72AF051F829490A68821A132A0346D4
:10A1F0007FF631AF26480B601DF0AEFB254B24489F
:10A2000083ED000A1DF028FB234B214883ED000A53
:10A210001DF062FB214B83ED000A1CE741F28834FC
:10A22000A8E700BF00000140DCE000203546526E88
:10A23000B2390120E4600020E0600020E8600020E6
:10A24000B4E2002028620020A4DC0020E10101200B
:10A250003DE500203580002020620020ECE1002058
:10A26000F0E1002068FF002030E50020100601200A
:10A270005806012020F50020D860002029E10020A8
:10A2800040E30020E20501209CCC0020187D002046
:10A29000A8DC0020D4DC0020D8DC0020DCDC00209E
:10A2A00038E50020784B1B78002B66D0774B1C6874
:10A2B000002C62D029F0E8FF001B41F28734A04255
:10A2C00007D9734B1B7823B1724B1D68002D40F0EA
:10A2D000C780714B1B781BB1704B1C68002C54D18C
:10A2E000336801337FF4E5AE6D4B1A78002A00F035
:10A2F000A2806C4C2068DFF8DCA16B4DDAF80030EE
:10A300002A686A4F91689B683A68A1EB030C9268CF
:10A31000BCF1000FC8BF0B46D11A0029C8BF1346B5
:10A32000181A0028C8BF236029F0AEFF2268604BCE
:10A33000801A98427FF6C4AE03B0BDE8F04FFEF736
:10A34000AFBB29F0A1FF034620202B602DF04CFA73
:10A3500033F05EFF48A3D3E9002333F0D3FF34F09A
:10A36000C9FA33F077FF46A3D3E9002333F0CAFFDD
:10A3700034F0C0FA4F4B1860DDE6474B1B78002BDA
:10A38000B2D0464B1C68002CAED029F07DFF001BDC
:10A3900041F28734A042A3D93B4B1B781BB13B4B06
:10A3A0001D68002D56D13A4B1B78002B98D0394BA5
:10A3B0001C68002C94D029F067FF41F28733001B02
:10A3C00098428DD9ECF77EFF3B4B1968019107EE5F
:10A3D000901AF8EE677A17EE900A33F03BFF374B8E
:10A3E000002233F08FFF80462046894633F010FF6D
:10A3F00002460B464046494634F0AEF834F07AFA4D
:10A400002F49304B02460A602F481B78019922469B
:10A4100001F0E4FE284A0023136029F035FFCBF851
:10A4200000005AE6FFF7ECFC33685DE6EFF7B2F8A0
:10A43000EDF7C8FB2EE601221A7029F025FF194C12
:10A44000206058E729F020FF204A214B10600122AC
:10A450001A7014E629F018FF401BA042A3D9B1E7F7
:10A4600029F012FF401BA0427FF633AF64E7F1F7FB
:10A47000B1FB00BFAFF30080CDCCCCCCCCCC4C3FFB
:10A48000FED478E926310840E5E10020E8E100202B
:10A49000F4E10020F8E10020ECE10020F0E10020F0
:10A4A00068FF002064FF0020E4600020E8600020D6
:10A4B000DF93040024F500202CE5002000408F40AD
:10A4C00034E500202C620020006D00209CCC002090
:10A4D0003DE50020E0600020014829F0DBBA00BF24
:10A4E000EC63012010B5044B044640F8083B1FF014
:10A4F00017FE204610BD00BFD069070010B5044B01
:10A50000044640F8083B1FF00BFE204610BD00BF7C
:10A51000D069070010B5074B044640F8183B1DF002
:10A5200015FD2046044B40F8083B1FF0F9FD20467E
:10A5300010BD00BFA46A0700D06907002DE9F04FE5
:10A5400089B004A84FF4C1511FF0FCFDC64AC74DA5
:10A55000DFF89883DFF898B3DFF898A3DFF89893D3
:10A56000C34FC44EC44C04A910461FF0B9FD04A843
:10A570001FF0D6FDBC4AC14910462A4631F0DAFD2B
:10A5800004A842F63D211FF0DDFDBD4B04A918468D
:10A590001DF0DAFF04A81FF0C3FDB94B2A46184688
:10A5A000414631F0C7FD04A842F63E211FF0CAFD26
:10A5B00004A958461DF0C8FF04A81FF0B1FD2A46A3
:10A5C0004146584631F0B6FD04A842F63F211FF03F
:10A5D000B9FD04A950461DF0B7FF04A81FF0A0FD67
:10A5E0002A464146504631F0A5FD04A84FF42951B2
:10A5F0001FF0A8FD04A948461DF0A6FF04A81FF0FF
:10A600008FFD2A464146484631F094FD384620F0F9
:10A6100023FC2A469B49DFF8E4B2DFF8E4A238467F
:10A6200031F088FD304620F0B5FC2A469649974F18
:10A63000304631F07FFD6A22002195481CF0E0FD94
:10A64000204603F0D1FF934B236004F5157003F00F
:10A65000AFFF01232A4623718F49204631F06AFD5E
:10A660008E488F4B8F4A9049C0F874244FF4807401
:10A670002A26A0F8784400242A4680F87E64C0F890
:10A680006C34C471A0F8444480F84644C0F868446F
:10A6900080F87C4480F8824480F8884431F04AFD98
:10A6A0008249DFF860E2DFF860C28148814A824B6C
:10A6B0000C824FF47A76C1E901468C740F607F49B1
:10A6C000CEF80440AEF810408EF81240CEF8086084
:10A6D000CEF800704FF0FF39CCE90146C0E90146E1
:10A6E000C2E90146C3E90146ACF810408CF81240BB
:10A6F000CCF800700482DFF814C2847407601482FE
:10A70000947417601C829C741F6058466C4B0191B6
:10A7100040228021CDF808C0CDF8009022F0AEFC98
:10A720002A466849584631F005FD04A84CF6806178
:10A730001FF008FD04A950461FF0D2FC04A81FF02A
:10A74000EFFC2A464D49DFF8C8B1504631F0F2FC23
:10A7500004A84CF681611FF0F5FC5B4BDFF8B4A157
:10A7600004A918461DF0F0FE04A81FF0D9FC564BB2
:10A770002A461846414631F0DDFC04A84CF68261B9
:10A780001FF0E0FC04A958461DF0DEFE04A81FF0EF
:10A79000C7FC2A4641465846DFF87CB131F0CAFC76
:10A7A00004A84CF683611FF0CDFC04A958461DF0A7
:10A7B000CBFE04A81FF0B4FC2A464146584631F0AF
:10A7C000B9FC4248424BDFF854C11F604FF6FF7E90
:10A7D0004FF4802700F10C0BDFF84481CCF80080A7
:10A7E000CCE90146A0F83EE0C3E901462A461C82B6
:10A7F0009C74384904718460A0F8349080F83C401F
:10A80000C0F82CB0C0F800A0076331F093FC3248C8
:10A810003249C0F800A000F10C032A46047184609C
:10A820000763A0F8349080F83C40A0F83E90C362E3
:10A8300031F080FC2A482B49C0F800A000F10C033D
:10A840002A46C362047184600763A0F8349080F8DC
:10A850003C40A0F83E9031F06DFC234818F0FAFB24
:10A8600009B0BDE8F08F00BF80E400200060002048
:10A870002CE100209CE1002070FF0020E5A40300F3
:10A88000D0E3002015A50300FDA403005C4D0700E4
:10A89000A8DC0020404D07004178020050660020EF
:10A8A000E065070000093D000D75020094060120D7
:10A8B00028E20020EC010120E8E00020801A0600D8
:10A8C000EC3901204DD00500EC6B00205CC4002069
:10A8D00020B30020997D0200DC6A0020317C020058
:10A8E000486B0020E57C0200A8B300204D7F0500E6
:10A8F00028E4002078E3002098E400205CE20020B7
:10A90000A892002044E3002060060120A0860100F8
:10A91000446C0020B46000209C6C00204CC40020DB
:10A92000944D0700014829F07BB800BFEC6301207B
:10A930000A4B1B7863B10A4B0A491A880B8892B2FA
:10A940009BB29A4207D00B88074A9BB2D05C7047F3
:10A95000064829F05DB84FF0FF307047116D0020B8
:10A9600046C4002048C4002000B40020EC6301204D
:10A970002DE9F0418CB00746884668463022002118
:10A9800034F04CFC00236C463D46ADF800308DF8A9
:10A990000230ADF810308DF82430ADF82C300DF1C8
:10A9A000200C26460FCE664528606960AA60EB60E1
:10A9B000344605F11005F4D1334607CB1B88AB8133
:10A9C00028606960AA6087F8018087F800800CB071
:10A9D000BDE8F0810A7CCAB102784378037002F0C6
:10A9E000FB020023022AC0E90133C0E90533C0E9B4
:10A9F0000733C360038280F82430836280F82D30EF
:10AA0000837000F0EF80002318467047CB7B70B452
:10AA1000002B41D00378012B40F228818A7B1AB1A8
:10AA20000122062B42704DD05A1E052A30D8DFE88D
:10AA300012F0B6007F0071005E000600DB004A687D
:10AA400040F2DB539A4200F3F080002282610B7ADD
:10AA5000002B00F01F81CC7AD4B94B7AC3B1BAB1C4
:10AA60000B689B1A41F28732934211D98A7A022AE3
:10AA700000F0B381012A00F0C7818278C461042309
:10AA80000121046280F8244044740370817002B193
:10AA90000023184670BC70470B7B33B30378012B3F
:10AAA000BCD80A68897B80F82C30012A38BF012283
:10AAB000062401238262047080F82D30002900F002
:10AAC000A680437000230122C0E90133C0E90533A9
:10AAD000C0E90733C360038280F82430836280F8C2
:10AAE0002D30837002700623D3E7037896E7CA7A85
:10AAF000002A40F0A4800C7A002C40F000810A6803
:10AB00008460012A38BF012202210123C260017042
:10AB10000374BEE74A6840F2DB539A427CDC0023B0
:10AB200083610B7A002B40F0A4800A688360E8E719
:10AB30000B7A002B40F08E804C6840F2DB5294423E
:10AB400040F3BC8082690B68002A40F0B480012B7E
:10AB500038BF01238361D1E90032B2F5967F80F2DC
:10AB6000AA808268002A40F0E680012B1A4638BF8E
:10AB700001228260C26844F61F649A1AA24240F21F
:10AB8000A180027C022A00F2A180012B38BF0123A0
:10AB900001320021C0E902130274012379E74C68F5
:10ABA000B4F5FA7F53DD4268002A00F0BD800D68DD
:10ABB000AA1AB2F5FA6FFFF46BAF40F2DB52012D27
:10ABC00038BF012594420A7AC8BF856100264660D5
:10ABD000002A40F0D88002240121C0E90225047037
:10ABE000017456E703230FE790F82D307BB94B7BB8
:10ABF00033B90B68816A904A5B1A93427FF648AF7B
:10AC000090F82C30037000234360032341E70023B6
:10AC100080F82D3002233CE78369002B81D10B683B
:10AC2000012B38BF012383617BE78269002A7FF40F
:10AC30000EAF0A68012A38BF0122826107E78378D4
:10AC400003BB05220023C0E90633027021E700237D
:10AC500043601EE70A68012A4FF0030138BF012252
:10AC600000234261017080F82D3012E70280062334
:10AC70000FE7CB7A002B3BD08378002BE1D04B7AC7
:10AC8000002BDED000230522C0E90633837002705A
:10AC90000423FEE60122C0E90133C0E90533C0E91F
:10ACA0000733C360038280F82430836280F82D303C
:10ACB00083700270EDE6002282605BE78361D1E978
:10ACC00000324AE7CB7A002B3FF4E2AE00230122A8
:10ACD000C0E90133C0E90533C0E90733C36003822B
:10ACE00080F82430836280F82D3002700323D0E690
:10ACF0004A7A32B305224374C3610270C9E68C7A82
:10AD0000022C47D0012C59D0002202624A68B2F5C9
:10AD1000967F35DAC269002A40D10B68012B38BF13
:10AD20000123C3611346B4E60B68012B38BF01232E
:10AD300043601346ADE69A1AB2F5FA6FFFF41AAF04
:10AD4000C4E70968436942F20F74CB1AA3427FF645
:10AD50009FAE437C0133DBB2032B437448D90123FC
:10AD60000370C0E90122C0E90522C0E90722C260E0
:10AD7000028280F82420826280F82D20062388E653
:10AD80000023C36185E6032200234561027080F839
:10AD90002D307EE6026280F82420B7E7096847F28A
:10ADA0002F548A1AA2427FF673AE82780021C161C5
:10ADB0009ABB05218261134601706AE68278002AF7
:10ADC000A2D090F82450002DA0D1066A0A684EBB8C
:10ADD000012A38BF0122026298E704210122C0E95A
:10ADE000074480F82440447423460170827050E682
:10ADF00001294FF0010338BF012102240374C0E987
:10AE000002210470062344E60423C0E9074480F8C5
:10AE100024404474827003703BE605228170816196
:10AE2000027036E6921B40F6C316B2427FF66EAF52
:10AE3000056280F824402CE6BFD4010070B5C0B094
:10AE400005460E46FC22002101A834F0E7F9A022B5
:10AE5000002102A834F0E2F900244FF08073284664
:10AE60006946F9220093ADF8C840ADF8D0408DF89E
:10AE7000F0408DF8F84034F0A9F9EE700EB90124D5
:10AE8000AC702C7040B070BD0378042B0ED8DFE896
:10AE900003F00303050B0300022070474378012BE6
:10AEA0000CBF062005207047042070470120704722
:10AEB00010B4037883B0042B78D8DFE803F00303E1
:10AEC000200F030001220224A14200D31146042BCB
:10AED0006FD8DFE803F03A4360052300032947D821
:10AEE00090F8D030002954D001295BD002290CBF42
:10AEF00009220A228DF804208DF8053018E04378E5
:10AF0000012B38D0042941D802294DD82B4A515C55
:10AF100004238DF804308DF8051009E090F8D03046
:10AF20008DF8053000290CBF0B230C238DF804305D
:10AF30009DF804209DF80530002062F3070063F3BC
:10AF40000F2003B05DF8044B7047003918BF012192
:10AF500000238DF804108DF80530E9E700290CBFB7
:10AF60000222032200238DF804208DF80530DFE74C
:10AF70001A461146ABE7052908D803290ED9042340
:10AF800099424FF0000102D10523C2E700210623B8
:10AF9000BFE70722AEE74378012BB5D10329B5D12E
:10AFA0000423B6E70822A5E70323E9E700220124EA
:10AFB0008AE70623ADF80430BAE700BF085407005B
:10AFC00003280FD8DFE800F00604020C064870479B
:10AFD00006487047064B0748012918BF18467047B6
:10AFE0000548704705487047D4530700E0530700F1
:10AFF000FC530700EC530700F4530700B465070047
:10B0000018B1032803D00020704701207047A1F138
:10B010000100B0FA80F04009704700BF01EB8101E8
:10B0200000EBC1000830704790F82830C3B190F8A9
:10B030002930ABB14378012B14D090F850304BB38A
:10B0400090F851208ABB90F8781061B390F879108D
:10B05000914228D18BB3002A14BF002003207047EF
:10B060000120704790F8A03093B190F8A1307BB1E7
:10B0700090F878303BB390F8793023B390F85030A3
:10B080001BB390F85130002B0CBF042000207047F8
:10B090000220704790F8782062B990F8512012B9D8
:10B0A00090F8790040B10320704790F87820002A8A
:10B0B000CCD1F8E71A46C9E7704790F8511000293B
:10B0C000C9D1002AEFD0184670470420704700BF4E
:10B0D000F8B50378042B00F24981DFE803F003039D
:10B0E0006712030001220224A14200D31146042B5F
:10B0F00000F2AF80DFE813F082008C002E01080020
:10B100008700032900F28E80002900F0C380012906
:10B1100000F02881022900F09F800022022180F89F
:10B12000A82080F8A92080F8AA2080F8AB2080F819
:10B13000AC2080F8AD2080F8AE2080F8AF2080F8F9
:10B14000B02080F8B12080F8B22080F8B32080F8D9
:10B15000B42080F8B52080F8B62080F8B72080F8B9
:10B16000B82080F8B92080F8BA2080F8BB2080F899
:10B17000BC2080F8BD2080F8BE2080F8BF2080F879
:10B18000C02080F8C12080F8C22080F8C32080F859
:10B19000C42080F8C52080F8C62080F8C720134658
:10B1A00080F8C82080F8C92001702FE04378012B77
:10B1B0003BD004294DD8022900F2D6806D4B595C52
:10B1C00080F8D0100822282313FB0123034403F145
:10B1D000200700F1A8021D685C689968DE68D660E7
:10B1E0001033BB4215605460916002F11002F2D13D
:10B1F0001B88138003230370002307E021B301227F
:10B200008270027002E0002978D101231846F8BD4F
:10B2100000394FF00203037018BF01210023417071
:10B220001846F8BD1A46114661E7052911D80329C9
:10B2300040F29480042399420BD1FFF7F5FE0028D9
:10B240000CBF02230023E1E7012281700B4602704C
:10B25000DCE703231846F8BD90F8D03003EB8303F6
:10B2600000EBC303083300F1A80200F1C80715681A
:10B2700054689168D668DE601032BA421D605C6026
:10B28000996003F11003F2D112881A80022303702F
:10B290000023BBE70723A3F10802B2FA82F20023DE
:10B2A0005209042180F8D12080F8F83080F8D83095
:10B2B00080F8D93080F8DA3080F8DB3080F8DC3084
:10B2C00080F8DD3080F8DE3080F8DF3080F8E03064
:10B2D00080F8E13080F8E23080F8E33080F8E43044
:10B2E00080F8E53080F8E63080F8E730C0F8E830E4
:10B2F000C0F8EC3080F8F030017087E700230322BB
:10B3000080F8D83080F8D93080F8DA3080F8DB3037
:10B3100080F8DC3080F8DD3080F8DE3080F8DF3017
:10B3200080F8E03080F8E13080F8E23080F8E330F7
:10B3300080F8E43080F8E53080F8E63080F8E730D7
:10B34000C0F8E830C0F8EC3080F8F03080F8F83021
:10B3500002705BE74378012B7FF42DAF03297FF464
:10B360002DAF2DE7082396E7032364E7002201248D
:10B37000BAE600BF0854070000230122C0F8EC1011
:10B3800080F8F02080F8D83080F8D93080F8DA30B2
:10B3900080F8DB3080F8DC3080F8DD3080F8DE309B
:10B3A00080F8DF3080F8E03080F8E13080F8E2307B
:10B3B00080F8E33080F8E43080F8E53080F8E6305B
:10B3C00080F8E730C0F8E83080F8F830704700BF08
:10B3D000F8B590F8F05075B30446D0F8EC00091AAF
:10B3E00040F6B73081422ED8B5EEC02AF1EE10FA01
:10B3F00023D9F2EE047AB4EEE72AF1EE10FA1CDC5F
:10B4000053EC102BD4E9360157EC116B32F0C4FD2C
:10B410003246C4E936013B46D4E9380132F0BCFD7E
:10B42000B4F8E8304FF6FF729342C4E9380102D015
:10B430000133A4F8E8302846F8BDB4F8EA304FF6F6
:10B44000FF72934202D100252846F8BD0133002542
:10B45000A4F8EA302846F8BD90F8F0307BB1D0F877
:10B46000EC2040F6B733891A994206D9B0F8E83093
:10B47000072B8CBF0220032070470120704718461D
:10B48000704700BF90F8F03083B1D0F8EC0040F680
:10B49000B733091A99424FF0640009D8054B00FBF5
:10B4A00001F0A3FB0030C0F38710704718467047C7
:10B4B000704700BFF11976052DE9F84390F8F05078
:10B4C000002D57D0D0F8EC2040F6B733891A9942B6
:10B4D000044652D9B0F8E80007284ED932F0A8FE49
:10B4E00002460B460020404933F036F8D4E93623B3
:10B4F0008046894632F006FFD4E9382306460F46D7
:10B500004046494632F0FEFE94F8D130002B62D11D
:10B51000C4E92A67C4E92C01012384F8C830002358
:10B52000032284F8D83084F8D93084F8DA3084F8EB
:10B53000DB3084F8DC3084F8DD3084F8DE3084F8E9
:10B54000DF3084F8E03084F8E13084F8E23084F8C9
:10B55000E33084F8E43084F8E53084F8E63084F8A9
:10B56000E730C4F8E830C4F8EC3084F8F03084F800
:10B57000F83022702846BDE8F883002001230546F4
:10B5800084F8D80084F8D90084F8DA0084F8DB0065
:10B5900084F8DC0084F8DD0084F8DE0084F8DF0045
:10B5A00084F8E00084F8E10084F8E20084F8E30025
:10B5B00084F8E40084F8E50084F8E60084F8E70005
:10B5C000C4F8E800C4F8EC0084F8F00084F8F8301F
:10B5D0002846BDE8F8830123C4E92E67C4E9300199
:10B5E00084F8C9309BE700BF0000F03F2DE9F04F21
:10B5F0009DF824E09DF828909DF82C8000286FD0BD
:10B600000C296FD9394C3A49A4FB025464096425CA
:10B6100005FB142292B2A1FB024CA1FB03464FEAA8
:10B62000DC0CA1FB0E4AF608A1FB0945A1FB08743E
:10B630000CEB8C07A2EB4702A1FB06B7FF0807EB58
:10B6400087074FEADA0AA6EB470706EB8606A3EB65
:10B650004603A1FB0AB6F60806EB8606ED08E408E9
:10B66000AAEB46060AEB8A0AAEEB4A0EA1FB05BA24
:10B67000A1FB04B14FEADA0AC9080AEB8A0A01EB16
:10B680008101A5EB4A0AA4EB410105EB850504EB1A
:10B69000840430320CF1300C3033A9EB4505A8EBB3
:10B6A0004404827080F801C00371303730360EF1E7
:10B6B000300E0AF1300A3035303130344FF04E0C54
:10B6C0005F220023C770467180F806E080F808A06A
:10B6D00045728172C47280F800C0C2710373012088
:10B6E000BDE8F08F0020BDE8F08F00BF1F85EB5153
:10B6F000CDCCCCCC2DE9F0439DF81CE09DF820C0CA
:10B70000002851D0082951D92A49A1FB0246F60840
:10B71000A1FB0647FF08A1FB034807EB87074FEA99
:10B72000D808A6EB470706EB8606A2EB4602A1FB6C
:10B730000896F608A1FB0E4506EB8606A1FB0C94C5
:10B74000ED08E408A8EB460608EB8808A3EB4803DD
:10B75000A1FB0598A1FB04914FEAD808C90808EBA2
:10B76000880801EB8101A5EB4808A4EB410105EB3A
:10B77000850504EB84043037AEEB4505ACEB44049F
:10B78000077030323036303308F130083035303120
:10B790003034002742708670C37080F80480457191
:10B7A0008171C47107720120BDE8F0830020BDE8FB
:10B7B000F08300BFCDCCCCCC2DE9F04F9DF824E038
:10B7C0009DF828909DF82C80002878D0102978D9F1
:10B7D0003D4C3E49A4FB02546409642505FB142238
:10B7E00092B2A1FB024CA1FB03464FEADC0CA1FB89
:10B7F0000E4AA1FB0945F608A1FB08740CEB8C0767
:10B80000A2EB4702A1FB06B7FF0807EB87074FEA49
:10B81000DA0AA6EB470706EB8606A3EB4603A1FB75
:10B820000AB6F60806EB8606ED08E408AAEB46061B
:10B830000AEB8A0AAEEB4A0EA1FB05BAA1FB04B1E2
:10B840004FEADA0AC9080AEB8A0A01EB8101A5EB83
:10B850004A0AA4EB410105EB850504EB8404A9EB3E
:10B860004509A8EB44083032303730333036C270E7
:10B870004771837106722D230CF1300C0EF1300EDE
:10B880000AF1300A09F13009303108F13008322567
:10B89000302754243A26002280F802C080F809E0BC
:10B8A00080F80BA080F80C90817380F80F800570F1
:10B8B00047700371C3718472467302740120BDE83E
:10B8C000F08F0020BDE8F08F1F85EB51CDCCCCCCA4
:10B8D000A2B3013A1A4B10B48C18013911F8012F98
:10B8E000504040F300021A4082EA500242F3000046
:10B8F000184080EA520242F30000184080EA5200E9
:10B9000040F300021A4082EA500040F300021A405D
:10B9100082EA500242F30000184080EA520242F3E9
:10B920000000184080EA520040F300021A408C42A6
:10B9300082EA5000D2D15DF8044B7047704700BFD7
:10B940002083B8ED194AF0B4040F0346155DC0F327
:10B950000330C3F30364175C145D002065F3070034
:10B9600064F30F20C3F30354C3F30325145D565D42
:10B9700064F31740C3F30315C3F3034403F00F0349
:10B98000555D145DD25C002367F3070366F30F2354
:10B9900065F3174364F31F6062F31F6300220860BE
:10B9A000F0BC08464B600A72704700BF0C54070099
:10B9B000002800F0B28070B40478A4F13003DAB249
:10B9C000092A00F286801C464278A2F13003DDB2DB
:10B9D000092D0AD9A2F16103052B40F28980A2F159
:10B9E0004103052B7FD8A2F137038578A5F13002FA
:10B9F000D6B2092E43EA041309D9A5F16102052A3A
:10BA000079D9A5F14102052A6DD8A5F13702C5788B
:10BA1000A5F13004E6B2092E42EA031209D9A5F1D4
:10BA20006103052B6AD9A5F14103052B5BD8A5F16C
:10BA300037040579A5F13003DEB2092E44EA02127B
:10BA400009D9A5F16103052B5BD9A5F14103052BAC
:10BA500049D8A5F137034579A5F13004E6B2092E9E
:10BA600043EA021209D9A5F16103052B4CD9A5F1CE
:10BA70004103052B37D8A5F137048579A5F13003AB
:10BA8000DEB2092E44EA021209D9A5F16103052BA1
:10BA90003DD9A5F14103052B25D8A5F13703C5797B
:10BAA000A5F13004E6B2092E43EA021209D9A5F144
:10BAB0006103052B2ED9A5F14103052B13D8A5F160
:10BAC0003704037A44EA02126BB9012070BC0A60A1
:10BAD0007047A4F16103052B08D9A4F14103052B9C
:10BAE00001D8373C70E7002070BC7047573C6BE7CB
:10BAF000A2F1570379E7A5F1570288E7A5F15704AA
:10BB000097E7A5F15703A6E7A5F15704B5E7A5F117
:10BB10005703C4E7A5F15704D3E7704700293FD086
:10BB2000002A3DDD10230001012AC1E90003C1E91B
:10BB3000023337D0F0B4022A00F12005C1E9053301
:10BB4000CB610D6129D000F14006032AC1E9093318
:10BB5000CB620E6221D000F16007042AC1E90D33E7
:10BB6000CB630F6319D03024052AC1E9123308646E
:10BB70004C6412D0062AC1E91454C1E916330CD022
:10BB8000072AC1E91864C1E91A3306D0C1E91C7457
:10BB90000820F0BCC1E91E3370471046F0BC704766
:10BBA00000207047104670472DE9F04F97B010B154
:10BBB000B1F5806F04D20024204617B0BDE8F08FA5
:10BBC0001446564950221E46054633F0FFFA2369B3
:10BBD000002B40F08180524B08930DF120086369DF
:10BBE000002B40F081804E4B0C930DF13009D4E9CD
:10BBF00001C3E768CDF81090A069CDF80C80494AE0
:10BC0000E169D4F800E0BCF1000F08BF9446002BB6
:10BC100008BF1346002808BF1046002908BF114678
:10BC2000002F08BF174605F15004CDE90501CDE905
:10BC300000C30297BEF1000F14BF7346134620469F
:10BC4000394A4FF46C7134F0DFF9031EB3DB05F5AC
:10BC5000806504EB030B5D45ADD30BF10907BD42D5
:10BC6000A9D3324A03CAE050209B12788BF80820EF
:10BC7000CBF80410002B4DD0DFF8B890DFF8B0A05F
:10BC80004FF00008B8F1000F36D056F828304A4679
:10BC9000182110A834F0B8F9044604F1020BBB4493
:10BCA0005D453846224610A908F101082CD333F02F
:10BCB0008DFA209B43452744E4D101240D220A2319
:10BCC0003A707B705F46BD427FF676AFEA1B38461E
:10BCD0000A2133F0A3FA6FE70DF12008144A404619
:10BCE000102134F091F97AE70DF13009104A4846F5
:10BCF000102134F089F97AE733685246182110A8E8
:10BD000034F082F90446C8E707F1020B00245D45D0
:10BD1000D9D3D3E70BF10B0B0124F8E7205407002C
:10BD20004E2F4100B465070074540700905407007B
:10BD3000A44807009C5407002DE9F04FADF20C5DBC
:10BD40001F46DDF8343500241C601470147682F828
:10BD5000384082F8584082F8684082F8784082F88B
:10BD6000884082F8A84018B1B1F5806F04D2002055
:10BD70000DF20C5DBDE8F08F164600F580640246BA
:10BD800003E09442114600F03D81114612F8013B58
:10BD90000A2BF6D10D1AEAD0013D435D0D2B00F0C0
:10BDA00034818C42E3D901318C42E0D90B461D46E7
:10BDB00013F8012B0A2A00F045819C421D46F6D15A
:10BDC000621A40F02A810DF1080BD94658464FF00F
:10BDD000000A33F0FBF989F800A02C21584634F012
:10BDE000D6F98146002800F03381A0EB0B08B8F1AA
:10BDF000170F28BF4FF017085946424600F10109B6
:10BE0000304633F0E3F906F808A048462C2134F018
:10BE1000BEF906F1180B8046002800F07881A0EBEF
:10BE200009021F2A28BF1F22494600F1010958466E
:10BE3000019233F0CBF9019A48460BF802A02C216D
:10BE400034F0A5F906F138088346002800F0508147
:10BE5000A0EB09021F2A28BF1F22494600F1010B4F
:10BE60004046019233F0B2F9019A584608F802A010
:10BE70002C2134F08CF906F158088146002800F096
:10BE80002881A0EB0B020F2A28BF0F22594600F190
:10BE900001094046019233F099F9019A484608F8A1
:10BEA00002A02C2134F073F906F1680B80460028BB
:10BEB00000F00081A0EB09020F2A28BF0F2249469B
:10BEC00000F101085846019233F080F9019A40468A
:10BED0000BF802A02C2134F05AF906F1780B8146B8
:10BEE000002800F03281A0EB08020F2A28BF0F22A1
:10BEF000414600F101095846019233F067F9019A71
:10BF000048460BF802A02C2134F041F906F18808CC
:10BF10008346002800F00A81A0EB09021F2A28BFEF
:10BF20001F22494600F1010B4046019233F04EF9C1
:10BF3000019A584608F802A02C2134F028F9A836B6
:10BF40008146002800F0A780A0EB0B09B9F1070F8C
:10BF500028BF4FF0070959464A46304633F036F9B4
:10BF600006F809A0AC4202D84AE0AC4248D02B46C1
:10BF700001351A780A2AF8D19C4241D9591C8C42C1
:10BF80003ED90A4602E09442104604D010460132DF
:10BF900005780A2DF7D1421A32D09B5C0D2B00F0A8
:10BFA000EC8040F2FF34944228BF144642AB224654
:10BFB000184633F00BF900227249025534F09AFF0B
:10BFC000F0B1704CDDF83435DDF830551B68AB420C
:10BFD0004FF00A024FF0000112D235F0DDF8214691
:10BFE000034650B3DDF83425DDF834551268501C93
:10BFF000286047F82230002034F07CFF0028E1D18F
:10C000000120B5E64FF48065C6E68C427FF6AFAE00
:10C010000131002D7FF4C8AEA9E6531EC85C0D287F
:10C0200000F0A280FF2A28BFFF220DF1080B0BEBC6
:10C030000209AC4288BF0135C8E634F05BFF002836
:10C04000C0D1DDE76A1AE8D10DF1080BD946F0E757
:10C05000584634F0CCF8172828BF172082460246ED
:10C060005946304633F0B2F806F80A9086F8189030
:10C07000002386F83830002386F85830002386F8ED
:10C080006830002386F87830002386F88830002353
:10C0900086F8A83066E7584634F0A9F8072828BF84
:10C0A0000720824602465946304633F08FF806F89C
:10C0B0000A9057E7484634F09AF80F2828BF0F2017
:10C0C000824602464946584633F080F80BF80A800B
:10C0D000D7E7584634F08BF80F2828BF0F20824648
:10C0E00002465946404633F071F808F80A90C5E711
:10C0F000484634F07CF81F2828BF1F20824602469D
:10C100004946404633F062F808F80AB0B3E74846BB
:10C1100034F06DF81F2828BF1F208246024649468A
:10C12000584633F053F80BF80A80A1E7484634F03C
:10C130005EF81F2828BF1F20824602464946404617
:10C1400033F044F808F80AB0A1E7404634F04FF85D
:10C150000F2828BF0F20824602464146584633F03A
:10C1600035F80BF80A908FE7FF2B28BFFF230DF15E
:10C17000080B1A460BEB03095BE7013A7FF411AF9A
:10C180003EE700BFA454070038B50446F8B10D4699
:10C1900034F02DF8D0B1A84219D823782E2B16D020
:10C1A000631E184413F8011F21F02002413A192A96
:10C1B000A1F1300407D9092C05D95F29A1F12D027D
:10C1C00001D0012A03D88342ECD1012038BD0020E0
:10C1D00038BD00BF01230373704700BF30B4047B38
:10C1E000ECB9C1B18568154C02FB0352A4FB0243B4
:10C1F00045689B09C91A4FF47A74294404FB132338
:10C20000C0E901134B1C10DB0229C8BF022330BC5C
:10C21000C8BF4360704730BCC0E9011170470023BC
:10C2200030BCC0E90133037370470368013B591AFE
:10C230004FF0FF3330BCC0E900137047D34D62109C
:10C240000023C0E9013101600373704718B1002970
:10C2500014BF022001207047037B73B1406840F691
:10C26000B7330A1A9A4208D8C1F57961044B0F31E5
:10C270000144A3FB0130800970470020704700BFD4
:10C28000D34D6210CB7803BB0B79B3B18B78CBB9AC
:10C290008B688360022210B40C780CB14978E9B93C
:10C2A0008168184A5B1A93424FF0000101731DD850
:10C2B000002210465DF8044B70478B78A3B98B6859
:10C2C0000122E8E70222104670478B78002BF9D153
:10C2D0000B79002BDCD18B680222DCE7017B51B9A2
:10C2E000012243600273E3E70122ECE703221046D8
:10C2F0005DF8044B7047406840F6B7311B1A8B421B
:10C30000D7D8D5E7DF93040010B44FF47A7404FB58
:10C310000233054C4EF6602202FB013104FB001093
:10C320005DF8044B704700BF80EE36002DE9F04FFA
:10C3300040F2B27483B0A0429DF830809DF83490F2
:10C34000BDF838E04FF0000C88BF40F26D1A0AD8F3
:10C350002EE0BBF5247F17D30134A4B24FF4B77598
:10C36000A042AC4424D004EB840504EBC505A5EB46
:10C370008525C5F38D0B4BEA853514F0030F1FFAA5
:10C3800085FB4FEA8405E4D0254404EBC505A5EB05
:10C390008525C5F30B1B4BEA0535ADB20134A32D42
:10C3A000A4B28CBF55464FF4B775A042AC44DAD165
:10C3B00001294ED900EB800500EBC505A5EB8525CD
:10C3C0005C4CC5F30B1AA4FB00B44AEA05356409BA
:10C3D0004FF0640AADB20AFB1404A32DA4B200F01E
:10C3E00003000CF11F0A74D908B9002C71D102297D
:10C3F00000F09E8003290CF13B0000F09780042997
:10C400000CF15A0000F0928005290CF1780000F040
:10C410008D8006290CF1970000F0888007290CF127
:10C42000B50000F0838008290CF1D4007ED00929E2
:10C430000CF1F3007AD00A290CF2111076D00B29F6
:10C440000CF5987072D00C290CF5A7706ED00CF218
:10C450006D1CDC00E41A4FF0000565F10005690170
:10C46000600141EAD461C41841F100052B0143EA9F
:10C4700014731D465FFA89F03C230021E8FB030199
:10C480004FEA041A1AEB000302F1FF32944445EB21
:10C49000010200930192DDE90001274BE3FB0C014F
:10C4A00042014B01121A43EAD06363EB010394008B
:10C4B0009B00261843EA927343EB0107FB00F2004E
:10C4C00012EB0E0043EA567343F1000103B0BDE8DE
:10C4D000F08F02292CD003290CF13C0026D004292E
:10C4E0000CF15B0022D005290CF179001ED0062941
:10C4F0000CF198001AD007290CF1B60016D00829C3
:10C500000CF1D50012D009290CF1F4000ED00A2943
:10C510000CF589700AD00B290CF2311006D00C29C9
:10C520000CF24F1018BF0CF5B77C92D1844690E7FF
:10C53000D4468EE71F85EB51805101002DE9F04371
:10C54000984687B0002B4FD004460D4654EA0503A9
:10C55000914634D06F46002601E0182E49D020467F
:10C5600029460A22002332F073FB02F1300107F85A
:10C57000011B0A2200232046294632F069FB2B4684
:10C580002246002B08BF0A2A0D460446314606F112
:10C590000106E2D28B1C98451FD34A1C09F1FF33D8
:10C5A0006A44981912F8011D03F8011F9842F9D145
:10C5B0000023304609F8063007B0BDE8F083B8F133
:10C5C000010F0AD9012630220023304689F80020C5
:10C5D00089F8013007B0BDE8F0830026304689F8BD
:10C5E000006007B0BDE8F0831E46304607B0BDE8E6
:10C5F000F08317211923CEE7836A002B74DD2DE920
:10C60000F04FD0E9006787B004460022002330468F
:10C61000394632F0DFF800284ED0D4E902890022F2
:10C6200000234046494632F0D5F8002858D194ED11
:10C63000067B8DED007B94ED087BD4E904AB8DED9A
:10C64000027B334B00224046494632F0CDF80028A9
:10C6500046D1304B40464946002232F0E3F80028EC
:10C660003ED127A3D3E900235046594632F0BCF807
:10C67000002835D124A3D3E900235046594632F08F
:10C68000D1F868BBDDE900010022002332F0B6F8E2
:10C6900030BBDDE90267002200233046394632F024
:10C6A000A3F8E8B91C4B30463946002232F0A6F810
:10C6B000003818BF012014E0184B002230463946DC
:10C6C00032F092F894ED067B8DED007B94ED087BC3
:10C6D000D4E90289D4E904AB8DED027B059028B141
:10C6E000002007B0BDE8F08F002070470C4B3046AB
:10C6F0003946002232F096F80028F1D1A1E700BFB8
:10C700000000000000408FC000000000006AE84008
:10C71000008066C00080664000407F40008056C0B8
:10C720000080564038B50446A8B10D4633F05FFD91
:10C7300080B1A8420FD8621E104412F8013FA3F145
:10C7400030010929A3F12D0301D9012B03D882421D
:10C75000F3D1012038BD002038BD00BF000000002B
:10C760002DE9F04F2DED028B55EC124B57EC106B71
:10C7700083B012EE100A10EE102A3B4629465BECFD
:10C7800013AB59EC118B31F005FC42A3D3E9002324
:10C7900031F0B8FD41EC100B2FF00EFE3FA3D3E9B2
:10C7A00000233046394657EC106B31F0ABFD41ECBD
:10C7B000100B2FF045FD39A3D3E90023204629466D
:10C7C00055EC104B31F09EFD41EC100B2FF038FD75
:10C7D00042464B465046594659EC108B31F0DAFB35
:10C7E0002CA3D3E9002331F08DFD41EC100B2FF089
:10C7F000E3FD53EC102B10EE100A194631F082FDC8
:10C8000042464B4631F07EFD22462B4631F07AFD02
:10C8100032463B4604460D463046394631F072FDFD
:10C8200002460B462046294631F0B6FB02460B462F
:10C8300043EC102BCDE900232FF04AFEDDE9002365
:10C84000B0EE408AF0EE608A1149002031F0A2FB80
:10C8500041EC100B2FF03CFEB0EE401AF0EE601AE7
:10C86000B0EE480AF0EE680A2FF030FE06A3D3E9D6
:10C87000002351EC100B31F045FD41EC100B03B0DF
:10C88000BDEC028BBDE8F08F9A99999999EDBE4065
:10C890000000F03F399D52A246DF813F399D52A2F0
:10C8A00046DF913F000000002DE9F04F16468BB0A7
:10C8B00023F000498C4686461F46494649A3D3E9E2
:10C8C00000233046E246CDF808C0F346CDF800E03C
:10C8D00031F018FD41EC100B2FF006FD42F2107202
:10C8E00000238146884632F0B3F942F210720446C2
:10C8F0000D4648464146002332F0AAF93046944698
:10C90000394600220023CDF80CC031F06DFF00281D
:10C910005FD1CDF804A00DF1100BDA4600262046B9
:10C9200029460A22002332F093F930320AF8012B0B
:10C93000204629460A22002332F08AF9A946A04659
:10C94000B9F1000F08BFB8F10A0F374604460D468B
:10C9500006F10106E3D2019B009A013B5E441344B9
:10C9600016F8012D03F8012FB345F9D1039E1C4B96
:10C97000A3FB0612D208A3FB0201C908A3FB010313
:10C980000198DB0803EB8304851C00F1010C01EB2B
:10C990008100A1EB440102EB8204A2EB400200986B
:10C9A0003D448444A6EB4404461902984FF02E0EF1
:10C9B0000CF807E0C0F10400009F30313033303212
:10C9C000303428447B557170B270F4700BB0BDE800
:10C9D000F08F2D2352460BF80A30531C01939AE72F
:10C9E000CDCCCCCC000000000088C3402DE9F04F36
:10C9F00016468BB023F000498C46864600221F461F
:10CA000049463C4BCDF808C03046E246F346CDF8E7
:10CA100000E031F077FC41EC100B2FF065FC642254
:10CA200000238146884632F013F9642204460D46FD
:10CA300048464146002332F00BF9304694463946C9
:10CA400000220023CDF80CC031F0CEFE002849D1E1
:10CA5000CDF804A00DF1100BDA4600262046294639
:10CA60000A22002332F0F4F830320AF8012B204673
:10CA700029460A22002332F0EBF8A946A046B9F174
:10CA8000000F08BFB8F10A0F374604460D4606F1FD
:10CA90000106E3D2019B009A013B5E44134416F861
:10CAA000012D03F8012FB345F9D1039C124B009DD2
:10CAB0002246A3FB0223019A501CDB08BA18074444
:10CAC000029803EB83012A44A4EB4101C0F1030067
:10CAD000303130332E243844EC55D17093700BB084
:10CAE000BDE8F08F2D2352460BF80A30531C0193FA
:10CAF000B0E700BF00005940CDCCCCCC002800F0FE
:10CB000083800378002B7FD0A3F16102192A61D9B9
:10CB1000A3F14102192A03D9A3F13002092A73D8DB
:10CB200082B042788DF80030002A5ED0A2F1610315
:10CB3000192B5DD9A2F14103192B03D9A2F13003BE
:10CB4000092B52D883788DF80120002B4DD0A3F10A
:10CB50006102192A4FD9A3F14102192A03D9A3F17D
:10CB60003002092A41D8C2788DF80230002A3CD020
:10CB7000A2F16103192B41D9A2F14103192B03D969
:10CB8000A2F13003092B30D803798DF8032063B369
:10CB9000A3F16102192A34D9A3F14102192A03D958
:10CBA000A3F13002092A20D842798DF80430E2B18D
:10CBB000A2F16103192B10D8203AD2B283798DF8F3
:10CBC000052093B90098BDF80430086001208B80DF
:10CBD00002B07047203BDBB2A2E7A2F14103192B60
:10CBE000ECD9A2F13003092BE8D9002002B070473C
:10CBF000203AD2B2A6E7203BDBB2B4E7203AD2B269
:10CC0000C2E7203BDBB2CFE70020704703680B6030
:10CC100083888B8000238B71704700BFF0B40C4D6C
:10CC200004460E460FCD20606160A26007CD2F88BC
:10CC3000AD7820616161A261E360A783A577336865
:10CC4000C4F81330B388A4F817301F20F0BC704725
:10CC5000E454070030B4074C05460FCC28606960E7
:10CC600003CC24782861AA60EB602C7669611920D6
:10CC700030BC7047A8540700034690B1082910D96A
:10CC800070B4094902248E8C086A91F826509E805F
:10CC9000002118601A719D71DC711972092070BC35
:10CCA00070470020704700BFE4540700034690B16E
:10CCB000082910D970B4094900248E8C086A91F8AB
:10CCC00026509E80032118601A719D71DC711972C3
:10CCD000092070BC70470020704700BFE454070073
:10CCE0002DE9F04FBBB004910590002800F036828A
:10CCF000DC48934606A94722002301F8012B10F8CF
:10CD0000012F9A460133002AF7D19BF801E09BF8E6
:10CD100003000390A2F13332A2FB0E06BBF804809D
:10CD20009BF802C09BF80010F608A2FB0605A2FBC8
:10CD30000C040F46A2FB08010398ED08A2FB00902B
:10CD400005EB85050DF1E8094B44A6EB4505002FE1
:10CD50004FEAD404DBF81070009705F1300503F8B2
:10CD6000D05CA2FB047506EB86063AAB4FEAD5050C
:10CD7000AEEB4606534405EB850506F130064FEA57
:10CD8000D1014FEAD000A4EB450504EB840403F87D
:10CD9000CE6CA2FB01E9ACEB440CA2FB00644FEAB1
:10CDA000D9094FEAD404A2FB096204EB8404039E70
:10CDB000A0EB44044FEAD20200EB8000A6EB400057
:10CDC00002EB8202DBF8146005F13005A9EB4202A8
:10CDD00009EB890903F8CD5CA1EB490926F0004570
:10CDE000019509F1300901EB810103F8C79CA8EB1B
:10CDF0004101DDE9008904F130040CF1300C14BF6D
:10CE000041275627303203F8CB4C01F130052C2452
:10CE100030302E2103F8CCCC03F8CA0C03F8C91C1F
:10CE200003F8C82C03F8C65C03F8C54C03F8C47CAF
:10CE300003F8C34C4946404631F014FD31F0F8F98F
:10CE400006460F4632463B464046494631F0A2F878
:10CE5000854B002231F056FA844B804689460022E9
:10CE60003046394631F04EFA02460B4640464946B6
:10CE700031F092F80AF10E0A024621F0004306A8AA
:10CE80005146FFF711FD3AAB824403EB0A05DBE99B
:10CE9000040105F8D04C0022002331F0A5FCDBE9A9
:10CEA00006893AAA0AF101030028134429F0004731
:10CEB00014BF53224E2203F8D02C394605F8CE4C2D
:10CEC000404631F0CFFC31F0B3F904460D4622461E
:10CED0002B463946404631F05DF8634B002231F075
:10CEE00011FA624B06460F4600222046294631F0D1
:10CEF00009FA02460B463046394631F04DF8002219
:10CF000004460D4600234046494631F06DFC0AF1C7
:10CF1000030A002840F035812B465146224606A8D8
:10CF2000FFF7C2FC824406A90AF1FF33504A0B44C2
:10CF30002C25002103F8015F12F8015F0131002D5B
:10CF4000F8D18A44DBE90823514606A8FFF74EFDD5
:10CF50003AAB504400F1010803EB000A4146DBE91B
:10CF60000A232C2406A80AF8D04CFFF73FFD414BBA
:10CF70009BF806E09BF807909BF808A03E4EA3FBA9
:10CF80000E214FEAD10BA3FB092CA3FB0A27404437
:10CF90003AAA0BEB8B08AEEB480802EB000EA3FBA2
:10CFA0000B21C9084FEADC0C01EB8101FF08ABEB58
:10CFB0004101A3FB0CB2D208A3FB07B3DB0802EBD1
:10CFC0008202ACEB420203EB8303A7EB4303303254
:10CFD0000CEB8C0C07EB8707A9EB4C0C0EF8CD2C57
:10CFE00003F1300906AA831DAAEB470A08F13008AD
:10CFF00030310CF1300C0AF1300A0EF8CE8C0EF8FC
:10D00000D04C0EF8CF1C0EF8CCCC0EF8CB9C0730D1
:10D0100002F803A0134403F8014F16F8014F01353D
:10D02000002CF8D1451900F0B0806B1E062B40F2A1
:10D03000AE8025F0030106AB194453F8042B8B4254
:10D0400084EA0204F9D1C4F30723C4F3074263401E
:10D05000534083EA1464AA07E4B225F0030348D0DE
:10D060000CE000BFC454070000004E4000005940CF
:10D07000CC540700CDCCCCCCD05407003AA91944ED
:10D080005A1C11F8D01C954284EA010431D93AA9FE
:10D090000A44991C12F8D02C8D4284EA0204E4B2AE
:10D0A00027D93AAA1144DA1C11F8D01C954284EA17
:10D0B00001041ED93AA90A44191D12F8D02C8D4238
:10D0C00084EA020415D93AAA11445A1D11F8D01C59
:10D0D000AA4284EA01040CD23AA90A44063312F89F
:10D0E000D02C9D4284EA020403D90B4413F8D03CAF
:10D0F0005C40270904F00F04264A1EA92C260023B1
:10D1000001F8016B12F8016F18460133002EF7D1B8
:10D110003AAA134400F104080244072003F8700CF3
:10D120002C20242302F86E0C1EA802F86D3C06A9E0
:10D130002A46404432F04AF84544174A3AAB2B4459
:10D14000D15D125D03F86F1C2A2003F8700C03F800
:10D150006E2C049B05F109049C4204D9002420464E
:10D160003BB0BDE8F08F05980C4B0671EA1C42718C
:10D1700003601EA9063032F029F820463BB0BDE816
:10D18000F08F05F100431D46C6E62746B4E7234667
:10D1900074E700BFDC5407000C550700FCEFFE836A
:10D1A00038B1042902D90378FE2B03D00020704740
:10D1B000012070474378EF2BF8D18378FE2BF5D10F
:10D1C000C378072B01D0022070470379002BFAD1D6
:10D1D0000A29F8D9002AEBD00639431841581160C2
:10D1E0009B8893800120704738B1062902D90378C3
:10D1F000FE2B03D000207047012070474378EF2BAF
:10D20000F8D18378FE2BF5D1C378102BF2D1437976
:10D210009A1D8A42EED8042BEED9421D1A440930D9
:10D22000002110F8013F3A2B08BF01318242F8D1AA
:10D230000229B4BF01200220704700BF8AB3F0B5B5
:10D240001C4683B00BB31F4E1F4BA6FB0056B60BFC
:10D250004EF66025A3FB00C705FB16054EF65F2CB6
:10D26000A3FB0535BF094FF47A7E60454FEA95135D
:10D270000EFB17070BD8012914D002291AD010462B
:10D280000097124A214632F0BFFE03B0F0BDCDE94F
:10D2900000372146334610460D4A32F0B5FE03B042
:10D2A000F0BD70470097214610460A4A32F0ACFEA6
:10D2B00003B0F0BD009721461046074A32F0A4FEA5
:10D2C00003B0F0BD73B2E745D34D62104C55070073
:10D2D0002055070030550700405507002DE9F04F55
:10D2E000804693B0002849D09246002A46D00029B3
:10D2F0000E4643DD002B994640DD4022964202A8AF
:10D300004FF00001A8BF164631F088FF00230193BB
:10D3100018464FF0010B08F10103019A814582F094
:10D3200001072CDD00F1FF3CD44402A900224FF09C
:10D33000FF3511F8014B74B913F81240BC420AD101
:10D3400018F812403CB1B5F1FF3F1BD018F815E0BA
:10D35000A64538BF154601329642EAD16A1C13D061
:10D3600012AA5119013018F815200CF8012F814527
:10D3700001F840BCD9D113B0BDE8F08F002013B044
:10D38000BDE8F08F1546E6E7019A002AF7D10122A1
:10D3900048450192C1DBF2E700284CD02DE9F0416D
:10D3A000069C002C48D0002941DD002A3FDD002BDF
:10D3B0003DDD079C002C3ADDA142A8BF21464D1E51
:10D3C000541B94FBF1F4012C0DDC012903D12CE05A
:10D3D000012D2AD0013DC5F10104144494FBF5F45C
:10D3E000012C2946F4DD661C0138DFF858C0069D83
:10D3F0004718B6B224B24FF0000E10F8012FA5F86E
:10D4000000E0322AA8BF322203FB02F2ACFB028208
:10D410001209B6448742AA806C801FFA8EFE05F17D
:10D420000605EAD10846BDE8F081012C08D00021AC
:10D430000846BDE8F081704721460846BDE8F08106
:10D440002146D0E71F85EB51884202D0012802D047
:10D4500018B901207047042905D0A0F10400B0FAE2
:10D4600080F0400970477047012802D1042908BFA5
:10D4700001210846704700BF884201D00020704754
:10D48000003818BF012070470023C0E90031038134
:10D49000704700BF037A73B1006840F6B7330A1AC9
:10D4A0009A4208D8C1F57961044B0F310144A3FBBE
:10D4B0000130800970470020704700BFD34D6210D3
:10D4C0000B7843B94B78B3B14B6843604FF480732A
:10D4D0000381002070474A784B6843603AB9427A2A
:10D4E000D2B1027ADAB9012203600272F1E70023B5
:10D4F0000372002070478B78002BE5D1CB78002B8E
:10D50000E2D14B6841680A4A5B1A93424FF480713A
:10D510000181DED902207047027200207047016845
:10D5200040F6B7325B1A9342D3D90120704700BF4F
:10D53000DF93040090B103290FD90378FF2B0CD19E
:10D540004378FF2B09D18378502B06D1C078A0F106
:10D550005700B0FA80F0400970470020704700BFC4
:10D5600000286DD00D2952D90378FF2B4FD1437875
:10D57000FF2B4CD18378502B49D1C378572B46D100
:10D5800010B403795C1E012C45D8022B41D041799F
:10D59000117301F00104C1F3400154739173C17917
:10D5A000847944EA0124B4F5004F21B24CD007EE4F
:10D5B000901A9FED277AF8EEE77A67EE877AC2ED48
:10D5C000007A417A047A44EA0124B4F5004F21B28A
:10D5D00037D007EE901A9FED1E7AF8EEE77A67EEE5
:10D5E000877AC2ED017A817AD173C17A1174447B52
:10D5F000017B022B41EA0421518210D0DFED157A24
:10D600005DF8044BC2ED027A0120137570470020CB
:10D6100070470F29BBD800205DF8044B7047C17BD1
:10D62000807B40EA0120B0F5004F01B2E6D007EE62
:10D63000901A9FED077AF8EEE77A67EE877ADFE7D0
:10D640007047DFED047ACCE7DFED027AB7E700BF81
:10D65000CDCCCC3D0000C07F081AB0F57A7F2CBF3E
:10D6600000200120704700BF9FED047ADFED047AAF
:10D67000E0EE077AB0EE670A704700BF6766E63FE4
:10D6800000000042037A13B103888B4203D00123C8
:10D690000180426003727047037A33B14068091A0F
:10D6A000B1F57A7F2CBF002301231846704700BFD5
:10D6B0002DE9F843B1F1000933DD90B3B9F1010F61
:10D6C0002AD00568074601244FF000080FE005B393
:10D6D0002B78F3B133783BB12946304632F064FD04
:10D6E0000028A4BF3546A0460134A1450ED057F806
:10D6F000046F002EEBD16DB12B78002B08BFA04634
:10D7000004F1010408BF0025A145F0D14046BDE861
:10D71000F8833546A046E7E74FF000084046BDE8ED
:10D72000F8834FF0FF38F1E738B5044698B10D465D
:10D7300089B132F05CFD09280DD9284632F057FD39
:10D74000092808D9294620460A2232F058FDB0FAA5
:10D7500080F0400938BD002038BD00BF29B130B18C
:10D76000012A14BF1846012070470846704701205F
:10D77000704700BF024B436000220260704700BF49
:10D7800000401C46002928DD07EE901A9FED135A31
:10D7900090ED017ADFED125A90ED006AF8EEE77A2B
:10D7A00037EE257AC5EE276AF7EE007A76EE876ABD
:10D7B00030EE460AC7EE265A77EEE56AA0EE256AF5
:10D7C00026EE877A80ED006AB4EEE77AF1EE10FA81
:10D7D00058BFF0EE477AC0ED017A704700401C4513
:10D7E00000004844B5EEC00AF1EE10FAF0EE407ABF
:10D7F0000BD9F5EEC00AF1EE10FA06D99FED047AC6
:10D8000060EE870A80EEA70A70479FED020A704714
:10D81000C0E1644C000000001028A8BF10200128BF
:10D82000B8BF012007EE900AF8EEE77A19B9B6EE14
:10D83000007A67EE877AB7EE000A80EE270A704713
:10D840001028A8BF10200128B8BF012049B140F618
:10D85000B833B3FBF0F040F2EE23984238BF1846DD
:10D86000704741F27073B3FBF0F040F2EE23984240
:10D8700038BF1846704700BF2DE9F04F2DED0A8BD9
:10D88000D2E90267D2E90089D2E90445D2E9062348
:10D89000A5B0CDE91667CDE91489CDE91A230DF1BC
:10D8A000500990F80C80D24B03930CEE101ACDE97E
:10D8B0001845CB460625CDF8088081461CEE100A97
:10D8C00032F095FC4619731C142B044640F261811A
:10D8D00000238DF83C30029B002B40F03581D9E9C4
:10D8E0000123991C914200F24981D9F8002022219C
:10D8F000D154D9F80860751CC9F808500FA832F047
:10D9000076FC9BED007B99F80C308DED047B044692
:10D91000002B40F01981D9F80430023606449E42AB
:10D9200000F22C81D9F8000022460FA9284431F0DA
:10D930004DFCD9F8082099F80C301444C9F8084077
:10D94000002B40F00181D9F80430E21C9A4200F229
:10D950001581A84AD9F8003012881A53D9F808302E
:10D9600008931A4699F80C3002320992C9F8082037
:10D97000002B40F0E980DDE9041222F00043079318
:10D98000069195A3D3E90023DDE9060130F0BAFC46
:10D99000994B002230F000FB31F086F990A3D3E9D7
:10D9A0000023CDE9000131F003F903460C461F4680
:10D9B000DDE900018AA3D3E9002331F0F9F8A0469C
:10D9C00015461C46104619460A22002331F0F0F88D
:10D9D0000A2200238A460BEE900A31F0E9F80A2267
:10D9E00000230BEE100A0AEE901A31F0E1F80A2239
:10D9F00000230E460AEE100A31F0DAF80A2200235C
:10DA000009EE900A09EE101A31F0D2F80A2200232A
:10DA100008EE900A08EE101A31F0CAF80A2286467B
:10DA20008C462846214600237546644631F0C0F8EE
:10DA30005146DDF808A002F1300C1BEE900A0A22D4
:10DA400000236CF3070A31F0B3F8303262F30F2A87
:10DA50001BEE100A1AEE901A0A22002331F0A8F8E1
:10DA60003032314662F3174A1AEE100A0A220023B6
:10DA700031F09EF8303262F31F6A19EE900A19EE07
:10DA8000101A0A220023CDF870A031F091F8029EFE
:10DA900002F1300C18EE900A18EE101A0A22002338
:10DAA0006CF3070631F084F8284602F1300C214669
:10DAB0000A2200236CF30F2631F07AF8002302F1DA
:10DAC000300C284621460A226CF3174631F070F8D4
:10DAD0002E23303060F31F668DF8783057EA080344
:10DAE0001D966BD13024DDE90401002200238DF85E
:10DAF000794030F079FE002840F0B58009230A24EF
:10DB000024AA13440BAA1F3B101913F8011D02F895
:10DB1000011B9042F9D1089BD9F80410033324AAC1
:10DB20002344224400208B4202F8640C26D8099B2F
:10DB3000D9F80000224618440BA931F047FBD9F868
:10DB400008301C44C9F808401AAB9B451CD099F812
:10DB50000C30029343B9D9E90123991C914275D93C
:10DB6000012389F80C300293039B53F8040B0393B1
:10DB700032F03DFB0BF1080B05469FE6012389F8C7
:10DB80000C301AAB9B45E2D125B0BDEC0A8BBDE849
:10DB9000F08F039B1CEE101A53F8047C22460FA84A
:10DBA00031F014FB0FAB18192A46394631F00EFB41
:10DBB00024AB1E44002306F8543C8CE60AA4D4E9A6
:10DBC0000034DDE900128B4274EB020351DA1EAD22
:10DBD000092415E0AFF300800000000084D79741CE
:10DBE00000E1F50500000000FFE0F5050000000081
:10DBF000A8550700585507000000E03F202CBDD075
:10DC0000384641460A22002330F0D2FF303205F870
:10DC1000012F00230A223846414630F0C9FF3A4618
:10DC200043460A2A73F1000326460746884604F154
:10DC30000104E3DADDE904010022002330F0D4FD21
:10DC4000023628BB102E99D8631E59E7D9F8002058
:10DC50002C21D154D9F8083099F80C2002920133C4
:10DC6000C9F8083080E7DDE90034234318D10A24DD
:10DC7000EAE7DDE904010022002330F0B5FD08B930
:10DC80000924E1E7DDE900342343F9D00A26092419
:10DC900024AB1C442D2304F8203C34460136D1E744
:10DCA0000B260A24F4E700BF2DE9F04186B00446B4
:10DCB0000020CDE90241164604908DF814000CB105
:10DCC0000D46A1BB012396F801808DF81430002188
:10DCD0003046FDF7A3F9B549024602A8FFF7CCFD8F
:10DCE00001213046FDF79AF990F8203023B190F8E1
:10DCF0002130002B40F0858002213046FDF78EF95F
:10DD000090F8203023B190F82130002B40F08B8028
:10DD1000B8F1010F00F09C809DF8143023B9DDE9C3
:10DD20000323991C91425CD94FF0FF3066E0012932
:10DD300092F8018003D801238DF81430C7E77B21C6
:10DD40000122022D2170049202D18DF81420BEE729
:10DD500022200221062D60700491F6D99449092DE4
:10DD60000868C4F802004FF006010491EDD9914A09
:10DD700010889178E080092221720492002B00F033
:10DD8000FC801846019332F032FA019B0746049852
:10DD9000421C3A449542CED3194620443A4631F0CB
:10DDA00015FA04989DF8143038440490002B8ED155
:10DDB000039B821C9A42BED8029B22221A54049BC7
:10DDC0009DF814105A1C0492002980D10399033342
:10DDD0008B42B0D8029B2C219954049B01330493AD
:10DDE00075E7029A7D21D154049B9DF814200133DC
:10DDF0000493002A98D10299CA54049806B0BDE849
:10DE0000F0819DF8143043B9DDE90323991C914258
:10DE100040F2B68001238DF814300246664902A80C
:10DE2000FFF72AFD68E79DF8143043B9DDE90323C5
:10DE3000991C914240F2AB8001238DF814300246C8
:10DE40005E4902A8FFF718FDB8F1010F7FF464AF37
:10DE500030460321FDF7E2F890F8203093B190F8B6
:10DE600021307BB19DF814303BB9DDE90323991CC7
:10DE7000914240F293808DF814800246504902A8E6
:10DE8000FFF7FAFC0C9B002B3FF446AF1B78002BEE
:10DE90003FF442AF9DF81430002B7FF445AFDDE92D
:10DEA0000323991C91423FF63FAF029A2C21D15493
:10DEB000049B9DF814105A1C049200297FF434AF7F
:10DEC000039903338B423FF62FAF029B22219954D3
:10DED000049B9DF814205C1C0494002A7FF424AF5A
:10DEE000039A0E3393423FF61FAF364B029D07CB8A
:10DEF0002B1928519A605960049B9DF8141003F166
:10DF00000C02049200297FF40FAF039910338B4267
:10DF10003FF60AAF029B274998180C8889789C52D3
:10DF20008170049D0C98EE1C049632F060F99DF807
:10DF300014300446002B7FF4F7AE039B04350544F0
:10DF40009D423FF6F1AE02980C992246304431F0E2
:10DF50003DF9049A9DF8143014440494002B7FF486
:10DF6000E3AE039BA21C9A423FF6DEAE029B222246
:10DF70001A55049B01330493CEE61F46124B06E765
:10DF8000029A2C21D154049B0133049345E7029A51
:10DF90002C21D154049B0133049350E7029A2C2185
:10DFA000D154049B0133049367E700BF6855070011
:10DFB0005C55070064550700705507007C55070045
:10DFC00088550700243F0700B46507002DE9F04F8E
:10DFD00085B0DDF83C8008B10D4621B94FF0FF3027
:10DFE00005B0BDE8F08F9B460E9B01295B7803933B
:10DFF000F4D97B23022D04460370EFD022230A2D8F
:10E000004370EBD9924B03CB0D2DC4F80200C4F83A
:10E010000610E3D9DFF858A217469AF80230BAF88A
:10E02000002062812373002F00F00981384632F00E
:10E03000DEF800F10E094D45024600F10D06CDD384
:10E04000394604F10D0031F0C1F8B11C8D42C5D341
:10E05000F21C22209542A055C0D3371D4FF02C0C46
:10E06000BD4204F809C0B9D306F10D039D426054C6
:10E0700006F10C0CB2D3774B03CBA718A05006F1D6
:10E0800010021B783B7295427960A7D3BAF8002042
:10E0900024F80C2004EB0C039AF802209A700F3637
:10E0A000BBF1000F00F0C780584632F0A0F80246DE
:10E0B000B71807F101094D4590D3A0195946BE1C68
:10E0C00031F084F8B54289D3FA1C22219542E155FA
:10E0D00084D3039B2C20012B04F8090070D0174631
:10E0E000B31C9D42FFF47AAF06F10F0322229D423A
:10E0F000A25506F10E0CFFF471AF574B07CB04EBA2
:10E10000070E93F800B0E05106F112039D428EF81D
:10E110000CB0CEF80410CEF80820FFF45FAF04EB8B
:10E120000C03BAF800109AF8022024F80C1006F13B
:10E13000110A9A70B8F1000F00F08780404632F063
:10E1400056F8414602460AEB0206771CBD42FFF430
:10E1500045AF04EB0A0031F039F8B31C9D42FFF4DF
:10E160003DAF06F10E0322229D42A25506F10D0697
:10E17000FFF434AF394B07CBE319E0510027BE421F
:10E1800059609A6004EB0600A755FFF627AF109B75
:10E1900000930E9A4346A91BFFF786FD0028FFF661
:10E1A0001DAF0644F21C954206F10203FFF416AFC0
:10E1B0002B4A1288A2531846E75405B0BDE8F08FE9
:10E1C0003B1D9D42FFF40AAF07F108039D42A15594
:10E1D00007F10706FFF402AF224B1868A05007F1C1
:10E1E0000B039D4207F10A02FFF4F8AEBAF80000F3
:10E1F000A053A31907F1110C9AF802009870654515
:10E2000007F1100EFFF4EAAE174B04EB020B07F117
:10E21000120618689B88A050B542ABF80430FFF492
:10E22000DDAE1337BD4204F80E10FFF4D7AE2C2339
:10E2300004F80C3054E75A46DFF830B038E73A4675
:10E240004FF00E09094F0D26FAE6084942467AE7D3
:10E25000083E0700143E0700203E070090550700C7
:10E26000A0550700303E0700383E0700B4650700A0
:10E27000645507000368DA0305D543680A6813424A
:10E280000BD001207047D90210D49A0710D413F094
:10E29000040F0CBF002005207047826848680242C6
:10E2A000EFD18868034205D00220704703207047F1
:10E2B00004207047CB681A4214BF02200620704722
:10E2C000B1EB400F94BF012000207047437C03B1A5
:10E2D000704730B54FF4807285B002820321FF226F
:10E2E000019304468DF803208DF806208DF8051063
:10E2F000827B417B8DF800204FF080451A460295C5
:10E300008DF80110057BC373694603938DF80250A5
:10E3100028F014FCA37B1F2B86BF03F01F030C4ABD
:10E320004FF0A04203F5E07340F2013142F82310B0
:10E33000637B1F2B86BF03F01F03054A4FF0A042EB
:10E3400003F5E07340F2033142F8231005B030BD0D
:10E350000003005010B5044628F032FD002363741A
:10E3600010BD00BF10B483B002AB03E906009DF8F6
:10E3700005109DF804200368013918BF012100240D
:10E38000022AC3F800450C460174C27332D0032A36
:10E390002DD0012A28D0224A0099B2FBF1F2B2F521
:10E3A000007FC3F8544504D2FF2A0DD94FF0806195
:10E3B00001E04FF000710722C3F82415C3F80025CF
:10E3C00003B05DF8044B70477F2A16D83F2A17D850
:10E3D0001F2A18D80F2A19D8072A02D811498B42A8
:10E3E00017D04FF00041E6E741F00204D3E741F0D7
:10E3F0000604D0E741F00404CDE74FF00061DAE70E
:10E400004FF08051D7E74FF00051D4E74FF08041F3
:10E41000D1E7032A8CBF4FF020614FF0A051CAE72B
:10E420000090D00300F0024003680022C3F80025EA
:10E43000704700BFC37B0268013918BF0121022B5E
:10E44000017406D0032B0ED0012B07D0C2F854154F
:10E45000704741F00401C2F85415704741F00201C1
:10E46000C2F85415704741F00601C2F854157047C0
:10E470008AB32DE9F041074684B00C4615464FF6A5
:10E48000FF7845452E464FF0000269463846009415
:10E4900028BF464654B1CDE90164039628F0FAFC42
:10E4A000AD1B3444EDD104B0BDE8F0814FF6FF78E8
:10E4B00004E045452E46009428BF464600226946A2
:10E4C0003846CDE90144039428F0E4FCAD1BF0D1BB
:10E4D00004B0BDE8F081704730B587B001230D4628
:10E4E0000DF10704002202A9CDE903348DF807508D
:10E4F0000294059328F0CEFC9DF8070007B030BDCC
:10E500000F49104A1048114B70B44D6A0C6A1573CC
:10E5100001251060886A15714E6E947350734C6FAC
:10E52000886E0B4D1E7300219C735873D17311823A
:10E530001971D97319821D60916070BC9960704720
:10E540000C770700B439012000F00240C8390120DF
:10E55000003002400020704700207047704700BF25
:10E56000704700BF704700BF704700BF406828B1C8
:10E5700008B50368DB68984780B208BD704700BFE4
:10E58000406840B108B522B103685B689847C0B2E3
:10E5900008BD104608BD7047406838B108B50AB9D3
:10E5A000104608BD25F0C0F9C0B208BD704700BFD5
:10E5B000024A026000224260704700BFBC5507005B
:10E5C00010B50446406828B90BE0606803681B6911
:10E5D000984760680368DB6898470028F5D10120F8
:10E5E00010BD61600846F5E7F0B4594A02604FF08B
:10E5F000005600240025002246604FF49A76C0E9B8
:10E600000245C0E90445C0E90645C0E90845C0E93E
:10E610000A45C0E90C45C0E90E45C0E91045C0E90E
:10E620001245C0E91445C0E91645C0E91845C0E9DE
:10E630001A45C0E91C45C0E91E45C0E92045C0E9AE
:10E640002245C0E92445C0E92645C0E92845C0E97E
:10E650002A45C0E92C45C0E92E45C0E93045C0E94E
:10E660003245C0E93445C0E93645C0F8E020A0F89D
:10E67000702180F87221C0F8A861202680F8AC6172
:10E6800000F5C776C0F8B86100F5C8763149C0F822
:10E69000C86140F66416C0F8F011A0F8F461642176
:10E6A00040F6FC3680F80912A0F81C622A49C0F82E
:10E6B0008821002601274FF0010CC0E95E45C0E922
:10E6C0006045C0E96645C0E96822C0E96C22C0E93E
:10E6D0007022C0E97422C0E97822A0F88C21C0F829
:10E6E0009421C0F8D821C0F8E821C0F8F821C0F87A
:10E6F0001022C0F81822C0F8BC11C0F8CC11C0F824
:10E70000DC11C0F8EC11C0E95A45C0E98067C0E9E6
:10E710008A22F0BCC0E98C22C0F8202280F8242292
:10E72000C0F83822A0F83C2280F83F2280F840222E
:10E73000A0F84222C0F84422A0F84822C0F84C2297
:10E74000C0F8142280F8E82080F850C2704700BF5B
:10E75000DC640700000264640000020270B5054634
:10E76000D0F8280268B195F88C31002B40F08A83EC
:10E7700028F0DEF80023C5F82832A5F82C32A5F8D9
:10E780003232D5F8340230B128F0D2F80023C5F87F
:10E790003432A5F83832D5F8440220B128F0C8F850
:10E7A0000023C5F84432A86818B128F0BFF8002348
:10E7B000AB60E86818B128F0B9F80023EB60A86CEA
:10E7C00018B128F0B3F80023AB642B695BB1186A69
:10E7D000002800F06E8328F0A9F82B69002B40F088
:10E7E000688300232B616B695BB1D869002800F056
:10E7F000588328F09BF86B69002B40F0528300236C
:10E800006B61AB695BB1186A002800F07A8328F06D
:10E810008DF8AB69002B40F074830023AB616B6A09
:10E820005BB1D86E002800F0688328F07FF86B6A2F
:10E83000002B40F0628300236B622B6A5BB1D86AC5
:10E84000002800F0668328F071F82B6A002B40F056
:10E85000608300232B62AB6A5BB1186A002800F06A
:10E86000548328F063F8AB6A002B40F04E830023FA
:10E87000AB622B6B5BB1186A002800F0528328F062
:10E8800055F82B6B002B40F04C8300232B636B6BF4
:10E890005BB1186B002800F0408328F047F86B6BE1
:10E8A000002B40F03A8300236B63AB6B5BB1986A3B
:10E8B000002800F03E8328F039F8AB6B002B40F0C5
:10E8C00038830023AB63EB6B5BB1186B002800F05F
:10E8D0002C8328F02BF8EB6B002B40F026830023D1
:10E8E000EB632B6C63B1D3F88400002800F0E9825D
:10E8F00028F01CF82B6C002B40F0E38200232B64E3
:10E90000EB6A5BB1186A002800F0D78228F00EF895
:10E91000EB6A002B40F0D1820023EB626B6C5BB1A1
:10E92000186A002800F0D58228F000F86B6C002BE4
:10E9300040F0CF8200236B64EB6C5BB1586B002816
:10E9400000F0C38227F0F2FFEB6C002B40F0BD8299
:10E950000023EB642B6D5BB1D86C002800F0C18202
:10E9600027F0E4FF2B6D002B40F0BB8200232B65CA
:10E970006B6D5BB1D869002800F0AF8227F0D6FF3D
:10E980006B6D002B40F0A98200236B65EB695BB1D6
:10E990001869002800F0AD8227F0C8FFEB69002B52
:10E9A00040F0A7820023EB61AB6D63B1D3F8080C94
:10E9B000002800F09A8227F0B9FFAB6D002B40F0E1
:10E9C00094820023AB65EB6D63B1D3F8D4050028C6
:10E9D00000F0D78227F0AAFFEB6D002B40F0D18228
:10E9E0000023EB652B6E5BB19868002800F0C582B0
:10E9F00027F09CFF2B6E002B40F0BF8200232B667C
:10EA00006B6E5BB19868002800F0C38227F08EFF20
:10EA10006B6E002B40F0BD8200236B66AB6E5BB16A
:10EA20009868002800F0B18227F082FFAB6E002BBF
:10EA300040F0AB820023AB66EB6E5BB198680028B8
:10EA400000F0AF8227F072FFEB6E002B40F0A9823E
:10EA50000023EB662B6F83B1586D10B127F066FF72
:10EA60002B6FD86D002800F0988227F061FF2B6F84
:10EA7000002B40F0928200232B676B6F63B1D3F8B9
:10EA8000980B002800F0958227F050FF6B6F002B49
:10EA900040F08F8200236B67AB6F63B1D3F8D80867
:10EAA000002800F0828227F041FFAB6F002B40F07E
:10EAB0007C820023AB67EB6F5BB1986A002800F0A3
:10EAC000488227F033FFEB6F002B40F04282002397
:10EAD000EB67D5F880306BB1D869002800F035823B
:10EAE00027F024FFD5F88030002B40F02E82002341
:10EAF000C5F88030D5F8843073B1D3F82C010028E4
:10EB000000F01F8227F012FFD5F88430002B40F070
:10EB100018820023C5F88430D5F888306BB1986C22
:10EB2000002800F00A8227F001FFD5F88830002B7A
:10EB300040F003820023C5F88830D5F88C306BB1E3
:10EB4000D869002800F0158227F0F0FED5F88C3047
:10EB5000002B40F00E820023C5F88C30D5F89C3095
:10EB60006BB1986B002800F0008227F0DFFED5F82B
:10EB70009C30002B40F0F9810023C5F89C30D5F87B
:10EB800090306BB1186B002800F0EB8127F0CEFEBF
:10EB9000D5F89030002B40F0E4810023C5F8903088
:10EBA000D5F8943073B1D3F89000002800F0D581E7
:10EBB00027F0BEFED5F89430002B40F0CE81002324
:10EBC000C5F89430D5F8983073B1D3F840020028D6
:10EBD00000F01F8227F0AAFED5F89830002B40F0F5
:10EBE00018820023C5F89830D5F8B00020B127F07E
:10EBF0009DFE0023C5F8B030D5F8B40020B127F051
:10EC000095FE0023C5F8B430D5F8A4306BB1D86AAE
:10EC1000002800F0FA8127F089FED5F8A430002BF7
:10EC200040F0F3810023C5F8A430D5F8A8306BB1CB
:10EC3000186B002800F0E58127F078FED5F8A830A1
:10EC4000002B40F0DE810023C5F8A830D5F8A030B5
:10EC50006BB1586D002800F0D08127F067FED5F821
:10EC6000A030002B40F0C9810023C5F8A030D5F8B2
:10EC7000AC306BB1D86A002800F0DB8127F056FE7B
:10EC8000D5F8AC30002B40F0D4810023C5F8AC306F
:10EC9000D5F8B83073B1D3F8D000002800F0C581A2
:10ECA00027F044FED5F8B830002B40F0BE81002399
:10ECB000C5F8B830D5F8BC3073B1D3F8D00000280F
:10ECC00000F0AF8127F032FED5F8BC30002B40F0C9
:10ECD000A8810023C5F8BC30D5F8C03073B1D3F893
:10ECE000D000002800F0998127F020FED5F8C03030
:10ECF000002B40F092810023C5F8C030D5F8C43015
:10ED000073B1D3F8D000002800F0638127F00EFE25
:10ED1000D5F8C430002B40F05C810023C5F8C43026
:10ED2000D5F8C83073B1D3F8D000002800F04D8179
:10ED300027F0FCFDD5F8C830002B40F046810023B9
:10ED4000C5F8C830D5F8CC3073B1D3F8D00000285E
:10ED500000F0378127F0EAFDD5F8CC30002B40F0E9
:10ED600030810023C5F8CC30D5F8D0306BB1D86EE7
:10ED7000002800F0228127F0D9FDD5F8D030002BF3
:10ED800040F01B810023C5F8D030D5F8D4306BB1EA
:10ED9000D86E002800F02D8127F0C8FDD5F8D430BA
:10EDA000002B40F026810023C5F8D430D5F8D830A8
:10EDB00073B1D3F8D000002800F0178127F0B6FD1A
:10EDC000D5F8D830002B40F010810023C5F8D8309A
:10EDD000D5F8DC3073B1D3F8D000002800F0018101
:10EDE00027F0A4FDD5F8DC30002B40F0FA8000239A
:10EDF000C5F8DC30D5F810326BB15868002800F047
:10EE0000EC8027F095FDD5F81032002B40F0E5801E
:10EE10000023C5F81032D5F8180220B127F086FD7E
:10EE20000023C5F81832D5F8E0305BB1586C0028E3
:10EE30003BD027F07BFDD5F8E030002B35D1002307
:10EE4000C5F8E030D5F82062AEB174680CB90CE0BA
:10EE5000064620466468002CFAD127F067FD7460EE
:10EE6000D5F820627468002CF3D1304627F05EFD9F
:10EE70000023C5F820322B68724ADB68934240F0C9
:10EE8000DC8070BDD5F88831002B3FF471AC6E4941
:10EE9000184624F069FAD5F8280200283FF46AAC35
:10EEA00066E4184627F042FDA9E4184627F03EFD27
:10EEB000C5E7184627F03AFD93E4184627F036FDDB
:10EEC0002AE5184627F032FD18E5184627F02EFDF2
:10EED0003EE5184627F02AFD2CE5184627F026FDCA
:10EEE00052E5184627F022FD40E5184627F01EFDA2
:10EEF00067E5184627F01AFD54E5184627F016FD79
:10EF000099E4184627F012FD87E4184627F00EFD15
:10EF1000ADE4184627F00AFD9BE4184627F006FDED
:10EF2000C1E4184627F002FDAFE4184627F0FEFCC6
:10EF3000D5E4184627F0FAFCC3E4184627F0F6FC9F
:10EF4000F8E5184627F0F2FCE3E5184627F0EEFC5A
:10EF5000CDE5184627F0EAFCB9E5184627F0E6FCAF
:10EF60002DE6184627F0E2FC17E6184627F0DEFCEF
:10EF700002E6184627F0DAFCEDE5184627F0D6FC45
:10EF80003CE5184627F0D2FC2AE5184627F0CEFCCF
:10EF900050E5184627F0CAFC3EE5184627F0C6FCA7
:10EFA00069E5184627F0C2FC52E5184627F0BEFC7A
:10EFB0007FE5184627F0BAFC6CE5184627F0B6FC4A
:10EFC000E0E6184627F0B2FCCBE6184627F0AEFC88
:10EFD000B5E6184627F0AAFC9FE6184627F0A6FCDF
:10EFE00016E7184627F0A2FC01E7184627F09EFC1A
:10EFF000EBE6184627F09AFCD5E6184627F096FC73
:10F0000032E6184627F092FC1DE6184627F08EFCE3
:10F0100008E6184627F08AFCE3E5184627F086FC48
:10F0200069E6184627F082FC53E6184627F07EFC76
:10F030003DE6184627F07AFC27E62846BDE87040F2
:10F04000184700BF15730200E055070010B50E4BBE
:10F0500003600446FFF782FBD4F8980120B127F043
:10F0600067FC0023C4F89831D4F89C0120B127F044
:10F070005FFC0023C4F89C31D4F8A00108B127F04C
:10F0800057FC204610BD00BFDC640700F8B50446FD
:10F090000D46B9B9D0F8980100283DD027F048FCBA
:10F0A00094F88C31C4F89851C4F8D851C4F89451EC
:10F0B000002B48D0D4F8880110B1254924F054F928
:10F0C0000120F8BDD0F8983133B3084627F02CFC66
:10F0D000D4E96527AA4228BF2A463946064630F0B9
:10F0E00075F8384627F024FCD4F8A831C4F89861A4
:10F0F00005F108029A42C4F8D861C4F89451DFD9E6
:10F1000094F88C31D3B1D4F888010028D8D01149B3
:10F1100024F02AF90120F8BD284627F005FCD4F890
:10F12000A831C4F8945108359D42C4F89801C4F838
:10F13000D801C5D994F88C31002BE4D194F88D31E5
:10F14000002BBDD0DFE794F88D31002BB8D0B1E7AC
:10F150005456070080560700C0F87411704700BF6E
:10F1600010B40BB100241C80013927291ED8DFE818
:10F1700001F021651D1D1D1D1D1D1D7F1D1D8C1DEB
:10F180001D9A1D1DB11D1D1D1D1D1D1D1D1D1D1D9E
:10F190001D1D1D1D1D1D1D1DBF14002A00F0D78043
:10F1A000012A00F02B81022A00F0AE8000205DF8D9
:10F1B000044B7047012A00F0E580032A00F0048127
:10F1C000042A00F03681052A00F0B980072A00F0F1
:10F1D0004181092A00F04681112A00F04B81122A50
:10F1E00000F05081132A00F05581142A00F05A8152
:10F1F000172A00F05F81212A00F06981222A00F09D
:10F200006E81262A00F073813B2A00F078813C2A27
:10F2100000F07D81602A00F08281612A00F0878100
:10F22000352A00F08C81432AC0D113B14FF4B96262
:10F230001A80C06D003818BF0120B8E7132A00F00B
:10F240008F80152A00F0D180732A00F0E080342AE4
:10F250006DD0142A00F0F580722AA7D113B14FF4B3
:10F2600004721A80036E002B00F02C8101209EE7AF
:10F27000362A7DD0092A99D10BB13C221A80D0F8C8
:10F280008800003818BF012091E7032A00F08B8026
:10F29000012A8BD10BB110221A80D0F880000038DF
:10F2A00018BF012083E7142A00F08580152A00F09A
:10F2B0009380022A00F0B480032A2ED0102A7FF413
:10F2C00075AF0BB12C221A80D0F89C00003818BF03
:10F2D00001206CE7602A5DD0802A7FF467AF0BB114
:10F2E000A4221A80D0F8B400003818BF01205EE7CD
:10F2F000092A7FF45BAF0BB11C221A80D0F8AC0056
:10F30000003818BF012052E70BB124221A80D0F830
:10F31000A800003818BF012049E713B14FF40D725F
:10F320001A80D0F89800003818BF01203FE70BB1D1
:10F330000C221A80C06E003818BF012037E70BB1CD
:10F3400020221A80006A003818BF01202FE70BB175
:10F3500048221A80D0F8A000003818BF012026E704
:10F360000BB148221A80006F003818BF01201EE739
:10F3700013B14FF490721A80D0F88400003818BF8F
:10F38000012014E70BB114221A800069003818BF5D
:10F3900001200CE70BB108221A80D0F8B000003829
:10F3A00018BF012003E70BB11C221A80C06F003880
:10F3B00018BF0120FBE60BB110221A80D0F88C0098
:10F3C000003818BF0120F2E60BB110221A80406904
:10F3D000003818BF0120EAE60BB124221A80D0F8C9
:10F3E0009000003818BF0120E1E613B14FF43962F4
:10F3F0001A80406F003818BF0120D8E60BB12022D8
:10F400001A80D0F8A400003818BF0120CFE613B14D
:10F410004FF484721A80806E003818BF0120C6E64F
:10F420000BB188221A80D0F89400003818BF012050
:10F43000BDE60BB112221A808069003818BF012086
:10F44000B5E613B140F6CC021A80806F003818BFC1
:10F450000120ACE60BB15C221A80406A003818BF6C
:10F460000120A4E60BB114221A80806A003818BF6C
:10F4700001209CE60BB114221A80006B003818BFE3
:10F48000012094E60BB124221A80406B003818BF8B
:10F4900001208CE60BB11C221A80806B003818BF4B
:10F4A000012084E60BB124221A80C06B003818BFFB
:10F4B00001207CE60BB174221A80006C003818BF62
:10F4C000012074E6406E003818BF01206FE60BB1D2
:10F4D00014221A80C06A003818BF012067E60BB1F9
:10F4E00014221A80406C003818BF01205FE60BB16F
:10F4F00018221A80806C003818BF012057E60BB123
:10F5000028221A80C06C003818BF01204FE60BB1CA
:10F5100040221A80006D003818BF012047E60BB169
:10F5200010221A80406D003818BF01203FE60BB151
:10F5300004221A80C069003818BF012037E613B1D1
:10F5400040F6FC321A80806D003818BF01202EE68C
:10F5500070B504468B48D4F80C2294F8001222F0BF
:10F56000FF02824201F0010394F80D0246D04728C1
:10F570001FD085498A4215D084498A424FD194F8D8
:10F58000021211F0020F18BF012381498A424DD1A6
:10F5900094F80222D0063ED5D4F81052002D50D057
:10F5A000012070BD94F8021211F0010F18BF012361
:10F5B000EBE7B4F80E0245F24115A84200F0DD80F9
:10F5C00045F24215A84264D111F0080F18BF01237B
:10F5D00045F24C15A84264D111F0800F18BF0123E9
:10F5E00045F25231884266D194F8011211F0100FA1
:10F5F000654918BF01238A42BED1D3E711F0020F3B
:10F6000018BF01234728D4D062498A42BDD194F85B
:10F6100002221207C0D4002BBED1002070BD5E496B
:10F620008A422ED194F802124E06B5D45B498A4222
:10F63000F1D194F802229106EDD5D4F81052002DA4
:10F64000AED1082027F06EF90646C4F8100294F9EE
:10F650000902756027F068F9D4F8103270605B68B1
:10F66000002B9DD194F88C311BB994F88D31002B6F
:10F67000D3D0D4F888010028CFD0494923F074FEB4
:10F68000CBE748498A42BFD194F80222550783D478
:10F69000C1E745F24235A8421CD111F0100F18BF46
:10F6A000012345F24E1188421CD194F8011211F049
:10F6B000010F18BF012344F2531188421CD194F862
:10F6C000011211F0200F304918BF01238A427FF444
:10F6D00053AF67E744F24715A84235D111F0200F28
:10F6E00018BF012345F24E31884214D194F801121B
:10F6F00011F0020F18BF012345F25341884214D183
:10F7000094F8011211F0400F1F4918BF01238A42DB
:10F710007FF432AF46E745F2501188421DD194F88C
:10F72000011211F0040F18BF012345F25361884202
:10F730007FF41FAF94F9011200291349B8BF0123C8
:10F740008A427FF419AF2DE744F64C45A8427FF476
:10F750003FAF11F0400F18BF012345F2511188420D
:10F760007FF43EAF94F8011211F0080F064918BF5C
:10F7700001238A427FF400AF14E711F0040F18BF91
:10F78000012325E70044544D00524C4D00524D4397
:10F790000056544700564C5700544853005A4441B1
:10F7A000D05607000054585490F80412CB0769D47F
:10F7B00010B4D0F80C326D4A23F0FF0393421AD0F4
:10F7C00090F80D22472A1ED0694A93426FD0694AA9
:10F7D000934259D0684A93425DD0684A934261D0BF
:10F7E000674A93426AD0674A93426CD190F8060206
:10F7F000C0F3001043E011F002023FD190F80D4237
:10F80000472C40F0AF80B0F80E2245F24114A242DE
:10F8100061D045F24214A24261D045F24234A24284
:10F8200061D044F24714A24200F0818044F64C4477
:10F83000A2425CD045F24C14A2425CD045F24E117B
:10F840008A425CD045F24E318A425ED045F2501178
:10F850008A4260D045F251118A4262D045F252315B
:10F860008A4268D044F253118A426AD045F2534129
:10F870008A426CD190F805225206A5D501205DF888
:10F88000044B70470120704790F806025DF8044B66
:10F89000C0F34000704790F806025DF8044BC0F3D7
:10F8A0008010704790F80602C0F38000E7E790F8F8
:10F8B00006025DF8044B00F00100704790F8060264
:10F8C000C0F3C000DBE7304A93424DD190F8060206
:10F8D000C0F34010D3E74A077FF576AFCEE70C07B9
:10F8E0007FF572AFCAE7C9067FF56EAFC6E74C0673
:10F8F0007FF56AAFC2E709067FF566AFBEE790F80D
:10F900000522D2077FF560AFB8E790F8052294078B
:10F910007FF55AAFB2E790F8052251077FF554AF53
:10F92000ACE790F8052212077FF54EAFA6E78A06EE
:10F930007FF54AAFA2E790F80522D4067FF544AFE1
:10F940009CE790F8052291067FF53EAF96E745F2D9
:10F9500053618A427FF438AF90F90522002ABFF63E
:10F9600033AF8BE710468AE7002088E70044544D08
:10F9700000524C4D00524D430054485300545854CB
:10F9800000564C5700565447005A4441704700BF38
:10F9900030B5574B044693E8030083B004F20B25BF
:10F9A000ADF8041000902946684605222FF000FCAF
:10F9B00028B9D4F8B83013B1012003B030BD4D4B95
:10F9C00093E8030005220090ADF80410684629462C
:10F9D0002FF0EEFB18B9D4F8BC30002BECD1464B1D
:10F9E00093E8030005220090ADF80410684629460C
:10F9F0002FF0DEFB18B9D4F8C030002BDCD13F4B20
:10FA000093E8030005220090ADF8041068462946EB
:10FA10002FF0CEFB18B9D4F8C430002BCCD1384B22
:10FA200093E8030005220090ADF8041068462946CB
:10FA30002FF0BEFB18B9D4F8C830002BBCD1314B25
:10FA400093E8030005220090ADF8041068462946AB
:10FA50002FF0AEFB002842D02B4B93E80300052289
:10FA60000090ADF80410684629462FF0A1FB18B9A4
:10FA7000D4F8D030002B9FD1244B93E8030005220B
:10FA80000090ADF80410684629462FF091FB18B994
:10FA9000D4F8D430002B8FD11D4B93E803000522FE
:10FAA0000090ADF80410684629462FF081FB20B97C
:10FAB000D4F8D830002B7FF47FAF164B93E80300C7
:10FAC00005220090ADF80410684629462FF070FB1F
:10FAD00058B9D4F8DC00003818BF01206DE7D4F81D
:10FAE000CC30002B7FF468AFB6E7002065E700BF9D
:10FAF000F4560700FC560700045707000C57070090
:10FB0000145707001C570700245707002C570700FD
:10FB1000345707003C57070030B5774B044693E84D
:10FB2000030083B004F20B25ADF8041000902946C1
:10FB3000684605222FF03CFB58B9D4F8B83043B1E1
:10FB4000D3F8D0202AB1D3F8CC3013B1012003B0C0
:10FB500030BD6A4B93E8030005220090ADF8041015
:10FB6000684629462FF024FB48B9D4F8BC3033B19D
:10FB7000D3F8D0201AB1D3F8CC30002BE6D1604BAB
:10FB800093E8030005220090ADF80410684629466A
:10FB90002FF00EFB48B9D4F8C03033B1D3F8D020E1
:10FBA0001AB1D3F8CC30002BD0D1564B93E80300D8
:10FBB00005220090ADF80410684629462FF0F8FAA7
:10FBC00048B9D4F8C43033B1D3F8D0201AB1D3F83F
:10FBD000CC30002BBAD14C4B93E8030005220090A7
:10FBE000ADF80410684629462FF0E2FA00286FD0DD
:10FBF000464B93E8030005220090ADF804106846D8
:10FC000029462FF0D5FA48B9D4F8CC3033B1D3F81F
:10FC1000D0201AB1D3F8CC30002B97D13C4B93E8CD
:10FC2000030005220090ADF80410684629462FF025
:10FC3000BFFA38B9D4F8D03023B1DA6E12B19B6E66
:10FC4000002B83D1334B93E8030005220090ADF8DD
:10FC50000410684629462FF0ABFA40B9D4F8D430E6
:10FC60002BB1DA6E1AB19B6E002B7FF46FAF2A4B6B
:10FC700093E8030005220090ADF804106846294679
:10FC80002FF096FA50B9D4F8D8303BB1D3F8D02041
:10FC900022B1D3F8CC30002B7FF458AF1F4B93E840
:10FCA000030005220090ADF80410684629462FF0A5
:10FCB0007FFAD8B9D4F8DC0000283FF448AFD0F878
:10FCC000D030B3B1D0F8CC00003818BF01203EE7E7
:10FCD000D4F8C830002B8BD0D3F8D020002A87D09E
:10FCE000D3F8CC30002B7FF431AF81E7002003B094
:10FCF00030BD18462BE700BFF4560700FC5607003E
:10FD0000045707000C570700145707001C5707003B
:10FD1000245707002C570700345707003C570700AB
:10FD200030B5584B044693E8030083B004F20B252A
:10FD3000ADF8041000902946684605222FF038FAE5
:10FD400000287AD0504B93E8030005220090ADF8CC
:10FD50000410684629462FF02BFA002868D04B4B38
:10FD600093E8030005220090ADF804106846294688
:10FD70002FF01EFA002869D0454B93E803000522B6
:10FD80000090ADF80410684629462FF011FA0028BB
:10FD900058D0404B93E8030005220090ADF80410C2
:10FDA000684629462FF004FA002854D03A4B93E8CD
:10FDB000030005220090ADF80410684629462FF094
:10FDC000F7F900284FD0354B93E803000522009047
:10FDD000ADF80410684629462FF0EAF9002846D00D
:10FDE0002F4B93E8030005220090ADF804106846FD
:10FDF00029462FF0DDF990B32A4B93E80300052242
:10FE00000090ADF80410684629462FF0D1F990B360
:10FE1000254B93E8030005220090ADF804106846D6
:10FE200029462FF0C5F950BBD4F8DC00013002E0C0
:10FE3000D4F8BC00013003B030BDD4F8B8000130B4
:10FE400003B030BDD4F8C4000130F4E7D4F8C000EA
:10FE5000013003B030BDD4F8C8000130EBE7D4F86E
:10FE6000D4000130E7E7D4F8CC000130E3E7D4F860
:10FE7000D0000130DFE7D4F8D8000130DBE7002004
:10FE8000D9E700BFF4560700FC56070004570700E7
:10FE90000C570700145707001C570700245707008A
:10FEA0002C570700345707003C57070030B5584B14
:10FEB000044693E8030083B004F20B25ADF8041068
:10FEC00000902946684605222FF072F900287AD062
:10FED000504B93E8030005220090ADF804106846EB
:10FEE00029462FF065F9002868D04B4B93E80300B2
:10FEF00005220090ADF80410684629462FF058F905
:10FF0000002869D0454B93E8030005220090ADF826
:10FF10000410684629462FF04BF9002858D0404B72
:10FF200093E8030005220090ADF8041068462946C6
:10FF30002FF03EF9002854D03A4B93E803000522F5
:10FF40000090ADF80410684629462FF031F90028DA
:10FF50004FD0354B93E8030005220090ADF8041014
:10FF6000684629462FF024F9002846D02F4B93E805
:10FF7000030005220090ADF80410684629462FF0D2
:10FF800017F990B32A4B93E8030005220090ADF8CF
:10FF90000410684629462FF00BF990B3254B93E8DF
:10FFA000030005220090ADF80410684629462FF0A2
:10FFB000FFF850BBD4F8DC00023002E0D4F8BC00FB
:10FFC000023003B030BDD4F8B800023003B030BD09
:10FFD000D4F8C4000230F4E7D4F8C000023003B013
:10FFE00030BDD4F8C8000230EBE7D4F8D4000230BA
:10FFF000E7E7D4F8CC000230E3E7D4F8D0000230D1
:020000024000BC
:10000000DFE7D4F8D8000230DBE70020D9E700BFF3
:10001000F4560700FC560700045707000C5707006A
:10002000145707001C570700245707002C570700D8
:10003000345707003C57070030B5584B044693E847
:10004000030083B004F20B25ADF80410009029469C
:10005000684605222FF0ACF800287AD0504B93E880
:10006000030005220090ADF80410684629462FF0E1
:100070009FF8002868D04B4B93E8030005220090BE
:10008000ADF80410684629462FF092F8002869D090
:10009000454B93E8030005220090ADF80410684634
:1000A00029462FF085F8002858D0404B93E80300EC
:1000B00005220090ADF80410684629462FF078F824
:1000C000002854D03A4B93E8030005220090ADF885
:1000D0000410684629462FF06BF800284FD0354BA6
:1000E00093E8030005220090ADF804106846294605
:1000F0002FF05EF8002846D02F4B93E8030005222E
:100100000090ADF80410684629462FF051F890B3DE
:100110002A4B93E8030005220090ADF804106846CE
:1001200029462FF045F890B3254B93E803000522AC
:100130000090ADF80410684629462FF039F850BBFE
:10014000D4F8DC00663002E0D4F8BC00663003B0BE
:1001500030BDD4F8B800663003B030BDD4F8C40068
:100160006630F4E7D4F8C000663003B030BDD4F890
:10017000C8006630EBE7D4F8D4003430E7E7D4F8B1
:10018000CC006630E3E7D4F8D0003430DFE7D4F8B1
:10019000D8006630DBE70020D9E700BFF45607003F
:1001A000FC560700045707000C57070014570700B8
:1001B0001C570700245707002C5707003457070027
:1001C0003C57070030B5584B044693E8030083B012
:1001D00004F20B25ADF8041000902946684605226C
:1001E0002EF0E6FF00287AD0504B93E8030005225A
:1001F0000090ADF80410684629462EF0D9FF00287B
:1002000068D04B4B93E8030005220090ADF8041032
:10021000684629462EF0CCFF002869D0454B93E86C
:10022000030005220090ADF80410684629462EF020
:10023000BFFF002858D0404B93E8030005220090F0
:10024000ADF80410684629462EF0B2FF002854D0BD
:100250003A4B93E8030005220090ADF8041068467D
:1002600029462EF0A5FF00284FD0354B93E8030018
:1002700005220090ADF80410684629462EF098FF3C
:10028000002846D02F4B93E8030005220090ADF8DC
:100290000410684629462EF08BFF90B32A4B93E852
:1002A000030005220090ADF80410684629462EF0A0
:1002B0007FFF90B3254B93E8030005220090ADF833
:1002C0000410684629462EF073FF50BBD4F8DC00BA
:1002D000673002E0D4F8BC00673003B030BDD4F81A
:1002E000B800673003B030BDD4F8C4006730F4E71D
:1002F000D4F8C000673003B030BDD4F8C800673010
:10030000EBE7D4F8D4003530E7E7D4F8CC00673019
:10031000E3E7D4F8D0003530DFE7D4F8D800673011
:10032000DBE70020D9E700BFF4560700FC560700C2
:10033000045707000C570700145707001C57070005
:10034000245707002C570700345707003C57070075
:1003500030B55D4B044693E8030083B004F20B25EF
:10036000ADF8041000902946684605222EF020FFC3
:1003700000287ED0554B93E8030005220090ADF88D
:100380000410684629462EF013FF00286BD0504B0E
:1003900093E8030005220090ADF804106846294652
:1003A0002EF006FF00286FD04A4B93E80300052289
:1003B0000090ADF80410684629462EF0F9FE00289A
:1003C0005DD0454B93E8030005220090ADF8041082
:1003D000684629462EF0ECFE00285BD03F4B93E8A0
:1003E000030005220090ADF80410684629462EF05F
:1003F000DFFE002857D03A4B93E803000522009017
:10040000ADF80410684629462EF0D2FE00284FD0E1
:10041000344B93E8030005220090ADF804106846C1
:1004200029462EF0C5FE002839D02F4B93E8030053
:1004300005220090ADF80410684629462EF0B8FE5B
:10044000002839D0294B93E8030005220090ADF82D
:100450000410684629462EF0ABFE90BBD4F8DC3081
:10046000D3F8D00003E0D4F8BC30D3F8D00003B008
:1004700030BDD4F8B830D3F8D00003B030BDD4F8D4
:10048000C430D3F8D000F2E7D4F8C030D3F8D000AD
:1004900003B030BDD4F8C830D3F8D000E7E7D4F8C3
:1004A000D430D86EE3E7D4F8CC30D3F8D000DEE710
:1004B000D4F8D030D86EDAE7D4F8D830D3F8D000FA
:1004C000D5E70020D3E700BFF4560700FC5607002D
:1004D000045707000C570700145707001C57070064
:1004E000245707002C570700345707003C570700D4
:1004F00030B5634B044693E8030083B004F20B2548
:10050000ADF8041000902946684605222EF050FEF2
:10051000002800F082805B4B93E8030005220090E6
:10052000ADF80410684629462EF042FE00286DD032
:10053000554B93E8030005220090ADF8041068467F
:1005400029462EF035FE002874D0504B93E8030066
:1005500005220090ADF80410684629462EF028FECA
:10056000002861D04A4B93E8030005220090ADF8C3
:100570000410684629462EF01BFE002861D0454B2A
:1005800093E8030005220090ADF804106846294660
:100590002EF00EFE00285FD03F4B93E803000522AB
:1005A0000090ADF80410684629462EF001FE0028A0
:1005B00058D03A4B93E8030005220090ADF80410A0
:1005C000684629462EF0F4FD002840D0344B93E8CD
:1005D000030005220090ADF80410684629462EF06D
:1005E000E7FD002843D02F4B93E80300052200903D
:1005F000ADF80410684629462EF0DAFD00283CD1FB
:10060000D4F8DC30D3F8D000013004E0D4F8BC30AA
:10061000D3F8D000013003B030BDD4F8B830D3F8EF
:10062000D000013003B030BDD4F8C430D3F8D000CE
:100630000130F0E7D4F8C030D3F8D000013003B077
:1006400030BDD4F8C830D3F8D0000130E3E7D4F897
:10065000D430D86E0130DEE7D4F8CC30D3F8D000F7
:100660000130D8E7D4F8D030D86E0130D3E7D4F8D1
:10067000D830D3F8D0000130CDE70020CBE700BF61
:10068000F4560700FC560700045707000C570700F4
:10069000145707001C570700245707002C57070062
:1006A000345707003C57070010B5444B044693E805
:1006B000030082B004F20B240090ADF804106846E9
:1006C000214605222EF074FD002871D03C4B93E8A2
:1006D000030005220090ADF80410684621462EF074
:1006E00067FD002864D0374B93E803000522009093
:1006F000ADF80410684621462EF05AFD002857D068
:10070000314B93E8030005220090ADF804106846D1
:1007100021462EF04DFD00284AD02C4B93E80300D3
:1007200005220090ADF80410684621462EF040FDE9
:1007300000283DD0264B93E8030005220090ADF839
:100740000410684621462EF033FD88B3214B93E810
:10075000030005220090ADF80410684621462EF0F3
:1007600027FD40B31C4B93E8030005220090ADF831
:100770000410684621462EF01BFDE0B1174B93E8AC
:10078000030005220090ADF80410684621462EF0C3
:100790000FFD68B1124B93E8030005220090ADF8FD
:1007A0000410684621462EF003FD08B1002000E049
:1007B000642002B010BD3220FBE700BFF4560700F2
:1007C000FC560700045707000C5707001457070092
:1007D0001C570700245707002C5707003457070001
:1007E0003C57070030B5534B044693E8030083B0F1
:1007F00004F20B25ADF80410009029466846052246
:100800002EF0D6FC002878D04B4B93E8030005224D
:100810000090ADF80410684629462EF0C9FC002867
:1008200067D0464B93E8030005220090ADF8041012
:10083000684629462EF0BCFC002865D0404B93E862
:10084000030005220090ADF80410684629462EF0FA
:10085000AFFC002855D03B4B93E8030005220090E5
:10086000ADF80410684629462EF0A2FC00284FD0AF
:10087000354B93E8030005220090ADF8041068465C
:1008800029462EF095FC002848D0304B93E8030011
:1008900005220090ADF80410684629462EF088FC29
:1008A00000283ED02A4B93E8030005220090ADF8C3
:1008B0000410684629462EF07BFC60B3254B93E874
:1008C000030005220090ADF80410684629462EF07A
:1008D0006FFC48B3204B93E8030005220090ADF86D
:1008E0000410684629462EF063FC00BBD4F8DC00F7
:1008F00001E0D4F8BC0003B030BDD4F8B80003B0B8
:1009000030BDD4F8C400F6E7D4F8C00003B030BD61
:10091000D4F8C800EFE7D4F8D400ECE7D4F8CC0062
:10092000E9E7D4F8D000E6E7D4F8D800E3E7002000
:10093000E1E700BFF4560700FC5607000457070024
:100940000C570700145707001C57070024570700CF
:100950002C570700345707003C570700704700BF6B
:1009600038B51388012B144615D0022B0DD0013356
:100970002380FFF7F3FF2388022B12D90A4A10883D
:10098000984214BF0320002038BD074D2A880A432F
:1009900006322A80EBE7044D0A0202F440722A80F4
:1009A000E5E7032038BD00BFDE3901202DE9F0471F
:1009B00082B04C88C37904F1070C9C4500AF88468F
:1009C000814671DA073303F4FC736D46ADEB030D1A
:1009D00098F800208DF80220B52162238DF80010D0
:1009E0008DF8013098F801108DF803102312E2B24F
:1009F0008DF8053069468DF80420002C00F0AF809A
:100A0000D8F808600DF1060306F1040E0DF10A0A8C
:100A1000601E734538BF564580B2C0F0AB800728D2
:100A200040F2A880A008013880B20DEB80000A30A7
:100A3000B6465EF804AB43F804AB8342F9D124F028
:100A40000300844283B215D0581C01EB030E80B220
:100A500016F803A08EF806A084420BD9023301EBEE
:100A6000000E9BB2305C8EF806009C4202D9C8187A
:100A7000F35C837104F1060E98F80D3098F80C6061
:100A800001F80E60D9F8740101F80C3003680832DF
:100A90009B68D2B298470834A04265D10020AD4689
:100AA0000837BD46BDE8F0870B88D0F87401BC80DC
:100AB00046F2B5223A807B80036839469B6806225D
:100AC0009847062846D100261CE099F80750B8F848
:100AD0000230D9F87401D8F80810A54228BF25467D
:100AE00072199A42A4EB0504A8BF9D1B0368A8BF16
:100AF000ADB231449B68EAB298472E44A842A4B2F2
:100B0000B6B227D1012CE0D8012C10D0B8F80C30A7
:100B1000D9F874013B80036839469B6802229847E4
:100B2000022817D100200837BD46BDE8F087D8F865
:100B3000083098F80C20995DD9F8740198F80D30B8
:100B400039707A70BB70036839469B6803229847F6
:100B50000328E7D00C200837BD46BDE8F0874FF0EA
:100B6000070C4FF0060E87E70C200837AD46BD4650
:100B7000BDE8F08730444B1D013E16F801EF03F845
:100B800001EFB042F9D175E730B583B00B884A88E0
:100B9000ADF80230054646F2B523D0F87401ADF841
:100BA0000420ADF8003003680C469B6869460622B5
:100BB0009847D5F87401A2780368A1689B689847A4
:100BC000A389D5F87401ADF80030036869469B68C5
:100BD0000222984703B030BD30B5D0F8A43183B0BD
:100BE00004461BB91F48204A03701370D4F87401DF
:100BF000FF238DF8073003680DF107029B699847C2
:100C00009DF80730FF2B25D0D4E969218A420CD208
:100C1000D4F8A00114498354D4F8A4310122134418
:100C2000C4F8A4310A7003B030BD94F88C311BB9FC
:100C300094F88D31002BF6D00A4D2B78002BF2D191
:100C4000D4F8880110B1094922F0FEFA01232B7073
:100C500003B030BDA279002AD6D1034A1278002A07
:100C6000E1D0D1E7DD390120DC390120445707000C
:100C70002DE9F04FD0F8A03185B00446002B00F0EC
:100C8000C780D0F87401B1F802B003681B690F4641
:100C90009847B5212046FFF79FFF62212046FFF7C6
:100CA0009BFF39782046FFF797FF79782046FFF7BA
:100CB00093FFB9782046FFF78FFF79882046090A0D
:100CC000FFF78AFF94F8AC310BF107029A42C0F2A9
:100CD0008980D4F874010368DB699847BBF1000F81
:100CE0006AD00023DFF850A1DFF850810193B946A4
:100CF00094F8AC71D4F874015F45036828BF5F466F
:100D0000ABEB070B1B691FFA8BFB9847002F46D0F4
:100D1000019D7E1E6B1C13FA86F60DE0D4F8A0111F
:100D20008B54D4F8A43101221344C4F8A43188F8B8
:100D300000200135AE4232D0D9F80820D4F8A431D1
:100D4000515D1BB98AF8003088F80030D4F874017E
:100D5000FF238DF80F3003680DF10F029B69984750
:100D60009DF80F30FF2B4BD0D4E969218A42D5D3AF
:100D700094F88C311BB994F88D31002BD9D09AF8A6
:100D80000030002BD5D1D4F8880110B1284922F0C9
:100D90005BFA01350123AE428AF80030CCD1019ACA
:100DA000D4F8740117440368BAB2DB69019298471A
:100DB000BBF1000F9CD14F46D4F8740103681B6946
:100DC0009847397B2046FFF707FF797B2046FFF7DE
:100DD00003FFD4F874010368DB699847002005B06D
:100DE000BDE8F08FBBF1000FEBD00025BB682046BB
:100DF000595D0135FFF7F0FEABB29B45F6D8E0E751
:100E0000A279002AB0D198F80020002A91D0ABE74F
:100E100090F88C3113B990F88D313BB1D4F888013A
:100E200020B1044922F010FA0820D8E70820D6E7BC
:100E30004457070064570700DD390120DC390120E1
:100E4000F8B590F88C31002B66D00546D0F88801B3
:100E500095F8F0710E46144600285ED05F4922F0E6
:100E6000F3F93378D5F88801012B00F08380052B46
:100E700000F0A180062B00F0AA800A2B00F0A180D0
:100E8000002851D0564922F0DFF9D5F88801317891
:100E9000002849D0102222F035FCD5F8880100281E
:100EA00042D0504922F0D0F93388D5F8880140F279
:100EB0000172934273D040F60612934275D098B3F4
:100EC000474922F0C1F9D5F88801717860B3102242
:100ED00022F018FCD5F8880130B3434922F0B4F968
:100EE000D5F888017388A0B11946102222F00AFCB7
:100EF000012FD5F8880143D1002C41D160B13B4985
:100F000022F0A2F9D5F8880130B1BDE8F84022F00E
:100F10007BBA012F0DD164B9F8BD0B78012B03D03A
:100F2000052B01D0062BA8D1012F01D1002CF3D025
:100F30007388B6F806C0A3EB0C02002AECDD002093
:100F40002B4F0024394670B122F07EF9B368D5F8F2
:100F50008801195D20B1102222F0D4FBD5F8880158
:100F60007388B6F806C00134A4B2A3EB0C02944215
:100F7000E8DBC9E70028D7D01E4922F065F98CE7E5
:100F80000028D5D01C4922F05FF97388B6F806C056
:100F9000D5F88801A3EB0C02002AD1DCB4E70028C5
:100FA000C2D0164922F050F994E70028BCD0144969
:100FB00022F04AF98EE70028B6D0124922F044F90F
:100FC0006BE70028B0D0104922F03EF965E7002811
:100FD000AAD00E4922F038F95FE700BF9C570700FE
:100FE000445A0700B4570700C8570700E0570700E6
:100FF00068460700A4570700D4570700BC570700EE
:10100000C0570700A8570700B0570700AC570700A4
:1010100090F82432002B40F0BE834369012270B562
:10102000044680F8242263B1D86950B11A781607B3
:1010300007D59A690AB1904763691A786FF3C302BA
:101040001A70A36963B1186A50B11A78150707D5E9
:10105000DA690AB19047A3691A786FF3C3021A706C
:10106000236A63B1D86A50B11A78110707D59A6A12
:101070000AB19047236A1A786FF3C3021A70636A41
:1010800063B1D86E50B11A78120707D59A6E0AB1BB
:101090009047636A1A786FF3C3021A70A36A63B148
:1010A000186A50B11A78160707D5DA690AB190475D
:1010B000A36A1A786FF3C3021A70236B63B1186ABC
:1010C00050B11A78150707D5DA690AB19047236B32
:1010D0001A786FF3C3021A70636B63B1186B50B167
:1010E0001A78110707D5DA6A0AB19047636B1A7844
:1010F0006FF3C3021A70A36B63B1986A50B11A7888
:10110000120707D55A6A0AB19047A36B1A786FF392
:10111000C3021A70E36B63B1186B50B11A781607EB
:1011200007D5DA6A0AB19047E36B1A786FF3C30206
:101130001A70236C73B1D3F8840058B11A7815076C
:1011400008D5D3F880200AB19047236C1A786FF342
:10115000C3021A70E36A63B1186A50B11A781107B2
:1011600007D5DA690AB19047E36A1A786FF3C302C8
:101170001A70636C63B1186A50B11A78120707D5F8
:10118000DA690AB19047636C1A786FF3C3021A7078
:10119000E36C63B1586B50B11A78160707D51A6B18
:1011A0000AB19047E36C1A786FF3C3021A70A36D0B
:1011B00073B1D3F8080C58B11A78150708D5D3F8CD
:1011C000042C0AB19047A36D1A786FF3C3021A700A
:1011D000E36D73B1D3F8D40558B11A78110708D567
:1011E000D3F8D0250AB19047E36D1A786FF3C302A4
:1011F0001A70236D63B1D86C50B11A78120707D5F5
:101200009A6C0AB19047236D1A786FF3C3021A7073
:10121000636D63B1D86950B11A78160707D59A691A
:101220000AB19047636D1A786FF3C3021A70E369CD
:1012300063B1186950B11A78150707D5DA680AB191
:101240009047E3691A786FF3C3021A70236E63B193
:10125000986850B11A78110707D55A680AB19047B3
:10126000236E1A786FF3C3021A70636E63B19868C5
:1012700050B11A78120707D55A680AB19047636EC1
:101280001A786FF3C3021A70A36E13B3986800B391
:101290005968F1B11D782E07C5F3C10209D58847F9
:1012A000A36E1978C1F3C10202F0020262F3C40115
:1012B000197052080DD0D3E9013000F588709847B5
:1012C000A16E0B78C3F3C10222F0020262F3C403E1
:1012D0000B70E36E63B1986850B11A78150707D5A3
:1012E0005A680AB19047E36E1A786FF3C3021A7016
:1012F000236F002B43D05A6DFAB11A680025C2F350
:10130000CD02012642FA05F1C90713D5196D05EB87
:10131000C50039B15B6D03EBC0008847236F1A68C5
:10132000C2F3CD02186806FA05F122EA010262F35F
:10133000D000186001350E2DE4D1DA6DFAB15A886B
:101340000025C2F34D02012642FA05F1C80713D564
:10135000996D05EB850039B1DB6D03EB0010884713
:10136000236F5A88C2F34D02588806FA05F122EA23
:10137000010262F34E00588001350E2DE4D1636FF7
:1013800073B1D3F8980B58B11A78110708D5D3F870
:10139000942B0AB19047636F1A786FF3C3021A70E7
:1013A000A36F73B1D3F8D80858B11A78120708D5CB
:1013B000D3F8D4280AB19047A36F1A786FF3C30209
:1013C0001A70E36F63B1986A50B11A78160707D59F
:1013D0005A6A0AB19047E36F1A786FF3C3021A7022
:1013E000D4F880306BB1D86958B11A78150708D590
:1013F0009A6912B19047D4F880301A786FF3C3021B
:101400001A70D4F884307BB1D3F82C0160B11A780B
:10141000110709D5D3F8282112B19047D4F88430A8
:101420001A786FF3C3021A70D4F888306BB1986CD5
:1014300058B11A78120708D55A6C12B19047D4F8EF
:1014400088301A786FF3C3021A70D4F88C306BB1FD
:10145000D86958B11A78160708D59A6912B1904719
:10146000D4F88C301A786FF3C3021A70D4F8903025
:101470006BB1186B58B11A78150708D5DA6A12B132
:101480009047D4F890301A786FF3C3021A70D4F8EA
:1014900094202AB3D2F8903013B313880025C3F3F5
:1014A000C503012643FA05F1C90716D5D2F88C10F9
:1014B00005EB051049B1D2F8903003EBC000884726
:1014C000D4F894201388C3F3C503108806FA05F1F5
:1014D00023EA010363F3C80010800135062DE1D132
:1014E000D4F898307BB1D3F8400260B11A7816076F
:1014F00009D5D3F83C2212B19047D4F898301A7825
:101500006FF3C3021A70D4F89C306BB1986B58B16A
:101510001A78150708D55A6B12B19047D4F89C3049
:101520001A786FF3C3021A70D4F8A4306BB1D86A7A
:1015300058B11A78110708D59A6A12B19047D4F8B1
:10154000A4301A786FF3C3021A70D4F8A8306BB1C4
:10155000186B58B11A78120708D5DA6A12B1904799
:10156000D4F8A8301A786FF3C3021A70D4F8A030F8
:101570006BB1586D58B11A78160708D51A6D12B1AB
:101580009047D4F8A0301A786FF3C3021A70D4F8D9
:10159000AC306BB1D86A58B11A78150708D59A6A79
:1015A00012B19047D4F8AC301A786FF3C3021A70B6
:1015B000D4F8B8307BB1D3F8D00060B11A785107B5
:1015C00009D5D3F8CC2012B19047D4F8B8301A78A6
:1015D0006FF382021A70D4F8BC307BB1D3F8D0001C
:1015E00060B11A78520709D5D3F8CC2012B19047D0
:1015F000D4F8BC301A786FF382021A70D4F8C03075
:101600007BB1D3F8D00060B11A78560709D5D3F86A
:10161000CC2012B19047D4F8C0301A786FF3820210
:101620001A70D4F8C4307BB1D3F8D00060B11A7806
:10163000550709D5D3F8CC2012B19047D4F8C4305F
:101640001A786FF382021A70D4F8C8307BB1D3F8DD
:10165000D00060B11A78510709D5D3F8CC2012B167
:101660009047D4F8C8301A786FF382021A70D4F811
:10167000CC307BB1D3F8D00060B11A78520709D5CD
:10168000D3F8CC2012B19047D4F8CC301A786FF34D
:1016900082021A70D4F8D0306BB1D86E58B11A7873
:1016A000560708D59A6E12B19047D4F8D0301A7800
:1016B0006FF382021A70D4F8D4306BB1D86E58B17F
:1016C0001A78550708D59A6E12B19047D4F8D430DD
:1016D0001A786FF382021A70D4F8D8307BB1D3F83D
:1016E000D00060B11A78510709D5D3F8CC2012B1D7
:1016F0009047D4F8D8301A786FF382021A70D4F871
:10170000DC307BB1D3F8D00060B11A78520709D52C
:10171000D3F8CC2012B19047D4F8DC301A786FF3AC
:1017200082021A70D4F8E0306BB1586C58B11A7854
:10173000560708D51A6C12B19047D4F8E0301A78E1
:101740006FF382021A70D4F8683173B194F8E8200C
:10175000D5070AD5900708D404F1F000984794F80B
:10176000E83043F0020384F8E830D4F86C3173B108
:1017700094F8E82051070AD5120708D404F59470AC
:10178000984794F8E83043F0080384F8E8300023E1
:1017900084F8243270BD704738B5B0F82C52044636
:1017A0006DB1D0F82832BBB190F88C0130B1D4F8CB
:1017B000880118B1164921F0D7FD002038BD90F8F6
:1017C0008C010028FAD0D4F888010028F6D01149FD
:1017D00021F0CAFD284638BD284625F0A5F894F822
:1017E0008C31C4F828026BB1D4F8880150B10A4991
:1017F00021F02AFDD4F88801B4F82C1210B10A2285
:1018000021F0F6FF0023C4F82E32012038BD00BFBE
:1018100048580700F45707008C5807002DE9F0439B
:101820000446D0F8280283B0002800F03E81B4F8C6
:101830002C22002A00F03981B4F82E72B4F83062FC
:10184000B74236BFD319BB1B9B1B0D4649889BB2C1
:101850000831D31A89B29BB299420ED994F88C31CF
:10186000002B00F03381D4F8880118B1CE4921F063
:101870007BFD002003B0BDE8F083D61BB6B2022E7C
:1018800028BF02263844C6F1020746F2B523324685
:101890006946BFB2ADF800302DF098FC002F40F043
:1018A0001B81B4F82E720237BFB2A4F82E72B4F8BE
:1018B0003032BB4200F23881FB1AB4F82C629BB282
:1018C000B4F83222D4F828029A42A6EB070292B268
:1018D00038BFA4F83232012A28BF012238442946F1
:1018E0002DF074FCBE4200F02F81B4F82E62013658
:1018F000B6B2A4F82E623046B4F83032B34200F2E9
:101900000D81F31AB4F82C729BB2B4F832229A42C9
:10191000A7EB060238BFA4F8323292B2D4F82832CC
:10192000012A28BF01221844691C2DF04FFCB74240
:1019300000F00081B4F82E720137BAB2A4F82E225A
:101940001146B4F830329A42C0F0E280D31AB4F8AB
:101950002C729BB2B4F83202BF1A9842BFB238BFA1
:10196000A4F83232022F28BF0227D4F828026B884D
:10197000ADF80430C7F1020608443A4601A9B6B2F0
:101980002DF024FC002E40F0F380B4F82E620236D5
:10199000B6B2A4F82E62B4F83032B34200F2B2808C
:1019A000F31AB4F82C729BB2B4F83222D4F828029D
:1019B000D5F808909A4238BFA4F83232B5F80280C0
:1019C000BF1BBFB2474528BF47463044A8EB0706B8
:1019D0003A464946B6B22DF0F9FB002E40F0BE80E3
:1019E000B4F82E624644B6B2A4F82E62B4F830328F
:1019F0009E42C0F08180F31AB4F82C729BB2B4F806
:101A00003222D4F828029A42A7EB060292B238BFDB
:101A1000A4F83232012A28BF0122304405F10C011A
:101A20002DF0D4FBBE4200F0B580B4F82E62013632
:101A3000B6B2A4F82E623046B4F83032B34255D86C
:101A4000F31AB4F82C729BB2B4F832229A42A7EB84
:101A5000060238BFA4F8323292B2D4F82832012AF2
:101A600028BF0122184405F10D012DF0AFFBBE4245
:101A700000F08880B4F82E3201339BB2A4F82E32E5
:101A8000B4F830229A4285BFB4F82C128A1A9B1AF5
:101A90009B18B4F832229BB29A424FF0010038BF33
:101AA000A4F8323203B0BDE8F08394F88C0100282A
:101AB0003FF4E0AED4F8880100283FF4DBAE3B49A8
:101AC00021F052FC002003B0BDE8F08394F88D01B2
:101AD00000283FF4CFAEC6E6D4F828020DEB06018D
:101AE0003A462DF073FBA4F82E72E0E6B4F82C729F
:101AF000FB1A33449BB2A7E7B4F82C72FB1A3344A9
:101B00009BB27CE7B4F82C72FB1A33449BB24BE7D0
:101B1000B4F82C72FB1A13449BB21BE7B4F82C7276
:101B2000FB1A33449BB2F0E6B4F82C62F31A3B4440
:101B30009BB2C5E6D4F828326A781A7001231A4697
:101B4000A4F82E321946FCE6D4F828322A781A7006
:101B500001231E46A4F82E321846CDE6D4F82802FA
:101B600009EB070132462DF031FBA4F82E623DE768
:101B700001ABD4F82802D91932462DF027FBA4F87E
:101B80002E6208E7D4F828326A7B1A700123A4F881
:101B90002E3275E7D4F828322A7B1A7001231E46AC
:101BA000A4F82E32184647E7DC580700B45807005F
:101BB0002DE9F04F0E78731E83B00C460546272B97
:101BC00029D8DFE813F05700CD00280028002800AE
:101BD0002800280028002800F50128002800090313
:101BE000280028001D0328002800F60328002800EC
:101BF00028002800280028002800280028002800A5
:101C00002800280028002800280028002800280094
:101C10002800700499044F78D5F820323BB31A4657
:101C200001E05268AAB11178B142FAD15178B942B3
:101C3000F7D192786AB121462846FFF7EFFDD5F833
:101C400020322678677893B11A78B24204D05B6864
:101C50006BB11A78B242FAD15A78BA42F7D1DB782E
:101C60002BB12B68C14A1B69934240F0568403B0E4
:101C7000BDE8F08F0B68BE4A23F0FF03934200F0EB
:101C8000F186BC4A934200F04285BB4A934201F080
:101C9000F982BA4A934201F04583B94A934201F06E
:101CA0009985B84A934202F0BE80B74A934202F047
:101CB0002E81B64A934202F0DF81B54A934202F088
:101CC000D084B44A934202F03E84B34A934202F075
:101CD000A882B24A934203F0F180B14A934202F0E3
:101CE000A287B04A934202F05B87AF4A934203F067
:101CF00061804F78352F02F0E787432F03F02D8165
:101D00003C2F02F02B86B3F5831F02F08185A74A92
:101D1000934281D1EB69002B3FF47EAFA068002293
:101D20000138114610F8016F96400832202A41EA26
:101D30000601F7D11A6959604FF0FF30986042B13F
:101D40001878000705D41160EB691A7842F0080290
:101D50001A701B785A0700F18E85267867785BE742
:101D60004F78722F00F02987732F00F08484342F6E
:101D700001F0DC81132F01F09783152F01F072869B
:101D8000142F7FF449AF836F002B3FF445AF8A686F
:101D900012781A718B68826F997958791E790904C3
:101DA00041EA0021D879314341EA00619160997A92
:101DB000587A1E7A090441EA0021D87A314341EA6F
:101DC0000061D160997B587B1E7B090441EA0021A8
:101DD000D87B314341EA00611161997D587D1E7DB8
:101DE000090441EA0021D87D314341EA0061916153
:101DF000587E197E41EA00219183D87E997E41EA7E
:101E00000021D183587F197F41EA0021118493F882
:101E1000210093F8201041EA0021918493F82230A8
:101E200082F82630A368A96F93F8233081F8273011
:101E3000002007467DE063882C3B834240F3858089
:101E4000A36803445C2F93F82C3082F83030A268EA
:101E5000AB6F024403EBC60392F82D2083F83120C8
:101E6000A268AB6F024403EBC60392F82E2083F8FE
:101E70003220A268AB6F024403EBC60392F82F2016
:101E800083F83320A368A96F034401EBC60193F8DC
:101E9000322093F831C093F830E04FEA024242EA30
:101EA0000C2293F833C042EA0E0242EA0C624A6303
:101EB00093F8362093F835C093F834E04FEA0242A5
:101EC00042EA0C2293F837C042EA0E0242EA0C6260
:101ED0008A6393F839C093F8382042EA0C228A8743
:101EE00093F83BC093F83A2042EA0C22CA8793F851
:101EF0003E2093F83DC093F83CE04FEA024242EAAC
:101F00000C2293F83FC042EA0E0242EA0C620A64D5
:101F100093F8403081F84430A268AB6F024403EB81
:101F2000C60392F8412083F84520A96F00F11800FC
:101F30000BD091F826C0FBB207EB47069C4501EB9E
:101F4000C60207F101073FF676AFD1F8D8080123A2
:101F500081F8D0380B7810B11A0742F171835F070E
:101F600000F189842678677856E600BF197302006D
:101F700000011400000310000004120000052000FE
:101F800000075C0000091400001114000012240076
:101F900000131C000014240000177400002114001A
:101FA0000022140000261800003B280000610400F5
:101FB0004F78362F00F06A8423688E4A23F0FF039F
:101FC00093427FF429AED5F88820002A3FF424AE4E
:101FD000A36899785878DE78090441EA00211878D6
:101FE00041EA066101435160997958791E790904E3
:101FF00041EA0021D879314341EA00619160997A40
:10200000587A1E7A090441EA0021D87A314341EA1C
:102010000061D160997B587B1E7B090441EA002155
:10202000D87B314341EA00611161587C197C41EA57
:1020300000219182D87C997C41EA0021D1821B7DCC
:102040001376A268D5F88830527D5A76A268D5F802
:102050008810937D8B76937E507E167E1B0443EA18
:102060000023D07E334343EA0063CB61137F81F8C2
:102070002030A268D5F88830527F83F82120A268EA
:10208000D5F88830927F83F82220A268D5F888306E
:10209000D27F83F82320A268D5F8883092F82020D8
:1020A00083F82420A268D5F8883092F8212083F89C
:1020B0002520D5F88830A26892F8222083F82620BF
:1020C000A268D5F8883092F8232083F82720A268E8
:1020D000D5F8883092F8242083F82820A268D5F813
:1020E000883092F8252083F82920A268D5F8883016
:1020F00092F8262083F82A20A268D5F8883092F832
:10210000272083F82B20A268D5F8883092F8282061
:1021100083F82C20A268D5F8883092F8292083F81B
:102120002D20D5F88830A26892F82A2083F82E2036
:10213000A268D5F8883092F82B2083F82F20A26867
:10214000D5F8883092F82C2083F83020A268D5F892
:10215000883092F82D2083F83120A368D5F88820A4
:1021600093F8321093F8310093F83060090441EA93
:10217000002193F83300314341EA0061516393F841
:10218000361093F8350093F83460090441EA0021D1
:1021900093F83700314341EA0061916393F83A10B4
:1021A00093F8397093F8386093F83B000B0443EAD6
:1021B0000723334343EA00634FF0FF31C2E90F3195
:1021C000936C117813B1080741F1C8854B0700F1F2
:1021D0005283267867781FE50B68074A23F0FF03D0
:1021E000934200F08F86054A934200F09C814F781D
:1021F00012E500BF00093C0000031C0000011000B4
:102200000B68BB4A23F0FF03934200F0DB86B94A18
:10221000934200F0BF824F78022F00F0B787032F60
:1022200001F0E980102F7FF4F7ACD0F89C10002962
:1022300001F0E286A26893785078D6781B0443EACE
:102240000023107843EA066303434B6013790B7253
:10225000A268D5F89C30127B1A74A268D5F89C301D
:10226000D27BDA74D5F89C30DA7C002A00F09280B8
:102270006288102A40F28E80A268117C1975517C08
:102280005975927C9A75D5F89C30A268D97CD07C1F
:10229000D87501297ED9618814297BD9117D1976D9
:1022A000517D5976927D9A76D5F89C30A268D97C7A
:1022B000D07DD87602296DD9618818296AD9117E16
:1022C0001977517E5977927E9A77D5F89C30A2681B
:1022D000D97CD07ED87703295CD961881C2959D94B
:1022E000117F83F82010517F83F82110927F83F8AB
:1022F0002220D5F89C30A268D97CD07F83F82300B7
:10230000042947D96188202944D992F8201083F8FC
:10231000241092F8211083F8251092F8222083F8D7
:102320002620D5F89C30A268D97C92F8230083F847
:10233000270005292ED9618824292BD992F8241049
:1023400083F8281092F8251083F8291092F8262097
:1023500083F82A20D5F89C30A268D97C92F827000F
:1023600083F82B00062915D96188282912D992F8FB
:10237000281083F82C1092F8291083F82D1092F869
:102380002A2083F82E20A268D5F89C3092F82B20C2
:1023900083F82F209A6B4FF0FF311963197812B12F
:1023A000080742F1D6814B0700F1658226786778ED
:1023B00032E40B6823F0FF03B3F5062F00F09F8390
:1023C0004F78802F7FF428AC4B88A42B3FF624ACA9
:1023D000D0F8B40000283FF41FAC037841788B425A
:1023E00036BF9A1F5A1A521AD2B2F82A01F2F4844E
:1023F000AC2101FB0303B5229A70D5F8B420137801
:1024000001FB03236222DA70D5F8B420137801FBB4
:10241000032313221A71D5F8B420137801FB032388
:1024200080225A71D5F8B4206088137801FB032309
:102430009871D5F8B4006288037801FB0303120A8F
:10244000DA716388002273B1D5F8B400A668037806
:1024500001FB030390B20344305C187260880132C0
:1024600093B29842F0D8D5F8B420207B1378AC21F1
:1024700001FB032383F8AC00D5F8B420607B13780C
:1024800001FB032383F8AD00D5F8B42013780133A2
:102490001370D5F8B4301A78FA2A02F048812678F9
:1024A0006778FFF7B9BB4F78092F7FF4B5ABD0F849
:1024B000AC30002B3FF4B0AB8A6812781A71D0F8B8
:1024C000AC301A79012A01F0AB80022A01F0CC80ED
:1024D000DA6A012183F82410197812B1080741F152
:1024E000FD834B0700F1C78126786778FFF794BB1F
:1024F00000141000001524000B6823F0FF03B3F54F
:10250000900F00F00484A14A93424CD0A04A934219
:1025100000F09A854F78FFF77FBB2146284603B02D
:10252000BDE8F04F1847D0F88030002B01F046810D
:102530008A68D86991785778D678090441EA0721E2
:1025400041EA0661167831435960917957791679D5
:10255000090441EA07213143D67941EA06619960CD
:10256000917A577A167A090441EA07213143D67ADB
:1025700041EA0661D960567B117B41EA0621198246
:10258000917B9974D27BDA744FF0FF325A611A78DA
:1025900010B1110741F1A784530700F16C8126782F
:1025A0006778FFF739BBD0F8A420002A01F05980E2
:1025B00089688B784878CE781B0443EA0023087832
:1025C00043EA0663034353600B791372A268D5F89C
:1025D000A430917A507A167A090441EA0021D07A1F
:1025E000314341EA0061D960917B507B167B09043D
:1025F00041EA0021D07B314341EA00611961917CBD
:10260000507C167C090441EA0021D07C314341EA28
:1026100000615961917D507D167D090441EA0021D8
:10262000D07D314341EA00619961917E507E167EF2
:10263000090441EA0021D07E314341EA0061D961B9
:10264000917F577FD07F167F0A0442EA07223243E8
:10265000D96A42EA00624FF0FF30C3E908201A78D5
:1026600011B1100741F19983530700F104812678D5
:102670006778FFF7D1BA826E1378C3F3C101C3F351
:10268000C0001B0742F14F804B087FF4C5AA022708
:102690004FF488769368B5229A55AB6E9B683344A5
:1026A00062225A70AB6E9B68334402229A70AB6E02
:1026B0009B6833447322DA70AB6E62889B68334444
:1026C0001A71AB6E62889B68334412125A71AB6EFA
:1026D00062889868A168304406302CF077FDAB6EB4
:1026E000227B9B68334483F80E21AB6E627B9B6830
:1026F0001E4486F80F21AA6E1378C3F3C1010F435D
:1027000067F3C403137026786778FFF785BA4169C9
:10271000002901F05680A26893785078D6781B047F
:1027200043EA0023107843EA066303434B601379BE
:102730000B726B695179597291799972D179D97209
:10274000917A507A167A090441EA0021D07A31430D
:1027500041EA0061D960917B577BD07B167B0A04EC
:1027600042EA07223243D96942EA00624FF0FF3061
:10277000C3E904201A7811B1100741F144835307CB
:1027800079D426786778FFF747BA00BF00012000A8
:1027900000022400D0F89030002B01F00C808A68F1
:1027A00091785078D678090441EA0021107841EAFE
:1027B000066101435960917A507A167A090441EA18
:1027C0000021D07A314341EA0061D960917B507B8E
:1027D000167B090441EA0021D07B314341EA0061C4
:1027E0001961917C507C167C090441EA0021D07C5F
:1027F000314341EA00615961917D507D167D0904A4
:1028000041EA0021D07D314341EA00619961917E26
:10281000507E167E090441EA0021D07E314341EA10
:102820000061D961507F917F167F090441EA002140
:10283000D07F314341EA0061196292F8221092F888
:10284000217092F8206092F823001A6B090441EA83
:102850000721314341EA00614FF0FF30C3E909101D
:10286000197812B1080741F123834B0703D4267866
:102870006778FFF7D1B921462846FEF7CFFF002839
:102880007FF4DDA926786778FFF7C6B94B88B3F5E2
:10289000907F3FF691ABD0F88430002B3FF4BCA979
:1028A0008A6812781A718A68D0F8843052785A711E
:1028B0008A68D0F884309178997112791A72A26876
:1028C000D0F8843052795A72A268D0F88430927964
:1028D0009A72A268D0F88430D279DA72D0F8841073
:1028E0000020064691F805801FFA86FE06EB860258
:1028F000731CF04501EBC20C03EB83071E4640F24C
:10290000A0806388083B834240F39B80A368034414
:10291000072E93F809E0197A41EA0E21ACF80C1061
:1029200093F80BE0997A41EA0E21ACF80E10997BEE
:1029300093F80DE093F80C804FEA014141EA0E2133
:1029400093F80FE041EA080141EA0E61CCF810105B
:102950001B7C8CF81430A168D5F88430014403EB5B
:10296000C203497C5975A368D5F88410034401EB70
:10297000C20C93F813E0997C41EA0E21ACF81610D2
:10298000997D93F815E093F814804FEA014141EAEC
:102990000E2193F817E041EA080141EA0E61CCF8F4
:1029A00018101B7E8CF81C30A168D5F884300144C7
:1029B00003EBC203497E5977A368D5F8841003441A
:1029C00001EBC20293F81BE093F81AC04CEA0E2CFC
:1029D000A2F81EC093F81DE093F81CC04CEA0E2C20
:1029E000A2F820C093F81FE093F81EC04CEA0E2C0A
:1029F000A2F822C093F821E093F820C04CEA0E2CF4
:102A0000A2F824C093F823E093F822C04CEA0E2CDD
:102A1000A2F826C093F82E2093F82D8093F82CE08E
:102A200093F82FC04FEA024343EA082301EBC7079C
:102A300043EA0E0343EA0C6300F12800BB607FF415
:102A400051AFD1F82C01012381F824310B7810B15A
:102A50001F0741F1A9825E073FF50DAF2678677821
:102A6000FFF7DAB80269002A00F015858B68106A52
:102A700099785F78DE78090441EA072141EA066126
:102A80001E783143516099795F791E79090441EAD2
:102A900007213143DE7941EA06619160997A5F7AD4
:102AA0001E7A090441EA07213143DE7A41EA0661D0
:102AB000D160997B5F7B1E7B090441EA072131438A
:102AC000DE7B41EA06611161997C93F811C01F7C9D
:102AD000DE7C0B0443EA0C233B4343EA06634FF0DE
:102AE000FF31C2E90531137810B11F0741F1D880D9
:102AF0005E073FF5C0AE26786778FFF78DB8D0F84F
:102B0000B030002B00F0C48418785978884236BF62
:102B100000F11002421A521AD2B20E2A00F2F583C4
:102B2000A26803EBC00312789A70D5F8B030A2689F
:102B30001978527803EBC103DA70D5F8B030A26887
:102B40001978927803EBC1031A71D5F8B030A268F6
:102B50001978D27803EBC1035A71D5F8B030A26866
:102B60001978127903EBC1039A71D5F8B030A268D5
:102B70001978527903EBC103DA71D5F8B030A26845
:102B80001978927903EBC1031A72D5F8B030A268B4
:102B90001978D27903EBC1035A72D5F8B0201378B3
:102BA00001331370D5F8B0301A78102A04BF002210
:102BB0001A7026786778FFF72FB8036E002B6DD058
:102BC0009B68002B6AD08A6812781A708B68016E35
:102BD0009A78D878896842EA00224A809A795879A6
:102BE0001E79120442EA0022D879324342EA006296
:102BF0004A609A7A587A1E7A120442EA0022D87AF7
:102C0000324342EA00628A609A7B587B1E7B120440
:102C100042EA0022D87B324342EA0062CA60587C12
:102C20001A7C42EA00220A829B7C8B742B6EA2687B
:102C30009B68D27CDA742B6E9B681A78002A40F06D
:102C40000685A26892F80D0292F80C1241EA002162
:102C5000998292F80E229A752B6E99680A78002A4A
:102C600040F0EE8414264FF4FC70012340F2F91773
:102C700003E0BB420DD02A6E9168A26832441A4428
:102C8000194412F8012CCA759AB2904203F101035B
:102C9000EFD82B6E1A7842F008021A706B6E002B78
:102CA00000F0CE819B68002B00F0CA81B5221A701B
:102CB0006B6E9B6862225A706B6E9B6802229A70E0
:102CC0006B6E9B687222DA706B6E62889B681A71F9
:102CD0006A6E638892681B1253716B6E6288986883
:102CE000A16806302CF072FA6B6E227B9B6883F829
:102CF00016226B6E627B9B6883F817226A6E1378CC
:102D000043F00803137026786778FEF785BFD0F884
:102D1000A010002900F0C583A26893785078D67877
:102D20001B0443EA0023107843EA066303434B6025
:102D30005079137943EA00230B8193798B72A2684F
:102D4000D5F8A030D279DA72A268D5F8A030127A1C
:102D50001A73A268D5F8A030527A5A73A268D5F8CF
:102D6000A030927A9A73A268D5F8A010D37ACB7368
:102D7000507B937B167B1B0443EA0023D07B3343B9
:102D800043EA00630B61137C0B75A368D5F8A010B0
:102D90005A7C4A759A7D587D1E7D120442EA0022B3
:102DA000D87D324342EA00628A619A7E587E1E7E56
:102DB000120442EA0022D87E324342EA0062CA612B
:102DC0009A7F587F1E7F120442EA0022D87F324346
:102DD00042EA00620A6293F8222093F8210093F8F5
:102DE0002060120442EA002293F82300324342EAB0
:102DF00000624A6293F8262093F8250093F8246035
:102E0000120442EA002293F82700324342EA0062A9
:102E10008A6293F82A2093F8290093F82860120414
:102E200042EA002293F82B00324342EA0062CA626F
:102E300093F82E2093F82D0093F82C60120442EAA8
:102E4000002293F82F00324342EA00620A6393F8AB
:102E5000322093F8310093F83060120442EA0022E5
:102E600093F83300324342EA00624A6393F8362013
:102E700093F8350093F83460120442EA002293F884
:102E80003700324342EA00628A6393F83A2093F8AB
:102E9000390093F83860120442EA002293F83B00AC
:102EA000324342EA0062CA6393F83E2093F83D0041
:102EB00093F83C60120442EA002293F83F00324348
:102EC00042EA00620A6493F8422093F8417093F852
:102ED000400093F84360130443EA07230343486D1B
:102EE00043EA06634FF0FF324B64CA640B7810B1BB
:102EF0001F0740F1E7865E073FF5BDAC267867788F
:102F0000FEF78ABEC36F002B00F0C8828A68117872
:102F10001971C36F51785971D078917841EA0021C5
:102F2000D9805079117941EA00211981D0799179BC
:102F300041EA00215981917A507A167A090441EACE
:102F40000021D07A314341EA0061D960917B507B06
:102F5000167B090441EA0021D07B314341EA00613C
:102F60001961917C507C167C090441EA0021D07CD7
:102F7000314341EA00615961917D507D167D09041C
:102F800041EA0021D07D314341EA00619961917E9F
:102F9000577ED07E167E0A0442EA07223243996A9F
:102FA00042EA00624FF0FF30C3E907201A7811B1FE
:102FB000160740F1BD8650073FF55DAC267867786F
:102FC000FEF72ABED0F88C20002A00F01182896812
:102FD0008B784878CE781B0443EA0023087843EACC
:102FE0000663034353600B791372D5F88C304A792A
:102FF0005A728A799A728A7A487A0E7A120442EA66
:103000000022C87A324342EA0062DA604E7B0A7BD1
:10301000D86942EA06221A82CE7B8A7B4FF0FF31C2
:1030200042EA06225A8259611A7810B1170740F114
:103030006E8656073FF51FAC26786778FEF7ECBD25
:1030400026786778FEF7E8BDD0F8A830002B00F0AE
:10305000BD868A6891785078D678090441EA0021C3
:10306000107841EA066101435960917A507A167AE4
:10307000090441EA0021D07A314341EA0061D96074
:10308000917B507B167B090441EA0021D07B3143C0
:1030900041EA00611961917C507C167C090441EA87
:1030A0000021D07C314341EA00615961917D507D1E
:1030B000167D090441EA0021D07D314341EA0061D7
:1030C0009961917E507E167E090441EA0021D07EEE
:1030D000314341EA0061D961507F917F167F090435
:1030E00041EA0021D07F314341EA0061196292F840
:1030F000221092F8217092F8206092F823001A6B47
:10310000090441EA0721314341EA00614FF0FF30F1
:10311000C3E90910197812B10F0740F152874E0721
:103120003FF5A9AB26786778FEF776BDC36E002B16
:103130003EF472AD9B68002B3EF46EAD8A68127847
:103140001A70C36E8A689B6852785A708A68C16E1A
:10315000937956791079D7791B0443EA0623034300
:103160008E68087843EA07637360577A137A43EAF4
:1031700007233381D77A927A40F0080342EA072284
:1031800072810B7026786778FEF746BDD0F89410F0
:1031900000293EF441ADA768B4F802A0BB787E7860
:1031A000F8783A781B0443EA062343EA00631343A2
:1031B0004B607A793B7943EA02230B81F879BB793A
:1031C0004A7A43EA0023D2086FF0070C01F10800A5
:1031D000019200EB82090AEB0C084B813A46ACEBFA
:1031E000010C01F1840E13E0984515DD937A567AAF
:1031F00092F808B01B0443EA0623D67A43EA0B038D
:1032000043EA066340F8043F864502F1040203D016
:1032100081450CEB0003E7D1019A0232BAEB820F31
:103220004FEA82030CD9FA18F85C93785678D27872
:103230001B0443EA062343EA02630343C1F88830D0
:10324000D1F89000B0B10E883707C6F3C502C6F3B7
:10325000C00341F1BE82960741F1D182530741F18B
:10326000D482170741F1CE82D60641F1B1825309CB
:1032700001F0F4820B785B073FF5FDAA26786778AA
:10328000FEF7CABC8369002B00F0BA858968186A0A
:103290008A784F78CE78120442EA072242EA066220
:1032A0000E7832435A604E790A7942EA06221A8130
:1032B000CE798A7942EA06225A814E7A0A7A42EA1D
:1032C00006229A81CE7A8A7A42EA0622DA814E7BF7
:1032D0000A7B42EA06221A82CE7B8A7B42EA0622D7
:1032E0005A824E7C0A7C4FF0FF3142EA06229A82D3
:1032F00099611A7810B1170740F1818656073FF59A
:10330000BAAA26786778FEF787BC95F88C31002B2F
:1033100040F07A8195F88D31002B40F07581677807
:10332000FEF77ABC016A002900F0EE85A2685378A6
:103330009078D6781B0243EA0043107843EA06638C
:1033400003434B6013790B72A2682B6A517A907A0F
:10335000167A090241EA0041D07A314341EA00611C
:10336000D960517B907B167B090241EA0041D07BFA
:10337000314341EA00611961517C907C167C09025D
:1033800041EA0041D07C314341EA00615961517DFD
:10339000907D167D090241EA0041D07D314341EA2A
:1033A00000619961517E907E167E090241EA0041DA
:1033B000D07E314341EA0061D961917F577FD07F50
:1033C000167F0A0442EA07223243D96A42EA0062BF
:1033D0004FF0FF30C3E908201A7811B1100740F10F
:1033E000208653073FF547AA26786778FEF714BC76
:1033F0004F78FEF711BCD0F8981000293EF40CACC1
:103400006288131F48BFD31CDB1081F838326688EE
:10341000D0F898100336F608F60004360846042261
:1034200024E0A3689F1813F802E0BB7897F80180A6
:1034300097F803C01B0443EA082343EA0E0343EA58
:103440000C638360BB7997F805E097F804C0FF79B7
:103450001B0443EA0E2343EA0C03083243EA0763E2
:10346000B2F50D7FC36000F1080001D09642D8D1BB
:10347000D1F84002002800F0FA850B781F0740F1D0
:10348000E8855E073FF5F7A926786778FEF7C4BBA5
:103490004F78FEF7C1BB4F78FEF7BEBB4F78FEF703
:1034A000BBBB6778FEF7B8BB036F002B3EF4B4AB31
:1034B0008A6811781971036F51785971036FD17847
:1034C000D971036F11791972036F51795972036FB2
:1034D00091799972016F0F7A01F108006FF0070678
:1034E00000EB870701F1480C761A874206EB000EC5
:1034F00017D06388083B734513DD937A92F809E08F
:1035000092F808801B0443EA0E2392F80BE043EA8A
:10351000080343EA0E6340F8043F844502F10402C5
:10352000E3D1486D012681F84C60002830D00A684C
:10353000C2F3CD03C2F3C007120741F108869A0710
:1035400040F11B865F0741F1C8811E0741F1C3812D
:10355000DA0641F1CA819F0641F1C5815E0641F15B
:10356000C0811A0641F1BB81DF0541F111869E053C
:1035700041F10B865A0541F105861F0541F1FF8592
:10358000DE0440F1F9855B0B08BF0D2600F0F585E0
:10359000C86D002830D04A88C2F34D03C2F34006FC
:1035A000920740F1FF859F0741F1D4855E0741F105
:1035B000D7851A0741F1D185DF0641F1DD859E06E9
:1035C00041F1D7855A0641F1D1851F0641F1CB85DE
:1035D000DE0541F1E9859A0541F1E3855F0541F199
:1035E000DD851E0541F1D785DA0440F1DA855B0BF4
:1035F00008BF0D2600F0D6850B785F073FF53BA985
:1036000026786778FEF708BBD5F88801002800F017
:10361000E0836D491FF0A8FE26786778FEF7FCBAB4
:103620004A880C2A7EF454AF8A681279DA728A6862
:10363000D0F8AC30127ADA73D0F8AC30FEF748BF6D
:10364000488800283FF426AB1826FFF70EBBA26877
:10365000507D117D41EA00219982927D9A75FFF794
:10366000FBBA4F78FEF7D8BA8A6852781A728A681D
:10367000D0F8AC30D2789A72D0F8AC20917A062982
:1036800013462BD990F88C1119B3D0F88801002873
:1036900000F0E4874D491FF0D7FDD5F8AC20D5F8F0
:1036A0008801917A002800F0D9870A2220F0D2F808
:1036B000D5F88801002800F0CF8745491FF0C4FDE8
:1036C000D5F8880118B10A22062120F091F8D5F822
:1036D000AC3006229A72D5F8AC30997A00293EF4C3
:1036E000F7AEA1688A794E790879C979120442EA5D
:1036F0000622024342EA0162DA60D5F8AC309A7AD7
:10370000012A7EF6E5AEA1688A7A4E7A087AC97AED
:10371000120442EA0622024342EA01621A61D5F823
:10372000AC309A7A022A7EF6D3AEA1688A7B4E7BB1
:10373000087BC97B120442EA0622024342EA016284
:103740005A61D5F8AC309A7A032A7EF6C1AEA168E8
:103750008A7C4E7C087CC97C120442EA0622024321
:1037600042EA01629A61D5F8AC309A7A042A7EF670
:10377000AFAEA1688A7D4E7D087DC97D120442EA04
:103780000622024342EA0162DA61D5F8AC309A7A45
:10379000052A7EF69DAEA1688A7E4E7E087EC97E91
:1037A000120442EA0622024342EA01621A62D5F892
:1037B000AC30FEF78DBE4F78FEF72EBA4F78FEF78D
:1037C0002BBA6778FEF728BA1C590700A0590700E2
:1037D000BC590700416A002900F0CB84A2685378E5
:1037E0009078D6781B0243EA0043107843EA0663D8
:1037F00003434B605079137943EA00230B8193799B
:103800008B72A2686B6AD279DA72A2686B6A127ADA
:103810001A73A2686B6A527A5A73A2686B6A927AB8
:103820009A73A368696ADA7ACA73987B5A7B1E7B9B
:10383000120242EA0042D87B324342EA00620A6145
:103840005A7C987C1E7C120242EA0042D87C3243A9
:1038500042EA00624A611B7D0B76A2686B6A517D69
:103860005976917D9976D27DDA76A368696A5A7E17
:10387000987E1E7E120242EA0042D87E324342EA1D
:103880000062CA615A7F987F1E7F120242EA00429C
:10389000D87F324342EA00620A6293F8220093F82A
:1038A000212093F82060120242EA004293F823009C
:1038B000324342EA00624A6293F8252093F82600D8
:1038C00093F82460120242EA004293F82700324340
:1038D00042EA00628A6293F8292093F82A0093F85A
:1038E0002860120242EA004293F82B00324342EA77
:1038F0000062CA6293F82D2093F82E0093F82C6092
:10390000120242EA004293F82F00324342EA006278
:103910000A6393F8312093F8320093F83060120272
:1039200042EA004293F83300324342EA00624A63BB
:1039300093F8352093F8360093F83460120242EA87
:10394000004293F83700324342EA00628A6393F8F8
:10395000392093F83A0093F83860120242EA0042A4
:1039600093F83B00324342EA0062CA6393F83D2079
:1039700093F83E0093F83C60120242EA004293F84A
:103980003F00324342EA00620A6493F8412093F810
:10399000420093F84060120242EA004293F843006A
:1039A000324342EA00624A6493F8452093F84600A5
:1039B00093F84460120242EA004293F8470032430F
:1039C00042EA00628A6493F8492093F84A0093F827
:1039D0004860120242EA004293F84B00324342EA46
:1039E0000062CA6493F84D0093F84C2042EA00222A
:1039F000A1F8502093F84F0093F84E2042EA00229D
:103A0000A1F8522093F8552093F8560093F854608B
:103A1000120242EA004293F85700324342EA00623F
:103A20008A6593F8596093F85820C86E42EA0622D6
:103A3000A1F85C2093F85B2093F85A3043EA022304
:103A40004FF0FF32A1F85E30C1E918220B7810B1B7
:103A50001F0740F1B2865E073EF50DAF2678677806
:103A6000FEF7DAB8436F002B3EF4D6A88A681278C6
:103A70009A708A68436F5278DA708A68436F9278D6
:103A80001A718A68436FD2785A718A68436F1279C3
:103A90009A718A68436F5279DA718A68436F9279B2
:103AA0001A728A68436FD2795A72416FA368587A42
:103AB0001A7A42EA00224A819B7A0B73A2686B6FE2
:103AC000D27A5A73A2686B6F117B9973527BDA7347
:103AD000696F10230020CDE06688103EB6EB401FD2
:103AE0004FEA401240F3CB80A6681144F65C8E7416
:103AF000A668696F1E441144367A8E76A668696F8F
:103B000001301E4401EB4011367C8E70A668696F4F
:103B10001E4411447678CE74A668696F1E44114421
:103B2000767ACE76A668696F1E441144767C81F859
:103B30002360A668696F1E441144B6780E75A668A6
:103B4000696F1E441144B67A0E77696FA6681E44E9
:103B50001144B67C81F82460A668696F1E44114444
:103B6000F6784E75A668696F1E441144F67A4E7752
:103B7000A668696F1E441144F67C81F82560A6682A
:103B8000696F1E44114436798E75A668696F1E44AC
:103B90001144367B8E77A668696F1E44114476798E
:103BA000CE75A668696F1E441144767BCE77696F27
:103BB000A6681E441144B6790E76A668696F1E4445
:103BC0001144B67B81F82060A668696F1E441144D9
:103BD000F6794E76A668696F1E441144F67B81F82B
:103BE0002160A668696F1E4401EB4011367D8E711D
:103BF000A668696F1E4401EB4011767DCE71A66800
:103C0000696F1E4401EB4011B67D0E72A668696FA4
:103C10001E4401EB4011F67D4E726E6FA16819448F
:103C2000164491F819C00F7E47EA0C277785897EE4
:103C300086F82C10A668696F1E441144F67E81F840
:103C40002D60A668696F1E441144367F81F82E608E
:103C5000A668696F1E441144767F81F82F60A668BC
:103C6000696F1E440A44B67F82F830605C2803F115
:103C7000200304D04E7BC2B296423FF62DAFD1F85E
:103C8000980B012381F8923B0B7810B11E0740F18D
:103C9000548559073EF5EFAD26786778FDF7BCBF30
:103CA00052F8043F56689168D768C7600360466061
:103CB0008160136903612A69137843F00803137064
:103CC000FEF716BF482204312BF080FAD5F8A02069
:103CD000137843F008031370FFF70DB953F8046F1E
:103CE00058689968DF68D76016605060916099697C
:103CF0001E695869DF69D761166150619161D5F815
:103D0000AC30197841F008011970FEF7EABB53F89E
:103D1000046F9A685968DB68C3600660416082601E
:103D2000D5F88C301A7842F008021A70FFF781B982
:103D300053F8040F5A689E68DF68CF6008604A60D5
:103D40008E605A6918699E698E6108614A61EB6FDD
:103D50001A7842F008021A70FFF72DB9111D34329B
:103D60000F684E688868D1F80CC0C3F80CC01031D9
:103D700091421F605E60986003F11003F0D1086803
:103D80004A688968996018605A60D5F8883019784F
:103D900041F008011970FEF719BA53F8046F58681A
:103DA0009A68DF68CF600E6048608A609A691E6911
:103DB0005869DF69CF610E6148618A61D5F8A43026
:103DC0001A7842F008021A70FEF74EBC4F78FDF7E1
:103DD00023BF6778FDF720BF95F88C3123B995F89C
:103DE0008D31002B3DF418AFD5F8880100283DF443
:103DF00013AFA0491FF0B8FA26786778FDF70CBF1B
:103E00004F78FDF709BF53F8046F9A685868DB686C
:103E1000CB600E6048608A606B691A7842F00802D5
:103E20001A70FEF7ACBC836A002B00F089838A68A5
:103E300012781A718A68836A517990791679090221
:103E400041EA0041D079314341EA00619960517AF9
:103E5000907A167A090241EA0041D07A314341EA68
:103E60000061D960517B907B167B090241EA0041D9
:103E7000D07B314341EA00611961517C977CD07C51
:103E8000167C0A0242EA07423243196A42EA006299
:103E90004FF0FF30C3E905201A7811B1100740F147
:103EA000778457073EF5E7AC26786778FDF7B4BE10
:103EB000191D24330F684E688868D1F80CC0C2F809
:103EC0000CC01031994217605660906002F11002E8
:103ED000F0D10B681360D5F89030197841F00801E3
:103EE0001970FEF7C2BC53F8046F9A685968DB6812
:103EF000C360066041608260D5F880301A7842F075
:103F000008021A70FEF748BB6778FDF785BE036BA1
:103F1000002B00F005848A68186A51789778D67863
:103F2000090241EA074141EA0661167831435960C6
:103F3000517997791679090241EA07413143D679D7
:103F400041EA06619960517A977A167A090241EA44
:103F500007413143D67A41EA0661D960517B977BAC
:103F6000167B090241EA07413143D67B41EA0661EB
:103F70001961517C92F812C0177CD67C0A0242EA81
:103F80000C423A4342EA06624FF0FF31C3E9052191
:103F90001A7810B1160740F1738450073EF56BACE8
:103FA00026786778FDF738BE4FF4907204312BF015
:103FB0000DF9D5F88420137843F008031370FEF749
:103FC0004ABD191D24330F684E688868D1F80CC0AB
:103FD000C2F80CC01031994217605660906002F12F
:103FE0001002F0D10B681360D5F8A830197841F0B1
:103FF00008011970FFF793B83E46FDF70DBE53F860
:10400000042F5E689968DF68C7600260466081605F
:104010001A690261AB691A7842F008021A70FFF758
:104020006DB953F8046F58689A68DF68CF600E6006
:1040300048608A609A691E695869DF69CF610E61BC
:1040400048618A612B6A1A7842F008021A70FFF7F9
:10405000C8B94FF40E72083104302BF0B7F8D5F818
:104060009820137843F008031370FFF70ABA0B780F
:10407000FFF707BA5C590700426B002A00F09A83E9
:104080008B6859789878DE78090241EA00411878FF
:1040900041EA066101435160597998791E79090214
:1040A00041EA0041D879314341EA00619160597A8F
:1040B000987A1E7A090241EA0041D87A314341EAEE
:1040C0000061D160597B987B1E7B090241EA004167
:1040D000D87B314341EA00611161597C987C1E7C98
:1040E000090241EA0041D87C314341EA0061516153
:1040F000597D987D1E7D090241EA0041D87D3143FA
:1041000041EA00619161987E597E1E7E090241EA72
:104110000041D87E314341EA0061D161597F987FE7
:104120001E7F090241EA0041D87F314341EA006124
:10413000116293F8211093F8227093F8206093F89D
:104140002300136B090241EA0741314341EA006150
:104150004FF0FF30C2E909101BB11178090740F197
:10416000A18313785F073EF586AB26786778FDF765
:1041700053BD6778FDF750BD0C2606EBC60304312E
:1041800000EBC30048222BF021F8296F0B680122B5
:10419000C3F3CD00B240024362F3D0030B60FFF7DC
:1041A000F7B90C2606EB86073F01B523C3552B6FE5
:1041B000DB6D3B4462225A702B6FDB6D3B44022265
:1041C0009A702B6FDB6D3B441322DA702B6F628881
:1041D000DB6D3B441A712B6F6288DB6D3B4412121E
:1041E0005A712B6F6288D86DA168384406302AF066
:1041F000EDFF2B6F217BDB6D3B44012283F84E10DA
:104200002B6F617BDB6D1F44B24087F84F10296F25
:104210004B88C3F34D00024362F34E034B80FFF71C
:10422000EBB9016C002900F09683A268537890786E
:10423000D6781B0243EA0043107843EA066303433F
:104240004B6013790B72A3682A6C59795172D87933
:10425000997941EA002151811B7A1373A2682B6C72
:10426000527A5A73A2682B6C927A9A73A2682B6C5A
:10427000D27ADA73A2682B6C127B1A74A268296C4A
:10428000537C907C167C1B0243EA0043D07C334372
:1042900043EA00634B61537D907D167D1B0243EA28
:1042A0000043D07D334343EA00638B61137E0B7779
:1042B000A2682B6C517E5977917E9977D27EDA77FE
:1042C000A368296C5A7F987F1E7F120242EA00423F
:1042D000D87F324342EA00620A6293F8212093F8C1
:1042E000220093F82060120242EA004293F8230071
:1042F000324342EA00624A6293F8252093F826008E
:1043000093F82460120242EA004293F827003243F5
:1043100042EA00628A6293F8292093F82A0093F80F
:104320002860120242EA004293F82B00324342EA2C
:104330000062CA6293F82D2093F82E0093F82C6047
:10434000120242EA004293F82F00324342EA00622E
:104350000A6393F8312093F8320093F83060120228
:1043600042EA004293F83300324342EA00624A6371
:1043700093F8352093F8360093F83460120242EA3D
:10438000004293F83700324342EA00628A6393F8AE
:10439000392093F83A0093F83860120242EA00425A
:1043A00093F83B00324342EA0062CA6393F83E004E
:1043B00093F83D2093F83C60120242EA004293F8E1
:1043C0003F00324342EA00620A6493F8412093F8C6
:1043D000420093F84060120242EA004293F8430020
:1043E000324342EA00624A6493F8452093F846005B
:1043F00093F84460120242EA004293F847003243C5
:1044000042EA00628A6493F8492093F84A0093F8DC
:104410004860120242EA004293F84B00324342EAFB
:104420000062CA6493F84D2093F84E0093F84C60F4
:10443000120242EA004293F84F00324342EA00621D
:104440000A6593F8512093F8520093F850601202D5
:1044500042EA004293F85300324342EA00624A655E
:1044600093F8552093F8560093F85460120242EAEC
:10447000004293F85700324342EA00628A6593F89B
:10448000590093F8582042EA0022A1F85C2093F8E2
:104490005B0093F85A2042EA0022A1F85E2093F8CC
:1044A0005D0093F85C2042EA0022A1F8602093F8B6
:1044B0005F0093F85E2042EA0022A1F8622093F8A0
:1044C000610093F8602042EA0022A1F8642093F88A
:1044D000630093F8622042EA0022A1F8662093F874
:1044E000652093F8660093F86460120242EA004285
:1044F00093F86700324342EA00628A6693F86920C3
:1045000093F86A7093F86B0093F86860130243EABB
:104510000743334343EA00634FF0FF32CB66C1E900
:104520001E22D1F8840018B10B781E0740F1DF85F8
:104530000B7858073EF59FA926786778FDF76CBB86
:104540004F78FDF769BBC36B002B00F0E8818A68E8
:1045500012781A718B68C16BDA78CA715A799879B6
:104560001E79120242EA0042D879324342EA0062DE
:104570008A605A7A987A1E7A120242EA0042D87AFF
:10458000324342EA0062CA605A7B987B1E7B120269
:1045900042EA0042D87B324342EA00620A615A7C16
:1045A000987C1E7C120242EA0042D87C324342EAE6
:1045B00000624A615A7D987D1E7D120242EA0042E5
:1045C000D87D324342EA00628A611B7E0B77A26883
:1045D000EB6B527E5A77A268EB6B927E9A77A26859
:1045E000EB6BD27EDA77A068EB6B427F817F067F30
:1045F000120242EA0142C17F324342EA01621A6278
:1046000090F8211090F8226090F8202090F8230074
:10461000090241EA064111431A6B41EA00614FF079
:10462000FF30C3E909101AB11978090740F17A81FE
:104630001B785F073EF51FA926786778FDF7ECBA6F
:1046400040F6CC0204312AF0C1FDAA6F137843F082
:1046500008031370FDF783BCD5F8AC201346FFF7B1
:1046600038B8836B002B00F042818A6812781A7187
:104670008B68816B5A7998791E79120242EA00425E
:10468000D879324342EA00628A605A7A987A1E7A6E
:10469000120242EA0042D87A324342EA0062CA6019
:1046A0005A7B987B1E7B120242EA0042D87B32433F
:1046B00042EA00620A615A7C987C1E7C120242EA3D
:1046C0000042D87C324342EA00624A611B7D0B768D
:1046D000A268AB6B527D5A76AB6BA268927D9A76DC
:1046E000A168AB6BCA7DDA764A7E8F7E0E7EC87E6D
:1046F000996A120242EA0742324342EA00624FF0EC
:10470000FF30C3E9072019B11A78160740F1F2808B
:104710001B7858073EF5AFA826786778FDF77CBA76
:104720004F78FDF779BA06460127FDF7B3BF00229F
:104730001A7026786778FDF76FBA4FF43962023144
:104740002AF044FD6A6F137843F008031370FFF7F3
:10475000A0BA191D24330F684E688868D1F80CC0C0
:10476000C2F80CC01031994217605660906002F197
:104770001002F0D14B68086889689160106053603E
:10478000D5F89C30197841F008011970FDF70BBE7F
:1047900053F8042F5E689868DF68CF600A604E6047
:1047A00088601A690A61AB6A1A7842F008021A70C6
:1047B000FFF777BB4F78FDF72FBA5C2204312AF060
:1047C00005FD6A6A137843F008031370FFF743B9D5
:1047D00004231E4603EB031300EBC30004318822BD
:1047E0002AF0F4FCD5F894100B880122C3F3C5001D
:1047F000B240024362F3C8030B80FEF73BBD0123C6
:104800001E46E7E703231E46E4E702231E46E1E7D0
:104810006A6D002A3DF400AAA16800234F1E1846C5
:1048200017F8016F9E400833202B40EA0600F7D1AD
:1048300050600B7913724B7953726B6DDA694FF0DC
:10484000FF31596112B119780F070AD51B785E073D
:104850003EF511A826786778FDF7DEB905231E46D8
:10486000B8E753F8046F58689968DB68D36016603E
:10487000506091606B6D1A7842F008021A70E5E79B
:1048800053F8042F5E689968DF68C760026046606D
:1048900081601A6902612B6B1A7842F008021A7063
:1048A000FFF77BBB111D24320F684E688868D1F872
:1048B0000CC0C3F80CC0103191421F605E6098605C
:1048C00003F11003F0D10A681A606A6B137843F0A1
:1048D0000803137045E403264FE402264DE407263F
:1048E0004BE4062649E4052647E4042645E44F78D0
:1048F000FDF792B953F8040F5A689E68DF68CF60DD
:1049000008604A608E605A6918699E698E61086104
:104910004A61AB6B1A7842F008021A70F8E64F78D9
:10492000FDF77AB9191D24330F684E688868D1F8ED
:104930000CC0C2F80CC010319942176056609060EC
:1049400002F11002F0D10B681360EB6B1A7842F0A1
:1049500008021A706CE66778FDF75EB94A88282A63
:1049600002D0402A7DF4CFA92B6D002B3DF454A931
:10497000A26812781A71A3682A6DD878997841EAEA
:104980000021D180997958791E79090441EA0021E2
:10499000D879314341EA00619160997A587A1E7A58
:1049A000090441EA0021D87A314341EA0061D1602B
:1049B000997B587B1E7B090441EA0021D87B314357
:1049C00041EA00611161997C5E7C187C090441EA2E
:1049D00006210143DE7C608841EA06612828516196
:1049E00000F09980587D197D9E7D41EA0021D87D97
:1049F00041EA064141EA00619161997E587E1E7E3E
:104A0000090441EA0021D87E314341EA0061D161C5
:104A100093F8203082F82430A2682B6D92F8212080
:104A200083F82520A2682B6D92F8222083F8262097
:104A3000A2682B6D92F8232083F82720A2682B6DA3
:104A400092F8261092F8250092F82460090441EAB1
:104A5000002192F82700314341EA0061996292F8FF
:104A6000290092F82A1092F82860090441EA0021EE
:104A700092F82B00314341EA0061D96292F82E107E
:104A800092F82D0092F82C60090441EA002192F876
:104A90002F00314341EA0061196392F8321092F815
:104AA000310092F83060090441EA002192F83300A5
:104AB000314341EA0061596392F8361092F83500AB
:104AC00092F83460090441EA002192F8370031433A
:104AD00041EA0061996392F83E1092F83D7092F8B5
:104AE0003C6092F83F000A0442EA0722324342EA5D
:104AF00000621A64DA6C4FF0FF3159641AB1197808
:104B0000090740F1AC821B785B073DF5B4AE26780F
:104B10006778FDF781B80020C2E906001B7D82F8A6
:104B20002430A2682B6D527D83F82520A2682B6D5E
:104B3000927D83F826202B6D83F82700A2682B6DC9
:104B4000917E567E177E090441EA0621D67E3943BE
:104B500041EA06619962917F567F177F090441EA15
:104B60000621D67F394341EA0661D96292F82210C4
:104B700092F8216092F82070090441EA062192F827
:104B800023605863394341EA06611963986392F8D8
:104B9000261092F8257092F8246092F82700A2E778
:104BA000826C002A00F08D808E680023771E1946E3
:104BB00017F8010F98400833202B41EA0001F7D184
:104BC000516033791372A268AB6C127A1A73A268BF
:104BD000AB6C527A5A73A268AB6C927A9A73A268E1
:104BE000AB6CD27ADA73A268A96C937B507B167B8C
:104BF0001B0443EA0023D07B334343EA00630B6189
:104C0000507C137C43EA00238B82D07C937C43EA64
:104C10000023CB82D37DCB764FF0FF33CB61267858
:104C20006778FCF7F9BF436C002B00F07C828A6840
:104C30000021571E084617F8016F8E4008312029C1
:104C400040EA0600F7D15860917950791679090445
:104C500041EA0021D079314341EA00619960917ABB
:104C6000507A167A090441EA0021D07A314341EAA8
:104C70000061D960917B507B167B090441EA0021D9
:104C8000D07B314341EA00611961517C977CD07C33
:104C9000167C0A0242EA07423243196A42EA00627B
:104CA0004FF0FF30C3E9052019B11A78160740F11B
:104CB0003D821B7858073DF5DEAD26786778FCF716
:104CC000ABBF4F78FCF7A8BF826D002A3CF4A4AFBD
:104CD0008E680023771E194617F8010F9840083395
:104CE000202B41EA0001F7D1516033791372A26899
:104CF000AB6D52795A72A96D082600274FF00C0C43
:104D00003BE06388083B934242DDA3689B5D0373ED
:104D1000A168AB6D3144134449785973A168AB6DF8
:104D20003144134489789973A168AB6D31441344BD
:104D3000C978D973A368A96D3344881893F805E03E
:104D40001A7942EA0E22028293F807E09A7942EA3F
:104D50000E2242825A7A93F80A9093F8088093F8C8
:104D60000BE0130243EA094343EA080343EA0E63F4
:104D7000FF2F06F10C0643610AD091F809E0BBB29F
:104D80000CFB07F29E4501EB020007F10107B8D8C2
:104D9000D1F8080C012381F8003C18B10B781B07EF
:104DA00040F19A810B785F073DF565AD267867780D
:104DB000FCF732BFC36C002B7DD08A6812781A7161
:104DC0008B68C16C9A7958791E79120442EA0022E4
:104DD000D879324342EA00628A609A7A587A1E7A17
:104DE000120442EA0022D87A324342EA0062CA60E0
:104DF0009A7B587B1E7B120442EA0022D87B324306
:104E000042EA00620A619A7C587C1E7C120442EAE3
:104E10000022D87C324342EA00624A619A7D587D82
:104E20001E7D120442EA0022D87D324342EA00622B
:104E30008A611B7E0B77EB6CA268527E5A77A26860
:104E4000EB6C927E9A77A268E96C937F507F167F15
:104E50001B0443EA0023D07F334343EA00630B6221
:104E600092F8223092F8210092F820601B0443EA65
:104E7000002392F82300334343EA00634B6292F825
:104E8000243081F82830A268EB6C92F8252083F852
:104E90002920EB6C5A6B4FF0FF31D9621AB11978A7
:104EA000090740F1FE801B785A073DF5E4AC2678EF
:104EB0006778FCF7B1BE4F78FCF7AEBEC16A002937
:104EC00048D0A3685A789878DE78120242EA004205
:104ED000187842EA066202434A605A7998791E7944
:104EE000120242EA0042D879324342EA00628A6002
:104EF0005A7A987A1E7A120242EA0042D87A3243EB
:104F000042EA0062CA60587B1A7B42EA00220A82A7
:104F10009A7B8A74EA6AD97BD174EA6A197C117522
:104F2000EA6A597C5175EA6A997C9175EA6AD97C7A
:104F3000136AD1754FF0FF3191611BB111780907E8
:104F400040F1E08013785F073DF595AC26786778EF
:104F5000FCF762BE6778FCF75FBEC26D002A3CF4C6
:104F60005BAE8E680023771E194617F8010F984034
:104F70000833202B41EA0001F7D1516033791372D5
:104F8000A268EB6D52795A72E96D082300204BE05C
:104F90006788083FB7EB001F10464FDDA168C95C6A
:104FA0008CF80C10A768E96D1F4431447F784F736B
:104FB000A768E96D1F443144BF788F73A768E96D16
:104FC0001F443144FF78CF73A168EF6D1944374413
:104FD00091F804C091F805E04CEA0E2CA7F810C037
:104FE0008979B974A768E96D1F443144FE79CE749C
:104FF000A668E96D1E4401EB0211367A0E71A668AF
:10500000E96D1E4401EB0211767A4E71A668E96DD6
:105010001E4401EB0212F77AB67A5C2846EA0726AC
:1050200003F11003D68009D04F7A86B2B7424FEA17
:10503000001600F1010201EB060CA9D8D1F8D40545
:10504000012381F8CC3510B10B781E071ED50B78E3
:1050500058073DF510AC26786778FCF7DDBD191DC3
:1050600044330F684E688868D1F80CC0C2F80CC091
:105070001031994217605660906002F11002F0D131
:105080002B6D1A7842F008021A703CE504314FF497
:10509000B9622AF09BF8E96D0B7843F008030B70B6
:1050A000D5E7191D24330F684E688868D1F80CC005
:1050B000C2F80CC01031994217605660906002F13E
:1050C0001002F0D10B68496851601360EB6C1A78DC
:1050D00042F008021A70E6E6043140F6FC322AF08B
:1050E00075F8A96D0B7843F008030B705AE604318C
:1050F00074222AF06BF8296C0B7843F008030B70CC
:10510000FFF716BA52F8041F56689068D768DF6038
:1051100019605E60986011691961EA6A137843F05A
:10512000080313700EE74F78FCF776BD53F8042F91
:105130005E689868DF68CF600A604E6088601A69B0
:105140000A616B6C1A7842F008021A70B1E53E46AB
:10515000FFF713B80126FFF725B80326FFF722B89B
:105160000226FFF71FB80726FFF71CB80626FFF731
:1051700019B80526FFF716B80426FFF713B80B2653
:10518000FEF7FBBF0A26FEF7F8BF0926FEF7F5BFBC
:105190000826FEF7F2BF0B26FFF704B80A26FFF732
:1051A00001B80926FEF7FEBF0826FEF7FBBF00BFC9
:1051B0002DE9F04190F8F1C182B005469DF82080BC
:1051C0000E4614461F46BCF1000F1BD1D0F8943197
:1051D000ADF806306188A288033191420BDB95F867
:1051E000FE3195F8FF213344DBB21A4485F8FE31D5
:1051F00085F8FF21A2886AB926700132A28002B028
:10520000BDE8F081BCF1030F00F0BA800223ADF8D5
:105210000630DFE7012A00F0AD80022A00F00881A5
:10522000032A00F002816388191D8A4200F0308150
:1052300005339A424FF0000340F006816673AB716C
:10524000A089B5F8FE11884200F024812178A3736B
:10525000B94200F0CD81052900F0D18195F88C315B
:105260001BB995F88D31002B42D0D5F88801002864
:105270003ED09A491DF0E8FFD5F88801B8B39849A7
:105280001DF0E2FFD5F88801217B80B30A221EF0D1
:10529000E1FAD5F8880150B392491DF0D5FFD5F851
:1052A0008801617B18B30A221EF0D4FAD5F8880170
:1052B000E8B18D491DF0C8FFD5F8880195F8FE11B9
:1052C000A8B10A221EF0C6FAD5F8880178B187493C
:1052D0001DF0BAFFD5F8880195F8FF1138B10A2200
:1052E0001EF0B8FAD5F8880108B11EF08DF8A28832
:1052F00095F8F131032B02D10023C5F8E831BDF850
:105300000630063393427FF478AF95F8F031002BE6
:105310007FF473AF95F88C310021A97123B995F80A
:105320008D31002B3FF469AFD5F8880100283FF498
:1053300064AF6F491DF088FFD5F88801C0B16D4991
:105340001DF082FFD5F8880195F8F11180B10A228D
:105350001EF080FAD5F8880150B167491DF074FF3E
:10536000D5F88801BDF8061010B10A221EF040FAE7
:10537000A28842E701326670A28002B0BDE8F081E7
:105380000DF1060352782178F9F7EAFED5F82032BC
:10539000002B56D094F800C094F801E01A4602E0C1
:1053A0005268002A3DD011786145F9D15178714594
:1053B000F6D19278002A34D0002842D1B5F81C32B8
:1053C000ADF80630002B7FF405AF95F88C31002B3B
:1053D00058D0D5F8880100283FF4FCAE47491DF0AD
:1053E00033FFD5F88801217800283FF4F3AE10226E
:1053F0001EF088F9D5F8880100283FF4EBAE40494B
:105400001DF022FFD5F88801617800283FF4E2AE54
:1054100010221EF0BDF9DDE65A7872450ED05B68A9
:105420007BB11A786245FAD1F6E7618841EA06262F
:1054300001326680A28002B0BDE8F081DB78002BEB
:10544000BAD1BDF80630BDE762782178E7882846F2
:10545000F9F786FE95F8F031A288002818BF0027DA
:10546000002B7FF4CAAED11EB94240F3BA80BDF81A
:105470000600111FCF1B874280F2CB80A368DE5548
:10548000A2883CE795F88D31002B3FF4A3AEA0E74E
:10549000267334E70123A37385F83E322178B9429D
:1054A00000F0C580238840F20512934200F0C880C6
:1054B000052B04D1A3681A78BA4200F0DB80627829
:1054C00000232846F9F74CFE40BBD5F82022002ADD
:1054D00044D020786678134617E000BF105B0700C1
:1054E000245B0700345B0700445B0700585B070040
:1054F000945B0700C85B0700E05B0700D459070016
:10550000105A07005B68002B61D019788142F9D1ED
:105510005978B142F6D19B78002B58D095F88C3150
:10552000002B46D0D5F8880170B379491DF08CFE68
:10553000D5F88801217888B110221EF0E3F8D5F85B
:10554000880158B173491DF07FFED5F88801617854
:10555000002800F0BA8010221EF01AF995F88C315C
:105560003BB3D5F8880178B16B491DF06DFED5F8D5
:105570008801618840B10A221EF06CF9D5F88801D3
:1055800010B166491DF060FE002221462846FBF757
:1055900057FCA37B012B65D095F8BE31012B59D068
:1055A000E37B012B00F0A08095F8BF31012B00F0C8
:1055B000928095F8F031002B7FF499AE2146284671
:1055C000FCF7F6FAA28893E65268002AC6D0137850
:1055D0008342F9D15378B342F6D1D378002B9DD1D1
:1055E000BCE7BDF8063006339A423FF493AE04E6BA
:1055F000637843457FF42FAE0023E3732EE6A36860
:105600001978B9427FF42AAE5B7843457FF426AE21
:10561000F2E795F88C11AB71002973D0D5F88801A9
:1056200000283FF4EAAD3E491DF00EFE84E66378A3
:1056300043457FF437AF0123E37395F88C318FE74F
:10564000A3681A78BA427FF43AAF5B7843457FF497
:1056500036AFF0E7D5F8880100284ED031491DF06B
:1056600083FE9DE7D5F88801002895D02E491DF0CE
:105670007BFE91E75B7843457FF421AF95F88C3151
:105680000322E273002B94D0D5F8880100283FF460
:1056900067AF26491DF0D8FDA368D5F888011978B1
:1056A00000283FF45BAF10221EF02CF8D5F88801DB
:1056B00000283FF453AF1E491DF0C6FDA368D5F87E
:1056C0008801597800287FF446AF95F88C31002B7B
:1056D0007FF45AAF6DE7D5F8880100283FF469AF31
:1056E00014491DF041FE64E7D5F8880100283FF415
:1056F00060AF11491DF038FE56E7E37B012B7FF4C4
:1057000053AF56E795F88D31002B87D175E500BF73
:105710005C5A0700105A0700905A0700A45A070065
:105720006C5B0700C45A0700B05A0700185A0700FC
:10573000485A0700F45A0700D85A07002DE9F041EB
:105740000446D0F8280200284ED0B4F82C32002BA2
:105750004AD0B4F830520F46B4F82E12A942164679
:1057600036BF5A184A1B521B92B29A1A92B29642EC
:105770000CD994F88C31002B44D0D4F8880118B19E
:1057800027491DF0F1FD0020BDE8F0815D1AADB2A2
:10579000B54228BF3546A6EB050808442A463946D7
:1057A0001FFA88F829F012FDB8F1000F2FD1B4F8D4
:1057B0002E8246441FFA86F8A4F82E82B4F83022CE
:1057C00090453ABFB4F82C329A1AA8EB0208B4F804
:1057D000323238BF90441FFA88F8434538BFA4F8E6
:1057E00032820120BDE8F08194F88C010028CBD0F2
:1057F000D4F888010028C7D00A491DF0B5FD002063
:10580000BDE8F08194F88D010028BDD0B5E7D4F84B
:1058100028027919424629F0D9FCA4F82E82CDE756
:10582000245C0700F85B07002DE9F0410546D0F83D
:10583000340298B1B5F838327BB1B5F83C420F4626
:10584000B5F83A12A142164636BF5A180A1B121B67
:1058500092B29A1A92B2964202D90020BDE8F08123
:105860005C1AA4B2B44228BF3446A6EB040808442C
:10587000224639461FFA88F829F0A8FCB8F1000F33
:1058800007D1B5F83A221644A5F83A620120BDE8DE
:10589000F081D5F834023919424629F097FCA5F871
:1058A0003A820120DAE700BF2DE9F04392F9004087
:1058B0001078E517EB0FDB18440648BF43F00103EF
:1058C000DB18870648BF43F00103DB18C60648BF54
:1058D00043F00103DB18050748BF43F00103DB1861
:1058E000440748BF43F00103DB18870748BF43F074
:1058F000010392F90140DB18C60748BF43F00103DA
:105900005078DB18002CB8BF43F00103DB184506C4
:1059100048BF43F00103DB18840648BF43F001038E
:10592000DB18C0061C4648BF43F001040C805078C9
:1059300092F90240C0F3C003DB18470748BF43F0A9
:105940000103DB18860748BF43F00103DB18C507D6
:1059500048BF43F001039078DB18002CB8BF43F038
:105960000103DB18440648BF43F00103DB18870638
:1059700048BF43F00103DB18C60648BF43F00103EC
:10598000DB18050748BF43F00103DB18440748BF95
:1059900043F00103DB18870748BF43F00103DB181E
:1059A000C6071C4648BF43F001044C8092F90340EF
:1059B000D078E517EB0FDB18450601D543F001035E
:1059C000DB18860648BF43F00103DB18C50648BF55
:1059D00043F00103DB18040748BF43F00103DB1861
:1059E00040071C4600F1A9800C71D378C3F3400333
:1059F0004B71D37803F001038B711379DB09CB7101
:105A00001379C3F380130B7292F804904FF0FF37B1
:105A1000002302F1040E4D462626BC4618462024DB
:105A2000254218BF43F00103013EFD194CEB0C0861
:105A3000B6B26410C4462F4612BFE4B20EF1010E96
:105A40008024002E6BD119F0200F64D1C1E90430FD
:105A5000537ADB090B76537AC3F380134B76557A6E
:105A60004FF0FF37002302F1090E05F0200926262A
:105A7000BC46184620242C4218BF43F00103013EC7
:105A8000FD194CEB0C08B6B26410C4462F4612BF89
:105A9000E4B20EF1010E8024002E49D1B9F1000FBD
:105AA00035D1C1E9083092F90E40E517947BEB0F30
:105AB000DB186406184648BF43F0010081F828004F
:105AC000947B4FF0FF3C002302F10E07262604F0E2
:105AD0002008E6461A462020204218BF43F0010362
:105AE000013E1CEB0C044EEB0E05B6B24010AE4668
:105AF000A44612BFC0B201378020AEB9B8F1000F82
:105B000001D023432A43C1E90C32BDE8F0832B4383
:105B100040EA0800C5E72B4340EA080096E7DB1897
:105B20009EF8005040417BE7DB183C785241D3E7B8
:105B3000DB189EF8005040419DE743F0010453E715
:105B40002DE9F04F87B016469DF8407053EA0702E2
:105B500004460D4607D0DFF80884DFF8089488F87B
:105B6000003089F80070D4F8840118B10368294620
:105B70001B689847A379012B2BD90022022BADF883
:105B8000162005D0032B00F0E18007B0BDE8F08FB0
:105B9000B4F8FC31002B00F09B80012B00F0D78182
:105BA000022B00F09182032B00F03783042B00F0CE
:105BB000BB82052B40F02884B4F8C22194F8F1315F
:105BC000DFF89C83DFF89C9342EA0522A4F8C22107
:105BD00088E0B52D00F06B81242D00F0A880D32D36
:105BE00000F0AD800022012BADF81620CDD194F944
:105BF0000832002B40F06981242D00F08A820023B6
:105C0000A3712A2D00F0268294F8083294F9092213
:105C100001335DB2AA4208BF002384F8085208BFCE
:105C2000A371002DB1D12046F9F7B2FE002840F053
:105C3000AC822046F9F78CFC002846D094F909C2C2
:105C4000BCF1010F41DDD4F8102292F800E00123ED
:105C50000020AEF104081D4607460BE02A2811D0AB
:105C60005068C05C01332A285DB218BF47406545C3
:105C70004EB205DAD9B298452E4601F10101EDDCAC
:105C80002A2822D1390901F13003DBB2392B88BF30
:105C900001F13703516807F00F0707F130008A5D03
:105CA00088BFDBB2392888BF07F137009A4200F07D
:105CB0005A8594F88C3113B994F88D312BB1D4F8FE
:105CC000880110B1A4491DF04FFB0023A3715CE7CC
:105CD000B52D01D00023A37194F8F131DFF8808253
:105CE000DFF88092012B00F0BE81002B00F02481B0
:105CF000022B00F0DD8198F8003099F80020009226
:105D0000294604F5F0722046FFF752FAD4E9600301
:105D1000834204D018B1036829461B689847B4F839
:105D2000FC310133A4F8FC3107B0BDE8F08F00234B
:105D3000012284F80832ADF81630A27157E700232B
:105D40000322A4F87031ADF81630A271D4F81822ED
:105D50001146002A73D0B4F87031002B40F0C68190
:105D60001572D4F818225360B4F870311146022B22
:105D700016D91088461D9E420FDB40F20446B342FE
:105D80000BD813441D72B4F87031D4F81822022BCA
:105D900098BF114604D910881146861C9E4266DBC6
:105DA000506880EA054007024FEA400605D586F0B4
:105DB000C37686F4994686F07B067000360205D5D8
:105DC00080F0C37080F4994080F07B0007024FEAB6
:105DD000400605D586F0C37686F4994686F07B06A4
:105DE0007000360205D580F0C37080F4994080F0D1
:105DF0007B0007024FEA400605D586F0C37686F49D
:105E0000994686F07B067000360205D580F0C37097
:105E100080F4994080F07B0007024FEA400605D5E8
:105E200086F0C37686F4994686F07B0670003602CB
:105E300000F1738120F07F40022B506016D804F5EA
:105E4000B87229462046FAF78BFDD4F87C31D4F895
:105E50008421A0719A423FF498AE002B3FF495AE96
:105E60001A6829461268184690478EE61088461D23
:105E70009E42E4D11618134496F80BC0377B1B7A68
:105E8000566847EA0C2743EA07239E4200F0A683A0
:105E900094F88C311BB994F88D31002BCFD0D4F805
:105EA00088010028CBD02D491DF05EFAC7E70023FA
:105EB00002214FF40072A4F8FC31A4F8C431ADF80B
:105EC0001630A171A4F8F02106E7012B00F01E8125
:105ED000DAB2052A48D92046F9F75AFD002840F0E1
:105EE0002C812046F9F734FB68B1D4F8102294F9DC
:105EF000091213788B4206DA5268D554D4F810226E
:105F00001378013313702046F9F74EFC00283FF454
:105F100078AE20462946F9F739FDD4F87801D4F84F
:105F2000843183423FF46DAE00283FF46AAE0368CB
:105F300029461B68984764E698F8003099F80020D5
:105F40000092294632462046FFF732F9DEE6622DFE
:105F50007FF4C0AEC0E600BFE05D0700305E070022
:105F6000E0390120E8390120E218052B82F80A52B5
:105F70007FF447AE94F83E32002B3DD194F80A22CC
:105F80002A2A37D194F80B22472A33D1D4F80C327D
:105F9000AE4A23F0FF03934200F0068394F80D22EB
:105FA000472A00F06084AA4A934200F0FD8202F181
:105FB000764202F58032934200F0F682A54A93427F
:105FC00000F0F28202F18872934200F0ED8202F159
:105FD000022202F57402934200F0E68202F170425E
:105FE00002F50022934200F0DF829B4A9B1AB3FA2B
:105FF00083F35B0984F83E322046F9F7C9FC002898
:1060000040F0E9812046F9F7A3FA002840F0D58155
:106010002046F9F7C9FBB8B104F20A2604F5047763
:10602000204616F8011BF9F7B1FCD4F87831D4F802
:1060300084219A42184605D023B11B6816F8011C2A
:106040001B689847B742EBD194F80832052B7FF6CE
:10605000D8AD40E794F90932FC22043384F80822D1
:106060007FF493AD31E698F8003099F80020009263
:10607000294604F5D8722046FFF79AF846E6072B22
:106080007FF42AAEB4F8C231002B40F0778384F855
:10609000CD5194F8F131022B1A467FF41FAE94F8DB
:1060A000C011052900F05485DFF8B881DFF8B891F8
:1060B00098F8003099F800200092294604F5E07223
:1060C0002046FFF775F821E684F8C051A4F8FE21B8
:1060D000A4F8C421F288DFF88C8184F8CE31DFF88F
:1060E000889194F8F131A4F8C621FBE5012B00F06A
:1060F0008980022B7FF43BAE9572D4F81822138866
:106100002B431380B4F87031114630E6472D7FF4ED
:1061100076AD234483F80A5273E580F0C37080F4AF
:10612000994080F07B0085E694F8F131DFF8348106
:10613000DFF83491A4F8C251D4E52046F9F7F0FD18
:1061400006462046F9F7B2FE07462046FAF7ACFAB3
:1061500033788342BFF4C5AEFD5433780133DBB2EC
:10616000834233707FF4BDAE94F88C3123B994F838
:106170008D31002B3FF4B5AED4F8880100283FF4F0
:10618000B0AE36491DF0F0F8ABE62046F9F7C8FD91
:1061900007462046F9F78AFE06462046FAF784FAB3
:1061A00000F1FF3EBEF1010F80461ADD97F800C0F6
:1061B00001222B462846ACF1040C11460AE02A2B9A
:1061C00000F08D81B35CEAB22A2B18BF58407245AB
:1061D000114603DA8C4502F10105F0DC2A2B00F0B0
:1061E0007E8194F88C3123B994F88D31002B3FF4E3
:1061F00020ADD4F8880100283FF41BAD18491DF0EC
:10620000B3F816E55572D4F818222B0203F4407344
:106210001380B4F870311146A9E594F8C01184F8E0
:10622000C15105293FF458AD2A460DF11603204609
:10623000F8F796FFD4F8202294F8C0C194F8C1E191
:106240000746002A00F04081134613E00044544DF5
:1062500000524C4D00544853005A4441685D0700B9
:10626000BC5D0700E0390120E83901205B68002BA4
:1062700000F0878019786145F8D159787145F5D1DA
:1062800093F802A0BAF1000F7BD0DFF84483DFF867
:10629000449398F800309C457CD0002F00F0168184
:1062A000BDF81620002A40F0008194F88C31002BB4
:1062B00040F0DD8094F88D11002940F0D880D4F8AA
:1062C0009C01002800F09E840322B4F8C01184F8D9
:1062D000F121D4F8C421C4F8E801A4F8E011C4F80D
:1062E000E421002B3FF407ADD4F8880100283FF4E7
:1062F00002ADAE491CF0A8FFD4F8880194F8C01193
:10630000002800F0728410221DF0FCF9D4F88801F6
:10631000002800F06A84A6491CF096FFD4F8880192
:1063200094F8C111002800F0608410221DF0EAF9F1
:10633000D4F88801002800F058849E491CF084FF9E
:10634000D4F88801002800F0508439460A221DF054
:1063500081FAD4F88801002800F0478496491CF09F
:1063600073FFD4F88801002800F03F8451460A22C8
:106370001DF03EFA94F8F131B4E45268002A00F0BE
:10638000A38013786345F8D153787345F5D192F81B
:1063900003A07AE799F800309E457FF47EAF002392
:1063A00084F8F13186F800C094F8C1317370B4F804
:1063B000C431B38094F8F13194E4D4F81032D4F8B5
:1063C0000A225B681A60B4F80E229A80D4F8103260
:1063D00006221A701CE62046F9F7A2FC0746204662
:1063E000F9F764FD06462046FAF75EF906230246F1
:1063F0003B703046002128F011FFD4F80A32336098
:10640000B4F80E32B380FDE5062B7FF438AEB4F855
:10641000C231002B40F0958194F88C3113B994F877
:106420008D31DBB1D4F88801C0B164491CF00CFF98
:10643000D4F8880194F8C01180B110221DF062F9DF
:10644000D4F8880150B15A491CF0FEFED4F88801F6
:1064500094F8C11110B110221DF09AF994F8F1319D
:10646000DFF86C81DFF86C9184F8CC513AE4D4F811
:106470008801D0B152491CF0E7FED4F8880194F8A5
:10648000C01180B110221DF03DF9D4F8880150B13F
:1064900047491CF0D9FED4F8880194F8C11110B115
:1064A00010221DF075F9BDF81620D4F89C01DFF814
:1064B00028B1002800F07381DBF800309A4200F226
:1064C000658194F88C31FFE69246DEE6BAF1000F62
:1064D00000F04281B4F81C22ADF81620E5E703096C
:1064E00003F13005EDB2392D88BF373300F00F00CE
:1064F00088BFDDB200F13009B35CB9F1390F88BF54
:1065000000F13709AB4206EB020A00F0528194F821
:106510008C3123B994F88D31002B3FF48AABD4F839
:10652000880100283FF485AB26491CF08DFED4F885
:10653000880100283FF47DAB036829461B68984713
:10654000D4F8880100283FF474AB036849461B68FF
:106550009847D4F8880100283FF46BAB1A491CF027
:1065600073FED4F888019AF8001000283FF461AB5C
:1065700003681B689847D4F888019AF8011000282E
:106580003FF457AB03681B689847D4F8880100288C
:106590003FF44FAB1CF038FFFFF74BBB0B4820FA22
:1065A00002F2D20740F18381012323E5A45C0700B6
:1065B000105A0700D85C0700EC5C0700005D07007C
:1065C000685C0700885D0700B45D070003A8010050
:1065D000E0390120E8390120E4390120137B577BA1
:1065E00092F80BE094F88CC11E0206F470661B1141
:1065F000374343EA0E16BCF1000F1FD0D4F88801D0
:10660000002800F00882D9491CF01EFED4F8880149
:10661000002800F0EE820A2231461DF01BF940F6F8
:10662000E8739E42D4F8880179D0002800F0ED820A
:10663000CF491CF099FED4F81812088840F2E933CB
:106640009E4200F0D08140F2EA339E4240F0008149
:1066500094F8143213F0050F08D0821D083192B25D
:106660002046FFF76BF8D4F818120888B4F83A32CD
:10667000B4F83CC2B4F83822634538BF9B18A3EB8A
:106680000C039BB2D31A471D9BB29F42C0F2B1814B
:1066900040F2ED339E427FF4D2ABD4F81822138837
:1066A000132B7FF4CCABD4F8E01000293FF4C7AB38
:1066B0000B3208312046FFF7F7F8D4F8E0100A78DB
:1066C0004B6C22F0030242F001020A70002B3FF4EF
:1066D000B6AB0A6C002A3FF4B2AB0A7852073FF51A
:1066E000AEAB01F108023831176856689068D2F8ED
:1066F0000CC0C3F80CC010328A421F605E60986004
:1067000003F11003F0D1116852685A601960D4F88F
:10671000E020137843F004031370FFF790BB0028C8
:1067200000F06B8293491CF08FFDD4F8880100289B
:1067300000F063820A2239461DF08CF8D4F88801F3
:1067400073E7D4F8C831DFF838821D7094F8F1315E
:10675000DFF83092FFF7C6BA012384F8F03194F8DD
:10676000F131FFF7BFBA8B195B7883427FF4A1AA9E
:1067700072462046FEF7E2FFFFF7A7BA012B16BFCD
:10678000D4F8C83184F8CC515D7082E420F0D0F8A0
:106790000023BDF81620C4F89C31CBF80030104619
:1067A00020F0C2F8BDF81630C4F89C01CBF80030D8
:1067B00087E69AF801304B457FF4A9AE2046F9F7F9
:1067C0003BFC05462046F9F7FDFC42468146002188
:1067D00028F024FD3A784846314628F0F7FC3B780B
:1067E0002B702046F9F7FEFF8146204699F80030CD
:1067F000C3F38005AD0045F0010505F0070523F062
:1068000007031D4389F80050F9F786F900283FF483
:1068100010AA15F004017FF40CAA20460391F9F7A1
:1068200097FD82462046F9F763FE4246039980466B
:1068300028F0F4FC3A784046314628F0C7FC45F091
:1068400004053B788AF8003089F80050FFF7F1B969
:1068500040F2EB339E4232D194F8143213F0090F18
:106860007FF4FBAE02E7B4F80E12A1F5A242413A62
:1068700092B2102A7FF692AE21F0100245F2423019
:1068800082423FF491AE44F2471291423FF48CAE03
:1068900044F64C4291423FF487AE45F24E3291426B
:1068A0003FF482AE44F2531291423FF47DAE21F4A4
:1068B000007145F2534291427FF475AB74E6B6F530
:1068C0007B7F00F03E8140F2ED339E4200F032814A
:1068D00040F2EE339E4200F0268140F2EF339E42BA
:1068E00000F01A8140F2F1339E4200F00D8140F237
:1068F000F2339E4200F0008140F2F3339E4200F0FA
:10690000F380B6F57D7F00F0E78040F209439E42B8
:1069100000F0DA8040F232439E4200F0CD8040F237
:1069200033439E4200F0C08040F235439E4200F067
:10693000B08040F23C439E4200F0A48040F23D43D0
:106940009E4207D1D4F814220B4B1340002B7FF446
:1069500084AE8BE640F23F439E4215D1D4F8142218
:10696000064B1340002B7FF478AE7FE6085E0700ED
:10697000B46507002C5E070001000200010004005E
:10698000E0390120E839012040F246439E4271D0AF
:1069900040F247439E4265D040F249439E4259D05F
:1069A00040F264439E4207D1D4F81422A94B13400D
:1069B000002B7FF452AE59E640F265439E4207D168
:1069C000D4F81422A44B1340002B7FF446AE4DE6BE
:1069D00040F267439E4213D1A04AD4F814321A42BF
:1069E0007FF43BAE42E694F814329F077FF435AE55
:1069F0003CE6821D92B208312046FEF715FF47E6BD
:106A000040F2CE439E420ED1954AD4F814321A4237
:106A10007FF423AE2AE640F6E8739E4200F0EF8052
:106A2000108811460AE640F6E8739E427FF41EAED7
:106A300037B98C4AD4F814321A427FF40EAE15E6F8
:106A4000012F7FF413AE884AD4F814321A423FF46F
:106A50000DAE02E6D4F81422844B1340002B7FF4D1
:106A6000FCAD03E6D4F81422814B1340002B7FF4D5
:106A7000F4ADFBE5D4F814227E4B1340002B7FF4D9
:106A8000ECADF3E5D4F8143213F0011F7FF4E5AD5B
:106A9000ECE5B4F8143223F4FF4323F07E039BB2F9
:106AA000002B7FF4DAADE1E5B4F8143244F20102D0
:106AB0001A427FF4D2ADD9E5B4F8143242F20102A1
:106AC0001A427FF4CAADD1E5B4F8143241F20102A2
:106AD0001A427FF4C2ADC9E5B4F8143240F601029F
:106AE0001A427FF4BAADC1E5B4F8143240F2014263
:106AF0001A427FF4B2ADB9E5B4F8143240F2012283
:106B00001A427FF4AAADB1E5B4F8143240F2011292
:106B10001A427FF4A2ADA9E594F8143213F0810F64
:106B20007FF49BADA2E594F8143213F0410F7FF48B
:106B300094AD9BE594F8143213F0210F7FF48DADE2
:106B400094E594F8143213F0110F7FF486AD8DE5BF
:106B5000D4F8C801DFF82C8190F800C098F80070D4
:106B6000BC457FF4A3AADFF8209190F801C099F802
:106B70000070BC457FF49CAAB4F8C271022F4CD0BF
:106B800094F88C3123B994F88D31002B3FF490AAFE
:106B9000D4F8880100283DD037491CF055FBD4F8C3
:106BA000C831D4F88801197890B310221CF0AAFDDE
:106BB000D4F8880160B331491CF046FBD4F8C831E1
:106BC000D4F88801597818B310221CF09BFDD4F832
:106BD0008801E8B12A491CF037FBD4F88801B4F8E1
:106BE000C21110B10A221CF003FE94F8F131FFF734
:106BF00079B840F6E8739E4207D1D4F8182210887D
:106C0000114615E7DFF884B0C9E5D4F8182207E784
:106C100094F8F1211346FFF765B8A4F8B23194F85F
:106C2000C121B4F8C431A4F8B431012784F8F1715A
:106C300084F8B01184F8B121D4F8B83102781A7010
:106C4000D4F8C821D4F8B83152785A7094F8F13198
:106C5000FFF748B80100400001008000010000017A
:106C600001000002010000040100000801002000F2
:106C70000100100001000800305D0700105A0700F5
:106C8000605D0700E0390120E8390120E439012086
:106C90002DE9F04F2DED028B85B0804602AF8A467C
:106CA00016469B461DF0F0FAD8F8F81198F8F22134
:106CB000401A904259D3D8F874010268526890473C
:106CC0007860002858D010F4004F98F88C217AD1C1
:106CD000AAB1D8F8880178B13E491CF0B5FAD8F8C5
:106CE000880148B179680A221CF0B4FDD8F88801FF
:106CF00010B139491CF038FB7B68002B35D05B465E
:106D0000B3461E4698F80750D8F874016B46EA1D42
:106D100008EE103A7B68046802F4FC729D42ADEB09
:106D2000020D28BF1D460DF10809EAB2246A494642
:106D3000A047ADB2A8422AD175B1691E19FA81F9EE
:106D40000DF1070414F8011F00965B4652464046B9
:106D5000FEF7F6FE4C45F5D17B6818EE102A5B1B5A
:106D60009BB27B609546002BCCD101200C37BD46F1
:106D7000BDEC028BBDE8F08F1DF086FAC8F8F80173
:106D800078680C37BD46BDEC028BBDE8F08F98F8F3
:106D9000503213B1002388F8063098F88C3113B9BB
:106DA00098F88D312BB1D8F8880110B10B491CF03F
:106DB000DBFA18EE103A00209D460C37BD46BDECBC
:106DC000028BBDE8F08FC0F30E037B60002A93D0E6
:106DD0007FE700BF505E0700605E0700745E07003B
:106DE0002DE9F0410446D0F8A00184B00E461746C4
:106DF000984600285DD0D4F8A451002D33D1D4F8A2
:106E0000740103681B699847FF21D4F874018DF859
:106E10000F1003680DF10F029B6998479DF80F1042
:106E2000FF290ED135E0CDF80080FEF789FED4F8B9
:106E300074010568FF21AD690DF10F02A8479DF8A7
:106E40000F10FF293B4632462046ECD1A579002D94
:106E5000E9D1D4F874010368DB6998470125284615
:106E600004B0BDE8F081002501E0D4F8A001415D47
:106E7000CDF800803B4632462046FEF761FED4F84E
:106E8000A4310135AB42F0D80023C4F8A431012568
:106E9000B5E7A379002BD4D1D4F874010368DB697A
:106EA000984794F8F5011DF0FBF9284604B0BDE8B9
:106EB000F0810546A3E700BF2DE9F04F0D4687B0EE
:106EC0000221A97380F8BE1180F8CE1180F8EE116E
:106ED000E97380F8BF1180F8CF1180F8EF11BDF889
:106EE0004080DFF83892044617469A461DF0CCF9E8
:106EF00040F2011B06460EE0012B00F08680022BBB
:106F000000F0D18023687E4A9B68934240F0D38092
:106F100001201DF0C5F91DF0B7F9801B404580F038
:106F2000CD8023685B684B4563D12379002BE3D187
:106F300053463A4629462046FFF7AAFE03462268F2
:106F40006F4992688A422BD1002BE1D0EA895A45D9
:106F50002BD0EB7B012B51D040F201218A42D7D0BC
:106F6000002BD5D194F88C31B3B1D4F8880110B18D
:106F700064491CF069F91DF087F9D4F888315BB1D8
:106F8000811B89B218460A221CF064FCD4F88801DF
:106F900010B15D491CF0E8F9022007B0BDE8F08FA0
:106FA000039320469047039BCEE72B78BB425BD0F0
:106FB000EB7B012BD4D194F88C31B3B1D4F8880198
:106FC00010B152491CF040F91DF05EF9D4F8883137
:106FD0005BB1811B89B218460A221CF03BFCD4F835
:106FE000880110B148491CF0BFF90E2007B0BDE878
:106FF000F08F2046984700288AD096E72B78BB422E
:10700000D9D16B78534583D0D5E7D4F874010368A0
:107010005B68984700283FF475AF5346B2461E465A
:107020000CE0D4F8740103681B6A98479DF81710A8
:1070300000963B462A462046FEF782FDD4F87401AE
:1070400003685B6898470DF1170101220028E8D119
:10705000334656469A462368294A9B6893423FF432
:1070600075AF2046984771E76B785345A0D194F8E7
:107070008C31B3B1D4F8880110B125491CF0E4F883
:107080001DF002F90146D4F8880150B1891B89B27C
:107090000A221CF0DFFBD4F8880110B11A491CF059
:1070A00063F90B200EE053463A4629462046FFF787
:1070B00097FE034643E72046984729E794F88C312A
:1070C0001BB9032007B0BDE8F08FD4F8880110B1D8
:1070D00010491CF0B9F81DF0D7F8D4F88831002B0E
:1070E000EFD0811B89B218460A221CF0B3FBD4F8FA
:1070F00088010028E5D008491CF036F9E1E700BF17
:1071000011730200245F0700E85E0700F05E0700CD
:10711000AC5E0700605F0700885F07000D73020028
:107120002DE9F04F0D4687B00221A97380F8BE11FA
:1071300080F8CE1180F8EE11E97380F8BF1180F865
:10714000CF1180F8EF11BDF84070DFF85483DFF8FD
:1071500054B3044691469A461DF096F806460DE053
:10716000012B00F09F80022B00F0EF8023689B68CA
:107170005B4540F0A28001201DF092F81DF084F8DC
:10718000801BB84280F00E8123685B68434540F065
:1071900083802379002BE3D153464A462946204673
:1071A000FFF776FD0346226892685A452ED1002BE0
:1071B000E1D0EB7B012B2ED0022B94F8BF214AD1DA
:1071C000012A00F07181032A00F00D811343D2D10E
:1071D00094F88C31B3B1D4F8880110B1A5491CF0F2
:1071E00033F81DF051F8D4F888315BB1811B89B2B6
:1071F00018460A221CF02EFBD4F8880110B19E49D3
:107200001CF0B2F8012007B0BDE8F08F03932046D0
:107210009047039BCBE794F8BF31012B70D0032B31
:1072200000F0E180002BA6D1AB7B012BA3D12B7802
:107230004B45A0D16B7853459DD194F88C31002BF0
:1072400000F01681D4F88801002800F096808B4960
:107250001BF0FAFF91E0012AB5D1EB89002B8AD10E
:1072600094F88C31B3B1D4F8880110B184491BF083
:10727000EBFF1DF009F8D4F888315BB1811B89B2AE
:1072800018460A221CF0E6FAD4F8880110B17A49AF
:107290001CF06AF80220A3E02046984700283FF43B
:1072A0006AAF76E7D4F8740103685B689847A8B9B9
:1072B00023689B685B453FF45EAF204698475AE7DA
:1072C000D4F8740103681B6A98479DF81710CDF82D
:1072D00000A04B462A462046FEF732FCD4F8740143
:1072E00003685B6898470DF1170101220028E7D178
:1072F00023689B685B453FF45CAF2046984758E79E
:10730000AB7B012B2B7828D04B4502D16B785345B2
:10731000A3D094F88C31B3B1D4F8880110B1594995
:107320001BF092FF1CF0B0FF0146D4F8880150B169
:10733000891B89B20A221CF08DFAD4F8880110B199
:107340004D491CF011F80E204AE053464A462946A2
:107350002046FFF745FD034625E74B45D9D16A781E
:107360005245D1D194F88C31002B00F08180D4F8B3
:10737000880110B144491BF067FF1CF085FF0146EE
:10738000D4F88801002873D0891B89B20A221CF026
:1073900061FAD4F8880100286AD037491BF0E4FF6D
:1073A0000B201DE0EB7B012B3BD094F88C31B3B16B
:1073B000D4F8880110B135491BF046FF1CF064FF7A
:1073C000D4F888315BB1811B89B218460A221CF0BF
:1073D00041FAD4F8880110B12D491BF0C5FF0320F4
:1073E00007B0BDE8F08F94F88C31B3B1D4F88801C0
:1073F00010B128491BF028FF1CF046FFD4F8883153
:107400005BB1811B89B218460A221CF023FAD4F81A
:10741000880110B118491BF0A7FF042007B0BDE890
:10742000F08F94F8BF31022BBFD1AB7B012BBCD1C5
:107430002B784B45B9D16B785345B6D194F88C3144
:10744000B3B1D4F8880110B113491BF0FDFE1CF054
:107450001BFF0146D4F8880150B1891B89B20A226A
:107460001CF0F8F9D4F8880110B10C491BF07CFF2E
:107470000B20B5E7F0600700E85E0700B06007008A
:107480004C60070018600700A45F070070610700E8
:1074900094610700746007003461070068610700A9
:1074A0000D7302001173020094F88C31B3B1D4F85B
:1074B000880110B10A491BF0C7FE1CF0E5FED4F8A4
:1074C00088315BB1811B89B218460A221CF0C2F9CF
:1074D000D4F8880110B103491BF046FF0A207FE76A
:1074E000E45F0700E85E07002DE9F0410D460E78E5
:1074F0004978B5F802C03144C9B201EB0C04E4B2DA
:107500000E4404EB1C21C9B234440C44E4B282B0F2
:107510000646174698466C732973BCF1000F0FD0CE
:10752000AB680CF1FF3C13FA8CFC013B13F8012F04
:107530001144C9B20C44E4B263456C732973F5D1AC
:1075400096F88C3153B1D6F8880110B149491BF037
:107550007BFE012229463046F9F772FC3379002B75
:1075600057D0012B7CD0022B70D03368424A9B68E5
:10757000934266D1D7B12A7896F88C31062A35D055
:10758000B8F1000F32D133B1D6F8880118B13B49B8
:107590001BF0EAFE2A7800976B7830462946FFF701
:1075A0008BFC0446204602B0BDE8F081D6F8A0313D
:1075B000BBB1D6F8A4213C46002AF3D006F5E87505
:1075C00001E0D6F8A031D95D009400232A46304668
:1075D000FEF7B6FAD6F8A4310137BB42F1D8C6F8A7
:1075E000A4410024204602B0BDE8F08133B1D6F8B2
:1075F000880118B122491BF0B7FE2A7800976B78F2
:1076000030462946FFF78CFD0446204602B0BDE80F
:10761000F08129463046F9F7C9F904460028A4D07C
:1076200096F88C312BB1D6F8880110B115491BF0B2
:107630009BFE3368104A9B689342B3D0304698470C
:10764000B0E730469847002FB0D094E7294630463F
:10765000F9F70EFB3368084A9B6893428AD0F0E73B
:1076600029463046F9F790FA3368034A9B689342FB
:1076700080D0E6E79C61070011730200E861070013
:10768000C0610700A8610700F8B5D0F89861204DE7
:10769000C0F8D0510025A0F8D6513560756035721C
:1076A000D0F898611B4F3570D0F89861BDF818502C
:1076B0007370D0F8983121F0706121F47041197124
:1076C000D0F898310E0A5E71D0F898310E0C9E7188
:1076D000D0F89831090ED971D0F8983112781A7211
:1076E00003685B68BB42044600F5E8760BD12A4686
:1076F000314620460023FFF7F7FEA0F10A00B0FA5A
:1077000080F04009F8BD98470028F0D1F8BD00BFCF
:10771000068A09000D730200F8B50446D0F84C0241
:107720000D461646002864D0D4F89431B4F8D2211E
:10773000181A824235D2053B934261D994F83F3200
:10774000402B78D0D4F8983125F0706121F4704145
:107750009954B4F8D221D4F8983113440A0A5A70D3
:10776000B4F8D221D4F8983113440A0C9A70B4F8C2
:10777000D221D4F898311344090ED970B4F8D2113B
:10778000D4F8983132780B4401201A7194F83F32C2
:10779000B4F8D2210344053284F83F32A4F8D22150
:1077A000F8BD94F88C31002B40D0D4F8880110B18A
:1077B00029491BF0D9FD2368284A5B68934204F5E8
:1077C000E87728D13946002340F24C422046FFF7A3
:1077D0008BFE0A2823D1D4E9652004230021043A32
:1077E0001844A4F8D231A4F8D61184F83F1227F037
:1077F00015FDD4F89431B4F8D221053B93429DD8BD
:1078000094F88C316BB1D4F8880140B114491BF065
:10781000ABFD0020F8BD204698470028D2D10020BB
:10782000F8BD94F88D31002BF9D0ECE794F88D3148
:10783000002BC0D0B9E794F88C311BB994F88D3186
:10784000002BECD0D4F888010028E8D005491BF0C3
:107850008BFD0020F8BD00BF146207000D7302000D
:107860002C6207005C6207002DE9F04103682F4F8E
:107870005E68BE4284B004460D46904623D123790B
:1078800004F5E8766BB1012B25D0022B45D00026FC
:107890002368274A9B6893420FD1304604B0BDE865
:1078A000F08143462A4631462046FFF7F1F9236826
:1078B0001F4A9B6893420646EFD0204698473046C1
:1078C00004B0BDE8F081B04706460028D7D1304665
:1078D00004B0BDE8F081D4F8740103685B68984790
:1078E0000028D4D00DE0D4F8740103681B6A9847CF
:1078F0009DF80F10CDF800802B4632462046FEF74B
:107900001FF9D4F8740103685B6898470DF10F0103
:1079100001220028E7D10126BAE7314643462A462C
:107920002046FFF75DFA0646B2E700BF0D7302007E
:10793000117302002DE9F043044600262C48C4F8D8
:10794000D00185B00D4617463146D4E96520A4F82C
:10795000D66184F83F62984627F060FCD4F89831ED
:1079600024491E70D4F8983103AA5F70204605F0B0
:1079700001038DF80C30FFF7CFFEC5F34003064638
:107980001D498DF80C30204603AAFFF7C5FE94F878
:107990003F323040C6B283B91849CDF80080C5F3F4
:1079A00040153B4603AA20468DF80C50FFF76CFEAD
:1079B0003043C0B205B0BDE8F0832368104A5B686D
:1079C000934204F5E8790DD149460023424620460A
:1079D000FFF78AFD0A2801D00026DDE7002384F89E
:1079E0003F32D9E7204698470028F5D0ECE700BFA2
:1079F000068A04000110741102107411041074112D
:107A00000D73020090F88C3170B504460D46164691
:107A100093B1D0F8880178B12C491BF015FCD4F84B
:107A2000880148B10A22A9B21BF014FFD4F88801DA
:107A300010B127491BF008FDD4F89821254BC4F854
:107A4000D0310023A4F8D6311570D4F89821290A32
:107A50005170D4F89821290C9170D4F898212D0EEA
:107A6000D570D4F8982102211171D4F8982153715E
:107A7000D4F898219371D4F89821D3712368164AC9
:107A80005B6804F5E8755EB1934213D1324629462E
:107A900020460023FFF728FD043818BF012070BDE1
:107AA00093420DD10023294620461A46FFF71CFDBC
:107AB000002070BD204698470028E7D1012070BD06
:107AC000204698470028EDD170BD00BF80620700B6
:107AD00094620700024108000D730200F8B5D0F867
:107AE00098611D4DC0F8D0510025A0F8D6513560E1
:107AF00075603572D0F89871184E3D70D0F8987155
:107B00007A70D0F8982121271771D0F898215571F3
:107B1000D0F8982111259571D0F898212025D5719C
:107B2000D0F89821117202685268B24204461D468C
:107B300000F5E8770BD12A46394620460023FFF7A7
:107B4000D3FCA0F10A00B0FA80F04009F8BD9047DC
:107B50000028F0D1F8BD00BF068A09000D730200AD
:107B60002DE9F0412F4E944688469E4604460FCE9E
:107B700088B001AD0FC596E807006646062E85E879
:107B80000700BDF83870C446734641D808AA02EB16
:107B9000860656F81C2C22F0706222F47042D4F84B
:107BA00098112148C4F8D0010020A4F8D60108603B
:107BB00048600872D4F898111C4D0870D4F89811D8
:107BC0004B70D4F898311A71D4F89831110A597160
:107BD000D4F89831110C9971D4F89831120EDA71E9
:107BE000D4F8983183F808C023685B68AB4204F589
:107BF000E8760FD13A46314620460023FFF774FC61
:107C0000A0F10A00B0FA80F0400908B0BDE8F081A8
:107C10000022C4E7204698470028EBD108B0BDE811
:107C2000F08100BF00650700068A09000D7302009D
:107C300070B50446D0F898513D48C4F8D001012AE7
:107C40004FF00000A4F8D6011E462860686005D0F9
:107C5000022A53D0042A14BF07200220D4F89831F6
:107C600000221A70D4F898315870D4F8983121F065
:107C7000706525F470451D71D4F898312A0A5A713F
:107C8000D4F898312A0C9A71D4F898312A0EDA7106
:107C900094F88C318BB1D4F8880170B125491BF070
:107CA000D3FAD4F8880140B1294610221BF02AFDEE
:107CB000D4F8880108B11BF0A7FB23681E4A5B6853
:107CC000934204F5E8751BD129460023324620462D
:107CD000FFF70AFC94F88C3105466BB1D4F88801A3
:107CE00050B116491BF0B0FA0E2D17D9D4F88801FF
:107CF000134908B11BF0A8FB284670BD0120ADE771
:107D0000204698470028DFD194F88C3163B1D4F82D
:107D1000880148B109491BF097FA0125094BD4F8AD
:107D2000880153F82510E4E70125284670BD00BFFF
:107D3000068B0800A86207000D730200B8620700F6
:107D4000C05607001C650700027970B504460D4651
:107D50009AB1012A03D0022A30D0002070BD637985
:107D6000002B37D024492B462046FFF761FFA0F1B6
:107D70000B00B0FA80F0400970BD03681F4A5B68D1
:107D8000934232D1D4F8740103681B689847236882
:107D90001B4A9B68934206462BD1002EDDD02279E8
:107DA000002AD6D117492B4620460122FFF740FF73
:107DB000A0F10B00B0FA80F0400970BD12492B46CB
:107DC00020460122FFF734FFA0F10B00B0FA80F04B
:107DD000400970BD0D492B462046FFF729FFA0F151
:107DE0000B00B0FA80F0400970BD98470028B4D06D
:107DF000C8E720469847D0E7011075110D730200BF
:107E00001173020001107111011079110110731129
:107E1000F8B50368594D1B68AB4204460F46164639
:107E200040F09B80D4F89431002284F83E22002B4D
:107E300000F08D802046F9F7AFFCB4F8380220B18D
:107E4000D4F83452002D00F08A802379022B29D1F6
:107E5000D4F8A001002800F08980D4F8A85175B1A9
:107E6000FF220270D4F8A851012D08D90123D4F8BB
:107E7000A051EA54D4F8A85101339D42F7D894F8A0
:107E80008C31002B40D194F88D31002B3CD1D4F8AB
:107E900094310833AB4205D9D4F8880110B1384980
:107EA0001BF062FA39462046FFF74EFF48BB94F8B4
:107EB0008C31002B43D194F88D31002B3FD13946C2
:107EC0002046FFF741FFE0B994F88C317BBB94F872
:107ED0008D3163BB39462046FFF736FF88B98EB136
:107EE00094F83E6276B194F88C3133B1D4F88801BD
:107EF00038B124491BF038FA04E094F88D31002B96
:107F0000F4D101263046F8BDD4F888010028C9D044
:107F10001D491BF099F9D4F88801D4F8A81100285C
:107F2000C0D00A221BF064FCD4F8A851AFE7D4F803
:107F300088010028CED015491BF016FACAE7D4F8FC
:107F400088010028BBD012491BF00EFAB7E74FF4A6
:107F500096712046F7F79AF86CE7984762E71EF0AB
:107F6000E3FCC4F83A52C4F834026EE7D4F8A8012E
:107F70001EF0DAFCC4F8A0016FE700BF097302002D
:107F8000F862070074630700D862070050630700B7
:107F90002C630700F0B5D0F89861274DC0F8D05198
:107FA0000025A0F8D65135607560B560D0F89861AD
:107FB000224F3570D0F898617370D0F8983121F065
:107FC000706121F470411971D0F898310E0A5E7118
:107FD000D0F898310E0C9E71D0F89831090ED971F5
:107FE000D0F898311A72D0F89831110A5972D0F835
:107FF0009831110C83B09972D0F898310192120E19
:10800000DA720368BDF820505B68BB42044600F595
:10801000E8760CD12A46314620460023FFF764FA61
:10802000A0F10A00B0FA80F0400903B0F0BD984713
:108030000028EFD103B0F0BD068A0C000D730200DA
:1080400010B4012ABDF804400CD0022A03D000204D
:108050005DF8044B704701940A465DF8044B0549EE
:10806000FFF798BF01940A465DF8044B0249FFF7F9
:1080700091BF00BF01405341014052412DE9F043FF
:10808000466A87B00446894617469846002E5ED059
:108090002379022B27D0012B3FD03E49CDF8008019
:1080A00001253B4605AA204603918DF81450FFF7A1
:1080B000EBFA03990546C0B1676A337897F86020F8
:1080C00023F0030343F001036FF30002337087F8DA
:1080D0006020FB6E002B46D0C7F86890012528462B
:1080E00007B0BDE8F0832C49D8E743463A4620461E
:1080F000FFF79EFD0B2817D0626A337892F8601064
:1081000023F0030343F0010365F3000128463370B5
:1081100082F8601007B0BDE8F08362791F49204BF8
:10812000002A18BF1946B9E7D4F8D821676A33780E
:10813000117A97F8602023F00303002918BF43F059
:10814000010365F30002337087F86020C1E77020F7
:108150001EF0E8FB0023C0E91A33C0E918330646D5
:108160006062037094E75C201EF0DCFBF866676ACF
:10817000FB6E002BB0D194F88C311BB994F88D5163
:10818000002DACD0D4F8880110B106491BF0ECF8F2
:108190000025A4E7062091210A20912107209121A2
:1081A00008209121A86307002DE9F041866D86B073
:1081B00004460D4617469846002E42D02379022BDE
:1081C0001BD0012B2FD02649CDF800803B4605AAB5
:1081D000204603918DF81450FFF756FA039970B1B9
:1081E000337865F3000343F002033370A36D00227C
:1081F00083F8002C06B0BDE8F0811A49E4E7434655
:108200003A462046FFF714FD0B280CBF0120002042
:1082100010D0337845F0020505F0030123F0030583
:108220000D433570E2E762790F49104B002A18BF01
:108230001946C9E7D4F8D8311D7A003D18BF012589
:10824000E7E740F60C401EF06DFB00230646A065F4
:108250000370C0F8043CC0F8083C80F8003CADE76F
:10826000152091211920912116209121172091216B
:108270002DE9F043866D87B00546BDF838900C4671
:1082800090461F46002E45D02B7914F0800F18BF62
:108290007F24022B1ED0012B35D02649CDF800902B
:1082A0003B4605AA284603918DF81440FFF7ECF9E8
:1082B000039988B13378003C18BF012464F30003AC
:1082C00068F341033370AB6D002283F8002C07B0D4
:1082D000BDE8F0831849E1E74B463A462846FFF7E8
:1082E000A7FC0B2804BFD5F8D8311C7A33780CBF13
:1082F00001200020003C18BF012464F3000368F350
:1083000041033370DFE76A790C490D4B002A18BF2F
:108310001946C3E740F60C401EF004FB0023064656
:10832000A8650370C0F8043CC0F8083C80F8003C25
:10833000AAE700BF15209121192091211620912133
:10834000172091212DE9F043866D87B004468946B8
:1083500017469846002E54D02379022B25D0012BA6
:1083600039D03C49CDF8008001253B4605AA20467E
:1083700003918DF81450FFF787F903990546B0B1C2
:108380003378A76D23F0030343F001030022337019
:1083900087F8002CD7F8083C002B41D0C7F8049C84
:1083A0000125284607B0BDE8F0832B49DAE74346AC
:1083B0003A462046FFF73CFC0B2813D03378A26DD9
:1083C00023F0030343F001032846337082F8005C76
:1083D00007B0BDE8F08362792049214B002A18BF1D
:1083E0001946BFE7D4F8D8213378127AA76D23F065
:1083F0000303002A18BF43F00103337087F8005CC1
:10840000C8E740F60C401EF08DFA00230646A06532
:108410000370C0F8043CC0F8083C80F8003C9BE7BF
:1084200040F6FC301EF07EFAC7F8080CA76DD7F8AE
:10843000083C002BB2D194F88C311BB994F88D51C3
:10844000002DAED0D4F8880110B106491AF08CFF87
:108450000025A6E7152091211920912116209121B0
:1084600017209121D463070009B908467047F0B579
:10847000282990F8F471D0F8986128BF28218D0040
:108480004FF47A7CBCFBF5F5EDB2AF4280F8F351C6
:1084900028BF2F46224DC0F8D051002580F8F27138
:1084A000A0F8D651356075603581D0F89861BCFB75
:1084B000F1F13570D0F898711A4E7A70D0F8982191
:1084C00001271771D0F898215571D0F898212125EE
:1084D0009571D0F898213025D571D0F89821117276
:1084E000D0F898210912517202685268B24283B0E2
:1084F000044600F5E8750CD11A46294620460023AB
:10850000FEF7F2FFA0F10A00B0FA80F0400903B0D4
:10851000F0BD01939047019B0028F8D0ECE700BF25
:10852000068A0A000D730200704700BF20301BF05E
:10853000DFB900BF38B5437F0BB9002038BD00F567
:10854000947420460D461BF0E3F90028F5D120462F
:1085500029461BF0ADF9012038BD00BF20301BF0CB
:10856000B9B900BF20301BF0CBB900BF2DE9F04FE7
:1085700083B0019272B34C1E174F0546C1F101063C
:1085800004EB020800F5947A2B681B68BB4206EBEB
:10859000040B14F8019F17D16B7F50461BB9584646
:1085A00003B0BDE8F08F1BF0B3F9034649465046CF
:1085B000002BF4D11BF07CF94445E5D1DDF804B083
:1085C000584603B0BDE8F08F494628469847002832
:1085D000F2D1E4E79346E2E73585040030B4837EC8
:1085E0001F2B4FF0010288BF03F01F03C27603F573
:1085F000E0738CBF244A4FF0A04240F20C6142F875
:108600002310437E02691F2B86BF03F01F031E4900
:108610004FF0A04103F5E07340F20C6441F82340B1
:108620004FF0CC710623C2F82415C2F80035837EC2
:10863000C2F8083590F91830417EC2F80C15002BAD
:108640001ADB124C5A0903F01F0560320121234442
:10865000A940602544F8221083F8005390F918309F
:10866000002B07DB094903F01F0001225B09824050
:1086700041F8232030BC7047054A03F00F031A4429
:1086800060231376EAE700BF0003005000E100E03A
:10869000FCEC00E0C37E9BB10B4A036991424FF0B2
:1086A0000000C3F800050CD9084A914294BF4FF06E
:1086B00080614FF0C8610622C3F82415C3F8002575
:1086C00070474FF0CC71F6E7A086010090D0030010
:1086D000C37E23B103690022C3F8002570474269B5
:1086E000C2F80035704700BFF8B514460AB9104605
:1086F000F8BD054600F1200738460E461BF0E6F8A7
:108700002B690122C3F888651A62C3F83475C3F86F
:1087100038451A6002E0D3F824211AB9D3F84C2165
:10872000002AF8D00022C3F84C2102E0D3F824211B
:108730001AB9D3F85C21002AF8D000210122C3F82D
:108740005C115A61D3F80421002AFBD00022C3F83F
:108750000421D3F8241109B1C3F82421D3F83C052E
:10876000C5F82001C0B2F8BD10B5044680F830123B
:1087700000F594701BF0AAF80123637710BD00BFC9
:10878000F8B503690446002290F8300262770127A9
:1087900004F59476C3F88805C3F8042130461F62B7
:1087A000C3F844650D461BF0A3F82369C3F84805D8
:1087B0009F6002E0D3F824211AB9D3F85021002A8F
:1087C000F8D00022C3F8502130461BF091F82369FD
:1087D00020BB0022C3F8602115B9D3F8242112B3BD
:1087E00001225A61D3F80421002AFBD00022C3F8E9
:1087F0000421D3F8240160B10022C3F82421D3F866
:10880000C404C3F8C404022803D004280CBF032006
:108810000420F8BDD3F82421002ADAD1D3F860214E
:10882000002AF7D0D5E70122DA61D3F84821002ADF
:10883000FBD00022C3F84821DBE700BF0121FFF78E
:108840009FBF00BF70B52B4C6369D3F86421002A29
:108850003DD1D3F86821FAB9D3F8042122B1227F9F
:108860000021C3F8041162B9D3F8242142B10022D7
:10887000C3F82421D3F8D024C3F8D02401225A61AC
:1088800070BDD4F83822D3F83C05C4F82001002A82
:10889000EAD090476369E7E70022C3F868211648E9
:1088A0004FF48073A3831BF011F8D4F8343203B172
:1088B000984763691048C3F84405002363771BF0A9
:1088C00017F863690122C3F848055A63C4E7002218
:1088D00004F12006C3F864210125304625771AF0FB
:1088E000F5FF63694FF48072C3F83465C3F8382527
:1088F0001D63AEE7EC390120143B012070B52B4C11
:108900006369D3F86421002A3DD1D3F86821FAB90C
:10891000D3F8042122B1227F0021C3F8041162B9E7
:10892000D3F8242142B10022C3F82421D3F8D02463
:10893000C3F8D02401225A6170BDD4F83822D3F88C
:108940003C05C4F82001002AEAD090476369E7E7B4
:108950000022C3F8682116484FF48073A3831AF0ED
:10896000B5FFD4F8343203B1984763691048C3F8AF
:108970004405002363771AF0BBFF63690122C3F843
:1089800048055A63C4E7002204F12006C3F86421B5
:108990000125304625771AF099FF63694FF48072FC
:1089A000C3F83465C3F838251D63AEE7283C0120C1
:1089B000503D01202DE9F8431A4DDFF878901A4C0C
:1089C0001A4F284600264FF47A7840F8209BC5E9D4
:1089D00001681AF061FF05F594701AF05DFF03233A
:1089E00020462B763B696B76114B7A6940F8209BC9
:1089F000C5E90433AA76C4E901686E771AF04CFF22
:108A000004F594701AF048FFD7E9102104204FF0C4
:108A10004023C4E90433667720766176A276BDE808
:108A2000F88300BFEC390120283C01200C770700B7
:108A30000030004060650700F0B40C4AC0F8A82080
:108A40000B4AC0F8AC200024002500260027002196
:108A50004FF0FF32C0E91067C0E92867C0E912454E
:108A6000C0E914458165F0BCC26570470000A041B3
:108A700000002041082A1346A8BF0823002A30B46A
:108A800003642DDD0B6803604B684360012A27DD1A
:108A90008B688360CB68C360022A21D00B690361B5
:108AA0004B694361032A1BD08B698361CB69C36126
:108AB000042A15D00B6A03624B6A4362052A0FD061
:108AC0008B6A8362CB6AC362062A09D00B6B03638D
:108AD0004B6B4363072A03D08B6B8363CB6BC363FE
:108AE00000220023C0E91223C0E91423002400253A
:108AF000002100224FF0FF33C0E92845816530BCDA
:108B00004264C365704700BFF8B5054610EE100A11
:108B100025F0A0FBFAA3D3E9002325F0F3FB25F011
:108B2000E9FE2A6C00239A42C5F8A03040F38C81FC
:108B300095ED017AB5EEC07AF1EE10FA07EE900AE3
:108B400040F2838177EEC76AF5EE005AF0EEE66AEE
:108B500086EE876AB4EEE56AF1EE10FA00F27581EE
:108B600001218A422B6685ED196AC5F8A01000F034
:108B700069810B4695ED037AB5EEC07AF1EE10FAF5
:108B80000DD977EEC76AF5EE005AF0EEE66A86EE8A
:108B9000876AB4EEE56AF1EE10FA40F25A81022AD1
:108BA00000F0A78095ED057AB5EEC07AF1EE10FAE7
:108BB00040F2638177EEC76AF5EE005AF0EEE66A9E
:108BC00086EE876AB4EEE56AF1EE10FA00F255819E
:108BD00005EBC30102200133032A81ED196A0866FF
:108BE000C5F8A03000F0888095ED077AB5EEC07A20
:108BF000F1EE10FA40F24C8177EEC76AF5EE005ABA
:108C0000F0EEE66A86EE876AB4EEE56AF1EE10FAF7
:108C100000F23E8105EBC30103200133042A81EDFC
:108C2000196A0866C5F8A03066D095ED097AB5EEE8
:108C3000C07AF1EE10FA40F2368177EEC76AF5EEAF
:108C4000005AF0EEE66A86EE876AB4EEE56AF1EE67
:108C500010FA00F2288105EBC30104200133052A34
:108C600081ED196A0866C5F8A03045D095ED0B7AFC
:108C7000B5EEC07AF1EE10FA0DD977EEC76AF5EECF
:108C8000005AF0EEE66A86EE876AB4EEE56AF1EE27
:108C900010FA40F21181062A2BD095ED0D7AB5EE2F
:108CA000C07AF1EE10FA0DD977EEC76AF5EE005AE8
:108CB000F0EEE66A86EE876AB4EEE56AF1EE10FA47
:108CC00040F20781072A14D095ED0F7AB5EEC07AED
:108CD000F1EE10FA0DD977EEC77AB5EE006AF0EE34
:108CE000E77AC7EE876AF4EEC66AF1EE10FA40F250
:108CF000FD80002B00F0A880012B00F0A3802B4604
:108D00004FF0FF37D3ED1B7A93ED197AD3F868E073
:108D1000F4EEC77A3A46F1EE10FA07F101073C4645
:108D200080F2C58003F1600696E8030003F1680451
:108D300084E80300511C144600F0BC8093ED177AC0
:108D4000F4EEC77AF1EE10FA80F2B18003F1580C1C
:108D50009CE80300541E86E80300002A00F0AA8065
:108D600093ED157AF4EEC77AF1EE10FA80F29F8057
:108D700003F1500696E80300012A8CE80300A2F1F3
:108D8000020400F0978093ED137AF4EEC77AF1EEC7
:108D900010FA80F28C8003F1480C9CE80300022A50
:108DA00086E80300A2F1030400F0848093ED117AB9
:108DB000F4EEC77AF1EE10FA79DA03F1400696E89C
:108DC0000300032A8CE80300A2F1040472D093ED9F
:108DD0000F7AF4EEC77AF1EE10FA68DA03F1380C84
:108DE0009CE80300042A86E80300A2F1050461D090
:108DF00093ED0D7AF4EEC77AF1EE10FA57DA03F13B
:108E0000300696E80300052A8CE80300A2F1060468
:108E100050D093ED0B7AF4EEC77AF1EE10FA46DA01
:108E2000D3E90A0186E80300602445F804E02C44F5
:108E3000C4ED017AD5F8A0100332914203F1080382
:108E40003FF760AF03236B64F8BD012A7FF492AE55
:108E5000F8BD05EBC30101200344022A81ED196A24
:108E60000866C5F8A0303FF447AF95ED057AB5EE3A
:108E7000C07AF1EE10FA3FF69DAE032A3FF439AF07
:108E800095ED077AB5EEC07AF1EE10FA3FF6B4AE82
:108E9000042A3FF42EAF95ED097AB5EEC07AF1EED3
:108EA00010FA3FF6CAAE052A7FF4E0AE21E70D3492
:108EB000E400BAE76024B8E705EBC30105200133FD
:108EC000062A81ED196A0866C5F8A0307FF4E5AE80
:108ED00012E705EBC30106200133072A81ED196A69
:108EE0000866C5F8A0307FF4EFAE05E705EBC302D6
:108EF00007210133C2ED196A1166C5F8A030FBE6FF
:108F00008FF2A3FC283F0A402DE9F0472DED048B9A
:108F100090ED168ADFED667A32EE488A82B0B4EEC2
:108F2000E78AF1EE10FA00F1A08082465AA3D3E955
:108F3000002351EC100B55EC114BF0EE428A25F05A
:108F4000E1F955A3D3E9002306460F46DAE91201F9
:108F500025F0D8F932463B468046894625F01AF876
:108F6000544B002225F0CEF941EC100B23F024FAEB
:108F700022462B46DAE9140155EC104B25F00AF88D
:108F800047A3D3E9002325F0BDF941EC100B23F0F2
:108F900013FAB0EE407AF0EE607A47EC106B49ECD1
:108FA000198B59EC178B23F04BF9B0EE407AF0EEA9
:108FB000607AB0EE490AF0EE690A57EC176B23F0BD
:108FC0003FF942464B464046494659EC108B25F046
:108FD00099F942464B4625F095F932463B4625F035
:108FE00091F922462B4604460D461046194625F0B7
:108FF00089F902460B462046294624F0CDFF024659
:109000000B4643EC102BCDE9002323F061FADDE998
:109010000023B0EE409AF0EE609A2749002024F039
:10902000B9FF41EC100B23F053FAB0EE401AF0EE0A
:10903000601AB0EE490AF0EE690A23F047FADAF84E
:10904000AC0057EC106B25F005F917A3D3E900230A
:1090500004460D463046394625F054F902460B4683
:109060002046294625F0DEFB20B902B0BDEC048B7A
:10907000BDE8F087B0EE480A5046FFF745FDDAF844
:109080004430022BF1D1DAF8A430CAED168A01334C
:10909000CAF8A430E9E700BF399D52A246DF913FEC
:1090A000399D52A246DF813F00000000AE4D68416D
:1090B000000048430000E03F0000F03F00000000D7
:1090C0002DE9F04F55EC104B83B08246624B10EE09
:1090D000100A4FF0FF32294657EC116B12EE108A3E
:1090E00012EE90BA25F08AFB002800F0AC804FF019
:1090F000FF326FF480132046294625F089FB0028B3
:1091000000F0A180544B4FF0FF323046394625F035
:1091100075FB002800F097804FF0FF326FF480134A
:109120003046394625F074FB002800F08C804B4B0C
:1091300000222046294625F057FB002840F0838076
:10914000474B00222046294625F06CFB00287AD1A7
:10915000444B00223046394625F046FB002872D1A8
:10916000414B00223046394625F05CFB00286AD18D
:10917000002200232046294625F02CFB38B100228E
:1091800000233046394625F025FB00285BD14046B8
:1091900025F060F8304B4FF0FF328046894625F0CD
:1091A0002DFB00284FD04FF0FF326FF48013404664
:1091B000494625F02DFB002845D0584625F04AF8B1
:1091C000254B4FF0FF32CDE9000125F017FB0028B9
:1091D00039D0DDE900014FF0FF326FF4801325F044
:1091E00017FB80B3DAF844304BBB0123CAF8443094
:1091F00017A3D3E900234046494625F083F825F01C
:1092000079FBDAED2A7A07EE100AB4EEE77AF1EE8E
:1092100010FA18DBCAE91245CAE914670223CAF832
:1092200058B0CAF8443002EE10BA47EC116B45EC66
:10923000104B504603B0BDE8F04FFFF765BE012B61
:10924000D6D0022BEFD003B0BDE8F08FAFF3008093
:1092500084BFAAD645E2E33FFFFFEF7F008056C000
:1092600000805640008066C00080664000220423D3
:10927000C165C0F8A0204364704700BF00220223EC
:10928000C0F8A020436480ED160A7047B5EEC00A0E
:10929000F1EE10FAC8BF80ED2A0A7047B5EEC00A99
:1092A000F1EE10FAC8BF80ED2B0A7047406C704792
:1092B000D0F8A000704700BF60307047D0F8A4001D
:1092C000704700BF000000002DE9F04FD1F888334F
:1092D0002DED028B0546082B47F2500046F6107420
:1092E0004FF000071E468946A8BF082647F24801EE
:1092F00047F24C022E51BB422F504FF0FF306850C6
:10930000ADF6D45DAF5242DD05F5DE4A0AF1100A32
:1093100005F1100B4C46E84695ED020B29684046D6
:1093200003F0BEF84FF45D624146584625F04EFF0B
:10933000584603F01BFFA268CBF8D02D0BF6D45291
:10934000E16811604FF001038BF8D83D94ED0A3BC2
:1093500094ED082B94ED061B94ED040B584603F096
:1093600087FD94F87020002A40F0CE8194F8712097
:109370005846002A40F0B08103F016FDDAF800608C
:109380000137BE420BF55E6B04F17004C4DC072E9E
:109390006ADC4FF45E6101FB065000F6E4540023E2
:1093A0000022072E80F8E83DC0F8E03D226006F17B
:1093B000010056D001FB005000F6E454062E80F860
:1093C000E83DC0F8E03D226006F1020049D001FB13
:1093D000005000F6E454052E80F8E83DC0F8E03D6A
:1093E000226006F103003CD001FB005000F6E4547B
:1093F000042E80F8E83DC0F8E03D226006F104004C
:109400002FD001FB005000F6E454032E80F8E83D15
:10941000C0F8E03D226006F1050022D001FB0050BB
:1094200000F6E454022E80F8E83DC0F8E03D2260EA
:1094300006F1060015D001FB005000F6E454012EA1
:1094400080F8E83DC0F8E03D226006F1070008D052
:1094500001FB005101F6E45081F8E83DC1F8E03D20
:109460000260002E40F3708105F6E453186824F082
:10947000F1FECBA3D3E9002324F044FF25F03AFA10
:10948000DFEDC97A08EE100AB4EEE78AF1EE10FAC1
:10949000B8BFB0EE678A012E00F05B8105F5DE53A0
:1094A000586824F0D7FEBEA3D3E9002324F02AFF96
:1094B00025F020FA07EE900AF4EEC87AF1EE10FAE1
:1094C000B4BFF0EE488AF0EE678A022E00F02881E1
:1094D00005F52653586A24F0BDFEB1A3D3E9002355
:1094E00024F010FF25F006FA08EE100AB4EEE88A20
:1094F000F1EE10FAB8BFB0EE688A032E70D005F511
:109500005E53586824F0A6FEA5A3D3E9002324F0F7
:10951000F9FE25F0EFF907EE900AB4EEE78AF1EED6
:1095200010FAB8BFB0EE678A042E59D005F58A4309
:10953000586E24F08FFE9AA3D3E9002324F0E2FEB4
:1095400025F0D8F907EE900AB4EEE78AF1EE10FAAA
:10955000B8BFB0EE678A052E42D005F5A643586C19
:1095600024F078FE8EA3D3E9002324F0CBFE25F06F
:10957000C1F907EE900AB4EEE78AF1EE10FAB8BF2F
:10958000B0EE678A062E2BD005F5C243586A24F048
:1095900061FE83A3D3E9002324F0B4FE25F0AAF9E9
:1095A00007EE900AB4EEE78AF1EE10FAB8BFB0EE1B
:1095B000678A072E14D005F5DE43586824F04AFE6A
:1095C00077A3D3E9002324F09DFE25F093F907EE5D
:1095D000900AB4EEE78AF1EE10FAB8BFB0EE678AEF
:1095E0009FED727AF1EE007A68EE277AB4EEC78AC0
:1095F00005F5E043F1EE10FAC3ED157A03F15403DB
:1096000000F19F80E846D9F80C30D9F80820C8F856
:109610000020012EC8F8043043D0D9F87C20D9F8B6
:109620007830C8F80C20022EC8F8083039DDD9F897
:10963000EC20D9F8E830C8F81420032EC8F8103010
:109640002FD0D9F85C21D9F85831C8F81C20042E45
:10965000C8F8183025D0D9F8CC21D9F8C831C8F8C5
:109660002420052EC8F820301BD0D9F83C22D9F888
:109670003832C8F82C20062EC8F8283011D0D9F876
:10968000AC22D9F8A832C8F83420072EC8F83030F8
:1096900007D0D9F81C23D9F81833C8F83C20C8F8EB
:1096A000383005F5DE40324641461830FFF7E2F922
:1096B00005F5DF40483004F077FE46F61073EB58AE
:1096C00023B947F24C0340F20112EA520DF6D45D81
:1096D000BDEC028BBDE8F08F94ED1A3B94ED182B96
:1096E00094ED161B94ED140B03F0BEFC584603F0EA
:1096F0005BFBDAF800600137B74204F170040BF548
:109700005E6BFFF609AE42E694ED123B94ED102B32
:1097100094ED0E1B94ED0C0B584603F027FC25E648
:109720009FED227AF1EE007A05F5E04368EEA77A24
:10973000F4EEC78AF1EE10FA03F15403C3ED007A98
:1097400022D51B4A1A605DE705F5E043184A5A65C1
:10975000AEE79FED167AF1EE007A05F5E04368EE8C
:10976000277AB4EEC78AF1EE10FA03F15403C3ED81
:10977000007AE6D4E846D9F80C30D9F80820C8F8C1
:109780000020C8F804308CE7E846D9F80C30D9F846
:109790000820C8F80020C8F804303EE7AFF3008086
:1097A000FD87F4DBD781D33F000000000000FA43BF
:1097B0000000FA44000000002DE9F0412DED048B7B
:1097C000B0EE409AF0EE609A9FED1B8B00F5DE46FE
:1097D00005460F469046103600F110042046002141
:1097E00004F55E64B0EE480AF0EE680A02F058FE36
:1097F000B442F3D105F5DE401830FFF71DF905F549
:10980000DF404146483004F09BFD47F2580147F2E3
:109810005C0338687A68C5F80080685085ED029B63
:109820002846EA503946FFF74FFDBDEC048B284629
:10983000BDE8F081AFF300800000000000001C4094
:1098400070B546F6107604468359002B0D4631DD7F
:1098500090F8E82D002A49D1012B2BDD41F6C832C2
:10986000A25C002A47D1022B24DD42F6A812A25C9A
:1098700042BB032B1EDD43F28872A25C62BB042B49
:1098800018DD44F26852A25C002A3DD1052B11DD9F
:1098900045F24832A25C002A49D1062B0ADD46F285
:1098A0002812A25C002A4CD1072B03DD46F6087370
:1098B000E35CABBB04F5DF4029464830BDE87040AF
:1098C00004F070BD04F5DE501030294603F04AFC68
:1098D00046F61073E358CCE704F52650303029469D
:1098E00003F040FC46F61073E358C8E7103003F06D
:1098F00039FCA359B0E7294604F55F6003F032FC58
:1099000046F61073E358AEE704F55E501030294672
:1099100003F028FC46F61073E358052BB8DCC9E7C2
:1099200004F5C2403030294603F01CFCC2E704F5C0
:109930008A407030294603F015FC46F61073E35850
:10994000ABE704F5A6405030294603F00BFC46F681
:109950001073E358A8E700BF2DE9F84F00F5DE4B80
:109960000BF1180B2DED028B06465846B0EE408ADF
:10997000FFF79EFC07465846FFF79EFC002F31DD9F
:1099800006F5DE49804609F1100900244FF45E6AAD
:1099900001E0A74226D058F83450002D04F101040C
:1099A000F7DBD9F800200AFB05F3AA4206EB030116
:1099B000EFDD91F8E82D002AEBD01033F01803F01A
:1099C000D9FB0028E5D029465846FFF74FFC47F25F
:1099D000480147F24C0301227550F254BDEC028B52
:1099E000BDE8F88FB0EE480A5846FFF747FC47F24B
:1099F0005002B3580133022BB350EFDD46F610731B
:109A000047F24C02F35840F20111002BB152E5DD50
:109A10000022012B86F8E82DE0D041F6C831022B58
:109A20007254DBD042F6A811032B7254D6D043F205
:109A30008871042B7254D1D044F26851052B7254B2
:109A4000CCD045F24831062B7254C7D0BDEC028B06
:109A5000072B46F2281118BF46F60873725418BF38
:109A6000F254BDE8F88F00BFF8B546F610752DED3D
:109A7000068BB0EE408AF0EE608AB0EE419AF0EECE
:109A8000619A4359002B0446F0EE42AAB0EE62AA56
:109A90003CDD90F8E82D002A40F0EC80012B35DD0C
:109AA00041F6C832A25C002A40F0E980022B2DDD8D
:109AB00042F6A812A25C002A40F0B280032B25DDFA
:109AC00043F28872A25C002A40F0BF80042B1DDDA7
:109AD00044F26852A25C002A40F0E580052B15DDB7
:109AE00045F24832A25C002A40F04D81062B0DDD84
:109AF00046F22812A25C002A40F05A81072B05DDAD
:109B000046F60873E35C002B40F0E580B0EE491A9E
:109B1000F0EE691AB0EE480AF0EE680A04F5DF408C
:109B20004830F0EE4A2AB0EE6A2A04F071FE47F29D
:109B30004C03E55C002D6ED146F61073E658002EFE
:109B400069DD1AEE100A24F085FBD0A3D3E90023C7
:109B500024F0D8FB24F0CEFE94F8E83D0AEE100A7B
:109B6000002B40F08481012E36D041F6C833E35CEF
:109B7000002B40F07E81022E2ED042F6A813E35C2B
:109B8000002B40F07881032E26D043F28873E35CEB
:109B9000002B40F06A81042E1ED044F26853E35C2F
:109BA000002B40F06A81052E16D045F24833E35C65
:109BB000002B40F06481062E0ED046F22813E35CA1
:109BC000002B40F0D580072E06D046F608730720FC
:109BD000E35C002B40F0CD80DFEDABAAB0EE491A7C
:109BE000F0EE691A04F5DE451835B0EE4A2A28462B
:109BF000F0EE6A2AB0EE480AF0EE680AFFF760FA63
:109C00002846FFF753FB032800F0E78047F24C0794
:109C1000E65D002E71D0BDEC068B4FF0FF30F8BD35
:109C200004F5DE501030F0EE4A2AB0EE6A2AB0EEAB
:109C3000491AF0EE691AB0EE480AF0EE680A02F02E
:109C4000E7FD46F61073E35838E704F52650303048
:109C5000F0EE4A2AB0EE6A2AB0EE491AF0EE691A1E
:109C6000B0EE480AF0EE680A02F0D2FD46F6107334
:109C7000E3582BE7103002F0CBFD63590EE7F0EE0E
:109C80004A2AB0EE6A2A04F55F60B0EE491AF0EE97
:109C9000691AB0EE480AF0EE680A02F0B9FD46F61D
:109CA0001073E35802E704F55E501030F0EE4A2AD4
:109CB000B0EE6A2AB0EE491AF0EE691AB0EE480A20
:109CC000F0EE680A02F0A4FD46F61073E358052B87
:109CD0003FF706AF1AE704F5C240F0EE4A2AB0EEAD
:109CE0006A2AB0EE491AF0EE691AB0EE480AF0EEB0
:109CF000680A303002F08CFD08E72846FFF7DEFAEC
:109D0000022870DD46F6107340F20112E358E25368
:109D1000002B80DD012B84F8E86D3FF47CAF41F629
:109D2000C832022BA6543FF476AF42F6A812032B9A
:109D3000A6543FF470AF43F28872042BA6543FF44C
:109D40006AAF44F26852052BA6543FF464AF45F263
:109D50004832062BA6543FF45EAF46F22812072B7A
:109D6000A6543FF458AF46F608730022E25452E777
:109D700006204FF45E6303FB0040103003F01EFA30
:109D8000F0EE40AA2AE704F58A407030F0EE4A2A45
:109D9000B0EE6A2AB0EE491AF0EE691AB0EE480A3F
:109DA000F0EE680A02F034FD46F61073E3589DE6C3
:109DB00004F5A6405030F0EE4A2AB0EE6A2AB0EE22
:109DC000491AF0EE691AB0EE480AF0EE680A02F09D
:109DD0001FFD46F61073E35890E6B0EE6A0A20467F
:109DE000FFF7BAFD12E704F5E043D3ED157AF4EE80
:109DF000EA7AF1EE10FA7FF50EAF46F6107340F2F4
:109E00000112E358E253002B7FF705AF012B84F8D2
:109E1000E86D3FF400AF41F6C832022BA6543FF480
:109E2000FAAE42F6A812032BA6543FF4F4AE43F266
:109E30008872042BA6543FF4EEAE44F26852052B10
:109E4000A6543FF4E8AE45F24832062BA6543FF440
:109E5000E2AE072B46F2281118BF46F608734FF002
:109E60000002625418BFE254D5E6032081E7284679
:109E70007FE701207DE702207BE7042079E70520CA
:109E800077E700BFAFF30080000000006F1283C0CF
:109E9000CAA1FD3F47F24D03C35C53B947F24802E4
:109EA0008258002A07DB4FF45E6302FB0333C0587D
:109EB0007047024870471846704700BF743A070061
:109EC00047F24803C258002A0ADB4FF45E6303FBE3
:109ED00002F3C21892F8E82D12B1103318447047FB
:109EE0000020704700F5DF404830704747F24D03CF
:109EF000C05C704747F25C02024B8058002808BFE4
:109F000018467047B465070010B52DED028B044666
:109F100000F5DE40B0EE408A1830FFF7B7F9B0EE3A
:109F2000480ABDEC028B04F5DF404830BDE8104024
:109F300004F062BA00F5DF40483004F065BA00BFB3
:109F400000F5DE401830FFF7A9B900BF10B50123B6
:109F500003740023044680ED020B4361C0F8983C73
:109F600080F89C3C4FF4486240F8181B194625F0D5
:109F700055F9204610BD00BF80ED020B704700BFB1
:109F8000016070470174704700214161C0F8981C5E
:109F900080F89C1C4FF44862183025F03FB900BF90
:109FA0002DE9F04F2DED108BB0EE41BAF0EE61BA15
:109FB000B1B00646019090F89C0C2D93CDE92E127D
:109FC0008DED080B8DED283B55EC124B002841F030
:109FD0008580D6F8983C2C90013B5BEC10AB179336
:109FE00052465B462046294623F0D4FF53EC1B2BF8
:109FF00080468946DDE92801CDE9028923F0CAFFC0
:10A0000006460F4642464B4640464946B046B9468C
:10A01000CDE9048924F076F932463B4606460F46E0
:10A020004046494624F06EF902460B463046394612
:10A0300023F0B2FF02460B4600201549CDE9142358
:10A0400024F08AFA10A3D3E9002306460F462046DF
:10A050002946CDE9186724F055F90BA3D3E900236D
:10A0600004460D4650465946CDE92A4524F04AF9A2
:10A070000023CDE922012C9C16934FF0000A4FF0EB
:10A08000000BB5E1AFF30080399D52A246DF913F4E
:10A090000000F03FEEA3D3E9002351EC190B24F0AC
:10A0A00031F99DED22CB06460F4632463B4651EC38
:10A0B0001C0BCDE91E6723F06DFFE94B002224F055
:10A0C00021F941EC100B22F077F953EC182B51ECED
:10A0D0001B0B59EC108B23F05DFFD9A3D3E90023B0
:10A0E00024F010F941EC100B22F066F9B0EE407A42
:10A0F000F0EE607A47EC106B57EC176B22F0A0F88B
:10A10000B0EE407AF0EE607AB0EE4C0AF0EE6C0AF7
:10A110008DED067B22F094F832463B4630463946B8
:10A12000B0EE40EAF0EE60EA24F0ECF853EC1E2BBF
:10A1300024F0E8F8DDE9062324F0E4F84B4606466F
:10A140000F4642464946404624F0DCF802460B469C
:10A150003046394623F020FF02460B4643EC102BD5
:10A16000CDE90A2322F0B4F9DDE90A23B0EE408AF2
:10A17000F0EE608ABB49002023F00CFF41EC100B8D
:10A1800022F0A6F9B0EE401AF0EE601AB0EE480ADE
:10A19000F0EE680A22F09AF9ABA3D3E9002351EC60
:10A1A000100B24F0AFF80F46AF4904F1010981FB11
:10A1B00009134FEAE974C4EB631405FB1494019D81
:10A1C000621C05EB441393ED067B05EB421595ED00
:10A1D00000ABB0EE47DAF0EE67DA0646279251ECB4
:10A1E000170B9BA3D3E9002364018DED127BCDE90E
:10A1F00024678DED0EAB1D9424F084F806460F46BF
:10A2000032463B4651EC1C0BCDE9206723F0C2FEE1
:10A21000934B002224F076F841EC100B22F0CCF89E
:10A2200053EC1A2B51EC1B0B55EC104B23F0B2FEE8
:10A2300083A3D3E9002324F065F841EC100B22F04E
:10A24000BBF8B0EE407AF0EE607A47EC106B57EC5A
:10A25000176B21F0F5FF32463B463046394657EC46
:10A26000106B8DED100B24F04DF832463B4624F078
:10A2700049F853EC1E2B24F045F822462B460446A1
:10A280000D461046194624F03DF802460B4620467E
:10A29000294623F081FE02460B4643EC102BCDE904
:10A2A0000A2322F015F9DDE90A23B0EE408AF0EE28
:10A2B000608A6C49002023F06DFE41EC100B22F007
:10A2C00007F9B0EE401AF0EE601AB0EE480AF0EE70
:10A2D000680A22F0FBF85CA3D3E9002351EC100BD1
:10A2E00024F010F8DDE9086704460D46324651ECCB
:10A2F0001D0B3B46CDE91A4523F04CFE53EC1B2BBE
:10A3000004460D4651EC1A0B23F044FE45EC1E4B5F
:10A31000324604460D463B4651EC190B23F03AFEFB
:10A3200045EC1A4B53EC1B2B04460D4651EC1F0B0E
:10A3300023F030FE169B45EC1D4B013341EC1C0B0A
:10A340000A93DDE9026753EC1C2B3046394623F0B3
:10A35000D9FF9DED048B53EC1D2B04460D4651ECAB
:10A36000180B23F0CFFF02460B462046294623F068
:10A3700011FE52465B4604460D4624F053FA00286F
:10A3800040F044822046294652465B4624F02CFA8F
:10A390000446003C53EC1A2B3046394618BF0124C2
:10A3A00023F0B0FF53EC1E2B06460F4651EC180B62
:10A3B00023F0A8FF02460B463046394623F0EAFD5B
:10A3C00052465B4606460F4624F02CFA002840F021
:10A3D00038823046394652465B4624F005FA00384A
:10A3E00018BF0120A04240F02C820A9B16934C46D5
:10A3F000179A934280F246851B4AE31782FB0406B4
:10A40000C3EB66166425019B05FB1646711C03EB26
:10A41000411C03EB46179CED008B97ED069BB0EEBD
:10A4200048FAF0EE68FA269176010BA3D3E90023EF
:10A43000DDE914018DED0C9B18E000BFAFF3008047
:10A44000399D52A246DF813F00000000AE4D6841B9
:10A45000399D52A246DF913F11EA2D819997713DB6
:10A460000000E03F0000F03F1F85EB511C9624F0F8
:10A47000BBF900287FF40EAEB0EE49AAF0EE69AA4F
:10A48000DDE9082351EC190B23F084FD53EC1B2B61
:10A490008046894651EC180B23F07CFD4246064667
:10A4A0000F464B46DDE9020123F02CFF47EC1C6B05
:10A4B00032463B4606460F46DDE9040123F022FF03
:10A4C00002460B463046394623F066FDDDE9182387
:10A4D00023F018FF52465B4649EC1D8B06460F469B
:10A4E00024F082F9002840F0F484C54B0022304665
:10A4F000394624F097F9002800F02B85BAA3D3E958
:10A50000002351EC1A0B23F0FDFE9DED2A8B05462E
:10A510000E462A46334651EC180BCDE91E5623F061
:10A5200039FDB84B002223F0EDFE41EC100B21F079
:10A5300043FF53EC1F2BDDE9280159EC108B23F06E
:10A5400029FDABA3D3E9002323F0DCFE41EC100B83
:10A5500021F032FFB0EE407AF0EE607A46EC105B0C
:10A5600057EC176B21F06CFEB0EE407AF0EE607A9B
:10A57000B0EE480AF0EE680A8DED067B21F060FE31
:10A5800032463B463046394657EC106B23F0BAFE54
:10A5900032463B4623F0B6FEDDE9062323F0B2FE49
:10A5A0004B4606460F4642464946404623F0AAFE21
:10A5B00002460B463046394623F0EEFC02460B4677
:10A5C00043EC102BCDE90A2321F082FFDDE90A23B9
:10A5D000B0EE408AF0EE608A8949002023F0DAFC70
:10A5E00041EC100B21F074FFB0EE401AF0EE601A4F
:10A5F000B0EE480AF0EE680A21F068FF7EA3D3E9C6
:10A60000002351EC100B23F07DFE7F4B04F1010978
:10A6100083FB09234FEAE974019AC4EB63146423B2
:10A6200003FB149402EB441393ED067B631C279306
:10A6300002EB431393ED008BCDE92401DDE9082300
:10A6400051EC170B64018DED127B1D948DED0E8B7B
:10A6500023F0A0FC53EC1B2B06460F4651EC180BC5
:10A6600023F098FCDDE9022304460D4630463946C6
:10A6700023F048FE47EC1E6B26462F46DDE90423F7
:10A6800004460D463046394623F03CFE02460B4652
:10A690002046294623F080FCDDE9182323F032FE12
:10A6A0005B46524604460D4624F09EF8169B013345
:10A6B00047EC1A6B0A93002840F0EB83504B0022C2
:10A6C0002046294624F0AEF847A3D3E9002300280A
:10A6D00000F0B284DDE9120123F014FE9DED2A8B17
:10A6E00004460D4622462B4651EC180BCDE9204579
:10A6F00023F050FC434B002223F004FE41EC100BEE
:10A7000021F05AFEDDE90E23DDE9280157EC106B3C
:10A7100023F040FC36A3D3E9002323F0F3FD41EC02
:10A72000100B21F049FEB0EE407AF0EE607A45EC75
:10A73000104B55EC174B21F083FDB0EE407AF0EE54
:10A74000607AB0EE480AF0EE680A8DED107B21F0D9
:10A7500077FD22462B462046294655EC104B23F028
:10A76000D1FD22462B4623F0CDFDDDE9102323F059
:10A77000C9FD32463B4604460D463046394623F075
:10A78000C1FD02460B462046294623F005FC024641
:10A790000B4643EC102BCDE91A2321F099FEDDE99D
:10A7A0001A23B0EE408AF0EE608A1549002023F0AB
:10A7B000F1FB41EC100B21F08BFEB0EE401AF0EEF5
:10A7C000601AB0EE480AF0EE680A21F07FFE0AA394
:10A7D000D3E9002351EC100B23F094FDCDE91A01CD
:10A7E000AFE500BFAFF30080399D52A246DF913F35
:10A7F000399D52A246DF813F00000000AE4D684106
:10A800000000F03F0000E03F1F85EB5153EC1A2B96
:10A810003046394623F076FD53EC1E2B04460D4698
:10A82000DDE9040123F06EFD02460B462046294671
:10A8300023F0B0FB52465B4623F0F4FF00287FF480
:10A84000D4ADDDE91A89DDE924234046494623F0E9
:10A85000A3FBDDE91E2380468946DDE9200123F0C4
:10A8600099FBDF4B002223F04DFD41EC100B21F052
:10A87000A3FD53EC1F2BDDE90E0155EC104B23F02B
:10A8800089FBCBA3D3E9002306460F46CDE9246715
:10A8900023F038FD41EC100B21F08EFD53EC102B12
:10A8A00010EE100A194623F02DFDDDE9062323F0F2
:10A8B00029FDDDE9102323F025FD22462B46044621
:10A8C0000D461046194623F01DFD02460B46204654
:10A8D000294623F061FB02460B4643EC102BCDE9E1
:10A8E0001A2321F0F5FDDDE91A23B0EE408AF0EEDF
:10A8F000608ABC49002023F04DFB41EC100B21F095
:10A90000E7FDB0EE401AF0EE601AB0EE480AF0EE45
:10A91000680A21F0DBFDA8A3D3E9002351EC100B5A
:10A9200023F0F0FC019B93ED027B57EC176B044680
:10A930000D4617EE100A394622462B468DED1A7B3E
:10A9400023F066FF002800F0D28342464B46304693
:10A95000394623F049FF002840F09482019C1D9B5A
:10A96000E318986A23F054FC1C9BE3180446986A89
:10A970000D4623F04DFC02460B462046294623F0A7
:10A9800009FB002200238046894623F02DFF40B1B9
:10A99000404649468AA3D3E9002323F0FDFA8046C6
:10A9A000894689A3D3E900234046494623F03AFF6C
:10A9B000002840F0678286A3D3E90023DDE9140173
:10A9C00023F012FF002800F09E839DED229BDDE91D
:10A9D0001E2351EC190B23F0DDFA814B002223F0EA
:10A9E00091FC41EC100B21F0E7FC53EC1F2B51ECD8
:10A9F0001B0B57EC106B23F0CDFA6DA3D3E90023AA
:10AA000023F080FC41EC100B21F0D6FCB0EE407A34
:10AA1000F0EE607AB0EE490AF0EE690A55EC174B99
:10AA200021F00EFC22465BEC10AB2B46204629465B
:10AA300023F068FCDDE9062323F064FC52465B4604
:10AA400023F060FC32463B4604460D46304639460C
:10AA500023F058FC02460B462046294623F09CFA78
:10AA600002460B4643EC102BCDE9062321F030FDC6
:10AA7000DDE90623B0EE408AF0EE608A59490020F5
:10AA800023F088FA41EC100B21F022FDB0EE401AC1
:10AA9000F0EE601AB0EE480AF0EE680A21F016FDFA
:10AAA0004DA3D3E9002351EC100B23F02BFCDDE97F
:10AAB000202304460D4651EC190B23F06BFA484B4A
:10AAC000002223F01FFC41EC100B21F075FCDDE9A6
:10AAD0000E2351EC1B0B57EC106B23F05BFA34A3E5
:10AAE000D3E9002323F00EFC41EC100B21F064FCB1
:10AAF00053EC102B10EE100A194623F003FC45EC22
:10AB0000194BDDE9102323F0FDFB52465B4623F091
:10AB1000F9FB324604460D463B463046394623F0A3
:10AB2000F1FB02460B462046294623F035FA024641
:10AB30000B4643EC102BCDE9062321F0C9FCDDE9DF
:10AB40000623B0EE408AF0EE608A2649002023F00A
:10AB500021FA41EC100B21F0BBFCB0EE401AF0EEF4
:10AB6000601AB0EE480AF0EE680A21F0AFFC1AA3B2
:10AB7000D3E9002351EC100B23F0C4FB019A1C9B7A
:10AB8000DFED197AD31893ED0C7A1D9BB4EEE77ABA
:10AB9000D318F1EE10FA93ED0C8A04460D4600F13D
:10ABA0001083B4EEE78AF1EE10FA00F10A831DE09B
:10ABB000399D52A246DF813F0000008019616E413D
:10ABC0000000000070999441000000000088C3401C
:10ABD00011EA2D819997713D00000000AE4D68414A
:10ABE0000000E03F0000F03F6F12833A17EE100ABA
:10ABF00023F030FB02460B4651EC190B23F0ACFC62
:10AC0000064618EE100A0F4623F024FB02460B46B8
:10AC10002046294623F0A0FC32463B4623F0BCF9EF
:10AC20000FF20443D3E9002304460D4623F0DCFD74
:10AC3000002840F0208322462B463046394623F038
:10AC40008BFC41EC190BDDE90C4557EC196B2246E6
:10AC50002B46DDE9120123F09DF93B4619EE102A3F
:10AC600023F050FB22462B4623F096F904460D466E
:10AC7000DDE924233946A246AB4619EE100ACDE998
:10AC800006AB23F03FFB53EC1F2B23F085F9044662
:10AC90000D4626462F46E6A3D3E90023DDE914013D
:10ACA000CDE90C6723F0A0FD002800F09282DAA322
:10ACB000D3E900235046594623F024FB9DED228B17
:10ACC00004460D4622462B4651EC180B23F062F940
:10ACD000D34B002223F016FB41EC100B21F06CFB50
:10ACE00032463B4651EC1B0B5BEC10AB23F052F9A8
:10ACF000C3A3D3E9002323F005FB41EC100B21F0A3
:10AD00005BFBB0EE407AF0EE607A45EC104B55EC10
:10AD1000174B21F095FAB0EE407AF0EE607AB0EE83
:10AD2000480AF0EE680A57EC176B21F089FA2246C0
:10AD30002B462046294655EC104B23F0E3FA2246D9
:10AD40002B4623F0DFFA32463B4623F0DBFA52462D
:10AD50005B4604460D461046194623F0D3FA0246D8
:10AD60000B462046294623F017F902460B4643ECD2
:10AD7000102BCDE9022321F0ABFBDDE90223B0EE7D
:10AD8000408AF0EE608AA749002023F003F941ECE5
:10AD9000100B21F09DFBB0EE401AF0EE601AB0EE01
:10ADA000480AF0EE680A21F091FB97A3D3E900234B
:10ADB00051EC100B23F0A6FA02460B46DDE91A010E
:10ADC00023F012FD00285DD1019B1C9A9E181D9A4C
:10ADD00096ED0B8A1344D3ED0B7A77EEC87A5BECD1
:10ADE00019AB17EE900A23F035FA19EE102A5B46DC
:10ADF00023F088FA044618EE100A0D4623F02AFACA
:10AE000002460B462046294623F0C6F84A9BC3E972
:10AE10000001B06A23F0FCF919EE102A04460D4631
:10AE20005B464046494623F06DFA02460B462046F3
:10AE3000294623F0B1F876A3D3E9002304460D4652
:10AE400023F0E6FC40B12046294671A3D3E9002354
:10AE500023F0A0F804460D462046294623F02AFD9B
:10AE6000019B2D9A1B7C1060002B00F01D829DED34
:10AE7000067B2E9A82ED007B9DED0C7B2F9A82ED56
:10AE8000007B00E00023184631B0BDEC108BBDE81C
:10AE9000F08F61A3D3E90023DDE9120123F032FA38
:10AEA0009DED228B04460D4622462B4651EC180B95
:10AEB000CDE9204523F06EF8594B002223F022FA09
:10AEC00041EC100B21F078FADDE90E2351EC1B0B5D
:10AED0001CE451A3D3E9002351EC190B23F012FA1F
:10AEE0009DED22AB0E46054633462A4651EC1A0B21
:10AEF000CDE91E5623F04EF8494B002223F002FA0A
:10AF000041EC100B21F058FA53EC182B51EC1B0BB1
:10AF100059EC108B23F03EF839A3D3E9002323F03A
:10AF2000F1F941EC100B21F047FAB0EE407AF0EE67
:10AF3000607A46EC105B57EC176B21F081F9B0EEAC
:10AF4000407AF0EE607AB0EE4A0AF0EE6A0AFFF755
:10AF500013BB31A3D3E9002351EC1A0B23F0D2F930
:10AF60008046894649EC198B32463B46DDE90201B1
:10AF70008DED1E9B23F0C6F9DDE9082323F00CF8C4
:10AF800025A3D3E9002323F0BDF953EC192B804608
:10AF9000894622F0FFFF224B002223F0B3F941EC57
:10AFA000100B21F009FA32463B46DDE9040149EC79
:10AFB000188B59EC108B23F0A5F953EC1F2B064688
:10AFC0000F4651EC1B0B22F0E5FF02460B463046C4
:10AFD000394622F0E1FF0AA3D3E9002323F092F9D6
:10AFE00041EC100B21F0E8F9B0EE407AF0EE607A17
:10AFF000B0EE490AF0EE690AFFF7B2BAAFF300808B
:10B00000399D52A246DF813F00000000AE4D6841ED
:10B010000000000070999441399D52A246DF913F93
:10B020000000E03F0000F03F95D626E80B2E113ED1
:10B0300011EA2D819997713DDDE9120123F062F942
:10B0400006460F4647EC196BDDE9022320462946E8
:10B050008DED209B23F056F9DDE9082322F09CFFBB
:10B060008BA3D3E9002323F04DF953EC192B0646AB
:10B070000F4622F08FFF8A4B002223F043F941EC68
:10B08000100B21F099F9DDE904232046294647EC0D
:10B09000186B57EC106B23F035F9DDE90E230446ED
:10B0A0000D4651EC1B0B22F075FF02460B46204665
:10B0B000294622F071FF74A3D3E9002323F022F97B
:10B0C00041EC100B21F078F9B0EE407AF0EE607AA6
:10B0D000B0EE490AF0EE690AFFF72BBBD6F8983CB0
:10B0E0002C9363235BEC10AB1793FEF779BF2646D6
:10B0F0002F4642464B463046394623F075FB002822
:10B100003FF42CACBEE653EC1D2BDDE9020123F02D
:10B11000F9F853EC1C2B04460D46DDE9040123F03D
:10B12000F1F802460B462046294622F035FFDDE9BC
:10B13000182323F0E7F80022002306460F4623F0E9
:10B1400053FB002840F04E82564B002230463946D1
:10B1500023F068FB002800F09D83DDE92A45DDE946
:10B160001E232046294622F015FF4D4B002223F0D6
:10B17000C9F841EC100B21F01FF953EC1F2BDDE94E
:10B18000280157EC106B22F005FF3FA3D3E9002301
:10B1900023F0B8F841EC100B21F00EF9B0EE407A34
:10B1A000F0EE607A45EC104B55EC174B21F048F867
:10B1B000DDE9062351EC100B23F0A4F822462B46C0
:10B1C00045E257EC196B19EE100A22462B46394618
:10B1D00024E5DDE908235046594622F0DBFEDDE98F
:10B1E000022323F08FF8DDE90CAB53EC1B2B044654
:10B1F0000D465046594622F0CDFEDDE9042323F0EA
:10B2000081F802460B462046294622F0C5FEDDE9BC
:10B21000142323F0A1F90022002306460F4623F051
:10B22000E3FA002840F090811E4B00223046394658
:10B2300023F0F8FA16A3D3E90023002800F0BC821B
:10B24000DDE9060123F05EF8DDE92A6704460D46D4
:10B2500022462B463046394622F09CFE104B0022F7
:10B2600023F050F841EC100B21F0A6F8DDE928019D
:10B27000DDE90C2385E19FED087BB0EE479AF0EE07
:10B28000679AE0E4AFF30080399D52A246DF813F28
:10B29000399D52A246DF913F000000000000E03FD0
:10B2A0000000E03F0000F03F169B002B00F04081C3
:10B2B000179A0A998A4240F33B812C9DC44A013B6C
:10B2C0002B4401310C4682FB0310D9174FF0640E5A
:10B2D000C1EB60110EFB11372C441C99029782FBC5
:10B2E0000402E3171D980E46C3EB621301991D4635
:10B2F00084460EFB15448C4453EC192B0E4401EB91
:10B30000471751EC190BD6E906AB97ED068B16944F
:10B31000DCE9066722F0F6FF80468946424651EC9A
:10B32000190B4B4622F0EEFFAA4B04460D460022B5
:10B3300051EC180B22F0E6FF45EC1C4B019B044638
:10B34000169803EB40130D460022D3E90601A24BE9
:10B3500022F0D8FF45EC1A4B324604460D463B46D8
:10B360003046394622F018FE45EC1B4B9B4B0446F9
:10B370000D4600225046594622F0C4FF02460B46B5
:10B380002046294622F006FE53EC182BB0EE498ADF
:10B39000F0EE698A22F000FE53EC1B2B22F0FAFD3E
:10B3A00042464B4622F0AEFF8B4B04460D46002230
:10B3B0003046394622F0A6FF53EC1A2B22F0ECFD62
:10B3C00053EC192B22F09EFF52465B4622F0E4FD1F
:10B3D00002460B462046294622F0DEFD3246044650
:10B3E0000D463B465046594622F0D4FD7C4B002288
:10B3F00022F088FF53EC1A2B22F0CEFD53EC1B2BCE
:10B4000022F0CAFD53EC1C2B22F07CFF02460B46B7
:10B410002046294622F0C0FD2E9DC5E90001019974
:10B42000029F279E269D01EB471393ED087B01EBBE
:10B43000451501EB4614674BB0EE47BAF0EE67BA1C
:10B4400051EC170B002222F05DFFD4E90067D5E92B
:10B4500000AB04460D461698019901EB4013D3E961
:10B46000080100225C4B22F04DFF45EC194B32469F
:10B4700004460D463B463046394622F08DFD45ECEC
:10B480001A4B564B04460D4600225046594622F0B0
:10B4900039FF02460B462046294622F07BFD53EC3D
:10B4A0001B2B22F079FD53EC1A2B22F073FD424640
:10B4B0004B4622F027FF484B04460D4600223046FB
:10B4C000394622F01FFF53EC192B22F065FD53EC97
:10B4D000182B22F017FF52465B4622F05DFD024614
:10B4E0000B462046294622F057FD324604460D46BB
:10B4F0003B465046594622F04DFD394B002222F082
:10B5000001FF53EC192B22F047FD53EC1A2B22F0CC
:10B5100043FD53EC1C2B22F0F5FE02460B46204661
:10B52000294622F039FD2F9A0123C2E90001AAE43D
:10B530009DED067B2E9B2F9A83ED007B9DED0C7B72
:10B54000012382ED007B9EE41DA3D3E90023DDE906
:10B55000060122F0D7FEDDE9226704460D462246A9
:10B560002B463046394622F015FD1B4B002222F0B7
:10B57000C9FE41EC100B20F01FFF51EC1B0B524693
:10B580005B465BEC10AB22F005FD0FA3D3E9002373
:10B5900022F0B8FE41EC100B20F00EFFB0EE407A26
:10B5A000F0EE607A45EC104B55EC174B20F048FE5E
:10B5B000B0EE407AF0EE607A47EC106BFFF7B3BB69
:10B5C000399D52A246DF913F399D52A246DF813F0D
:10B5D0001F85EB510000E0BF0000E03F0000044089
:10B5E0000000F83FDDE92245DDE91E23204629461B
:10B5F00022F0D0FCD24B002222F084FE41EC100B52
:10B6000020F0DAFE53EC1F2B51EC1B0B57EC106BA8
:10B6100022F0C0FCC4A3D3E9002322F073FE41EC66
:10B62000100B20F0C9FEB0EE407AF0EE607A45ECE7
:10B63000104B55EC174B20F003FE22462B462046BC
:10B64000294655EC104B22F05DFEDDE9062322F081
:10B6500059FE22462B4622F055FE32463B46044612
:10B660000D463046394622F04DFE02460B46204636
:10B67000294622F091FC02460B4643EC102BCDE903
:10B68000062320F025FFDDE90623B0EE408AF0EE28
:10B69000608AAC49002022F07DFC41EC100B20F0C8
:10B6A00017FFB0EE401AF0EE601AB0EE480AF0EE66
:10B6B000680A20F00BFF9EA3D3E9002351EC100B86
:10B6C00022F020FE53EC1E2B41EC190BDDE90201A8
:10B6D00022F018FE53EC1A2B04460D46DDE9040156
:10B6E00022F010FE02460B462046294622F054FC6A
:10B6F000DDE9182322F006FE0022002306460F464D
:10B7000023F072F8E8B98F4B00223046394623F017
:10B7100089F8002800F01881DDE92A45DDE92023B9
:10B720002046294622F036FC854B002222F0EAFD15
:10B7300041EC100B20F040FEDDE90E23DDE928018D
:10B7400013E0DDE92245DDE920232046294622F0E9
:10B7500021FC7B4B002222F0D5FD41EC100B20F0A8
:10B760002BFEDDE90E2351EC1B0B57EC106B22F086
:10B7700011FC6DA3D3E9002322F0C4FD41EC100BB2
:10B7800020F01AFEB0EE407AF0EE607A45EC104BF5
:10B7900055EC174B20F054FD22462B4620462946F7
:10B7A00055EC104B22F0AEFDDDE9102322F0AAFD8E
:10B7B00022462B46FFF7ABB9DDE9060122F0A2FDD8
:10B7C000324604460D463B46DDE9020122F09AFD71
:10B7D000DDE9082322F0E0FB57A3D3E9002322F0A0
:10B7E00091FDA246AB4652465B4604460D4622F00A
:10B7F000D1FB534B002222F085FD41EC100B20F0D1
:10B80000DBFD32463B46DDE9040157EC106B22F0CC
:10B8100079FD45EC184BDDE90C2304460D4651EC4F
:10B820001B0B22F0B7FB02460B462046294622F0AE
:10B83000B3FB3DA3D3E9002322F064FD41EC100BE0
:10B8400020F0BAFDB0EE407AF0EE607A4BEC10AB2F
:10B8500055EC174B20F0F4FCB0EE407AF0EE607A35
:10B86000B0EE480AF0EE680A5BEC17AB20F0E8FC9B
:10B87000504653EC102B594622F044FD22462B46ED
:10B8800022F040FD22462B4622F03CFD32463B464C
:10B89000FFF75FBA32463B46DDE9020122F032FD96
:10B8A000DDE9082322F078FB23A3D3E9002322F06B
:10B8B00029FDDDE91E2304460D4622F06BFB204BDB
:10B8C000002222F01FFD41EC100B20F075FD3246E6
:10B8D0003B46DDE9040157EC106B22F013FD45EC0B
:10B8E000184B53EC1F2B04460D4651EC1B0B22F05A
:10B8F00051FB02460B462046294622F04DFB0AA387
:10B90000D3E9002322F0FEFC41EC100B20F054FDA3
:10B91000B0EE407AF0EE607AB0EE480AF0EE680AD7
:10B9200087E600BFAFF30080399D52A246DF813F1A
:10B9300000000000AE4D6841399D52A246DF913FA4
:10B940000000E03F0000F03F32463B46DDE90201E7
:10B9500022F0D8FCDDE9082322F01EFB27A3D3E95F
:10B96000002322F0CFFCDDE9202304460D4622F01F
:10B9700011FB214B002222F0C5FC41EC100B20F002
:10B980001BFD32463B46DDE9040157EC106B22F00B
:10B99000B9FC45EC184BDDE90E2304460D4651EC8D
:10B9A0001B0B22F0F7FA02460B462046294622F0EE
:10B9B000F3FA0FA3D3E9002322F0A4FC41EC100B0F
:10B9C00020F0FAFCB0EE407AF0EE607AB0EE480A71
:10B9D000F0EE680A55EC174B20F032FCDDE910233D
:10B9E00051EC100B22F08EFC22462B46DEE600BF07
:10B9F000399D52A246DF813F0000E03F399D52A2AF
:10BA000046DF913F000000002DE9F04F2DED108B37
:10BA1000B0EE46FAF0EE66FA97B09B461B781293AA
:10BA20008DED0A0B8DED021B8DED043B8DED084B6A
:10BA30008DED065B55EC104B824611911392F0EEA2
:10BA4000429AB0EE629A002B00F0448153EC142B22
:10BA500051EC160B22F09EFA97A3D3E900238046FF
:10BA600089462046294622F04DFC41EC100BCDE9D9
:10BA70000C0120F0E5FB9AED027BB0EE40DAF0EE2F
:10BA800060DA8DED0E7B9DED048BDDE9060153EC54
:10BA9000182B22F07FFA424604460D464B4640469C
:10BAA000494622F02FFC224606460F462B462046EA
:10BAB000294622F027FC02460B463046394622F042
:10BAC0006BFA82A3D3E9002306460F4622F08CFED0
:10BAD000002800F0AD8278A3D3E9002351EC180BC5
:10BAE00022F010FCDDE90C2304460D4622F052FA48
:10BAF000734B002222F006FC41EC100B20F05CFCA2
:10BB0000DDE90223DDE9080145EC184B55EC104B4B
:10BB100022F040FA64A3D3E9002322F0F3FB41ECC6
:10BB2000100B20F049FCB0EE407AF0EE607AB0EEF7
:10BB3000480AF0EE680A57EC176B20F081FB32469A
:10BB40003B463046394657EC106B22F0DBFB324661
:10BB50003B4622F0D7FB53EC1D2B22F0D3FB2246B1
:10BB60002B4604460D461046194622F0CBFB0246F2
:10BB70000B462046294622F00FFA02460B4643ECBC
:10BB8000102BCDE90C2320F0A3FCDDE90C23B0EE53
:10BB9000408AF0EE608A4B49002022F0FBF941EC2C
:10BBA000100B20F095FCB0EE401AF0EE601AB0EEEB
:10BBB000480AF0EE680A20F089FC3DA3D3E900238F
:10BBC00051EC100B22F09EFB129B04460D46002BFD
:10BBD00000F04D833B4B0022DDE90E0122F0DCF941
:10BBE0002B46224622F000FEDAF8983C002800F0AE
:10BBF000A2823548591C9DED0A7B80FB0120CA17A3
:10BC00000AEB4313C2EB601200208BF8000083EDB7
:10BC1000067B9DED027B642000FB12120AEB4111B2
:10BC200081ED007B11999962C3ED0B9A83ED0C9A1B
:10BC3000CAF8982C12B901238AF89C3C34990091D7
:10BC40003199B0EE4F3AF0EE6F3A00220023C1E98D
:10BC500000233299C1E900233499C1E90023339BC1
:10BC600000249DED062B9DED081B9DED040BDDE9E9
:10BC700031121C605046FEF793F90546002800F08B
:10BC80008382CAF8984C8AF89C4C21460AF1180025
:10BC90004FF4486223F0C2FA022017B0BDEC108BBB
:10BCA000BDE8F08FAFF30080399D52A246DF813F9F
:10BCB00000000000AE4D6841399D52A246DF913F21
:10BCC0000000E03F0000F03F1F85EB5111EA2D819D
:10BCD0009997713D10EE100AB0EE44AAF0EE64AAF6
:10BCE000CDA3D3E90023294622F00CFBCAA3D3E954
:10BCF000002341EC1B0BDDE9040122F003FB53ECB4
:10BD00001B2B8046894622F045F9C74B002222F0C2
:10BD1000F9FA41EC100B20F04FFBDDE9022351EC66
:10BD20001A0B57EC106B22F035F9B9A3D3E90023B5
:10BD300022F0E8FA41EC100B20F03EFBB0EE407A26
:10BD4000F0EE607AB0EE4B0AF0EE6B0A55EC174B52
:10BD500020F076FAB0EE407AF0EE607A49EC108B83
:10BD6000B0EE47DAF0EE67DA20F06AFA22462B46A8
:10BD70002046294655EC104B22F0C4FA22462B46A9
:10BD800022F0C0FA53EC1D2B22F0BCFA32463B469F
:10BD900006460F461046194622F0B4FA02460B46F4
:10BDA0003046394622F0F8F802460B4643EC102B99
:10BDB000CDE90C2320F08CFBDDE90C23B0EE408AAA
:10BDC000F0EE608A9949002022F0E4F841EC100B73
:10BDD00020F07EFBB0EE401AF0EE601AB0EE480A9A
:10BDE000F0EE680A20F072FB8BA3D3E90023DDE9B3
:10BDF00006018DED0C0B22F085FA41EC100B41ECA5
:10BE00001C0B20F01DFA42464B4651EC1C0BB0EEC9
:10BE100040EAF0EE60EA22F0BDF8834B002222F007
:10BE200071FA41EC100B20F0C7FA53EC1A2B51ECCD
:10BE30001F0B57EC106B22F0ADF875A3D3E900236C
:10BE40008046894622F05EFA41EC100B20F0B4FAED
:10BE500053EC102B10EE100A194622F053FA22462A
:10BE60002B4622F04FFA53EC1E2B22F04BFA3246AF
:10BE70003B4604460D463046394622F043FA9AEDD9
:10BE800002AB02460B46204629468DED0EAB22F052
:10BE900083F802460B4643EC102BCDE9142320F027
:10BEA00017FBDDE91423B0EE408AF0EE608A5F49AB
:10BEB000002022F06FF841EC100B20F009FBB0EEEF
:10BEC000401AF0EE601AB0EE480AF0EE680A20F070
:10BED000FDFA53A3D3E9002351EC100B22F012FA20
:10BEE00053EC1A2B06460F4651EC1A0B22F00AFAB5
:10BEF000324604460D463B463046394622F002FAA9
:10BF000002460B462046294622F046F841EC100B2B
:10BF100020F0DEFA42A3D3E90023DDE90C0155EC61
:10BF2000104B22F0EFF902460B462046294622F03C
:10BF300079FC8DED0CBB00283FF4AFAEDDE90223A8
:10BF400051EC1F0B22F026F831A3D3E9002322F095
:10BF5000D9F941EC100B20F02FFA53EC1B2B51ECCC
:10BF60001C0B57EC106B22F015F82F4B002222F01F
:10BF7000C9F941EC100B20F01FFA32463B4630461F
:10BF8000394657EC106B22F0BDF953EC1D2B22F013
:10BF9000B9F953EC1E2B22F0B5F932463B46064662
:10BFA0000F461046194622F0ADF902460B463046C0
:10BFB000394621F0F1FF06460F4632463B461B4903
:10BFC000002021F0E7FF41EC100B20F081FAB0EEE9
:10BFD000401AF0EE601A47EC106B8DED141B20F048
:10BFE00077FA9DED141B20F071FA0DA3D3E900231D
:10BFF00051EC100B22F086F902460B4620462946EA
:10C0000022F010FC00283FF448AE3CE5AFF300807E
:10C01000399D52A246DF813F399D52A246DF913FB2
:10C0200000000000AE4D68410000E03F0000F03F1E
:10C0300053EC182BB0EE48CAF0EE68CADDE90A01ED
:10C0400021F0A8FF22462B4622F05CF99DED08BBAB
:10C050009DED02AB41EC170B53EC1B2BB0EE478A66
:10C06000F0EE678A51EC1A0B21F094FF42464B46E2
:10C0700022F048F902460B4651EC180B21F08CFFD8
:10C0800032463B4622F068FA0022002306460F465D
:10C0900022F0AAFB002840F03281AD4B002230464E
:10C0A000394622F0BFFB002800F08480A4A3D3E926
:10C0B0000023DDE9060122F025F9DDE90C23044621
:10C0C0000D4621F067FFA34B002222F01BF941EC43
:10C0D000100B20F071F9DDE9022345EC184B51EC0F
:10C0E0001F0B57EC106B21F055FF97A3D3E90023EA
:10C0F00022F008F941EC100B20F05EF9B0EE407A26
:10C10000F0EE607AB0EE480AF0EE680A55EC174B94
:10C1100020F096F851EC1D0B53EC102B22F0F2F8A6
:10C1200022462B4622F0EEF822462B4622F0EAF871
:10C1300032463B4615E59DED0A7B8748591C0AEBC4
:10C14000431380FB012083ED067BCA179DED027B24
:10C15000C2EB6012642000FB12120AEB411181ED68
:10C16000007B11999962C3ED0B9A83ED0C9A012023
:10C17000CAF8982C002A7FF490AD8AF89C0C17B06E
:10C18000BDEC108BBDE8F08FDAF81430CAF8980CCB
:10C1900001338AF89C0CCAF814300AF118004FF4E5
:10C1A0004862294623F03AF8284617B0BDEC108BB8
:10C1B000BDE8F08F2046294632463B4622F0A2F8E1
:10C1C000DDE9042321F0E8FE5DA3D3E9002322F09A
:10C1D00099F8DDE90C2304460D4621F0DBFE5D4BAA
:10C1E000002222F08FF841EC100B20F0E5F8DDE999
:10C1F0000223DDE908018DED0C0B21F0CBFE45ECAF
:10C20000184B424604460D464B463046394622F00E
:10C2100079F802460B462046294621F0BDFE4AA386
:10C22000D3E9002322F06EF841EC100B20F0C4F8A3
:10C23000B0EE407AF0EE607AB0EE480AF0EE680AAE
:10C2400055EC174B1FF0FCFF22462B462046294693
:10C2500055EC104B22F056F822462B4622F052F8AD
:10C2600053EC1D2B22F04EF8DDE90C2379E4024655
:10C270000B46DDE90E0122F0D5FA00285ED001233D
:10C280008BF80030139B002B55D01D460FCDDAF8EC
:10C29000986C314F0AEB461418340FC495E80F0020
:10C2A000013684E80F0087FB0637F317C3EB6713EB
:10C2B000642202FB13639DED0A7B27485A1C0AEB9C
:10C2C000431383ED067B80FB02109DED027BD117AB
:10C2D000C1EB6011642000FB11210AEB421282EDD8
:10C2E000007B119A9A620120C3ED0B9A83ED0C9AA0
:10C2F000CAF8981C17B0BDEC108BBDE8F08F10A3E6
:10C30000D3E9002351EC1C0B21F0FCFFDDE90C23E9
:10C3100004460D4621F03EFE0E4B002221F0F2FFB6
:10C3200041EC100B20F048F845EC184B53EC1A2B5D
:10C3300051EC1B0BD5E6DAF8983CBCE71298ACE45C
:10C34000399D52A246DF913F399D52A246DF813F7F
:10C350000000F03F0000E03F1F85EB5182B34368CF
:10C360007BB9037A3BB3022A00F08480032A26D1EA
:10C370000161D0F8F03C022B7ED00023C0F8F03CE5
:10C380007047022B17D1012A19DD022AF1D0D0F80B
:10C39000F03C012BF1D1D0F8F42CC0F8F41C914200
:10C3A00036BF3D4B0B465B189B1A0222C0F8FC3C83
:10C3B000C0F8F02C7047022AE9D0032AD9D0704780
:10C3C000037A30B453B1436843B9C36833B10269E7
:10C3D00022B1934234BF01230223436090F8C82C5A
:10C3E00000230124C0E903330472AAB3D0F8F03C5F
:10C3F000032B31D1D0F8F42CD0F8FC4C914236BF4D
:10C40000254B0B465B189B1AC0F8043D24B3D0F8AB
:10C41000002D0AB303B3D0F8085D0DB1AC4205D2CC
:10C42000D0F8EC5CC0F8084DC0F8145DD0F80C4DA5
:10C430000CB1A24205D2D0F8EC4CC0F80C2DC0F8DB
:10C44000184DD0F8102D0AB1934205D2D0F8EC2C3B
:10C45000C0F8103DC0F81C2D0023012230BCC0F8EC
:10C46000F41CC0F8F02CC0F8FC3CC0F8003DC0F84B
:10C47000043D7047C1608AE7D0F8F42CC0F8F41C82
:10C48000914236BF044B0B465B189B1A0322C0F83F
:10C49000003DC0F8F02C7047005C2605000000004D
:10C4A0002DE9F8430446002500F118082DED028B14
:10C4B000B0EE408AF0EE608A89469FED530B294624
:10C4C000C4E90355404665602572FDF73FFD04F65B
:10C4D000D8410023C4F8B85CA4F8C85CC4F8CC5CAC
:10C4E000C4F8D05CC4F8D45C04F6DC420B6004F5FC
:10C4F0004E6004F6E4411360036004F6E8420B600A
:10C5000000200021C2E9000104F5526204F6245023
:10C5100000260027C4F8F05CC4F8F45CA4F8F85CCA
:10C52000C4F8FC5CC4F8005DC4F8045DC4F8085DA0
:10C53000C4F80C5DC4F8105DC4F8145DC4F8185D4F
:10C54000C4F81C5D04F62851136004F553620360BF
:10C55000C1E9006704F55460C2E90067294620225A
:10C5600084F8385D22F05AFEB0EE480AF0EE680A10
:10C5700004F6685384F8605D04F55760C3E900670A
:10C5800004F6785104F5586204F68853C0E9006750
:10C59000C1E9006704F55960C2E9006704F69851E3
:10C5A000C3E9006704F55A6204F6A853C0E90067BE
:10C5B000C1E9006704F55B60C2E9006704F6B851A1
:10C5C000C3E9006704F55C6204F54C63C0E90067E9
:10C5D000C1E900674046C2E90067A4F8C85D84F875
:10C5E000CA5DC4F8CC5D83ED008BC4F80090FDF704
:10C5F000C3FC40462168FDF7C3FCBDEC028B20461E
:10C60000BDE8F883AFF300800000000000001C408C
:10C610002DE9F04F90F8602DD0F8B81C8FB004468B
:10C6200000F558650026002700F6685800F5576E9B
:10C6300000F6785C04F6E44300F5526095ED006B7B
:10C64000002590ED002AD3ED002A079598ED003BD8
:10C650009EED004B9CED005BCDE90867CDE90A67D4
:10C66000CDE90C6704F6C94304F118000AB104F5DA
:10C6700054620CAD07AE04950AAD0396029508AE60
:10C680000025CDE90056FFF7BFF90228054607D07F
:10C69000A5F10100B0FA80F040090FB0BDE8F08FBD
:10C6A00094F8C83CEBB9DDE90C890123079E84F8B6
:10C6B000C83C04F6D84AC4F8CC6C4046494622F03F
:10C6C00019F994F8C93DCAF80000002BE0D094F89D
:10C6D000CA3D002BDCD0314620460022FFF73EFE4B
:10C6E000D6E7D4F8CC3C079ED4F8EC2CB34288BFF4
:10C6F000154F04F6D84A02F1010B8CBFBF1937461B
:10C70000DAF80000C4F8ECBCFF1ADDE90C8921F06E
:10C71000A1FD02460B464046494621F03BFCC4F8C9
:10C72000D07C22F0E7F8D4F8D43C04F6DC42106068
:10C730000BB1BB42BFD904F54E63C4F8D47C18607A
:10C74000C4F8E8BCB7E700BF005C26052DE9F0435C
:10C75000B0EE427AF0EE627AB0EE456AF0EE656ACB
:10C760008FB090F8605DD0F8B8CC4FF000084FF073
:10C770000009044600F55267164600F6E440002220
:10C78000D0ED002A97ED002A0792CDE90889CDE97E
:10C790000A89CDE90C890B4604F1180025B304F58C
:10C7A00054620CAF07AD049703950AAF08ADCDE90D
:10C7B0000157B0EE445AF0EE645AB0EE434AF0EE40
:10C7C000634A00966146B0EE473AF0EE673AFFF7EB
:10C7D0001BF90228054609D0A5F10100B0FA80F046
:10C7E00040090FB0BDE8F0832A46DAE794F8C83C68
:10C7F000002BF1D094F8C93D002BEDD094F8CA3D40
:10C80000002BE9D0079932462046FFF7A7FDE3E762
:10C810002DE9F04F2DED048B55EC104B89B00646F9
:10C820000F4B10EE100A4FF0FF32294659EC118BD6
:10C8300012EE10AA12EE907A21F0E0FF40B14FF014
:10C84000FF326FF480132046294621F0E1FF48B9FA
:10C850004FF0FF3009B0BDEC048BBDE8F08F00BF96
:10C86000FFFFEF7FCA4B4FF0FF324046494621F0B1
:10C87000C5FF0028ECD04FF0FF326FF48013404624
:10C88000494621F0C5FF0028E2D0C24B00222046D5
:10C89000294621F0A9FF0028DAD1BF4B002220460B
:10C8A000294621F0BFFF0028D2D1BC4B00224046D0
:10C8B000494621F099FF0028CAD1B94B00224046D1
:10C8C000494621F0AFFF0028C2D1002200232046B4
:10C8D000294621F07FFF38B1002200234046494617
:10C8E00021F078FF0028B3D1504621F0B3FCA84BCB
:10C8F00083468C464FF0FF32CDE900BC21F07EFF2D
:10C9000040B1DDE900014FF0FF326FF4801321F0F8
:10C910007FFF18B906F6245BDBF800A0384621F04B
:10C9200099FC9B4B83468C464FF0FF32CDE900BC0F
:10C9300021F064FF002800F07D81DDE900014FF067
:10C94000FF326FF4801321F063FF002800F0728142
:10C9500007EE907AF5EEC07ADFED927AF1EE10FAFA
:10C96000B8BF17EE907A96F8383D002B00F064813E
:10C9700006F62853D3E9000102937DA3D3E90023EF
:10C9800021F0C0FC7AA3D3E9002341EC190B204627
:10C99000294621F0B7FC53EC192B8C4683464CEC0E
:10C9A00018BB21F0F7FA804B002221F0ABFC41ECE0
:10C9B000100B1FF001FD06F5536303934046D3E9C6
:10C9C000002349468DED000B21F0E4FA6AA3D3E978
:10C9D000002321F097FC41EC100B1FF0EDFCB0EEB2
:10C9E000407AF0EE607A53EC172BB0EE490AF0EE85
:10C9F000690ACDE906231FF023FCB0EE407AF0EE81
:10CA0000607AB0EE480AF0EE680A8DED047B1FF004
:10CA100017FCDDE90623104619468DED060B21F0C3
:10CA200071FCDDE9062321F06DFCDDE9042321F032
:10CA300069FCDDE9002341EC180B1046194621F092
:10CA400061FC02460B4651EC180B21F0A5FA024698
:10CA50000B4643EC102BCDE900231FF039FDDDE937
:10CA60000023B0EE408AF0EE608A5049002021F0A9
:10CA700091FA41EC100B1FF02BFDB0EE401AF0EED6
:10CA8000601AB0EE480AF0EE680A1FF01FFD3CA3E2
:10CA9000D3E90023B0EE409AF0EE609A51EC100B0F
:10CAA00021F0C0FE002800F0D680D6F8CC3D01333E
:10CAB000022BD8BFC6F8CC3D7FF7CAAE0023C6F81C
:10CAC000CC3D06F5526306F6245B0093029BC3E956
:10CAD0000045039B3846C3E90089CBF800A021F04C
:10CAE000B9FB29A3D3E9002321F00CFC21F002FFBC
:10CAF00006F6E44B96F8C83DCBF80000002B57D063
:10CB000096F8C93C3BB996F8F83C002B50D196F802
:10CB1000F93C002B4CD149EC118B45EC104B3046C5
:10CB2000FFF776FD002843D096F8C93D02931846DA
:10CB3000002B40F03381009BDBF800101F68D6F813
:10CB4000B8CC06F55463C3E9004506F6585206F61C
:10CB5000485306F65454C3E900890123C6F850CD62
:10CB60002760116086F8603D74E600BFAFF3008077
:10CB7000399D52A246DF913F399D52A246DF813F47
:10CB8000E5BC41B4BE92043F6F1283C0CAA1FD3F11
:10CB9000FFFFEF7F008056C000805640008066C0D7
:10CBA00000806640000000000000E03F0000F03F11
:10CBB00096F8C93D002B00F0D58000234FF0FF30E0
:10CBC000029396F8CAADBAF1000FB4D096F8C93CFA
:10CBD000002BB0D196F8F83C002B00F0818006F5D0
:10CBE0005A6006F6985106F5596206F6885390ED9C
:10CBF000005B91ED004B92ED003B93ED002B49EC77
:10CC0000118B45EC104B022206F6F8413046FFF737
:10CC10009DFD08B1CDF808A096F8CA3D002B40F064
:10CC20009B8096F8F93C002B5FD1029B83F00100BA
:10CC3000404280E7002796E6012386F8383D06F655
:10CC40002853029306F55363039306F5526306F6E1
:10CC5000245B00933AE7C6F8CC0D504621F0FAFA6F
:10CC600006F6245B41EC180BDBF8000021F0F2FA29
:10CC700002460B4651EC180B21F08CF948A3D3E97E
:10CC8000002341EC180B51EC190B21F03BFB024641
:10CC90000B4621F037FB53EC182B41EC180B1046D8
:10CCA000194621F02FFB02460B4651EC180B21F0E0
:10CCB00073F941EC100B1FF00BFC06F5526153ECBD
:10CCC000102B08680091CDE9042321F0C3FADDE9B7
:10CCD000042321F061F921F00DFE009B1860F5E6B8
:10CCE00096F8F93C002B3FF47AAF06F55C6006F647
:10CCF000B85106F55B6206F6A85390ED005B91ED26
:10CD0000004B92ED003B93ED002B49EC118B45EC71
:10CD1000104B032206F6F9413046FFF717FD0028B5
:10CD200083D0009BDBF800101F68D6F8B80C06F51E
:10CD30005463C3E9004506F6585206F6485306F612
:10CD40005454C3E900890123C6F8500D2760002020
:10CD5000116086F8603D7DE596F8F83C002B7FF485
:10CD600060AFC2E7009BDBF800101F68D6F8B80C74
:10CD700006F55463C3E9004506F6585206F64853D3
:10CD800006F65454C3E900890123C6F8500D276004
:10CD90004FF0FF30116086F8603D5BE5002010E742
:10CDA00000000000AE4D68410346F0B400F6D840E4
:10CDB00003F6DC4703F54E6600220021C3F8CC2CB5
:10CDC000C3F8D02CC3F8D42C0160396003F6E840D6
:10CDD000316000270026C0E9006703F55266002491
:10CDE000002503F62850C3E90322C3F8F02CC3F84A
:10CDF000F42CA3F8F82CC3F8FC2CC3F8002DC3F8CE
:10CE0000042DC3F8082DC3F80C2DC3F8102DC3F85A
:10CE1000142DC3F8182DC3F81C2D5A601A72C3F8CC
:10CE2000B82C3160C0E9004503F6245003F5536681
:10CE3000C6E90045016003F5546603F6485083F8DF
:10CE4000382DC3F8CC2DC6E90045C0E9004503F6EE
:10CE5000545603F65854C3F8502D03F118003160AE
:10CE60002160F0BC83F8602DA3F8C82CFDF78CB8C6
:10CE70002DE9F04F824655EC104B00F668500AF54C
:10CE800057610AF678520AF5586380ED000B83B0BB
:10CE900081ED001B10EE100A82ED002B294683ED78
:10CEA000003B4FF0FF32304B8DED003B57EC116BE8
:10CEB00059EC128B21F0A2FC00284DD04FF0FF322C
:10CEC0006FF480132046294621F0A2FC002843D0AD
:10CED000254B4FF0FF323046394621F08FFC0028B9
:10CEE0003AD04FF0FF326FF480133046394621F0CC
:10CEF0008FFC88B31C4B4FF0FF324046494621F06F
:10CF00007DFC48B34FF0FF326FF480134046494632
:10CF100021F07EFC00B3DDE90001134B4FF0FF323E
:10CF200021F06CFCC0B1DDE900014FF0FF326FF47D
:10CF3000801321F06DFC78B142464B4620462946CD
:10CF400021F048FC68B1DDE900233046394621F084
:10CF500041FCB0FA80F040098AF8C80D03B0BDE882
:10CF6000F08F0120F8E700BFFFFFEF7F2DE9F04FC2
:10CF7000824655EC104B00F688500AF559610AF6C6
:10CF800098520AF55A6380ED000B83B081ED001BC7
:10CF900010EE100A82ED002B294683ED003B4FF086
:10CFA000FF32304B8DED003B57EC116B59EC128B7F
:10CFB00021F024FC00284DD04FF0FF326FF4801395
:10CFC0002046294621F024FC002843D0254B4FF071
:10CFD000FF323046394621F011FC00283AD04FF09C
:10CFE000FF326FF480133046394621F011FC88B3CC
:10CFF0001C4B4FF0FF324046494621F0FFFB48B33F
:10D000004FF0FF326FF480134046494621F000FC98
:10D0100000B3DDE90001134B4FF0FF3221F0EEFBCE
:10D02000C0B1DDE900014FF0FF326FF4801321F051
:10D03000EFFB78B142464B462046294621F0CAFB19
:10D0400068B1DDE900233046394621F0C3FBB0FA70
:10D0500080F040098AF8C90D03B0BDE8F08F0120C7
:10D06000F8E700BFFFFFEF7F2DE9F04F824655EC58
:10D07000104B00F6A8500AF55B610AF6B8520AF5A3
:10D080005C6380ED000B83B081ED001B10EE100A95
:10D0900082ED002B294683ED003B4FF0FF32304BF1
:10D0A0008DED003B57EC116B59EC128B21F0A6FB78
:10D0B00000284DD04FF0FF326FF4801320462946F0
:10D0C00021F0A6FB002843D0254B4FF0FF3230461D
:10D0D000394621F093FB00283AD04FF0FF326FF42D
:10D0E00080133046394621F093FB88B31C4B4FF038
:10D0F000FF324046494621F081FB48B34FF0FF32F2
:10D100006FF480134046494621F082FB00B3DDE90D
:10D110000001134B4FF0FF3221F070FBC0B1DDE98D
:10D1200000014FF0FF326FF4801321F071FB78B1F2
:10D1300042464B462046294621F04CFB68B1DDE9CA
:10D1400000233046394621F045FBB0FA80F0400913
:10D150008AF8CA0D03B0BDE8F08F0120F8E700BFE0
:10D16000FFFFEF7FC0F8B81C704700BF18300121E7
:10D17000FCF708BF90F8C80C704700BF90F8C90CC6
:10D18000704700BF90F8C83C6BB1D0F8CC3CD0F8E9
:10D19000B80C834205D900F1A46000F5CB2000F55E
:10D1A0008060C01A70471846704700BFD0F8D00C96
:10D1B000704700BFD0F8D40C704700BF00F5526034
:10D1C00090ED000A704700BFD0F8E80C704700BF30
:10D1D000D0F8EC0C704700BF00F6D843D3ED007ACE
:10D1E000F5EE407AF1EE10FA0FD090F8C83C63B13A
:10D1F00000F5526393ED007AD0F8CC2CD0F8B83C0F
:10D200009A4237EE677A0ED907E0D0F8CC2CD0F8E6
:10D21000B83C9A4227D99FED177A03F1A46303F52E
:10D22000CB2303F58063B5EE407AF1EE10FA1DD002
:10D2300000F54E6191ED000AB5EE400AF1EE10FAEC
:10D2400013D000F6D4419B1AD1ED006A07EE903A54
:10D25000F8EE666AF8EE677A87EE876AC6EE807A3D
:10D2600036EE670A70479FED030A7047B0EE470A33
:10D27000704700BF00000000D0F8083D3BB1D0F877
:10D280000C2D32B1D0F8101D31B113440B441846A7
:10D2900070471346184670470B461846704700BF44
:10D2A000D0F8140D704700BFD0F8180D704700BFBC
:10D2B000D0F81C0D704700BF90F8C93D0BB190F835
:10D2C000CA3D1846704700BF2DE9F04704462DEDD2
:10D2D000028BB0EE408AF0EE608A88461030FCF790
:10D2E00035FEB0EE480AF0EE680A414604F54B60A0
:10D2F000FCF72CFEB0EE480AF0EE680A04F5CA50BE
:10D3000041461030FCF722FEB0EE480AF0EE680A03
:10D3100004F5175041463030FCF718FE0026002770
:10D3200004F54B5104F54A50C0E90467C0E90667AB
:10D33000C0E90867C0E90A67C0E90C67C0E90E6781
:10D3400004F54C53C1E90067C1E90267C1E904670C
:10D35000C1E90667C1E90867C1E90A67C1E90C6765
:10D36000C1E90E6743F2183C43F2143E43F23430F5
:10D3700043F2383143F2103A00254FF00009C3E977
:10D380000067C3E90267202244F80A5044F80E50AF
:10D3900044F80C50C3E90867C3E90A67C3F81C9056
:10D3A000C3F830902554655004F54D50C3F83C90B7
:10D3B000294621F033FF43F2603243F26233A55233
:10D3C00043F26432E55443F26833A55043F26C32C1
:10D3D000E55004F54D53A550C3E90C6704F54D52D3
:10D3E00004F54E5743F2783343F28836E550C2F8DD
:10D3F0003C903D60C7F8049043F28C3243F2903782
:10D4000043F29433A55143F29830A55043F2A43C23
:10D41000E55143F2B0310127E754261804EB0C0222
:10D4200063182550C6E9015544F80C50C2E901556E
:10D430006550C3E9015584ED028BBDEC028B20469B
:10D44000C4F80080BDE8F0872DE9F04F2DED068B84
:10D450005BEC10ABADB004460F4B10EE100A4FF072
:10D46000FF32594659EC118B12EE105A12EE906AA7
:10D4700021F0C4F940B14FF0FF326FF480135046F1
:10D48000594621F0C5F948B94FF0FF3738462DB05D
:10D49000BDEC068BBDE8F08FFFFFEF7FC84B4FF070
:10D4A000FF324046494621F0A9F90028ECD04FF060
:10D4B000FF326FF480134046494621F0A9F9002855
:10D4C000E2D0C04B00225046594621F08DF9002889
:10D4D000DAD1BD4B00225046594621F0A3F900286D
:10D4E000D2D1BA4B00224046494621F07DF90028AE
:10D4F000CAD1B74B00224046494621F093F9002893
:10D50000C2D1002200235046594621F063F938B1B8
:10D51000002200234046494621F05CF90028B3D19F
:10D52000284620F097FEA64B4FF0FF32CDE90601CA
:10D5300021F064F940B1DDE906014FF0FF326FF4EC
:10D54000801321F065F910B904F54C573D6B304656
:10D5500020F080FE9A4B4FF0FF32CDE9060121F01A
:10D560004DF9002800F08781DDE906014FF0FF3218
:10D570006FF4801321F04CF9002800F07C8107EE55
:10D58000906A07EE106AF5EEC07ADFED947AF1EE5C
:10D5900010FAA8BFF0EE477AB0EE679A43F2343340
:10D5A000E25C002A00F06C8104F54C5320330993AF
:10D5B000D3E9000178A3D3E9002320F0A3FE76A3EA
:10D5C000D3E9002306460F465046594620F09AFEFE
:10D5D00032463B4641EC180BCDE9060120F0DAFC5F
:10D5E00000227C4B20F08EFE04F54C5341EC100BD6
:10D5F00006931EF0E1FE069B283306934046D3E9CE
:10D60000002349468DED0A0B20F0C4FC64A3D3E946
:10D61000002320F077FE41EC100B1EF0CDFEB0EEA3
:10D62000407AF0EE607A47EC106B57EC176B1EF007
:10D6300007FEB0EE407AF0EE607AB0EE480AF0EE07
:10D64000680A8DED0C7B1EF0FBFD32463B463046F2
:10D65000394657EC106B20F055FE32463B4620F021
:10D6600051FEDDE90C2320F04DFEDDE90A230646DC
:10D670000F461046194620F045FE02460B4630463E
:10D68000394620F089FC02460B4643EC102BCDE9CD
:10D690000A231EF01DFFDDE90A23B0EE408AF0EEFA
:10D6A000608A4D49002020F075FC41EC100B1EF003
:10D6B0000FFFB0EE401AF0EE601AB0EE480AF0EE3E
:10D6C000680A1EF003FF38A3D3E90023B0EE40AA96
:10D6D000F0EE60AA51EC100B21F0A4F843F23832BE
:10D6E0000346002800F08282A3580133022BD8BFE2
:10D6F000A3507FF7C9AE04F54C56002304F54C57F0
:10D7000096ED078AA3501C363037099BC3E900AB5E
:10D71000069B19EE100AC3E900893D6020F09AFDCE
:10D7200023A3D3E9002320F0EDFD21F0E3F843F239
:10D73000603304F54C55E25CE86304F54D533C3529
:10D7400002EE900A0F9302B11A4643F21133002001
:10D75000E35C069300211F460023CDE91401CDE9C7
:10D760001601CDE918011093002F40F00A820997A5
:10D7700043F210339FED107BE75C00218DED1A7BA7
:10D780008DED1C7B8DED1E7B1191002F40F0C5812E
:10D790000A9725E0AFF30080399D52A246DF913F02
:10D7A000399D52A246DF813FE5BC41B4BE92043FA1
:10D7B0006F1283C0CAA1FD3F0000000000000000FE
:10D7C000FFFFEF7F008056C000805640008066C09B
:10D7D000008066400000E03F0000F03F00000000D5
:10D7E00043F212330020E75C00210023CDE9200141
:10D7F000CDE92201CDE924011293002F40F055819B
:10D800000C9743F213330020E35C00210027CDE99D
:10D810002601CDE92801CDE92A011397002B40F01C
:10D820000E81069A0E9382F001077F42099B022B1C
:10D8300038D00A9B022B00F01E820C9B022B00F0BA
:10D8400029820E9B022B00F0498243F218310F9B74
:10D85000665843F2503543F26031C3E900AB012012
:10D8600004F54D53C3E90289665183ED058AC3ED82
:10D87000062A60540AE65FED277AB0EE679A8DE6D5
:10D8800004F54C5604F54C57012296ED078AE254F4
:10D890003B463A462033099302F128031C363037C1
:10D8A000069332E743F26233E35C002B00F084809E
:10D8B00043F21233DDE91801E65C109D002E00F002
:10D8C000318243F28C33DDF824C0E25843F2133343
:10D8D000E35C6344934200F0478243F294330022B6
:10D8E000E25443F26C3354F803C0654505D205F1A8
:10D8F000A46505F5CB2505F5806504F54D5330335A
:10D90000D3E90023A5EB0C05CDED062A20F042FB60
:10D9100020F0F0FF43F2643204F54E51A358D1F8E1
:10D9200000C0DDED062A43F2783E013344F80E5084
:10D93000A35004F54D52D063BCF1000F01D06545F2
:10D9400006D20D6004F54E5243F2883150606350A8
:10D95000002E40F0DF8143F21332A25C2AB343F27F
:10D960009432A25C0AB3012243F2133143F298309D
:10D97000615C20581144C0B143F29C32A258A2B15C
:10D98000032903D143F2A032A25872B104F54E52DA
:10D99000183202EB8101D56810680DB1854201D9BA
:10D9A000D060936104329142F5D143F2623143F287
:10D9B0008C3200236354A3500A9B022B7FF43DAFAB
:10D9C0009DED1E7B119943F261300123235443F2F4
:10D9D000623243F26C3043F28C35A35443F29436F6
:10D9E000215004F54D5243F2903082ED0C7B63518F
:10D9F00043F2A035A35504F54E52215000230020D8
:10DA00000021C2E9060163510C9B022B00F06D81DD
:10DA10000E9B022B7FF419AF43F2123343F28C3288
:10DA2000E35CA2581399002B14BF022301239A42EE
:10DA300000F0848143F294330022E25405E704F5B8
:10DA40004B5043F2183190ED0E4B844604F54C5385
:10DA50002AA893ED026B9CED0C3B6158049004F5F1
:10DA60004C530DF14C0C0DF1A00E26A893ED005B6C
:10DA7000CDE9010ECDF80CC004F517504FF0030CA2
:10DA800049EC118B4BEC10ABB0EE482ACDF800C03E
:10DA900017333030FDF7B8FF0E90002800F00B81EF
:10DAA00096ED008AD5ED002AC0E604F54B5C63468E
:10DAB000604643F218319CED0A6B93ED085B90EDE4
:10DAC000064BE64612AB0DF1900C22A89EED043BEE
:10DAD0006158CDF810C00DF1800E4FF0020C039389
:10DAE000029004F54C5304F5CA50CDE900CE49EC40
:10DAF000118B4BEC10ABB0EE482A163310300E925F
:10DB0000FDF782FF0E9A0C90002800F0DD8096ED64
:10DB1000008AD5ED002A069773E6009104F54A5372
:10DB200043F2183193ED0A6B9E469C4618461EAB95
:10DB30009EED085B9CED064B90ED043B6158049311
:10DB40000DF1440E0DF1700C1AA804F54C53019020
:10DB5000CDE902CE49EC118B4BEC10ABB0EE482A6C
:10DB6000143304F110000C92FDF74EFF0C9A0A904A
:10DB7000002800F0AE8096ED008AD5ED002A0697C9
:10DB80002EE604F54B5704F54A5343F2183197ED4E
:10DB9000026B9C46384618AF93ED0E4B9CED0C3B48
:10DBA0006158049710AB90ED005B0DF1580C01200B
:10DBB000039314AF04F54C53B0EE482A009015338C
:10DBC000CDE9017C49EC118B4BEC10AB04F54B60BB
:10DBD0000A92FDF719FF031E18BF012396ED008A74
:10DBE000D5ED002A0A9A09900693C1E5A35028466C
:10DBF00020F030FB04F54C57303741EC180B3868F7
:10DC000020F028FB02460B4651EC180B20F0C2F91D
:10DC100060A3D3E9002341EC180B51EC1A0B20F060
:10DC200071FB02460B4620F06DFB53EC182B41ECC8
:10DC3000180B1046194620F065FB02460B4651ECC6
:10DC4000180B20F0A9F941EC100B1EF041FC04F573
:10DC50004C5653EC102BF069CDE90A2320F0FAFA68
:10DC6000DDE90A2320F098F920F044FE1C3608EE86
:10DC7000100A306049E543F262339DED1E7BE35CA0
:10DC80001199002B3FF49FAE43F26832A358013341
:10DC9000A35098E643F26233E35C002B3FF4D5AD2A
:10DCA00043F28C331299E358012B1FD043F2943383
:10DCB0000022E254ACE6069B96ED008AD5ED002AE0
:10DCC00083F001077F42B1E596ED008AD5ED002A89
:10DCD00097E596ED008AD5ED002A81E543F262339F
:10DCE000E35C002B3FF4B1AD96E6129943F290331A
:10DCF00043F29830E258914236BF254B0B465B18F1
:10DD00009B1A235043F28C3243F290330220A050EE
:10DD1000E1507DE643F29432A25C002A3FF445AE26
:10DD2000022221E643F21333E35C002B3FF4D9AD2A
:10DD300043F28C334FF0010CE258C7E543F29032C6
:10DD4000581EA658B14236BF114A0A465218921BB5
:10DD500000F6E64043F28C3543F29036013344F846
:10DD600020206351A15170E543F2903C531E54F8BA
:10DD70000CC0654536BF064A2A46521903F6E643EB
:10DD8000A2EB0C0244F82320ABE500BFAFF3008008
:10DD9000005C260500000000AE4D684143F21833D8
:10DDA000C15070472DE9F04F55EC104B824600F5FD
:10DDB0004A50024680ED040B80ED061B83B082EDD5
:10DDC000082B82ED0A3B10EE100A324B29464FF029
:10DDD000FF328DED003B57EC116B59EC128B20F0AC
:10DDE0000DFD00284DD04FF0FF326FF48013204618
:10DDF000294620F00DFD002843D0264B4FF0FF327E
:10DE00003046394620F0FAFC00283AD04FF0FF3275
:10DE10006FF480133046394620F0FAFC88B31D4B6E
:10DE20004FF0FF324046494620F0E8FC48B34FF03F
:10DE3000FF326FF480134046494620F0E9FC00B3FE
:10DE4000DDE90001134B4FF0FF3220F0D7FCC0B1E9
:10DE5000DDE900014FF0FF326FF4801320F0D8FCB1
:10DE600078B142464B462046294620F0B3FC78B1B3
:10DE7000DDE900233046394620F0ACFCB0FA80F0F2
:10DE8000400943F210330AF8030003B0BDE8F08FF5
:10DE90000120F6E7FFFFEF7F2DE9F04755EC104B2F
:10DEA00000F54A5100F54B5381ED0C0B81ED0E1B33
:10DEB00082B083ED002B83ED023B8246334B10EEA4
:10DEC000100A29464FF0FF328DED003B57EC116BE5
:10DED00059EC128B20F092FC00284DD04FF0FF320D
:10DEE0006FF480132046294620F092FC002843D08E
:10DEF000264B4FF0FF323046394620F07FFC002899
:10DF00003AD04FF0FF326FF480133046394620F09C
:10DF10007FFC88B31D4B4FF0FF324046494620F04E
:10DF20006DFC48B34FF0FF326FF480134046494612
:10DF300020F06EFC00B3DDE90001144B4FF0FF321E
:10DF400020F05CFCC0B1DDE900014FF0FF326FF45E
:10DF5000801320F05DFC78B142464B4620462946AE
:10DF600020F038FC78B1DDE900233046394620F056
:10DF700031FCB0FA80F0400943F211330AF8030093
:10DF800002B0BDE8F0870120F6E700BFFFFFEF7F9A
:10DF90002DE9F04F55EC104B824600F54B500246F0
:10DFA00080ED040B80ED061B83B082ED082B82ED23
:10DFB0000A3B10EE100A324B29464FF0FF328DED2E
:10DFC000003B57EC116B59EC128B20F017FC00282A
:10DFD0004DD04FF0FF326FF480132046294620F0D9
:10DFE00017FC002843D0264B4FF0FF32304639460D
:10DFF00020F004FC00283AD04FF0FF326FF4801379
:10E000003046394620F004FC88B31D4B4FF0FF32F8
:10E010004046494620F0F2FB48B34FF0FF326FF420
:10E0200080134046494620F0F3FB00B3DDE90001D0
:10E03000134B4FF0FF3220F0E1FBC0B1DDE90001EE
:10E040004FF0FF326FF4801320F0E2FB78B14246CC
:10E050004B462046294620F0BDFB78B1DDE9002380
:10E060003046394620F0B6FBB0FA80F0400943F262
:10E0700012330AF8030003B0BDE8F08F0120F6E781
:10E08000FFFFEF7F2DE9F04755EC104B00F54B51AA
:10E0900000F54C5381ED0C0B81ED0E1B82B083ED2E
:10E0A000002B83ED023B8246334B10EE100A2946CB
:10E0B0004FF0FF328DED003B57EC116B59EC128B9A
:10E0C00020F09CFB00284DD04FF0FF326FF48013FE
:10E0D0002046294620F09CFB002843D0264B4FF0D9
:10E0E000FF323046394620F089FB00283AD04FF005
:10E0F000FF326FF480133046394620F089FB88B335
:10E100001D4B4FF0FF324046494620F077FB48B3A5
:10E110004FF0FF326FF480134046494620F078FB01
:10E1200000B3DDE90001144B4FF0FF3220F066FB35
:10E13000C0B1DDE900014FF0FF326FF4801320F031
:10E1400067FB78B142464B462046294620F042FB09
:10E1500078B1DDE900233046394620F03BFBB0FAC8
:10E1600080F0400943F213330AF8030002B0BDE81F
:10E17000F0870120F6E700BFFFFFEF7F43F2103387
:10E18000C05C704743F21133C05C704743F21233F6
:10E19000C35C13B943F21333C35C1846704700BF26
:10E1A00010B5012104461030FBF7ECFE04F54B607E
:10E1B0000121FBF7E7FE04F5CA5010300121FBF7FF
:10E1C000E1FE04F517503030BDE810400121FBF7A7
:10E1D000D9BE00BF43F26233C05C704743F2643380
:10E1E000C058704743F26233C35C7BB143F26C3377
:10E1F00043F21832C3588058834205D900F1A46015
:10E2000000F5CB2000F58060C01A704718467047B3
:10E2100043F27833C058704700F54E50006870479D
:10E2200043F28833C058704743F26133C05C704793
:10E2300043F21433C35C1BB943F21533C35C0BB117
:10E240001846704743F21633C35C002BF8D143F2F3
:10E250001733C35C1846704743F26233C35C002B2C
:10E260003FD000F54C5310B50446D8691FF0F2FFBB
:10E2700004F54D533033D3E900231FF08BFE20F01B
:10E2800039FB43F26C3243F21833A158E3589942F8
:10E2900000EE100A05D903F1A46303F5CB2303F5BF
:10E2A0008063B5EE400AF1EE10FA19D004F54E5233
:10E2B00092ED017AB5EE407AF1EE10FA14D004F541
:10E2C0004E545B1AD4ED006A07EE903AF8EE666A97
:10E2D000F8EE677A87EE806A86EE870A36EE400AA5
:10E2E00010BD9FED030A7047B0EE470A10BD00BF96
:10E2F0000000000043F212330246C35CB3B143F2A4
:10E3000013330220D35C43F2A4310344505860B16C
:10E3100043F2A831515889B1032B084405D143F287
:10E32000AC33D35843B118447047704743F21333AA
:10E33000C35C0BB10120E6E71846704708467047FA
:10E3400070B40160154941640024002514498164BA
:10E3500000220021C0E90445C0E90645C0E90A459C
:10E36000C0E90C454FF0FF4600240025C0E91445E4
:10E37000C0E91A450667C0E9011170BC80F8381081
:10E38000C163A0F84C108165416702624262026479
:10E39000C265026642668267704700BF0000A04106
:10E3A0000000F04181607047F0B44FF0FF4200235D
:10E3B000002400250026002702670022C0E904454A
:10E3C000C0E90645C0E90A45C0E90C45C0E9146743
:10E3D000C0E91A67C0E90122F0BC80F83820C263A6
:10E3E000A0F84C2082654267036243620364C36500
:10E3F0000366436683677047B5EEC00AF1EE10FA14
:10E40000C8BF80ED110A7047B5EEC00AF1EE10FAF0
:10E41000C8BF80ED120A70472DE9F0472DED028B41
:10E42000824682B051EC100B85A3D3E9002355EC52
:10E43000114B1FF067FF82A3D3E9002306460F4666
:10E44000DAE904011FF05EFF32463B46804689460A
:10E450001FF0A0FD764B00221FF054FF41EC100B83
:10E460001DF0AAFF22462B46DAE9060155EC104BB7
:10E470001FF090FD6AA3D3E900231FF043FF41EC96
:10E48000100B1DF099FFB0EE407AF0EE607A47EC89
:10E49000106B49EC188B59EC178B1DF0D1FEB0EEC8
:10E4A000407AF0EE607AB0EE480AF0EE680A57EC77
:10E4B000176B1DF0C5FE42464B464046494659EC97
:10E4C000108B1FF01FFF42464B461FF01BFF3246CA
:10E4D0003B461FF017FF22462B4604460D461046CA
:10E4E00019461FF00FFF02460B46204629461FF033
:10E4F00053FD02460B4643EC102BCDE900231DF0E3
:10E50000E7FFDDE90023B0EE408AF0EE608A49497A
:10E5100000201FF03FFD41EC100B1DF0D9FFB0EEC5
:10E52000401AF0EE601AB0EE480AF0EE680A1DF0EC
:10E53000CDFF3DA3D3E9002351EC100B1FF0E2FE09
:10E5400004460D46DAF848001FF084FE22462B46AA
:10E5500020F054F9D8B9DAF870001FF07BFE22469B
:10E560002B4620F05FF968B12046294620F0C2F919
:10E57000DAF82420DAF80830CAF87000CAF87820EF
:10E58000CAF8743002B0BDEC028BBDE8F087DFED55
:10E590002A7A9AED1C7AB4EEE77A02220023F1EE91
:10E5A00010FACAF804208AF84D30EBDCDAF86C1067
:10E5B0009AF84C20DAF87430DAED1E7ADAF8500066
:10E5C00001313ABB01228342CAF86C108AF84C2010
:10E5D00024D21A4A1A449AED177ADAF85840CAF83F
:10E5E000503037EEC77A121ACAF854208AED187ADA
:10E5F000CAED177A0CB1A24205D2CAF858208AEDAA
:10E60000197ACAF86810CAED087A02B0BDEC028B1C
:10E61000BDE8F0878342CAF86C10DAD31A46DAE70D
:10E62000399D52A246DF813F00000000AE4D684197
:10E630000000E03F0000F03FFFFF7F7F005C260509
:10E64000399D52A246DF913F2DE9D04FD0ED097A96
:10E65000D0ED086A9FED6A7A2DED028B77EEE67AAF
:10E6600084B0F4EEC77AF1EE10FA8DED020B00F1F2
:10E670009D8004465CA3D3E9002351EC100B5BECB6
:10E6800011AB1FF03FFE58A3D3E9002306460F4607
:10E69000D4E904011FF036FE32463B4680468946E7
:10E6A0001FF078FC574B00221FF02CFE41EC100BA2
:10E6B0001DF082FE52465B46D4E906018DED000B4B
:10E6C0001FF068FC4AA3D3E900231FF01BFE41ECB6
:10E6D000100B1DF071FEB0EE407AF0EE607A47EC60
:10E6E000106B49EC188B59EC178B1DF0A9FDB0EE9F
:10E6F000407AF0EE607AB0EE480AF0EE680A57EC25
:10E70000176B1DF09DFD42464B464046494659EC6D
:10E71000108B1FF0F7FD42464B461FF0F3FD3246CB
:10E720003B461FF0EFFDDDE9002306460F4610468D
:10E7300019461FF0E7FD02460B46304639461FF0EA
:10E740002BFC02460B4643EC102BCDE900231DF0B9
:10E75000BFFEDDE90023B0EE408AF0EE608A2A4970
:10E7600000201FF017FC41EC100B1DF0B1FEB0EEC5
:10E77000401AF0EE601AB0EE480AF0EE680A1DF09A
:10E78000A5FEA06C59EC108B1FF064FD1AA3D3E911
:10E79000002306460F46404649461FF0B3FD024699
:10E7A0000B463046394620F03DF820B904B0BDECA8
:10E7B000028BBDE8D08F4FF0FF439DED020B00228E
:10E7C00023674BEC11AB0323A26763600122002394
:10E7D000204684F84D20636704B0BDEC028BBDE891
:10E7E000D04FFFF719BE00BF399D52A246DF913FBF
:10E7F000399D52A246DF813F00000000AE4D6841C6
:10E800000000C8420000E03F0000F03F00000000B0
:10E810002DE9F04F2DED028B55EC104B85B0824663
:10E82000DB4B10EE100A4FF0FF32294657EC116B0C
:10E8300012EE90BA1FF0E2FF002800F061814FF065
:10E84000FF326FF48013204629461FF0E1FF0028B5
:10E8500000F05681CE4B4FF0FF32304639461FF064
:10E86000CDFF002800F04C814FF0FF326FF4801391
:10E87000304639461FF0CCFF002800F04181C54BDF
:10E880000022204629461FF0AFFF002840F03881C3
:10E89000C14B0022204629461FF0C4FF002840F04B
:10E8A0002F81BE4B0022304639461FF09DFF0028C5
:10E8B00040F02681BA4B0022304639461FF0B2FFA5
:10E8C000002840F01D8100220023204629461FF029
:10E8D00081FF40B100220023304639461FF07AFF05
:10E8E000002840F00D8158461FF0B4FCA84B4FF0B3
:10E8F000FF32804689461FF081FF002800F0078123
:10E90000404649464FF0FF326FF480131FF080FFFE
:10E91000002800F0FC8007EE90BAF5EEC07ADFED3B
:10E92000A17AF1EE10FAB8BF17EE90BA9AF8383023
:10E93000002B00F0F4808AA3D3E90023DAE90A016E
:10E940001FF0E0FC86A3D3E90023804689462046D9
:10E9500029461FF0D7FC42464B4641EC180BCDE947
:10E9600000011FF017FB904B00221FF0CBFC41EC85
:10E97000100B1DF021FDDAE90C23304639468DEDF0
:10E98000000B1FF007FB78A3D3E900231FF0BAFCAC
:10E9900041EC100B1DF010FDB0EE407AF0EE607A05
:10E9A00049EC108B59EC178B1DF04AFCB0EE407A05
:10E9B000F0EE607AB0EE480AF0EE680A8DED027B68
:10E9C0001DF03EFC42464B464046494659EC108BF2
:10E9D0001FF098FC42464B461FF094FCDDE90223F1
:10E9E0001FF090FCDDE90023804689461046194659
:10E9F0001FF088FC02460B46404649461FF0CCFA01
:10EA000002460B4643EC102BCDE900231DF060FDC0
:10EA1000DDE90023B0EE408AF0EE608A6349002011
:10EA20001FF0B8FA41EC100B1DF052FDB0EE401A89
:10EA3000F0EE601AB0EE480AF0EE680A1DF046FDEE
:10EA400059EC108B4AA3D3E9002310EE100A494673
:10EA50001FF0E8FE002866D0DAF83C300133022BC4
:10EA60007BDD0023CAF83C30CAE90A45CAE90C67D5
:10EA700058461FF0EFFB40A3D3E900231FF042FCF0
:10EA80001FF038FFDAF80430CAF84000002B41D1FB
:10EA90000123CAF804301FF0DDFB39A3D3E90023BA
:10EAA0001FF030FC1FF026FFDAED117A07EE100A96
:10EAB000F4EEC77AF1EE10FA22D8DAF82430DAF858
:10EAC0000820CAF82030CAE90445CAE90667CAF82E
:10EAD0005C300223CAF85020CAF8043047EC116BAE
:10EAE00045EC104B5046FFF7AFFDDAF80430032B2E
:10EAF00006D147EC116B45EC104B5046FFF78CFCF0
:10EB00004FF0FF3005B0BDEC028BBDE8F08F4FF049
:10EB1000000B0BE7012B4BD0022BE8D1DEE70123E2
:10EB20008AF83830A0E7CAF83C00DAF824001FF071
:10EB300091FB15A3D3E9002341EC180B404649464D
:10EB40001FF0E0FB02460B4651EC180B1FF024FAB5
:10EB50001FF0D0FECAF8240086E7CAF83C30CFE7A1
:10EB6000399D52A246DF913F399D52A246DF813F37
:10EB7000E5BC41B4BE92043F6F1283C0CAA1FD3F01
:10EB800084BFAAD645E2E33F00000000AE4D6841D5
:10EB9000FFFFEF7F008056C000805640008066C0B7
:10EBA00000806640000000000000E03F0000F03FF1
:10EBB0001FF050FB08A3D3E900231FF0A3FB1FF0B5
:10EBC00099FEDAED117A07EE100AB4EEE77AF1EE6B
:10EBD00010FA95DB71E700BF84BFAAD645E2E33F98
:10EBE00090F84C00704700BF90F84D00704700BF90
:10EBF000C06E704790F84C305BB1036D8068834203
:10EC000005D900F1A46000F5CB2000F58060C01AA2
:10EC100070471846704700BF406D7047806D704761
:10EC2000806E704790ED177A90F84C30B5EE407AD0
:10EC3000F1EE10FA09D07BB3026D8368D0ED097A4A
:10EC40009A4237EEC77A0BD904E043B3026D83686A
:10EC50009A4224D903F1A46303F5CB2303F580631F
:10EC6000B5EE407AF1EE10FA19D090ED190AB5EE32
:10EC7000400AF1EE10FA14D09B1AD0ED166A07EE96
:10EC8000903AF8EE666AF8EE677A87EE876AC6EE23
:10EC9000807A36EE670A70479FED020A7047B0EE41
:10ECA000470A70470000000070B590F90230002B51
:10ECB00082B004460DDBA56805F1240003F0DCFBFF
:10ECC00000283FD1637843F001036370002002B055
:10ECD00070BD8068A1692430012203F08DFB0028FB
:10ECE000F0D0A58805F00F056B0100EB4515C35C5E
:10ECF000E52BE7D023781A4A03F03703EB72237829
:10ED000016681B0744BFE369EB61236A6B831B0C26
:10ED1000AB8266B10DF103020DF1060101A8B04707
:10ED2000BDF80430BDF806202B836B82EA82A378FD
:10ED3000A56803F07F03A37005F1240003F09CFB9A
:10ED40000028BFD005F50D7003F096FB0028B9D060
:10ED500028680368DB6998470028B3D0B7E700BF8D
:10ED6000683E0120F8B503785B0604D4244B426961
:10ED70009A42044602D300273846F8BD024680680E
:10ED800052F8105F294602F015F907460028F2D024
:10ED90003DB32669A1780135AE4218BF01F0BF012D
:10EDA000A06861F07F01A170817943690579023E15
:10EDB0008E401E44DDB10025294606E020F02EFAE3
:10EDC000A0680279E9B28A4210D931440522243080
:10EDD00003F012FB01354FF4007200210028EDD141
:10EDE000C9E7A178266941F04001D9E781796269D4
:10EDF0004FF400738B4012FA83F363613846F8BD19
:10EE000000FE1F0010B5044680680A462430A16940
:10EE100003F0F2FA20B1A38803F00F0300EB4310D4
:10EE200010BD00BF70B5037882B00446002B4ED0F1
:10EE300090F90230002B10DBA56805F1240003F0E7
:10EE40001BFB002849D1637843F001036370002065
:10EE500000232370A37002B070BD8068A1692430C4
:10EE6000012203F0C9FA0028EDD0A58805F00F05AE
:10EE70006B0100EB4515C35CE52BE4D023781D4AFC
:10EE800003F03703EB72237816681B0744BFE3696E
:10EE9000EB61236A6B831B0CAB8266B10DF103023D
:10EEA0000DF1060101A8B047BDF80430BDF80620F9
:10EEB0002B836B82EA82A378A56803F07F03A3709B
:10EEC00005F1240003F0D8FA0028BCD005E00023A7
:10EED00001202370A37002B070BD05F50D7003F022
:10EEE000CBFA0028AFD028680368DB699847002870
:10EEF000A9D0ADE7683E01200B7813F0D00F01D107
:10EF0000002070472DE9F04340F6022389B00D46FA
:10EF1000044601F02BF9002800F081800122102323
:10EF2000A27023702046FFF71DFF002877D02378BA
:10EF3000226922626BB1636933B1A3780022C4E90C
:10EF4000042223F02003A3702046FFF7ADFE002823
:10EF500065D0A068A1692430012203F04DFA002891
:10EF60005DD0A68806F00F0600EB46161023F3725C
:10EF7000B26830687168F368D4F808E0276A9EF8D0
:10EF80000680B6F81A90EC46ACE80F00306971695B
:10EF9000B269F369023FACE80F00DEF8141007FA1B
:10EFA00008F74FF0203339440EF124000122B6F85F
:10EFB0001480CDF80130CDF80530ADF8093003F0FC
:10EFC0001BFA064658B34FF02E0CADF81480ADF87E
:10EFD0001A908DF800C06F460FCF30607160B2603C
:10EFE000F3600FCF30617161B261F3612B6A8DF80C
:10EFF00001C01A0CADF81A30ADF814206D460FCDD3
:10F0000030627162B262F3620FCD30637163B263DA
:10F01000F363A46804F1240003F02EFA18B9002069
:10F0200009B0BDE8F08304F50D7003F025FA00285F
:10F03000F5D020680368DB6909B0BDE8F0431847E4
:10F040002DE9F04395B00578019206460020ADF811
:10F050001400ADF82C008DF82E00002D3FD11F4676
:10F060000B7813F0D00F0C4639D013782F2B1546A0
:10F0700039D0002F5ED00DF1040802AF4FF0000927
:10F0800020E0019D2D78002D48D001F06FF8034657
:10F090003A462146304613B9FFF72EFFF8B1354600
:10F0A0000FCD0BAC0FC40FCD0FC433782A6822608C
:10F0B00030460BB1FFF7F8FD019D86F8009086F809
:10F0C00002900BAC294643463A46304601F0D4F94B
:10F0D00005463A46214600233046002DD1D1002076
:10F0E00015B0BDE8F083013501952A782F2AFAD0B2
:10F0F000A4680BA82422002120F090F80D94E37955
:10F10000102B03D0202B11D00C2BE8D140238DF8ED
:10F110002C3001230BAC8DF82E30AAE73A4621465D
:10F120003046FFF7E9FE15B0BDE8F08380238DF887
:10F130002C30EEE7B9460DF1040802AF10E00FCD18
:10F140000FC40FCD0FC433782A68226030460BB14C
:10F15000FFF7AAFD019D86F8009086F802900BAC9F
:10F16000294643463A46304601F086F905463A4676
:10F17000214600233046002DB1D0019D2D78002D71
:10F18000CCD000F0F3FF35460BAC0028A7D0D6E773
:10F190002DE9F04194B00478019206460020ADF8C4
:10F1A00008008DF80A00ADF83800002C30D19846E0
:10F1B0000B7813F0D00F0D462AD013782F2B14465E
:10F1C0002AD0002717E0019C2478002C3AD000F0C8
:10F1D000CDFF354602ACD8B10FCD0FC40FCD0FC453
:10F1E00033782A68226030460BB1FFF75DFD019C41
:10F1F0003770B77002AD214601AB0BAA304601F063
:10F200003BF904460BAA294600233046002CDAD1EC
:10F21000002014B0BDE8F0810134019421782F2939
:10F22000FAD0B1B9AC68242230461FF0F7FFB460C1
:10F23000E379102B03D0202B25D00C2BE8D14023D1
:10F24000337022E043460BAA00F090FF14B0BDE8F3
:10F25000F081AD6802A8242200211FF0DFFF049591
:10F26000EB79102B03D0202B05D00C2BD0D14023D1
:10F270008DF8083002E080238DF80830012302ADBC
:10F280008DF80A309DE7802333700120B070C0E70D
:10F2900019B101F24441FFF77BBF0846704700BF38
:10F2A000074B10B41C683CB113460A4604F24441B3
:10F2B0005DF8044BFFF76CBF20465DF8044B7047C8
:10F2C000643E0120CB6870B50D46044693B90678BC
:10F2D0000EB1184670BD8D68242231461FF09EFF86
:10F2E000A560EB79102B19D0202B11D00C2B15D049
:10F2F000304670BD242200211FF090FF0123102210
:10F300002270A370D5E902121846A160226270BD76
:10F31000802323700123A370184670BD40232370FF
:10F32000F8E700BF70B504780CB1002070BD054649
:10F330000E46242221461FF071FFAE60F379102B98
:10F3400005D0202B09D00C2B01D0204670BD4023C6
:10F350002B700124AC70204670BD80232B70F8E721
:10F360002DE9F04F8378DF0783B0054640F19080A8
:10F370000F4601780E07914600F193804C0608D5A0
:10F38000826843695289C3EB42139BB2994528BFF7
:10F390009946B9F1000F00F0B0806B69AA68480681
:10F3A0004E464FF0000805F1100AC3F3080B40D594
:10F3B000116A01EB5321BBF1000F56D1B6F5007F66
:10F3C00053D3106B814250D0B6F5806F72D32B7837
:10F3D0005B064FEA562B05D41379A3EB08039B4534
:10F3E00028BF9B4681424FEA4B240DD801EB0B030B
:10F3F000984209D202F124000191009203F03CF8F6
:10F40000DDE90021002843D0906A02685B46D2F80B
:10F4100014B03A46D84700283AD06B69361B2344CB
:10F4200027446B6169D02978AA684806C3F3080BA2
:10F43000BED492F8058008EA5328BBF1000F37D1FB
:10F44000B8F1000F34D1002B3ED10C064CBF116A2D
:10F45000296A296193795469023901FA03F308EBA7
:10F4600004011944BBF1000FA8D0CBF50074B442DD
:10F4700002F124004FF0000228BF344602F0BCFF26
:10F4800030B100EB0B01224638461FF09FFEC4E767
:10F490006B784FF0FF3043F002036B7003B0BDE8B0
:10F4A000F08FC36942699B1A994528BF994670E756
:10F4B0002969CFE7906A03683A461B699847002894
:10F4C000E6D04FF40074A8E7080705D5AB785906D5
:10F4D00002D52869411CBCE710462969524601F053
:10F4E0000DFE0028D4DB02D0AA682969B2E72B7888
:10F4F00013F0D00FCCD0A9EB0609484603B0BDE805
:10F50000F08F00BF70B582B001220DF10701D0E984
:10F5100004560446FFF724FF01280CBF9DF807009E
:10F520004FF0FF30C4E9045602B070BD30B54369F6
:10F5300013F4F07F83B00446C3F3431500D089B9B8
:10F5400001220DF107012046FFF70AFF40B2012812
:10F550000BD163691F336361A068343000EB451041
:10F5600003B030BD20334361F6E7002003B030BD67
:10F570002DE9F04303789BB0002513F0180FADF888
:10F5800020508DF82250ADF844508DF8465006D0EA
:10F590008B68914682689A420446884603D00020D0
:10F5A0001BB0BDE8F0832746FFF77EFB0FCF11AEFF
:10F5B0000FC60FCF0FC6A0683B68A1693360243027
:10F5C0002A4602F019FF0028E9D0A68894F800C066
:10F5D00006F00F0600EB46166F4630687168B26899
:10F5E000F3680FC77169B269F36930690FC71CF01E
:10F5F00008034A46414640F0998008A8FFF720FDDD
:10F600000028CCD0109DA068BDF824609DF8232070
:10F610000E990B9BA680E2700026A1612430E36066
:10F6200001228DF820608DF8226002F0E5FE0028AE
:10F63000B5D0A388DDF81120DDF80D1003F00F031D
:10F6400000EB4310DDF81530C0F81120C0F815307C
:10F65000DDF81920BDF81D30C0F81920A0F81D30C4
:10F660009DF81F209DF80B30C0F80D10C277C372B3
:10F67000002D39D0A06882794169AB1E93401944AE
:10F680003246243002F0B8FE002888D006466F4685
:10F6900056F8200F7168B268F3680FC73069716956
:10F6A000B269F3690FC7A068294601F09BFD0028E5
:10F6B0003FF475AFA068236A82794169023B9340A9
:10F6C00019442430012202F097FE064600283FF438
:10F6D00066AF6D460FCD30627162B262F3620FCDDC
:10F6E00030637163B263F36300210222082311A81F
:10F6F00019918DF846208DF8443000F021FF002844
:10F700003FF44DAFA46804F1240002F0B5FE0028D8
:10F710003FF445AF04F50D7002F0AEFE00283FF453
:10F720003EAF20680368DB69984739E740F601235C
:10F7300008A8FFF72DFD00287FF465AF2FE700BF75
:10F740002DE9F041037807690446002B3BD00D46B4
:10F750004169A94244D0002D39D018072CD5E2695F
:10F76000AA4230D3D4F808C0A2789CF80600093029
:10F77000C0B26E1E12F0400F26FA00F633D14A1EB8
:10F7800022FA00F0864201D3002930D11B064CBF7B
:10F79000DCF82030236A236104F1100807E02169B6
:10F7A000A06801F0ABFC002806F1FF360BDD4246F5
:10F7B000002EF4D1A2780CE05A06D3D5A3685B8959
:10F7C000B5EB431FF6D927610020BDE8F0818278B0
:10F7D000056122F02002A27065610120BDE8F08180
:10F7E0000120BDE8F081236A1E442661F1E7361A44
:10F7F000D2E700BF2DE9F0410D46904600212422BA
:10F8000004461E469DF818701FF008FDA8682B6A74
:10F81000E36000F1340508F00F0305EB4315A06029
:10F82000A4F80480EA7A110712D402F03702227099
:10F83000EB7AE77013F0180F08BF42F0080206F0E9
:10F84000030308BF2270012B37D0022B1AD023B13B
:10F8500000202070A070BDE8F0817205F8D406F099
:10F86000080343F00103A370AB8A698B026BA261AA
:10F8700041EA03412162EB69E361720421D4012072
:10F88000BDE8F0810323A3701946D306E0D4D30763
:10F89000DED406F0080342F020020B432270A3706E
:10F8A000AA8A698B076BA761770541EA0241E1D516
:10F8B00071B963F07F03A370DFE70223A3701946D9
:10F8C000E3E7E1692046FFF73BFF0028D7D1BFE718
:10F8D00001F088FC0028BBD0A378EAE70378002B6E
:10F8E0003FD12DE9F0470B7813F0D00F84B00C46D0
:10F8F0002CD0D1F814C01CF01F0527D10646904625
:10F90000A94601220DF10F0120464FEA5C17CCF306
:10F91000431AFFF725FD40B2012817D16269A36899
:10F9200002F11F0C34334FEA4A12C4F814C09A5C37
:10F9300003EB4A1352B12E2A06D0E52A04D0D97A15
:10F94000080710D50F2905D00025DAE7002004B0FC
:10F95000BDE8F0875106D4D593F80D9002F01F054D
:10F96000CFE700207047002D47D0587893F809C0A2
:10F97000D10141EA52021118C1F34602987842EAD5
:10F98000C11250FA82F1C1F34602D87842EAC1129C
:10F9900050FA82F1C1F34602187942EAC11250FAD4
:10F9A00082F1C1F34602587942EAC11250FA82F15B
:10F9B000C1F34602987942EAC11250FA82F1C1F3CA
:10F9C0004602D87942EAC11250FA82F2C2F34601E5
:10F9D000187A41EAC21150FA81F1C1F34602987ACD
:10F9E00042EAC1135CFA83F2C2F3460343EAC2134C
:10F9F00050FA83F3DBB24B45A8D100954346BAB227
:10FA000021463046FFF7F6FEA1E700BF0378002B42
:10FA10004ED070B590F90230002B82B004460DDB59
:10FA2000A56805F1240002F027FD002842D1637883
:10FA300043F001036370002002B070BD8068A169CB
:10FA40002430012202F0D8FC0028F0D0A58805F06F
:10FA50000F056B0100EB4515C35CE52BE7D0237860
:10FA60001B4A03F03703EB72237816681B0744BF69
:10FA7000E369EB61236A6B831B0CAB8266B10DF10A
:10FA800003020DF1060101A8B047BDF80430BDF82E
:10FA900006202B836B82EA82A378A56803F07F039C
:10FAA000A37005F1240002F0E7FC0028BFD001E0BC
:10FAB0000120704705F50D7002F0DEFC0028B6D07D
:10FAC00028680368DB6998470028B0D0B4E700BF16
:10FAD000683E01202DE9F04F83789C0783B00546EE
:10FAE00073D591461A07884677D46A69D3434B4544
:10FAF0006BD3B9F1000F00F0D6804F464FF4007A77
:10FB00003AE0002E7DD1002900F08880AB785B06BA
:10FB100040F19B80EB69934240F29780013129616B
:10FB200082794369023991401944B7F5007F5ED369
:10FB3000B7F5806F76D30379026B1B1B7C0AA34257
:10FB400028BF23468A424FEA432408D35E18B242B4
:10FB500005D200264FF0FF3280F824600263806AED
:10FB60000268566A4246B04778B36A693F1B22442E
:10FB7000A0446A6100F09780A8682969447914EA72
:10FB80005224C2F30806BCD08279436902399140FD
:10FB900019442144002EC8D0C6F50074BC4228BFC9
:10FBA0003C460122243002F027FC70B1304422464A
:10FBB000414626441FF00AFBB6F5007FD5D1A86860
:10FBC000243002F059FC0028CFD16B7843F00103B8
:10FBD0006B70002003B0BDE8F08FC169FFF7B0FD86
:10FBE0000028F2D06A69D3434B4582D2EDE76A69B7
:10FBF000EB6957453C4628BF54469A4207D3052235
:10FC0000D0E782794369023991401944C4E7AB785F
:10FC100013F0200F14BF05220122C3E7296A01B3A4
:10FC200029617DE7036B8B4205D100224FF0FF3342
:10FC300080F824200363806A036842461B6A984761
:10FC40000028C2D04FF400748FE705F11002019232
:10FC500001F054FA0028B8DB019A10D0A86829698D
:10FC60005EE705F1100201F0A5F90028ADD0AB78F0
:10FC70002969A868296263F03F03AB7050E7D5F8A3
:10FC800010B0A868594601F095F900289DD0BBF145
:10FC9000000F1BD1AB78296943F0400363F07F0369
:10FCA000A868AB703CE7EB69934206D2AB78EA6197
:10FCB00063F07F034846AB708CE70A4B1B6873B157
:10FCC000AB7863F07F034846AB7083E72969AB7874
:10FCD0000BF1010B594518BF03F0BF03DEE748469F
:10FCE00078E700BF683E01202DE9F04F0746144633
:10FCF0009846064689460FCF8DB003AD0FC50FCF8E
:10FD00000FC53B682B6000232268A38143466260D5
:10FD1000CDF80480002B3FD04FF0010AA9EB0A0177
:10FD200089B2490103A8FFF70BFD50B3002103A8D6
:10FD3000FFF7FCFB074620B300250DE002F0C8FBEF
:10FD40008046584602F0FCFC8346404602F0F8FC30
:10FD5000834516D10D2D18D0EAB23946304600F051
:10FD6000B7FFA389834601352046002BE6D1D4E9AD
:10FD700001329342E2D1BBFA8BF040090DB0BDE8ED
:10FD8000F08F00200DB0BDE8F08F019B0AF1010A51
:10FD90005FFA8AFA5345C1D20120EFE72DE9F04F0F
:10FDA00092F816E0D77D167E557E4FEACE1C4CEABF
:10FDB0005E0C0CEB070ECEF3460C4CEACE1C56FA4A
:10FDC0008CFECEF3460C4CEACE1C55FA8CFE144643
:10FDD000CEF3460C927E94F81E804CEACE1C52FA6A
:10FDE0008CFECEF3460C4CEACE1C94F81BE0054684
:10FDF0005EFA8CFECEF3460C8A461F460FCD4CEAC7
:10FE0000CE1C94F81CE08DB05EFA8CFECEF3460C4E
:10FE100003AE0FC64CEACE1C0FCD94F81DE05EFA7F
:10FE20008CFECEF3460C4CEACE1CD5F800E058FA16
:10FE30008CF50FC6E17F94F82020C6F800E0C5F3EA
:10FE4000460343EAC51351FA83F3C3F3460949EA6B
:10FE5000C31952FA89F92368636000265FFA89F3AF
:10FE60000093A681002F50D047F04003B0460125F3
:10FE70000193AAEB050189B2490103A8FFF760FCD1
:10FE800000284ED0002103A8FFF750FB002848D0DF
:10FE9000059A019992F82430AF4243F0010382F8A9
:10FEA000243008BF8C46009B80F80C8018BFAC46FD
:10FEB0000F2100F101094373A0F81A8080F800C0F7
:10FEC000C1724FF0000B05E0A9F800000BF1010B27
:10FED00009F10209A08918B9D4E901318B4218D07F
:10FEE000204602F0F5FABBF1040F5FFA8BF1EBD973
:10FEF0000A2902D8A9F80300E8E70C29A9F80500A7
:10FF0000E4D10135EDB2AF42B3D201200DB0BDE86E
:10FF1000F08F26B10136F6B24FF6FF70E3E7012607
:10FF2000E1E700200DB0BDE8F08F00BF2DE9F047FC
:10FF300003464FF0203153F8162B8768C0F816108F
:10FF40005960C3F8071013782E2B14BF4FF0010E21
:10FF50004FF0000E03D112F8013F2E2BFBD0791E7B
:10FF6000914288BF0B4603D807E09A42194604D055
:10FF70001946013B0C782E2CF7D197424FF0000C1C
:10FF800040F283806446E2464FF007084FF00809CC
:10FF900013782E2B20D0222B20D07C2B1ED0A3F127
:10FFA0005B05022D1AD9A3F12A05052D57D9A3F116
:10FFB0003A05052D61D9A3F121055D2D5DD8444594
:10FFC0002CD8A3F16105192D50D8203B4CEA090C1F
:10FFD000DBB25FFA8CFC06E0914239D044451DD873
:10FFE0004FF0000E5F23651C0619ECB2062CB375AA
:10FFF00002F1010298BF0475BA42C9D3837D202B58
:020000025000AC
:1000000014D0BEF1000F16D01CEA0A0F18BF4FF033
:10001000020C80F815C07046BDE8F087B8F10A0FF1
:1000200001D091421ED2837D202B04D14FF0000ECF
:100030007046BDE8F087037D03444FF0010E7E213A
:10004000312280F815E09975DA757046BDE8F087C1
:100050004A1C4FF00A0808244FF01009CCE72D2B5A
:10006000ADD0BBE70A464FF0000EC5E7A3F141054E
:10007000192D98BF4AEA090AB5E703F0C003802B9F
:10008000ACD101324FF0000EB6E7E246B6E700BF52
:100090002DE9F8430F7D0E46044601F116054FF099
:1000A00062084FF07E0914F0EFF8032F28BF0327F2
:1000B00000F00F023B1D092ADBB28CBF02F13701B1
:1000C00002F13001F218FB1C9175DBB2C0F3031290
:1000D000092A33448CBF02F1370102F1300180B2AA
:1000E0009975BA1CC0F30323092BD2B28CBF03F15C
:1000F000370103F1300132447B1CDBB29175B0F55E
:10010000204F4FEA1031334406EB07022CBF373142
:10011000303199752046002182F81690FFF710FBC8
:1001200001212046FFF702FA03460B222846194612
:1001300093B193F800C0BCF1000F13D0DB7A1B071A
:10014000EED41FF035F80028EAD108F1FF3818F096
:10015000FF08A8D1404603E06078B0FA80F040097B
:10016000BDE8F8830120BDE8F88300BF2DE9F04F1A
:100170002DED028B0E4609788BB011F0D00FCDE932
:10018000020300F0A1800378002B40F09D801369EA
:10019000B64992460C33527DA1FB03139207C3F379
:1001A00087034FF0000118BF5F1CB268059330460B
:1001B0000C4614BFFFB20127069107928B46FFF74A
:1001C000BFFA0AF1160308EE103AA146A0460494BD
:1001D000756900213046C5F34F15FFF7A7F90028D0
:1001E00000F0B2800378E52B74D0002B72D0BC42B3
:1001F00038BF00242E2B77D0C27A0F2A77D013076E
:1002000072D4B9F1000F0ED118EE101A0B221EF0A5
:10021000CFFF0028DCD19AF8153013F001034FD03E
:1002200001230493D4E7BBF1010F4DD1027841784B
:10023000447AD30143EA52035A18C2F34603817841
:1002400043EAC21351FA83F2C2F34603C17843EA88
:10025000C21351FA83F2C2F34603017943EAC2138F
:1002600051FA83F2C2F34603417943EAC21351FAC9
:1002700083F2C2F34603817943EAC21351FA83F24F
:10028000C2F34603C17943EAC21351FA83F2C2F3BF
:100290004603017A43EAC21351FA83F2C2F34603DA
:1002A00043EAC21354FA83F2C2F34603817A43EA63
:1002B000C21351FA83F3069ADBB29A4204D14B4639
:1002C000039A110540F1BC8000200BB0BDEC028BFD
:1002D000BDE8F08F002C08BFA846BC423CBF0134EB
:1002E000E4B2A3B3E52B85D14FF0000970E7B9F173
:1002F000000F1CD1059A03F01F0B5A457FF468AF1D
:1003000013F040093FF464AF437B06939146BBF181
:10031000010F7FF45DAF691C4B4689B252463046EF
:10032000FFF7E2FC002808BF4FF0000950E70BF18F
:10033000FF3B5FFA8BFB5B45D6D1437B069A93422A
:10034000E5D04FF0000943E77378002BBCD1039B45
:100350001A469205B8D503F00303013B012BB3D82D
:10036000002C08BFA846BC4203D31CE0DCB2A74265
:1003700019D000213046FFF7D9F8631C0028F5D1C9
:100380007378002BA0D1BC420DD2079D05E02B79DC
:1003900004EB0314E4B2A74205D93046FEF7E2FCB1
:1003A0000028F4D190E7049B002B51D17B1EDBB2D7
:1003B00008EB0305ADB22946524630460493FFF7D9
:1003C000EDFC002880D069013046FFF7B9F900281C
:1003D0003FF47AAF00213046FFF7A8F80446002822
:1003E0003FF472AF202200211EF018FF5246204930
:1003F00052F8160F049B5768676020601089927A44
:10040000A27220819AF815200F6802F01802227358
:100410002FB30DF123020DF1260109A8B847BDF84D
:100420002400BDF826109DF82320049B2082E18142
:100430006273079991F8242042F0010281F8242088
:1004400000930298039B2A463146FFF7D3F93CE715
:1004500051463046FFF71CFE0028A7D134E7054A75
:10046000226145F621412183E3E700BF4FECC44EF2
:10047000683E0120215C215CF0B5084609782029FE
:1004800083B015461E4603D110F8011F2029FBD06A
:10049000002428602C61017889B1284F2F293BD096
:1004A00001AA011D02F0EEF848B10199B1F5803FB3
:1004B00008D27F2904F1010422D81F2912D8002074
:1004C00003B0F0BD02342C61A86001780029E5D1A9
:1004D0002B69013BFE2BF2D830602846FFF726FD42
:1004E00003B0F0BDCAB2A2F12203DBB21D2B0AD9C0
:1004F00002F0BF033C2BE2D05C2AE0D02E29E4D0EE
:100500002029E2D0DFE727FA03F3DB07D7D43C2A20
:10051000D5D02E29D9D0F3E72B69013BFE2BCED8BD
:100520000346184613F8012B202AFAD02F2AF8D0B8
:1005300030602846FFF7FAFCD2E700BF0121003106
:10054000F0B582788BB000239207ADF804308DF8B7
:1005500006305ED5016A044621B1806800F042FE93
:10056000002856D001212046FEF74CFC002850D030
:10057000057843788678C278E90141EA5501194443
:10058000C1F3460343EAC11156FA81F3C3F34601AE
:1005900041EAC31152FA81F1067943798579C1F3B1
:1005A000460242EAC11156FA81F2C2F3460141EA1B
:1005B000C21153FA81F1C1F3460343EAC11355FA5C
:1005C00083F1C279067A457AC1F3460343EAC1133F
:1005D00052FA83F3C3F3460242EAC31356FA83F294
:1005E000C2F3460343EAC213E527077055FA83F3C3
:1005F000817AA668C3F34605002245EAC31551FA7D
:1006000085F506F124002270A270EDB201F034FFEE
:1006100010B900200BB0F0BD06F50D7001F02CFFF5
:100620000028F6D030680368DB6998470028F0D0CE
:10063000E378002BEED001A82146FEF743FE002808
:10064000E7D0E378002BE4D0012620E0FEF76EFF30
:10065000731CF1B25FFA83FC9EB20028D9D0C37A32
:100660000F2BD6D1027802F01F038B42D1D1437BEE
:10067000AB42CED10770A16891F8243043F001035A
:1006800081F8243053060FD4E3786345C1D3A188A1
:10069000891B89B2490101A8FFF752F803460021DE
:1006A00001A8002BD2D1B4E7A46804F1240001F022
:1006B000E3FE0028ADD004F50D7001F0DDFE00284A
:1006C000A7D020680368DB699847A3E770B50446A4
:1006D0004FF400720021406A1EF0A0FD656A226995
:1006E000216805F2BF1001F019FFA3692269216892
:1006F0001A4405F2C310013A01F010FF94F82A30B1
:1007000085F8C231E0692369C5F8C631A26903687A
:10071000C5F8CA214AF65522A5F8FE211B6A626A6D
:100720000021BDE8704018472DE9F041D0F814C011
:1007300090F82B70456AACF58072B2FBF7F202F2CA
:1007400001114FF48073090A04464360480000F128
:10075000A1069E42A1600ED98033ACEB0302B2FB2E
:10076000F7F202F20111090A480000F1A106B342B2
:10077000F2D3C4E901319B1BA2F6F57103F18006A7
:10078000B1F5704F266180F09180213002FB0700A7
:10079000B0F5803F34BF0421062181330122A061DE
:1007A000E36084F82A1022852046FFF78FFF10B9F6
:1007B0000020BDE8F081636A4FF4007618463246A7
:1007C00000211EF02BFD03464FF02032EB27762050
:1007D00090211F70C3F80320C3F807205870997048
:1007E000A3F80B6094F82B1059730227F821208D81
:1007F0001F7459752169D961A16919624AF6552199
:10080000D881A3F8FE114348A168C5F82F203623EC
:100810004FF0800C2927C5F82B20C5F8322085F829
:1008200024C085F82670C5F8360085F83A30E069AE
:10083000394A0368C5F827201B6A626AA5F8116067
:10084000E982216998470028B2D06768E368606A46
:1008500032460021FF1A1EF0E1FC206A002855D024
:1008600003682E495B680C229847012F2AD9DFF8CC
:10087000B8807E0901250FE0B5FBF6F306FB1353A4
:1008800001353BB9236A01224146184613B11B6862
:100890005B689847AF4215D9E069E1680368626A0E
:1008A0001B6A294498470028E6D181E7206A00287E
:1008B0003FF47EAF03681A495B6813229847002013
:1008C000BDE8F081206A20B1036816495B68022206
:1008D0009847636AF8221A70626AFF235370626A4B
:1008E0009370626AD370E069626A0368E1681B6AA8
:1008F000984700283FF45CAFE069E568A1680368A9
:10090000626A1B6A2944BDE8F0411847012FAED83E
:10091000DFE700BF4641543187D612007C650700EF
:100920008C650700DC790700C44A07002DE9F04117
:10093000D0F814C00546ACF5804190F82B00B1FB0F
:10094000F0F101F18103DB0942F209074FF4804223
:1009500007EB43044FF4005E9442C5E901236E6A3D
:10096000C5F810E040F2FF8002F50052ACEB020146
:10097000B1FBF0F101F18103DB0907EB4304A24273
:100980004FEA430EF0D3C5E901234FF6F4739942C1
:1009900040F2DD80A2F50053A3EB0E0E8F4B01FB5E
:1009A00000221FFA8EFE9A4294BF0B230C230EF5F1
:1009B0000051A2F50052A5F828E0E960AA6185F887
:1009C0002A302846FFF782FE10B90020BDE8F081EA
:1009D0006B6A4FF400741846224600211EF01EFC7C
:1009E00003464FF02032EB27762090215870C3F851
:1009F0000320C3F807201F709970A3F80B4095F8E7
:100A00002B105973F82002212F8D197458752869FD
:100A1000D861A86918624AF65520DF81A3F8FE0163
:100A2000D5F808C0C6F84B20C6F84720C6F84E20B7
:100A300080276B4A86F8407029203223C6F852205E
:100A400086F8420086F85630E869664A0368664FC1
:100A50001B6AF162C6F824C03763C6F843206A6A8D
:100A6000296998470028B0D0E869296903686A6A4B
:100A70001B6A063198470028A7D022460021686AE1
:100A80001EF0CCFB594BE869C6F8FC3129690368B4
:100A90006A6A1B6A02319847002896D0E86929697A
:100AA00003686A6A1B6A0831984700288DD0504B4A
:100AB000504AE86933604FF0FF33C6E97923C6F83E
:100AC000EC31296903686A6A1B6A0131984700287A
:100AD0003FF47BAFE869296903686A6A1B6A0731DA
:100AE000984700283FF471AFAB6895F82B70686A9F
:100AF0002246002107EB43071EF090FB286A0028DE
:100B000068D003683C495B680C229847012F2DD9B7
:100B1000DFF8F0807E0901240FE0B4FBF6F306FB5A
:100B2000134301343BB92B6A01224146184613B1E5
:100B30001B685B689847A74218D9E869E9680368A9
:100B40006A6A1B6A214498470028E6D13DE7286A73
:100B500000283FF43AAF036828495B68132298479E
:100B60000020BDE8F0814FEA430E0EE7286A20B16D
:100B7000036823495B68022298476B6AF8221A705F
:100B80006A6AFF2353706A6A93706A6AD3706A6AEA
:100B900013716A6A53716A6A93716A6AD3716A6A75
:100BA00013726A6A53726A6A93726A6AD372E869E4
:100BB0006A6A0368E9681B6A984700283FF405AF32
:100BC000E869EC68A96803686A6A1B6A2144BDE8A1
:100BD000F0411847012F9BD8CFE700BF0004FB006E
:100BE0004641543387D6120001000600000055AA82
:100BF00052526141727241617C6507008C65070049
:100C0000DC790700C44A070038B504460868E1618A
:100C1000C4E9083283690846984700F2FF73DB0A8B
:100C2000062B606123601DD9102B13D8022384F892
:100C30002B30B0F5800F204627D2FFF775FD054613
:100C4000206ACDB120B103681E495B680D22984728
:100C5000284638BD202B1CD9402B1ED8082384F8E9
:100C60002B30E6E7206A20B1036817495B6814223D
:100C700098470025284638BD0028FAD00368134954
:100C80005B680F229847284638BDFFF74FFE0546A0
:100C9000D6E7042384F82B30CBE7802B06D9B3F5B5
:100CA000806F07D8202384F82B30C2E7102384F804
:100CB0002B30BEE7B3F5004F94BF4023802384F868
:100CC0002B30B6E7B8650700A0650700C8650700C8
:100CD000042A04D801EB4201B1F8010070470A2A46
:100CE00003D801EB4201888870470C2A9ABF01EBB8
:100CF0004201C888002070472DE9F04104780F4672
:100D000084B114F0C004904608D0012A0AD92F22D9
:100D100000230A704B700120BDE8F0812146FEF7E8
:100D200071F818B900203870BDE8F08103462546F7
:100D30004FF0080C0EE0027B1CEA020F01D02036B7
:100D4000F6B2611C41452246ECD201350C2DBE5451
:100D5000CCB20CD0082D0FD013F8016BA6F14102D4
:100D6000192AE8D9202EECD101350C2DF2D100231F
:100D70003B552046BDE8F0811A78202AF7D04FF085
:100D8000100C2E26DDE700BF2DE9F04F8DB0037863
:100D900000258846ADF80C508DF80E50002B5BD026
:100DA000C3780446002B5DD003A821461746FEF702
:100DB00089FA002850D0E078002849D0013FDFF8B8
:100DC000E4A047442A46C3464FF00109A188019296
:100DD000A1EB090189B2490103A8FEF7B1FC002883
:100DE0003AD0002103A8FEF7A1FBA8B3C37A0F2BCA
:100DF00032D101785FFA89F301F01F0199422BD1BA
:100E0000019A461C0025042DEBB23ED8338872BBF4
:100E100003F5205292B2B2F5006F3DD3ABB1184644
:100E200059463A4601F0DAFB8346A8B10022013563
:100E30000D2D06F10206E6D109F10109E1785FFA0C
:100E400089F399421FFA89F9C0D2ABEB0800D84662
:100E5000002388F8003002E0002088F800000DB080
:100E6000BDE8F08FFFF748FF0DB0BDE8F08F03F548
:100E7000105189B2B1F5806FEED20AEA8220C3F335
:100E80000903034303F58030CAE70A2B94BFB6F881
:100E90000330B6F80530BAE7B2F5806FDCD21A46F7
:100EA000C5E700BF00FC0F002DE9F843C379202BF4
:100EB00006460C46174659D0102B3ED00C2B52D16B
:100EC000C1F34E0515FA81F5037A8169C5F3462809
:100ED000022B884400F50D7914BF012203224146FC
:100EE0004846ADB201F088FA00283CD014F0010465
:100EF000C5F3080550D0435D6A1C03F00F0343EAB5
:100F00000713B2F5007F43554ED1337A022B14BF3D
:100F10000122032208F10101484601F06DFA10B3E5
:100F20003A09002C44D10378C2F3031223F00F03D3
:100F3000134303700120BDE8F883027A8369022A13
:100F4000C1F30721194414BF0122032200F50D70DB
:100F500001F052FA034630B1640004F4FF7401203A
:100F60001F53BDE8F8830020BDE8F883037A816948
:100F7000022B14BF0122032201EBD41100F50D70E6
:100F800001F03AFA03460028EDD0A40004F4FE7400
:100F900001201F51BDE8F8836B1CB3F5007F475556
:100FA000B3D03A091844BEE7C7F307131044C0E7AB
:100FB000D3B2BEE72DE9F84FC468C3698C42054639
:100FC0000E4617462EBF4FF001080C464FF00008A2
:100FD00000F50D7901349C420DD9B8F1000F03D111
:100FE000EC680134A34204D24FF000084046BDE84B
:100FF000F88F4FF00108A642F6D0012CF4D9EB7916
:10100000202B2AD0102B5BD00C2BEDD1C4F34E0A31
:10101000A9692A7A1AFA84FACAF3462B022A8B445F
:1010200018BF0022594648461FFA8AFA01F0E4F92F
:101030000028D9D0CAF3080A0AF10103B3F5007FEA
:1010400010F80AA04ED018440278E3074AEA0222B8
:101050004CBF1211C2F30B020FE02A7AA969022ACF
:1010600018BF002201EBD411484601F0C5F9002851
:10107000BAD0A30003F4FE73C258EB699A42A9D810
:10108000002AA7D1B8F1000F00D0EC609C42ABD889
:101090006FF0704221462846FFF706FF8046002881
:1010A000A2D05EB1012E9FD9EB699E429CD83146F9
:1010B00028462246FFF7F8FE002895D03C6095E7C9
:1010C0002A7AAB69022AC4F3072118BF0022194407
:1010D000484601F091F9002886D0630003F4FF73BD
:1010E000C25ACAE72A7A022A18BF00220BF101016C
:1010F000484601F081F90028A6D175E7012949D9B0
:101100002DE9F843C3698B420C4605463ED3C379AB
:10111000202B164641D0102B51D00C2B36D1C1F3C9
:101120004E03027A13FA81F38169C3F34629022A36
:10113000894400F50D7818BF0022494640469FB209
:1011400001F05AF910B3C7F308035A1CB2F5007F37
:10115000C75C10D010440378E20747EA03234CBF72
:101160001B11C3F30B03EA699A4226BF33600120C7
:101170000020BDE8F8832A7A022A18BF002209F16C
:101180000101404601F038F90028E4D14FF0FF306A
:10119000BDE8F8834FF0FF307047027A8169022A78
:1011A00018BF002201EBD41100F50D7001F024F9F5
:1011B0000028EBD0A40004F4FE740359D3E7027AAC
:1011C0008369022AC1F3072118BF0022194400F5E0
:1011D0000D7001F011F90028D8D0640004F4FF74F8
:1011E000035BC0E72DE9F84305460C4600F50D7793
:1011F000012C39D9EB699C4236D8EB79202B36D0BB
:10120000102B60D00C2B2FD1C4F34E03A9692A7A7E
:1012100013FA84F3C3F34629022A894418BF002233
:10122000494638461FFA83F801F0E6F8E0B1C8F302
:1012300008035A1CB2F5007F10F8038009D010444F
:101240000378E20748EA03234CBF1B11C3F30B03E7
:101250001DE02A7A022A18BF002209F1010138464E
:1012600001F0CAF80028EBD10020BDE8F8832A7A03
:10127000A969022A18BF002201EBD411384601F0F7
:10128000BBF80028F0D0A30003F4FE73C358EA694A
:101290009A422ABF1E464FF000084FF001089442C0
:1012A000E2D8002221462846FFF7FEFD0028DBD0C9
:1012B000EB68A34284BF04F1FF34EC60B8F1000F87
:1012C000D3D0344694E72A7AAB69022AC4F30721C3
:1012D00018BF00221944384601F08EF80028C3D008
:1012E000630003F4FF73C35AD1E700BFF8B50446A7
:1012F000012600204FF0FF35E6602160A162C4F8AE
:101300003812E07184F8240084F8340204F12406D1
:101310002563C4F84052DAB1042A154601D90020E9
:10132000F8BD02460146304601F066F80028F6D0C6
:1013300005F18055013D00F5DF7000EB05132D012F
:101340001A79002AEBD0425D5206E8D19F6800E08E
:101350001F4630460022394601F04EF80028DED004
:10136000017C4B1E012BDAD8B0F80B30B3F5007FAF
:10137000D5D12172427B2271551E0023012A65714D
:10138000A37148D0022A48D0042A48D0082A48D05D
:10139000102A48D0202A48D0402A48D0802A03D09A
:1013A000082312B1A371BAE70723A3711D46C68AA9
:1013B00026610EB9466A2661B0F81120B0F80EC059
:1013C0006281BC44530106FB01C1B0F81320C4F88C
:1013D00018C003F2FF1301EB53232162636102B9CA
:1013E000026AFB1A1344EB4040F6F472591C934214
:1013F000E16106D80C23E371E662C4F83C62012087
:10140000F8BD4FF6F472934285BFC36A236210237E
:101410002023E371F0E71D46C9E70123C5E7022356
:10142000C3E70323C1E70423BFE70523BDE7062382
:10143000BBE700BF03681B69184700BF10B404680E
:101440006469A4465DF8044B604700BF03681B6AEB
:10145000184700BF10B40468646AA4465DF8044BE2
:10146000604700BF704700BF10B5044615F05EFA34
:10147000204610BD10B50446ADF5007D4FF4007256
:1014800068461DF0A3FE20684FF400726946ECF731
:10149000EFFF0DF5007D10BD037C4BB1C37C10B593
:1014A000044633B96068ECF755FF0023237410BD80
:1014B0007047407C012100F09DFFFF216068EDF73F
:1014C0000BF86068ECF7B0FF0023E3746068ECF79A
:1014D00041FF0023237410BD70B504460E4612F080
:1014E000D3FE00F5967085B204E012F0CDFE281A06
:1014F00003041BD46068FF21ECF7EEFFFF28607542
:10150000F3D0FE2815D01923A374E07C00B970BD78
:10151000607C012100F06EFFFF216068ECF7DCFFCA
:101520006068ECF781FF0020E07470BD1E23A37497
:10153000EBE74FF40072FF2130461DF06FFE4FF4D1
:10154000007260683146ECF793FF002363756068B2
:10155000FF21ECF7C1FF6068FF21ECF7BDFF012020
:1015600070BD00BFF8B5037D012B34D0C67C0446A6
:101570004EB14068FF21ECF7AFFFB0F1FF0518BF97
:1015800001252846F8BDD0E9021201274068ECF792
:10159000E9FE607CE774314600F02CFFFF216068B3
:1015A000ECF79AFF6068FF21ECF796FFE37CB0F15F
:1015B000FF0518BF0125002BE3D0607C394600F001
:1015C00019FFFF216068ECF787FF6068ECF72CFFDC
:1015D000E6742846F8BD00252846F8BDF8B504464F
:1015E0000E46174612F050FE00F5967085B204E0E4
:1015F00012F04AFE281A03041BD46068FF21ECF79E
:101600006BFFFF286075F3D0FE2815D01923A37453
:10161000E07C00B9F8BD607C012100F0EBFEFF2109
:101620006068ECF759FF6068ECF7FEFE0020E0749C
:10163000F8BD1E23A374EBE73A46FF2130461DF0A8
:10164000EDFD3A4660683146ECF712FF0023637502
:101650006068FF21ECF740FF6068FF21ECF73CFF7A
:101660000120F8BDF8B5002707753A460C2104465D
:1016700000F028F8E67C90B916B901263046F8BD8E
:1016800005460121607C00F0B5FEFF216068ECF7A3
:1016900023FF6068ECF7C8FEE5743046F8BD092307
:1016A000A374002EEAD0607C012100F0A3FEFF218C
:1016B0006068ECF711FF3E466068ECF7B5FEE77432
:1016C0003046F8BDF0B50368524DDB6983B0AB42DC
:1016D000044601920E4674D1037D022B41D0012BAA
:1016E00074D0E37C002B55D00EB10C2E27D160684E
:1016F00046F04001ECF7F0FE01AF02AD15F8011D18
:101700006068ECF7E9FEBD42F8D1002E0CBF9521D0
:1017100087216068ECF7E0FE6068FF21ECF7DCFEF3
:101720000A256068FF21ECF7D7FE013D10F0800F1D
:101730006075ADB201D0002DF3D103B0F0BD12F051
:10174000A3FD00F5967085B204E012F09DFD281A05
:10175000030433D46068FF21ECF7BEFEFF28F4D108
:10176000C5E712F091FD00F5167087B204E012F0A3
:101770008BFD381A02041DD46068FF21ECF7ACFE23
:10178000FF280546F3D16068FD21ECF7A5FEE37C58
:1017900083BB2375D4E902126068ECF7E3FD0123F3
:1017A000607CE374002100F025FE6068FF21ECF707
:1017B00093FE99E7E37C1F22A27463B9FF2003B074
:1017C000F0BD984700288CD1FF20F8E7FFF74AFFCB
:1017D0000028F9D085E7607C012100F00BFEFF2195
:1017E0006068ECF779FE6068ECF71EFE0023E37496
:1017F000FF20A2E7607C012100F0FCFD2946606823
:10180000ECF76AFE6068ECF70FFE0023E3742375C3
:10181000C0E700BFF1200500F0B585B004AC04E9D5
:101820000E00054600249DF8040068742C746C8238
:10183000AC7500F0DBFD687C012100F0DBFD039856
:10184000684A694B2C73A04208BF10460126AB6062
:101850006E736860ECF73AFDEF7C2E742C7577B3ED
:10186000687C012100F0C6FD0A246868FF21ECF7BE
:1018700033FE631E13F0FF04F7D1687C214600F0AD
:10188000B9FD0A26002211462846FFF71BFF012852
:10189000044623D0731E13F0FF0609D0FF246868A6
:1018A000FF21ECF719FE631E13F0FF04F7D1E9E7FF
:1018B0000123AB74E87C00283FD105B0F0BDD5E929
:1018C00002126868ECF74EFD687CEE74394600F051
:1018D00091FD6868FF21ECF7FFFDC1E74FF4D57279
:1018E00008212846FFF7EEFE420735D5AC750026E5
:1018F00012F0CAFC00F5FA6084B204E012F0C4FCF5
:10190000201A030439D4002237212846FFF7DAFED3
:10191000324629212846FFF7D5FE0028EED1AB7DBF
:10192000022B34D0EB7C002B3AD1029BAB60012020
:1019300000232B73687305B0F0BD687C012100F0B3
:1019400059FDFF216868ECF7C7FD6868ECF76CFD8E
:101950000020E87405B0F0BD0223AB75042468686C
:10196000FF21ECF7B9FD013C14F0FF046875F6D1D6
:10197000AA2805D00623AB749CE71723AB7499E71C
:10198000AB7D022B0CBF4FF080460026B0E702462D
:101990003A212846FFF796FE80B11223AB7489E7FF
:1019A000687C012100F026FDFF216868ECF794FDBA
:1019B0006868ECF739FD0023EB74B6E76868FF212F
:1019C000ECF78AFD00F0C000C02804BF0323AB750C
:1019D00003246868FF21013CECF77EFD14F0FF044E
:1019E000F7D19FE7B4390120801A0600F8B5837D4E
:1019F000032B18BF490216460A4618210446FFF772
:101A000061FE0546A8B10D23A374E37C13B900263B
:101A10003046F8BD607C012100F0ECFCFF216068DD
:101A2000ECF75AFD00266068ECF7FEFCE6743046E1
:101A3000F8BD2746FE2157F8040FECF74DFD31465F
:101A40003846FFF717FDFF216068ECF745FDFF21E1
:101A50006068ECF741FD6068FF21ECF73DFD00F0A8
:101A60001F03052B607521D112F00EFC00F51670D6
:101A700086B204E012F008FC301A03042BD460682C
:101A8000FF21ECF729FDFF280546F3D100220D21A7
:101A90002046FFF717FED8B960682946ECF71CFD11
:101AA0000746A8B9E67CCEB90126B1E7E37C21223E
:101AB000A274002BABD0607C012100F09BFCFF21C5
:101AC0006068ECF709FD6068ECF7AEFCE5749EE732
:101AD0000A23A37499E72423A37496E7607C012169
:101AE00000F088FC29466068ECF7F6FC6068ECF7CB
:101AF0009BFCE7748CE700BF2DE9F0470446007DAE
:101B000002280E469046994602D1A3698B420ED018
:101B1000A37D032B14BF7202324619212046FFF722
:101B2000D1FD002840F088800223A6612375B9F119
:101B3000000F3CD0002704F1040A12F0A5FB00F5C9
:101B4000167085B204E012F09FFB281A020450D4EC
:101B50006068FF21ECF7C0FCFF280646F3D1FC21AA
:101B60006068ECF7B9FC41465046FFF783FC31460C
:101B70006068ECF7B1FC31466068ECF7ADFC60687A
:101B80003146ECF7A9FC00F01F03052B607508D067
:101B9000E37C2122A274002B40D100252846BDE819
:101BA000F0870137B94508F50078C6D1A669257FC9
:101BB0004E44A661002DF1D112F066FB00F51670BF
:101BC00087B204E012F060FB381A03043AD460686C
:101BD000FF21ECF781FCFF280646F3D16068FD2168
:101BE000ECF77AFCE37C002B3FD100232375012521
:101BF000D4E7E37C2522A274002BCED0607C0121A7
:101C000000F0F8FBFF216068ECF766FC00256068D7
:101C1000ECF70AFCE5742846BDE8F087607C0121FA
:101C200000F0E8FB31466068ECF756FC6068ECF7C2
:101C3000FBFB0023E374B0E7E37C0E22A274002BCD
:101C4000ABD0DBE7E37C1F22A274002BA5D0607C25
:101C5000012100F0CFFBFF216068ECF73DFC6068DC
:101C6000ECF7E2FB0023E37498E7607C012100F0CD
:101C7000C1FB31466068ECF72FFC6068ECF7D4FBE1
:101C80000023E374B1E700BF2DE9F041077F002F87
:101C900000F08E800668654B766A9E42044640F0EE
:101CA0009F80037D022B0D46904602D183699942A5
:101CB0000ED0A37D032B14BF6A022A4619212046A9
:101CC000FFF700FD002840F085800223A561237501
:101CD00012F0DAFA00F5167086B204E012F0D4FAC7
:101CE000301A02042AD46068FF21ECF7F5FBFF28C4
:101CF0000546F3D12646FC2156F8040FECF7ECFB21
:101D000041463046FFF7B6FB29466068ECF7E4FB36
:101D100029466068ECF7E0FB60682946ECF7DCFBDD
:101D200000F01F03052B60751DD0E37C2122A274F7
:101D3000002B41D100252846BDE8F081E37C252217
:101D4000A274002BF6D0607C012100F053FBFF2130
:101D50006068ECF7C1FB00256068ECF765FBE57493
:101D60002846BDE8F081A369257F0133A361002DDA
:101D7000E1D112F089FA00F516701FFA80F805E03B
:101D800012F082FAA8EB000003042ED46068FF2151
:101D9000ECF7A2FBFF280646F2D16068FD21ECF7C4
:101DA0009BFBE37C002B33D100233D462375C2E728
:101DB000BDE8F041FFF71ABE607C012100F01AFB7C
:101DC00029466068ECF788FB6068ECF72DFB002380
:101DD000E374AFE7E37C0E22A274002BAAD0B2E733
:101DE000B4460123BDE8F0416047E37C1F22A274A2
:101DF000002B9FD0607C012100F0FCFAFF2160687D
:101E0000ECF76AFB6068ECF70FFB0023E37492E7E2
:101E1000607C012100F0EEFA31466068ECF75CFB73
:101E20006068ECF701FB0023E374BDE7F91A0500D5
:101E300030B5002285B009210446FFF743FCA8B164
:101E40001C23A374E37C13B9002005B030BD607C73
:101E5000012100F0CFFAFF216068ECF73DFB6068DC
:101E6000ECF7E2FA0020E07405B030BD0546102220
:101E700069462046FFF7B2FB0028E3D0E37C9BBB1A
:101E80009DF800309B110FD0012BDDD19DF807305C
:101E9000BDF808001B0440BA03F47C1380B2184359
:101EA0000130800205B030BD9DF806009DF8093074
:101EB0009DF808509DF80A409DF805209DF80710F0
:101EC00080025B0000F4406003F0060340EA9510D6
:101ED00043EAD41302F00F0240EA81001344073BA7
:101EE0000130984005B030BD607C012100F082FADD
:101EF000FF216068ECF7F0FA6068ECF795FAE5749A
:101F0000BEE700BF03683F4ADB6993420BD12DE96E
:101F1000F041057D022D044606D0012D21D0012679
:101F20003046BDE8F081184712F0AEF900F51670A2
:101F300086B204E012F0A8F9301A03042BD46068CA
:101F4000FF21ECF7C9FAFF280546F3D16068FD21AF
:101F5000ECF7C2FAE37C002B45D100232375012660
:101F6000DEE74FF0000880F8148042460C21FFF7AE
:101F7000A9FB0746A8B9E67C002ED0D0607C294694
:101F800000F038FAFF216068ECF7A6FA6068ECF719
:101F90004BFAE774C4E7E37C1F22A274ABB90026B6
:101FA000BEE7E37C0922A274002BF8D0607C2946AE
:101FB00000F020FAFF216068ECF78EFA6068ECF719
:101FC00033FA464684F81380AAE7607C012100F0CA
:101FD00011FAFF216068ECF77FFA00266068ECF7E1
:101FE00023FAE6749CE7607C012100F003FA29469D
:101FF0006068ECF771FA6068ECF716FA0023E37496
:10200000ABE700BFF12005002DE9F0410568374B33
:102010006E699E4239D1037D012B04460D46174659
:1020200002D1836999420CD0A37D032B14BF6A02AD
:102030002A4612212046FFF745FB80B90123A561FE
:10204000237539462046FFF747FA054658B1A3697C
:10205000267F0133A361EEB12846BDE8F081E37C21
:102060000C22A2741BB900252846BDE8F081607CD3
:10207000012100F0BFF9FF216068ECF72DFA00257F
:102080006068ECF7D1F9E574E6E7B4460123BDE8F2
:10209000F0416047267532460C212046FFF712FBBF
:1020A000074680B9E67C002ED6D0607C012100F086
:1020B000A1F9FF216068ECF70FFA6068ECF7B4F95A
:1020C0003546E774C8E7E37C0922A274002BCAD026
:1020D000607C012100F08EF9FF216068ECF7FCF9CB
:1020E0006068ECF7A1F93546E674B5E7E92105002B
:1020F0002DE9F041057D022D044605D0012D20D0AB
:1021000001263046BDE8F08112F0BEF800F51670E9
:1021100086B204E012F0B8F8301A03042BD46068D9
:10212000FF21ECF7D9F9FF280546F3D16068FD21BE
:10213000ECF7D2F9E37C002B47D10023237501266D
:10214000DFE74FF0000880F8148042460C21FFF7CB
:10215000B9FA0746B8B9E67C002ED1D0607C294692
:1021600000F048F9FF216068ECF7B6F96068ECF719
:102170005BF9E774C5E7E37C1F22A274BBB90026B4
:102180003046BDE8F081E37C0922A274002BF6D032
:10219000607C294600F02EF9FF216068ECF79CF97D
:1021A0006068ECF741F9464684F81380A9E7607C43
:1021B000012100F01FF9FF216068ECF78DF900267E
:1021C0006068ECF731F9E6749BE7607C012100F070
:1021D00011F929466068ECF77FF96068ECF724F99B
:1021E0000023E374A9E700BFF8B50646007D012887
:1021F0000D4614461F4602D1B3698B420CD0B37D05
:10220000032B14BF6A022A4612213046FFF75AFAFE
:10221000D8B90123B561337587B1002501E0AF421C
:102220000BD021463046FFF757F9013504F500740D
:102230000028F4D100242046F8BDB569347F3D4420
:10224000B561ACB101242046F8BDF37C0C22B27418
:10225000002BEFD0707C012100F0CCF8FF217068DA
:10226000ECF73AF900247068ECF7DEF8F474E2E772
:10227000347522460C213046FFF724FA054678B91A
:10228000F47C002CDED0707C012100F0B3F8FF213B
:102290007068ECF721F97068ECF7C6F8F574CAE7D6
:1022A000F37C0922B274002BC4D0707C012100F0B1
:1022B000A1F8FF217068ECF70FF97068ECF7B4F83B
:1022C000F474B8E710B584B001AC84E80E0094E86B
:1022D0000E000446FFF7A0FA20B19DF8053003F088
:1022E0000103237704B010BD03683F4ADB699342C2
:1022F0002DE9F04104460E4608D1077D022F0BD090
:10230000012F25D026770120BDE8F08198470028CD
:10231000F8D10020BDE8F08111F0B6FF00F516708D
:1023200087B204E011F0B0FF381A030429D46068C2
:10233000FF21ECF7D1F8FF280546F3D16068FD21B5
:10234000ECF7CAF8E37C002B40D100232375D9E7D2
:10235000002505752A460C21FFF7B4F9E37C804679
:1023600010BB002BCED0607C394600F043F8FF2133
:102370006068ECF7B1F86068ECF756F884F8138001
:10238000C0E7E37C1F22A274002BC2D0607C012135
:1023900000F030F8FF216068ECF79EF86068ECF719
:1023A00043F80020E074AFE70922A274002BB0D0FC
:1023B000607C394600F01EF8FF216068ECF78CF86D
:1023C0006068ECF731F8E57428469DE7607C0121F0
:1023D00000F010F829466068ECF77EF86068ECF7CA
:1023E00023F80023E374B0E7F1200500012115F084
:1023F00029BA00BF15F0AABAF8B50446406800280B
:1024000032D00F46E168B942154630D02278D6075F
:1024100012D404F110066B0706D4606803683246D4
:102420001B6939469847F8B1E760002205F00305BB
:10243000154325703046F8BD026804F11006136A92
:102440003246984780B123789A0709D56068E168D9
:102450000268136AA26811443246984720B1237873
:1024600023F001032370D6E700263046F8BD264648
:1024700016F8102BDAE700BF70B50378DC0782B0DE
:102480001DD504464068E168036804F1100201921A
:102490001B6A9847019A0546A8B12378990708D581
:1024A0006068E1680668A368366A1944B04750B1AD
:1024B000237823F001032846237002B070BD012564
:1024C000284602B070BD0025284602B070BD00BF8E
:1024D00010B50446808982B018B10023A38102B0F0
:1024E00010BDD4E901318B42F9D2184601AA00F09F
:1024F000C9F880B1019B6060B3F5803F01D298B20A
:10250000EDE7980AC3F30902A2F51053A0F5215094
:10251000A38180B2E3E74FF6FF70E0E7B1F5807F7B
:10252000F0B51CD810293FD840232026B2FBF3F188
:10253000B1F5806F31D2B2FBF6F48D0806FB14249E
:10254000013425F03F052C4303FB1123E2B2C9B24D
:10255000B3FBF6F3DBB2037042708170F0BD43F65B
:10256000C16C4FF4FC734FF47C744FF4FC654FF472
:102570007C674FF4FC5E3F268029D7D9B1F5FC7FFC
:1025800017D9B1F57C7F16D9B1F5FC6F15D9B1F526
:102590007C6F94BF73466346C8E7FF210A46FE235B
:1025A000037042708170F0BD202908D88023202656
:1025B000BCE72346BAE72B46B8E73B46B6E74FF4FD
:1025C000FF5C4FF480734FF400744FF480654FF458
:1025D00000674FF4805E2026CEE700BF7F28A2EB85
:1025E000010205D812B10A4602F8010B10467047E5
:1025F000B0F5006F10B410D2012A40D900F03F03AB
:1026000084090A4664F03F0063F07F0302F8020B7E
:102610004B7010465DF8044B7047B0F5803F14D204
:10262000022A2CD9020BC0F3851362F01F0200F0BE
:102630003F0060F07F0063F07F030A70CA1C88705F
:102640005DF8044B4B7010467047032A17D9C0F34E
:102650000532840CC0F3851362F07F0200F03F0066
:1026600064F00F0460F07F0063F07F034A700A1D7E
:102670000C70C8705DF8044B8B70104670470022D8
:10268000C7E700BF884270B43FD290F9004003789A
:10269000002C3EDA03F0E004C02C3FD003F0F0043D
:1026A000E02C3FD003F0F804F02C2ED103F0070308
:1026B000042544198C4228D8417801F0C006802EA8
:1026C00023D101F03F01022D41EA83132ED08178FE
:1026D00001F0C006802E18D101F03F01032D41EA20
:1026E000831308D0C17801F0C00080280DD101F01B
:1026F0003F0141EA83131149A3F18000884204D8C5
:10270000A3F55841B1F5006F15D20024204670BCE6
:1027100070471360441C204670BC704703F01F03D1
:102720000225C6E703F00F030325C2E70349A3F11F
:1027300080008842E9D81360EDE700BF7FFF1000FA
:102740007E283DD930B40023254D352405E035F8E9
:10275000221081428CBF14461346E11A012903EB73
:102760005102F4D89BB235F82320904218D21D4D67
:102770004B24002305E035F8221081428CBF14461B
:102780001346E11A012903EB5102F4D89BB235F844
:102790002320824204BF05EB8303588830BC704776
:1027A00005EB8303821AD9788A42E0DA93F9023082
:1027B000012B0DD08BB19BB2184480B230BC704756
:1027C000A0F16103192B02D8203880B270477047FE
:1027D00002F00102801A80B2E0E74EF2A033EBE78C
:1027E000486707001C6607000146014800F05ABA16
:1027F0008C3E012038B500F097F940B10024054621
:102800002046013400F044FEE0B28542F9D838BDDC
:1028100070B592B01D460C46164601A84222002112
:102820001CF0FCFC412D5CD9631C0222DBB28DF84C
:1028300006408DF80E408DF8264040F6083540F2EF
:1028400002248DF81E308DF827308DF83130ADF828
:1028500004508DF807208DF812208DF833208DF864
:102860003B20ADF80840204A069240F2012505239E
:102870002424ADF810508DF815308DF8164004233F
:102880001A4C8DF81F30012540F224628DF81C503F
:102890008DF830300894ADF82420154D0A950823A2
:1028A0004FF411640A228DF82C30ADF82E404023ED
:1028B0008DF834200F4C8DF83C3001A9304640F2A1
:1028C000075540F209464222ADF80C60ADF8385089
:1028D0008DF84330CDF83F401CF078FC422012B018
:1028E00070BD002012B070BD200105242402020535
:1028F0000705800307058002007EFF280AD010B577
:1029000000F074FD044608B1204610BD14F0C8FC68
:10291000204610BD00207047007EFF280ED000B575
:1029200083B00DF1070100F0A9FD20B19DF807006B
:1029300003B05DF804FB4FF0FF30F9E74FF0FF30D4
:10294000704700BF007EFF280FD000B583B0012282
:102950000DF1070100F056FD20B19DF8070003B00E
:102960005DF804FB4FF0FF30F9E74FF0FF307047A0
:10297000007EFF2801D000F08BBD7047007EFF284D
:1029800001D000F0E5BD0020704700BFF8B5064655
:10299000007EFF281CD017465AB10D46144600F0A1
:1029A000FFFC2946224680B1307E00F0B5FD241A96
:1029B00001D13846F8BD054414F072FC307E00F0B9
:1029C000EFFC294622460028EED13F1B3846F1E7AE
:1029D0000020F8BD70B50368184A5B6882B0934266
:1029E0008DF8071021D10546007EFF2823D000F086
:1029F000D7FC0DF1070601243146224688B1287E16
:102A000000F08AFD241A02D1012002B070BD0644F4
:102A100014F046FC287E00F0C3FC31462246002814
:102A2000EDD1C4F1010002B070BD01220DF107012A
:102A3000984702B070BD002002B070BD8D2905001E
:102A400070B592B01D460C46164601A842220021E0
:102A50001CF0E4FB412D5CD9631C0222DBB28DF833
:102A600006408DF80E408DF8264040F6083540F2BD
:102A700002248DF81E308DF827308DF83130ADF8F6
:102A800004508DF807208DF812208DF833208DF832
:102A90003B20ADF80840204A069240F2012505236C
:102AA0002424ADF810508DF815308DF8164004230D
:102AB0001A4C8DF81F30012540F224628DF81C500D
:102AC0008DF830300894ADF82420154D0A95082370
:102AD0004FF411640A228DF82C30ADF82E404023BB
:102AE0008DF834200F4C8DF83C3001A9304640F26F
:102AF000075540F209464222ADF80C60ADF8385057
:102B00008DF84330CDF83F401CF060FB422012B0FE
:102B100070BD002012B070BD200105242402020502
:102B20000705800307058002014B1878704700BF36
:102B3000883E0120037EFF2B02D1074B1A7802B199
:102B40007047064902764161012200F110010448F4
:102B50001A7000F047B800BF883E01201C680700CB
:102B60008C3E0120007EFF280ED000B583B000F01F
:102B700017FC10B103B05DF804FB019014F090FB5A
:102B8000019803B05DF804FB0020704701B900B163
:102B9000704700B583B0694600F018FC009BB3F5A0
:102BA000966F02D003B05DF804FB00F0A5FBF9E7D7
:102BB00030B4084B084AFF2002F108054FF47A743C
:102BC0000021303218761D609C601A6130BC59605B
:102BD000596170476C3E01202C68070002F0E0B993
:102BE00002F0EAB9F8B50546B0F818016C69B5F815
:102BF0001A310A680E4604441B1A176895F81C110E
:102C00009BB222463046B84750B3221894423CD279
:102C1000766806E0052B25D023780BB31C44A2422E
:102C200033D96378042BF5D1E378002BF4D195F8F0
:102C30001C11013185F81C11002EEDD095F84011C2
:102C40000729E9D801F1480745F82760217295F86E
:102C50004011013185F840111E462378002BDDD14B
:102C60000020F8BD94F90230002B08DB95F81E31E6
:102C7000591C85F81E11A1780B43A370CCE795F879
:102C80001D31591C85F81D11F5E7B5F818216B6940
:102C9000104480B2A5F81801588095F81C211A71CB
:102CA0000120F8BD2DE9F043284DDFF8B090AC4687
:102CB00004468846BCE80F0089B003AF0FC703AED7
:102CC0000FCE05F1140E25460FC59EE80700DCF86F
:102CD00000303B806B4636682E8003C36B4603CBC7
:102CE0001B4EA06104F118034FF4807C0125E161C3
:102CF00084F82020636140F2EF2200231548C4F8D5
:102D0000189140F209470421A4F81CC1C4F8280115
:102D100084F84011A280C4F82C31C4F83031C4F8D2
:102D20003431C4F83831C4F83C314FF4E131C4E9EE
:102D30004876094884F81E51A571FFF7FBFE40460E
:102D400000F0C8FA284609B0BDE8F0838C68070097
:102D500060680700686807006C3E012009000001F8
:102D60002DE9F04F04468BB0002900F09180032933
:102D700000F09C8090F840318B4240F2CB8048318B
:102D800000F5A27550F821603278002A00F0E78043
:102D900000231946374603E00131725C7718CAB147
:102DA00002F14000C0B20128F6D9F42AF4D8100686
:102DB00018D40120A2F55847B7F5006FECD30144B1
:102DC000202B00F0C98025F81320725C013377189E
:102DD000002AE5D1DBB201335B0043F4407304F514
:102DE000A17C5DE002F0E000C02800F0A18002F0CC
:102DF000F000E02800F0918002F0F800F028CBD13C
:102E000002F007024FF0040E787800F0C00CBCF11D
:102E1000800FC1D197F802C00CF0C00800F03F004D
:102E2000B8F1800F40EA8212B6D10CF03F0CBEF12F
:102E3000030F4CEA821275D0F87800F0C007802F9B
:102E4000AAD100F03F0040EA8212A2F58030B0F52E
:102E5000801F38BF4FF0040E9ED2A2F55840B0F547
:102E6000006F99D3B2F5803F7144A9D31E2BB1DC1A
:102E7000A2F580325800970A2844C2F30902A7F548
:102E80002057A2F5105225F813704280023384E7D0
:102E9000D0F82031A0F8443100F5A17C4FF4417303
:102EA000A4F8423160460BB0BDE8F08F02A800F0F4
:102EB00025FA04F5A17C019020B300F1FF3B5FFAF5
:102EC0008BF3284F04F1040B0DF1080A0BEB830B75
:102ED000A64606AE97E80F001AF8018B86E80F00A9
:102EE00008F00F090AADA94405EB181819F8109C51
:102EF00018F8103CAEF84691AEF844310EF1040ECD
:102F0000DE45E7D1019B5B00DBB201335B0043F49C
:102F10004073C5E74FF0000CC4E702F00F024FF01A
:102F2000030E71E7A2F50060B0F5784F95D333E753
:102F3000787800F0C007802F02F01F027FF42CAFDA
:102F400000F03F0040EA8212A2F18000B0F5F06F7D
:102F5000BFF422AF02202DE740F242333FE740F2B8
:102F600002333CE778680700004870478C3E012038
:102F7000014B5869704700BF8C3E01200A4601464C
:102F80000148FFF7EDBE00BF8C3E0120024B1868E0
:102F900000B10069704700BF1040012030B40848FC
:102FA000BDF80850046844B1646934B10846A446C9
:102FB00011461A462B4630BC6047002030BC704793
:102FC0001040012030B40848BDF80850046844B1EE
:102FD000A46934B10846A44611461A462B4630BCB3
:102FE000604730BC704700BF1040012070B487B00C
:102FF0000020162B029000900390CDF8130022D9E8
:1030000040F209431546114E8DF8021007200521A4
:1030100044F20202ADF80030402301968DF81430DE
:103020006C468DF809008DF80A10ADF80C200FCC15
:10303000A6882860A479064828616960AA60EB60C8
:10304000AE82AC75172007B070BC704702080650FE
:103050000705800210B5074B0360002101230446D9
:1030600080F850304160482208301CF0D7F82046E4
:1030700010BD00BFD068070001EBC10100EB81006B
:1030800000990162C0E90623704700BF01EBC1014E
:1030900000EB810042620385704700BF01EBC10174
:1030A00000EB810181F82A20704700BF01EBC101CC
:1030B00000EB810000990161C0E90223704700BF65
:1030C00010B5014604460348FFF78CFD08B1024BDA
:1030D0001C6010BD8C3E012014400120024B18687A
:1030E00008B190F850007047144001202DE9F047D6
:1030F000244C2568002D42D01F4600EBC00305EB91
:1031000083030446D3F818A089469046C600BAF156
:10311000000F30D050461DF06AF80828024628BF3C
:103120000822344405EB8405D5E90764DFF85CC068
:10313000154B002E08BF664651464846002C08BF76
:103140001C461CF043F830461DF051F8102802468A
:10315000314628BF102240461CF038F820461DF0AA
:1031600046F8042802462146384628BF0422BDE816
:10317000F0471CF02BB8DFF818A00822D1E7BDE813
:10318000F08700BF14400120543D0700B8680700D5
:10319000AC680700F8B50B4F3B688BB100EBC0057E
:1031A00003EB850504466A69C6001AB190473B687F
:1031B00085F82A00344403EB840393F82A00F8BD11
:1031C0001846F8BD14400120074B1B685BB100EBAB
:1031D000C00003EB800010B4038D446A0C605DF8FE
:1031E000044B138070477047144001200A781E2A50
:1031F00001D10020704710B520221C460521002374
:1032000000F078FF204610BD30B4094C029A2568C2
:1032100055B1044604EBC40405EB84040846194682
:10322000A3680BB130BC18474FF0FF3030BC70477B
:103230001440012030B4094C029A256855B1044667
:1032400004EBC40405EB840408461946E3680BB19B
:1032500030BC18474FF0FF3030BC7047144001209D
:10326000054B1B6833B100EBC00003EB8000036922
:1032700003B11847704700BF1440012000B5104B40
:10328000402283B083F8272303F05AFF4FF0804396
:103290000024D3F838548DF80040684613F060FBE2
:1032A000084B019301A813F0ABFB13F0B5FBEB0740
:1032B00002D401F021FFFCE7204603F07DFDF8E792
:1032C00000E100E0C932050003F076BD002003F004
:1032D00053BA00BF00B5002383B00322CDE9002319
:1032E00003490448C82211F0F7FF03B05DF804FB5E
:1032F000D46807007D32050014F0C2B94FF0805247
:10330000536E1BBA0360136E1BBA436008207047EC
:1033100000487047DC68070070B51F4D2B68B3B1DB
:1033200099B91478C4F34114012C0BD0022C07D1A5
:103330005478012C0DD0022C07D19388072B21D073
:10334000084670BD517822290CD0012070BD184666
:1033500070BDDC69F4B1237811462246BDE87040A7
:1033600002F088BE5188003918BF01211976114634
:1033700002F066FE2A68136A002BE6D0107E98479A
:10338000204670BD054C114623892246BDE8704099
:1033900002F070BE204670BD18400120C8620020B7
:1033A00010B5044601F0ECFD08B9002010BD01F095
:1033B000EFFD0028F9D104484FF45A7303FB0400D1
:1033C000007900F0010010BD1C400120064B4FF4B5
:1033D0005A7202FB003050F8063F0B6083888279F6
:1033E0008A718B80704700BF1C40012008B5044BD8
:1033F0004FF45A7202FB0030103001F025FC08BD7A
:103400001C4001202DE9F0414FF45A7505FB00F5F1
:10341000194F05F110043C4492B2204601F040FCE3
:103420000646204601F02AFC3F2802D83046BDE877
:10343000F08107EB0508002098F8031002F036FD34
:103440000028F3D0204601F019FC3F280BD905F5E0
:103450003A7298F803103A444023002002F08AFDA3
:103460003046BDE8F08198F80310002002F056FDC8
:103470003046BDE8F08100BF1C400120034B4FF4F3
:103480005A7202FB0030103001F07CBC1C4001205D
:103490002DE9F041044601F073FD10B90020BDE8AC
:1034A000F08101F075FD06460028F7D14FF45A71FE
:1034B000DFF8608001FB04F404F12C054544284644
:1034C00001F0C2FB0028E9D008EB04073046B978C8
:1034D00002F0ECFC0028E1D004F54A74444428468C
:1034E0002146402201F0DCFB054660B1B978224656
:1034F00030462B4602F03EFD40B9054B1B68DB070A
:10350000CCD500BECBE7B97802F008FD2846C6E767
:10351000F0ED00E01C40012038B50C4B4FF45A741C
:1035200004FB00342C3492B20546204601F06AFCBC
:10353000034620461C4601F087FB3F2801D8204661
:1035400038BD2846FFF7A4FF204638BD1C400120A7
:1035500008B5044B4FF45A7202FB00302C3001F0D6
:103560008DFB08BD1C400120F0B51C4C83B0002130
:103570004FF45A72204601250E461BF04FFEFF23E2
:103580004FF4424204F148016371E2802B46082760
:10359000009604F110004FF4807227732581668134
:1035A00001F016FB2B464FF4807204F5A4710095D0
:1035B00004F12C0001F00CFB04F51271284611F007
:1035C00031F904F5267103462846C4E9096311F070
:1035D00029F9C4E9100603B0F0BD00BF1C4001206A
:1035E00010B5094B002203F12C0403F110001A60FE
:1035F0001A7101F07DFC204601F07AFC2046012181
:10360000BDE8104001F09CBC1C4001202DE9F041B8
:103610004B79022B82B002D18B79022B04D000258A
:10362000284602B0BDE8F081314FBB782BB1314B59
:103630001B68DB07F3D500BEF1E78B783B700C7895
:103640000C440646617824294FF009050BD1082A5D
:1036500002D80FE0AA420DD323781C442B44617892
:1036600024299DB2F6D005291BD0042902D1637903
:103670000A2B28D0204801F001FB3F28D0D9F97847
:10368000002002F013FC0028CAD01B4801F0F6FA13
:103690003F28F97813D9194A4023002002F06AFC28
:1036A000BEE72146304602F0E1FB0028BFD0A378F8
:1036B0007B7023781C442B4461789DB2D5E70020B1
:1036C00002F02CFCACE70E4A94F800800192022331
:1036D00001320092304604EB08011A4602F052FB18
:1036E0000028A4D005F10E0318FA83F39DB2C1E7B8
:1036F0001C400120F0ED00E02C400120044301209B
:103700001E40012038B5137803F06003202B0CD144
:10371000264C938825789D4207D15378203B032B74
:1037200003D8DFE803F009151E04002038BD71B38B
:10373000022931D0012038BD61B10229FAD11C4BD8
:10374000002BF7D01B490020AFF30080012038BDCB
:103750000029EFD111460723164A02F08BFC012005
:1037600038BDA1B10229E5D15588257105F00104C4
:10377000114884F0010101F0E3FB104B002BD9D07C
:10378000C5F3400221460020FFF700FAD2E71146B8
:1037900002F056FC012038BD094B002BCAD05188DD
:1037A0000020AFF30080012038BD00BF1C40012085
:1037B0000000000022400120484001208D2B050020
:1037C000000000002DE9F047574DEA788A420C4688
:1037D00007461E465CD19AB205F53A7105F1100014
:1037E00001F010FB514BD3B16B79FF2B17D0B6B161
:1037F00005F2E72808EB060AA8F2D72902E0D0452F
:103800000DD06B7918F8012F9A42F8D1484601F093
:103810002BFA0028F3D16979AFF30080EFE7444B2E
:1038200023B1444801F020FA002870D0414801F04B
:1038300025FA3F2805D9E978002002F037FB002857
:1038400058D1AB789C4203D001242046BDE8F087D4
:10385000394B13B10020AFF3008001F091FB20BB86
:10386000364801F0F1F90028EED1002EECD016F028
:103870003F06E9D1A978384602F018FB0446002833
:10388000E2D0A97838463346324602F073FBDCE7D3
:10389000AB788B42DCD02A4B1C6814F00104D4D0E6
:1038A00000BE00242046BDE8F08701F071FB04460D
:1038B0000028D5D1214801F0C7F90028D0D0A97837
:1038C000204602F0F3FA0028CAD01E494022A1F592
:1038D0003F7001F0E5F9034608B31A4AA97820467B
:1038E00002F048FB0028AFD1154B1B68DB07B7D5AA
:1038F00000BEB5E70F4801F0C1F93F280AD94023BF
:10390000114AE978002002F035FBAB789AE7AFF373
:1039100000808BE7E978002002F000FB91E7A978AE
:1039200002F0FCFA9CE700BF1C40012000000000F0
:10393000000000002C400120000000004840012051
:10394000F0ED00E0444301200443012002488C22B2
:1039500000211BF063BC00BF8443012002488C227D
:1039600000211BF05BBC00BF844301202DE9F04126
:103970004B79032B82B011D10F79C7EBC7051235F4
:10398000ADB295420C4604D8DFF89C8098F801103F
:1039900049B1234B1B68DA0700D500BE0025284635
:1039A00002B0BDE8F08194F800C004EB0C0292F87C
:1039B00001E0BEF1210FECD1C8F8882014F80C10FA
:1039C00008F1010E08F1020C1144CDE900CE3A468F
:1039D000064602F0D7F90028DBD0A37998F8021048
:1039E000012B04BFE37988F803300122D8F888302E
:1039F00088F80420A278B3F8073088F80020A8F8E7
:103A000006300029CBD0074A3046402302F0B2FAF4
:103A10000028C4D1024B1B68DB07C0D500BEBEE73F
:103A2000F0ED00E0CC43012084430120F0B51446C2
:103A3000127802F01F05012D83B00FD10B4671499A
:103A4000A78891F800C0FFB2BC4507D112F0600210
:103A5000064606D183BB6278062A30D0002003B028
:103A6000F0BD202AFAD16278013A0A2AF6D801A0DC
:103A700050F822F0493B0500353B0500213B05008D
:103A80005D3A05005D3A05005D3A05005D3A0500C6
:103A90005D3A0500093B0500E33A0500A13A05003F
:103AA00063B3022B08D16388574ADBB20B711AB19A
:103AB00019460020AFF30080012003B0F0BD6288FA
:103AC000120A212A65D0222AC8D11846FFF75EFAC9
:103AD0004C490246CB883046214602F0CBFA2846B4
:103AE000BDE7002BE8D162884848120A4A7128B124
:103AF00011461846AFF300800028AFD0214630466B
:103B000002F09EFA0120AAE7002B4ED1E388402B59
:103B1000A4D83F4A2146304602F0ACFA01209EE785
:103B2000002BC9D13B4A21463046012302F0A2FABC
:103B3000012094E7002BBFD1374A214630460123AC
:103B400002F098FA01208AE7002BB5D1E588608859
:103B5000402D4FEA10222F4628BF402710F0FF00CB
:103B60003ED0012D46D9013F08722C49BFB2012534
:103B70000B46009701460020FFF710FA2B189BB266
:103B80008BBB274A1268D2077FF568AF00BE184684
:103B900065E7D1F88820002A3FF460AF137821460A
:103BA00003B0BDE8F04002F065BA022B84D1E5888D
:103BB0006388402D2C4628BF402413F0FF004FEAB5
:103BC000132205D0012D03D991F84830834214D037
:103BD0000F4B009401460020FFF7F4F901203EE767
:103BE00010491D46C4E70F4A2146304602F042FA0A
:103BF000012034E70B491D46BAE7013C0A4BA4B249
:103C0000E7E700BF8443012000000000000000003F
:103C1000CC43012088430120894301208D430120AA
:103C2000F0ED00E08C430120CD43012030B51C4C69
:103C3000A2788A4283B00CD16178914217D1194A97
:103C400022B11949DAB20020AFF30080012003B09D
:103C500030BD62788A42F2D0144B1B68DB0703D573
:103C600000BE002003B030BD002003B030BD0022F4
:103C70009BB2114605460093104604F14803FFF736
:103C8000A1F9A1782846402304F1480202F072F914
:103C90000028DBD1054B1B68DA07E5D500BED6E767
:103CA00084430120000000008C430120F0ED00E07F
:103CB00070B500F12C050446284600F0C5FF08B990
:103CC000002070BD6178002002F0F0F80028F7D0E5
:103CD00004F50A7628463146402200F0E1FF054609
:103CE00060B1034661783246002002F043F940B9E2
:103CF000054B1B68DB07E3D500BE70BD617802F0A1
:103D00000DF9284670BD00BFF0ED00E030B5164C4F
:103D100083B000210D464FF41A7220461BF07EFA44
:103D200004F1480104F1100000950123802200F005
:103D30004FFF802204F1C8010123009504F12C00FB
:103D400000F046FF04F5A471012010F06BFD04F5AE
:103D5000CC7103460120C4E9095310F063FDC4E9A6
:103D6000100503B030BD00BFD070012010B5084C65
:103D7000002304F11000C4E90033C4E9023301F068
:103D8000B7F804F12C00BDE8104001F0B1B800BF55
:103D9000D07001202DE9F0434B79012B83B002D183
:103DA0008B79012B04D00025284603B0BDE8F083B1
:103DB000CB79002BF7D10B78CC1806466578242DEB
:103DC00099B20BD1914202D9EDE78A42EBD3237825
:103DD0001C440B446578242D99B2F6D0042DE2D111
:103DE0006379012BDFD1A379032BDCD1E579002D99
:103DF000D9D1DFF8CC8098F8010098F8023050EA69
:103E0000030905D02B4B1B68DB07CCD500BECBE7E5
:103E1000A37888F8003027782079CB199DB2274401
:103E200030B922E03B7881451D44ADB21F441CD21D
:103E3000AA421AD37B78052BF4D139463046019239
:103E400002F014F8019A68B3BB782079D90914BF3D
:103E500088F8013088F80230397809F101030D44FF
:103E60005FFA83F9ADB20F44DCE7134800F006FFB8
:103E70003F2899D998F80210002002F017F800287E
:103E800092D00D4800F0FAFE3F2898F8021005D9AC
:103E90000A4A4023002002F06DF885E7002002F076
:103EA0003DF881E7034B1B68DA077FF57CAF00BE66
:103EB000054679E7F0ED00E0E0700120B8720120DE
:103EC000D070012000207047F8B52D4DAA788A42A5
:103ED0001E4619D19AB205F5F47105F1100000F0F3
:103EE00091FF284B13B10020AFF30080264800F06B
:103EF000C5FE3F2805D9A978002001F0D7FF044668
:103F000068BB01242046F8BD6B788B4208D01F4B5C
:103F10001C6814F00104F5D000BE00242046F8BD52
:103F200007462846FFF7C4FE0028EAD105F12C0019
:103F300000F08AFE0028E4D1002EE2D016F03F0601
:103F4000DFD16978384601F0B1FF04460028D8D0A7
:103F5000697838463346324602F00CF8D2E70A4810
:103F600000F08CFE3F28A97805D9094A402300209B
:103F700002F000F8C6E7002001F0D0FFC2E700BF62
:103F8000D070012000000000E0700120F0ED00E0A2
:103F9000B872012070B52E4CE28AA36852BA92B270
:103FA00082B0054612B1B3FBF2F292B2A06BD4F824
:103FB0001110B0FBF2F61B1AB3F5007F28BF4FF4C7
:103FC000007309BA009302FB1602224B607B314456
:103FD000FFF71AF9031E13DB09D094F82E101D4ABF
:103FE0009BB2284601F0C6FF58B302B070BD94F8EA
:103FF0002E10009328461A4601F090FE02B070BDC4
:10400000A268A36B43F203300021D31AA08784F87F
:104010003E1001200221A36284F82C0084F83010A5
:10402000002AE2D0002BE0D0237BDB0914BF94F8F8
:104030002E1094F82F10284602B0BDE8704001F011
:10404000D5BF054B1B68DB07CFD500BECDE700BF52
:104050001046012010440120F0ED00E038B5214B5E
:10406000214C05461BB1607BAFF30080B0B1A06B63
:10407000A36894F82F101D4A1B1AB3F5007F28BFC0
:104080004FF4007328469BB201F074FF00B138BDB5
:10409000174B1B68DB07FAD500BE38BDA26BA168C1
:1040A00084F83E008B1A42F207720120A287022296
:1040B000A36284F82C0084F830200029E7D0002B7C
:1040C000E5D0237BDB0906D094F82E102846BDE806
:1040D000384001F08BBF94F82F102846BDE83840D7
:1040E00001F084BF000000001046012010440120B0
:1040F000F0ED00E0044880F83C1080F83D2080F8A6
:104100003E300120704700BF104601200248402287
:1041100000211BF083B800BF104601200248402256
:1041200000211BF07BB800BF104601204B79082B03
:1041300001D0002070478B79062BFAD1CB79502B18
:10414000F7D1162A06D81C4B1B68D907F1D500BE3B
:104150000020704770B5194D8B7885F82D300B789D
:1041600082B005F12F0205F12E0619440223CDE994
:1041700000261A46044601F005FE30B90E4A1268C0
:10418000D2070FD500BE02B070BD204695F82F10A3
:1041900000241F232A4685F8304001F0EBFE20B1B1
:1041A0001720F0E7002002B070BD034B1B68DB074F
:1041B000F6D500BE1720E6E7F0ED00E0104601203E
:1041C000002961D170B5137803F07F05022D84B00A
:1041D000044620D003F06003202B02D0002004B05E
:1041E00070BD5378FE2B34D0FF2BF7D15388002BB2
:1041F000F4D1D688B3B2002BF0D13B4D1146204606
:10420000AE87C5E90D3385F8303085F83E3001F0D2
:1042100017FF0120E3E75578012DDBD15388002BF0
:10422000DCD1314E938896F83020042ADBB243D09B
:1042300096F82E10994229D096F82F509D4205D11C
:1042400022B9294601F0C4FE00283AD0012004B06A
:1042500070BD5388002BC1D1D0880128BED1234B1B
:104260008DF80F002BB10192FEF738FF019A00285C
:10427000B4D0451E1146204601230DF10F028DF8E2
:104280000F5001F0F7FEE1E701207047022ADDD16F
:10429000B26BB3689B1A0324B36206F120020D23AC
:1042A00086F8304001F066FE0028CFD1104B1B6825
:1042B000DB0793D500BE92E7194601F097FE28462A
:1042C0008DE72946204601F0ADFE0028BED100232F
:1042D00086F8303096F82F10034A20461F2301F04D
:1042E00049FE0028B2D1E1E710460120DD3005008B
:1042F000F0ED00E0F0B5A74C94F83050012D8FB0F0
:104300001E4607466FD0032D46D02DB1022D00F07A
:10431000898001200FB0F0BD94F82F308B42F8D186
:104320001F2E40F09E809C4B22689A4240F099805C
:10433000E37B9A4A6068A56284F82C50A5632262E8
:10434000A56860620122282B84F83020656300F0A4
:10435000DA802A2B00F09F82002D00F02981227B39
:10436000D20940F02581B5F5007F40F2F78294F83C
:104370003C30A5620120022284F82C0084F8302011
:1043800023B942F2050284F83E30A287384601F094
:104390002DFE94F83050B9E794F82E308B42B8D106
:1043A0000D2EB6D1E37B282B00F06D822A2B00F076
:1043B00062827B4B23B1607B04F10F01AFF300807D
:1043C000002084F83000734A94F82F101F233846D9
:1043D00001F0D0FD0028DCD1724B1B68DA0700F138
:1043E0009080002096E7E37B282B12D02A2B59D00F
:1043F000A36B227B3344D209A36347D0626B9A42FA
:104400000DD9684B1B68DB07C3D500BE94F830504C
:104410007CE7D4E90D2333449342A3636CD3022396
:1044200084F8303094F82E10384601F0FBFD002857
:104430007FF46FAFA368A26B934202D9217BC909B5
:104440001ED19B1A0325A36294F82E10564A84F8B5
:10445000305038460D2301F08DFD00287FF459AF10
:10446000BAE7042394F82E1084F83030384601F06F
:10447000BDFD384694F82F1001F0B8FD002049E743
:1044800094F82E10384601F0B1FD42E7A38E474A5A
:10449000607B04F10F01FEF7A9FE0028C0F2C9817C
:1044A000A36BABE7E08A40BA80B218B1A368B3FB54
:1044B000F0F080B2D4F81110A26B3C4DB2FBF0F3D7
:1044C00009BA00FB13221944607B00962B46FEF7C5
:1044D000B1FE0028C0F20A82864252D9002840F07C
:1044E0003382002394F82F1000933246384601F0AF
:1044F00015FC94F8305009E7FFF74CFD94F8305064
:1045000004E700BE06E7E28A52BA92B29DB9002AD9
:1045100085D094F83C300222002184F82C2084F8C5
:104520003020A162002B7FF47DAF42F2050284F8B7
:104530003E30A28776E7207BC0090BD0002A00F02E
:10454000EE819542C0F02282282B3846D4D0FFF766
:1045500085FD1EE794F83C20A562022384F82C30E8
:1045600084F83030002A7FF411AF42F205020023B4
:10457000A28784F83E30207BC00900283FF406AFB4
:104580009DE1D4E90D2333449342A363BFF447AFC5
:104590003846DCE7104601205553424355534253F9
:1045A00000000000F0ED00E0304601201044012042
:1045B000607B252B27D8DFE813F037012600260083
:1045C0000A012600260026002600260026002600D6
:1045D0002600260026002600260026002600E900E8
:1045E0002600260026002600260026002600CF00F2
:1045F000B5002600260026002600260026002600FC
:104600007B002600520094F83C30002B3AD1B04A8F
:10461000B049ABB2FEF7EAFD002833DB40F0C981B8
:10462000A368002B3FF4FBAEA16B94F83C205B1A0F
:1046300001200221A36284F82C0084F8301022B9F2
:1046400042F2050184F83E20A187002B3FF4EAAE38
:10465000237BDB0940F0338194F82F1096E604AAFF
:1046600005A9FEF7B1FD059B23B1BDF81020002A76
:1046700040F0968194F83C3023B940F2024284F82D
:104680003E30A287A268A36B94F83C100120D31A95
:1046900084F82C000220A36284F8300021B942F291
:1046A000050084F83E10A087002A3FF4BBAECCE79B
:1046B00005AD00230DF10E0204A96B600593AB60FC
:1046C000FEF782FD049A002AD4D0BDF80E30002BEC
:1046D000D0D012BA5BBA08200221ADF81E30069283
:1046E0008DF817008DF81C1095E80700784BA56829
:1046F00083E807000C20002D40F03981A36B94F86B
:104700003C205B420121A362022384F82C1084F830
:104710003030002A7FF486AE42F2050384F83E5022
:10472000A3877FE66C4B002B3FF47AAFE17CC1F3AB
:10473000400301F001020909AFF3008000287FF473
:104740006FAF94F83C30002B9CD140F20242002322
:10475000A28784F83E3095E7059B604A03F4000386
:1047600043F003030593002A00F01881AFF30080A3
:104770009DF81630564AA56880F0010060F3C71313
:104780008DF81630059B13600420B4E74FF02033FA
:104790000022CDE90A33524D069207A909AA0893CF
:1047A000079309930D930C9305AE0DAB0595FEF79A
:1047B0009DFC0FCEDFF818C1A568ACE80F000FCE46
:1047C000ACE80F003368CCF80030242093E794F86D
:1047D0003C2094F83D0094F83E10DFF8F4C04FF010
:1047E000000E4FF00003CDE905EECDE907EE62F3D0
:1047F00003038DF81630F0220A23ADF824E08DF87B
:1048000020008DF821108DF814208DF81B3005AE96
:104810000FCEACE80F003368A4F83CE084F83EE02B
:10482000ACF80030122066E7FEF7B4FC002888D010
:10483000F6E6A268A36B94F83C0084F82C50D11AD9
:104840000225A16284F8305020B942F2050584F8AF
:104850003E00A587002A3FF4D1AD00293FF4CEAD3C
:10486000237BDB0900F0948094F82E10384601F089
:10487000BDFBA36BC2E51B4B002B3FF4A1AD607BDE
:10488000FEF7EEFC9CE5184B002B3FF499AD607BE6
:10489000AFF3008094E5E28A52BA92B2002D3FF461
:1048A00036AE207BC0093FF449AE94F83C30A56297
:1048B000022284F82C2084F83020002B7BD094F83E
:1048C0002E10384601F092FB94F830501EE500BFE0
:1048D000104401201F4601200000000000000000DD
:1048E000008002026132050000000000A36BA26894
:1048F0003344D11A43F20330A3630023A08784F822
:104900003E3001200223A16284F82C0084F830306C
:10491000002A3FF487AD00293FF484AD98E60122D8
:1049200094F83C3084F82C200222A56284F83020D0
:10493000002B7FF422AE42F2050284F83E30A287BB
:10494000002D3FF46FAD16E6A36B361A0344291809
:1049500032462846A3631AF047FCC2E5194AABB2B7
:10496000384601F007FB00287FF413AD34E5A84278
:1049700028BF284683B26063124A94F82E10384646
:1049800001F0F8FA00287FF404AD25E50222C7E71C
:1049900094F82F10384601F029FB81E50120E7E665
:1049A0000849A568013B1BBA12BAC1E900320820C8
:1049B000A1E6A5689FE642F2050284F83E30A28790
:1049C000D9E500BF1044012030B5154C83B000215B
:1049D0000D464FF4EE7220461AF020FC04F13C0123
:1049E000201D00950123402200F0F2F8402204F13E
:1049F0007C010123009504F1200000F0E9F804F1A6
:104A0000BC0101200FF00EFF04F586710346012062
:104A1000C4E906530FF006FFC4E90D0503B030BD2D
:104A20005046012010B5064C2046002340F8043BB8
:104A300000F05EFA04F12000BDE8104000F058BA22
:104A4000504601204B79FF2B01D0002070472DE903
:104A5000F041324C6678A378334382B003D0002013
:104A600002B0BDE8F0810D788B782370804608791C
:104A70000F460D4408B36B78052B0AD0AB189D4246
:104A800002D306E0AB4204D929780D4469780529A0
:104A9000F8D1234E0196731C024600932946022347
:104AA000404601F06FF90346A8B13B79A178C3EB0A
:104AB000C3031D4431B96178A1B9E81B80B202B0CB
:104AC000BDE8F081402306F25B12404601F052FA45
:104AD00003460028EFD1134A1268D207BFD500BEA3
:104AE0001846BDE7002001F073FA06460028E4D11D
:104AF0000D494022A1F5BE7000F0D2F80028DCD0AC
:104B000003466178084A304601F034FA0028D4D1CF
:104B1000044B1B68DB07D0D500BECEE75046012012
:104B200051460120F0ED00E0EC47012038B5234C60
:104B3000A2788A420AD063788B424FF0000004D1F9
:104B400001F046FA054600B3012038BD9AB204F5DB
:104B5000AE71201D00F056F9194B13B10020AFF3D0
:104B60000080A178002001F033FA05460028EBD13F
:104B7000144800F083F83F28E6D9A178124A284665
:104B8000402301F0F7F9012038BD402204F5CE7131
:104B900004F1200000F084F80028D5D003466178A5
:104BA000284604F5CE7201F0E5F90028CCD1074B78
:104BB0001B68DB07C8D500BEC6E700BF5046012012
:104BC0000000000054460120AC470120F0ED00E059
:104BD0002DE9F041B2F5004F9DF8188030D8044619
:104BE000406915460E461F4618B14FF0FF3110F0D0
:104BF00059F8A06918B14FF0FF3110F053F86A006E
:104C000092B260692660511E00235242E381A58062
:104C1000E78084F80880A1816281238218B11A4656
:104C200019460FF04FFCA06938B100231A46194607
:104C30000FF048FC0120BDE8F0810120BDE8F081C3
:104C40000020BDE8F08100BFC189028A89B292B21A
:104C50008B1A91429BB202D242899B1A9BB28088E6
:104C6000984228BF18467047C289038A90B29BB207
:104C7000C01AB0FA80F04009704700BFC189028AAB
:104C800089B292B28B1A914210B49BB2848802D23C
:104C900040891B1A9BB2E01A80B25DF8044B704742
:104CA0002DE9F047054680698846914618B14FF0D6
:104CB000FF310FF0F7FFEB892C8A9BB2A4B21E1BC9
:104CC000A342B6B202D26A89B61AB6B2AF88B74268
:104CD00009D2BB4249D26A893A449B1A9AB22A82C3
:104CE0002C8A3E46A4B2002E45D04E4528BF4E46E3
:104CF000A74203D8E41BA4B2A742FBD9A7EB04093F
:104D0000B5F806A029681FFA89F94E450AFB041177
:104D100025D919FB0AF91FFA89F94A4640461AF0C3
:104D200055FAF21B224412FB0AF2296892B208EBF0
:104D300009001AF04BFA2A8A92B293199BB29A424E
:104D40001BD96A8913449BB2A8692B8220B1002326
:104D50001A4619460FF0B6FB3046BDE8F0870AFB4D
:104D600006F240461AF032FAE5E7A989DA1B92B258
:104D70009142B4D2AFE72B8A9BB2AA899A42E3D27E
:104D8000DFE700BF70B5044680690E4618B14FF0EA
:104D9000FF310FF087FFE289238A92B29BB2D01ACB
:104DA0009A4280B202D26189401A80B2A5888542B7
:104DB00007D2AA421DD261892944521A91B2218296
:104DC0002846E0B1AB4203D35B1B9BB29D42FBD9AB
:104DD000E2882168304602FB03111AF0F7F9012539
:104DE000A06920B100231A4619460FF06BFB284634
:104DF00070BDA089511B89B28842E0D2DBE705462D
:104E0000EEE700BF2DE9F84F1546002A3FD00446D3
:104E10004069884618B14FF0FF310FF043FFE78932
:104E2000237A218ABFB289B2A3BB7A1A8F42A388A0
:104E300092B252D39A1A92B2954228BF1546A5EB68
:104E40000309B4F806A01FFA89F99F423E4603D32E
:104E5000F61AB6B29E42FBD29B1B20689BB29D42C3
:104E60000AFB060027D80AFB05F241461AF0AEF904
:104E7000EB199BB29F421AD8A2899A4217D3606954
:104E8000E38120B100231A4619460FF01BFB284688
:104E9000BDE8F88FA3889D4223D3B4F806A0ED1A8D
:104EA0000AFB05880F461D464FF00009CDE76289D1
:104EB00013449BB2E3E713FB0AF31FFA83FB5A4642
:104EC00041464E441AF082F916FB0AF2206808EBBC
:104ED0000B0192B21AF07AF9CAE76189521A92B2BA
:104EE000A8E7A5EB0309B4F806A01FFA89F9ACE717
:104EF00010B50446406918B14FF0FF310FF0D2FEF3
:104F0000A06918B14FF0FF310FF0CCFEA3886069A3
:104F10005B009BB2591E5A420023E381A18162814A
:104F2000238218B11A4619460FF0CCFAA06920B1B5
:104F300000231A4619460FF0C5FA012010BD00BF24
:104F400038B5044640690D4618B14FF0FF310FF0F7
:104F5000A9FEA06918B14FF0FF310FF0A3FE606900
:104F6000257220B100231A4619460FF0ABFAA0694A
:104F700020B100231A4619460FF0A4FA012038BDCB
:104F8000024B5878003818BF012070478448012030
:104F9000024B1878C0F38000704700BF844801209E
:104FA000044828B108B5002001F0ECF9012008BD43
:104FB000704700BF85630500044828B108B500208C
:104FC00001F0EAF9012008BD704700BF99630500B0
:104FD000014B1878704700BFBB4801202DE9F04312
:104FE0003A4D2E7883B01EB1304603B0BDE8F08351
:104FF00037223146044636481AF010F93549012067
:105000000FF010FC344B186000283BD033490B469E
:105010004A6833F8080B498800960FF0AFF9304B17
:10502000186078B32F4F27B12F48AFF300802F4B74
:1050300018602D4E337877B32D4FDFF8B0804FF0E6
:1050400000094B4537D8A9EB0303DBB2042B39D851
:1050500003EB430307EBC3031B689847337809F15D
:1050600001095FFA89F91A1D4A45EADA204601F07A
:105070006FF9204601F06EF9012630462E7003B01C
:10508000BDE8F0831B4B1B68DB07ADD500BE304687
:1050900003B0BDE8F083DFF8588001E0052F11D0A0
:1050A00007EB4703013758F8333098473378043318
:1050B0009F42F3DDDAE7D8F8003009EB490203EB51
:1050C000C203C9E700231B68FFDE00BFBB48012005
:1050D0008448012034480120BC4801207C63002022
:1050E000C048012000000000304801202C48012069
:1050F00018690700F0ED00E02DE9F04F8BB002F0E9
:105100002DF8002800F06F81BE4DDFF81893DFF80E
:1051100018A3DFF818B328684FF0FF3207A90FF083
:1051200065FC002800F05F819DF81D30013B072BD6
:1051300000F2F284DFE813F00001C900A30094003C
:1051400088003F000E000800089B002BE3D0099860
:105150009847E0E79DF82010AB4B01F07F0403EB8C
:10516000440303EBD11393F825006FF3000083F899
:10517000250093F825006FF3820083F82500002CAA
:1051800000F03481A14ADB7C32B1A14A127893420B
:10519000C0F01C819B1ADBB2042B00F21F8103EBD1
:1051A00043030AEBC3031C699DF82120099B9DF86A
:1051B0001C00A047AFE7DFF850829DF81C6098F80C
:1051C000003043F0010388F8003098F825306FF381
:1051D000000388F8253098F825306FF3820388F8AB
:1051E000253098F826306FF3000388F8263098F8B9
:1051F00026306FF3820388F82630002000F09EFFEF
:105200009DF8203003F06002602A0DD0402A00F0A3
:10521000438103F01F03012B00F09B81022B00F060
:105220006D81002B00F04781D9F80030DC0700D5F4
:1052300000BE9DF81C00002101F044FA9DF81C00FE
:10524000802101F03FFA66E76F4B1B78DA077FF5A4
:1052500062AF704B002B3FF45EAFAFF300805AE7B4
:10526000694B1A78D1077FF556AF6B4A002A3FF495
:1052700052AF1878C0F3C000AFF300804BE7644C26
:10528000624F2278002F00F0F480002614E0B31A59
:10529000DBB2042B00F2FD8003EB43030AEBC303F4
:1052A0005B691BB19DF81C00984722780136F6B265
:1052B000131DB342FFF62FAFB242E8D9DBF800303E
:1052C00006EB460103EBC103EAE7514C4F4F23784D
:1052D0009DF81C60002F00F0BA800027BB4267D801
:1052E000FB1ADBB2042B00F21F8403EB43030AEB2F
:1052F000C3035B683046984723780137FFB21A1D15
:10530000BA42EBDA372200213F4819F087FF434BBE
:105310004FF0FF321A605A609A60DA601A615A617F
:105320009A61DA611A8400F0FFFE3D4B002B3FF4D6
:10533000F2AEAFF30080EEE6354C344F23789DF8A3
:105340001C60002F5AD000279F4238D3FB1ADBB2D3
:10535000042B00F2E98303EB43030AEBC3035B680E
:105360003046984723780137FFB21A1DBA42EBDA6C
:10537000254C37220021204619F050FF4FF0FF3313
:10538000C4F80330C4F80730C4F80B30C4F80F3049
:10539000C4F81330C4F81730C4F81B30C4F81F30F9
:1053A000A4F8233000F0C0FE9DF82030A370B2E6D0
:1053B000DBF8003007EB470203EBC20399E7DBF8A9
:1053C000003007EB470203EBC203C8E7DBF800201D
:1053D00003EB430312EBC3037FF4E5AE114B1B68F1
:1053E000D80700D500BE0BB0BDE8F08F099B9DF833
:1053F00021209DF81C0000F0B3FE8CE6DFF8288029
:1054000019E000BFC04801208448012000000000CE
:105410003048012000000000000000008748012003
:1054200000000000F0ED00E0186907002C480120A2
:10543000052F00F07983D8F8043030469847237858
:10544000013704339F4208F11808F1DD90E7DFF8D7
:10545000508302E0052F00F06783D8F8043030460F
:105460009847237801370433BB4208F11808F1DA72
:1054700048E7CB4E73691BB19DF81C009847227812
:105480000137131D9F4206F118063FF744AE052F62
:10549000F0D100235B69FFDEC24800283FF4C9AEAB
:1054A00000F04CFE304608AA0021FDF735FF002829
:1054B0007FF431AEBDE6202A00F08480002A7FF41C
:1054C000B3AE9DF82130092B3FF6AEAE01A252F8E3
:1054D00023F000BF5B5605005B570500295205000D
:1054E0003B570500295205001D570500C956050008
:1054F00029520500B15605007F5605009DF824107D
:1055000001F07F03082B3FF68FAE08EB430000EB62
:10551000D110A54CC07C5B00CF0934B1A34C2478DA
:10552000A042C0F08E80001BC0B2042862D800EBFD
:1055300040000AEBC004002A60D0E06800F0FEFDE5
:10554000E368304608AA0021984700287FF4E3ADBD
:105550006FE69DF824300F2B3FF66BAE4344924A22
:10556000DB782AB1914A1278934261D39B1ADBB25D
:10557000042B3FF65EAE03EB43030AEBC304E06883
:1055800000F0DCFDE36808AA0021304698470028B7
:105590007FF4C1AD9DF8203013F060047FF449AE74
:1055A0009DF821300A3B012B3FF643AE00F0C6FDCB
:1055B0009DF821300A2B00F07B8108A9304600F0CD
:1055C0003FFDA8E59DF824300F2B3FF632AE434453
:1055D000754ADB7832B1754A12789342C0F04D813A
:1055E0009B1ADBB2042B3FF624AE03EB43030AEB1A
:1055F000C304A2E7002A7FF41CAE14469DF82120C4
:1056000002F0FD00012800F00A81002A7FF40CAEB0
:1056100043443B44304693F825400DF11A02C4F34D
:105620004004022308A9ADF81A4000F023FD72E5FA
:10563000DBF8004003EB430314EBC3043FF4F9AD84
:105640009DE7DBF8004000EB400004EBC004002ABB
:10565000D4D0002C7FF471AFEBE598F800309C08B3
:1056600004F00204C3F340131C43304602230DF13F
:105670001A0208A9ADF81A4000F0FCFC4BE59DF8B1
:10568000223002931A4698F801309A4208D098F8CE
:105690000130002B40F09581029B002B40F01281DD
:1056A000029B88F80130304608A900F0C9FC32E5B9
:1056B00098F801308DF81A30304601230DF11A02A6
:1056C00008A900F0D7FC26E5BDF82200030A5A1EFF
:1056D000C0B20E2A3FF6ADAD01A151F822F000BFD5
:1056E00007580500EB570500DB570500335205004E
:1056F00033520500B5570500EB570500335205003E
:105700003352050033520500335205003352050071
:1057100033520500335205007B57050008A800F0FE
:1057200013FD9DF82210304600F01AFE98F8003064
:1057300043F0020388F80030EDE4BDF82230012B7D
:105740007FF477AD98F80030304643F0080308A99D
:1057500088F8003000F074FCDDE4BDF82230012B45
:105760007FF467AD98F8003030466FF3C30308A9A3
:1057700088F8003000F064FCCDE40D4B002B3FF4C2
:1057800058ADFDF7C5FD024600283FF44DAD5388E6
:10579000304608A900F06EFC00287FF4BCAC48E558
:1057A0001869070019330500000000003048012087
:1057B00011330500B64B002B3FF43BADAFF3008037
:1057C000024600283FF435AD1378304608A900F0B2
:1057D00051FC00287FF49FAC2BE5BDF82410FDF7A9
:1057E000CDFB02460028EFD123E5022B00F08A8191
:1057F000A84B002B3FF41DADAFF300800246002AFA
:105800003FF412ADC3E7FDF7AFFB1223024608A930
:10581000304600F02FFC00287FF47DAC09E5BDF890
:105820002200009048B9012A43442FD03B4403F1A1
:10583000200793F825309B0713D5002C3FF46BAC61
:10584000E06800F07BFCE36808AA00213046984736
:10585000002000F073FC98F82630DF073FF55BACC2
:10586000ABE6304600F02EFF7B7943F002037B71FC
:105870007B7943F001037B71DFE7DBF8004003EB4A
:10588000430314EBC3043FF4D4AC56E61F44203763
:105890007B799A07D1D5304600F054FF7B79009A86
:1058A00062F341037B717B7962F300037B71C4E790
:1058B00008A9304601230DF11A028DF81A4000F0B4
:1058C000D9FB28E4581EC0B2FDF752FB002871D066
:1058D0004378022B6ED1C27998F80010C2F34013BE
:1058E0001B01C2F3801221F0300143EA42130B4343
:1058F00088F8003043880396C31800F10907049321
:105900003946049B8B4240F2F5804B780B2B00F01C
:10591000DD8001220092042B4CD1049B5E4A5B1A6D
:105920009BB201935D4B1B784AB3002637461DE0BE
:10593000F31ADCB2042C00F2EC8004EB44040AEB12
:10594000C404019AA368039805919847082805990B
:10595000024603D9019B834280F082804F4B1B7823
:105960000136F6B21A1DB242374623DBB342DFD905
:10597000DBF8004006EB460304EBC304E1E7484BC9
:1059800017461C46052FFEB200F0C380019AA3689B
:1059900003980591984708280599024602D901986D
:1059A00090425DD23D4B1B7801370433BB4204F17A
:1059B0001804E7DAD9F80030D9077FF535AC00BE16
:1059C00032E4364C344F304600F084FD98F8022023
:1059D0002378009287B30027BB4226D8FB1ADBB29C
:1059E000042B00F2A18003EB43030AEBC3035B68C3
:1059F0003046984723780137FFB21A1DBA42EBDAD6
:105A000037222848002119F009FC274B009A88F812
:105A100002204FF0FF321A605A609A60DA601A6111
:105A20005A619A61DA611A8436E6DBF8003007EBD6
:105A3000470203EBC203DAE7194B304626461C4601
:105A400001E0052F70D06368019098473278019883
:105A500001370432BA4204F11804F2DA0646CFE7FD
:105A6000009B012B38D0009B03B391F802C00023A8
:105A700005E00133C6700098DCB2844216D20CEB0C
:105A8000030058FA80F0C478FF2CF2D092E700BFF0
:105A9000000000000000000000000000304801206D
:105AA00018690700844801208748012033462048B0
:105AB000CDE9001201F088FB1E4B1B78DDE90012D6
:105AC0000433BB421144BFF61CAF73E70B78CA78AE
:105AD000009219444B781EE7A3681748834206D00A
:105AE000009C1648834208BF02240094BDE70223AD
:105AF0000093BAE7124B039E002B3FF4D1ADAFF3F6
:105B00000080CDE5FDF734FA0246002A3FF48CAB65
:105B10003DE600239B68FFDED9F80030DB077FF508
:105B2000FAAA00BEFFF7F7BA00235B68FFDE00BFEA
:105B300097480120304801200D360500953D0500AD
:105B40000000000030B589B000248D1ECDE902446C
:105B500004948DF809108DF80800032D5CD8DFE857
:105B600005F0082C48023B4B1978C80761D409B0EE
:105B700030BD384938480B7800686FF300030B706C
:105B80000C7800236FF341040C704B700C7863F3B6
:105B900082040C70002A37D002A905AA0EF078FE04
:105BA000059B002BE3D02D4B4FF080525A6040BF35
:105BB000BFF34F8FBFF36F8FD9E7264B1978490793
:105BC000D5D51978244C6FF3820119700023052173
:105BD000CDE9053307938DF814008DF81510206872
:105BE000002A2FD1134605A94FF0FF320EF06AFCB0
:105BF000BDE7184B1978CC07B9D51978164841F08C
:105C00000401006819705AB9134602A94FF0FF3217
:105C10000EF058FC09B030BD0F4B1868002AF3D0C5
:105C2000002302A905AA0EF033FE059B002B9ED08F
:105C3000B9E7197808486FF3820100681970002AE3
:105C4000EED1E1E705A901AA0EF022FE019B002B8F
:105C50008DD0A8E784480120C048012000ED00E075
:105C600030B5144D85B000240123CDE901440394DF
:105C70008DF804008DF8081028688DF805303AB9C1
:105C8000134601A94FF0FF320EF01CFC05B030BDE9
:105C9000234601A96A460EF0FBFD009B002BF5D0C0
:105CA000054B4FF080525A6040BFBFF34F8FBFF398
:105CB0006F8FEBE7C048012000ED00E030B50B46E8
:105CC00085B0044649681868124D8DF8044002AC4E
:105CD00003C4002306212868ADF806308DF80510AE
:105CE0003AB9134601A94FF0FF320EF0EBFB05B0B5
:105CF00030BD6A4601A90EF0CBFD009B002BF6D00B
:105D0000054B4FF080525A6040BFBFF34F8FBFF337
:105D10006F8FECE7C048012000ED00E030B585B0A2
:105D2000164D03929DF820402D680022CDE90122F6
:105D30008DF8081007218DF804008DF809308DF8D2
:105D4000051044B9234601A928464FF0FF320EF052
:105D5000B9FB05B030BD134601A928466A460EF0CE
:105D600097FD009B002BF4D0054B4FF080525A60FA
:105D700040BFBFF34F8FBFF36F8FEAE7C0480120EA
:105D800000ED00E02DE9F84FDDE90A8A002A3CD059
:105D9000DFF8809007460C461E4615464FF0000B74
:105DA00017E099F8021001F0DBF903462146384666
:105DB000EBB100F0F9FAF8B1A378DA0914BF8AF868
:105DC000003088F8003023780BF1010BAB451C4400
:105DD0001BD06378052B20460ED1E17801F003013A
:105DE000B14209D1A37803F07F03082BD9D9084B1E
:105DF0001B68DA0700D500BE054B1B68DB0702D421
:105E00000020BDE8F88F00BEFAE70120BDE8F88F5A
:105E1000F0ED00E08448012030B5124D85B000233C
:105E20000824CDE90201019328688DF805403AB9AC
:105E3000134601A94FF0FF320EF044FB05B030BD10
:105E40006A4601A90EF024FD009B002BF6D0064BFC
:105E50004FF080525A6040BFBFF34F8FBFF36F8F38
:105E6000ECE700BFC048012000ED00E038B58B78BA
:105E700003F07F03082B06D90A4B1B68DB0700D50C
:105E800000BE002038BD084B0C46054608469978F0
:105E900001F066F90028EFD021462846BDE83840D9
:105EA00000F082BAF0ED00E084480120F8B5194B0B
:105EB00001F07F0403EB440303EBD11101F1200453
:105EC000607910F0010519D163795A07C3F380078F
:105ED00001D52846F8BD104E4FF0FF3130680EF066
:105EE000E1FE607910F001050BD163795B0709D4FD
:105EF000637943F004036371012503E0002528461C
:105F0000F8BD3D46002330681A4619460EF0DAFA0D
:105F10002846F8BD84480120BC48012038B5134DFF
:105F20000C4628684FF0FF310EF0BCFE104B04F019
:105F30007F0103EB410303EBD41120314B7913F0C4
:105F4000010310D14A79C2F38004520703D54A797C
:105F500063F382024A71002328681A4619460EF03C
:105F6000B1FA204638BD0024F5E700BFBC48012047
:105F70008448012070B5144D01F07F0605EB4605FD
:105F800005EBD11420346579ED0706D50F4B1B685E
:105F9000DA0700D500BE002070BD657945F0010527
:105FA000657100F0E7FA0028F6D16379074A60F3DB
:105FB00000036371637960F3820363711368DB0725
:105FC000E9D500BE70BD00BF84480120F0ED00E0BF
:105FD000054B01F07F0203EB420303EBD11191F873
:105FE000250000F0010070478448012010B50C4BDB
:105FF00001F07F0203EB420303EBD11494F8253048
:106000009B0700D510BD203400F05CFB637943F0A2
:1060100002036371637943F00103637110BD00BF34
:1060200084480120054B01F07F0203EB420303EBA0
:10603000D11191F82500C0F3400070478448012039
:106040000B4630B40A4C496805461868224603C21C
:1060500093F9002000239A42C4E902332846A8BFDE
:10606000802130BCB8BF19461A46FFF783BF00BF76
:1060700084490120F0B50C46284F4968064620683F
:10608000BA603D4603C50021F981E588AB4228BFCF
:106090002B4683B0BB81A5B11BB352B397F9000067
:1060A000402B28BF402300282ADB1D4A3046FFF73B
:1060B00061FF98B91B4B1B68DB071ED500BE03B000
:1060C000F0BD94F90030002BACBF80210021304698
:1060D0002B462A46FFF74EFF0028EBD0012003B0E5
:1060E000F0BD97F90020002AACBF194680211A465E
:1060F000DCE70C4B1B68D9070CD4002003B0F0BDC3
:106100001146074801931A4619F060F8044A019BAA
:106110008021CBE700BE1046E1E700BF84490120A3
:1061200098490120F0ED00E0034B0022C3E9002272
:10613000C3E902221A61704784490120014B1861AA
:10614000704700BF844901200346044A596800682B
:10615000134603C30023C2E9023370478449012078
:10616000F0B5414C2578C909B1EBD51F83B01F4666
:10617000064616D033B13D4B1B68DA0757D40020D2
:1061800003B0F0BD3A4B13B12146AFF30080236951
:10619000002B2FD0344A304602219847012003B00B
:1061A000F0BD94F90020002A06DBA0680028E6D0A4
:1061B00030491A4619F00AF8E589A168E2883D4499
:1061C000ADB23944AA42E581A16016D03F2F14D95F
:1061D000A28994F90000531B9BB2402B28BF402397
:1061E00000282FDB95423BD0224A00213046FFF7A2
:1061F000C1FEB0B1012003B0F0BD236923B11A4A3A
:10620000012130469847A0B194F9002000239A421A
:10621000ACBF8021194630461A46FFF7ABFE002876
:10622000E8D1124B1B68DB07A9D500BEA8E700BE6A
:10623000A5E70146304600F045FA3046802100F0DF
:1062400041FAD7E7954208D01A460A48019318F058
:10625000BDFF084A019B8021C8E780210022C5E7D5
:1062600000210A46C2E700BF84490120F0ED00E0AA
:10627000000000009849012042DF704743DF70476B
:1062800044DF704712DF70472C4B5B68C3F3080391
:1062900013B9EFF310839BB1294B93F8D820002A50
:1062A00036D1012283F8D8200260BFF36F8FBFF38D
:1062B0004F8F244A904227D0043A904224D070470E
:1062C000214A53681B06E7D5802110B4C2F8841018
:1062D000BFF34F8FBFF36F8F194B93F8D840E4B9DA
:1062E000012283F8D8200260BFF36F8FBFF34F8F76
:1062F000144A90421DD0043A90421AD0124B802288
:106300005A605DF8044B7047002283F8D82070472C
:10631000014601220D48FFF77FBD5160C2F884108D
:10632000BFF34F8FBFF36F8F93F8D840002CF4D199
:10633000D6E7002283F8D820E0E700BF00ED00E0B8
:10634000D84901205070024000E100E08962050058
:10635000704700BF014B80225A60704700E100E0A7
:10636000074BD3F80014D3F8002400200A434FF45D
:106370008001C3F80024C3F85801C3F80413704720
:1063800000700240034B0022C3F80425104602218E
:10639000FFF7D8BB00700240024B0122C3F804256E
:1063A000704700BF00700240F0B488788D88CC78C8
:1063B000444FC10900F07F0202EB42034E00DB00B4
:1063C0000E4403EB86033B4404F00304C5F30A05C3
:1063D000012C1D812FD0D9B13B49941C012303FA14
:1063E00004F4C1F80443D1F8104503FA02F2224341
:1063F000C1F81025344B40F48072C3F81805C3F877
:106400000C25BFF36F8FBFF34F8F0120F0BC704797
:106410002D4C02F10C05012303FA05F5C4F80453D1
:10642000D4F81455934002F594722B43C4F81435F4
:1064300044F82210DEE7082A07D0244B186810F031
:106440000100E3D000BE0020E0E7E9B9B7F8D4309E
:106450001BB11D4B8022C3F81C251B4A0023C2F828
:106460005031D2F8003313F4001308BFC2F854318E
:10647000154B4FF44012C3F80423D3F8142542F40B
:106480008072C3F81425B5E7B7F8C8200E4B002179
:10649000C3F82C1112B18022C3F81C250A4AD2F885
:1064A000003313F4001308BFC2F85431064B084AF6
:1064B000C3F80423D3F8102542F48072C3F81025E2
:1064C00098E700BFD849012000700240F0ED00E0DD
:1064D00000082000214B8022F0B4C3F88420BFF3D1
:1064E0004F8FBFF36F8F1E4A1E4E0D2101250023D3
:1064F0001D4CA1F10A004FEA810C05FA01F7644432
:1065000005FA00F0013138431429C6F80803636026
:10651000A362C2E90033C2E90233C2E9043302F1E3
:106520001802E5D11149124AC6F80823C6F81C35ED
:10653000C1F8C0307362C1F8C430B364C1F8C83068
:10654000C6F81455C1F8CC30C6F81055C1E934333B
:10655000024B80225A60F0BC704700BF00E100E0AF
:10656000F049012000700240D06F0240D84901205C
:1065700000083000F0B501F07F00CF090D467C0027
:1065800000EB4001DFF838C1C9003C4401EB840452
:106590000CEB040E1E460023AEF806304CF8042027
:1065A00083B0AEF80460430040B127BB0CEB01039D
:1065B0009A7A002A48D1012003B0F0BDD6B93A4AF0
:1065C000D2F88024C2F3C012974213D03748FFF7A5
:1065D0005BFE374B5B68C3F30803003B18BF012326
:1065E00000933046294633463246FFF797FB012099
:1065F00003B0F0BD17B303440CEBC30C00EB8003F6
:10660000BCF81210BCF81020BCF81440DCF80C5098
:10661000521A9B0092B203F1804303F51C332549C3
:10662000C3F80056A24228BF224601EB8000C3F8FF
:106630000426FFF729FE012003B0F0BD1E48FFF736
:1066400023FE012003B0F0BD08289F720ED1164B27
:10665000D3F8C024D103AED4DCF8C010C3F8A0171F
:106660001648C3F8A427FFF70FFEA4E75CF8015013
:106670000D4C9A8800F5947100EB800654F82110B7
:10668000DB88D31A9BB289B204EB86028B4204F1F9
:10669000280428BF0B46C2F8005704EB8000C2F85C
:1066A0000437FFF7F1FD86E70070024050700240AA
:1066B00000ED00E0047002404C700240487002405F
:1066C000D8490120F8B511F07F0307D11A4B0122F8
:1066D0005A65BFF36F8FBFF34F8FF8BD082BF8D00B
:1066E000154A41F48070C909C2F81805F1D1134D5B
:1066F00003EB430005EBC004C000A67A002EE8D0EF
:1067000003F59476A17252F82660A188E4882F5888
:106710000B480C1BA1B2B5B203EB830C02EB8C024D
:10672000A94228BF2946C2F8007700EB8300C2F8CF
:106730000417FFF7A9FDCCE700700240D8490120FB
:106740002870024011F0770F12D00A4B41F480728A
:10675000C3F80C15C3F80C25CA09C3F8181504BFF3
:1067600001F5947143F82120BFF36F8FBFF34F8F72
:10677000704700BF007002402DE9F04F854B8648FE
:10678000D3F80013002387B01F461D46012421FAC9
:1067900003F2D6070BD550F8232042B104FA03F2D6
:1067A00040F823501743BFF36F8FBFF34F8F013370
:1067B000192BECD1FC0700F1C781784E380508D5BC
:1067C000744BD3F8A83601229BB2A6F8D23086F8D3
:1067D000D720B90214D56F4CD4F81435DA0500F17E
:1067E0000482D4F81035DB0540F1098296F8D730E1
:1067F000002B40F03482012203210020FFF7A2F990
:1068000079021FD5634BD3F8004404F4E062C3F867
:106810000024E20500F1DE81650510D55D4B012203
:10682000C3F808259A65D3F8002312F4001208BFB4
:10683000C3F85421574B4FF40012C3F80423A005AA
:1068400000F1C28139022BD5524BD3F88024D2B249
:106850008DF81020D3F88414C9B28DF81110D3F834
:1068600088048DF81200D3F88C048DF81300D3F847
:1068700090048DF81400D3F894048DF81500D3F823
:1068800098048DF81600D3F89C348DF81730520612
:1068900001D1052904D0012204A90020FFF70EFA36
:1068A0003F4B3B403BB196F8D830002B00F0858140
:1068B000002386F8D830DFF8E490DFF8D8A00297FC
:1068C0004D460024C8460DE0B2F806C0A5F804C045
:1068D000D2880127009792B2FFF720FA082E3DD008
:1068E00001341835029B04F10C0223FA02F204EB86
:1068F000440C04EB840E08EBCC0C0023E6B212F03F
:10690000010F0AEB8E0E624631461846E6D0DEF8DD
:1069100008E72F685FFA8EFE07EB0E0BC5F800B094
:10692000BCF806B01EFA8BFB1FFA8BFB082CACF8E8
:1069300006B01FFA8EFEC7D0B5F808B0F345C3D134
:10694000BCF806C0B5F804E01FFA8CFCE645BBD9DC
:10695000002EC3D11348FFF797FCC1E7029F124BEB
:106960003B404646002B00F0CA800A4BD3F86C84AB
:10697000C3F86C84BFF36F8FBFF34F8F17F480673A
:1069800040F0C080CDE90277024FDFF820A000245C
:1069900016E000BF0070024000710240D84901209B
:1069A000FCFB1F004C700240000400010470024018
:1069B000002C00F0BC80072D3DD0013409F11809EE
:1069C00028FA04F304EB840C04EB440213F0010FE7
:1069D00007EB8C0C06EBC202E5B24FEA8400E7D06D
:1069E000DCF80816D9F80C30C9B203EB010BC9F872
:1069F0000CB0538A11FA83F39BB25382518AB9F8CF
:106A000010E089B271454FF00003504445F0800119
:106A100080F08580538AB9F81420CCF800B6AEEB2C
:106A200003039BB2934228BF1346CCF80436FFF70A
:106A30002BFC072DC1D118F4803F7DD1039B002B87
:106A40007AD118F4003F08D0F28BB38B92B2934204
:106A500000F2F280012386F8223018F4802F08D04B
:106A6000F38EB28E9BB29342C0F00681012386F86A
:106A70003A3018F4002F0AD0B6F84E20B6F84C3051
:106A800092B29A42C0F00B81012386F8523018F47A
:106A9000801F0AD0B6F86620B6F8643092B29A42E7
:106AA000C0F01181012386F86A3018F4001F0AD063
:106AB000B6F87E30B6F87C209BB29342C0F02181BC
:106AC000012386F8823018F4800F0AD0B6F8963089
:106AD000B6F894209BB29342C0F02781012386F838
:106AE0009A3018F4000F0AD0B6F8AE30B6F8AC20E1
:106AF0009BB29342C0F02E81012386F8B23007B0DA
:106B0000BDE8F08FD3F88024D3F8803483F080037D
:106B1000C3F3C0130393C2F3C013029334E7528A42
:106B20000120009092B21846FFF7F8F843E7029B65
:106B3000002B3FF442AF53E7F388B2889BB29A42EE
:106B400067D80123B3727CE78D4B8E4A8E4E8F48F7
:106B500000240125C2F81455C2F8105554609462FF
:106B60005C609C629C60DC62DC601C631C615C633A
:106B70005C619C639C61DC63DC611C6454629464B2
:106B8000C2F85841D2F80034D2F800140B43C2F8CE
:106B90000034D2F80033C2F808332146C2F80403A7
:106BA0003046DC2218F03AFB40232A462146204694
:106BB000B3823381FFF754F800E6754B1B68DB079F
:106BC0007FF579AE00BE76E6012205210020FEF7B2
:106BD000B9FF37E60122C3F82C2504210020FEF777
:106BE000B1FF65057FF52BAE18E6D4F8C034DD03A0
:106BF0007DD5D4F81035D8053FF5F8ADFBE54FF459
:106C00000013C4F80833012203210020FEF79AFF85
:106C1000F6E55C493468D1F8A004F388C1F8004770
:106C2000D31A9BB282B2934228BF13465948C1F887
:106C30000437FFF729FB04E7524AB469D2F8A414D9
:106C4000F08BC2F814471B1A9BB289B28B4228BF43
:106C50000B465148C2F81837FFF716FBFDE6B6F8A9
:106C6000D22000230121009192B21846882186F893
:106C7000D730FFF753F8BEE54249346BD1F8A8048A
:106C8000F38EC1F82847D31A9BB282B2934228BF31
:106C900013464248C1F82C37FFF7F6FAE9E6394ABD
:106CA000B46CD2F8AC14B6F84E00C2F83C471B1ACC
:106CB0009BB289B28B4228BF0B463948C2F8403795
:106CC000FFF7E2FAE3E62F4A346ED2F8B014B6F8D2
:106CD0006600C2F850471B1A9BB289B28B4228BF8C
:106CE0000B463048C2F85437FFF7CEFADDE6D6F847
:106CF000C020C4F8A0272C48C4F8A437FFF7C4FA72
:106D000077E72049B46FD1F8B404B6F87E30C1F803
:106D10006447D31A9BB282B2934228BF13462348DA
:106D2000C1F86837FFF7B0FACDE61649D6F89040BB
:106D3000D1F8B804B6F89630C1F87847D31A9BB2A8
:106D400082B2934228BF13461948C1F87C37FFF737
:106D50009BFAC6E60B49D6F8A840D1F8BC04B6F8B1
:106D6000AE30C1F88C47D31A9BB282B2934228BF8F
:106D700013461048C1F89037FFF786FABFE600BF08
:106D80000470024000700240D84901200514C0017F
:106D9000F0ED00E0287002402C700240307002409C
:106DA0003470024038700240487002403C7002402B
:106DB0004070024044700240F0B5012883B006D014
:106DC000022800F0828000283AD003B0F0BDB34B17
:106DD000D3F80025002AF8D00022C3F80425BFF319
:106DE0006F8FBFF34F8FAE498020C1F88400BFF38F
:106DF0004F8FBFF36F8FD3F80013C3F80813C3F896
:106E00000025BFF36F8FBFF34F8F43F2040103F1EF
:106E10008D53096803F5772303F2DB53994200F0A1
:106E20006D81A04B01221A609F4B5A68C2F3080281
:106E3000003A18BF012202210020FEF783FEC4E7BA
:106E4000964BD3F80025002ABFD14FF480014FF4B0
:106E50000062C3F80813C3F80024BFF36F8FBFF3B9
:106E60004F8F924B1B68082B00F0C7808B4B012281
:106E7000C3F80025BFF36F8FBFF34F8F43F20402B7
:106E800003F18D53126803F5772303F2DB539A4223
:106E900000F0DD804FF08043D3F80C24D3F80C349D
:106EA000DF0300F1E88043F20402814B12689A424A
:106EB00000F0E5807F4B00221A601B6801934FF0C1
:106EC0008043012201991A607FE7744BD3F804359F
:106ED000002B47D1714AD2F800341805FBD54FF486
:106EE0000063C2F80034BFF36F8FBFF34F8F6F4B57
:106EF0001B68082B48D06949694A80230120C1F8E2
:106F00001C35C1F80403C2F884315360684E43F263
:106F100004054FF080442B68B34211D0D4F80C2400
:106F2000D4F80C34D903F6D5D307F4D55B4B012242
:106F3000C3F80425BFF36F8FBFF34F8F03B0F0BDCD
:106F400001A800278DF80470FFF79CF99DF8043024
:106F5000002BE3D001A80197FFF792F9019B002BCA
:106F6000D9D0E3E743F20402514B12689A4200F091
:106F7000B1804FF08043D3F80C24D3F80C34DD03F8
:106F8000A8D5D407A6D520E74B4B1B68032BB2D856
:106F90004A4B1A68002A40F0BE80494849F27531D0
:106FA000196002601960414A434B12681B68082A45
:106FB000A1D1032B9FD8434AD35C93B13F4B1A68AE
:106FC000002A40F0B080404849F2753119600260F3
:106FD0001960364A384B12681B68082A8BD1032B7C
:106FE00089D83A493A4B40F2E370402208601A606F
:106FF000BFF36F8FBFF34F8F7DE72F4B1B68032BC2
:107000003FF634AF2F4AD35CABB12C4B1A68002A41
:1070100040F08D802C4949F2753203201A600860D7
:107020001A60224A244B12681B68082A7FF41EAF9C
:10703000032B3FF61BAF214B1A68002A6FD1204962
:1070400049F27532C0201A6008601A600EE701A884
:1070500000248DF80440FFF715F99DF80430002B4B
:107060003FF418AF01A80194FFF70AF9019B002B28
:107070007FF4ABAE17E7D6073FF5A7AE13E70023C3
:1070800001A88DF80430FFF7FDF89DF80430002BBF
:107090003FF410AFFFF7F0F897E600BF0070024032
:1070A00000E100E00400004000ED00E030010010CD
:1070B000DBE5B151000100403401001000EC064056
:1070C00014EC06409069070014ED06400078024079
:1070D0000478024001A800248DF80440FFF7D2F89C
:1070E0009DF80430002B3FF444AF01A80194FFF752
:1070F000C7F8019B002B7FF468AEEBE601A88DF882
:107100000420FFF7BFF89DF80430002B3FF489AE50
:10711000FFF7B4F888E6084B00221A6043E7064BF5
:10712000C0221A60A2E6054B00221A6051E7034B09
:1071300003221A6075E700BF14EC064014ED064008
:1071400008B50020FDF74AFF00B108BD024B1B68DF
:10715000DB07FAD500BE08BDF0ED00E0FDF738BF53
:10716000C378828803F003000228C2F30A0205D024
:10717000032819D0012807D00020704702291CD00D
:10718000402A09D801207047022940F2FF3308BF86
:107190004FF480639342F6D20A4B186810F0010056
:1071A000F1D000BE0020704702290CBF4FF480636D
:1071B00040239342F0D30120E5E7B2F5007FE1D010
:1071C000EAE700BFF0ED00E00A44914216D230B485
:1071D0004C78052C05D00C7821448A42F8D830BC74
:1071E00070478C7804F07F0500EB4505E4092B55CA
:1071F0000C7821448A42EBD830BC7047704700BFFE
:1072000030B40A236B24017044708370F9B9427062
:107210000122114B02714FF4C8714FF001320F4D32
:10722000C0F80630642400234181C26040F2FF713F
:10723000C0F816200A2205618482438430BC80F89D
:1072400024308377C0F82630418382837047012938
:1072500008BF8270DCE700BFD007A0011000A001CA
:10726000F8B5077804460E4615469FB1012F0FD199
:107270008078002110F06AFB31461048E7F72CF9BE
:1072800029460E48E7F728F9A078394610F05EFB4A
:107290000020F8BD41780A48F1F766FA31460848FF
:1072A000F1F748F929460648F1F744F90448F1F79F
:1072B000C5FA003818BF0120F8BD00BFB43901205D
:1072C000EC3901202DE9F041047806460F4690463E
:1072D0000CB3012C19D18078002110F037FB48F055
:1072E00080011F48E7F7F8F800211D48E7F7F4F898
:1072F00001210446B07810F029FBFF2C14BF0026B2
:1073000005263C703046BDE8F081002634463C70CE
:107310003046BDE8F081417812480546F1F724FA7D
:1073200041462846F1F706F92846F1F787FA034661
:10733000717828461E1E4FF0010218BF0126F1F792
:10734000D3F902E0F1F70AF9C4B22846F1F7EEF8F2
:1073500003462846002BF5D13C703046BDE8F0814D
:10736000B4390120EC39012030B5012183B0044645
:107370000F2010F067FA204B40F20332C3F82027A9
:1073800001210F2010F0E2FA0A200CF089FF257885
:1073900075B3012D0ED11948E6F798FF1748294615
:1073A000E7F748F8A078294610F04CFAA07829466B
:1073B00010F0CCFA00238DF8063042F210729DF8DE
:1073C0000630013A0133DBB292B28DF80630002A62
:1073D000F5D120460F220DF10701FFF773FF9DF84D
:1073E00007006938012894BF0020012003B030BD98
:1073F0000348F1F7F3F8DDE700030050B43901204A
:10740000EC3901202DE9F041044682B000258DF8C9
:107410000450FFF7A9FFA37B8DF80450012B06460B
:1074200038D02A4610212046FFF71AFF132201A95F
:107430002046FFF747FF9DF80420E37B02F07F0220
:10744000012B8DF804204FF0130108BF42F0800299
:10745000204608BF8DF80420FFF702FF23790022A1
:10746000012B8DF8042000F09F8011212046FFF7AA
:10747000F7FE0F220DF105012046FFF723FF237EC3
:10748000012B59D094F82230002B63D1304602B042
:10749000BDE8F081A28A642A00F02881C82A00F0A1
:1074A0001F81322A0BBF072204220F200C200BBFA2
:1074B0000B25082503230023218A042900F01B81C2
:1074C000082900F01181022908BF1A46638A40F298
:1074D00041318B4200F0508110D8342B00F05281A2
:1074E0001ED9D02B00F02C81B3F5D07F40F056810F
:1074F00042F06002D2B28DF8042093E741F60421F5
:107500008B4200F0458140F28D8043F212418B4264
:1075100040F0448162F04F02D2B28DF8042081E73E
:107520000D2B00F013811A2B40F0388142F020021D
:10753000D2B28DF8042075E79DF80530692B00F074
:10754000CC806A2B04BF4FF48073238494F82230DC
:10755000002B9BD05C220DF106012046FFF7B2FE06
:1075600094F824509DF806202D0105F0100502F036
:107570001007AF4240F090809DF80530692B00F075
:10758000C8806A2B82D10DF1070119222046FFF72E
:1075900099FE9DF80720204642F0200219218DF81F
:1075A0000720FFF75DFE71E7E388B3F5FA7F00F08F
:1075B000A48047D87D2B00F08480F52B15BF8C214B
:1075C00080217C20702015BF6C2560255C2750270A
:1075D00015BF4FF04C0C4FF0400C3C22302215BF31
:1075E0004FF02C0E4FF0200E4FF01C084FF01008FB
:1075F0002389D02B00F0B48007D81A2B00F0AC8080
:10760000342B43D18DF804202FE740F241329342CE
:1076100000F0AE8040F27C62934230D18DF80410CD
:107620000A4622E740F27C618B4200F0838040F6FC
:1076300002518B4240F0B28062F06F02D2B28DF8FC
:107640000420EFE6B3F57A7F15BF8C2188217C20DA
:10765000782015BF6C2568255C27582715BF4FF08B
:107660004C0C4FF0480C3C22382215BF4FF02C0E2A
:107670004FF0280E4FF01C084FF01808B8E7B3F58C
:10768000D07F71D18DF804502A46EEE60D2B6BD1D8
:107690008DF804804246E8E622F010022A435C217D
:1076A00020468DF80620FFF7DBFD002F7FF464AF46
:1076B000002D3FF461AFAA2242212046FFF7D0FD02
:1076C0005AE782217220622552274FF0420C322263
:1076D0004FF0220E4FF012088AE710232384D1E6E0
:1076E00005220D200925E7E60246EFE606220E20D8
:1076F0000A250223E0E62A46E8E684217420642570
:1077000054274FF0440C34224FF0240E4FF014084D
:107710006EE70DF1070158222046FFF7D3FD9DF8D3
:107720000720204642F0800258218DF80720FFF7FD
:1077300097FDABE662F07F02D2B28DF8042071E6CD
:1077400042F05002D2B28DF804206BE642F01002F3
:10775000D2B28DF8042065E68DF804E0724684E626
:107760008DF804703A4680E68DF804C062467CE6E7
:107770008DF80400024678E642F07002D2B28DF82D
:1077800004204FE642F03002D2B28DF8042049E6E0
:1077900062F05F02D2B28DF8042043E642F040026C
:1077A000D2B28DF804203DE6F8B5037805460C46C4
:1077B00016460BB3012B1CD18078002110F0C6F8BF
:1077C00046F080012248E6F787FE00212048E6F7D0
:1077D00083FE0021207006461D48E6F77DFEFF2847
:1077E0001AD060700026A878012110F0AFF830465A
:1077F000F8BD00263046F8BD41781648F0F7B4FFD2
:1078000031461448F0F796FE1248F1F717F806468D
:1078100040B101263046F8BDFF2E607014BF00262F
:107820000526E0E70B48697802220546A71CF0F719
:107830005BFF05E0A742DDD0F0F790FE04F8010BF6
:107840002846F0F773FE03462846002BF2D1D1E715
:10785000B4390120EC39012030B583B000232A224D
:1078600001A9ADF804300546FFF79EFF9DF80520FD
:107870009DF8043043EA02231CB220B1052822D02F
:107880002B8D01332B85288A400816F0D1FC07EE9A
:10789000904AF8EEE77A024617EE900A14460D4633
:1078A00016F0D8FC02460B462046294616F02AFD63
:1078B00007A3D3E9002316F025FD17F01BF800EE0F
:1078C000100A03B030BDEB8C0133EB84DBE700BF63
:1078D000D5CC5A0A48FB0F3F30B583B000232C2289
:1078E00001A9ADF804300546FFF75EFF9DF80520BD
:1078F0009DF8043043EA02231CB220B1052822D0AF
:107900002B8D01332B85288A400816F091FC07EE59
:10791000904AF8EEE77A024617EE900A14460D46B2
:1079200016F098FC02460B462046294616F0EAFC63
:1079300007A3D3E9002316F0E5FC16F0DBFF00EE09
:10794000100A03B030BDEB8C0133EB84DBE700BFE2
:10795000D5CC5A0A48FB0F3F30B583B0002328220C
:1079600001A9ADF804300546FFF71EFF9DF805207C
:107970009DF8043043EA02231CB220B1052822D02E
:107980002B8D01332B85288A400816F051FC07EE19
:10799000904AF8EEE77A024617EE900A14460D4632
:1079A00016F058FC02460B462046294616F0AAFC63
:1079B00007A3D3E9002316F0A5FC16F09BFF00EE09
:1079C000100A03B030BDEB8C0133EB84DBE700BF62
:1079D000D5CC5A0A48FB0F3F72DF704773DF704700
:1079E00074DF704777DF704738B5054608460C46A8
:1079F00002F0C4FB102803D080280ED0012038BD2F
:107A0000EB7FA2881B2B0EDCE9180320E85448709A
:107A10004A80EB7F0433EB77F0E7A368002BEDD0CF
:107A2000E97F0D2901DD002038BD6A181120685456
:107A30000721517058681C689968DB68C2F80E30DD
:107A4000C2F80600C2F80240C2F80A10EB7F1233F7
:107A5000EB77012038BD00BF0022C277027070476B
:107A600030B5D1E9042485B0CD68074B0093694651
:107A7000CDE902240195FFF7B7FF0446684602F0FE
:107A80004FFB204605B030BDE8690700F0B589B06E
:107A9000064620221348694602F0E2FFF37FC2182F
:107AA0001D2A0CDDC3F11D04E4B2E2181D2A4FF0BB
:107AB0000005D8BF082705DD284609B0F0BD0446FB
:107AC00001250927F218601CF05469465770901C74
:107AD000224617F07BFBF27F023214442846F477EB
:107AE00009B0F0BDCC4A012010B50446094803F0A6
:107AF00015F8E37F1C2B01DD002010BDE2180221E8
:107B0000E1540A2390705370E37F0333E37701203D
:107B100010BD00BFCC4A0120C27F1C2A01DD00201D
:107B2000704710B403469C18022098540120A1709D
:107B30006070DA7F0332DA775DF8044B704700BF7C
:107B4000C07F7047704700BF38B551B11F2A144637
:107B500001D9002038BD054617F038FBEC7701202D
:107B600038BD084638BD00BF0023C3770370704797
:107B700010B4084A084C094902620022C0E90A41CF
:107B8000C0E90C225DF8044B0270C2774262826346
:107B9000704700BFFF0101002000F40020001E001C
:107BA000C185704780F82110704700BF018581852D
:107BB0004285704790F82300704700BF80F822107C
:107BC000704700BFF0B5154605EB8503274A89B01D
:107BD000044603EB830300200E469B0011680290CD
:107BE000CDE90460ADF8143094F821308DF80830F8
:107BF000CB07CDE90600039009D41D491D4BC87F72
:107C0000E77F988101201C6099609F80106019496E
:107C100002AA04F12000FFF7DFFE10B1002009B036
:107C2000F0BD94F820101448019102F077FF0199FB
:107C300002460120FFF7D6FE0028EFD194F820007D
:107C40000121FFF7CBFE0028E8D10B4802F0ECFF42
:107C5000628EA68595424FF0010094BF521B921A86
:107C6000628684F8230009B0F0BD00BFB44A012049
:107C700048510120B84A0120CC4A0120F0B5002328
:107C800061F30F032D4D044661F31F4389B0036375
:107C9000FA21284602F04AFFE68D2949278D086817
:107CA000049706EB860303EB830300229B000592F7
:107CB000ADF8143094F8213002928DF80830C307E3
:107CC000CDE9062203920BD41E4BE27F95F89B066A
:107CD0009A8005F27C6501221C609D6098810A6093
:107CE000184902AA04F12000FFF776FE10B1002027
:107CF00009B0F0BD94F820101048019102F00EFF79
:107D0000019902460120FFF76DFE0028EFD194F89B
:107D100020000121FFF762FE0028E8D1074802F0A9
:107D200083FF638EA7859E424FF0010094BF9B1B8B
:107D3000DB1A638684F8230009B0F0BDCC4A012029
:107D4000B44A0120B84A012010B5044690F820003A
:107D5000FFF746FE08B1002010BD84F8230002485A
:107D600002F076FF012010BDCC4A012030B50B880F
:107D70008D88112B85B0044605D0262B33D0102BCF
:107D800025D005B030BD436AEB40DB07F9D52E485E
:107D900001F0EEF90028F4D1636A94F8231001226F
:107DA00002FA05F523EA050363620029E9D194F894
:107DB0002230002BE5D0238E23486386FA2102F07F
:107DC000B5FEE28D218D2046FFF7FCFED9E7CB7B87
:107DD000012BD6D1426A03FA05F51543002345620B
:107DE00080F82330CDE70B7A012BCAD1002380F82D
:107DF00023304FF4FA71144802F098FE238E5BB1E1
:107E0000658E95B1A36B0BB19847658E618D2A463F
:107E10002046FFF7D7FEB4E7A36B03B19847618D07
:107E200000222046FFF7CEFEABE7074802F010FF26
:107E3000626B002AA5D0009503AB2946284603951E
:107E40000FF00EFB9DE700BFCC4A012075DF7047A5
:107E500010B44FF010144FF448010022C0E9004163
:107E6000C0E902225DF8044B704700BF014800F0F2
:107E700085BF00BFBC510120F8B500250D4F2E462F
:107E800001E0142D14D0A9B2384602F0B5FE013538
:107E900004460028F5D000F0F3FD0028F1D020467C
:107EA00000F0F8FD022804BF0136F6B2142DEAD125
:107EB0003046F8BDCC4A012070B58E881B480C4670
:107EC00094B0314602F098FE23881A2B05D01F2B60
:107ED0001CD0102B0FD014B070BD054600F0D2FDA1
:107EE0000028F8D0284600F0CFFD0028F3D128461E
:107EF00000F05CFEEFE7694600F040FE0028EAD0A3
:107F00006A4631460A4801F06BFDE4E754F8080F71
:107F100061686B4603C33046BDF80030ADF80230EF
:107F20006946FFF793FF14B070BD00BFCC4A012033
:107F3000EC4A0120AADF7047ABDF7047ACDF704727
:107F4000ADDF7047AEDF7047B0DF704710B5044B50
:107F5000044640F8043B02F0E3F8204610BD00BFA1
:107F6000A069070010B5054B044640F8043B02F039
:107F7000D7F820460EF0DAFC204610BDA0690700B5
:107F800070B57B4B04461B68836196B0043002F0E9
:107F900005F994F82E30A06913F0320208BF84F876
:107FA0002F2013F00C0308BF84F830300DF10102CC
:107FB000694602F0ABF894F82F209DF801001507F0
:107FC0000DD09DF8001002F00F0301F00F059D4247
:107FD0004FEA12126DD243EA021284F82F2094F86D
:107FE000303019070BD003F00F0100F00F058D4260
:107FF0004FEA131369D241EA031384F8303094F83E
:108000002E1011F0300340F096800FAD0F93C5E9AC
:108010000133C5E903338DF83C10AB610021ADF8A5
:1080200009109DF80A10206A1493012363F342019A
:108030008DF808208DF80A1008B1037873BB94F806
:10804000263013B104F12603129394F83120002353
:10805000D2070893079358BFE38AADF81C3004F1A8
:10806000080004F12F01CDE9050154BF1846E08A4C
:10807000ADF82000294604F13203E569099505AA07
:108080000020FFF757FF054628B994F8253043BB79
:10809000237D002B64D0284616B070BD109018F0D8
:1080A000A6F802AB80B2ADF84400ADF846001393D9
:1080B000C5E74FEA111101D191428CD30A462B46F4
:1080C00043EA021284F82F2089E74FEA101001D109
:1080D000984290D30346294641EA031384F830308E
:1080E0008DE7ADF80D009DF80E2094F82F600C90F0
:1080F000012363F3420242F608118DF80E208DF839
:10810000123004AA0223ADF8101003A90D90ADF8A7
:108110003030ADF834300A9204F124030B910DF1A4
:1081200002020AA98DF80C600E93FFF705FF0028E4
:10813000AED00546AFE70F4B8DF805200FAD1B788D
:108140008DF80430022000230F938DF80600C5E956
:108150000133C5E90333AB618DF83C1001AB5DE73A
:108160002146054800F0C6FF284616B070BD00BF86
:10817000C84A0120946907000C4F01202DE9F04105
:108180000B888E88502B8AB00C46054609D0512B9F
:1081900004D18B79012B19D0022B26D00AB0BDE86F
:1081A000F081CB88428E9A4235D0EA8E9A42F5D140
:1081B0006B6D002BF2D095F84420648A920700F191
:1081C0008A802246294630469847E7E7836C002B91
:1081D000E4D090F84420520701F108076CD43A46E5
:1081E000294630469847A379D6E7A27B042A46D091
:1081F000062A20D0012AD1D1EB6C002BCED095F8E5
:108200004420170704F1080400F1A58022462946FE
:1082100030469847C2E7076D002FC6D090F844302B
:10822000D90768D404F11208238A42462946304609
:10823000B847E388B9E7EA6B002AAFD0002202A969
:108240003046CDE90222CDE90422ADF80C208DF8AC
:108250000830FFF779FE2C6D54B195F84430D807FB
:1082600000F19280B5F84230EA6B30462946A047CB
:10827000E86B0CF04BF80023C5E90F338EE7E86B91
:10828000002878D0B5F84010278A628A07EB020CE4
:1082900000234FF0020E8C45CDE90633CDE90833BB
:1082A0008DF818E039DD40F20913ADF81C3006A94D
:1082B0003046FFF749FE71E703211A46009106ABED
:1082C00008213846CDE9066508970FF0C9F800285F
:1082D00089D1AB6C83E7032000211A46009006ABDE
:1082E0000846CDE9066508940FF0BAF800287FF437
:1082F00055AF6B6D65E7218A069604F112080423D9
:1083000000933A46404606ABCDE9088107950FF049
:10831000A7F800288DD12F6D86E79DF81EC0ADF817
:108320001C3004F114014CF001033844ADF8222054
:108330008DF81E300991ADF8207016F047FF238AA2
:10834000618AB5F842200B449BB2934238BF134672
:10835000A5F84230ABE703211A46009106AB0E2187
:108360002046CDE9066508940FF07AF800287FF4DE
:1083700015AFEB6C4AE74FF480600BF0ADFF4FF4A4
:108380008061C5E90F017FE7E86BB5F842100696FA
:1083900004230093224606ABCDE9075009910FF064
:1083A0005FF800287FF464AF2C6D5BE72DE9F04F98
:1083B0000F464FF6FF718F4289B0064615461C46A0
:1083C00026D0F18A96F82E308C4228BF0C46DB0668
:1083D00015D40DF1100B8C4228BF0C464FF000084D
:1083E000718EADF810405A464FF6FF700595ADF806
:1083F0001280FFF7A3FD404609B0BDE8F08F394871
:10840000394602F0CBFB08B1F18E31B9F18AE0E7D1
:10841000344802F0E5FB0746D3E7002002230DF1C4
:10842000100BADF81200ADF810305A460DF10E03E6
:1084300038460593FFF784FD43F2014398424FD03D
:1084400000284AD19DF80E8008F00108B8F1000F0D
:1084500046D02448394602F0CFFB8246A0B300F054
:108460001BFB033883B2002CC5D0CDF804804FF03D
:108470000009984605E0BDF80E30E41AA4B21D4488
:1084800044B3504600F048FBA045034642465946D7
:1084900028BF22463846BBB1ADF80E204FF001028E
:1084A000738E8DF812200DF10E02CDE90625CDF860
:1084B00013908DF81790ADF81030FFF743FD0028AA
:1084C000D9D0504600F032FB4FF00008404609B0CA
:1084D000BDE8F08FDDF804808DE700F00108B5E716
:1084E000F18A78E7CC4A012010B5154B044640F8D4
:1084F000043B01F01DFE134A0023127884F8443037
:1085000014200321A384C4F82630C4F82A3084F848
:108510002E30E082C4E90F33C4E91233C4E91433C6
:1085200084F831102375A3612362E361638663637A
:10853000238784F82F2084F83020204610BD00BF08
:10854000A06907009469070070B44E68164A8660F7
:108550000260D1E90262154B154D1C78456002613D
:10856000142500220321C0E90F22C0E91222C0E92C
:108570001422C660C58280F8311080F8442002754C
:10858000826102628284C0F82620C0F82A2080F826
:108590002E20C26142864263028780F82F4080F815
:1085A000304070BC704700BFA069070094690700A5
:1085B000E869070010B4D1E90142CB680361C0E962
:1085C00002425DF8044B704701230375704700BFFA
:1085D00080F82E10704700BFC182704741B190F8FB
:1085E0003130C182002262F3000380F831307047DD
:1085F00090F83130012262F3000380F83130704787
:1086000080F82F1080F83020704700BF90F8443079
:10861000016562F3000380F84430704790F84430FD
:10862000416562F3410380F84430704710B490F81C
:10863000443090F83140C164003918BF012161F322
:10864000041462F3C30380F8314080F844305DF8CD
:10865000044B704751F8322F0260496841607047FF
:1086600030B5C48A83B0944223460D4628BF1346D2
:10867000418E019500246A464FF6FF70ADF8003038
:10868000ADF80240FFF75AFC18B9BDF8000003B07E
:1086900030BD204603B030BD30B5C38A85B00A4630
:1086A000022B28BF0223418EADF8062000240DF1D5
:1086B000060502AA4FF6FF70ADF80830ADF80A4083
:1086C0000395FFF73BFC18B9BDF8080005B030BDB5
:1086D000204605B030BD00BF30B5044685B019480E
:1086E00002F07EFA94F82E3013F0100302D11846EF
:1086F00005B030BD05460146124802F04FFA002889
:10870000F6D0E18E11B9084605B030BD0DF1060373
:1087100028460024022502AA0393ADF80A40ADF8CA
:108720000850FFF70DFC43F20143984205D030B9E1
:108730009DF8063003F00100DAE72046D8E700F0A4
:108740000100D5E7CC4A012090F82E3013F0100339
:1087500001D11846704730B5044685B011480D4622
:1087600002F01CFA10B1E18E11B9084605B030BD17
:108770000DF1060328460024022502AA0393ADF852
:108780000A40ADF80850FFF7DBFB43F20143984283
:1087900006D008B99DF8060000F0010005B030BD14
:1087A0002046E3E7CC4A012010B490F82E4014F0A4
:1087B000100407D013465DF8044B0A464FF6FF71CC
:1087C000FFF7F4BD20465DF8044B7047A1DF70470A
:1087D000A3DF7047A4DF704700238383704700BF87
:1087E000006A00F0E3B800BF808B70472DE9F041CC
:1087F0000B88CE88382B86B00C46054606D0392B20
:1088000066D0362B43D006B0BDE8F08100F12407D6
:10881000002E36D10A8A3846314602F0C5FC94F85B
:108820000C80B8F1010F2CD0B8F1040FEBD1286AFD
:1088300000F0BCF801465C4802F0DEF900F02CF9CB
:108840002A8E053883B2934228BF1346002B00F0CE
:108850009A80218AE289286AAC8B8DF80D600A44DF
:10886000E96A05918DF80C80ADF81230ADF8102052
:10887000ADF80E4000F09AF803A9FFF7A9FF002811
:10888000C1D0384602F0A8FC06B0BDE8F081006A0D
:1088900000F08CF80146444802F0AEF900F0FCF814
:1088A00007466EBB05F12406E289304604F110014B
:1088B00002F07AFC2B8E2BB1F81EE38980B20138CE
:1088C000834255DA304602F087FC06B0BDE8F081FD
:1088D0000B7B012B1AD0022B95D1836B002B92D0EE
:1088E00090F83C208F8892071FD401F11006E2898E
:1088F00031462846984761893846FFF76BFF82E783
:1089000005F12407384602F067FCBDE7436B002BF6
:108910003FF479AF90F83C20D10717D404F110064A
:10892000E2893146284698476DE7C989039004F1EA
:10893000100603201A46009003AB3046CDE90461CF
:108940000EF08EFD0028D6D1AB6BD0E7E189039005
:1089500004F1100603201A46009003AB3046CDE91F
:1089600004610EF07DFD00287FF44DAF6B6BD7E7FF
:10897000286A00F01BF86A8EA98B92B2FFF726FFD7
:1089800000289FD13FE7AA8B286AADF80E2040F25D
:108990000511ADF80C10CDE9043300F007F803A978
:1089A000FFF716FF6DE700BFCC4A012080887047B3
:1089B00076DF70478FDF704790DF7047A5DF704725
:1089C000B1DF7047B5DF704710B5074B0360044651
:1089D000806A0CF0E3FAE06A0CF0E0FA206B08B170
:1089E0000CF0DCFA204610BDB869070010B5094B41
:1089F00003600446806A0CF0D1FAE06A0CF0CEFA0B
:108A0000206B08B10CF0CAFA20460DF08FFF20460B
:108A100010BD00BFB869070070B504460D4692E866
:108A20000300A5800E0CA061A183144DA67717202A
:108A30001B2156892560E0809589D089E181D17913
:108A40006581012222752274A0816174184619463D
:108A500026819DF810500BF003FD2946A0622846A0
:108A60000BF0FEFC4FF4885100234FF6FF72E182B9
:108A7000E062628223636375204670BDB8690700B7
:108A8000007D7047407D7047C07D113818BF0120C0
:108A9000704700BF407C7047C088704700897047AE
:108AA0004B7D10B44BB11F310C688A888B79046000
:108AB00082805DF8044B837170471831F4E700BF82
:108AC00008B58088FFF77AFFB0FA80F0400908BD4A
:108AD00008B58088FFF770FFB0FA80F0400908BD44
:108AE00000B583B00B468DF8041080888DF80530F2
:108AF00001A9FFF75FFFB0FA80F0400903B05DF80D
:108B000004FB00BF08B513218088FFF751FFB0FABE
:108B100080F0400908BD00BF08B56621806A0CF0EE
:108B2000C1F8003818BF012008BD00BF08B50023F8
:108B30001A461946806A0BF0C5FC003818BF0120A0
:108B400008BD00BF818800F11F02407C02F08ABB93
:108B500038B50A4605460C468188407C02F06EFB1B
:108B60002146012051F8483FC5F81F308B888A798B
:108B700085F82520A5F82330687538BD38B50A4634
:108B800004460D4600F11801407C02F0A1FB60751F
:108B900050B1294651F8483FC4F81F308B888A7974
:108BA00084F82520A4F8233038BD00BF10B5447DDB
:108BB00024B100F11F01407C02F068FB204610BD8B
:108BC00070B50B88113B82B00C460546462B2BD85E
:108BD000DFE803F0383B2A2A2A2A2A2A2A422A2AAC
:108BE0002A2A2A2A50585E642A2A2A2A2A2A2A2A23
:108BF0002A2A2A2A2A2A2A2A2A2A2A2A2A672A942E
:108C00002A2A2A2A2A2A2A2A2A2A2A2A2A2A2A2AC4
:108C10002A2A2A2A2A246A2A752C84000023A88852
:108C20001A461946FFF7CCFE02B070BD8B79002BB7
:108C3000FAD1006BAB750028F6D01A4619460BF036
:108C400041FCF1E700230375EEE74B8903818B8933
:108C50004381CB898381E7E70B7AC375112BE3D07E
:108C6000818800F11F02407C02F0EAFB03460028E5
:108C7000DAD1D4E7002301A98088ADF80430FFF7EA
:108C800099FED1E70B7A002BCED14B7A0374CBE758
:108C9000002211468088FFF78FFEC5E70B89C3814C
:108CA000C2E74B89C380BFE7006B0123AB75002887
:108CB000BAD000231A4619460BF004FCB4E7417CF5
:108CC000164801F091FFE3880146994228BF1946F2
:108CD00089B2A888E980FFF775FEA5E78B79002B9C
:108CE000A2D0002600231A461946A86A0BF0EAFB18
:108CF0000136A279F3B29A42F4D895E78B7A002B29
:108D000092D0002600231A461946E86A0BF0DAFBD7
:108D10000136A27AF3B29A42F4D885E7CC4A012010
:108D200070B58AB086880B4606A84FF428511446C1
:108D300005934FF6FF7501F005FA0120CDE9010515
:108D4000059B0094314606AA044800F06FF80446DB
:108D500006A801F0E5F920460AB070BD0C4F0120CD
:108D600010B50446043002F0BBF9034B2360002326
:108D70002375204610BD00BF0100FFFF017D01B13A
:108D8000704710B50446043002F0B4F9012323758E
:108D900010BD00BF007D70470B88322B10B504D08A
:108DA000332B17D0302B08D010BDCB88DBB1041D7E
:108DB0002046BDE8104002F00FBACB88041D002BFE
:108DC000F6D14B89002BF3D00A3120460A2202F05B
:108DD000EBF9EDE7CB88002BE9D14A89002AE6D0F0
:108DE00002EB420204E04A89002AE0D002EB820250
:108DF0005200041D023292B20A31204602F0D4F928
:108E0000D6E700BFA0DF704710B5044600F5F87044
:108E100002F066F92046F822002116F0FFF9F82248
:108E2000A018002116F0FAF9204610BD2DE9F047F0
:108E300082B00546BDF82C60BDF830402048ADF842
:108E40000460BDF828A0ADF80640904699460F464C
:108E500001F0D2FE05F5F875064603E0FFF71EFEA9
:108E60000BF01EFA284602F09DF904463046002C0D
:108E7000F4D10121284602F03DF9524649462846E0
:108E800002F054F908F10401384601AAFFF7BAFFCD
:108E900030B1284602F038F9204602B0BDE8F0872C
:108EA0004FF4FA71284602F047F920EAE0742846A8
:108EB00002F02AF9A4B2204602B0BDE8F08700BF54
:108EC000CC4A01202DE9F04F8F880D8885B0884667
:108ED00004463946864801F08FFEA5F11003012BA8
:108EE000814640F2908094F854203AB300263346ED
:108EF0001633502D54F823A069D0512D1AD198F86B
:108F00000630B8F808B0022B53D0BBF1000F11D0D7
:108F100051466846FFF79EFBBDF800305B4559D0CF
:108F2000514602A8FFF796FBBDF80C305B4551D0C7
:108F300094F854200136F3B29342D9D394F84C31CB
:108F4000002B00F0D18004F5A679002604E094F807
:108F50004C310136B34220DD59F8040FFFF740FCD5
:108F6000B842F4D1382D03D0392D01D0362DEED1B1
:108F7000B8F80AA0BAF1000FE9D0D9F800B0584605
:108F8000FFF732FC5045E2D158464146FFF72EFC30
:108F900094F84C310136B342DEDC112D55D0352D1D
:108FA00004D1B8F80A30002B40F08F8005B0BDE83E
:108FB000F08F98F80E30062BA7D1DAF80030504623
:108FC000DB68414698474846FFF75EFDB0E7B8F8D2
:108FD00006B09AE7DAF800305046DB684146984719
:108FE0004846FFF751FD0028A2D0502DA0D1514690
:108FF00002A8FFF72FFBBDF80C305B4598D148461F
:10900000FFF7A0FD94E72378002B3FF46CAF002618
:10901000112D33460CD004EB83033946586803689E
:109020005B68984701362278F3B29A42F3D85AE740
:1090300004EB83033946586803681B689847013678
:109040002278F3B29A42F3D84DE7D3B100263346E3
:1090500005E094F84C210136F3B29A4211D904EBA1
:109060008305D5F85001FFF7BBFBB842F1D1D5F825
:109070005001FFF7B1FB013694F84C21F3B29A424C
:10908000EDD894F8F820002A90D000252B4604EB68
:109090008303D3F8FC008388BB420AD00135EBB2CE
:1090A000934283D204EB8303D3F8FC008388BB4252
:1090B000F4D103681B689847013594F8F820EBB2A7
:1090C0009342E4D305B0BDE8F08F04F5F874B8F826
:1090D0000C20204608F1100102F066F8204605B089
:1090E000BDE8F04F02F078B8112D7FF458AFC8E713
:1090F000CC4A012090F85420272A0CD810B40346FB
:1091000002F11604013280F8542043F824100120A3
:109110005DF8044B70470020704700BF0378132BA5
:1091200006D800EB830201330370012051607047C1
:109130000020704778DF70477ADF7047054A0346A2
:1091400092E80300002283E80300C3E902221846E4
:10915000704700BFC069070008B5FFF7EDFF08B111
:10916000002008BDFFF7E6FFB0FA80F0400908BD17
:10917000F8B500250D4F2E4601E0142D14D0A9B2EC
:10918000384601F039FD013504460028F5D0FFF7D7
:1091900077FC0028F1D02046FFF77CFC012804BFB3
:1091A0000136F6B2142DEAD13046F8BDCC4A012082
:1091B00008B501804280FFF7BFFFB0FA80F0400998
:1091C00008BD00BF81607047C1607047704700BF35
:1091D0008ADF70478BDF704730B40D4CC4621F25A7
:1091E000002250248584A025C0E91122C0E90F2265
:1091F000A0F84650A0F84840006230BC8262028667
:1092000080F838204263C264A0F85020704700BF45
:109210000001800090F8443061F3820380F844300C
:10922000704700BFA0F84610A0F84820704700BF64
:10923000C16370471F2310B5A0F84A1004460062AE
:10924000838400F120014430FFF7C2FF08B1002001
:1092500010BD034801F0E8FC012084F82C0010BD8B
:10926000CC4A012000F1200108B50020FFF7B0FF33
:10927000B0FA80F0400908BD10B50446FFF7AAFF18
:1092800008B1002010BD84F82C00024801F0E0FC79
:10929000012010BDCC4A0120F8B50C7F9DF8187054
:1092A000012C1BD9896918464B78934209D00E7856
:1092B000F5432C44013614F0FF043144F4D1204628
:1092C000F8BD11F8024B013CE4B217B1BC4228BF13
:1092D0003C46224615F07AFF2046F8BD0024204681
:1092E000F8BD00BF2DE9F04F10468DB016460C4674
:1092F00000F044FFC5B2102D4FD0B66807220623F8
:10930000A16994F81C9001918DF80D208DF80C3016
:10931000ED080DF10C080DF10E0A0027B9F1010F4F
:109320000A97CDE90477CDE90677CDE90877CDF83E
:109330002B700ED998F8000001994B464A7882426A
:109340000FD00A78D4432344013213F0FF031144B1
:10935000F4D108F10108C245E0D100200DB0BDE80C
:10936000F08F11F8024B013CE4B2224604A815F03C
:109370002DFF0DF1100B1CB9EBE714F0FF04E8D042
:1093800058462A46314615F013FF641BAB440028AB
:10939000F3D101200DB0BDE8F08F04360322022383
:1093A000AEE700BF80F82E10704700BF0123018692
:1093B00080F82F30704700BF2DE9F0430B888E886E
:1093C000103B87B00D4604460D2B2CD8DFE803F088
:1093D00077072B2B2B2B2B2B2B2B2B842B2E836AC2
:1093E000F340DB071FD55648FEF746FDD8B9A36A00
:1093F00094F82C20012505FA06F623EA0606A66253
:109400008AB994F82D3073B11F232462A38404F128
:10941000200104F14400FFF7DBFE20B9494801F0C8
:1094200003FC84F82C5007B0BDE8F08390F92E209F
:1094300091F91B309A423ADC90F8383001F1080873
:109440000BB3DFF80491002602E0D6B2B34218D97C
:10945000636BCDF8089003EB061302AA59680391D9
:10946000D3E902734146204605930497FFF73AFF7C
:10947000074602A800F054FE94F83830721C002F02
:10948000E3D09E4213D094F82F30002B49D095F8AA
:109490002430012B0BD9296A4A78FF2A30D00A7868
:1094A000D0430344013213F0FF031144F4D104F11B
:1094B00020010020FFF78CFE07B0BDE8F083CB7BD6
:1094C000022BB0D1836A012202FA06F6334300224E
:1094D000836280F82C20A6E70B7A012BA3D100250C
:1094E00080F82C50174801F0B3FB226C002A9AD068
:1094F000009502AB2946284602950DF0B1FF92E790
:1095000011F8025B6A1ED2B2022A28BF022202A808
:1095100015F05CFE012DCAD0228EBDF808309A42AB
:10952000C5D1E26B002A3FF47EAF01230093404691
:1095300002AB2421CDF808800DF092FF73E700BF45
:10954000DC4A0120CC4A0120E869070046DF704769
:109550007FDF704780DF704781DF704785DF7047AE
:1095600086DF704738B51C460D460346114628462F
:109570002246984734B1014600222846BDE83840CB
:10958000FFF7E8BF38BD00BF10B50C4682B00346F8
:109590006946204698476A4620460121FFF7DAFFD0
:1095A00002B010BD10B50446083002F091F9074B27
:1095B0002360032200232271C4F81034C4F8143449
:1095C000C4F81834C4F81C34204610BD3507100305
:1095D00030B50446ADF55F7D00F108058F4802F017
:1095E0000BF90821284602F077F9684602F07EF967
:1095F0006846082102F07EF96946284602F01CF907
:1096000004F54F714122684602F082F9684602F083
:109610007BF994F85C0394F85B2394F83D1394F879
:109620003E3384F83D0384F83E2394F85A0394F8BB
:10963000592394F83F5384F85C1384F85B3394F80F
:10964000401394F8413384F83F0384F8402394F89E
:10965000580394F8572384F85A5384F8591394F80C
:10966000425394F8431384F8410384F8583394F830
:10967000560394F8443384F8422394F8552384F82D
:10968000575384F8430384F8442384F8553384F80B
:10969000561394F8451394F8540394F8532394F80C
:1096A000463384F8450384F8462394F8520394F82B
:1096B000512394F8475384F8541384F8533394F89F
:1096C000481394F8493384F8470384F8482394F8FE
:1096D000500394F84F2384F8525384F8511394F8AC
:1096E0004A5394F84B1384F8490384F8503394F8A0
:1096F0004E0394F84C3384F84A2394F84D2384F8AD
:109700004F5384F84B0384F84C2384F84D3384F88A
:109710004E1394F85D1394F87C0394F87B2394F82B
:109720005E3384F85D0384F85E2394F87A0394F83A
:10973000792394F85F5384F87C1384F87B3394F88E
:10974000601394F8613384F85F0384F8602394F81D
:10975000780394F8772384F87A5384F8791394F88B
:10976000625394F8631384F8610384F8783394F8AF
:10977000760394F8643384F8622394F8752384F8AC
:10978000775384F8630384F8642384F8753384F88A
:10979000761394F8651394F8740394F8732394F88B
:1097A000663384F8650384F8662394F8720394F8AA
:1097B000712394F8675384F8741384F8733394F81E
:1097C000681394F8693384F8670384F8682394F87D
:1097D000700394F86F2384F8725384F8711394F82B
:1097E0006A5394F86B1384F8690384F8703394F81F
:1097F0006E0394F86C3384F86A2394F86D2384F82C
:109800006B03012084F86F5384F86E1384F86C2383
:1098100084F86D330DF55F7D30BD00BF58520120D7
:1098200031B173B10378042262F3061303707047F9
:10983000002B03780CBF0322022262F3061303708D
:109840007047037802F0070262F306130370704753
:10985000037861F341030370704700BF0B7803F096
:10986000FE03042B01D00020704770B515468CB064
:109870000C462022002104A815F0D0FC2868696855
:10988000AA68EB686D460FC59DF800109DF80F2083
:109890009DF801609DF80E509DF802008DF80F10A4
:1098A00023469DF80D108DF800209DF803208DF8BB
:1098B0000E608DF801509DF80C609DF804508DF8F5
:1098C0000D008DF802109DF80B009DF805108DF825
:1098D0000C209DF80A208DF803608DF80B508DF850
:1098E00004008DF805208DF80A109DF8061033F855
:1098F000042FADF810209B789DF809209DF81D00DD
:109900009DF810609DF81F508DF809108DF8062005
:109910009DF811109DF81E208DF81D309DF8073020
:109920008DF812008DF81F609DF808009DF81360F7
:109930008DF810508DF81E109DF81C509DF81410D5
:109940008DF811208DF808309DF81B209DF81A30F5
:109950008DF807008DF81C608DF813509DF8156088
:109960008DF81B108DF8142068468DF815309DF881
:1099700019109DF817209DF818309DF816508DF895
:1099800018208DF816108DF817308DF81A608DF8A4
:109990001950FFF7DBFD62789DF82F309DF82E00FF
:1099A0009DF82D108DF821009A428DF8221004F1B7
:1099B000010404D0012080F001000CB070BD627879
:1099C000C3B29A4204F10104F4D16278CBB29A4254
:1099D000F0D10020EFE700BFC0F81814704700BFB7
:1099E00008B5137CDB0758BF1C32084602F1120190
:1099F000FFF7B4FDB0FA80F0400908BDF0B58F88DC
:109A00000E46ADF56B7D04463946464801F0F4F844
:109A10003388133B0546072B2FD8DFE813F03E00B1
:109A20005F006D002E002803870008003100337AA4
:109A3000B3B9737B9B070ED4294602A8FFF730F811
:109A40000299BDF80C209DF80E3084F80C34C4F84F
:109A50000614A4F80A24284604F2BE31FFF778F869
:109A6000D4F818244AB1307A0D90022300210093D3
:109A700008460CAB0C970DF0F3FC0DF56B7DF0BDBB
:109A8000D4F81C24002AF8D00123002100930846B2
:109A90000CAB0C970DF0E4FCEFE704F2BE3304F2DC
:109AA000DA320C9304F2F63300251092119304F28B
:109AB0003D3204F27E330F921393CDE90D5512958A
:109AC000FEF7E8FF01280CBF22462A460CAB2946C8
:109AD0003846FFF73DFD0DF56B7DF0BD0CA9FFF796
:109AE0004DF80346002800F0D2820CA93846002326
:109AF0001AAAFFF735FDC0E7D4F810140029BCD02E
:109B0000B37B094A03F001030F930423CDE90C173B
:109B100006F10800009306210CAB0E900DF0A0FC9E
:109B2000ABE700BFCC4A01206595050094F87E3371
:109B300094F89D2394F87FC394F89C6394F8805321
:109B400094F89B0384F89D33042194F89A3384F8A5
:109B50007D1384F87E2394F8811394F8822384F88B
:109B60009CC384F87F6394F899C394F8836384F862
:109B70009B5384F8800394F8985394F8840384F8F2
:109B80009A1384F8813394F8971394F8853384F802
:109B9000992394F8962384F882C384F8986384F810
:109BA000835384F8970384F8841384F8852384F816
:109BB000963394F8862394F8953394F887C394F8F1
:109BC000946394F8885394F8930394F8891384F871
:109BD000952384F8863394F8922394F88A3384F892
:109BE00094C384F8876394F891C394F88B6384F8E2
:109BF000935384F8880394F8905394F88C0384F872
:109C0000921384F8892394F88F1394F88D2384F8A1
:109C1000913394F88E3384F88AC384F8906384F87F
:109C20008B5384F88F0384F88C1384F88D3384F875
:109C30008E2394F89E2394F8BD3394F89FC394F830
:109C4000BC6394F8A05394F8BB0394F8A11384F870
:109C5000BD2384F89E3394F8BA2394F8A23384F891
:109C6000BCC384F89F6394F8B9C394F8A36384F8E1
:109C7000BB5384F8A00394F8B85394F8A40384F871
:109C8000BA1384F8A12394F8B71394F8A52384F8A1
:109C9000B93394F8B63384F8A2C384F8B86384F86F
:109CA000A35384F8A41384F8B62384F8A53384F866
:109CB000B70394F8A60394F8B51394F8A72394F87F
:109CC000B43394F8A86394F8B35384F8B50384F8D4
:109CD000A61394F8A90394F8B21384F8B42384F873
:109CE000A73394F8AA2394F8B13384F8B36384F8C3
:109CF000A85394F8AB6394F8B05384F8B20384F893
:109D0000A91394F8AC0394F8AF1384F8B12384F842
:109D1000AA3394F8AD2394F8AE3384F8AD3384F8C5
:109D2000AE2384F8B06384F8AB5384F8AF0384F8AF
:109D3000AC130CA801F0DAFD0CA8082101F0DAFD43
:109D400004F27D310CA8412201F0F4FD0CA904AA13
:109D5000202304F1080001F09DFD0CA801F0D4FDC2
:109D60009DF810109DF82F009DF811309DF82E20C1
:109D70009DF812609DF82D508DF810008DF82F1071
:109D80009DF813009DF82C108DF811208DF82E30C1
:109D90009DF814209DF82B308DF812508DF82D6011
:109DA0009DF815509DF82A608DF813108DF82C0041
:109DB0009DF816109DF829008DF814308DF82B2091
:109DC0009DF817309DF828208DF815608DF82A50E1
:109DD0008DF816008DF817208DF828308DF8291091
:109DE0009DF818109DF827009DF819309DF8262041
:109DF0009DF81A609DF825508DF818008DF82710F1
:109E00009DF81B009DF824108DF819208DF8263040
:109E10009DF81C209DF823308DF81A508DF8256090
:109E20009DF81D509DF822608DF81B108DF82400C0
:109E30009DF81E109DF821008DF81C308DF8232010
:109E40009DF81F309DF820208DF81D608DF8225060
:109E50008DF821108DF81F208DF820308DF81E0010
:109E600094F87E0394F89D1394F87F2394F89C3320
:109E700094F8806394F89B5384F89D0384F87E13D0
:109E800094F8810394F89A1384F89C2384F87F3320
:109E900094F8822394F8993384F89B6384F8805370
:109EA00094F8836394F8985384F89A0384F88113A0
:109EB00094F8840394F8971384F8992384F88233F0
:109EC00094F8852394F8963384F8986384F8835340
:109ED00084F8841384F8962384F8853384F89703F0
:109EE00094F8860394F8951394F8872394F89433A0
:109EF00094F8886394F8935384F8950384F8861350
:109F000094F8890394F8921384F8942384F887339F
:109F100094F88A2394F8913384F8936384F88853EF
:109F200094F88B6394F8905384F8920384F889131F
:109F300094F88C0394F88F1384F8912384F88A336F
:109F400094F88D2394F88E3384F8906384F88B53BF
:109F500084F88C1384F88E2384F88D3384F88F036F
:109F600094F89E0394F8BD1394F89F2394F8BC339F
:109F700094F8A06394F8BB5384F8BD0384F89E134F
:109F800094F8A10394F8BA1384F8BC2384F89F339F
:109F900094F8A22394F8B93384F8BB6384F8A053EF
:109FA00094F8A36394F8B85384F8BA0384F8A1131F
:109FB00094F8A40394F8B71384F8B92384F8A2336F
:109FC00094F8A52394F8B63384F8B86384F8B703FB
:109FD00084F8A41384F8B62384F8A53384F8A35333
:109FE00094F8A65394F8A72394F8B43394F8B503DF
:109FF00094F8A81394F8B36384F8B55384F8B423A1
:10A0000094F8A95394F8AA2384F8A73394F8B133A9
:10A0100094F8B0C384F8A60384F8B31394F8B20399
:10A0200094F8AB1384F8A86384F8B25394F8AC6343
:10A0300094F8AF5384F8B12384F8AA3394F8AD238D
:10A0400094F8AE3384F8A90384F8B013384604A911
:10A0500084F8ABC384F8AF6384F8AC5384F8AE23C0
:10A0600084F8AD33FFF778FA0DF56B7DF0BDD4F8C9
:10A070001424002A3FF401AD0223002100930C9226
:10A080000CAB064A0D9708460DF0EAF9F5E43846A0
:10A090001A461946FFF764FAEFE400BF89950500F8
:10A0A000A8DF7047704700BF30B5044683B0083062
:10A0B00000F074F804F10C010DF106020120FFF725
:10A0C000EFFF054628B9044B04481C602146FFF702
:10A0D00025F8284603B030BDC84A01200C4F0120A6
:10A0E00030B44C68C460D1E90241054A054D0260B4
:10A0F000054A8560C0E90441426030BC704700BF3A
:10A10000D0690700E86907000000111183790B701E
:10A11000C3791370704700BF62DF704763DF704719
:10A12000704700BF10B504460CF000FC204610BD7F
:10A13000034A02600022C0E90222827182807047D5
:10A14000E869070010B4054C8180002201210460F9
:10A15000C0E902225DF8044B81717047E86907008D
:10A16000002210B4044C046081605DF8044B8271DD
:10A170008280C260704700BFE86907008379012BC5
:10A180000AD0826832B9C26822B9012B8CBF802004
:10A190000020704780207047102070472DE9F0475D
:10A1A000857982B0002D47D1C7680646002F47D079
:10A1B00010200AF091F88246384616F018F8441E2E
:10A1C00030B3DFF88490A84604E00134023C1FD489
:10A1D000102D1DD017F804C0BCF12D0F07EB0402A1
:10A1E000F3D099F80030ADF805808DF8043012F8FE
:10A1F000013C8DF804301022002101A88DF805C023
:10A2000016F0CAFF6B1C023C0AF80500DDB2DFD570
:10A21000C6F808A0BAF1000F0ED0B11D5046FFF7E6
:10A220007BFFB168321D1020FFF778FFB0FA80F095
:10A23000400902B0BDE8F087012002B0BDE8F08718
:10A24000D0F808A0E6E700BFDC6907004DDF7047E3
:10A250004EDF70474FDF704750DF70474BDF70476E
:10A2600010DF70477CDF70477DDF704760DF70472D
:10A2700069DF704761DF704766DF704767DF7047EF
:10A28000704700BF0C200DF0A1BB00BF30B5224CC1
:10A29000224D83B0D4F828074FF0FF310AF002FDB9
:10A2A0000028F7D0C5B101A8FFF7D8FF0528F1D0E5
:10A2B0000028F8D1019B032B1BD8012BF3D918469A
:10A2C00008F012FFEFE70A2B04D0092B21D00B2B4B
:10A2D00002D10120FCF770FD01A8FFF7BFFF0528A0
:10A2E000D8D00028F8D1019BA3F10902022AF3D8A3
:10A2F000E9E7A3F10902022AD5D80A2B04D0092BD9
:10A3000005D00B2BCFD10120FCF756FDCBE7022067
:10A31000FAE70220DEE700BFCC4A0120E930060060
:10A320002DE9F04F2DED028B4FF4FA7089B009F052
:10A33000D3FFB24E00F1080308EE103A054606F5C9
:10A34000F06706F5C86AD6F824074FF0FF310AF027
:10A35000A9FC0028F7D04FF4FA730DF11601284636
:10A36000ADF81630FFF786FF10B10528F3D1EAE704
:10A37000B5F80490B9F1130F00F2398106EB8903A7
:10A38000D3F834473CB129462046FEF719FC9C48D7
:10A390002946FFF733FB2B88013B1B2B5AD8DFE8FC
:10A3A00013F016015900590059005900590059007D
:10A3B00059005900590059005900590059005900D5
:10A3C000B4001C00590059005900590059005900A7
:10A3D0005900590059005900A200DFF838824FF0A7
:10A3E000000B58F8040F30B1FEF74AFB18B10BF11F
:10A3F000010B5FFA8BFBB845F3D1BBF1000F06D11F
:10A4000096F830371BB159460C200DF09FFA2046C4
:10A41000FEF740FB012800F0EC80F26962B10223F4
:10A42000002195F808C00093084606ABCDF81890B7
:10A43000CDF81CC00DF014F809F5E67806EB88039A
:10A44000586810B103685B68984706EB88080023DA
:10A45000C8F8043029465046FDF788FC694829466B
:10A46000FEF7AAFFB6F832374B452B8800F0B480D0
:10A47000102B1ED02CB32046FEF70CFB012803D175
:10A480005E482946FEF7A2FE2046FEF703FB02289F
:10A490001BD05D48FEF77EFC00BB5C482946FEF7FA
:10A4A00011FDD6F88837002B3FF455AF2846984762
:10A4B00051E7EB7B012BDDD1AB88A6F83237002CBE
:10A4C000D9D14E482946FEF781FE51482946FDF76D
:10A4D000F3FC4D48FEF75EFC0028DED04A482946D2
:10A4E000FEF75AFCD9E7D6F88427002AB2D0022317
:10A4F000002195F908C00093084606ABCDF81890E6
:10A50000CDF81CC00CF0ACFFA4E74FF00008D6F863
:10A510002C07CDF800804346424603213D4C0BF00A
:10A520003BFF54F8040F30B1FEF7AAFA18B108F156
:10A5300001085FFA88F8BC42F3D196F830376BB166
:10A54000B8F1000118BF01210C200DF0FFF996F8B9
:10A5500030371BB101210C200DF0F8F909F5E67830
:10A5600006EB8804606820B103685B6898470023A5
:10A570006360EB7B012B0BBF96F8123796F8183708
:10A5800096F8134796F81947039334200CF0CAF94C
:10A5900006EB8808039B009418EE102A04464946EF
:10A5A000FEF73AFA2046C8F80440FEF773FA01288D
:10A5B00032D0B269002A3FF44DAF0123002100934D
:10A5C000084606ABCDF818900CF04AFF42E7002190
:10A5D0004846FFF751FE3DE7102B3FF46AAF112BC1
:10A5E0007FF448AF4FF6FF73A6F8323742E70446D0
:10A5F000D1E6F268002A7FF412AF1DE7CC4A0120B1
:10A60000EC4A012068510120BC5101200C4F01206F
:10A61000DC4A0120FC510120B268002A3FF41AAF45
:10A620000021009006AB0846CDF818900CF018FFFA
:10A6300010E700BF38B50446FEF780FD04F11000B6
:10A64000FDF706FC04F12000FEF7ACFF04F588607E
:10A65000FEF7DAFB04F5C860FDF78AFA04F27C60C5
:10A66000FDF7FAF904F29C60FEF7B6FD04F5DE6032
:10A67000FEF776FB4FF480530025C4F808371648E0
:10A680001649174AC4F80C0740F20113C4F8101712
:10A69000C4F81427A4F81837A4F81A5704F2347031
:10A6A0002946502214F0BAFD01224FF6FF73A4F898
:10A6B0001C5784F81E57C4F82457C4F82857C4F808
:10A6C0002C57C4F88857C4F8845784F83027A4F866
:10A6D0003237204638BD00BF010A170003000101D0
:10A6E0001700030010B41729B8BF1721022A9DF8DC
:10A6F000044080F81347B8BF02225DF8044BA0F86D
:10A700000E17A0F8102780F812377047F0B5BF4E2B
:10A7100080F81C178DB080F81D2704460CF084F9D2
:10A720000CF08AF90CF048F93369B949039303A88E
:10A73000FFF796FD18B1002528460DB0F0BD0120A9
:10A74000FFF786FD0120FFF781FD0120FFF782FD65
:10A7500009A8FFF781FD099B9B0705D5AD4BD3F8F1
:10A760000435002B00F0FE800023AB4A94F80D570F
:10A77000049209A90120CDE909330B938DF82450E7
:10A78000FFF776FD0028D6D194F81D370B90CDE960
:10A790000900181E18BF012094F81C578DF82700D7
:10A7A000049A8DF8263009A940208DF82550FFF72E
:10A7B0005FFD0028BFD194F80C170990034661F3A0
:10A7C0000003CDE90A00049A8DF8243009A9A020DD
:10A7D000FFF74EFD0028AED1D4F808370A900B9051
:10A7E000049A099309A9A120FFF742FD0028A2D1EC
:10A7F00094F81C37002B40F0B98094F81D37002BDB
:10A8000048D00023B4F81477049A0993022509A9C3
:10A810002320CDE90A338DF82450ADF82670FFF7D8
:10A8200027FD002887D1CDE9090094F81D77B4F8F9
:10A8300016370B90049A8DF8245009A920208DF822
:10A840002670ADF82830FFF713FD00287FF473AFB2
:10A850000990CDE90A0094F81837049A8DF824502D
:10A8600009A922208DF82630FFF702FD00287FF489
:10A8700062AFCDE9090094F819370B90049A8DF86E
:10A88000245009A921208DF82630FFF7F1FC00287B
:10A890007FF451AF04A8FFF7E9FC00287FF44BAF29
:10A8A000CDE9070040F0010307A902208DF81C3014
:10A8B000FFF7E4FC00287FF43EAF2046FEF74CFC97
:10A8C000054600283FF437AF04F12000FEF780FE74
:10A8D000337D52498DF808300D2202A8FFF7C2FCE3
:10A8E00000287FF428AF94F81D37002B40F08880B3
:10A8F00003220021012009F071FDC4F8240700287B
:10A900003FF419AF05AB0326CDE900634449454840
:10A9100000234FF4A0620AF0DFFC32460021012040
:10A9200009F05CFDC4F8280700283FF404AF06AB2B
:10A93000CDE900633C493D480023C8220AF0CCFC25
:10A940003B4B4FF480021A603A4B009300231846A9
:10A9500001224FF480710BF0C9FCC4F82C0700F001
:10A9600047FCE9E60220FCF727FAFDE60990CDE96D
:10A970000A00B4F80E37049AADF82630012509A96B
:10A9800023208DF82450FFF773FC00287FF4D3AE0A
:10A99000CDE9090094F81C77B4F810370B90049AAD
:10A9A0008DF8245009A920208DF82670ADF82830A4
:10A9B000FFF75EFC00287FF4BEAE0990CDE90A00E7
:10A9C00094F81237049A8DF8245009A922208DF8A2
:10A9D0002630FFF74DFC00287FF4ADAECDE909002D
:10A9E00094F813370B90049A8DF8245009A921206C
:10A9F0008DF82630FFF73CFC00283FF4FEAE9AE6C7
:10AA000004F11000FDF732FA72E700BF346A070064
:10AA100081A2050000700240006000206868070005
:10AA20002C6A070021A30500306A07008DA20500EB
:10AA300000E100E085A2050000B5084B85B01B7D54
:10AA4000019108468DF80C3015F0D1FB019982B2C6
:10AA500003A8FFF707FC05B05DF804FB346A0700A4
:10AA600000B583B008460DF10601ADF80620FFF7EA
:10AA7000FBFB20B99DF8060003B05DF804FB002045
:10AA800003B05DF804FB00BF70B4234B0E460546CF
:10AA90000FCB85B06C4607C49DF900202380B242DD
:10AAA00034D09DF90130B34230D09DF90230B34229
:10AAB0002CD09DF90330B34228D09DF90430B34225
:10AAC00024D09DF90530B34220D0FEB19DF9073066
:10AAD000B3421BD09DF90830B34217D09DF909301D
:10AAE000B34213D09DF90A30B3420FD09DF90B3019
:10AAF000B3420BD09DF90C30B34207D09DF90D3015
:10AB0000B34203D0002005B070BC7047012085F827
:10AB10001E6705B070BC70474C6A070090F91E07AD
:10AB2000704700BF80F83017704700BF70B504460B
:10AB300082B0D0F82C070D460BF05AFC4FF47A7215
:10AB400006460023A90DA80214F082F8002302464D
:10AB50000421D4F82C0700930BF01EFC0EB102B0B8
:10AB600070BD0096D4F82C073346324603210BF013
:10AB700013FC02B070BD00BF70B500F5E66400F5CF
:10AB8000F065002654F8040F20B1FDF779FF08B1F5
:10AB90000136F6B2AC42F5D1304670BD132906D865
:10ABA00000EB8101D1F8340708B1FDF769BF00203F
:10ABB000704700BF13290BD800EB810110B5D1F805
:10ABC00034471CB12046FDF75BFF18B9012010BDCA
:10ABD000012070472046BDE81040FDF793BF00BF3D
:10ABE000B0F83207704700BF01290CBFB0F80E075C
:10ABF000B0F81407704700BF13299ABF00EB81011A
:10AC0000D1F834070020704710B5064C0021D4F865
:10AC1000280709F0BBFED4F824070021BDE8104046
:10AC200009F0B4BECC4A012090F8303703B9704720
:10AC300010B582B0D0F82C470AF03EFD0023024642
:10AC40000093204601210BF0A7FB02B010BD00BF0E
:10AC5000F0B583B0002405462346D0F82C070094B5
:10AC6000224603210BF098FB05F5E66605F5F06733
:10AC700056F8040F20B1FDF703FF08B10134E4B228
:10AC8000BE42F5D195F8303743B1211E18BF0121DE
:10AC90000C2003B0BDE8F0400CF058BE03B0F0BD8E
:10ACA0000148FFF7C7BC00BFCC4A01203CDF70471A
:10ACB0003DDF704711DF704713DF7047B0DF70472B
:10ACC000B2DF70472DE9F0419EB0074604A8158811
:10ACD00014460E46FDF7BEFCBDF81030AB4202D064
:10ACE0001EB0BDE8F081A379043B022BF8D93946A8
:10ACF0005248FFF781FF4FF000080223394605460E
:10AD00003046CDE90688CDE908888DF81830FDF782
:10AD10001BFD06A900286AD03846ADF81C80FFF755
:10AD2000CDFF247B012CDBD1454E41463E223046EF
:10AD300014F074FA23460DF10E02424938460824F5
:10AD4000ADF80E40FFF7BCFF68462946FDF7A8FEA8
:10AD500000983060BDF804309DF80620B271B380D1
:10AD60002846FDF791FE002849D1354936484FF66F
:10AD7000FF740B4601311B7883EA142383EA131214
:10AD800042EA042283EA131382EA033282EA43137B
:10AD900081429CB2EDD12A4B2C489C870021FCF7C4
:10ADA0000DFF2846FDF7AEFEFF210020FFF780FFD4
:10ADB000B1210020FFF77AFF002891D1FFF77AFF39
:10ADC00000288DD1224B4FF0FF324FF01024C3F8F2
:10ADD0008020C3F880216069FFF76EFF00287FF4B0
:10ADE0007FAF80F31488606900F0E8FC78E740F2F8
:10ADF000FD133846ADF81C30FFF760FF70E70AA975
:10AE00002846FDF7BBFE0028AFD01EAB13E90300B8
:10AE10000B0C3060B180B37118AC0FCC0D4FC6F87D
:10AE200007000AAC7960BA60FB600FCC18360FC619
:10AE300094E8070086E8070097E700BFCC4A0120A6
:10AE4000807F0020B47F0020BC7F00200C510120B7
:10AE500000E100E0877F002030B585B004460E4950
:10AE60006846FFF77DF969462046FFF739F9254620
:10AE70006846FFF755F9094B45F8183B08496846FD
:10AE8000FFF76EF969462846FDF75EFB6846FFF757
:10AE900047F9204605B030BD5C6A0700A46A070088
:10AEA0007C6A070030B5B3B00546FFF7FDF818B16E
:10AEB0000446204633B030BD2D491CA8FFF750F999
:10AEC0001CA906A8FDF740FB1CA8FFF729F906A856
:10AED000FDF77AFB06A80421FDF77AFB06A81421EA
:10AEE000FDF77AFB06A8FDF74BF8044698B905F183
:10AEF000180018210190FDF76BFB01981721FDF751
:10AF00006BFB01981B490122FDF790FB0198FDF7AF
:10AF100037F8044628B106A8FDF718F8204633B0E4
:10AF200030BD154902A8FFF71BF902A91CA8FDF7BF
:10AF30000BFB02A8FFF7F4F81CA8FDF745FB022164
:10AF40001CA8FDF745FB02211CA8FDF747FB1CA828
:10AF5000FDF716F8044618B901211CA8FDF79CFB63
:10AF60001CA8FCF7F3FF06A8FCF7F0FFD6E700BF2C
:10AF70006C6A0700C5AC05008C6A0700C16180F8E7
:10AF80003D207047416280F83F207047016380F8A0
:10AF90004220704770B584B0044641F60A01684605
:10AFA000FFF7D0F869462046FFF79AF86846FFF7A2
:10AFB000B7F820460E4B40F8183B2422002114F02D
:10AFC0002DF90C4E0C480D4AE06200232364E36324
:10AFD00084F844300D25062113232046E66184F8C9
:10AFE0003D5084F84110226384F8423004B070BDB3
:10AFF000D46A070068680700B06A0700B86A0700EB
:10B000002DE9F0479AB00646FFF74EF88046002833
:10B0100046D1336A002B4ED0736A002B56D0C6F54A
:10B02000275909F1270906F1140406F1380706F13A
:10B030003C0554F8043F04A873B3FDF755FA2268A1
:10B04000B36B09EB05019A4289B2684608BF42F624
:10B050005021FFF777F8694604A8FDF7ABFA684678
:10B06000FFF75EF804A8FDF7AFFA022104A8FDF788
:10B07000AFFA297804A8FDF7B1FA04A8FCF780FF1D
:10B08000824604A8BAF1000F0ED12A782168FDF794
:10B09000E7FA04A8FCF75AFFBC4205F10105C8D144
:10B0A00040461AB0BDE8F087FCF750FFD046404656
:10B0B0001AB0BDE8F0870CF07DFA044615F097F859
:10B0C000736A346286F83E00002BA8D10CF032FA85
:10B0D000044615F08CF8746286F83F009FE700BFC5
:10B0E000002201214270C0E901220170C2818281E7
:10B0F000704700BF10B50446017001B110BD0A20B1
:10B1000009F0AEF9606010BD037810B5044643B194
:10B11000002301226370C4E90133E381A38122701B
:10B1200010BD406809F03AFFF2E700BF00238160DC
:10B130008281C381704700BF037870B504460D4615
:10B14000B3B94668012363704FF47A720023A802F2
:10B15000A90D13F07DFD0146304609F0A3FD98B915
:10B16000237800264FF0FF356670A3B9284670BDDE
:10B1700003220021012009F031F906466060002811
:10B18000E0D14FF0FF35F1E7E58923780026ADB235
:10B190006670002BEAD0606809F000FF6660284600
:10B1A00070BD00BF4078704738B504468089824240
:10B1B00028BF0246154619B1A06814F007F8A08907
:10B1C000E389A26815FA83F3401B9BB22A44A0814D
:10B1D000E381A260284638BD406820B100231A46AA
:10B1E000194609F06FB97047B1DF7047B2DF704799
:10B1F00008B50F4807F006FE0E490D4802F0E6F8C4
:10B2000028B10D490A4802F0E1F850B108BD0949DA
:10B21000074802F0F7F80849054802F0D7F8002877
:10B22000F4D1BDE808400449014802F0EBB800BF82
:10B2300044530120E06A0700F46A070070B586B045
:10B240000E4603230021054614460093044A049643
:10B25000084603AB039505940CF002F906B070BDE7
:10B2600029B5050070B586B00323144606460D4681
:10B270000093104603AB044A05940721CDE903650A
:10B280000CF0EEF806B070BD59B6050030B50A46B0
:10B2900091B089795379039111790293D378094D4B
:10B2A000094C019100939378527801280CBF2946EC
:10B2B000214604A814F0DCFE04A9044802F0FAF8C0
:10B2C00011B030BD086B0700386B070044530120F4
:10B2D0002DE9F043D1B00B78032B04AF0D460446A3
:10B2E000904668D95A08022A5ED14F4A4F49504BBE
:10B2F000DFF84891012818BF11460022381D02F0DE
:10B30000B1FA4B4907F1680002F0E2F907F1CC0607
:10B3100011E00246414607F1680002F0CBFA08F15D
:10B32000380229464846FEF799FA044678BB07F1E9
:10B33000680002F035FB0022391D304602F062FB46
:10B3400007F1D0000DC8D7F8DC10D7F8E4407B67D0
:10B35000D7F8E83097F8E0C0F8663A67B967412255
:10B3600007F1EC0107F18800C7E9204387F87CC0AA
:10B3700013F02CFF07F1680002F03EFB044607F1D2
:10B38000680044B102F044F95028D0D1C1E707F178
:10B39000680002F005FB381D02F002FB204607F5AD
:10B3A0009A77BD46BDE8F0830024204607F59A77DA
:10B3B000BD46BDE8F083E9468CB08979AB786A7800
:10B3C000039169790291297901911A4E1A49E87815
:10B3D000009004AD012C08BF3146284607F1CC0689
:10B3E00014F046FE1249304602F072F92946304602
:10B3F000002202F01BFA044650B90024304602F045
:10B40000CFFA2046CD4607F59A77BD46BDE8F083D2
:10B41000304602F0FDF8021EEFDD92B241463046A2
:10B4200002F048FAEAE700BFF46A0700E06A0700A2
:10B4300044530120086B0700386B0700EC4A0120D9
:10B44000F0B5ADB095799378344E144652780395A3
:10B450006579029594F804C0CDF804C0304DE478C5
:10B46000009404AF0C4601280CBF3146294607F171
:10B470000C0014F0FDFD2B4B07F10C0107F13C0013
:10B48000002202F0EFF907F13C0002F0B5FA40B9F2
:10B49000002407F13C0002F083FA2046A437BD46A1
:10B4A000F0BD07F13C0002F0B3F8051E08DD07F11E
:10B4B0003C0002F03DFA291807F13C0002F01AFAAC
:10B4C00007F13C0002F0A4F8051E08DD07F13C007E
:10B4D00002F02EFA291807F13C0002F00BFA07F1EE
:10B4E0003C0002F095F80028D2DDC31D23F00703CD
:10B4F0006D46ADEB030D82B204A907F13C00C7E92C
:10B50000001202F0D7F92046D7E900120323FFF713
:10B510006BFEB0FA80F46409AD46BAE7086B070029
:10B52000386B070044530120F0B5B5B092F84E5087
:10B5300092F84A30434E144692F84920039594F805
:10B540004D50029594F84C50019594F84B5000954D
:10B550000D463D4904AF012818BF314607F12C00C4
:10B5600014F086FD394807F12C0101F02FFF6E46DB
:10B5700000284AD1354B07F12C0107F15C0001226C
:10B5800002F070F907F15C0002F036FA18B9C4371E
:10B59000B546BD46F0BD502107F15C0002F066F8EB
:10B5A0005022214607F15C0001F09EFF002329464E
:10B5B00027487B61C7E90333C7E90633C7E9083386
:10B5C000BB62FFF719FB07F10C012022FDF7A8FB76
:10B5D0003B7B03B307F10C0014F009FE013082B28B
:10B5E000C1B207F15C007A6002F040F87A6807F1B6
:10B5F0000C0107F15C0001F077FF07F15C0002F03D
:10B60000CFF9C437B546BD46F0BD07F12C010F4850
:10B6100001F050FFAEE794F8491094F84D3094F8DB
:10B620004E20039194F84A10029194F84B10019126
:10B6300094F84C10009107F10C00064914F018FD25
:10B64000C8E700BF386B0700086B070044530120B0
:10B65000CC4A0120686B07002DE9F043ADB00C46E1
:10B6600004AF0021032306461546204607F10A02CF
:10B670007981FFF7BBFD7B89E84623B9A437C5462E
:10B68000BD46BDE8F0830733DB08A8EBC3039D4646
:10B690000DF11009204607F10A0249460323FFF77E
:10B6A000A5FD04460028E9D1A979AB786A78039111
:10B6B00069790291297901913D483E49ED780095DB
:10B6C000012E08BF014607F10C0014F0D1FC3A4BE3
:10B6D00007F10C0107F13C00012202F0C3F807F169
:10B6E0003C0002F089F90028C8D0214607F13C004F
:10B6F00002F000F907F13C0001F08AFF041E08DDAA
:10B7000007F13C0002F014F9211807F13C0002F0A7
:10B71000F1F807F13C0001F07BFF041E08DD07F1A2
:10B720003C0002F005F9211807F13C0002F0E2F8B4
:10B7300007F13C0001F06CFF7C8980B2A04213D07D
:10B74000E1B207F13C0001F091FF2246494607F1C2
:10B750003C0001F0C9FE07F13C0002F021F9A437DA
:10B76000C546BD46BDE8F083E31D6D46DB08A5EB8D
:10B77000C3039D4604A9224607F13C00796002F00C
:10B7800099F879687A89484613F012FD08B9AD46F0
:10B79000E1E707F13C0002F0E7F87B89DB43191889
:10B7A00007F13C0002F0A6F8AD467C89C8E700BF6F
:10B7B000086B0700386B070044530120F0B40346C0
:10B7C000186880F308885868FF2464B2EFF3058591
:10B7D000002D01D1A64600472546064621273FBA3F
:10B7E000F0B40024002500260027F0B4F92040B270
:10B7F000004700BFF0BC704738B590F8E8500DB175
:10B80000284638BD012380F8E83004460DF09AFE42
:10B810000028F5D12046BDE8384000F0ADB800BFA3
:10B8200010B5044C204600F0A3F8002384F8E8305B
:10B8300010BD00BF5852012003680A689A4201D027
:10B840000020704770B5044684B04FF453700D4625
:10B8500008F042FD0646B0B10C4800F0ABF82346B4
:10B860000435002153F8042B0095CDE90161084906
:10B870000DF002FD0446304608F048FDB4FA84F0AD
:10B88000400904B070BD002004B070BD58520120C2
:10B8900055800600F0B585B006464FF453700D464E
:10B8A0001746039308F018FD78B1044600903A4615
:10B8B000281D311D03AB0DF05DFD0546204608F047
:10B8C00025FD15B9039805B0F0BD002005B0F0BD09
:10B8D00000220260704700BF10B5044608460DF014
:10B8E000BBFD2060003818BF012010BD002202609F
:10B8F000704700BF10B5044608460DF0ADFD20604E
:10B90000003818BF012010BD00230360704700BF3E
:10B9100000B583B00430019201AB0A4604210DF05A
:10B9200025FC18B9019803B05DF804FB002003B0B2
:10B930005DF804FBF0B5044683B04FF463700E4627
:10B94000174608F0C9FC054678B1019054F8040B7D
:10B9500000943A46314601230DF044FB0446284644
:10B9600008F0D4FCB4FA84F0400903B0F0BD00BF85
:10B97000002280F8E420704770B590F8E4400CB1E4
:10B98000204670BD012380F8E43005464FF4BF50D7
:10B9900008F0A2FC06460028F2D0314628460CF0FA
:10B9A00045FD0446B4FA84F43046640908F0AEFC60
:10B9B000204670BD704700BF704700BF10B40468D8
:10B9C000E468A4465DF8044B604700BF30B40468E7
:10B9D000BDF808500295646BA44630BC604700BFB8
:10B9E00030B40468BDF808500295A46BA44630BC7E
:10B9F000604700BF704700BF01F003038376CB07A9
:10BA000002D48368C3607047428903898281C381FD
:10BA1000704700BF2DE9F04387B09942BDF9384027
:10BA2000BDF83C60054622D0A24212D00768DFF87C
:10BA30008480D7F81090C14533D1CDE9004628461F
:10BA40007C6AA0472B689B6A434525D107B0BDE8B7
:10BA5000F08399421CDC28680E96846B01335B1AD4
:10BA60001BB22846A44607B0BDE8F0436047A24297
:10BA700002DD134622461C4628680E96631C446B62
:10BA80009B1A1BB22846A44607B0BDE8F0436047A6
:10BA9000084619460346DEE7284607B0BDE8F043EE
:10BAA0001847CDE904230391C847DDE904232F6833
:10BAB0000399C2E7B9B905002DE9F0430668144FB0
:10BAC000D6F8108085B0B8451C46BDF830900546C4
:10BAD0000B4610D1013C144424B2CDF804900094DC
:10BAE0001946746A2846A0472B689B6ABB4209D155
:10BAF00005B0BDE8F083CDE90212C047DDE90232AE
:10BB00002E68E7E7284605B0BDE8F043184700BFB8
:10BB1000B9B905002DE9F041D0F800C0134DDCF8AB
:10BB2000106084B0AE42BDF828700446984610D12B
:10BB300008F1FF3301970B4400921BB2DCF824603C
:10BB40002046B04723689B6AAB420AD104B0BDE8E7
:10BB5000F081CDE90212B047DDE90212D4F800C04D
:10BB6000E6E7204604B0BDE8F0411847B9B9050042
:10BB70002DE9F04FD0F800C01F46DCF810601E4BD6
:10BB800083B09E42BDF93090BDF834A005460C4606
:10BB9000904627D12744A7421CDDDFF860B008E0BB
:10BBA0000134DCF8346024B2B047BC42D5F800C0A0
:10BBB00010DADCF81C60CDF800A05E454B4642462A
:10BBC00021462846ECD0013424B2B047BC42D5F817
:10BBD00000C0EEDBDCF82830074A934206D103B000
:10BBE000BDE8F08FB047D5F800C0D3E7284603B0D2
:10BBF000BDE8F04F184700BFB9B90500CDB9050041
:10BC00002DE9F04FD0F800C0DFF8C490DCF810A0A8
:10BC100085B0CA45BDF93880BDF83C70044616466B
:10BC20001D4643D1DCF820B0DFF8A8A00097D3452B
:10BC300008BFDCF838B003912B4632462046D8477F
:10BC400023680399D3F820B0009708F1FF323244FB
:10BC5000D34512B235D1D3F838A003912B462046F4
:10BC6000D04703992368DFF870A0D3F81CB0009781
:10BC7000D34508BFD3F834B003914346324620463B
:10BC8000D847226803996B1ED5690097554519441A
:10BC900008BF556B434609B232462046A847236881
:10BCA0009B6A4B4508D105B0BDE8F08F0391D047A2
:10BCB000D4F800C00399B5E7204605B0BDE8F04FC1
:10BCC000184703912B462046D8470399CAE700BF7F
:10BCD000B9B90500E1B90500CDB905002DE9F04F6E
:10BCE000D0F800C0DFF898A0DCF83CE083B0D6457F
:10BCF000BDF93080BDF8349030D1DFF888B01E46F1
:10BD0000DCF810305B4505460C46174632D1264418
:10BD1000B4421CDAB24608E00134DCF8346024B2E4
:10BD2000B0475445D5F800C011DADCF81C60134B5D
:10BD3000CDF800909E423A46434621462846EBD035
:10BD4000013424B2B0475445D5F800C0EDDBDCF82F
:10BD500028305B4509D103B0BDE8F08FF446CDE94A
:10BD60000C8903B0BDE8F04F6047284603B0BDE83A
:10BD7000F04F18479847D5F800C0C8E7CDB905007F
:10BD800071BB0500B9B905002DE9F04FD0F800C02E
:10BD9000234BDCF83C60B0F90C80B0F90E709E4289
:10BDA00083B00D462AD1DCF81030DFF878A0534577
:10BDB000044631D1B8F1000F19DD0026DFF868B074
:10BDC0003146DCF81C900095D94508BFDCF834906A
:10BDD0003B464FF0000220461EBF3B460022204655
:10BDE0000136C84731B28845D4F800C0E9DCDCF838
:10BDF000283053450BD103B0BDE8F08F0022CDE9C8
:10BE0000007143461146B04703B0BDE8F08F2046AD
:10BE100003B0BDE8F04F18479847D4F800C0C9E711
:10BE200071BB0500B9B90500CDB905002DE9F04F8A
:10BE300085B01D46BDF93860BDF83C90B31A002BA3
:10BE40008846A5EB0101B8BF5B420029B8BF494253
:10BE50008B4207467CDDAC464446AA464046354602
:10BE60009046664622468C46A8455EDDA0EB0A0059
:10BE7000A8EB050E80EAE07CCEF3C0344FF6FF7AE3
:10BE800004FA8EF4ACEBE07CB242C8BF4FF0010A7A
:10BE90001FFA8EF064100290CDF80CA08B42314B4B
:10BEA00001931FFA8CFA33DCD7F800C0019BDCF851
:10BEB00014B09B4508BFDCF80CB029464B4632460F
:10BEC0003846D847A4EB0A031CB20135002C2DB22A
:10BED0009BB205DA029A13441CB2039B1E4436B28D
:10BEE000A845E1DA05B0BDE8F08FDCF80CB0D84722
:10BEF000A4EB0A031CB20135002C2DB29BB205DA6B
:10BF0000029A13441CB2039B1E4436B2A845E9DBD7
:10BF1000D7F800C0019BDCF814B09B452A464B467D
:10BF200031463846E1D0D847E2E7A5EB0800C0F338
:10BF3000C03404FA80F4B24280B202904FEA640442
:10BF400028461646454607DA012203928046A5E7B1
:10BF50001046B2469C4687E74FF6FF720392804632
:10BF60009CE700BFBDB9050030B4094C094D018103
:10BF700042818181C2814FF0FF310022C0E9051466
:10BF80000560426030BC026102770262704700BF08
:10BF900001010001907007002DE9F04F87B0D0F843
:10BFA00000C0BDF940600593F31D48BF06F10E03C4
:10BFB000DB1017460393DCF810202C4BBDF94440EE
:10BFC000BDF848B09A428146884645D1002C3BDDF9
:10BFD0003C44002523B202950493002E2BDD059AE4
:10BFE00002990A440023019213F0070F08BF019A37
:10BFF0009CB24FEAE3034FEA45050CBFD55CEDB2B6
:10C0000004EB080115F0800F09B210D0DCF814A081
:10C01000174B9A4508BFDCF80CA05B463A464846E9
:10C020001EBF5B463A464846D047D9F800C00134A7
:10C0300023B29E42D8D1DDE9023213440137029384
:10C04000049B3FB29F42C8D1DCF82830074A934294
:10C0500006D107B0BDE8F08F9047D9F800C0B5E72A
:10C06000484607B0BDE8F04F184700BFB9B9050012
:10C07000BDB905002DE9F04F97B08346BDF880406B
:10C080000C94BDF884400394006A9DF888400494A1
:10C090009DF88C40069409919046002800F0F580A8
:10C0A000027AD0E900019B1ADBB201EBC30231F83E
:10C0B0003330059393780393D378119392F9053035
:10C0C0001593049B92F906400790012B40F2D5800E
:10C0D000BDF954300D9323B21293AC4BDBF800C082
:10C0E00008931A46DCF81030934240F0A481119B6B
:10C0F000002B00F0B4801FFA88F30022139323442E
:10C100000F92149392460E92039B002B00F09F8097
:10C110000E9B129A06991398DDF83C909A1802FB30
:10C1200001021499CB181BB20FFA82F810934B46F8
:10C130000025C146984608E0039B0135EDB24FEA61
:10C140004A0AAB425FFA8AFA7CD943465A1C5B071B
:10C150005FFA82F806D1059A0799531C9BB211F831
:10C1600002A005931AF0800FE6D0049B012B49D062
:10C170000D9BDCF81860864A0998BDF918705C19A7
:10C18000049B964204FB030424B21BB250D1DCF89A
:10C190003C60804A96424BD1DCF81030089A9342BA
:10C1A00066D1049B2344A34222DDCDE90A85DDF854
:10C1B00030801D4608E00134DCF8346024B2B0471A
:10C1C000A54211DDDBF800C0DCF81C60724BCDF835
:10C1D00000809E424A463B4621465846EBD00134F9
:10C1E00024B2B047A542EDDCDDE90A85DBF800C0EA
:10C1F000DCF82830089A93429ED058469847DBF8DE
:10C2000000C099E7069B012BB2D1159B099ADCF877
:10C2100014409918614B109A9C42294408BFDCF8DD
:10C220000C400C9B09B25846A047DBF800C083E7DE
:10C230000C9A2146CDE9007258464A46B047DBF8D1
:10C2400000C079E71A460F9B1344DBB20F930E9B95
:10C25000119A0133DBB29A420E933FF655AFDCF8E8
:10C260002830089A934240F0CB8017B0BDE8F08F99
:10C2700058469847DBF800C093E7069B012B3FF632
:10C2800027AF002312930D9327E7BBF90C208A42B6
:10C29000EBDDBBF90E204245E7DD0498062212FBD8
:10C2A0000012002AE1DD08EBC402002ADDDD9BF864
:10C2B0001C20002A00F0C480344ADBF800000892F9
:10C2C000114602698A4240F0C080BDF824403449DA
:10C2D000CDF81C8003EB8303CB18621D0D93CDE9D1
:10C2E0000A4493B20E93DDF83080BDF81030069FFB
:10C2F0000F931094034658460D9ABDF928B012F8D2
:10C30000016B0D923AB2BDF910A0099208240025E4
:10C310001AE0049A012A22D0CDF80480099A0092EA
:10C32000079AD3F81890059005FB0722534612B2DE
:10C330005946C84705980368013C013514F0FF04CD
:10C340006DB24FEA56062DD0F207E2D4039A90451B
:10C35000F2D0049A012A58D0039A0192DEE7012F05
:10C36000DAD1079AD3F814900590AA180FFA82FC34
:10C370000A4ABDF92C10914508BFD3F80C906246CB
:10C380004346C84705980368D6E700BFB9B905001A
:10C39000DDBC050071BB0500CDB90500BDB90500C8
:10C3A000886B07000B9A0F9C013291B20A9A0B918D
:10C3B000224492B20A920E9A8A429DD1039ADDF8E3
:10C3C0001C80834618460C9B934214D0049B012B7F
:10C3D00042D0069A0F9B1099D200009203EB830380
:10C3E000039A019219448469049B584609B2424653
:10C3F000A047DBF80000836A089A93423FF435AF08
:10C40000584617B0BDE8F04F1847012FA4D1079A3E
:10C41000D3F814900590AA180FFA82FC174ABDF9B8
:10C420002C10914508BFD3F80C90039B6246C84777
:10C430000598036880E758469847DBF800C056E641
:10C44000AF2B84BF0133DBB236E7059358469047E4
:10C45000DBF80000059B38E7069B012BB9D1C469C6
:10C46000074B00929C4208BF446BBDF938105846F8
:10C4700042460823A047DBF80000BCE7BDB9050031
:10C48000CDB905002DE9F041036A84B08046002B48
:10C490003ED00A2930D00D2936D01A7A914233D3B2
:10C4A0009C7A8C4230D35C688A1AD2B204EBC20404
:10C4B000A278BAB1E578ADB1C57E002D6ED1077E08
:10C4C000437EB0F91050B0F91220B8F8160003936B
:10C4D000B8F814600297CDE900600B464046294643
:10C4E000FFF7C8FD2179B8F8102098F8183001FB43
:10C4F0000323A8F8103007E0002202821B7B428A47
:10C50000417E01FB03234382012004B0BDE8F0819A
:10C510000A2924D00D29F7D0C27EB0F9104042BBC1
:10C52000B0F91220057E467EB8F816700396B8F86A
:10C53000146002950B464046CDE900672146FFF79F
:10C5400099FD98F81830B8F8102003EB430302EB7C
:10C5500043030120A8F8103004B0BDE8F081428AFE
:10C56000417E038202EBC1034382012004B0BDE897
:10C57000F081057EB0F90C60062212FB0542B24242
:10C5800008DD428A467E038202EBC60212B21C46D6
:10C590004282C9E7B0F91220467EC5E794F90560EA
:10C5A000B0F91050077EB0F90CC0324407FB0252BC
:10C5B000624503DC437EB0F9122086E70025058240
:10C5C0001A7B468A437E02FB036212B242827CE7F8
:10C5D000012938BF01210176417670472DE9F04FDE
:10C5E00087B00024109D2A80119D2B80139D2C80E4
:10C5F000129D2C8011F8015B002D79D047F6FF7653
:10C600004FF0FF3A046A0196D146B346002C72D02F
:10C610000A2D00F09F800D2D51D094F808E0AE4512
:10C620004DD8A77AAF424AD3A5EB0E0E6568C77EF8
:10C630005FFA8EFE05EBCE0E9EF8036002969EF822
:10C64000046003969EF906609EF802509EF905C0AC
:10C650000496002F40F0A6809EB290F8188090F8C3
:10C6600019E0059692B2029E05FB08F516FB0EF73F
:10C67000049E013D02953546059E05FB0E6E029D0A
:10C68000039E0CFB082C15FA8CF5013F2DB217FA0E
:10C690008EF7A9453FB20FFA8CFCB8BFA946019DA1
:10C6A000BA450FFA8EFEB8BFBA46E345A8BFE346C7
:10C6B000754506FB0822A8BF7546019512B211F810
:10C6C000015B002DA2D1D945019E08DB109A09F12A
:10C6D0000103A2F800B0129AA3EB0B031380B2453A
:10C6E00006DB119A0AF101031680139A9B1B138033
:10C6F00007B0BDE8F08F0A2D38D00D2DDFD0C57EF4
:10C70000077E002D3DD10626457E16FB072E1FFA1B
:10C7100082FC08260EF1FF3E16FB0535013DCE4595
:10C72000C8BF0FFA8EF95545C8BF0FFA85FA934571
:10C73000A8BF9346019A11F8015B9A4207EB47079D
:10C74000A8BF1A460CEB470701923AB2002D7FF4BE
:10C750005DAFB8E7457E227B05FB023311F8015B34
:10C760001BB20022002D7FF451AFACE7427E11F8DE
:10C77000015B03EBC2031BB22246002D7FF446AFE0
:10C78000A1E707EB470EB0F90CC002EB4E0565457B
:10C790004FEA4E0E1ADD457E03EBC5031BB2A446DD
:10C7A0002246B6E790F81880B0F90CE00CEB0507CC
:10C7B00008FB072777450EDD227B90F819E002FB86
:10C7C0000E339AB205921BB200224CE7AE461FFA16
:10C7D00082FC457E9DE79EB290F819E0059692B2E4
:10C7E00041E700BF002931DBF0B4B0F90C408C42C6
:10C7F0002ADD002A28DBB0F90E40944224DD847E35
:10C80000022C5BD0032C53D0012C60D0B0F93870CF
:10C81000B0F93A60B0F93C50B0F93E408F42A8BF41
:10C820000F469642A8BF16468D42B8BF0D46858773
:10C8300090F84C5007879442B8BF1446012D4687A4
:10C84000C4871AD0042D02D0F0BC70477047048909
:10C85000456B14FB02F201EBD17002EBD27240F394
:10C860004F0000EB620211F0010FA95C35D101F01D
:10C870000F0141EA0313AB54E6E7012B48D0022B2A
:10C8800032D0002BE0D1002A0589476B1446B8BF8F
:10C89000D41DE41014FB051402F0070C3D5D0126C5
:10C8A00006FA0CF625EA06053D5590F84C50C9E706
:10C8B0004489013C641A114622B2A7E705894489DC
:10C8C000013D013C691AA21A09B212B29EE704891D
:10C8D000013CA41A0A4621B298E703F00F0321F0A5
:10C8E0000F010B43AB54AFE7002A0589466B144692
:10C8F000B8BFD41DE41014FB051402F0070C375D1B
:10C90000012505FA0CF57D40355590F84C5099E716
:10C91000002A0589466B1446B8BFD41DE41014FBE9
:10C92000051402F0070C375D012505FA0CF53D43AF
:10C93000355590F84C5085E770B5002984B0856A6C
:10C9400014BFA726A6268DF80B6075B10024CDE98B
:10C95000004428460123022203A98DF80D608DF8BA
:10C960000C4000F047F904B070BD04462946006C45
:10C970000AF0ECFF0095606A2B4601220DF10B01D5
:10C9800000F0B6F904B070BD2DE9F0410446DDE9D0
:10C990000876154688461AB229B2BDF91C50FFF731
:10C9A000E3FA0698094984F84C8000234FF0FF32DF
:10C9B0002065C4E90933C4E91022E7622663A5644F
:10C9C000216063632046BDE8F08100BFE47007008A
:10C9D00038B50446406B0A4B236018B107F096FC4B
:10C9E00000236363656A2DB1284600F037F92846B5
:10C9F00009F09CFFA06A08B109F098FF204638BDF5
:10CA0000E470070030B5856A87B08DF80F107DB1EE
:10CA10000023CDE90033CCB28DF814302846012331
:10CA2000022205A98DF8154000F0E4F807B030BDEA
:10CA300004462946006C0AF089FF0095606A2B467F
:10CA400001220DF10F0100F053F907B030BD00BF16
:10CA5000F0B5856A85B065B101230DF10F04CDE90C
:10CA60000043284600248DF80F4000F0C3F805B0BD
:10CA7000F0BD04460E46006C294617460AF066FFD4
:10CA80000095606A2B463A46314600F031F905B010
:10CA9000F0BD00BF436B70B504460E461546002B33
:10CAA0004ED0D5B1A06C002817DB01210AF0CAFED8
:10CAB0000121A06C0AF04AFF0A2007F0F1FB0021D7
:10CAC000A06C0AF043FF0A2007F0EAFBA06C0121EA
:10CAD0000AF03CFF0A2007F0E3FB236D4BB3102064
:10CAE00009F020FF31460546226D00F063F8A5628B
:10CAF0002846012100F068F800B3B4F90A10238930
:10CB000094F84C20606B12FB03F2CB1D48BF01F17F
:10CB10000E03DB1003FB02F2002112F07FFB2289DF
:10CB20006389013A013B0021A287E387A1630120C9
:10CB300070BD606A10B100F099F8B8B9002070BDFE
:10CB40002389B4F90A2090F84C0010FB03F0D31DA0
:10CB500048BF02F10E03DB1003FB00F007F0BCFB43
:10CB600060630028EAD0002D9CD1B6E7206C01213B
:10CB70000AF068FEC1E700BF10B5B0F90A100389DA
:10CB800090F84C2012FB03F2CB1D48BF01F10E03BD
:10CB90000446DB1003FB02F20021406B12F03EFB67
:10CBA00022896389013A013B0021A287E387A163BF
:10CBB00010BD00BF30B4002520240572C460017090
:10CBC00030BC4260704700BF38B5044640680D462F
:10CBD000EBF704FD0120207205B938BD21786068AB
:10CBE000EBF7C2FD6068EBF729FEB0FA80F0400970
:10CBF00038BD00BF2DE9F041079F0446C0681546C7
:10CC00003A44824202D90020BDE8F0810E466068B5
:10CC100021789846EBF7A8FD4FB1069B3BB16068C1
:10CC2000194603683A465B689847B842EBD160689A
:10CC3000036831465B682A4698478542E3D16068BD
:10CC40004146EBF79DFDB0FA80F04009BDE8F08168
:10CC500008B54068EBF71EFD012008BD10B504467D
:10CC6000406808B109F062FE204610BD38B50446A0
:10CC700090F90E00411C07D001210AF0E3FD94F960
:10CC80000E0001210AF062FE256835B12846E1F761
:10CC90001DFB012084F8340038BD012194F90F00F8
:10CCA0000AF0D0FD637B94F90F00012B94BF294655
:10CCB00001210AF04BFE94F91000421C0AD194F9AC
:10CCC0001100431CE5D000210AF0BCFD012084F8CE
:10CCD000340038BD01210AF0B5FD94F9100001219E
:10CCE0000AF034FE94F91100431CD2D0EBE700BFE8
:10CCF0002DE9F04F044687B00068109DCDE9022170
:10CD0000994620B1636893E80600E1F72BFB94F99C
:10CD10000E00461C40F09581002D5CD009EB050B00
:10CD20009B4F0BF1FF33019309F1FF3947F00107E6
:10CD3000206819F8018F8DF81780002840F0758160
:10CD4000237B944EA268B6FBF2F6002B0CBF0125A4
:10CD5000802518EA050FF6B20CBF4FF0010A4FF01C
:10CD6000000A4FEA861B0EB15846B847637B13F0A2
:10CD7000FD0F00F01181032B00F0EA80A269E36A45
:10CD800011680B43136016B15846B847A26994F96D
:10CD90001030013309D06069636A016818EA050F31
:10CDA00014BF0B4321EA030303601168E36A21EA1D
:10CDB0000303136094F9113001331CBFE3691B684E
:10CDC000237B002B40F013816D0015F0FF05CAD1C5
:10CDD000019B9945ACD1029B002B58D01A46924634
:10CDE000039A6B4B92440AF1FF31019102F1FF3B30
:10CDF00043F0010820681BF8017F8DF817700028A8
:10CE000040F01981237B634EA268B6FBF2F6002B3B
:10CE10000CBF012580252F42F6B20CBF4FF001094F
:10CE20004FF000094FEA861A0EB15046C047637BA7
:10CE300013F0FD0F62D0032B40D0A269E36A1168A2
:10CE40000B43136016B15046C047A26994F91030E5
:10CE5000013308D06069636A01682F4214BF0B4335
:10CE600021EA030303601168E36A21EA0303136004
:10CE700094F9113001331CBFE3691B68237BABB904
:10CE80006D0015F0FF05CFD1019B9B45B2D194F900
:10CE90000E00451C02D001210AF058FD206808B19F
:10CEA000E1F7C2FA012007B0BDE8F08F6B10DDB2E8
:10CEB000002BB9D1019B9B459CD1E8E794F9103038
:10CEC000013308D06169636A0A682F4214BF1343B3
:10CED00022EA03030B60A269E36A116821EA0303F3
:10CEE0001360002E00F097805046C047A169E36AA6
:10CEF0000A6813430B605046C047B9E794F91030F5
:10CF00005A1C10D017EA050014BF012300234B451B
:10CF100009D06169636A0A68002800F081801343C0
:10CF20000B604FF00109A269E36A11680B431360BB
:10CF300016B15046C047A26994F9113001331CBFA5
:10CF4000E3691B681168E36A21EA0303136095E74C
:10CF500094F91030013309D06169636A0A6818EAEC
:10CF6000050F14BF134322EA03030B60A269E36AAF
:10CF7000116821EA03031360002E47D05846B847D2
:10CF8000A169E36A0A6813430B605846B84711E782
:10CF90004071070020A1070094F91030591C0ED0F1
:10CFA00018EA050014BF01230023534507D0616927
:10CFB000636A0A6828B313430B604FF0010AA26941
:10CFC000E36A11680B43136016B15846B847A2696B
:10CFD00094F9113001331CBFE3691B681168E36ADF
:10CFE00021EA03031360237B002B3FF4EDAE6B10AB
:10CFF000DDB2002B7FF4B7AE019B99457FF498AE6C
:10D00000E9E622EA030382460B60D8E71168E36A87
:10D010000B431360CEE61168E36A0B43136027E706
:10D0200022EA030381460B607DE701220DF117011F
:10D03000E1F71EFACCE601220DF11701E1F718FA2B
:10D0400022E700210AF082FC66E600BF10B5034B20
:10D050000360044600F03AF9204610BD3073070023
:10D0600010B5054B0360044600F030F9204609F086
:10D070005DFC204610BD00BF3073070030B585B0A1
:10D08000BDF92050099C00950A9D01940295044623
:10D0900000F000F9024B2360204605B030BD00BF10
:10D0A0003073070030B5044685B0FFF7F3FCB4F9E0
:10D0B0000A20B4F90810144B02200125203A7339D4
:10D0C00084F854004FF0200C029502EBD2727325C5
:10D0D00001EBD171CDE9005C42F34F0241F34F0106
:10D0E0002046FEF759FF094920461922FFF7B0FCF8
:10D0F000054630B1642007F0D3F82046AF21FFF792
:10D1000081FC284605B030BD4871070088730700D0
:10D110002DE9F04F06468BB00AF0C2F8B6F90A3096
:10D12000B6F90840B6F93AB096F8381040228DF8B2
:10D130002320DA1D48BF03F10E02E3B20493BBF1D2
:10D14000000F049DB6F93C30B8BF0BF1070BC2F3DA
:10D15000C702A942CBF3C70B084623EAE37328BFF3
:10D1600028465A45DBB2059040F28B801B1A691C99
:10D1700053FA81F3503AABF15008D2B207930BFB4C
:10D18000050306925FFA88F803932EE0059A306C47
:10D190008DF8248013441A11103203F00F0339461E
:10D1A0008DF825208DF826300AF0D0FB00973B46FD
:10D1B000032209A9706AFFF79BFD306C01210AF078
:10D1C000C5FB0097706A3B4622462946FFF790FD53
:10D1D000DDE90332134408F101080393069B5FFA6B
:10D1E00088F898454DD0B6F90840079B756BB76A2B
:10D1F0001C1B039BE4B21D4496F85430002FC5D08D
:10D200004FF00002F8688DF82420059AF16A8DF835
:10D21000258013441A11103203F00F0300F1FF3C74
:10D2200038468DF826208DF827301FFA8CF7FFF747
:10D230000FFD0023CDE900330422B06A012309A9C0
:10D24000FFF7D8FCC4B1FFB20DF1230A4FF001097A
:10D25000BC42CDE900A9A34628BFBB46A4EB0B0402
:10D260002946B06A5A460123E4B2FFF7C3FC5D4485
:10D270000AF016F8002CEBD1316BB06AFFF7E8FC2E
:10D28000A6E74FF004224FF0FF33C6E90E230BB0A0
:10D29000BDE8F08F30B585B014460A9DBDF9202059
:10D2A0000093099B019202930A46234603950121AC
:10D2B0000446FFF769FB044B23602046002384F8F3
:10D2C000543005B030BD00BFAC73070010B5034B40
:10D2D00003600446FFF77CFB204610BDAC730700DB
:10D2E000704700BF10B5044609F020FB204610BD72
:10D2F00038B50A4B04460D46442240F80C3B002149
:10D3000011F08CFF0023A560237104F1540101206A
:10D3100007F088FA2065204638BD00BF0C7407006E
:10D3200070B504460E46006D4FF0FF3107F0BAFCB1
:10D33000257955B98EB1A660314604F10C0005F08F
:10D34000BBFBB0FA80F56D0925710023206D1A46EC
:10D35000194607F0B7F8284670BDA668002EF4D02D
:10D36000EAE700BF70B505464FF0FF31006D07F0EA
:10D3700099FC2B7993B1002305F10C062B713046F3
:10D3800005F0AEFC044680B10023286D1A4619460C
:10D3900007F098F8B4FA84F0400970BDA96805F167
:10D3A0000C0004F029FF0446EEE7A968304604F0BB
:10D3B00023FF04460028E7D1A968304605F07CFB2E
:10D3C00004460028E0D101232B71DDE730B5044687
:10D3D00095B00D46006D4FF0FF3107F063FC294614
:10D3E00001AA04F10C0004F0DBFC002302461946FC
:10D3F000206D14461A4607F065F8B4FA84F0400927
:10D4000015B030BD2DE9F04F83B00B7800AF2F2B56
:10D4100078600CBF4C1C0C4606460D46006D4FF064
:10D42000FF3107F03FFC06F10C084FF0000917E050
:10D43000ADEB030D68468B4500F8019BEA4601DD24
:10D4400011F0ECFE29465A46504611F0BFFE5146F7
:10D45000404603F00BFD08B1113028D10134B54628
:10D4600020462F2112F093FEA0EB050B0BF10803D1
:10D470006E460021044623F007035A460028D7D100
:10D480002946404603F0F2FC60B901247A68002383
:10D49000106D19461A4607F015F820460C37BD46A0
:10D4A000BDE8F08F113014BF00240124EEE7002402
:10D4B000B546EBE738B504460D46006D4FF0FF3139
:10D4C00007F0F0FB294604F10C0004F0C1FC002336
:10D4D00002461946206D14461A4606F0F3FFB4FAC8
:10D4E00084F0400938BD00BF036970B504460D469D
:10D4F000186D4FF0FF31164607F0D4FB237D4BB17A
:10D50000002522690023106D19461A4606F0DAFF3D
:10D51000284670BD2069A1692A4633460C3003F0C5
:10D52000F3FF20EAE075ECE770B50369044682B0CA
:10D53000186D4FF0FF3107F0B5FB267D4EBB20691B
:10D54000A1690C3004F01EFC05462069A1698DF824
:10D55000076001230DF107020C3004F05FFB002887
:10D560002069A169C8BF9DF807602A4600F10C0038
:10D570004FF00003D8BF4FF0FF3604F0D3FB226911
:10D580000023106D19461A4606F09CFF304602B083
:10D5900070BD4FF0FF36F2E738B5036904464FF02F
:10D5A000FF31186D07F07EFB237D4BB1002522690A
:10D5B0000023106D19461A4606F084FF284638BD30
:10D5C0002069A1690C3004F0DFFB05462069A169E0
:10D5D0000C3004F0D7FB2D1AE9E700BF036910B542
:10D5E00004464FF0FF31186D07F05CFB237D43B11B
:10D5F00022690023106DBDE810401A46194606F056
:10D6000061BF2069A1690C3004F0E4F9F0E700BFC4
:10D6100030B50369044683B0186D4FF0FF3107F051
:10D6200041FB257D55B122690023106D19461A462C
:10D6300006F048FF4FF0FF3003B030BD2069A1690C
:10D640000DF1070201230C3004F0E8FA23692A46A1
:10D6500004462946186D2B4606F034FF002CCCBF3B
:10D660009DF807004FF0FF3003B030BD30B50368C0
:10D67000164A5B6883B093428DF807101ED1036988
:10D6800004464FF0FF31186D07F00CFB237D53B1BA
:10D69000002522690023106D19461A4606F012FF74
:10D6A000284603B030BD2069A1690C3001230DF17B
:10D6B000070203F029FF20EAE075EAE701220DF1F5
:10D6C000070198470546284603B030BDE9D4050058
:10D6D00030B4074C016100224FF47A75C0E9004272
:10D6E0008560C0E9062230BC027580F820207047B2
:10D6F0001C740700F0B5836997B004460D461646C2
:10D7000093B1077D006919460C30002F45D003F016
:10D71000ADFDA06906F0FAFDE0690023A36108B140
:10D7200006F0F4FD0023E361206903AA0C302946CA
:10D7300004F036FB98B99DF80C30112B34D02C2016
:10D7400006F0CAFD0146A06130B120692A460C30BE
:10D7500003F064FD002839D0002017B0F0BD02307E
:10D76000FAD1012EF8D1382006F0B6FD0146A061AD
:10D770000028F1D0206940F203130C302A4603F050
:10D7800011FE06460028E7D12069A1690C3002236A
:10D79000324604F0C7FA267509E004F09DF9A06945
:10D7A00006F0B4FDA761BFE7EEB1012E3AD02F21FC
:10D7B000284612F049FD203400B1451C2946204678
:10D7C000402212F02EFD012017B0F0BD0123237579
:10D7D000284612F00CFD013006F07EFD2946E0617E
:10D7E00012F0ECFCE3E701233820019306F074FD0E
:10D7F000019BA06101460028AED020692A460C306A
:10D8000003F0D0FD0028A7D1012E02D000232375FC
:10D81000CDE72369A169024603F10C00022304F05D
:10D8200081FAF3E740F20313DEE700BF30B5036986
:10D8300083B004460D46186D01924FF0FF3107F09A
:10D8400031FA019A29462046FFF754FF2169002347
:10D8500002461446086D1A46194606F033FE204665
:10D8600003B030BD70B504460025C4E90655104824
:10D87000236182B0206084F820504FF47A700E4605
:10D88000A0604FF0FF31186D65602575019207F0BB
:10D8900009FA019A31462046FFF72CFF22692B46F0
:10D8A000106D29462A4606F00DFE204602B070BDD6
:10D8B0001C740700036970B504460D46186D4FF0DF
:10D8C000FF31164607F0EEF9237D4BB100252269A2
:10D8D0000023106D19461A4606F0F4FD284670BD67
:10D8E0002069A1692A4633460C3004F097F90546B1
:10D8F000EDE700BF38B5036904460D46186D4FF0DB
:10D90000FF3107F0CFF9237D4BB1002522690023B9
:10D91000106D19461A4606F0D5FD284638BD206917
:10D92000A1692A460C3004F0FDF9C543ED0FEDE77F
:10D9300038B5036904464FF0FF31186D07F0B2F9AE
:10D94000237D4BB1002522690023106D19461A462C
:10D9500006F0B8FD284638BD2069A1690C3004F0F6
:10D9600011FA0546EFE700BF38B5036904464FF0EA
:10D97000FF31186D07F096F9237D4BB10025226920
:10D980000023106D19461A4606F09CFD284638BD46
:10D990002069A1690C3004F0F7F90546EFE700BFF4
:10D9A000036970B504464FF0FF31186D07F07AF93E
:10D9B000A16981B12069257D0C30ADB103F056FC21
:10D9C000A06906F0A3FCE0690023A36108B106F09A
:10D9D0009DFC0023E36122690023106DBDE87040C7
:10D9E0001A46194606F06EBD04F076F8A06906F0F6
:10D9F0008DFCA561EFE700BF8069003818BF0120EA
:10DA0000704700BF2DE9F04F95B00B6906460C46F4
:10DA1000186D4FF0FF3100AF904607F043F9002337
:10DA20002069337586F82030227D2B4930614FF410
:10DA30007A70C6E90013C6E90633B060DAB342F67D
:10DA40002E652069A1690C303A1D03F023FC0128E2
:10DA500031D1BB892E2BF4D0AB4238D0D4F81C90F6
:10DA6000484612F0C4FB054607F10C0012F0BFFB5C
:10DA70002B18093323F00703EA46ADEB030D684684
:10DA80006A1C494611F0A2FB99F800302F2BEB4697
:10DA900002D199F801301BB1104B1B882BF80530CF
:10DAA00007F10C01584612F063FB424659463046D6
:10DAB000FFF720FED54622690023106D19461A464D
:10DAC00006F000FD30465437BD46BDE8F08FBB7B05
:10DAD000002BB6D0C2E700BF1C740700683A0700ED
:10DAE0002DE9F04F85B0DDE90E4B109F81460D46C4
:10DAF00090461E46002F63D0B8F1000F03D0D8F82F
:10DB00000030B34249D0D9F800002B689E422BD098
:10DB10004369B4FBF3F203FB1242BAB9BB4215D816
:10DB2000B7FBF3F203FB127AA7EB0A03009303930C
:10DB3000436822461F4631465B46B84788B9039B77
:10DB400057469B441C44002FD6D139E00093A21ABB
:10DB5000C5E90062D0F804A0AB683146D047002880
:10DB6000CAD005B0BDE8F08F69684369A142D0D83A
:10DB7000CA18A242CDD9A2EB040ABA45AB6828BFA5
:10DB8000BA46611A524658461944BF1A544411F015
:10DB90001DFBD344002FAFD112E0D8F80430A342CC
:10DBA000B1D8D9F8000082691A44A242ADD9A2EBDB
:10DBB000040ABA45D8F8081028BFBA46E31AE1E7C4
:10DBC000002005B0BDE8F08F2DE9F04F074687B083
:10DBD0000D4672B30368D1F800B090469A69D1E956
:10DBE00001104AB3013A01F101098618A9EB0009B5
:10DBF000441E4FF0010A08E014F8012F9DF8173079
:10DC00009A4223D1A6423B6814D01A6A934509EB85
:10DC1000040320D20DF11702CDE90032CDF808A09F
:10DC20005B46002241463846FFF75AFF0028E3D002
:10DC300009DB3B68A8689A69FF2111F0EFFA4FF001
:10DC4000FF332B60002007B0BDE8F08F6FF033008A
:10DC500007B0BDE8F08F034B034A0448122111F0CE
:10DC6000BDF900BF387407005476070058740700E8
:10DC70002DE9F04F87B0DDF840A00592002B64D06D
:10DC8000D0F800908B46D9F81C105C1EA1F1080852
:10DC90004445074651D3B4FBF8F0013810F0F0FFCB
:10DCA000D04500F10200A4EB8003B3FBF8F560D887
:10DCB000BAFBF8F0013810F0E3FF861CAAEB8606E9
:10DCC000B6FBF8F6304610F0DBFFAAEB800006FB4F
:10DCD000180AB54243D9D9F82020059B4FF0040912
:10DCE0000DF114080BE0012B45D93A68126A9342F2
:10DCF00041D8012101FA04F42D1BB54230D9AC1BE7
:10DD0000B4FA84F495FAA5F1C4F11F04B1FA81F1D3
:10DD10008C4228BF0C4693424FEA840132D20091D4
:10DD2000CDE90189002259463846FFF7D9FE059B07
:10DD30000028D8D007B0BDE8F08FD04588BF134683
:10DD4000BAFBF8F00CD80025B4E711994FF0FF3278
:10DD50000A60129A1846136007B0BDE8F08F059B61
:10DD6000119A1360129B0020C3F800A007B0BDE811
:10DD7000F08F0026ADE7064B064A07484FF48F6147
:10DD800011F02CF9054B064A0348122111F026F92F
:10DD9000C8740700747607005874070038740700C9
:10DDA000547607002DE9F04F89B00746149C129D68
:10DDB0008B4692461E46002C55D0DBF80030B3420D
:10DDC0005CD0013340F0A18038688269B5FBF2F382
:10DDD00002FB1353002B4AD1A24248D8B4FBF2F302
:10DDE00002FB13430593E31A009304938468139B87
:10DDF0002A463146A04700287ED1BAF1000F29D02B
:10DE0000049B3BB3139B5C1E049B04EB0309139B15
:10DE100005F10108A8EB030807E014F8012F9DF8AD
:10DE20001F309A4266D14C4514D03B681A6A96421C
:10DE300008EB040363D2012202920DF11F02CDE927
:10DE400000325146334600223846FFF749FE00288B
:10DE5000E3D051DB139A049B059C1146194413919E
:10DE60001D44002CA9D1002009B0BDE8F08FEB1AA9
:10DE7000CBE90063DBF80030B342A2D1DBF8041039
:10DE8000A9429ED83A6892690A44AA4299D9A2EB5B
:10DE90000508A045DBF8080028BFA046691A084419
:10DEA0004246139911F092F93868139982694544F2
:10DEB0004144B5FBF2F302FB1353A4EB08041391A6
:10DEC000002B7FF478AFDBF800104B1C3FF473AFEE
:10DED0000092DBE90123D0F80880C04760B95246C0
:10DEE00059463846FFF770FE00283FF464AF09B08A
:10DEF000BDE8F08F6FF0330009B0BDE8F08F064B3E
:10DF0000064A0748122111F069F8064B064A0448F0
:10DF1000B72111F063F800BF38740700547607008A
:10DF200058740700F4740700647607002DE9F04F79
:10DF30000446D2E9003091B04FF0010B0A93002360
:10DF40000B90069104F114080DF12809059323683C
:10DF500059F8045B1B6A9D427BD210230DF1300AF5
:10DF60000022CDE901A300922B4641462046FFF74F
:10DF7000B7FD002839D1059B002B60D10D9B23F004
:10DF80000043132B4FD92268D26993424BD84FF0EC
:10DF9000FF3309A810225146099304F0BFFE0D9BE0
:10DFA00023F00043102B28D0CDF81C9010260DF143
:10DFB0002307994607E001360122394609A804F0F3
:10DFC000ADFEB14517D023681B6A9D4241D20123A3
:10DFD000CDE9017300962B46002241462046FFF70B
:10DFE0007FFD0028E7D0DDF81C9010F1340F1AD027
:10DFF00011B0BDE8F08FDDF81C90099B9BB99AE841
:10E000000F000BF0010610AF07EB860C069F1026E1
:10E01000FE603E467D601C365CF8185CBD6086E89C
:10E020000F0001230593BBF1020F0FD1059B002BBD
:10E0300014BF00206FF0330011B0BDE8F08F069AD6
:10E040000C9BD2699B1A002B98DAECE74FF0020B7D
:10E050007DE7034B034A0448122110F0BFFF00BFC5
:10E06000387407005476070058740700436801337A
:10E0700037D02DE9F0438368013383B0044628D0BC
:10E0800015460E464FF000084FF001096A46294632
:10E09000CDE90089FFF74AFFE0B905F124086B6A72
:10E0A000591C16D0AF6A7A1C13D0D6F800C09C4514
:10E0B00013D0D6F804E0BE450FD07345424629463A
:10E0C00020460AD0BC4508D0FFF730FF0028E6D034
:10E0D00000E0002003B0BDE8F083012003B0BDE8FC
:10E0E000F0830020704700BF2DE9F041D1F820C037
:10E0F0000C46C9682CF00043043B01F10C069E421B
:10E1000084B0054617461FD904F12408102612E0F2
:10E11000424621462846FFF709FF90B9D4F820C0AF
:10E12000A169E6602CF00043043B14311B2BA16174
:10E130004FF0100108D8BCF1000FE9DB39606FF037
:10E14000010004B0BDE8F0812A46636852F8140B60
:10E15000066AB34207F104001AD20C26CDE900107A
:10E160000296114628460022FFF7BAFC0028E8D1A3
:10E170007B79BA79FD79A16904331344E2683A6086
:10E180002B441A440B44E260A36104B0BDE8F08163
:10E19000024B034A0348122110F020FF3874070095
:10E1A0005476070058740700F0B593B000260D466A
:10E1B000012707A96A46CDE900670446FFF7B6FEC6
:10E1C000064610B121E0831C22D1109B01331CD0E4
:10E1D000119B013319D010AA07A92046FFF7A6FE0C
:10E1E000B0B903AA07A92046FFF77EFF0028EAD1AD
:10E1F0009DF91030002B4FF00802294605A8F0DBEE
:10E2000010F0D6FF0028ECD10126304613B0F0BD47
:10E210000646304613B0F0BD2DE9F04716460024FF
:10E220000122C6E90942824688461D4606F12409B4
:10E230004A4631465046FFF779FE074668B92A46F6
:10E2400031465046FFF750FF50B1831C1FD1736A0F
:10E25000013302D0B36A0133EAD13846BDE8F08712
:10E260002C7904F07004202CE9D1AB68D8F8002098
:10E27000934208D0E868D8F80410884203D08B4253
:10E2800001D08242DBD101273846BDE8F08707463E
:10E29000E3E700BF2DE9F04F2DED028B8DB09046E6
:10E2A0001C46099340F622032268C8F804300892FD
:10E2B000D0E90123724EC8F8082082468946C8F882
:10E2C0000C3000F1140B089D3146284611F0D0FFA8
:10E2D0002B460344044631461846059311F076FF59
:10E2E0000128049000F0B080022804D1059B1B781F
:10E2F0002E2B00F0B280DDE90423134408931F465F
:10E3000001243146384611F0B3FF07443846314600
:10E3100011F05CFF78B1022802D001340744F0E725
:10E320003B782E2BF9D17B782E2BF6D1013CF5D101
:10E33000BB1C0893C7E7059C207800285FD0099B89
:10E340001C6098F80430222B40F08D8008F10803FF
:10E350001A464946504608EE103AFFF7E7FD0028F6
:10E360004DD1049B013B2344079342464946504606
:10E37000FFF7BAFE002842D198F8042002F07F038C
:10E38000112B01D0222BF0D198F8073004998B4241
:10E39000EBD1D8F8003098F8051098F80650D9F865
:10E3A000047004330B441D44049BA3B3059BCDF8B8
:10E3B00018800135DDF81C80ED1A5C1E07E014F8AA
:10E3C000012F9DF82F309A421ED144451FD0DAF814
:10E3D00000301A6A974205EB040347D201220292E9
:10E3E0000DF12F02CDE9003259463B46002250463E
:10E3F000FFF776FB0028E2D0DDF8188009DA0DB0CF
:10E40000BDEC028BBDE8F08FDDF81880ADE7DDF8DC
:10E41000188098F8042013067FF555AFDAF8043019
:10E4200001330CD0DAF80830013308D018EE101A96
:10E430005046FFF7B9FE00281ED198F8042002F0DC
:10E440007F0288F804203EE72B5D2E2B7FF453AF2C
:10E45000DDE904231344089335E7059B5B782E2BF5
:10E460007FF449AFF4E76FF01300C8E7054B064AA5
:10E470000648122110F0B2FDC1DB6FF00100BEE7CB
:10E48000683A07003874070054760700587407008C
:10E490002DE9F04F8B469DB00BF1040304930BF173
:10E4A0000C03CDE9053B016B04464FF00108002544
:10E4B000D4E90D3010E05A09E66B01385F1CA06307
:10E4C000676356F822C003F01F0208FA02F212EA4C
:10E4D0000C0F00F027813B469942ECD1002800F058
:10E4E000F2812268E36AD2E908621944904228BFA7
:10E4F0001046B1FBF6F306FB13112063E162E06BFB
:10E500006563D208002110F089FE6368013300F0D2
:10E510005781A368013300F05381002201230025B5
:10E52000CDE9082304F1140701222E46D4F800C0D7
:10E53000E16ADCF82030206B591A0E44B6FBF3F583
:10E5400003FB1565854210D26909E26B05F01F05D2
:10E5500052F8213008FA05F51D4342F82150DCF845
:10E560002030E16A099A206B591A0A44B2FBF3F190
:10E5700003FB112383420AD25809E16B03F01F0306
:10E5800051F8202008FA03F3134341F8203008AA79
:10E5900011A92046FFF7CAFC002840F00E810C2587
:10E5A000149A24E02068129B006A834280F01A8249
:10E5B0000EA9CDE900210295002239462046FFF739
:10E5C0008FFA002840F0F9809DF839209DF83A3004
:10E5D0009DF83B60149904321A449DF83830324457
:10E5E00003F070030A44102B149200F0EB80199B87
:10E5F00023F00043043B02F10C009842D2D9DDE93C
:10E600001A62701CCDE9086201D0511C8ED1D4F879
:10E610000C904D46B9F1000F00F0DE81EB69DA0392
:10E6200040F156816F69002F00F05281D4F800A0AC
:10E63000DAF81C60013F083EB742C0F0CF81B7FB5B
:10E64000F6F0013810F01CFB0230A7EB8002B2FBA1
:10E65000F6F6D4F830E0E16A2B69079505F12C0055
:10E660000546DAF82020704604F114098E4601466A
:10E670009818A0EB0E0EBEFBF2F002FB10E28A42ED
:10E680000AD25709E06B02F01F0250F8271008FA6F
:10E6900002F20A4340F82720002E00F01781DAF832
:10E6A000202006F00107C7F1020A93424FEA8A00D0
:10E6B00080F098810BA90022CDE901100092494613
:10E6C0002A462046FFF70CFA002876D10AF1FF3CD3
:10E6D000D4F800A013E0BBFBF2F302FB13B38B42B0
:10E6E0004FF0010014D24FEA531EE16B03F01F03F9
:10E6F00051F82E2000FA03F3134341F82E30D4F8DA
:10E700002CE0DAF820200B9B216BA2EB0E0B9B4434
:10E710006045E0DB1CAB03EB8C0C023F5CF8443C37
:10E720003E44A5E72068E26A016A1344B3FBF1F2B4
:10E7300001FB1233049A42F8043BD4E90C139942CA
:10E74000049207D10FE0A26B0133013A8B42C4E976
:10E750000D3208D05D0903F01F0256F8255008FA63
:10E7600002F22A42EFD1DDE9043293427FF49FAEF8
:10E77000DDF818B0006ADBF8043083420BF11C02AC
:10E7800004F1140180F02E8104250192002220461C
:10E7900002950092FFF7A4F9002840F08B80DBF887
:10E7A0001C304FF0FF32CBE9092214200133102135
:10E7B000CBE90730CBF80C1000201DB0BDE8F08F7E
:10E7C000216B75E6109B002B3FF411AFD4F800A02D
:10E7D000DAF81C6003F1FF3BA6F10809CB4570D3C2
:10E7E000BBFBF9F0013810F04BFA861CABEB860648
:10E7F000B6FBF9F60F9BE16ADAF82020D4F830E096
:10E800009818401AB0FBF2F102FB110272450BD2CC
:10E810004FEA521CE16B02F01F0251F82C0008FA7B
:10E8200002F2024341F82C20002E3FF4B9AEDAF890
:10E83000202006F00109C9F1020A93424FEA8A003A
:10E8400080F0D0800BA90022CDE90110009239465A
:10E850002046FFF745F90028AFD10AF1FF3CD4F874
:10E8600000A013E0BBFBF2F302FB13B373454FF0C0
:10E87000010014D24FEA531EE16B03F01F0351F85D
:10E880002E2000FA03F3134341F82E30E16ADAF840
:10E8900020200B9BD4F830E0A2EB010B9B44604599
:10E8A000E0DB1CAB03EB8C0CA9F102095CF8443CE7
:10E8B0004E44A5E710F1340F3FF471AF1DB0BDE831
:10E8C000F08F064696E76FF01B0076E7079DEB6931
:10E8D0009B037DD52F6A002F7AD0D4F800A0DAF8F8
:10E8E0001C60013F083EB7427AD3B7FBF6F001380F
:10E8F00010F0C6F90230A7EB8003B3FBF6F6D4F8AC
:10E9000030E0E16A6B6A079505F12C000546DAF8FC
:10E910002020704604F114098E4601469818A0EB99
:10E920000E0EBEFBF2F002FB10E28A420AD2570939
:10E93000E06B02F01F0250F8271008FA02F20A43B7
:10E9400040F82720002E42D0DAF8202006F00107F8
:10E95000C7F1020A93424FEA8A0043D20BA9002270
:10E96000CDE90110009249462A462046FFF7B8F843
:10E9700000287FF422AF0AF1FF3CD4F800A013E096
:10E98000BBFBF2F302FB13B38B424FF0010014D236
:10E990004FEA531EE16B03F01F0351F82E2000FADB
:10E9A00003F3134341F82E30D4F82CE0DAF820209A
:10E9B0000B9B216BA2EB0E0B9B446045E0DB1CAB79
:10E9C00003EB8C0C023F5CF8443C3E44A6E7079DF9
:10E9D0002D68002D7FF422AE216B68E5002638E615
:10E9E00000268CE7024B034A0348122110F0F6FA86
:10E9F0003874070054760700587407002DE9F04F6B
:10EA00002DED028B9BB0012504460491A9464FF0E1
:10EA10000008D4E90D31D4F830C00FE05A09E76B93
:10EA20000139581CA163606357F8226003F01F028C
:10EA300005FA02F2324200F02A8103469C45EDD1EC
:10EA4000002900F052822368E66AD3E90802B44440
:10EA5000914228BF1146BCFBF0F300FB13C32163B6
:10EA6000E362E06BC4F83480D208002110F0D6FBDA
:10EA700063680133CDD0A3680133CAD000220123DB
:10EA8000CDE906230122002004F1140796462268EE
:10EA9000E36A116A266BCB1A03EB000CBCFBF1F0A6
:10EAA00001FB10C0864210D94609E16B00F01F003F
:10EAB00051F8263005FA00F0184341F82600D4E951
:10EAC0000B36116ADDF81CE0CB1A7344B3FBF1F28C
:10EAD00001FB1233B3420AD25809E16B03F01F0362
:10EAE00051F8202005FA03F3134341F8203006AA19
:10EAF0000FA92046FFF71AFA002840F0E9804FF0EE
:10EB00000C08129A0CAE23E02168109B096A8B4214
:10EB100080F0F5810092CDE9016800223946204657
:10EB2000FEF7DEFF002840F0D3809DF831209DF8ED
:10EB300032109DF833C0129B04320A449DF8301005
:10EB400062441A4401F07003102B129200F0C58049
:10EB5000179B23F00043043B02F10C019942D3D9E7
:10EB6000DDE9180E411CCDE9060E02D0BEF1FF3FD3
:10EB70008DD1D4F80C804646B8F1000F3FF447AF72
:10EB8000F369DA0340F128817769002F00F02481CE
:10EB9000D4F800A0DAF81C30013FA3F1080847457B
:10EBA000C0F0A881B7FBF8F0013810F069F8023026
:10EBB000A7EB8007B7FBF8F704F11400E16AD4F87B
:10EBC00030C0DAF8202033690596834606F12C0020
:10EBD00008EE100A0E4661469818A0EB060EBEFB22
:10EBE000F2F002FB10E28A420BD2E06B4FEA521CB9
:10EBF00002F01F0150F82C2005FA01F10A4340F8F9
:10EC00002C20002F00F0E680DAF8202007F0010821
:10EC1000C8F1020A93424FEA8A0080F0708109A984
:10EC20000022CDE901100092594618EE102A204624
:10EC3000FEF756FF00284BD10AF1FF3CD4F800A0A4
:10EC400012E0BEFBF2F302FB13E38B424FF0010034
:10EC500012D25E09E16B03F01F0351F8262009FA76
:10EC600003F3134341F82630E66ADAF82020099BC3
:10EC7000216BA2EB060E9E446045E2DB1AAB03EB70
:10EC80008C0CA8F102085CF8443C4744A4E72168D6
:10EC9000E26A096A1344B3FBF1F201FB1233049AEE
:10ECA0001360D4E90C03834211D0012506E0A26B66
:10ECB0000133013A8342C4E90D3208D0590903F007
:10ECC0001F0257F8211005FA02F20A42EFD1002084
:10ECD0001BB0BDEC028BBDE8F08F0E9E002E3FF402
:10ECE00011AFD4F800A0DAF81C20013EA2F1080B05
:10ECF0005E450AD3B6FBFBF001380FF0C1FF0230CE
:10ED0000A6EB8003B3FBFBF31846E16AD4F830C0EE
:10ED10000D9BDAF8202008EE107A8E4607466146F1
:10ED20009818A0EB0E0EBEFBF2F002FB10E28A4236
:10ED30000AD25609E06B02F01F0250F8261005FABD
:10ED400002F20A4340F82620002F00F0D580DAF8BE
:10ED5000202007F00106C6F1020A93424FEA8A001A
:10ED600080F0CD8009A90022CDE90110009218EEB3
:10ED7000101A2046FEF7B4FE0028A9D10AF1FF3C84
:10ED8000D4F800A013E0BBFBF2F302FB13B38B42F9
:10ED90004FF0010014D24FEA531EE16B03F01F0342
:10EDA00051F82E2009FA03F3134341F82E30D4F81A
:10EDB0002CE0DAF82020099B216BA2EB0E0B9B4480
:10EDC0006045E0DB1AAB03EB8C0C023E5CF8443C84
:10EDD0003744A5E7059EF3699B0340F18180376ABC
:10EDE000002F7DD0D4F800A0DAF81C20013FA2F15A
:10EDF000080847457CD3B7FBF8F001380FF040FF17
:10EE00000230A7EB8007B7FBF8F704F11400E16AC2
:10EE1000D4F830C0DAF82020736A0596834606F1EC
:10EE20002C0008EE100A0E4661469818A0EB060E5C
:10EE3000BEFBF2F002FB10E28A420BD2E06B4FEA1B
:10EE4000521C02F01F0150F82C2005FA01F10A4370
:10EE500040F82C20002F42D0DAF8202007F00108DB
:10EE6000C8F1020A93424FEA8A0048D209A9002257
:10EE7000CDE901100092594618EE102A2046FEF7FF
:10EE80002FFE00287FF424AF0AF1FF3CD4F800A045
:10EE900012E0BEFBF2F302FB13E38B424FF00100E2
:10EEA00012D25E09E16B03F01F0351F8262009FA24
:10EEB00003F3134341F82630E66ADAF82020099B71
:10EEC000216BA2EB060E9E446045E2DB1AAB03EB1E
:10EED0008C0CA8F102085CF8443C4744A5E7059E69
:10EEE0003668002E7FF44CAE91E56FF01B00EFE624
:10EEF00000278AE700275FE618EE107A01E6034B49
:10EF0000034A0448122110F069F800BF3874070062
:10EF100054760700587407002DE9F04F044687B077
:10EF20000F4600F1140905A92046FFF767FD0646C4
:10EF300040B920680599C3689847064630B110F17A
:10EF4000340FF0D0304607B0BDE8F08FBB6A83B312
:10EF500007F12C0A35460DF1130804F1200B13E0DC
:10EF60002268059B126A934247D20122CDE90182B1
:10EF700000954A4659462046FEF714FF002831D135
:10EF8000BB6A0135AB4214D922687B6A126A93428C
:10EF90002DD20122CDE901820095524649462046F4
:10EFA000FEF79EFD0028DBD00646304607B0BDE8E0
:10EFB000F08F2368A16A9A69786B10F007F9D4E999
:10EFC00008122368A06AC7E90B12FF219A6910F0A2
:10EFD00025F9059B4FF0FF32304622627B6207B075
:10EFE000BDE8F08F10F1340F9DD00646DDE7064BEB
:10EFF000064A074812210FF0F1FF034B054A044867
:10F000009C210FF0EBFF00BF387407005476070017
:10F0100058740700647607002DE9F04F2DED028B40
:10F02000C9B004462C2200211CA810F0F7F84FF0BC
:10F030000043282227A80021249310F0EFF823682A
:10F040001B6A01223192002B00F0C98100274FF08A
:10F050000C09319B013300F0B18130AA27A9204669
:10F06000FEF764FF0546002840F00C81249B002B2E
:10F07000C0F20E816368013300F04E81A368013352
:10F0800000F04A8132AE32460CAB25A92046FFF78C
:10F09000C3F80028C0F2F58000F03E810E9B259A4F
:10F0A0000F982699934200F090818B4200F0938153
:10F0B000DDE91D51239A2690206825930132002313
:10F0C000CDE91D150B9505932392C3680A919847C6
:10F0D0004FF0FF380546F0B115F1340F40F0D28003
:10F0E0000A9BC4F82080012B40F279810B9B012BF5
:10F0F00040F275811DA92046FFF780FC05460028D7
:10F1000040F0C08020681D9901230593C36898478B
:10F1100005460028E0D123AF0DF1500AA146102288
:10F1200039465046CDF8508003F0F8FD59F8202BB1
:10F130001D9B126A934280F015821026CDE900577C
:10F140002A46029649462046FEF72CFE0546002830
:10F15000C2D1249B23F00043043B102B32D904F18D
:10F16000140B3DAF22680B9B126A934280F0F4812E
:10F170000122CDE901720096002259462046FEF791
:10F18000AFFC054600287DD101223946504603F0E8
:10F19000C5FD22681D9B126A934280F0E381012223
:10F1A000CDE9017200962A4649462046FEF7FAFD4F
:10F1B0000546002890D1249B23F000430136043BF0
:10F1C0009E42CFD322681D9B126A934280F0CA816F
:10F1D00004220292CDE9006A494600222046FEF749
:10F1E000E1FD054600287FF477AF216AC4F814805A
:10F1F0004A1C12D02068A36A826900928568626AFC
:10F20000A847054600287FF467AF2368A06A9A697B
:10F21000FF2110F003F8C4F82080206803699847A4
:10F22000054600287FF458AF249EDDF874B0CDF871
:10F23000F48026F0004604F11403043E08EE103A70
:10F2400000F0968107460DF1400908E001370122E0
:10F2500049463DA803F062FDBE4240F28981236821
:10F260001B6A9B4580F078810123CDE9019318EE5C
:10F27000101A00975B4600222046FEF731FC00285A
:10F28000E4D00546284649B0BDEC028BBDE8F08FBE
:10F2900032AE4FF00008324627A92046FEF724FF81
:10F2A000F0B1831CEDD10DF19C0CBCE80F001CAE3D
:10F2B0000FC6BCE80F000FC69CE8070086E80700F1
:10F2C00023681B6A01379F4280F08980309B01339D
:10F2D0007FF4BFAE284649B0BDEC028BBDE8F08F8D
:10F2E0009DF9CC309DF8CC20002BD4DA6368013333
:10F2F00041D0A36801333ED034A92046FEF754FF25
:10F300000028BEDB35D0324627A9204601F0C8F9D7
:10F310000028C0D00546B5E7DDE93050DDE91D2104
:10F32000239B1D91CDE925500133239308911E9213
:10F3300009924FF0000801262068C36898470546E7
:10F3400000284FD015F1340F9CD1089B4FF0FF32AD
:10F35000012B226243D9099B012B40D91DA92046CC
:10F36000FFF74CFB054600288CD11D994FF0010892
:10F37000E2E79DF8CC20DDF8C8E09DF8CFC0CDF8DD
:10F38000F89002F07F020EF10C0033A9CDE93F198D
:10F390008DF8CC20419001233DAA27A92046CDF825
:10F3A0000C81CDF8F4E0CDF808C1CDF810C100F023
:10F3B000F9F900283FF46FAF054663E700252846BA
:10F3C00049B0BDEC028BBDE8F08F88423FF461AFDD
:10F3D0008B427FF46DAE82427FF46AAE59E76FF0E4
:10F3E00033054FE723AFA2464FF0FF3310223946D3
:10F3F00007A8079303F092FC5AF8202B1D9B126A72
:10F40000934280F0AF804FF01009CDE900572A46B3
:10F41000CDF8089051462046FEF7C4FC054600286A
:10F4200090D1249B23F00043043B102B34D904F1EA
:10F43000140B10AF2268099B126A934280F08C80F3
:10F44000CDE90176CDF80090002259462046FEF71E
:10F4500047FB054600287FF415AF0122394607A86F
:10F4600003F05CFC22681D9B126A93427AD22A4602
:10F47000CDE90176CDF8009051462046FEF792FC8A
:10F48000054600287FF45EAF249B23F0004309F17A
:10F490000109043B9945CDD322681D9B126A934212
:10F4A00060D2042207A9CDE90091029251460022C0
:10F4B0002046FEF777FC054600287FF443AF216A1B
:10F4C0004FF0FF37B942676111D02068A36A8269A3
:10F4D00000928568626AA847054600287FF432AF2B
:10F4E0002368A06A9A69FF210FF098FE27622068BE
:10F4F00003699847054600287FF424AF249FDDF870
:10F5000074B027F000474FF0FF3204F11403043FBA
:10F5100008EE103A109245D081460DF1F40A08E049
:10F5200009F101090122514610A803F0F7FB4F45EC
:10F5300038D923681B6A9B450ED2CDE901A618EE87
:10F54000101ACDF800905B4600222046FEF7C8FA5C
:10F550000028E5D0054695E68E4B8F4A8F4812214C
:10F560000FF03CFD8B4B8E4A8C489C210FF036FDF2
:10F570003D9A149B9A427FF4B3AD059B002B30D18A
:10F580002369002B3FF47EAE5C681D9A944271D0D3
:10F5900099681E9881426DD084426BD08A4269D0AE
:10F5A0001B68EEE7109A079B9A427FF4CEAEB8F143
:10F5B000000F40F082802369002B3FF463AE5C684B
:10F5C0001D9A944200F0C48099681E98814200F010
:10F5D000BF80844200F0BC808A4200F0B9801B6882
:10F5E000EAE7636801334ED0A36801333DAE0AAF4A
:10F5F0004BD03246394610AB2046FEF70DFE0028B0
:10F60000FFF63FAE41D0DDE91D03109F1497314650
:10F610000C370C2612909DF847001897139311AFE2
:10F6200015961796199000261B90524601232046E6
:10F6300016971A9600F0B6F800287FF422AE0A98C2
:10F64000636898421AD00B9AA1688A4216D0884201
:10F6500014D0934212D00122013384F840208FD07D
:10F66000A36801338CD02046FFF7D6FC002887D052
:10F67000054607E65A601E9A9A6091E7DDE91D3259
:10F68000C4E90132E7E73DAE0AAF394632462046CB
:10F69000FEF7ECFC0028FFF6F4AD3FF471AF314605
:10F6A000DDE91D60002347901A462046469600F08B
:10F6B00079F800283FF464AFDAE76368013350D08B
:10F6C000A36801333DAE4DD0324610AB08A92046A9
:10F6D000FEF7A2FD0028FFF6D4AD43D0DDE91D0200
:10F6E000109B14930C33189312900C2311A89DF8BF
:10F6F00047701392314615930026179316900123F5
:10F7000014AA204619971B971A9600F04BF8002868
:10F710007FF4B7AD0898636898421DD0099AA16834
:10F720008A4219D0884217D0934215D00122013362
:10F7300084F840203FF43FAFA36801333FF43BAF70
:10F740002046FFF769FC00283FF435AF054699E5F0
:10F750005A601E9A9A6042E7DDE91D32C4E901321F
:10F76000E4E73DAE08A932462046FEF77FFC0028BC
:10F77000FFF687AD3FF41FAF3146DDE91D60002382
:10F7800047901A462046469600F00CF800283FF4B1
:10F7900012AFDBE73874070054760700587407008F
:10F7A000647607002DE9F04F2DED028BCE690D46F2
:10F7B000D1E90141A5B0013690462A1D6960824613
:10F7C000EE61AC600892059383B11E46D8F8040040
:10F7D000D8F80C302A6A1B1A022E1A4405D1D8F820
:10F7E0001C70D8F814603A44921B2A62DAF80000C0
:10F7F000CDF818800023CDE90B140993C36898470E
:10F800000446E0B114F1340F3DD10B9B4FF0FF32B1
:10F81000012BCAF8202034D90C9B012B31D908992F
:10F820005046FFF7EBF8044668BBDAF80000696859
:10F8300001230993C368984704460028E2D105F1E3
:10F840001C07D0464FF0FF331022394611A8119300
:10F8500003F064FA58F8202B6B68126A934280F028
:10F860000D811026CDE900472246029641465046BA
:10F87000FEF798FA834660B110F1340FC5D0044604
:10F8800001E06FF03304204625B0BDEC028BBDE8EB
:10F89000F08F2B6A23F00043043BB3426BD90AF18B
:10F8A000140308EE103A37460DF1640934E0DAF833
:10F8B00000200C9B126A934280F0E6800122CDE981
:10F8C000019218EE101A009700225046FEF708F930
:10F8D00004460028D7D10122494611A803F01EFA98
:10F8E000DAF800206B68126A934280F0C780012228
:10F8F000CDE901920096224641465046FEF752FA63
:10F90000044600287FF47EAF013701362B6A23F0CE
:10F910000043043B9E422ED2059B5B45C7DD069A01
:10F920004FEA0B1302EB0B11D3580791BB42BED128
:10F930000C4611A8D1E9021203F0F0F9DAF8002020
:10F940006B68106AE168A268834280F09780CDE915
:10F9500001210096002241465046FEF723FA044654
:10F9600000287FF44FAF079B5A68DB680BF1010B4F
:10F9700017441E44CAE7DAF800206B68126A934203
:10F980007CD2042211A9CDE90061029241460022F5
:10F990005046FEF707FA044600287FF433AFDAF842
:10F9A00020104FF0FF339942CAF8143019D0DAF81A
:10F9B0000000DAF82830826900928468DAF824209E
:10F9C000A047044600287FF41DAFDAF80030DAF8CB
:10F9D00028009A69FF210FF021FC4FF0FF33CAF88D
:10F9E0002030DAF8000003699847044600287FF4C5
:10F9F00009AF2B6AD5F8048023F000434FF0FF32A3
:10FA0000B3F1040919920AF1140B1DD007460DAE8B
:10FA100007E001370122314619A803F07FF9B94503
:10FA200012D0DAF800301B6A98452DD20123CDE9B7
:10FA3000016300974346002259465046FEF750F8AE
:10FA40000028E6D004461EE7199A119B9A427FF4DB
:10FA5000DCAE099B13BBDAF81030002B3FF413AF78
:10FA60005E686A68964215D09968A868814211D08C
:10FA700086420FD08A420DD01B68EEE73D4B3E4ACE
:10FA80003E489C210FF0AAFA3A4B3D4A3B481221CE
:10FA90000FF0A4FA5A60AA689A60EDE7DAF8043029
:10FAA000013347D0DAF80830013319AE0BAF43D039
:10FAB000324639460DAB5046FEF7AEFB0028C1DB9F
:10FAC0003AD0D5E901030D9F119731460C370C262A
:10FAD0000F909DF83B00159710930EAF1296149659
:10FAE00016900026189011AA0123504613971796D6
:10FAF000FFF758FE0028A5D10B98DAF80430984299
:10FB000031D00C9ADAF808108A422CD088422AD0D8
:10FB1000934228D0012201338AF840209BD0DAF8A2
:10FB20000830013397D05046FFF776FA002892D07C
:10FB30000446A8E619AE0BAF394632465046FEF7EA
:10FB400095FA0028FFF67EAF85D03146D5E90160F1
:10FB5000002323901A4650462296FFF723FE0028E2
:10FB60003FF479AFE4E76B68CAF80430AA68CAF8D2
:10FB70000820CFE738740700647607005874070040
:10FB8000547607002DE9F04F2DED028B0D46BDB0E8
:10FB9000824616461F4601F1240809E0002B52DA7E
:10FBA000424629465046FEF7C1F9002840F0088138
:10FBB0007479B179F279DAF800002B6A04340C44D4
:10FBC0001444C1691C448C42E8D8B4461E1F4CF84A
:10FBD000046BE96924974C1C6F68A96825920C3363
:10FBE00013442B62C5E901170C23002221932B1D1E
:10FBF000CDF880C01E96229613971291EC611F9249
:10FC0000239207920693C36898470446002800F0A1
:10FC1000DE8014F1340F65D1129B4FF0FF32012BBF
:10FC2000CAF820205CD9139B012B59D9069950465C
:10FC3000FEF7E4FE0446002854D101236968DAF88F
:10FC400000000793DFE7AC46BCE80F0026AC0FC40A
:10FC5000BCE80F000FC49CE8070084E807002946B1
:10FC60005046FEF715FC044600283BD1DDE92F1273
:10FC70002B6A69623046191FAA6240F8041BF679A4
:10FC80001794CDE91B473344069416916C681A917A
:10FC9000A968EA691D960C332B62C5E901140C238F
:10FCA000013219932B1D18900F940E91EA6107935E
:10FCB0004FF00109DAF80000C368984704460028AD
:10FCC00000F0AA8014F1340F0CD10E9B4FF0FF32DC
:10FCD000012BCAF8202003D90F9B012B00F2BF8013
:10FCE0006FF0330420463DB0BDEC028BBDE8F08FD1
:10FCF000DAF800206B68126A934280F04C8204228A
:10FD00000BA9CDE900610292414600225046FEF760
:10FD100049F804460028D5D1DAF820104FF0FF3317
:10FD20009942CAF8143018D0DAF80000DAF828300E
:10FD3000826900928468DAF82420A04704460028EB
:10FD4000C0D1DAF80030DAF828009A69FF210FF004
:10FD500065FA4FF0FF33CAF82030DAF80000036983
:10FD6000984704460028ADD12E6A26F000464FF091
:10FD7000FF33321F0C930AF1140B6B68059200F0ED
:10FD8000EA81074631AE1C4609E0012231460CA843
:10FD900002F0C4FF059B0137BB4200F0DC81DAF8BA
:10FDA00000301B6A9C4280F0FC81CDE9016900971C
:10FDB0002346002259465046FDF792FE0028E4D023
:10FDC000044620463DB0BDEC028BBDE8F08F05F146
:10FDD0001C07D0464FF0FF331022394609A809937B
:10FDE00002F09CFF58F8202B6B68126A934280F057
:10FDF000D2811026CDE90047224602964146504660
:10FE0000FDF7D0FF8346002800F0AA8010F1340FE0
:10FE10003FF402AF5C4665E705F11C07D0464FF0A2
:10FE2000FF33102239460BA80B9302F077FF58F8E6
:10FE3000202B6B68126A934280F0AD811026CDE9C9
:10FE400000472246029641465046FDF7ABFF8346E7
:10FE500088B110F1340F3FF438AF5C4642E70799A0
:10FE60005046FEF7CBFD044600287FF43BAF01234C
:10FE7000696806931EE72B6A23F00043043BB342F4
:10FE80007FF636AF0AF1140308EE103A374638E031
:10FE9000DAF800200F9B126A934280F082810CAA4C
:10FEA000CDE9007218EE101ACDF8089000225046E5
:10FEB000FDF716FE044600287FF414AF01220CA9BA
:10FEC0000BA802F02BFFDAF800206B68126A93424D
:10FED00080F061810CAACDE90062CDF8089022463D
:10FEE00041465046FDF75EFF044600287FF4EAAE27
:10FEF000013701362B6A23F00043043BB3427FF6FF
:10FF0000F7AEBBF1010FC3DC16AA4FEA0B1302EBED
:10FF10000B11D3580591BB42BAD10C460BA8D1E9BD
:10FF2000021202F0FBFEDAF800206B68106AE1684A
:10FF3000A268834280F02F81CDE901210096002242
:10FF400041465046FDF72EFF044600287FF4BAAE26
:10FF5000059B5A68DB680BF1010B17441E44C9E787
:10FF60002B6A23F00043043BB3426CD90AF114031B
:10FF700008EE103A37460DF1280935E0DAF800208E
:10FF8000139B126A934280F00C810122CDE9019209
:10FF900018EE101A009700225046FDF7A1FD044606
:10FFA00000287FF49FAE0122494609A802F0B6FE60
:10FFB000DAF800206B68126A934280F0EC8001222C
:10FFC000CDE901920096224641465046FDF7EAFEF1
:10FFD000044600287FF41DAE013701362B6A23F05A
:10FFE0000043043BB3422ED9BBF1010FC6DC1EAA6D
:10FFF0004FEA0B1302EB0B11D3580591BB42BDD155
:0200000260009C
:100000000C4609A8D1E9021202F088FEDAF80020B5
:100010006B68106AE168A268834280F0BC80CDE919
:1000200001210096002241465046FDF7BBFE0446E2
:1000300000287FF4EEAD059B5A68DB680BF1010BDD
:1000400017441E44CAE7DAF800206B68126A93422C
:1000500080F0A180042209A9CDE900610292414605
:1000600000225046FDF79EFE044600287FF4D1ADE5
:10007000DAF820104FF0FF339942CAF8143019D043
:10008000DAF80000DAF82830826900928468DAF839
:100090002420A047044600287FF4BBADDAF80030E6
:1000A000DAF828009A69FF210FF0B8F84FF0FF3313
:1000B000CAF82030DAF8000003699847044600289F
:1000C0007FF4A7AD2A6AD5F804B022F000424FF0C1
:1000D000FF33171F0A930AF114091ED006460DF1CB
:1000E000C40807E00136012241460AA802F016FEC4
:1000F000B74212D0DAF800301B6A9B4551D2012377
:10010000CDE9018300965B46002249465046FDF743
:10011000E7FC0028E6D0044653E6DDE909329A42BE
:100120007FF47AAD079B002B41D1DAF81030002B19
:100130003FF4D8AD5E686A68964200F0898099689D
:10014000A868814200F08480864200F081808A4263
:100150007ED01B68EBE7DDE90B329A427FF4B5AD48
:10016000069B002B40F06E81DAF81040002C00F066
:10017000948060686B68984200F0B781A268A968B3
:100180008A4200F0B281884200F0AF81934200F0D1
:10019000AC812468EAE7A74BA74AA8489C210EF047
:1001A0001DFFA44BA64AA54812210EF017FFDAF84E
:1001B0000430013357D0DAF80830013331AE12AFD2
:1001C00053D03246394616AB5046FEF725F8002884
:1001D000FFF6F6AD49D0D5E90102169B26930C3304
:1001E0002A9318900C2317A89DF85F701992314636
:1001F0002793002629932890012326AA50462B975F
:100200002D972C96FFF7CEFA00287FF4D9AD1298DF
:10021000DAF8043098421FD0139ADAF808108A42AC
:100220001AD0884218D0934216D0012201338AF89E
:1002300040203FF47AAFDAF8083001333FF475AF6D
:100240005046FEF7E9FE00283FF46FAF0446B8E5DC
:100250005A60AA689A607CE76B68CAF80430AA689A
:10026000CAF80820E1E731AE12AF394632465046AF
:10027000FDF7FCFE0028FFF6A3AD3FF456AF314674
:10028000D5E9016000233B901A4650463A96FFF7A5
:1002900089FA00283FF449AFD8E7D5E90116DDE92E
:1002A0002D3227982F9128991190CDE92710DAF84F
:1002B0000000309642F0004201332D932E92C36825
:1002C0001091059498474FF0FF370126C146044628
:1002D000F8B114F1340F7FF405AD109BCAF820700B
:1002E000012B7FF6FDAC119B012B7FF6F9AC27A902
:1002F0005046FEF783FB044600287FF4F3ACDAF89F
:100300000000279901230593C368984704460028F5
:10031000DFD10DF1B408102241460DA80D9702F06F
:10032000FDFCDAF80020279B126A9342BFF433AF3A
:100330001025CDE900482246029549465046FDF772
:1003400031FD04460028C4D12E9B23F00043043B1A
:10035000102B88BF0DF1C40830D9DAF80020119BAA
:10036000126A9342BFF41DAFCDE9018600950022C9
:1003700059465046FDF7B4FB044600287FF4B2AC62
:10038000012241460DA802F0C9FCDAF80020279BA3
:10039000126A9342BFF4FFAE2246CDE90186009572
:1003A00049465046FDF7FEFC0446002891D12E9B9D
:1003B00023F000430135043B9D42CED3DAF8002000
:1003C000279B126A9342BFF4E6AE04220DA9CDE941
:1003D00000510292494600225046FDF7E3FC0446D4
:1003E00000287FF476AFDAF82010CAF814704B1C9E
:1003F00017D0DAF80000DAF82830826900928468B1
:10040000DAF82420A047044600287FF462AFDAF827
:100410000030DAF828009A69FF210EF0FFFECAF8D2
:100420002070DAF8000003699847002861D004467C
:100430004FE700BF38740700647607005874070060
:1004400054760700DAF80430013379D0DAF808304E
:10045000013331AE0EAF75D03246394612AB50463D
:10046000FDF7DAFE041EFFF63DAC6BD0D5E90123A3
:1004700012981E900C30229014920C2013AA9DF812
:100480004F40159331461F90219020920026012362
:100490001EAA5046239425942496FFF783F9044618
:1004A00000287FF41FAC0E98DAF80430984263D02D
:1004B0000F9ADAF808108A425ED088425CD09342E4
:1004C0005AD0012201338AF840203FF44DAEDAF8C9
:1004D000083001333FF448AE5046FEF79DFD044618
:1004E000002C3FF441AEFFF7FDBB6360AB68A36037
:1004F0004FE62E9ADDF89C80319722F00042131FC0
:100500001C4640D0054607E0013501221EA931A84E
:1005100002F004FCAC4236D0DAF800301B6A984591
:10052000BFF43FAE1EABCDE9005302964346002216
:1005300059465046FDF7D4FA0028E5D0044640E479
:1005400031AE0EAF394632465046FDF78FFD041EE0
:10055000FFF6C8AB3FF408AED5E9014000233B905D
:1005600031461A4650463A94FFF71CF90446002CCF
:100570003FF4FAADFFF7B6BB6B68CAF80430AA685F
:10058000CAF808209DE7319A0D9B9A427FF4A5AEE8
:10059000059D95B9DAF81040002C3FF4A3AB6068D4
:1005A000279B984278D0A26828998A4274D08842C2
:1005B00072D0934270D02468EEE7DAF80430013349
:1005C0004BD0DAF80830013331AE10AD47D03246A7
:1005D000294612AB5046FDF71FFE041EFFF682AB04
:1005E0003DD0129B1E93DDE927420C339DF84F004E
:1005F00022930C231494159200241F93219323908B
:100600002590314613AD01231EAA5046249420950F
:10061000FFF7C8F8044600287FF464AB1098DAF8B6
:100620000430984233D0119ADAF808108A422ED05A
:1006300088422CD093422AD0012201338AF84020EC
:10064000A8D0DAF808300133A4D05046FEF7E4FC15
:100650000446002C9ED0FFF745BB31AE10AD2946B5
:1006600032465046FDF702FD041EFFF63BAB91D02B
:10067000DDE9274000233B9031461A4650463A9424
:10068000FFF790F80446002C84D0FFF72BBBDDE980
:100690002732CAE90132CFE76360289BA3608AE76B
:1006A0002DE9F04F2DED028B154653799279EE79B5
:1006B0000433B1B013440A6A33440C46059322F064
:1006C00000411433994204F104038346079365D033
:1006D000D4E901012E68E3690696059E0F90921BEE
:1006E000C4E901100133DBF800000E91C4E90732C0
:1006F00000230893C36809959847A0460646E8B1C9
:1007000016F1340F3CD10E9B4FF0FF32012BCBF88A
:1007100020203BD90F9B012B38D907995846FEF76B
:100720006DF9064660BBDBF80000D8F80410012321
:100730000893C368984706460028E1D108F11C04D5
:10074000DA464FF0FF331022214612A8129302F02E
:10075000E5FA5AF8202BD8F80430126A934280F058
:100760004B821025CDE90064324602955146584629
:10077000FDF718FB044620B310F1340FC3D0064632
:10078000304631B0BDEC028BBDE8F08F6FF0330620
:10079000304631B0BDEC028BBDE8F08F19461AAA85
:1007A000FDF764FC061EEBDB229B002BC0F2E08011
:1007B0006B79A979EA7904330B4413440593226ACF
:1007C00086E7D8F8203023F00043043BAB4242D9FF
:1007D0000BF1140308EE103A2F460DF194091CB9E1
:1007E000069BBB4200F0A680DBF800200F9B126A3C
:1007F000934280F0FB810122CDE9019218EE101A9C
:10080000009700225846FDF76BF906460028B7D13D
:100810000122494612A802F081FADBF80020D8F83C
:100820000430126A934280F0E7810122CDE90192FF
:100830000095324651465846FDF7B4FA0646002860
:100840007FF45EAF01370135D8F8203023F0004344
:10085000043BAB42C3D8DBF80020D8F80430126A5E
:10086000934280F0C981042212A9CDE9005102927D
:10087000514600225846FDF795FA064600287FF4B7
:100880003FAFDBF820104FF0FF339942CBF8143024
:1008900019D0DBF80000DBF8283082690092846808
:1008A000DBF82420A047064600287FF429AFDBF8B8
:1008B0000030DBF828009A69FF210EF0AFFC4FF002
:1008C000FF33CBF82030DBF8000003699847064679
:1008D00000287FF415AFD8F82030D8F8047023F042
:1008E000004A4FF0FF32BAF1040A25920BF11409C5
:1008F00000F00D8105461AAC08E0013501222146C1
:1009000025A802F00BFAAA4500F00181DBF80030BF
:100910001B6A9F4280F06A810123CDE90143009563
:100920003B46002249465846FDF7DAF80028E4D055
:10093000064625E72246214612A802F0EFF9DBF829
:100940000020D8F80430126A934280F05581CDE936
:1009500001440095224651465846FDF723FA0646C3
:1009600000287FF4CDAEDDE9052301249F186BE755
:10097000226A2199D4E9090462F0004213402390CD
:100980004A1CDDE91B01CDE91B100D90DBF80000CE
:100990002494CDE92123002305930C91C368984743
:1009A0004FF0FF3801270646F8B116F1340F7FF4F7
:1009B000E7AE0C9BCBF82080012B7FF6E7AE0D9BBA
:1009C000012B7FF6E3AE1BA95846FEF717F8064643
:1009D00000287FF4D5AEDBF800001B9901230593B6
:1009E000C368984706460028DFD121ADD9461022BA
:1009F00029460AA8CDF8288002F090F959F8202B52
:100A00001B9B126A934280F0F7801024CDE90065A9
:100A10003246029449465846FDF7C4F90646002876
:100A2000C3D1229B23F00043043B102B33D90BF19D
:100A3000140A0BADDBF800200D9B126A934280F084
:100A4000D580CDE901570094002251465846FDF764
:100A500047F8064600287FF493AE012229460AA8EB
:100A600002F05CF9DBF800201B9B126A934280F0D5
:100A7000C3803246CDE90157009449465846FDF7F8
:100A800091F90646002890D1229B23F000430134BF
:100A9000043B9C42CED3DBF800201B9B126A93429E
:100AA00080F0AA8004220AA9CDE9004102924946B9
:100AB00000225846FDF776F9064600287FF475AF08
:100AC000DBF82010CBF814804B1C17D0DBF80000AB
:100AD000DBF82830826900928468DBF82420A04784
:100AE000064600287FF461AFDBF80030DBF8280011
:100AF0009A69FF210EF092FBCBF82080DBF8000012
:100B000003699847002800F0D18006464DE7259AF2
:100B1000129B9A427FF4F7ADDDE908354446002B7D
:100B200070D1DBF810301A4672B1D2F804C0616897
:100B30008C4557D09068A768B84253D0BC4551D077
:100B400081424FD01268EFE7DBF80C2022B34FF060
:100B5000FF370BE0D2F808E0D4F808C0E64509D02A
:100B6000614507D0704505D01268AAB15168606828
:100B70008142EFD1D1682868814230D0F4D96879B8
:100B800095F806E095F807C0043070446044091AEF
:100B9000D1601268002AE9D163B9F1E59F68A068C5
:100BA00087420BD0824209D0B94207D01B68002B84
:100BB0003FF4E6AD5A6861688A42EFD1D9682A6885
:100BC0009142F3D96A7995F806C0EF7998690432B1
:100BD00062443A44891A821AD9609A61E6E7C2E906
:100BE0000177C1E75160A1689160ABE79B4B9C4ADC
:100BF0009C4812210EF0F2F9984B9B4A99489C218F
:100C00000EF0ECF9DBF80430013379D0DBF8083072
:100C1000013325AF0DF1380875D012AB3A46414685
:100C20005846FDF7F9FA0028FFF682AE6BD0D4E9FA
:100C3000012312981A900C301E9014920C2013AAC3
:100C40009DF84FC0159339461B9000271D901C92AC
:100C500001231AAA5846CDF87CC0CDF884C020974D
:100C6000FEF7A0FD00287FF463AE0E98DBF8043099
:100C7000984260D00F9ADBF808108A425BD0884215
:100C800059D0934257D0012201338BF840203FF4D2
:100C900048AFDBF8083001333FF443AF5846FEF766
:100CA000BBF900283FF43DAF064669E5229DDDF81B
:100CB0006CA0CDF82C8025F000450BF11403043D09
:100CC0001E463FD004460DF1940907E0013401228D
:100CD00049460BA802F022F8A54233D0DBF80030D9
:100CE0001B6A9A4582D2CDE90197009453460022AF
:100CF00031465846FCF7F4FE0028E7D006463FE5AB
:100D000025AF0DF1380841463A465846FDF7AEF991
:100D10000028FFF60DAE3FF404AF3946D4E9017068
:100D200000232F901A4658462E97FEF73BFD0028C9
:100D30003FF4F7AEB8E76368CBF80430A268CBF8AD
:100D40000820A0E7DDE90A329A427FF432AE059B23
:100D500093B9DBF81060002E3FF412AD70681B9B56
:100D6000984276D0B2681C998A4272D0884270D07C
:100D700093426ED03668EEE7DBF8043001334AD098
:100D8000DBF80830013325AF0CAC46D03A4621469B
:100D90000EAB5846FDF740FA061EFFF6F1AC3CD00C
:100DA0000E9B1293DDE91B420C339DF83F00169316
:100DB0000C231094119213931593179019903946A0
:100DC0000FAD0024012312AA584614951894FEF77B
:100DD000E9FC064600287FF4D3AC0C98DBF804301D
:100DE000984231D00D9ADBF808108A422CD0884204
:100DF0002AD0934228D0012201338BF84020A8D07A
:100E0000DBF808300133A4D05846FEF705F9064652
:100E1000002E9ED0B4E425AF0CAC21463A4658468D
:100E2000FDF724F9061EFFF6ABAC92D0DDE91B40BE
:100E300000232F9039461A4658462E94FEF7B2FCEE
:100E40000646002E85D09BE4DDE91B32CBE901325A
:100E5000D1E773601C9BB3608CE700BF3874070058
:100E60005476070058740700647607002DE9F04FA8
:100E700090F84030BBB00546059163B94368012244
:100E8000013380F8402006D08368013303D0FEF799
:100E9000C3F8044668B909AA19A905AB2846FDF7A5
:100EA000F9F9821C044608D105982F210FF06FF93B
:100EB00058B120463BB0BDE8F08F002808BF6FF066
:100EC000100420463BB0BDE8F08F2B681B6AAB6373
:100ED00024A92846FDF7DCFA04460028E9D1DDE91B
:100EE0002210259A2D9126992B9B0494CDE9251249
:100EF00001332B932E90089207914FF0FF3A4FF059
:100F000001082868C36898470446B8B114F1340F43
:100F1000CFD1079BC5F820A0012B40F2D580089BBC
:100F2000012B40F2D18025A92846FDF767FD044634
:100F30000028BED1012325990493E2E72BAFA946EF
:100F40001022394611A8CDF844A001F0E7FE59F867
:100F5000202B259B126A934280F0BF801026CDE99A
:100F600000472246029649462846FCF71BFF0446E6
:100F70000028CBD12C9B23F00043043B102B30D90D
:100F800005F1140B2FAF2A68089B126A934280F078
:100F90009E80CDE901780096002259462846FCF74C
:100FA0009FFD0446002884D10122394611A801F092
:100FB000B5FE2A68259B126A934280F08E802246F5
:100FC000CDE90178009649462846FCF7EBFE044639
:100FD00000289BD12C9B23F000430136043B9E420A
:100FE000D1D32A68259B126A934276D2042211A992
:100FF000CDE900610292494600222846FCF7D2FE64
:101000000446002882D1296AC5F814A04B1C12D0CE
:101010002868AB6A8269009284686A6AA0470446BD
:1010200000287FF473AF2B68A86A9A69FF210EF03D
:10103000F5F8C5F820A028680369984704460028F9
:101040007FF464AF2C9B259FCDF8BCA023F0004B10
:10105000BBF1040B05F114091BD006462B681B6A73
:101060009F4234D20DABCDE90063CDF808803B46FA
:10107000002249462846FCF733FD044600287FF449
:1010800018AF013601220DA92FA801F047FEB34584
:10109000E4D12F9A119B9A427FF43BAF049B002B23
:1010A00042D12A69FAB15468259B9C4200F089809C
:1010B00091682698814200F08480844200F081800B
:1010C0008B427ED01268EDE76FF03304F1E64F4BB0
:1010D0004F4A504812210DF081FF4C4B4E4A4D486B
:1010E0009C210DF07BFF059B8DF82A20184640F6C9
:1010F00022020493ADF828200FF079F8DDE9256489
:101100008DF82B00049B0C9409AA19A92846239456
:101110000B962296FEF736FD044600287FF4C9AEF2
:101120002B681B6AAB63C4E66B68013352D0AB68B3
:1011300001332FAE07AF4FD0324639460DAB2846AC
:10114000FDF76AF8041EFFF6B4AE45D0DDE9254090
:101150000D9B11930C33159310900C239DF83B00BD
:101160000F9431461293149300241690189011AAEC
:101170000EAE0123284617941396FEF713FB044680
:1011800000287FF496AE07986B6898421DD0089AA5
:10119000A9688A4219D0884217D0934215D00122FB
:1011A000013385F840203FF47CAFAB6801333FF456
:1011B00078AF2846FDF730FF0446002C3FF471AFAE
:1011C00077E65360269B93607CE7DDE92532C5E92D
:1011D0000132E4E72FAE07AF394632462846FCF726
:1011E00045FF041EFFF665AE3FF45BAFDDE9254029
:1011F0000023399031461A4628463894FEF7D2FA31
:101200000446002C3FF44DAF53E600BF387407008E
:1012100054760700587407006476070070B5D0E96B
:10122000015386B0C1E90153019201AB02AA0646FF
:101230000C46FDF72FF8A0B99DF80C30222B12D1E7
:1012400004AA21463046FCF771FE50B9D4E90112D8
:101250003369216162610E211022A161E260236085
:10126000346106B070BD6FF01300FAE7036943B153
:10127000994202D107E0994207D01A461B68002B19
:10128000F9D10020704700F110020B6813600020B4
:10129000704700BFF0B515460E4689B004464C2293
:1012A000284600210DF0BAFFB3690E2B4AD00F2B50
:1012B00053D004AA31462046FCF716FF00285BD124
:1012C0009DF8142002F07F03112B01D0222BF0D1C6
:1012D000110655D5626801320DD0A26801320AD0DC
:1012E00006A92046FCF760FF002829DBE1D19DF824
:1012F000143003F07F038DF8143021462B70112B2E
:1013000051F8140B08BF079B049A08BF6B609DF847
:1013100015C07368066A9DF81670101D6044B342CC
:101320009DF8172005F1080538442BD2CDE901526C
:10133000009000222046FCF7D3FB002808BF0120C4
:1013400009B0F0BD124A222312882A812B70B3699A
:1013500001200133B36109B0F0BD2B460D4A2221B3
:1013600003F8081B1188927829819A70B3690120CB
:101370000133B36109B0F0BD841C08BF0020DFE772
:101380001346BAE7044B054A054812210DF026FE24
:10139000C44A0700284A070038740700547607003B
:1013A000587407002DE9F0431F4693B003F0030380
:1013B000012B0C460192054603D090F84030002BDB
:1013C00070D002AA07A901AB2846FCF763FF0646C6
:1013D00000283FD19DF80C30222B00F09180BB05F6
:1013E00000F18B80DDE9082002996260049AA06018
:1013F0000023C4E90637C4E9031223627A05059B7A
:10140000636106D5002B5FD14FF0FF320023C4E9A2
:1014100004232B68586B4FF0FF32E262002857D04C
:10142000EB68002B5FD16063E36903F003034FF0C7
:10143000FF36012BE66205D02B68FF219A690DF07B
:10144000EDFEE662EB6823600026EC60304613B0E8
:10145000BDE8F083B01CF9D1DDF804802F214046AF
:101460000EF095FE02460028F0D1F905EED540F6C3
:10147000110340468DF80E20ADF80C300EF0B7FE8B
:101480004FF0000943468DF80F0002AA07A94FF05C
:10149000FF382846CDE90489FEF774FB064600288C
:1014A000A0D0D3E743680122013380F8402088D0E0
:1014B0008368013385D0FDF7AFFD0646002880D054
:1014C000304613B0BDE8F08347F48037E7619BE70F
:1014D000E26902F00302012A08D0986902F02CFFA9
:1014E00060630028A0D16FF00B06AFE7586902F0E7
:1014F00023FF6063002897D1F5E76FF01006A5E79A
:101500006FF01406A2E700BF2DE9F04F2DED028B1E
:10151000CC698FB004F00305012D0592079300F00C
:10152000B98167038846834600F10D81250500F1E6
:101530001681A00340F1ED80079B002B00F0D880BE
:1015400008F12C090693D8F81C30990300F1898022
:10155000D8F82030002B40F06481DBF800100B6AD3
:10156000CBF83830D8E908730C930DAB08EE103A7D
:101570000BF114044FF0010ACDF8208018EE101A78
:101580005846FDF73BFA00285ED10D99012940F23B
:101590009181DBF80000036A994200F28B81C368F5
:1015A0009847002840F0AD80002F00F06581DBF8FF
:1015B0000010D1F81C807D1EA8F10806B542C0F0CD
:1015C0001B81B5FBF6F0013804910DF059FB023098
:1015D000A5EB8005B5FBF6F528460DF051FBA7EB12
:1015E000800005FB1607B845049900F0C380002F62
:1015F00000F03F8100250DF12F0616E0DBF80020FA
:101600000D9B126A934280F03F81CDE9016A0095FB
:10161000224649465846FCF7C5FB002871D10135E2
:10162000BD4280F0EF80DBF800100A6A0C9B934209
:1016300080F03A81CDE9016A0095002221465846A2
:10164000FCF74EFA0028D9D0DDF82080D8F81C30FD
:1016500043F40023C8F81C300FB0BDEC028BBDE88A
:10166000F08FDBF80010D8F82870CD69AF423FF456
:1016700076AFD8F824300BF11404069A059EED1BC2
:10168000954228BF15460EE010F1340FDED14146D9
:101690005846FDF741FC0028D8D1D8F82870DBF86F
:1016A0000010D8F824300A6A9A4240F2ED80CDE961
:1016B00001650097224649465846FCF773FB00280F
:1016C000E2D1D8F82020D8F82830DBF800102A44DE
:1016D0002B44096AC8F82020C8F82830059A069BD0
:1016E000CBF838102A445B1B059206937FF42BAF8E
:1016F000D8F81C30079823F40023C8F81C30ABE757
:10170000099F10F1340F9FD14FF0FF33CBF82030F9
:1017100034E7D8F82040D8F814309C427FF60CAF5C
:10172000C8F820300DAE0025012332464146584608
:101730008DF83450FFF7E8FE00288DDBD8F8203014
:101740009C42F1D8F8E64FF0FF3224F48023A60340
:10175000CA62CB6100F185802205DAD51C46D8F833
:101760001430D8F820209A4238BFC8F82030A0039F
:10177000CFD5E1E6013595FAA5F3B3FA83F3184620
:10178000013304930A6A099700250DF130080746D2
:101790000D9B93424FEA850676D20422CDE9018261
:1017A0000096224649465846FCF7FCFA0C9B002856
:1017B000A6D1AF4211D0DBF80020126A934273D257
:1017C0000422CDE901820096024621465846FCF7E4
:1017D00087F900287FF438AF0C9B012B5DD9DBF82B
:1017E00000100A6A934258D8049B0135AB42CFD10E
:1017F000DDF820809F0009E047457FF4FBAE012320
:101800000493BFE7DDF82080DBF800100D9BC8E9EA
:101810000937D8F81C20CD6942F40032C8F81C20E2
:101820002BE708F1280108F12402CDE90121013B51
:101830000093D8E9042349465846FCF719FA0028D2
:101840007FF404AFDBF80030D8F834009A69FF2148
:101850000DF0E4FC4FF0FF33DBF80010C8F82C303B
:101860007DE600F03DF800287FF4F6AED8F81C4085
:101870005CE6DDF82080C9E7DDF820800D9BDBF811
:101880000010C8E90937C4E70E4B0F4A0F489C21E6
:101890000DF0A4FB6FF00800DEE60D4B0D4A0B487F
:1018A00040F2D3410DF09AFB064B0B4A0748122138
:1018B0000DF094FB094B074A044840F28C410DF0AF
:1018C0008DFB00BF3874070064760700587407006A
:1018D000C874070084760700547607001075070067
:1018E0002DE9F0430D4693B0064600F114072C2273
:1018F000002104A8D5F820800DF090FC97E807009F
:101900004FF0FF33D5E904C40DF1480E73610EE9C1
:101910000700296A6A69CDF8308001209142CDF82C
:1019200020C009940B901FD2994601230DF10F029C
:1019300004A9304600F072F90446002C4FF0010370
:101940000DF10F02294630463ADBFFF7DDFD041E9C
:1019500036DB7369013337D0C6F814906A692B6A95
:10196000CDF83C909A42E0D805F12C0918E0306897
:101970006B6B8269009284682A6BA04704463A46E2
:10198000494630461CB9FCF71FF9044658B114F11A
:10199000340F2946304613D1FDF7BEFA044678B914
:1019A000E96A4B1CE3D1EB69D5E9082123F4003344
:1019B00043F480332961EB616A61C5F8208000241B
:1019C000204613B0BDE8F0832A6A6B699A42ACD313
:1019D000CAE700BFF0B5CB690C4659039DB0054678
:1019E00005D523F480234FF0FF32E361E2629A03CE
:1019F00009D521462846FFF773FF024610B110466D
:101A00001DB0F0BDE36903F41023B3F5803F03D0AC
:101A1000002210461DB0F0BD63680133F8D0A36802
:101A20000133F5D0221D11A92846FCF77FFA0246A2
:101A30000028E4D12946129B51F8140B0692076A3C
:101A4000E068059006AEBB42C6E901222CD20C2705
:101A5000CDE9000602972846FCF742F80246002826
:101A6000CDD19DF81830112B24D1059B0B9603F195
:101A70000C060A9728460C979DF81B5027690F9271
:101A800009930D9609AA6669079711A9012308967B
:101A90000E951095FDF786FE02460028AFD1E3694A
:101AA00023F48033E361AAE7064B074A0748122173
:101AB0000DF094FA064B074A044840F213610DF00A
:101AC0008DFA00BF38740700547607005874070079
:101AD00040750700947607002DE9F041CB690C466C
:101AE00059039CB0054605D523F480234FF0FF32FF
:101AF000E361E2629A0321D521462846FFF7F0FE12
:101B00000646D0B1EB6843B19C4202D16AE09C42E8
:101B10006AD019461B68002BF9D1A3692BB11B6849
:101B20001BB130461CB0BDE8F0812B685B6B002B0D
:101B3000F7D1606B02F014FCF3E7E36903F41023C0
:101B4000B3F5803F01D00026DCE763680133FAD0AB
:101B5000A3680133F7D011A9221D2846FCF7E6F946
:101B600006460028CED12946129B51F8142B069622
:101B7000106AE268059206AF8342C7E9016636D271
:101B80004FF00C08CDE90027CDF8088032462846F2
:101B9000FBF7A6FF06460028B4D19DF81830112B9C
:101BA0002BD1059B22690F9060699DF81B600B97F4
:101BB000099303F10C070792089011A9012309AAC0
:101BC00028460E961096CDF82880CDF830800D97D7
:101BD000FDF7E8FD0646002894D1E36923F480333D
:101BE000E3618FE705F10C0123680B6095E7064B75
:101BF000064A074812210DF0F1F9064B064A04483F
:101C000040F213610DF0EAF93874070054760700CA
:101C10005874070040750700947607002DE9F04FCF
:101C20000D46C96901F00304022C87B04FD08046ED
:101C3000880317461E464FD42A6A69698A425CD2D5
:101C4000A1EB0209B1454B4628BF33460593002B53
:101C500057D01E4605F12C0905F1280B05F1240A81
:101C60001FE0D8F80000A96AC469A1421CD0641A18
:101C7000026A6B6AB44228BF3446934245D200914F
:101C8000CDE90174002249464046FBF729FF00BB1D
:101C90002A6AAB6A22442344361B27442A62AB6279
:101CA0002FD0EB695B03DCD4CDE901AB0092D5E921
:101CB000042349464046FBF7DBFF50B9EB69D8F8EF
:101CC0000000A96AC46943F48023EB61CFE76FF099
:101CD000080007B0BDE8F08F4A0305D521F4802144
:101CE0004FF0FF32E961EA6229464046FFF7F8FD0E
:101CF0000028A1D007B0BDE8F08F002007B0BDE8F4
:101D0000F08F059807B0BDE8F08F034B034A0448F5
:101D100012210DF063F900BF3874070054760700F4
:101D200058740700F8B50C46C96916464A030746B9
:101D30001D4605D521F480214FF0FF33E161E362B8
:101D40008B0305D538462146FFF7CAFD00B1F8BD23
:101D50002DB1012D0CD0022D04D0206AF8BD2662D1
:101D60003046F8BD002E606905DB30442062F8BDC6
:101D7000002E206AF9DA72428242F6D96FF015001D
:101D8000F8BD00BF086A7047CB699B0305D5086A98
:101D90004B69984238BF184670474869704700BF82
:101DA000F0B597B01546059105AB07AA0BA90646F5
:101DB000FCF770FA044610B1204617B0F0BD4C2273
:101DC000014628460DF02AFA9DF820302B70112B81
:101DD00004BF0A9B6B607268099B934223D00A98E8
:101DE000B16888421FD08B421DD082421BD0314641
:101DF000079A51F8143B9DF821701C6A0C9B9DF8C2
:101E0000220004323A44A342024405F108059DF839
:101E100023000ED2CDE90150009230460022FBF79C
:101E20005FFE0446C8E7064B1B882B81204617B08F
:101E3000F0BD044B044A054812210DF0CFF800BF55
:101E4000683A070038740700547607005874070092
:101E50002DE9F04F90F84030BBB00546059183B9AD
:101E600043680122013380F840200AD0836801339F
:101E700007D0FDF7D1F8044618B120463BB0BDE8C5
:101E8000F08F09AA19A905AB2846FCF703FA044606
:101E90000028F2D19DF82830222B00F0D08009AA2A
:101EA00019A92846FEF7FCFB04460028E5D19DF859
:101EB0002830222BE1D119AA25A92846FCF7D6F80B
:101EC000041EDADB00F00B81DDE92D40209B23901E
:101ED000DDE91A212868229401332093002304931A
:101EE000CDE91A12C3680892079198474FF0FF3A5C
:101EF0004FF001080446E0B114F1340FBDD1079B47
:101F0000C5F820A0012B40F2A480089B012B40F2D1
:101F1000A0801AA92846FCF771FD04460028ACD120
:101F200028681A9901230493C36898470446002837
:101F3000E2D120AFA9461022394611A8CDF844A01D
:101F400000F0ECFE59F8202B1A9B126A934280F0A5
:101F50003A811026CDE90047224602964946284696
:101F6000FBF720FF04460028C6D1219B23F0004345
:101F7000043B102B31D905F1140B2FAF2A68089BB5
:101F8000126A934280F02581CDE901780096002203
:101F900059462846FBF7A4FD044600287FF46DAFA0
:101FA0000122394611A800F0B9FE2A681A9B126A6C
:101FB000934280F008812246CDE901780096494697
:101FC0002846FBF7EFFE0446002895D1219B23F01D
:101FD00000430136043B9E42D0D32A681A9B126A02
:101FE000934280F0F080042211A9CDE900610292B1
:101FF000494600222846FBF7D5FE044600287FF418
:102000007BAF296AC5F814A04B1C12D02868AB6AB4
:102010008269009284686A6AA047044600287FF4B7
:102020006BAF2B68A86A9A69FF210DF0F7F8C5F825
:1020300020A028680369984770B104465CE70BAAA2
:1020400024A92846FBF772FF044600283FF427AF77
:1020500013E76FF0330410E7219FDDF868B0CDF887
:10206000BCA027F0004705F11403043F1C461DD017
:1020700006460DF1340907E00136012249462FA832
:1020800000F04CFEB74211D02B681B6A9B4580F0D4
:10209000A080CDE9019800965B46002221462846A3
:1020A000FBF71EFD0028E7D00446E6E62F9A119BB9
:1020B0009A427FF424AF049BC3B92C69002C3FF4EF
:1020C000DCAE60681A9B98425AD0A2681B998A427B
:1020D00056D0884254D0934252D02468EEE7404B09
:1020E000404A414840F26E710CF078FF6B68013352
:1020F0004FD0AB6801332FAE07AF4CD032463946D4
:102100000DAB2846FCF788F8041EFFF6B6AE42D0A9
:10211000DDE91A400D9B11930C33159310900C239D
:102120009DF83B000F9431461293149300241690AF
:10213000189011AA0EAE0123284617941396FDF7A6
:1021400031FB044600287FF498AE07986B689842EC
:102150001AD0089AA9688A4216D0884214D09342AD
:1021600012D00122013385F84020A6D0AB6801339C
:10217000A3D02846FCF750FF0446002C9DD07CE6F7
:1021800063601B9BA360A8E7DDE91A32C5E9013251
:10219000E7E72FAE07AF394632462846FBF766FF22
:1021A000041EFFF66AAE88D0DDE91A40002339909C
:1021B00031461A4628463894FDF7F4FA0446002CB6
:1021C0003FF47BAF59E6094B094A07489C210CF0C4
:1021D00005FF064B074A044812210CF0FFFE00BF22
:1021E00060750700A476070058740700387407006C
:1021F00064760700547607002DE9F04F2DED028B31
:102200008B6A0160C5B00446002B00F09780C36163
:10221000C86A002800F09E80A0628A69FF210CF045
:10222000FDFF4FF0FF33226823626361536AD906D2
:1022300040F02783002B00F01D83106B002800F076
:102240009280E063D2E90551B1FBF5F305FB13136E
:10225000002B40F0FA82D769B7FBF1F501FB157549
:10226000002D40F000834FF0FF36A7F10803B6FBC6
:10227000F3F33344B3FA83F3C3F12003B7EB830FD3
:10228000C0F0EA82526A25612946C4E90265D20893
:1022900084F8405066600CF0C1FF2368E562D3E922
:1022A0000823934228BF1346C4E90C35A26322A930
:1022B0002046FCF7EDF8054678B123689A6A002AB3
:1022C00063D0DA6A002A5BD01B6B002B54D02846FF
:1022D00045B0BDEC028BBDE8F08F2DA92046FCF780
:1022E000D7F805460028E8D1DDE92E21349B0E926F
:1022F000CDE92E120133049034930D914FF0010972
:102300002068C36898470546002843D015F1340F6C
:10231000D3D10D9B2662012B0DD90E9B012B0AD91F
:102320002EA92046FCF76AFB05460028C5D10123EB
:102330002E990493E4E76FF03305BEE7486901F096
:10234000FBFFE061002800F0DF802168C86A0028F8
:102350007FF462AF886901F0EFFFA062002800F00F
:10236000D380216859E7D80801F0E6FFE063002830
:1023700000F0CA80226865E7E06B01F0F1FFA6E794
:10238000A06A01F0EDFF23689EE7E06901F0E8FF35
:10239000236896E734AFA2461022394609A8099669
:1023A00000F0BCFC5AF8202B2E9B126A934280F05E
:1023B0007D824FF01008CDE900572A46CDF80880FD
:1023C00051462046FBF7EEFC054600289ED1359B82
:1023D00023F00043043B102B474633D904F1140B80
:1023E0000DF1280822680E9B126A934280F06482E5
:1023F000CDE901890097002259462046FBF770FB82
:10240000054600287FF459AF0122414609A800F093
:1024100085FC22682E9B126A934280F047822A46EE
:10242000CDE90189009751462046FBF7BBFC0546E4
:1024300000287FF46BAF359B23F000430137043B4A
:102440009F42CFD322682E9B126A934280F02E8245
:10245000042209A9CDE900710292514600222046CA
:10246000FBF7A0FC054600287FF450AF216A6661A7
:102470004B1C11D02068A36A826900928568626A49
:10248000A847054600287FF441AF2368A06A9A69EF
:10249000FF210CF0C3FE26622068036998470546B9
:1024A00000287FF433AF359BDDF8B8B00A9623F0EF
:1024B000004304F11402043B08EE102A3CD01D46F0
:1024C000234608EE90AA38AF92460446984607E0A5
:1024D0000134012239460AA800F020FCA54228D088
:1024E000D8F800301B6A9B4580F0E681CDE9017980
:1024F00000945B46002251464046FBF7F1FA002863
:10250000E6D005464446D8E623689A6A002A00F0D9
:10251000C881DA6A002A00F0BF811B6B002B00F033
:10252000B7816FF00B05284645B0BDEC028BBDE8C6
:10253000F08F18EE90AA4446DDE909329A427FF402
:10254000E8AE049B002B40F0168225698DB16868C7
:102550002E9B984200F0B681AA682F998A4200F01B
:10256000B181884200F0AE81934200F0AB812D68CA
:10257000ECE7A74A23688DF86A50082641F22E47F7
:10258000ADF868708DF86B6092E80300D3E9072618
:102590001D9220AA82E803002F9A06954FF00110A1
:1025A0002E9D1E9634211026A2601C922C9202228F
:1025B0001F9065601B952B9519962A914FF0010984
:1025C00004921846DDE92331299A0C93CDE92313AF
:1025D0000132002307932992C3680B91984705465F
:1025E000D8B115F1340F7FF468AE0B9B4FF0FF327A
:1025F000012B226232D90C9B012B2FD923A9204613
:10260000FCF7FCF9054628BB2068239901230793B2
:10261000C368984705460028E3D129AF4FF0FF3340
:102620001022394611A8119300F078FB2268239BF1
:10263000126A934280F03A811026CDE900572A466B
:10264000029651462046FBF7ADFB18B310F1340F4C
:10265000CBD0054615F1340F7FF42FAE049B012B30
:1026600014D1069B002B3FF466AE22A90026012759
:1026700038AA2046CDE93867FBF758FC0546002804
:102680007FF41BAE23681A6AA26317E60123206851
:10269000049397E72A9B23F00043043BB34259D9A4
:1026A00018EE108A37460DF1E00B05902FE02268F6
:1026B0000C9B126A934280F0FF80CDE901B900972C
:1026C000002241462046FBF70BFA05460028C1D1FF
:1026D0000122594611A800F021FB2268239B126AAF
:1026E000934280F0E3802A46CDE901B90096514635
:1026F0002046FBF757FB054600287FF472AF0137F1
:1027000001362A9B23F00043043B9E4222D2059BC4
:10271000002BCCD1102FCAD11AAD2022294611A8E6
:1027200000F0FCFA2268239B126A934280F0BE807C
:102730002021CDE900650291059A51462046FBF71C
:1027400031FB054600287FF44CAF012320363027AB
:102750000593D6E72268239B126A934280F0A680F5
:10276000042211A9CDE900610292514600222046BF
:10277000FBF718FB054600287FF433AF216A4FF0C2
:10278000FF339942636113D02068A36A8269009283
:102790008568626AA847054600287FF422AF23684F
:1027A000A06A9A69FF210CF039FD4FF0FF332362D4
:1027B000206803699847054600287FF412AF2A9BDA
:1027C000DDF88C8023F0004B4FF0FF32BBF1040B9F
:1027D00038921FD018EE105A07460DAE07E00137A9
:1027E0000122314638A800F099FABB4512D023687F
:1027F0001B6A984560D2CDE90169009743460022E3
:1028000029462046FBF76CF90028E8D0054621E769
:1028100048760700389A119B9A427FF4E6AE079BF0
:10282000002B57D123696BB15D68239A95424DD037
:1028300099682498814249D0854247D08A4245D040
:102840001B68F0E70123069308E7914B914A9248F1
:1028500040F61F010CF0C2FB904B8E4A8E4840F6AA
:1028600023010CF0BBFB8E4B8A4A8B484FF402616C
:102870000CF0B4FB8B4B874A874840F614010CF0F0
:10288000ADFB894B834A844840F613010CF0A6FB4C
:10289000E06B01F065FD44E6A06A01F061FD23688C
:1028A0003BE6E06901F05CFD236832E67F4B804A3D
:1028B00079489C210CF092FB7C4B7E4A7648122191
:1028C0000CF08CFB6B602F9BAB6050E65A60249A37
:1028D0009A60B5E76368013300F09F80A368013315
:1028E00038AE0BAF00F09B80324639460DAB204628
:1028F000FBF792FC051EFFF6ADAE00F09080DDE91F
:1029000023030D9D11950C3515950F900C259DF801
:102910003B0010933146129514951690002518909F
:1029200011AA0EAE0123204617951396FCF73AFF25
:10293000054600287FF48EAE0B986368984267D0F6
:102940000C9AA1688A4263D0884261D093425FD0DA
:102950004FF00102013384F840203FF463AFA368D5
:1029600001333FF45FAF2046FCF756FB0546002DD0
:102970003FF458AF6EE6636801336ED0A36801334D
:1029800038AE0DAF6BD03246394611AB2046FBF75F
:1029900043FC051EFFF691AC61D0DDE92E02119BD0
:1029A00019930C331D9313900C2312A89DF84B50D0
:1029B000149231461A931C931B900026012319AAE6
:1029C00020461E9520951F96FCF7ECFE0546002834
:1029D0007FF473AC0D986368984239D00E9AA16861
:1029E0008A4235D0884233D0934231D0012201331C
:1029F00084F840203FF4A9ADA36801333FF4A5ADAE
:102A00002046FCF709FB0546002D3FF49EAD54E43B
:102A1000DDE92332C4E901329AE738AE0BAF39461B
:102A200032462046FBF722FB051EFFF613AE3FF4AD
:102A3000F9AEDDE923500023429031461A46204684
:102A40004195FCF7AFFE0546002D3FF4EBAE01E6E5
:102A5000DDE92E32C4E90132C8E738AE0DAF3946A0
:102A600032462046FBF702FB051EFFF626AC3FF47C
:102A70006CADDDE92E500023429031461A462046C7
:102A80004195FCF78FFE0546002D3FF45EAD14E442
:102A90009C750700B076070058740700FC750700A6
:102AA000CC7507008475070064750700387407004B
:102AB0006476070054760700F0B58B6A01609BB01E
:102AC0000446002B7CD0C361C86A002800F08380D4
:102AD000A0628A69FF210CF0A1FB4FF0FF3321684F
:102AE00023626361486AC30640F0C380002800F097
:102AF000D5800B6B002B75D0E363D1E90503B3FBE5
:102B0000F0F200FB1232002A40F0C180C869B0FB2D
:102B1000F3F203FB1202002A40F0B2804FF0FF35BF
:102B2000A0F10803B5FBF3F32B44B3FA83F3C3F12D
:102B30002003B0EB830FC0F085800B6AA363C4E968
:102B40000155C4E90322C4E90B2284F840206263E2
:102B50000026012704AA0FA92046CDE90467FBF748
:102B6000E5F9054660B123689A6A002A46D0DA6A18
:102B7000002A3ED01B6B002B45D028461BB0F0BD71
:102B80002146109B51F8142B126A934280F08D80DD
:102B90002020029007AE1020CDE900062A462046EC
:102BA000FAF79EFF05460028DDD1DDE90810424B0B
:102BB0000D9A9A42C4E9011029D06FF03305D2E78B
:102BC000486901F0B9FBE061002831D02168C86A8A
:102BD00000287FF47DAF886901F0AEFBA06238B3B6
:102BE000216876E7C00801F0A7FBE06300B3216825
:102BF00083E7A06A01F0B4FB2368BBE7E06901F05A
:102C0000AFFB2368B3E7E06B01F0AAFBB5E70E9AD0
:102C1000A3F18773A3F580639A42CED10C9B1A0C63
:102C2000012A02D19BB2012BA7D96FF015059AE7B3
:102C300023689A6AC2B1DA6A8AB11B6B4BB16FF032
:102C40000B059AE71D4B1E4A1E4840F623010CF067
:102C5000C5F9E06B01F084FB6FF00B058DE7A06A0E
:102C600001F07EFB2368E8E7E06901F079FB236867
:102C7000E1E7154B124A134840F613010CF0AEF988
:102C8000124B0F4A0F484FF402610CF0A7F9104B9A
:102C90000B4A0C4840F61F010CF0A0F90D4B084AF6
:102CA000084840F614010CF099F90B4B0B4A054803
:102CB00012210CF093F900BF6C697474FC75070065
:102CC000B07607005874070064750700CC750700DC
:102CD0009C75070084750700387407005476070058
:102CE00003689A6A10B504462AB1DA6A52B11B6BBE
:102CF0007BB1002010BDC06901F032FB2368DA6AA5
:102D0000002AF4D1A06A01F02BFB23681B6B002B77
:102D1000EFD1E06B01F024FB002010BDE2B170B4F4
:102D2000561E0E4D02680E444C1E14F8013F83EAF5
:102D3000020101F00F01A64255F8211081EA12129A
:102D400082EA131303F00F0355F8233083EA1212BB
:102D5000EBD170BC02607047704700BFBC760700C3
:102D600010B5034B03600446FAF7BAFA204610BDCB
:102D70000477070010B5054B03600446FAF7B0FA74
:102D8000204603F0D3FD204610BD00BF04770700A6
:102D900008B500F0B5F9002008BD00BF70B501F519
:102DA000ED51CC0182B004F18006FF2501222046BE
:102DB0000DF1070114448DF8075000F0A7F9A64261
:102DC000F4D1002002B070BD08B501F5ED5102EB61
:102DD000C110029A194600F099F9B0FA80F0400942
:102DE000404208BD08B501F5ED5102EBC11118468E
:102DF000029A00F0A3F90028CCBF00200120404235
:102E000008BD00BF38B500210546FAF789FA98B920
:102E10004FF46D24204604F5805400F09BF958B11E
:102E2000B4F5742FF6D12846FAF79CFA284600210B
:102E3000BDE83840FAF774BA38BD00BF10B5074C8A
:102E400007492046FAF754FA064B23602046064A03
:102E50000649BDE8104009F06DB900BF4453012098
:102E6000D46300200477070000600020612D060075
:102E70002DE9F04F83B00193002B37D0DFF8749029
:102E800005460E4690461F46C6F30B0ACAF5805407
:102E9000296906EA090BBC4228BF3C46594526442D
:102EA0001BD04B1C4FF4805208460ED0EB681BB170
:102EB0006969984748B929692B6808469847D5E950
:102EC00004016B684FF480529847AB686869C5F895
:102ED00010B059464FF480529847686941462246DF
:102EE00050440CF073F93F1BA044CDD1019803B0BE
:102EF000BDE8F08F00F0FFFF10B504460069431CE9
:102F000012D0E3682BB161694FF48052984740B901
:102F1000206923689847D4E9040163684FF480521C
:102F200098474FF0FF33236110BD00BF2DE9F843F0
:102F300007691D467B1C06468846144605D0974205
:102F40000BD807F580539A4230D3B36821464046E8
:102F50002A4698472846BDE8F88353199F42F4D281
:102F600007F580539A42F0D2A7EB04094A4621465E
:102F7000B3684046E71B98477A1908EB09004FF4FD
:102F8000805C0021624528BF624673691746194478
:102F90004F440CF01BF9BD42DCD9B368E11908EBD2
:102FA0000700EA1B98472846BDE8F883A7EB040C06
:102FB0000CF5805CE11B2A4640464FF00009E1E732
:102FC00029DF704728DF704712DF704708B50CF023
:102FD000EFF8B0FA80F0400908BD00BF10B5144604
:102FE0000CF0F4F8204610BDF0B583B0074600237E
:102FF0000DF1070016460C46D5088DF80730FFF78F
:10300000E3FF01E001F04CF92A4621463846FFF77C
:10301000D7FF112803464FF00100F3D0D3B99DF834
:103020000730D3B907EB560704EB560401E001F073
:1030300037F92A4621463846FFF7C2FF11280346D2
:103040004FF00100F3D02BB99DF8073063B930463B
:1030500003B0F0BD002003B0F0BD084B4FF0FF31CE
:10306000186801F01FFEDDE7044B4FF0FF311868D0
:1030700001F018FE304603B0F0BD00BFE863012048
:1030800030B5184D296883B00446D9B1240B01E04E
:1030900001F006F92046FFF795FF112803464FF08F
:1030A0000100F5D013B1002003B030BD0DF10700D1
:1030B0008DF80730FFF788FF9DF807304BB90120E6
:1030C00003B030BD0A2001F0CBF928600028DDD123
:1030D000E9E728684FF0FF3101F0E4FD012003B07B
:1030E00030BD00BFE8630120044B186820B1002305
:1030F0001A46194601F0E6B9704700BFE86301209F
:103100000148FFF7F9BE00BF0C64002010B4094C61
:10311000A0420AD3B0F5742F07D213465DF8044BD2
:103120000A4601460448FFF7A3BE4FF0FF305DF8A2
:10313000044B7047007002000C64002010B40C4671
:1031400013460146224602485DF8044BFFF7EEBEE7
:103150000C64002030B5184D296883B00446D9B1FD
:10316000240B01E001F09CF82046FFF72BFF11280B
:1031700003464FF00100F5D013B1002003B030BD7D
:103180000DF107008DF80730FFF71EFF9DF807309F
:103190004BB9012003B030BD0A2001F061F928606D
:1031A0000028DDD1E9E728684FF0FF3101F07AFD12
:1031B000012003B030BD00BFE863012008B5012144
:1031C0000E2004F03FFB01210E2004F0BFFB002184
:1031D000162004F037FB0121192004F033FB0121F4
:1031E000192004F0B3FB01210B2004F02BFB01217B
:1031F0000B2004F0ABFB01210D2004F023FB012187
:103200000D2004F0A3FB01210C2004F01BFBBDE802
:10321000084001210C2004F099BB00BFF8B5174607
:1032200082B105460E46002402E00134A74207D0D1
:103230002B6816F8011B1B68284698470028F4D114
:103240002046F8BD1446FBE72DE9F0410C46D9B104
:103250000768804608460CF0CAFF7B68104A934214
:10326000064615D1D0B1002504E00135AE4208D0A4
:10327000D8F800703B6814F8011B404698470028B6
:10328000F3D12846BDE8F0810D462846BDE8F0811F
:10329000024621464046BDE8F04118470546F0E7A2
:1032A0001D3206002DE9F0410C46D9B10768804671
:1032B00008460CF09CFF7B68104A9342064615D1E5
:1032C000D0B1002504E00135AE4208D0D8F8007036
:1032D0003B6814F8011B404698470028F3D1284664
:1032E000BDE8F0810D462846BDE8F0810246214642
:1032F0004046BDE8F04118470546F0E71D3206009C
:1033000003681B68184700BFF0B50446C3B0CBB2D2
:10331000134A8DED000B02A84FF480710CF074FE7F
:103320002368104A5D689542064610D102AF002519
:1033300003E00135AE4207D023681B6817F8011B74
:10334000204698470028F4D1284643B0F0BD0246F5
:1033500002A92046A8470546284643B0F0BD00BF55
:10336000907707001D3206002DE9F0470768DFF867
:1033700094A0D7F8049004460E4600293AD0084697
:103380000CF035FFD145804622D1002836D00025EB
:1033900003E00135A845276820D03B6816F8011BDB
:1033A000204698470028F4D12768D7F80490D145E3
:1033B00018D13B680D212046984730B1236820463C
:1033C0001B680A219847B8B102352846BDE8F08746
:1033D000024631462046C84727680546D7F804907C
:1033E000D145E6D0064920460222C8470544284672
:1033F000BDE8F0870D46DAE70135E6E70546D6E792
:10340000DC7907001D32060003680D4A70B55D685F
:1034100095420ED11B680D210446984740B12368A0
:1034200020461B680A21984700280CBF0120022073
:1034300070BD2B460349BDE870400222184700BF0B
:103440001D320600DC7907002DE9F0470768DFF838
:1034500094A0D7F8049004460E4600293AD00846B6
:103460000CF0C5FED145804622D1002836D000257B
:1034700003E00135A845276820D03B6816F8011BFA
:10348000204698470028F4D12768D7F80490D14502
:1034900018D13B680D212046984730B1236820465B
:1034A0001B680A219847B8B102352846BDE8F08765
:1034B000024631462046C84727680546D7F804909B
:1034C000D145E6D0064920460222C8470544284691
:1034D000BDE8F0870D46DAE70135E6E70546D6E7B1
:1034E000DC7907001D3206002DE9F0410446C2B028
:1034F000CBB28DED000B214A214F02A84FF4807111
:103500000CF082FD23685D68BD42064622D10DF1B4
:103510000808002503E00135AE42236807D01B6888
:1035200018F8011B204698470028F4D123685E68EC
:10353000BE4218D11B680D212046984730B1236840
:1035400020461B680A219847B0B10235284642B090
:10355000BDE8F081024602A92046A84723685E68BC
:10356000BE420546E6D0074920460222B047054440
:10357000284642B0BDE8F0810135E7E790770700C3
:103580001D320600DC7907002DE9F0418AB00023E6
:103590000546012A98BF0A228DF8243009ACB1FBF8
:1035A000F2F602FB1610C3B209280F4603F13000F1
:1035B0008ABF3733C3B2DBB2BA4204F8013D3146A9
:1035C000EDD92F6820460CF012FE7B680F4A93421B
:1035D000804612D168B1002603E00136B04508D01C
:1035E0002F683B6814F8011B284698470028F4D13F
:1035F000B04640460AB0BDE8F08102462146284662
:103600009847804640460AB0BDE8F0811D3206006A
:1036100070B506460D462AB90368BDE870401B68C0
:10362000C9B218470A2A14460ED100290DDA0368D8
:103630002D211B68984722460346694230461C46A6
:10364000FFF7A2FF204470BDD2B2BDE87040FFF783
:103650009BBF00BF70B50446FFF7DAFF23680E4A30
:103660005E68964205460DD11B680D21204698479D
:1036700030B1236820461B680A21984748B10235BB
:10368000284670BD054920460222B0470544284619
:1036900070BD0135F4E700BF1D320600DC7907007C
:1036A00070B50446FFF7B4FF23680E4A5E68964281
:1036B00005460DD11B680D212046984730B123687F
:1036C00020461B680A21984748B10235284670BD3C
:1036D000054920460222B0470544284670BD013501
:1036E000F4E700BF1D320600DC79070032B902683A
:1036F00010B413685DF8044BC9B21847D2B2FFF793
:1037000043BF00BF32B9026810B413685DF8044BC0
:10371000C9B21847D2B2FFF737BF00BF12B903686A
:103720001B681847D2B2FFF72FBF00BF70B5044621
:10373000BAB90268C9B2136898472368124A5E682A
:103740009642054616D11B680D212046984730B198
:10375000236820461B680A21984790B10235284605
:1037600070BDD2B2FFF710FF2368074A5E68964229
:103770000546E8D0054920460222B04705442846C0
:1037800070BD0135EBE700BF1D320600DC79070094
:1037900070B50446B2B903681B6898472368124A9B
:1037A0005D689542064616D11B680D212046984754
:1037B00030B1236820461B680A21984790B1023631
:1037C000304670BDD2B2FFF7DFFE2368064A5D685F
:1037D00095420646E8D0054920460222A8470644FD
:1037E000304670BD0136EBE71D320600DC7907007C
:1037F00070B50446BAB90268C9B21368984723681D
:10380000124A5E689642054616D11B680D21204675
:10381000984730B1236820461B680A21984790B129
:103820000235284670BDD2B2FFF7AEFE2368074AC4
:103830005E6896420546E8D0054920460222B04718
:103840000544284670BD0135EBE700BF1D32060078
:10385000DC79070070B506460D462AB90368BDE855
:1038600070401B68C9B218470A2A14460ED10029B5
:103870000DDA03682D211B689847224603466942EA
:1038800030461C46FFF780FE204470BDD2B2BDE832
:103890007040FFF779BE00BF10B54FF48072002171
:1038A00004460BF0BBFC0023C4E94033204610BDA6
:1038B00010B4D0E94024531CDBB29C4218BF8154A1
:1038C0005DF8044B18BFC0F8003170470023C0E911
:1038D00040337047D0E94023934206D05A1CC35C62
:1038E000D2B2C0F80421184670474FF0FF3070473D
:1038F000D0E94030181A48BF00F58070704700BF0B
:10390000D0E94023934214BFC05C4FF0FF307047B2
:10391000D0E940300133DBB2181AB0FA80F0400928
:10392000704700BF81607047F8B51746E2B10446A2
:103930000E46002500F0A8FCE06008E003F0B0FCB3
:1039400000F0A2FCD4E90232801A98420AD223681D
:1039500020461B6998470028F0DB0135AF4206F886
:10396000010BE7D12846F8BD1546FBE790F8230286
:10397000704700BF38B590F91D32002B04460DDBAF
:103980005A0920482032012103F01F0301FA03F3F2
:1039900040F82230BFF34F8FBFF36F8F23690021B0
:1039A00001224FF48870C3F80803C3F84411C3F828
:1039B00058115A60DA6002E003F072FC2369D3F810
:1039C0005821002AF8D0D3F84421002AF4D04FF02F
:1039D000FF320025C3F8005504F11400C3F80C258C
:1039E000C3F81425C3F80825C3F81025FFF76EFFA8
:1039F000D4F8240201F0D2FAC4F8245284F82352F5
:103A000038BD00BF00E100E01430FFF771BF00BF18
:103A10001430FFF775BF00BF1430FFF75BBF00BF66
:103A200090F8233203B9704710B54FF0FF310446C8
:103A3000D0F8240201F036F90023D4F824021A4603
:103A4000BDE81040194600F03DBD00BF10B5036849
:103A50000F4A5B6882B093428DF8071012D104467A
:103A60004FF0FF31D0F8240201F01CF99DF8073027
:103A700084F81D31226901231846C2F84835936045
:103A800002B010BD01220DF10701984702B010BD30
:103A9000953A06002DE9F04716461AB307468846C0
:103AA00000F21D1A00254FF00109741BB4F5807F48
:103AB00028BF4FF480744FF0FF31D7F8240201F093
:103AC000F1F808EB0501224650460BF07FFB254438
:103AD0003B69AE42C3F84845C3F80890E5D828468C
:103AE000BDE8F08715462846BDE8F087036870B545
:103AF0001B6A744DAB4240F0AE800A4690F8231228
:103B00000446002940F09F80036990F81F02C3F823
:103B10000C0594F81E02C3F8140594F8220201283B
:103B200000F09D80C3F86C15B2F5966F45D9B2F5DB
:103B3000166F40F29F80B2F5965F40F29E80B2F51C
:103B4000165F40F29C80B2F5615F40F29A80B2F558
:103B5000964F40F29880B2F5E14F40F2968047F6DA
:103B600012218A4240F29380B2F5164F40F29280C1
:103B70004DF6C0218A4240F29080B2F5614F40F28A
:103B80008F80B2F5963F40F28E80B2F5E13F40F271
:103B90008C80B2F5613F40F28B804B498A4240F203
:103BA0008D80B2F5E12F40F28680B2F5612F94BF8F
:103BB0004FF070624FF0805201E04FF49E2294F972
:103BC0001D02C3F82425082104F21D120025C3F8A4
:103BD00000150028C3F8442504F58E71C3F8205160
:103BE0004FF001024FF48875C3F83415C3F8382537
:103BF0001A60C3F8045327DB344D410900F01F0657
:103C00002B186031B240602045F8212083F8000372
:103C100094F91D32002B07DB2C4903F01F00012211
:103C20005B09824041F8232003220021012000F09B
:103C3000D5FB00231A461946C4F8240200F042FCC2
:103C4000012384F8233270BD214A00F00F031A4487
:103C500060231376DCE7BDE870400022184794F833
:103C60002012C3F8101594F82112C3F80815C3F8F0
:103C70006C0559E74FF41D22A1E7164A9FE7164A43
:103C80009DE7164A9BE7164A99E7164A97E74FF4CD
:103C9000000294E74FF41D0291E74FF465028EE7AE
:103CA0004FF46B028BE7104A89E74FF0EB7286E71F
:103CB0004FF06C7283E74FF0E86280E74FF080626C
:103CC0007DE700BFED3C060090D0030000E100E07E
:103CD000FCEC00E000B013000050270000F03A00B8
:103CE00000A04E0000C0750000903A0190F8233209
:103CF000002B40F0B08070B50369044690F81F02B5
:103D0000C3F80C0594F81E02C3F8140594F82202B7
:103D100001284AD0B1F5966FC3F86C2554D9B1F596
:103D2000166F40F2A080B1F5965F40F29F80B1F52A
:103D3000165F40F29D80B1F5615F40F29B80B1F566
:103D4000964F40F29980B1F5E14F40F2978047F6E7
:103D50001222914240F29480B1F5164F40F29380C6
:103D60004DF6C022914240F29180B1F5614F40F290
:103D70009080B1F5963F40F28F80B1F5E13F40F27F
:103D80008D80B1F5613F40F28C804A4A914240F209
:103D90008E80B1F5E12F40F28780B1F5612F94BF9D
:103DA0004FF070624FF0805210E094F82002C3F898
:103DB000100594F82102C3F8080542F00102B1F59C
:103DC000966FC3F86C25AAD84FF49E2294F91D0271
:103DD000C3F82425082104F21D120025C3F800159C
:103DE0000028C3F8442504F58E71C3F820514FF024
:103DF00001024FF48875C3F83415C3F838251A60EA
:103E0000C3F8045328DB2C4D410900F01F062B1882
:103E10006031B240602045F8212083F8000394F916
:103E20001D32002B07DB244903F01F0001225B0930
:103E3000824041F8232003220021012000F0CEFA25
:103E400000231A461946C4F8240200F03BFB012364
:103E500084F8233270BD7047184A00F00F031A44EB
:103E600060231376DBE74FF41D22AFE7144AADE77A
:103E7000144AABE7144AA9E7144AA7E7144AA5E78E
:103E80004FF40002A2E74FF41D029FE74FF46502D2
:103E90009CE74FF46B0299E70E4A97E74FF0EB72FD
:103EA00094E74FF06C7291E74FF0E8628EE74FF0C5
:103EB00080628BE790D0030000E100E0FCEC00E0C2
:103EC00000B013000050270000F03A0000A04E00A0
:103ED00000C0750000903A0110B5114C2369D3F869
:103EE00010213AB10022C3F81021D3F83C2572B951
:103EF00001221A60D3F8202102B910BD0021D4F8A4
:103F00002402C3F82011BDE8104000F03FBD94F832
:103F10001C1104F11400FFF7CBFC2369E8E700BF94
:103F2000EC63012038B50E4C0E4A20464FF47A73EC
:103F3000002540F8142BC4E90153FFF7ADFC0A4BF0
:103F40000A48D3E906320221A4F82252C4F82452C6
:103F5000206184F81D1284F81E2284F81F3238BDB7
:103F6000EC630120A07707000C77070000200040D9
:103F700008B5094B1BB10948EEF7BEFC48B9084B20
:103F80001BB10848FFF7B4FC00B908BDAFF30080CF
:103F900008BDAFF30080F2E7000000006C3E012096
:103FA00000000000006401202DE9F84FDFF8FC81DB
:103FB000D8F8005004460F461646ADB3202C04D85E
:103FC00026F480739A1E022A02D90020BDE8F88FD9
:103FD000704A714D52F8241095F900000A0202F45B
:103FE0007C52C3F1050342EA03438142C6F3002237
:103FF00043F0010337D10024A60006F1804606F500
:10400000C0462955D6F810156448654D025521F073
:10401000031121F47C510B43012045F82470C6F8AC
:104020001035A040BDE8F88F294620225C480BF0EF
:10403000F5F8594A59495B4B0D604FF0FF30C2E922
:10404000000040224D60C3F88020BFF34F8FBFF3C4
:104050006F8F6021C3F8802183F806131A60012353
:10406000C8F80030AAE795F90160B14205D095F98A
:1040700002C0614503D10224BEE70124BCE795F9E3
:1040800003E071454AD095F9048041455CD095F92B
:10409000059049456ED095F906A0514578D095F91F
:1040A00007B08B4501D10724A6E7013023D13E4854
:1040B000D0F8104514F003041DD1A00000F1804099
:1040C00000F5C0402955D0F81015354D21F00311E9
:1040D00021F47C510B43C0F810350023C0F80031A7
:1040E0002E49314B45F824700120A0400A55C3F8F1
:1040F0000403BDE8F88F013606D12B48D0F814052B
:10410000800701D10124D8E7BCF1FF3F08D1264840
:10411000D0F81805860703D10224CEE703246BE705
:10412000BEF1FF3F06D12048D0F81C05840701D11D
:104130000324C2E7B8F1FF3F08D11B48D0F820059F
:10414000800703D10424B8E7042455E7B9F1FF3F01
:1041500006D11548D0F82405860701D10524ACE71F
:10416000BAF1FF3F08D11048D0F82805840703D1E1
:104170000624A2E705243FE7BBF1FF3F7FF425AF0C
:104180000948D0F82C0580077FF41FAF072494E777
:10419000062431E70C7707003C66012014660120F5
:1041A0001C66012000E100E0006000404466012040
:1041B0002DE9F0431B4B1C4FD3F80463DFF86C80F0
:1041C000DFF86C9085B000250123AC00AB4004F112
:1041D0008044334204F5C0440FD0D4F8003163B1B9
:1041E000EB57013306D058F825201AB115F80930DD
:1041F0007BB990470023C4F800310135082DE3D185
:10420000BFF34F8F00BF00BF00BF00BF05B0BDE8C8
:10421000F08300210091084603AB039103F020F9DD
:10422000E8E700BF006000403C6601201C660120FA
:104230001466012000B970470BF076BE884238B58D
:10424000054607DA0C1A0BF093FE90FBF4F101FB24
:1042500014010D44284638BDFEE700BFD0B50B461B
:1042600086B0144657EC106B0246064901A80BF0C5
:10427000FFFE32463B4601A920460BF0F9FE2046E0
:1042800006B0D0BDCC77070008B501F015FA4FF4A1
:104290007A73A0FB0323900A40EA835008BD00BF55
:1042A000014638B54FF47A7200238002890D0AF076
:1042B000CFFC044601F000FA0546EEF79BFA01F048
:1042C000FBF9431B9C4200D838BD2C44201ABDE8A2
:1042D000384001F029BB00BF10B5044601F080FD55
:1042E000022804D02046BDE810400AF0FBBE01F0D1
:1042F000DBF920460AF0F6FE044601F085FA0CB11F
:10430000204610BD02F0DEFFFAE700BF10B50446FC
:1043100001F066FD02280AD144B101F0C5F920463A
:104320000AF0E8FEBDE8104001F06EBA10BD20466C
:10433000BDE810400AF0DEBE10B582B0019001F079
:10434000B3F901980AF0CEFE044601F05DFA14B10B
:10435000204602B010BD02F0B5FF204602B010BDED
:1043600050B110B5044601F09FF920460AF0C2FE94
:10437000BDE8104001F048BA704700BF38B51C4690
:104380009DF8105043B3002908BF1A460123C4E921
:104390000F01226084F8463002F07AF8D4E90F1356
:1043A0002268A26001FB03F1CB1A134400200A44E7
:1043B000FF21A063E36084F84410626084F8451034
:1043C00004F1100003F024FB04F1240003F020FBAF
:1043D00002F068F884F84C50204638BDF8B506461F
:1043E00017460D4669B100FB01F05030FFF7A4FFFE
:1043F000044690B3002200F1500380F84620036089
:1044000007E05020FFF798FF044630B384F8465089
:104410002460C4E90F6502F03BF8D4E90F13226869
:10442000A26001FB03F1CB1A134400200A44FF21D0
:10443000A063E36084F84410626084F8451004F1DE
:10444000100003F0E5FA04F1240003F0E1FA02F0B1
:1044500029F884F84C702046F8BD00242046F8BDA9
:10446000F8B5064650200D46FFF766FF044630B308
:1044700000272060C66380F84670076402F008F8E1
:10448000D4E90F322168A76303FB02F39A1A0A44A6
:104490000B44FF26C4E90131E26084F8446004F172
:1044A000100084F8456003F0B3FA04F1240003F02F
:1044B000AFFA01F0F7FF0223A56384F84C302046E1
:1044C000F8BD00BF2DE9F047044684B01F460192B5
:1044D000884600F1240601F0DBFFA26BE36BDFF8F6
:1044E00040939A424FF0000A7CD3022F00F0E880FC
:1044F000019D002D00F0128102ADBAF1000F00F015
:10450000DB8001F0CFFF01F0CFF801F0C1FF94F89C
:104510004430FF2B04BF002384F8443094F8453026
:10452000FF2B04BF002384F8453001F0BBFF284671
:1045300001A901F0FFFB002840F0F68001F0A8FF80
:10454000A26BE36B9A4261D001F0ACFF01F0A0FFD7
:1045500094F845506DB2002D05DC12E06B1E13F08F
:10456000FF0F5DB20DD0636A304653B101F084FB9A
:104570000028F3D001F012FC6B1E13F0FF0F5DB2A8
:10458000F1D1FF2384F8453001F08CFF01F080FF6A
:1045900094F844506DB2002D15DD04F1100A04E0CA
:1045A0006B1E13F0FF0F5DB20DD02369504653B15F
:1045B00001F062FB0028F3D001F0F0FB6B1E13F05A
:1045C000FF0F5DB2F1D1FF2384F8443001F06AFFA0
:1045D00001F01AF901F05CFFA26BE36B9A424FF015
:1045E000010A82D2226CA56B002A40F0E78026687F
:1045F000002E00F0F9800135A563636A002B7CD1A1
:1046000001F050FF012004B0BDE8F08704F1100A6A
:1046100001F048FF0199504601F0B2FA01F038FF6D
:1046200094F845506DB2002D05DC12E06B1E13F0BE
:10463000FF0F5DB20DD0636A304653B101F01CFB31
:104640000028F3D001F0AAFB6B1E13F0FF0F5DB240
:10465000F1D1FF2384F8453001F024FF01F018FF69
:1046600094F844506DB2002D05DC12E06B1E13F07F
:10467000FF0F5DB20DD02369504653B101F0FCFA33
:104680000028F3D001F08AFB6B1E13F0FF0F5DB220
:10469000F1D1FF2384F8443001F004FF01F0B4F8B5
:1046A000002897D14FF08053C9F8043040BFBFF3C2
:1046B0004F8FBFF36F8F8DE7284601F02FFB20E768
:1046C000226CA56B002A92D04146E0680AF07EFD7C
:1046D000226CE36821689B1A8B42E360C2F10002FE
:1046E00004D263681A44E260022F84D1002D83D182
:1046F0000123A363636A002B82D004F1240001F03C
:10470000BBFA00283FF47CAF454B4FF080525A6013
:1047100040BFBFF34F8FBFF36F8F71E701F0C2FE51
:10472000284604B0BDE8F08701F0B2FE94F8455089
:104730006DB2002D15DD04F1240604E06B1E13F0AC
:10474000FF0F5DB20DD0636A304653B101F094FAA9
:104750000028F3D001F022FB6B1E13F0FF0F5DB2B7
:10476000F1D1FF2384F8453001F09CFE01F090FE6A
:1047700094F844506DB2002D15DD04F1100604E0EC
:104780006B1E13F0FF0F5DB20DD02369304653B19D
:1047900001F072FA0028F3D001F000FB6B1E13F059
:1047A000FF0F5DB2F1D1FF2384F8443001F07AFEAF
:1047B00001F02AF8002004B0BDE8F087414607BBAD
:1047C000A0680AF003FDA368216C62680B44934261
:1047D000A360FFF410AF0135A563636A2268A2608D
:1047E000002B3FF40DAF88E76068013501F04EFB08
:1047F000A563636A6660002B7FF47FAF002883D1D6
:10480000FEE6E0680AF0E2FC226CE36821689B1A8D
:104810008B42E360C2F10002BFF466AF61E700BF04
:1048200000ED00E0F8B50C4679B3002501232160C6
:10483000C1E90F3581F84630064601F029FED4E97A
:104840000F322168A56303FB02F39A1A0A440B4452
:10485000FF27C4E90131E26084F8447004F11000DC
:1048600084F8457003F0D4F804F1240003F0D0F884
:1048700001F018FEC4E90055E56084F84C602B4651
:104880002A4629462046FFF71DFE2046F8BD00BFF8
:104890002DE9F043044683B016469946EFF311889C
:1048A000402282F31188806BE26B90421ED3022B70
:1048B00005D0002088F3118803B0BDE8F08394F898
:1048C0004550226CA76B6DB232BB2368002B47D0DA
:1048D00001376B1CA76335D001356DB284F84550A4
:1048E000012088F3118803B0BDE8F08394F84550A7
:1048F000226CA76B6DB2002AE7D0002B38D1A068DC
:104900000AF064FCA368216C62680B449342A360C4
:1049100024BF2368A360DBE7E0680AF057FC226C41
:10492000E0682168801A8842E060C2F1000205D286
:1049300061680A44E260B9F1020FC9D1012F38BFA2
:104940000127C6E7636A002BCAD004F1240001F0F6
:1049500093F90028C4D0002EC2D001203060A9E70E
:104960006068019301F092FA019B63600137B0E740
:10497000E0680AF02BFC226CE0682168801A88420B
:10498000E060C2F10002D6D2D2E700BF10B582B01B
:10499000EFF31184402383F31188836BC26B9A4237
:1049A0000FD990F845200133FF2A836353B20DD00D
:1049B00001335BB280F84530012084F3118802B0E6
:1049C00010BD002084F3118802B010BD436A002B93
:1049D000F2D02430019101F04FF90028ECD0019978
:1049E0000029E9D001200860ECE700BF2DE9F04381
:1049F000044685B00F46019201F04AFDA56B002DDB
:104A000040F02781019B002B00F0D28002A801F02A
:104A100085F9DFF88C8204F1240601F043FD00F0F3
:104A200043FE01F035FD94F84430FF2B04BF002312
:104A300084F8443094F84530FF2B04BF002384F8F9
:104A4000453001F02FFD01A902A801F073F90028FB
:104A50005BD101F01DFDA36B002B40F0AF8001F096
:104A600021FD0199304601F08BF801F011FD94F819
:104A700045506DB2002D05DC12E06B1E13F0FF0FE8
:104A80005DB20DD0636A304653B101F0F5F80028ED
:104A9000F3D001F083F96B1E13F0FF0F5DB2F1D17B
:104AA000FF2384F8453001F0FDFC01F0F1FC94F89F
:104AB00044506DB2002D15DD04F1100904E06B1EA9
:104AC00013F0FF0F5DB20DD02369484653B101F0DA
:104AD000D3F80028F3D001F061F96B1E13F0FF0F3B
:104AE0005DB2F1D1FF2384F8443001F0DBFC00F02B
:104AF0008BFE002853D14FF08053C8F8043040BFDC
:104B0000BFF34F8FBFF36F8F49E001F0C1FC94F802
:104B100045506DB2002D05DC12E06B1E13F0FF0F47
:104B20005DB20DD0636A304653B101F0A5F800289C
:104B3000F3D001F033F96B1E13F0FF0F5DB2F1D12A
:104B4000FF2384F8453001F0ADFC01F0A1FC94F89E
:104B500044506DB2002D15DD04F1100904E06B1E08
:104B600013F0FF0F5DB20DD02369484653B101F039
:104B700083F80028F3D001F011F96B1E13F0FF0F3A
:104B80005DB2F1D1FF2384F8443001F08BFC00F0DA
:104B90003BFE01F07DFCA36B53B101F083FC01F0FF
:104BA00077FCA56B002D54D1019B002B7FF435AF12
:104BB00001F078FC002005B0BDE8F08301F072FC44
:104BC00001F066FC94F845506DB2002D05DC12E052
:104BD0006B1E13F0FF0F5DB20DD0636A304653B108
:104BE00001F04AF80028F3D001F0D8F86B1E13F05A
:104BF000FF0F5DB2F1D1FF2384F8453001F052FC84
:104C000001F046FC94F844506DB2002D15DD04F11E
:104C1000100904E06B1E13F0FF0F5DB20DD0236985
:104C2000484653B101F028F80028F3D001F0B6F857
:104C30006B1E13F0FF0F5DB2F1D1FF2384F84430F7
:104C400001F030FC00F0E0FD01F022FCA56B002D2E
:104C5000AAD0226C52B1E168636811449942E160C4
:104C600024BF2168E16038460AF0B0FA013DA5632F
:104C700023692BB901F016FC012005B0BDE8F083D3
:104C800004F1100000F0F8FF0028F3D0044B4FF0BF
:104C900080525A6040BFBFF34F8FBFF36F8FE9E779
:104CA00000ED00E02DE9F043044685B000F1240654
:104CB000019101F0EDFBA36BDFF8DC820027B94620
:104CC000002B40F0D780019D002D00F0418102AD06
:104CD000B9F1000F00F0DE8001F0E4FB00F0E4FC2D
:104CE00001F0D6FB94F84430FF2B04BF002384F876
:104CF000443094F84530FF2B04BF002384F845303E
:104D000001F0D0FB284601A901F014F800285FD17A
:104D100001F0BEFBA36B002B40F0C88001F0C2FB8A
:104D20002368002B00F01B810199304600F028FF1A
:104D300001F0AEFB94F845506DB2002D05DC12E099
:104D40006B1E13F0FF0F5DB20DD0636A304653B196
:104D500000F092FF0028F3D001F020F86B1E13F052
:104D6000FF0F5DB2F1D1FF2384F8453001F09AFBCB
:104D700001F08EFB94F844506DB2002D15DD04F166
:104D8000100904E06B1E13F0FF0F5DB20DD0236914
:104D9000484653B100F070FF0028F3D000F0FEFF4A
:104DA0006B1E13F0FF0F5DB2F1D1FF2384F8443086
:104DB00001F078FB00F028FD002853D14FF080531C
:104DC000C8F8043040BFBFF34F8FBFF36F8F49E087
:104DD00001F05EFB94F845506DB2002D05DC12E049
:104DE0006B1E13F0FF0F5DB20DD0636A304653B1F6
:104DF00000F042FF0028F3D000F0D0FF6B1E13F04C
:104E0000FF0F5DB2F1D1FF2384F8453001F04AFB7A
:104E100001F03EFB94F844506DB2002D15DD04F115
:104E2000100904E06B1E13F0FF0F5DB20DD0236973
:104E3000484653B100F020FF0028F3D000F0AEFF49
:104E40006B1E13F0FF0F5DB2F1D1FF2384F84430E5
:104E500001F028FB00F0D8FC01F01AFBA36BEBB1CA
:104E600001F020FB01F014FBA36B4FF00109002BB4
:104E70003FF429AF2268013BA363002A00F0888039
:104E80002369002B74D101F00DFB0127384605B0D2
:104E9000BDE8F083284600F041FF1DE701F002FB6A
:104EA000002F4AD1384605B0BDE8F08301F0FAFA88
:104EB00001F0EEFA94F845506DB2002D05DC12E0D9
:104EC0006B1E13F0FF0F5DB20DD0636A304653B115
:104ED00000F0D2FE0028F3D000F060FF6B1E13F04C
:104EE000FF0F5DB2F1D1FF2384F8453001F0DAFA0B
:104EF00001F0CEFA94F844506DB2002D15DD04F1A6
:104F0000100904E06B1E13F0FF0F5DB20DD0236992
:104F1000484653B100F0B0FE0028F3D000F03EFF49
:104F20006B1E13F0FF0F5DB2F1D1FF2384F8443004
:104F300001F0B8FA00F068FC94E701F0A9FA616AA0
:104F400019B1236B1968C1F10501606800F0CEFF4B
:104F500001F0A8FA0027384605B0BDE8F08301F05B
:104F600097FA606800F04CFF074601F09BFADBE619
:104F700004F1100000F080FE002884D0064B4FF0B2
:104F800080525A6040BFBFF34F8FBFF36F8F7AE7F5
:104F900000F0E6FF606073E700ED00E0104B5A6838
:104FA000904208D0DA68904208BF012204D090F8FD
:104FB000463093B170470022002110B403EBC204C5
:104FC00043F8321090F84630616013B15DF8044B3D
:104FD00070475DF8044BFFF7C3B9FFF7C1B900BFD5
:104FE00038730120074B1A681AB19A6802B17047EA
:104FF000012210B403EBC20443F8321060605DF884
:10500000044B70473873012070B504460E461546B0
:1050100001F03EFA94F84430FF2B04BF002384F8DB
:10502000443094F84530FF2B04BF002384F845300A
:1050300001F038FAA36B002B45D001F029FA94F85F
:1050400045506DB2002D15DD04F1240604E06B1E01
:1050500013F0FF0F5DB20DD0636A304653B100F01C
:105060000BFE0028F3D000F099FE6B1E13F0FF0F2B
:105070005DB2F1D1FF2384F8453001F013FA01F05D
:1050800007FA94F844506DB2002D15DD04F11006B6
:1050900004E06B1E13F0FF0F5DB20DD023693046A4
:1050A00053B100F0E9FD0028F3D000F077FE6B1E4D
:1050B00013F0FF0F5DB2F1D1FF2384F84430BDE857
:1050C000704001F0EFB92A46314604F1240000F0A7
:1050D00093FDB2E72DE9F041044601F0D9F9344AD5
:1050E000344D1368013313602B68002B30D0324EDF
:1050F000336833B3E36A3148314907680A689F422D
:1051000038BF03602F48013203EB83030A6000EBD2
:105110008300E263211D02F08BFC01F0C3F93368C8
:105120006BB12A68E36AD26A9A4208D2264B4FF0E2
:1051300080525A6040BFBFF34F8FBFF36F8FBDE8FF
:10514000F0812A68E36AD26A9A4298BF2C60D2E75B
:105150002C601368012B02D0E36A174ECBE7194885
:10516000DFF89080194F144E02F052FC184802F0FC
:105170004FFC184802F04CFC174802F049FC174855
:1051800002F046FC404602F043FC384602F040FC88
:10519000134802F03DFC134802F03AFC124802F0BA
:1051A00037FC124B124AC2F800801F60E36AA2E784
:1051B000B86601204866012018670120CC660120EE
:1051C000C86601205466012000ED00E0E46601207D
:1051D000686601207C66012090660120A46601209B
:1051E00004670120306701201C6701205066012000
:1051F0004C660120D06601202DE9F843DDE909C4A1
:10520000002C66D0BCF1000F60D00D469600984689
:105210000223324684F85130A5210746C4F830C035
:10522000604609F0FBFF2A7884F83420236B297844
:10523000321F1A4422F0070601B36B7884F8353028
:105240006B78DBB1AB7884F83630AB78B3B1EB7800
:1052500084F83730EB788BB12B7984F838302B79A0
:1052600063B16B7984F839306B793BB1AB7984F8F1
:105270003A30AB7913B1EB7984F83B30089D042DBB
:1052800028BF04254FF00009E5626564201D84F8FD
:105290003B90C4F8489002F0C7FBC5F1050504F146
:1052A000180002F0C1FBC4F84C9042463946A56193
:1052B000246184F850906462304601F0ADF82060BB
:1052C0002046FFF707FF2046BDE8F8836046BDE8AB
:1052D000F8832046BDE8F8832DE9F0479600804624
:1052E00030460D469946FFF727F8002862D007465A
:1052F0005420FFF721F8044600285FD000230763FD
:10530000324684F851303846A52109F087FF2B78C2
:1053100084F834302B78D4F830A003B36B7884F859
:1053200035306B78DBB1AB7884F83630AB78B3B11D
:10533000EB7884F83730EB788BB12B7984F8383000
:105340002B7963B16B7984F839306B793BB1AB79E8
:1053500084F83A30AB7913B1EB7984F83B30089D8F
:10536000042D28BF04250027E5626564201D84F80C
:105370003B70A764043E02F057FBC5F1050504F13C
:105380001800564402F050FBE764A56126F00700C0
:1053900084F85070246164624A46414601F03CF84A
:1053A000099B206003B11C602046FFF793FE01209B
:1053B000BDE8F0874FF0FF30BDE8F0873846FEF7D4
:1053C000CFFF4FF0FF30F3E770B50446534E01F0C6
:1053D0005FF8002C00F08280251D284602F050FB6B
:1053E000A36A1BB104F1180002F04AFB29464C489D
:1053F0004C4D02F01DFB94F85030012B04BF0023EC
:1054000084F8503001F04EF82B68002B57D13368E8
:10541000A34200D070BD2B68002B66D14049424AA0
:105420000968126891426AD0404B1B68002B68D112
:105430003F4A13603268336812681B6B9A4266D920
:105440003C4C3D4B226802EB8200800091001858D2
:1054500028BB501E00EB8005AD0081005D59002D7A
:1054600053D1901E00EB8005AD0081005D59002DE9
:105470004BD1D01E00EB8005AD0081005D59002DA1
:1054800043D1101F00EB8005AD0081005D59002D58
:105490003BD1053A02EB820080009100185811447C
:1054A00003EB810003464168496841600833994233
:1054B00004BF49684160CB683360226070BD00F072
:1054C000E7FF1E4B1A68126852B11A681C4BD2686B
:1054D000D26852681A6000F0E5FF98E734687BE70D
:1054E000174B4FF0FF321A60F5E7164B4FF0805222
:1054F0005A6040BFBFF34F8FBFF36F8F70BD3360F3
:1055000070BD0B4B01221A6070BD0246C7E73068C0
:105510003168343101F0D4FE92E700BF48660120C3
:105520001C67012018670120B8660120C4660120AD
:1055300048670120CC660120546601204C6601209A
:10554000FC66012000ED00E098B130B51D4D2B68E0
:10555000834283B004460AD000F09AFF1A4B626976
:105560009A4207D003B0BDE8304000F09BBF03B0C3
:1055700030BD7047A36A154A9342F3D0002BF1D196
:10558000211D0846019102F07BFA114AE36A106876
:10559000019983420F4888BF136003EB830300EB3C
:1055A000830002F045FA2B68E26ADB6A9A42D9D39B
:1055B000094B4FF080525A6040BFBFF34F8FBFF38B
:1055C0006F8FCFE7486601201C6701200467012028
:1055D000CC6601205466012000ED00E070B584B077
:1055E000002503AA02A901A8CDE9015501F06CFE2E
:1055F000019C002C46D00298002843D0039E2063D3
:105600000223B6003246A52184F8513009F006FE87
:10561000206B1F4B6363043E0644C4E91155201DF3
:1056200084F8385084F83B50E56202F0FDF904F14B
:10563000180002F0F9F926F0070605231549A361C1
:105640002A46E56430462461646284F8505000F0D4
:10565000E3FE20602046FFF73DFD0F4B1C6000F08D
:10566000EFFD012811D1402383F311880B490C4A27
:105670000C4B4FF0FF340C6010601D6000F0E2FE38
:1056800004B070BD044B00221A6004B070BD00BFAE
:1056900049444C45AD590600F8660120FC660120DE
:1056A0001867012044670120024A13680133136020
:1056B000704700BFC4660120014B1868704700BFE7
:1056C00044670120024A136818441060704700BF05
:1056D000446701202DE9F04F404B1B6883B0002B3D
:1056E00046D13F4B1E6801361E60002E4ED0DFF8BB
:1056F00008B1DBF80030B3425FD83A4F3B681D6811
:10570000002D65D0DFF8F480DFF8F4A0DFF8F49026
:10571000002522E0019102F0B3F9A36A019904F196
:10572000180013B102F0ACF90199E36AD8F800202F
:1057300003EB830093420AEB800088BFC8F8003077
:1057400002F076F9D9F800203B68E16AD26A1B685A
:10575000914228BF0125002B3AD03B68DB68DC680A
:105760006368211D9E420846D4D2CBF8003004E085
:105770001D4A13680133136000251C4B1B68002B66
:105780000CBF2846012003B0BDE8F08F154B184A26
:105790001868184914681C6010600A6801320A60B1
:1057A0001A6812685AB9DFF850B04FF0FF33CBF8DF
:1057B0000030DBF80030B3429FD90025DDE71B68DD
:1057C000DFF834B0DB68DB685B68CBF8003090E76B
:1057D0004FF0FF33CBF80030CFE700BFC4660120A5
:1057E000446701204C660120C06601204867012003
:1057F0005066012000670120FC660120CC66012074
:1058000054660120486601202DE9F04F83B000F076
:105810003FFE3A4B1A68013A1A601B68002B55D1BB
:10582000374B1B68002B51D0364D2B68002B62D0B4
:10583000354EDFF8EC80354FDFF8E8904FF0010A85
:10584000EB68DC6804F1040B04F1180002F018F9AD
:10585000584602F015F9E36A326803EB830093427D
:10586000594608EB800088BF336002F0E1F83B68DE
:10587000E26ADB6A9A4231D3C9F800A02B68002B98
:10588000DED1234B1A681268002A2FD01A68214BE8
:10589000D268D26852681A601F4E346844B101253C
:1058A000FFF718FF08B1C9F80050013CF8D1346087
:1058B000D9F8003053B1194B4FF080525A6040BFB5
:1058C000BFF34F8FBFF36F8F012000E000200190E6
:1058D00000F0E8FD019803B0BDE8F08F2B68002BC5
:1058E000AED10B4B1A681268002ACFD1094B4FF08A
:1058F000FF321A60D0E7DFF82C90CDE7C4660120B4
:10590000B866012004670120CC66012048660120AA
:105910004C660120FC660120C066012000ED00E01D
:10592000546601204867012070B548B9184B4FF004
:1059300080525A6040BFBFF34F8FBFF36F8F70BD6F
:10594000144A15491368154D013313600E68044657
:105950002868043002F094F82B68A4195C600FD218
:105960000F4B18682968043102F072F80D4B1A6861
:10597000944238BF1C60FFF747FF0028D6D070BDA7
:10598000094B18682968043102F062F8F3E700BF98
:1059900000ED00E0C4660120446701204866012054
:1059A0004C660120FC660120506601202DE9F84F6D
:1059B0003A4CDFF804913A4D3A4EDFF800813A4F05
:1059C000DFF8FCB02368EBB100F062FDD9F80C30D1
:1059D000D3F80CA00AF1040002F052F82B68013B46
:1059E0002B602368013B236000F05CFD9AF8513086
:1059F000002B34D0012BE5D15046FEF7B1FC2368D3
:105A0000002BE1D13368012B08D94FF08053CBF83C
:105A1000043040BFBFF34F8FBFF36F8F00F0E8FE3D
:105A2000D8F800301BBB3B68DB6A002BCAD1336857
:105A3000012BC7D81D4B1E4A1B6812689B1A012BED
:105A4000C0D91C4A136801331360D8F80030A3B1E1
:105A50003B68DB6A03B93368FFF7D6FEB2E7DAF8D2
:105A60003000FEF77DFC5046FEF77AFCAAE73B6863
:105A7000DB6A002BA6D13368A4E73B68DB6A002B06
:105A8000EAD13368012BE7D8084B1868084B1B682C
:105A9000C01A0128E0D900F075FDDDE7BC660120E1
:105AA000B86601205466012048660120FC6601208A
:105AB00044670120C466012030670120CC660120C4
:105AC00000ED00E0294B1B681BB1294B01221A6035
:105AD0007047274A70B5274C136022682368126804
:105AE0001B6B9A423CD9244D244B2A6802EB82005E
:105AF00080009100185808BB501E00EB8006B600CD
:105B000081009E5956BB901E00EB8006B6008100B6
:105B10009E591EBBD01E00EB8006B60081009E5928
:105B2000E6B9101F00EB8006B60081009E59AEB9A1
:105B3000053A02EB8200800091001858114403EBF3
:105B4000810003464168496841600833994204BFB7
:105B500049684160CB6823602A6070BD0246EDE76A
:105B600020682168343101F0ABFBBCE7C46601203A
:105B70004867012048660120CC6601205466012058
:105B800070B5174D2B680C4603F1180101F060FF4A
:105B9000144B1E682868043001F072FF631C17D094
:105BA0002B68A4195C6007D30F4B18682968BDE8FF
:105BB0007040043101F04CBF0C4B18682968043167
:105BC00001F046FF0A4B1A68944238BF1C6070BD52
:105BD00029680848BDE87040043101F029BF00BFC2
:105BE0004866012044670120506601204C66012070
:105BF000FC6601201C67012070B5194D2B68164604
:105C00000C4603F1180101F013FF164B5EB11B683F
:105C10002868043001F034FF29681348BDE870405B
:105C2000043101F005BF1E682868043001F028FF28
:105C30002B68A4195C6007D30C4B18682968BDE871
:105C40007040043101F004BF094B18682968043121
:105C500001F0FEFE074B1A68944238BF1C6070BD0D
:105C600048660120446701201C670120506601201E
:105C70004C660120FC66012030B5C368DC6804F185
:105C8000180583B0284601F0FBFE1C4B1B683BBB8C
:105C9000211D0846019101F0F3FE194AE36A1068DC
:105CA00001998342174888BF136003EB830300EB1D
:105CB000830001F0BDFE144BE26A1B68DB6A9A4266
:105CC00082BF124B01201860114B1A68126898BFEE
:105CD000002052B90F4B4FF0FF321A6003B030BDB5
:105CE0000D48294601F0A4FEE5E71A68094BD26881
:105CF000D26852681A6003B030BD00BFC46601208C
:105D0000CC660120546601204866012048670120C6
:105D10004C660120FC66012004670120034A044B05
:105D200012681B68C0E90023704700BF00670120AC
:105D300044670120F0B50D4683B0044600F0A8FB8F
:105D40002B68144A591C10681DD0DFF84CC0D4E9E8
:105D50000061DCF80070BE4208D0814206D8012004
:105D6000019000F09FFB019803B0F0BD471ABB42C1
:105D70000BD91B1A0B44DCF8001012682B600020B2
:105D8000C4E90012ECE70020EAE700232B600120C1
:105D9000E6E700BF4467012000670120014B0122B4
:105DA0001A60704748670120094B186818B9094BF9
:105DB0001B6813B1704700207047074A074B1068F3
:105DC0001B68013B984214BF01200220704700BFAE
:105DD00004670120486701201C670120B866012084
:105DE000054B1B6833B1054B1B68002B0CBF022011
:105DF000002070470120704718670120C466012009
:105E000070B5044682B0C8B11D4DC36A2A68D26A13
:105E1000934215D28269002A04DB2A68D26AC2F151
:105E200005028261174E626903EB830306EB83036D
:105E30009A420ED02B68DB6AE362012002B070BD8B
:105E40002B68406CDC6AA0422CBF0020012002B00D
:105E500070BD211D0846019101F012FE2A680A4B0F
:105E6000D06A1A680199E062904200D9186000EB8C
:105E7000800006EB800001F0DBFD0120DEE700BFC3
:105E80004866012054660120CC66012068B130B517
:105E9000836CC16A426C013B914283B004468364C7
:105EA00000D023B1002003B030BD00207047011D99
:105EB0000846019101F0E4FD0A4A636C1068E36250
:105EC0008342094888BF1360C3F1050503EB8303D0
:105ED00000EB83000199A56101F0AAFD012003B048
:105EE00030BD00BFCC6601205466012070B130B5D2
:105EF000426CC36A914238BF11468B4283B004465C
:105F000002D0826C012A02D003B030BD7047826992
:105F1000114DC162002A03EB83034269A8BFC1F19E
:105F2000050105EB8303A8BF81619A42ECD1011DF5
:105F30000846019101F0A4FD084BE06A1A68019936
:105F4000904288BF186000EB800005EB800003B032
:105F5000BDE8304001F06CBD54660120CC660120E4
:105F6000044B1A681AB119688A6C01328A6418687D
:105F7000704700BF486601202DE9F0431D4EDFF851
:105F80007C9085B04FF000080CE0DB68DC681F688F
:105F9000251D284601F074FD636A20469847E36991
:105FA000012B0AD033681A68002AEED1124A116810
:105FB0003160136005B0BDE8F083A3693B449F42A4
:105FC000294610D3D9F80030002BEBD0CDE900875B
:105FD0000294FFF705FF0023D9F800001A4669462E
:105FE000FEF770FADEE730686360246101F030FD8F
:105FF000D8E700BF4C67012050670120D06901201D
:106000002DE9F04F894E8A4CDFF82C82894DDFF85C
:106010002CA28BB03368D3F800B0BBF1000F00F0B6
:10602000A980DB68D3F800B0FFF73EFBFFF744FB25
:1060300022688242814600F2AE808345206040F2B1
:10604000BF8000222868ABEB0901FEF7DDFFFFF7F8
:10605000DBFB40B94FF08053CAF8043040BFBFF3B8
:106060004F8FBFF36F8F2868002202A9FEF7BEFC96
:106070000028CFD0029B002B73DBDDF81090D9F8FD
:1060800014301BB109F1040001F0FAFCFFF714FB16
:10609000236898420746C0F08580029B2760092B41
:1060A000E1D801A252F823F0D1600600D1600600C9
:1060B000D1600600676006002B6106005361060090
:1060C000D1600600D1600600676006002B61060003
:1060D0000398D9F81830C9F81090C2182CBF0121C4
:1060E0000021BA42C9F804205FD8381A834228D860
:1060F000D9F8243048469847D9F81C302868012B35
:10610000B2D10028B0D0D9F81820039B0021134445
:10611000CDE907390691FFF763FE002328681A4688
:1061200006A9FEF7CFF928689EE7039BC9F81090EF
:10613000DA19BA42C9F81830C9F8042039D8002B46
:1061400091D0D8F8000009F1040101F081FC286821
:106150008AE799F82C30002B85D14846FEF700F9E4
:1061600081E7039BDDE904019847029B002BFFF6C2
:106170007AAF82E7FFF798FAFFF79EFA226890421B
:10618000814608D3D8F80020C4F800901268B2FA0B
:1061900082F2520956E7FFF7EFFEC4F80090FFF7CE
:1061A00033FB60E7FFF7E8FE77E7B84201D9002943
:1061B0009ED0306809F1040101F04AFC286853E7D9
:1061C000FFF722FB3268D268D768391D0846019173
:1061D00001F056FCF8690199012803D07B6A384622
:1061E000984740E7BA693F610BEB02004845786089
:1061F00003D9306801F02CFCF0E7A9EB0B039A42BD
:106200000FD82B68002BE9D00023CDE9063B089777
:10621000FFF7E6FD002328681A4606A9FEF752F9A3
:10622000DCE7D8F8000001F013FCD7E74C67012049
:106230007C690120D06901205067012000ED00E059
:10624000F0B51F4C89B000F023F92568F5B100F0D6
:1062500029F92068C0B1002407AA06A905A8CDE93C
:10626000054401F03FF8DDE905310222CDE90021C6
:106270000293079A134914482346FEF7BDFF134BB8
:106280001860001B18BF012009B0F0BD104F114E5F
:10629000384601F0BDFB304601F0BAFB0E4A0F490B
:1062A00000950F4B17600E600E4A10212020FEF75C
:1062B00065F820600028CAD00B49FEF793FEC6E7B8
:1062C000D0690120E077070001600600D469012051
:1062D00054690120686901204C6701205067012042
:1062E0008069012054670120D87707002DE9F04F1D
:1062F000074685B03020884616461D46FEF71CF836
:106300000446A0B1DFF8849000F0C2F8D9F800305C
:106310008BB100F0C7F80E9B6362C4E90686276064
:106320002562201D01F080FB002384F82C302046DC
:1063300005B0BDE8F08FDFF858B0DFF858A0039340
:10634000584601F065FB504601F062FB0A4A0B49D2
:10635000039B00932020C2F800B0C1F800A0084BB6
:10636000084A1021FEF70AF8C9F800000028D0D02A
:106370000549FEF737FECCE74C6701205067012046
:106380008069012054670120D8770700D069012077
:10639000546901206869012050B5144E346885B0F5
:1063A000C4B10529CDE9001202900BDCFFF718FDFE
:1063B000022812D0002330681A466946FEF782F898
:1063C00005B050BD1A46204600236946FEF760FA24
:1063D00005B050BD204605B050BD3068089A002376
:1063E0006946FEF76FF805B050BD00BFD0690120C7
:1063F00010B5044682B000F04BF86069003818BF51
:106400000120019000F04EF8019802B010BD00BFCD
:10641000402383F31188FEE730B46FF00203084C89
:1064200040F80C4C4FF0807540F8045C40F8081CB4
:1064300040F8202C40F8243C30BC4438704700BF62
:10644000116406000F4C08B5E02384F8223000F0F8
:106450007BF80D4B0D4A00211960D4F8883043F4C5
:106460007003C4F88830536843F040435360236995
:1064700043F01003236100F069F9402383F311888E
:10648000FEE700BF00ED00E0D869012030EF00E03A
:10649000402383F31188024A136801331360704765
:1064A000D8690120034A1368013B13600BB983F3D9
:1064B00011887047D869012041DF704712DF7047AB
:1064C00070B51D4B00221A6082B01B680193019BBE
:1064D000EFF31186402383F311881849184BD1F844
:1064E00004451A601B680093009BFFF7E5F8201A2B
:1064F00020F07F4323F0010320F07F459BB96C1E01
:106500006DB10025FFF7E6F8013C631C45EA000584
:10651000F8D125B10B4B4FF080525A6040BF86F343
:10652000118802B070BDFFF75BFC0228E7D0FFF7CF
:10653000D1F80546EDE700BF4011014000100140D1
:106540000011014000ED00E00B4B0C4930B41F205E
:106550000B4DC3F8080501220224E020C3F80423F0
:106560002A601A60C3F8444381F811034FF40033E2
:106570000B6030BC704700BF0010014000E100E03C
:10658000081001402DE9F041054684B0EFF3108278
:1065900072B6634CA36883B9624B63480121A16062
:1065A000D3F8801001402160C3F88000D3F8841034
:1065B00061604FF0FF31C3F8841002B962B65B4EE0
:1065C000D6F80485FFF7F0FB78B3594F594AAF422C
:1065D00028BF2F4607EB080323F07F4301214FF02C
:1065E000000CC6F80813C6F84035C2F800C013689E
:1065F00001934FF480330198C6F80433BFF34F8FF3
:1066000025BBC6F80833156012684B4B0392039AFA
:106610001D601B680293434B029AC6F804134FF4A3
:106620000032D6F80415C3F88021A3685BB1EFF3FC
:10663000108272B63B4B2168196061685960002373
:10664000A36002B962B604B0BDE8F081F1EE103A81
:1066500023F09F03E1EE103AF1EE103A314D4FF482
:1066600080634022C5F8842103A8C5F884318DF8E1
:106670000CC0FFF723FF9DF80C30002B4DD12B46AB
:1066800020BFD3F80011D3F804210A43F8D0274BD8
:106690002848294A4FF48031C3F8081300210160CB
:1066A0000068039003981160126802920122029917
:1066B000C3F80423D3F804351A4AA3EB080828F0DA
:1066C0007F48474528BF47464FF40033012FC2F8A3
:1066D000803120D9781EFEF7F5FF184BDB68DA0110
:1066E0000FD5174A1368DB070BD5164B516803FB10
:1066F00007F7A7F57427A7F51077BF0A01EB8717EF
:106700005760FEF7E7FF00288FD00F4B4FF0805205
:106710005A6040BF89E7F4D087E7FFF7CDFEB6E7C0
:106720004C73012000E100E0FC06FFBD00100140B9
:10673000FDFFFF004011014000110140F0ED00E0BD
:10674000001000E040420F0000ED00E00748006844
:1067500080F3088862B661B6BFF34F8FBFF36F8FC7
:106760004FF0E00080F3118800DF00BF00700200EE
:10677000064B19680868B0E8F04F80F30988BFF34A
:106780006F8F4FF0000080F311887047486601203A
:10679000EFF30980BFF36F8F144B1A681EF0100FD0
:1067A00008BF20ED108A20E9F04F10604DF8043D3D
:1067B0004FF0400080F31188BFF34F8FBFF36F8F0E
:1067C000FFF780F94FF0000080F3118808BC1968CA
:1067D0000868B0E8F04F1EF0100F08BFB0EC108A48
:1067E00080F30988BFF36F8F704700BF48660120B0
:1067F000704700BF0A490B4A0B4B9B1A03DD043B51
:10680000C858D050FBDC094809494FF0AD3202604E
:1068100004300439FBD100F08BFCC0F719FD0000F7
:10682000D09F0700006000203466002000F803209D
:1068300000080000FEE7FEE7FEE7FEE7FEE7FEE7F2
:10684000FEE7FEE7FEE7FEE708B50020EBF7CCFF2A
:10685000D2F726FF114BBBB1114B63B1D3F7BCFB91
:1068600000F01EFDFDF784FBD3F7B6FB00F018FD2A
:10687000FDF77EFBF2E7D3F7AFFB00F011FDD3F796
:10688000ABFB00F00DFDF6E7D3F7A6FB00F008FD2B
:10689000D3F7A2FB00F004FDF6E700BF0000000004
:1068A000713F060000B583B000F0AAFEFCF786FC3D
:1068B0000E4B019301230E4900934FF48062002395
:1068C0000C48FEF709FD4FF4407000F00FFEFEF794
:1068D00085FEBFF34F8F0849084BCA6802F4E06297
:1068E0001343CB60BFF34F8F00BFFDE7DC6901208E
:1068F000E87707004968060000ED00E00400FA05AB
:1069000038B507480C461546ECF72CF900B938BDE8
:106910002A4621460248BDE83840ECF737B800BFA8
:106920006C3E0120FDF7D8BCFDF7D6BCFDF7EEBCF0
:10693000FDF7ECBC084A094908B5136818448842B9
:1069400002D81060184608BD08F07CFB0C230360D9
:106950004FF0FF33184608BD2464002000F80320E0
:10696000114B1A78EAB90178104810B40A464FF072
:10697000804402F00102C1F34001C4F88015C4F85C
:1069800078250268D20706D4E021012280F800139E
:10699000C0F880210260012205485DF8044B1A709E
:1069A00070470448704700BF4873012000E100E0D1
:1069B0000000AD0B0C00AD0B0C4B012230B4C3F842
:1069C0008020BFF34F8FBFF36F8F094C094D0A49E9
:1069D0000A4A00234FF0804023604FF460742B601C
:1069E000C0F8084330BC0B601370704700E100E052
:1069F000E0690120E4690120E86901204873012071
:106A0000044B02684FF080414FF46070C1F80803F6
:106A10001A607047E86901204FF080434FF46072BC
:106A2000C3F80423704700BF4FF080434FF46072F7
:106A3000C3F80823704700BF044B4FF080414FF468
:106A400060700022C1F808031A607047E8690120ED
:106A500010B54FF0804386B0D3F80443620705D5E4
:106A6000D3F8082103F58473002A4ED1A30603D579
:106A70002A4B1A68002A3FD1600603D5284B1A68B2
:106A8000002A2FD1210602D5264B1A680ABBE2053F
:106A900002D5254B1A6892B9A3050ED5234B1A6867
:106AA0005AB100221A601A68214B0592059A1B6898
:106AB000022006B0BDE81040184706B010BD002205
:106AC0001A601B4A1B68049301201368049A9847B4
:106AD000E2E700201860164A1B6803931368039AC4
:106AE0009847D4E700221A60124A1B6802930120DB
:106AF0001368029A9847C5E7002018600D4A1B6882
:106B000001931368019A9847B6E700221A600A4A6F
:106B10001B6800931368009A9847A7E71401004088
:106B2000180100401C0100402001004024010040E9
:106B3000E8690120E4690120E06901202DE9F04FB6
:106B400005799A4E05EBC50406EB840C83B09CF8DE
:106B50001CE0BEF1000F40F0F780A7000068F25182
:106B6000CCF8043091F80CC00B78BCF1010F4FEA5F
:106B7000C50440F2DA801F2B87BFDFF834E203F050
:106B80001F0898464FF0A04E012707FA08F7CEF8E5
:106B900008751F2B8BBF03F01F071F46DFF810E29D
:106BA0004FF0A04E07F5E0774FF001084EF8278030
:106BB0004F78FF2F00F0D0801F2F8ABF07F01F09EA
:106BC000B946DFF8EC81009798BF4FF0A04809F56F
:106BD000E07A4FF0010E0EFA09FE4FF00309C8F8F3
:106BE0000CE548F82A9091F802E0BEF1FF0F00F0A2
:106BF000AF80BEF11F0F91F80E8088BFDFF8B0B1F3
:106C0000CDF804E08EBF0EF01F0AF2464FF0A04B05
:106C10000AF5E07A4FEA88084BF82A8004EB050869
:106C200006EB880888F820E091F803E088F81FE078
:106C3000BEF1FF0F2BD091F80490F046B9F1000F90
:106C400000F08E80BEF11F0F87BF594F0EF01F0B53
:106C5000F3464FF0A0474FF0010A0AFA0BFAC7F8C3
:106C60000CA5BEF11F0F88BF0EF01F0804EB050E28
:106C70008CBFDFF83CB14FF0A04B08F5E07806EB95
:106C80008E0E4FF0030A4BF828A08EF81E90D1F814
:106C900008E0C0F80835009BC0F80C35019BC0F82F
:106CA0001035C0F824E54B7B003B18BF0123BCF135
:106CB000020F74D0BCF1030F74D0BCF1010F6BD084
:106CC000C0F854358B79C0F8C035002A58D040221E
:106CD000C0F80423072340F30732C0F80035002A28
:106CE0004B794FEA10304FDB5109890002F16042C5
:106CF00001F1604102F5614201F5614101275B014B
:106D000000F01F00DBB207FA00F082F80033C1F890
:106D1000800108602C4406EB8406264800220123EB
:106D20007277337703B0BDE8F08F1F2B87BFDFF892
:106D300080E003F01F0898464FF0A04E012707FAA5
:106D400008F7CEF80C7524E71B4803B0BDE8F08FB8
:106D50004FF0FF37019761E74FF0FF37009742E7A9
:106D6000BEF11F0F87BF124F0EF01F0BF3464FF0FF
:106D7000A0474FF0010A0AFA0BFAC7F808A570E716
:106D80000723C0F80035C5E70C4A00F00F005B018F
:106D90000244DBB21376BDE743F0020390E743F011
:106DA00004038DE743F006038AE700BFEC69012086
:106DB000000300500000AD0B0500AD0BFCEC00E043
:106DC000F0B403792D4C03EBC3018900DD00625858
:106DD000002A4CD0026842F30736002E4FEA1237E1
:106DE00011DB7609DFF8A8C02036012207F01F0763
:106DF00002FA07F74CF82670BFF34F8FBFF36F8F7F
:106E00006158026839B1E9181D48C2F8080304EB5B
:106E10008101497FF9B9E91804EB810191F820104B
:106E2000FF290BD01F2986BF01F01F01154E4FF01F
:106E3000A04601F5E071022046F821001249002029
:106E40008A42C2F8000514D02B4404EB83030022CD
:106E5000F0BC1A77704701215161D2F80411002962
:106E6000FBD0E91804EB810100204877D3E70268E2
:106E7000D1E7064A01211160E6E700BFEC69012075
:106E8000520108000003005000F0024004F00240EC
:106E900000E100E02DE9F04F0779DFF898E107EB1A
:106EA000C70384460EEB830083B0457F002D40F07E
:106EB000A2809B000C465EF8039016464FEAC70876
:106EC000B9F1000F04D012F0140F04BF012343776F
:106ED00008EB07050EEB850594E80F0095F81FA059
:106EE00005F10C0BBAF1FF0F8BE80F000FD0AB7F51
:106EF000002B55D0BAF11F0F8DBF4A4A51464FF0B3
:106F0000A0420AF01F0101238B40C2F80835226815
:106F100072B102F06043B3F1005F09D047440EEB59
:106F2000870E002340488EF81D3003B0BDE8F08F77
:106F3000A16821B101F06043B3F1005FEED1DCF84C
:106F40000030E0686568C3F844250022C3F848555E
:106F5000C3F83415C3F83805C3F81821D3F818213D
:106F60000192019A16F0010218BF0122C3F85025C0
:106F700016F0020218BF01223007C3F840255CBF9B
:106F800001221A61B9F1000F18D028484022710778
:106F90004CBFC3F80823C3F8042303B0BDE8F08F47
:106FA000BAF11F0F8DBF1F4A51464FF0A0420AF0A1
:106FB0001F0101238B40C2F80C35A8E7D3F8182134
:106FC000002AFBD0BAF1FF0F29D047440EEB870E01
:106FD0009EF81E309BB1BAF11F0F88BF114A1348AB
:106FE00094BF4FF0A0420AF01F0A012303FA0AF3EC
:106FF000C2F80C3599E70E4803B0BDE8F08FBAF13E
:107000001F0F88BF074A094894BF4FF0A0420AF0FB
:107010001F0A012303FA0AF3C2F8083585E703487B
:1070200083E700BF000300500A00AD0B0000AD0B6A
:107030000B00AD0BEC690120194BD3F8182102B9F4
:1070400070470021174AC3F81811D3F81811D37FDD
:1070500082B0FF2B019101990DD0917F99B11F2B27
:107060008ABF11484FF0A04003F01F03012101FA2D
:1070700003F3C0F80C35002353771372D2E90031C3
:107080000A4802B018471F2B8ABF07484FF0A0409C
:1070900003F01F03012101FA03F3C0F80835EAE702
:1070A00000300240EC69012000030050F469012027
:1070B0001B4BD3F8182102B970470021194AC3F8B5
:1070C0001811D3F8181192F8433082B0FF2B0191B8
:1070D00001990ED092F84210A9B11F2B8ABF124815
:1070E0004FF0A04003F01F03012101FA03F3C0F8A1
:1070F0000C35002382F8413082F82C30D2E9093176
:107100000A4802B018471F2B8ABF07484FF0A0401B
:1071100003F01F03012101FA03F3C0F80835E8E783
:1071200000F00240EC69012000030050186A0120C1
:10713000534B1B685A1C16D0524A082B12680ED0AB
:10714000514AD2F8883043F47003C2F88830BFF354
:107150004F8FBFF36F8F4D4B4D4A1A607047032A14
:107160002CD9082288E04B4A4B4B12781B68082A1E
:107170004FEA1313E4D113F00C0F1FD0454A464BCE
:1071800012781B68082A4FEA1313D9D113F00C0F99
:1071900027D0414B3F4A1B681278C3F30313082AD8
:1071A000CED1032BCCD84FF08043D3F80024D207A4
:1071B00044BF6FF00102C3F80024C1E7304A1168F0
:1071C0004FF080430022481CC3F80C21C3F8102163
:1071D000C3F83825D2D02B4B08291A68B0D1032A1E
:1071E000BFD84FF080522D4BD2F80414C3F82015AD
:1071F000D2F80814C3F82415D2F80C14C3F82815D3
:10720000D2F81014C3F82C15D2F81414C3F83015A2
:10721000D2F81814C3F83415D2F81C14C3F840156A
:10722000D2F82014C3F84415D2F82414C3F8481532
:10723000D2F82814C3F84C15D2F82C14C3F8501502
:10724000D2F83014C3F85415D2F83414C3F86015CA
:10725000D2F83814C3F86415D2F83C14C3F8681592
:10726000D2F840140648C3F86C15D2F844140268EA
:10727000C3F87015511C8CD0024B1B688FE700BF00
:10728000300100103401001000ED00E028640020FF
:107290000090D003E00F00F0E80F00F000C00040C5
:1072A00008B5EBF7A7FA054B4FF080525A6040BF84
:1072B000BFF34F8FBFF36F8F08BD00BF00ED00E03D
:1072C000704700BF704700BF044B036010B46423D5
:1072D000034C0C605DF8044B13607047346A012066
:1072E000886A0120054B036010B44FF48073044C8E
:1072F0000C605DF8044B1360704700BF186C0120F0
:107300006C6C012070B51F4D84B028684FF0FF32BF
:1073100003A9FDF76BFB0028F7D0039C237A66686E
:10732000052B0CD8DFE803F02629211B1403D4E930
:107330000523D4E90301E4690094B047039C206865
:1073400010B1FCF7E3FF039C2046FCF7DFFFDCE70E
:10735000D4E90523D4E90301B047039CEFE7D4E95E
:107360000412E068B047039CE9E7D4E90301B047A1
:10737000039CE4E7B047039CE1E7E068B047039C67
:10738000DDE700BF707001202DE9F043304B314D37
:107390005B6885B0C3F30803019001AF53B10023CC
:1073A000286839461A46FDF773FA012809D105B055
:1073B000BDE8F083286839466422FDF783F8012888
:1073C000F5D0DFF89480D8F80000002240000421B6
:1073D000FDF704F806460028E9D0DFF88090D9F8D8
:1073E0000000FDF7F1FFFFF753F801E0FDF76AF841
:1073F000002203A92868FDF7F9FA04460023642255
:1074000003A93046002CF1D12868FDF7C7FD2E6096
:10741000FFF748F8D9F80000FEF796F8D8F80030E2
:107420000B4A28685B00C8F800305368C3F30803B0
:10743000394633B123462246FDF72AFA05B0BDE8A6
:10744000F0836422FDF73EF805B0BDE8F08300BF8D
:1074500000ED00E0707001206C700120747001205C
:107460002DE9F8439DF8206005460F469046994661
:107470009EB1B0000C30FCF72FFF044658B100233A
:10748000C0F804800672036005B147B90EBB204600
:10749000FFF77AFF0120BDE8F8831020EBE73846BC
:1074A000FCF71AFF80462060D0B13A46294607F023
:1074B0008DFE002EEBD0711EC9B209EB8101A9F13E
:1074C000040252F8043FAB4208BFC2F80080914268
:1074D000F7D1B200494604F10C0007F077FED6E779
:1074E0002046FCF713FF4046D5E700BF70B54023A8
:1074F0000B4D82B004460022184604212B60FCF795
:107500006DFF084D084B019306460223009307497F
:107510002E60A2B200230648FDF7DEFE02B070BD69
:107520006C7001207070012074700120F0770700EA
:10753000057306001A4B197809BB70B54FF4405318
:1075400082B01B78102B1CD943F21002142B126846
:1075500023D943F21401134B0C68134D1348A3FBBA
:1075600004139B0CA5FB046100FB134089094FF435
:107570007A76A5FB005006FB1141800904E008481B
:10758000704708460B460A46CDE900010849044801
:1075900008F06EFD024802B070BD08460B46F3E7E6
:1075A0007870012083DE1B43D34D621040420F00F0
:1075B000FC77070008B5074803780BB1054808BDFC
:1075C0004FF0805304495A6E1B6E08F051FD01487C
:1075D00008BD00BF9870012010780700BFF34F8FDF
:1075E0000549064BCA6802F4E0621343CB60BFF35F
:1075F0004F8F00BFFDE700BF00ED00E00400FA057B
:107600004FF08043194AD3F80014194830B4116080
:10761000D3F80054D3F80024164C17492A43C3F872
:107620000024D4F84025026001224FF40030C3F852
:1076300018259A60C1F88000BFF34F8FBFF36F8F9A
:107640000E4C03F588334FF0A0454FF480304FF0D7
:10765000FF31C3F84803C3F808035A609A60C5F8BD
:107660000815C4F8081530BC704700BFAC70012085
:10767000B070012000A0004000E100E000030050D5
:1076800008B54FF080434E22C3F81C25FFF7A6FF34
:10769000F0B44B4B1D6882B00023082DADF80630C6
:1076A00005DD0A2D00F385800A26012300E0082667
:1076B000444C454AC4F8F03501270023DFF814C1D3
:1076C0004249C4F80075C4F81435C4F81035C2F83E
:1076D0001435C2F81035C2F82435C2F82035C2F886
:1076E0003435C2F83035C2F84435C2F84035C2F8F6
:1076F0005435C2F85035C2F86435C2F86035C2F866
:107700007435C2F87035324ADCF800300968126806
:10771000DFF8C4C01B02090301F4805103F4E063E5
:1077200012040B4302F4E0229CF80010134343EAD6
:1077300001630DF10602C4F818352146C4F814059A
:10774000C4F81005C4F82C26C4F830762760D1F8A8
:107750000031002BFBD0002001231A4AC1F80001A0
:107760004B60D2F80431002BFBD0002001231549D7
:10777000C2F804019360D1F81431002BFBD0002330
:10778000C1F81431BDF80620120448BFADF8063028
:107790000C4B0022C3F80025BDF80600B54200B22C
:1077A00004D035BF751BAD1BE840A84002B0F0BC4B
:1077B00070470D2DB5BF0C260E260223032377E755
:1077C0002C6400200070004010700040BC7001204C
:1077D000C0700120B8700120B4700120014B186006
:1077E000704700BF2C640020202816D8144B53F893
:1077F0002030023B1D2B10D8DFE803F01E201416AA
:107800000F0F0F0F0F0F0F0F0F0F0F0F0F0F0F0F88
:107810000F0F0F0F0F0F181A1C11002070470820B0
:10782000FFF736BF0320FBE70420F9E70520F7E761
:107830000620F5E70720F3E70120F1E70220EFE754
:107840000C77070020281BD83C4B53F820301F2B07
:1078500086BF3B4A03F01F034FF0A0420E290FD80A
:10786000DFE801F0655F59534D474039322B241D45
:10787000160F080003F5E07340F2037142F823107D
:10788000704703F5E07340F2036142F8231070473C
:1078900003F5E07340F2035142F82310704703F5FB
:1078A000E07340F2034142F82310704703F5E073A0
:1078B00040F2033142F82310704703F5E07340F2C1
:1078C000032142F82310704703F5E07340F20311DF
:1078D00042F82310704703F5E0734FF4403142F84B
:1078E0002310704703F5E0734FF4003142F8231082
:1078F000704703F5E073134942F82310704703F50E
:10790000E073114942F82310704703F5E073042136
:1079100042F82310704703F5E0730C2142F823105E
:10792000704703F5E073032142F82310704703F515
:10793000E073002142F82310704700BF0C77070066
:1079400000030050040002000C00030020280FD8A0
:107950000B4B53F820301F2B86BF0A4A03F01F033E
:107960004FF0A04229B1012101FA03F3C2F8083512
:107970007047012101FA03F3C2F80C35704700BFCC
:107980000C77070000030050202818D80D4B53F83F
:1079900020201F2A8ABF0C494FF0A04102F01F028D
:1079A000D1F8140501239340034214BFD1F80425F4
:1079B000D1F81025134214BF012000207047002089
:1079C000704700BF0C77070000030050202817D82D
:1079D0000D4B53F820101F298ABF0C4A4FF0A042CC
:1079E00001F01F01D2F8140501238B40034214BF9C
:1079F000D2F80415D2F810150B4202D1C2F808359E
:107A00007047C2F80C3570470C7707000003005030
:107A100000F108034FF0FF310022C0E90333816019
:107A200002604360704700BF00230361704700BFDE
:107A30004368026810B49C688C609C684B6001329B
:107A4000616099605DF8044B08610260704700BF97
:107A500030B40D686B1C10D000F108031C465B6845
:107A60001A68AA42FAD902684B60013299608C60A8
:107A70006160086130BC0260704704696368F2E7C6
:107A8000036910B4D0E901125C688A6084425160D5
:107A900008BF5A601A685DF8044B0021013A016181
:107AA0001A601868704700BFF0B5054699B01F46C8
:107AB00000230E46144605A819460322D5F8D050D7
:107AC00001F062F938BB0146AD00082303AA05A8FE
:107AD000CDE9034501F098F9E8B9611905A801F06D
:107AE000B7F9C0B937B923461022314605A801F0CD
:107AF000C7F980B905F1100302A901910094194654
:107B0000324605A8029301F0F9F9044B002818BF8A
:107B1000184619B0F0BD014819B0F0BD360CF000A0
:107B20002DE9F04F864C80469E460F4694460FCC7A
:107B3000B7B00DF11C0A55460FC594E80F0004F1CB
:107B4000100685E80F000FCE0FAD0FC596E80F00A9
:107B5000303485E80F000FCC17AD0FC50FCC0FC523
:107B600094E80F00D8F8D040CDF80CE0042C85E85C
:107B70000F0001D0082C6BD1409A231DB2EB830F6C
:107B80004FEA830B03D06F4837B0BDE8F08F07EBA7
:107B90000C019CFA8CF30CF118060CF109003B6007
:107BA0009BFA8BF5802326F00F06321A7D6038444D
:107BB0000B72002101F09CFD409B1B09ABF1100BE7
:107BC00000F0BB80042C47D0DDF80C90CDF808B055
:107BD0004B4617ADB1464FF0000823ACBB461E46DE
:107BE00024E0029FCDF814A0069701F00DF903469A
:107BF0002946204610353BBB01F02AF984464FF058
:107C0000100E4B465A4649462046BCF1000F1BD188
:107C10000DEB0E07CDE90067CDF810E001F06EF92D
:107C2000103688B9409BB8EB131F58D20023194671
:107C30000222204601F0A8F8014608F101080823B5
:107C400005AA20460029CCD03F4837B0BDE8F08FC8
:107C50003E4837B0BDE8F08FDDF80C90CDF808B0A5
:107C600033460FAD4E464FF0000823ACBB46994655
:107C700026E0029FCDF814A0069701F0C5F8034650
:107C8000294620461035002BDED101F0E1F884466C
:107C90004FF0100E4B465A4649462046BCF1000FA5
:107CA000D2D10DEB0E07CDE90067CDF810E001F061
:107CB00025F910360028C7D1409BB8EB131F0ED210
:107CC000002319460222204601F05EF8014608F121
:107CD0000108082305AA20460029CAD0B4E7DDF828
:107CE00008B0039D0023194601222046CDE9055B1B
:107CF00001F04AF801460028A6D1082305AA20462B
:107D000001F082F800289FD105EB0B01204601F01D
:107D10009FF80146002897D1409A284601F0E8FCD8
:107D2000409B009540A901912A462046194601F042
:107D3000E5F800283FF428AF86E723ACD1E700BF81
:107D40008C780700230CF000360CF000210CF000BA
:107D50002DE9F04F2DED028B164687B007321C46F9
:107D6000D308129D0393002800F0BC800F46002921
:107D700000F0BF80002C54D0BDF80C108046204687
:107D800000F0BCFF0228064640F2AA8003285DD11D
:107D90002378032B40F2A480039B681C591E012307
:107DA000019301F0A7FC019B0493019B76429AB2D8
:107DB00006F007064FF0FF0A4AFA06FA08EE102A04
:107DC0005E1E4FF6FF72103B5FFA8AFA2E44029253
:107DD000059318EE101A2A464046B84700287DD170
:107DE00033780AEA03033370049B102B40D0BDF8AC
:107DF000043022461946284600F0ACFE022852D034
:107E0000029B013B0293E4D13E4B03990193284628
:107E100001F070FC019B184607B0BDEC028BBDE879
:107E2000F08F99B22A461C46B84703460028ECD189
:107E3000611E70076A5C42F080025CD16A540023C4
:107E4000184607B0BDEC028BBDE8F08F039B00F134
:107E50000709A3EBD90105EBD90001F04BFC4FEA70
:107E6000D903B9F1870F019388BF102304939CE7CE
:107E7000059B05EB030904EB030B07E0002BB6D0D1
:107E8000B84758BB33780AEA030333701023194606
:107E90005A46484600F05EFE0346022B4A464FF023
:107EA00010014046EAD1019B002BC8D0013DE918E2
:107EB000012315F8012F13448D422B704FEA232321
:107EC000F7D1019B013C2344022214F8011F0A440C
:107ED0009C4222704FEA2222F7D1B0E7034694E792
:107EE000094B92E7094B184607B0BDEC028BBDE881
:107EF000F08F074B8FE7764206F0070632416A544F
:107F000089E700BF010CF000320CF000250CF000F6
:107F1000140CF0002DE9F0438FB0884607A91746EE
:107F2000044601F0A5FA054600284ED1D4F8D050F9
:107F3000042D01D0082D4ED1D4F8C4300C2B62D8BA
:107F4000B8F1000F45D02E1D760106AA04ABCDE98D
:107F50000032029707A905AB00222046059600F0E3
:107F6000DFFD00283CD1069B0498D4F8C42023F000
:107F70000303083304F1840918449200494601F0D0
:107F8000B3FBD4F8C400069A04992B1D9E0002EBA3
:107F9000800200964B4620460692FFF7C1FD05463B
:107FA00050B9B8F1010F33D0034622464946204666
:107FB000FFF77AFDB0B105462046E42101F09AFBB7
:107FC00038464FF4BF5101F095FB28460FB0BDE88D
:107FD000F0836E01B9E71B4D28460FB0BDE8F08372
:107FE000194DE9E7D4F8D430012243F00103C4F875
:107FF000D430C4F8CC2000234846C4F8C430402113
:1080000001F078FBDCE7114D28460FB0BDE8F083A6
:108010003146204601F06EFB2B462246494620465B
:10802000FFF742FD0028C6D1D4F8D430084AC4F87E
:10803000CC8023F4803343F00103C4F8D430C4F877
:10804000DC20D8E7210CF000260CF000040CF00036
:10805000CDAB23012DE9F04F9DB0002800F03B810E
:108060001646002A00F03D810D4621B98B46584640
:108070001DB0BDE8F08FB14F04464FF0FF313868B6
:1080800001F058FB002840F01981AD4BD4F8DC20FA
:108090009A4216D0DFF8B8B22946304601F02AFBE2
:1080A000D4F8C430002B40F00D81386801F05CFB3F
:1080B0000028DCD0A34801F0EBFA58461DB0BDE81B
:1080C000F08FD4F8D430DA0740F10E81D4F8CC30F8
:1080D000113300F20F81D4F8D080B8F1040F05D02D
:1080E000B8F1080F02D0DFF86CB2D5E7D4F8C4209D
:1080F0000C2A00F2FC8004F14003029304F1840A8C
:10810000002A00F0FD809200514604F1480001F081
:10811000EBFAD4F8C420029908F104039B00009301
:10812000920053462046FFF7FBFC83460028B3D15C
:108130000346224651462046FFF7B6FC83460028F8
:10814000AAD104EB88090122D9F80C301BBA9B187C
:108150001BBAC9F80C304FEA880B16D3D9F808308F
:108160001BBA9B181BBAC9F808300ED3D9F80430D3
:108170001BBA9B181BBAC9F8043006D354F8283030
:108180001BBA13441BBA44F82830002309A8194627
:10819000032200F0F9FD002840F0AF8001460823DB
:1081A00007AA09A8CDE9074B00F02EFE002840F0F1
:1081B000A480494609A800F04BFE002840F09D80AD
:1081C000614AD4F8D4301A4200F0A2802B0915F08D
:1081D0000F0B049300F0998001330493CDF80CB099
:1081E0005B469D420DD0EA1A11463046059201F0D9
:1081F00081FA059A3346314609A800F041FE00286D
:108200007BD104F1300B10220298594601F06CFA30
:108210005846102101F06EFA102306A90191CDF8FD
:1082200000B009A85A461946069300F067FE0028D8
:1082300063D1039AA81A3044594601F055FAD4F88C
:10824000D430DB0509D45A460298049B314600F02D
:10825000CBF9834600287FF41FAFD9F80C30049A7D
:108260001BBAD3181BBAC9F80C3017D3D9F8083089
:1082700001221BBA9B181BBAC9F808300ED3D9F8D3
:1082800004301BBA9B181BBAC9F8043006D354F843
:1082900028301BBA13441BBA44F828305146012336
:1082A00022462046FFF700FC834600287FF4F4AE08
:1082B000D4F8CC300133C4F8CC30F1E6234801F0D7
:1082C000E7F9E2E60023C4F8C43004F18400402159
:1082D00001F010FAE9E6DFF880B058461DB0BDE8BD
:1082E000F08FDFF878B0C2E6DFF874B0D4E6DFF8DC
:1082F00074B0D1E6DFF870B0CEE6DFF870B0CBE650
:108300005046402101F0F6F91BE71023039368E77C
:1083100004F1300318461021039301F0EBF9039B9D
:108320001022194609A800F0ABFD0028E5D1D4F8C9
:10833000D43043F48033C4F8D43047E75C73012071
:10834000CDAB230134780700000101001C78070041
:108350000E0CF000210CF000270CF000000CF000D7
:10836000080CF000040CF000070CF000360CF000D4
:1083700070B5002849D00D46002943D0244E04464C
:108380004FF0FF31306801F0D5F990BB002001F0CB
:1083900021FA50BB20462A460121FFF7BBFD0446C7
:1083A000012001F017FAB8B9306801F0DDF950B9D1
:1083B000012001F00FFA08B9204670BD154801F000
:1083C00067F9204670BD144801F062F9012001F000
:1083D00001FA0028F0D0F1E70E4801F059F93068B1
:1083E00001F0C2F90028E3D0EDE70C4801F050F9A4
:1083F000D0E70B4801F04CF9002001F0EBF9002820
:10840000C8D0F2E7074C204670BD074C204670BD2F
:10841000587301206C780700347807004C78070007
:108420001C780700200CF000250CF00000284CD030
:10843000F0B50D4689B0002938D00446E42101F09A
:1084400059F901A9204601F013F810B1204809B0EC
:10845000F0BD204F4FF0FF31386801F06BF980BB61
:10846000002001F0B7F940BB01A92A46204600F0E0
:1084700063FB0646012001F0ADF9D0B9386801F080
:1084800073F978B9002EE1D12046E42101F032F9E8
:1084900029462046FFF76CFF0F4B002818BF1846EF
:1084A00009B0F0BD0D4801F0F3F8EBE70C4809B056
:1084B000F0BD0C4801F0ECF8E0E70B4801F0E8F8FB
:1084C000D2E70A4801F0E4F8CAE70948704700BF5C
:1084D000110CF00058730120120CF00034780700E2
:1084E000200CF0006C7807004C7807001C7807001F
:1084F000250CF00030B4029D4DB1064D941EAC42E7
:1085000002D830BCFFF724BC034830BC7047034896
:1085100030BC7047FDFF0700310CF000300CF0005C
:1085200038B504464FF4806001F040F9054D064827
:108530000649074A00232B6003600B682360136021
:1085400038BD00BFC8B102502CB1025004B1025076
:1085500008B102500138072805D8DFE800F00A0EFC
:10856000041204040406094870478B698B600020DC
:108570007047CB688B60002070470B698B600020D0
:1085800070474B698B600020704700BF310CF100D1
:108590000B6802E0082B0B6006D8426813424FEAD2
:1085A0004303F7D00020704700487047310CF100BA
:1085B000084B094A002119601368002BFCD10748B9
:1085C0000749084A03604FF480604FF0FF330860AA
:1085D000136070472CB1025010B90250C4B1025060
:1085E00008BA025008B10250012BF8B516461CD04B
:1085F00010221D460C4601F05FF8E0B1AF1E314677
:1086000004EB0710102201F057F8A0B1022D0ADD8B
:108610000025204610342146102201F04DF8013586
:1086200048B1BD42F5D10020F8BD1146102201F03D
:1086300043F80028F7D10148F8BD00BF020CF00054
:10864000002877D0F8B50C46002971D01D46002BC4
:108650006ED0064622B1012200232A60C0F8D8302D
:108660002B68002B62D029462046FFF791FF002897
:108670005BD128682146FFF76DFF002855D1364BA6
:108680003649374A01271F609C460F60CCF80070BE
:10869000A368136011688B42F8D1324F3249334AD4
:1086A000334B4FF0000CC7F800C004270F600A21BD
:1086B00011606FF03A021A60079B012B4FF0805354
:1086C0003AD0D3F8002C013243D0D3F8002C294BF8
:1086D000A3FB02321209A368274C2849284F03FB49
:1086E00002F303EB4303DB039B092360254B2C6858
:1086F0000C601A60069A244C3A604FF48062226043
:1087000001224FF0FF3441F8C44C43F80C2CD6F84A
:10871000D8302A6823F07F4343EA0263C6F8D83092
:108720002A6843EA0223C6F8D830F8BD1748F8BDD6
:108730001748F8BD16487047D3F80C2C013206D004
:10874000D3F80C2C0B4BA3FB0232FA40C3E71622E2
:10875000C1E70622BFE700BFC4B1025040B10250DA
:1087600030B102502CB102500CB1025038B102505D
:1087700000B10250ABAAAAAAD8B10250CCB10250A3
:10878000D0B10250D4B1025008BA0250310CF100FD
:10879000350CF100F0B4C900002401F1FF3C26467D
:1087A000274606E09F4216D00126654519D82C467B
:1087B0001F46630904F01F0150F823301F2923FAD4
:1087C00001F304F1010518BF03F00103002CE9D106
:1087D00001263546EBE701369642E6D10248F0BC69
:1087E00070470020F0BC7047360CF100002861D0C3
:1087F0002DE9F0414C1EB4F5047F27D233B32AB3E0
:10880000CD00012B05F1FF3E30D000218C460F46F4
:108810000E4603F1FF384C0901F01F0550F82440C3
:108820001F2D24FA05F418BF04F0010421B9012614
:10883000B44631462746EEE7B34213D0A74201D1F2
:108840000CF1010C464504D1624502D21A48BDE83C
:10885000F0813C4601318E4506F10106EAD2002046
:10886000BDE8F08100264FF0010CF3E70026B44686
:1088700037463446610904F01F0350F821101F2BBE
:1088800021FA03F118BF01F001013CB15FB98C4539
:1088900001D0614608E00136614605E00126344614
:1088A0008C460127E6E73E46B242CFD30134AC42C4
:1088B000F6D1D4E700487047370CF1002DE9F04FAE
:1088C00089B01D46149BDDF84CA004460E461746A1
:1088D0004BB94FF08053D3F8002C013200F0A9803F
:1088E000D3F800BC08E04FF08053D3F80C2C0132D1
:1088F00000F0A280D3F80CBC7C480AF5C1622A6063
:10890000129A00234FF0FF31136000F013FF00288C
:1089100040F08680764A774B7749106004321960C0
:1089200013680693069BD907FAD5714A714B00214B
:1089300011601B680793043213680793079BDB07DA
:10894000FAD56C4B6D4A1B680793DDF81C901368D1
:108950000793079BD807FAD5644800F005FF002865
:108960005AD1654B994540F0B680D4F8D43013F411
:1089700000790ED1D90512D52B68129A1B681360A5
:108980003BB1D4F8D4309B055BD5484609B0BDE86F
:10899000F08FDFF87C91484609B0BDE8F08F002FDA
:1089A00000F08780564A574B1168B2681B689A429C
:1089B00045D10A2943D194F8DB3005930AF5C26A00
:1089C000042500274FF0805804A8FFF7A9FD04985C
:1089D000820602D510F01A0039D0D4F8D810059AC2
:1089E0000B0A03F47F030B4323F07F43082AC4F8E8
:1089F000D83077D0149B4FEA420CCDE900730022A7
:108A000005AB31462046CDF814C0FFF719FE00280B
:108A10005FD1013DD8D1B4E73B4800F039FEA0E773
:108A20003A48DFF8F09000F033FE484609B0BDE860
:108A3000F08F4FF0900B5FE74FF4047B5CE7DFF8BB
:108A4000D890FFF7B5FD484609B0BDE8F08F129BFE
:108A50005246C3F800B0594600F03CFD002838D11A
:108A6000D8F8043C129A013318BFD8F8043C1168B6
:108A700008BF51230293D8F8083C01332ED0D8F810
:108A8000083C03934B1EB3F5047F0FD2029A029168
:108A90005046FFF77FFE48B90299039A4FF480636E
:108AA0005046FFF7A3FE00283FF46BAF129B1F60F8
:108AB00093E723F00F03C4F8D430149B0122CDE9CF
:108AC0000093314605AB2046FFF7BAFD00283FF47E
:108AD00075AF814655E7DFF83C9056E740F23733F3
:108AE0000393CFE7DFF834904BE700BF70730120AA
:108AF00004BF025000BF025012FA12FA08BF02501F
:108B000038B1025030B10250347807001C780700A9
:108B1000330CF000350CF000300CF100320CF10099
:108B200030B4DDE90234049D02940024CDE90354FD
:108B300030BCFFF7C3BE00BF10B586B005AB012443
:108B4000CDE901240093002204ABFFF7B7FE06B085
:108B500010BD00BFF0B4441831B114F8015D4E1ED1
:108B600015B931460029F8D1D41833B114F8015D94
:108B70005E1E45B93346002BF8D10D1E18BF0125E6
:108B80002846F0BC70478B4222D325D84C1EA64203
:108B900028BF2646002E23DB0136941900258219B2
:108BA00004E0012D38BF012590420BD012F8016D71
:108BB00014F8017DB742F4D3F6D9002D08BF022581
:108BC0009042F3D18B4218BF00252846F0BC704775
:108BD00001252846F0BC704702252846F0BC7047A6
:108BE0000025EFE79942F0B50DD801EB03044FEAF9
:108BF000540467D3002C7DD04FF0000C171F214682
:108C0000051F624632E003F1804C0CF1FF3C051F6A
:108C1000002600EB8C0C05EB810E34465CF8047FDB
:108C2000E64546EA0706F9D116F1FF3744F1FF3C65
:108C30006FEA0C0C99420CF0010C3ED201F1804E0F
:108C40000EF1FF3E171F02EB8E0507EB830355F86D
:108C5000042FAB4246EA0206F9D116F1FF3644F181
:108C6000FF32D24302F0010291B3051F002305EB4E
:108C7000810E28463C46194650F8046F54F8045FAC
:108C8000AE4218BF002103F0010318BF002388BFC4
:108C900041F0010138BF43F001038645ECD1A9B191
:108CA00082F00100BCF1000F00D108408CF00104FB
:108CB00002B91C4000EB4400F0BDC3B1171F1946B8
:108CC0000022D3E700263446B446B7E7002BE7D1AD
:108CD000BCF1000F03D132B160461446EAE782F0DE
:108CE00001000023E2E7104613461446E1E7604620
:108CF0001C46DEE720462346DBE700BF4218084655
:108D000030B112F8013D411E1BB908460028F8D1C8
:108D100070471A064FEAC00018D4590600F1FF3216
:108D200015D49906A0F1020211D4D906A0F10302CC
:108D30000DD41907A0F1040209D45907A0F10502C6
:108D400005D49B07A0F1060201D4073870471046EE
:108D5000704700BFA1B100EB810001E001390FD0E5
:108D600050F8043D002BF9D04801A0F1200202E0A8
:108D70000138904206D0002B4FEA4303F8DA7047DF
:108D800008467047704700BF78B3032A70B50E4697
:108D90001546044601D9052A1CD1012E18D8ABB9B5
:108DA000022D19D0052D17D04C21204600F0A2FC31
:108DB000052D88BF4FF0FF3213D900200123C4E9ED
:108DC0000826C4E90B00C4E90D3370BD094870BD25
:108DD000094870BD094870BD56B94C21204600F0C5
:108DE00089FC074B53F82520E7E74FF470007047E4
:108DF000044870BD0E00F0000600F0000200F00014
:108E0000FC7807001200F000C8B110B50C4682B122
:108E10008CB9082B0DD15368102B0ED1136843B1B8
:108E200001238362D2E90012103000F05DFC20467D
:108E300010BD044810BD044810BD044810BD4FF4D7
:108E4000700070470400F0000500F0000300F0001F
:108E500070B108B5036A013B022B05D831B110226D
:108E600000F042FC002008BD034808BD034808BDCF
:108E70004FF47000704700BF0200F0000100F000E6
:108E800038B349B31AB338B512F00F051BD1046AD1
:108E900024F00404032C01D003B31D4613462A46D4
:108EA00001F022FE58B1A0F57100052818D8052858
:108EB00016D8DFE800F005030A0303080A4838BDA6
:108EC0004FF4700038BD094838BD094838BD07481F
:108ED00070474FF47000704706487047064838BD29
:108EE0004FF4750038BD00BF0200F0000A00F0002A
:108EF0000600F0000800F0000900F000F8B5079F38
:108F000048B30E460546002A35D0994239D8002F7D
:108F100041D02B6A23F00401032906991FD00029B0
:108F200032D03968B14233D3300703D0012B1CD87B
:108F3000EB6A23B311463346069A284601F0E0FE59
:108F4000044660B3A0F57104052C37D8DFE804F0BF
:108F50000310251010174FF470042046F8BDA9B176
:108F600039680F2914D93107E4D0032BE2D1DFE7A8
:108F7000144C2046F8BD0029C9D0134CEDE7134C22
:108F8000EBE7134C2046F8BD002ED3D0114CE4E79C
:108F9000114C2046F8BD114CDFE7114CDDE72B6A80
:108FA00023F00403032B01D03E60D6E70698294640
:108FB000102200F099FB10233B60CEE74FF47504BC
:108FC000CBE700BF0200F0000800F0000A00F0004C
:108FD0000C00F0000900F0000D00F0001100F0009E
:108FE0000600F0002DE9F84F1E460A9B002B6AD0C0
:108FF0000D4600296FD0044600287DD0022E5ED891
:1090000016B10B9B002B79D0D4F8B872B7F5107F4E
:109010004CD8D4F8BC127B1C994247D895F80090E4
:10902000B9F1070F53D8B9F1050F50D009F0060375
:109030000737022B4FEAD7073CD07B00013393421E
:109040003BD10A9807F1030B4FF45D7100F1040A5C
:109050002BF0030800F04EFB414650463B466A1C8D
:1090600000F002FC002838D14FEA9B0B5B465946C2
:1090700022465046FFF7B6FD022855D119F0040FDD
:109080003ED10A9B214603F194004FF4377200F061
:109090002BFB4946504600F06DFC0446002845D1A4
:1090A000022E45D00A9A264B13601CE0254C204620
:1090B000BDE8F88F7B1C9342C3D0234CF7E7234CC9
:1090C0002046BDE8F88F224C2046BDE8F88F214CA1
:1090D0002046BDE8F88F204CE9E7204C0A984FF471
:1090E0005D7100F007FB0B9B002BE0D04FF4637128
:1090F000184600F0FFFADAE7194CD8E7194CD6E722
:109100000A9B7A1C4C334146184698462A443B46F3
:1091100000F0AAFB0028E0D140465B4659462246B3
:10912000FFF760FD0228ACD00C4CC0E70E4CD5E731
:109130000B99504600F0FCFC0028B3D00446CDE764
:10914000010000EC9508F0000F08F0001108F00095
:109150000E08F0000708F0000D08F0001008F000FD
:109160000208F0001208F0003008F0002DE9F0438A
:1091700083B0019300283DD01646002A67D00268CC
:109180001F46354B9A4204461BD18FB3052914D094
:10919000072912D8D0F84C33C56C21F0020203F134
:1091A0000709042A03F11F034FEAD9094FEA5313B1
:1091B00005F0010522D0022907D0284803B0BDE8F8
:1091C000F083274803B0BDE8F0833A6809F101084D
:1091D00042453ED3304645F0020500F8015B9B0056
:1091E000221D494600F096FB48BBC7F80080E5E722
:1091F0001C48E3E71C4803B0BDE8F0833A684FEA37
:10920000490808F10108424523D3042930460CBF20
:109210000D4645F006059B0000F8015B221D4946FE
:10922000019300F077FB50B909F10100019B04F1B3
:109230004C023044494600F06DFB0028D5D0304642
:10924000396800F057FA002308483B60B6E7084841
:10925000B4E70848B2E700BF010000EC1508F000D1
:109260001A08F0001708F0001408F0001B08F000BE
:109270001608F0001808F0002DE9F04782B0DDE98B
:109280000A98002A5CD01D46002B5ED0B9F1000F71
:109290005DD0B8F1000F5CD0074600285BD08A464D
:1092A000002948D0144618464FF44C7100F022FAB9
:1092B0004FF45D71484600F01DFAD4F8BC621F36C9
:1092C0007609B200013E04F1D801404605EB86065E
:1092D00000F00AFA002373602B1DD4F8BC2200931F
:1092E000514638464346FFF705F90646C8B12846B9
:1092F0004FF44C7100F0FEF948464FF45D7100F0F8
:10930000F9F90C9B23B140F66811184600F0F2F908
:1093100040464FF4537100F0EDF9304602B0BDE81D
:10932000F087204643464A46294602F06DFE06462F
:109330000028E6D0DBE7094E304602B0BDE8F087F2
:10934000074E304602B0BDE8F087064EE5E7064E10
:10935000E3E7064EE1E7064EDFE700BF9008F000C6
:109360000208F0000308F0000408F0000508F0000F
:109370009108F0002DE9F041002940D016461F4623
:109380000A682B4B9A420C4631D1054600283AD048
:109390000268013B9A422ED1002E45D0002F45D0C5
:1093A000069BB3B300F194014FF4377204F15000FF
:1093B00000F082F90435211D68BBD4F808333A68FF
:1093C0000733B2EBD30F4FEAD3081ED3069B2846D0
:1093D000324600F0DDFB0446F8B9C7F80080069875
:1093E0004FF4537100F086F92046BDE8F081114C2E
:1093F0002046BDE8F081104C2046BDE8F0810F4CBE
:109400002046BDE8F0810E4CF2E70E4CC7F8008014
:10941000EEE70D4CECE70D4CEAE73968304600F01A
:1094200069F900233B60DAE7094CE1E7094CDFE723
:10943000020000EC3408F0003208F0003308F000BD
:109440003108F0003808F0003708F0003A08F00062
:109450003508F0003608F0000B2804D8034B53F809
:10946000203003B118470020704700BF707A070012
:1094700030B5042285B00123C0F8D0200B606846C7
:109480000023CDE90033CDE902330C4600F04EF85D
:109490000546C8B9DDE90030DDE90212E360003BB2
:1094A000C4E9040118BF0123A26108B143F002031B
:1094B00009B143F004030AB143F00803002228462F
:1094C0006360A26005B030BD014800F0E1F8E1E75B
:1094D0001479070030B585B004460D461048039254
:1094E0004FF0FF3100F026F9039A68B92046009545
:1094F0000123002101F0E6FF0446094800F034F999
:1095000038B9204605B030BD064800F0C1F8039ACE
:10951000ECE7054800F0BCF8204605B030BD00BFC0
:10952000707301201C7807003478070000234FF483
:10953000FA714FF47A72C0E900228160C360184664
:10954000704700BF10B500F031F8A0B900F01EF967
:1095500020B1032400F070F8204610BD00F03AF965
:10956000034680B90D4A1268120EF02A06D005246F
:1095700000F00EF9EEE70424204610BD0849094A20
:109580000968914201D00624F2E7074A01201360DE
:1095900000F020F904460028DED0E8E728B90250A0
:1095A00024BA02500000E0200CBA025008B5184856
:1095B00000F0A4F898B9174800F0A0F8B8B9164818
:1095C00000F09CF8D8B9154B124A15481A6000F003
:1095D00095F8C0B9134B124A1A60002008BD124812
:1095E00000F056F80B4800F089F80028E7D00F4843
:1095F00000F04EF8084800F081F80028E3D00C484D
:1096000000F046F8DFE70B4800F042F8E2E700BF61
:109610007073012064730120687301205873012066
:109620006C7301205C7301204479070060790700A6
:109630007C7907009C79070008B500F03BF80F48DB
:1096400000F06AF804210D4800F054F80C4800F0CE
:1096500063F80B48042100F04DF80A4800F05CF86C
:1096600040B9094800F058F8BDE808400648042110
:1096700000F040B8054800F00BF8F2E770730120E5
:1096800064730120687301206C7301207C790700EA
:10969000BFF34F8F0549064BCA6802F4E0621343DB
:1096A000CB60BFF34F8F00BFFDE700BF00ED00E0D0
:1096B0000400FA05704700BFA2B1013A30B4013985
:1096C0008518421E002012F8013F11F8014F954203
:1096D00083EA040340EA0300F5D1003818BF0120F3
:1096E00030BC70471046704705F070BD05F07CBD7A
:1096F00005F094BD0A46002105F090BD10B5044662
:1097000010B10020206010BD0248FFF7C1FF00200B
:10971000206010BDBC79070010B5044610B10020D0
:10972000206010BD0248FFF7B3FF0020206010BD8D
:10973000BC79070010B5044680B10123BFF35B8FED
:1097400054E8002F44E800310029F9D1BFF35B8FC2
:10975000012AF3D0BFF35F8F002010BD0148FFF74F
:1097600097FFEAE7E079070010B5044620B1BFF3A0
:109770005F8F0020206010BD0348FFF789FFBFF313
:109780005F8F0020206010BD007A07000020704726
:1097900000207047014B1860704700BF08BA0250A4
:1097A000014B1860704700BF04BA025010B5044660
:1097B00030B1054B18680442FCD0044B1C6010BD4E
:1097C0000348FFF765FFF4E700BA025008BA0250F9
:1097D000207A070010B54FF0FF3104461748FFF715
:1097E000A9FFE8B9164A54B11368A3B1012B18D0E8
:1097F000013B1360BDE810401048FFF7B5BF10688B
:1098000038B9104B10490124C3F800450B68002BF0
:10981000FCD101301060BDE810400848FFF7A4BF3C
:1098200010BD09490B68002BFCD106480749C0F858
:1098300000356FF07E430B601368D9E76873012031
:10984000C470012000A0025010B9025004BA0250A6
:109850003AB10A44013812F8013D00F8013F8A424A
:10986000F9D10020704700BF002A48D02DE9F0410F
:109870000446002845D015465A1E053234D811F04A
:10988000030631D18B422FD8CF1C27F003028A4226
:1098900032D8A2EB030840441A462946FFF726FFB8
:1098A000414620464FEA9708FFF724FFB8F1010F21
:1098B0001DD0FF0804EB87000438231F04EB880544
:1098C00053F8042F55F8041D12BA09BA83421960DF
:1098D0002A60F5D118F0010007D054F827301BBAE0
:1098E00044F82730002000E00748BDE8F0812368F5
:1098F0001BBA30462360F8E70448BDE8F08104480D
:1099000070470348F1E700BF050DF000090DF000B6
:10991000040DF00030B40AB300B3DBB113F003055B
:1099200018D18B4216D3A9B1904208D002D9134462
:10993000984217D3904202D243189A4212D9114446
:10994000431E11F8014D03F8014F8A42F9D1284610
:1099500030BC7047044D284630BC7047034D284644
:1099600030BC7047024DF6E7050DF000040DF00025
:10997000060DF000F0B50446D0F848038DB000F1B4
:109980001F062023B6F5187F00937ED20F46694646
:1099900001F0F0FB054610B128460DB0F0BD760988
:1099A000334604F19002012101F024FD0121084613
:1099B000052304F5127201F01DFD334622460121F4
:1099C000022001F017FD334604F1D80201210420E2
:1099D00001F010FD04F5907233460121052001F0DD
:1099E00009FD424A13680193019BDB07FAD5404BFE
:1099F00040493E4A196013680293029BD807FAD582
:109A00003B4B3D49394A196013680393039BD907BF
:109A1000FAD5374B3949354A196013680493049BCA
:109A2000DB07FAD5324B364A1A6007F00603022BE1
:109A30002FD004F1480233460121032001F0DAFC63
:109A40002A4A13680593059BDC07FAD5284B2D4954
:109A5000264A196013680693069BD807FAD5244B4B
:109A600029492A4A196013680793079BD907FAD531
:109A7000274A284B126812F4805F08BF1D460098E1
:109A800001F062FC28460DB0F0BD234D28460DB014
:109A9000F0BD01F069FE002826D01C4A1368089327
:109AA000089BDB07FAD51D4B184A196813680A93FF
:109AB0000A9BD807FAD51A4A1A4B11601B680993FA
:109AC000099B5F40F90708D5343A13680B930B9B49
:109AD000DB07FAD5064B144A1A60314604F14800F8
:109AE000032201F05BFCCAE7104DC8E7B0B002509A
:109AF00080B0025080210888804118318061088838
:109B00000051183180310C8800681051B4B00250F7
:109B100088B002501008F0000F08F0000CB002509E
:109B2000E4B00250DCB00250C03000294021F00007
:109B300070B5D0E9D2421F3484B0640900F1480303
:109B40000D4601EB84061F3201EBC4010391009323
:109B500000F5B4710346CDE901565209903000F08A
:109B6000D3FE70B930462146FFF7F4F830B92146EC
:109B70002846FFF7EFF808B904B070BD024804B0FA
:109B800070BD024804B070BD1008F0003008F0004D
:109B90002DE9F043D0E9D2451F3485B0640903EBC9
:109BA000C40E1E4603EB84071F3500F148030093E3
:109BB000CDE9027E03460196904690306A0900F096
:109BC000A3FE054640B130464FF45371FFF792FDB6
:109BD000284605B0BDE8F08338462146FFF7BAF8BD
:109BE00060B121463046FFF7B5F838B14FEA840935
:109BF0004A4640463146FFF72BFEE4E7004DE2E7D8
:109C00002008F1002DE9F04F97B0DDE920744FEA0C
:109C1000043E4EEA844E4EEA83149D4D44F0045CAB
:109C20009C012E680096009EF607FAD5229DDFF86B
:109C30006482974EC8F800C0920142EA834242EA29
:109C4000053545F010454FEA834832680192019A84
:109C5000D207FAD58F4ADFF838C215604EEA811E66
:109C60004EF0104E8E01DCF800200292029AD507C9
:109C7000F9D53D0345EA8745864A854FC2F800E09D
:109C800044EA050949F004593A680392039AD20755
:109C9000FAD5804ADFF8F8E1C2F8009044EA033CC4
:109CA00048EA0C0747F004574FEA033ADEF8002071
:109CB0000492049AD207F9D5764ADFF8D4E1176006
:109CC0004CEA814949F010498F04DEF800200592E2
:109CD000059AD207F9D56F4ADFF8B4E1C2F80090CF
:109CE00045F0104545F48075DEF800200692069A8E
:109CF000D207F9D5DFF89CE1674ADFF89491CEF8F6
:109D0000005042EA80124FEA801ED9F800500795B1
:109D1000079DED07F9D5DFF87CB1DFF884915C4D44
:109D2000CBF8002049EA00394FEA003B2A68089244
:109D3000089AD207FAD5574DC5F80090239A574D87
:109D400045EA8249524A12680992099AD507F9D51B
:109D5000504A4F4DC2F800904CF0245949F4001974
:109D60002A680A920A9AD207FAD54A4D484AC5F893
:109D700000904EEA030343F0484343F4821315680E
:109D80000B950B9DED07FAD54EEA0B05DFF804E1C4
:109D90003F4ACEF8003045EA080545F004551368FF
:109DA0000C930C9BDB07FAD53A4B394A1D604CEA01
:109DB000804040F0045013680D930D9BDD07FAD5E9
:109DC000344BDFF8E0C0324A18604AEA0C0C1368E2
:109DD0000E930E9BD807FAD52E4B2D4DC3F800C01D
:109DE00047EA013746EA070C4CF004500A032B6897
:109DF0000F930F9BDB07FAD5264B254D18604CF0CF
:109E0000104C2B681093109BDB07FAD5214B204D8B
:109E1000C3F800C02B681193119BDB07FAD51D4BCB
:109E20001B4D1860274347F004572B681293129B71
:109E3000DB07FAD5174B16481F60239B44EA08043A
:109E400044EA033444F0104403681393139BDD0782
:109E5000FAD5104B0E481C60324342F0245242F4B3
:109E6000101203681493149BDC07FAD5094B0848B9
:109E70001A600E4346F0484646F4A216036815934E
:109E8000159BDB07FAD5034B1E6017B0BDE8F08FBA
:109E9000B0B0025080B002500040102100410021BB
:109EA00000011021400128292DE9F04F9FB0AF4F4C
:109EB0002D9D289E2C0344EA854C4CEA831C4FEAD6
:109EC000854E01944CF0104C9D013C680494049C18
:109ED000E407FAD54FEA801BA54F4BEA033848EA5E
:109EE0008646DFF88882C7F800C046F010461F0398
:109EF000D8F800400594059CE407F9D5DFF8708296
:109F0000DFF868C24BEA00340294C8F8006044F0FD
:109F1000245848F40018DCF800400694069CE60734
:109F2000F9D5DFF84C92914EC9F8008045EA070C4C
:109F30004EEA0C0E4EF0104E34680794079CE4076E
:109F4000FAD5299CDFF82892DFF82082C9F800E0D2
:109F500047EA811646EA84468C0146F01046009492
:109F6000D8F800400894089CE407F9D5009CDFF875
:109F70000082DFF8F891C8F8006044EA013E4EF034
:109F8000245848F40018D9F800400994099CE607C1
:109F9000F9D52A9CDFF8D891744EC9F800804FEAB1
:109FA000043A4AEA844A2A9C4AEA050A4AF0104AD4
:109FB0004FEA844934680A940A9CE407FAD52B9C3A
:109FC00047EA844606430396694E684CC6F800A0EB
:109FD000039E46F0484A4AF0C00A26680B960B9E3C
:109FE000F607FAD5624C614EC4F800A049EA0C0AA3
:109FF0004AF0104A34680C940C9CE407FAD52C9C67
:10A0000047EA84460E430396594E584CC6F800A0C2
:10A01000039E2E4346F0484A26680D960D9EF6078D
:10A02000FAD5019C44EA8216514C46EA09094F4E82
:10A03000C4F800A049F010494FEA821A34680E941F
:10A040000E9CE407FAD54A4C484EC4F800904AEA00
:10A05000824A4AF0104A4AF4405A4FEA8249346828
:10A060000F940F9CE407FAD5414E404CC6F800A06F
:10A0700026681096109EF607FAD53D4EDFF8F8A038
:10A080003A4CC6F800A026681196119EF607FAD53C
:10A09000374EDFF8E8A0354CC6F800A026681296C7
:10A0A000129EF607FAD5324EDFF8D4A02F4CC6F830
:10A0B00000A04EF0104E4EF4402E26681396139ECC
:10A0C000F607FAD52A4E2B4CC6F800E044EA804E3B
:10A0D0003036800434681494149CE407FAD547EAB7
:10A0E0008347DFF88CA0214CCAF800E04BEA070652
:10A0F00046F0484646F003064FEA834A2368159324
:10A10000159BDB07FAD5DFF868E0184CCEF8006045
:10A11000029B43F0045646F4801623681693169B60
:10A12000DB07FAD5124CDFF844E02660DEF8003099
:10A130001793179BDC07F9D50D4CDFF830E026604C
:10A1400040F0045040F48240DEF800301893189B31
:10A15000DB07F9D5009B054C4AEA01011943044B82
:10A1600041F04841186041F480410BE0B0B002502A
:10A1700080B002500041009000310C90C0400C9023
:10A18000C030202923681993199BDE07FAD5194B93
:10A190001948196003681A931A9BDC07FAD5154B06
:10A1A0001549C3F8008049EA02322A4342F01042BE
:10A1B0000B681B931B9BD807FAD50E4B0E491A60F0
:10A1C0002F4347F010470B681C931C9BDA07FAD506
:10A1D000084B094A1F604CF0104141F430111368DC
:10A1E0001D931D9BDB07FAD5024B19601FB0BDE81C
:10A1F000F08F00BF80B00250B0B002502DE9F04F98
:10A2000099B0DFF870C2269C239D270347EA844952
:10A2100049F0104646F0800699464FEA844EDCF835
:10A2200000300193019BDC07F9D5914B914C1E60E6
:10A230004FEA894949EA801949F0104646F4005628
:10A240004FEA801A23680293029BDB07FAD5884BFA
:10A25000884C1E604AEA003C4CF0245646F4001636
:10A2600023680393039BDB07FAD5814B814C1E6067
:10A270004EF0104646F4025623680493049BDB0715
:10A28000FAD5229B7B4C4FEA834E4EEA811E784BD7
:10A290004EF0104E1E604EF4005E8E012368059352
:10A2A000059BDB07FAD5724B724CC3F800E046EA17
:10A2B000013949F0245B4BF4001B23680693069B8D
:10A2C000DB07FAD54FEA053E694B6A4CC3F800B08C
:10A2D0004EEA854E4EF0104E4EF0800E4FEA854805
:10A2E00023680793079BDD07FAD5249B604C40EA5F
:10A2F000834545F048455F4BC4F800E045F40355FD
:10A300001C680894089CE407FAD5594B594C1D6009
:10A3100048F0104545F4025523680993099BDB0773
:10A32000FAD5259BDFF848E1524CCEF8005041EABF
:10A33000834343F0484545F4025523680A930A9B3A
:10A34000DB07FAD547EA8217494B4A4C1D6047EABA
:10A35000080848F01047950123680B930B9BDB0717
:10A36000FAD5434B434C1F6045EA824242F010420B
:10A3700042F4405223680C930C9BDD07FAD53C4B0A
:10A380003C4C1A6023680D930D9BDA07FAD5384BC5
:10A39000394C384A1C6013680E930E9BDB07FAD5C4
:10A3A000334B364C334A1C6013680F930F9BDF0707
:10A3B000FAD52F4B324C1C602E4A49F0104444F41D
:10A3C000402413681093109BDD07FAD5284B2D4DC0
:10A3D000284A1C6045EA8045800413681193119B4C
:10A3E000DC07FAD5224B284C224A1D604AEA0404B5
:10A3F00013681293129BDB07FAD51D4B1D4A1C6094
:10A400004CF0045444F4801413681393139BDF0737
:10A41000FAD5174B174A1C6013681493149BDD0779
:10A42000FAD5134B134A1C6040F0045040F48240AC
:10A4300013681593159BDC07FAD50D4B0D4A186070
:10A440000E4346F0484646F4042613681693169BBE
:10A45000D907FAD5064B074A1E6013681793179B56
:10A46000DB07FAD5024BC3F800B019B0BDE8F08F96
:10A4700080B00250B0B0025000310C90C0400C903F
:10A48000C030202900410090032008C82DE9F04386
:10A49000974AABB013680993099BDF07FAD5954B30
:10A4A0009549934A196013680A930A9BDE07FAD507
:10A4B000904B92498E4A196013680B930B9BDD07F2
:10A4C000FAD58C4B8E498A4A196013680C930C9B01
:10A4D000DC07FAD5874B8B49854A196013680D93C1
:10A4E0000D9BD807FAD5834B8749814A19601368B9
:10A4F0000E930E9BD907FAD57E4B844A1A601B2017
:10A5000000F030FD0446182000F02CFD8442784A0B
:10A5100009D913680F930F9E16F00106F9D0754BF9
:10A520007B4A1A6009E013681093109BDB07FAD589
:10A53000704B784A1A60044600266D4A13681193DE
:10A54000119BDF07FAD56B4B7349694A1960136891
:10A550001293129BDD07FAD5664B704A1A601C20D5
:10A560001D2118220B238DE80F000F230E220D2131
:10A570000C20FFF747FB01340C200D210E220F2386
:10A580008DE80F0024F00104132312221121102062
:10A59000FFF738FB0125A11E08AB07AA1B20089571
:10A5A00000F02CFD022800F06A81032800F04081B1
:10A5B000012800F0168100274D4A13681F931F9B46
:10A5C000DB07FAD54B4B5649494A1960136820936B
:10A5D000209BDD07FAD5474B5249454A196013685D
:10A5E0002193219BD807FAD5424B4F4A1A60043C6D
:10A5F00039D44FF0170916254FF01A0815211420E9
:10A60000CDE900011A231622CDE90259FFF7FAFA23
:10A61000142003468DE82201162201F07BFB08ABD3
:10A6200007AA21461B2000F0E9FC00EB870004305C
:10A63000072816D8DFE800F0A1A8A59D9995840405
:10A6400012271122102315211420CDE9042703938A
:10A65000CDE90001029517231622FFF725FC4FF0E4
:10A66000FF37023CCAD519201C21162215231824B5
:10A67000CDE90121CDE9030400930E2214230D211D
:10A680000C20FFF7BBFD1A4A002F40F081801368B1
:10A690002693269BDC07FAD5164B2449144A1960E9
:10A6A00013682793279BD807FAD51248204B2149D6
:10A6B000214C0F4A0460002E14BF1E460E4613683C
:10A6C0002893289BD907FAD50A4B094A1E601368BC
:10A6D0002993299BDB07FAD5064B184A1A601823E1
:10A6E0001D221C21012001F029FC2BB0BDE8F083C4
:10A6F000B0B0025080B00250000200210082202140
:10A70000408220218082242140066E4900966929DA
:10A71000C0066649C00662490006624100166249E9
:10A7200040D62129C0D32029C0142129C055212970
:10A730004007564940075E490007524900065A49FA
:10A740000E270D220C2315211420CDE90427039395
:10A75000CDE90001029517231622FFF7A5FB00277C
:10A760007FE718271D221C23EDE718271D221C2335
:10A7700069E7182719221C23E5E712271322102363
:10A78000E1E70E270F22DDE70E270F220C235AE701
:10A7900013682293229BD907FAD54C4B4C494D4A5A
:10A7A000196013682393239BDB07FAD547484A4B6C
:10A7B0004A494B4C474A0460002E14BF1E460E46C1
:10A7C00013682493249BDF07FAD5404B414A1E604F
:10A7D00013682593259BDD07FAD53C4B414A1A6047
:10A7E0007DE73C4A13681393139BD807FAD5374B80
:10A7F0003D49384A196013681493149BD907FAD558
:10A80000324B3A49334A196013681593159BDB079D
:10A81000FAD52E4B36492F4A196013681693169BAA
:10A82000DF07FAD5294B334A1A604FF0FF37C3E6EA
:10A83000284A13681B931B9BDF07FAD5234B2E492D
:10A84000244A196013681C931C9BDD07FAD51F4B23
:10A850002A49204A196013681D931D9BD807FAD511
:10A860001A4B27491B4A196013681E931E9BD90770
:10A87000FAD5164B234A1A604FF0FF379CE6154A6B
:10A8800013681793179BDD07FAD5104B1649114A29
:10A89000196013681893189BD807FAD50B4B134906
:10A8A0000C4A196013681993199BD907FAD5074BFD
:10A8B0000F49084A196013681A931A9BDB07FAD5E7
:10A8C000024B0C4A1A60002776E600BF80B00250A7
:10A8D000C0D32029B0B002504007364940073E4956
:10A8E0000007324900063A49000532494005364919
:10A8F00080053A49C0053E490005424940054649A0
:10A9000080054A49C0054E492DE9F04F0D4687B0F4
:10A9100004461146284600929846FEF71BFAD4F8E2
:10A92000BC32009904F1D80A1F3306465B0952462F
:10A930002846FEF757F9002E70D001286ED0D4E9D2
:10A94000AEB0394B584593F91A2093F91CC00092C8
:10A950004FF0200793F91B2093F91D30059738BF5E
:10A96000584605A90192CDF808C0039300F002FCF7
:10A97000074618B1384607B0BDE8F08F2B490BF1F8
:10A980001F094FEA59194B46C1F800B02246012170
:10A9900000F030FD0121084604F5DC72052300F0CB
:10A9A00029FD4B4604F1480201210B2000F022FD55
:10A9B000D4F8BC329DF808409DF800001F33524681
:10A9C0005B099DF80CA0012100F014FD42464B46A6
:10A9D0002046012100F00EFD109A4B465046012101
:10A9E00000F008FD06F11F035B099DF804002A46EC
:10A9F000012100F0FFFCFFF749FD1198224649466E
:10AA000000F0CCFC12985246494600F0C7FC05986D
:10AA100000F09AFC384607B0BDE8F08F044F384686
:10AA200007B0BDE8F08F00BF507A070090B0025029
:10AA30003008F10038B5224B224A01210546196041
:10AA40001368002BFCD1204A1368002BFCD11F4A4D
:10AA50001368002BFCD11E4A1368002BFCD11D4B40
:10AA60001C68002CFCD14FF0FF30FEF793FE2B6AE0
:10AA700023F00403032B184B18680CBF20F0400090
:10AA800020F08000FEF78CFE144B00221A602B6A27
:10AA900023F00402032A18BF6C6A114A4FEA8303A9
:10AAA00018BF04F0010403F01C031C4314602B6A5C
:10AAB000072B02D10B4B01221A60002038BD00BFCA
:10AAC00000B9025070B4025020BD025020BC0250A8
:10AAD00038BD025038BC025004BA0250BCB4025017
:10AAE000C0B402507CB40250002800F0BF80F8B51A
:10AAF0001D46436B0E4617460446002B35D0012BEE
:10AB000002D1B5F5803F33D265484FF0FF31FEF7F3
:10AB100011FE002857D10020FEF75CFE00284ED120
:10AB2000604B01221A60236A032B28DC002B28DAF1
:10AB30005D4A1368002BFCD15A4A1360236A23F044
:10AB40000403032B594B18680CBF40F0400040F041
:10AB50008000FEF725FE0120FEF73CFE002836D1DE
:10AB60004F48FEF701FE28B9F8BDB5F5805FCBD39D
:10AB70004F48F8BD4F48FEF78BFD0020F8BD072B6E
:10AB8000D6D1636A012BD3D8636B012BD0D8A36BCA
:10AB9000012BCDD82046FFF74DFF0028C8D1A36A6E
:10ABA000012B6CD033F0020263D0236A5A1E062AAE
:10ABB0001BD8DFE802F0104B101A1A1A10003E489A
:10ABC000FEF766FDACE73D48FEF762FDA3E73C48B3
:10ABD000FEF75EFDC4E73B4B22681A6062685A606C
:10ABE000A2689A60E268DA60236A23F00403032B08
:10ABF00031D0A36B012B4CD0334A344B176020204B
:10AC00001D60636B012B2CD0314A324B16601D60E6
:10AC1000FEF7CCFD244A1368002BFCD1236A013BCC
:10AC2000062B10D8DFE803F00414040F0F0F040004
:10AC3000244A294B126822601A6862605A68A2602E
:10AC400008331B68E3600123236371E7234BC3E7E9
:10AC5000224A234BEEE7636B012B01D01020D3E790
:10AC60004020204A204B16601D60D1E74FF4710050
:10AC700070471E491E4A0B600123136095E71D4B68
:10AC800022691A6062695A60A2699A60E269DA60B0
:10AC90008BE7194A194B176080201D60B1E700BF90
:10ACA0007073012010B8025010B9025004BA02505B
:10ACB0000500F100347807004C7807001C78070085
:10ACC0006C78070040B4025030BD025034BD0250D1
:10ACD00030BC025034BC025044B4025060B4025044
:10ACE00064B4025028BC02502CBC025038BA025046
:10ACF00078B4025000B4025028BD02502CBD02505E
:10AD00002DE9F041002800F081801D46036A072BE1
:10AD10000F46044616D055B9032B0FD1036B6BB900
:10AD2000C0E90F55C0E9115500F13C0710252B462D
:10AD300039462046BDE8F041FFF7D6BE2E463046E4
:10AD4000BDE8F081436B002B37D1B5F5805F39D278
:10AD500015B9236B002B35D167484FF0FF31FEF753
:10AD6000E9FC002840F097800020FEF733FD002822
:10AD700040F09980614B01221A60236A032B23DC87
:10AD8000002B23DA5E4E5F4A1368002BFCD15B492F
:10AD90005D4A0B60106840F04000FEF701FD0120A5
:10ADA000FEF718FD00287AD15348FEF7DDFC002895
:10ADB000C5D05648FEF76CFCC1E7012BC8D1B5F5EC
:10ADC000803FC5D3524EBAE7072BDBD1636A012B14
:10ADD00078D8636B012B57D8A36B012B00F28480CA
:10ADE0002046FFF727FE06460028CCD1A36A012B98
:10ADF0006AD033F0020271D0236A013B062B13D8CC
:10AE0000DFE803F009440912121209004FF4710639
:10AE10003046BDE8F0813F4B22681A6062685A6094
:10AE2000A2689A60E268DA603B493C4A01230B6001
:10AE30001560002D3BD1226B0AB9394A1360314BA2
:10AE40001E68002EFCD1236A013B062B9BD801A271
:10AE500052F823F071AE060091AE060071AE060006
:10AE600087AD060087AD060087AD060071AE06000F
:10AE7000284A2C4B126822601A6862605A68A260E5
:10AE800008331B68E3607EE7274E7CE7274BC3E768
:10AE9000264A274BEEE72748FEF7FAFB64E72648E9
:10AEA000FEF7F6FB80E72548FEF7F2FB62E7636BEF
:10AEB000012B1BD0224A234B176010201D60FEF788
:10AEC00075FCBCE7204E5EE7204B22691A60626980
:10AED0005A60A2699A60E269DA608DE71C491D4AEE
:10AEE0000B600123136087E71B4E4CE71B4A1C4B8A
:10AEF000176040201D60E2E77073012010B8025017
:10AF00000100F10010B9025004BA02503478070071
:10AF10000500F10040B402507CB40250BCB40250B1
:10AF200024B5025044B402500300F10060B4025052
:10AF300064B402501C7807006C7807004C78070056
:10AF400030BC025034BC02500200F10000B4025088
:10AF500038BA025078B402500400F10028BC025004
:10AF60002CBC025030B4214A84B013680093009B7B
:10AF7000DC07FAD500F1A05303F52C439B001B4AD4
:10AF8000186813680193019BD907FAD5184B1A6802
:10AF900012F11F0348BF02F13E035B11591E0FD48B
:10AFA000124A144D144C13680393039BDB07FAD524
:10AFB0000B182B6023680293029B2BB90139F2D244
:10AFC000580104B030BC704701314801A0F12001A4
:10AFD0004FF0004202E001388142F2D013424FEAC2
:10AFE0005202F8D004B030BC704700BFB4B0025079
:10AFF000ACB00250E4B00250DCB0025070B41C6837
:10B0000085B001F01F0644B91E2E06D01068F0402E
:10B0100000F0030005B070BC70470F4D2C68019420
:10B02000019CE407FAD500F1A05404F52C44A400D7
:10B03000094D20682C680394039CE407FAD5074C5B
:10B0400000EB6111064821600168029102991160CC
:10B0500000211960DAE700BFB4B00250E4B002503A
:10B06000DCB00250A0F12003B3F5426F61D8F0B418
:10B070008F2882B053D900F11F035B095B013F3376
:10B080009B09013311B18B4255D80B46DC004FF4BC
:10B090008051B1FBF4F1202928BF202102B11160B9
:10B0A000264C274D0126002226600239144603FA59
:10B0B00006F640F6FC778C4204F10104B6BF2A6024
:10B0C0002F6092191E2C05F10405F4D11D4C1E4D64
:10B0D000226032442A6000F13F011C4A1C4DDFF817
:10B0E00090C0E56021F03F0110604031194F1A4EC9
:10B0F0001A4D1B48CCF800109B011A493B60336085
:10B100002B60E3620360D3610A680192019AD2075F
:10B11000FAD5154A0020136002B0F0BC704700F168
:10B12000470400F16603E4064FEA5313A6D0013347
:10B13000A4E70E4870470D48EEE700BF1CB8025068
:10B1400000B0025078B002507CB0025090B0025073
:10B1500020F80F0098B002509CB00250A0B00250EE
:10B16000A8B00250B4B00250ACB002502221F0009E
:10B1700094B0025038B504460D4619484FF0FF31DF
:10B18000FEF7D8FA60B90020FEF724FB80B920460C
:10B190002A460021FFF766FF0446A0B9204638BDC5
:10B1A0001048FEF775FA0020FEF714FB0028EED0D9
:10B1B0000D48FEF76DFA20462A460021FFF752FFA0
:10B1C00004460028EAD00120FEF704FB20B9044819
:10B1D000FEF7CAFA204638BD0448FEF759FAF6E7EA
:10B1E000647301201C7807004C7807006C78070016
:10B1F0002DE9F0434E4C89B023680193019BDD0794
:10B20000FAD54C4B13449B000A181D681E2A05F101
:10B210001F0588BF1E224FEA551502FB05F288BFA5
:10B22000C0F11E01B2F5806F04D94FF48061B1FB0B
:10B23000F5F1091A002976DD00F1A05000F52C4047
:10B2400005F1010E4FF0000C394ADFF8F4803A4C5A
:10B2500087002EF00106604613680293029BDB070D
:10B26000FAD5D7F8009013680393039BDB07FAD550
:10B27000C8F80090002355B101339D422060FBD1F6
:10B28000AE4204D92B4601339E422060FBD10CF123
:10B29000010C614507F10407DED1254A13680493C8
:10B2A000049BDC07FAD5254B214A196813680593DE
:10B2B000059BD807FAD5224B19607DB100231E49A2
:10B2C0001A4601339D420A60FBD1AE4206D91A49A3
:10B2D0002B46002201339E420A60FBD1144A1368B8
:10B2E0000693069BD907FAD5164B114A19681368BD
:10B2F0000793079BDB07FAD5114B196035B1002383
:10B300000D491A4601339D420A60FBD1AE4207D96E
:10B31000094A002301E00EF1010E76451360FAD1CF
:10B3200009B0BDE8F08305F1010E2EF00106B4E787
:10B33000B4B0025024AC0014D8B002507CB002501B
:10B34000D4B0025078B0025008B558B90F4B002263
:10B350001A600120FEF73EFA98B90D48FEF704FA8C
:10B3600050B908BD202801464FF0070228BF202110
:10B370000020FFF73DFFE9E7BDE808400548FEF77C
:10B3800087B90548FEF784F9E7E700BF1CB802500B
:10B3900064730120347807006C78070010B4124CF5
:10B3A00085B023680193019BDB07FAD502F1A05217
:10B3B00002F52C4293000C4A1C6813680393039B0C
:10B3C000DB07FAD5094B1C6051B10438084A00EB81
:10B3D000810113680293029B40F8043F8842F8D130
:10B3E00005B05DF8044B7047B4B00250E4B00250B1
:10B3F000DCB0025070B42F4D85B02C680094009CD6
:10B40000E407FAD500F1A05000F52C408000294C4B
:10B410000568206801900198C607FAD526480126DC
:10B4200005609BB1043A254E02EB830452F8040FE9
:10B430003060A242FAD15E1C26F00102934205D28E
:10B440001E4C0020013393422060FBD1194A26F0A4
:10B45000010013680293029BDC07FAD5184B0B44DA
:10B460009B001B681F33B0EB531F4FEA53121DD2D2
:10B4700010490B680393039BDB07FAD50E4B054479
:10B48000121A1D6012D000230C4819460133934252
:10B490000160FBD15A1C22F00101994206D90748EC
:10B4A000002300E001328A420360FBD105B070BC8A
:10B4B000704700BFB4B00250D4B00250D8B00250B0
:10B4C00024AC0014F8B5069E002E33D001292FD8E5
:10B4D000012B31D81C4C074600251C482560046808
:10B4E000002CFCD11A4D2C68002CFCD1194D2C6875
:10B4F000002CFCD1184D2C68002CFCD1174D2C6869
:10B50000002CFCD1012B19D01548164B02602020CD
:10B510001E6001290BBF144B144B154A154A1760C6
:10B520001E60FEF743F9144B18680028FCD1F8BDE3
:10B530001248F8BD1248F8BD1248F8BD1248134B26
:10B54000026080201E60E4E700B9025070B402502F
:10B5500020BD025020BC025038BD025038BC025001
:10B5600030BD025034BD02502CBC025034BC0250DD
:10B5700028BC025030BC025010B902500200F40046
:10B580000100F4000300F40028BD02502CBD02505D
:10B590002DE9F043644A93B013680093009BD907E8
:10B5A000FAD5624B6249634A196013680193019BA3
:10B5B000DB07FAD5604B1B68DF0400F1AF805A4A05
:10B5C00013680293029BDE07FAD5584B5B49594A30
:10B5D000196013680393039BDD07FAD5564B1B686C
:10B5E000DC0400F18580534B554E4F494F4FDFF837
:10B5F0006CC14FF00109DFF868E1524D00241A6870
:10B600000492049AD007FAD530681A680692069A0E
:10B61000D207FAD5CEF800002A680592059A12B929
:10B620005DE052080134D007FBD514F01F0568D146
:10B630001D680995099DE807FAD5434DD5F80080A6
:10B640001D680B950B9DED07FAD5DFF814E13D4D14
:10B65000CEF800802D680A95E0070A9D05D505F013
:10B660000704032C4AD0052C48D002F00302032A19
:10B6700005D105F00305032D08BFC9F100090A68CB
:10B680000C920C9AD407FAD5304A3A600A680D92A7
:10B690000D9AD007FAD52E4A3A600A680E920E9A91
:10B6A000D207FAD52B4A3A600A680F920F9AD5074B
:10B6B000FAD5294A3A600A681092109AD407FAD546
:10B6C0001B4A3A601A681192119AD007FAD51A4AA1
:10B6D0001268D2048FD5484613B0BDE8F0830A68DB
:10B6E0000792079AD207FAD5C7F800C0203486E738
:10B6F0004FF00109484613B0BDE8F083C9F10009D5
:10B70000B3E7DFF860E0013D4EEA053E0D680895BD
:10B71000089DED07FAD5C7F800E089E74FF000096A
:10B72000484613B0BDE8F083B0B0025080B002507C
:10B7300000082A51B4B0025088B0025000182A51B3
:10B7400028B00250DCB002502CB0025000032A494D
:10B7500080022E49C0C228A1C002324980F229616C
:10B76000E4B00250800228612DE9F047894ABAB05E
:10B7700013680093009BD807FAD5874B8749884AFE
:10B78000196013680193019BD907FAD5854B1B6893
:10B79000DB0400F19181824A13680393039BDE0767
:10B7A000FAD5814B7E4A196813680593059BDD071E
:10B7B000FAD57E4A7E4B11601B680493049F07F004
:10B7C0000303032B00F0748207F00703052B714A73
:10B7D00000F0278113681993199BDC07FAD56E4B8B
:10B7E00074496C4A196013681A931A9BD807FAD5E2
:10B7F000694B714A1A60FFF7CBFE013000F01D82E1
:10B80000644A13681B931B9BD907FAD562486B4B9C
:10B810000360013F40F071825E49DFF8D0C1604BA8
:10B82000674E624D624CB8460A681C921C9AD20759
:10B83000FAD5C0F800C008F120081A681D921D9AB8
:10B84000D707FAD537681A681F921F9AD207FAD518
:10B850002F6022681E921E9F002FE5D017F0010373
:10B8600011D17F08FE07194603F10103F9D54948B4
:10B8700002682092209AD507FAD5524A464842EAF1
:10B88000013198440160434A13682193219BDC07EE
:10B89000FAD5414B4C493F4A196013682293229BC9
:10B8A000D807FAD53C4B494A3A4CDFF84491484E08
:10B8B000414D1A609A4623682393239BD907FAD5F2
:10B8C000CAF8009023682493249BDA07FAD5CAF8B3
:10B8D000006023682593259BDB07FAD5CAF8005042
:10B8E000FFF756FE0130E6D12A4A13682693269BBD
:10B8F000DC07FAD5284B3749264A19601368279385
:10B90000279BD807FAD5244B3349224A196013687C
:10B910002893289BD907FAD51F4B2A491D4A19603D
:10B9200013682993299BDB07FAD51B4B2B49194A2E
:10B93000196013682A932A9BDE07FAD5164B28490B
:10B94000144A196013682B932B9BDD07FAD5124814
:10B95000244A104BDFF89C90DFF89CE0224EDFF881
:10B960009CC002601A682C922C9AD407FAD5C0F8B1
:10B9700000901A682D922D9AD107FAD50849094DE1
:10B98000C0F800E000241A682E922E9AD207FAD549
:10B99000066035E0B0B0025080B00250000812518D
:10B9A000B4B0025088B0025000B00250E4B002506F
:10B9B000DCB0025080021249C0020249C0100229C4
:10B9C0000CB00250C0000C61C0011E41C0111E49E4
:10B9D00080021E49C0311C98C0100E21C030109842
:10B9E00040021249809184A800182651C0F00D61D0
:10B9F000C0111E2140320C88406224884092248865
:10BA00000A682F922F9AD207FAD52A68D20460D4F6
:10BA100001341A683092309AD207FAD5C0F800C0C3
:10BA2000B1E713680993099BDB07FAD5854B864973
:10BA3000864A196013680A930A9BDF07FAD5814B7F
:10BA40008349824A196013680B930B9BDE07FAD572
:10BA50007C4B80497D4A196013680C930C9BDD0771
:10BA6000FAD5784B7C497D4A196013680D930D9B7C
:10BA7000DC07FAD57A4B754A1B68D80440F19280EE
:10BA800013680E930E9BD907FAD56E4B75496F4A12
:10BA9000196013680F930F9BDB07FAD5694B724946
:10BAA0006A4A196013681093109BDF07FAD5654B3B
:10BAB0006E4A1A60002054E0644A13680293029BA5
:10BAC000DF07FAD55F4B6A4A1A6001203AB0BDE839
:10BAD000F087002C3FD0A8EB0404012C33D0621E69
:10BAE00002F01F01002A4FF00107B8BF04F11E0247
:10BAF0008F4051111A683292329AD207FAD55D4AB4
:10BB0000564C026022683392339AD507FAD55A4AC6
:10BB1000524C156822683492349AD207FAD5574CA1
:10BB2000574A2944216017601A683592359AD2071E
:10BB3000FAD5544A02601A683692369AD507FAD571
:10BB4000514A02600EE71A683192319AD107FAD54C
:10BB50004E4A026006E707F00303032B40F0C5805E
:10BB600001203A4A13683793379BDC07FAD5354BE7
:10BB70004749364A196013683893389BD907FAD574
:10BB8000304B4449354A196013683993399BDB07B8
:10BB9000FAD5334B1B6813F4805F18BF01203AB00D
:10BBA000BDE8F08713681193119BDE07FAD5254B8A
:10BBB00039492A4A196013681293129BDD07FAD596
:10BBC000274B1B68DC04C3F30030CAD51F4B1A682F
:10BBD0001392139AD107FAD51A4B304A1B491A60AF
:10BBE0000B681493149BDA07FAD5164B1E4A1749B3
:10BBF0001A600B681593159BDB07FAD5114B284A81
:10BC000012491A600B681693169BDF07FAD50D4B85
:10BC1000244A0E491A600B681793179BDE07FAD562
:10BC2000084B214A09491A600B681893189BDD07D5
:10BC3000FAD5044B1D4A1A603CE700203AB0BDE833
:10BC4000F08700BF80B0025040120229B0B002500D
:10BC5000C01124618071109800181A51B4B00250BC
:10BC600088B002508031022180211861C060109894
:10BC7000C0000E410002224120B00250D4B0025058
:10BC8000D8B0025040821C98C0900C88C0700C88BC
:10BC900080310C88004818510098185180510229B1
:10BCA00040121071C061249840021071C0901C882D
:10BCB000343A13680693069BDC07FAD5104B1149FA
:10BCC000114A196013680793079BD807FAD50C4BE4
:10BCD0000E490D4A196013680893089BD907FAD5D5
:10BCE000074B0B4A1A6000203BE707F00707052FB8
:10BCF0004FF001003FF435AFE8E64FF00008ADE546
:10BD000080B00250C0100221B0B0025080110C610E
:10BD1000C0601098F0B595B07D4C1A9E370347EA85
:10BD2000864747F0045545F0800526680096009E3A
:10BD3000F607FAD51B9C764E920142EA0434754A06
:10BD400044F01044156044F4002432680192019AD2
:10BD5000D507FAD56F4A6E4E146047EA811747F04F
:10BD600010478A0134680294029CE407FAD54FEA2E
:10BD7000033C4CEA834C674B654C1F604CF0045607
:10BD800046F0800623680393039BDF07FAD5614BD7
:10BD90005F4C1E6023680493049BDD07FAD55D4B5E
:10BDA0005D4F5E4C5A4E1C6047EA81478C043368F5
:10BDB0000593059BDB07FAD5564B554E1F604CF09B
:10BDC000104C4CF4807C33680693069BDD07FAD553
:10BDD000504E534D4E4FC6F800C045EA80158601BF
:10BDE0003B680793079BDB07FAD54A4F4D4BDFF8BB
:10BDF00020C13D6043EA003E0703DCF800300893B1
:10BE0000089BDD07F9D5434DDFF828C1C5F800E0F0
:10BE10001C9B30354CEA834E2B680993099BDB074A
:10BE2000FAD53C4B3A4DC3F800E02B680A930A9BC5
:10BE3000DB07FAD5374B3C4DDFF8FCC01D60344DB5
:10BE400046EA0C0C2B680B930B9BDB07FAD5314BA6
:10BE50002F4DC3F800C03E4346F0045646F400267A
:10BE60002B680C930C9BDF07FAD52A4D2F4B2E60C5
:10BE700043EA804030352B680D930D9BDE07FAD5E1
:10BE8000244B234D18602B680E930E9BDB07FAD5CD
:10BE9000204B274D1E481D60144344EA013444F0F2
:10BEA00004550E0303680F930F9BDF07FAD5194B58
:10BEB00017481D6044F0104403681093109BDB0783
:10BEC000FAD5144B12481C6003681193119BDF07CD
:10BED000FAD5104B0E481D60164346F0245646F422
:10BEE000101603681293129BDC07FAD5094B084819
:10BEF0001E600A4342F0484242F4A21203681393C0
:10BF0000139BDB07FAD5034B1A6015B0F0BD00BFD9
:10BF1000B0B0025080B002508020009080200821F4
:10BF200000401021000110218020202980200021C4
:10BF30004021282900410021024010C830B42D4C76
:10BF400088B0206800900098C507FAD52A4C2B4885
:10BF50002B4D2560303440EA834523680193019BD3
:10BF6000D807FAD5900140EA8240234B214A1D6050
:10BF700040F0104444F4C04413680293029BDB0772
:10BF8000FAD51D4B1B4A1C6013680393039BDD0706
:10BF9000FAD58B0143EA8141174B1A4D1D60154AB2
:10BFA00041F0104545F4C04513680493049BDB073A
:10BFB000FAD5114B0F4A1D6013680593059BDD07E9
:10BFC000FAD50D4B0B4A1C6041F05841136806939B
:10BFD000069BDC07FAD5084B064A196040F058402A
:10BFE00013680793079BDB07FAD5034B186008B06B
:10BFF00030BC7047B0B0025080B0025080710098E1
:10C00000C0210229806118902DE9F04385B00028F5
:10C010004CD00E4600294ED01546002A4DD0002B9C
:10C020003FD0D0F8BC22039305F14C0700F5B6735E
:10C030001F3201F1040905F10408CDE901870093DD
:10C040005209494600F592730446FEF75DFC074627
:10C05000A8B94FF43772214606F15000FDF744FBB2
:10C06000174B336021464FF4377205F19400FDF70A
:10C070003BFB144B2B60384605B0BDE8F083002431
:10C080004846346021462C604C22FDF731FB404687
:10C0900021469022FDF72CFB0B4F384605B0BDE83A
:10C0A000F0830A4F384605B0BDE8F083084F3846A4
:10C0B00005B0BDE8F083074FDDE7074FDBE700BFC2
:10C0C000020000EC010000EC3008F0000508F00070
:10C0D0000208F0000308F0000408F0000048704770
:10C0E000A07A0700004870477C7D07000048704731
:10C0F00058800700004870473483070000487047A5
:10C100001086070000487047EC8807000048704719
:10C11000C88B070000487047A48E0700004870478E
:10C1200080910700004870475C9407000048704702
:10C13000389707000B460146184602F075BF00000D
:10C1400051EC100BF8B5C1F30A53A3F2FF35132DD0
:10C1500010EE106A0C4632DC002D1EDB364F2F41EC
:10C1600001EA070303432FD031A3D3E9002301F0F1
:10C1700013FF0022002302F055FB48B1002C04DD20
:10C180004FF4801343FA05F52C4424EA07040026F3
:10C190002346324643EC102BF8BD25A3D3E90023F8
:10C1A00001F0FAFE0022002302F03CFB0028EFD051
:10C1B000002C39DB264333D0204C0026E8E7332D12
:10C1C00005DDB5F5806F23D041EC100BF8BDA3F26F
:10C1D00013434FF0FF37DF400742F5D014A3D3E9F4
:10C1E000002301F0D9FE0022002302F01BFB0028EF
:10C1F000CED0002C09DD142D14D00123C5F1340557
:10C2000003FA05F5AE1928BFE41826EA0706BFE7CA
:10C2100010EE102A0B4601F0BFFE41EC100BF8BDEA
:10C220003446B5E70134F0E700264FF00044AFE7AD
:10C230009C7500883CE4377EFFFF0F000000F03F54
:10C2400000B551EC100B264A21F00043934285B013
:10C250001EDD244A934209DD10EE102A0B4601F040
:10C2600099FE41EC100B05B05DF804FB684600F048
:10C270008FFA00F00300012811D0022825D0E8B180
:10C280009DED021B9DED000B012001F0E5FAEAE7B0
:10C290009FED111B00F078FD05B05DF804FB9DEDEE
:10C2A000021B9DED000B01F0D7FA53EC102B03F1AC
:10C2B000004300EE903A05B05DF804FB9DED021BD3
:10C2C0009DED000B00F060FDCDE79DED021B9DEDA7
:10C2D000000B00F059FDE8E700000000000000003E
:10C2E000FB21E93FFFFFEF7F51EC100B0A1EC2F369
:10C2F0000A5370B5C2F31302A3F2FF3542F480145F
:10C30000B4BF4FF0FF320122132D15DC002D32DBBC
:10C310004FF400232B412344C5F1140023FA00F00D
:10C32000002102FB01F1D51700FB0511A2FB002340
:10C330000B441046194670BD3E2D23D8332D28DC02
:10C34000A3F213434FF00041D9400E1828BF013427
:10C35000A3F12001C3F1200024FA00F004FA01F156
:10C36000142D41EA000104FA03F0C5F13403D8D0DA
:10C37000DE403043D5E701351CD0002200231046B3
:10C38000194670BD02F090FC02460B461046194655
:10C3900070BDA3F21345A3F23341C5F120060B464D
:10C3A00024FA06F604FA05F504FA01F1984031433F
:10C3B0002843B6E7D317BCE700B551EC100B284A69
:10C3C00021F00043934285B025DD264A934209DDE2
:10C3D00010EE102A0B4601F0DDFD41EC100B05B00C
:10C3E0005DF804FB684600F0D3F900F00300012873
:10C3F00019D0022826D0E8B19DED021B9DED000B5F
:10C4000000F0C2FC53EC102B03F1004300EE903A15
:10C4100005B05DF804FB9FED101B002001F01CFA35
:10C4200005B05DF804FB9DED021B9DED000B00F0D7
:10C43000ABFCD4E79DED021B9DED000B012001F04C
:10C440000BFACCE79DED021B9DED000B012001F0E6
:10C4500003FAD7E7AFF300800000000000000000FF
:10C46000FB21E93FFFFFEF7F10EE101AC1F3C75227
:10C47000002910B4A2F17F04B4BF4FF0FF300120B7
:10C480001E2C0EDC002C1BDBC1F31603162C43F410
:10C4900000030DDD963A934003FB00F05DF8044B7A
:10C4A0007047FDEEC07A5DF8044B17EE900A7047B6
:10C4B0004FF4800222411344C4F11704E340EBE738
:10C4C000013418BF00205DF8044B704700F060B8DD
:10C4D0002DE9F0432DED028B8BB055EC104B00F0A5
:10C4E0008DFB284BB0EE408AF0EE608A93F9007025
:10C4F0007B1C12D022462B462046294602F09CF98E
:10C50000064650B94FF000084FF000092046294672
:10C5100042464B4602F068F940B9B0EE480AF0EEE8
:10C52000680A0BB0BDEC028BBDE8F083164B089691
:10C530000122CDE90445CDE902450092019397B16E
:10C5400042464B464046494602F006F8022FCDE9E6
:10C5500006010AD102F076FD21230360089B63B92E
:10C560009DED068BD9E7CDE90689684601F078FC98
:10C570000028EFD0089B002BF2D002F063FD089B4F
:10C580000360EDE730640020149A0700000000000B
:10C5900051EC110B2DE9F0474342794E034321F052
:10C5A000004C4CEAD373B34255EC104B82B047D8E1
:10C5B0006342234325F0004A4AEAD373B34210EEA4
:10C5C00010EAA9463CD801F1404303F58013034328
:10C5D0004CD04FEAA17808F002085AEA040348EA6E
:10C5E000D57838D05CEA000348D0B4455DD0B24578
:10C5F00044D0AAEB0C0CBCF1747F4FEA2C534FDAF9
:10C60000002961DA3C335FDA9FED4F7B8DED007BD3
:10C61000B8F1010F78D0B8F1020F64D0B8F1000F73
:10C6200014D04BA3D3E90023DDE9000101F0B2FCF3
:10C6300049A3D3E9002301F0ADFCCDE9000105E0F9
:10C6400022462B4601F0A8FCCDE900019DED000B30
:10C6500002B0BDE8F087B8F1020F17D0B8F1030FB0
:10C6600009D19FED3F7B8DED007BEFE702B0BDE888
:10C67000F04701F0B1B98DED000BE7E7B9F1000F1C
:10C6800009DB9FED397B8DED007BDFE79FED327B92
:10C690008DED007BDAE79FED367B8DED007BD5E7F6
:10C6A0009FED317B8DED007BB2E7E24508F1FF386D
:10C6B00032D0B8F1020F3AD8324B03EBC80898EDEC
:10C6C000007B8DED007BC1E702460B4620462946E4
:10C6D00001F042FF41EC100B01F032FB01F07CF95C
:10C6E0008DED000B94E71AA3D3E90023DDE90001E7
:10C6F00001F050FC02460B4617A1D1E9000101F000
:10C7000049FCCDE90001A1E7DDE90023019901F130
:10C710000043CDE9002399E7B8F1020F0CD81A4B7A
:10C7200003EBC80898ED007B8DED007B8EE79FED55
:10C73000067B8DED007B89E79FED0F7B8DED007B08
:10C7400084E700BFAFF3008000000000000000009D
:10C75000075C143326A6A13C182D4454FB21094044
:10C76000182D4454FB2109C0182D4454FB21F93FD6
:10C77000182D4454FB21F9BF182D4454FB21E93FE7
:10C780000000F07F389A0700209A070000000000A0
:10C790002DE9F04F53EC102B2DED048B924923F033
:10C7A00000458D4289B0044640F38F808F498D4209
:10C7B0009B462DDCBBF1000F194610EE100A80A33A
:10C7C000D3E9002340F3C78101F0E4FB884B9D428D
:10C7D00006460F4600F091807BA3D3E9002301F0C9
:10C7E000D9FB02460B46C4E900233046394601F026
:10C7F000D1FB75A3D3E9002301F0CCFBC4E902010E
:10C800004FF0010A504609B0BDEC048BBDE8F08F33
:10C8100078498D4240F3948077498D4210EE100A9A
:10C8200061DC4FEA255AAAF2164AA5EB0A511646D0
:10C830000F4602F017F801F0FBFC804689463046AF
:10C84000394642464B46CDE9028901F0A3FB6B4BCA
:10C85000002201F057FD0F46064602F003F8054698
:10C8600001F0E6FC02460B4630463946CDE904238A
:10C8700001F090FB614B002201F044FD02460B46A3
:10C88000CDE906230022002301F0A4FF002800F0D8
:10C890006081002D0CBF01230223594A019202211D
:10C8A0005246009102A8214600F0AEFBBBF1000FFA
:10C8B0008246A7DA6268E36802F1004203F10043AE
:10C8C000C0F1000A6260E3609CE7002000214FF0A5
:10C8D000000AC4E90201504684ED000B09B0BDEC2A
:10C8E000048BBDE8F08F194601F054FB4FF0000AAD
:10C8F000C4E90201C4E9000184E735A3D3E90023B8
:10C9000001F048FB34A3D3E9002306460F4601F0AB
:10C9100041FB02460B46C4E900233046394601F08C
:10C9200039FB2DA3D3E9002301F034FB4FF0010ABA
:10C93000C4E90201504609B0BDEC048BBDE8F08F9C
:10C9400001F0FEF957EC106B10EE100A24A3D3E9A6
:10C950000023394601F0D6FC2A4B002201F01CFBD3
:10C9600001F080FF824601F063FC15A3D3E90023A8
:10C970008046894601F0C6FC02460B4630463946E1
:10C9800001F008FB10A3D3E9002306460F464046FA
:10C99000494601F0B7FCBAF11F0F49EC198B47EC7F
:10C9A000186B8046894631DC174B0AF1FF3253F889
:10C9B0002230AB422AD002460B4630463946A4E02C
:10C9C00000004054FB21F93F3163621A61B4D03D4D
:10C9D0000000601A61B4D03D7370032E8A19A33B26
:10C9E00083C8C96D305FE43FFB21E93F7BD902403A
:10C9F000FB21F93FFB213941FFFFEF7F0000704130
:10CA0000D09A07000000E03F509A070042464B468C
:10CA100051EC180B01F0BEFA0A46C2F30A53C3EBFD
:10CA20001553102B0146064617464FEA255573DD70
:10CA300069A3D3E9002351EC190B01F063FC59EC15
:10CA4000188B06460F4632463B4618EE100A4946FA
:10CA500001F0A0FA41EC180B404653EC182B494664
:10CA600001F098FA32463B4601F094FA5CA3D3E910
:10CA7000002306460F4651EC190B01F043FC3246E9
:10CA80003B4601F087FA8046894642464B4651ECC8
:10CA9000180B01F07FFA0A46C2F30A53ED1A312D42
:10CAA00001460646174637DD50A3D3E9002351EC73
:10CAB000190B01F027FC56EC185B8046894642466C
:10CAC0004B4618EE100A314601F064FA41EC180B9F
:10CAD000314653EC182B284601F05CFA42464B468F
:10CAE00001F058FA43A3D3E9002306460F4651EC60
:10CAF000190B01F007FC32463B4601F04BFA804629
:10CB0000894651EC180B42464B4601F043FAC4E902
:10CB1000000106460F4601E0C4E9001232463B46DA
:10CB200051EC180B01F036FA42464B4601F032FA4E
:10CB3000BBF1000FC4E90201BFF664AE07F1004586
:10CB400001F10043C4E90065C4E90203CAF1000A27
:10CB500058E60323A1E601F01FFA234B9D42064647
:10CB60000F4616D01AA3D3E9002301F015FA0246A6
:10CB70000B46C4E900233046394601F00BFA14A3F2
:10CB8000D3E9002301F008FA4FF0FF3AC4E90201AB
:10CB900038E611A3D3E9002301F0FEF910A3D3E98D
:10CBA000002306460F4601F0F7F902460B46C4E99A
:10CBB00000233046394601F0EDF909A3D3E90023FB
:10CBC00001F0EAF94FF0FF3AC4E902011AE600BFAA
:10CBD0003163621A61B4D03D0000601A61B4D03D87
:10CBE0007370032E8A19A33BFB21F93F0000002E2E
:10CBF0008A19A33BC14920259A837B392DE9F0414D
:10CC00005F4A57EC106BBA4300F09880002F10EE8B
:10CC1000104A3B464EDD39155BD0C3F31303CA07F8
:10CC200043F48013A1F2FF3E03D45B0003EBD47303
:10CC30006400E20F4FF0000C02EB43034FEA6E0E6C
:10CC40006400664616254FF40012B118994202DCC2
:10CC50005B1A8E1894445B00013D03EBD4734FEADA
:10CC600052024FEA4404F0D12F4620204FF00042F8
:10CC700009E03ED0E10F01384FEA520201EB4303D5
:10CC80004FEA44043ED0B34202EB0501F1DD002936
:10CC900001EB020509DBB0469B1BA14288BF03F1F3
:10CCA000FF33641A17444646E4E7002DF3DB06F130
:10CCB0000108F1E727F00042324336D0002F4DD172
:10CCC0003946E20A153964051346002AF9D0D7021D
:10CCD00051D400205B00DE02054600F10100F9D5C9
:10CCE0001A4623468440C0F12000C3401343491B29
:10CCF00093E7A142BED8002901EB0205D5DB984697
:10CD00000023CEE7234312D178084FEA6C0101F1EA
:10CD10007F511CF0010F01F5001118BF40F00040D9
:10CD200001EB0E53024643EC102BBDE8F0817B1C57
:10CD300016BF781C0CF1010C4008E6E710EE102A33
:10CD400010EE100A3B46394601F0DCFA32463B460B
:10CD500001F022F941EC100BBDE8F08110EE102A31
:10CD60003046394601F016F902460B4601F0F4FB55
:10CD700041EC100BD9E7234620204FF0FF35B4E7F4
:10CD80000000F07F000000002DE9F84F57EC106B19
:10CD900027F00049B9F1795F2DED048B5BEC11AB05
:10CDA00071DA10EE100A394601F05CFD002800F03F
:10CDB000F68032463B463046394601F0A3FA7CA362
:10CDC000D3E9002304460D4601F09CFA7AA3D3E987
:10CDD000002301F0E1F822462B4601F093FA78A3F4
:10CDE000D3E9002301F0D6F822462B4601F08AFA57
:10CDF00075A3D3E9002301F0CFF822462B4601F0BA
:10CE000081FA73A3D3E9002301F0C4F822462B462C
:10CE100001F078FA70A3D3E9002301F0BDF82246AF
:10CE20002B4601F06FFA41EC180B714B00222046A3
:10CE3000294601F067FA53EC182B804689462046B4
:10CE4000294601F05FFA52465B4604460D463046DD
:10CE5000394601F057FA02460B462046294601F0B2
:10CE600099F802460B464046494601F093F80246BF
:10CE70000B4600205F4901F08DF8BDEC048B41ECBE
:10CE8000100BBDE8F88F10EE102A10EE100A3B468A
:10CE9000394601F037FA46A3D3E9002304460D468C
:10CEA00001F030FA44A3D3E9002301F075F82246DB
:10CEB0002B4601F027FA42A3D3E9002301F06AF8D8
:10CEC00022462B4601F01EFA3FA3D3E9002301F0CE
:10CED00063F822462B4601F015FA3DA3D3E900235F
:10CEE00001F058F822462B4601F00CFA3AA3D3E998
:10CEF000002301F051F82B46224601F003FA3E4B85
:10CF0000994541EC180B90DD3C4B99453CDC0022E7
:10CF1000A9F50013374900209046994601F03AF8E8
:10CF200041EC190B324B00222046294601F0EAF968
:10CF300042464B4601F02EF853EC182B80468946AA
:10CF40002046294601F0DEF952465B4604460D466E
:10CF50003046394601F0D6F902460B4620462946AE
:10CF600001F018F802460B464046494601F012F817
:10CF700002460B4651EC190B01F00CF8BDEC048B8A
:10CF800041EC100BBDE8F88F9FED157BDFF870903A
:10CF9000B0EE479AF0EE679A4FF00008C2E7BDEC9A
:10CFA000048B9FED110BBDE8F88F00BFAFF300803D
:10CFB000D43888BEE9FAA8BDC4B1B4BD9EEE213E06
:10CFC000AD529C804F7E923E9015CB19A001FA3E47
:10CFD0007751C1166CC1563F4C5555555555A53F17
:10CFE000000000000000E73F000000000000F03FEC
:10CFF0000000E03F0000F03F3233D33F0000E93F44
:10D000000000D23F000000002DE9F04FADF5197D82
:10D01000BB4CA29D089354F825400594013B12F1A6
:10D02000140F04900B910393C0F22683B549D31ECD
:10D0300081FB0301DB17C3EBA10307930133A3EBD0
:10D040008303DB00D3180693079A039BD41A059A2F
:10D05000D6181AD40136A39F4FF000084FF00009EC
:10D06000264420AD08E057F8240001F0E1F801342F
:10D07000B442E5E8020108D0002CF4DA013440465D
:10D080004946B442E5E80201F6D1059B002BC0F207
:10D09000C883089BDDF80C90DA000292059A1A44C6
:10D0A0000192049A20A901EBC30A0DF5E07B02EB83
:10D0B000C308039B002B4FF000044FF0000511DB69
:10D0C000049E574677E90223F6E8020101F01AF9B7
:10D0D00002460B462046294600F05EFF46450446C0
:10D0E0000D46EFD1019B09F101099945EBE8024595
:10D0F0000AF1080ADDD1059A04980CA901EB820314
:10D1000002990144083B8B460BA90993134601EB96
:10D1100082020A920193019A98A901EBC203002AA4
:10D1200053E928452ADD0DF5E07909EBC2080DF138
:10D13000300A754B00222046294601F0E3F801F041
:10D1400091FB01F075F8714B002206460F4601F085
:10D15000D9F802460B462046294600F01BFF01F095
:10D1600081FB044678E902234AF8044B30463946ED
:10D1700000F012FFC84504460D46DAD1DDF81890DC
:10D1800045EC104B484600F06FFE55EC104B00226A
:10D190004FF07F5310EE100A294601F0B3F841EC2E
:10D1A000100B00F0D9FD5A4B51EC100B002201F08E
:10D1B000A9F802460B462046294600F0EBFE0D4634
:10D1C000044601F04FFB804601F032F80B46024660
:10D1D0002946204600F0DEFE4B46002B06460F4651
:10D1E00040F39880019A0CA9013AC9F1180351F84B
:10D1F000225045FA03F101FA03F3EB1AC9F11705BE
:10D200000CA843FA05F5002D40F82230884400F3BD
:10D210008B80002200233046394601F0DBFA0028DB
:10D2200000F05682019B059A03F1FF3A524510DC4B
:10D2300003F180430CAA013B0A9802EB830300220E
:10D2400053F80419834242EA0102F9D1002A40F05E
:10D25000DC80059B0CAA013B52F82330002B40F0E8
:10D26000CF80099A012352F8041901330029FAD01A
:10D2700001994A1CCB1802939146079B089902EB2F
:10D28000030A019B0B44984620AB0AF1804A03EB4A
:10D29000C808A39B0AF1FF3A03EB8A0A70AB03EBC1
:10D2A000C20301935AF8040F00F0C2FF0B46039922
:10D2B00002460029C8E9002347464FF0000408F160
:10D2C00008084FF0000511DB049E01E077E9022316
:10D2D000F6E8020101F016F802460B462046294600
:10D2E00000F05AFE5E4504460D46EFD1019BE3E88F
:10D2F00002450193029B09F101099945D2DD09E735
:10D30000189C0700ABAAAA2A0000703E00007041DA
:10D31000000020406BD1019B0CAA013B52F8235026
:10D32000ED15002D7FF775AF019B002B08F101086B
:10D3300040F3CC810C9C002C51D1019B012B20D0BF
:10D340000CAB012253F8044F002C4BD0531C0CA9FA
:10D35000C4F1807441F822400199994210DD0CAA71
:10D360000CA852F8232000EB830300EB81006FF040
:10D370007F4100E01A688A1A43F8042B8342F9D1EE
:10D380000124069B002B0EDD012B00F06A81022B8D
:10D3900009D1019B5A1E0CAB0CA953F82230C3F3E0
:10D3A000150341F82230022D7FF433AF32463B465D
:10D3B000B949002000F0EEFD06460F46002C3FF470
:10D3C00028AF06989FEDB00B00F04EFD3046394671
:10D3D00053EC102B00F0DEFD06460F4619E7012343
:10D3E0000022B4E7019901328A42ABD1C9E7AB4BC5
:10D3F000002201F00DFA002840F05681054608E7AA
:10D40000019B5A1C9146029237E70CAB069A53F8DF
:10D410002A30CDF81C80183A0395069273B9019B07
:10D4200003F18043023B0CA901EB830353F8041979
:10D430000AF1FF3A183A0029F8D006929FED920BB4
:10D44000069800F011FDBAF1000F55EC104BC0F238
:10D45000DE8170AB03EBCA0B0CAA0AF10103069341
:10D4600002EB83084FEACA030BF10809049358F84A
:10D47000040D00F0DDFE22462B4600F043FF064679
:10D480000F46874B2046294669E90267002200F0D3
:10D4900039FF0CAB984504460D46E8D148ABCDE9C1
:10D4A000013ADDF814A0BAF1000F4FF000092CDBAF
:10D4B00077A3D3E90023DFF8EC815F460024002541
:10D4C000002603E0B14510DBF8E80223F7E802018B
:10D4D00000F018FF02460B462046294600F05CFD8E
:10D4E0000136B24504460D46ECDA019B029A03EB85
:10D4F000C9034A45C3E90045ABF1080B09F1010333
:10D5000006D0BAF1000F9946D2DA00240025ECE7E4
:10D51000A29BDDF808A0022B1EDC002B00F30F817C
:10D5200013D1049C019D0834002000212C4474E98F
:10D53000022300F031FDA542F9D1039B13B101F1A3
:10D54000004319460B9BC3E90001079B03F007004A
:10D550000DF5197DBDE8F08FA29B032BF5D1BAF133
:10D56000000F00F07081019A049BD318D3E90045A5
:10D5700002EBCA0B7BE902672046294632463B464E
:10D5800000F00AFDA046A94604460D4622462B4659
:10D590003046394600F0FEFC4B46424600F0FCFCAB
:10D5A000019B5B45CBE90045CBE90201E2D1BAF131
:10D5B000010F40F34881019A049B0AF1005A0AF1D5
:10D5C000FF3A13444FEACA01D3E9004501F1080AC2
:10D5D000029192440DF5947B7AE902672046294630
:10D5E00032463B4600F0D8FCA046A94604460D460C
:10D5F00022462B463046394600F0CCFC42464B468C
:10D6000000F0CAFCD345CAE90045CAE90201E3D1EA
:10D61000029C019B0026002710341C4403F11005D6
:10D620003046394674E9022300F0B6FCA542F9D130
:10D6300006460F46039B002B40F0BF80019A0B99D2
:10D64000D2E90045D2E90223C1E90223079B03F096
:10D650000700C1E90467C1E900450DF5197DBDE882
:10D66000F08F019B5A1E0CAB0CA953F82230C3F368
:10D67000160341F8223096E600216FF01703079158
:10D68000E0E400BFAFF30080000000000000F03FC6
:10D6900000000040FB21F93F0000F03F0000E03FA8
:10D6A0000000703EE09B0700019B002B08F1010881
:10D6B000C8BF02253FF73EAE32463B4663490020D5
:10D6C00000F068FC022506460F46A2E5002458E655
:10D6D000069B0395584247EC106BCDF81C8000F078
:10D6E000C3FB55EC104B5A4B10EE100A0022294692
:10D6F00001F08EF8002856D0564B002220462946CD
:10D7000000F000FE01F0AEF8064600F091FD504B2F
:10D71000002200F0F7FD0B4602462946204600F0A5
:10D7200039FC01F09FF8069B019C183304F1010AB3
:10D7300006930CAB43F8240043F82A607EE6019D73
:10D74000069A002005EBC204002174E9022300F0D0
:10D7500023FCA542F9D1039B002B48D10B9BC3E9C5
:10D7600000010B4601990246D1E9000100F012FCCC
:10D77000BAF1000F0DDD4AAD0124F5E802230134B2
:10D7800000F00AFCA245F8DA039B13B101F1004353
:10D7900019460B9BC3E90201079B03F007000DF537
:10D7A000197DBDE8F08F2046294601F05BF8019B0A
:10D7B0000CAA9A4642F8230040E6019B19465A6893
:10D7C000DB680D688C680B9903F10043CB60079B05
:10D7D0000D6002F100424A6003F0070007F10042C9
:10D7E0008C600E614A610DF5197DBDE8F08F0B9CD0
:10D7F00001F10043C4E900030B4601990246D1E957
:10D80000000100F0C7FBBAF1000FB4DCBEE7A29B39
:10D81000022B0ADC002B11DC7FF497AE00200021E4
:10D820008BE6089BDB00029365E4A29B032B7FF44D
:10D830008CAE48AB002600270193FBE648AB0020E6
:10D840000021019387E700260027F3E60000F03F60
:10D85000000070410000703E2DE9F04F55EC104B78
:10D8600085B025F00043B3F1795F8DED001B039087
:10D8700007DA10EE100A294600F0F4FF002800F045
:10D88000898022462B462046294600F03BFD06466D
:10D890000F4632463B462046294600F033FD43A35F
:10D8A000D3E9002382468B463046394600F02AFDF4
:10D8B00040A3D3E9002300F06DFB32463B4600F065
:10D8C00021FD3EA3D3E9002300F066FB32463B4630
:10D8D00000F018FD3BA3D3E9002300F05BFB3246C8
:10D8E0003B4600F00FFD39A3D3E9002300F054FBC1
:10D8F000039B80468946ABB3DDE900012A4B002239
:10D9000000F000FD42464B46804689465046594647
:10D9100000F0F8FC02460B464046494600F03AFB50
:10D9200032463B4600F0EEFCDDE9002300F032FB1E
:10D930001BA3D3E9002306460F465046594600F084
:10D94000E1FC02460B463046394600F025FB024614
:10D950000B462046294600F01DFB41EC100B05B09C
:10D96000BDE8F08F02460B463046394600F0CAFC4F
:10D970000BA3D3E9002300F00DFB52465B4600F0F9
:10D98000C1FC22462B4600F007FB41EC100B05B012
:10D99000BDE8F08F45EC104B05B0BDE8F08F00BF3F
:10D9A000495555555555C53F0000E03F7CD5CF5AE8
:10D9B0003AD9E53DEB9C2B8AE6E55A3E7DFEB15710
:10D9C000E31DC73ED561C119A0012A3FA6F8101179
:10D9D0001111813F000000002DE9F84F55EC104B6C
:10D9E000CD4B25F000469E42AA460DDDCB4B9E4214
:10D9F00000F3B58000F0B080BAF1000F40F3F6807C
:10DA00009FEDA90BBDE8F88FC54B9E4200F3C38084
:10DA1000A3F1DE739E4240F3AC804FF0FF3B224601
:10DA20002B462046294600F06DFC02460B468046F8
:10DA3000894600F067FC9EA3D3E9002306460F4603
:10DA400000F060FC9CA3D3E9002300F0A5FA324665
:10DA50003B4600F057FC9AA3D3E9002300F09CFA60
:10DA600032463B4600F04EFC97A3D3E9002300F07A
:10DA700093FA32463B4600F045FC95A3D3E90023D8
:10DA800000F08AFA32463B4600F03CFC92A3D3E910
:10DA9000002300F081FA42464B4600F033FC90A38D
:10DAA000D3E90023804689463046394600F02AFCF7
:10DAB0008DA3D3E9002300F06DFA32463B4600F017
:10DAC00021FC8BA3D3E9002300F064FA32463B46E5
:10DAD00000F018FC88A3D3E9002300F05BFA32467B
:10DAE0003B4600F00FFC86A3D3E9002300F052FA76
:10DAF00032463B4600F006FCBBF1FF3F02460B46B8
:10DB000078D04046494600F047FA864E22462B46DA
:10DB100000F0F8FB844B06EBCB064FEACB0B9B44A3
:10DB2000DBE9002300F036FA22462B4600F032FAF9
:10DB300002460B46D6E9000100F02CFABAF1000FBC
:10DB400041EC100B13DA10EE901A024601F100437B
:10DB500043EC102BBDE8F88F002C3FF44DAF22466C
:10DB60002B462046294600F017FA41EC100BBDE881
:10DB7000F88F65A3D3E9002310EE100A294600F0C0
:10DB80000BFA6A4B002200F04DFE00283FF445AF2F
:10DB900045EC104BEBE700F0D3F8654B9E4255EC9B
:10DBA000104B39DCA3F550239E4262DC10EE102AA4
:10DBB00010EE100A2B46294600F0EEF95B4B0022CE
:10DBC00000F0E8F900224FF0804306460F46204659
:10DBD000294600F0E1F902460B463046394600F08E
:10DBE000BBFC4FF0000B04460D4618E79FED480BB9
:10DBF000BDE8F88F4046494600F0CEF922462B4654
:10DC000000F080FB02460B462046294600F0C2F990
:10DC100041EC100BBDE8F88F464B9E421DDA10EE2A
:10DC2000100A454B0022294600F0B4F9424B064643
:10DC30000F4600222046294600F064FB3B4B0022A1
:10DC400000F0AAF902460B463046394600F084FC43
:10DC50004FF0020B04460D46E1E62B4610EE102A6B
:10DC60003649002000F078FC4FF0030B04460D46C7
:10DC7000D5E610EE100A2D4B0022294600F08AF955
:10DC80002A4B002206460F462046294600F084F91A
:10DC900002460B463046394600F05EFC4FF0010B61
:10DCA00004460D46BBE600BF182D4454FB21F93F46
:10DCB00011DA22E33AAD903FEB0D76244B7BA93F7E
:10DCC000513DD0A0660DB13F6E204CC5CD45B73F4C
:10DCD000FF8300922449C23F0D5555555555D53FF8
:10DCE0002F6C6A2C44B4A2BF9AFDDE522DDEAD3FEC
:10DCF0006D9A74AFF2B0B33F711623FEC671BC3F8C
:10DD0000C4EB98999999C93F9C7500883CE4377E8B
:10DD1000182D4454FB21F9BFFFFF0F440000F07F92
:10DD2000FFFFDB3F289C0700489C07000000F03FF6
:10DD3000FFFFF23F008003400000F83F0000F0BF0B
:10DD400051EC100B10EE102A21F0004343EC102B85
:10DD5000704700BF0000000051EC100BF8B5C1F394
:10DD60000A53A3F2FF35132D10EE106A0C4620DC87
:10DD7000002D3DDB384F2F4101EA070303431DD03F
:10DD800033A3D3E9002300F007F90022002300F0B9
:10DD900049FD48B1002C04DA4FF4801343FA05F52D
:10DDA0002C4424EA070400262346324643EC102B79
:10DDB000F8BD332D05DDB5F5806F29D041EC100B92
:10DDC000F8BDA3F213434FF0FF37DF400742F5D011
:10DDD0001FA3D3E9002300F0DFF80022002300F0A6
:10DDE00021FD0028E0D0002C23DB26EA0706DBE734
:10DDF00017A3D3E9002300F0CFF80022002300F09E
:10DE000011FD0028D0D0002C0ADB00263446CBE7D9
:10DE100010EE102A0B4600F0BFF841EC100BF8BDD5
:10DE200024F000430D4A1E43002E18BF144600265E
:10DE3000BAE7142D08D00123C5F1340503FA05F51E
:10DE4000AE1928BFE418D0E70134CEE7AFF3008065
:10DE50009C7500883CE4377EFFFF0F000000F0BF98
:10DE6000002070470000000038B553EC102BC3F3BE
:10DE70000A511C46054681BB10EE101A23F00044DF
:10DE8000214329D0194600223D4B3E4C10EE100A8A
:10DE900000F038FAA54202460B4616DB0C46C1F3E9
:10DEA0000A513639294440F2FE70814221DC0029B2
:10DEB00047DC11F1350F34DA4CF250318D4218DC69
:10DEC000002B27A1D1E9000144DB25A3D3E90023DE
:10DED00000F018FA41EC100B38BD40F2FF7081429F
:10DEE000E0D110EE100A194600F056F841EC100B84
:10DEF00038BD002B1CA1D1E9000107DB1AA3D3E92F
:10DF0000002300F0FFF941EC100B38BD18A1D1E956
:10DF1000000115A3D3E9002300F0F4F941EC100B44
:10DF2000F3E724F0FF4424F4E004363144EA0153DB
:10DF3000104619460022144B00F0E4F941EC100B96
:10DF400038BD24F0FF4424F4E00444EA015343ECD8
:10DF5000102B38BD08A1D1E90001B6E7AFF300806E
:10DF600059F3F8C21F6EA5019C7500883CE4377E0A
:10DF70009C7500883CE437FE59F3F8C21F6EA581FA
:10DF800000005043B03CFFFF0000903C81F0004196
:10DF900002E000BF83F0004330B54FEA41044FEA8E
:10DFA000430594EA050F08BF90EA020F1FBF54EA29
:10DFB000000C55EA020C7FEA645C7FEA655C00F0C5
:10DFC000E2804FEA5454D4EB5555B8BF6D420CDD96
:10DFD0002C4480EA020281EA030382EA000083EA19
:10DFE000010180EA020281EA0303362D88BF30BDB9
:10DFF00011F0004F4FEA01314FF4801C4CEA11310F
:10E0000002D0404261EB410113F0004F4FEA03336D
:10E010004CEA133302D0524263EB430394EA050FF8
:10E0200000F0A780A4F10104D5F1200E0DDB02FA67
:10E030000EFC22FA05F2801841F1000103FA0EF2FB
:10E04000801843FA05F359410EE0A5F120050EF1C1
:10E05000200E012A03FA0EFC28BF4CF0020C43FAF2
:10E0600005F3C01851EBE37101F0004507D54FF0FF
:10E07000000EDCF1000C7EEB00006EEB0101B1F54F
:10E08000801F1BD3B1F5001F0CD349085FEA300095
:10E090004FEA3C0C04F101044FEA445212F5800FA0
:10E0A00080F09A80BCF1004F08BF5FEA500C50F13D
:10E0B000000041EB045141EA050130BD5FEA4C0C20
:10E0C000404141EB0101013C28BFB1F5801FE9D27D
:10E0D00091F0000F04BF01460020B1FA81F308BFA0
:10E0E0002033A3F10B03B3F120020CDA0C3208DD6C
:10E0F00002F1140CC2F10C0201FA0CF021FA02F147
:10E100000CE002F11402D8BFC2F1200C01FA02F1B6
:10E1100020FA0CFCDCBF41EA0C019040E41AA2BFDB
:10E1200001EB0451294330BD6FEA04041F3C1CDAA3
:10E130000C340EDC04F11404C4F1200220FA04F0C3
:10E1400001FA02F340EA030021FA04F345EA03016D
:10E1500030BDC4F10C04C4F1200220FA02F001FA2F
:10E1600004F340EA0300294630BD21FA04F02946B1
:10E1700030BD94F0000F83F4801306BF81F480114A
:10E180000134013D4EE77FEA645C18BF7FEA655CBD
:10E1900029D094EA050F08BF90EA020F05D054EA8F
:10E1A000000C04BF1946104630BD91EA030F1EBF94
:10E1B0000021002030BD5FEA545C05D14000494198
:10E1C00028BF41F0004130BD14F580043CBF01F58B
:10E1D000801130BD01F0004545F0FE4141F4700171
:10E1E0004FF0000030BD7FEA645C1ABF194610464C
:10E1F0007FEA655C1CBF0B46024650EA013406BF4D
:10E2000052EA033591EA030F41F4002130BD00BF0B
:10E2100090F0000F04BF0021704730B54FF48064C8
:10E2200004F132044FF000054FF0000150E700BF49
:10E2300090F0000F04BF0021704730B54FF48064A8
:10E2400004F1320410F0004548BF40424FF0000195
:10E250003EE700BF42004FEAE2014FEA31014FEAD8
:10E2600002701FBF12F07F4393F07F4F81F0605127
:10E27000704732F07F4208BF704793F07F4F04BF72
:10E2800041F40021704730B54FF4607401F000454F
:10E2900021F000411CE700BF50EA010208BF7047AF
:10E2A00030B54FF000050AE050EA010208BF7047A0
:10E2B00030B511F0004502D5404261EB41014FF409
:10E2C000806404F132045FEA915C3FF4D8AE4FF011
:10E2D00003025FEADC0C18BF03325FEADC0C18BFF4
:10E2E000033202EBDC02C2F1200300FA03FC20FA45
:10E2F00002F001FA03FE40EA0E0021FA02F1144492
:10E30000BDE600BF70B54FF0FF0C4CF4E06C1CEAAA
:10E3100011541DBF1CEA135594EA0C0F95EA0C0F1B
:10E3200000F0DEF82C4481EA030621EA4C5123EA8E
:10E330004C5350EA013518BF52EA033541F48011BD
:10E3400043F4801338D0A0FB02CE4FF00005E1FB70
:10E3500002E506F00042E0FB03E54FF00006E1FBBA
:10E3600003569CF0000F18BF4EF0010EA4F1FF04FD
:10E37000B6F5007F64F5407404D25FEA4E0E6D413D
:10E3800046EB060642EAC62141EA55514FEAC5204E
:10E3900040EA5E504FEACE2EB4F1FD0C88BFBCF5CA
:10E3A000E06F1ED8BEF1004F08BF5FEA500E50F17B
:10E3B000000041EB045170BD06F0004646EA010141
:10E3C00040EA020081EA0301B4EB5C04C2BFD4EB73
:10E3D0000C0541EA045170BD41F480114FF0000E6C
:10E3E000013C00F3AB8014F1360FDEBF002001F0DA
:10E3F000004170BDC4F10004203C35DA0C341BDC54
:10E4000004F11404C4F1200500FA05F320FA04F025
:10E4100001FA05F240EA020001F0004221F0004159
:10E4200010EBD37021FA04F642EB06015EEA430ECC
:10E4300008BF20EAD37070BDC4F10C04C4F12005FC
:10E4400000FA04F320FA05F001FA04F240EA0200AF
:10E4500001F0004110EBD37041F100015EEA430E80
:10E4600008BF20EAD37070BDC4F1200500FA05F2A0
:10E470004EEA020E20FA04F301FA05F243EA02031F
:10E4800021FA04F001F0004121FA04F220EA02002E
:10E4900000EBD3705EEA430E08BF20EAD37070BD74
:10E4A00094F0000F0FD101F00046400041EB010154
:10E4B00011F4801F08BF013CF7D041EA060195F036
:10E4C000000F18BF704703F00046520043EB0303F0
:10E4D00013F4801F08BF013DF7D043EA06037047DD
:10E4E00094EA0C0F0CEA135518BF95EA0C0F0CD0E8
:10E4F00050EA410618BF52EA4306D1D181EA03012E
:10E5000001F000414FF0000070BD50EA410606BF27
:10E510001046194652EA430619D094EA0C0F02D16C
:10E5200050EA013613D195EA0C0F05D152EA0336B1
:10E530001CBF104619460AD181EA030101F00041CF
:10E5400041F0FE4141F470014FF0000070BD41F018
:10E55000FE4141F4780170BD70B54FF0FF0C4CF4F2
:10E56000E06C1CEA11541DBF1CEA135594EA0C0F11
:10E5700095EA0C0F00F0A7F8A4EB050481EA030E5E
:10E5800052EA03354FEA013100F088804FEA033345
:10E590004FF0805545EA131343EA12634FEA022213
:10E5A00045EA111545EA10654FEA00260EF00041D4
:10E5B0009D4208BF964244F1FD0404F5407402D226
:10E5C0005B084FEA3202B61A65EB03055B084FEAB7
:10E5D00032024FF480104FF4002CB6EB020E75EBB4
:10E5E000030E22BFB61A754640EA0C005B084FEADC
:10E5F0003202B6EB020E75EB030E22BFB61A754659
:10E6000040EA5C005B084FEA3202B6EB020E75EBA3
:10E61000030E22BFB61A754640EA9C005B084FEA1B
:10E620003202B6EB020E75EB030E22BFB61A754628
:10E6300040EADC0055EA060E18D04FEA051545EA17
:10E6400016754FEA06164FEAC30343EA52734FEAC0
:10E65000C2025FEA1C1CC0D111F4801F0BD141EA39
:10E6600000014FF000004FF0004CB6E711F4801F9E
:10E6700004BF01430020B4F1FD0C88BFBCF5E06F7E
:10E680003FF6AFAEB5EB030C04BFB6EB020C5FEA8E
:10E69000500C50F1000041EB045170BD0EF0004EE3
:10E6A0004EEA113114EB5C04C2BFD4EB0C0541EA15
:10E6B000045170BD41F480114FF0000E013C90E612
:10E6C00045EA060E8DE60CEA135594EA0C0F08BFD6
:10E6D00095EA0C0F3FF43BAF94EA0C0F0AD150EAD5
:10E6E00001347FF434AF95EA0C0F7FF425AF104668
:10E6F00019462CE795EA0C0F06D152EA03353FF490
:10E70000FDAE1046194622E750EA410618BF52EA0C
:10E7100043067FF4C5AE50EA41047FF40DAF52EAE0
:10E7200043057FF4EBAE12E74FF0FF3C06E000BF7D
:10E730004FF0010C02E000BF4FF0010C4DF804CD8A
:10E740004FEA410C7FEA6C5C4FEA430C18BF7FEA4A
:10E750006C5C1BD001B050EA410C0CBF52EA430C78
:10E7600091EA030F02BF90EA020F0020704710F1F8
:10E77000000F91EA030F58BF994208BF90422CBF87
:10E78000D8176FEAE37040F0010070474FEA410C80
:10E790007FEA6C5C02D150EA013C07D14FEA430C9E
:10E7A0007FEA6C5CD6D152EA033CD3D05DF8040B0F
:10E7B000704700BF8446104662468C461946634641
:10E7C00000E000BF01B5FFF7B7FF002848BF10F118
:10E7D000000F01BD4DF808EDFFF7F4FF0CBF01205D
:10E7E00000205DF808FB00BF4DF808EDFFF7EAFFD9
:10E7F00034BF012000205DF808FB00BF4DF808ED94
:10E80000FFF7E0FF94BF012000205DF808FB00BF88
:10E810004DF808EDFFF7CEFF94BF012000205DF812
:10E8200008FB00BF4DF808EDFFF7C4FF34BF01201F
:10E8300000205DF808FB00BF4FEA410C7FEA6C5CEA
:10E8400002D150EA013C0AD14FEA430C7FEA6C5CEA
:10E8500002D152EA033C02D14FF0000070474FF062
:10E86000010070474FEA410212F5001215D211D58E
:10E870006FF47873B3EB625212D94FEAC12343F0BD
:10E88000004343EA505311F0004F23FA02F018BF3F
:10E89000404270474FF00000704750EA013005D108
:10E8A00011F0004008BF6FF0004070474FF00000CB
:10E8B000704700BF4A0011D212F5001211D20DD5D7
:10E8C0006FF47873B3EB62520ED44FEAC12343F076
:10E8D000004343EA505323FA02F070474FF0000020
:10E8E000704750EA013002D14FF0FF3070474FF0CF
:10E8F000000070474FEA4102B2F1E04324BFB3F594
:10E90000001CDCF1FE5C0DD901F0004C4FEAC002A6
:10E910004CEA5070B2F1004F40EB830008BF20F08A
:10E920000100704711F0804F21D113F13872BCBF44
:10E9300001F00040704741F480114FEA5252C2F199
:10E940001802C2F1200C10FA0CF320FA02F018BFE2
:10E9500040F001004FEAC1234FEAD32303FA0CFC35
:10E9600040EA0C0023FA02F34FEA4303CCE77FEAC4
:10E97000625307D150EA01331EBF4FF0FE4040F40E
:10E980004000704701F0004040F0FE4040F40000BD
:10E99000704700BF80F0004002E000BF81F00041FE
:10E9A00042001FBF5FEA410392EA030F7FEA226C35
:10E9B0007FEA236C6AD04FEA1262D2EB1363C1BFC5
:10E9C000D218414048404140B8BF5B42192B88BF34
:10E9D000704710F0004F40F4000020F07F4018BF57
:10E9E000404211F0004F41F4000121F07F4118BF77
:10E9F000494292EA030F3FD0A2F1010241FA03FC1F
:10EA000010EB0C00C3F1200301FA03F100F0004306
:10EA100002D5494260EB4000B0F5000F13D3B0F1CE
:10EA2000807F06D340084FEA310102F10102FE2A3D
:10EA300051D2B1F1004F40EBC25008BF20F00100AD
:10EA400040EA03007047490040EB0000013A28BF4C
:10EA5000B0F5000FEDD2B0FA80FCACF1080CB2EBCF
:10EA60000C0200FA0CF0AABF00EBC250524218434D
:10EA7000BCBFD0401843704792F0000F81F40001F2
:10EA800006BF80F400000132013BB5E74FEA4103C5
:10EA90007FEA226C18BF7FEA236C21D092EA030F31
:10EAA00004D092F0000F08BF0846704790EA010FAB
:10EAB0001CBF0020704712F07F4F04D1400028BFD8
:10EAC00040F00040704712F100723CBF00F50000BA
:10EAD000704700F0004343F0FE4040F400007047F0
:10EAE0007FEA226216BF08467FEA2363014642029C
:10EAF00006BF5FEA412390EA010F40F480007047AF
:10EB00004FF0000304E000BF10F0004348BF404254
:10EB10005FEA000C08BF704743F0964301464FF090
:10EB200000001CE050EA010208BF70474FF00003EC
:10EB30000AE000BF50EA010208BF704711F000432D
:10EB400002D5404261EB41015FEA010C02BF8446FD
:10EB50000146002043F0B64308BFA3F18053A3F55C
:10EB60000003BCFA8CF2083AA3EBC25310DB01FAA3
:10EB700002FC634400FA02FCC2F12002BCF1004F27
:10EB800020FA02F243EB020008BF20F001007047B8
:10EB900002F1200201FA02FCC2F1200250EA4C000C
:10EBA00021FA02F243EB020008BF20EADC70704752
:10EBB0007BB972B90029BEBF00204FF0004106E0CA
:10EBC00008BF00281CBF6FF000414FF0FF3000F07D
:10EBD00003BAADF1080C6DE904CE002909DB002B66
:10EBE0001ADB00F097F8DDF804E0DDE9022304B059
:10EBF0007047404261EB4101002B1BDB00F08AF8BB
:10EC0000DDF804E0DDE9022304B0404261EB41019C
:10EC1000524263EB43037047524263EB430300F0FD
:10EC200079F8DDF804E0DDE9022304B0404261EB4D
:10EC300041017047524263EB430300F06BF8DDF88B
:10EC400004E0DDE9022304B0524263EB4303704762
:10EC500053B94AB9002908BF00281CBF4FF0FF3143
:10EC60004FF0FF3000F0B8B9ADF1080C6DE904CEFB
:10EC700000F050F8DDF804E0DDE9022304B070474D
:10EC8000430803F05533C01A830803F0333300F010
:10EC90003330184400EB101000F00F3000EB002070
:10ECA00000EB0040000E704738B5002200230446F8
:10ECB0000D46FFF799FD28B920462946BDE83840A2
:10ECC00000F00AB8204605F1004100F005F8404286
:10ECD00061EB410138BD00BFD0B50C4B00220646A8
:10ECE0000F46FFF70FFBFFF7E5FD0446FFF790FA2D
:10ECF000074B0022FFF706FB02460B46304639461B
:10ED0000FFF748F9FFF7D6FD2146D0BD0000F03DE2
:10ED10000000F0412DE9F047089D04468C46002B89
:10ED200040F083808A42174647D9B2FA82F242B154
:10ED3000C2F1200024FA00F09140974040EA010C13
:10ED400094404FEA1748230CBCFBF8F61FFA87FEE5
:10ED500008FB16C143EA014306FB0EF1994209D9AB
:10ED6000FB1806F1FF3080F01981994240F21681BC
:10ED7000023E3B445B1AA4B2B3FBF8F008FB10332D
:10ED800044EA034400FB0EFEA64509D93C1900F1F4
:10ED9000FF3380F00581A64540F2028102383C44F1
:10EDA00040EA0640A4EB0E0400261DB1D440002327
:10EDB000C5E900433146BDE8F08702B9FFDEB2FA8B
:10EDC00082F2002A50D1CB1B4FEA174E1FFA87F868
:10EDD0000126B3FBFEFC210C0EFB1C3341EA034170
:10EDE00008FB0CF38B4207D979180CF1FF3002D2E3
:10EDF0008B4200F2E9808446C91AA3B2B1FBFEF04F
:10EE00000EFB101143EA014408FB00F8A04507D9A6
:10EE10003C1900F1FF3302D2A04500F2D980184618
:10EE2000A4EB080440EA0C40BFE78B4209D9002D4F
:10EE300000F0B1800026C5E9000130463146BDE84A
:10EE4000F087B3FA83F6002E4AD18B4202D3824276
:10EE500000F2B880841A61EB030101208C46002D7A
:10EE6000A8D0C5E9004CA5E7C2F1200320FA03F6BB
:10EE7000974001FA02F04FEA174ED9403043030C95
:10EE8000B1FBFEF61FFA87F80EFB161143EA0143A9
:10EE900006FB08F1994204FA02F409D9FB1806F1BD
:10EEA000FF3C80F08D80994240F28A80023E3B44D4
:10EEB0005B1A81B2B3FBFEF00EFB103341EA034153
:10EEC00000FB08F38B4207D9791800F1FF3C73D29D
:10EED0008B4271D902383944CB1A40EA064678E7AA
:10EEE000C6F1200C03FA06F422FA0CF31C4320FAB4
:10EEF0000CF701FA06F34FEA144E21FA0CF11F4306
:10EF00003B0CB1FBFEF91FFA84F80EFB191143EA22
:10EF1000014109FB08FA8A4502FA06F200FA06F3F3
:10EF200008D9611809F1FF3048D28A4546D9A9F1BC
:10EF300002092144A1EB0A01BFB2B1FBFEF00EFBB6
:10EF4000101147EA014700FB08F8B84507D9E7194F
:10EF500000F1FF312ED2B8452CD90238274440EABF
:10EF60000940A7EB0807A0FB02894F45C646494662
:10EF70001AD317D05DB1B3EB0E0267EB010707FAA6
:10EF80000CFCF2404CEA0202F740C5E900270026DB
:10EF90003146BDE8F0872E4628460BE70646E9E6EF
:10EFA0001846FDE64345E5D2B8EB020E69EB0401D5
:10EFB0000138DFE70846D2E760468DE78146B9E7CA
:10EFC000664675E730464AE7ACF1020C394413E770
:10EFD00002383C4424E700BF704700BF1FB5144609
:10EFE0001A46094B1B680546D8684CB1074B00917F
:10EFF000CDE9013406492B4600F03EF802F0B2F9A3
:10F00000044B1C46F3E700BF34640020689C0700F3
:10F01000759C0700A39C0700002101F05FBF0A2236
:10F02000002102F033B8000010B5054C13462CB196
:10F030000A4601460220AFF3008010BD2046FCE7DF
:10F0400000000000014B1868704700BF34640020C6
:10F0500008B5074B044613B10021AFF30080054B00
:10F060001868836A03B19847204604F03DFC00BF4E
:10F0700000000000A49C07000EB403B5014603ABDA
:10F08000054853F8042B0068019300F0B3F902B06F
:10F090005DF804EB03B070473464002070B50D4D8B
:10F0A0000D4C641BA4100026A64209D10B4D0C4C3C
:10F0B00004F01CFC641BA4100026A64205D170BD00
:10F0C00055F8043B98470136EEE755F8043B98475E
:10F0D0000136F2E708660020086600200866002076
:10F0E00030660020024B0146186800F0FFB800BFF0
:10F0F00034640020024B0146186800F0A7B800BF36
:10F100003464002000000000000000000000000047
:10F1100001F0FF01102A2BDB10F0070F08D010F8C8
:10F12000013B013A8B422DD010F0070F42B3F6D1CC
:10F13000F0B441EA012141EA014122F007047FF0E5
:10F1400000070023F0E80256083C85EA010586EA3C
:10F15000010685FA47F5A3FA87F586FA47F6A5FA78
:10F1600087F68EB9EED1F0BC01F0FF0102F0070284
:10F1700032B110F8013B013A83EA010313B1F8D12F
:10F180000020704701387047002D06BF3546033810
:10F19000073815F0010F07D1013015F4807F02BF49
:10F1A000013015F4C03F0130F0BC0138704700BF9A
:10F1B00030B501390024A24201D1002005E0035DF1
:10F1C00001340D5DAB42F6D0581B30BD0A4491426C
:10F1D00000F1FF3300D1704710B511F8014B03F86F
:10F1E000014F9142F9D110BD884210B501EB0204E4
:10F1F00002D98442234607D8431EA14208D011F801
:10F20000012B03F8012FF8E7024401468A4200D19E
:10F2100010BD13F8014D02F8014DF7E70244034613
:10F22000934200D1704703F8011BF9E713B54A4335
:10F230001146019200F05AF8044618B1019A0021D3
:10F24000FFF7ECFF204602B010BD000037B50029E3
:10F2500048D051F8043C0190002BA1F10404B8BF40
:10F26000E41803F0A7FC204A01981368154633B947
:10F270006360146003B0BDE8304003F0A1BCA3425A
:10F280000BD921686218934204BF1A685B686360F7
:10F2900004BF521822602C60ECE71A465B680BB181
:10F2A000A342FAD911685518A5420BD1246821440C
:10F2B0005418A3421160DDD11C685B68536021447F
:10F2C0001160D7E702D90C230360D3E725686119E1
:10F2D0008B4204BF19685B68636004BF49192160F1
:10F2E0005460C7E703B030BDC8700120F8B5CD1C2D
:10F2F00025F0030508350C2D38BF0C25002D0646DA
:10F3000001DBA94203D90C2333600020F8BD03F0D0
:10F3100051FC21490A6814469CB9204F3B6823B927
:10F320002146304600F060FE38602946304600F045
:10F330005BFE431C23D10C233360304603F040FCBA
:10F34000E3E723685B1B17D40B2B03D923601C4412
:10F35000256004E06368A2420CBF0B605360304636
:10F3600003F02EFC04F10B00231D20F00700C21A4D
:10F37000CCD01B1AA350C9E722466468CCE7C41C52
:10F3800024F00304A042E3D0211A304600F02CFE02
:10F390000130DDD1CFE700BFC8700120CC70012063
:10F3A0009368013B002B10B4936008DA9469A34280
:10F3B00001DB0A2903D15DF8044B01F001BF13689A
:10F3C000581C1060197008465DF8044B7047F8B57A
:10F3D00006460F461446D518AC4201D1002007E07E
:10F3E00014F8011B3A463046FFF7DAFF431CF3D10D
:10F3F000F8BD00002DE9F04F0D469DB0144698462B
:10F40000064618B183690BB902F04AFF894B9D4249
:10F410001BD175686B6ED90705D4AB899A0502D4E8
:10F42000A86D03F03CFBAB891B0701D52B69EBB939
:10F430002946304601F028FFC0B16B6EDC070ED5BF
:10F440004FF0FF301DB0BDE8F08F7B4B9D4201D1E6
:10F45000B568DFE7794B9D4208BFF568DAE7AB890D
:10F460009805EDD4A86D03F01BFBE9E70023099391
:10F4700020238DF82930CDF80C803023DFF8C081AF
:10F480008DF82A304FF0010923469A4613F8012BD4
:10F490000AB1252AF9D1BAEB040B0BD05B46224600
:10F4A00029463046FFF793FF013000F0AA80099A01
:10F4B0005A4409929AF80030002B00F0A2800023F1
:10F4C0004FF0FF32CDE905230AF1010A04930793B7
:10F4D0008DF853301A935446052214F8011B5848EE
:10F4E000FFF716FE049AD8B9D10644BF20238DF841
:10F4F0005330130744BF2B238DF853309AF8003054
:10F500002A2B15D0079A544600204FF00A0C2146AA
:10F5100011F8013B303B092B4ED9B0B1079214E0F2
:10F52000A0EB080309FA03F313430493A246D2E7BE
:10F53000039B191D1B680391002BBBBF5B4242F06C
:10F54000020207930793B8BF049223782E2B0CD1A5
:10F5500063782A2B35D1039B1A1D1B680392002B5D
:10F56000B8BF4FF0FF3302340593DFF8E4A02178F1
:10F5700003225046FFF7CCFD40B14023A0EB0A0028
:10F5800003FA00F0049B03430134049314F8011BB5
:10F590002C488DF828100622FFF7BAFD00283FD02E
:10F5A000294B1BBB039B073323F00703083303934B
:10F5B000099B3B44099367E70CFB02320C46012090
:10F5C000A5E700230134059319464FF00A0C2046A5
:10F5D00010F8012B303A092A03D9002BC5D0059128
:10F5E000C3E70CFB012104460123F0E703AB0093C2
:10F5F0002A46164B04A9304600F0CCF80746781C82
:10F60000D6D16B6ED90705D4AB899A0502D4A86D03
:10F6100003F046FAAB895B063FF512AF099811E794
:10F6200003AB00932A46094B04A9304600F056FB71
:10F63000E4E700BF709E0700909E0700509E070001
:10F64000A89C0700B29C070095F70600CFF30600C0
:10F65000AE9C07002DE9FF4755EC104B002D0E46E0
:10F6600019462B46BBBF05F100431D4600232D2341
:10F670000B700D9BDDF830A0914623F02008BCBF35
:10F6800022461446B8F1460F05D0B8F1450F00D117
:10F690000136022100E0032103AB019302AB00938A
:10F6A00045EC104B5346324601F002FFB8F1470FCC
:10F6B000074602D119F0010F22D0B8F1460F07EB2F
:10F6C000060910D13B78302B0AD1002200232046B6
:10F6D0002946FFF77FF818B9C6F10106CAF800609D
:10F6E000DAF8003099440022002320462946FFF72B
:10F6F00071F808B1CDF80C903022039B4B4507D32D
:10F70000039B0E9ADB1B3846136004B0BDE8F087FC
:10F71000591C03911A70F0E7F7B503460029B8BFEA
:10F72000494203F8022BB4BF2D222B220929427033
:10F730002ADD0DF10704A4460A27A6460A4691FBD6
:10F74000F7F607FB16153035632A04F1FF340EF87F
:10F75000015C3146F1DC3031AEF1020504F8011CE8
:10F76000441C294661450AD30DF10902A2EB0E02A1
:10F77000654588BF00221344181A03B0F0BD11F884
:10F78000012B04F8012FEDE7302330318370C17075
:10F79000031DF1E72DE9F04F2DED028B8DB00C46E6
:10F7A000DDF8608016461F46054603F073F9D0F871
:10F7B00000A0504600F01BFD00230A932368059328
:10F7C000D8F8003094F818B0073323F0070303F19A
:10F7D0000802C8F80020D3E90023C4E91223D4E9C1
:10F7E000128929F000430793CDF8188008EE100A1B
:10F7F0009F4BDDE906014FF0FF32FFF71DF888BB94
:10F80000DDE906019A4B4FF0FF32FEF7F7FF48BBE8
:10F810000022002340464946FEF7E6FF10B12D23A3
:10F8200084F84330934B9448BBF1470F94BF9846FC
:10F83000804603232361059B23F0040222604FF0DE
:10F840000009009733460BAA2146284600F0D8F954
:10F85000013040F090804FF0FF300DB0BDEC028BD6
:10F86000BDE8F08F42464B4640464946FEF7E4FF6E
:10F8700040B14B46002BBCBF2D2384F843307F485A
:10F880007F4BD1E763680BF0DF0206925A1C3FD131
:10F8900006236360059B616843F480620023039341
:10F8A0000AABCDE901B309AB49EC108B00932260A0
:10F8B0000DF123032846FFF7CDFE069B0999472B40
:10F8C000804608D1C81C02DB6368994241DDABF178
:10F8D000020B5FFA8BFBBBF1650F20D801395A464A
:10F8E00004F150000991FFF717FF0A9A1318012A33
:10F8F0008146236102DC2268D20701D501332361EE
:10F900009DF82330002B9CD02D2384F8433098E7BA
:10F91000069A472ABED1002BBCD10123B9E7BBF11F
:10F92000660F18D1002963680BDD216113B92268C5
:10F93000D00702D501330B442361A1654FF00009C4
:10F94000DEE713B92268D20701D50233F4E70123B9
:10F95000F2E74FF0670B0A9B994205DB23682161B0
:10F96000D807EAD54B1CE7E70029D4BFC1F1020252
:10F9700001221344E0E723685A0507D4236942466D
:10F9800031462846B84701302CD164E7BBF1650FFA
:10F9900040F2E080D4E9120100220023FEF71AFFB2
:10F9A000002834D0374A012331462846B847013071
:10F9B0003FF451AFDDE909239A4202DB2368D807FF
:10F9C00010D518EE103A524631462846B847013055
:10F9D0003FF441AF4FF0000804F11A090A9B013BC4
:10F9E000434509DC23689B0700F10581E0680B9B18
:10F9F0009842B8BF184630E701234A4631462846A8
:10FA0000B84701303FF427AF08F10108E6E7099B4A
:10FA1000002B39DC1B4A012331462846B847013008
:10FA20003FF419AFDDE90923134302D12368D90755
:10FA3000D8D518EE103A524631462846B84701301C
:10FA40003FF409AF4FF0000904F11A0A099B5B4229
:10FA50004B4501DC0A9B92E701235246314628467A
:10FA6000B84701303FF4F7AE09F10109EEE700BFF6
:10FA7000FFFFEF7FB99C0700BD9C0700C59C0700F6
:10FA8000C19C0700C99C07000A9AA36D9A42A8BFAF
:10FA90001A46002A914637DC4FF0000B29EAE97933
:10FAA00004F11A02A36D0593A3EB09035B4533DC54
:10FAB000DDE909239A423BDB2368DA0738D40A9A46
:10FAC000059B0999D31AA2EB01099945A8BF99464C
:10FAD000B9F1000F35DC4FF0000829EAE97904F1AB
:10FAE0001A0ADDE909239B1AA3EB090343457FF7B3
:10FAF00079AF0123524631462846B84701303FF4DA
:10FB0000AAAE08F10108ECE7134631464246284602
:10FB1000B8470130C0D19EE6012331462846059200
:10FB2000B84701303FF497AE059A0BF1010BB9E7E6
:10FB300018EE103A524631462846B8470130BED139
:10FB400089E6059A4B46424431462846B84701307B
:10FB5000C1D180E60A9A012A01DCDB0738D50123EE
:10FB6000424631462846B84701303FF474AE18EE9D
:10FB7000103A524631462846B84701303FF46BAE42
:10FB8000D4E9120100220023FEF724FED8B90A9B13
:10FB900008F10102013B31462846B84701300ED139
:10FBA00059E60123524631462846B84701303FF412
:10FBB00052AE08F101080A9B013B4345F1DC4B467C
:10FBC00004F15002DCE64FF0000804F11A0AF2E7F3
:10FBD00001234246DFE701234A4631462846B8471B
:10FBE00001303FF438AE08F10108E3680B995B1A65
:10FBF0004345F0DCFAE64FF0000804F11909F4E798
:10FC00002DE9F047164699468A680B69DDF8208091
:10FC10009342B8BF1346336091F8432007460C4621
:10FC20000AB1013333602368990642BF3368023357
:10FC30003360256815F0060506D104F1190AE3685A
:10FC400032689B1AAB4226DC94F84320131E2268CC
:10FC500018BF012392062BD404F1430249463846CB
:10FC6000C04701301ED02368E568326803F0060300
:10FC7000042B08BFAD1AA36822690CBF25EAE575FD
:10FC800000259342C4BF9B1AED1800261A34B542D2
:10FC90001AD1002008E00123524649463846C047A1
:10FCA000013003D14FF0FF30BDE8F0870135C6E7E2
:10FCB000E1185A1C302081F84300224494F8451082
:10FCC00082F843100233C7E70123224649463846EB
:10FCD000C0470130E6D00136D9E700002DE9FF47E3
:10FCE0000C469146277E0C99782F80469A4604F15F
:10FCF000430207D8622F0AD8002F00F0D880582F6F
:10FD000000F0A38004F1420684F842703AE0A7F1C3
:10FD10006303152BF6D801A050F823F075FD0600FB
:10FD200089FD060005FD060005FD060005FD06002F
:10FD300005FD060089FD060005FD060005FD06001F
:10FD400005FD060005FD060095FE0600B9FD06004E
:10FD500077FE060005FD060005FD0600B7FE06005D
:10FD600005FD0600B9FD060005FD060005FD0600BF
:10FD70007FFE06000B681A1D1B680A6004F142062C
:10FD800084F842300123A3E0256808682E0600F1BC
:10FD900004030AD505680B60002D03DA2D236D429C
:10FDA00084F843305E480A2319E015F0400F0568D7
:10FDB0000B6018BF2DB2EFE70B682568181D0860AF
:10FDC000280601D51D6802E06906FBD51D88544848
:10FDD0006F2F0CBF08230A23002184F843106668A4
:10FDE000A660002EA2BF216821F0040121600DB998
:10FDF000002E4DD01646B5FBF3F103FB1157C75D3E
:10FE000006F8017D2F46BB420D46F4D9082B0BD1D5
:10FE10002368DF0708D5236961689942DEBF302374
:10FE200006F8013C06F1FF36921B2261CDF800A0D6
:10FE30004B4603AA21464046FFF7E2FE01304CD173
:10FE40004FF0FF3004B0BDE8F087354884F84570C6
:10FE500023680E681F0656F8045B0E6014D5D90798
:10FE600044BF43F0200323601DB9236823F020031F
:10FE700023601023B0E7236843F020032360782336
:10FE8000284884F84530E3E75E0648BFADB2E6E7B0
:10FE90001646BBE70B68266860691D1D0D603506B8
:10FEA0001B6801D5186002E07106FBD5188000239D
:10FEB00023611646BAE70B681A1D0A601E6862685D
:10FEC00000213046FFF724F908B1801B60606368A9
:10FED0002361002384F84330A8E72369324649466A
:10FEE0004046D0470130ABD023689B0713D4E0686D
:10FEF000039B9842B8BF1846A4E7012332464946FF
:10FF00004046D04701309BD00135E36803995B1A26
:10FF1000AB42F2DCEBE7002504F11906F5E700BF80
:10FF2000CB9C0700DC9C070038B50D4B1D68AB6B04
:10FF300004467BB91820F4F7CFF90A4A0A4BA863A4
:10FF4000C0E90023094B83600B2383810122002336
:10FF5000C0E90423AB6B00221C615A6138BD00BFAD
:10FF6000346400200E33CDAB34126DE6ECDE0500B8
:10FF7000134B10B51C68A36B7BB91820F4F7ACF9D0
:10FF8000104A114BA063C0E90023104B83600B2380
:10FF9000838101220023C0E90423A16B0C480A6974
:10FFA0004B690C4C504304FB0300A2FB04345A1C65
:10FFB000044444F10000C1E9042020F0004010BDD9
:10FFC000346400200E33CDAB34126DE6ECDE050058
:10FFD0002DF451582D7F954C024B0A460146186866
:10FFE00003F033BA3464002038B5064D00230446CC
:10FFF00008462B60F6F79EFC431C02D12B6803B128
:0200000270008C
:10000000236038BD807301200CB430B5174B0C1E33
:100010001D689DB008DA8B232B604FF0FF301DB0B8
:10002000BDE8304002B070474FF40273ADF81430B1
:1000300014BF04F1FF332346049307934FF6FF7375
:1000400002900690ADF81630209A21AB02A92846FE
:10005000019303F07BFA431CBCBF8B232B60002C65
:10006000DDD0029B00221A70D9E700BF3464002063
:100070000EB400B59CB01DAB029006906FF000412D
:10008000094807910491094953F8042B0591006828
:10009000019302A903F05AFA029B00221A701CB0C5
:1000A0005DF804EB03B07047346400200802FFFFE2
:1000B00010B50C46B1F90E1003F048FB0028ABBF99
:1000C000636DA3891B1823F48053ACBF6365A381C0
:1000D00010BD2DE9F0411F468B89DB0505460C4616
:1000E000164605D5B1F90E100223002202F0DAFC03
:1000F000A389B4F90E1023F48053A38132463B4602
:100100002846BDE8F04101F0ADB810B50C46B1F994
:100110000E1002F0C7FC431CA38915BF606523F4D1
:10012000805343F48053A38118BFA38110BDB1F95C
:100130000E1001F01FB9000070B50C4D04462E469C
:1001400014F8013B5A5D02F00302012A11F8012B59
:10015000B05C00F0030008BF2033012808BF203244
:10016000981A01D1002AEBD170BD00BF419D070054
:1001700010B50246147813460132002CFAD1013B27
:1001800011F8012B03F8012F002AF9D110BDC9B2D3
:10019000034610F8012B1AB18A42F9D1184670476C
:1001A000002918BF0023F9E710F8012B11F8013BD3
:1001B000012A28BF9A42F7D0D01A7047034611F897
:1001C000012B03F8012B002AF9D1704770B50346C3
:1001D0001E4613F8014B44B14A1E01E0A54204D06B
:1001E00012F8015F002DF9D1F2E7301A70BD034615
:1001F00013F8012B002AFBD1181A0138704710B5EB
:100200006AB10139841810F8013B11F8012F9342AB
:1002100003D1A04201D0002BF5D1981A10BD104691
:10022000FCE710B50139034632B111F8014F03F86C
:10023000014B013A002CF7D11A440021934200D11E
:1002400010BD03F8011BF9E738B503460C4669B940
:10025000BDE83840FFF79BBF431C054621461846C2
:10026000FFF795FF0028F7D1284638BD0025F5E7B0
:1002700070B503461E4613F8014B3CB14A1E01E01F
:10028000A542F7D012F8015F002DF9D1301A70BDE8
:1002900070B504460D4645EC104B164602F092FF31
:1002A00051EC100B7EB1C5F30A53C3F16B03002B65
:1002B00009DD1B0503F17F55002405F54015224695
:1002C0002B46FEF71FF870BD2DE9F04FA3B01F4677
:1002D00000231E93A44B19921B68079304461846EB
:1002E0008846FFF784FF4FF0000A05464FF0000BE9
:1002F000CDF874801D9B1A782B2A4CD039D80D2A42
:1003000032D8082A32D8002A3CD000230E931D9EF2
:100310003378302B40F0B480737803F0DF03582B30
:100320006CD10E9B01931EAB029700938F4A1FABBB
:100330001DA9204602F0B8F810F00707054605D0C1
:10034000062F2AD1013600231D960E93199B002BF0
:1003500040F096850E9BDBB152460BF1004343EC17
:10036000102B23B0BDE8F08F202ACED101331D938E
:10037000C0E72D2AC9D101220E925A1C1D925B782A
:10038000002BC4D1199BCDF87480002B40F07685EA
:1003900052465B46E3E70022EEE71E9A3AB135216A
:1003A00020A803F00EF81E99204602F043FC013FFE
:1003B000052F07D8DFE807F00E0B181D0E034FF0CE
:1003C000000BDA462807C1D54BF0004BBEE7DDE94C
:1003D00020ABF7E7DDE920A31F9A23F4801302F294
:1003E000334243EA025BEDE7DFF884B14FF0000AE5
:1003F000E8E76FF0004B4FF0FF3AE3E71D9B5A1C14
:100400001D925B78302BF9D0002B9FD001234FF049
:10041000000904931D9B0A93CDF824904F460A22AD
:100420001D980678A6F13003D9B209292AD907996F
:100430002A46FFF7E4FE98B3002033463D46079076
:100440000246652B01D0452B18D11DB9049B0343EF
:1004500098D00025DDF8748008F101031D9398F809
:1004600001302B2B75D02D2B7BD04FF0000CA3F13E
:100470003001092940F28280CDF8748000269DE089
:100480000023C4E7082FD8BF099900F10100DABFA3
:1004900002FB0133099302FB093901371D90BFE7C5
:1004A0001D9B5A191D925B5D002F37D007903D466A
:1004B000A3F13002092A12D90122C2E71D9B5A1C5E
:1004C0001D925B780130302BF8D0A3F13102082A5D
:1004D00000F2DB841D9A079000200A920546303B0B
:1004E00000F1010214D00799114407912A4600EB4C
:1004F000050E0A21724513D12A18082A05F10105B3
:1005000005441CDC09990A2202FB013309930022ED
:100510001D9B591C1D915B781046C9E73846D2E7F0
:10052000082A04DC099E4E4309960132E2E702F1F3
:10053000010CBCF1100FD8BF01FB09F9F5E7102D34
:10054000DCBF0A2202FB0939E1E7002307930122FD
:100550007CE74FF0000C08F102031D9398F802307D
:1005600085E74FF0010CF6E7B49E0700F09C07000A
:100570000000F07F1D9B591C1D915B78302BF9D03A
:10058000A3F1310108293FF679AFA3F1300E1D9B8D
:1005900008931D9B591C1D915B78A3F13006092E11
:1005A00037D9089E891B082944F61F6602DC764568
:1005B000A8BF7646BCF1000F00D07642002D4FD187
:1005C000049901437FF4C2AE002A7FF4DBAE692BAD
:1005D00027D024DC492B24D04E2B7FF4D3AE9E4968
:1005E0001DA802F0A7F900283FF4CCAE1D9B1B7894
:1005F000282B2DD1994920AA1DA802F0AFF9052872
:1006000026D1219BDDF880A043F0FF4B4BF4E00B9B
:100610009CE60A2101FB0E3EAEF1300EB9E76E2BCF
:10062000DBE78F491DA802F085F900283FF4AAAE48
:100630001D9B8C49013B1DA81D9302F07BF910B94D
:100640001D9B01331D93DFF82CB24FF0000A7DE6AD
:10065000854803F08DF88DED040BDDE904AB75E6FC
:10066000079B0998F31A002F08BF2F46102D0893F7
:10067000A846A8BF4FF01008FDF7CAFD092D824615
:100680008B4613DD794B03EBC80353E91223FDF7C7
:1006900039FE824648468B46FDF7BAFD02460B46B8
:1006A00050465946FDF778FC82468B460F2D38DCC4
:1006B000089B002B3FF44AAE24DD162B0BDC6B4D60
:1006C00005EBC305D5E9000152465B46FDF71AFE6E
:1006D00082468B463AE6089AC5F12503934220DB11
:1006E000624CC5F10F0504EBC50152465B46D1E9EA
:1006F0000001FDF707FE089B5D1B04EBC504D4E970
:100700000023E3E7089B16330BDB079B574A9E1B2E
:1007100002EBC606D6E9002350465946FDF71CFFFA
:10072000D6E7089BA5EB08089844B8F1000F71DDE7
:1007300018F00F030AD04D4901EBC30152465B4646
:10074000D1E90001FDF7DEFD82468B4638F00F0847
:100750004DD0B8F59A7F22DD00252E4609950795E4
:100760002223DFF810B123604FF0000A099B002B11
:100770003FF4ECAD1E99204602F05CFA0799204642
:1007800002F058FA3146204602F054FA0999204600
:1007900002F050FA2946204602F04CFAD6E5002332
:1007A0004FEA2818504659469946B8F1010F21DC06
:1007B0000BB182468B462E4BABF1547B03EBC90940
:1007C00052465B46D9E90001FDF79CFD294B0A46DC
:1007D0000B4029498B428246BED8A1F580118B423D
:1007E00086BFDFF898B04FF0FF3A02F1547B002348
:1007F000049381E018F0010F07D01D4B03EBC903F0
:10080000D3E90023FDF77EFD012309F101094FEA39
:100810006808CAE7EBD0C8F1000818F00F020AD048
:10082000124B03EBC20350465946D3E90023FDF7B0
:1008300093FE82468B465FEA2818D8D0B8F11F0F86
:100840001EDD00252E460995079522234FF0000A4C
:100850004FF0000B236089E7C69C0700049D07004A
:10086000BE9C0700449E0700A39C0700F09E070063
:10087000C89E07000000F07F0000A07CFFFFEF7F14
:1008800018F0100318BF6A23DFF8B493049350469E
:100890005946002318F0010F04D0D9E90023FDF7D1
:1008A00031FD01235FEA680809F10809F2D10BB1B3
:1008B00082468B46049BBBB1CBF30A53C3F16B0357
:1008C000002B594610DD1F2B40F32881342BDEBF4F
:1008D000203B4FF0FF3202FA03F34FF0000ACCBF87
:1008E0004FF05C7B03EA010B00220023504659467F
:1008F000FDF770FF0028A4D1099B00930A992B46AD
:100900003A46204602F0EBF9099000283FF424AF64
:10091000079B9E1B089B002BB4BF334600231093FC
:10092000089B002523EAE37318932E46099B204673
:10093000596802F04BF9079000283FF411AF099B6A
:100940001A69023203F10C0192000C30FEF73EFCF2
:100950004BEC10AB20AA1FA92046CDE90AAB02F050
:10096000ADFC1E9000283FF4FBAE0121204602F0B2
:1009700044FA064600283FF4F3AE1F9B0499002B6F
:10098000ABBF109A189A189FDDF84090ACBF03EBEC
:100990000209D71A209AA3EB01089044A34B08F14F
:1009A000FF389845C2F1360280F2CC80A3EB0803F1
:1009B0001F2BA2EB03024FF0010100F3B68001FAF6
:1009C00003F3119300230C9309EB0208049BC14528
:1009D00017441F444B46A8BF4346BB42A8BF3B46F3
:1009E000002BC2BFA8EB0308FF1AA9EB0309109B59
:1009F000002B17DD31461A46204602F0A3FA0646C0
:100A000000283FF4ADAE01461E9A204602F0FEF9E2
:100A10000F9000283FF4A4AE1E99204602F00AF978
:100A20000F9B1E93B8F1000F00F39180089B002BE1
:100A300008DD189A0799204602F084FA07900028EA
:100A40003FF48EAE002F08DD07993A46204602F0AB
:100A5000C7FA079000283FF483AEB9F1000F08DD14
:100A600031464A46204602F0BBFA064600283FF4CB
:100A700077AE079A1E99204602F02DFB0546002806
:100A80003FF46EAEC3680F930023C360314602F09B
:100A900006FB002865DA0F9B53EA0A0340F08780C3
:100AA000CBF31303002B40F082802BF000431B0D8F
:100AB0001B05B3F1D66F7AD96B6913B92B69012B7A
:100AC00075DD29460122204602F08AFA31460546A4
:100AD00002F0E5FA00286ADD0499554A5B460029D0
:100AE00000F0858002EA0B01B1F1D66F7FDCB1F135
:100AF0005C7F7FF7AAAE4F4A0023CDE916325046FD
:100B0000DDE916235946FDF7FDFB0B46034308BFFD
:100B1000222382468B4608BF23602BE64FF0FF322C
:100B200002FA03F303EA0A0ADEE6C8F17F4808F591
:100B30007F0808F57B4808F1E20801FA08F30C93F6
:100B4000119141E700230C93012311933CE71E9977
:100B50004246204602F044FA1E9000287FF466AF19
:100B6000FEE55F466ED10F9ACBF3130342B3324AD0
:100B7000934228D1049B5046EBB12D4A3A40B2F142
:100B8000D46F4FF0FF3119D8120DC2F16B0301FA87
:100B900003F3984217D1294B9F4202D101303FF411
:100BA000DFAD234B3B4003F5801B4FF0000A049B55
:100BB000002BA0D1DEE54FF0FF33EAE70B46E8E774
:100BC00053EA0A0388D00C9BDBB13B42EFD00F9B6A
:100BD000049A50465946C3B1FFF75AFB02460B46EA
:100BE000DDE90A01FDF7D8F982468B46DFE71340BD
:100BF000A3F580136FEA135B6FEA0B5B4FF0FF3ACC
:100C0000D5E7119B13EA0A0FE0E7FFF741FB024625
:100C10000B46DDE90A01FDF7BDF9002200238246FB
:100C20008B46FDF7D7FD0028C1D00EE602FCFFFF82
:100C30000000F07F00005039FFFF0F00FFFFEF7F43
:100C4000189D07003146284602F088FB59EC108BAE
:100C500010EE100A00224FF080434946FDF7CEFD0A
:100C600000287CD00F9B002B4CD0954B0022CDE967
:100C70000C23DFF84C924FF00008924B3B4011934D
:100C8000119A914B9A4240F0B280DDE90A23DDE9E6
:100C90000C01A7F1547B4BEC10ABCDE91623CDE949
:100CA0000C0102F08FFADDE90C0153EC102BFDF77B
:100CB00029FB52465B46FDF76FF90B468149834A93
:100CC0001940914282465ED90B9B02F154729342C5
:100CD00003D10A9B01333FF443ADDFF8FCB14FF081
:100CE000FF3A1E99204601F0A5FF0799204601F022
:100CF000A1FF3146204601F09DFF2946204601F024
:100D000099FF13E6BAF1000F1BD1CBF31303F3B92C
:100D10006B4B002240464946FDF766FDD0B9404680
:100D200049466B4B0022FDF7EDFA8046894609F1F2
:100D30000043CDF868801B93DDE91A23CDE90C232D
:100D40009BE7BAF1010F02D1002F3FF47EAD614B5A
:100D500000228CE7DFF878914FF00008E7E75C4B62
:100D6000404649460022FDF7CDFA0F9B8046894652
:100D700033B901F1004312901393DDE91223DDE74B
:100D8000CDE91289F9E703F1547B049B002BA8D12C
:100D90002BF00043119A1B0D1B059A42A1D140462E
:100DA0004946FDF781FFFDF77FFA02460B464046B4
:100DB0004946FDF7EFF80F9ACBF3130343EA0A0312
:100DC00013438046894653D035A3D3E90023FDF76A
:100DD0000BFD00287FF4CEAC33A3D3E900234046BB
:100DE0004946FDF71FFD00283FF47BAFC2E4049B9A
:100DF00033B3119BB3F1D46F22D82DA3D3E90023D1
:100E000040464946FDF7FAFCA0B149464046FDF789
:100E100051FD012838BF0120FDF7FAF90F9B8046EC
:100E2000894613BB01F1004314901593DDE91423A7
:100E3000CDE90C230D9B119A03F1D6639B1A0D93F8
:100E4000DDE90C019DED0A0BCDE90C0102F0BAF9C8
:100E5000DDE90C0153EC102BFDF754FADDE90A2310
:100E6000FDF79AF882468B468FE7CDE91489DDE7D6
:100E700011A3D3E90023FDF7B7FCB4E700230E93D9
:100E8000199A1D9B1360FFF765BA652B3FF45DABA4
:100E9000452B3FF45AAB0122FFF792BBAFF3008022
:100EA0009535A094FFFFDF3F35E5AF350000E03F0B
:100EB0000000C0FFFFFFDF419535A094FFFFCF3F4B
:100EC0000000F03F0000F07F0000E07FFFFF9F7C0C
:100ED0000000E03F0000F0BFFFFFEF7F0A46014641
:100EE0000248034B0068FFF7EFB900BF34640020ED
:100EF0009C640020134B73B51E68B46D0546C4B9DD
:100F000050200191F3F7E8F9B065C0E90044C0E969
:100F10000244C0E90444C0E90A44C0E90C44C0E901
:100F20000E44C0E91044C0E9124401998461047779
:100F30004462B26D0123284602B0BDE8704000F063
:100F400003B800BF34640020F0B508B9106888B158
:100F50000446204614F8015B0F4617F8016B1EB9D2
:100F600065B91560284605E0B542F6D1002BF0D1F1
:100F700014600370F0BD1C460CE015B914F8013B79
:100F80000E4616F8015BAB42F7D1002BF3D00023DD
:100F900004F8013C1460EDE72DE9F0473A4E86462F
:100FA0008C4660461CF8014BA55D15F00805F8D18C
:100FB0002D2C33D19CF800404FF0010800F1020CB9
:100FC000002B5CD0102B0CD1302C0AD19CF80000E7
:100FD00000F0DF0058284DD19CF8014010230CF19F
:100FE000020C08F10047013F0026B7FBF3F9304639
:100FF00003FB197AA4F13005092D18D82C46A34219
:1010000024DD751C07D081451DD301D1A2451ADB13
:1010100000FB034001261CF8014BEBE72B2C08BF1B
:101020009CF80040A84608BF00F1020CC8E7A4F1F4
:101030004105192D01D8373CE1E7A4F16105192DCF
:1010400004D8573CDBE74FF0FF36E4E7731C06D1CA
:101050002223CEF80030384642B9BDE8F087B8F117
:10106000000F00D04042002AF7D00EB10CF1FF3142
:101070001160F2E73024002BB3D10823B1E7302C04
:10108000A4D00A23ADE700BF419D070013460A46DE
:10109000014602480068FFF77FBF00BF34640020AC
:1010A0002DE9F0433B4E86468C4660461CF8014BCA
:1010B000A55D15F00805F8D12D2C34D19CF8004021
:1010C0004FF0010800F1020C002B5ED0102B0CD168
:1010D000302C0AD19CF8000000F0DF0058284FD1D6
:1010E0009CF8014010230CF1020C4FF0FF37002553
:1010F000B7FBF3F703FB07F96FEA09092846A4F1E8
:101100003006092E18D83446A34224DD002D1FDBFB
:1011100087421DD301D1A1451ADB00FB0340012505
:101120001CF8014BEBE72B2C08BF9CF80040A846AD
:1011300008BF00F1020CC7E7A4F14106192E01D83F
:10114000373CE1E7A4F16106192E04D8573CDBE7F0
:101150004FF0FF35E4E7002D07DA2223CEF8003008
:101160004FF0FF3042B9BDE8F083B8F1000F00D076
:101170004042002AF7D00DB10CF1FF311160F2E7C7
:101180003024002BB1D10823AFE7302CA2D00A23A2
:10119000ABE700BF419D070013460A4601460248DF
:1011A0000068FFF77DBF00BF34640020034BC35CC1
:1011B00003F00303012B08BF20307047419D070057
:1011C000F8B50E461446054618B183690BB901F00F
:1011D00067F8214B9C422BD16C68A369A360A3895B
:1011E0001A072FD523696BB323692068C01A636976
:1011F000F6B28342374604DC2146284600F0BCFFA5
:1012000030BBA368013BA36023685A1C22601E7098
:1012100063690130834204D0A389DB0706D50A2E17
:1012200004D12146284600F0A7FF88B93846F8BD0A
:101230000A4B9C4201D1AC68CFE7094B9C4208BFE6
:10124000EC68CAE72146284600F01EF80028CBD0FB
:101250004FF0FF37EAE700BF709E0700909E07003F
:10126000509E070038B5074D044608461146002237
:101270002A601A46F5F744FB431C02D12B6803B1E0
:10128000236038BD80730120324B70B51D6806465F
:101290000C4625B1AB6913B9284601F001F82E4B75
:1012A0009C420FD16C68A389B4F90C2019072CD487
:1012B000DD0611D40923336042F04003A3814FF0CF
:1012C000FF303EE0254B9C4201D1AC68EBE7244B5C
:1012D0009C4208BFEC68E6E7580712D5616B41B144
:1012E00004F14403994202D03046FDF7AFFF0023DA
:1012F0006363A38923F02403A3810023636023692C
:101300002360A38943F00803A38123694BB9A38910
:1013100003F42073B3F5007F03D02146304601F07B
:10132000F7FBA089B4F90C2010F001030AD00023C8
:10133000A36063695B42A361236943B910F0800035
:10134000BAD170BD810758BF6369A360F4E700207C
:10135000F7E700BF34640020709E0700909E0700EE
:10136000509E070008B5062002F032FA012002F074
:10137000BBFA000038B5064D0023044608462B6032
:1013800002F07AFA431C02D12B6803B1236038BD06
:10139000807301202DE9F74F03690C69A3420746CA
:1013A000C0F28180013C01F1140800F1140505EB45
:1013B0008403019358F8243055F8242001339A42CD
:1013C0004FEA840B08EB8409B2FBF3F631D34FF0FC
:1013D000000E4046AC46F24650F8042B93B206FB92
:1013E00003E34FEA134E9BB2AAEB0303120CDCF8A3
:1013F00000A006FB02E213FA8AF34FEA124E1FFA2C
:1014000082FADCF80020CAEB124202EB23429BB2C4
:1014100043EA024381454CF8043B4FEA224ADBD2BF
:1014200055F80B302BB9019B043B9D421A462ED335
:101430003C61384601F033FE002824DB01362846A3
:101440004FF0000C58F8042BD0F800E093B2ACEB4E
:101450000303120C13FA8EF3C2EB1E4202EB23427B
:101460009BB243EA0243C14540F8043B4FEA224C99
:10147000E8D255F8242005EB840322B9043B9D42B1
:101480001A460AD33C61304603B0BDE8F08F1268BB
:10149000043B002ACCD1013CC7E71268043B002A78
:1014A000F0D1013CEBE70020EEE700000000000077
:1014B0002DE9F04F2DED028B57EC106B95B0456A7E
:1014C000DDF880800591CDE90267044609920F930B
:1014D0003DB91020F2F700FFC0E9015560620560D8
:1014E000C560636A196851B15A684A600123934024
:1014F0008B60204601F09EFB636A00221A603B1E4F
:10150000B9BF23F0004303930023C8F80030DDF88F
:101510000C90B74BBCBF0122C8F8002033EA090386
:101520001BD10F9A42F20F731360C9F313033343B5
:1015300000F07585219B63B9AE4B25E0AE4B00935F
:101540000833219A1360009815B0BDEC028BBDE8FA
:10155000F08FA84B00930333F3E79DED027B00224D
:1015600051EC170B00238DED0A7BFDF733F9804614
:1015700060B10F9A01231360219B002B00F04C8572
:101580009E4B219A1360013B0093DCE79DED0A0B13
:1015900012AA13A9204601F091FEC9F30A5582460A
:1015A000002D7ED00B9BCDF84080C3F31303DDE903
:1015B0000A6743F07F5747F44017A5F2FF35904B79
:1015C000002230463946FCF7E5FC83A3D3E900232B
:1015D000FCF798FE82A3D3E90023FCF7DDFC064666
:1015E00028460F46FCF724FE7FA3D3E90023FCF72F
:1015F00089FE02460B4630463946FCF7CDFC0646CE
:101600000F46FDF72FF90022814600233046394668
:10161000FDF7EAF848B14846FCF70AFE32463B4679
:10162000FDF7D8F808B909F1FF39B9F1160F56D806
:10163000744B03EBC903D3E90023DDE90A01FDF78D
:10164000D3F800284DD009F1FF3900230E93129BE7
:101650005D1B6B1E049343BF0023C5F10108049377
:101660004FF00008B9F1000F3DDB049BCDF834903A
:101670004B44049300230693059B092B00F29A80A8
:10168000052BC4BF043B0593059BA3F10203CCBF0C
:1016900000250125032B00F29980DFE803F02C7D63
:1016A0007B89DDE912531D4405F23243202BC1BF73
:1016B000C3F1400305F2124009FA03F326FA00F0E1
:1016C000DABFC3F1200306FA03F01843FCF7A0FDCC
:1016D00001230646A1F1F877013D10936FE701233E
:1016E000B4E70E90B3E7C9F1000306930023A8EB1B
:1016F00009080D93C0E700230893099B002B00F312
:1017000085804FF0010BCDF804B05B46CDF824B0D6
:10171000666A00227260042202F114009842716825
:101720007AD9204601F052FA636A30601B68009350
:10173000019B0E2B00F2F580002D00F0F280B9F134
:10174000000F7DDD2F4A09F00F0302EBC30393ED79
:10175000007B19F4807F4FEA2917B0EE478AF0EE3C
:10176000678A5DD0284BDDE90A01D3E90823FCF73D
:10177000F3FECDE9020107F00F070325224E002FEB
:1017800050D1DDE9020153EC182BFCF7E5FECDE961
:1017900002016FE00123AFE700230893099B09EBE7
:1017A000030B0BF10103012B0193B8BF0123AFE73A
:1017B0000123F2E701250023059308954FF0FF3B35
:1017C0000022CDF804B012230992A1E70123089367
:1017D000F4E700BFAFF3008061436F63A787D23F98
:1017E000B3C8608B288AC63FFB799F501344D33F10
:1017F0000000F07F4A9E0700419E0700CA9C070038
:101800000000F83FF09E0700C89E0700DDF824B0F6
:10181000CDF804B05B467BE70131716052007BE795
:101820000225ABE7F90708D551EC180BD6E90023E0
:10183000FCF768FD41EC180B01357F1008369EE778
:1018400000F0AB80C9F10006AA4BAB4F06F00F02C7
:1018500003EBC203D3E90023DDE90A01FCF752FDE3
:10186000CDE90201361100230225002E40F08A80C6
:10187000002B8CD10E9B002B00F09180DDE90267DC
:101880009E4B002230463946FCF7AEFF002800F0A0
:101890008680019B002B00F08280BBF1000F3CDDB5
:1018A00009F1FF3307930022954B30463946FCF788
:1018B00029FDCDE902010135CDF830B0DDE902673F
:1018C0002846FCF7B5FC32463B46FCF71BFD8D4B2A
:1018D0000022FCF761FBA1F15073CDE902010393F3
:1018E0000C9B002B60D1884B002230463946FCF718
:1018F00051FBDDE9022306460F46FCF793FF002863
:1019000040F09982DDE90221304601F10043394679
:10191000FCF76AFF002840F08B82DDE90A23CDE95D
:101920000223139B002BC0F25B81B9F10E0F00F371
:101930005781704B03EBC90393ED007B099BB0EE1D
:10194000478AF0EE678A002B80F2E280019B002B31
:1019500000F3DE8040F06C826B4B51EC170B0022E1
:10196000FCF7D0FCDDE90223FCF752FF019E37466D
:10197000002840F04282009D312305F8013B09F127
:1019800001093EE2F20705D5D7E90023FCF7BAFCCE
:10199000013501237610083767E702256AE7019BC6
:1019A000CDF81C900C9389E700990C980C9A514B38
:1019B0009DED027B014402910899B0EE478AF0EE5A
:1019C000678A03EBC20353E90223002945D04F493C
:1019D0000020FCF7C1FD53EC182BFCF7DBFA009D4F
:1019E00041EC180B39463046FCF73CFF0C90FCF7F5
:1019F0001FFC02460B4630463946FCF7CBFA0C9BDF
:101A0000303305F8013B53EC182B06460F46FCF724
:101A1000EBFE002865D132463B4638490020FCF7F2
:101A2000B9FA53EC182BFCF7DFFE002840F0B88021
:101A3000029B9D423FF471AF314B51EC180B0022D9
:101A4000FCF760FC2E4B41EC180B00223046394667
:101A5000FCF758FC06460F46C4E751EC170BFCF7A1
:101A600051FC029B009D0C9341EC180B394630460B
:101A7000FCF7F8FE1190FCF7DBFB02460B46304604
:101A80003946FCF787FA119B303305F8013B029B7E
:101A90009D4206460F464FF0000225D11B4B51ECEC
:101AA000180BFCF779FA02460B4630463946FCF72C
:101AB000B9FE002874D153EC182B14490020FCF710
:101AC00069FA02460B4630463946FCF78DFE00287F
:101AD0003FF423AF0C9D6B1E0C9315F8013C302B8B
:101AE000F8D0DDF81C9049E0054BFCF70BFC0646EE
:101AF0000F46BBE7F09E0700C89E07000000F03FBE
:101B00000000244000001C40000014400000E03FA2
:101B1000DDE90267009D53EC182B30463946FCF78F
:101B20001BFDFCF79FFE8046FCF782FB53EC182B55
:101B3000FCF7E8FB02460B463046394608F1300612
:101B4000FCF728FA05F8016B009E019FAE1BB74217
:101B500002460B4637D1FCF71FFA53EC182B06460A
:101B60000F46FCF75FFEC8B953EC182B30463946D8
:101B7000FCF730FE10B118F0010F0FD1204651468E
:101B800001F058F800232B700F9B09F10100186039
:101B9000219B002B3FF4D7AC1D60D4E4CDF81C9002
:101BA0002B461D4613F8012D392A08D1009A9A4276
:101BB000F7D1079A00990132079230220A701A78F9
:101BC00001321A708DE79E4B0022FCF79BFB00222E
:101BD000002306460F46FCF7FDFD00289BD0CDE70D
:101BE000089A002A00F0C680059A012A00F3AA800C
:101BF000109A002A00F0A28003F23343069E454665
:101C0000049A01211A4420469844049201F0F5F800
:101C10000746002D0BDD049B002B08DDAB42049A28
:101C2000A8BF2B46A8EB0308ED1AD31A0493069B12
:101C3000FBB1089B002B00F0A180002E11DD39467E
:101C40003246204601F07EF95246014607462046BC
:101C500001F0DCF851460790204600F0EBFF079BAF
:101C60009A46069B9A1B04D05146204601F06AF919
:101C700082460121204601F0C0F80D9B002B06464C
:101C80007EDD1A460146204601F05CF9059B012BDA
:101C9000064678DD00230693336906EB8303186953
:101CA00001F05BF8C0F12000049B184410F01F0005
:101CB00000F08880C0F12003042B40F38180C0F144
:101CC0001C00049B0344804405440493B8F1000FB6
:101CD00005DD51464246204601F082F98246049BCA
:101CE000002B05DD31461A46204601F079F90646FB
:101CF0000E9B002B68D03146504601F0D0F90028E9
:101D000062DA002351460A22204600F0AAFF089B0F
:101D100009F1FF398246002B00F088813946002303
:101D20000A22204600F09DFFBBF1000F074600F39A
:101D30008F80059B022B40F38B804DE0129BC3F1FB
:101D400036035BE7019B5E1E069BB342BFBF069B4B
:101D50000696F21A0D9BB6BF9B189E1B0D93019B16
:101D6000B8BF0026002BB5BFA8EB0305019B0023DD
:101D7000454645E7069E089F45464AE7069A73E7AB
:101D8000059B012B18DC029BB3B9039BC3F3130320
:101D9000A3B9039B23F000431B0D1B052BB1049B30
:101DA0000133049308F10108012306930D9B002BD6
:101DB0007FF472AF012077E70023F6E7029BF4E798
:101DC00084D018461C307CE7019B002B3ADC059B35
:101DD000022B37DDDDF804B0BBF1000F0DD1314629
:101DE0005B460522204600F03CFF01460646504671
:101DF00001F055F900283FF7BEAD099B009D6FEA41
:101E000003094FF000083146204600F013FF002F71
:101E10003FF4B4AEB8F1000F05D0B84503D0414649
:101E2000204600F007FF3946204600F003FFA5E6F4
:101E300000263746E1E70C9EDDF81C9037469AE510
:101E400000002440089BDDF804B0002B00F0F58072
:101E5000002D05DD39462A46204601F0C1F8074627
:101E6000069B002B55D07968204600F0AFFE3A69FA
:101E700002320546920007F10C010C30FDF7A6F97D
:101E800001222946204601F0ABF8009B0133019363
:101E9000009B5B440793029B03F00103B846069343
:101EA0000746019B3146504603F1FF3BFFF772FAAC
:101EB00003463033029041465046089301F0EFF854
:101EC0003A4604903146204601F005F9C268089B65
:101ED000054602BB0146504601F0E1F8089B024668
:101EE00029462046CDE9083200F0A4FE059B099A58
:101EF000019D43EA0201069B0B43089B0DD1392B40
:101F000027D0049A002A01DD029B31338BF8003080
:101F100079E73846B9E70122E2E70499002904DBB2
:101F2000059801430698014320D1002AEEDD514671
:101F300001222046019301F053F83146824601F018
:101F4000AEF80028019B02DCE0D1DA07DED5392BA0
:101F5000DAD139238BF800302B461D46013B15F8AA
:101F6000012C392A50D001321A704CE7002A03DDC7
:101F7000392BEED00133C9E7019A079902F8013CE9
:101F80008A422AD0514600230A22204600F069FEE8
:101F9000B84582464FF000034FF00A024146204602
:101FA00007D100F05EFE80460746019B0133019396
:101FB00077E700F056FE3946804600230A22204685
:101FC00000F04FFE0746F0E7BBF1000F009ACCBFD0
:101FD0005D46012515444FF0000851460122204678
:101FE000019300F0FDFF3146824601F058F80028C9
:101FF000B2DC02D1019BDB07AED42B461D4613F8A1
:10200000012D302AFAD0FEE6009A9A42A5D131235A
:1020100009F101091370F6E6124BFFF7B5BA219BDF
:10202000002B7FF48BAA104BFFF7AEBABBF1000F69
:1020300003DC059B022B3FF7CFAE009D3146504697
:10204000FFF7A8F900F1300305F8013B009AAA1A3E
:102050009345B9DD514600230A22204600F001FED7
:102060008246EBE7C99C0700419E07008A892DE95B
:10207000F041054610070C4658D44B68002B05DC90
:102080000B6C002B02DC0020BDE8F081E66A002E1C
:10209000F9D0002312F480522F682B6032D0606D8B
:1020A000A3895A0705D56368C01A636B0BB1236C0B
:1020B000C01A00230246E66A216A2846B047431C3C
:1020C000A38906D129681D292CD82A4ACA40D607D7
:1020D00028D500226260D9042269226004D5421CFE
:1020E00001D12B6803B96065616B2F600029CAD0EC
:1020F00004F14403994202D02846FDF7A7F80020D6
:102100006063C1E7216A01232846B047411CC7D15B
:102110002B68002BC4D01D2B01D0162B01D12F60B2
:10212000B1E7A38943F04003A381ADE70F69002F16
:10213000A9D093070E6808BF4B690F6018BF002332
:10214000A6EB07088B60B8F1000F9CDD216AA66A38
:1021500043463A462846B047002806DCA38943F0A8
:102160004003A3814FF0FF308EE70744A8EB00083F
:10217000E9E700BF0100402038B50B6905460C4671
:1021800013B90025284638BD18B183690BB900F092
:1021900087F8144B9C421BD16C68B4F90C30002BAF
:1021A000EFD0626ED00704D4990502D4A06D00F080
:1021B00076FC28462146FFF759FF636EDA0705468D
:1021C000E0D4A3899B05DDD4A06D00F069FCD9E7BC
:1021D000054B9C4201D1AC68DFE7044B9C4208BF31
:1021E000EC68DAE7709E0700909E0700509E07009B
:1021F000002310B50446C0E90033C0E9043383600E
:1022000081814366C2818361194608225C30FDF7F3
:1022100005F8054B6362054BA362054BE362054B72
:102220002462236310BD00BFB1000700D300070084
:102230000B0107002F010700014900F0AFB800BFF4
:102240007921070070B54A1E682555430E4605F1F1
:102250007401FDF74BF8044640B10021C0E90016B7
:102260000C30A06005F16802FCF7D8FF204670BD75
:10227000014800F014BC00BF78730120014800F051
:102280000FBC00BF78730120014800F008BC00BFFC
:1022900077730120014800F003BC00BF7773012071
:1022A00010B50446FFF7F0FFA3691BB1BDE810406D
:1022B000FFF7F0BFC4E912332365134B134A1B68C1
:1022C000A262A34204BF0123A361204600F020F8CC
:1022D0006060204600F01CF8A060204600F018F86E
:1022E0000022E06004216068FFF782FFA0680122FD
:1022F0000921FFF77DFFE06802221221FFF778FF36
:102300000123A361D2E700BFA49C07003922070084
:10231000F8B50746FFF7ACFF1E4B1E68B36913B94B
:102320003046FFF7BDFF4836D6E90134013B03D5FF
:1023300033680BB33668F7E7B4F90C50D5B9164BD0
:10234000E36004F15800656600F0A8FBFFF796FF14
:10235000C4E90155C4E904552560A5610822294650
:1023600004F15C00FCF75AFFC4E90D55C4E91255AD
:102370002046F8BD6834D9E704213846FFF762FFEC
:10238000044630600028D5D1FFF778FF0C233B606E
:10239000EEE700BFA49C07000100FFFF2DE9F84312
:1023A0000646884600F148040027D4E90195B9F1B2
:1023B000010905D52468002CF7D13846BDE8F8831B
:1023C000AB89012B07D9B5F90E30013303D029466B
:1023D0003046C04707436835E9E70369B3EB611F3F
:1023E0002DE9F0434FEA611200F1140445DD11F0CC
:1023F0001F0104EB830604EB82050CD100F11007EA
:102400002946B14234D39B1A9B00EA1E964238BF3C
:102410000023234415E054F82270C1F12008CF4076
:1024200005F1040EA1467645F44615D89B1A9A008C
:10243000043A0135AE4238BF0022A318A75007B1B5
:1024400004331A1BA3424FEAA20208BF0023026111
:1024500008BF4361BDE8F083DCF800C00CFA08FC5B
:102460004CEA070749F8047B5EF8047BCF40DAE7C3
:1024700051F804CB47F804CFC3E72346E1E7A0F1C6
:102480003003092B02D82038C0B27047A0F1610395
:10249000052B01D84738F7E7A0F14103052B01D8F8
:1024A0002738F1E7002070472DE9F04F2DED028B22
:1024B00089B008EE100A0493BC4B1B6801931846C0
:1024C0008B469046FDF793FE019BDBF8002003440A
:1024D000824613F8013C0593931CC2F1FF2202F5DA
:1024E0007F02FE32D1181F4613F8010B00913028ED
:1024F000F8D0FFF7C4FF044600283AD101995246AC
:102500003846FDF77CFE0546002868D117F80A001A
:1025100007EB0A06FFF7B3FF002862D033461878AE
:1025200030281F4603F10103F9D0FFF7A8FF01236C
:10253000B0FA80F46409354600933A4616460132F3
:102540003078FFF79CFF0028F8D1019952463046B9
:10255000FDF755FE80B94DB906EB0A052A46164629
:1025600001323078FFF78BFF0028F8D1AD1BAD00AA
:1025700004E000242546E0E7002DF7D1337803F08E
:10258000DF03502B3BD173782B2B2CD02D2B2ED04F
:10259000711C4FF000090878FFF771FF431EDBB292
:1025A000182B2CD8A0F1100211F8010FFFF767FFCC
:1025B000431EDBB2182B1DD9B9F1000F00D05242D7
:1025C0001544CBF80010E4B1009B002B14BF00278A
:1025D0000627384609B0BDEC028BBDE8F08F3E46B9
:1025E00025460124CAE74FF00009B11CD3E74FF09C
:1025F0000109FAE70A2303FB0202103AD4E7314645
:10260000DFE7F31B013B2146072B52DC18EE100AD3
:1026100000F0DCFA4FF0000B00F11409CAF10103DD
:102620000446CDF80890CDF800B00693B74243D3E6
:102630000298009B40F8043BA0EB09008010460183
:102640002061184600F089FB301AD8F80060B042CB
:1026500066DD871B3946204600F0D6FE8246A8B1CB
:102660007B1E591103F01F0259F821104FF0010A87
:102670000AFA02F20A4209D0534505DDB91E204686
:1026800000F0C2FE002848D14FF0020A3946204629
:10269000FFF7A3FE3D44D8F80830AB424FDA18EEFE
:1026A000100A214600F0C6FA149A00231360A327EB
:1026B0008FE701315B10A7E7731E059A039316F8A5
:1026C000013C934219D0BBF1200F07D1029B009A25
:1026D00043F8042B0293002300939B4616F8010C49
:1026E000FFF7CDFE009B00F00F0000FA0BF0034354
:1026F00000930BF1040B039B0DE0039B069A13441C
:10270000BB42E0D31846019907935246FDF777FD87
:10271000079B0028D7D11E4688E74FF0030AB5E78C
:102720000ADA371A214618EE100A3A4600F058FC29
:10273000ED1B044600F114094FF0000AABE7D8F88E
:102740000400A8426DDD451BAE4231DCD8F80C30E8
:10275000022B23D0032B25D0012B15D1AE4213D150
:10276000012E0BD1049AD8F80430136001232361A1
:10277000C9F80030149B62271C602AE7711E2046AE
:1027800000F042FE0028EDD118EE100A214600F0BC
:1027900051FA149A0023136050271AE7159B002B57
:1027A000F2D1DFE7159B002BDCD1EDE7B49E0700EB
:1027B0006F1EBAF1000F31D127B13946204600F023
:1027C00023FE82467B11012159F8233007F01F07B1
:1027D00001FA07F71F422946204618BF4AF0020AAD
:1027E000761BFFF7FAFDD8F804500227BAF1000F64
:1027F00048D0D8F80C30022B15D0032B17D0012B62
:1028000009D11AF0020F06D0D9F800004AEA000AEE
:102810001AF0010F0ED147F0100733E04FF0010A14
:10282000D0E70127E2E7159BC3F101031593159B40
:10283000002BF0D0D4F8109004F114034FEA890B68
:1028400003EB89014FF0000C184653F8042BB2F14A
:10285000FF3F1CD001320260022F04F114033AD171
:10286000D8F80020013AB2420AD17111012253F87E
:10287000213006F01F0602FA06F61E4218BF174660
:1028800047F02007149B1C60049B1D60A1E6994241
:1028900043F804CCD8D8A368994514DB616818EED6
:1028A000100A013100F092F92269023204F10C01A0
:1028B000824692000C30FCF789FC214618EE100A83
:1028C00000F0B8F9544623695A1C04EB83032261D3
:1028D00001225A61C0E722694A450BDD01212046E9
:1028E000FFF77BFDD8F808300135AB42FFF6D7AED5
:1028F0000127C5E716F01F06FAD09B44C6F1200653
:102900005BF8040C00F029FAB042E7DBF0E700BF07
:10291000C2F10802920070B5C2F120064368046853
:1029200003FA06F52C43D340046040F8043F884284
:10293000F4D370BD30B50368013311F8014B14B9FD
:102940000360012030BD13F8012BA2F14105192DC0
:1029500098BF2032A242F0D00020F3E72DE9F04FDB
:102960000B6801685E1102EB860613F01F0387B047
:1029700018BF04360025371F82469046019346F85B
:10298000045CB9463C460295AB464A784B1C03931F
:1029900042B3104605910492FFF771FD00284FD114
:1029A000049A0599202A18D8029B9B4513DD4C45B3
:1029B00006D2072D04DC2A4649462046FFF7A8FF29
:1029C000444550D90023A4F1040944F8043CCDF84F
:1029D00008B04C461D460399D7E7292A56D1023143
:1029E000CAF80010BBF1000F50D04C4506D2072D9D
:1029F00004DC2A4649462046FFF78AFF444534D97D
:102A0000A8F10402234653F8041B42F8041F9F4216
:102A1000F9D23B1B23F0030304330134033EB442D9
:102A200088BF04234344002243F8042B9F42FBD277
:102A30003B681BB9474527D101233B60052026E0B1
:102A40000135082D0BF1010B06DD4445C3D90023E8
:102A500044F8043C0125043C226800F00F0040EAE1
:102A600002122260B7E70825B5E7019B002BDFD0F3
:102A70004FF0FF32C3F1200322FA03F356F8042C7F
:102A80001A4046F8042CD3E7043FD1E7042007B0EE
:102A9000BDE8F08F004870478C6500207047704794
:102AA0007047000038B5074D04460846114600221D
:102AB0002A601A4600F008FF431C02D12B6803B1BC
:102AC000236038BD8073012070B50E46B1F90E1039
:102AD000002996B014461D4607DA00232B60B389FF
:102AE0001A0610D44FF480630EE06A4600F09AFE96
:102AF0000028F2DB019A02F47042A2F500535A4218
:102B00005A412A60EEE740230020236016B070BDD2
:102B10008B8973B59D0706460C4607D504F147031C
:102B2000236023610123636102B070BD01AB6A467B
:102B3000FFF7CAFF009905463046FCF7D7FB48B9B6
:102B4000B4F90C309A05EFD423F0030343F00203E9
:102B5000A381E3E70D4BB362A389206043F08003B8
:102B6000A381009B6361019B20615BB1B4F90E10EE
:102B7000304600F069FE28B1A38923F0030343F037
:102B80000103A381A0890543A581CDE73922070070
:102B900082B001B901A942B14BB113780B60127830
:102BA000101E18BF012002B070471046FBE76FF0FF
:102BB0000100F8E70148FFF772BF00BF74730120FE
:102BC0000148FFF76DBF00BF7473012070B5466AFE
:102BD00004460D463EB91020F1F77EFBC0E90166C0
:102BE00060620660C660666AF36883B1636ADB6828
:102BF00053F82500B8B9012101FA05F6721D9200BB
:102C00002046FCF713FB60B1C0E901560EE021221B
:102C100004212046FCF70AFB636AF060DB68002BA6
:102C2000E4D1002070BD026843F825200023C0E9EC
:102C30000333F7E770B5466A05460C463EB91020E7
:102C4000F1F74AFBC0E9016668620660C6603CB104
:102C50006B6A6268DB6853F82210216043F82240F7
:102C600070BD2DE9F0410E69074698460C4601F10A
:102C7000140000230568A9B202FB01814FEA114C40
:102C80002D0C02FB05C589B2013301EB05419E42C3
:102C900040F8041B4FEA1548ECDCB8F1000F1BD0DC
:102CA000A368B34212DC616838460131FFF78EFF3A
:102CB0002269023204F10C01054692000C30FCF747
:102CC00085FA21463846FFF7B5FF2C4604EB86030C
:102CD0000136C3F8148026612046BDE8F0812DE955
:102CE000F8430C4615461F4609220833064693FB57
:102CF000F2F3002101229A4220DB3046FFF766FF03
:102D0000089B4361092D4FF00103036119DD04F1B4
:102D10000909C8462C4418F8013B0146303B0A22F9
:102D20003046FFF79EFFA045F5D1A5F108044C44BD
:102D30002D1B6319BB4207DBBDE8F883520001314C
:102D4000D9E70A340925F3E714F8013B0146303B83
:102D50000A223046FFF785FFEBE7030C1B04D3B9CB
:102D60000004102310F07F4F04BF0002083310F05E
:102D7000704F04BF0001043310F0404F04BF8000C7
:102D80000233002805DB10F0804F03F1010308BF78
:102D90002023184670470023E4E7036813F0070276
:102DA00001460BD0DA0724D4980749BF5B089B087B
:102DB00001200B605CBF0B600220704798B2B0B975
:102DC0001B0C102013F0FF0F04BF1B0A08301A075A
:102DD00004BF1B0904309A0704BF9B080230DA07BE
:102DE00003D45B0800F1010005D00B60704710466A
:102DF000E8E7002070472020704710B50C460121FD
:102E0000FFF7E4FE01224461026110BD2DE9F04F9D
:102E100015460A692B699A42B8BF0B460C46BCBFDF
:102E20002C461D462769D5F81090A368616807EB0A
:102E30000906B342B8BF013185B0FFF7C7FE00F104
:102E4000140101EB86080B46002243451DD304F113
:102E5000140305F1140203EB870702EB89030293C5
:102E60003B1B153B23F00303043304F11505AF426C
:102E700038BF04230193029B0392934208D8002E8B
:102E80005ADC066105B0BDE8F08F43F8042BDCE79F
:102E9000B2F800A0BAF1000F24D004F1140E894654
:102EA0004FF0000C5EF8045BD9F800B0ABB21FFA2B
:102EB0008BFB0AFB03B34FEA154BD9F80050634470
:102EC0004FEA154C0AFB0BC505EB13459BB243EAD1
:102ED0000543774549F8043B4FEA154CE2D8019B7E
:102EE00041F803C0039BB3F802900432B9F1000F1C
:102EF00020D00B6804F1140C8E464FF0000ABCF889
:102F00000050BEF802B009FB05B5AA449BB243EAE3
:102F10000A434EF8043B5CF8043BBEF800501B0C1F
:102F200009FB035303EB1A4367454FEA134AE6D8FC
:102F3000019D4B5104319EE758F8043D002BA0D170
:102F4000013E9CE72DE9F843154612F003020646C0
:102F50000F4607D0214C013A002354F82220FFF7F6
:102F600080FE0746AD1035D0746A3CB91020F1F7E9
:102F7000B3F9C0E9014470620460C460D6F82480EB
:102F8000D8F808404CB940F271213046FFF735FFC0
:102F90000023C8F80800044603604FF00009EB075F
:102FA0000AD5394622463046FFF730FF394680467B
:102FB0003046FFF73FFE47466D100BD0206838B90A
:102FC000224621463046FFF721FF2060C0F80090DE
:102FD0000446E4E73846BDE8F88300BFB89F070021
:102FE0002DE9F0470C464968236903EB6218A36892
:102FF000074691464FEA621A08F10106B3423FDBE9
:103000003846FFF7E3FD0023054600F1140100F107
:1030100010021846534536DB20692AEAEA7A04F1A1
:10302000140319F01F0901EB8A0103EB800C2ED069
:10303000C9F1200E8A460022186800FA09F00243FE
:103040004AF8042B53F8042B9C4522FA0EF2F3D8CD
:10305000ACEB0403153B23F00303043304F1150028
:10306000604588BF0423CA500AB108F10206013E38
:1030700038462E612146FFF7DDFD2846BDE8F08782
:1030800001315B00BAE742F8040F0133C2E70439AB
:1030900053F8042B41F8042F9C45F9D8E7E730B5E5
:1030A00002690C69121B0ED100F11403143103EBF9
:1030B000840001EB840150F8045D51F8044DA542F1
:1030C00003D005D30122104630BD8342F3D3FAE783
:1030D0004FF0FF32F7E72DE9F84F0C460646114650
:1030E00020461746FFF7DBFF051E08D1294630466C
:1030F000FFF76CFD0123C0E90435BDE8F88FA4BFDC
:103100003B46274630467968A6BF1C460025012568
:10311000FFF75CFD3E69C560256907F1140104F104
:10312000140900F1140E07F1100201EB860C09EBF3
:103130008505F246002759F8043B52F804BF1FFAF0
:1031400083F817FA8BF71B0CA7EB0808C3EB1B439C
:1031500003EB28431FFA88F81F144D4548EA034340
:103160004AF8043BE7D82B1B153B23F00303043339
:103170001534A54238BF0423194473449E460D46B6
:1031800065450ED30CF10302521A22F003020339F3
:103190008C4538BF00221A4452F8043D7BB10661C9
:1031A000ABE755F8048B17FA88F4221402EB1842A7
:1031B000A4B244EA02444EF8044B1714E0E7013E7F
:1031C000EAE7000082B08DED000B019B1249194027
:1031D000A1F15071002905DD00220B4643EC102BB4
:1031E00002B070474942B1F1A07F4FEA21504FF041
:1031F00000024FF0000304DA4FF4002141FA00F31B
:10320000ECE7A0F114011E29DABF4FF0004020FACC
:1032100001F101210A46E1E70000F07FF8B50569F8
:1032200000F1140707EB85052E1F55F8044C2046C6
:10323000FFF793FDC0F120030A28DFF87CC00B6084
:1032400014DCC0F10B0E24FA0EF1B74241EA0C0374
:1032500034BF55F8081C0021153004FA00F021FA9B
:103260000EF140EA010243EC102BF8BDB7423ABF21
:1032700055F8081CA5F1080600210B3817D0C0F13D
:10328000200C04FA00F5BE4221FA0CF445EA0405CC
:103290008CBF56F8044C002445F07F5301FA00F02F
:1032A00024FA0CF443F4401340EA0402DBE744EA56
:1032B0000C030A46D7E700BF0000F03F2DE9F743B3
:1032C0008946012157EC106B9046FFF77FFCC7F34E
:1032D0000A550446C7F3130335BB002E019328D0CB
:1032E00068460096FFF759FD009900B3019AC0F1B6
:1032F000200302FA03F30B43C24063610192019B76
:10330000A361002B14BF022201222261D5B1A5F2D4
:1033100033450544C9F80050C0F13500C8F8000035
:10332000204603B0BDE8F08343F48013D5E7616124
:10333000E5E701A8FFF731FD019B636101222261EE
:103340002030E3E704EB8203A0F23240C9F800002A
:103350001869FFF702FDC0EB4210DFE72DE9F74FD8
:10336000884669468146FFF759FF01A9404655EC5A
:10337000104BFFF753FFD9F81030D8F81020A3EB0B
:10338000020CDDE900329B1A03EB4C1351EC100BDD
:10339000002BD6BF0A462A46C3EB03338B462F4683
:1033A000D4BF02EB035B02EB0357204610EE102A5A
:1033B0005B463946FBF7D0F841EC100B03B0BDE893
:1033C000F08F013970B549111469013102F114030C
:1033D00000EB810103EB8404051FA3420CD3A31A65
:1033E000113B23F003031132A24288BF002318448B
:1033F0000023884205D370BD53F8046B45F8046F71
:10340000EBE740F8043BF4E700F1140200694B11CC
:10341000984210B511DB0ADD11F01F0107D052F8F8
:10342000234024FA01F000FA01F18C420BD102EBA7
:103430008303934203D8002010BD0346F7E753F8F7
:10344000041D0029F5D00120F6E7F8B5074614461B
:103450000E4621B9BDE8F8401146FBF747BF22B937
:10346000FBF7F4FE25462846F8BD00F0FDF9A04222
:103470000FD221463846FBF739FF05460028F2D027
:1034800031462246FBF7A2FE31463846FBF7DEFE08
:10349000E9E73546E7E72DE9F0478E689E42824628
:1034A0000C4690461F4638D88A8912F4906F32D065
:1034B00025680969A5EB0109656905EB450505EB7B
:1034C000D57501334B446D109D4238BF1D465305E1
:1034D00031D52946FBF70AFF064650B90C23CAF836
:1034E0000030A38943F04003A3814FF0FF30BDE8D3
:1034F000F08721694A46FBF769FEA38923F49063AC
:1035000043F08003A381266165614E44A5EB090564
:103510002660A5603E46BE4200D93E46324620683F
:103520004146FBF761FEA36822689B1B3244A360FF
:1035300022600020DBE72A46FFF787FF06460028C7
:10354000E1D121695046FBF781FEC7E72DE9F04F35
:1035500098468B891B069DB007460D4614460ED52E
:103560000B6963B94021FBF7C1FE2860286120B9CF
:103570000C233B604FF0FF30D1E040236B61002310
:10358000099320238DF82930CDF80C803023DFF803
:10359000A8818DF82A304FF0010923469A4613F886
:1035A000012B0AB1252AF9D1BAEB040B0BD05B46EB
:1035B000224629463846FFF76EFF013000F0AA8008
:1035C000099A5A4409929AF80030002B00F0A28020
:1035D00000234FF0FF32CDE905230AF1010A0493DD
:1035E00007938DF853301A935446052214F8011BA3
:1035F0005148FBF78DFD049AD8B9D00644BF20236B
:103600008DF85330110744BF2B238DF853309AF8AF
:1036100000302A2B15D0079A544600204FF00A0C90
:10362000214611F8013B303B092B4ED9B0B107922E
:1036300014E0A0EB080309FA03F313430493A24632
:10364000D2E7039B191D1B680391002BBBBF5B4294
:1036500042F0020207930793B8BF049223782E2BFF
:103660000CD163782A2B35D1039B1A1D1B6803925A
:10367000002BB8BF4FF0FF3302340593DFF8C8A02A
:10368000217803225046FBF743FD40B14023A0EBD5
:103690000A0003FA00F0049B03430134049314F876
:1036A000011B26488DF828100622FBF731FD002863
:1036B00038D0234B1BBB039B073323F0070308338E
:1036C0000393099B3344099367E70CFB02320C46D2
:1036D0000120A5E700230134059319464FF00A0C99
:1036E000204610F8012B303A092A03D9002BC5D007
:1036F0000591C3E70CFB012104460123F0E703AB6E
:1037000000932A460F4B04A93846FCF743F8421CA5
:103710000646D6D1AB895B063FF52CAF09981DB0A4
:10372000BDE8F08F03AB00932A46064B04A9384648
:10373000FCF7D4FAEBE700BFA89C0700B29C070097
:1037400095F7060097340700AE9C070038B5074D83
:1037500004460846114600222A601A4600F0BCF8CA
:10376000431C02D12B6803B1236038BD8073012054
:103770009FED010B704700BF000000000000F87FC4
:103780001F2938B504460D4604D9162303604FF0AF
:10379000FF3038BD426C12B152F821304BB920468F
:1037A00000F030F82A4601462046BDE8384000F0D7
:1037B00017B8012B0AD0591C03D11623036001202E
:1037C000E7E7002442F82540284698470020E0E734
:1037D000024B01461868FFF7D3BF00BF34640020D6
:1037E00038B5074D00230446084611462B6000F00B
:1037F00063F8431C02D12B6803B1236038BD00BFBE
:103800008073012000F048B849B1FF2A85BF8A23A0
:1038100003600A704FF0FF3098BF012070470846E0
:103820007047000038B5074D00230446084611468E
:103830002B6000F029F8431C02D12B6803B12360F0
:1038400038BD00BF8073012038B5064D0023044603
:1038500008462B6000F028F8431C02D12B6803B106
:10386000236038BD8073012051F8043C181F002BE1
:10387000BCBF0B58C0187047024B58221A604FF05B
:10388000FF30704780730120024B58221A604FF0BE
:10389000FF30704780730120024B58221A604FF0AE
:1038A000FF30704780730120024B58221A600020BD
:1038B000704700BF80730120024B58221A604FF0FE
:1038C000FF30704780730120024B58221A604FF07E
:1038D000FF30704780730120024B58221A604FF06E
:1038E000FF30704780730120FEE700BFF8B500BFCE
:1038F000F8BC08BC9E467047F8B500BFF8BC08BCD1
:103900009E467047000000005FF800F00560002050
:103910006E65656420737461727400006E65656421
:103920002066696E697368006E6565642053322B8A
:10393000533300005332206265666F726520533343
:103940000000000053442062757379202D207265B9
:1039500074727900747261636B2066696C652062B1
:1039600061640000747261636B2066696C65206637
:10397000756C6C00534420777269746520666169C8
:103980006C6564006E616D652074616B656E00002E
:1039900063697263756974007761737465640000AC
:1039A000310000006E6F726D616C000041706578CF
:1039B00000000000547572626F0000004E6974725E
:1039C0006F0000004472696674000000536C696304
:1039D0006B000000426F6F737400000050697374D5
:1039E0006F6E0000566F72746578000043616D62FF
:1039F0006572000044726166740000005265646C78
:103A0000696E650047656172626F780057616B652A
:103A1000000000005265636F72640000506F7765AC
:103A200072204F666600000052616365000000006E
:103A300052657669657700005472616E73666572CF
:103A400000000000437265617465000043616D65AC
:103A50007261000046574552523A2573000000003B
:103A6000556E6B6E6F776E002F0000002E646F76C0
:103A7000657800004C617020416E797468696E67EA
:103A800000000000434952435549540053505249E5
:103A90004E540000537072696E740000323025304D
:103AA00032642D253032642D2530326420253032A9
:103AB000643A253032643A25303264004657424534
:103AC00047494E3A0000000046575055543A00000E
:103AD0004657444F4E45000046574150504C590000
:103AE000465741424F525400465744465500000045
:103AF00053544154450000004352430053495A4532
:103B00000000000056415249414E5400465743526E
:103B1000433A2573000000006E6F6E73656E736527
:103B20000000000054444F4E4500000057524954D5
:103B3000450000004552524F520000004C4953547A
:103B4000000000004745543A0000000044454C4541
:103B500054453A004E4F545F464F554E44000000C6
:103B6000534C495354000000534745543A00000059
:103B7000535345543A0000005352455345540000F6
:103B80005342555359000000544C4953540000000F
:103B900054534C4953540000544552523A425553E1
:103BA00059000000544745543A000000545347451B
:103BB000543A0000544552523A4241445F4E414DFE
:103BC00045000000545055543A00000054535055DD
:103BD000543A00005444454C3A00000054534445C4
:103BE0004C3A0000424154540000000042415454F9
:103BF0003A25642C2573000044454C5F4552520021
:103C000044454C455445440046574446553A4F4B6D
:103C1000000000005446494C453A2573000000005E
:103C200054454E4400000000545346494C453A2543
:103C3000730000005453454E440000005445525256
:103C40003A53445F42555359000000007C00000085
:103C5000257325733A256C7500000000454E44001D
:103C600053495A453A256C750000000025732F25ED
:103C7000732E6A736F6E000025732C25642C2573D8
:103C80002C25732C25732C25732C25732C25732C34
:103C900025732C25642C25732C25732C25732C253A
:103CA000732C25732C257300323025303264253077
:103CB0003264253032645F25303264253032642E20
:103CC000646F76657800000074696D657374616D6A
:103CD000702C736174732C68646F702C6C61742C1D
:103CE0006C6E672C73706565645F6D70682C616CB9
:103CF0007469747564655F6D2C68656164696E676D
:103D00005F6465672C685F6163635F6D2C72706DC3
:103D10002C616363656C5F782C616363656C5F79AC
:103D20002C616363656C5F7A2C54656D70312C4A2D
:103D3000756E6374696F6E312C54656D703200005E
:103D4000446174614C6F676765720000446F76650B
:103D500073000000312E30002F2F272722225C5CB9
:103D60006208660C6E0A720D740900007472756543
:103D70000000000066616C73650000006E756C6C7D
:103D80000000000073746172745F615F6C617400A5
:103D900073746172745F615F6C6E67005445525258
:103DA0003A544F4F5F4C41524745000025732F2531
:103DB00073000000544552523A57524954455F46E9
:103DC00041494C00544F4B00544552523A4E4F5FBC
:103DD00046494C450000000063616D6572615F7388
:103DE000657269616C000000626C7565746F6F7458
:103DF000685F6E616D650000446F76657344617441
:103E0000614C6F67676572006C6F6E674E616D65C0
:103E10000000000073686F72744E616D65000000F1
:103E200064656661756C74436F757273650000003C
:103E30007479706500000000737072696E74000020
:103E40006C656E677468467400000000737461727C
:103E5000745F625F6C61740073746172745F625F3F
:103E60006C6E6700736563746F725F325F615F6C65
:103E700061740000736563746F725F325F615F6CC1
:103E80006E670000736563746F725F325F625F6CB0
:103E900061740000736563746F725F325F625F6CA0
:103EA0006E670000736563746F725F335F615F6C90
:103EB00061740000736563746F725F335F615F6C80
:103EC0006E670000736563746F725F335F625F6C6F
:103ED00061740000736563746F725F335F625F6C5F
:103EE0006E67000066696E6973685F615F6C61741C
:103EF0000000000066696E6973685F615F6C6E67E1
:103F00000000000066696E6973685F625F6C6174CF
:103F10000000000066696E6973685F625F6C6E67BF
:103F200000000000646174655F63726561746564BC
:103F3000000000003230253032642D253032642DEF
:103F400025303264000000005C75303030300000F5
:103F5000446F766573446174614C6F676765722D59
:103F600025730000626C7565746F6F74685F7069AB
:103F70006E000000257325730000000064657669FB
:103F800063655F6E616D65004472697665720000FD
:103F90003700000033300000776179706F696E740C
:103FA0005F73706565640000776179706F696E7426
:103FB0005F646574656374696F6E5F64697374616F
:103FC0006E6365006C61705F646574656374696FCE
:103FD0006E5F64697374616E636500006472697614
:103FE00065725F6E616D650025303464000000000D
:103FF000636F75727365730025732E746D700000A6
:10400000446F766573446174614C6F676765722DA8
:104010002530336400000000534552523A53445F48
:1040200042555359000000002F53455454494E4700
:10403000532E6A736F6E0000534552523A4E4F5FD3
:1040400046494C4500000000534552523A454D50F8
:1040500054590000534552523A50415253450000C2
:104060005356414C3A25733D2573000053454E4449
:1040700000000000534552523A4E4F545F464F5590
:104080004E440000534552523A4241445F434D442E
:1040900000000000534F4B3A257300005345525225
:1040A0003A57524954455F4641494C00534F4B3AA9
:1040B0005245534554000000534552523A5245531D
:1040C00045545F4641494C004269726473457965C5
:1040D0002D6E6F6E73656E7365000000332E302E8B
:1040E000312D626574612E65666436386430000077
:1040F000496E737461333630204750532052656DDA
:104100006F7465004E6F202E646F76657820666947
:104110006C65730A666F756E64206F6E2053442160
:10412000000000004E65656420475053206C6F63AB
:104130006B20746F0A637265617465206120636F20
:10414000757273650000000043616D6572612062E5
:10415000757379202D0A656E642073657373696FBA
:104160006E206669727374004E6F2072656D6F7495
:1041700065206C696E6B202D0A72756E2057616B1D
:10418000652066697273740043616D657261206EAB
:104190006F74207375626265640A746F206275744F
:1041A000746F6E7320286365383229004275747409
:1041B0006F6E2073656E640A72656A656374656408
:1041C00020627920737461636B000000506C756726
:1041D00020696E205553420A6361626C65206669EE
:1041E0007273742100000000534420627573792CAF
:1041F0002063616E6E6F740A73746172742055531C
:1042000042206D6F6465210043616E6E6F74207291
:1042100065616420444F5645580A6865616465725B
:104220002028696E636F6D706C6574653F290000AE
:104230004750533A204E4F5420444554454354452B
:10424000440000000A434845434B20574952494E19
:10425000470000000A5265747279696E672E2E2E2F
:10426000000000000A416E7920627574746F6E3A26
:10427000206D656E750000000A75703A0000000040
:10428000536174733A000000202048444F503A00B4
:104290002D2D00004C4F434B4544202D207265616D
:1042A000647920696E200000464958206F6B2020F9
:1042B0005554432E2E200000414351554952494E3A
:1042C000472000005554433A206E6F2064617465A6
:1042D0002F74696D650000005554433A2072657370
:1042E0006F6C76696E67203C3D31326D00000000D6
:1042F0004D6F64653A4750532D6F6E6C7900000026
:10430000426174743A00000025200000560000004D
:1043100020426C7565746F6F746820436F6E6E65B4
:104320006374696F6E00000020436F6E6E65637486
:1043300065640000202057616974696E67000000A1
:104340005472616E736665723A20000025000000A9
:104350002D3E4578697400002D3E0000202020206D
:10436000202043414D4552410000000050616972D8
:1043700065643A20000000004261636B00000000A9
:104380005465737400000000556E7061697200001E
:104390002020202020504149522043414D45524188
:1043A00000000000436F6E6E6563746564202D002D
:1043B00072656164696E672073657269616C2E2E27
:1043C0002E000000506F776572206F6E2063616D64
:1043D000657261006E65617262792E2E2E0000009A
:1043E00050616972696E672073746F7070656400E4
:1043F00042313A4D616E75616C2042323A43616ED2
:1044000063656C006E6F00007965730055500000A5
:1044100055502B0053594E430000000043414D4579
:1044200052412054455354207265633A0000000005
:10443000523A0000204164763A00000020473A00DA
:104440006567673A200000004E41000020202020D0
:1044500043414D4552412053455249414C000000D3
:104460005E000000204F4B20000000002043414E22
:1044700043454C200000000053656C656374205375
:10448000657373696F6E3A20000000004E6F202E36
:10449000646F7665782066696C657300666F756E0B
:1044A00064210000507265737320616E79206B6522
:1044B00079000000746F20676F206261636B0000F9
:1044C0002020205265706C617920526573756C7480
:1044D000730000004C6170733A20000042657374F1
:1044E0003A20000020284C00290000004E2F4100F7
:1044F0004F70743A200000004472697665723A2069
:1045000000000000436F757273653A2000000000E0
:104510003C2D204C617073202020202020204578E5
:104520006974202D3E0000005350454544000000B2
:104530000A4C415000000000202043757272656EE5
:1045400074204C61702050616365000020202020A1
:104550002020202020202000202A77616974696EA5
:10456000672A00002B00000020204E2F4100000091
:1045700020202020202042657374204C61700000B0
:104580000A0A00004C61703A20000000456E67691D
:104590006E652052504D202A4F56455220524556A6
:1045A0002A0000002020202020456E67696E6520CB
:1045B00052504D00202057414954494E4720475002
:1045C00053204C4F434B2E2E000000002020202073
:1045D000206D61783A20000054656D7031204620CE
:1045E00020202A5443204641554C542A0000000004
:1045F00020202020202054656D70312046000000CE
:1046000020202D2D2D00000025356400206A756EB8
:10461000633A20002D2D2D0020202072663A2000C4
:1046200048554E47000000002020202020205465DF
:104630006D7032204600000020626174743A2000E0
:104640002020204C617020486973746F727920209B
:104650002000000020202020204C61702048697339
:10466000746F7279202020202000000053442046DF
:104670004F524D4154000000466F726D61742046E8
:1046800041494C4544202D20726574727900000028
:1046900043617264206973206E6F7420666F726D5F
:1046A0006174746564000000466F726D61747469B2
:1046B0006E6720696E2000004B65657020686F6C26
:1046C00064696E672053454C45435400486F6C64E1
:1046D0002053454C45435420337320746F00000031
:1046E000666F726D61742074686520636172640026
:1046F000284552415345532045564552595448493F
:104700004E4729004368617267696E6700000000C8
:104710002564252500000000535052494E54204086
:104720000000000043495243204000004E4557001E
:1047300020444F4E450000005361766500000000A4
:10474000202D200043616E63656C0000202A00006C
:104750004C494E453A200000506F696E742041006C
:10476000506F696E7420420053617665206C696EEB
:10477000650000004261636B2028646973636172A5
:104780006429000042000000686F6C642073746943
:104790006C6C2E2E2E00000066697865733A20003E
:1047A00064726F707065643A200000006163633A60
:1047B000200000006D00000020544F4F20504F4F4C
:1047C00052000000207765616B0000004E4F2046CC
:1047D00049580000746F6F206665772066697865B8
:1047E00073202D0074727920616761696E0000008A
:1047F000536176652063757272656E7420706F7395
:1048000000000000465741424F525445440000000A
:104810002F6677002F66772F70656E64696E672E3E
:1048200062696E00465752454144590046574F4B06
:104830003A25730046574442473A4150504C59007C
:1048400046574442473A564241543D2564000000D1
:104850004241545445525900464C415348000000CF
:104860005550444154494E47000000004649524DBE
:104870005741524500000000446F206E6F74207055
:104880006F776572206F66660000000046574442ED
:10489000473A53544147450046574442473A4552E8
:1048A0004153453D256C750046574442473A4552B1
:1048B0004153454400000000465753544147453A90
:1048C00025640000465753544147453A3130300083
:1048D00046574150504C4945440000004657444219
:1048E000473A444953434F4E4E454354000000005D
:1048F0005452454144590000444F4E4500000000C9
:1049000020454E442052414345000000207072650E
:104910007373206D6964646C6520627574746F6E66
:1049200000000000202020446F7665730A204D614E
:10493000676963426F7800002054696D6572202BAF
:104940002044617461204C6F67676572000000004D
:104950000A20202020496E697469616C697A696E49
:10496000672E2E2E00000000446574656374696E26
:10497000672E2E2E00000000475053206E6F740AE1
:10498000696E697469616C697A6564004261747406
:1049900065727920203A2000536174732020202012
:1049A000203A20005261746520202020203A200007
:1049B000487A000048444F5020202020203A200010
:1049C0005344436172642020203A200042616420F5
:1049D000496E6974000000004C6F6767696E67007C
:1049E00057616974696E672047505300526561646E
:1049F0007900000044726F7073202020203A20005C
:104A0000204F76663A000000547261636B3A2000D2
:104A10004D6F6465203A200057616974696E6720A4
:104A2000666F72204750532E2E2E00004750532F92
:104A30005246204445425547000000000A47505363
:104A4000206E6F7420617661696C61626C65000034
:104A500044726F70733A000020523A004953526D0D
:104A600061783A00447261696E3A00004C6170737B
:104A70003A00000020537472743A000020583A0043
:104A8000437572203A200000506163653A200000AF
:104A900020466F726D617474696E67206361726421
:104AA0002E2E2E0020444F204E4F5420504F57455D
:104AB00052204F4646000000205265626F6F7469B5
:104AC0006E672E2E2E00000020466F726D617420DE
:104AD0004F4B00002020205472616E736665722077
:104AE0004D6F646500000000426C7565746F6F74F3
:104AF000680000005553420020205741524E494E55
:104B000047202000436F6E74696E75652057697485
:104B1000682043617574696F6E00000053746F7094
:104B2000204C6F6767696E673F0000004241434B4E
:104B300000000000454E4420524143450000000063
:104B40002020205553422053746F72616765000026
:104B5000204472697665204F6E000000436F6E6ED0
:104B6000656374656420746F2050432E000000005C
:104B70004472616720262064726F702066696C65DC
:104B8000732E00002D3E4578697420287265626F8F
:104B90006F747329000000002020204641554C54BA
:104BA0002020000020506C65617365205265626FA3
:104BB0006F742044657669636500000020202045FD
:104BC000786974205265706C61793F00457869742A
:104BD0000000000020202020204F7074696D616C5F
:104BE000204C6170000000004E6F20736563746F8D
:104BF0007273000020202020204C6170204E756DC3
:104C000062657273000000002076206D6F7265008F
:104C1000202043524541544520434F5552534500AF
:104C200041726520796F752061743A00596573206F
:104C30002D2061646420636F75727365000000004D
:104C40004E6F202D206E657720747261636B0000BB
:104C5000202043757272656E74204C617020546917
:104C60006D6500006F6E652073746172742F6669E4
:104C70006E697368206C696E650000007374617200
:104C800074202B2066696E697368206C696E657389
:104C900000000000202020434F5552534520545916
:104CA000504500004369726375697400496E76610E
:104CB0006C69642073657269616C00004141414117
:104CC00041410000646973706C61795F696E76655B
:104CD00072740000696E766572746564000000008D
:104CE000726163655F6D6F6465000000737061726F
:104CF0006B5F6D6F6465000073696E676C650000C3
:104D000063796C696E6465725F636F756E740000C1
:104D1000534420496E6974206661696C6564210A98
:104D20000A6C6F6767696E67206E6F7420706F73AF
:104D30007369626C65210000000000000000000043
:104D4000097302000D730200117302001573020053
:104D500019730200000000000000000099750200B5
:104D6000917502000573020011750200E5750200DD
:104D7000DD750200897502000000000000000000DF
:104D80001976020011760200097602000000000088
:104D900000000000DD900300D9A4030005730200A9
:104DA00059890300558A030031A9030025A903008E
:104DB000000000000000000095740200A9740200C9
:104DC00005730200CDCCCC3D0AD7233C17B7D138B0
:104DD00077CC2B329595E6241FB14F0A0000204175
:104DE0000000C84200401C4620BCBE4CCA1B0E5AE4
:104DF000AEC59D74000000009A9999999999B93FA0
:104E00007B14AE47E17A843F2D431CEBE2361A3F18
:104E10003A8C30E28E79453EBC89D897B2D29C3C20
:104E200033A7A8D523F649393DA7F444FD0FA53291
:104E30009D978CCF08BA5B25436FAC642806C80ADF
:104E40000000000000002440000000000000594065
:104E5000000000000088C3400000000084D7974194
:104E60000080E03779C34143176E05B5B5B8934666
:104E7000F5F93FE9034F384D321D30F94877825A32
:104E80003CBF737FDD4F157500000000000000007F
:104E9000B4650700B4650700B4650700B465070092
:104EA00001000000020000000300000000000000FC
:104EB0004439070054390700643907007439070082
:104EC00084390700B4650700103907001C39070052
:104ED00028390700343907002F545241434B5300FF
:104EE000FFFFFFFFFFFFFFFFFFFBFFFFFFFFFFFFD6
:104EF000FFFFFFFFFFFFFFFFFFE3FFFFFFFFFFFFDE
:104F0000FFFFFFFFFFFFFFFFFF0BFFFFFFFFFFFFA5
:104F1000FFFFFFFFFFFFFFFFF8737FFFFFFFFFFFB4
:104F2000FFFFFFFFFFFFFFFFC1F27FFFFFFFFFFF5C
:104F3000FFFFFFFFFFFFFFFE1FF27FFFFFFFFFFFEF
:104F4000FFFFFFFFFFFFFFE0FFF47FFFFFFFFFFF1B
:104F5000FFFFFFFFFFFFFF0FFFF57FFFFFFFFFFFDB
:104F6000FFFFFFFFFFFFFC3FFFF17FFFFFFFFFFFA2
:104F7000FFFFFFFFFFFE71FFFFE27FFFFFFFFFFF6D
:104F8000FFFFFFFFFFFE67FFFFE67FFFFFFFFFFF63
:104F9000FFFFFFFFFFFD0FFFFFFE01FFFFFFFFFF12
:104FA000FFFFFFFFFFFD3FFFFFFE000FFFFFFFFFC3
:104FB000FFFFFFFFFFF97FFFFFFFFFE007FFFFFF9E
:104FC000FFFFFFFFFFDB7FFFFFFFFFFFEFFFFFFFA5
:104FD000FFFFFFFFFFC3FFFFFFFFFFFF9FFFFFFF7D
:104FE000FFFFFFFFFFC7FFFFFFFFFFFF9FFFFFFF69
:104FF000FFFFFFFFFFD7FFFFFFFFFFFE1FFFFFFFCA
:10500000FFFFFFFFFFDFFFFFFFFFFFF81FFFFFFFB7
:10501000FFFFFFFFFFDFFFFFFFFFFFFFBFFFFFFF00
:10502000FFFFFFFFFFDFFFFFFFFFFFFFBFFFFFFFF0
:10503000FFFFFFFFFF9FFFFFFFFFFFFF3FFFFFFFA0
:10504000FFFFFFFFFF3FFFFFFFFFFFFF7FFFFFFFB0
:10505000FFFFFFFFFE7FFFFFFFFFFFFE7FFFFFFF62
:10506000FFFFFFFFFCFFFFFFF7FFFFFE7FFFFFFFDC
:10507000FFFFFFFFF9FFFFFF83FFFFFEFFFFFFFFC3
:10508000FFFFFFFFF37FFFFE03FFFFFCFFFFFFFFBC
:10509000FFFFFFFFF61FFFF80FFFFFFC1FFFFFFFE3
:1050A000FFFFFFFFE70FFFE03FFFFFFC1FFFFFFFDA
:1050B000FFFFFFFFEF81FF007FFFFFFFBFFFFFFF4D
:1050C000FFFFFFFFEFC07E00FFFFFFFF3FFFFFFF7F
:1050D000FFFFFFFFCFE07F01FFFFFCFE7FFFFFFF31
:1050E000FFFFFFFFDFF0FF87C07FF0FEFFFFFFFF46
:1050F000FFFFFFFFD83FFFFE077FE5FCFFFFFFFF3D
:10510000FFFFFFFFDA03FFF0077FFBFF1FFFFFFF3B
:10511000FFFFFFFFDA00FFE4077FE7FFC7FFFFFFA6
:10512000FFFFFFFFDA0407E60E7FE7FFF1FFFFFF57
:10513000FFFFFFFF1B0C23F71CFFF9FFFDFFFFFF25
:10514000FFFFFFFC39F8F9F3F8FFFCFFFBFFFFFF5F
:10515000FFFFFFF9FCF1FC78F1FFFEFFF3FFFFFF1B
:10516000FFFFFFFBFE07FE3C03FFFEFFE7FFFFFF25
:10517000FFFFFFF07F0FFF9F9FFFFF7FCFFFFFFF2E
:10518000FFFFFFF07F1FFFCFFFFFFF7FDFFFFFFF6E
:10519000FFFFFFF9FE3FFFE7FFFFFF7FBFFFFFFFBE
:1051A000FFFFFFF9FCFFFFF3FFFFFF3F3FFFFFFFA4
:1051B000FFFFFFF3F9FFFFF9FFFFFFBCFFFFFFFF5A
:1051C000FFFFFFF7FBFFFFFCFFFFF7BE7FFFFFFFC7
:1051D000FFFFFFE7F3FFFFFE7FFFF1BF3FFFFFFF92
:1051E000FFFFFFE7F7FFFFFF1FFFF07F9FFFFFFFBE
:1051F000FFFFFFE7F7FFFFFFCFFFFA7FCFFFFFFFC4
:10520000FFFFFFEFF7FFFFFFE7FFF3FFEFFFFFFFFA
:10521000FFFFFFE9F7FFFFFFF3FFF3FFE7FFFFFFEC
:10522000FFFFFFE1F7FFFFFFFBFFF7FFF7FFFFFFC8
:10523000FFFFFFE5F3FFFFFFF9FFF7FFE7FFFFFFCA
:10524000FFFFFFFDF3FFE0E01DFFEFFF0FFFFFFF9C
:10525000FFFFFFFDFBFFCC030DFFCFF867FFFFFF54
:10526000FFFFFFFCF9FF9FFFDDFFDFFFE3FFFFFF15
:10527000FFFFFFFCFDFF3FFFFCFFBFFFF8FFFFFF4D
:10528000FFFFFFFEFCFE7F8039FE7FFFFE7FFFFFFA
:10529000FFFFFFFE7E7CFC1F81FEFFFFFF1FFFFF65
:1052A000FFFFFFFC7F1800FFFFFFFFFFFF8FFFFFE7
:1052B000FFFFFFFC3F830FFFFFFFFFFFFFE7FFFF45
:1052C000FFFFFFFC3FE7FFFFFFFFFFFFFFF3FFFFD5
:1052D000FFFFFFFE1FFFFFFFFFFFFFFFFFF9FFFFC5
:1052E000AC390700B4390700BC390700C4390700DE
:1052F000CC390700D4390700DC390700E43907004E
:10530000EC390700F4390700FC390700043A0700BC
:1053100030313233343536373839414243444546EB
:105320004748494A4B4C4D4E4F5051525354555695
:105330005758595A000000002F545241434B532FE5
:10534000535052494E5400002F53455454494E4730
:10535000532E6A736F6E0000283A0700303A070038
:10536000383A0700443A07004C3A070000000000B2
:105370000338FDD8704700000C3A0700143A0700C4
:105380001C3A07007843070001020000DC3F0700D9
:10539000883F0700C43F0700903F0700A83F070071
:1053A000943F0700983F0700943F0700D83D07004F
:1053B000B4650700E04C070090390700EC4C07008B
:1053C00098390700004D0700A0390700C44C0700BA
:1053D000A4390700536563746F7220330000000026
:1053E000536563746F722032000000005374617261
:1053F0007400000046696E6973680000537461723E
:10540000742F46696E000000000102003031323313
:1054100034353637383961626364656600000000F0
:105420006461746574696D652C6472697665722C4B
:10543000636F757273652C73686F72745F6E616DE4
:10544000652C626573745F6C61705F6D732C6F7037
:1054500074696D616C5F6D732C6465766963655FFB
:105460006E616D652C726163655F6D6F64650D0AB9
:105470000000000025732C25732C25732C25732C1C
:1054800025732C25732C25732C25730D0A00000021
:105490006C6170735F6D730D0A0000002C256C75D4
:1054A000000000002C000000031980011409496E5F
:1054B000737461333630204750532052656D6F74DA
:1054C00065000000474E524D432C00002C452C0037
:1054D0002C302E302C572C412C5600002C32362EDE
:1054E000372C00000201051BFF4C000215094F522A
:1054F00042495409FF0F00000000000000000000B6
:1055000000E40100FCEFFE8600030100303132337D
:1055100034353637383941424344454600000000AF
:10552000256C753A2530326C752E2530336C75003C
:10553000303A2530326C752E2530336C7500000002
:105540002025326C752E2530336C7500256C752E38
:105550002530336C75000000223A00006E616D65E5
:1055600000000000223A220073746172740000008F
:10557000736563746F725F3200000000736563745B
:105580006F725F330000000066696E697368000027
:105590002C22636F7572736573223A5B0000000002
:1055A0005D7D00006C3E07007C3E07008C3E0700DE
:1055B0009C3E0700000000000000000055E50300CD
:1055C0006DE5030081E5030059E503005DE5030097
:1055D00061E5030065E5030069E5030099E5030063
:1055E000656E643A207468652066696C6520627532
:1055F0006666657220686173206265656E20646509
:105600006C657465642E20596F752077696C6C2009
:105610006E65656420746F2063616C6C20736574C3
:1056200046696C6542756666657253697A65206283
:1056300065666F7265202E626567696E20746F20E3
:105640006372656174652061206E6577206F6E6599
:105650002E0000007365745061636B657443666768
:105660005061796C6F616453697A653A205A65724A
:105670006F207061796C6F616453697A65210000F5
:105680007365745061636B65744366675061796CD0
:105690006F616453697A653A207061636B65744326
:1056A00066675061796C6F616453697A65203E204A
:1056B00073706942756666657253697A6521000088
:1056C000556E6B6E6F776E20537461747573000046
:1056D000696E697453746F726167654E4D45413AE6
:1056E0002052414D20616C6C6F63206661696C656E
:1056F000642100004750474741000000474E47479C
:10570000410000004750565447000000474E565491
:10571000470000004750524D43000000474E524D95
:105720004300000047505A4441000000474E5A448D
:10573000410000004750475354000000474E475374
:10574000540000007370695472616E736665723A3A
:10575000207370694275666665722069732066758C
:105760006C6C210073656E64537069436F6D6D617D
:105770006E643A206E6F206D656D6F727920616C7A
:105780006C6F636174696F6E20666F72205350494D
:10579000204275666665722100000000434C533A52
:1057A000000000004E41560041434B004346470075
:1057B0004D4F4E002049443A00000000505654001E
:1057C0005341564500000000204C656E3A20307869
:1057D00000000000205061796C6F61643A000000A5
:1057E000205061796C6F61643A2049474E4F5245B1
:1057F0004400000063726561746546696C654275BA
:10580000666665723A205761726E696E672E206611
:10581000696C6542756666657253697A652069735D
:10582000207A65726F2E2044617461206C6F676707
:10583000696E67206973206E6F7420706F7373696F
:10584000626C652E000000006372656174654669D4
:105850006C654275666665723A205761726E696E54
:10586000672E2046696C65206275666665722061E8
:105870006C7265616479206578697374732E205346
:105880006B697070696E672E2E2E00006372656101
:10589000746546696C654275666665723A2066692C
:1058A0006C6542756666657253697A652069733AFC
:1058B0002000000073746F72655061636B65743A09
:1058C0002066696C6520627566666572206E6F740D
:1058D00020617661696C61626C65210073746F721E
:1058E000655061636B65743A20696E7375666669AD
:1058F0006369656E742073706163652061766169A8
:105900006C61626C652120446174612077696C6C04
:10591000206265206C6F73742100000070726F63E9
:105920006573735542587061636B65743A2070619A
:10593000636B65745542584D474141434B20697331
:105940002066756C6C2E2041434B2077696C6C206F
:105950006265206C6F7374210000000070726F63C9
:105960006573735542587061636B65743A2070615A
:10597000636B65745542584D4741444244206973F6
:105980002066756C6C2E2044424420646174612052
:1059900077696C6C206265206C6F73742100000065
:1059A0005542585F5345435F5349473A20747275D7
:1059B0006E636174696E6720000000002063656E8D
:1059C000746572206672657175656E6369657320B2
:1059D000746F200070726F636573735542583A207C
:1059E0006175746F4C6F6F6B757020726574757232
:1059F0006E6564205A45524F206D61785061796C14
:105A00006F6164212120436C6173733A2030780008
:105A10002049443A2030780070726F636573735583
:105A200042583A204E41434B207265636569766562
:105A3000643A2052657175657374656420436C61C6
:105A400073733A2030780000205265717565737465
:105A500065642049443A20307800000070726F631A
:105A60006573735542583A20696E636F6D696E674E
:105A700020226175746F6D6174696322206D657396
:105A8000736167653A20436C6173733A2030780024
:105A9000496E636F6D696E673A2053697A653A2083
:105AA000000000002052656365697665643A200055
:105AB0007061636B6574436667206E6F77207661F3
:105AC0006C6964007061636B657441636B206E6F19
:105AD000772076616C6964007061636B65744366FE
:105AE0006720636C617373416E6449446D617463D4
:105AF000680000007061636B657441636B20636CC8
:105B0000617373416E6449446D61746368000000A1
:105B1000436865636B73756D206661696C65643A93
:105B20000000000020636865636B73756D413A2067
:105B30000000000020636865636B73756D423A2056
:105B40000000000020726F6C6C696E6743686563CB
:105B50006B73756D413A200020726F6C6C696E67D3
:105B6000436865636B73756D423A200070726F63B2
:105B70006573735542583A20627566666572206F88
:105B800076657272756E20646574656374656421F0
:105B90000000000070726F636573735542583A20BD
:105BA000636F756E74657220686974206D617869C1
:105BB0006D756D5F7061796C6F61645F73697A6533
:105BC000202B203621000000206163746976655027
:105BD00061636B65744275666665723A2000000009
:105BE000206D6178696D756D5F7061796C6F61644E
:105BF0005F73697A653A200073746F726546696CE9
:105C00006542797465733A2066696C6520627566D1
:105C1000666572206E6F7420617661696C61626C7A
:105C20006521000073746F726546696C6542797412
:105C300065733A20696E73756666696369656E742B
:105C400020737061636520617661696C61626C6567
:105C50002120446174612077696C6C206265206C3E
:105C60006F7374210000000070726F636573733A84
:105C7000206175746F4C6F6F6B75702072657475F1
:105C8000726E6564205A45524F206D61785061797B
:105C90006C6F6164212120436C6173733A2030780A
:105CA0000000000070726F636573733A20696E6361
:105CB0006F6D696E6720226175746F6D61746963C1
:105CC00022206D6573736167653A20436C6173735D
:105CD0003A20307800000000206C6F6742656361F5
:105CE0007573654175746F3A00000000206C6F6732
:105CF00042656361757365456E61626C65643A0007
:105D000070726F636573733A205A45524F204C4549
:105D10004E475448207061636B65742072656365FB
:105D2000697665643A20436C6173733A2030780079
:105D300070726F636573733A2041434B20726563E1
:105D400065697665642077697468202E6C656E20BD
:105D5000213D20323A20436C6173733A2030780041
:105D6000206C656E3A20000070726F636573733A41
:105D7000204E4D454120627566666572206973202C
:105D800066756C6C2100000070726F636573733A06
:105D9000204E4D454120636865636B73756D2066C9
:105DA00061696C202832292120457870656374650B
:105DB0006420000020476F742000000070726F6341
:105DC0006573733A204E4D454120636865636B737C
:105DD000756D206661696C20283129210000000062
:105DE00070726F636573733A205F73746F7261676B
:105DF000654E4D454120636865636B73756D206624
:105E000061696C210000000070726F636573733A02
:105E10002076616C6964205254434D206D65737324
:105E200061676520747970653A2000005F000000AA
:105E300070726F636573733A205254434D206368E8
:105E400065636B73756D206661696C2100000000ED
:105E5000636865636B55626C6F784932433A200022
:105E600020627974657320617661696C61626C652A
:105E700000000000636865636B55626C6F7849329F
:105E8000433A20627573206572726F723F206279A7
:105E900074657352657475726E656420213D20626D
:105EA00079746573546F5265616400007761697439
:105EB000466F724E6F41434B526573706F6E7365E0
:105EC0003A2076616C69642064617461207769743A
:105ED0006820434C532F4944206D617463682061EE
:105EE0006674657220000000206D73656300000019
:105EF00077616974466F724E6F41434B52657370A0
:105F00006F6E73653A2064617461206265696E67C3
:105F1000204F5645525752495454454E206166749D
:105F20006572200077616974466F724E6F41434B12
:105F3000526573706F6E73653A20434C532F49441A
:105F4000206D6174636820627574206661696C6598
:105F50006420435243206166746572200000000093
:105F600077616974466F724E6F41434B526573702F
:105F70006F6E73653A2054494D454F555420616604
:105F80007465722000000000206D7365632E204E42
:105F90006F207061636B65742072656365697665F7
:105FA000642E000077616974466F7241434B5265FD
:105FB00073706F6E73653A2076616C6964206461FA
:105FC000746120616E642076616C69642041434B8A
:105FD0002072656365697665642061667465722008
:105FE0000000000077616974466F7241434B52654F
:105FF00073706F6E73653A206E6F206461746120F8
:10600000616E642076616C69642041434B20616657
:10601000746572200000000077616974466F7241F8
:10602000434B526573706F6E73653A20646174619F
:10603000206265696E67204F564552575249545445
:10604000454E2061667465722000000077616974B6
:10605000466F7241434B526573706F6E73653A20A1
:10606000435243206661696C6564206166746572A1
:106070002000000077616974466F7241434B52659E
:1060800073706F6E73653A20646174612077617319
:10609000204E4F5441434B4E4F574C454447454487
:1060A00020284E41434B2920616674657220000010
:1060B00077616974466F7241434B526573706F6EBE
:1060C00073653A2056414C494420646174612061F3
:1060D0006E6420494E56414C49442041434B207246
:1060E0006563656976656420616674657220000089
:1060F00077616974466F7241434B526573706F6E7E
:1061000073653A20494E56414C494420646174619C
:1061100020616E6420494E56414C49442041434B16
:1061200020726563656976656420616674657220B6
:106130000000000077616974466F7241434B5265FD
:1061400073706F6E73653A2054494D454F55542016
:10615000776974682076616C696420646174612079
:106160006166746572200000206D7365632E2000E7
:1061700077616974466F7241434B526573706F6EFD
:1061800073653A2054494D454F55542061667465F6
:1061900072200000206D7365632E00000A53656E47
:1061A00064696E673A20000053656E64204932438B
:1061B00020436F6D6D616E64206661696C6564007B
:1061C00073656E64436F6D6D616E643A20576169EB
:1061D00074696E6720666F722041434B207265734D
:1061E000706F6E736500000073656E64436F6D6D54
:1061F000616E643A2057616974696E6720666F72D8
:10620000204E6F2041434B20726573706F6E736533
:106210000000000061646443666756616C736574D6
:106220004E3A206175746F73656E640061646443F7
:10623000666756616C7365744E3A207061636B6576
:10624000744366675061796C6F616453697A652045
:1062500072656163686564210000000061646443E5
:10626000666756616C7365744E3A206B6579206C75
:10627000696D69742072656163686564210000005E
:10628000506F776572696E67206F666620666F7201
:1062900020000000206D730047656E6572616C2000
:1062A0004661696C7572650067657456616C206B38
:1062B00065793A203078000067657456616C3A2041
:1062C00073656E64436F6D6D616E64207265747585
:1062D000726E65643A200000626567696E2028531B
:1062E0005049293A20737069427566666572207359
:1062F000697A652069732000626567696E2028539A
:106300005049293A207061636B6574436667506138
:10631000796C6F616453697A65203E2073706942BD
:10632000756666657253697A652100006265676902
:106330006E3A206973436F6E6E6563746564202DD9
:10634000207365636F6E6420617474656D70740092
:10635000626567696E3A206973436F6E6E65637438
:106360006564202D20746869726420617474656DA1
:1063700070740000626567696E3A207468697264BF
:1063800020617474656D7074206661696C65642E3B
:1063900020417373756D696E6720737563636573F0
:1063A000732E2E2E000000007365744175746F50BB
:1063B000565463616C6C6261636B5074723A205224
:1063C000414D20616C6C6F63206661696C6564216E
:1063D000000000007365744175746F4E415653415F
:1063E0005463616C6C6261636B5074723A20524109
:1063F0004D20616C6C6F63206661696C656421007F
:106400005375636365737300435243204661696C3F
:106410000000000054696D656F757400436F6D6D09
:10642000616E64206E6F742061636B6E6F776C6554
:106430006467656420284E41434B29004F757420E2
:106440006F662072616E676500000000496E7661BC
:106450006C69642041726700496E76616C696420E2
:106460006F7065726174696F6E0000004D656D6FCD
:106470007279204572726F72000000004861726488
:1064800077617265204572726F72000044617461B9
:106490002053656E7400000044617461205265638E
:1064A000656976656400000049324320436F6D6D75
:1064B000204661696C75726500000000446174617A
:1064C000205061636B6574204F76657277726974D2
:1064D00074656E00000000000000000009730200F7
:1064E0000D7302001173020015730200197302008C
:1064F000FFFFFFFF0000000000000000FF000000A1
:106500001F103111201031112110311122103111C1
:106510000000000024103111251031110064070023
:106520009862070008640700146407001C640700F1
:106530003C6407004C640700586407006C64070063
:106540007C6407008C64070098640700A864070057
:10655000C0560700BC6407000000000000000000F7
:10656000358504006D850400057302002D85040047
:106570005D850400658504002985040057726974EF
:10658000696E67204641542000000000426164208B
:10659000636C757374657220636F756E740D0A0099
:1065A0004361726420697320746F6F20736D616C36
:1065B0006C2E0D0A00000000466F726D617420445D
:1065C0006F6E650D0A000000466F726D61742046A3
:1065D00061696C65640D0A000000000000000000A5
:1065E000651405006914050099140500651505007A
:1065F00009200500E9210500311E0500F1200500F4
:10660000891C0500F91A0500051F05003514050051
:106610003D1405004D14050055140500FF007801D8
:1066200080014302880187018C018B019201910155
:106630009501F601990198019A013D029E012002FF
:10664000A801A701AD01AC01B001AF01B901B801CA
:10665000BD01BC01BF01F701C601C401C901C701E9
:10666000CC01CA01DD018E01F301F101F501F40154
:106670003A02652C3C023B023E02662C4202410279
:1066800053028101540286015602890157028A0190
:1066900059028F015B029001600293016302940131
:1066A00068029701690296016B02622C6F029C01DD
:1066B00072029D0175029F017D02642C8002A60179
:1066C0008302A9018802AE01890244028A02B10153
:1066D0008B02B2018C0245029202B7017B03FD03DB
:1066E0007C03FE037D03FF03AC038603C203A30305
:1066F000CC038C03CD038E03CE038F03F203F90387
:10670000F803F703FB03FA03CF04C0047D1D632CD9
:10671000511F591F531F5B1F551F5D1F571F5F1FC1
:10672000781FF81F791FF91FB31FBC1FCC1FC31F91
:10673000E51FEC1FFC1FF31F4E2132218421832112
:10674000612C602C762C752C6100E01AE000E017BB
:10675000F800E007000101303201010639010110A3
:106760004A01012E7901010682010104A0010106FE
:10677000B3010104CD010110DE010112F80101286D
:10678000220201124602010AAD03DB03B103E0114C
:10679000C303E009D80301183004E0205004B0100E
:1067A000600401228A040136C104010ED0040144B0
:1067B0006105D026001E0196A01E015A001F080880
:1067C000101F0806201F0808301F0808401F080671
:1067D000601F0808701F4A02721F5604761F640269
:1067E0007A1F70027C1F7E02801F0808901F080815
:1067F000A01F0808B01F0802D01F0802E01F0802EF
:106800007021F010D024E61A302CD02F672C01060E
:10681000802C0164002D002641FFE01A54696E7936
:106820005553422053657269616C000000000000FE
:1068300000000000D52905008D2905007D290500EF
:10684000F9280500452905001929050071290500C9
:1068500011280500F0FFFFFF00000000412A05009D
:1068600053656565640000005849414F206E5246EB
:106870003532383430000000303132333435363779
:1068800038394142434445460000000012010002ED
:10689000000000408628448000010102030100003E
:1068A00009020900000100A0320000004164616695
:1068B00072756974000000004D6173732053746F2A
:1068C0007261676500000000000000000000000029
:1068D000ED2F05007573626400000000050F39009C
:1068E000021810050038B60834A909A0478BFDA08E
:1068F000768815B665000101011C100500DF60DD1A
:10690000D88945C74C9CD2659D9E648A9F00000330
:1069100006B200020000000069350500E1350500FF
:106920000D36050005370500C537050000000000DD
:106930000D4105001D4105002D410500C141050027
:10694000F5420500000000004D3905005D390500E5
:106950006D3905002D3A05002D3C050000000000B2
:106960000D3D05006D3D0500953D0500C53E05004A
:10697000C93E050000000000C9490500254A050080
:10698000454A0500193305002D4B050000000000A5
:1069900000010101110000000000000000000000E3
:1069A0004D7F0500657F0500817F05007D81050025
:1069B0000000000000000000C9890500ED89050005
:1069C000100018000000C8000000000000000000D7
:1069D000A5A00500A5A00500A9A0050000000000D5
:1069E000000000000000000021A1050025A1050015
:1069F0005075626C696300005374617469630000D0
:106A000050726976617465205265736F6C7661624D
:106A10006C65000050726976617465204E6F6E205F
:106A20005265736F6C7661626C650000424C450084
:106A3000534F4300F0690700F8690700006A070038
:106A4000146A07000100000711000000D8ECF0F400
:106A5000F8FC0002030405060708000023D1BCEA85
:106A60005F782315DEEF12123015000023D1BCEA47
:106A70005F782315DEEF12123215000023D1BCEA35
:106A80005F782315DEEF12123115000023D1BCEA26
:106A90005F782315DEEF12123415000000000000AD
:106AA00000000000A5A00500A5A00500A5AE0500FA
:106AB000312E312E31330000416461667275697484
:106AC00020496E647573747269657300000000007C
:106AD00000000000A5A00500A5A0050001B005006C
:106AE0002F61646166727569742F626F6E645F7086
:106AF000727068002F61646166727569742F626FCD
:106B00006E645F636E7472002F6164616672756992
:106B1000742F626F6E645F707270682F2530325808
:106B200025303258253032582530325825303258E9
:106B300025303258000000002F616461667275696B
:106B4000742F626F6E645F636E74722F25303258DB
:106B500025303258253032582530325825303258B9
:106B60002530325800000000253032583A253032A6
:106B7000583A253032583A253032583A2530325872
:106B80003A2530325800000000000000003E5B4F04
:106B90005B3E3E6B4F6B3E1C3E7C3E1C183C7E3C7D
:106BA000181C577D571C1C5E7F5E1C00183C18008B
:106BB000FFE7C3E7FF0018241800FFE7DBE7FF301B
:106BC000483A060E2629792926407F050507407F89
:106BD00005253F5A3CE73C5A7F3E1C1C08081C1CFC
:106BE0003E7F14227F22145F5F005F5F06097F01F2
:106BF0007F006689956A606060606094A2FFA294DD
:106C000008047E040810207E201008082A1C0808AA
:106C10001C2A08081E101010100C1E0C1E0C3038F8
:106C20003E3830060E3E0E06000000000000005FF9
:106C300000000007000700147F147F14242A7F2A15
:106C400012231308646236495620500008070300D7
:106C5000001C2241000041221C002A1C7F1C2A0823
:106C6000083E080800807030000808080808000086
:106C700060600020100804023E5149453E00427FFA
:106C8000400072494949462141494D331814127F49
:106C90001027454545393C4A4949314121110907E9
:106CA0003649494936464949291E0000140000006A
:106CB000403400000008142241141414141400413C
:106CC00022140802015909063E415D594E7C1211F9
:106CD000127C7F494949363E414141227F41414131
:106CE0003E7F494949417F090909013E41415173AC
:106CF0007F0808087F00417F41002040413F017F1D
:106D0000081422417F404040407F021C027F7F04E4
:106D100008107F3E4141413E7F090909063E41512D
:106D2000215E7F09192946264949493203017F011D
:106D3000033F4040403F1F2040201F3F4038403F1E
:106D4000631408146303047804036159494D430034
:106D50007F4141410204081020004141417F04026B
:106D60000102044040404040000307080020545402
:106D700078407F28444438384444442838444428E0
:106D80007F385454541800087E090218A4A49C7833
:106D90007F0804047800447D40002040403D007F8F
:106DA0001028440000417F40007C047804787C086F
:106DB0000404783844444438FC1824241818242443
:106DC00018FC7C08040408485454542404043F4428
:106DD000243C4040207C1C2040201C3C4030403C57
:106DE00044281028444C9090907C4464544C4400B7
:106DF000083641000000770000004136080002011B
:106E00000204023C2623263C1EA1A161123A404006
:106E1000207A385454555921555579412254547883
:106E200042215554784020545579400C1E5272121C
:106E300039555555593954545459395554545800A5
:106E400000457C410002457D420001457C407D12A9
:106E500011127DF0282528F07C545545002054540B
:106E60007C547C0A097F4932494949323A444444B6
:106E70003A324A4848303A4141217A3A42402078F1
:106E8000009DA0A07D3D4242423D3D4040403D3CF2
:106E900024FF2424487E4943662B2FFC2F2BFF0917
:106EA00029F620C0887E090320545479410000440B
:106EB0007D413048484A32384040227A007A0A0AF6
:106EC000727D0D19317D2629292F28262929292669
:106ED00030484D4020380808080808080808382FAE
:106EE00010C8ACBA2F102834FA00007B0000081438
:106EF0002A142222142A14085500550055AA55AA0E
:106F000055AAFF55FF55FF000000FF00101010FFAD
:106F100000141414FF001010FF00FF1010F010F008
:106F2000141414FC001414F700FF0000FF00FF14F9
:106F300014F404FC141417101F10101F101F141445
:106F4000141F00101010F0000000001F101010108F
:106F50001F10101010F010000000FF101010101083
:106F600010101010FF10000000FF140000FF00FFC1
:106F700000001F10170000FC04F41414171017145D
:106F800014F404F40000FF00F7141414141414147F
:106F9000F700F7141414171410101F101F141414F2
:106FA000F4141010F010F000001F101F0000001F5C
:106FB00014000000FC140000F010F01010FF10FF8F
:106FC000141414FF141010101F00000000F010FF24
:106FD000FFFFFFFFF0F0F0F0F0FFFFFF0000000008
:106FE00000FFFF0F0F0F0F0F3844443844FC4A4A8C
:106FF0004A347E02020606027E027E026355494141
:10700000633844443C04407E201E2006027E020277
:1070100099A5E7A5991C2A492A1C4C7201724C308B
:107020004A4D4D303048784830BC625A463D3E4962
:107030004949007E0101017E2A2A2A2A2A44445F06
:10704000444440514A444040444A51400000FF01FA
:1070500003E080FF000008086B6B08361236243608
:10706000060F090F0600001818000000101000306D
:1070700040FF0101001F01011E00191D1712003CF5
:107080003C3C3C000000000000000000000000004C
:1070900085C405001D320600057302005942060032
:1070A000B9B90500BDB90500DDBC0500CDB90500C5
:1070B000E1B905002DBE0500B9B90500F9B9050013
:1070C000F5B90500B9BA050015BB050071BB05008F
:1070D00089BD050015BA050001BC050000000000CF
:1070E0000000000085C405001D3206000573020083
:1070F000E5C70500B9B90500BDB90500DDBC05004F
:10710000CDB90500E1B905002DBE0500B9B90500EE
:10711000F9B9050039C90500B9BA050015BB050064
:1071200071BB050089BD050015BA050001BC05004D
:1071300059420600000000000000000000000000AE
:107140000338FDD870470000000060000000000018
:10715000000000000000000000E00000000000004F
:107160000000000000000001E0000000000000003E
:1071700000000000000001F000000000000000001E
:10718000000000000003F00000000000000000000C
:107190000000000007F000000000000000000000F8
:1071A00000000007F80000000000000000000000E0
:1071B00000000FF800000003C0007E000001E000A6
:1071C0007F0FF800000003C000FE000001E000FF98
:1071D000EFF800000003C000FE000001E000FFFF28
:1071E000F800000003C000F00000000F007FFE7FE9
:1071F000C0000003C000F00000000F003FFE7FF859
:107200003FF1FBCFFCFEF3BC3DEFE01FFE7FFF7FB5
:10721000FBFFDFFEFEFFBC3DEFE01FC6FFFF7FFB75
:10722000FFDFFEFEFFBC3DEFE00FE3C7FE787BC350
:10723000DE1EF0FFBC3DEF0007FF87FC787BC3DE5E
:107240001EF0F83C3DEF0001FFFFF0007BC3C01EC5
:10725000F0F03C3DEF0001F37FE03FFBC3CFFEF0D9
:10726000F03C3DEF0003E33F807FFBC3DFFEF0F027
:107270003C3DEF0007E73C00787BC3DE1EF0F03CAE
:107280003DEF0007FFBE00787BC3DE1EF0F03C3D03
:10729000EF0007FFFE00787BC3DE1EF0F03C3DEF01
:1072A000000FFFFE007FFBFFDFFEF0F03FFDEFE091
:1072B0000FFFFF007FFBFFDFFEF0F03FFDEFE00F71
:1072C000F9FF003E79F9CF9EF0F01F3DE7E01FF196
:1072D000FF0000000000000000000000001F80FF11
:1072E000007FFFFFFFFFFFFFFFFFFFE01C007F00AD
:1072F0007FFFFFFFFEB46D888D18E000001F007F48
:10730000FFFFFFFE95AD7DB577E000000F007FFF2A
:10731000FFFFFEA5AD9D8D19E0000006007FFFFF79
:10732000FFFEB5ADEDB57EE00000000000000000FE
:1073300085C405001D32060005730200E5C705007F
:10734000B9B90500BDB90500DDBC0500CDB9050022
:10735000E1B905002DBE0500B9B90500F9B9050070
:1073600039C90500B9BA050015BB050071BB050098
:1073700089BD050015BA050001BC050011D1050045
:107380004DD0050061D00500AED580A83FD30040A8
:10739000AD8BA1C8DA1281FFD91FDB4033A62010C4
:1073A000A4000000000000000000000085C40500EB
:1073B0001D32060005730200E5C70500B9B90500D6
:1073C000BDB90500DDBC0500CDB90500E1B905007A
:1073D0002DBE0500B9B90500F9B9050039C9050088
:1073E000B9BA050015BB050071BB050089BD0500D4
:1073F00015BA050001BC050011D10500594206006F
:10740000594206000000000000000000E1D2050023
:10741000E5D2050000000000000000006DD6050068
:10742000E9D405000573020099D5050011D60500C1
:1074300029D50500DDD50500626C6F636B203C200B
:107440006C66732D3E6366672D3E626C6F636B5F87
:10745000636F756E740000002F686F6D652F727515
:107460006E6E65722F2E61726475696E6F31352F85
:107470007061636B616765732F53656565647569DA
:107480006E6F2F68617264776172652F6E726635F8
:10749000322F312E312E31332F6C69627261726955
:1074A00065732F41646166727569745F4C697474A9
:1074B0006C6546532F7372632F6C6974746C6566C8
:1074C000732F6C66732E630068656164203E3D20F7
:1074D000322026262068656164203C3D206C66735E
:1074E0002D3E6366672D3E626C6F636B5F636F75E5
:1074F0006E7400007063616368652D3E626C6F633B
:107500006B203D3D2030786666666666666666007E
:107510006E626C6F636B203E3D2032202626206E0B
:10752000626C6F636B203C3D206C66732D3E63661E
:10753000672D3E626C6F636B5F636F756E740000E6
:10754000656E7472792E642E74797065203D3D20CD
:107550004C46535F545950455F5245470000000068
:10756000726573006C66732D3E6366672D3E6C6FAB
:107570006F6B61686561642025203332203D3D20BA
:10758000300000006C66732D3E6366672D3E6C6FA5
:107590006F6B6168656164203E2030006C66732DFE
:1075A0003E6366672D3E70726F675F73697A652010
:1075B00025206C66732D3E6366672D3E726561649F
:1075C0005F73697A65203D3D203000006C66732D45
:1075D0003E6366672D3E626C6F636B5F73697A65AD
:1075E0002025206C66732D3E6366672D3E70726F9A
:1075F000675F73697A65203D3D203000342A6C66F0
:10760000735F6E7077322830786666666666666687
:1076100066202F20286C66732D3E6366672D3E62C0
:107620006C6F636B5F73697A652D322A3429292068
:107630003C3D206C66732D3E6366672D3E626C6F29
:10764000636B5F73697A65006C6974746C656673EB
:10765000000000006C66735F63616368655F72655C
:10766000616400006C66735F63616368655F70727C
:107670006F6700006C66735F63747A5F66696E643F
:10768000000000006C66735F63747A5F65787465F0
:107690006E6400006C66735F66696C655F73796E1B
:1076A000630000006C66735F72656D6F7665000045
:1076B0006C66735F696E6974000000000000000072
:1076C0006410B71DC8206E3BAC30D9269041DC76E3
:1076D000F4516B6B5861B24D3C7105502083B8ED8D
:1076E00044930FF0E8A3D6D68CB361CBB0C2649BB1
:1076F000D4D2D38678E20AA01CF2BDBD00000000FF
:1077000000000000612D0600752D0600020000003B
:10771000030000001C0000001D0000000400000029
:10772000050000002B0000002C0000002D000000D0
:107730002E0000002F0000001A00000006000000CC
:107740001E0000000E000000280000001B000000CA
:10775000070000000B0000002A00000020000000CD
:10776000100000000D0000001100000015000000D6
:1077700019000000140000001800000016000000AE
:1077800017000000090000000A0000001F000000B0
:10779000252E2A6600000000000000000000000006
:1077A0004D3A0600953A060005730200093A0600B4
:1077B000193A0600113A0600213A0600ED3A060091
:1077C000ED3C0600753906006D3906002525256457
:1077D0002E25646600000000546D72510000000008
:1077E000546D7220537663006C6F6F700000000060
:1077F00043616C6C6261636B0000000073256C7503
:1078000020256C752E256C752E256C7500000000EA
:107810002530386C582530386C5800004661696C4A
:1078200020746F2061637175697265206D75746570
:10783000780A00004661696C20746F2072656C657F
:10784000617365206D757465780A00004661696C26
:1078500020746F20696E63726561736520504D20DE
:10786000636F756E7465720A000000004661696C92
:1078700020746F20646563726561736520504D20CC
:10788000636F756E7465720A0000000000010203E8
:107890000405060708090A0B0C0D0E0F1011121330
:1078A0001415161718191A1B1C1D1E1FC6A13B37CD
:1078B000878F5B826F4F8162A1C8D8799503E3A25D
:1078C000245A2BE43C9874EDFE1BED9EF29000B61A
:1078D0002A499FD0A9F39A6ADD2E77809DBA41A7E5
:1078E00077F3B46A37B7AAAE49D6DF8D2F7A3C60FA
:1078F0000708D124ACD3C5DE3B65844700000000F7
:10790000010000000300000002000000FFFFFFFF75
:10791000070000004661696C20746F206765742061
:1079200054524E4720636861726163746572697A6C
:107930006174696F6E20706172616D6574657273D8
:10794000200A00004661696C20746F2063726561D3
:1079500074652053594D206D757465780A000000D8
:107960004661696C20746F206372656174652041A3
:1079700053594D206D757465780A00004661696C35
:10798000656420746F2063726561746520506F7741
:107990006572206D757465780A0000004661696C37
:1079A00020746F206372656174652047656E56654B
:1079B00063206D757465780A0000000043616E27CE
:1079C0007420696E697469616C697A65206D75747B
:1079D00065782C20776173204E554C4C0D0A0000C1
:1079E00043616E2774206C6F636B206D75746578CE
:1079F0002C20776173204E554C4C0D0A000000007E
:107A000043616E277420756E6C6F636B206D7574A7
:107A100065782C20776173204E554C4C0D0A000080
:107A2000536153695F48616C57616974496E74654D
:107A300072727570742063616E742077616974204E
:107A4000666F72206E6F7468696E670A00000000CE
:107A5000000102030405060708090A0B0C0D0E0FAE
:107A6000101112131415161718191A1B1C1D1E1F9E
:107A7000DDC00600E5C00600EDC00600F5C006004A
:107A8000FDC0060005C106000DC1060015C10600B7
:107A90001DC1060025C106002DC106000000000022
:107AA00073ACFFFFFEFFFFFFFFFFFFFFFFFFFFFFC6
:107AB000FFFFFFFF000000000000000000000000CA
:107AC00000000000000000000000000000000000B6
:107AD00000000000000000000000000000000000A6
:107AE0000000000000000000000000000000000096
:107AF0000000000000000000000000000000000086
:107B00000000000000000000000000000000000075
:107B10000000000000000000000000000000000065
:107B20000000000000000000000000000000000055
:107B3000070000000000000000000000000000003E
:107B40000000000000000000000000000000000035
:107B50000000000000000000000000000000000025
:107B60000000000000000000000000000000000015
:107B70000000000000000000B3B616CA9AABDF1682
:107B8000FAB8010000000000000000000100000041
:107B900000000000000000000000000000000000E5
:107BA00000000000000000000000000000000000D5
:107BB00000000000000000000000000000000000C5
:107BC00000000000BB7E4DDDF5F43630769E01A44A
:107BD00092A17AE32C384C3B00000000000000002A
:107BE0000000000000000000000000000000000095
:107BF0000000000000000000000000000000000085
:107C0000000000000000000000000000EE4F3CF00B
:107C1000C33317538682C26BEDDC8F3135F98C93F9
:107C20000000000000000000000000000000000054
:107C30000000000000000000000000000000000044
:107C40000000000000000000000000000000000034
:107C50000000000001000000000000000000000023
:107C6000800000000000000000000000FFFFFFFF98
:107C7000FFFFFFFFFF000000000000000000000009
:107C800000000000000000000000000000000000F4
:107C900000000000000000000000000000000000E4
:107CA00000000000000000000000000000000000D4
:107CB00000000000000000000000000000000000C4
:107CC00000000000000000000000000000000000B4
:107CD00000000000000000000000000000000000A4
:107CE0000000000000000000000000000000000094
:107CF0000000000000000000000000000000000084
:107D00000000000000000000000000000000000073
:107D10000000000000000000000000000000000063
:107D20000000000000000000000000000000000053
:107D30000000000000000000000000000000000043
:107D40000000000000000000000000000000000033
:107D50000000000000000000A0000000A1000000E2
:107D60000500000000000000534543475F505249A2
:107D70004D455F3136304B3100000000FFFFFF7F83
:107D8000FFFFFFFFFFFFFFFFFFFFFFFFFFFFFFFF03
:107D900000000000000000000000000000000000E3
:107DA00000000000000000000000000000000000D3
:107DB00000000000000000000000000000000000C3
:107DC00000000000FCFFFF7FFFFFFFFFFFFFFFFF42
:107DD000FFFFFFFFFFFFFFFF0000000000000000AB
:107DE0000000000000000000000000000000000093
:107DF0000000000000000000000000000000000083
:107E000000000000000000000000000045FA65C509
:107E1000ADD4D4819FF8AC658B7ABD54FCBE971C61
:107E20000000000000000000000000000000000052
:107E30000000000000000000000000000000000042
:107E40000000000000000000000000000000000032
:107E500000000000572275CAD3AE27F9C8F401000C
:107E60000000000000000000010000000000000011
:107E70000000000000000000000000000000000002
:107E800000000000000000000000000000000000F2
:107E900000000000000000000000000000000000E2
:107EA00082FCCB13B98BC368896964462873F58E4D
:107EB00068B5964A000000000000000000000000C5
:107EC00000000000000000000000000000000000B2
:107ED00000000000000000000000000000000000A2
:107EE000000000000000000032FBC57A3751230477
:107EF00012C9DC597D9468315528A6230000000082
:107F00000000000000000000000000000000000071
:107F10000000000000000000000000000000000061
:107F20000000000000000000000000000000000051
:107F300001000000000000000000000080000000C0
:107F40000000000000000000FFFFFFFFFFFFFFFF39
:107F5000FF00000000000000000000000000000022
:107F60000000000000000000000000000000000011
:107F70000000000000000000000000000000000001
:107F800000000000000000000000000000000000F1
:107F900000000000000000000000000000000000E1
:107FA00000000000000000000000000000000000D1
:107FB00000000000000000000000000000000000C1
:107FC00000000000000000000000000000000000B1
:107FD00000000000000000000000000000000000A1
:107FE0000000000000000000000000000000000091
:107FF0000000000000000000000000000000000081
:108000000000000000000000000000000000000070
:108010000000000000000000000000000000000060
:108020000000000000000000000000000000000050
:1080300000000000A0000000A100000005000000FA
:1080400001000000534543475F5052494D455F31A1
:10805000363052310000000073ACFFFFFEFFFFFF1F
:10806000FFFFFFFFFFFFFFFFFFFFFFFF000000001C
:108070000000000000000000000000000000000000
:1080800000000000000000000000000000000000F0
:1080900000000000000000000000000000000000E0
:1080A00070ACFFFFFEFFFFFFFFFFFFFFFFFFFFFFC3
:1080B000FFFFFFFF000000000000000000000000C4
:1080C00000000000000000000000000000000000B0
:1080D00000000000000000000000000000000000A0
:1080E0000000000000000000BA8803F55A4D660445
:1080F000492757AB8BEB59FBD334E1B400000000A8
:10810000000000000000000000000000000000006F
:10811000000000000000000000000000000000005F
:10812000000000000000000000000000000000004F
:108130006BA1A1F318A886E71E350000000000001F
:10814000000000000100000000000000000000002E
:10815000000000000000000000000000000000001F
:10816000000000000000000000000000000000000F
:108170000000000000000000000000006DCE44314F
:108180009D19F7301BF14F1F7E113A2934B0DC5294
:1081900000000000000000000000000000000000DF
:1081A00000000000000000000000000000000000CF
:1081B00000000000000000000000000000000000BF
:1081C000000000002E3FD4A7FE2C98F90DFA71E0B4
:1081D00096F231E3F2FEAFFE000000000000000066
:1081E000000000000000000000000000000000008F
:1081F000000000000000000000000000000000007F
:10820000000000000000000000000000010000006D
:1082100000000000000000008000000000000000DE
:1082200000000000FFFFFFFFFFFFFFFFFF00000057
:10823000000000000000000000000000000000003E
:10824000000000000000000000000000000000002E
:10825000000000000000000000000000000000001E
:10826000000000000000000000000000000000000E
:1082700000000000000000000000000000000000FE
:1082800000000000000000000000000000000000EE
:1082900000000000000000000000000000000000DE
:1082A00000000000000000000000000000000000CE
:1082B00000000000000000000000000000000000BE
:1082C00000000000000000000000000000000000AE
:1082D000000000000000000000000000000000009E
:1082E000000000000000000000000000000000008E
:1082F000000000000000000000000000000000007E
:10830000000000000000000000000000000000006D
:10831000A0000000A1000000050000000200000015
:10832000534543475F5052494D455F3136305232D5
:108330000000000037EEFFFFFEFFFFFFFFFFFFFF23
:10834000FFFFFFFFFFFFFFFFFFFFFFFF0000000039
:10835000000000000000000000000000000000001D
:10836000000000000000000000000000000000000D
:1083700000000000000000000000000000000000FD
:1083800000000000000000000000000000000000ED
:1083900000000000000000000000000000000000DD
:1083A00000000000000000000000000000000000CD
:1083B00000000000000000000000000000000000BD
:1083C00000000000030000000000000000000000AA
:1083D000000000000000000000000000000000009D
:1083E000000000000000000000000000000000008D
:1083F000000000000000000000000000000000007D
:108400000000000000000000000000008DFDDE7490
:108410006A46690F17FCF226FEFFFFFFFFFFFFFF12
:10842000FFFFFFFF00000000000000000000000050
:10843000000000000000000000000000000000003C
:10844000000000000000000000000000000000002C
:1084500000000000000000007D6CE0EAB1D1A51D25
:1084600034F4B780027DB026AEE957C00EF14FDB81
:1084700000000000000000000000000000000000FC
:1084800000000000000000000000000000000000EC
:1084900000000000000000000000000000000000DC
:1084A0009D2F5ED988AA82403486BE15D063418450
:1084B000A728569C6D2F2F9B000000000000000095
:1084C00000000000000000000000000000000000AC
:1084D000000000000000000000000000000000009C
:1084E000000000000000000001000000000000008B
:1084F00000000000800000000000000000000000FC
:1085000000000000000000008000000000000000EB
:10851000000000000000000000000000000000005B
:10852000000000000000000000000000000000004B
:10853000000000000000000000000000000000003B
:10854000000000000000000000000000000000002B
:10855000000000000000000000000000000000001B
:10856000000000000000000000000000000000000B
:1085700000000000000000000000000000000000FB
:1085800000000000000000000000000000000000EB
:1085900000000000000000000000000000000000DB
:1085A00000000000000000000000000000000000CB
:1085B00000000000000000000000000000000000BB
:1085C00000000000000000000000000000000000AB
:1085D000000000000000000000000000000000009B
:1085E000000000000000000000000000C0000000CB
:1085F000C000000005000000030000005345434791
:108600005F5052494D455F3139324B310000000017
:10861000FFFFFFFFFFFFFFFFFEFFFFFFFFFFFFFF6B
:10862000FFFFFFFFFFFFFFFF000000000000000052
:10863000000000000000000000000000000000003A
:10864000000000000000000000000000000000002A
:108650000000000000000000FCFFFFFFFFFFFFFF25
:10866000FEFFFFFFFFFFFFFFFFFFFFFFFFFFFFFF1B
:1086700000000000000000000000000000000000FA
:1086800000000000000000000000000000000000EA
:1086900000000000000000000000000000000000DA
:1086A000B1B946C1ECDEB8FE49302472ABE9A70F80
:1086B000E7809CE51905216400000000000000002F
:1086C00000000000000000000000000000000000AA
:1086D000000000000000000000000000000000009A
:1086E00000000000000000003128D2B4B1C96B14B2
:1086F00036F8DE99FFFFFFFFFFFFFFFFFFFFFFFFE1
:108700000000000000000000000000000000000069
:108710000000000000000000000000000000000059
:108720000000000000000000000000000000000049
:10873000000000001210FF82FD0AFFF40088A14330
:10874000EB20BF7CF69030B00EA88D180000000022
:108750000000000000000000000000000000000019
:108760000000000000000000000000000000000009
:108770000000000000000000000000001148791E09
:10878000A177F973D5CD246BED11106378DAC8FFAA
:10879000952B1907000000000000000000000000F9
:1087A00000000000000000000000000000000000C9
:1087B00000000000000000000000000000000000B9
:1087C00000000000010000000000000000000000A8
:1087D0008000000000000000000000000000000019
:1087E0000000000080000000000000000000000009
:1087F0000000000000000000000000000000000079
:108800000000000000000000000000000000000068
:108810000000000000000000000000000000000058
:108820000000000000000000000000000000000048
:108830000000000000000000000000000000000038
:108840000000000000000000000000000000000028
:108850000000000000000000000000000000000018
:108860000000000000000000000000000000000008
:1088700000000000000000000000000000000000F8
:1088800000000000000000000000000000000000E8
:1088900000000000000000000000000000000000D8
:1088A00000000000000000000000000000000000C8
:1088B00000000000000000000000000000000000B8
:1088C0000000000000000000C0000000C000000028
:1088D0000500000004000000534543475F50524923
:1088E0004D455F3139325231000000006DE5FFFF28
:1088F000FEFFFFFFFFFFFFFFFFFFFFFFFFFFFFFF89
:10890000FFFFFFFFFFFFFFFF00000000000000006F
:108910000000000000000000000000000000000057
:108920000000000000000000000000000000000047
:108930000000000000000000000000000000000037
:108940000000000000000000000000000000000027
:108950000000000000000000000000000000000017
:108960000000000000000000000000000000000007
:1089700000000000000000000000000005000000F2
:1089800000000000000000000000000000000000E7
:1089900000000000000000000000000000000000D7
:1089A00000000000000000000000000000000000C7
:1089B00000000000000000000000000000000000B7
:1089C00000000000F7B19F7671A9F0CA8461ECD273
:1089D000E8DC0100000000000000000000000000D2
:1089E0000100000000000000000000000000000086
:1089F0000000000000000000000000000000000077
:108A00000000000000000000000000000000000066
:108A10005CA4B7B60E657E0FA97570E4E967A4691A
:108A2000A128FC30DF99F04D335B45A10000000028
:108A30000000000000000000000000000000000036
:108A40000000000000000000000000000000000026
:108A50000000000000000000A5616D55DB4BCAE27C
:108A600059BDB0C0F719E3F7D6FBCA824234BA7FCA
:108A7000ED9F087E000000000000000000000000E4
:108A800000000000000000000000000000000000E6
:108A900000000000000000000000000000000000D6
:108AA0000100000000000000000000008000000045
:108AB0000000000000000000FFFFFFFFFFFFFFFFBE
:108AC000FF000000000000000000000000000000A7
:108AD0000000000000000000000000000000000096
:108AE0000000000000000000000000000000000086
:108AF0000000000000000000000000000000000076
:108B00000000000000000000000000000000000065
:108B10000000000000000000000000000000000055
:108B20000000000000000000000000000000000045
:108B30000000000000000000000000000000000035
:108B40000000000000000000000000000000000025
:108B50000000000000000000000000000000000015
:108B60000000000000000000000000000000000005
:108B700000000000000000000000000000000000F5
:108B800000000000000000000000000000000000E5
:108B900000000000000000000000000000000000D5
:108BA00000000000E0000000E100000005000000FF
:108BB00005000000534543475F5052494D455F3221
:108BC00032344B31000000000100000000000000C2
:108BD00000000000FFFFFFFFFFFFFFFFFFFFFFFFA1
:108BE000FFFFFFFF00000000000000000000000089
:108BF0000000000000000000000000000000000075
:108C00000000000000000000000000000000000064
:108C1000FEFFFFFFFFFFFFFFFFFFFFFFFEFFFFFF66
:108C2000FFFFFFFFFFFFFFFFFFFFFFFF0000000050
:108C30000000000000000000000000000000000034
:108C40000000000000000000000000000000000024
:108C50000000000000000000B4FF552343390B273B
:108C6000BAD8BFD7B7B04450563241F5ABB3040CB5
:108C7000850A05B4000000000000000000000000AC
:108C800000000000000000000000000000000000E4
:108C900000000000000000000000000000000000D4
:108CA0003D2A5C5C4529DD133EF0B8E0A216FFFFCB
:108CB000FFFFFFFFFFFFFFFFFFFFFFFF00000000C0
:108CC00000000000000000000000000000000000A4
:108CD0000000000000000000000000000000000094
:108CE000000000000000000000000000211D5C11D9
:108CF000D68032342211C256D3C1034AB9901332FE
:108D00007FBFB46BBD0C0EB7000000000000000078
:108D10000000000000000000000000000000000053
:108D20000000000000000000000000000000000043
:108D300000000000347E00859981D5446447075ABD
:108D4000A07543CDE6DF224CFB23F7B5886337BD22
:108D50000000000000000000000000000000000013
:108D60000000000000000000000000000000000003
:108D700000000000000000000000000001000000F2
:108D80000000000000000000800000000000000063
:108D90000000000000000000000000008000000053
:108DA00000000000000000000000000000000000C3
:108DB00000000000000000000000000000000000B3
:108DC00000000000000000000000000000000000A3
:108DD0000000000000000000000000000000000093
:108DE0000000000000000000000000000000000083
:108DF0000000000000000000000000000000000073
:108E00000000000000000000000000000000000062
:108E10000000000000000000000000000000000052
:108E20000000000000000000000000000000000042
:108E30000000000000000000000000000000000032
:108E40000000000000000000000000000000000022
:108E50000000000000000000000000000000000012
:108E60000000000000000000000000000000000002
:108E700000000000000000000000000000000000F2
:108E8000E0000000E0000000050000000600000017
:108E9000534543475F5052494D455F32323452315A
:108EA000000000002FFCFFFFFEFFFFFFFFFFFFFFA2
:108EB000FFFFFFFFFFFFFFFFFFFFFFFFFFFFFFFFC2
:108EC000FFFFFFFF000000000000000000000000A6
:108ED0000000000000000000000000000000000092
:108EE0000000000000000000000000000000000082
:108EF0000000000000000000000000000000000072
:108F00000000000000000000000000000000000061
:108F10000000000000000000000000000000000051
:108F20000000000000000000000000000000000041
:108F3000000000000700000000000000000000002A
:108F40000000000000000000000000000000000021
:108F50000000000000000000000000000000000011
:108F60000000000000000000000000000000000001
:108F7000000000000000000000000000414136D069
:108F80008C5ED2BF3BA048AFE6DCAEBAFEFFFFFF6F
:108F9000FFFFFFFFFFFFFFFFFFFFFFFF00000000DD
:108FA00000000000000000000000000000000000C1
:108FB00000000000000000000000000000000000B1
:108FC00000000000000000009817F8165B81F259BD
:108FD000D928CE2DDBFC9B02070B87CE9562A055CE
:108FE000ACBBDCF97E66BE7900000000000000002A
:108FF0000000000000000000000000000000000071
:109000000000000000000000000000000000000060
:10901000B8D410FB8FD0479C195485A648B417FDCF
:10902000A808110EFCFBA45D65C4A32677DA3A48B4
:109030000000000000000000000000000000000030
:109040000000000000000000000000000000000020
:10905000000000000000000001000000000000000F
:109060000000000080000000000000000000000080
:109070000000000000000000800000000000000070
:1090800000000000000000000000000000000000E0
:1090900000000000000000000000000000000000D0
:1090A00000000000000000000000000000000000C0
:1090B00000000000000000000000000000000000B0
:1090C00000000000000000000000000000000000A0
:1090D0000000000000000000000000000000000090
:1090E0000000000000000000000000000000000080
:1090F0000000000000000000000000000000000070
:10910000000000000000000000000000000000005F
:10911000000000000000000000000000000000004F
:10912000000000000000000000000000000000003F
:10913000000000000000000000000000000000002F
:10914000000000000000000000000000000000001F
:10915000000000000000000000000000000100000E
:1091600000010000050000000700000053454347D0
:109170005F5052494D455F3235364B31000000009B
:10918000FFFFFFFFFFFFFFFFFFFFFFFF00000000EB
:10919000000000000000000001000000FFFFFFFFD2
:1091A00000000000000000000000000000000000BF
:1091B00000000000000000000000000000000000AF
:1091C0000000000000000000FCFFFFFFFFFFFFFFAA
:1091D000FFFFFFFF00000000000000000000000093
:1091E00001000000FFFFFFFF000000000000000082
:1091F000000000000000000000000000000000006F
:10920000000000000000000000000000000000005E
:109210004B60D2273E3CCE3BF6B053CCB0061D652A
:10922000BC86987655BDEBB3E7933AAAD835C65AB3
:10923000000000000000000000000000000000002E
:10924000000000000000000000000000000000001E
:109250000000000000000000512563FCC2CAB9F301
:10926000849E17A7ADFAE6BCFFFFFFFFFFFFFFFFDD
:1092700000000000FFFFFFFF0000000000000000F2
:1092800000000000000000000000000000000000DE
:1092900000000000000000000000000000000000CE
:1092A0000000000096C298D84539A1F4A033EB2DF8
:1092B000817D0377F240A463E5E6BCF847422CE1E8
:1092C000F2D1176B00000000000000000000000059
:1092D000000000000000000000000000000000008E
:1092E000000000000000000000000000F551BF3742
:1092F0006840B6CBCE5E316B5733CE2B169E0F7CBB
:109300004AEBE78E9B7F1AFEE242E34F000000002B
:10931000000000000000000000000000000000004D
:10932000000000000000000000000000000000003D
:109330000000000001000000FFFFFFFF7F000000B1
:10934000800000000000000000000000FFFFFFFFA1
:109350007F0000008000000000000000000000000E
:1093600000000000000000000000000000000000FD
:1093700000000000000000000000000000000000ED
:1093800000000000000000000000000000000000DD
:1093900000000000000000000000000000000000CD
:1093A00000000000000000000000000000000000BD
:1093B00000000000000000000000000000000000AD
:1093C000000000000000000000000000000000009D
:1093D000000000000000000000000000000000008D
:1093E000000000000000000000000000000000007D
:1093F000000000000000000000000000000000006D
:10940000000000000000000000000000000000005C
:10941000000000000000000000000000000000004C
:10942000000000000000000000000000000000003C
:10943000000000000000000000010000000100002A
:109440000500000008000000534543475F505249A3
:109450004D455F323536523100000000FFFFFFFFFF
:109460000000000000000000FFFFFFFFFEFFFFFF05
:10947000FFFFFFFFFFFFFFFFFFFFFFFFFFFFFFFFFC
:10948000FFFFFFFFFFFFFFFFFFFFFFFF00000000E8
:1094900000000000000000000000000000000000CC
:1094A00000000000FCFFFFFF0000000000000000C3
:1094B000FFFFFFFFFEFFFFFFFFFFFFFFFFFFFFFFBD
:1094C000FFFFFFFFFFFFFFFFFFFFFFFFFFFFFFFFAC
:1094D000FFFFFFFF00000000000000000000000090
:1094E000000000000000000000000000EF2AECD3A4
:1094F000EDC8852A9DD12E8A8D3956C65A871350BC
:109500008F081403124181FE6E9C1D18192DF8E37B
:109510006B058E98E4E73EE2A72F31B30000000010
:10952000000000000000000000000000000000003B
:10953000000000007329C5CC6A19ECEC7AA7B0488A
:10954000B20D1A58DF2D37F4814D63C7FFFFFFFFBF
:10955000FFFFFFFFFFFFFFFFFFFFFFFFFFFFFFFF1B
:10956000FFFFFFFF000000000000000000000000FF
:1095700000000000000000000000000000000000EB
:10958000B70A7672385E543A6C2955BF5DF20255BF
:10959000382A5482E041F759989BA78B623B1D6E95
:1095A00074AD20F31EC7B18E37058BBE22CA87AAC1
:1095B00000000000000000000000000000000000AB
:1095C00000000000000000005F0EEA907C1D437A5E
:1095D0009D817E1DCEB1600AC0B8F0B51331DAE9C5
:1095E0007C149A28BD1DF4F829DC9292BF989E5DE8
:1095F0006F2C26964ADE173600000000000000009F
:10960000000000000000000000000000000000005A
:1096100001000000000000000000000080000000C9
:10962000000000000000000000000000000000003A
:1096300080000000000000000000000000000000AA
:10964000000000000000000000000000000000001A
:10965000000000000000000000000000000000000A
:1096600000000000000000000000000000000000FA
:1096700000000000000000000000000000000000EA
:1096800000000000000000000000000000000000DA
:1096900000000000000000000000000000000000CA
:1096A00000000000000000000000000000000000BA
:1096B00000000000000000000000000000000000AA
:1096C000000000000000000000000000000000009A
:1096D000000000000000000000000000000000008A
:1096E000000000000000000000000000000000007A
:1096F000000000000000000000000000000000006A
:109700000000000000000000000000000000000059
:109710000000000080010000800100000500000042
:1097200009000000534543475F5052494D455F33A0
:109730003834523100000000FFFFFFFFFFFFFFFF42
:10974000FFFFFFFFFFFFFFFFFFFFFFFFFFFFFFFF29
:10975000FFFFFFFFFFFFFFFFFFFFFFFFFFFFFFFF19
:10976000FFFFFFFFFFFFFFFFFFFFFFFFFFFFFFFF09
:10977000FFFFFFFFFFFFFFFFFF01000000000000F1
:10978000FCFFFFFFFFFFFFFFFFFFFFFFFFFFFFFFEC
:10979000FFFFFFFFFFFFFFFFFFFFFFFFFFFFFFFFD9
:1097A000FFFFFFFFFFFFFFFFFFFFFFFFFFFFFFFFC9
:1097B000FFFFFFFFFFFFFFFFFFFFFFFFFFFFFFFFB9
:1097C000FF01000000000000003F506BD41F45EF78
:1097D000F1342C3D88DF733507BFB13BBDC0521655
:1097E0007B937EEC51391956E109F18E9189B4B819
:1097F000F315B3995B72DAA2EE4085B6A0219A9276
:109800001F9A1C8E61B93E955100000000000000B7
:10981000096438911EB76FBBAE479C89B8C9B53B88
:10982000D0A509F74801CC7F6B962FBF838786515F
:10983000FAFFFFFFFFFFFFFFFFFFFFFFFFFFFFFF3D
:10984000FFFFFFFFFFFFFFFFFFFFFFFFFFFFFFFF28
:10985000FF010000000000000000000066BDE5C23E
:10986000317E7EF99B426A85C1B34833DEA8FFA2F0
:1098700027C11DFE2859E7EF775E4BA1BA3D4D6B1E
:1098800060AF28F821B53F053981649C42B4952327
:1098900066CB3E9ECDE90404B7068E85C600000067
:1098A000000000005066D19F7694BE8840C272A22C
:1098B00086703C356107AD3F01B950C54026F45E66
:1098C0009972EE972C663E2717BDAF1768449B57D9
:1098D0004944F598D91B7D2CB45F8A5C04C03B9A3F
:1098E000786A29391801000000000000010000001A
:1098F00000000000000000008000000000000000E8
:1099000000000000000000000000000080000000D7
:109910000000000000000000000000000000000047
:109920000000000000000000000000000000000037
:109930000000000000000000000000000000000027
:109940000000000000000000000000000000000017
:109950000000000000000000000000000000000007
:1099600000000000000000000000000000000000F7
:1099700000000000000000000000000000000000E7
:1099800000000000000000000000000000000000D7
:1099900000000000000000000000000000000000C7
:1099A00000000000000000000000000000000000B7
:1099B00000000000000000000000000000000000A7
:1099C0000000000000000000000000000000000097
:1099D0000000000000000000000000000000000087
:1099E0000000000000000000000000000000000077
:1099F0000902000009020000050000000A00000042
:109A0000534543475F5052494D455F3532315231DE
:109A1000000000007371727400000000000000007C
:109A2000182D4454FB21E9BFD221337F7CD9024059
:109A3000D221337F7CD902C00000000000000080EA
:109A4000182D4454FB210940182D4454FB2109C012
:109A5000FB21F93FFB2109407CD91240FB21194031
:109A60007A6A1F407CD92240BBFD2540FB2129405A
:109A70003A462C407A6A2F405C4731407CD93240CC
:109A80009C6B3440BBFD3540DB8F3740FB213940B8
:109A90001BB43A403A463C405AD83D407A6A3F406F
:109AA0004C7E40405C4741406C1042407CD9424073
:109AB0008CA243409C6B4440AC344540BBFD4540C8
:109AC000CBC64640DB8F4740EB584840FB2149401E
:109AD00083F9A200444E6E00FC291500D1572700DF
:109AE000DD34F50062DBC0003C99950041904300F5
:109AF0006351FE00BBDEAB00B761C5003A6E2400C7
:109B0000D24D42004906E00009EA2E001C92D10025
:109B1000EB1DFE0029B11C00E83EA700F5358200D0
:109B200044BB2E009CE98400B4267000417E5F0097
:109B3000D6913900538339009CF439008B5F84003F
:109B400028F9BD00F81F3B00DEFF97000F980500C5
:109B5000112FEF000A5A8B006D1F6D00CF7E36006B
:109B600009CB2700464FB7009E663F002DEA5F00F5
:109B7000BA277500E5EBC7003D7BF100F739070018
:109B800092528A00FB6BEA001FB15F00085D8D00F6
:109B9000300356007BFC4600F0AB6B0020BCCF00CE
:109BA00036F49A00E3A91D005E619100081BE600EF
:109BB00085996500A0145F008D40680080D8FF0083
:109BC00027734D0006063100CA561500C9A8730058
:109BD0007BE260006B8CC00000000040FB21F93F7D
:109BE000000000002D44743E000000809846F83CC0
:109BF0000000006051CC783B00000080831BF039EE
:109C00000000004020257A38000000802282E336E0
:109C1000000000001DF36935020000000300000091
:109C200004000000060000004FBB610567ACDD3F8B
:109C3000182D4454FB21E93F9BF681D20B73EF3F73
:109C4000182D4454FB21F93FE2652F227F2B7A3CEB
:109C5000075C143326A6813CBDCBF07A8807703CA4
:109C6000075C143326A6913C2C2066756E637469DC
:109C70006F6E3A2000617373657274696F6E202293
:109C8000257322206661696C65643A2066696C659B
:109C900020222573222C206C696E65202564257393
:109CA00025730A0038640020232D302B2000686CB7
:109CB0004C0065666745464700494E4600696E663A
:109CC000004E414E006E616E003000303132333450
:109CD0003536373839414243444546003031323316
:109CE00034353637383961626364656600000000D8
:109CF00035000000CEFBFFFFCB0300000100000099
:109D00000000000034000000CEFBFFFFCB0300008A
:109D10000100000000000000BC89D897B2D29C3C32
:109D200033A7A8D523F649393DA7F444FD0FA53242
:109D30009D978CCF08BA5B25436FAC6428066811E9
:109D4000002020202020202020202828282828200B
:109D50002020202020202020202020202020202003
:109D6000208810101010101010101010101010106B
:109D7000100404040404040404040410101010105B
:109D80001010414141414141010101010101010125
:109D90000101010101010101010101011010101077
:109DA00010104242424242420202020202020202F7
:109DB000020202020202020202020202101010104B
:109DC0002000000000000000000000000000000073
:109DD0000000000000000000000000000000000083
:109DE0000000000000000000000000000000000073
:109DF0000000000000000000000000000000000063
:109E00000000000000000000000000000000000052
:109E10000000000000000000000000000000000042
:109E20000000000000000000000000000000000032
:109E30000000000000000000000000000000000022
:109E400000496E66696E697479004E614E000000CB
:109E50000000000000000000000000000000000002
:109E600000000000000000000000000000000000F2
:109E700000000000000000000000000000000000E2
:109E800000000000000000000000000000000000D2
:109E900000000000000000000000000000000000C2
:109EA00000000000000000000000000000000000B2
:109EB0002E000000B09E0700A39C070098640020BD
:109EC0004300504F534958000080E03779C3414365
:109ED000176E05B5B5B89346F5F93FE9034F384D10
:109EE000321D30F94877825A3CBF737FDD4F1575BC
:109EF000000000000000F03F0000000000002440CF
:109F000000000000000059400000000000408F40A9
:109F1000000000000088C34000000000006AF84014
:109F20000000000080842E4100000000D012634138
:109F30000000000084D797410000000065CDCD41AE
:109F4000000000205FA00242000000E8764837428F
:109F5000000000A2941A6D42000040E59C30A2422D
:109F60000000901EC4BCD64200003426F56B0C43A2
:109F70000080E03779C3414300A0D8855734764349
:109F800000C84E676DC1AB43003D9160E458E143AA
:109F9000408CB5781DAF154450EFE2D6E41A4B441F
:109FA00092D54D06CFF08044F64AE1C7022DB54464
:109FB000B49DD9794378EA440500000019000000F7
:089FC0007D000000000000001C
:089FC80088D2FA7F01000000BD
:109FD000000000008600264D264A274B06F51C3659
:109FE0000224B6F51C3F80B4C5F80036C2F804451B
:109FF0000ED91C464FF41C31C2F80815D2F80034B3
:10A00000002BFBD001F58051B142C5F80046F3D3D7
:10A01000184A0123C2F80435B0B1154E164D4FF45D
:10A020000E240021A4F5CE2327681F60D2F8003447
:10A03000002BFBD0C1F309030BB9C6F80056013160
:10A04000884204F10404EDD10A494FF08042002314
:10A05000C1F80435C2F81C35BFF34F8F0749084BD0
:10A06000CA6802F4E0621343CB60BFF34F8FFEE790
:10A070000000014000E001403546526E00ED00E076
:10A080000400FA05804D0700FFFFFFFF00000000FD
:10A0900000401C46FFFF00000000803FB80B00009E
:10A0A00001000000C8000000881300001700000035
:10A0B000EC600020F8600020046100200000000037
:10A0C000000100000000000000000000000100008E
:10A0D000000000000000000000010000000000007F
:10A0E00041414141414100000000000100000000E9
:10A0F0000000000000000000000000000000000060
:10A10000000000000000000000000000000000004F
:10A11000000000000000000000000000000000003F
:10A12000000000000000000000000000000000002F
:10A13000000000000000000000000000000000001F
:10A14000000000000000000000000000000000000F
:10A1500000000000000000000000000000000000FF
:10A1600000000000000000000000000000000000EF
:10A1700000000000000000000000000000000000DF
:10A1800000000000000000000000000000000000CF
:10A1900000000000000000000000000000000000BF
:10A1A00000000000000000000000000000000000AF
:10A1B000000000000000000000000000000000009F
:10A1C000000000000000000000000000000000008F
:10A1D000000000000000000000000000000000007F
:10A1E00000000000000000000000000000001C4013
:10A1F000E7030000FFFFFFFF03000000050101006F
:10A200004E2F410000000000000000000000000090
:10A21000000000000000000000000000000000003E
:10A22000000000000000000000000000000000002E
:10A23000000000000000000000000000000000001E
:10A24000010000000E000000FFFFFFFF4269726482
:10A250007345796500000000000000000000000068
:10A260000000000000000000000000004472697659
:10A270006572000000000000000000000000000007
:10A280000000000000000000000000000000E040AE
:10A290000000F0410000F0410A0000000000030649
:10A2A000B200080001000000A80008000200000041
:10A2B000A0001400030057494E555342000000000F
:10A2C0000000000000008400040007002A00440091
:10A2D0006500760069006300650049006E00740047
:10A2E000650072006600610063006500470055006C
:10A2F000490044007300000050007B003900370023
:10A300003500460034003400440039002D00300090
:10A310004400300038002D00340033004600440073
:10A320002D0038004200330045002D00310032007E
:10A330003700430041003800410046004600460017
:10A34000390044007D0000000000000010000C00F7
:10A35000C4480120000000000000000000000000D0
:10A3600000000000000000000000000000000000ED
:10A3700000000000000000000000000000000000DD
:10A3800000000000000000000000000000000000CD
:10A3900000000000000000000000000000000000BD
:10A3A0000000000000000000E52D0600C92D060099
:10A3B0009D2D0600912D0600800000008000000009
:10A3C00080000000E00000008000000000000000AD
:10A3D00000000000000000000000000081300600C6
:10A3E000E92F0600DD2F0600CD2F0600FFFFFFFF3F
:10A3F000E8530120847301200090D0030A0000007C
:10A40000010000003864002000000000709E07007A
:10A41000909E0700509E0700000000000000000012
:10A42000000000000000000000000000000000002C
:10A43000000000000000000000000000000000001C
:10A44000000000000000000000000000000000000C
:10A4500000000000000000000000000000000000FC
:10A460000000000000000000FF00000043000000AA
:10A4700000000000000000000000000000000000DC
:10A480000000000000000000000000004300000089
:10A4900000000000000000000000000000000000BC
:10A4A0000000000000000000000000004300000069
:10A4B000000000000000000000000000000000009C
:10A4C0000000000000000000000000004300000049
:10A4D000000000000000000000000000000000007C
:10A4E0000000000000000000000000004300000029
:10A4F000000000000000000000000000000000005C
:10A500000000000000000000000000004300000008
:10A51000000000000000000000000000000000003B
:10A5200000000000000000000000000043000000E8
:10A53000000000000000000000000000000000001B
:10A5400000000000000000000000000009380700C3
:10A55000912B070000000000409D0700B09E0700FF
:10A56000A39C0700A39C0700A39C0700A39C0700D3
:10A57000A39C0700A39C0700A39C0700A39C0700C3
:10A58000A39C0700FFFFFFFFFFFFFFFFFFFFFFFF91
:10A59000FFFF000001004153434949000000000053
:10A5A00000000000000000000000000000000000AB
:10A5B0000000000000004153434949000000000032
:10A5C000000000000000000000000000000000008B
:10A5D000000000000000000001720200357202005D
:10A5E0003DA5030001E50300B5890400B12B05007A
:10A5F000A1AC050021B805003D2E0600253F060050
:04A6000011720200D1
:04000003600067F53D
:00000001FF
