:020000022000DC
:10700000000004203D8106007D8106007F8106008E
:107010008181060083810600858106000000000052
:10702000000000000000000000000000B980060021
:107030008981060000000000D98006008D810600CD
:10704000998306008F810600215806008DA1040057
:1070500045A204008F810600F95A06008F810600C0
:107060008F8106008F8106008F8106008F810600C8
:107070008F8106008F8106008F8106008F810600B8
:107080008F810600097E06008F8106008F81060031
:107090008F8106008F81060051C505008F81060093
:1070A0008F8106008F810600B59D03008F81060049
:1070B0008F8106008F8106000000000000000000A4
:1070C0008F8106008F8106008F810600818906006E
:1070D0008F8106008F8106008F810600154C050008
:1070E0008F8106008F8106008F810600000000005E
:1070F000000000008F81060000000000F9890600F2
:10710000000000000000000000000000000000007F
:10711000000000000000000000000000000000006F
:10712000000000000000000000000000000000005F
:10713000000000000000000000000000000000004F
:10714000000000000000000000000000000000003F
:10715000000000000000000000000000000000002F
:10716000000000000000000000000000000000001F
:10717000000000000000000000000000000000000F
:1071800000000000000000000000000000000000FF
:1071900000000000000000000000000000000000EF
:1071A00000000000000000000000000000000000DF
:1071B00000000000000000000000000000000000CF
:1071C00000000000000000000000000000000000BF
:1071D00000000000000000000000000000000000AF
:1071E000000000000000000000000000000000009F
:1071F000000000000000000000000000000000008F
:10720000F1EE103A43F08073E1EE103A704700BFA0
:1072100010B5054C237833B9044B13B10448AFF3D0
:1072200000800123237010BD88660020000000004C
:1072300094B9070008B5034B1BB103490348AFF3EA
:10724000008008BD000000008C66002094B9070093
:10725000154B002B08BF134B9D46A3F5803A002128
:107260008B460F461348144A121A49F077FC0F4B0D
:10727000002B00D098470E4B002B00D098470020E1
:10728000002104000D000D48002802D00C48AFF387
:10729000008049F0A7FB2000290040F0A7FF49F03B
:1072A0007BFB00BF0000080000000420000000007D
:1072B00000000000886600201C94012000000000EF
:1072C00000000000BFF34F8F0549064BCA6802F467
:1072D000E0621343CB60BFF34F8F00BFFDE700BFF9
:1072E00000ED00E00400FA0535DF704733DF70473A
:1072F0003CDF70473DDF704741DF704711DF70476B
:1073000012DF70470020704701207047012070474E
:10731000704700BF704700BF704700BF704700BF95
:10732000024B02F001021A70704700BFA76B0020E9
:1073300070B50446C0694E4D48F01EFC4AA3D3E91F
:10734000002348F083FC02460B46A069C5E90023F0
:1073500048F012FC44A3D3E9002348F077FC94EDF5
:107360000F7AB4F84C30DFED437A9FED435A9FED2E
:10737000434ADFED434AF8EEC75A94ED107A06EE21
:10738000103AF8EEC76A94ED0A7AB8EE466AB8EE9B
:10739000477A66EEA76A65EE845A26EE246A27EEDF
:1073A000057AC5ED055A85ED066AC5ED076A85EDD6
:1073B000087AE37DD4ED097A6B62237DF8EEE77AF3
:1073C000012B88BF637DC5E9020167EE857A8CBF1A
:1073D00003F001030023C5ED047A85F82830E37A31
:1073E00003F00302A2F10300B0FA80F0C3F38001BE
:1073F0004009032A85F82A0085F82B1003F00403BE
:107400002DD1003B18BF0123A28885F82930A2F5B1
:10741000FA63AB85A37985F82E30E37985F82F30B0
:10742000237A85F83030637A85F83130A37A85F88D
:1074300032302268134B1449144C1548A3FB0263E5
:1074400001260E709B094FF47A7101FB132321680A
:107450000268AB86314432442160026070BD002373
:10746000D2E700BFAFF3008048AFBC9AF2D77A3EB4
:1074700088050120ACC527376F12833AA8C8FE3AA9
:107480000AD7233CD34D6210C0050120D805012046
:10749000C4050120024B034AC3F8002601207047AF
:1074A000000001403546526E024B0349C3F80016F6
:1074B00010467047000001403546526E0AB3C2F3D1
:1074C00008032DE9F0471546A3B9DFF83C800646CE
:1074D0000F464FEA52290324D8F8680403683A4655
:1074E000D3F814A031464B46D047013C30B914F0D4
:1074F000FF04F1D14FF0FF30BDE8F0872846BDE82A
:10750000F0874FF0FF307047A4660020704700BF3F
:10751000037C13F0080306D0C36A406A181A48BFF8
:107520006FF0004070471846704700BF2AB3C2F39F
:1075300008032DE9F0471546C3B906460F463EF04D
:1075400047FB0F4BDFF83C8018604FEA55290324B6
:10755000D8F8680403683A46D3F824A031464B466D
:10756000D047013C30B914F0FF04F1D14FF0FF30A7
:10757000BDE8F0872846BDE8F0874FF0FF30704740
:10758000788D0020A4660020103029F0E3BE00BFF3
:10759000103029F043BF00BF00B583B00B46012275
:1075A0000DF1070110308DF8073029F037FF03B0D7
:1075B0005DF804FB00B587B00346064A684618210B
:1075C0004AF0C2F9694682B2034832F091FD07B031
:1075D0005DF804FB9C53070030050120103029F0B2
:1075E00035BC00BF00B583B001220DF1070110309A
:1075F00029F05AFB01280CBF9DF807004FF0FF301F
:1076000003B05DF804FB00BF084611464AF084B998
:1076100008463EF01FBB00BF08463EF001BB00BF5E
:1076200010B50E4C84B0227801A8092116F0C8FFCD
:10763000237802332370024670B1094B1B7803F0A4
:10764000FF004BB1074B1B7803F0FF0023B1064846
:1076500092B201A932F04CFD04B010BDFAD3002063
:10766000AB6B0020A76B0020A86C00202DE9F04335
:107670004779402F3946A1B028BF40219FB300234E
:10768000E9464A469C461F46054603EB4304AE7A4C
:10769000167000EB84040133247C14F0080FC4F34B
:1076A000C00818BF013782F801805FFA83FE05F138
:1076B0000C0502F1020218BFFFB21EB10CF1010C61
:1076C0005FFA8CFC7145E0D8084B094C1F70094AE1
:1076D00084F800C04846102317F0A4FA064B18702F
:1076E00021B0BDE8F083BC46E946EDE7F105012095
:1076F000F0050120E0050120DC05012010B50C4C4F
:10770000D4F868040368DB69984794F82430DB07F1
:1077100006D400224FF0FF3384F82420236310BDE9
:1077200004F124002CF04CFB0028F2D110BD00BF66
:10773000A466002070B58AB01F22014600921B4843
:1077400002ABFF2233F04CFA0D2804D8184B1B78FB
:107750003BB30AB070BD0446014602A817F08EFB89
:107760000028F3D0134E14483578102C28BF10246D
:10777000E4B2224602A900EB051049F0C7F9EDB2C8
:107780000E4B5C553EF024FA0D4C0E4A44F8250091
:10779000012185EA010351553370054B1B78002BFD
:1077A000D7D1024833F002FA0AB070BD007201204E
:1077B0009B6B00209C6B002060D3002080D30020B6
:1077C000FCD3002060D40020174BDB68D90110B532
:1077D00003D5164B1A68D2071FD43FF011FC144B87
:1077E000A0FB0301830A43EA8153124912480A6845
:1077F00000689A1A90420FD810480B60027810491E
:107800000132097802F00F02914209D001780D4C43
:10781000C9B244F82130027010BD5B689B09E4E7EF
:10782000094B01221A7010BDF0ED00E0001000E0DD
:1078300040420F00A42601201C610020EC260120FC
:10784000EE260120AC260120ED26012010B5034BC9
:107850000360044619F09EF8204610BD0C6707002F
:107860000F49097802290AD1F8B50E4E0E4F357826
:10787000EDB21C467B5D0BB9202C01D9F8BD7047D9
:107880000A48114600EB4510224649F03FF90848E6
:10789000E3B24355012185EA010279553270F8BD02
:1078A00090010120A66B002098E40020B8D30020AE
:1078B000F8D3002070B5124C124A134B22600026F8
:1078C00047F260006360C4F8886340F0CFFC0F4B60
:1078D0000F4D93ED000B32462146044623F010FC79
:1078E0000C4B2C6093ED000A204623F0B1FF0A4BAD
:1078F000286893ED000ABDE8704023F0BFBF00BFC9
:1079000048FD0020A8530700847F0700686200201C
:10791000840201201863002014630020F8B51A4B7C
:107920001B78022B044626D0184B194A1948002709
:10793000214601261F70167034F002FE054632F013
:107940004FFD2846F72132F05FFD2846022132F034
:107950006BFD3A463946284632F05EFD0E4B1E70EE
:107960003EF036F90D4B0E4A1C8010602846BDE8EB
:10797000F84032F037BD0B4A0B490C4B1080012008
:10798000002208701A70F8BD90010120FAB00020A2
:107990004C010120646B0120920101208A01012029
:1079A0008C01012014610020AB6B0020A76B00202C
:1079B000214A13884FF6FF719BB28B42F0B403D07B
:1079C00013889BB2984228D01C4B1B78022B24D0E2
:1079D0001B4B1C481C4F1D4E1D4D1E4C1E491A783A
:1079E00000233B70337003701C482B7023701C4DB8
:1079F0000B701C4C1C49037017202B7023700880DF
:107A00001A4B1AB900221A70F0BC70471A78002A73
:107A1000F8D0174A01211170F4E713889BB29842FD
:107A2000F2D1144C144900234FF6FF7023701080DC
:107A3000F0BC0B70704700BF146100209001012062
:107A40004401012041B30020F490002098900020D0
:107A50009790002004B300205D6D00204C010120B0
:107A60009101012002B100202C610020FAB0002019
:107A70005FB30020AB6B0020A76B00202DE9F04F17
:107A80004948037CABB0002B40F08A804748037C18
:107A9000002B40F081804648037C002B78D145487C
:107AA000037C002B70D1002432203EF09DF8424E22
:107AB000424A43490194234604A84FF47A75ADF82D
:107AC00010408DF812400295009629F085F89DF837
:107AD0001000002855D03B4D2B68132B49DC3A4F42
:107AE000DFF8E88005E011A828F040FE2B68132B92
:107AF0003FDC4FF47A73002204A911A80F930E946F
:107B0000ADF844408DF846400D9629F08BFB9DF86A
:107B1000443040221AA911A85BB32AF0D9FD9DF880
:107B2000443013F0D00F1AA8DDD14AF000F8034614
:107B30001AAA0638062B39461044D4D949F09CFFBE
:107B400081460028CFD1D5F800A00AEB4A0B08EBFC
:107B50000B1B1AA92F2258464AF003F80AF1010319
:107B600011A82B608BF82F9028F000FE2B68132BA8
:107B7000BFDD04A828F0FAFD28680028D4BF002043
:107B800001202BB0BDE8F08F103028F0EFFD8AE720
:107B9000103028F0EBFD82E7103028F0E7FD7AE79F
:107BA000103028F0E3FD71E784220120DC0301207E
:107BB000F82601202C2701203C670700B05307005E
:107BC000A466002074220120B4530700B8220120CB
:107BD00010B5094C2368013309D1084A136803F52D
:107BE0009C5308334FF0FF311360216010BD3DF00E
:107BF000EFFF034B1860F0E7706200204C03012098
:107C0000F81F012038B505680A4A04462868036849
:107C10001B6893420BD128203EF002F818B1064BA6
:107C20004360606038BD01232B71606038BD28213E
:107C30009847F3E71976020001001F0081682DE9DB
:107C4000F0470568044669B1284E2B680A685B68EE
:107C5000A260B34208463DD13DF0FCFFA168002977
:107C6000F3D12568238E04F10C0903B30027E36ADE
:107C7000DFF878A0B8460BE03DF0ECFFE36AC6F809
:107C80000080218EC6F804800137BAB291420FD924
:107C9000BEB203EBC606716808460029EFD02B6818
:107CA0005B685345E8D028469847E36AE7E7E36A0C
:107CB00000214FF6FF7299452186A28607D02A68D7
:107CC0000A4952688A420BD118463DF0C3FF20464C
:107CD000BDE8F08728469847A1680029B5D1C0E7DC
:107CE0002846194690472046BDE8F08711760200E5
:107CF00081682DE9F0470568044669B1284E2B6874
:107D00000A685B68A260B34208463DD13DF0A2FF1D
:107D1000A1680029F3D12568238E04F10C0903B36F
:107D20000027E36ADFF878A0B8460BE03DF092FF49
:107D3000E36AC6F80080218EC6F804800137BAB223
:107D400091420FD9BEB203EBC606716808460029FE
:107D5000EFD02B685B685345E8D028469847E36A24
:107D6000E7E7E36A00214FF6FF7299452186A28674
:107D700007D02A680A4952688A420BD118463DF05A
:107D800069FF2046BDE8F08728469847A16800298A
:107D9000B5D1C0E72846194690472046BDE8F08790
:107DA0001176020081682DE9F0470568044669B143
:107DB000284E2B680A685B68A260B34208463DD132
:107DC0003DF048FFA1680029F3D12568238E04F116
:107DD0000C0903B30027E36ADFF878A0B8460BE08C
:107DE0003DF038FFE36AC6F80080218EC6F80480B3
:107DF0000137BAB291420FD9BEB203EBC606716821
:107E000008460029EFD02B685B685345E8D0284628
:107E10009847E36AE7E7E36A00214FF6FF72994566
:107E20002186A28607D02A680A4952688A420BD165
:107E300018463DF00FFF2046BDE8F08728469847DA
:107E4000A1680029B5D1C0E72846194690472046C9
:107E5000BDE8F087117602002DE9F04F87B006AB40
:107E600003E90300049D002D00F00E812888059A87
:107E70004FF6FF73984200F01081D2F82C90C109A0
:107E800009EBC10100F07F02486810EBC20000F06E
:107E900004819B460379C688202B4FF0000840F0F0
:107EA000EE80B8F10A0F00F0EE8007885F4500F021
:107EB000DE81FB0909EBC30307F07F025D680292D4
:107EC000FB0915EBC205039300F0EC80B5F806A0A2
:107ED0000195434601272C46B04655461E468FB9AC
:107EE0005D4500F0DC80EA0909EBC20205F07F0580
:107EF000546814EBC50400F0D28087F00107E588D0
:107F0000002FEDD02279042A00F08681052A00F0A6
:107F10007F81022AE4D1204649F009FE0428DFD1FE
:107F200022786E2ADCD16278612AD9D1A2786D2AB2
:107F3000D6D1E278652AD3D12B4632465B454646F8
:107F4000019D904610D0D80909EBC00003F07F03D3
:107F5000406810EBC30307D01B79181F012840F2BB
:107F6000A680022B00F0A380B34BB44A42F838300D
:107F7000039B029A09EBC30ADAF8043013EBC20739
:107F800064D0B7F806A0019701233C461F4643463C
:107F90005546B0461E468FB95D4500F0D080EA09CF
:107FA00009EBC20205F07F05546814EBC50400F02C
:107FB000C68087F00107E588002FEDD02279042ADA
:107FC00000F02181052A00F01A81022AE4D120461E
:107FD00049F0ADFD0C28DFD12278642ADCD162782B
:107FE000612AD9D1A278742AD6D1E278652AD3D170
:107FF00022795F2AD0D16279632ACDD1A279722AFF
:10800000CAD1E279652AC7D1227A612AC4D1627ABB
:10801000742AC1D1A27A652ABED1E27A642ABBD180
:1080200032465D453B464646019F90460ED0EA09E2
:1080300009EBC20205F07F05546814EBC50505D0B5
:108040002A79111F01297ED9022A7CD07A4B7B4ADA
:1080500002EBC8025E4508F1010853605FFA88F53B
:1080600012D0F30909EBC30306F07F06586810EB42
:10807000C60009D00379C688202B3FF412AFB8F1AF
:108080000A0F40F0CE8045466D4A6C48294614F0F0
:108090001DFF284607B0BDE8F08F0025F4E7334602
:1080A00046469846654B644A43F8382060E79FB9D6
:1080B000DA4500F0CE804FEADA1309EBC3030AF089
:1080C0007F0A5D6815EBCA0500F0C38087F00107E1
:1080D000B5F806A0002FEBD02B79042B00F0B2806E
:1080E000052B00F0A480022BE2D1284649F01FFDA9
:1080F0000428DDD12B786E2BDAD16B78612BD7D1A8
:10810000AB786D2BD4D1EB78652BD1D1DA4500F06B
:10811000A0804FEADA1309EBC3030AF07F02586824
:1081200010EBC2033FF421AF1979042900F0AF80AE
:10813000052900F0A880022918BF002315E733465F
:108140004646984682E71C469CB9DA4500F08D8089
:108150004FEADA1209EBC2020AF07F0A576817EBFE
:10816000CA0700F0828084F00104B7F806A0002C52
:10817000EBD03B79042B72D0052B6CD0022BE4D1D1
:10818000384649F0D4FC0C28DFD13B78642BDCD195
:108190007B78612BD9D1BB78742BD6D1FB78652B3A
:1081A000D3D13B795F2BD0D17B79632BCDD1BB79F8
:1081B000722BCAD1FB79652BC7D13B7A612BC4D115
:1081C0007B7A742BC1D1BB7A652BBED1FB7A642B31
:1081D000BBD1DA4549D04FEADA1309EBC3030AF001
:1081E0007F0A596811EBCA033FF431AF1A79042AA8
:1081F00046D0052A40D0022A18BF002327E724686A
:10820000E0880834E6E62468002C7FF4E0AEC3E69C
:108210002468E088083481E62468002C7FF47BAE73
:108220005EE6064B044A43F8382013460FE72D68F4
:10823000E88808355CE700BF847F0700C460002041
:10824000906B00202D68002D7FF44FAFDA457FF44E
:1082500032AF002389E63F68F888083793E73F6824
:10826000002F8DD1DA457FF473AF0023EFE6094B81
:10827000094A43F83820E9E651F83A300833E6E68F
:1082800051F83A30E3E650F8323008336DE650F8F2
:1082900032306AE6C4600020847F07002DE9F84F81
:1082A00007463DF095FC314DDFF8CC90DFF8CCB0BF
:1082B000DFF8CCA0064645F00105D9F800301C686F
:1082C000204641F005F803464FF003084FF4FA400A
:1082D0006BB9B8F1010F3CD0A847204640F0F8FF39
:1082E000034608F1FF384FF4FA40002BF1D0DBF8D9
:1082F0000030D3F80080404640F0EAFF03460324F4
:108300004FF4FA405BB9012C23D0A847404640F017
:10831000DFFF0346013C4FF4FA40002BF3D0144B2F
:108320001B68D3F80080404640F0D2FF0346032488
:108330004FF4FA405BB9012C0BD0A847404640F0FF
:10834000C7FF0346013C4FF4FA40002BF3D0BDE8D1
:10835000F88F3DF03DFC801BB842F8D2054B0A2057
:10836000C3F800A63DF040FCA7E700BF406D070042
:10837000386100200000014030610020346100209D
:108380003546526E2DE9F04FDFF8F490344AD9F8B3
:1083900000300026B34283B016702ADD4FF0FF3361
:1083A000DFF8E080DFF8E0B02E4F01934FF0000AD5
:1083B00097ED0A3B97ED082B98ED021B98ED000B0B
:1083C00015F03EFE55EC104B5B4610EE100A52467F
:1083D000294647F0ADFE3837D9F8003010B1A24633
:1083E000AB4601960136B342E2DC019B1A460132EC
:1083F00020D100211C4D1D4B002428461C7014F078
:108400001BF82A781A4B042A1C600ED9194C2368D1
:108410005A1C1DD1184A2360136803F59C53083376
:108420000120136003B0BDE8F08F6FF00A03114C18
:108430009B1AEFE7C3EBC30A0A4B094803EBCA01D7
:108440000C2249F08EFB064A002313730121D1E769
:108450003DF0BEFB094A4FF0FF331060DAE700BF82
:1084600074020120F02D0120686100206C020120BF
:1084700004200120706200204C030120F81F01201D
:10848000B0590120880501200000144038B50B794F
:10849000042B0D4604460AD0052B1CD0022B11D00C
:1084A00000230122C0E900330272204638BD0D6866
:1084B00028460DB149F03BFB0123C4E9005023726B
:1084C000204638BD084649F032FB0023C4E900507D
:1084D0002372204638BD0B680022D98841600833DA
:1084E00003600272204638BD2DE9F04705468068DA
:1084F0002F6860B1284C3B6802685B68AA60A342A1
:108500002AD13DF0A7FBA8680028F4D12F682B8E54
:1085100005F10C093BB30026EB6ADFF87C80B2461C
:108520000BE03DF097FBEB6AC4F800A0298EC4F87D
:1085300004A00136B2B2914216D9B4B203EBC4041E
:10854000616808460029EFD03B685B684345E8D086
:1085500038469847EB6AE7E7014638469847A868E7
:108560000028C8D1D2E7EB6A00214FF6FF72994587
:108570002986AA8607D03A68074952688A4205D1F7
:1085800018463DF067FB2846BDE8F0873846194697
:1085900090472846BDE8F087117602002DE9F047A4
:1085A000038E8146054659F80CABFBB10026C36A21
:1085B000DFF8A080374609E03DF04CFBEB6A27600E
:1085C000298E67600136B2B2914210D9B4B203EB82
:1085D000C404616808460029F1D0DAF800305B680D
:1085E0004345E9D050469847EB6AE8E7C36A002163
:1085F0004FF6FF7299452986AA860CD0DAF800203A
:10860000144C5268A24221D118463DF023FB0423AA
:10861000C5F82C906B86A8682E6800232B7158B182
:108620000C4C336802685B68AA60A34206D13DF037
:1086300011FBA8680028F4D1BDE8F0870146304658
:108640009847A8680028ECD1BDE8F0871946504645
:108650009047DCE711760200008830B44FF6FF74D3
:10866000A0421AD0CD6AC20905EBC20200F07F0316
:10867000506810EBC30011D0C2880020D309A24279
:1086800005EBC30302F07F0100F1010006D05B6837
:1086900013EBC10302D0DA88F0E7002030BC70474A
:1086A0002DE9F0418B8E4FF6FF72934282B00C465B
:1086B000054616D0CA6AD90902EBC10203F07F0150
:1086C000526832F83100A08602EBC10200204FF65A
:1086D000FF71107128462A60AB80D18002B0BDE8DE
:1086E000F081098E2768002932D1638E002B00F0BB
:1086F00085800123E66A5A4A23864FF480604FF052
:1087000080083B681B68934274D13DF089FA238E40
:10871000E76A7060013B9BB207EBC30100284A681F
:1087200008BF4FF000080020A6F80080708022B13A
:1087300037F83360488886422ED8012100224FF650
:10874000FF73284621712A60AB8002B0BDE8F0813A
:10875000E66A4B1E9BB206EBC30E3046DEF80420E1
:108760002AB1BEF802C036F83380E0451CD8638ECB
:10877000994223D03A4A4B1C9BB2B3F5007F00EBE1
:10878000C106238615BF4FF480604FF47E704FF012
:1087900080084FF07F08B4E700EBC313441C9BB282
:1087A00002EBC0024C8091E70CEBC3130CF101010A
:1087B0009BB202EBCC02AEF8021087E7B3F5007F64
:1087C000BBD004F10C025B0096421FFA83F83B68B1
:1087D00016D024489B6883424FEAC80135D1304601
:1087E00049F09AF80028A8D01D4A218EE062A4F82A
:1087F0003280C0E701463846984788E7E66AE0E7F6
:10880000174A1B68019293424FEAC80022D13DF0FB
:1088100007FA019A002890D0D6F800C07168B368B2
:10882000D6F80CE0C0F80CE0C0F800C041608360EE
:10883000D6F810C07169B369D6F81CE0C0F81CE026
:10884000C0F810C041618361CFE70A46384631461F
:108850009847C7E7014638469847019ADAE700BFCC
:1088600019760200097602002DE9F0418B8E4FF651
:10887000FF72934282B00C46054611D0CA6AD909EC
:1088800002EBC10203F07F01526832F83100A0868A
:1088900002EBC10228462A60AB8002B0BDE8F0813D
:1088A000098E2768002932D1638E002B00F0858065
:1088B0000123E66A594A23864FF480604FF080080E
:1088C0003B681B68934274D13DF0AAF9238EE76A96
:1088D0007060013B9BB207EBC30100284A6808BFE8
:1088E0004FF000080020A6F80080708022B137F811
:1088F0003360488886422ED8012100224FF6FF734C
:10890000284621712A60AB8002B0BDE8F081E66A9A
:108910004B1E9BB206EBC30E3046DEF804202AB194
:10892000BEF802C036F83380E0451CD8638E994209
:1089300023D03A4A4B1C9BB2B3F5007F00EBC10633
:10894000238615BF4FF480604FF47E704FF080088F
:108950004FF07F08B4E700EBC313441C9BB202EB5B
:10896000C0024C8096E70CEBC3130CF101019BB2E3
:1089700002EBCC02AEF802108CE7B3F5007FBBD05F
:1089800004F10C025B0096421FFA83F83B6816D094
:1089900023489B6883424FEAC80135D1304648F0EE
:1089A000BBFF0028A8D01D4A218EE062A4F83280C7
:1089B000C0E701463846984788E7E66AE0E7174A85
:1089C0001B68019293424FEAC80022D13DF028F97A
:1089D000019A002890D0D6F800C07168B368D6F824
:1089E0000CE0C0F80CE0C0F800C041608360D6F82D
:1089F00010C07169B369D6F81CE0C0F81CE0C0F87B
:108A000010C041618361CFE70A4638463146984736
:108A1000C7E7014638469847019ADAE71976020017
:108A2000097602002DE9F04F958E4FF6FF739D42B7
:108A300085B014460746884602F10C0B3BD0D36A3A
:108A4000EA0903EBC20305F07F025E6836F83230B4
:108A5000A38606EBC2064FF6FF73F380A28E0021B9
:108A60009A423171B1465CD0E36AD10903EBC1038C
:108A700002F07F0A596831F83A30A38601EBCA0147
:108A800000234FF6FF700B71C880C8F80010F28009
:108A90007B88834200F08380E16AD80901EBC00142
:108AA00003F07F03496801EBC3034846DD807A8009
:108AB00005B0BDE8F08F118E1568002975D1528E72
:108AC000002A00F01F810123E66AC24A23864FF480
:108AD00080604FF080092B681B68934240F00A8148
:108AE0003DF09EF8258EE36A7060013DADB203EB68
:108AF000C5020028516808BF4FF000090020A6F801
:108B00000090708029B133F835305688B34200F2B6
:108B100097804FF0000901234846237105B0BDE856
:108B2000F08F208E23680193002862D1628E002A84
:108B300000F0EA800123D4F82CA0A64A23864FF443
:108B400080604FF0800B019B1B681B68934240F0D4
:108B5000D5803DF065F8228ED4F82CC0CAF8040008
:108B6000013A92B20CEBC2030028596808BF4FF0DB
:108B7000000B0020AAF800B0AAF802000029C8D013
:108B80003CF83200B3F802A05045C2D90AEBC21239
:108B90000AF1010092B201EBCA01588070E7484621
:108BA0003D807A8005B0BDE8F08FE36A4A1E92B23C
:108BB00003EBC20E1846DEF804602EB1BEF802C008
:108BC00033F83290E14543D8628E914254D0814AC5
:108BD0004B1C9BB2B3F5007F00EBC106238615BF8B
:108BE0004FF480604FF47E704FF080094FF07F09A2
:108BF00071E7E36A421E92B203EBC20C9E46DCF8B8
:108C000004A0BAF1000F06D0BCF80210029233F8AB
:108C100032208A4226D8628E90424AD06D4A431C46
:108C20009BB2B3F5007F0EEBC00A238615BF4FF44D
:108C300080604FF47E704FF0800B4FF07F0B82E727
:108C400006EBC515731CADB201EBC606538002E7F7
:108C50000CEBC2150CF10103ADB206EBCC06AEF87D
:108C60000230F8E6029A4B1C01EBC21292B20AEBF8
:108C7000C101ACF8023003E7B2F5007F3FF449AF21
:108C800052009B451FFA82F940D02A6852489668E4
:108C900086424FEAC90140F09180184648F03CFEF8
:108CA00000283FF436AF4B4A218EE062A4F83290A0
:108CB0008EE7B2F5007F3FF42CAF52001FFA82FA24
:108CC000019A9B4511684AD0D1F808B0424A9345B1
:108CD0004FEACA0177D1184648F01EFE8646BEF11B
:108CE000000F3FF416AF3B4A208EC4F82CE0A4F8E6
:108CF00032A094E7014628469847F3E601460198DA
:108D0000984728E7E36ABBE7E36AD6E72968314A70
:108D10000E689642CDE901324FEAC9005ED13CF0BF
:108D20007FFFDDE9013200283FF4F3AED3F800C045
:108D30005E689968D3F80CE0C0F80CE0C0F800C099
:108D400046608160D3F810C05E699969D3F81CE071
:108D5000C0F81CE0C0F810C046618161A4E71D4A5C
:108D6000D1F800B09345CDE902324FEACA003BD1B9
:108D70003CF056FFDDE902328646BEF1000F3FF4BB
:108D8000C8AE18685968D3F808B0D3F80CC0CEF84C
:108D90000CC0CEF80000CEF80410CEF808B0186968
:108DA0005969D3F818B0D3F81CC0CEF81CC0CEF85F
:108DB0001000CEF81410CEF818B095E70A462846F1
:108DC0001946B0476CE70A4601981946D8478646C7
:108DD00085E700BF197602000976020001462846A1
:108DE000B047DDE901329EE701460198D847DDE949
:108DF00002328646C1E700BF2DE9F84307464068C6
:108E0000BD68032D884600F1080613D85FFA85FC7B
:108E1000002D77D00CF1FF3456FA84F4C31D0022E4
:108E200013F8011F002908BF42F00102A342F7D145
:108E3000002A40D000237355D7F80090BE68D9F8B7
:108E40000830A3B106F1070C8444DA8896420BD1AE
:108E50003EB3C21DDC1D01E0944522D012F8011F73
:108E600014F8015FA942F7D01B68002BEDD1B6F5CD
:108E7000803F7D68D9F8004034D2236828489B6839
:108E8000834206F1090140D1284648F045FD0346DA
:108E900043B33A68DE80916819600021936079607D
:108EA00002E09A8801329A800522C8F8003088F8DA
:108EB0000420BDE8F883022388F80430037A88F898
:108EC0000030BCF1010F08D0437A88F80130BCF1C2
:108ED000020F02D0837A88F80230002308F80530A8
:108EE000BDE8F88323680F4A5B68934213D0294694
:108EF000204698473A6800239268012189F80410B7
:108F00001A60FFDE02230B71E7E70A462046294676
:108F100098470346BCE728463CF09CFEEAE700BFC2
:108F200009760200117602002DE9F04745684DB13F
:108F30008368EA88934204460E4605D01D440133F7
:108F4000A3602E72BDE8F0875B00D0F800905F1C34
:108F5000B7F5803FD9F8008012D2D8F80020154923
:108F6000D2F808A08A4503F10A021CD1114628460E
:108F700048F0D2FC20B1C780A36860600546DDE7F9
:108F8000D8F800300C4A5B68934208D128463CF080
:108F900061FE0122002389F804206360D2E729469C
:108FA00040469847F5E729464046D0470028E2D199
:108FB000E6E700BF097602001176020003792DE989
:108FC000F0470C46D907054637D4DA0624D413F007
:108FD000600F1DD02E884FF6FF77BE4215D0E36A92
:108FE000F20903EBC20306F07F09D3F8048008EB13
:108FF000C900B246C6882146FFF7E0FFA38E28F8D5
:109000003930BE42A4F834A0E9D14FF0FF332B60D1
:1090100000232B71BDE8F0872A884FF6FF718A4242
:1090200037D0E16AA68ED00901EBC00102F07F00C3
:10903000496821F83060A286C9E7A0682A682668D6
:109040000028C2D0824216D0014600680028BCD059
:109050008242F9D18288013A92B28280002AB4D148
:1090600003680B6033680C4A5B6893420CD13CF098
:10907000F1FD2B79A9E78288013A92B28280002A19
:10908000A3D10368A360EDE70146304698472B79EA
:109090009BE700231B80FFDE117602002DE9F04FD5
:1090A00089B008AB03E90300069B0093002B53D063
:1090B0001B8801939046079A0292DA0903F07F0316
:1090C000DB000493019B4FF6FF7AD20053450392D5
:1090D0004FF0000540D0029BD3F82C90039B09EB86
:1090E0000302049B5768FB18059335D0DE880024E3
:1090F0003146CA09514509EBC20201F07F0004F173
:10910000010405D0536813EBC00301D0D988F0E700
:10911000AC4221D9009B1A79402A12D105B33146BD
:109120002C4602E0013CD1881BD0C1F3CF10514541
:1091300009EBC00001F07F0203D0436813EBC202C9
:10914000F0D19C48414648F0CFFC002873D0019BE9
:10915000534505F10105BED1002009B0BDE8F08FEF
:10916000059A11792029ECD114885445E9D0E209F7
:1091700009EBC20204F07F01546814EBC104E0D093
:109180000127B4F806B08FB9D345DAD04FEADB1324
:1091900009EBC3030BF07F0B5C6814EBCB04D0D05E
:1091A00087F00107B4F806B0002FEDD02379042B27
:1091B0005DD0052B5FD0022BE6D1204648F0B7FCEE
:1091C0000428E1D123786E2BDED16378612BDBD1CB
:1091D000A3786D2BD8D1E378652BD5D1D345B0D00A
:1091E0004FEADB1009EBC0000BF07F01406810EB89
:1091F000C101A6D00979081F012801D90229A0D1EF
:10920000002D00F0CA8030462C4602E0013CD88890
:1092100035D0C0F3CF12504509EBC20200F07F01F8
:1092200003D0536813EBC103F0D10020414648F04E
:109230005BFC00288BD1CB46002D00F0B080B046FF
:109240004FF6FF7103E0013DDA887AD09046C8F30B
:10925000CF1388450BEBC30308F07F0203D05B6894
:1092600013EBC203EFD1012009B0BDE8F08F2468F1
:10927000002CA2D188E72468E0880834A0E71946CA
:1092800008792028D1D10C885445CED0E00909EBCB
:10929000C00004F07F01446814EBC104C5D0B4F8E9
:1092A00006B08FB9D345C0D04FEADB1309EBC30337
:1092B0000BF07F0B5C6814EBCB04B6D087F0010792
:1092C000B4F806B0002FEDD02379042B2ED0052B57
:1092D00028D0022BE6D1204648F029FC0428E1D111
:1092E00023786E2BDED16378612BDBD1A3786D2BD5
:1092F000D8D1E378652BD5D1D34596D04FEADB1290
:1093000009EBC2020BF07F01546814EBC1003FF47B
:1093100019AF0279042A11D0052A0BD0022A18BFEE
:1093200000200FE72468E0880834D7E72468002C81
:10933000D1D1B7E754F83100083003E754F83100D1
:1093400000E7059D9D421C462CD0019F4FF6FF7102
:1093500007E05B6803EBC003A34209D03746DE8811
:109360001D46F3098E420BEBC30306F07F00F0D1DC
:109370000197EA804FF6FF739A4208BFDDE9003299
:10938000029D08BF5A8020462946FFF717FEAB8E84
:1093900023800120A5F8348066E7059970E7DDF8A1
:1093A0000480059C009B1E804FF6FF73324601939C
:1093B000E0E700BF847F07002DE9F04F0E460978F3
:1093C00085B02B29009000F0FD802D2940F0B88059
:1093D0007178012001900644A1F13000C0B2092843
:1093E00000F2B680DFF8F893C0B200210024002517
:1093F0004FF0993816F801BF2418ABF13007FFB2CF
:1094000041EB05054FEA850E092F6FEA07024FF081
:10941000FF334FEA840C4EEA947EF8B24FF000011D
:1094200000F21E81A94508BFA0450BD31CEB040C1C
:109430004EEB050E1CEB0C044EEB0E05AB4208BFC9
:10944000A242D7D24FF0000A0023204629460A2222
:1094500047F0A2F8A946A0461FFA8AF3B9F5200FF3
:1094600003F1010A08BFB8F1000F04460D460FFAD8
:109470008AFAE9D2092F0BD802339B1B06EB030AA9
:1094800016F801BFABF13002092A0FFA8AFAF5D9B2
:10949000BBF12E0F00F0B6800BF0DF03452B60D040
:1094A000BBF1000F56D10AF126034C2B00F2FC80D1
:1094B000002D08BFB4F5000F80F0F68007EE904A4B
:1094C000BAF1000FF8EEE77A40F36481BC4B1AF072
:1094D000010F1CBF93ED007A67EE877A5FEA6A029C
:1094E00023D0D00744BF93ED017A67EE877A5FEA15
:1094F000AA021AD0D10744BF93ED027A67EE877AA9
:109500005FEAEA0211D0D20744BF93ED037A67EE17
:10951000877A5FEA2A1A08D0BAF1010F0CBF93EDDF
:10952000047A93ED057A67EE877A019B0BB1F1EE31
:10953000677A009A0123C2ED027A137010460DE09B
:1095400000200190A1F13000C0B209287FF64AAF97
:109550002E2953D0009A00231370104605B0BDE8A1
:10956000F08F96F801B0BBF12D0F36D0BBF12B0F69
:1095700000F0F080ABF13003DAB2092A06F10106FF
:109580008ED80AEB0302B2F59A7F00F3D78000274A
:1095900006E002EB400303EB0A02B2F59A7F79DCA6
:1095A00016F801BFABF13002D1B2092903EB8300F9
:1095B000EFD9002F40F0C7809A44BBF1000F3FF471
:1095C00072AFC7E7717800200190A1F13000C0B2FE
:1095D000092806F10106BBD804E796F802B0ABF102
:1095E0003003DAB2092A06F102063FF659AF0AEB58
:1095F0000302B2F59A7F4FDC0127D1E70024002552
:109600004FF0000A96F801B0ABF13000C0B2092863
:1096100006F101063FF640AF6A4B4FF099329D428A
:109620004FEA850108BF94424FEA840741EA9471EA
:109630000ED23F1945EB010117EB070841EB010979
:109640000AF1FF3A18EB00040FFA8AFA49F1000513
:1096500016F801BFABF13000C0B20928DFD91BE713
:10966000BBF1000F40F0D280019B8BB1B5F1004FF0
:1096700008BF012CBFF4E6AE644265EB450502234A
:10968000009A1046C2E90245137005B0BDE8F08F9C
:109690000323F5E7002F51D000994FF0004201233A
:1096A00008468A600B7059E72046294646F098FA2A
:1096B000BAF1000F79DD444C1AF0010F7AD15FEA5C
:1096C0006A032DD0DF0700F18D805FEAAA0327D05F
:1096D000DE0700F18C805FEAEA0321D0DD0700F1AC
:1096E0008B805FEA2A131BD0DA0700F18A805FEAD9
:1096F0006A1315D0DB073ED45FEAAA1310D0DF0748
:109700003ED45FEAEA130BD0DE073ED45FEA2A2399
:1097100006D0DD0744D45FEA5A231CBF2B49002042
:10972000019B13B101F100431946009A0423C2E9D9
:1097300002011046137005B0BDE8F08F019B0020B8
:10974000BBB12349F1E7AAEB030ABBF1000F3FF4D9
:10975000AAAEFFE696F802B0ABF13003DAB2092AFE
:1097600006F102067FF60DAFBBF1000F3FF49BAE92
:10977000F0E61849D9E7D4E90A2346F067FABBE7CF
:10978000D4E90C2346F062FABBE7D4E90E2346F095
:109790005DFABBE7CAF1000A3FF4C7AE0E4B96E68E
:1097A000D4E9102346F052FAB5E7CAF1000AB7D05F
:1097B0000A4C81E7D4E9002346F048FA7FE700BF6E
:1097C000A867070099990100086807000000F87F62
:1097D0000000F0FF0000F07F90670700C0670700FF
:1097E00099999919D4E9022346F030FA6DE7D4E942
:1097F000042346F02BFA6EE7D4E9062346F026FA56
:109800006FE7D4E9082346F021FA70E7B5F5801F29
:1098100008BF002CBFF416AE4FF0000A38E600BFB8
:1098200010B58AB000240A460123014601A8ADF80C
:1098300004408DF8064027F0CFF908B90AB010BDF2
:1098400001A828F021FB0AB010BD00BF38B5234C99
:10985000206800BB224C2068E0B121F0EBFF00281B
:1098600035D1206821F0D0FFA0B1206821F0CCFFD5
:1098700025F040F91B4A1368B3F57A7F0ADA48B13C
:1098800019490C68A04205D0184C086044F8230020
:109890000133136038BD26F045F9154B1A68824232
:1098A000F8DA104D18603CF093F92B68114AB3F5C3
:1098B0007A7F1060EEDA20680B4C26F04DF92B68A9
:1098C0000A4920605A1C41F823002A6038BD2068EC
:1098D00021F0ACFF26F044FECCE700BFA02601201B
:1098E00084020120B4150120C415012014060120B2
:1098F0009C2601207C22012010B5064C206838B13E
:1099000021F098FF20B92068BDE8104021F07CBF0D
:10991000002010BD8402012010B5064C206838B12B
:1099200021F088FF20B12068BDE8104021F07EBF03
:10993000002010BD8402012070B5584B584D93F89B
:10994000322093F8300093F82F1093F8314094B000
:10995000049293F82E20CDE90204CDE9002106A857
:10996000504A9B8D182147F0EFFF2A68002A3DD00E
:109970004D4B4E491878002808BF0B46002106AC15
:10998000CDE910114A480C940E934A4C4A4B13915E
:109990000D9412900F93104626F0E2F82C68109068
:1099A000002C50D0204626F049F92A68434C444BFD
:1099B0001190002A08BF1C46424A434B126800928D
:1099C0004FF480610CAA4148139413F05BFD002111
:1099D0003F4827F059FB3D493D484FF4806227F04E
:1099E0001DFD3B4827F0B6FC14B070BD394C206813
:1099F000002837D021F0F2FE374E03462068002BB6
:109A000018BF1E4621F01AFF002306A92A680C91F0
:109A1000CDE9103327491393254B0E960F900D91E6
:109A20001293002AB7D1206800282CD021F002FF21
:109A300048BB206821F0E8FE28B325F05FF82C68C9
:109A40001090002CAED1234E306818B321F0F2FEF6
:109A5000B0B9306821F0D8FE044688B125F0B0F8DE
:109A60002A68A3E706AB1C4A0C931C4B114E104905
:109A70001090CDE90E23119013900D961291D2E71C
:109A80002A68204692E7FFF747FF002886D026F095
:109A900069FD83E70A4C11908EE700BF880501201D
:109AA000A0260120E45307008C260120DC53070088
:109AB000D0620020F0620020F8000120D45307009B
:109AC000CC530700B41501201406012004E900203E
:109AD000D002012084020120BC530700847F0700CC
:109AE000114B186808B126F043B810B50F4C206828
:109AF000B8B121F09FFE38B9206821F085FE18B179
:109B0000BDE8104024F0DABF206850B121F092FE89
:109B100038B1206821F08AFE18B1BDE8104026F067
:109B200003BD002010BD00BFA0260120840201203B
:109B3000114B186808B126F01FB810B50F4C2068FB
:109B4000B8B121F077FE38B9206821F05DFE18B178
:109B5000BDE8104024F0B6BF206850B121F06AFE85
:109B600038B1206821F062FE18B1BDE8104026F03F
:109B7000DFBC002010BD00BFA02601208402012010
:109B8000114B186808B125F0CDBF10B50F4C2068F7
:109B9000B8B121F04FFE38B9206821F035FE18B178
:109BA000BDE8104024F0B8BF206850B121F042FE5B
:109BB00038B1206821F03AFE18B1BDE8104026F017
:109BC000BBBC002010BD00BFA026012084020120E4
:109BD0002DE9F041604B196800298AB02DDD5F4BFB
:109BE0000093012929D003F1A8020229019224D06F
:109BF00003F5A872032902921FD003F5FC72042911
:109C000003921AD003F528720529049215D003F5A2
:109C100052720629059210D003F57C72072906922C
:109C20000BD003F593620829079206D003F5A863C9
:109C3000092908931CBFA8330993684615F0DCF97D
:109C4000061E5BDB464FA82303FB067393F8904088
:109C5000002C4FD0434C206818B13EF00BFB002382
:109C60002360414D286818B13EF004FB00232B60AF
:109C70004FF44F503EF0FAFA3C4BA82404FB067414
:109C800093ED000B0021804624F0C2FF94ED063BCB
:109C900094ED042B94ED021B94ED000B4046C5F8A7
:109CA000008025F023FD94ED223B94ED202B94EDD4
:109CB0001E1B94ED1C0B286825F092FD94F8403093
:109CC000002B3DD1A82303FB067393F868205ABBF1
:109CD000286825F009FF286825F0F4FE20B12868DF
:109CE00025F0F4FE044670B9286808B13EF0C2FAC7
:109CF00000242C6020460AB0BDE8F08100242046F4
:109D00000AB0BDE8F0811A4D1A49C6EB0616314477
:109D100028460E2247F025FF174A00232046AB7342
:109D200013600AB0BDE8F08193ED183B93ED162B5C
:109D300093ED141B93ED120B286825F047FEC7E73F
:109D400094ED0E3B94ED0C2B94ED0A1B94ED080B57
:109D5000286825F0C1FDB5E770220120F127012018
:109D60006027012084020120A026012068620020D3
:109D70008C260120B45901209C2601201B491C4A35
:109D800070B501231B4D0B70137004463BF020FF90
:109D900019491A4A2B680C70106003B170BD184B3A
:109DA0001C68002CFAD1174E174A184BC6F8884386
:109DB00047F26000C6E900233EF058FA144B3146E2
:109DC00093ED000B2246044621F09AF9114B2C60CA
:109DD00093ED000A204621F03BFD0F4B286893EDE0
:109DE000000ABDE8704021F049BD00BF7922012082
:109DF000D8030120840201207A2201207C22012044
:109E0000A026012048FD0020A8530700847F0700FA
:109E100068620020186300201463002070B5284D8C
:109E2000284C2B78002B41D0237C002B3CD1264C96
:109E30003DF0D2FF2068012114F0C2FF08B10023D9
:109E40002360224E3DF0D2FF214B306800241C706D
:109E50002C7010B13EF00EFA34601E4C206818B120
:109E60003EF008FA002323601B4D1C4A1C481D4B82
:109E70001D491E4E00242C60147004701C4D1D4A98
:109E80001D481C701D4B0C702C6014600460214632
:109E90001B4834704FF0FF354FF47A621D6046F076
:109EA0005DFE184B1C6070BDFFF746FD237C002B48
:109EB000BDD0154827F04EFA134826F057FCB6E7F8
:109EC0007A260120C0020120B8020120840201206C
:109ED000D8030120A02601209C260120F426012081
:109EE000792201207A220120100601208C260120EF
:109EF0000C060120B4150120C41501207462002055
:109F000014060120F0260120D0020120364B1B78D8
:109F1000002B51D010B5354C2378022B86B051D090
:109F2000013B012B8CBF002301233149314A0978C1
:109F300031488DF80430A1F10403B3FA83F31268B9
:109F400000788DF806005B098DF805302AB12B4B9F
:109F50001A68002AD4BF00220122294B8DF807205D
:109F60001B68029301A903A814F012F99DF80C4094
:109F70000CB106B010BD3BF02BFE224A224B1268FA
:109F8000801A9842F5D99DF80D30B3B91F4B1A7855
:109F90001AB33BF01DFE1E4A049B1268801A9842B9
:109FA000E7D39DF8143013B11A4B01221A70FFF752
:109FB00035FFFDF70DFEDCE77047144A144B1470B3
:109FC0001C60D6E70D4B186814F0DCF808B923784C
:109FD000A6E7032323700023A7E701221A703BF0B2
:109FE000F7FD0B4B1860C4E7792201207A2201208B
:109FF00064E40020A0260120D5050120A826012028
:10A00000080601207C2201201FBF0200100601204B
:10A010000C060120A690002038B5354D2B68013381
:10A020005DD1344B1B78002B59D1334B33491B681E
:10A03000334A9B680C681268324992680868191B99
:10A040000029C8BF1C46111B83680029C8BF1446DD
:10A050001A1B002AC8BF1C463BF0BAFD40F6B733B6
:10A06000001B98423BD9284B1B68B3F5FA7F1ADCDA
:10A07000264B93ED007AF2EE047AB4EEE77AF1EE35
:10A0800010FA2CDB2249234A01230B7013703BF09A
:10A090009FFD214B2149224A1B6808600221117053
:10A0A000F3B1052314E01A491A4A01230B70137007
:10A0B0003BF08EFD184B1949194A1B6808600321B3
:10A0C000117023B9174B1B680BB9FDF7F3FB06237F
:10A0D000154A2B60136803F59C530833136038BD91
:10A0E000104B1B68002BDCD1FDF7E4FBD9E700BF68
:10A0F000706200204C01012030610020F81F012017
:10A100003461002038610020A826012008060120C3
:10A1100079220120D8030120840201207C22012021
:10A120007A220120A02601204C03012030B5374CB3
:10A1300023680F33042B87B001D907B030BD3BF043
:10A1400047FD334D0146284612F084FC0028F4D028
:10A15000304A314B126819688A4204D02F4991F86D
:10A16000280000282FD13BF033FD0146284812F08B
:10A1700071FC0128E1D03BF02BFD0146244812F090
:10A1800099FC2A78042A11D821686FF00A039B1AD7
:10A190008B4232D0224A00211160224A2360136888
:10A1A00003F59C530833136007B030BD23680133B7
:10A1B00023D01B4B00221A603BF00AFD1A4A4FF0D5
:10A1C000FF331060E9E791ED000B91ED021B91ED7B
:10A1D000082A1A608DED040B8DED001B8DED032A0E
:10A1E0003BF0F6FC9DED001B01469DED040B9DED43
:10A1F000032A284612F0EAFBB5E70A4A136803F57A
:10A200009C530833136007B030BD00BF706200205C
:10A2100068610020D8050120700201208805012016
:10A22000042001204C030120F81F012070B51C4DB3
:10A230008AB0002428460894CDE90244CDE90444BC
:10A24000CDE90644CDF823402FF01EF902462846FA
:10A2500001922FF01BF91F26019A014602A846F031
:10A2600055FC02A9324628462FF012F93C3521460A
:10A27000324602A846F072FC28462FF005F90190FC
:10A2800028462FF003F9019A014602A846F03EFC49
:10A29000324602A928462FF0FBF80AB070BD00BF75
:10A2A000A47101202DE9F0411E4D2B784BB90121FD
:10A2B0000C203EF06BFFBDE8F04101210C203EF088
:10A2C000E9BF194800212FF01DF917482FF0E0F9D8
:10A2D000164832F0F5F8E0B9144EDFF85880144F04
:10A2E0000524304632F0ECF8034632202BB1C8F892
:10A2F00000763BF079FC013CF3D12B78002BD6D0D3
:10A300000A48002132F0B2F80848002132F0B2F8D1
:10A31000CDE7064832F008F90146044832F0EEF87D
:10A32000DAE700BF88010120A4710120646B0120DD
:10A330003546526E000001402DE9F047544E554D10
:10A340003768D7F8008040463EF0C2FF034645F02C
:10A35000010503244FF4FA405BB9012C74D0A847DF
:10A3600040463EF0B5FF0346013C4FF4FA40002B57
:10A37000F3D001237B71484F464DD7F80080D8F8C1
:10A38000009048463EF0A4FF034645F00105032433
:10A390004FF4FA405BB9012C66D0A84748463EF01E
:10A3A00097FF0346013C4FF4FA40002BF3D0012302
:10A3B00088F80530DFF8EC90364DD9F80080D8F8F1
:10A3C00000A050463EF084FF034645F001050324FB
:10A3D0004FF4FA405BB9012C22D0A84750463EF01A
:10A3E00077FF0346013C4FF4FA40002BF3D00123E2
:10A3F00088F8053033681B793BB1284A136803F5A8
:10A400009C5308331360BDE8F0873B681B79002B31
:10A41000F3D1D9F800301B79002BEED1BDE8F087DD
:10A420003BF0D6FB98F80530002BE3D01C4BD8F856
:10A4300008201B68801A9842DCD33BF0C9FBA8F8BF
:10A440000440C8F80800D5E73BF0C2FB7B79002B3D
:10A4500091D0134BBA681B68801A98428BD33BF09B
:10A46000B7FBBC80B86086E73BF0B2FB98F80530DC
:10A47000002B9FD00A4BD8F808201B68801A9842FE
:10A4800098D33BF0A5FBA8F80440C8F8080091E772
:10A4900030610020406D0700346100204C03012032
:10A4A0002461002038610020424B1B682DE9F041F7
:10A4B0001E68414D30463EF00BFF034645F0010556
:10A4C00003244FF4FA405BB9012C0BD0A847304667
:10A4D0003EF0FEFE0346013C4FF4FA40002BF3D061
:10A4E000002600E02646354B334D1B681F68384672
:10A4F0003EF0EEFE034645F0010503244FF4FA401A
:10A500005BB9012C0BD0A84738463EF0E1FE03466C
:10A51000013C4FF4FA40002BF3D0002500E0254623
:10A52000274B254F1B68D3F8008040463EF0D0FEF5
:10A53000034647F0010703244FF4FA405BB9012CAE
:10A540000AD0B84740463EF0C3FE0346013C4FF4F4
:10A55000FA40002BF3D000249EB11A4E3378DBB1C1
:10A5600065B1194D2B78F3B124B1184C23785BB148
:10A57000BDE8F081154B1C70BDE8F081124B1D70D9
:10A58000F2E7104B1E70EBE73BF022FB104A012371
:10A5900010602370BDE8F0813BF01AFB0D4A0123E7
:10A5A00010603370DCE73BF013FB0B4A01231060B3
:10A5B0002B70D9E730610020406D07003461002026
:10A5C000386100204D020120540201205C0201206C
:10A5D00060020120500201205802012038B50F4AC4
:10A5E0000F4B126819688A4215D00E491A60002371
:10A5F0000B6001220C4C0D4B204600251A70E576AD
:10A6000033F05EFF2046012133F086FC4FF001134A
:10A61000C4E9045338BD0022ECE700BF706200209B
:10A62000CC15012004200120F40201208022012009
:10A6300038B504460130094D07D0094A2C6013682B
:10A6400003F59C530833136038BD2B680133F4D0F5
:10A650003BF0BEFA034B1860EFE700BF70620020CA
:10A660004C030120F81F01201A4A13680E2B28D032
:10A670000D2B15D0083312D0174B184993ED007AE3
:10A680000B68F1EE047AB4EEE77AF1EE10FA03F516
:10A690009C5394BF0B200A20083310600B60704756
:10A6A0000F4B10491A680B68013A9A420B4A14BFC3
:10A6B000013300230B60136803F59C5308331360C8
:10A6C000704706490B6803F59C5308335A200B600A
:10A6D0001060704770620020080601204C030120C2
:10A6E000C0620020BC0201200378462B01D000206C
:10A6F000704710B54378572B044627D114490822D8
:10A7000047F01DFA08B9012010BD12490622204663
:10A7100047F015FA0028F6D00F49204647F0E4F933
:10A720000028F0D00D49204647F0DEF90028EAD095
:10A730000B49204647F0D8F90028E4D009492046C3
:10A7400047F0D2F9B0FA80F0400910BD002010BDEA
:10A750000454070010540700185407002054070041
:10A7600028540700305407002DE9F04362498DB0AA
:10A770000822044647F0E3F900284CD15F4F3B78AC
:10A7800003F0FF06002B51D1083420462C2147F05E
:10A790009EF900284AD000F1010948462C2147F0D3
:10A7A00096F90546002841D020460A22314648F055
:10A7B00093F9A5EB0903082B80464AD1D9F800008C
:10A7C000D9F8041002AB03C302A801A98DF81060E8
:10A7D00012F05CFD00283CD008F1FF33B3F5CC2F1C
:10A7E00056D26878013590B1DFF85C91732648F055
:10A7F0007DF90446304648F079F9844207D115F8CE
:10A80000010F00285DD019F8016B002EEFD13C48F4
:10A81000FCF7D0FE0DE03B490622204647F08FF9B9
:10A8200050B9364B1B78012BDDB218D03648FCF7F7
:10A83000C1FE0DB0BDE8F0833449204647F054F91D
:10A84000C8B92E4B1B78022BF0D1314B01221A7064
:10A85000EFE73048FCF7AEFE0DB0BDE8F0830146EF
:10A860000A22A01D48F038F92B4B1B6883420FD1F8
:10A870002A4B1D70DDE72A49204647F035F968B9B3
:10A880001E4B1B78032BD1D1264B01221A70D0E727
:10A890002548FCF78FFE0DB0BDE8F0832349204624
:10A8A00047F022F948B12249204647F01DF9002817
:10A8B000BFD1204B01221A70BBE71F4B01221A7037
:10A8C000B7E799F80030002BA1D1134B1B4A019830
:10A8D000C3F8008005A901233B70106012F0A0FCB2
:10A8E000174A05AB08A8102147F02EF808A982B234
:10A8F00014482FF0FDFB9CE70454070009D4002006
:10A900004C5407001054070038540700185407002F
:10A91000416C002040540700606D0020AA6B0020AD
:10A92000205407005F6D002044540700285407009E
:10A9300030540700A96B00205E6D0020486C002099
:10A940005454070030050120615407000000000046
:10A9500083490978012900D070472DE9F0411C4650
:10A960009CB0804B1546CEB2412200210BA81E7030
:10A9700046F0F4F8402C2246294628BF40220BA876
:10A9800046F0C4F80BA847F0D2F8431E70B10BAAEA
:10A99000754F1A4412F801190A39C9B227FA01F0A1
:10A9A00016296FEA000003F1FF3310D96F4F3B788F
:10A9B000BBB16F490BA8052247F0C1F860BB062C5C
:10A9C0002AD86C4B01221A701CB0BDE8F08110F03F
:10A9D0000100EBD1591C5070DCD1644F3B78002B47
:10A9E000E7D1DFF8E88198F80030022B73D0402CD3
:10A9F00000F28280604904220BA847F0A0F8B0B9A9
:10AA00005E4C237803F0FF05002B4BD05C495D487A
:10AA100004222FF06DFBD7E75B4E338814FA83F3E3
:10AA2000B3F5005F49DD594B01221A70CCE7584954
:10AA300004220BA847F083F8D8B1564907220BA887
:10AA400047F07DF8002840F0C7809DF83330202B78
:10AA50000DF1330003D110F8013F202BFBD018215A
:10AA600013F000F898B94C494C4809222FF040FBEC
:10AA7000AAE79DF83030202B0CA803D110F8013F35
:10AA8000202BFBD0182112F0EDFF002834D03B4CD6
:10AA9000237803F0FF052BB13949404804222FF0F9
:10AAA00027FB91E73E4B40220BA9184647F059F887
:10AAB000012280F84050227086E73A4B30882946C0
:10AAC00013FA80F0224646F021F8338814FA83F313
:10AAD0009BB2338078E7082C14D833490BA847F091
:10AAE00003F820B131490BA846F0FEFF50B92146CA
:10AAF0000BA8FFF739FE67E72D49284805222FF0FC
:10AB0000F7FA61E798F80030022B7FF45DAF294B2C
:10AB10001A7802F0FF00002A7FF456AFDFF8B08009
:10AB2000254AD8F8007012682744974200F2C48082
:10AB3000224A234ED2F800C0318814FA81F1B1F5CF
:10AB4000805F40F2BF80DFF88CC0DCF8001001317C
:10AB500000F0CA801B4A1C49116001221A7033E7B9
:10AB600090010120FAB0002009004000F49000207C
:10AB70006854070041B30020805407005D6D002039
:10AB80005459070068040120F8B000209790002075
:10AB9000885407009054070098540700300501209E
:10ABA000006C0020F890002018540700285407007B
:10ABB0007854070008D40020606D0020A8E400202D
:10ABC000ACE40020446C00207054070009D400203D
:10ABD000848D0020B8600020A7490BA846F084FFB0
:10ABE00000285CD0A54905220BA846F0A8FF002844
:10ABF00055D0A34905220BA846F0A1FF00284ED04E
:10AC0000A0490BA846F070FF002848D09E490BA829
:10AC100046F06AFF00287AD09C490BA846F064FFF2
:10AC2000002874D09A4905220BA846F088FF002816
:10AC300000F0AA80974906220BA846F080FF002862
:10AC400000F0A280944905220BA846F078FF002866
:10AC500000F0CD80914906220BA846F070FF002835
:10AC600000F0C5808E4905220BA846F068FF002839
:10AC700000F09D808B4906220BA846F060FF00285B
:10AC800000F0958088490BA846F02EFF00284BD095
:10AC90000BA8FFF729FD00283FF496AE27E7834C69
:10ACA000237803F0FF050BB9814BFCE6814982480C
:10ACB00005222FF01DFA87E6804A814911600122A2
:10ACC0001A7081E67F4B03EB0C333088294613FA68
:10ACD00080F0224645F01AFF3388C8F8007014FA55
:10ACE00083F39BB233806FE63188DFF818E2754B4F
:10ACF00089B2AEF800101168CCF80010116881F02C
:10AD0000010111603080126803EB0233DDE76E4C05
:10AD1000237803F0FF05002B3FF4C4AE6B4966486F
:10AD200009222FF0E5F94FE6694B186844F036FF29
:10AD300003AE04460D4645EC104B3246022104207A
:10AD40003AF030FF48A3D3E900232046294644F0D7
:10AD5000C5FD47A3D3E9002344F078FF45F026FA68
:10AD60006428A8BF642020EAE0735A4A009618219C
:10AD700005A846F0E9FD05A846F0D9FE05A982B26E
:10AD80004D482FF0B5F91FE69DF82D30532B0CBF21
:10AD9000062005200BAB1844182112F063FE002892
:10ADA000B5D14D4944480D222FF0A2F90CE64B4D88
:10ADB0002B7803F0FF07002BB0D19DF82D30532BDB
:10ADC0003ED00DF131042046182112F04BFE002830
:10ADD000E7D021463E46424B424C18221846267088
:10ADE00046F0BFFE0021012201762A70ECE53B7897
:10ADF000002B93D13C4B1D78002D8FD19DF82D3029
:10AE0000532B27D00DF131042046182112F02AFED1
:10AE10000028C6D021462E46344C354B354D1E7089
:10AE20001822204646F09DFE334E34483449002314
:10AE30000122338023762B7003700A703A70C3E5C9
:10AE40000DF132042046182112F00CFE0028A8D083
:10AE50002146C0E70DF132042046182112F002FE0F
:10AE600000289ED02146D7E76666666666660A4079
:10AE7000721CC7711CC75B40A4540700AC54070088
:10AE8000B4540700BC540700CC540700D454070046
:10AE9000E8540700F0540700085507001055070054
:10AEA00018550700205507002855070002B100205B
:10AEB000A8900020C454070030050120446C0020F5
:10AEC0004454070060B300205D6D0020DC5407008F
:10AED000BC15012030550700F854070004B30020CA
:10AEE00028B300208C8D00209101012044B3002064
:10AEF0008D8D002097900020F8B0002041B30020F5
:10AF0000989000208C6B0020124B134901220020E6
:10AF100030B45A600325DA600424C3F8040541F212
:10AF20008830C3F80855C3F810454FF48035C3F88E
:10AF3000400560244FF08060C3F80022C3F804533A
:10AF400081F81A43C1F880010860044930BC0A70D6
:10AF50001A60704700A0014000E100E0756D00201C
:10AF600070B5304C304D314882B012F0A1FD40F246
:10AF70004C43032201212E48C4F800561EF07EF9EE
:10AF80002C4BC4F8005640F24C461978284840F241
:10AF90004C4303221EF00CFF3346032204212448B5
:10AFA000C4F800561EF03EFAC4F8005603230022EF
:10AFB00001211F4800961EF077FAC4F800560323BB
:10AFC000012200211A4800961EF06EFAC4F80056BD
:10AFD000032302220021164800961EF065FA03237F
:10AFE0001A46C4F800560021114800961EF05CFA7B
:10AFF000C4F80056032300210D48009606221EF0D7
:10B0000053FA0D4BC4F80056197809B102B070BD5F
:10B010003346032206481EF06BFDC4F8005602B00A
:10B0200070BD00BF000001403546526E646D0020C7
:10B03000082001207C6200207D620020104A114B14
:10B04000114810B50021114C11704FF47A6219604B
:10B05000216045F083FD0E48037C6BB90D4C3CF03C
:10B06000BBFE2068022113F0ABFE08B10023236071
:10B07000BDE810403CF0BABE103025F077FBEDE79C
:10B0800078260120C415012014060120B4150120E2
:10B0900084220120B80201202DE9F0430024BDB034
:10B0A000374B049401464FF47A75224607A8ADF851
:10B0B0001C408DF81E400595039325F095FD20B9A1
:10B0C000002528463DB0BDE8F0832E494FF480624C
:10B0D00007A825F0E9FD064607A825F047FBB6F5C9
:10B0E000806FEDDB284E009502A90191254802945E
:10B0F000334610AA4FF4806112F08CFA05460028FE
:10B10000DFD0224BDFF89880214FDFF8989010A90C
:10B110001846172246F025FD03461F22404616A971
:10B12000DC7546F01EFD88F81F403846DFF8788051
:10B130001F221EA946F015FDFC770F22154F26A9E8
:10B14000484646F00EFD0F222AA9404689F80F40D6
:10B1500046F007FD0F2238462EA988F80F4046F02A
:10B1600000FD029A0C4BFC731A6012B1013A56F8BA
:10B1700022200A4B28461A603DB0BDE8F08300BF8C
:10B180003C67070004E5002014060120800301202D
:10B1900060030120B8030120B4150120C41501206B
:10B1A00098030120C80301205003012070B50C4E04
:10B1B00005463CF011FE3068294613F0E9FD0446CF
:10B1C00020B93CF013FE3368204670BD2946306834
:10B1D00013F0EEFD30603CF009FE204670BD00BF6C
:10B1E000B802012030B5254B1C788BB004BB054656
:10B1F0000320FFF7DBFFD8B12149ADF8044001A8D7
:10B2000023462A468DF8064025F0E6FCB8B11C49D5
:10B21000ADF804402A46012301A88DF8064025F028
:10B22000DBFCF8B91749184807222EF061FF0BE044
:10B230001649154804222EF05BFF0BB030BD1449AF
:10B24000114809222EF054FF124C3CF0C5FD206835
:10B25000032113F0B5FD08B1002323603CF0C6FDC7
:10B260000BB030BD01A826F00FFE0028DAD00A4945
:10B27000054807222EF03CFFE6E700BF91010120C0
:10B28000A46600203C5507003005012054590700F2
:10B2900098540700B80201204455070010B5084C27
:10B2A00082B001903CF098FD2068019913F088FD70
:10B2B00008B10023236002B0BDE810403CF096BD09
:10B2C000B8020120F8B5174D174F184E184C194900
:10B2D000194A1A4800233B7033702B70184D2370A5
:10B2E0000B70184C13701849184A2B70184D2360B6
:10B2F00013600B80174C1849027C2B604FF0FF3510
:10B3000025600B804AB9154C237803B9F8BD03209A
:10B31000FFF7C4FF00232370F8BD103025F026FA94
:10B32000F1E700BF416C002009D40020AA6B002087
:10B330005F6D00205E6D0020A96B002084D300208B
:10B3400008D40020A8E40020ACE40020446C0020D5
:10B35000848D0020B86000208C6B002062D4002017
:10B3600008B5082209490A482EF0C2FEFFF7AAFFD5
:10B37000C8203AF039FCFF210020FBF7BBFF572122
:10B380000020FBF7B5FFFBF79DFF00BF4C55070002
:10B39000300501202DE9F0433E4B3F4C3F49D3F8A7
:10B3A00000803F4D3F4E0128BDB004BF25460E46EC
:10B3B000B8F1000F54D107460320FFF7F7FE00282D
:10B3C0004ED0394B394A3A4C3A49CDF80480012FD6
:10B3D00018BF1A4604A843464FF47A77ADF8108098
:10B3E0008DF812800297009425F0F6FB9DF810303E
:10B3F000002B40D0DFF8C890DFF8C8802E4F04E063
:10B4000011A825F0B3F9C8F8007600224FF47A733A
:10B4100004A911A80F93CDE90D42ADF844208DF891
:10B42000462025F0FFFE9DF844300BB313F0D00FFB
:10B43000E6D11AA9402211A827F04AF91AAB2AA886
:10B440002A46462146F080FA431E442BD8D882B2C1
:10B450002AA948462EF04CFE0A203AF0C5FBCFE759
:10B46000164917480C222EF043FE3DB0BDE8F0838C
:10B4700004A825F07BF90320FFF710FF304646F0C3
:10B4800056FB314682B20E482EF032FE3DB0BDE88A
:10B49000F08300BFB80201206C5507007855070003
:10B4A0005855070064550700A0680700006D0700A5
:10B4B0003C670700A46600203546526E80550700A1
:10B4C00030050120000001402DE9F0473C4B1C688D
:10B4D000ADF5287D24B90320FFF768FE054640B985
:10B4E0003849394804222EF003FE0DF5287DBDE8C9
:10B4F000F0872346354E364A364904944FF47A771E
:10B5000007A8ADF81C408DF81E400597039625F05E
:10B5100063FB9DF81C30002B4ED0DFF8CC90DFF899
:10B52000CC802D4F05E014A825F020F92B4BC3F853
:10B53000007600224FF47A7307A914A8CDE91062AF
:10B54000ADF850208DF85220129325F06BFE9DF837
:10B55000504014B314F0D004E5D10DF1740A5146F3
:10B560004FF4807214A827F0B3F81B9A0192002DB3
:10B5700014BF4B4643461A4ACDF800A04FF49671CB
:10B580005DA846F0E1F95DA982B20F482EF0B0FD4A
:10B590000A203AF029FB2546C5E707A825F0E6F87A
:10B5A0000320FFF77BFE0F49074803222EF0A0FD82
:10B5B0000DF5287DBDE8F0870320FFF76FFE8FE7CC
:10B5C000B802012054590700680401203C670700B5
:10B5D000B0530700A46600203546526E00000140BB
:10B5E00094550700A0550700847F07009055070079
:10B5F000F0B52E4E337C8FB00446002B51D1032082
:10B60000FFF7D4FD002845D000272246284C2949C1
:10B6100001943B464FF47A7505AC05A80395029753
:10B62000ADF814708DF8167025F0D6FAA446BCE873
:10B630000F00214D029C74600FC5BCE80F000FC5C0
:10B64000DDE90321337CDCF800002860C6E9022133
:10B65000B3B11A48F36A1A4A1A4903600120176005
:10B660000870194A202101A846F06EF901A846F099
:10B670005EFA01A982B215482EF03AFD0FB0F0BD76
:10B680000320FFF70BFE1249104805222EF030FD73
:10B690000FB0F0BD0F490D4804222EF029FD0FB068
:10B6A000F0BD06F1100025F061F8A8E75001012077
:10B6B0003C670700A466002060010120840101208E
:10B6C0004801012091010120A45507003005012007
:10B6D00078540700545907002DE9F04F1F4C85B0EE
:10B6E00004F26C4980464F4604F2444BA2460325BF
:10B6F00001AEFF220023CDF80880ADF804200393AB
:10B7000096E80E00384628F081FA94F87E34134803
:10B71000C4F8689401223946BBB927F08BFA60B1AE
:10B72000584625F023F80E48514625F09FFA60B19F
:10B730000C4B1C6005B0BDE8F08F0346024639464D
:10B74000064827F077FA0028EAD164203AF04CFA4C
:10B75000013DCED1284605B0BDE8F08FA46600209B
:10B76000E86A0020FC5E012010B52448244A037CCE
:10B770000021117053BB234A234B002414701C700A
:10B78000FFF7A0FD214A224B2248147021461C706D
:10B790002DF0B8FE204830F093FE38BB1D482DF048
:10B7A00077FF1E4B1B78C3B901210C203DF0EEFC46
:10B7B00001210C203DF06EFD19491A4A1A48002358
:10B7C000BDE810400B701370FFF786BF103024F0F7
:10B7D000CDFF0320FFF762FDCDE70F48002130F0D9
:10B7E00045FE0D48002130F045FEDDE70A4830F007
:10B7F0009BFE0146084830F081FECFE75001012052
:10B800004401012091010120FAB000205D6D00206B
:10B8100002B10020A4710120646B01208801012085
:10B820004C0101209001012080841E00F0B5244DC0
:10B83000244F002387B028463B70FFF74DFF044696
:10B8400010B1204607B0F0BD1F4E0495FF230590B0
:10B85000ADF80C3006F26C4506AB13E90E00284635
:10B8600028F0D4F996F87E34C6F86854002BE8D155
:10B87000D6F86C3428469B6998470028E1D0D6F862
:10B880006814019123460122304627F0D3F901992B
:10B8900060B10E4824F06AFF0B4901F2444025F0E4
:10B8A000E5F950B10A4B04461E60CAE7234622461A
:10B8B000304627F0BFF90028EBD101233B70C0E7E9
:10B8C00080841E0079260120A4660020E86A0020FA
:10B8D000FC5E012010B58AB000231A4A1A49ADF85F
:10B8E000043001A88DF8063025F076F960B90446D9
:10B8F000ADF80400134A15498DF80640012301A84C
:10B9000025F042F8044658B10023114A0E49ADF81B
:10B91000043001A88DF8063025F05EF9044610B118
:10B9200020460AB010BD0A4A0849ADF8044001A8F3
:10B9300001238DF8064025F027F8012420460AB09F
:10B9400010BD00BFA0680700A4660020E86A0020C0
:10B95000006D07002DE9F04F3D4E3E4D96F800C0BA
:10B9600015F80C308DB05BB302ABDFF804A1DFF843
:10B970000491DFF80481DFF804B101930AEB0C13A2
:10B980000FCB019C19F80CE058F82C7084E80F00DC
:10B990008CF0010000233070714606AA2046CDE9E4
:10B9A0000633CDE90833CDE90A3305F80C3013F03E
:10B9B0007BFA58B996F800C015F80C30002BDDD191
:10B9C000254B1B782BBB0DB0BDE8F08F0DF1180E89
:10B9D000BEE80F00DFF8A8C0204CACE80F009EE8DE
:10B9E00003004CF8040B1E488CF800100123037070
:10B9F000BDF82A1027603A46584613F0E7FA96F841
:10BA000000C015F80C30002BB8D1134B1B78002B5D
:10BA1000D9D03AF0DDF8124B1A780346A2B90246A3
:10BA200047F22F518A42CED90E4C22689A1A8A4286
:10BA3000C9D90D4823602FF0C3F80B4800212FF01F
:10BA40009DF80A4B1870BEE7044A1268821AE7E7AD
:10BA5000706B002060D40020A86B002004D400206C
:10BA60005C6D0020FC6B0020007201209A90002089
:10BA700060D3002080D30020FCD300209CE4002071
:10BA8000746B002070B5144C237813B99FED130A22
:10BA900070BD134D2E683AF09BF80146304613F006
:10BAA0007FFA0028F2D023781BB90E4B93ED000AE1
:10BAB00070BD2C683AF08CF80146204613F070FAFD
:10BAC0000028F2D03AF084F80146074813F088FACB
:10BAD0000028EAD1DAE700BF5C6D00200000C07FDB
:10BAE00004D40020746B00209CE4002070B5144C3A
:10BAF000237813B99FED130A70BD134D2E683AF0E9
:10BB000067F80146304613F04BFA0028F2D023784C
:10BB10001BB90E4B93ED010A70BD2C683AF058F832
:10BB20000146204613F03CFA0028F2D03AF050F8D3
:10BB30000146074813F054FA0028EAD1DAE700BFBB
:10BB40005C6D00200000C07F04D40020746B0020D6
:10BB50009CE4002070B5144C237813B99FED130AB0
:10BB600070BD134D2E683AF033F80146304613F09D
:10BB700017FA0028F2D023781BB90E4B93ED020A76
:10BB800070BD2C683AF024F80146204613F008FAFC
:10BB90000028F2D03AF01CF80146074813F020FACA
:10BBA0000028EAD1DAE700BF5C6D00200000C07F0A
:10BBB00004D40020746B00209CE4002000000000EE
:10BBC0002DE9F04F9A4C9B4A94F828302DED0A8BC2
:10BBD0000021ADF5277D1170002B00F08980964D76
:10BBE0002E68002E00F0E280944B94ED042A197820
:10BBF000D4ED052A94ED000B94ED021B002940F0D2
:10BC0000EC8030468DED121B8DED100BCDED152A1D
:10BC10008DED142A1FF0B8FA9DED121B9DED100B4F
:10BC2000DDED152A9DED142A28681FF0C1FB94F85C
:10BC30002830002B5CD0824B1B78002B46D0814BE8
:10BC40001B78002B42D0804E3378002B59D02069CE
:10BC500043F0A4FF02460B46A06943EC182B43F0C7
:10BC60009DFF02460B466069676A43EC1A2B43F05E
:10BC700095FF6DA3D3E9002343F0E8FF94ED00CBDB
:10BC800094ED02BB56AD41EC190B284685ED089B9F
:10BC900085ED048B85ED06AB85ED00CB85ED02BB14
:10BCA000AF6212F019F9002840F0E080674D39F0DA
:10BCB0008FFF2A6842F21073801A984206D939F031
:10BCC00087FF034662482B6025F044FB6069614CA6
:10BCD00043F064FF54A3D3E9002343F0B7FF44F0DB
:10BCE000ADFA20600DF5277DBDEC0A8BBDE8F08F25
:10BCF000534B1B78002BE9D0524B1B78002BE5D01F
:10BD0000514E3378002BE1D194F82930002BDDD04F
:10BD1000514D39F05DFF2B68C01AB0F57A7FD5D34D
:10BD200039F056FF034601202B60FFF73FFA002849
:10BD3000CCD094F82F2094F82E3094F8310094F859
:10BD400030100291CDE900320390444FA38D444A54
:10BD5000502166A845F0F8FD66A907F1100040F2F1
:10BD6000016224F041FF3B7C002B00F0DA8156ADEC
:10BD7000284640220A2144F0F1FE07F110084FF452
:10BD800080673F2F3A462946404640F2A081402234
:10BD900025F044FB402840F0C181403FF1D13149BA
:10BDA0002E4838F085FF012333708FE72E4D2E6823
:10BDB000002E3FF440AF214B197849BB304623F0A9
:10BDC00091FC94ED021B94ED000B2868D4ED052A3C
:10BDD00094ED042A22F0DCFF29E794F83110A38EB9
:10BDE00094F8322094F83000CDED152A8DED121B19
:10BDF0008DED100B8DED142A11F0F4FE9DED100B5E
:10BE00009DED121B9DED142ADDED152A0146F8E685
:10BE100094F83110A38E94F8322094F8300011F089
:10BE2000E1FE0146CAE700BF0B410E4A9869F23FA6
:10BE300088050120C005012084020120D4050120CD
:10BE400088260120D80301207A260120C015012070
:10BE5000D002012008060120C8150120C0020120DF
:10BE6000EC5507000C560700A02601203AAA08212D
:10BE7000B0EE4C0AF0EE6C0A012039F093FEB0EE01
:10BE80004B0AF0EE6B0A40AA0821012039F08AFE25
:10BE9000B0EE4A0AF0EE6A0A012117AA084639F004
:10BEA00081FEB0EE490AF0EE690A32AA02210120B1
:10BEB00039F078FEB0EE480AF0EE680A36AA0221A0
:10BEC000012039F06FFEE06943F068FE1AAA41ECE8
:10BED000100B0221012039F065FE206A43F05EFE5E
:10BEE0001DAA41EC100B0221012039F05BFE8F4BA3
:10BEF000186843F053FE20AA41EC100B03210120E7
:10BF000039F050FE8A4B186843F048FE23AA41ECF2
:10BF1000100B0321012039F045FE864B186843F0D1
:10BF20003DFE26AA41EC100B0321012039F03AFE18
:10BF3000FFF7A8FD10EE109AFFF7D8FD10EE10AA3B
:10BF4000FFF708FE09F0FF42B2F1FF4F10EE10BA02
:10BF500000F0C380484643F021FE0DF1A40941ECF6
:10BF6000100B012108464A4639F01CFE48460B21B9
:10BF700012F048F8002800F0B7800AF0FF42B2F152
:10BF8000FF4F00F0C080504643F008FE0DF1B00AAC
:10BF900041EC100B01210846524639F003FE504691
:10BFA0000B2112F02FF8002800F0B4800BF0FF42B4
:10BFB000B2F1FF4F00F09C80584643F0EFFD0DF1C9
:10BFC000BC0B41EC100B012108465A4639F0EAFD42
:10BFD00058460B2112F016F8002800F090803AAB7A
:10BFE0004C9340AB4D9317AB4E9332AB4F9336AB64
:10BFF00050931AAB51931DAB529320AB539323AB89
:10C00000549326AB0DF59878559358F8040B1421EA
:10C0100011F0F8FF00283FF449AEA845F5D1464B92
:10C020001B78002B3ED10020014646AA182311F0B0
:10C03000F3FE424B424D1A68089226A90B9123A9A0
:10C040000A9120A909911DA907911AA9069136A95B
:10C05000059132A9049140A903913AA9029117A927
:10C06000CDE90071CDE90C9A4FF48071354ACDF8D5
:10C0700038B046AB66A845F067FC66A9284638F09C
:10C0800087FE00287FF412AE2F4A2B7C1070307090
:10C090000BB1FDF751FC2D4824F068FB0120FFF7A0
:10C0A000FDF803E694F8322094F83130A08DA18E8B
:10C0B0000291CDE9003200F5FA6094F8303094F83E
:10C0C0002F2094F82E1080B211F09EFDADE725F0E0
:10C0D000A5F9B84222D1403F53E6C9F31603002B1D
:10C0E0003FF438AF0DF1A409194BC9F8003044E70B
:10C0F000CBF31603002B3FF45FAF0DF1BC0B144BD9
:10C10000CBF800306BE7CAF31603002B3FF43BAFCC
:10C110000DF1B00A0E4BCAF8003047E70B4824F087
:10C1200025FB0120FFF7BAF8D0E500BF3CFD002059
:10C1300040FD002044FD0020D4050120A826012058
:10C14000C0020120BC550700D8030120D002012005
:10C150006E616E000D4B1B780BB9002070470C4BC5
:10C1600010B51C6839F034FD0146204612F018FF66
:10C1700048B139F02DFD0146064812F031FF80F03C
:10C180000100C0B210BD002010BD00BF5C6D0020DA
:10C1900004D400209CE400202DE9F043B84EB94DB2
:10C1A00033782A789A42A1B0D8B200F28B812B78EA
:10C1B000C31ADBB2002B00F02B812978B24A01F0C0
:10C1C0000F01012B52F82110009100F08D80297889
:10C1D000013101F00F01022B52F82110019100F002
:10C1E00083802978023101F00F01032B52F82110CE
:10C1F000029179D02978033101F00F01042B52F814
:10C200002110039170D02978043101F00F01052B22
:10C2100052F82110049167D02978053101F00F01FF
:10C22000062B52F8211005915ED02978063101F0D5
:10C230000F01072B52F82110069155D029780731AC
:10C2400001F00F01082B52F8211007914CD02978EA
:10C25000083101F00F01092B52F82110089143D049
:10C260002978093101F00F010A2B52F821100991A8
:10C270003AD029780A3101F00F010B2B52F8211026
:10C280000A9131D029780B3101F00F010C2B52F8B3
:10C2900021100B9128D029780C3101F00F010D2BC2
:10C2A00052F821100C911FD029780D3101F00F01A7
:10C2B0000E2B52F821100D9116D029780E3101F075
:10C2C0000F010F2B52F821100E910DD029780F314C
:10C2D00001F00F01102B52F821100F9104D02B7890
:10C2E00003F00F0352F82330DFF8B4C1DFF8CCE1DC
:10C2F0009CF800402870013BDBB201AA02EB8307E7
:10C30000DEF80000614A6B46002C40F0F4801078A3
:10C3100000F0FF01002840F0A98018680C460433A3
:10C32000BB421ED092F800801968B8F1000F40F0AF
:10C33000A080DFF88C81D8F80090A1EB0008C145FF
:10C3400000F292805248804500F28E8020A800EBD7
:10C35000840904330134BB42084649F8408CE4B2F6
:10C36000E0D10123CEF800008CF80030002C4FD033
:10C37000012C109B39D9119A022C134435D0129AF2
:10C38000032C134431D0139A042C13442DD0149A47
:10C39000052C134429D0159A062C134425D0169A3F
:10C3A000072C134421D0179A082C13441DD0189A37
:10C3B000092C134419D0199A0A2C134415D01A9A2F
:10C3C0000B2C134411D01B9A0C2C13440DD01C9A27
:10C3D0000D2C134409D01D9A0E2C134405D01E9A1F
:10C3E0000F2C13441CBF1F9A9B1807EE903A07EEC0
:10C3F000104A284AF8EE677AB8EE470AD2ED000AEA
:10C4000087EE800A12F092FE2348214612F05EFE6B
:10C41000224B1A781AB1224900220A701A70214A56
:10C42000214B1468DB68D90103D5204B1A68D20769
:10C430004ED43AF0E5FD1E4B1E4AA0FB0301830AD1
:10C4400043EA81531B1B934248D8134A1A4BD2ED3F
:10C45000007AB6EE007A77EE877AFDEEE77AC3EDE2
:10C46000007A21B0BDE8F083084658E718681470D8
:10C4700055E74FF00008084682F800804FE700BFFC
:10C48000EC260120EE260120AC26012020610020B0
:10C4900080841E0018610020BC600020ED26012071
:10C4A0005DB30020A4260120F0ED00E0001000E0C4
:10C4B00040420F0020A10700A8260120EC90002098
:10C4C0001C6100202A7800F110039B1ADBB271E690
:10C4D0005B680A4A9B091B1B9342B6D9084812F0B5
:10C4E000EDFD084B084A0121197033780021DBB2B9
:10C4F0002B701170A9E7002414E700BF20A10700EA
:10C50000BC600020206100205DB3002038B5234DC1
:10C510002C782CB94FF08043D3F83834DB0701D4A2
:10C52000204638BD0520FEF741FE0028F8D01C4803
:10C53000FFF7D2F810B91B48FFF7CEF81A4BD3F823
:10C54000680403689B699847024600B34FF4007380
:10C550001648002128F03EFA14480122002128F054
:10C5600041FA124828F050FA044658B1104827F012
:10C57000D9FF322039F038FB0D4827F0D5FF0123D1
:10C580002B70CDE702460146084828F02BFA0548F3
:10C59000FFF7A2F80520FEF781FEC1E74A5A012005
:10C5A00000127A0080841E00A46600200CD40020B3
:10C5B000245F0120002238B51148124D114628F0A1
:10C5C00011FA39F005FB044608E039F001FB2B684D
:10C5D000C01A632808D8052039F006FB39F0F8FAAC
:10C5E000001BB0F57A7FF0D3074BD3F868040368DB
:10C5F000DB699847322039F0F7FAFAF763FE00BF9B
:10C600000CD40020788D0020A46600202DE9F8438A
:10C610000B8D0C464FF6FF718B42054610D0226AF7
:10C620008380D90902EBC10203F07F03526802EB59
:10C63000C30132F83330016023852846BDE8F88312
:10C640001646A28C002A30D1E38C002B00F08980A2
:10C650000123276ADFF87491A3844FF480604FF0C0
:10C66000800833681B684B4577D139F0D9FAA38C21
:10C67000246A7860013B9BB204EBC30100284A683E
:10C6800008BF4FF000080020A7F80080788022B192
:10C6900034F83340488884422CD800224FF6FF7388
:10C6A0002A60AB802846BDE8F883276A531E9BB2F8
:10C6B00007EBC30CBE46DCF8040028B1BCF802103E
:10C6C00037F8338088451ED8E38C9A4227D0DFF8AC
:10C6D000FC90531C9BB2B3F5007F0EEBC207A38402
:10C6E00015BF4FF480604FF47E704FF080084FF01C
:10C6F0007F08B6E702EBC00200EBC31301302A60EB
:10C70000AB80488099E700EBC10001EBC313013116
:10C710002860AB80ACF802102846BDE8F883B3F57A
:10C72000007FBAD05B00A7421FFA83F833681AD0A3
:10C7300025489B6883424FEAC8013AD1384645F004
:10C74000EBF88646BEF1000FA7D0DFF88090A28CF0
:10C75000C4F820E0A4F82680BBE70146304698479D
:10C7600085E7276ADEE7DFF864901B684B454FEAF0
:10C77000C80024D139F054FA8646BEF1000F8CD09F
:10C7800021686268A368E068CEF80C00CEF800105B
:10C79000CEF80420CEF8083021696269A369E06907
:10C7A000CEF81C00CEF81010CEF81420CEF81830B9
:10C7B000CDE70A463046394698478646C2E70146E5
:10C7C000304698478646D8E7097602001976020077
:10C7D0002DE9F04F80468B4658F8043B98E8070057
:10C7E00093F83C4093B006AF0DF12409202C87E864
:10C7F000070089E8070062D10CAC84E8070094E8E0
:10C8000007000FAC84E8070000900446002856D0CB
:10C810001D8F4FF6FF72954251D0DB6AE90903EB99
:10C82000C10105F07F05496811EBC50547D0109996
:10C83000EE880292481E22184FF0010A2C460395FA
:10C8400004963546CDF8148001921E468846BAF10A
:10C85000000F11D1029B9D4231D0E80906EBC000C8
:10C8600005F07F05446814EBC50428D08AF0010A5E
:10C87000E588BAF1000FEDD0207904283CD00528D6
:10C8800036D002281FD0B8F1000FE3D12A464FF668
:10C89000FF718A423346DDF81480DDE903560ED07D
:10C8A000D00903EBC00002F07F02416811EBC20126
:10C8B00005D00A79111F012925D9022A23D058460B
:10C8C00013B0BDE8F08F204645F031F94045C1D1A5
:10C8D000B8F1000FDAD0009B013C581E10F8012F70
:10C8E00014F8013F9A42B5D1019B8342F6D1CDE7BE
:10C8F0002468E0880834E9E724682046002CE5D065
:10C9000045F015F9E2E798E807000CAC84E8070069
:10C9100087E8070089E8070094E807000FAC84E87F
:10C920000700804600283ED0109C671E0744BB4687
:10C93000274654464FF6FF799A467CB94E4532D089
:10C94000F3090AEBC30306F07F065D6815EBC60525
:10C9500029D084F00104EE88002CEFD02B79042B31
:10C9600027D0052B3ED0022B38D0002FE6D14FF632
:10C97000FF729642534616D0F20903EBC20306F04B
:10C980007F065A6812EBC60B99D09BF80430042B33
:10C990002CD0052B2DD0022B18BF4FF0000B584682
:10C9A00013B0BDE8F08F4FF0000B584613B0BDE850
:10C9B000F08F2D6828460DB145F0B9F8B842BDD1C9
:10C9C000002FD4D0681E08F1FF3313F8011F10F8B0
:10C9D000012F9142B2D15B45F7D1C8E7284645F017
:10C9E000A6F8EBE72D68E8880835E7E752F836B097
:10C9F00065E752F8363003F1080B60E72DE9F047A0
:10CA0000056804460E46002972D0084645F08FF8A6
:10CA10008046002D58D02B79202B55D1002E53D095
:10CA20002B884FF6FF77BB424ED06268D2F82C902D
:10CA3000D90909EBC10103F07F024B6813EBC20374
:10CA400042D04FF0010ADD88BAF1000F10D1BD428B
:10CA50003AD0EA0909EBC20205F07F05536813EBEF
:10CA6000C50331D08AF0010ADD88BAF1000FEED09B
:10CA70001A79042A35D0052A2ED0022A27D0002080
:10CA800004468045E3D1B8F1000F0BD0721E631E3F
:10CA900002EB080112F8014F13F8010F8442D6D1BE
:10CAA0008A42F7D14FF6FF739D420DD0EB0909EB97
:10CAB000C30905F07F05D9F8040000EBC505281E61
:10CAC00018BF0120BDE8F0870020BDE8F0871846B8
:10CAD0001C4645F02CF8D4E71B68D88803F10804FD
:10CAE000CFE71C682046002CCBD045F020F8C8E7E3
:10CAF00088468EE7000000008368002B00F0F68077
:10CB00001A79402A40F0F2802DE9F04F1B884FF649
:10CB1000FF77BB428FB01CD0D0E90324D56ADA0975
:10CB200005EBC20203F07F03526812EBC30310D07F
:10CB3000DA881CB912E0013CDA880FD0D109BA4278
:10CB400005EBC10102F07F0603D04B6813EBC6036F
:10CB5000F1D19FED950B0FB0BDE8F08F143007C8F1
:10CB60001E7901AC84E80700202E04AC84E807009D
:10CB7000EFD194E8070007AC84E807000AAC84E82A
:10CB8000070082460028E4D018884FF6FF77B842A5
:10CB9000DFD0C20905EBC20200F07F03506810EB42
:10CBA000C300D6D0DDF82C90C68809F1FF384FF0CD
:10CBB000010BD044BBF1000F10D1BE42C9D0F20925
:10CBC00005EBC20206F07F03506810EBC300C0D033
:10CBD0008BF0010BC688BBF1000FEED00279042A5E
:10CBE0007DD0052A77D0022A60D0B9F1000FE4D1B8
:10CBF0004FF6FF708642ACD0F20905EBC20206F098
:10CC00007F03576817EBC301A3D00A7912F0100411
:10CC10000CD037F83340844200F0C180E00905EBC6
:10CC2000C00504F07F006C6804EBC004023A1C2AC3
:10CC30008FD801A050F822F0F7CC020053CB0200AD
:10CC4000F3CC020075CD02003FCD020053CB0200B1
:10CC500053CB020053CB02004DCD020053CB020058
:10CC60005BCD020053CB020069CD020053CB020022
:10CC700053CB020053CB020053CB020053CB020034
:10CC800053CB020053CB020053CB020053CB020024
:10CC900053CB020053CB020083CD020053CB0200E2
:10CCA00091CD020053CB02007DCD0200044644F03A
:10CCB0003EFF484581D1B9F1000F99D0601E0AF1BD
:10CCC000FF3212F8014F10F8011F8C427FF475AF4C
:10CCD0009045F6D18CE70468E0880834E9E70468F9
:10CCE0002046002CE5D044F022FFE2E79FED2E0B1A
:10CCF000704757F833100AA8FCF75EFB9DF8283000
:10CD0000013B032B3FF625AFDFE803F0130C0502D0
:10CD10009DED0C0B1FE7DDE90C0142F061FF41ECDA
:10CD2000100B18E7DDE90C0142F062FF41EC100B3B
:10CD300011E70C9842F032FF41EC100B0BE717F8AB
:10CD4000330042F009FF41EC100B04E757F83300C1
:10CD500042F002FF41EC100BFDE657F8330042F0C1
:10CD60000BFF41EC100BF6E6086842F017FF41ECB0
:10CD7000100BF0E657F833100831BCE794ED000BC8
:10CD8000E9E6D4E9000142F02BFF41EC100BE2E6AA
:10CD9000D4E9000142F02CFF41EC100BDBE600244B
:10CDA00044E700BFAFF30080000000000000000077
:10CDB0002DE9F04F00F10C02034607CAD3E9014602
:10CDC0008FB001AB83E80700002C74D093E8070014
:10CDD000257904AB202D83E807006CD107AB0AAF9F
:10CDE00083E8070087E807008246002863D0208890
:10CDF0004FF6FF7840455ED0D6F82C90C20909EB7B
:10CE0000C20200F07F03506810EBC30053D04FF014
:10CE1000010B0B9EC588BBF1000F10D145454AD0D0
:10CE2000EB0909EBC30305F07F05586810EBC5005B
:10CE300041D08BF0010BC588BBF1000FEED0037918
:10CE4000042B56D0052B50D0022B39D0002EE5D123
:10CE50004FF6FF7085422ED0EB0909EBC30305F0B6
:10CE60007F055C6814EBC50125D00B7913F0100227
:10CE70000DD034F83520824200F09780D00909EBBC
:10CE8000C00902F07F00D9F8042002EBC002023B87
:10CE90001C2B10D8DFE803F0360F34595D0F0F0F4D
:10CEA000640F6B0F720F0F0F0F0F0F0F0F0F0F0F7E
:10CEB000780F7F0F86009FED3E0B0FB0BDE8F08F1F
:10CEC000044644F034FE8642A8D1002EC0D00AF1B8
:10CED000FF33601E9A1901E09A42B9D013F8014F4E
:10CEE00010F8011F8C42F7D098E70468E0880834F6
:10CEF000E9E70468002CA9D0204644F018FEE2E7D8
:10CF000054F835103846FCF757FA9DF82830013BA5
:10CF1000032BD0D8DFE803F0130C05029DED0C0BBA
:10CF2000CBE7DDE90C0142F05BFE41EC100BC4E7FE
:10CF3000DDE90C0142F05CFE41EC100BBDE70C9802
:10CF400042F02CFE41EC100BB7E754F835100831D5
:10CF5000D8E714F8350042F0FFFD41EC100BACE7C8
:10CF600054F8350042F0F8FD41EC100BA5E754F8F9
:10CF7000350042F001FE41EC100B9EE7086842F0DC
:10CF80000DFE41EC100B98E7D2E9000142F028FEBB
:10CF900041EC100B91E7D2E9000142F029FE41EC8F
:10CFA000100B8AE792ED000B87E700226FE700BFC6
:10CFB00000000000000000002DE9F04F85B004AC37
:10CFC00004E90E00DDF80480B8F1000F47D00088B6
:10CFD0004FF6FF76B04242D00E9BD3F82C90C20998
:10CFE00009EBC20200F07F03506810EBC30036D09B
:10CFF000029DB0F806B06F1E4FF0010A4744BAF127
:10D00000000F12D1B3452AD04FEADB1309EBC3035B
:10D010000BF07F0B586810EBCB0020D08AF0010A90
:10D02000B0F806B0BAF1000FECD00379042B31D080
:10D03000052B2BD0022B16D0002DE3D14FF6FF731A
:10D040009B450CD04FEADB1309EBC3090BF07F0BB8
:10D05000D9F8040000EBCB0005B0BDE8F08F00204C
:10D0600005B0BDE8F08F044644F061FDA842C9D187
:10D07000002DE3D0601E08F1FF3313F8011F10F8F4
:10D08000012F9142BED19F42F7D1D7E70468E088D3
:10D090000834EBE704682046002CE7D044F047FD55
:10D0A000E4E700BF2DE9F04184B0064604A800E99A
:10D0B0000E003068DDE90187A8B17D1E4544C388B4
:10D0C000BB420DD1002F56D008F1FF33C21D01E045
:10D0D000AB4250D013F8014F12F8011F8C42F7D029
:10D0E00000680028EBD1B7F5803F4AD20A9B2E4A50
:10D0F0001B681B68934207F1090046D138F090FD88
:10D1000000283ED00123C780838000F108054FB37B
:10D1100000F10C0108F10402954238BF884507F17F
:10D12000FF3336D3072B34D927F003044444434656
:10D130002A4653F8041B42F8041BA342F9D1BA074C
:10D1400027F003030ED018F80320EA545A1C974224
:10D1500008D9023318F80210A9549F4202D918F8CE
:10D160000320EA54074400233B72336803603060B5
:10D1700004B0BDE8F08183880133838004B0BDE84A
:10D18000F081002004B0BDE8F08101460A9898477C
:10D19000B6E74344C21D08F1FF3818F8011F02F832
:10D1A000011F9845F9D1DDE7197602000000000063
:10D1B0002DE9F04F59EC108B89B082460C4610EEE9
:10D1C000100A00220023494642F0A8FF002800F080
:10D1D0007181DAF804300193234601252CB105EB67
:10D1E0008505013B4FEA4505F9D1FEA3D3E90023AC
:10D1F0004046494642F0B0FF002800F0E380FBA320
:10D20000D3E900234046494642F0A6FF002840F0FB
:10D2100015820746F7A3D3E900234046494642F06A
:10D220009BFF002840F0FE81F4A3D3E90023404691
:10D23000494642F091FF002840F03082F1A3D3E943
:10D2400000234046494642F087FF002840F01A82FA
:10D25000EEA3D3E900234046494642F07DFF002873
:10D2600040F00482EBA3D3E900234046494642F054
:10D2700073FF002840F0EE81E8A3D3E90023404685
:10D28000494642F069FF002840F06881D04B0022F7
:10D290004046494642F060FF002840F05381CD4BA4
:10D2A00000224046494642F057FF002840F03E81A8
:10D2B0004046494642F0A2FF092806460ED9C64913
:10D2C0000346A1FB05251A46013CA1FB0303632A83
:10D2D0004FEAD50564B24FEAD303F2D8304642F0A4
:10D2E0003BFC02460B464046494642F0F7FA804670
:10D2F0002846894642F030FC02460B4640464946E5
:10D3000042F0A4FC8946804642F078FF834642F012
:10D3100023FC02460B464046494642F0DFFA0246ED
:10D320000B4642F0DDFA42F069FF5844A842C0F0D3
:10D33000D6800136002F40F0EE800020002C10DD5A
:10D34000A54BA64D02E0002900F0D280A3FB0020EF
:10D35000C00803FB00F2013CB5EB720FE1B264B20E
:10D36000F1D20DF11E019C480B463246092AA0FB62
:10D37000065603F1FF334FEAD606F6D8019ACB1AC8
:10D380001344CAF804302CB1013CE4B20234234403
:10D39000CAF80430002F12D0C0F2C4800133BFB2EB
:10D3A0008D4C08463A46092AA4FB075700F1FF3086
:10D3B0004FEAD707F6D8091A0B44CAF8043009B067
:10D3C000BDE8F08F002200234046494642F0CEFEE1
:10D3D00000286DD068A3D3E900234046494642F0B7
:10D3E000B1FE002864D066A3D3E900234046494635
:10D3F00042F09EFE002840F0B081074662A3D3E9C8
:10D4000000234046494642F093FE002840F09981AF
:10D410005FA3D3E900234046494642F089FE002835
:10D4200040F083815CA3D3E900234046494642F0A3
:10D430007FFE002840F06D8159A3D3E900234046C8
:10D44000494642F075FE002840F0578156A3D3E9C3
:10D4500000234046494642F06BFE002840F04181DF
:10D4600053A3D3E900234046494642F061FE002819
:10D4700040F02B8150A3D3E900234046494642F0B7
:10D4800057FE002840F01681554B00224046494681
:10D4900042F04EFE00283FF40BAF404649464D4B4C
:10D4A000002242F0D3FB013F804689463FB2FFE6AF
:10D4B0000746FDE642464B464046494642F010FAD2
:10D4C00002460B464046494642F028FE90B1DAF843
:10D4D00004300433CAF8043009B0BDE8F08F3E4B85
:10D4E0003E4A03FB00F3B2EB730FBFF427AF38E7FC
:10D4F0000C4636E7002200234046494642F018FE1B
:10D5000000283FF466AEDAF8041009F100439946AA
:10D510004B1C019360E6092E7FF60FAF01373FB237
:10D5200001260AE77F42BFB2023339E74046494647
:10D5300021A3D3E9002342F089FB013780468946C5
:10D540003FB2B5E6404649461DA3D3E9002342F069
:10D550007DFB0237804689463FB2A0E640464946F9
:10D5600019A3D3E9002342F071FB043780468946B2
:10D570003FB28BE6AFF30080F168E388B5F8E43E94
:10D58000148BD77DB207FE0AC2DEB78145549125C0
:10D590000CD13196FC53DA3280688965D6398039EE
:10D5A0001656E79EAF03D23C48AFBC9AF2D77A3EFC
:10D5B000FCA9F1D24D62503F9A9999999999B93F36
:10D5C0007B14AE47E17A843F2D431CEBE2361A3FD1
:10D5D0000000594000002440CDCCCCCC9999991939
:10D5E0000000F03F00000000D01263413CBF737F99
:10D5F000DD4F1575321D30F94877825AF5F93FE94C
:10D60000034F384D176E05B5B5B893460080E03727
:10D6100079C341430000000084D797410000000017
:10D620000088C3404046494662A3D3E9002342F044
:10D630000DFB8037804689463FB2F5E540464946B6
:10D640005EA3D3E9002342F001FB4FF480778046CC
:10D650008946DFE5404649465AA3D3E9002342F014
:10D66000F5FA0837804689463FB205E64046494606
:10D6700056A3D3E9002342F0E9FA103780468946E1
:10D680003FB2EFE54046494652A3D3E9002342F0BA
:10D69000DDFA2037804689463FB2D9E54046494603
:10D6A0004EA3D3E9002342F0D1FA403780468946A1
:10D6B0003FB2C3E5404649463D4B002242F0C6FA20
:10D6C000023F804689463FB2DEE6404649462AA3ED
:10D6D000D3E9002342F0BAFA043F804689463FB2BC
:10D6E000C8E64046494626A3D3E9002342F0AEFAF5
:10D6F000083F804689463FB2B2E64046494622A3EB
:10D70000D3E9002342F0A2FA103F804689463FB297
:10D710009CE6404649461EA3D3E9002342F096FA10
:10D72000203F804689463FB286E6404649461AA3D6
:10D73000D3E9002342F08AFA403F804689463FB24F
:10D7400070E64046494616A3D3E9002342F07EFA2C
:10D75000803F804689463FB25AE64046494612A37A
:10D76000D3E9002342F072FA6FF0FF078046894642
:10D7700044E600BFAFF30080000000000088C34013
:10D780000000000084D797410080E03779C341430F
:10D79000176E05B5B5B89346F5F93FE9034F384D17
:10D7A000321D30F94877825A3CBF737FDD4F1575C3
:10D7B000000059409D978CCF08BA5B25436FAC643D
:10D7C0002806C80A3A8C30E28E79453EBC89D89743
:10D7D000B2D29C3C33A7A8D523F649393DA7F444DF
:10D7E000FD0FA5322DE9F04F047903880D4614F0A2
:10D7F000100187B051D04FF6FF718B4200F0A0812D
:10D80000D16ADA0901EBC20103F07F02496801EB3A
:10D81000C202023C3E2C42D8DFE814F0470065000B
:10D820006B008A00AA00410041004100B0004100A5
:10D83000D6004100F9004100410041004100410093
:10D84000410041004100410041004100040141000C
:10D8500023014100400141004801410041004100D5
:10D8600041004100410041004100410041004100B0
:10D8700041004100410041004100410041004100A0
:10D880004100410041004100410041004100410090
:10D89000410041004100410065010A46B9E768685E
:10D8A0000430686007B0BDE8F08F044644F03FF9EB
:10D8B0006B6801336B6088B1261814F8010BAF4A0E
:10D8C00003E01179002900F031815179814202F1A0
:10D8D0000202F6D102336B60B442EED1581C68608C
:10D8E00007B0BDE8F08F02686B68D08818446860A4
:10D8F000D8E70468002C00F03781204644F017F97F
:10D900006B6801336B600028E8D0261814F8010B0F
:10D910009A4A03E01179002900F029815179814266
:10D9200002F10202F6D102336B60B442EED1D5E7C8
:10D9300006686868F3880130686006F1080493B1EE
:10D9400008331E4414F8011B8C4B03E01A79002A9B
:10D9500000F0E8805A798A4203F10203F6D10230DE
:10D960006860B442EED10130686007B0BDE8F08F66
:10D9700003786868002B93D1053092E70DF1160407
:10D980000668A2460027304639460A22002342F0A4
:10D9900003FE30320AF8012D304639460A220023B0
:10D9A00042F0FAFDB946B046B9F1000F08BFB8F130
:10D9B0000A0F06460F46E6D26B68A4EB0A0018442D
:10D9C000686007B0BDE8F08F0368002BC0F2BA8032
:10D9D000D5F804B098464FEAE3790DF11604A24653
:10D9E000404649460A22002342F0D6FD4F464646AD
:10D9F000002F08BF0A2E80460AF1FF3A8946EFD26F
:10DA0000A4EB0A005844686007B0BDE8F08F0068D6
:10DA100042F0C4F841EC100B28460621FFF7C8FB82
:10DA200068683FE7D2E900760DF11604A246384651
:10DA300031460A22002342F0AFFD30320AF8012DB0
:10DA4000384631460A22002342F0A6FDB146B846C8
:10DA5000B9F1000F08BFB8F10A0F07460E46E6D22B
:10DA6000AAE7D2E90089B8F1000F79F1000373DB6E
:10DA7000D5F804B00DF11604A246404649460A22E4
:10DA8000002342F089FD4F464646002F08BF0A2E6C
:10DA900080460AF1FF3A8946EFD2B1E7284692ED77
:10DAA000000B0921FFF784FB6868FBE668684FF606
:10DAB000FF760130B34268603FF455AFAA68D16A7F
:10DAC000D80901EBC00103F07F034C6804EBC304E9
:10DAD00020462946FFF786FEE388B34220D06A68D5
:10DAE00001326A60EAE768684FF6FF760130B342B8
:10DAF00068603FF438AFAA68D16AD80901EBC00169
:10DB000003F07F034C6804EBC30420462946FFF76B
:10DB100069FEE388B34203D06A6801326A60EAE7CB
:10DB2000686820E731B1013068601AE728B1013335
:10DB30006B60D1E60630686013E706336B60CBE6B6
:10DB4000002266E66868C3F1000828EA03094FEA84
:10DB5000E97900F1010B40E76868D8F1000869EB4A
:10DB6000490900F1010B85E76868431CB6E610B16E
:10DB700001336B60D9E606336B60D6E69C5607002E
:10DB8000437DDBB1037D202B12D8DFE803F01F11AA
:10DB90001111111111111115151111151111111169
:10DBA0001111111111111111111111111111150072
:10DBB00001230373002070470023437503695A1C37
:10DBC00002611B78037501224275DCE7037B002BA1
:10DBD00014BF022001207047437DDBB1037D202B61
:10DBE00012D8DFE803F01F111111111111111115D5
:10DBF000151111151111111111111111111111110D
:10DC00001111111111111500012303730020704728
:10DC10000023437503695A1C02611B7803750122B6
:10DC20004275DCE7037B002B14BF02200120704704
:10DC30002DE9F04F437D85B00446002B00F0E280D3
:10DC4000057DDFF814830022134662750092002BD5
:10DC50007ED0267D0023AE42637500F08380002EC7
:10DC600000F0D6805C2E00F085806768002F6FD0B2
:10DC7000A168FB88994200F096800F440131A160B1
:10DC80003E72637DE3E7911C6375216153782375D0
:10DC90006075002B00F0BC80402B86BF23F0200372
:10DCA000A3F13701A3F13001C8B20F2800F2A6801A
:10DCB0000021D31C6175236191782175012363755F
:10DCC000002900F0A580402986BF21F020013739C6
:10DCD0003039C9B20F2900F291800026131D6675F4
:10DCE0002361D3782375012641EA00116675002B64
:10DCF00000F08E80402B86BF23F02003373B303B63
:10DD0000DBB20F2B7AD800206075501D206112798C
:10DD1000227543EA011301211BB26175002A77D0F5
:10DD2000402A86BF22F02002373A303AD2B20F2A78
:10DD300064D842EA03139AB202F5205189B2002056
:10DD4000B1F5806F1BB2607566D2C2F30903009310
:10DD500023695A1C22611E7826750023AE42637522
:10DD60007FF47DAF6368002B14BF0020042005B052
:10DD7000BDE8F08F2269511C2161117821750120C5
:10DD80006075002944D075293FF47DAF704A2F2378
:10DD900002E012F8023F8BB38B42FAD156786EB391
:10DDA0000023637561E7D4F800B04900DBF800A0F8
:10DDB00001F10109B9F5803FDAF8003011D29B6812
:10DDC000644A934201F10A0138D1384643F0A4FD78
:10DDD00028B1A0F80690A168606007464DE7DAF820
:10DDE00000305B68434525D1384637F033FF0123C7
:10DDF0008BF804300022637D626028E7032005B0C1
:10DE0000BDE8F08F03695A1C02611D78057518E79B
:10DE1000022005B0BDE8F08F02F5105189B2B1F5CE
:10DE2000806F10D37F2A15D8D9B22046FBF77CF833
:10DE3000637D0CE7394650469847D8E70A46504676
:10DE400039469847C4E7009BC2F3090242EA83229D
:10DE500002F5803202F03F0363F07F038DF8093052
:10DE6000C2F38F1300211F2B8DF808104FEA921276
:10DE70003CD902F03F01931161F07F0113F47C7FE4
:10DE80008DF80A104BD163F01F03DEB28DF80B60E2
:10DE900003AB03F1FF3B019506E01F440133A36090
:10DEA0003E721BF8016D4EB36768002FF9D0A3686E
:10DEB000FA889342F1D125685900D5F800A001F104
:10DEC0000109B9F5803FDAF800301CD29B68214A7D
:10DED000934201F10A0135D1384643F01DFD80B16E
:10DEE000A0F80690A36860600746D6E762F03F029C
:10DEF000D6B28DF80A600DF10B03CAE7019D637D70
:10DF0000A5E6DAF800305B68434517D1384637F0AC
:10DF1000A1FE00234FF001022A716360C1E703F004
:10DF20003F03C2F3073263F07F0342F0F0068DF83F
:10DF30000B308DF80C600DF10D03AAE73946504601
:10DF40009847E6E70A46504639469847C7E700BF74
:10DF50009C56070009760200117602002DE9F04771
:10DF6000427D88B004460D46002A76D0027D202AE4
:10DF700012D8DFE802F07A1111111111111111708C
:10DF800070111170111111111111111111111111C3
:10DF9000111111111111700001217B2A217300F25E
:10DFA00060815A2A42D9A2F15B01202900F25981ED
:10DFB000DFE811F0C0005701570157015701570121
:10DFC000570157015701570157011C0157015701CC
:10DFD00057015701570157015701210057015701B8
:10DFE0005701570157013A0157015701570157018E
:10DFF000570157016400CF49134600200125934281
:10E0000040F0718111F8013F6075002B00F08881AC
:10E010002269561C2661127822756575002AEED198
:10E020004FF00208404608B0BDE8F087222A02D02F
:10E03000272A40F0168163680022A260002B00F0BE
:10E0400048822046FFF7F4FD804698B929462046CD
:10E05000FAF7D2FE0EE0002262752269511C21619E
:10E06000127822750121617581E7237B002BD7D1BE
:10E070004FF00108404608B0BDE8F087DEB220222C
:10E080004FF0FF332A712B60002E00F04F810023E8
:10E0900022696375194601201346013222611B78FB
:10E0A00023756075202B00F28D8101A757F823F0AE
:10E0B00021E00200C5E30200C5E30200C5E302005F
:10E0C000C5E30200C5E30200C5E30200C5E30200A8
:10E0D000C5E302003DE502003DE50200C5E30200A4
:10E0E000C5E302003DE50200C5E30200C5E302000E
:10E0F000C5E30200C5E30200C5E30200C5E3020078
:10E10000C5E30200C5E30200C5E30200C5E3020067
:10E11000C5E30200C5E30200C5E30200C5E3020057
:10E12000C5E30200C5E30200C5E30200C5E3020047
:10E130003DE5020040214FF0FF32DBB229712A6039
:10E14000002B00F0F380002122696175084601264A
:10E15000114601322261097821756675202900F285
:10E16000EF8001A757F821F021E0020041E302000F
:10E1700041E3020041E3020041E3020041E3020007
:10E1800041E3020041E3020041E3020041E50200F5
:10E1900041E5020041E3020041E3020041E50200E3
:10E1A00041E3020041E3020041E3020041E30200D7
:10E1B00041E3020041E3020041E3020041E30200C7
:10E1C00041E3020041E3020041E3020041E30200B7
:10E1D00041E3020041E3020041E3020041E30200A7
:10E1E00041E3020041E3020041E5020000232B70FD
:10E1F000637D06212971002B00F0BB81237D4E49F0
:10E20000002B3FF40DAF9A426DD111F8012F00237E
:10E210006375002A00F084802369581C20611B78F4
:10E22000237501206075EBE701232B70637D0621C8
:10E230002971002B00F09F81237D4049002B3FF482
:10E24000EFAE93424FD111F8012F00236375002ADE
:10E2500066D02369581C20611B78237501206075E6
:10E26000ECE700239E4604F11B014FF0010C15E082
:10E27000392A03D902F0DF00452817D13F2B03F1DB
:10E28000010013D084F815E001F8012F2269C3B210
:10E29000501C20611278227584F815C02F2AE7D807
:10E2A0002B2AA2F12D00E9D00128E7D9234400222E
:10E2B0001A7704F11C0104A8FBF77EF89DF8108082
:10E2C00008F1FF33032B0ED8DFE813F01401270108
:10E2D0001B011300392940F295805E2940F28D80A0
:10E2E0007A2940F28F804FF00308404608B0BDE81D
:10E2F000F087DDE906673946304641F09FFF8246E8
:10E3000041F04CFC02460B463046394641F006FFD0
:10E310008146002800F057810E23C5F800A02B711C
:10E320004FF00008404608B0BDE8F0874FF0050800
:10E33000A0E600BFC0560700B8560700B056070059
:10E3400001225D29227339D05E1E17464FF6FF79F0
:10E35000D4F8188004A84146FAF7A2F904990029D4
:10E3600000F065816B88BDF814204B4500F00881F2
:10E37000D8F82C004FEAD31C00EBCC0003F07F034D
:10E38000406800EBC303DA806A8033464FF0000236
:10E390002046FFF7E3FD804600287FF46BAE204661
:10E3A000FFF7EEFB804600287FF464AE637D002B10
:10E3B00000F0ED80237D5D2B40F0D580002060755E
:10E3C000804657E601227D2B2273F7D017464FF087
:10E3D00000096368C4F80890002B00F0F080637DAA
:10E3E000002B00F0AF80217D272900F0B480222986
:10E3F00000F0B1802F293FF66DAFA1F14103192B39
:10E400003FF671AF84F815902046FAF78DFD637DD5
:10E41000002B00F00F81217D2F29A1F1410300F293
:10E42000C480192BEED96368002B00F000812046D0
:10E43000FFF7A6FB804600287FF41CAE637D002B0F
:10E4400000F0AC80237D3A2B7FF44DAFD4E901324C
:10E45000134484F8159083F80890D4E90132D4F875
:10E4600018808DF81890083304930592CDF8008039
:10E4700004AB0ECB2846FEF79FFD0290002800F06B
:10E48000E7804146FAF79AFD0299731E4FF00002A9
:10E490002046FFF763FD804600287FF4EBAD204661
:10E4A000FFF76EFB804600287FF4E4AD637D002B10
:10E4B00000F0C780237D7D2B80D02C2B7FF413AF01
:10E4C00084F815902046FFF75BFB8046002880D03B
:10E4D000D0E52668644A306803681B68934240F0C0
:10E4E000A380282037F09CFB002846D05F4B436078
:10E4F0006060A6E5069A2A600E232B714FF0000893
:10E50000B8E5DDE90667012F08BF002E7CD20A239B
:10E510002E602B714FF00008ACE5DDE9069A19F189
:10E5200000464AF10007012F08BF002E5CD20C23E1
:10E53000C5F800902B714FF000089BE56175ABE5C5
:10E54000607505E623695A1C22611978217527290F
:10E5500067757FF44CAF2046FFF76AFB80460028C2
:10E560003FF465AF86E52C2B7FF4BDAE00236375C9
:10E57000EEE63F4950E63F496BE601233371B7E7CA
:10E58000002362F30F0362F31F432B60FDE6236950
:10E590005A1C22611B78237567750CE723695A1C86
:10E5A00022611B78237567754DE739297FF62AAFFD
:10E5B0005E297FF636AF7A297FF624AF33E720460F
:10E5C000F9F720FB0BE7A16902A8FAF74DF9029BC6
:10E5D000002B3FF44FADBDF80C202A801E2129717D
:10E5E000C846C3E9006745E5A16902A8FAF73CF906
:10E5F000029BE3B1BDF80C202A801C2129714FF049
:10E600000008C3E9009A35E5A16902A8FAF72CF9D8
:10E61000029B63B1BDF80C202A801A2129714FF0AA
:10E620000008C3E9006725E5282198475CE74FF01B
:10E6300004081FE523695A1C226119782175677542
:10E64000EAE623695A1C22611B782375677532E755
:10E6500002A942462846FAF7E5F901460028E6D025
:10E660002046FAF7C9FB0FE71976020001001F00E8
:10E67000B8560700B05607002DE9F04F038E9BB047
:10E680000746044657F80CBBADF80420884600F155
:10E69000380903B30026C36AB2460BE037F0DAFA52
:10E6A000E36AC5F800A0208EC5F804A00136B1B217
:10E6B000884211D9B5B203EBC5056968084600293F
:10E6C000EFD0DBF80030374A5B689342E6D058461B
:10E6D0009847E36AE5E7C36A00204FF6FF719F425F
:10E6E0002086A1860BD0DBF800102E4D4E68AE427E
:10E6F0004DD1184637F0AEFA0423E7626386A1686D
:10E7000026680023237161B1264D33680A685B686F
:10E71000A260AB4208462DD137F09CFAA1680029CF
:10E72000F3D1002584F83C509DF805308DF8185041
:10E7300049464FF0000203A8CDE904558DF8215059
:10E740000394CDF81C800994FFF708FC054610B926
:10E750009DF82050A5B9049840B1039B11491A684F
:10E7600013685B688B4216D137F074FA28461BB0E9
:10E77000BDE8F08F30469847A1680029C5D1D0E7A1
:10E7800094F83C5015F0080518BF0325E3E7194637
:10E790005846B047B0E701461046984728461BB098
:10E7A000BDE8F08F117602002DE9F04F034693B0DB
:10E7B000934801930021834622F066FC9148002291
:10E7C000594622F02FFD0446002840D08E4D2B687C
:10E7D000C72B39DC8D4B1B7C13F0D00625D103A948
:10E7E0008848192223F074FF03A82E2143F0CCF9A6
:10E7F00000B106702E68864BDFF838A206EB4602A1
:10E8000006EB820213440C220DEB0201184643F082
:10E81000A8F9DAF800200027C72A077309DD0136B6
:10E8200078482E6021F0A2FFC8E7764821F09EFFCD
:10E83000C4E7784E7348314641F6FF7222F034FA4D
:10E8400000280BDC2E68EAE76E4821F08FFF6C4849
:10E8500021F08CFF012013B0BDE8F08FDFF8C081FC
:10E860003754B8F83030D8F80020002B00F0788109
:10E870000094D8F82C303E46B94614460DE037F0E7
:10E88000E9F9D8F82C30C7F80090B8F83000C7F88C
:10E8900004900136B1B2884210D9B7B203EBC70772
:10E8A000796808460029EED023685B4A5B6893428A
:10E8B000E5D020469847D8F82C30E4E72246009C63
:10E8C000564E0021A8F83010B3424FF6FF71A8F859
:10E8D00034100DD011684F684F498F4240F08B8043
:10E8E000184637F0B7F90423C8F82C60A8F832307E
:10E8F000D8F80800D8F80060002388F8043068B120
:10E90000336802685B68C8F80820434A93426AD1BA
:10E9100037F0A0F9D8F808000028F1D10A238DF8C3
:10E9200009300023029A3B493D4888F83C30FFF704
:10E93000A3FEC6B2002E85D198F83C30202B7BD0A8
:10E94000402B7FF47FAF364901F13800F9F784FEA0
:10E9500000283FF477AF334B334A0C920B270AA8B9
:10E960000124CDE90D86CDE90F378DF84440FEF73F
:10E97000C3F82D4A2D4B10970AA8CDE90C280E9606
:10E980008DF8444057EC106B0F93FEF7B5F859EC37
:10E99000108B002200233046394641F0BFFB40B1C6
:10E9A000002200234046494641F0B8FB00287FF48E
:10E9B00049AFDAF800401E4BC4EBC40203EBC203BC
:10E9C00003A91F22184643F0CCF80134019A80F8BD
:10E9D00030200021C0E90867C0E90A892E68CAF81A
:10E9E0000040C1771BE7014630469847D8F8080039
:10E9F000002885D192E719461046B84773E700BF53
:10EA000008270120EC0301206C220120DC030120F7
:10EA1000D0150120786D002011760200D0E400208E
:10EA2000C4E40020C8560700FCE40020D4560700C8
:10EA3000F02D0120B0590120B8F838304FF6FF72A0
:10EA400093423FF4FFAED8F82C90D80909EBC000F0
:10EA500003F07F01436813EBC1033FF4F3AEDF889B
:10EA600094B997423FF4EEAEF90909EBC10107F002
:10EA70007F074B6813EBC7033FF4E4AE84F0010457
:10EA8000E4B2DF88002CECD0197904295BD0052989
:10EA900062D00229E5D118461E4643F048F84FF6E9
:10EAA000FF720728DDD13378632BDAD173786F2BAF
:10EAB000D7D1B378752BD4D1F378722BD1D13379E8
:10EAC000732BCED17379652BCBD1B379732BC8D18E
:10EAD0004FF6FF739F423FF4B5AEFB0909EBC30944
:10EAE00007F07F07D9F8043013EBC7073FF4AAAE4D
:10EAF0003B79402B7FF4A6AE1B493846F9F7ACFDB5
:10EB000000283FF49FAE194B0C974FF000090B26DD
:10EB10000AA80124CDE90F36CDE90D898DF84440CE
:10EB2000FDF7EAFF124BCDF838900AA8CDE90C7832
:10EB300010968DF8444057EC106B0F93FDF7DCFFF7
:10EB400059EC108B25E71E68002E8AD0304642F023
:10EB5000EEFF4FF6FF72A4E71E68F0880836A0E7C4
:10EB6000D8F82C30ACE600BFC4E40020C85607003B
:10EB7000D456070038B51E4D39F02EF92868042107
:10EB800010F006F928B9044639F030F92B68204610
:10EB900038BD0421286810F00BF9286039F026F9F7
:10EBA000FCF798FE50B10025124C134B1349144842
:10EBB00025602A461D6022F017F828B90420002499
:10EBC000FCF76CFB204638BD2846FFF7EDFD0446F8
:10EBD0000028F3D00B490A482A4622F005F810B164
:10EBE0000120FFF7E1FD0420FCF758FB204638BD6B
:10EBF000B80201206C220120B0590120A068070052
:10EC000008270120006D0700F0B54A4E4A4F3388AF
:10EC10003B78A1B0002B56D1032003F0FF04FCF792
:10EC2000C5FA0546002872D0444A454B1178454A3A
:10EC300045480090012918BF134610A8434A4021B7
:10EC400042F082FEFCF746FE4149ADF80C4010AAA6
:10EC500003A823468DF80E4021F0BEFF002846D1C0
:10EC600000234FF47A713B4C0493ADF81C308DF8BF
:10EC70001E30059110AA3649039407A844F20223D6
:10EC800021F0AAFF9DF81C401CB33288324992B291
:10EC900007A822F0C3FB044607A821F067FD032064
:10ECA000FCF7FCFA33889BB2A3423BD02B492C489B
:10ECB0000F222BF01DFA2B492B4A00230B701370E7
:10ECC0003B7021B0F0BD294925480E222BF010FAE7
:10ECD000F1E70320FCF7E2FA204921480F222BF04C
:10ECE00007FA204A204B14701C7021B0F0BD18495F
:10ECF000ADF80C40012310AA03A88DF80E4021F0B6
:10ED00006BFF0028ACD003A823F0BEF8A8E7184991
:10ED100013480C222BF0ECF9124A134B15701D709E
:10ED200021B0F0BD13490E4803222BF0E1F9FFF7A3
:10ED300021FFC0E7F8B00020979000208D8D0020C3
:10ED4000006D0700A068070044B30020F0560700DC
:10ED5000A46600203C670700F8900020F8560700E2
:10ED600030050120F490002041B30020E056070058
:10ED7000805507000857070030B503209DB0FCF709
:10ED800015FA00283ED02C4A2C4B11782C4A2D48DD
:10ED90000090012918BF134600242B4A40210CA8DB
:10EDA00042F0D2FD2949ADF80C400CAA234603A835
:10EDB0008DF80E4021F010FF0546B8B12349ADF89B
:10EDC0000C400CAA012303A88DF80E4021F004FF8B
:10EDD00010BB0320FCF762FA1D491E480F222BF0DE
:10EDE00087F91D4B00221A701DB030BD0320FCF7BF
:10EDF00055FA1A4917480C222BF07AF9164B1D7058
:10EE00001DB030BD0446164912480C222BF070F993
:10EE1000114B1C701DB030BD03A823F035F800283D
:10EE2000D7D00320FCF73AFA0E490A4803222BF008
:10EE30005FF9FFF79FFED4E78C8D0020006D07007F
:10EE4000A068070028B30020F0560700A466002041
:10EE5000F85607003005012004B300200C570700C6
:10EE600080550700085707002DE9F04F038E9BB02F
:10EE70000746044657F80CBBADF80420884600F15D
:10EE8000380903B30026C36AB2460BE036F0E2FE4F
:10EE9000E36AC5F800A0208EC5F804A00136B1B21F
:10EEA000884211D9B5B203EBC50569680846002947
:10EEB000EFD0DBF80030374A5B689342E6D0584623
:10EEC0009847E36AE5E7C36A00204FF6FF719F4267
:10EED0002086A1860BD0DBF800102E4D4E68AE4286
:10EEE0004DD1184636F0B6FE0423E7626386A1686A
:10EEF00026680023237161B1264D33680A685B6878
:10EF0000A260AB4208462DD136F0A4FEA1680029CC
:10EF1000F3D1002584F83C509DF805308DF8185049
:10EF200049464FF0000203A8CDE904558DF8215061
:10EF30000394CDF81C800994FFF710F8054610B92A
:10EF40009DF82050A5B9049840B1039B11491A6857
:10EF500013685B688B4216D136F07CFE28461BB0E6
:10EF6000BDE8F08F30469847A1680029C5D1D0E7A9
:10EF700094F83C5015F0080518BF0325E3E719463F
:10EF80005846B047B0E701461046984728461BB0A0
:10EF9000BDE8F08F117602002DE9F04F002591B009
:10EFA000B94B049516464FF47A7481462A4607A851
:10EFB0008A46B64905940096ADF81C508DF81E504F
:10EFC000039321F011FE9DF81C40002C00F01481E9
:10EFD000AF4F40F2FF12394607A821F065FE064602
:10EFE00007A821F0C3FB0420FCF758F9002E54DDDC
:10EFF000A84CBD55238ED4F800B0002B52D0E36A44
:10F00000DFF898822F4609E036F024FEE36A376085
:10F01000218E77600135AAB2914244D9AEB203EB9A
:10F02000C606716808460029F1D0DBF800305B683D
:10F030004345E9D058469847E36AE8E736683046E2
:10F040000EB142F074FD874240F0B08067B109F123
:10F05000FF33701EDE1913F8011F10F8012F9142C3
:10F0600040F0A480B342F6D14FF6FF73984514D018
:10F070004FEAD8130BEBC30B08F07F08DBF8042032
:10F0800012EBC80109D00B79042B00F0BC80052BD2
:10F0900000F00681022B00F0BB800024204611B056
:10F0A000BDE8F08FE36A7C4E00222286B3424FF621
:10F0B000FF72A2860CD0DBF80020784D5268AA427D
:10F0C00040F0DD80184636F0C5FD0423E662638615
:10F0D000A16826680023237161B1704D33680A6806
:10F0E0005B68A260AB4208467FD136F0B3FDA168F1
:10F0F0000029F3D10A238DF809300023029A6449CC
:10F10000644884F83C30FFF7AFFE10F0FF0FC4D125
:10F11000B9F1000FC1D0484642F009FD94F83C30E7
:10F12000202BBAD1268F4FF6FF718E42B5D0D4F87E
:10F130002CB0F3090BEBC30306F07F065B6813EBFF
:10F14000C606AAD0B6F80680019601244746334683
:10F1500005467CB98F42A0D0FA090BEBC20207F03A
:10F160007F07536813EBC70397D084F00104DF884F
:10F17000002CEFD01A79042A70D0052A6AD0022A0E
:10F1800050D0002DE6D12A464FF6FF75AF42019EC2
:10F1900083D0FB090BEBC30307F07F075B6803EB2E
:10F1A000C707002F3FF479AF17469CB9A8453FF435
:10F1B00074AF4FEAD8120BEBC20208F07F06536817
:10F1C00013EBC6063FF469AF84F00104B6F806807D
:10F1D000002CEBD03379042B3FF430AF052B4AD011
:10F1E000022B44D0002FE1D13EE730469847A1687A
:10F1F00000297FF473AF7DE70420FCF74FF8204629
:10F2000011B0BDE8F08F52F8381000293FF445AF37
:10F21000009B5D1E2A46504642F0A3FC00230AF8DC
:10F2200005303BE718461E4642F081FC4FF6FF7161
:10F2300085428FD1002DA6D009F1FF32701E02EB5E
:10F24000050E12F8016F10F8013F9E4282D19645DB
:10F25000F7D198E71E68F0880836E9E71E6830465F
:10F26000002EE5D042F063FC4FF6FF71E0E7304638
:10F2700042F05DFCE7E63668F0880836E3E61946BA
:10F280005846904721E700BF3C670700106D070014
:10F2900004B10020AC6B0020B86B00201176020096
:10F2A00052F838100831B3E730B5184B85B01B78E9
:10F2B00000228DF800205BB9154D164B164800242E
:10F2C00021461C702C60AC800CF0DEFD05B030BD1A
:10F2D0000420FBF76BFF0028EED010480C4D694668
:10F2E0001022FFF759FE0028E7D0684629460FF0A4
:10F2F000A9F804460028E0D0284606490FF02AF96C
:10F30000054821460CF0C0FD05B030BD882601201F
:10F31000A06B0020EC6B002064E400201C57070069
:10F3200000B5264889B02AF0B3F924482AF0C0F87D
:10F3300023482AF0BDF8234B1B7800228DF80020CB
:10F340005BBB214921482DF01BF81C4801212AF004
:10F35000CDF8062119482AF083F818482AF068F8F1
:10F360001B4916482AF020F814482AF033F81348AD
:10F3700001212AF0C7F8F422104820212AF0BAF817
:10F380000E481E212AF0B0F8FAF750FF00210B4872
:10F390002AF018F909B05DF804FB0420FBF706FF1A
:10F3A0000028CED00B4869462022FFF7F5FD002843
:10F3B000C7D0064869462CF0E3FFC6E7A4710120D8
:10F3C000E0710120882601203C570700646B012072
:10F3D000180501202C5707002DE9F04F00F10C0310
:10F3E000044693E80700D4E901378DB06C4684E801
:10F3F0000700002B59D01D7903AC202D84E80700AD
:10F4000052D106AC84E807000CAC04E90700DDF833
:10F410002480B8F1000F47D018884FF6FF76B0422D
:10F4200042D0D7F82C90C20909EBC20200F07F034A
:10F43000506810EBC30037D00A9DB0F806B06F1EBD
:10F440004FF0010A4744BAF1000F12D1B3452BD057
:10F450004FEADB1309EBC3030BF07F0B586810EB8B
:10F46000CB0021D08AF0010AB0F806B0BAF1000F43
:10F47000ECD00379042B33D0052B2DD0022B18D0E0
:10F48000002DE3D14FF6FF739B450DD04FEADB1300
:10F4900009EBC3090BF07F0BD9F8043003EBCB0366
:10F4A00018460DB0BDE8F08F002318460DB0BDE83A
:10F4B000F08F044642F03BFBA842C7D1002DE1D0BB
:10F4C000601E08F1FF3313F8011F10F8012F91425D
:10F4D000BCD19F42F7D1D5E70468E0880834EBE758
:10F4E00004682046002CE7D042F021FBE4E700BF8F
:10F4F0002DE9F04F864BDFF848B21B782DED028BDB
:10F50000002697B0CBF80060002B4ED005460420B3
:10F51000FBF74CFE0446002847D07E4F294607F1F2
:10F520001000324621F060FB3B7C002B3AD07A4D34
:10F530004FF40052294607F1100021F0B5FB421CA0
:10F540002CD0B0F5005FAABF41F6FF732E54EE54E5
:10F55000724D2846F9F722F80A238DF8113000235E
:10F56000049A6D4985F83C302846FFF785F810F07D
:10F57000FF0F064606D195F83C30202B1BD0402BC0
:10F5800000F0E080664821F0F1F80420FBF786FEE9
:10F590000A2017B0BDEC028BBDE8F08F07F1100018
:10F5A00021F0E4F80420FBF779FE052017B0BDEC4C
:10F5B000028BBDE8F08F5B4F5B4910950822012359
:10F5C00010A8CDE911728DF84C30FDF701F9574BB9
:10F5D000554911938146092310A81293FDF7F8F8B5
:10F5E000534B5149119380460D2310A81293FDF7F8
:10F5F000EFF8504B4C4911930746042310A812937F
:10F60000FDF7E6F84C4942F037FABA464B4F0397FC
:10F61000B0FA80F35B0949461F22384687F8683004
:10F6200042F09FFA41460F2207F12000FE7742F098
:10F6300098FA514607F130000E2287F82F6042F009
:10F6400090FA2B8F87F83E604FF6FF794B4552D0EA
:10F65000D5F82C80D90908EBC10103F07F024B6873
:10F6600013EBC20347D0DF8884B94F4543D0FA0972
:10F6700008EBC20207F07F07536813EBC7033AD0C9
:10F6800084F00104E4B2DF88002CEED01A79042A59
:10F6900000F02F83052A00F03483022AE5D11846B2
:10F6A0001E4642F044FA0728DFD13378632BDCD1C1
:10F6B00073786F2BD9D1B378752BD6D1F378722BA1
:10F6C000D3D13379732BD0D17379652BCDD1B37965
:10F6D000732BCAD14FF6FF739F420CD0FB0908EB86
:10F6E000C30807F07F07D8F8043013EBC70702D030
:10F6F0003B79402B31D00A4821F038F80420FBF741
:10F70000CDFD002017B0BDEC028BBDE8F08F00BF2F
:10F71000882601202C270120786D0020C4E40020D9
:10F720003C2701204C570700847F070058570700EB
:10F7300064570700745707007C570700D800012062
:10F7400070220120B14B039305F13807187083F83C
:10F75000200083F8300083F868003C884FF6FF7380
:10F760009C42C8D0EB6AE20903EBC20304F07F04B9
:10F770005B6813EBC404BED0DBF800A0B4F80690BD
:10F780009FEDA38ABAF1090FCDE9054517DD4FF6C4
:10F79000FF739945AFD0EB6A4FEAD91203EBC2036E
:10F7A00009F07F095C6814EBC904A4D0DBF800A061
:10F7B000B4F80690BAF1090FCDE90545E7DC954BA1
:10F7C0001393954B0421012210A8CAEB0A17149138
:10F7D000CDE911451F448DF85420FFF7FDFD4FEA98
:10F7E0000A16014638B10DA8F8F750FEDBF800A064
:10F7F0000D994FEA0A1638460E2242F0B2F9864BAE
:10F800001194A6EB0A061E44844B1295002708218A
:10F81000012210A8CDE91331B7738DF85420FFF7FA
:10F82000DBFD70B3027913072BD512F0100100F045
:10F830006E8206884FF6FF718E4208D0E96AF7099A
:10F8400001EBC70106F07F064F6807EBC6070A3ACF
:10F85000142A16D8DFE812F0410215003C02150008
:10F8600039021500150015001500150015001500CA
:10F87000150015001500150032021500460215008E
:10F880002B02F0EE487A039B654A664E139203EB17
:10F890008A014FF001080B2310A8C1ED107A1493D0
:10F8A000119412958DF85480FDF782FAA82707FB72
:10F8B0000A635D4A13920B2183ED000B10A8DBF85D
:10F8C000003014910293CDE911458DF85480FDF775
:10F8D0006FFA029B554A139207FB03630B2183EDDA
:10F8E000020B10A8DBF8003014910293CDE911450A
:10F8F0008DF85480FDF75CFA029B4D49139107FB8C
:10F9000003620B23149310A8DBF80030029382EDFE
:10F91000040BCDE911458DF85480FDF749FA029B9F
:10F92000DFF820A107FB036383ED060B514605A812
:10F93000FDF764F8002840F05681DBF800A0A8230A
:10F9400003FB0A63002283F840203A4F05A839469A
:10F95000FDF754F8002840F0DD80A82303FB0A637C
:10F96000002283F86820344F05A83946FDF746F891
:10F97000002869D1A82303FB0A63002283F89020A2
:10F980002E4B1194CDE912530C22012310A814928E
:10F990008DF85430FFF720FD28B103791A1F012A92
:10F9A00014D9022B12D02649A82404FB0AF404F12E
:10F9B000910030441322264442F0D3F80AF10102A8
:10F9C0000023CBF8002086F8A430E0E616AB13E95C
:10F9D0000700277907AB83E80700202F0AAB83E8ED
:10F9E000070040F092810DAF87E80700009597E887
:10F9F0000E002046FDF7E0FA01460028D4D0384634
:10FA0000F8F744FD0D99DBF800A0CDE7D800012000
:10FA10000000000084570700B45901208C570700EC
:10FA2000C856070060270120D456070098570700E2
:10FA3000A4570700F0570700305807007058070018
:10FA4000847F0700B0570700DFF8E48205A841462D
:10FA5000FCF7D4FF00288DD0AE4B05A81946FCF763
:10FA6000CDFF002886D0AC4905A8FCF7C7FF0028C9
:10FA700080D00C2310A814934FF0010313978DF836
:10FA80005430CDE91145FDF793F9A82707FB0A6A21
:10FA90000C224FF001038AED1C0B10A814928DF874
:10FAA0005430CDF84C80CDE91145DBF80080FDF7EE
:10FAB0007FF907FB0862974BDBF8008013930C215A
:10FAC0004FF0010A82ED1E0B10A814918DF854A07E
:10FAD000CDE91145FDF76CF907FB086383ED200BB9
:10FAE0008D49DBF800808DF854A00C2210A8CDE9D8
:10FAF000114514921391FDF75BF9DBF800A007FBA9
:10FB0000086807FB0A674FF0010388ED220B87F8AE
:10FB1000903035E7DFF81C8205A84146FCF76EFF00
:10FB200000283FF41AAF7D4B05A81946FCF766FF85
:10FB300000283FF412AF7A4905A8FCF75FFF0028C0
:10FB40003FF40BAF0E2310A814934FF0010313974B
:10FB50008DF85430CDE91145FDF72AF9A82707FBA8
:10FB60000A6A0E224FF001038AED120B10A81492BC
:10FB70008DF85430CDF84C80CDE91145DBF800808C
:10FB8000FDF716F907FB0862644BDBF8008013935E
:10FB90000E214FF0010A82ED140B10A814918DF87C
:10FBA00054A0CDE91145FDF703F907FB086383ED88
:10FBB000160B5B49DBF800808DF854A00E2210A8CC
:10FBC000CDE9114514921391FDF7F2F8DBF800A08E
:10FBD00007FB086807FB0A674FF0010388ED180B65
:10FBE00087F86830BFE64F4905A8FCF707FF0028F3
:10FBF0003FF4A3AE4C4B05A81946FCF7FFFE0028C6
:10FC00003FF49BAE494905A8FCF7F8FE00283FF4F5
:10FC100094AEDBF8002002920E2310A8CDE9125A10
:10FC2000149311948DF85480FDF7C2F8029ADBF812
:10FC300000A08DF8548007FB02620E2382ED080BB2
:10FC4000149310A8374B1393CDE91145FDF7B0F885
:10FC500007FB0A620E2382ED0A0B149310A8324BA5
:10FC6000DBF800A01393CDE911458DF85480FDF722
:10FC70009FF807FB0A6ADBF800302C4902938AEDF3
:10FC80000C0B0E2310A81493CDE9114513918DF898
:10FC90005480FDF78DF8DBF800A0029B07FB03639F
:10FCA00007FB0A6783ED0E0B87F840804DE6D7E926
:10FCB000000140F0C3FA07EE900AE4E5D7E900013D
:10FCC00040F0D4FB07EE900ADDE5D0ED007ADAE5EE
:10FCD000D0ED007AF8EEE77AD5E5D0ED007AF8EECF
:10FCE000677AD0E5D7E9000140F0C8FB07EE900A3B
:10FCF000C9E51E68002E3FF4B8AC304641F017FF4E
:10FD0000D1E41E68F0880836CDE400214CE60F46A9
:10FD10009DE500BF505807006058070010580700C5
:10FD200020580700C0570700D0570700E0570700CA
:10FD300040580700005807002DE9F04FDFF858A39E
:10FD40002DED028B9AF80090A7B0B9F1000F12D1F7
:10FD5000DFF8488398F82830039363B1DFF840B3A5
:10FD6000DBF800303BB1BC4C35F032FF2368C01AE1
:10FD7000B0F57A7F04D227B0BDEC028BBDE8F08FDE
:10FD800035F026FFDBF800302060002BF3DD9FED1F
:10FD9000B07B4FF0FF33CDE9069AB0EE478AF0EE24
:10FDA000678A4D46AD4C05935AEC179B04930CE0C3
:10FDB00040F0BEF910B1B146BA460495DBF8003008
:10FDC0000135AB4204F138041FDD94ED0A3B94ED9C
:10FDD000082B98ED021B98ED000B0EF031F994F80A
:10FDE00030C057EC106BBCF1010F10EE100A4A4600
:10FDF00053463946DCD153EC182B40F099F90028D2
:10FE0000DCD047EC186B0595D8E7049B01334846D6
:10FE10005146DDE9069A1BD0914B002240F092F941
:10FE2000B0B1059B013300F03D8151EC180B8C4BB8
:10FE3000002240F087F9002800F03481894E35789F
:10FE4000002D00F042812A462846002316AC10E01F
:10FE5000059B01338FD051EC180B814B002240F0F1
:10FE600071F9002887D07F4B039D1A780020034644
:10FE700016AC29460FF016F9012800F0C880049945
:10FE8000764B794AC1EBC10503EBC505116095F8C6
:10FE90003030012B00F01481744B0095744A4021DE
:10FEA000204641F051FD2046FFF722FB002840F09C
:10FEB000A180704B1B68002B40F39C806E486F49FB
:10FEC0000478DFF8C8C1DDF80C80CCF8883302462E
:10FED000002C0CBF2C46044612F8206FCCF80040D2
:10FEE000002E18BF1546C3EB0317A1F10F021744EC
:10FEF000634ACCF804504030634601F1780ED2E9F1
:10FF00000245F0EC017A92F84060C3ED037AC3E950
:10FF10000645F5EE407AD2E9064592ED047BC3E949
:10FF20000A4583ED087BD2E90A4592ED087BC3E9D7
:10FF30000E4583ED0C7BD2E90E4592ED0C7BC3E9B7
:10FF4000124583ED107BD2E9144592ED127B92EDC0
:10FF5000006B83ED147BC3E9164592ED167BD2E965
:10FF60001845F1EE10FA83F87060C8BFC14692F8E8
:10FF700068609960B94283ED046B83ED187BC3E937
:10FF80001A4583F8716001F10F0103F1700302F16A
:10FF9000A80201D07145B2D1B9F1000F01D1CCF85E
:10FFA0008893384C206818B138F064F90023236036
:10FFB00047F2600038F05AF9334B3449344E93ED30
:10FFC000000B002205461BF09BF8324B256093ED99
:10FFD000000A28461BF03CFC96ED000A20681BF046
:10FFE0004DFC206896ED000A1BF04EFC01238AF8B8
:10FFF0000030C0E69AF8000000287FF4BCAE214B28
:020000023000CC
:100000001B68002B55D001238AF80030B3E6059811
:10001000124A1549C0EBC00302EBC303086093F812
:1000200030200093012A4ED0104B114A4021204627
:1000300041F08AFC2046FFF75BFA0028DAD10D4B2D
:100040001B68002BD6DDF9F7C3FD8AF80000D3E763
:10005000000000007E842E4108ED0020F02D0120DC
:10006000000014408A26012074620020A068070066
:10007000B055070070220120D8000120B45901209A
:1000800060270120840201206862002048FD0020D2
:100090001463002018630020F42601208805012045
:1000A000B05901203E4B03981A7800252B4616AC18
:1000B000DFE63C4B1B68002BA5D1F7F7FBFBA2E763
:1000C000394B0095EAE6384BAFE7059B374AC3EB5F
:1000D000C30302EBC30316AC0093354A324B2046F0
:1000E000402141F031FC2046FFF702FA002851D1AF
:1000F000304B196800294DDDDFF8C0B001290BF144
:1001000091030C932BD00BF2391302290D9326D0B7
:100110000BF2E11303290E9321D003F1A802042965
:100120000F921CD003F5A8720529109217D003F581
:10013000FC720629119212D003F528720729129237
:100140000DD003F552720829139208D0092903F53E
:100150007C7218BF03F59363149218BF15930CA813
:100160000EF04AFF98F82F2098F82E300093019255
:100170000746B8F82C30104A09A80B2141F0E4FBDF
:10018000002F07DBA82000FB07B009A991300EF073
:100190006FFF05462B46039D3278284669E600BF6F
:1001A0008A260120A0260120006D0700F02D0120E5
:1001B000B0550700702201208058070060270120F9
:1001C0002DE9F04F93B005AE86E80E00044696E8A0
:1001D00007000FAA82E80B001C9F0394002863D03D
:1001E00024884FF6FF7A54455ED0D7F82C80E10979
:1001F00008EBC10104F07F054C6814EBC50453D033
:10020000E588DDF8409002904FF0010B2B465D46EB
:100210009B468DB9D34547D04FEADB1208EBC202AB
:100220000BF07F03546814EBC3043DD085F0010547
:10023000B4F806B0002DEDD02279042A19D0052A91
:1002400000F0CB80022A17D0B9F1000FE2D14FF6AF
:10025000FF7293455D4627D0EA0908EBC20305F01B
:100260007F055B6813EBC5051ED0284613B0BDE8BB
:10027000F08F2468002CE7D0204641F058FC8145DF
:10028000C8D1B9F1000FE2D0029B5A1E013C02EB2B
:10029000090101E09142DAD012F8010F14F8013F90
:1002A0009842F7D0D345B7D196E80700B7F8349015
:1002B0004FF6FF730DF1240B99458BE8070007F10A
:1002C0000C0500F08E80FB6A4FEAD91203EBC203E3
:1002D00009F07F025E6836F83230BB8606EBC20654
:1002E0004FF6FF73F380B7F834A000229A453271BD
:1002F00000F0BC80FB6A4FEADA1203EBC2030AF09B
:100300007F0E5D6835F83E30BB8605EBCE059BE879
:1003100007000023DDF824C02B710CAC4FF6FF73EF
:1003200084E80700EB80BCF1000F00F09A809DF894
:100330002CE07246BEF1000F40F0D680DDF828B008
:10034000BBF1030F16D85FFA8BF39846BBF1000F91
:1003500000F08581581E5CFA80F00CF1FF3313F831
:10036000011F002908BF42F001029842F7D1002A7C
:1003700000F00B81CDE90CCB8DF838E094E8070054
:100380000FAB83E807003846CDF83CC050F8083B77
:1003900000930FAB0ECBFCF785FE002800F0128116
:1003A0000523306033710398A6F806A043884FF602
:1003B000FF72934200F09380FA6AD90902EBC102FE
:1003C00003F07F03526802EBC303A3F80690A0F882
:1003D00002A0284613B0BDE8F08F2468E0880834F6
:1003E0004DE73A8E3E68002A40F083807B8E002BDA
:1003F00000F0FD8001233B86D7F82C90AF4B4FF4E3
:1004000080604FF0800A326812689A4240F0E780BC
:1004100035F006FC3B8EFC6AC9F80400013B9BB238
:1004200004EBC3020028566808BF4FF0000A002101
:10043000A9F800A0A9F802108EB134F83300518851
:1004400088420CD901EBC3194B1C1FFA89F906EB42
:10045000C106538044E7B3F5007F40F0E3800123F9
:100460003B710025284613B0BDE8F08F398ED7F8D0
:1004700000A0002965D17B8E002B00F0D2800123E3
:100480003B86FC6A8D4B4FF480608025DAF80020B3
:1004900012689A4240F0A78035F0C2FBB7F830A04E
:1004A000F96A60600AF1FF3A1FFA8AFA01EBCA02A0
:1004B0000028536808BF0025002025806080002B9D
:1004C000CDD031F83A105588A942C8D905EBCA1ADF
:1004D000691C1FFA8AFA03EBC505518017E7A0F8DB
:1004E0000090A0F802A0C0E60423C6F800C0337153
:1004F00059E7FC6A02F1FF391FFA89F904EBC901D7
:100500002046D1F804C0BCF1000F04D04B8834F869
:1005100039E09E454DD87B8E9A4200F0CA80674BE9
:10052000511C89B2B1F5007F00EBC209398615BFB5
:100530004FF480604FF47E704FF0800A4FF07F0AD6
:1005400061E7FC6A4A1E92B204EBC200A046D0F8F2
:1005500004E0BEF1000F04D0438834F832C09C455B
:1005600034D87B8E99423FF476AF544B4A1C92B2FA
:10057000B2F5007F08EBC1043A8615BF4FF48060E6
:100580004FF47E7080257F2580E702233371424639
:100590009CF800303370012A07D09CF8013073704A
:1005A000022A02D09CF80230B370002306F80B3008
:1005B000F9E603EBC9195A1C1FFA89F90CEBC306BB
:1005C0004A808DE6012305463B714EE603EBC21AD5
:1005D0005A1C1FFA8AFA0EEBC305428097E60146C1
:1005E0003046904716E701465046904756E7FC6A6A
:1005F0005B00A5421FFA83F934D0336830489B680A
:1006000083424FEAC90140F08880204641F084F9D6
:1006100000283FF424AF294B3A8EF862A7F83290B5
:100620007EE7FC6A5B009BB2A54202934AD01A4661
:10063000DAF8003022489B6883424FEAC20171D148
:10064000204641F069F98046B8F1000F3FF407AF4A
:100650001A4B029A398EC7F82C807A8686E70223D5
:100660003371A2E73268154B126802939A424FEA3F
:10067000C9005DD135F0D4FA029B00283FF4EFAEFB
:10068000D4F800C06168A268D4F80CE0C0F80CE0AF
:10069000C0F800C041608260D4F810C06169A269EE
:1006A000D4F81CE0C0F81CE0C0F810C041618261C1
:1006B000B2E7B3F5007F3FF4D2AE99E719760200B6
:1006C00009760200DAF80020194612681E4B0493DE
:1006D0009A424FEAC10030D135F0A2FA049B80461D
:1006E000B8F1000F3FF4BBAE21686268A568E0680E
:1006F000C8F80C00C8F80010C8F80420C8F8085062
:1007000021696269A569E069C8F81C00C8F8101081
:10071000C8F81420C8F818509BE70A46304621460E
:10072000984775E70A4650462146984780468BE72A
:10073000014630469047029B9FE70146504690474E
:10074000049B8046CCE700BF197602002DE9F04FEC
:10075000904C034687B00F4604F110001946002262
:1007600020F042FA237C002B3BD08B4E41F6FF72E7
:10077000314604F1100020F097FA054604F110000C
:100780001FF0F4FF002D2CDD844C228ED4F8009055
:10079000002373555AB31D46DFF80882E36A2E46DC
:1007A0000BE035F057FAE36ACAF80060218ECAF808
:1007B00004600135AAB291421AD91FFA85FA03EBF7
:1007C000CA0ADAF8041008460029EDD0D9F800303A
:1007D0005B684345E5D048469847E36AE4E7C7E9E4
:1007E00000044FF00208404607B0BDE8F08FE36A0E
:1007F0006B4D00222286AB424FF6FF72A2860CD0D0
:10080000D9F80020674E5268B24240F0BF801846C7
:1008100035F020FA0423E5626386A1682568002389
:10082000237161B15F4E2B680A685B68A260B342B6
:1008300008461ED135F00EFAA1680029F3D10A232B
:100840008DF809300023029A5349544884F83C300B
:10085000FDF712FF5FFA80F8B8F1000FC1D194F8EC
:100860003C30202B0BD0402BBBD14F4BC7E9003481
:10087000B9E728469847A1680029D4D1DFE7238F3C
:100880004FF6FF7B5B4557D0D4F82CA0D9090AEB73
:10089000C10103F07F024B6813EBC2034CD04FF051
:1008A0000109DE88B9F1000F10D15E4544D0F2098C
:1008B0000AEBC20206F07F06536813EBC6033BD077
:1008C00089F00109DE88B9F1000FEED01A79042A07
:1008D00055D0052A4FD0022AE7D118461D4641F0CF
:1008E00026F90728E1D12B78632BDED16B786F2BAB
:1008F000DBD1AB78752BD8D1EB78722BD5D12B7996
:10090000732BD2D16B79652BCFD1AB79732BCCD133
:100910004FF6FF739E420FD0F3090AEBC30A06F0AD
:100920007F06DAF8043013EBC60605D03379402B86
:1009300002D1C7E9006456E71C4A7C600721CDE973
:10094000032100238DF8143000943B6006AB13E9BB
:100950000E001548FFF734FC054600283FF43FAF72
:100960000E49F8F72BFB40224FF0FF332A712B6022
:10097000C7E9005437E71D68E8880835B1E71D6806
:10098000002D92D0284641F0D2F8AAE719464846F1
:1009900090473FE72C270120786D0020C4E4002019
:1009A000D0E4002011760200FCE4002094580700F7
:1009B0002DE9F04F026800239DB00B704B708B70D7
:1009C000002A34D007790546002F30D143690093BF
:1009D000036964480C464FF440710EF009FE061E90
:1009E0002ADB0420FAF7E2FB002800F09E802B6847
:1009F000AA685B780092012B0CBF5B4B5B4B5C4A97
:100A000040210CA80DF1100840F09EFF00220023A9
:100A10000CA84146CDE90423FFF798FE054680B1B6
:100A20000420FAF73BFC28461DB0BDE8F08F0425F2
:100A300028461DB0BDE8F08F032528461DB0BDE84F
:100A4000F08F98E80300F7F707FA824698E803006A
:100A500007AB83E80300089B0393BAF1000F7AD039
:100A6000AB460295DFF810811D46234699460446A1
:100A7000002C4BD023884FF6FF7C634546D0D5F839
:100A80002CE0DA090EEBC20203F07F03526812EB8E
:100A9000C3033BD0DB880020D90963450EEBC101BD
:100AA00003F07F0200F1010005D04B6813EBC20395
:100AB00001D0DB88F0E7092828DD07AA92E80300C7
:100AC00018F8013B2B4A52F83320F8F7E7FA28B11F
:100AD0000BF1010B5FFA8BFBDA45C9D14B46A146FE
:100AE000029D1C46B9F1000F24D003994846F7F740
:100AF000B3FD09281EDD204A1E48A77084F800B007
:100B00005B4651460CF004FB607089E71B4A0B9270
:100B1000002309A902F138000A93FCF763FE731C55
:100B20001844B0F5005FC8D2D8E7012528461DB0AB
:100B3000BDE8F08F114A0B92002302F1380009A999
:100B40000A93FCF74FFE01360644B6F5005F2CBF52
:100B500000270127CFE7DDF81C90D346B9F1000F3D
:100B6000C3D1E7E7908D0020006D0700A068070063
:100B7000B0550700C4600020906B0020C4E4002042
:100B80002DE9F04F0379054613F010008DB00ED01B
:100B900028884FF6FF74A04200F0AB82D26AC409E5
:100BA00002EBC40200F07F00526802EBC000023B7F
:100BB0003E2B40D8DFE813F048008E000201B7005A
:100BC000F4003F003F003F0015013F0024013F00BB
:100BD00033013F003F003F003F003F003F003F0028
:100BE0003F003F003F003F0042013F0058013F00EF
:100BF00073013F0095013F003F003F003F003F0071
:100C00003F003F003F003F003F003F003F003F00EC
:100C10003F003F003F003F003F003F003F003F00DC
:100C20003F003F003F003F003F003F003F003F00CC
:100C30003F003F0043020C68D4E90001002800F0A7
:100C4000CA80F8F7BBF9C5E02846029140F06FFF73
:100C500002990F68D7E900840646B8F1000F32D038
:100C600021464046F8F7AAF9032E15D85FFA86FC0C
:100C7000002E00F0DE830CF1FF3055FA80F06B1E81
:100C8000002213F8011F002908BF42F00102984218
:100C9000F7D1002A00F04F832046002250F8083B8D
:100CA0000093CDE909568DF82C200CAB13E90E000A
:100CB000FCF7F8F9002800F0A5830523C8F8000028
:100CC00088F804307C6854B3247984F001000DB0B6
:100CD000BDE8F08F0E68D6E90074002FF3D02D68C0
:100CE00021463846B5F80680F8F768F920460835F9
:100CF00050F808CBCDE9095800238DF82C300CAB07
:100D000013E90E00CDF800C0FCF7CCF9002800F084
:100D10009882032338603B717468002CD4D1002082
:100D20000DB0BDE8F08F0E682F683568B7F80690F3
:100D30007468002DC7D021462846F8F73FF9B9F16D
:100D4000030F07F1080816D85FFA89FCB9F1000F04
:100D500000F06C830CF1FF3058FA80F0FB1D00228C
:100D600013F8011F002908BF42F001028342F7D1A6
:100D7000002A00F0CE822046002250F8083B009363
:100D8000CDE909898DF82C200CAB13E90E00FCF796
:100D900089F9002800F05582052328602B71BBE7F4
:100DA0000B681C68002CBAD059682D782046F8F7DB
:100DB00005F9062325702371012088E70C682E6849
:100DC000D4E900513DB12846F8F7F8F816B10423EC
:100DD0002E602B7161680029A1D00C7984F001008C
:100DE00075E70B682D68D3E900412046002C3FF4DD
:100DF0006EAFF8F7E3F80A2325602371012066E758
:100E00000B682D68D3E900412046002C3FF45FAF0A
:100E1000F8F7D4F80C2325602371012057E70B68FD
:100E20001C68002C3FF47BAF59682D682046F8F70A
:100E3000C5F80E2325602371012048E70B68D3E92C
:100E40000045D0E90067002C3FF469AF29462046F1
:100E5000F8F7B4F8012F08BF002E80F021820A2392
:100E600026602371012032E70B680568D0F80490F2
:100E7000D3E90048002C3FF452AF41462046F8F732
:100E80009DF815F1004649F10007012F08BF002E1B
:100E900080F0F3810C2325602371012017E70B6894
:100EA000D3E90045D0E90067002C3FF438AF29466C
:100EB0002046F8F783F8394630463FF0BFF98046C0
:100EC0003EF06CFE02460B46304639463FF026F9AE
:100ED000002800F0B9810E23C4F80080237101209E
:100EE000F5E6D1E900A8DAE90064002E3FF4EBAEA4
:100EF00021463046F8F762F8202333712B794FF002
:100F0000FF32202B326040F0F18037884FF6FF79B6
:100F10004F4518D0CDE90295E36AFA0903EBC20305
:100F200007F07F0BD3F8049009EBCB0021463D4638
:100F3000C788F8F743F8029BA28E29F83B209F420E
:100F4000A586E9D1039D4FF0FF3333602D884FF61E
:100F5000FF72954200F0AD82D8F82C30E90903EB1E
:100F6000C10305F07F055F6817EBC50700F05C82E1
:100F7000FD882B464FF6FF7B45469846002F00F034
:100F8000B5803B79042B00F04F81052B00F04781A1
:100F9000022B00F03D81D84530D0002007460122C9
:100FA000EB6A4FEAD81103EBC10308F07F095B68D5
:100FB00003EBC909CDE909708DF82C20F7B133791D
:100FC000002B40F0988020224FF0FF3332713360C5
:100FD00009AF009497E80E003046FFF7F1F868B1CA
:100FE000CDE90704B9F1000F00F0AB8007AB39463B
:100FF00048462A46CDE90935FFF7C2FD002C75D0D9
:101000002379002B72D1D84570D0EA6A4FEAD81103
:1010100002EBC10108F07F084B6813EBC80365D0F1
:10102000DF885F4562D0FB0902EBC30207F07F0354
:10103000576817EBC30759D0B7F806809EE7D1E988
:101040000089D8E90074002F3FF43DAE21463846B0
:10105000F7F7B4FF4FF0FF333B602B884FF6FF7676
:101060004022B3423A713ED0D9F82C20D90902EB84
:10107000C10203F07F03526812EBC30333D004F1C3
:101080000C02B3F806A0CDF808800492C846B94611
:101090001F46A58EB54258D0E26AE90902EBC102AB
:1010A00005F07F0B526832F83B10A18602EBCB0BA8
:1010B00000228BF80420ABF80660384609A907AF78
:1010C0004246CDE907B4CDE90978FFF759FD21790A
:1010D000A9B121465846DDF80880F7F76FFFA38EC7
:1010E000ABF80030A586D8F80440ECE5DAF8044007
:1010F000E9E500205BE5202B3FF46AAF7EE7B9F815
:101100000220B24200F0DF80E16AD00901EBC001A9
:1011100002F07F02496801EBC202D580A9F80250B3
:10112000B24572D0D8F82C204FEADA1102EBC10296
:101130000AF07F0A576817EBCA0766D0B7F806A00F
:10114000A7E72146F7F73AFF58E7228E2368002ADF
:1011500000F0C080E06A0390511E89B200EBC10E1E
:10116000DEF804B0BBF1000F06D0BEF802C030F8C4
:101170003150654500F2BA80618E8A423CD0511CE4
:10118000039889B2B1F5007F00EBC205218615BF37
:101190004FF480604FF47E704FF0800B4FF07F0B68
:1011A0001A68BD4912688A4240F0478134F038FD20
:1011B000228EE16A6860013A92B201EBC20C00280B
:1011C000DCF8040008BF4FF0000B4FF0000EA5F84C
:1011D00000B0A5F802E098B131F83210BCF802B0C6
:1011E00059450DD90BEBC2120BF1010195B200EB81
:1011F000CB0BACF802105BE7B1F5007F40F02E811D
:101200000123DDF8088023716DE7DDF808806AE7C7
:10121000384640F08CFCD84572D00022C0E63B68CE
:10122000D88803F10807F6E73F6838460FB140F069
:101230007EFCD8454FF001027FF4B2AE4FF00009BA
:10124000B8E60123237167E5AB8E4FF6FF72934238
:1012500000F08780EA6AD90902EBC10203F07F013E
:10126000526832F83100A88602EBC1021E212380A9
:1012700021710120C2E9006729E5414609A851F81A
:101280000C2BFBF7C3F9099B002B00F0C280BDF8C3
:10129000282022801C2222710120C3E9005916E572
:1012A000294609A851F80C2BFBF7B0F9099B002B34
:1012B00000F0AB80BDF8282022801A222271012084
:1012C000C3E9006703E565F30F0165F31F41C9F842
:1012D000001025E7618E002900F0BF800122E56A39
:1012E00022864FF480604FF0800B59E70CEBC11160
:1012F0000CF101028DB20BEBCC0BAEF80220D7E65D
:101300004FF00003CDE909708DF82C304FF0000943
:1013100055E602232B713B7A2B70BCF1010F06D0EE
:101320007B7A6B70BCF1020F01D0BB7AAB700023EB
:1013300005F80930F0E4022388F804302B7888F8A7
:101340000030BCF1010F08D06B7888F80130BCF197
:10135000020F02D0AB7888F80230002308F806307C
:10136000B0E42B8ED5F800A0002B6AD0D5F82C80E5
:10137000591E89B208EBC100426832B1B0F802C010
:1013800038F831E0E64500F28B806A8E934245D012
:101390005A1C92B2B2F5007F08EBC3082A8615BF2B
:1013A0004FF480604FF47E704FF080094FF07F095A
:1013B000DAF80030384A1B68934240F0A18034F0DC
:1013C0002FFC2B8ED5F82CC0C8F80400013B9BB233
:1013D0000CEBC30100284A6808BF4FF00009002049
:1013E000A8F80090A8F80200DAB13CF833C04888A9
:1013F000844516D900EBC313451C9BB202EBC00217
:101400004D8033E7012323715CE4012218462A71E1
:101410005DE40122184688F8042058E4B2F5007F04
:1014200074D101232B717AE41546A2E502232B71B6
:101430007DE7022388F804308FE70146184690477D
:10144000B6E66A8E002A5FD00123D5F82C802B8661
:101450004FF480604FF08009AAE7E06A049A4900DF
:1014600082421FFA81FB1A6825D095680B498D428C
:101470004FEACB0262D11146059340F04DFA059B2D
:1014800003900246002A3FF4BBAE039AE262A4F83E
:1014900032B0228E73E600BF197602000976020090
:1014A0000CEBC1130CF101019BB202EBCC024180A9
:1014B000DCE600275DE5126805934FEACB0118468C
:1014C0009047039000283FF49BAE049BD3F800E0C4
:1014D00059689A68D3F80CC0C0F80CC0C0F800E096
:1014E00041608260D3F810E059699A69D3F81CC052
:1014F000C0F81CC0059BC0F810E041618261C4E7E0
:101500000146504698475CE7D5F82C8005F10C035E
:10151000520098451FFA82F9DAF8003016D09B681D
:1015200041464FEAC9025046984700283FF479AF38
:101530002B8EE862A5F83290804629E70146059394
:101540001846A847059B039002469BE71B684FEA95
:10155000C9015046984700283FF463AFD8F80010FF
:10156000D8F80420D8F80830D8F80CC0C0F80CC05F
:10157000016042608360D8F81010D8F81420D8F8C1
:101580001830D8F81CC0C0F81CC0016142618361EA
:10159000CEE700BF2DE9F04F437D85B00446002B18
:1015A00000F0E280057DDFF81483002213466275A7
:1015B0000092002B7ED0267D0023AE42637500F0A2
:1015C0008380002E00F0D6805C2E00F08580676856
:1015D000002F6FD0A168FB88994200F096800F44DD
:1015E0000131A1603E72637DE3E7911C6375216167
:1015F000537823756075002B00F0BC80402B86BFAC
:1016000023F02003A3F13701A3F13001C8B20F2862
:1016100000F2A6800021D31C6175236191782175A9
:1016200001236375002900F0A580402986BF21F0C1
:10163000200137393039C9B20F2900F291800026D4
:10164000131D66752361D3782375012641EA0011C5
:101650006675002B00F08E80402B86BF23F02003A0
:10166000373B303BDBB20F2B7AD800206075501D22
:1016700020611279227543EA011301211BB26175C1
:10168000002A77D0402A86BF22F02002373A303A2B
:10169000D2B20F2A64D842EA03139AB202F520515B
:1016A00089B20020B1F5806F1BB2607566D2C2F3BB
:1016B0000903009323695A1C22611E7826750023B2
:1016C000AE4263757FF47DAF6368002B14BF0020CA
:1016D000042005B0BDE8F08F2269511C216111780A
:1016E000217501206075002944D075293FF47DAF34
:1016F000704A2F2302E012F8023F8BB38B42FAD1DB
:1017000056786EB30023637561E7D4F800B04900E2
:10171000DBF800A001F10109B9F5803FDAF80030EB
:1017200011D29B68644A934201F10A0138D13846CC
:1017300040F0F2F828B1A0F80690A1686060074672
:101740004DE7DAF800305B68434525D1384634F080
:1017500081FA01238BF804300022637D626028E760
:10176000032005B0BDE8F08F03695A1C02611D78A3
:10177000057518E7022005B0BDE8F08F02F510519D
:1017800089B2B1F5806F10D37F2A15D8D9B220461F
:10179000F7F7CAFB637D0CE7394650469847D8E710
:1017A0000A46504639469847C4E7009BC2F30902EF
:1017B00042EA832202F5803202F03F0363F07F03A6
:1017C0008DF80930C2F38F1300211F2B8DF80810FC
:1017D0004FEA92123CD902F03F01931161F07F0170
:1017E00013F47C7F8DF80A104BD163F01F03DEB237
:1017F0008DF80B6003AB03F1FF3B019506E01F443E
:101800000133A3603E721BF8016D4EB36768002F71
:10181000F9D0A368FA889342F1D125685900D5F828
:1018200000A001F10109B9F5803FDAF800301CD2BF
:101830009B68214A934201F10A0135D1384640F0B4
:101840006BF880B1A0F80690A36860600746D6E701
:1018500062F03F02D6B28DF80A600DF10B03CAE7C1
:10186000019D637DA5E6DAF800305B68434517D13A
:10187000384634F0EFF900234FF001022A7163601B
:10188000C1E703F03F03C2F3073263F07F0342F086
:10189000F0068DF80B308DF80C600DF10D03AAE702
:1018A000394650469847E6E70A4650463946984733
:1018B000C7E700BF9C5607000976020011760200B8
:1018C0002DE9F047427D88B004460D46002A76D0C7
:1018D000027D202A12D8DFE802F07A1111111111CD
:1018E00011111170701111701111111111111111CB
:1018F00011111111111111111111700001217B2A07
:10190000217300F260815A2A42D9A2F15B01202999
:1019100000F25981DFE811F0C0005701570157016B
:1019200057015701570157015701570157011C0132
:10193000570157015701570157015701570121001E
:10194000570157015701570157013A0157015701F4
:1019500057015701570157016400CF491346002032
:101960000125934240F0718111F8013F6075002B11
:1019700000F088812269561C2661127822756575EF
:10198000002AEED14FF00208404608B0BDE8F087CB
:10199000222A02D0272A40F0168163680022A26022
:1019A000002B00F048822046FFF7F4FD804698B9EE
:1019B00029462046F7F720FA0EE0002262752269D8
:1019C000511C2161127822750121617581E7237B09
:1019D000002BD7D14FF00108404608B0BDE8F08792
:1019E000DEB220224FF0FF332A712B60002E00F070
:1019F0004F81002322696375194601201346013285
:101A000022611B7823756075202B00F28D8101A760
:101A100057F823F085190300291D0300291D030031
:101A2000291D0300291D0300291D0300291D030092
:101A3000291D0300291D0300A11E0300A11E030090
:101A4000291D0300291D0300A11E0300291D0300F9
:101A5000291D0300291D0300291D0300291D030062
:101A6000291D0300291D0300291D0300291D030052
:101A7000291D0300291D0300291D0300291D030042
:101A8000291D0300291D0300291D0300291D030032
:101A9000291D0300A11E030040214FF0FF32DBB2DD
:101AA00029712A60002B00F0F38000212269617502
:101AB00008460126114601322261097821756675B2
:101AC000202900F2EF8001A757F821F085190300C3
:101AD000A51C0300A51C0300A51C0300A51C0300F6
:101AE000A51C0300A51C0300A51C0300A51C0300E6
:101AF000A51E0300A51E0300A51C0300A51C0300D2
:101B0000A51E0300A51C0300A51C0300A51C0300C3
:101B1000A51C0300A51C0300A51C0300A51C0300B5
:101B2000A51C0300A51C0300A51C0300A51C0300A5
:101B3000A51C0300A51C0300A51C0300A51C030095
:101B4000A51C0300A51C0300A51C0300A51E030083
:101B500000232B70637D06212971002B00F0BB81CF
:101B6000237D4E49002B3FF40DAF9A426DD111F801
:101B7000012F00236375002A00F084802369581C1C
:101B800020611B78237501206075EBE701232B7022
:101B9000637D06212971002B00F09F81237D404940
:101BA000002B3FF4EFAE93424FD111F8012F0023E9
:101BB0006375002A66D02369581C20611B78237541
:101BC00001206075ECE700239E4604F11B014FF0F5
:101BD000010C15E0392A03D902F0DF00452817D19E
:101BE0003F2B03F1010013D084F815E001F8012F19
:101BF0002269C3B2501C20611278227584F815C086
:101C00002F2AE7D82B2AA2F12D00E9D00128E7D905
:101C1000234400221A7704F11C0104A8F7F7CCFB37
:101C20009DF8108008F1FF33032B0ED8DFE813F086
:101C3000140127011B011300392940F295805E2908
:101C400040F28D807A2940F28F804FF003084046A1
:101C500008B0BDE8F087DDE90667394630463EF05A
:101C6000EDFA82463DF09AFF02460B463046394671
:101C70003EF054FA8146002800F057810E23C5F843
:101C800000A02B714FF00008404608B0BDE8F08777
:101C90004FF00508A0E600BFC0560700B856070081
:101CA000B056070001225D29227339D05E1E174607
:101CB0004FF6FF79D4F8188004A84146F6F7F0FCF7
:101CC0000499002900F065816B88BDF814204B450C
:101CD00000F00881D8F82C004FEAD31C00EBCC00B0
:101CE00003F07F03406800EBC303DA806A80334669
:101CF0004FF000022046FFF7E3FD804600287FF406
:101D00006BAE2046FBF768FF804600287FF464AE88
:101D1000637D002B00F0ED80237D5D2B40F0D580AE
:101D200000206075804657E601227D2B2273F7D094
:101D300017464FF000096368C4F80890002B00F0C4
:101D4000F080637D002B00F0AF80217D272900F01B
:101D5000B480222900F0B1802F293FF66DAFA1F1A8
:101D60004103192B3FF671AF84F815902046F7F721
:101D7000DBF8637D002B00F00F81217D2F29A1F17D
:101D8000410300F2C480192BEED96368002B00F0E8
:101D900000812046FBF720FF804600287FF41CAE20
:101DA000637D002B00F0AC80237D3A2B7FF44DAF98
:101DB000D4E90132134484F8159083F80890D4E9EB
:101DC0000132D4F818808DF81890083304930592E6
:101DD000CDF8008004AB0ECB2846FBF7EDF802905F
:101DE000002800F0E7804146F7F7E8F80299731EF3
:101DF0004FF000022046FFF763FD804600287FF485
:101E0000EBAD2046FBF7E8FE804600287FF4E4AD0A
:101E1000637D002B00F0C780237D7D2B80D02C2B91
:101E20007FF413AF84F815902046FBF7D5FE80466B
:101E3000002880D0D0E52668644A306803681B68B3
:101E4000934240F0A380282033F0EAFE002846D0D9
:101E50005F4B43606060A6E5069A2A600E232B71F3
:101E60004FF00008B8E5DDE90667012F08BF002E36
:101E70007CD20A232E602B714FF00008ACE5DDE91F
:101E8000069A19F100464AF10007012F08BF002EFB
:101E90005CD20C23C5F800902B714FF000089BE535
:101EA0006175ABE5607505E623695A1C22611978F6
:101EB0002175272967757FF44CAF2046FFF76AFB31
:101EC000804600283FF465AF86E52C2B7FF4BDAE3D
:101ED00000236375EEE63F4950E63F496BE6012378
:101EE0003371B7E7002362F30F0362F31F432B60E4
:101EF000FDE623695A1C22611B78237567750CE780
:101F000023695A1C22611B78237567754DE73929AF
:101F10007FF62AAF5E297FF636AF7A297FF624AFA7
:101F200033E72046F5F76EFE0BE7A16902A8F6F746
:101F30009BFC029B002B3FF44FADBDF80C202A8088
:101F40001E212971C846C3E9006745E5A16902A8B9
:101F5000F6F78AFC029BE3B1BDF80C202A801C2115
:101F600029714FF00008C3E9009A35E5A16902A87C
:101F7000F6F77AFC029B63B1BDF80C202A801A2187
:101F800029714FF00008C3E9006725E5282198472B
:101F90005CE74FF004081FE523695A1C2261197899
:101FA00021756775EAE623695A1C22611B7823753F
:101FB000677532E702A942462846F6F733FD014627
:101FC0000028E6D02046F6F717FF0FE71976020043
:101FD00001001F00B8560700B05607002DE9F04178
:101FE0000446006803680E461B682221174698477E
:101FF0006368184460601FB3DFF88480374416F8C4
:10200000011B1E4B222501E01D791DB35A798A421E
:1020100003F10203F8D1206803685C211B6898472C
:10202000D4E90023D2F800C0034463602946DCF8F9
:10203000003010469847636818446060BE42DED1A5
:102040002068036822211B68984763681844606011
:10205000BDE8F08139B1206803681B689847636860
:1020600018446060EAE72068036806225B6841461E
:102070009847636818446060E0E700BF9C5607001B
:102080009C580700000000002DE9F04F55EC104B64
:1020900087B081460F4610EE100A00220023294621
:1020A0003EF03CF8002840F0408122462B46204676
:1020B00029463DF015FC02460B46204629463EF0D7
:1020C0002DF8002840F0B281002200232046294646
:1020D0003EF02EF868B1D9F8000003682D211B6886
:1020E0009847D9F8043005F1004B18445D46C9F80B
:1020F00004003B46002F00F0B2824FF0010808EBCD
:102100008808013B4FEA4808F9D10FF20C43D3E9A4
:102110000023204629463EF01FF8002800F00E81DB
:10212000FFA3D3E90023204629463EF015F80028F6
:1021300040F089820646FCA3D3E9002320462946C5
:102140003EF00AF8002840F07282F9A3D3E9002398
:10215000204629463EF000F8002840F05C82F6A3B5
:10216000D3E90023204629463DF0F6FF002840F041
:102170004682F3A3D3E90023204629463DF0ECFF35
:10218000002840F03082F0A3D3E9002320462946FE
:102190003DF0E2FF002840F01A82EDA3D3E90023CE
:1021A000204629463DF0D8FF002840F00482D44B59
:1021B0000022204629463DF0CFFF002840F0EF8165
:1021C000D04B0022204629463DF0C6FF002840F0B3
:1021D000DA81204629463EF011F8092882460ED9B8
:1021E000C94853461946A0FB0828013FA0FB03231A
:1021F00063294FEAD8087FB24FEAD303F2D850469A
:102200003DF0AAFC02460B46204629463DF066FBFF
:10221000044640460D463DF09FFC02460B462046D4
:1022200029463DF013FD04460D463DF0E7FF834689
:102230003DF092FC02460B46204629463DF04EFBFF
:1022400002460B463DF04CFB3DF0D8FF0BEB000483
:102250004445C0F026810AF1010A002E40F07C813D
:102260000024002F10DDA84BA84802E0002A00F04F
:102270002181A3FB0424E40803FB04F1013FB0EB3C
:10228000710FFAB27FB2F1D20DF11605DFF878C204
:102290002946ACFB0A23DB0803EB8302AAEB4202CC
:1022A00050463032092801F8012D9A46F1D8D9F864
:1022B000000003686A1A5B689847D9F8043018442C
:1022C000C9F80400002F40F0C080002E00F0BA8052
:1022D000D9F80000036865211B689847D9F80430D5
:1022E000002E1844C9F80400C0F23F81B6B2864CF3
:1022F0002946A4FB0623DB0803EB8302A6EB42027C
:1023000030463032092801F8012D9EB2F1D8D9F8B3
:10231000000003686A1A5B689847D9F804301844CB
:10232000C9F8040007B0BDE8F08F3B46002F7FF4EA
:10233000E4AE4FF001083E46BA4660E700220023B3
:10234000204629463DF012FF002800F0A8805AA33D
:10235000D3E90023204629463DF0F4FE002800F092
:102360009E8057A3D3E90023204629463DF0E0FE96
:10237000002840F08281064653A3D3E9002320467B
:1023800029463DF0D5FE002840F08F8150A3D3E9C7
:102390000023204629463DF0CBFE002840F07981FD
:1023A0004DA3D3E90023204629463DF0C1FE002875
:1023B00040F0AB814AA3D3E90023204629463DF0F3
:1023C000B7FE002840F0958147A3D3E900232046BB
:1023D00029463DF0ADFE002840F07F8144A3D3E9BB
:1023E0000023204629463DF0A3FE002840F06981E5
:1023F00041A3D3E90023204629463DF099FE002859
:1024000040F03081424B0022204629463DF090FEAC
:1024100000283FF4DEAE204629463A4B00223DF02C
:1024200015FC013E04460D4636B2D2E6D9F800004E
:102430003849036804225B689847D9F80430184487
:10244000C9F8040007B0BDE8F08F013FFFB2C7F143
:102450000F0C2D4AEC4404A9A2FB0403DB0803EB98
:102460008300A4EB4004303401F8014D61451C4663
:10247000F2D106ABDB1BD9F800002E2203F80A2CA0
:1024800003686FF00102D11B04AC5B682144BA1AE7
:102490009847D9F804301844C9F8040015E70646EF
:1024A00097E6194B194A03FB04F3B2EB730FBFF421
:1024B000D8AEE9E61746E7E6F168E388B5F8E43E0A
:1024C000148BD77DB207FE0AC2DEB7814554912531
:1024D0000CD13196FC53DA3280688965D63980395F
:1024E0001656E79EAF03D23C48AFBC9AF2D77A3E6D
:1024F000FCA9F1D24D62503F9A9999999999B93FA7
:102500000000594000002440CDCCCCCC99999919B9
:102510000000F03FC056070000000000D0126341E9
:102520003CBF737FDD4F1575321D30F94877825AF5
:10253000F5F93FE9034F384D176E05B5B5B8934629
:102540000080E03779C341430000000084D7974101
:10255000000000000088C340BAF1090F7FF680AE8A
:10256000013636B24FF0010A7AE6D9F80000036866
:102570002D211B689847D9F8043076421844B6B22A
:10258000C9F80400B3E62046294676A3D3E9002320
:102590003DF05CFB013604460D4636B219E6204696
:1025A000294672A3D3E900233DF050FB02360446CE
:1025B0000D4636B204E6204629466EA3D3E9002331
:1025C0003DF044FB043604460D4636B2EFE52046A6
:1025D00029466AA3D3E900233DF038FB08360446B8
:1025E0000D4636B2D9E52046294666A3D3E9002335
:1025F0003DF02CFB103604460D4636B2C3E52046AE
:10260000294662A3D3E900233DF020FB203604468F
:102610000D4636B2ADE5204629465EA3D3E9002338
:102620003DF014FB403604460D4636B297E5204691
:1026300029465AA3D3E900233DF008FB803604461F
:102640000D4636B281E52046294656A3D3E900233C
:102650003DF0FCFA4FF4807604460D466BE54FF0F2
:10266000010852E5204629463D4B00223DF0EEFA96
:10267000023E04460D4636B2C4E6204629462AA349
:10268000D3E900233DF0E2FA6FF0FF0604460D4661
:1026900072E62046294626A3D3E900233DF0D6FA68
:1026A000403E04460D4636B27AE62046294622A32D
:1026B000D3E900233DF0CAFA803E04460D4636B207
:1026C00064E6204629461EA3D3E900233DF0BEFA66
:1026D000043E04460D4636B28AE6204629461AA331
:1026E000D3E900233DF0B2FA083E04460D4636B267
:1026F00074E62046294616A3D3E900233DF0A6FA46
:10270000103E04460D4636B25EE62046294612A328
:10271000D3E900233DF09AFA203E04460D4636B236
:1027200048E600BFAFF300803CBF737FDD4F1575F7
:10273000F5F93FE9034F384D321D30F94877825A99
:10274000000000000088C3400000000084D79741CB
:102750000080E03779C34143176E05B5B5B893469D
:10276000000059409A9999999999B93F7B14AE47BD
:10277000E17A843F2D431CEBE2361A3F3A8C30E27B
:102780008E79453EBC89D897B2D29C3C33A7A8D558
:1027900023F649393DA7F444FD0FA5329D978CCF10
:1027A00008BA5B25436FAC642806C80A2DE9F047D8
:1027B00003790C4613F0100186B0054652D001880B
:1027C0004FF6FF70814200F09981D26AC80902EB8E
:1027D000C00201F07F01526802EBC102023B3E2BB6
:1027E00042D8DFE813F04D00570062007000780017
:1027F0004100410041007F004100A9004100CE009E
:1028000041004100410041004100410041004100C0
:10281000410041004100D9004100F600410018018B
:1028200041002001410041004100410041004100C0
:102830004100410041004100410041004100410090
:102840004100410041004100410041004100410080
:102850004100410041004100410041004100410070
:1028600041004D010A46B9E72068B74903680422D0
:102870005B68984763681844606006B0BDE8F087FD
:1028800028463FF054F9294602462046FFF7A6FBAA
:102890006068F2E7206829680368CA885B680831C5
:1028A0009847636818446060E7E72D68002D00F0E2
:1028B000498128463FF03BF9024620462946FFF76A
:1028C0008DFB6068D9E729682046CA880831FFF780
:1028D00085FB6068D1E72B782068002B00F0108121
:1028E0009A49C3E70DF116082D68C2464FF000095A
:1028F000284649460A2200233DF04EFE30320AF8AF
:10290000012D284649460A2200233DF045FE4F4648
:102910002E46002F08BF0A2E05468946E8D22068B9
:102920000368A8EB0A0251465B689847636818443D
:10293000606006B0BDE8F0872E68002EC0F2F5801A
:10294000F7170DF116084546304639460A2200238E
:102950003DF022FE303205F8012D00230A223046D8
:1029600039463DF019FE3B463246002B08BF0A2A85
:1029700006460F46E8D22068A8EB05020368294600
:10298000D2E728683DF00AF941EC100B20460621F9
:10299000FFF77AFB606870E7D2E900950DF1160841
:1029A000C246484629460A2200233DF0F5FD303252
:1029B0000AF8012D484629460A2200233DF0ECFD85
:1029C0002F464E46002F08BF0A2E81460D46E8D2FC
:1029D000A5E7D2E90067002E77F10003C0F29980E5
:1029E0000DF116084546304639460A2200233DF0CF
:1029F000D3FD303205F8012D00230A223046394636
:102A00003DF0CAFD3B463246002B08BF0A2A064667
:102A10000F46E8D2AFE7204692ED000B0921FFF701
:102A200033FB606829E7206803687B211B689847AF
:102A300063682D884FF6FF771844BD42606047D029
:102A40000126A268D36AE90903EBC10305F07F05FB
:102A50005B6803EBC50528462146FFF7A7FEED8816
:102A6000BD4235D020680368002E1B6814BF3A2190
:102A70002C2198476368184486F001066060E0E7FF
:102A8000206803685B211B68984763682D884FF6B0
:102A9000FF761844B542606025D0A268D36AE90980
:102AA00003EBC10305F07F055B6803EBC505284612
:102AB0002146FFF77BFEED88B5424FF02C0112D086
:102AC000206803681B689847636818446060E4E7FF
:102AD000206803687D211B6898476368184460601C
:102AE00006B0BDE8F087206803685D211B68984741
:102AF00063681844606006B0BDE8F08700226DE6A8
:102B0000036813495B68052298476368184460604E
:102B1000B3E6206803682D211B68984763687642F6
:102B2000184467EB470760605AE7206803682D2167
:102B30001B6898476368F71718447642606067EB34
:102B40004707FEE62A46B8E6C0560700B05607001B
:102B5000B85607002DE9F04FC04C238ED4F80090F2
:102B6000A7B0FBB10026E36ADFF8F882374609E038
:102B700033F070F8E36A2F60218E6F600136B2B2D5
:102B8000914210D9B5B203EBC50569680846002922
:102B9000F1D0D9F800305B684345E9D04846984702
:102BA000E36AE8E7E36AAE4E00214FF6FF72B342F4
:102BB0002186A2860CD0D9F80020AA4D5268AA42DC
:102BC00040F0C084184633F045F80423E66263867B
:102BD000A16826680023237161B1A24D33680A6899
:102BE0005B68A260AB42084656D133F033F8A16867
:102BF0000029F3D100204FF47A7184F83C0032F0C0
:102C0000C1FF994A0346042103A83EF09DFE03AB91
:102C1000964A09A820213EF097FE94F83C30002BFC
:102C200040F0FC8320224FF0FF3384F83C20A36364
:102C300011AF8A493846F5F733FDDDF8448019AE07
:102C4000B8F1000F00F0C08084493046F5F728FD48
:102C5000199D002D00F0B880BDF86820BDF848002F
:102C6000A8F80620638F8249C8F800104FF6FF715C
:102C70004FF0040C8B4288F804C000F07484E16AC1
:102C80004FEAD31C01EBCC0103F07F03496801EB51
:102C9000C303D88062875FE030469847A168002967
:102CA0009CD1A7E72B79042B00F0E583052B00F0DE
:102CB000E783022B40F0CE8328463EF038FF0E28F3
:102CC00040F0C8832B78622B40F0C4836B786C2B68
:102CD00040F0C083AB78752B40F0BC83EB78652B5C
:102CE00040F0B8832B79742B40F0B4836B796F2B51
:102CF00040F0B083AB796F2B40F0AC83EB79742B51
:102D000040F0A8832B7A682B40F0A4836B7A5F2B6A
:102D100040F0A083AB7A6E2B40F09C83EB7A612B62
:102D200040F098832B7B6D2B40F094836B7B652B5D
:102D300040F090834FF6FF739E423FF479AFF30962
:102D400008EBC30806F07F06D8F8045015EBC6055B
:102D50003FF46EAF11AF19AE09A83EF0E8FE3F494F
:102D600080462846F6F72AF9B8F1030F00F2A78348
:102D70005FFA88FCB8F1000F00F0EC830DF1250339
:102D80000CF1FF3153FA81F1002209AB13F8010B6A
:102D9000002808BF42F001029942F7D1002A40F012
:102DA0008E839DF824302B700222BCF1010F2A7112
:102DB00007D09DF825306B70944502D09DF82630E1
:102DC000AB70002305F8083042F210714FF47A70AE
:102DD00032F0D8FE274A0346052104A83EF0B4FD90
:102DE00094F83C30002B40F0C68220224FF0FF3395
:102DF00084F83C20A36319493846F5F751FCDDF807
:102E00004480B8F1000F00F0C68014493046F5F751
:102E100047FC199D002D00F0BE80BDF86820BDF86C
:102E20004800A8F80620638F1349C8F800104FF631
:102E3000FF714FF0040C8B4288F804C000F09783B8
:102E4000E16A4FEAD31C01EBCC0103F07F03496830
:102E500001EBC303D880628765E000BFAC6B002044
:102E6000B86B0020117602000C5A0700A458070026
:102E70002C5707003C590700B85807002B79042B42
:102E800000F0A982052B00F0AB82022B40F090826B
:102E900028463EF04CFE0D2840F08A822B78622BAB
:102EA00040F086826B786C2B40F08282AB78752B79
:102EB00040F07E82EB78652B40F07A822B79742B80
:102EC00040F076826B796F2B40F07282AB796F2B7A
:102ED00040F06E82EB79742B40F06A822B7A682B7B
:102EE00040F066826B7A5F2B40F06282AB7A702B87
:102EF00040F05E82EB7A692B40F05A822B7B6E2B7E
:102F000040F056824FF6FF7398453FF474AF4FEA96
:102F1000D8130AEBC30A08F07F08DAF8045015EB5F
:102F2000C8053FF468AF04A83EF001FE444980465E
:102F30002846F6F743F8B8F1040F00F0D3825FFAA1
:102F400088FCB8F1000F00F008830DF111030CF1BB
:102F5000FF3253FA82F2002104AB13F8010B002870
:102F600008BF41F001019A42F7D1002940F0BA822E
:102F70009DF810302B700222BCF1010F2A7107D08E
:102F80009DF811306B70944502D09DF81230AB70F3
:102F9000002305F808300C21002032F0F3FD0B214E
:102FA0000546002032F0EEFD854200DC0130254B65
:102FB000254A53F82010009153F825302021384637
:102FC0003EF0C2FC94F83C30002B40F09C81202263
:102FD0004FF0FF3384F83C20A363194906A8F5F7A6
:102FE0005FFBDDF81880B8F1000F00F0B6801449DF
:102FF0003046F5F755FB199D002D00F0AE80BDF869
:103000006820BDF81C00A8F80620638F0F49C8F897
:1030100000104FF6FF714FF0040C8B4288F804C08B
:1030200000F09E82E16A4FEAD31C01EBCC0103F071
:103030007F03496801EBC303D880628754E000BF77
:10304000AC6B0020A86C0700C8580700D0580700D8
:103050002B79042B00F08681052B00F08881022B50
:1030600040F06D8128463EF062FD0B2840F06781FC
:103070002B78642B40F063816B78652B40F05F8187
:10308000AB78762B40F05B81EB78692B40F0578171
:103090002B79632B40F053816B79652B40F04F8186
:1030A000AB795F2B40F04B81EB796E2B40F0478181
:1030B0002B7A612B40F043816B7A6D2B40F03F817E
:1030C000AB7A652B40F03B814FF6FF73984584D077
:1030D0004FEAD8130AEBC30A08F07F08DAF8045065
:1030E00015EBC8053FF479AF38463EF020FDBE49E8
:1030F00080462846F5F762FFB8F1030F00F205821B
:103100005FFA88FCB8F1000F00F021820DF1450351
:103110000CF1FF3153FA81F100223B4613F8010B09
:10312000002808BF42F001029942F7D1002A40F07E
:10313000EC8102232B719DF844302B70BCF1010F00
:1031400008D09DF845306B70BCF1020F02D09DF89D
:103150004630AB70002305F80830A44A94F83C30A0
:1031600019920B2101221A918DF86C20002B40F04E
:10317000928120224FF0FF3384F83C20A363009417
:1031800096E80E009A48FDF71BF80546002800F067
:10319000F7819549F5F712FF0423964A2B7194F8AD
:1031A0003C302A60944A1992162101221A918DF816
:1031B0006C20002B40F0778120224FF0FF3384F801
:1031C0003C20A363009496E80E008948FCF7F8FFC2
:1031D0000546002800F0CE818349F5F7EFFE042371
:1031E000864A2B7194F83C302A60854A19921B213B
:1031F00001221A918DF86C20002B40F05081202282
:103200004FF0FF3384F83C20A363009496E80E004F
:103210007748FCF7D5FF0546002800F0AE817249DB
:10322000F5F7CCFE0423774A2B7194F83C302A60E2
:10323000754A19920E2101221A918DF86C20002BEB
:1032400040F0398120224FF0FF3384F83C20A36303
:10325000009496E80E006648FCF7B2FF0546002889
:1032600000F091816049F5F7A9FE0423654A2B71AE
:1032700094F83C302A60654A19920D2101221A9176
:103280008DF86C20002B40F0128120224FF0FF338C
:1032900084F83C20A363009496E80E005448FCF7A1
:1032A0008FFF054630B15049F5F788FE584B2B602B
:1032B00004222A714FF47A720025564B1B9256490C
:1032C0001A951DA840F20162ADF874508DF8765041
:1032D00019931DF089FC9DF87470002F00F0D480C4
:1032E000414A069602F1380006A9CDE90754FFF7D6
:1032F0005DFA1DA81DF03AFA0420F7F7CFFF012070
:1033000027B0BDE8F08F202BD4D1258F4FF6FF7961
:103310004D453FF462AED4F82CA0EA090AEBC20294
:1033200005F07F03556815EBC3053FF456AEB5F8BD
:1033300006804FF0010BBBF1000F7FF489AEC8454A
:103340003FF44BAE4FEAD8130AEBC30308F07F08F3
:103350005D6815EBC8053FF440AEB5F806808BF00C
:10336000010BE8E72D68002D7FF47CAEE7E72D68C0
:10337000E888083579E6202B7FF40DAE258F4FF6CF
:10338000FF794D453FF437ADD4F82CA0EA090AEB9C
:10339000C20205F07F03556815EBC3053FF42BAD62
:1033A000B5F806804FF0010BBBF1000F7FF466AD5E
:1033B000C8453FF420AD4FEAD8130AEBC30308F029
:1033C0007F085D6815EBC8053FF415ADB5F80680BC
:1033D0008BF0010BE8E72D68002D7FF459ADE7E78E
:1033E0002D68E888083556E5AC6B00203059070099
:1033F000E46B0020DC58070018590700E458070068
:10340000FC580700E8580700EC5807001C57070055
:10341000847F07003C670700106D0700202B40F0F9
:103420008580258F4FF6FF77BD423FF401ACD4F87D
:103430002C80EA0908EBC20205F07F03556815EB02
:10344000C3053FF4F5ABEE884FF00109B9F1000F69
:103450007FF428ACBE423FF4EBABF30908EBC303A7
:1034600006F07F065D6815EBC6053FF4E1ABEE881C
:1034700089F00109EAE72D68002D7FF41DACE9E72A
:103480002D68E88808351AE40420F7F707FF384666
:1034900027B0BDE8F08F202B3FF471AE0AE7202B58
:1034A0003FF4B3AE06E7202B3FF48CAE02E7202BAF
:1034B0003FF4F1AEFEE6202B3FF4CAAEFAE600235D
:1034C00009AA8DF86C302368CDF8688019920093B2
:1034D00096E80E002D48F9F7E5FD50B30523286066
:1034E0002B7171E4002304AA8DF86C302368CDF8A9
:1034F00068801992009396E80E002448F9F7D2FDEF
:10350000D0B1052328602B7145E50023CDE919785A
:103510008DF86C302368009396E80E001B48F9F78D
:10352000C1FD60B1052328602B7116E611AF19AEFD
:103530004AE40123237147E4012323712BE501238E
:1035400023710AE6194648469047FFF73EBB02231F
:103550002B71FFE502232B7133E402232B7117E556
:1035600020876287C0E520876287FFF7F5BB208749
:103570006287D8E494F83C3037E694F83C3057E65C
:1035800094F83C300EE694F83C3074E6B46B0020BE
:103590001A4B1B780BB90020704710B504208AB075
:1035A000F7F704FE90B10024154A1649ADF804401F
:1035B000234601A88DF806401DF00EFB68B90420D3
:1035C000F7F76CFE0420F7F7F1FD10B900200AB000
:1035D00010BDFFF7BFFA0AB010BD094A0949ADF89E
:1035E0000440012301A88DF806401DF0F5FA0028DB
:1035F000E5D001A81EF048FCE1E700BF88260120C5
:10360000106D0700A46600202DE9F0430268C5B0E4
:10361000002A00F0C7800D46416903695678009181
:1036200004464FF4407169480BF0E2FF002839DB93
:103630000420F7F7BBFD20B90124204645B0BDE8C2
:10364000F083F8F747F9002800F0A980012E00F078
:10365000AE80A2685E4B00921DA85E4A40213EF0FB
:1036600073F923791BBB04AE0022002331461DA849
:10367000CDE90423FDF76AF80446002840F068818C
:10368000002D40F06981306818B37168F4F7E4FFE9
:1036900009281EDD0420F7F701FE0324204645B06B
:1036A000BDE8F0830324204645B0BDE8F083002345
:1036B0004949ADF8B4301DAA2DA88DF8B6301DF0DB
:1036C0008BFA0546002835D00420F7F7E7FD0524DE
:1036D000B3E7424D3D4F00242846F4F75FFF2846EC
:1036E00085F83C40F4F75AFF85F83C4005F1380175
:1036F0002DA84FF00A034FF00002CDE92D542F946E
:103700008DF8C0408DF8C94033953197FEF7D8F851
:10371000044600286AD19DF8C830002B00F038819B
:1037200095F83C301B0740F133812E980028B1D02A
:1037300003245FE0D4E9042123680093CDE901214B
:103740002748D4E902234FF400510CF0E3F8041E9B
:10375000A0DB4FF47A71234B2F9131A840F2016224
:103760001DA92D932E95ADF8C4508DF8C6501DF0AF
:103770003BFA9DF8C43093B11949224631A81DF097
:103780004DFE054631A81DF0E5FD31A81CF0EEFF09
:10379000AC4200F0D6801DA90F48F6F741F804208E
:1037A000F7F77CFD0424204645B0BDE8F0830023F4
:1037B0000D4A0949ADF8B4302DA88DF8B6301DF08A
:1037C0000BFA0028EBD0A268074B44E7908D00204D
:1037D000A0680700B0550700A4660020306B0020E9
:1037E000786D00203C670700006D07002E980028C8
:1037F0003FF450AF2D9B7A491A6813685B688B427F
:1038000040F0DE8032F026FA002C7FF443AFD6F889
:103810000080B8F1000F3FF43DAF74684046214688
:10382000F4F71AFF2146074607A8F4F739FFDDF839
:103830001C90B9F1000F1AD06A4ACDF8409010AB35
:1038400002F138002DA9CDE92D351194BDF8205095
:10385000FDF796F91CB12279002A00F09E802146DE
:103860004846F5F7ABFBA38EA9F80030A586306873
:10387000002800F0B2807168F4F7EEFE01370346CD
:10388000BB427FF407AF584D2C79002C7FF402AF78
:103890002A462DA905F13800CDE92E45F9F7A2FFFA
:1038A000B0F5005FBFF4F6AE504A1DAB40212DA825
:1038B0003EF04AF82DA94E48F5F7B2FF4FF47A7161
:1038C0004C4B129114A840F201622DA9109311944F
:1038D000ADF850408DF852401DF086F99DF85030FB
:1038E000002B3FF45CAF2A4610AB05F1380007A966
:1038F000CDE908450793FEF759FF054614A81DF0CA
:1039000029FD14A81CF032FF002D64D038481DA9F1
:10391000F5F786FF00285ED03749ADF81C402DAA88
:10392000234607A88DF81E401DF0D6F800283FF466
:1039300036AF31491DAA07A81DF0BEFA00283FF492
:103940002EAF0420F7F7AAFC0024FBF713F974E666
:103950000420F7F7A3FC70E696E80300F4F77CFA7E
:10396000A84228BF284610F0FF053FF48CAE234C38
:10397000234F013D631C53FA85F514F8013B96E88B
:10398000030057F83320F5F789FBA542F5D17AE615
:103990002E9800287FF42EAF39E7B8F802304FF6A2
:1039A000FF718B4210D0E26AD90902EBC10203F029
:1039B0007F03526802EBC303DD80A8F8025056E78C
:1039C0000146104698471FE765F30F0265F31F4253
:1039D000C8F800204BE72DA9DEE6013703464FE784
:1039E00011760200306B0020C4E400204459070027
:1039F000A46600203C670700E86A0020906B002066
:103A0000C46000202DE9F0475F4C604E94F83020F0
:103A100094F82F3094F8311098B0CDE9003202912B
:103A200009AF0021CDE90D1194F82E30A28D0F9130
:103A300010918DF8441038460D2109F0D5F894F80E
:103A4000312094F83030CDE900320DF1180894F8A7
:103A50002F3094F82E204046092109F049F9737857
:103A6000012B0DF1340955D0494D96F802C00FCD08
:103A700012AC0FC495E80300464B129684E803008D
:103A8000BCF1000F18BF3B4612A80021CDE91587F5
:103A9000CDF85C908DF84CC01493FFF7B5FD3E4C0B
:103AA0002070002831D003280CD03C4A3C491368D0
:103AB00003F59C5308336FF00C001360086018B0D6
:103AC000BDE8F087B378002BEFD17278012AECD1F2
:103AD00005A912A8ADF814308DF81630FCF768FF70
:103AE00005460028E1D19DF81630002BDDD09DF869
:103AF0001460002ED9D09DF81530E3B9314612A8D4
:103B0000FFF782FD20700028CFD1F4F761F818B0DC
:103B1000BDE8F08794F8302094F82F3094F83110F5
:103B20000291CDE90032484694F82E30A28D112141
:103B300009F040F998E71B4BDFF874A01A4C39469E
:103B400018460C223EF00DF8034641460822504626
:103B50001D733EF006F84946102220468AF80850A8
:103B60003DF0FFFF0D4ADFF84CC013680F4F0C49C2
:103B7000257403F59C5308336FF00F0013608CF825
:103B800000603D6008609AE78805012068610020B8
:103B900050680700740201206C0201204C030120D0
:103BA000706200209C020120880201200420012074
:103BB000AC0201209902012038B5284D284C297803
:103BC000204608F083FD02282FD003281FD00128AB
:103BD00016D02278234C042A09D9236801332DD129
:103BE000214A136803F59C530833136038BD2168DC
:103BF0006FF00A039B1A9942F2D000222A6025E056
:103C000031F0E6FF0146204608F0B4FEE1E7154C2E
:103C1000236801330DD1144A136803F59C5308330C
:103C20004FF0FF311360216038BDBDE83840FFF729
:103C3000E9BE31F0CDFF0D4B1860ECE700232B609F
:103C400031F0C6FF094A4FF0FF331060064A236087
:103C5000136803F59C530833136038BD042001201A
:103C600068610020706200204C030120F81F0120D1
:103C70002DE9F04F934C238ED4F800B095B0074651
:103C800088460BB30026E36ADFF840A2B1460BE09A
:103C900031F0E0FFE36AC5F80090218EC5F804908A
:103CA0000136B2B2914210D9B5B203EBC5056968CD
:103CB00008460029EFD0DBF800305B685345E7D0B9
:103CC00058469847E36AE6E7E36A7F4E0022228679
:103CD000B3424FF6FF72A2860CD0DBF800207B4D7A
:103CE0005268AA4240F0E780184631F0B3FF04233F
:103CF000E6626386A16826680023237169B1734D6B
:103D000033680A685B68A260AB42084640F087806F
:103D100031F0A0FFA1680029F2D100254FF47A719B
:103D20006B4B09912A466B4907930BA884F83C50CA
:103D30000895ADF82C508DF82E501CF055FF9DF8CD
:103D40002C30002B79D1002F4AD038463DF0EFFEC1
:103D500094F83C300590002204978DF81820002B31
:103D600064D0202B3CD1009404AE96E80E005A4853
:103D7000FCF726FA0546B8F1000F7FD040463DF02B
:103D8000D6FE074665B34F492846F5F717F9032FC6
:103D900015D85FFA87FC002F00F091800CF1FF30FE
:103DA00058FA80F008F1FF33002213F8011F0029B0
:103DB00008BF42F001029842F7D1002A64D00023E4
:103DC000CDE904878DF818302368009396E80E003B
:103DD0004248F9F767F900286AD0052328602B715B
:103DE0003C4940F201620BA81CF0FEFE9DF82C300D
:103DF000002B3CD0334A07AB02F1380004A90493EE
:103E00000023CDE90534FEF7D1FC0BA81CF0AEFC75
:103E10000420F7F743FA012015B0BDE8F08F3046D3
:103E20009847A16800297FF46BAF76E720224FF016
:103E3000FF3384F83C20A36395E7294940F2FF1241
:103E40000BA81CF031FF06460BA81CF08FFCAE42FD
:103E50007FF779AF0A2322498DF80D30039A19486C
:103E60008D55FBF701F810F0FF0F3FF46CAF042005
:103E7000F7F714FA002015B0BDE8F08F0028AFD096
:103E80001049F5F79BF8ABE702232B7198F8003047
:103E90002B70BCF1010F08D098F801306B70BCF1A9
:103EA000020F02D098F80230AB700023EB5597E771
:103EB0000123237194E719465846904717E70223D8
:103EC0002B71F2E7AC6B0020B86B0020117602007A
:103ED0003C670700106D0700E46B0020B46B002006
:103EE00004B1002038B5094B1B780BB9002038BD50
:103EF000044604200D46F7F759F90028F6D0294664
:103F00002046BDE83840FFF7B3BE00BF8826012039
:103F10002DE9F041BB4BBC4A19689142ADF5307DAB
:103F200012D0BA4A1968914200F0C680B84A19689E
:103F3000914200F0D580B74A1968914200F037816C
:103F40000DF5307DBDE8F0819A88542AE9D104202E
:103F5000F7F72CF90024002800F01A814FF47A7248
:103F6000AD4B0592AD49039307A822460494ADF8E2
:103F70001C408DF81E401CF037FE9DF81C30002BB5
:103F800000F0298130A940F2FF1207A81CF08CFE36
:103F9000054607A81CF0EAFB0420F7F77FF9002D7F
:103FA00040F3638130AB0A265C559D488DF809606B
:103FB00013AD194610904FF480231B95029A8DF88B
:103FC00044404FF6FF7510A812948DF87C401C9366
:103FD000ADF87450ADF87E50FAF746FFC0B2002835
:103FE00040F049819DF87C30202B40F0B080BDF836
:103FF0007840AC4200F048811B9BE20903EBC2030E
:1040000004F07F045B6813EBC40300F0ED80DC88F0
:10401000844D854F854E002B00F099801A79042A33
:1040200000F02181052A00F01B81022A18BF00231D
:104030004FF6FF72944278D01B9AE10902EBC1025D
:1040400004F07F0C506810EBCC028846644600F008
:1040500027811179042900F0CF80052900F0FC8028
:10406000022918BF2A4600923A46402120A83DF076
:104070006BFC20A83DF05BFD20A982B2304626F003
:1040800037F80A2031F0B0FD1B9A02EBC808D8F8C7
:10409000043013EBC4045AD0E3884FF6FF718B420F
:1040A00055D0D90902EBC10103F07F024B6813EB35
:1040B000C2034CD0DC88AEE71A793A2A7FF436AFD7
:1040C0005B4B1B7800228DF88020002B4BD1594987
:1040D00056480E2226F00CF80DF5307DBDE8F08133
:1040E0001A793A2A7FF427AF3D2153483DF0EFFC7F
:1040F00000230146002879D04F4801F8013BFFF723
:10410000F1FE00284DD04C4B4C4A30A840213DF0E8
:104110001BFC30A83DF00BFD30A982B2434825F0CE
:10412000E7FF0DF5307DBDE8F0813E4A0092402169
:104130003D4A20A83DF008FC20A83DF0F8FC20A94D
:1041400082B23A4825F0D4FF0A2031F04DFD3C49B7
:104150003648042225F0CCFF10A8F4F7C5F90DF578
:10416000307DBDE8F0810420F7F720F80028AED0BC
:104170003148302220A9FAF70FFF0028A7D020AB42
:104180000093294A2C4B30A840213DF0DDFBC0E7CD
:104190002C4926480C2225F0ABFF0DF5307DBDE8FB
:1041A000F081294921480F2225F0A2FFC8E699880D
:1041B00045F2454291427FF4C3AE9B79002B7FF4D8
:1041C000BFAEFFF7E5F9002860D1204917480F225C
:1041D00025F08EFFB4E60420F7F760F81C49134879
:1041E0000C2225F085FFABE62C4611E719490F4854
:1041F0000C2225F07DFFA3E650F83C20002A08BFE2
:104200002A4630E7A8900020534C49535347455461
:1042100053534554535245533C6707005C590700BC
:10422000B4600020847F0700945907003005012006
:1042300088260120A8590700AD900020C859070022
:10424000A05907004C590700D0590700EC59070046
:104250006C590700B859070050F83C20083202E7B3
:104260001B680833E4E61B68E2E60E490E480A22A2
:1042700025F03EFF64E60D490B48324625F038FF35
:1042800010A8F4F731F95BE60346C1E60849064891
:10429000092225F02DFFC82031F0A6FCF3F712F813
:1042A0000095E1E67C590700300501208859070098
:1042B000E059070070B584B06C4621460AF0C2F898
:1042C00018B90025284604B070BD02AE314620461C
:1042D0000AF040F9114B1B78002BF2D00420F6F7BE
:1042E00065FF0028EDD00E483146FFF7C1FC0546BA
:1042F0000028E6D094E803000A4A0B4B1060918036
:1043000096E803009980090C18609971074801210B
:1043100007F0BAFD284604B070BD00BF8826012012
:104320001C570700A06B0020EC6B002064E4002009
:104330002DE9F04F8A4BDB68D90197B003D5894B43
:104340001A68D20711D432F05BFE874B874DA0FB71
:104350000301830A43EA815031F010FC2B7863B9E2
:104360000026304617B0BDE8F08F58687F4D8009B1
:1043700031F004FC2B78002BF2D000277C4A7D49D9
:10438000ADF828703B460AA88DF82A701CF024FC72
:10439000064658B90420F6F709FF0028E0D0FEF7DA
:1043A000D9FB0646304617B0BDE8F08F724C2A782C
:1043B000DFF8E48104F1500913E033F017FDD8F879
:1043C00000302B78D4F800B053B30420F6F7EEFE9B
:1043D00018B159465046FFF74BFC0834A1452A78DE
:1043E00029D054F804AC8DF82870E2B133F0F4FC15
:1043F000D8F8000004210AF0CBFC0028DDD004210D
:10440000D8F800000AF0D4FCC8F8000033F0EEFC45
:1044100030220AA95046FAF7BFFD0028DDD1D0E7C7
:104420000834A14557D008344C4554D00834A14530
:104430004FF00002D5D100238DF82830002A4DD04E
:104440000420F6F7B3FE002848D04C4830220AA9D1
:10445000FAF7A2FD002841D02A7800238DF82830F1
:10446000002A6ED00420F6F7A1FE002869D0444847
:1044700030220AA9FAF790FD002862D02A7800239A
:104480008DF828305AB10420F6F790FE38B13D4837
:104490000AA93022FAF780FD00287FF462AF02AF4C
:1044A00042F210714FF47A7031F06CFB364A0346D9
:1044B000052138463DF048FA2B78002B3FF451AFE8
:1044C0000420F6F773FE00283FF44BAF39462D4821
:1044D000FFF7CEFB45E700238DF828300C210020A4
:1044E00031F050FB0B210446002031F04BFB84429D
:1044F000D8BF0130254B264A53F82010009102AF57
:1045000053F82430384620213DF01EFA2B78EBB9C1
:104510008DF828304FF47A71002031F033FB1D4ABA
:104520000346202138463DF00FFA2B785BB104207A
:10453000F6F73CFE0028A1D039461148FFF798FB5A
:104540009CE702AFE6E78DF82830A9E70420F6F7EC
:104550002DFE002880D039460848FFF789FB7BE70D
:10456000F0ED00E0001000E040420F00882601203E
:10457000106D0700A4660020606D0700D05807008A
:104580002C570700B85807003C590700A86C0700D3
:10459000C8580700FC590700B802012070B5274D24
:1045A0002748284C284E27F023FA2846122125F0C8
:1045B000B3FC00222846112125F0C6FC2846F42130
:1045C00025F0AEFC284625F07FF920460C2125F089
:1045D000A3FC20461122002125F0B6FC2046F42140
:1045E00025F09EFC01221949194D204625F0B2FC08
:1045F000204625F069F93046102125F08DFC002277
:104600003046112125F0A0FC3046F42125F088FC2D
:10461000304625F059F92846122125F07DFC284620
:104620000022112125F090FC2846402125F078FC3D
:104630002846BDE8704025F047B900BF6804012056
:1046400018050120C00401201004012051A9020016
:104650003005012070B5284E2848294C294D82B0DC
:1046600027F0C6F930460C2125F056FC30461122C1
:10467000002125F069FC3046402125F051FC012243
:104680002149304625F066FC304625F01DF92046CC
:10469000102125F041FC20460022112125F054FC78
:1046A0002046602125F03CFC18492046012225F0D7
:1046B00059FC204625F008F9002601220DF10701DA
:1046C00020468DF8076025F06FFC2846022125F072
:1046D00023FC32462846112125F036FC28460221CB
:1046E00025F020FC284625F0EFF80949284602224B
:1046F00025F05AFC02B070BD506C00200CB30020B5
:10470000A86C0020006D0020617802002173020077
:10471000586D070070B5274C274D82B001260A233B
:10472000204600966422F72127F080FC00223146C3
:10473000204627F08FFC2046042127F049FE204622
:104740001E4926F0E3F920461D4926F0E1F9002331
:104750001A46194604F1200026F006FD04F1200057
:10476000002126F019FD04F12000164926F0D8FD9D
:104770000C220621204626F0BFF9134828F036F80F
:10478000284612490F2228F0A5F8284610490E2283
:1047900028F098F80F491222284628F097F8284662
:1047A00028F0D2F8FFF7FAFEFFF754FF0A4B1E700D
:1047B00002B070BD646B0120040201201D7902006B
:1047C000B17902001D730200940101203C570700DB
:1047D000145A0700245A07008801012010B50E481A
:1047E000F6F77AFF10B90D48F6F776FF0C4B1B78F9
:1047F0000BB9FFF78FFF0B4B0B48012421461C70B0
:1048000027F034FE0848FA2127F034FEFAF788FD35
:10481000064B1C7010BD00BF00127A0080841E0081
:104820008801012090010120646B012044010120D6
:1048300030B53C4B1B7891B00BB9FFF76BFF3A4B8F
:104840001A78012A3CD0022238481A7024F020FF3E
:10485000364824F02DFE364824F02AFE354826F04E
:104860002BF9044660BB344B5D7865B3334908A827
:1048700009F078FE1F28054622D101A809F08EFE16
:104880002F492C4827F07CFD2848012124F02EFEDA
:10489000A0221146254824F02DFE2448214624F06C
:1048A00031FE2A4608A9214824F0F2FD01A9054657
:1048B00019221F4824F0ECFD00B165BBF5F7B6FCEA
:1048C000002011B030BD1948012124F00FFE1C4911
:1048D000184827F055FD0621144824F0C1FD194958
:1048E000124824F061FD114824F074FD29460F4858
:1048F00024F008FEF4220D48202124F0FBFD0B4893
:104900001E2124F0F1FDF5F791FC2946074824F01B
:1049100059FE11B030BDF5F789FC2146034824F05B
:1049200051FECEE78801012090010120A4710120F1
:10493000E0710120646B012064E40020A06B002082
:10494000385A07000CB3002010B5013884B0052890
:1049500014D8DFE800F02C2C24300315224B1B78F0
:1049600063B1224B1B784BB131F032F9204B00F68A
:10497000AC50186031F02CF91E4B186004B010BD1B
:10498000194B1B785BB11C4A13884FF6FF719BB221
:104990008B4204D01188194889B227F0AFFD184B1B
:1049A0001B78022BEAD1174824F072FEE6E7FFF7E6
:1049B0003FFF04B010BD144C01A82278092109F072
:1049C000FFFD2378023323700028D7D0064B1B78D5
:1049D000002BD3D0054B1B78002BCFD082B201A97E
:1049E0000A4825F085FBC9E7AB6B0020A76B0020C8
:1049F000F46B0020586D002014610020646B0120CE
:104A000090010120A4710120FAD30020A86C00209D
:104A10002DE9F04F5F4B604F1D78BE7889B0002DB7
:104A200039D15E4C0DF10C0B5D495E48DFF8B4E105
:104A30005D4B00220A704A705C4902700A705C4843
:104A40005C4902700A705C485C4902700A705C48FC
:104A50005C498EF800201A700A70CBE90122CBE97C
:104A600003220392027031F0B3F8014622780391D9
:104A70004FF00108594648488DF815208DF81D80E3
:104A800007F030FAFFF760FF16B10DB987F8028022
:104A900009B0BDE8F08F414C0346FEB1227802F028
:104AA000FF05002A58D10BB12378CBB90DF10C0BBF
:104AB000227832B144490A884FF6FF7092B282429E
:104AC00055D1DFF8248198F80020022AACD13F4864
:104AD00024F0DEFD002288F80020A5E73546E2E755
:104AE0003B4A137803F0FF0A002BDFD02378002B1A
:104AF0004CD0137803F0FF05002B47D031F068F855
:104B0000DFF8E88000F6AC590DF10C0B06E0314BF4
:104B1000314AC3F800261E2031F066F831F058F80B
:104B20000346A3EB0903002B4FF0090158462FDA87
:104B30002378002BBCD098F8002009F05BFD98F892
:104B40000030023388F800300028E0D082B25946A5
:104B5000224825F0CDFADAE71D4A127802F0FF0567
:104B6000002AA0D00190F2F75BFD019B9BE709882A
:104B70001B48DFF8748089B227F0C0FC0022227045
:104B800098F80020022A7FF44FAFA0E70DF10C0B3C
:104B900055468DE78801012064E40020AB6B0020BE
:104BA00098E40020A590002001B100205EB3002011
:104BB0004C6C00208E8D002024B3002096900020A5
:104BC00099900020808D002014610020A4710120A4
:104BD000A76B0020000001403546526EA86C0020F3
:104BE000646B0120A690002090010120FAD30020E0
:104BF000F0B5144C237885B02BB1134D2B7813B13D
:104C0000124E33783BB9124B002020701870FFF71A
:104C1000FFFE05B0F0BD0F4F01A83A78092109F059
:104C2000CFFC3B7802333B700028ECD02B78002B74
:104C3000E9D03378002BE6D082B201A9064825F0EE
:104C400057FAE0E724B30020AB6B0020A76B0020ED
:104C50008E8D0020FAD30020A86C00202DE9F04FA3
:104C6000A24E3378ABB023B1A14C2378002B00F0D7
:104C70002881A04FDFF8EC823D7818F80530002B32
:104C800066D0DFF8E4A212AC04E03D7818F80530F5
:104C9000002B5DD01AF80590974BB9F1200F28BF73
:104CA0004FF0200903EB45114A4620463BF02EFF0A
:104CB000002285F001034946204608F805203B7094
:104CC00009F036FF00286BD149466A46204609F0B4
:104CD0000BFF01280546D8D1884B1B78062BD4D171
:104CE00004A968460DF1080909F034FC494604A8F6
:104CF00009F0A8FB0DF1180B034659464846002B56
:104D0000C3D009F027FC7E4B1B780420002BBCD0BD
:104D1000F6F74CFA034659467A48002BB5D0FEF711
:104D2000A7FF794A794BDFF820C20028ADD099E877
:104D30000300106091809BE803008CF800503D78E0
:104D400018600A0C99809A7118F80530002BA1D1CF
:104D50006F4C2368002B40F08F8030F039FF6D4A94
:104D60001368C31A002B0DDB6B4B1B78643010608B
:104D700043B1337833B15E4B1B781BB12268002AF4
:104D800000F0F480654B1B788BB1654B1B7823B129
:104D9000644B1B78022B00F031812BB0BDE8F08F03
:104DA000614B187030F014FF604B18608CE712AC48
:104DB000C4E90133C4E90333129330F009FF5C4BBB
:104DC0005C4A1B781268CDE9120233B15A4B1B784A
:104DD000013B012B8CBF00230123317832788DF801
:104DE00050308DF8511002F0FF0312B1404B1B7888
:104DF000DBB24D4D8DF852302B786BB130F0E8FEC0
:104E00004A4B1A6840F6B833801A984204D82B7877
:104E1000022B18BF012300E00023484A484E494DA9
:104E20008DF85330002317781370327846488DF888
:104E300055202146454A2C788DF856402F4C2B7032
:104E40000578037010788DF857508DF85800257844
:104E50003370204613708DF8547007F043F8FFF755
:104E600073FD042D99D12378052B96D1002F94D171
:104E7000374B01221A7090E730F0AAFE3378EBB17D
:104E80002368C31A002B19DA32490B68C31A002BA6
:104E9000FFF663AF304D1E3008602A7812A8092152
:104EA00009F0A8FB2B7802332B7000283FF455AF94
:104EB00082B212A9294825F01BF94EE7002323608E
:104EC0004BE730F085FE264A1368C31A002BFFF625
:104ED000D0AE00F1FA032148136025F0A1F80028B4
:104EE0003FF4C7AE01232370C3E600BFAB6B0020C5
:104EF000A76B00209A6B0020B8D3002064E4002048
:104F0000882601201C570700A06B0020EC6B0020B6
:104F1000F46B0020888D0020880101208E8D0020F8
:104F20009690002090010120808D002008B3002081
:104F300079220120A82601207A220120A6900020B3
:104F400001B10020A59000205EB300204C6C002031
:104F500099900020586D0020FAD30020A86C002002
:104F6000F86B002098E40020F8D30020304C314B3F
:104F7000A08DE18D0892A3FB005309925B09642286
:104F800002FB130349BA94F830008DF82030D4E9BD
:104F90000089D4E90223ADF81E1094F828108DF88A
:104FA00018108DF8190094F8311094F832008DF82B
:104FB0001A108DF81B00A18E6069ADF81C10CDE9A8
:104FC0000C23CDE90A893AF0E9FD02460B46E06977
:104FD000CDE90E233AF0E2FD06AA04460D4612A8DA
:104FE0006021CDE9104509F01FFB00283FF4CAAE4F
:104FF00082B212A9104825F07BF8C3E63378002B63
:105000007FF4CBAE0D4824F079FA00287FF4C5AECA
:105010000B4C30F0DDFD2368C01AB0F57A7FFFF449
:10502000BCAE30F0D5FD2060FFF702FCB5E600BF56
:10503000880501201F85EB51A86C0020A471012078
:10504000F0900020F0B5AC4C236803F10F02042A65
:1050500087B049D95F1C27D09E1D49D013F10A0F94
:1050600000F08F801D1D6ED0581D00F05682D91C97
:1050700000F0B98013F1090F00F09E819A1C00F036
:10508000298113F1100F00F0E8815A2B2ED19B4B90
:105090001B68002B4ED09A4B01221A70F4F7BEFE0B
:1050A000F2F796FD07B0F0BD944B1B68002B3ED085
:1050B000012B00F06A81022B00F01481032B00F019
:1050C0008A81904B5A782AB91B78012B02D88E4BD3
:1050D00001221A708D4A136803F59C5308336FF050
:1050E00005011360216001E0FEF766FD07B0F0BD29
:1050F000824B1D68002DD3D0012D00F03781814BEC
:105100001B78012B40F29080814D824928463F2236
:105110003CF027FD7D4A136803F59C5300200833BB
:10512000642185F83F001360216007B0F0BD0120C5
:10513000F4F724FE754A136803F59C5308330521E0
:1051400013602160D2E76D4B1868002800F074816D
:105150004FF08043D3F8385415F0010540F08F80AC
:105160006B4B6D4918463F223CF0FBFC674A80F8C8
:105170003F50136803F59C5308336421136021608A
:10518000B4E75E4B1B685BB9644B1B78002B69D19D
:105190005E4A136803F59C530833136007B0F0BDF3
:1051A0005A1E012A00F28B80012B5C4B1B7800F009
:1051B0008181002B00F01E81594B1A78002A00F0E3
:1051C0001A81584A1278002A00F0158130F000FD4B
:1051D000554B00F6AC50186030F0FAFC534B4B4A7C
:1051E00018601368D6E7524B1B68002B3FF458AF8A
:1051F000424B50491B68504A03EB430001EB00103F
:105200001360F5F749FF0546002800F06C813F4A1E
:105210004A48136803F59C53083301256FF00701D2
:1052200013600570216061E7454B1B78002B3FF44C
:105230006BAF0420F5F7BAFF00283FF465AF414992
:105240004148FEF715FD00283FF45EAF3F4A404C51
:105250004049002301201360938023700870F2F707
:10526000B7FC43E73C4B01221A70FFF7E1FA3B4BD6
:105270001B78002B8CD03A4824F040F988E7234E65
:105280000020FFF7C5FB336841F288373B446FF0DD
:10529000040233602260F7F739F9054600287FF4ED
:1052A00025AF1B4B2F4918463F223CF05AFC326871
:1052B00080F83F50D31964223360226016E7FFF76D
:1052C00097FC124A13686FF0050103F59C530833ED
:1052D00021605FE7244B1B78002B3FF4E1AEF6F72B
:1052E00043FADDE6094A136803F59C5308336FF06F
:1052F000030113602160F9E67062002004200120A0
:10530000A690002064E4002001B100204C0301209D
:1053100080620020905A0700145B07008E8D0020E9
:10532000AB6B0020A76B0020F46B0020586D0020B1
:1053300074220120B8220120CC62002078260120AE
:1053400088260120847F07001C570700A06B0020DF
:10535000EC6B00204C6C002096900020880101200E
:10536000A4710120305B0700440101200020FFF7F9
:105370004FFB6B4A6B4913680D7003F59C53083360
:105380006FF0090113602160B0E6F5F757FE664B38
:10539000664A1B7800211160002B5BD0F2F76EFB90
:1053A000002857D05E4A136803F59C5308336FF00A
:1053B00002011360216099E65D4B1B68002B40F0F1
:1053C0008780574A136803F59C5308336FF0070131
:1053D000136021608AE6574B93F828203AB193F87E
:1053E000293023B1F2F7CEFF00287FF47FAE524D73
:1053F00052498BE6524B1A78002A77D0514A1278DC
:10540000002A6AD01B78002B67D04F4B1B78002BEB
:1054100063D04E4948483F223CF0A3FB464B002254
:1054200083F83F20FFF7E4FB3D4A1368642103F54E
:105430009C5308332160ADE6FFF7EAFAFFF7CEF997
:10544000374A136803F59C5308336FF0010113606A
:1054500021604BE6384D3E4958E6354B1B68012B21
:105460001ED13C4EDFF81CC13B4F0FCE6D460FC521
:1054700096E80300394B3A4A009385E80300394B1C
:10548000394E9CF8001000208DF804006846CDE9E4
:105490000423CDE90276FEF7B7F8344B187058B301
:1054A0001F4A136803F59C5308336FF00C01136017
:1054B00021601BE6002B9DD0F2F7B2F8002899D0AE
:1054C0002B48174A0178136881F00101017061E6E9
:1054D000F5F7B4FDF2F77CFB08E6264916483F22B3
:1054E0003CF03FFB9AE7144B23493BE62349124823
:1054F0003F223CF036FB91E72368013303D030F0C4
:1055000067FB1F4B1860064A136803F59C5308336A
:105510004FF0FF3113602160E8E5F7F74BF800BF6B
:105520004C0301208E8D002088260120742201204A
:105530000420012088050120806200206C5A0700A9
:10554000AB6B002088010120A76B0020F45A0700F4
:105550004C5A07005068070074020120686100205F
:105560009C02012088020120AC0201206C02012073
:1055700024B30020D05A0700505B0700B05A070040
:10558000F81F0120990201202B4B2C4A2C4870B5A2
:10559000C3F8002614F040FD0021042033F0F6FD8E
:1055A00001210520274D33F0F1FD092445F00105C7
:1055B0000021052033F06EFE4FF4A070A8470121B2
:1055C000052033F067FE4FF4A070A847013CEFD1EF
:1055D0000121042033F0DAFD2146042033F05AFE85
:1055E0004FF4A070A8470121052033F053FE4FF47B
:1055F000A070A847104C114E0121042033F04AFE40
:105600004FF4A070A8470E48C4F8006614F08AFC56
:105610000D490B4814F0E2FC01223C210B48C4F870
:10562000006629F0E3F90A4B0848197828F028FEAB
:10563000C4F8006670BD00BF000001403546526EE0
:10564000845A0120406D0700801A0600F4020120F0
:10565000818D002010B530F0BBFA0446074829F0D0
:10566000FBF930F0B5FA001B642800D810BD044BDC
:105670000022BDE810401A70FFF786BFF402012037
:10568000A490002000000000F0B5A74C9BB0F4F7F8
:10569000A5FF2378002B00F0C680A449A448A54CA0
:1056A0002FF076FAA44BA24819780A222FF0DAFCE0
:1056B000A2499F482FF06CFAA14B9D4819780A2205
:1056C0002FF0D0FC9F499A482FF062FA94F82830C6
:1056D000002B40F09E809C4995482FF0E9FA30F06D
:1056E00077FA0146994808F025FA0546002840F067
:1056F000E98094F82830002B00F0C38094498C484E
:105700002FF046FA30F064FA924B0146A3FB0131C8
:105710000A22890986482FF08DFC8F4984482FF092
:10572000C7FA94F82B1094F82A0008F0FDF9012824
:1057300000F0DA80022800F0DC80002800F0DE8033
:10574000864C30F045FA864B22681B68801A9842D6
:1057500000F29C80834C844975482FF019FA206828
:105760003AF01CFA68A3D3E900233AF0B7F868A32B
:10577000D3E900233AF06AFA3AF018FD6428A8BF8A
:1057800064200A2220EAE07169482FF007FD77497A
:1057900067482FF0FDF920683AF000FA41EC100B51
:1057A000022163482FF054FA0127714960482FF015
:1057B0007FFA5F48009780233F22002127F04EFEAA
:1057C0006C4B6D48197802AC1023CDE90043802260
:1057D0001C2309F085FA002817DD00EB4000544E29
:1057E00004EB4005B4F90430C3F13F02002B12B2C0
:1057F000304607DDCDE90037B4F90230B4F90010C6
:1058000027F05AFE0634AC42ECD1FFF723FF1BB061
:10581000F0BDA0693AF0C2F941EC100B01214448F7
:105820002FF006FB5BE7554941482FF041FA2378FA
:1058300043B9534B1B78022B04D952493C482FF0F3
:1058400037FA03E050493A482FF032FA4F493848C6
:105850002FF02EFA4E4936482FF09AF930F0B8F969
:105860003C4B0146A3FB01310A22890930482FF045
:10587000E1FB39492E482FF01BFAFFF7EBFE1BB076
:10588000F0BD44492A482FF083F93BE730F0A0F9F6
:1058900003462020236033F04BFC3AF05DF91EA351
:1058A000D3E900233AF0D2F93AF0C8FC3AF076F99D
:1058B0001BA3D3E900233AF0C9F93AF0BFFC294C05
:1058C000206048E734491A482FF062F929460A2235
:1058D00017482FF0CFFB94F82B1094F82A0008F00B
:1058E00023F901287FF426AF2C4911482FF0E0F965
:1058F00026E72B490E482FF0DBF921E729490C4810
:105900002FF0D6F91CE700BF6666666666660A4039
:10591000721CC7711CC75B40CDCCCCCCCCCC4C3FEF
:10592000FED478E926310840D4050120C85B070081
:10593000F402012088050120F1050120B053070081
:10594000F0050120D05B0700D85B0700F4050120BB
:10595000F05B0700D34D6210F4560700B815012024
:1059600028610020BC150120485C0700505C07003E
:10597000545C0700DC050120E0050120785B07008E
:1059800000B100208C5B07009C5B0700AC5B07004C
:10599000C05B0700005C0700DC5B0700205C0700C1
:1059A000385C07000C5C070008B5F4F717FE2748C1
:1059B000012128F0B1FA264924482FF079F923482B
:1059C0002FF0C6F92148022128F0A6FA214B1B78B6
:1059D000002B31D020491D482FF06AF91B480121C6
:1059E00028F09AFA19482FF0B3F91C4B1B7843B3EF
:1059F0001B4916482FF0CCF81A4A1B4B126819683D
:105A00001248642303FB02F30A22B3FBF1F12FF0E7
:105A100011FB16490D482FF04BF90C482FF098F95F
:105A20000A48012128F078FA114908482FF040F976
:105A3000BDE80840FFF70EBE0E4904482FF038F9C4
:105A4000CCE702482FF084F9E7E700BFF402012019
:105A5000585C07004C010120705C07009101012097
:105A6000885C07004801012084010120945C070044
:105A7000985C07007C5C0700F0B5494C83B0F4F7F4
:105A8000ADFD637847480121002B47D028F044FA48
:105A9000454944482FF00CF9637800228DF8002026
:105AA000002B6BD0414B1A786F46002A68D14049D1
:105AB0003C48404E404D414C2FF06AF83946394839
:105AC0002FF066F93748022128F026FA3168354868
:105AD00000290CBF294621462FF088F83849314863
:105AE0002FF0E6F831682F4801290CBF29462146DE
:105AF0002FF07CF833492B482FF0DAF83168294829
:105B000002290CBF294621462FF070F82E4925485E
:105B10002FF0CEF8FFF79EFD03B0F0BD28F0FCF9A2
:105B20002A4920482FF0C4F81E482FF011F9237895
:105B3000062B0BD1264B1B7843B3264919482FF06F
:105B4000B7F8254917482FF0B3F806E02349154860
:105B50002FF0AEF813482FF0FBF812482FF0F8F8AA
:105B600010482FF0F5F80F482FF0F2F81C490D48B7
:105B70002FF09EF8FFF76EFD03B0F0BD6F4696E77D
:105B8000184A384607213BF0DFFE90E716490548E2
:105B90002FF08EF8154903482FF08AF8DDE700BF93
:105BA00064E40020F4020120A45C0700EC6B0020F8
:105BB000B45C070004200120A05C0700B465070066
:105BC000C05C0700C85C0700D05C0700D85C070019
:105BD000AB6B0020EC5C0700F85C0700285D070059
:105BE000385D0700385507000C5D07001C5D070095
:105BF0002DE9F843F4F7F2FC6F4C7048012128F0CE
:105C00008BF96F496D482EF0C3FF2378002B40F0CD
:105C1000B9806C4969482FF04BF86B4D6B49674868
:105C20002EF0B6FF2B78002B00F0A680684C23786E
:105C3000002B5BD1674961482EF0AAFF66495F4897
:105C40002EF0A6FF2378002B7CD15E495B482EF016
:105C50009FFF624959482EF09BFF237813B12B78A0
:105C6000002B4ED1574955482FF022F85C4EDFF8F3
:105C7000BC81DFF8BC91514D5A4F0024D8F8003058
:105C8000A342394628462CD02EF082FF013456F824
:105C9000041B28462FF07CF8042CEFD152494748CA
:105CA0002EF076FF514B1B78002B53D19FED500AFD
:105CB00009F07EF910EE100A00F0FF42B2F1FF4F3A
:105CC00034D039F06BFF41EC100B01213B482EF032
:105CD000BFFF484939482EF0EBFFBDE8F843FFF716
:105CE000B9BC494601342EF053FFD0E72B78002B86
:105CF000A0D0414B37491A78404B002A18BF1946AB
:105D000099E73D4B1B78002BACD03D4B1B68002B1B
:105D1000A8D13C4B3C4A93F828103C4B274800291B
:105D200014BF114619462EF0C3FF9FE7C0F31603B8
:105D3000002BC6D0364921482EF0BAFFBDE8F84303
:105D4000FFF788BC334823F0D9FB00283FF47DAF30
:105D500020497BE7304B1C682FF03AFF0146204674
:105D600009F01EF90028A1D0F6F7F4F900289DD11A
:105D70002A4B93ED000A9BE712491048144C2EF071
:105D800007FF5BE7264E2FF023FF336840F6B83558
:105D9000C01AA8423FF63DAF2378022B04D0214918
:105DA00006482EF085FF38E72FF012FF3368C01A3F
:105DB000A842F4D81C49F3E7808D0020F4020120AA
:105DC000645D0700D85B0700AB6B0020785D0700BF
:105DD00088010120545D07007C5D0700845D070099
:105DE000486D0700B4650700885D07005C6D002002
:105DF0000000C07F745F0700A76B0020585D07009C
:105E0000F46B0020880501205C5D0700545C0700EE
:105E1000905D0700A471012004D40020746B002061
:105E200008B300204C5D0700505D070004200120EE
:105E3000A05C0700F8B52A4D2A4CF4F7CFFB2846A2
:105E4000012128F069F8284928462EF031FF28461C
:105E5000022128F061F84FF010132B612F46A61D88
:105E600014F8011B38462EF0EFFEA642F8D11F4C65
:105E70002368052B27DD1A48012128F04DF82368F7
:105E80001B4A1C4916482A61062B04BF4FF4803375
:105E90006B612EF07DFE4FF00113174910486B61C6
:105EA0002EF076FE236815490D48072B04BF4FF4EA
:105EB00080336B612EF06CFE4FF001136B61BDE817
:105EC000F840FFF7C7BB03EB43039B0010332222CC
:105ED0000B4903482B826A822EF05AFECBE700BFA3
:105EE000F402012060610020945D07006802012037
:105EF0001C003800AC5D0700B4650700B45D070006
:105F0000A85D07002DE9F04FDFF8A0B2DFF8A0A2EE
:105F100089B0F4F763FB9B499B482EF039FEDBF810
:105F2000001099480A2201312FF038F99749964814
:105F30002EF02EFEDAF8001093480A222FF02EF8E9
:105F400091482EF005FF9048012127F0E5FFDAF88F
:105F50000050002D00F0E180022D4ADC002D43DDD1
:105F60008B4CDFF83492884D002703AE13E02EF0FF
:105F70000FFE1322A11830463BF0F3FD31462846B0
:105F80008DF81F802EF004FFDAF800300137BB4295
:105F900004F1300428DDDBF80030BB4249462846D6
:105FA00008BF7C492EF0F4FD20463BF0C0FD1322D3
:105FB00003462146304601934FF000083BF0D1FDE7
:105FC000314628468DF81F802EF0E2FE019B132BF0
:105FD00049462846CBD82EF0BBFEDAF80030013710
:105FE000BB4204F13004D6DCFFF734FB09B0BDE856
:105FF000F08FDBF80040013DA54200F0C08004F1C5
:106000000108002C40F0A480DFF8A881A8F1300737
:1060100061495D482EF0BCFD40463BF088FD03AE73
:1060200081461322414630463BF09BFD4FF0000A6B
:1060300055488DF81FA031462EF0AAFEB9F1130F76
:1060400040F29980544950482EF0A2FD08F1130106
:10605000132230463BF085FD4B488DF81FA031469A
:106060002EF096FE04EB44044A49474807EB04141B
:106070002EF08EFD20463BF05AFD2146804613222D
:1060800030463BF06EFD4FF000093F488DF81F9001
:1060900031462EF07DFEB8F1130F68D93E493A48DB
:1060A0002EF076FD04F11301132230463BF059FD2A
:1060B00035488DF81F9031462EF06AFE3649324839
:1060C0002EF066FD05EB450307EB031528463BF074
:1060D0002EFD29460446132230463BF042FD0027A0
:1060E00029488DF81F7031462EF052FE132C36D9F8
:1060F000294925482EF04CFD132205F113013046A5
:106100003BF02FFD314620488DF81F702EF040FEE9
:10611000FFF7A0FA09B0BDE8F08F1B482EF018FE7B
:106120001E4919482EF0C4FD1D4917482EF0C0FD28
:1061300015482EF00DFE1B4913482EF0B9FD1A49E3
:1061400011482EF0B5FDFFF785FA09B0BDE8F08FD4
:106150000F4F08EB480807EB0818651E58E70A4878
:106160002EF0F6FDFFF776FA09B0BDE8F08F06488D
:106170002EF0EEFDA2E704482EF0EAFD72E7044F90
:10618000B846EAE7C05D0700F4020120B0530700FB
:10619000B8220120A05C0700B4650700D45D0700A9
:1061A000E45D0700EC5D0700FC5D070004200120B2
:1061B00074220120E822012070B584B0F4F70EFAB1
:1061C0003C483D4C012127F0A7FE3C4939482EF0C0
:1061D0006FFD3B4937482EF0DBFC216835480A2229
:1061E0002EF0DCFE2068002833DD364901280C68DB
:1061F0005DD00223012551F8042F944288BF144634
:106200001A4688BF1D46904203F10103F3DC2E4974
:1062100028482E4E2EF0BCFC10236A462046002152
:1062200008F0B0FC694623482EF0E0FC28492148DC
:106230002EF0AEFC0A2229461E482EF0AFFF25495B
:106240001C482EF035FD3268234B9A4201D033783A
:10625000D3B9224917482EF09BFC214915482EF04E
:1062600097FD204913482EF093FC1F4911482EF04A
:106270008FFD10482EF06CFD1C490E482EF018FDC5
:10628000FFF7E8F904B070BD19490A482EF080FC08
:1062900030460A2200213CF01FFC10236A460021F0
:1062A00008F070FC694603482EF072FDD1E7054600
:1062B000ADE700BFF4020120B4150120085E07001D
:1062C0001C5E070014060120245E0700B8030120AD
:1062D0002C5E0700305E07004E2F4100405E070035
:1062E000980301204C5E070060030120585E070000
:1062F000385E070038B54C4DF4F770F94B49284625
:106300002EF0D6FC4A4B1B781BB14A4B1B78002B56
:106310006CD0494B1868002847D019F003FC04469C
:10632000F3F7DEFB0444002C2FDC444B3E482B618A
:10633000072127F0F1FD424B1B781BB1414B93F82D
:1063400028303BB9404938482EF0B2FCBDE838400F
:10635000FFF780B93D4BD3ED007AF5EEC07AF1EE50
:1063600010FA17EE900A4BDB39F018FC384B00227C
:1063700039F0B6FA39F01AFF01462B480A222EF0FE
:1063800033FEBDE83840FFF765B9324926482EF0A4
:106390008FFC632C25DD2448022127F0BDFD21461A
:1063A0000A2221482EF0FAFEBFE72B4C206878B174
:1063B00015F040FA38B9206815F026FA18B118F02F
:1063C000ABFB0446ACE7206810B115F033FA08BB0C
:1063D000F3F786FB0028A8D01E4913482EF068FC6E
:1063E00001241148032127F097FDD8E75C231B49BE
:1063F0002B6128462EF0CCFB4FF400232B6188E75D
:1064000039F0CCFB124B002239F068FA39F0CEFE9D
:106410000146B2E7206815F009FA0028D8D01AF032
:106420008BF804467CE700BFF4020120705E070091
:1064300079220120D8030120A02601202800050090
:10644000D405012088050120D85B0700080601203B
:106450000000E03F805E070084020120785E0700B4
:10646000F0B585B0F4F7BAF844494548454E2EF0EA
:106470001FFC454942482EF08BFB4148032127F081
:106480004BFD306828B319F073FB044630680028D0
:1064900030D019F04BFB0546306818B119F03EFBBF
:1064A000002837D03CB9394935482EF09FFBFFF71B
:1064B000D1F805B0F0BD6A4610232846022108F045
:1064C00061FB69462E482EF091FBFFF7C3F805B03B
:1064D000F0BD2F4F386800284DD015F0ABF928BB20
:1064E000386815F091F908B318F0E8FA04463068F6
:1064F0000028CED1264F3868002838D015F09AF9F8
:1065000020BB386815F080F900B318F0DFFA0546B3
:106510003068C2E71A48022127F0FEFC1D491848DE
:106520002EF036FBFFF796F805B0F0BD386850B195
:1065300015F080F9044638B1386815F077F904464B
:1065400010B119F0F1FF04463068A0E73D6865B16D
:10655000284615F06FF9054638B1386815F066F928
:10656000054610B119F0EAFF0546306895E7054683
:10657000002C98D09FE70446BDE700BF885E070067
:10658000F4020120A02601209C5E0700AC5E0700FB
:1065900084020120A05E0700F8B52DED028BF4F710
:1065A0001DF8724F724973482EF082FBF3F7E8FA38
:1065B0003B680446002B00F09180184619F0F0FA71
:1065C000B0EE408AF3F78CFA002C064606DDFFEEAB
:1065D000007AB4EEE78AF1EE10FA6AD4654D3868B5
:1065E0004FF001126A6118B119F098FA00287ED0B4
:1065F0000EB1002C1DDC02215E4827F08DFC5D48A9
:106600002EF0A6FB5B48032127F086FC5A49594827
:106610002EF0BEFA57482EF09BFB5648012127F07A
:106620007BFC002C26DCBDEC028BBDE8F840FFF7BC
:1066300011B84FF4A8134F482B61042127F06CFCCC
:10664000B5EEC08AF1EE10FA03DD4C4949482EF050
:106650009FFA18EE100A39F0A1FA41EC100B022152
:1066600044482EF0F5FA43482EF072FB41480121D0
:1066700027F052FCFFEE007AB4EEE78AF1EE10FA52
:10668000D1D53F4B1B78002B4DD04FF480333D4983
:1066900038486B612EF07CFA4FF0011339493548C8
:1066A0006B612EF005FBBDEC028BBDE8F840FEF7F8
:1066B000D1BF334B2F4D1A78324922B34FF4803279
:1066C0006A61284600221A702EF062FA4FF0011318
:1066D0002C496B6128462EF0EBFA80E7F3F70CF9B2
:1066E000002834D018F01CFAB0EE408A6AE74FF464
:1066F000A81320482B61022127F00EFC22491D48D7
:106700002EF046FA86E74FF001126A612846012210
:106710001A702EF03DFA4FF480331A496B61284607
:106720002EF0C6FA5BE74FF00113164911486B6172
:106730002EF02EFA4FF4803312490E486B612EF082
:10674000B7FABDEC028BBDE8F840FEF783BFF3F764
:10675000E3F820B119F00AFFB0EE408A32E7F3F710
:10676000BFF99FED0A8A064638E700BFA026012040
:10677000B45E0700F4020120AC5E0700D45E07009F
:1067800078220120C85E0700A05E0700000000001C
:106790002DE9F04184B0F3F721FF814E8149824811
:1067A0002EF086FA814980482EF0F2F930680028F0
:1067B0004DD019F0DDF90446306800285ED019F09C
:1067C000B1F90546306800286ED019F0C9F9336870
:1067D0000746002B7ED0184619F0C6F906460CB1C4
:1067E000002D10DC714970482EF0D2F96E4803215B
:1067F00027F092FB6E496C482EF0F8F9FEF72AFF5D
:1068000004B0BDE8F0816848032127F085FB102320
:106810006A463846022108F0B5F9694662482EF00A
:10682000E5F96148022127F077FB62495E482EF0C6
:10683000AFF961495C482EF0ABF931460A225A485B
:106840002EF0ACFCFEF706FF04B0BDE8F081DFF8E7
:106850006C81D8F80000002800F0968014F0EAFF60
:10686000002849D1D8F8000014F0CEFF002843D00A
:1068700018F024F9044630680028A0D1DFF83C81E4
:10688000D8F8000000287DD014F0D4FF002845D1AE
:10689000D8F8000014F0B8FF00283FD018F03CF9F9
:1068A00005463068002890D1DFF81081D8F8000044
:1068B00000286BD014F0BEFF002840D1D8F80000AB
:1068C00014F0A2FF00283AD018F018F933680746F0
:1068D000002B80D1DFF8E480D8F8000000284FD0EA
:1068E00014F0A8FFE0BBD8F8000014F08DFFB8B397
:1068F00018F00EF9064672E7D8F8000058B114F007
:1069000099FF044640B1D8F8000014F08FFF044608
:1069100010B119F009FE044630684EE7D8F80000BF
:1069200050B114F087FF38B1D8F8000014F07EFFA2
:10693000054610B119F000FE0546306843E7D8F867
:10694000000038B314F076FF38B1D8F8000014F026
:106950006DFF0746E0B119F005FE3368074638E7DA
:10696000D8F8000060B114F065FF48B1D8F8000015
:1069700014F05CFF20B119F0F7FD06462FE71F4623
:1069800000262CE7054691E7044679E70746A3E78A
:1069900033681EE73368002BF1D007461BE700BFC2
:1069A000A0260120D85E0700F4020120947F070092
:1069B000AC5E07009C5E0700E85E070084020120D1
:1069C00038B5354C354DF3F709FE2268334842F2AD
:1069D0000F739A42CCBF324932492EF069F9324BDB
:1069E0002B612846042127F097FA226842F20F73A0
:1069F0009A4243DD2368B3F57A7F3ADB2368632B41
:106A000032DD2368092B2ADD0A22216823482EF073
:106A1000C5FA2248012127F07FFA244B1B784FF456
:106A20005C122A619BB9224B1B7813B1214B1B7856
:106A30004BB3214919482EF0ABF8204B1748196881
:106A40000A222EF0ABFBBDE83840FEF703BE1C491E
:106A500012482EF09DF8BDE83840FEF7FBBD1949FD
:106A60000E482EF095F8CFE716490C482EF090F816
:106A7000C7E7144909482EF08BF8BFE711492846AB
:106A80002EF086F8B6E7104904482EF081F8BDE8EC
:106A90003840FEF7DFBD00BFA8260120F402012028
:106AA000F05E0700085F070005001400D50501200F
:106AB00079220120D8030120445F0700F02601203D
:106AC000185F0700E05F0700305F070070B57C4C7F
:106AD00084B0F3F783FD2378002B40F08C80794954
:106AE00079482EF0E5F82378002B62D19FED770AE4
:106AF000754D08F05DFA764B2B61284604218DED2B
:106B0000010A27F009FA019B03F0FF42B2F1FF4F9F
:106B10003DD09DED010A37F04BF9082103466D4A3F
:106B200002A83AF011FF684802A92EF031F9664830
:106B3000012127F0F1F94FF45C132B61664962489B
:106B40002EF026F82378002B44D19FED600A08F040
:106B50002FFA10EE100A00F0FF42B2F1FF4F1FD0E3
:106B600039F01CF841EC100B574801212EF070F859
:106B70005A4955482EF00CF82378002B55D1584926
:106B800051482EF005F8FEF765FD04B070BDC3F363
:106B90001603002BBDD0534928462EF089F8C6E7CE
:106BA000C0F31603002BDBD04F4947482DF0F0FF10
:106BB000DEE74E4D2E682FF00BF80146304608F008
:106BC000EFF9002892D02378002B54D1484B93ED55
:106BD000000A8DE7454D2E682EF0FAFF014630463B
:106BE00008F0DEF90028B0D02378002B55D1404BB7
:106BF00093ED010AABE73D4B1D682EF0E9FF01461E
:106C0000284608F0CDF900283FF469AFF5F7A2FA5D
:106C100000287FF464AF364B9B7B002B3FF45FAFC3
:106C2000344929482EF044F85DE7304D2E682EF0A7
:106C3000CFFF0146304608F0B3F970B12EF0C8FF1F
:106C400001462D4808F0CCF938B92C491E482DF0E2
:106C50009FFFFEF7FFFC04B070BD2378002B8ED0A1
:106C60002C682EF0B5FF0146204608F099F900285F
:106C700085D0234984E72D682EF0AAFF01462846D7
:106C800008F08EF90028A1D02EF0A2FF01461A4884
:106C900008F0A6F9002899D128E72D682EF098FF72
:106CA0000146284608F07CF90028A0D02EF090FF7D
:106CB0000146114808F094F9002898D145E700BF33
:106CC0005C6D0020685F0700F40201200000C07FB7
:106CD00005001400805F0700845F0700905F0700D5
:106CE000D85B0700785F07008C5F070004D40020A2
:106CF000746B0020505F07009CE40020985F070041
:106D0000E464070070B5644C84B0F3F767FC634932
:106D100063482DF0CDFF2378002B49D19FED610A08
:106D20005F4D08F045F9604B2B61284604218DED3D
:106D3000010A27F0F1F8019B03F0FF42B2F1FF4F87
:106D40002DD09DED010A37F033F808210346574A4C
:106D500002A83AF0F9FD524802A92EF019F850485D
:106D6000012127F0D9F84FF45C132B6150494C48AE
:106D70002DF00EFF2378002B51D14E4948482DF0BD
:106D800007FF4D4946482DF003FF23780BBB4949C7
:106D900043482DF0FDFEFEF75DFC04B070BDC3F36B
:106DA0001603002BCDD0454928462DF081FFD6E7AC
:106DB000434D2E682EF00CFF0146304608F0F0F8E7
:106DC0000028ABD02378002B54D13E4B93ED020A20
:106DD000A6E73B4D2E682EF0FBFE0146304608F03C
:106DE000DFF870B12EF0F4FE0146374808F0F8F8ED
:106DF00038B936492A482DF0CBFEFEF72BFC04B0FB
:106E000070BD2378002BC2D02C682EF0E1FE014625
:106E1000204608F0C5F80028B9D02D49B8E7284D1C
:106E20002E682EF0D5FE0146304608F0B9F800284D
:106E3000A3D0237863B9234B197C64299DD80A22F7
:106E400017482EF00FF9234915482DF0A1FE98E7B9
:106E50002D682EF0BDFE0146284608F0A1F8002856
:106E6000E9D02EF0B5FE0146174808F0B9F8002821
:106E7000E1D182E72D682EF0ABFE0146284608F0EE
:106E80008FF80028A1D02EF0A3FE01460E4808F08E
:106E9000A7F8002899D141E75C6D0020A05F0700AA
:106EA000F40201200000C07F05001400805F07008D
:106EB000B05F0700D85B0700905F0700785F0700AE
:106EC00004D40020746B00209CE40020985F07002D
:106ED000E4640700945C07002DE9F04784B0F3F701
:106EE0007DFB4B4B1B7813B14A4B00221A60DFF835
:106EF0004481494DD8F80040204638F03DFE42A379
:106F0000D3E9002338F0A2FE41EC100B36F0BCFDB3
:106F100051EC100B39F04AF9002C286056DD3D4C3D
:106F20003E483F49DFF81091DFF810A106462DF0EA
:106F30002FFE21680A22013130462EF02FF93949FF
:106F400030462DF025FE0A22296830462EF026F91B
:106F5000354930462DF0ACFE0221304626F0DCFFEC
:106F6000246804EB4404E71C631C9F42B4BF012760
:106F700003272744D8F80030A34204F101051DDDA2
:106F8000092D3BDD0A22294630462EF007F9012162
:106F9000304626F0C1FF494630462DF0F9FD02216A
:106FA000304626F0B9FF5AF82400012110236A4622
:106FB00007F0E8FD694630462DF0EAFEBD422C465A
:106FC000D8D1FEF747FB04B0BDE8F0871749134856
:106FD0002DF06EFE0221114826F09EFF0F482DF085
:106FE000B7FE0E48032126F097FF11490B482DF0FC
:106FF000CFFDFEF72FFB04B0BDE8F08749463046D1
:107000002DF0C6FDBEE700BF555555555555D53F2A
:1070100080220120BC020120C0620020F402012075
:10702000B85F0700B0530700947F0700CC5F0700EC
:10703000AC5E0700B4150120E05F070014060120D4
:1070400038B52E4D2E4CF3F7C9FA2B78002283F079
:1070500001032046022122612B7026F05DFF2B7870
:1070600013B14FF480336361264925482DF020FE8B
:107070004FF00113012163612148E17626F04CFFB6
:10708000214B1B7823B321491D482DF011FE2EF012
:107090009FFD01461E4807F0A1FE0446E8B11D49C8
:1070A00017482DF005FE1C4915482DF071FD2146AD
:1070B0000A2213482DF0BEFF184911482DF0F8FDA3
:1070C00017490F482DF0F4FDBDE83840FEF7C2BA6D
:1070D00014490B482DF0ECFDD9E7134908482DF071
:1070E000E7FD124906482DF0E3FD114904482DF053
:1070F000DFFDBDE83840FEF7ADBA00BF68220120D1
:10710000F4020120E45F07007B260120F05F070006
:107110007C260120847F070020600700707D070027
:1071200030600700086007004460070058600700EF
:107130006860070000000000F0B58BB0F3F74EFA6E
:10714000202031F0F5FF38F007FD43A3D3E90023F9
:1071500038F07CFD39F072F838F020FD40A3D3E917
:10716000002338F073FD39F069F838F017FD344C1E
:1071700006460F462046012126F0CEFE314B32490D
:10718000236120462DF004FD2046032126F0C4FE95
:1071900027A3D3E900233046394638F09FFB26A3C6
:1071A000D3E9002338F052FD39F000F86428A8BF75
:1071B000642020EAE073254A06A808213AF0C4FBBF
:1071C0000DF1160205AB0392029304AA00230DF100
:1071D0001205CDE9002506A920461A4626F0A2FE92
:1071E000BDF81430C3F1800303EBD3735B101C2292
:1071F00006A92046238262822DF0F8FC2046012158
:1072000026F08AFE47EC106B08AA022104202EF01B
:10721000C9FC0F4B236108A920462DF0E7FC0D495E
:1072200020462DF0B5FCFEF715FA0BB0F0BD00BFFF
:107230006666666666660A40721CC7711CC75B405C
:10724000F402012020000A007C600700886007002B
:1072500028003800545C0700CDCCCCCCCCCC4C3FC3
:10726000FED478E92631084070B5F3F7B7F91F4826
:107270001F4C204E204D012126F04EFE1F491B4879
:107280002DF016FD19482DF063FD1848022126F057
:1072900043FE2168154800290CBF314629462DF0D0
:1072A00077FC174911482DF003FD21680F4801298B
:1072B0000CBF314629462DF06BFC12490B482DF0CE
:1072C000F7FC0121094826F027FE08482DF040FD73
:1072D00021680D4A0D4B054800290CBF114619467F
:1072E0002DF0E6FCBDE87040FEF7B4B9F4020120D1
:1072F00004200120A05C0700B4650700C0600700FF
:10730000D0600700DC53070090600700A86007000A
:107310002DE9F04F4F4C83B0F3F760F94E4801214F
:1073200026F0FAFD4D4A4E4B61784B4801290CBFBF
:10733000114619462DF02CFCA1784A4A4A4B464882
:10734000002914BF114619462DF022FD204605F0F4
:1073500099F800283AD00024DFF83891DFF8388116
:10736000424F3C4D0646214607E041493A48013428
:107370002DF09EFCE1B2B14228D2284605F096F8E5
:10738000D9F8001003465FFA83FAA1420CBF4146C8
:1073900039463148ADF80430C3F3072B2DF0F8FB24
:1073A000BAF1040F22D0BAF1050FDED131492A48D3
:1073B0002DF0EEFB284605F035F9002833D126489C
:1073C00001342DF0C5FCE1B2B142D6D32A4B1B7873
:1073D000052B06D8294A52F8231011B11E482DF06A
:1073E000D7FB03B0BDE8F04FFEF734B9194B584650
:1073F000597805F0E3F8014617482DF0F7FB154BD7
:107400005846597805F0FAF8F0B95946284605F07B
:1074100003F990F82030002BD1D090F82130002BC8
:10742000CDD017490CE017490B482DF0B1FB284689
:1074300005F0F8F8042896BF134B144953F82010B0
:1074400005482DF0A5FBBAE7114903482DF0A0FB34
:10745000DBE700BF68610020F4020120D86007006C
:10746000E4600700EC60070074020120B4650700C7
:1074700004610700F86007006C02012074680700CF
:10748000F0600700006107008C680700847F070038
:10749000045F070004200120A05C070070B5F3F72B
:1074A0009DF820492048214C214E224D2DF000FC12
:1074B0001D482DF04DFC20491B482DF069FB21781B
:1074C00019480A222DF0CEFD1C4A1D4B2178164882
:1074D0001C4C01290CBF114619462DF0E9FB1A4935
:1074E00011482DF0E5FB10482DF032FC31680E48B4
:1074F00000290CBF294621462DF04AFB13490A48B2
:107500002DF0D6FB3168084801290CBF29462146D9
:107510002DF03EFB0E4904482DF0CAFBBDE870403B
:10752000FEF798B824610700F402012099020120B7
:1075300004200120A05C0700306107000C610700F7
:1075400018610700B4650700386107004C61070047
:10755000586107002DE9F843F3F740F8324F3348FC
:10756000334E344D344CDFF8E890DFF8E8800121E9
:1075700026F0D2FC31492D482DF00AFB797897F896
:10758000D00005F01BF8014628482DF001FC2748E3
:107590002DF0DEFB3168254800290CBF2946214625
:1075A0002DF0F6FA264921482DF0F2FA97F8C81086
:1075B0001E48002914BF494641462DF079FB316829
:1075C0001A4801290CBF294621462DF0E1FA1D4930
:1075D00016482DF0DDFA97F8C9101448002914BF99
:1075E000494641462DF064FB10482DF0B1FB31684F
:1075F0000E4802290CBF294621462DF0C9FA12492E
:107600000A482DF055FB3168084803290CBF29466C
:1076100021462DF0BDFA0D4904482DF049FBBDE887
:10762000F843FEF717B800BF68610020F40201209C
:1076300004200120A05C0700B46507006861070012
:107640007061070078610700806107008C610700A6
:10765000F06007006461070070B5644CF2F7BEFF8C
:107660006348012126F058FC617894F8D00004F0BA
:10767000A5FF01465E482DF0B9FA5E495C482DF041
:1076800087FA5D4A5D4B94F8D1105948002914BF20
:10769000114619462DF00CFB2EF09AFA01460646CB
:1076A000204605F0D7F9012863D0554D554950487B
:1076B0002DF06EFA95F82830002B2ED152494C4807
:1076C0002DF0F6FA94F8F830002B4BD04F4948488B
:1076D0002DF0EEFA4E4946482DF0EAFA4D4E4E4D49
:1076E00031684E4C424800290CBF294621462DF0F6
:1076F0004FFA4B493E482DF0DBFA31683C480129EE
:107700000CBF294621462DF043FA464938482DF052
:10771000CFFABDE87040FDF79DBF286A38F03EFA09
:1077200041EC100B012132482DF092FA3E493048CD
:107730002DF02EFAD5ED087AB2EE047AF4EEC77A7F
:10774000F1EE10FA4CDCB1EE047AF4EEC77AF1EE09
:1077500010FA41DD354926482DF0AAFA94F8F830A0
:10776000002BB3D122482DF0F3FA21482DF0F0FA86
:10777000B4E7054602211E4826F0CEFB31462046DE
:1077800005F07EF90A22014619482DF06BFC2849C4
:1077900017482DF08DFA1648294626F0BDFB2549DD
:1077A00013482DF085FA244911482DF0F1F9B4F869
:1077B000E8100F480A222DF0F1FBB4F8EA30002B54
:1077C000A7D01E490A482DF0E3F9B4F8EA1008489A
:1077D0000A222DF0E3FB9CE705482DF0B9FA71E78A
:1077E000174903482DF064FA6CE700BF6861002078
:1077F000F4020120D06307009C610700B05E07001F
:1078000088050120C4610700E0610700E861070006
:10781000F861070004200120A05C0700B4650700A0
:1078200004620700C05C070054610700D8610700CC
:10783000945C0700A0610700B0610700B861070011
:10784000CC6107002DE9F04F634A1378ADF5117D47
:10785000002B40F03783614A03F0FF01137803F0F7
:10786000FF05002B40F088805D4B1A785ABB5D4BBA
:107870001B78D3B95C4D5D4C2B78022B00F09180C6
:1078800023782BB1002323702B78022B00F0C381C7
:10789000574B1A789AB100221A702B78032B00F0FC
:1078A000D1805448EFF786FE09E0534A534B1068E5
:1078B000002808BF1846EFF77DFEF3F703FD0DF52E
:1078C000117DBDE8F08F03201D70F3F76FFC0028D9
:1078D0005ED04B484B4A4C49ADF8405010AC0123A8
:1078E0000370A570204619F04FF8484A4849258092
:1078F0002B462046A57019F06FF9002840F08681CC
:107900004FF00008434D414A414925604FF47A76D3
:1079100044F20223A66014A8C4F80480A4F81080DE
:1079200084F8128014AD19F057F90FCD3A4F6668FC
:107930007E6007F110060FC60FCD0FC6D4E9021204
:107940003B7C28683060C7E902120BB33349344CE2
:10795000344A3548C1F80080234BA4F800804FF02A
:10796000FF3111600224C0F80080304930481C709B
:10797000072222F0BDFB7AE71170F3F7A3FC2D4933
:107980002B48092222F0B4FB0DF5117DBDE8F08FE4
:107990001A48EFF70FFEF3F795FC0DF5117DBDE8E2
:1079A000F08F2378002B7FF46BAF1E4E33680133CA
:1079B0003FF466AF204B32681F88BFB247B11F4902
:1079C0001F4801EB02313A4619F028FD8742DFD10A
:1079D0004FF0FF33336053E7A96B00205E6D00204A
:1079E000AA6B002008D4002009D40020416C00209C
:1079F0005F6D002038540700446C0020705407006D
:107A000062D4002024620700E86A00202862070090
:107A1000A46600203C67070084D30020A8E400206F
:107A2000ACE40020B8600020848D0020386207009C
:107A300030050120186207008C6B002060B3002025
:107A400094D30020BA4DBB49BB480B2222F050FB17
:107A50009FEDBA7AD5ED007AB94A67EE877A10AC15
:107A6000FDEEE77A182117EE903A204639F06CFFC8
:107A700020463AF05CF8214682B2AF4822F038FB4B
:107A800095ED007ADFEDAF7AB4EEE77AF1EE10FA19
:107A900000F1E581AC4B5BB1AC4A22B1AC490029A5
:107AA00000F0FD81521A1344B3F50E2F00F23B8112
:107AB000A84DA94F284626F003FD4FF00113284694
:107AC00002216B6126F028FAA44BA5492B612846B8
:107AD0002DF0EEF8A34B2B61A34928462DF0E8F8D2
:107AE0002846012126F018FAA04B2B61A049284610
:107AF0002DF0DEF8284626F0AFFF9E498E480B2277
:107B000022F0F6FA3E689C4A06F6FF76360B1821FC
:107B10003346204639F018FF20463AF008F821464F
:107B200082B2854822F0E4FA86B18E36DFF8889278
:107B3000DFF85C8236034FF40E25284605F58055A4
:107B40002CF0ACFFAE42C9F80086F6D18B497A48DA
:107B50008B4E0C2222F0CCFA00254FF47A712B4682
:107B6000A160884A8849656014A82582A5742660AA
:107B700019F032F8237C002B00F0D5803C68002CF3
:107B800000F08F80DFF830A2804EDFF84CB24FF06B
:107B9000FF387F4BCAF80036641B4FF48052FF2138
:107BA000304638F0DBFFB4F5805F28BF4FF48054D7
:107BB0002246314614A819F077F8A042814640F0D9
:107BC000AF80C21C22F00302314605F50E202CF0D6
:107BD00041FF3C684D445A200023A5FB000122468A
:107BE00038F0DAFC4045034659D05A46102103A824
:107BF000019339F0A9FE03A982B24F4822F078FA26
:107C00003C68019BA5424CD29846C2E75D495E485C
:107C1000F1F706FE74E65F4E3368013311D05E4B18
:107C200032681C88A4B24CB15C495D4801EB02315A
:107C3000224619F0F3FB844240F0F7804FF0FF3307
:107C40003360584C23889BB283B1574B1B682688FE
:107C5000B6B24EB15149524801EB0331324619F0E8
:107C6000DDFB864240F0E180002323804C4819F080
:107C700071FB4B4818F07AFD0320F3F70FFB4B4ADA
:107C8000354B11681A684A4800239142037000F08E
:107C9000A5804848EFF78EFCF3F714FBF8E5A54202
:107CA000B2D314A818F062FD2CF0CEFE424B384A35
:107CB000C3F800263A684FF40E214FF0FF3005F06C
:107CC00075FA3E4B1B68C04398422CD13C491A4878
:107CD0000B2222F00DFA3B491748092222F008FA3C
:107CE000FA202DF081FF38491348102222F000FAC3
:107CF000364824F0E5FB002840F0B580344821F0F8
:107D0000C7FCFF210020EFF7F5FAA8210020EFF7CC
:107D1000EFFAEFF7F3FA002800F08D80EFF7D2FAD0
:107D200014A818F023FD2B48EFF744FCC7E500BF6B
:107D3000BC150120486207003005012000007A448C
:107D40005462070066666640A0B907008866002096
:107D500000600020F4020120606D00201000080087
:107D60007462070010001C008062070010003400DD
:107D70008C620700A0620700AC620700BC620700CB
:107D80003C67070028620700A46600200CED002075
:107D90003546526EB86000208C6B002060B3002026
:107DA00094D30020ACE40020A8E40020848D0020BF
:107DB00062D400204454070000000140486C0020B9
:107DC000D8620700E4620700F0620700646B0120DC
:107DD000A47101206C620700CC6207004FF47A7135
:107DE00005913A4C3A4A3B49049307A8ADF81C3038
:107DF0008DF81E30039418F0EFFE9DF81C30A3B1EF
:107E00004FF0FF3610AC05E01BD03046214605F0A0
:107E1000CDF906464FF40072214607A818F044FF3A
:107E2000021EF1DA07A818F0A1FC2B48EFF7C2FBFD
:107E3000F3F748FA2CE572B63868033080083DF055
:107E400003FA07A818F092FC244B1868F643B042D6
:107E500027D02348EFF7AEFBF3F734FA18E52148B3
:107E6000EFF7A8FB2BE52048054624F05DFB014613
:107E7000284624F043FB2DF0ABFE044609E02DF02C
:107E8000A7FE001BB0F5FA6FBFF438AF0A202DF043
:107E9000ABFE284624F014FB0028F0D12EE70A465A
:107EA00001E6032303A92B7005F0BAF90F4A03ABCF
:107EB0001021204639F048FD214682B20C4822F0BC
:107EC00017F9E5E400231370F3F74AFA3C6707005B
:107ED00028620700A466002070540700486C002048
:107EE0004054070064620700646B01204062070091
:107EF000300501202DE9F04F834C2378ADF5077D47
:107F0000002B79D1814C2378002B3DD1804C2378F4
:107F1000002B31D17F4B1B785BBB7F4B1B782BBB7E
:107F20007E4CFFF78FFC237853B97D4C23781BB12F
:107F30007C4E337C002B64D10DF5077DBDE8F08FBE
:107F40002DF046FE784B1B68C01AB0F5FA7FECD3D3
:107F5000764B774819880023237024F0F1FA002823
:107F6000E3D022F03DFA734B1880DEE7F6F704FF0A
:107F7000D6E7F6F749FED0E76F497048062222F0AF
:107F8000B7F800232370C5E76D486E4A0368934233
:107F900070D06D4A934263D06C4A934279D06C4B57
:107FA00002689A4200F08A806A4B02689A4264D062
:107FB000694B02689A4200F0A080684B02689A42BE
:107FC00017D1828843F654239A4212D145786449E6
:107FD0006448654B654A532D01F101050CBF2946E4
:107FE0000346009103A8402139F0AEFC03A8F3F743
:107FF000FFFA0023237089E7FBF78AFF0023237031
:1080000080E74B4824F05CFA002895D0494BDFF814
:1080100068A11F88DFF86481033FBFB2F42F28BF37
:10802000F4270A2506F1100923783A4603A94846A1
:10803000002B81D018F038FE834603A950461FFA62
:108040008BF2BBF1000F41D022F052F800284DD046
:10805000D8F80030013D5B44C8F80030E4D16BE74C
:108060000379202B08BF04303ED110F8013F202BAC
:10807000FBD0BCE7F3F728FABBE7828845F253430D
:108080009A4295D18379002B92D10120F3F782F99E
:10809000AFE7828844F254539A4280D183793A2BD5
:1080A0007FF47DAFC379202B08BF07302AD110F8A9
:1080B000013F202BFBD0F3F795F89AE78388542BE8
:1080C0007FF472AF0020F3F765F992E7284818F0C3
:1080D0004DFB032084F800B0F3F7E0F8254917487A
:1080E000042222F005F827E7043080E7716A20486F
:1080F000A1EB0B0118F0C8FF1EE703793A2B7FF4C0
:108100005CAF63E70730D6E702B100205D6D002069
:108110009890002041B3002004B300209201012078
:1081200091010120500101208C0101208A010120D0
:10813000646B01202C6100200463070030050120DE
:10814000006C00204C4953544745543A44454C4533
:10815000544C495354534C49544745545453474540
:10816000056C0020A0680700006D0700F0560700AE
:10817000600101200C630700100401204801012068
:1081800008B5134B1B78B3B1124B1A787AB1124A67
:1081900000211970137853B91048037C63B9104B50
:1081A00000221A70F3F78EF80E4B1B785BB1BDE816
:1081B0000840FFF79FBE08BD103018F0D7FA032023
:1081C000F3F76CF8EBE764202DF00EFDEFF77AF88B
:1081D000440101205FB300205F6D002050010120A9
:1081E00091010120D803012010B5F2F7F7F902211F
:1081F000134825F091FE12482CF0AAFD11491048B1
:108200002CF056FD01210E4825F086FE0C482CF07E
:108210009FFD0D490A482CF04BFD2DF0D9FC04467A
:10822000074826F019FC2DF0D3FC001B642800D869
:1082300010BD064B0022BDE810401A70FDF7A4B92E
:10824000F40201201463070020630700A4900020BB
:10825000A54AA64B126819688A4270B500F00A81D7
:10826000A3491A6000230B600122A24CA24B0025F7
:108270002046E5761A7026F023F92046012125F0E4
:108280004BFE9E4B25611B784FF001126261002B63
:1082900000F0E8809A4C2DF09BFC9A4B22681B68FA
:1082A000801A984200F2C180974D2E6897499148F4
:1082B000974C2CF06DFC304637F070FC82A3D3E96C
:1082C000002337F00BFB82A3D3E9002337F0BEFC79
:1082D00037F06CFF6428A8BF64200A2220EAE0710E
:1082E00084482CF05BFF8B4982482CF051FC2868B5
:1082F00037F054FC41EC100B02217E482CF0A8FC16
:1083000085497C482CF0D4FC84497A482CF040FC08
:10831000616A78480A222CF041FE814975482CF0A8
:1083200037FC94F82830002B00F0AB807D4B1868A8
:1083300037F034FC41EC100B01216E482CF088FC26
:1083400079496C482CF0B4FC78496A482CF020FC40
:1083500094F82830002B00F08F80A06937F01EFCC5
:1083600041EC100B634801212CF062FD704961481B
:108370002CF00EFC6F4B1B78002B00F093806E4BA3
:108380001B78002B00F082806C4B1B78002B40F098
:108390008E806B4957482CF08BFC6A4955486A4CD3
:1083A0002CF0F6FB694B534819680A222CF042FE68
:1083B000674950482CF0ECFB664B4E4819680A227E
:1083C0002CF038FE64494B482CF0E2FB634B4948E3
:1083D00019680A222CF04EFE2368002B6CD06049ED
:1083E00044482CF0D5FB206813F028FA0146414898
:1083F0002CF0CEFC5B493F482CF0CAFB206813F000
:10840000EDF9594B0146002908BF194639482CF0AF
:10841000BFFC2DF0DDFB0446364826F01DFB2DF099
:10842000D7FB001B642836D870BD2DF0D1FB034666
:108430002020236030F07CFE37F08EFB26A3D3E9AA
:10844000002337F003FC37F0F9FE37F0A7FB24A335
:10845000D3E9002337F0FAFB37F0F0FE2A4D064649
:10846000286023E7204641492CF022FCBDE87040FB
:10847000FDF7F0B80022F8E63D491E482CF018FC44
:1084800074E73B491B482CF013FC5DE73949194858
:108490002CF00EFC81E7384B0022BDE870401A70CA
:1084A000FDF772B8354913482CF002FC75E73449E2
:1084B00010482CF0FDFB70E732490E482CF068FBA9
:1084C000A7E700BFAFF300806666666666660A408F
:1084D000721CC7711CC75B40CDCCCCCCCCCC4C3F04
:1084E000FED478E92631084070620020CC150120C6
:1084F00004200120F402012080220120D405012063
:10850000B815012028610020BC150120A0630700D8
:1085100088050120505C0700545C0700AC6307002D
:10852000B8630700CC050120C4630700C8630700D7
:10853000D463070088260120D80301207A26012071
:10854000F46307000864070084020120646D0020C2
:108550001464070090900020B05307009C90002006
:108560001C640700246407007C6307008C63070019
:10857000E061070000640700A4900020E0630700AA
:10858000EC6307002C640700F8B5194C0027064679
:108590000D46F2F723F820460221276125F0BCFCA6
:1085A000144920462CF084FB2046012125F0B4FC20
:1085B000114920462CF07CFB314620462CF078FBFC
:1085C000294620462CF074FB2DF002FB0346204682
:1085D0001C4626F041FA2DF0FBFA001B642800D857
:1085E000F8BD064B1F70BDE8F840FCF7CDBF00BFDB
:1085F000F4020120E45F0700847F0700A4900020BC
:1086000038B5F1F7EBFFAF49AF482CF051FBAF4B5A
:108610001B78002B00F0E080AD49AB48AD4C2CF04E
:10862000B7FAAD4BA84819680A222CF003FDAB49F4
:10863000A5482CF0ADFAAA4B186837F0AFFA41EC18
:10864000100B0121A0482CF003FBA6499E482CF0FA
:108650002FFBA5499C482CF09BFAA44B9A4819681B
:108660000A222CF0E7FCA24997482CF021FBA149F3
:1086700095482CF08DFAA04B934819880A2289B2AC
:108680002CF08CFD9D4990482CF082FA0A224FF480
:1086900080718D482CF082FD99498B482CF078FA36
:1086A000984B894819680A222CF0C4FC93498648E3
:1086B0002CF06EFA944B844819680A222CF0DAFCEC
:1086C000924981482CF064FA2068002800F09380D9
:1086D00017F028FA01460A227B482CF05FFD8C49EE
:1086E00079482CF055FA2068002800F03A8117F0FC
:1086F0003FFA002865D0874973482CF049FA86492B
:1087000071482CF045FA2068002800F0178117F016
:1087100033FA00285ED07F496B482CF0C9FA7F49B4
:1087200069482CF035FA2068002800F0B78017F06F
:10873000FDF901460A2264482CF09CFC7849624805
:108740002CF026FA2068002800F0968017F00CFA2A
:1087500001460A225C482CF021FD72495A482CF04F
:1087600017FA2068002873D017F0FAF901460A2298
:1087700055482CF07FFC6C4953482CF009FA2068CE
:1087800000284CD017F00CFA10EE100A37F006FA59
:1087900041EC100B02214C482CF04AFB2DF018FA4A
:1087A0000446494826F058F92DF012FA001B6428B7
:1087B0001AD838BD286820B113F03CF8002840F0E2
:1087C00028815A4998E7286820B113F033F8002827
:1087D00040F0168155499FE755493B482CF068FA0F
:1087E000BDE83840FCF736BF524B00221A70BDE896
:1087F0003840FCF7C9BE504D2868002800F0E180E1
:1088000013F018F8002840F0CF80286812F0FCFF21
:10881000002800F0C98016F07FF901465BE7464D5D
:108820002868002800F0BD8013F004F8002840F00C
:10883000B380286812F0E8FF002800F0AD8016F041
:108840006FF910EE100A37F0A9F941EC100BA1E70F
:10885000394D2868002800F0BC8012F0EBFF00289A
:1088600040F0B180286812F0CFFF002800F0AB8004
:1088700016F044F901467AE72F4D2868002800F0E9
:10888000898012F0D7FF00287ED1286812F0BCFF43
:10889000002879D016F03CF901465AE7264D2868A1
:1088A000002800F09D8012F0C5FF002840F0938062
:1088B000286812F0A9FF002800F08D8016F006F954
:1088C000014637E740640700F4020120D405012087
:1088D00064640700A0260120646D00206C6407001A
:1088E000CC050120C463070070640700FCB00020C1
:1088F0009C7007007864070094900020B053070034
:1089000014640700909000209C9000208064070071
:1089100088640700EC5F0700906407009464070018
:10892000245E0700986407009C640700745F0700DA
:1089300050640700A4900020840201204A4D28685A
:1089400000283FF447AF12F075FF00287FF43BAFDB
:10895000286812F059FF00283FF435AF16F0B2F83E
:10896000D7E6414D286800283FF42BAF12F062FF94
:1089700000287FF41FAF286812F046FF00283FF45C
:1089800019AF16F09BF8B4E6286818B112F052FF40
:10899000002847D10021DCE6286810B112F04AFF18
:1089A00000BB9FED2F0BF5E6286850B112F042FF97
:1089B00038B1286812F03AFF18B117F0BDFD014632
:1089C00089E6002187E6286818B112F033FF0028F5
:1089D0003AD10021CBE6286810B112F02BFF50BB32
:1089E0000021A7E6286812F021FF0028D9D017F04F
:1089F000BDFD10EE100A37F0D1F841EC100BC9E6BE
:108A0000286812F013FF00283FF4E4AE17F090FD41
:108A10007FE6286812F00AFF00283FF4D2AE17F074
:108A200083FD66E6286812F001FF0028B2D017F037
:108A30009BFD01468DE6286812F0F8FE0028CFD095
:108A400017F07CFD014675E6286812F0EFFE00285D
:108A5000BFD017F087FD014689E600BFAFF3008065
:108A60000000000000000000840201202DE9F04F0A
:108A7000914D91B02FF0B0F92868062106F088F9E1
:108A800028B92FF0B3F92B6811B0BDE8F08F06219B
:108A900028688A4C06F08CF928602FF0A7F901208D
:108AA000FBF7B6FF864B874AC3F800260026F1F78E
:108AB00095FD20460221266125F02EFA82492046A6
:108AC0002CF0F6F82046012125F026FA7F492046B1
:108AD0002CF0EEF87E4920462CF0EAF87D4920463D
:108AE0002CF0E6F82DF074F8034620461C4625F0DD
:108AF000B3FF2DF06DF8001B642800F288807049E8
:108B0000704A754BC1F80026744C1F68744E754B43
:108B10007548039604F26C4A0026B742D8BF034654
:108B200089469046D346049605AFFF21002206935E
:108B3000ADF81410079297E80E0058461BF066F83F
:108B400094F87E34C4F868A4002B42D194F8242011
:108B5000E37112F0010243D14FF0FF3384F8242077
:108B6000236359460B7F0093002B49D1084601210E
:108B70001BF05EF868B35D4AD4F8681403AB38465E
:108B800019F0E6FCD4F868241AB301900099104655
:108B90001BF04EF8019BE0B1C9F80086002E3BD0D7
:108BA000002B3BD12FF018F92868062106F008F9B0
:108BB00008B100232B602FF019F94D4B01221A70D8
:108BC0002DF006F801464B4806F002F911B0BDE859
:108BD000F08FC9F80086002EE4D1424B0126A4E7AD
:108BE000454800931BF0ECF80028F2D0009BD4F825
:108BF000681484F824304FF0FF3323630029B1D187
:108C000003AB3A4A384619F0A3FC0346C4E73B4B92
:108C10001E70FCF7B9FC72E7002BDED0284B294907
:108C2000304AC3F800160023CDE90623FF21ADF832
:108C3000141097E80E0032481AF0E8FF94F87E34DA
:108C4000C4F868A4A3B92E490122A1F26C4019F01E
:108C5000F1FF034630B32B4817F088FD1F4901F29E
:108C6000444018F003F818B1274B1C60F2F732FEAD
:108C70002649134C2648134DFFF786FC4FF4FA7033
:108C80002CF0B2FF4FF4FA70C4F800562CF0ACFF91
:108C9000C4F800564FF4FA702CF0A6FFC4F8005642
:108CA000EEF710FB16491A46A1F26C4019F0C2FF0C
:108CB0000028D0D1DCE700BFB8020120F402012077
:108CC000000001403546526EE45F0700847F0700D4
:108CD000A4640700B8640700A8260120A466002049
:108CE0008467070080841E0000127A00D866002086
:108CF0007B2601207C260120C8660020A49000204D
:108D0000106B0020E86A0020FC5E0120CC640700A4
:108D1000DC640700F0B51F4DA3B0284625F0D0FB5A
:108D20002846012125F0F8F81B4B1878002280F026
:108D300001002A6102A90822187004F05DFB0028D6
:108D400013DD02AC04EB00160127B4F90C30CDE9B9
:108D500000372846B4F90830B4F90420B4F90010FB
:108D6000103424F0A9FBB442EFD12CF031FF0446BB
:108D7000084825F071FE2CF02BFF001B642801D859
:108D800023B0F0BD054B00221A70FCF7FDFB23B0A9
:108D9000F0BD00BFF402012064020120A490002075
:108DA0002DE9F041FA2084B0484C494FDFF8548156
:108DB0002CF01AFF474864212CF058FA0122204673
:108DC0003C2125F013FE444B2046197825F058FA33
:108DD0004249404811F002F9414BD8F800C03A68C6
:108DE0001B684FF00110606100250221012603205D
:108DF000E5761E60CCF800101060186830F0C6F9F7
:108E0000D8F800300221186830F0C0F93B68022120
:108E1000186830F0BBF92CF0DBFE324A324B1060A0
:108E200040F2E7321A604027F1F7D8FB80232A4648
:108E300029462046CDE9003702962C4B24F050FD00
:108E40002CF0C6FE034620461C4625F005FE2CF0FD
:108E5000BFFE001B64282BD840F2EE202CF0C4FE8D
:108E6000F1F7BCFB1948022125F056F820491748B4
:108E70002BF01EFF1548012125F04EF81D4913481F
:108E80002BF016FF1C4911482BF012FF1B490F480D
:108E90002BF00EFF2CF09CFE04460C4825F0DCFD68
:108EA0002CF096FE001B642807D804B0BDE8F081C2
:108EB000134B1D70FCF768FBCEE7114B00221A70B4
:108EC00004B0BDE8F041FCF75FBB00BFF402012035
:108ED00038610020845A0120818D0020801A06000C
:108EE000306100204C03012070620020A868070058
:108EF00038630700847F07004C6307006463070042
:108F0000A49000203461002038B51E4D1E4CF1F7AE
:108F100065FB2B78204683F0010302212B7024F09F
:108F2000FBFF2B7813B14FF4803363611749164868
:108F30002BF0BEFE4FF0011301216361E176124870
:108F400024F0EAFF124910482BF0B2FE11490E48F6
:108F50002BF0AEFE10490C482BF01AFF2CF038FE17
:108F60000446094825F078FD2CF032FE001B6428E9
:108F700000D838BD094B00221A70BDE83840FCF714
:108F800003BB00BF68220120F4020120E86407004F
:108F9000F4640700847F070080620020A490002012
:108FA00070B5F1F71BFB1E481E4E1F4C1F4D0121D3
:108FB00024F0B2FF1E491A482BF07AFE18482BF015
:108FC000C7FE1748022124F0A7FF31681448002982
:108FD0000CBF294621462BF009FE164910482BF0FC
:108FE00067FE31680E4801290CBF294621462BF047
:108FF000FDFD11490A482BF05BFE2CF0E9FD04460B
:10900000074825F029FD2CF0E3FD001B642800D85B
:1090100070BD0A4B0022BDE870401A70FCF7B4BA6C
:10902000F402012004200120B4650700A05C0700C1
:109030000C650700206507002C650700A490002040
:1090400070B5F1F7CBFA1E491E481F4E1F4C204D3C
:109050002BF02EFE1B482BF07BFE1A48022124F039
:109060005BFF1C4917482BF023FE31681548002987
:109070000CBF294621462BF0B9FD174911482BF0AA
:1090800017FE31680F4801290CBF294621462BF0F5
:10909000ADFD12490B482BF00BFE2CF099FD044658
:1090A000084825F0D9FC2CF093FD001B642800D85B
:1090B00070BD0B4B0022BDE870401A70FCF764BA1B
:1090C00030650700F402012004200120B465070088
:1090D000A05C0700847F0700406507004865070023
:1090E000A490002010B5F1F779FA1E48012124F070
:1090F00013FF1D491B482BF0DBFD1A482BF028FEFF
:109100001848022124F008FF184916482BF0D0FD1A
:109110000121144824F000FF12482BF019FE1449D5
:1091200010482BF0C5FD13490E482BF0C1FD0D482A
:109130002BF00EFE10490B482BF0BAFD2CF048FD29
:109140000446084825F088FC2CF042FD001B6428EA
:1091500000D810BD094B0022BDE810401A70FCF782
:1091600013BA00BFF40201205465070064650700CC
:10917000706507008465070098650700A4900020CB
:1091800038B51F4D1F4CF1F729FA2B78002283F0D8
:1091900001032046022122612B7024F0BDFE2B78B2
:1091A00013B14FF480336361174916482BF080FDEB
:1091B0004FF0011301216361E176124824F0ACFE07
:1091C000124910482BF074FD11490E482BF070FD28
:1091D00010490C482BF0DCFD2CF0FAFC0446094841
:1091E00025F03AFC2CF0F4FC001B642800D838BDB4
:1091F000094B00221A70BDE83840FCF7C5B900BF22
:1092000068220120F4020120AC650700B865070060
:10921000847F070080620020A490002070B5F1F7E1
:10922000DDF92048204E214C214D012124F074FE0F
:1092300020491C482BF03CFD1A482BF089FD1948A9
:10924000022124F069FE1C4916482BF031FD3168DB
:10925000144800290CBF294621462BF0C7FC1749AA
:1092600010482BF025FD31680E4801290CBF294616
:1092700021462BF0BBFC12490A482BF019FD2CF0BB
:10928000A7FC0446074825F0E7FB2CF0A1FC001BD7
:10929000642800D870BD0B4B0022BDE870401A70E6
:1092A000FCF772B9F402012004200120B465070024
:1092B000A05C0700D0650700847F0700C05C070042
:1092C000E0650700A4900020F0B5954C85B0F1F75B
:1092D00085F92068002837D016F0FCFB00283AD02A
:1092E000904991482BF0E4FC206800284ED016F0FD
:1092F0003FFC0546206800285ED016F013FC0646A9
:109300002468002C6DD0204616F098FC044615B158
:10931000002E00F38180854983482BF039FC824878
:10932000032124F0F9FD82497F482BF05FFC2CF0EB
:109330004FFC04467C4825F08FFB2CF049FC001BB9
:1093400064281CD805B0F0BD7A4E306818B112F010
:1093500071FA002858D0734973482BF0A9FC73495F
:1093600071482BF015FC7048022124F0D5FD72499C
:109370006D482BF09DFCFCF76DF905B0F0BD6F4B0F
:1093800000221A70FCF700F905B0F0BD694E306894
:10939000002800F0B98012F04DFA002840F09580C6
:1093A000306812F031FA002800F08F8015F086FB4B
:1093B000054620680028A0D15E4E30680028AAD05B
:1093C00012F038FA002840F09080306812F01CFA51
:1093D000002800F08A8015F09FFB24680646002CC8
:1093E00091D1544F3868002800F0908012F022FA92
:1093F00000288CD1386812F007FA0446002886D07D
:1094000015F0DEFB044682E7306812F0FDF9002813
:10941000A1D015F0F5FB61E7434D464E4FF47023A4
:10942000284602212B6124F077FD6A46102320464E
:10943000022105F0A7FB694628462BF0D7FB4FF425
:109440000C132B612846012124F066FD3C49284677
:109450002BF02EFC4FF44813284602212B6124F0F8
:109460005BFD384928462BF093FB306800283FF419
:109470005EAF12F0DFF900287FF459AF306812F0C8
:10948000C3F9044600283FF452AF15F0ADFB0A22A1
:10949000014628462BF082FE2A4928462BF078FB0D
:1094A000204615F0A5FB0A22014628462BF076FE41
:1094B000244928462BF06CFB204615F09DFB0A2220
:1094C000014628462BF06AFE31E7306850B112F0B1
:1094D000B1F9054638B1306812F0A8F9054610B167
:1094E00017F022F80546206805E7306880B112F0D1
:1094F000A1F938B1306812F099F918B117F01CF8D9
:109500000646FDE60026FBE6054656E70446FEE66F
:10951000206800283FF4FFAE16F090FBFBE600BF8A
:10952000A0260120E8650700F40201209C5E0700E8
:10953000AC5E070084020120FC650700A4900020B7
:1095400008660700B46507002DE9F84F304F314E2B
:10955000314DDFF8D8A0DFF8D880F1F73FF8D7F821
:10956000009009F1FF34022C30464FF00201A8BFF1
:10957000022424F0D1FC24EAE47404F1030B05EB8B
:1095800084053B68A3424146304624D02BF02EFB95
:10959000013455F8041B30462BF0FAFBA345F0D1FB
:1095A0001C48012124F0B8FCB9F1010F1FDD1B4953
:1095B00018482BF0EDFAB9F1020F1CD02CF008FB83
:1095C0000446144825F048FA2CF002FB001B6428DE
:1095D00016D8BDE8F88F51462BF008FB013455F83A
:1095E000041B30462BF0D4FB5C45CAD1D8E70C49AC
:1095F00008482BF0CDFA0B4906482BF0C9FADDE7F5
:10960000094B00221A70BDE8F84FFBF7BDBF00BF41
:1096100004200120F4020120206D0700A85D07004E
:10962000E05F07001C660700A4900020A05C070014
:10963000B465070070B5F0F7D1FF2448244E254CDF
:10964000254D012124F068FC244920482BF030FBF3
:1096500023491E482BF02CFB1C48022124F05CFC03
:1096600020491A482BF094FB0121184824F054FC9F
:1096700016482BF06DFB3168144800290CBF2946B1
:1096800021462BF085FA184910482BF011FB316860
:109690000E4801290CBF294621462BF079FA1349BF
:1096A0000A482BF005FB2CF093FA0446074825F0F6
:1096B000D3F92CF08DFA001B642800D870BD0C4B38
:1096C0000022BDE870401A70FBF75EBFF402012073
:1096D00004200120B4650700A05C07002466070091
:1096E00034660700740201204066070054660700D4
:1096F000A4900020F8B5AB4CAB4D23780BB10623FA
:109700002B60AA4B1A78002A40F0D380A84E2CF088
:109710005FFA3268A74B801A1A684FF47A7393FB8A
:10972000F2F398427CD82B689A1C012A35D91F1D68
:1097300000F0C980581D00F0C1805A2B00F0C38092
:1097400013F1100F00F08881D91C00F0948113F1FF
:10975000090F00F0B8809A1D35D013F10A0F00F000
:10976000668103F10F02042A00F28F81924802F011
:1097700089FE2B68692B52D0227852BB5F1C0446AD
:1097800012D09D1D10D013F10A0F0DD013F1100F40
:109790000AD00F33042B07D999E00133237840F026
:1097A0008E80002B3BD10524844B1B681B79002B3A
:1097B00000F0D580824A1368002B40F0E680631EDB
:1097C00013600125C5E07F4A5278002A40F03B81B2
:1097D0002278B3F5617F22D06A2B20D0642B00F071
:1097E0000181981D40F0B081744B1B681B79002BE0
:1097F00000F00D817449754A336803C903F59C5321
:109800009180090C1060083391717148714A33607E
:10981000012400216FF00603047011602B60F8BD75
:109820002CF0D6F93060F0F783F92B685A1F082A1C
:109830006CD9B3F5617F00F09B80581C00F0E48088
:10984000991C00F0EE801A1D00F0EE805F1D00F004
:10985000F480981D00F0F48013F10A0F00F0F980F5
:1098600013F10B0F00F0988013F10C0F00F0FA8049
:1098700013F10D0F00F0F98013F10E0F00F0F880D6
:1098800013F10F0F00F0058113F1100F00F00481A8
:10989000D91D00F00481DA1C00F0048113F1080FD7
:1098A00000F0038113F1090F40F00281FFF7B6FCCD
:1098B00039E700221A70FBF767FE27E72378002BB1
:1098C000ADD1012403E02378002BA8D102243B4B27
:1098D0001B681D79002D34D13F4B1B681B79002B71
:1098E0003FD13E4B1B681B79002B98D0344A13683C
:1098F000002D39D0013C9C420CBF00230133136082
:10990000336803F59C5308333360F8BD98BB052BCF
:1099100045D0062B00F0D180072B00F0D180082B1A
:1099200000F0D180092B00F0D1800A2B00F0D1800B
:109930000B2B00F0FA800C2B00F0F480FDF7CCFA32
:10994000F1E61F4A1368611E994222D00133136069
:109950000025336803F59C5308333360BCE70125C9
:10996000BAE7FBF76FFBBCE763B9013C1460C7E7DC
:10997000FBF78AFED7E6FFF7CDF9194B40F2E73245
:109980001A60D0E6013B1360BAE7013B1360012582
:10999000DFE700251560DCE7FFF74CFEC3E6FCF7C8
:1099A000A9FCC0E6D505012070620020A49000202B
:1099B0004C030120786200206861002030610020A3
:1099C0000420012064E40020746607006061002028
:1099D000A590002068020120346100203861002039
:1099E000CC150120994B1B681B794BB9984B1B6810
:1099F0001B792BB9974B1B681B79002B3FF40FAFDA
:109A0000BDE8F840EEF7E4B8FFF79EFD8BE6904B1B
:109A10001B681B79002B3FF402AF8F4B01221A7099
:109A2000EEE7FBF7C1FF7EE6FFF7BAFA7BE62378A5
:109A3000002B7FF4F4AE0424B6E6FFF753FB72E686
:109A4000FCF71AF86FE62378002B7FF4CDAE0324E1
:109A5000AAE6FCF7CDF866E62378002B7FF4DFAEAC
:109A60000224A1E6FDF700FC5DE6FDF751FC5AE695
:109A7000FDF770FD57E62378784A1468002B7FF4D1
:109A8000CEAE012CB8BF012421E7692B7FF4A0AE34
:109A9000F8BDFDF7E1FD46E6FDF700FD43E6FCF706
:109AA000C9F940E6FCF72EFA3DE6FCF785FB3AE6FD
:109AB000042B11D1FEF7CCFB35E6FCF781FF32E633
:109AC000FDF704F82FE6FDF71DF92CE6FCF7C8FCBE
:109AD00029E6FCF761FD26E60E2B14D1604B93EDD1
:109AE000007AF0EE007AB4EEE77AF1EE10FA1FD9C0
:109AF0005C4B1B680D2B0ABF5B4B0D201868286060
:109B0000F0F796FD0FE65A2B1BD0032B16D0692BCE
:109B100011D0642B00F096806A2B7FF404AEFDF721
:109B20008FFA00E6FFF7D0FBFDE5FCF731FEFAE522
:109B3000FEF75AFBF7E5FFF723FBF4E5FEF760FDC0
:109B4000F1E5FFF77DFAEEE5D91D40F09B803F4B34
:109B50001B681B79002B3DD13E4B1B681B793BB327
:109B6000424B1F68052F46DCDFF808C11CF80700D0
:109B70000124DFF80CE10023724602E00133242BBC
:109B800004D012F8011B8142F8D11C44384B243414
:109B9000A3FB0423DB0803EBC303A4EB83031EF83E
:109BA00003300CF80730336803F59C5308333360F7
:109BB000274B1B681B79002B3FF431AE2B490B68F8
:109BC000052B1EDC326802F59C52013308320B6013
:109BD0003260F8BD254B1F68052F0CDC1D4BDFF8EC
:109BE00094C01B681CF807001B79002B14BF0124CC
:109BF0004FF0FF34BDE7062F0CBF072206221A6084
:109C0000D1E7062B7FF4FCAE1A48FAF753FB044663
:109C100040B1336803F59C5308336FF0050233609D
:109C20002A60F8BD144F15493F22384637F099FF96
:109C3000336887F83F4003F59C5308336422336050
:109C40002A60F8BDFFF760F96DE500BF30610020C4
:109C50003461002038610020A5900020742201208A
:109C600008060120CC150120C862002068020120EE
:109C7000398EE3386061002080620020646607004E
:109C8000D86C0700002A7FF4CAAD32490968097907
:109C900079B113F1080F2BD00D2B40D02E4A12684A
:109CA0009A42AABF2D4B03F1FF3018682860F0F7E5
:109CB000BFFC2B4B1B681B79BBB92A4B1B681B795C
:109CC000002B3FF4ACAD286810F1080F1ED00D2812
:109CD00032D0224A12689042AABF1F4B0130186846
:109CE0002860BDE8F840F0F7A3BCF0F7BDFCE4E75E
:109CF0001D4B1B68002BDCDD33681C4803F59C53AF
:109D000008330D21336002602960D2E7336803F520
:109D10009C5308336FF0080233602A60F8BD144A80
:109D20001278002ABAD0336803F59C5308336FF0D9
:109D3000070233602A60BCE70D4A1278002AC8D0B7
:109D4000336803F59C5308336FF0070233602A60D1
:109D5000F8BD00BF30610020C8620020C46200204E
:109D60003461002038610020B4150120BC020120BC
:109D7000782601200B4B1B7883B10B4A0B4B1088C4
:109D80001B8880B29BB200F58050C01A4342C3F3D7
:109D90000B03C0F30B0058BF5842704704482BF028
:109DA000D7BA00BF756D0020AEE40020B0E40020FB
:109DB00084840120254BD3F84021002A40D0244A36
:109DC000012100202DE9F041C3F840015964D3F886
:109DD000443511681F4E204DDFF89080994238BFFE
:109DE0001360002414E02BF0BBFA62B600281B4974
:109DF00004F1010416DB2B88B8F800200133C3F30B
:109E00000B0392B29A421CD02A882B8093B2C8547A
:109E1000A7B272B630462BF09BFA03463046002BB1
:109E2000E1D162B60E4A13889BB2BB4238BF17809D
:109E3000FE2F03D90B4A136801331360BDE8F0818C
:109E40007047094A136801331360EBE700A0014033
:109E5000FCB0002084840120AEE4002064D4002003
:109E600094900020909000209C900020B0E400206E
:109E70000D4B1B788BB10D4B0D4A1988138889B295
:109E80009BB299420CD0118813880A4889B20133D9
:109E9000C3F30B03405C1380704707482BF060BA94
:109EA0004FF0FF30704700BF756D0020AEE400201A
:109EB000B0E4002064D40020848401202DE9F04F18
:109EC000BD4B1B7887B0002B40F05E82BB4CBC4D75
:109ED000C4F800560120FAF79BFDBA4BC4F80056AF
:109EE0001B78002B40F04D82B74BB8491B780122FC
:109EF0000A70002B40F04182B54B00241C70F0F733
:109F0000D1F9AE4BAE4AC3F80026B248AE2124F0D8
:109F10001DFAB14B1B78DBB1B04AB14B0121516046
:109F20004FF48031C2F808134FF08062C3F88020EC
:109F3000BFF34F8FBFF36F8FC3F88021BFF34F8FF5
:109F4000A84BA9481C70214640F24C420FF0FEF984
:109F5000DFF8B08298F80030002B40F00582974E71
:109F6000974FC6F800764FF08045D5F83834D907BA
:109F700040F13C82AF21974824F0E8F94FF4FA60B1
:109F8000EEF78CF92BF024FEC6F80076D5F83834BD
:109F9000012838BF0120DA07044640F10982934DB9
:109FA000934B944EDFF86092DFF860A20193009724
:109FB00045F00105019B1B68D3F800B058462FF00F
:109FC00087F9034603274FF4FA4063B9012F00F0E5
:109FD0001F81A84758462FF07BF90346013F4FF4F5
:109FE000FA40002BF2D0D9F80030CDF808901F6865
:109FF00038462FF06DF903464FF0030B4FF4FA404B
:10A0000073B9BBF1010F00F00381A84738462FF068
:10A010005FF903460BF1FF3B4FF4FA40002BF0D001
:10A02000DAF80030CDF80CA0D3F800B058462FF085
:10A030004FF9034603274FF4FA4063B9012F00F0AC
:10A04000E780A84758462FF043F90346013F4FF4F5
:10A05000FA40002BF2D0002C40F057810DF1170789
:10A06000002338468DF81730EDF74AF99DF8173080
:10A07000002B40F0478120BF504A0099C2F80016DB
:10A080004FF08043D3F83834DB0793D4002C40F0F2
:10A09000978140F6B830EEF701F932202BF0A4FD9D
:10A0A000464B474AC3F800260F24002500202FF016
:10A0B0000FF90346012B4FF0020008BF01352BF0CA
:10A0C00093FD013CF2D128460F2105F09DFD3B4B4D
:10A0D00049493B4AC3F800260B68019C002814BF7D
:10A0E000032202221F2B88BF03F01F0324688CBFAA
:10A0F00042484FF0A04003F5E073120442F00C0216
:10A1000040F823202368029851F8233000683C4C23
:10A1100000681F2B86BF03F01F03384A4FF0A04290
:10A1200003F5E07342F8234051F820300398344C93
:10A1300000681F2B84BF03F01F03304A006898BFDC
:10A140004FF0A04203F5E07342F8234051F820306D
:10A150002B4C2A491F2B86BF03F01F03274A4FF0C1
:10A16000A04203F5E0734FF0A04042F823404FF0C7
:10A17000FF34C0F82045C1F82045F1EE103A23F035
:10A180009F03E1EE103A164B4022C3F88421384673
:10A1900000238DF81730EDF7B3F89DF81730002B3A
:10A1A00040F02D814FF080430122C3F80044C3F8F2
:10A1B000002520BFFDE700BF7922012000000140FB
:10A1C0003546526E44010120A86B00209B6B002095
:10A1D0009A900020F4020120D405012000A0014043
:10A1E00000E100E0756D002008200120406D0700AF
:10A1F000306100204C030120DC9007000003005078
:10A200000C0003000CFD00203461002038610020A8
:10A210004FF4FA60EEF742F898F80030002B40F067
:10A22000B6807A4B7A4C7B487B497C4A1B7819254F
:10A230002570002404700C701470002B3ED0784AF6
:10A24000784B79481470FF2183F828402BF0A2F84E
:10A2500064202BF0C9FC754A7548764B14800325A1
:10A260000480012204205A607349DA60C3F804456F
:10A27000C3F80855C3F8100541F288354FF4803013
:10A28000C3F84055C3F800226025C3F804034FF01B
:10A29000806081F81A53C1F88001086067490A702C
:10A2A0001A60F0F75DFE2246214665480EF080FFF9
:10A2B0002BF08EFC634A644B14701860634B644946
:10A2C0001B7800220A70002B3FD1AF21614824F097
:10A2D0003DF8614B614A1B78002111701BB9604B3E
:10A2E0001B78002B71D15F4C2368013337D1336861
:10A2F00003F59C5308334FF0FF323360226007B000
:10A30000BDE8F08FECF7F8FFB6E62BF061FC42F207
:10A310000F73001B984212D82BF05AFC3268524B34
:10A32000801A1A684FF47A7393FBF2F398427FF61F
:10A3300095AE2BF04DFC3060FCF7FEFE8EE64548F6
:10A34000AE2124F003F8002488E6484B1978002950
:10A35000BBD1474820F012FC444B1870B5E72BF0F6
:10A3600037FC444B1860C2E701210F202EF00EFF8E
:10A3700001210F202EF08EFFF1E53D4820F020FC5A
:10A38000BAE5F1F7F1F9AFE5EFF748FD9EE50021F9
:10A390000F202EF07FFF32202BF026FC36481EF0D7
:10A3A000D5FC00283FF43DAF002388F8003038E7A3
:10A3B000324B0193324B0293324B03930DF117074B
:10A3C0002448AE2123F0C2FF63E62BF001FC0146D6
:10A3D0002D4804F0FDFC3368224A03F59C530833F2
:10A3E0006A213360116007B0BDE8F08F234B019301
:10A3F000234B0293234B03930DF1170749E62046A5
:10A40000ECF772FFECF772FFD3E600BFD405012032
:10A410007C6200207D620020DC050120F105012026
:10A42000C00501208805012084840120AEE40020BD
:10A43000B0E4002000A0014000E100E0756D0020C4
:10A44000082001207E62002004060120A86B002065
:10A450009B6B0020F40201208826012000200120AF
:10A460007926012070620020786200209A900020F6
:10A4700000720120F81F012010FD00203061002033
:10A4800034610020386100207C26012010B52A4B61
:10A490001C7882B024B1294B1B68002B49D11C4683
:10A4A000274B284A1B7812688DF800400BB1002A10
:10A4B0003BD1254B254A1B781268002B32D1244C06
:10A4C0008DF8013023681B7913B9224B1B681B7967
:10A4D000214A8DF802301368B3F5FA7FD4BF002308
:10A4E00001238DF803302BF073FB694603461B48AC
:10A4F000019304F089FC98B1194A164B116824683D
:10A500001A6801284FF0000323710B71137103D1F6
:10A51000FEF7ACFA02B010BD022801D1FFF7CEFC65
:10A5200002B010BD0AB91346C9E72BF051FB012355
:10A53000C5E72BF04DFBB3E7540201205802012080
:10A540004D020120500201205C0201206002012026
:10A550003061002038610020A82601207C260120DF
:10A560003461002001482AF015BF00BF8484012017
:10A570002DE9F04789498A4D8A4B8B4EC5F8006614
:10A580004FF001084FF480304FF08062C1F8048032
:10A5900082B0C1F80803C3F88020BFF34F8FBFF328
:10A5A0006F8FC3F88021BFF34F8F8049804FA1F593
:10A5B000157000243C7006F073FA7E497B4805F064
:10A5C000A3FC22467C4840F226210FF0C5F8C5F8CE
:10A5D00000660446002840F0A78078482AF06EFE06
:10A5E00032202BF001FB4FF4165174482AF022FF61
:10A5F00064202BF0F9FA6D49A1F5157006F050FAB8
:10A600006C496A4805F080FC6B48224640F22621DE
:10A610000FF0A2F800283BD1614B634AC3F8002633
:10A6200066482AF04BFE32202BF0DEFA63484FF4E6
:10A6300061412AF0FFFE32202BF0D6FA604A574BD8
:10A64000604D584900201080012228805A6003255F
:10A65000DA60C3F804050420C3F80855C3F81005F0
:10A6600041F288354FF48030C3F84055C3F80022DA
:10A670006025C3F804034FF0806081F81A53C1F8D5
:10A68000800108603A701A60204602B0BDE8F08789
:10A6900040F24C4A032342464FF46141C5F800663C
:10A6A0004548CDF800A00FF06FF964202BF09CFA1C
:10A6B00042482AF003FE32202BF096FA4FF4614113
:10A6C0003E482AF0B7FE64202BF08EFA3749C5F8D1
:10A6D0000066A1F5157006F0E3F93649334805F038
:10A6E00013FC3548224640F226210FF035F881460A
:10A6F000002891D0C5F80066F0F732FC5346324985
:10A700002D48C5F8006603220FF05CF92F4BC5F801
:10A7100000661B787BBB2A492A4A00230B804C46E3
:10A720001380F0F7F1FBAFE7F0F71AFC40F24C436F
:10A7300025492148C5F8006603220FF043F9234B51
:10A74000C5F800661B78002B3FF478AF20491A4803
:10A7500040F24C4303220FF099FA40F24C43C5F803
:10A760000066154800934246032305210FF024FAA2
:10A77000C5F8006662E716490F48534603220FF0FA
:10A7800085FAC5F800660C48CDF800A042460323C0
:10A7900005210FF011FAC5F80066BCE700A00140E2
:10A7A0000000014000E100E03546526E5C220120CD
:10A7B000756D0020B4E4002008200120848401206D
:10A7C000AEE40020B0E40020317302007D6200207E
:10A7D0006D760200164B1B7803B97047002270B5E6
:10A7E00011461448144D154C0EF0E2FC114808F0C7
:10A7F000B3F82B781BB9237843B101232B7023784E
:10A800001BB1BDE87040F1F7DBB970BD0C4E2BF009
:10A81000DFF93368C01A41F287339842EFD9FFF766
:10A82000A7FE0028E9D02BF0D3F93060E7E700BF9E
:10A83000D4050120082001207E620020C0050120EF
:10A84000040601202DE9F04FDFF8A081614F624C32
:10A85000DFF8949183B0824665E04FF46141384659
:10A860002AF0E8FD0123322088F800302BF0BCF9F3
:10A87000FF2138462AF08EFD64202BF0B5F95748A9
:10A88000C6F80046494606F00BF95549484605F01A
:10A890003BFB5248002240F226210EF05DFFC6F835
:10A8A0000046002840F0878098F80030002B49D1FE
:10A8B0004FF4165138462AF0BDFD642088F800B0E8
:10A8C0002BF092F9FF2138462AF064FD64202BF02A
:10A8D0008BF94248C5F80046494606F0E1F8404980
:10A8E000484605F011FB3D48002240F226210EF0BB
:10A8F00033FF06464FF4FA705EBBC5F80046BAF166
:10A90000000F5BD0C5F800462BF06EF94FF4FA70DB
:10A91000C5F800462BF068F9C5F800464FF4FA7008
:10A92000B2462BF061F92F4E98F800304FF0010B32
:10A930003546002B91D038462AF0C0FC14202BF06D
:10A9400053F98AE738462AF0B9FC14202BF04CF969
:10A95000AEE740F24C43C5F800465A4600934FF428
:10A96000614103231D480FF00FF864202BF03CF9E0
:10A9700098F8003033BB4FF461411648194C164D1E
:10A980002AF058FD0123642088F800302BF02CF9C0
:10A990001549C4F80056A1F5157006F081F8104964
:10A9A000114805F0B1FA0D48002240F226210EF0C0
:10A9B000D3FEC4F8005603B0BDE8F08F504603B094
:10A9C000BDE8F08F03482AF079FC14202BF00CF935
:10A9D000D1E700BF848401203546526E0820012053
:10A9E000B4E40020000001405C220120746D0020CE
:10A9F000F0B53C4C83B0002301202370FFF722FF09
:10AA000008B903B0F0BD384D384EF0F7A9FA40F25E
:10AA10004C4337493748C5F8006603220EF0D2FF91
:10AA2000354BC5F800661B78002B46D10123334E09
:10AA3000334D344F23700EE02C883B880134C4F32F
:10AA40000B049BB29C420DD02AF08AFC2B882E4A24
:10AA50002C809BB2D05430462AF07AFC0346304614
:10AA6000002BE9D1294B2A49012200240325042087
:10AA70005A60DA60C3F80445C3F80855C3F81005F6
:10AA800041F288354FF48030C3F84055C3F80022B6
:10AA90006025C3F804034FF0806081F81A53C1F8B1
:10AAA000800108601B490A701A602BF091F81A4A5D
:10AAB0001A4B1470186003B0F0BD19490D4840F2EC
:10AAC0004C4303220FF0E2F840F24C42C5F8006616
:10AAD000084800920323012205210FF06DF8C5F804
:10AAE0000066A3E7D4050120000001403546526E00
:10AAF00031730200082001207D620020848401203F
:10AB0000AEE40020B0E4002064D4002000A00140A6
:10AB100000E100E0756D00207E6200200406012047
:10AB20006D760200000000002DE9F04F4FF08041EB
:10AB30009BB0D1F8003404934FF0A046BA4DD6F83C
:10AB400020350593D5F82035B84A06934FF0FF33EA
:10AB5000C1F80034B64CC6F8203507CAC5F8203510
:10AB6000236807AD85E807005A0940F01B810121E1
:10AB700001FA03F30A93079B0B9254F8232053091D
:10AB800000F00C81012B40F0F28202F01F02934092
:10AB90000022089954F82110480900F0FA80012891
:10ABA00004D101F01F0100FA01F10B43099954F897
:10ABB0002110480940F0E480012000FA01F10A4325
:10ABC0000AA904A8CDE90C2304F0F8FF994B9A4D8B
:10ABD00018700C202EF0A6FA002120202EF0D6FAB4
:10ABE00001210E202EF0D2FA00210E202EF052FB71
:10ABF0002AF0EEFF914B924C024620201A602EF074
:10AC000097FA34F0A9FF84A3D3E9002335F01EF8A6
:10AC100035F014FB34F0C2FF81A3D3E9002335F0F3
:10AC200015F835F00BFB2860FEF7BAF8F0F7FEFDDB
:10AC30002070F3F79FFF834A2378107013B1002828
:10AC400040F0BB80F9F774FB237800228DF82820B0
:10AC5000002B40F03F827C48102303821EF076F8E0
:10AC60007A4BB0FA80F040091870FFF7C1FE2378E4
:10AC700000228DF82820002B40F01681744E00230E
:10AC80008DF82830012501202946039004F068FA48
:10AC9000704B039883ED000A294604F075FA6E4A5A
:10ACA0006E4F034613603068136834F077FFC7E9CE
:10ACB0000001F4F7F9FA6A4B1B780BB9F9F72AFD92
:10ACC000684969481FF058FF674800211FF046FF98
:10ACD0004022654890211FF049FF63486FF05901F9
:10ACE00020F004F860484FF6FF7120F003F85F4B46
:10ACF0005D48012200211A701FF040FF5C4A237852
:10AD0000107033B32AF064FF01465A4802F006FF80
:10AD1000594A5A49136803F59C5308334FF461703C
:10AD200013600860022100202EF030FA54490322FB
:10AD300000202AF0DDFD534B01224FF40031C3F80F
:10AD40000C25C3F80415C3F808251A601BB0BDE82C
:10AD5000F08F4D4B1C78002C40F0F1814B4D4C494D
:10AD60003F22284636F0FDFE434A4449136885F8E1
:10AD70003F4003F59C530833692013600860D1E716
:10AD800001287FF41DAF01F01F0100FA01F10B4310
:10AD900016E7012000FA01F10A4307E7012101FA51
:10ADA00002F2F6E6012A4FF0000108BF03F01F038C
:10ADB0000A910CBF9A400A46DDE6DFF8DC90D9F82C
:10ADC0000030002B7FF73EAF324DDFF8D0A0DFF828
:10ADD000D080DFF8D0B0002695F830700095012FB4
:10ADE000534642464FF040010AA809D036F0ACFD68
:10ADF000D9F800300136B34205F13805ECDC21E723
:10AE00005B4636F0A1FDD9F8003001369E4205F1CF
:10AE10003805E1DB16E700BFCDCCCCCCCCCC4C3F29
:10AE2000FED478E926310840000300506868070026
:10AE3000DC9007004C020120BC150120B815012050
:10AE4000882601208926012010FD00200CFD00200D
:10AE500010630020186100201C610020686200203F
:10AE6000880101203577020000720120A86B0020C4
:10AE70009A900020F40501204C030120706200200C
:10AE8000C97702000000014079260120806200207D
:10AE9000DC660700F02D0120B0590120A0680700F2
:10AEA000B0550700006D07000420F0F77FF9002877
:10AEB00000F00B81AF4830220AA9F4F76DF80028A2
:10AEC00000F003810AA835F04BFD51EC100B35F072
:10AED000B5F907EE900AF5EEC07AF1EE10FAA64E3B
:10AEE00096BFA64A23782378306098BF326000224C
:10AEF0008DF82820002B3FF4C2AE0420F0F756F95D
:10AF0000B0B19F4830220AA9F4F746F880B10AA8E8
:10AF100035F026FD51EC100B35F090F907EE900A54
:10AF2000984AF5EEC07AF1EE10FA106040F21B81FB
:10AF3000237800228DF82820002B3FF4A0AE0420B7
:10AF4000F0F734F9B0B1904830220AA9F4F724F8A8
:10AF500080B10AA835F004FD51EC100B35F06EF904
:10AF600007EE900A894AF5EEC07AF1EE10FA106009
:10AF700040F2F580237800258DF82850002B3FF40F
:10AF80007EAE0420F0F712F9002800F09C80804883
:10AF900030220AA9F4F700F8002800F094807D4FD1
:10AFA0001F2238460AA936F0DCFD2378FD770025FC
:10AFB0008DF82850002B3FF462AE0420F0F7F6F82D
:10AFC00000287ED0744830220AA9F3F7E5FF002854
:10AFD00077D0724F1F2238460AA936F0C2FD237877
:10AFE000FD7700228DF82820002B3FF448AE042086
:10AFF000F0F7DCF8002800F09D80694830220AA9AB
:10B00000F3F7CAFF002800F0958066490AA836F0D9
:10B0100033FD654A2378B0FA80F0400910700022B1
:10B020008DF82820002B3FF42AAE0420F0F7BEF85C
:10B0300000284DD05D4830220AA9F3F7ADFF002863
:10B0400046D05B490AA836F017FD002840D1594B7D
:10B05000257803221A6000238DF82830002D3FF454
:10B060000EAE0420F0F7A2F80746002865D052483B
:10B0700030220AA9F3F790FF00285DD04F490AA8B3
:10B0800036F0FAFC2378051E18BF012500228DF842
:10B090002820002B3FF4F7AD0420F0F787F80028B4
:10B0A0003FF4F1AD464830220AA9F3F775FF0028B6
:10B0B0003FF4E9AD0AA835F056FC0128B8BF0120DD
:10B0C000E2E523788DE7237871E723782A4E0EE7AF
:10B0D0002578C0E70420F0F769F888B139481022D4
:10B0E0000AA9F3F759FF58B137490AA836F0C4FC4A
:10B0F000364BB0FA80F149093548197023F0C0F891
:10B100002378002B3FF4A7AD324B0093324A334BE8
:10B110003348002119F054FC324B0093324A334B30
:10B120002F48002119F066FC00222D48114619F025
:10B1300059FC90E5237872E73D462378A6E72AF08C
:10B1400047FD01462A4803F043FE2A4A2A4913686C
:10B1500003F59C5308336A2013600860E2E5274931
:10B160002378116007E7254923781160E1E6002381
:10B170001A460EE518590700106300200000E04051
:10B18000FC58070014630020EC58070018630020E7
:10B1900030590700F0620020D0580700D06200202C
:10B1A000986607007C5707008A260120A4660700DE
:10B1B000B0660700C8620020B8660700C4660700D2
:10B1C000CC6607007C6607008C660700818D002036
:10B1D000F402012098560700905607008456070095
:10B1E0000CD40020FD760200BD7402002D75020013
:10B1F0007C2601204C030120706200200000F041F9
:10B20000F0B52A4D2C7883B01CB9294E3378022B27
:10B2100001D903B0F0BD274F2AF0DAFC3B68C01A11
:10B2200042F20F739842F4D92AF0D2FC3378386096
:10B23000013320463370FFF705FB0028E9D01E4C90
:10B240001E4EEFF78DFE40F24C431D491D48C4F8D9
:10B25000006603220EF0B6FB1B4BC4F800661B7899
:10B260007BB91A4B1A49012200240C802A701C80D9
:10B27000EFF74AFE2AF0ACFC164A174B1470186020
:10B28000C7E716490F4840F24C4303220EF0FEFC7C
:10B2900040F24C42C4F800660A480092032301229F
:10B2A00005210EF089FCC4F80066DAE7D405012018
:10B2B00000B10020A0900020000001403546526EF1
:10B2C00031730200082001207D620020B0E40020DC
:10B2D000AEE400207E620020040601206D760200AC
:10B2E00030B55F4C85B0FFF78BFF23685D4A1B7953
:10B2F000128DADF8042023B95B4B1B681B79002B22
:10B300007CD05A495A4A097812688DF80630A1F162
:10B310000101B2F5FA7FB1FA81F1D4BF0023012314
:10B3200049098DF807108DF808302AF051FC01A961
:10B3300003465048039302F013FC70B14A4A4E4B47
:10B34000216812681B68002402280C7114711C719A
:10B3500028D0032803D1FEF7B1FD05B030BD012888
:10B36000FBD1464B464D47481C7019232B7002F009
:10B370009FFB454B45484649464A1B7804700C7074
:10B380001470002B52D1444C236801333AD1434A04
:10B39000136803F59C5308334FF0FF3113602160AD
:10B3A00005B030BD354B364D36481C7019232B7017
:10B3B00002F07EFB344B35483549364A1B78047021
:10B3C0000C7014701BBB3649364A01230B70137086
:10B3D0002AF0FEFB344B3549354A1B6808600321CF
:10B3E0001170002B35D02D4A2B49136803F59C535F
:10B3F000083306201360086005B030BD1E4B1B6883
:10B400001B797EE72AF0E4FB2A4B1860BFE7214650
:10B4100040F24C43032228480EF06AFB2978264864
:10B4200040F24C4303220EF0C3FCCCE7214640F22D
:10B430004C4303222048184C0EF05AFB40F24C4378
:10B4400029781D4803220EF0B3FC236801339ED0F7
:10B45000D8E71A4B1B68002BC5D1ECF72BFAC2E7D3
:10B460003061002088050120346100204C02012059
:10B47000A8260120F4050120386100207D6200200B
:10B480007C620020646D0020D4050120DC050120D1
:10B49000F1050120F0050120706200204C0301201D
:10B4A00079220120D8030120840201207C2201207E
:10B4B0007A220120F81F012008200120A026012067
:10B4C0002DE9F04F924B934D934AC3F800262B7809
:10B4D00083B0002B40F09A80904B1B7833B34FF031
:10B4E0008043D3F83834D80740F14E82EEF724FF7A
:10B4F0008B4B1A681379002B40F0468289488A49A1
:10B50000006809680371894C13710B712AF060FBA4
:10B510002268874B801A1A684FF47A7393FBF2F310
:10B52000984200F2AE8003B0BDE8F08FFFF752F909
:10B53000F0F732FE7F4B1B78002B40F0C9807E4C29
:10B54000FCF71EFEF0F706FAF4F7F6FBEEF77EF9CD
:10B55000EEF7DCFCEEF760FD2378002B40F09980DD
:10B56000764D00232B70F9F779FB754B227818780C
:10B570000021197012B1002840F0DE81714EEEF703
:10B5800093FF3368591C00F003816F4A127822B18F
:10B590006E4A1468002C40F06E81692B6C4B00F0F1
:10B5A000BB8100225E4CDFF87CA15F4F1A70DFF890
:10B5B000DCB12AF00DFBDBF80050664B451BB5F5FE
:10B5C0007A7F186080F07A81EEF7B6FE3368B3F5C3
:10B5D000617F00F06F816A2B01D1FEF757FFEEF714
:10B5E000A5FDFEF787F85C495C4A26683D680C6853
:10B5F0001768DAF800000023BC42037133712B7125
:10B6000091DD0B68136003B0BDE8F08F544CFCF77C
:10B61000B7FD2AF0DDFA534B22681B68801A984266
:10B6200000F205813E4CEEF787FE2268137933B1B4
:10B630002B780BB1F0F798F8ECF7CAFA2268394882
:10B640003949494B0468086819780023237113713C
:10B650000371002959D1364B4FF47A741B6894FB5F
:10B66000F3F4324D2AF0B4FA2B68C01AA0427FF6E8
:10B670005AAF2AF0ADFA286003B0BDE8F04FFAF7F0
:10B6800093B92AF0A5FA206003B0BDE8F04FFDF7AA
:10B6900029BD364B1B78002B3FF462AF344B1B782F
:10B6A000002B7FF45DAF2C4B1B68002B00F3578100
:10B6B000224D2B78002B3FF456AF2AF089FA2D4B00
:10B6C0001A6842F20F73801A98427FF64CAF48E72F
:10B6D0002AF07EFA28490A68821A132A03467FF65E
:10B6E0002EAF26480B601DF0DBFD254B234883ED74
:10B6F000000A1DF055FD234B204883ED000A1DF084
:10B700008FFD214B83ED000A19E741F28834A8E749
:10B7100000000140440101203546526E4A5A012082
:10B720003461002030610020386100204C0301208A
:10B73000786200200CFD002079220120D50501202F
:10B7400099900020706200205402012058020120CC
:10B7500000200120C8050120A8260120F026012094
:10B76000B81501202861002091010120D803012093
:10B770007A26012004ED00207C8D002010FD0020A1
:10B780003CFD002040FD002044FD0020D0050120AC
:10B79000834B1B78002B66D0824B1C68002C62D038
:10B7A0002AF016FA001B41F28734A04207D97E4BDB
:10B7B0001B7823B17D4B1D68002D40F0DE807C4B53
:10B7C0001B781BB17B4B1C68002C54D133685A1C6E
:10B7D0007FF4E3AE784B1A78002A00F0B980774DF9
:10B7E0002868DFF808A2764CDAF800302268754F36
:10B7F00091689B683A68A1EB030C9268BCF1000F5A
:10B80000C8BF0B46D11A0029C8BF1346181A002812
:10B81000C8BF2B602AF0DCF92A686B4B801A98426B
:10B820007FF6C5AE03B0BDE8F04FFEF747BB2AF088
:10B83000CFF90346202023602DF07AFC34F08CF9F8
:10B8400053A3D3E9002334F001FA34F0F7FC34F0C9
:10B85000A5F951A3D3E9002334F0F8F934F0EEFC54
:10B860005A4B1860DEE6524B1B78002BB2D0514B7E
:10B870001C68002CAED02AF0ABF9001B41F28734D3
:10B88000A042A3D9464B1B781BB1464B1D68002D27
:10B890006DD1454B1B78002B98D0444B1C68002C75
:10B8A00094D02AF095F941F28733001B98428DD944
:10B8B000EBF708FDFFF714FD33688CE6444B19687D
:10B8C000019107EE901AF8EE677A17EE900A34F0BD
:10B8D00065F9404B002234F0B9F980462846894684
:10B8E00034F03AF902460B464046494634F0D8FA5D
:10B8F00034F0A4FC3849394B02460A6038481B78BA
:10B9000001992A4602F0D8F8314A002313602AF040
:10B910005FF9CBF8000057E61A7892B1274D2AF06C
:10B9200057F92A68284B801A98423FF67BAF244C7F
:10B93000DFF8B8A0234F3AE6EEF770FAECF748F9D3
:10B940001CE601221A702AF043F91C4D2860E6E734
:10B9500001221A702AF03CF9184D286041E72AF0BC
:10B9600037F9204A204B106001221A70FBE52AF0BB
:10B970002FF9401BA0428CD99AE72AF029F9401BE5
:10B98000A0427FF61CAF4DE7F0F714FEAFF3008046
:10B99000CDCCCCCCCCCC4C3FFED478E92631084081
:10B9A0004D020120500201205C02012060020120B2
:10B9B000540201205802012000200120FC1F012018
:10B9C0003461002038610020DF930400BC150120A1
:10B9D000C405012000408F40CC0501207C6200207E
:10B9E000646D002004ED0020D505012030610020A9
:10B9F000014829F0F3BC00BF8484012010B5044B3A
:10BA0000044640F8083B20F02FF8204610BD00BF48
:10BA1000A483070010B5044B044640F8083B20F00F
:10BA200023F8204610BD00BFA483070010B5074BC4
:10BA3000044640F8183B1DF02DFF2046044B40F80B
:10BA4000083B20F011F8204610BD00BF78840700A5
:10BA5000A48307002DE9F04F89B004A84FF4C15129
:10BA600020F014F8C64AC74DDFF89883DFF898B382
:10BA7000DFF898A3DFF89893C34FC44EC44C04A9D1
:10BA800010461FF0D1FF04A81FF0EEFFBC4AC149C9
:10BA900010462A4631F0F2FF04A842F63D211FF07D
:10BAA000F5FFBD4B04A918461EF0F2F904A81FF0DB
:10BAB000DBFFB94B2A461846414631F0DFFF04A8A8
:10BAC00042F63E211FF0E2FF04A958461EF0E0F9BD
:10BAD00004A81FF0C9FF2A464146584631F0CEFF60
:10BAE00004A842F63F211FF0D1FF04A950461EF0E2
:10BAF000CFF904A81FF0B8FF2A464146504631F05E
:10BB0000BDFF04A84FF429511FF0C0FF04A9484607
:10BB10001EF0BEF904A81FF0A7FF2A46414648467A
:10BB200031F0ACFF384620F03BFE2A469B49DFF857
:10BB3000E4B2DFF8E4A2384631F0A0FF304620F04E
:10BB4000CDFE2A469649974F304631F097FF6A223C
:10BB5000002195481CF0F8FF204604F0E9F9934BCA
:10BB6000236004F5157004F0C7F901232A462371F8
:10BB70008F49204631F082FF8E488F4B8F4A904983
:10BB8000C0F874244FF480742A26A0F87844002466
:10BB90002A4680F87E64C0F86C34C471A0F844442E
:10BBA00080F84644C0F8684480F87C4480F88244B9
:10BBB00080F8884431F062FF8249DFF860E2DFF804
:10BBC00060C28148814A824B0C824FF47A76C1E987
:10BBD00001468C740F607F49CEF80440AEF81040E7
:10BBE0008EF81240CEF80860CEF800704FF0FF39A2
:10BBF000CCE90146C0E90146C2E90146C3E9014674
:10BC0000ACF810408CF81240CCF800700482DFF8D9
:10BC100014C2847407601482947417601C829C742C
:10BC20001F6058466C4B019140228021CDF808C01E
:10BC3000CDF8009022F0C6FE2A466849584631F0F9
:10BC40001DFF04A84CF680611FF020FF04A9504698
:10BC50001FF0EAFE04A81FF007FF2A464D49DFF84F
:10BC6000C8B1504631F00AFF04A84CF681611FF0BC
:10BC70000DFF5B4BDFF8B4A104A918461EF008F9CC
:10BC800004A81FF0F1FE564B2A461846414631F0F3
:10BC9000F5FE04A84CF682611FF0F8FE04A9584690
:10BCA0001EF0F6F804A81FF0DFFE2A46414658466B
:10BCB000DFF87CB131F0E2FE04A84CF683611FF09E
:10BCC000E5FE04A958461EF0E3F804A81FF0CCFED8
:10BCD0002A464146584631F0D1FE4248424BDFF8F1
:10BCE00054C11F604FF6FF7E4FF4802700F10C0B0C
:10BCF000DFF84481CCF80080CCE90146A0F83EE0B2
:10BD0000C3E901462A461C829C7438490471846048
:10BD1000A0F8349080F83C40C0F82CB0C0F800A0E7
:10BD2000076331F0ABFE32483249C0F800A000F1A1
:10BD30000C032A46047184600763A0F8349080F8ED
:10BD40003C40A0F83E90C36231F098FE2A482B494F
:10BD5000C0F800A000F10C032A46C362047184609D
:10BD60000763A0F8349080F83C40A0F83E9031F092
:10BD700085FE234818F012FE09B0BDE8F08F00BF21
:10BD80001805012000600020940101200402012018
:10BD900008200120FDB90300680401202DBA03002A
:10BDA00015BA03003C67070010FD00200C67070070
:10BDB0004D780200A4660020B07F070000093D0016
:10BDC0000D7502002C270120C002012084220120D1
:10BDD00050010120801A0600845A012095E90500CF
:10BDE000506C0020C4E4002084D300203D7C02007D
:10BDF000306B0020A57D0200AC6B0020F17C0200BE
:10BE00000CD4002095980500C004012010040120E6
:10BE100030050120F40201200CB30020DC030120D6
:10BE2000F8260120A0860100A86C0020B460002044
:10BE3000006D0020B4E4002060670700014829F08D
:10BE400093BA00BF848401200A4B1B7863B10A4B6C
:10BE50000A491A880B8892B29BB29A4207D00B8883
:10BE6000074A9BB2D05C7047064829F075BA4FF07C
:10BE7000FF307047756D0020AEE40020B0E4002074
:10BE800064D40020848401202DE9F0418EB007465F
:10BE9000884668463422002134F060FE00236D4657
:10BEA0003C46ADF800308DF80230ADF810308DF81A
:10BEB0002430ADF830300DF1300C2E460FCE6645F3
:10BEC00020606160A260E360354604F11004F4D1A3
:10BED0003388238087F8018087F800800EB0BDE8A2
:10BEE000F08100BF4A7CD2B102784378037002F03F
:10BEF000FB020023022AC0E90133C0E90533C0E98F
:10BF00000733C0E90A33C360038280F8243080F825
:10BF10003130837000F003810023184670470B7C9A
:10BF200070B4002B46D00378012B40F24481CA7BC9
:10BF30001AB10122062B427052D05A1E052A35D85A
:10BF4000DFE812F0BC008E00720064000600EF0013
:10BF50004A6840F2DB539A4240F30881826922B971
:10BF60000A68012A38BF012282614B7A002B00F057
:10BF700038810C7BD4B98B7AC3B1BAB10B689B1AE8
:10BF800041F28732934211D9CA7A022A00F018820C
:10BF9000012A00F039828278C461042301210462FD
:10BFA00080F8244044740370817002B10023184665
:10BFB00070BC70474B7B3BB30378012BB7D80A6842
:10BFC000C97B80F83030012A38BF012206240123C2
:10BFD000C262047080F83130002900F0B5804370EF
:10BFE00000230122C0E90133C0E90533C0E907336A
:10BFF000C0E90A33C360038280F8243080F831300E
:10C00000837002700623D2E7037890E70A7B002A48
:10C0100000F0A5808378002B40F0DB800522002310
:10C02000C0E906330270C2E74A6840F2DB539A4225
:10C0300040F38F80836923B90B68012B38BF01233C
:10C0400083614B7A002B40F0B9800A688360012A33
:10C0500038BF012202210123C26001700374A6E7E8
:10C060004B7A002B40F09B804A6840F2DB539A42A7
:10C0700000F3C9800B7A002B00F02E81836923B96D
:10C080000B68012B38BF0123836100230A6883609A
:10C09000C36844F61F64D31AA34240F2D080037CE5
:10C0A000022B00F24C81012A03F1010338BF012267
:10C0B00000210374C0E90212012378E7826A42B1C9
:10C0C0000C684EF65F25A21AAA4240F2F3800022C5
:10C0D00082620A7A002A4FD14D68B5F5FA7F40F3A3
:10C0E000FD804468002C00F041810E68341BB4F5DB
:10C0F000FA6FFFF45BAF012E40F2DB5442604A7AE4
:10C1000038BF0126A542C8BF8661002A40F0518190
:10C1100002240121C0E902260470017447E70323C9
:10C12000FBE690F831307BB98B7B33B90B68C16A81
:10C13000B44A5B1A93427FF639AF90F830300370FF
:10C1400000234360032332E7002380F831300223C9
:10C150002DE70B7A002B7FF46DAF836171E74C7A8A
:10C16000002C40F08B800A68846070E70A7A002A0D
:10C170007FF4F4AE8261F8E64A7A00244460002A33
:10C1800040F0AF800968826001290A464FF002043E
:10C1900038BF01220121C2600470017407E70A68F8
:10C1A000012A4FF0030138BF0122002342610170D0
:10C1B00080F83130FBE602800623F8E60B7B002B8B
:10C1C00054D08378002B3FF429AF8B7A002B3FF4B7
:10C1D00025AF00230522C0E90633837002700423D3
:10C1E000E5E60122C0E90133C0E90533C0E90733C0
:10C1F000C0E90A33C360038280F8243080F831300C
:10C2000083700270D3E68369002B63D10A680B7ACE
:10C21000012A38BF01228261002B7FF436AF4B68C0
:10C22000B3F5967FBFF631AF83680A68002B40F004
:10C23000A880012A134638BF0123836028E70B7BBF
:10C24000002B3FF4B3AE00230122C0E90133C0E963
:10C250000533C0E90733C0E90A33C360038280F8BD
:10C26000243080F8313002700323A0E68A7A002A55
:10C2700042D005224374C361027098E6CC7A022C46
:10C280007BD0012C00F08380002202620A7A72B90E
:10C290004C68B4F5967F0ADAC469002C40F09B80A4
:10C2A0000B68012B38BF0123C36123467FE60023BF
:10C2B000C3617CE64B7A002B3FF478AE012C4FF043
:10C2C000000338BF012403224461836280F83130C7
:10C2D00002706CE60B7A9FE78361A0E74260134629
:10C2E00065E60B6880F83140012B38BF012303223B
:10C2F0004361027023465AE60968436942F20F74AB
:10C30000CB1AA3427FF652AE437C0133DBB2012944
:10C3100038BF0121032B43746CD901230370C0E99A
:10C320000122C0E90522C0E907228162C2600282BF
:10C3300080F82420C26280F83120062337E6012AE3
:10C340004FF0000338BF01220121C0E90133C0E9E9
:10C350000533C0E90733C360038280F82430C36229
:10C3600080F8313082620170032320E60B68012BD4
:10C3700038BF01234360234619E6026280F8242077
:10C3800084E7D31AB3F5FA6FFFF482AE5BE78278E5
:10C39000002A3FF479AF90F82450002D7FF476AF57
:10C3A000066A0A68002E38D1012A38BF01220262CB
:10C3B0006CE7032200234661027080F83130F6E515
:10C3C00004210122C0E9074480F824404474234634
:10C3D00001708270EBE509680C1B47F22F518C420B
:10C3E0007FF6E4AD8178C26109BB052281610B460D
:10C3F0000270DCE5012302240374C0E90221047009
:10C400000623D4E5BFD401000423C0E9074480F823
:10C410002440447482700370C9E5921B40F6C31631
:10C42000B2427FF633AF056280F82440BFE50521B4
:10C43000827082610170BAE570B5C0B005460E46E3
:10C44000FC22002101A834F089FBA022002102A8CF
:10C4500034F084FB00244FF0807328466946F922AB
:10C460000093ADF8C840ADF8D0408DF8F0408DF89D
:10C47000F84034F04BFBEE700EB90124AC702C7018
:10C4800040B070BD0378042B0ED8DFE803F003033F
:10C49000050B0300022070474378012B0CBF0620D8
:10C4A00005207047042070470120704710B40378BE
:10C4B00083B0042B78D8DFE803F00303200F0300D8
:10C4C00001220224A14200D31146042B6FD8DFE8D9
:10C4D00003F03A4360052300032947D890F8D03091
:10C4E000002954D001295BD002290CBF09220A225D
:10C4F0008DF804208DF8053018E04378012B38D0F2
:10C50000042941D802294DD82B4A515C04238DF8C7
:10C5100004308DF8051009E090F8D0308DF8053022
:10C5200000290CBF0B230C238DF804309DF8042048
:10C530009DF80530002062F3070063F30F2003B07D
:10C540005DF8044B7047003918BF012100238DF8B6
:10C5500004108DF80530E9E700290CBF0222032200
:10C5600000238DF804208DF80530DFE71A461146C8
:10C57000ABE7052908D803290ED9042399424FF0C7
:10C58000000102D10523C2E700210623BFE70722ED
:10C59000AEE74378012BB5D10329B5D10423B6E723
:10C5A0000822A5E70323E9E7002201248AE70623FE
:10C5B000ADF80430BAE700BFE06D070003280FD8DC
:10C5C000DFE800F00604020C064870470648704792
:10C5D000064B0748012918BF1846704705487047A1
:10C5E00005487047AC6D0700B86D0700D46D0700B3
:10C5F000C46D0700CC6D0700847F070018B10328C5
:10C6000003D00020704701207047A1F10100B0FA6B
:10C6100080F04009704700BF01EB810100EBC100D1
:10C620000830704790F82830C3B190F82930ABB18A
:10C630004378012B14D090F850304BB390F8512030
:10C640008ABB90F8781061B390F87910914228D1A4
:10C650008BB3002A14BF00200320704701207047CD
:10C6600090F8A03093B190F8A1307BB190F8783079
:10C670003BB390F8793023B390F850301BB390F867
:10C680005130002B0CBF042000207047022070475F
:10C6900090F8782062B990F8512012B990F879009A
:10C6A00040B10320704790F87820002ACCD1F8E7F9
:10C6B0001A46C9E7704790F851100029C9D1002ADD
:10C6C000EFD0184670470420704700BFF8B50378D4
:10C6D000042B00F24981DFE803F003036712030033
:10C6E00001220224A14200D31146042B00F2AF80A4
:10C6F000DFE813F082008C002E0108008700032978
:10C7000000F28E80002900F0C380012900F028810A
:10C71000022900F09F800022022180F8A82080F8E2
:10C72000A92080F8AA2080F8AB2080F8AC2080F8FF
:10C73000AD2080F8AE2080F8AF2080F8B02080F8DF
:10C74000B12080F8B22080F8B32080F8B42080F8BF
:10C75000B52080F8B62080F8B72080F8B82080F89F
:10C76000B92080F8BA2080F8BB2080F8BC2080F87F
:10C77000BD2080F8BE2080F8BF2080F8C02080F85F
:10C78000C12080F8C22080F8C32080F8C42080F83F
:10C79000C52080F8C62080F8C720134680F8C8203E
:10C7A00080F8C92001702FE04378012B3BD0042989
:10C7B0004DD8022900F2D6806D4B595C80F8D0101C
:10C7C0000822282313FB0123034403F1200700F16F
:10C7D000A8021D685C689968DE68D6601033BB42A9
:10C7E00015605460916002F11002F2D11B88138031
:10C7F00003230370002307E021B30122827002703B
:10C8000002E0002978D101231846F8BD00394FF025
:10C810000203037018BF0121002341701846F8BDC0
:10C820001A46114661E7052911D8032940F2948080
:10C83000042399420BD1FFF7F5FE00280CBF022319
:10C840000023E1E7012281700B460270DCE703233D
:10C850001846F8BD90F8D03003EB830300EBC30318
:10C86000083300F1A80200F1C80715685468916800
:10C87000D668DE601032BA421D605C60996003F1D8
:10C880001003F2D112881A80022303700023BBE741
:10C890000723A3F10802B2FA82F20023520904210D
:10C8A00080F8D12080F8F83080F8D83080F8D9307E
:10C8B00080F8DA3080F8DB3080F8DC3080F8DD306A
:10C8C00080F8DE3080F8DF3080F8E03080F8E1304A
:10C8D00080F8E23080F8E33080F8E43080F8E5302A
:10C8E00080F8E63080F8E730C0F8E830C0F8EC3087
:10C8F00080F8F030017087E70023032280F8D830F9
:10C9000080F8D93080F8DA3080F8DB3080F8DC301D
:10C9100080F8DD3080F8DE3080F8DF3080F8E030FD
:10C9200080F8E13080F8E23080F8E33080F8E430DD
:10C9300080F8E53080F8E63080F8E730C0F8E8307D
:10C94000C0F8EC3080F8F03080F8F83002705BE727
:10C950004378012B7FF42DAF03297FF42DAF2DE712
:10C96000082396E7032364E700220124BAE600BF08
:10C97000E06D070000230122C0F8EC1080F8F020E1
:10C9800080F8D83080F8D93080F8DA3080F8DB30A1
:10C9900080F8DC3080F8DD3080F8DE3080F8DF3081
:10C9A00080F8E03080F8E13080F8E23080F8E33061
:10C9B00080F8E43080F8E53080F8E63080F8E73041
:10C9C000C0F8E83080F8F830704700BFF8B590F84C
:10C9D000F05075B30446D0F8EC00091A40F6B730B1
:10C9E00081422ED8B5EEC02AF1EE10FA23D9F2EE2C
:10C9F000047AB4EEE72AF1EE10FA1CDC53EC102BAB
:10CA0000D4E9360157EC116B32F06AFF3246C4E9C3
:10CA100036013B46D4E9380132F062FFB4F8E83021
:10CA20004FF6FF729342C4E9380102D00133A4F8F3
:10CA3000E8302846F8BDB4F8EA304FF6FF7293426A
:10CA400002D100252846F8BD01330025A4F8EA30BC
:10CA50002846F8BD90F8F0307BB1D0F8EC2040F6D5
:10CA6000B733891A994206D9B0F8E830072B8CBF42
:10CA7000022003207047012070471846704700BF0E
:10CA800090F8F03083B1D0F8EC0040F6B733091AD3
:10CA900099424FF0640009D8054B00FB01F0A3FB5D
:10CAA0000030C0F38710704718467047704700BFCA
:10CAB000F11976052DE9F84390F8F050002D57D084
:10CAC000D0F8EC2040F6B733891A9942044652D97F
:10CAD000B0F8E80007284ED933F04EF802460B466E
:10CAE0000020404933F0DCF9D4E9362380468946FA
:10CAF00033F0ACF8D4E9382306460F4640464946A1
:10CB000033F0A4F894F8D130002B62D1C4E92A673D
:10CB1000C4E92C01012384F8C8300023032284F8DF
:10CB2000D83084F8D93084F8DA3084F8DB3084F8EF
:10CB3000DC3084F8DD3084F8DE3084F8DF3084F8CF
:10CB4000E03084F8E13084F8E23084F8E33084F8AF
:10CB5000E43084F8E53084F8E63084F8E730C4F84F
:10CB6000E830C4F8EC3084F8F03084F8F830227003
:10CB70002846BDE8F88300200123054684F8D80044
:10CB800084F8D90084F8DA0084F8DB0084F8DC004B
:10CB900084F8DD0084F8DE0084F8DF0084F8E0002B
:10CBA00084F8E10084F8E20084F8E30084F8E4000B
:10CBB00084F8E50084F8E60084F8E700C4F8E800AB
:10CBC000C4F8EC0084F8F00084F8F8302846BDE89A
:10CBD000F8830123C4E92E67C4E9300184F8C93021
:10CBE0009BE700BF0000F03F2DE9F04F9DF824E0E7
:10CBF0009DF828909DF82C8000286FD00C296FD9C3
:10CC0000394C3A49A4FB02546409642505FB1422FB
:10CC100092B2A1FB024CA1FB03464FEADC0CA1FB44
:10CC20000E4AF608A1FB0945A1FB08740CEB8C0722
:10CC3000A2EB4702A1FB06B7FF0807EB87074FEA05
:10CC4000DA0AA6EB470706EB8606A3EB4603A1FB31
:10CC50000AB6F60806EB8606ED08E408AAEB4606D7
:10CC60000AEB8A0AAEEB4A0EA1FB05BAA1FB04B19E
:10CC70004FEADA0AC9080AEB8A0A01EB8101A5EB3F
:10CC80004A0AA4EB410105EB850504EB840430322C
:10CC90000CF1300C3033A9EB4505A8EB440482704D
:10CCA00080F801C00371303730360EF1300E0AF1D2
:10CCB000300A3035303130344FF04E0C5F220023D3
:10CCC000C770467180F806E080F808A0457281724E
:10CCD000C47280F800C0C27103730120BDE8F08FF8
:10CCE0000020BDE8F08F00BF1F85EB51CDCCCCCC30
:10CCF0002DE9F0439DF81CE09DF820C0002851D09C
:10CD0000082951D92A49A1FB0246F608A1FB06478A
:10CD1000FF08A1FB034807EB87074FEAD808A6EBFB
:10CD2000470706EB8606A2EB4602A1FB0896F6082B
:10CD3000A1FB0E4506EB8606A1FB0C94ED08E4086A
:10CD4000A8EB460608EB8808A3EB4803A1FB05986F
:10CD5000A1FB04914FEAD808C90808EB880801EB49
:10CD60008101A5EB4808A4EB410105EB850504EB27
:10CD700084043037AEEB4505ACEB44040770303229
:10CD80003036303308F13008303530313034002758
:10CD900042708670C37080F8048045718171C471DF
:10CDA00007720120BDE8F0830020BDE8F08300BFDA
:10CDB000CDCCCCCC2DE9F04F9DF824E09DF8289007
:10CDC0009DF82C80002878D0102978D93D4C3E4918
:10CDD000A4FB02546409642505FB142292B2A1FB52
:10CDE000024CA1FB03464FEADC0CA1FB0E4AA1FB5F
:10CDF0000945F608A1FB08740CEB8C07A2EB47026F
:10CE0000A1FB06B7FF0807EB87074FEADA0AA6EB94
:10CE1000470706EB8606A3EB4603A1FB0AB6F60816
:10CE200006EB8606ED08E408AAEB46060AEB8A0A3A
:10CE3000AEEB4A0EA1FB05BAA1FB04B14FEADA0A38
:10CE4000C9080AEB8A0A01EB8101A5EB4A0AA4EBA7
:10CE5000410105EB850504EB8404A9EB4509A8EB2A
:10CE600044083032303730333036C2704771837106
:10CE700006722D230CF1300C0EF1300E0AF1300A3F
:10CE800009F13009303108F13008322530275424B7
:10CE90003A26002280F802C080F809E080F80BA052
:10CEA00080F80C90817380F80F80057047700371D3
:10CEB000C3718472467302740120BDE8F08F0020B4
:10CEC000BDE8F08F1F85EB51CDCCCCCC2DE9F04FD8
:10CED00085B00292002800F0038106461046002A21
:10CEE00000F0FE80002900F0FB804B1E052B40F275
:10CEF000FA808A08013AD2B2051D834B05EB820500
:10CF000040F8043B03F07F3202F1043203F0803337
:10CF1000854283EA0203F3D131F0FC0301F0FC0205
:10CF20001BD0531C0298DBB29942825415D95A1C6B
:10CF3000029CD2B29142E3540FD9981CC0B28842ED
:10CF4000A2540AD2DA1CD2B28A42205405D2043347
:10CF5000DBB29942A25488BFE3548B1E029A00921E
:10CF6000DBB20133134403930023019343E02B7896
:10CF70004E2B57D16B78303B092B53D8AB78303BD5
:10CF8000092B4FD8EB78303B092B4BD82B79303B12
:10CF9000092B47D86B79303B092B43D8AB79303B11
:10CFA000092B3FD8EB795F2B3CD12B7A303B092BF7
:10CFB00038D86B7A303B092B34D8AB7A303B092B0D
:10CFC00030D8EB7A303B092B2CD856F8385006EB8A
:10CFD000C80B2DB1284634F0AAFD0C2800F089803A
:10CFE000029B039A1C44019B84F801900133019336
:10CFF000009B934274D0009B9DF9044013F8019F5D
:10D000000093002CECDB029B651C1D4406EBC9075A
:10D01000AA463D681AF8018D25B1284634F087FDEF
:10D020000C28A4D056F8385006EBC80B002D41D080
:10D03000284634F07CFD0C283CD12B784E2B39D17E
:10D040006B78303B092B35D80023AA78303A092A6F
:10D0500040D8EA78303A092A3CD82A79303A092A65
:10D0600038D86A79303A092A34D8AA79303A092A64
:10D0700030D8EA795F2A2DD12A7A303A092A29D87C
:10D080006A7A303A092A25D8AA7A303A092A21D868
:10D09000EA7A303A092A8CBF002201229A4209D04A
:10D0A000002B9DD1013C62B2002A8AF80180B0DADF
:10D0B000144695E77868DBF8041068B1134B002933
:10D0C00008BF194634F010FD0028EBDB88D1C145BC
:10D0D00086D2E7E70022E1E70029F8D00B48F1E724
:10D0E00005B0BDE8F08F002301291370F8D00123AB
:10D0F0001DE72B784E2B7FF473AF6B78303B092BF9
:10D100003FF66EAF0123A0E700010203847F070012
:10D11000F8B50746002847D0002A45D08B4228BFE3
:10D120000B46002B40D0581E52FA80F6551E15F8BB
:10D13000013F57F83340002C34D0204634F0F7FC40
:10D140000C282FD123784E2B2CD16378303B092B20
:10D1500028D8A378303B092B24D8E378303B092B1F
:10D1600020D82379303B092B1CD86379303B092B1D
:10D1700018D8A379303B092B14D8E3795F2B11D150
:10D18000237A303B092B0DD8637A303B092B09D821
:10D19000A37A303B092B05D8E37A303B092B01D821
:10D1A0000120F8BDAE42C2D10020F8BDA2B3013AC1
:10D1B0001A4B10B48C18013911F8012F504040F36C
:10D1C00000021A4082EA500242F30000184080EA4E
:10D1D000520242F30000184080EA520040F300027D
:10D1E0001A4082EA500040F300021A4082EA5002DC
:10D1F00042F30000184080EA520242F30000184057
:10D2000080EA520040F300021A408C4282EA500049
:10D21000D2D15DF8044B7047704700BF2083B8ED52
:10D22000194AF0B4040F0346155DC0F30330C3F38D
:10D230000364175C145D002065F3070064F30F209E
:10D24000C3F30354C3F30325145D565D64F3174021
:10D25000C3F30315C3F3034403F00F03555D145DDB
:10D26000D25C002367F3070366F30F2365F31743CC
:10D2700064F31F6062F31F6300220860F0BC08467D
:10D280004B600A72704700BFE46D0700002800F091
:10D29000B28070B40478A4F13003DAB2092A00F243
:10D2A00086801C464278A2F13003DDB2092D0AD9EE
:10D2B000A2F16103052B40F28980A2F14103052B05
:10D2C0007FD8A2F137038578A5F13002D6B2092EB6
:10D2D00043EA041309D9A5F16102052A79D9A5F118
:10D2E0004102052A6DD8A5F13702C578A5F13004B1
:10D2F000E6B2092E42EA031209D9A5F16103052B12
:10D300006AD9A5F14103052B5BD8A5F1370405794E
:10D31000A5F13003DEB2092E44EA021209D9A5F1C3
:10D320006103052B5BD9A5F14103052B49D8A5F174
:10D3300037034579A5F13004E6B2092E43EA02121B
:10D3400009D9A5F16103052B4CD9A5F14103052BA2
:10D3500037D8A5F137048579A5F13003DEB2092E5F
:10D3600044EA021209D9A5F16103052B3DD9A5F1C3
:10D370004103052B25D8A5F13703C579A5F1300464
:10D38000E6B2092E43EA021209D9A5F16103052B81
:10D390002ED9A5F14103052B13D8A5F13704037A43
:10D3A00044EA02126BB9012070BC0A607047A4F114
:10D3B0006103052B08D9A4F14103052B01D8373CA3
:10D3C00070E7002070BC7047573C6BE7A2F1570331
:10D3D00079E7A5F1570288E7A5F1570497E7A5F18A
:10D3E0005703A6E7A5F15704B5E7A5F15703C4E72E
:10D3F000A5F15704D3E7704700293FD0002A3DDD4F
:10D4000010230001012AC1E90003C1E9023337D02A
:10D41000F0B4022A00F12005C1E90533CB610D61AA
:10D4200029D000F14006032AC1E90933CB620E621C
:10D4300021D000F16007042AC1E90D33CB630F63EB
:10D4400019D03024052AC1E9123308644C6412D083
:10D45000062AC1E91454C1E916330CD0072AC1E9E0
:10D460001864C1E91A3306D0C1E91C740820F0BC65
:10D47000C1E91E3370471046F0BC7047002070476A
:10D48000104670472DE9F04F97B010B1B1F5806F9D
:10D4900004D20024204617B0BDE8F08F1446564948
:10D4A00050221E46054633F031FB2369002B40F025
:10D4B0008180524B08930DF120086369002B40F0E6
:10D4C00081804E4B0C930DF13009D4E901C3E7681C
:10D4D000CDF81090A069CDF80C80494AE169D4F8E4
:10D4E00000E0BCF1000F08BF9446002B08BF1346B4
:10D4F000002808BF1046002908BF1146002F08BFAA
:10D50000174605F15004CDE90501CDE900C30297A6
:10D51000BEF1000F14BF734613462046394A4FF43C
:10D520006C7134F011FA031EB3DB05F5806504EB72
:10D53000030B5D45ADD30BF10907BD42A9D3324AB8
:10D5400003CAE050209B12788BF80820CBF8041017
:10D55000002B4DD0DFF8B890DFF8B0A04FF00008F6
:10D56000B8F1000F36D056F828304A46182110A8D6
:10D5700034F0EAF9044604F1020BBB445D45384639
:10D58000224610A908F101082CD333F0BFFA209BE2
:10D5900043452744E4D101240D220A233A707B70CD
:10D5A0005F46BD427FF676AFEA1B38460A2133F06C
:10D5B000D5FA6FE70DF12008144A4046102134F0E7
:10D5C000C3F97AE70DF13009104A4846102134F0CA
:10D5D000BBF97AE733685246182110A834F0B4F941
:10D5E0000446C8E707F1020B00245D45D9D3D3E711
:10D5F0000BF10B0B0124F8E7F86D07004E2F4100EB
:10D60000847F07004C6E0700686E0700B862070051
:10D61000746E07002DE9F04FADF20C5D1F46DDF88A
:10D62000343500241C601470147682F8384082F877
:10D63000584082F8684082F8784082F8884082F842
:10D64000A84018B1B1F5806F04D200200DF20C5D36
:10D65000BDE8F08F164600F58064024603E0944270
:10D66000114600F03D81114612F8013B0A2BF6D11C
:10D670000D1AEAD0013D435D0D2B00F034818C4240
:10D68000E3D901318C42E0D90B461D4613F8012B3A
:10D690000A2A00F045819C421D46F6D1621A40F0EC
:10D6A0002A810DF1080BD94658464FF0000A33F095
:10D6B0002DFA89F800A02C21584634F008FA81464A
:10D6C000002800F03381A0EB0B08B8F1170F28BF3A
:10D6D0004FF017085946424600F10109304633F031
:10D6E00015FA06F808A048462C2134F0F0F906F1A6
:10D6F000180B8046002800F07881A0EB09021F2A51
:10D7000028BF1F22494600F101095846019233F013
:10D71000FDF9019A48460BF802A02C2134F0D7F904
:10D7200006F138088346002800F05081A0EB09027A
:10D730001F2A28BF1F22494600F1010B40460192D3
:10D7400033F0E4F9019A584608F802A02C2134F08D
:10D75000BEF906F158088146002800F02881A0EBA8
:10D760000B020F2A28BF0F22594600F1010940463B
:10D77000019233F0CBF9019A484608F802A02C2117
:10D7800034F0A5F906F1680B8046002800F000810E
:10D79000A0EB09020F2A28BF0F22494600F1010819
:10D7A0005846019233F0B2F9019A40460BF802A0B4
:10D7B0002C2134F08CF906F1780B8146002800F01A
:10D7C0003281A0EB08020F2A28BF0F22414600F148
:10D7D00001095846019233F099F9019A48460BF82D
:10D7E00002A02C2134F073F906F188088346002842
:10D7F00000F00A81A0EB09021F2A28BF1F22494618
:10D8000000F1010B4046019233F080F9019A58462D
:10D8100008F802A02C2134F05AF9A83681460028D5
:10D8200000F0A780A0EB0B09B9F1070F28BF4FF05C
:10D83000070959464A46304633F068F906F809A008
:10D84000AC4202D84AE0AC4248D02B4601351A78A7
:10D850000A2AF8D19C4241D9591C8C423ED90A4629
:10D8600002E09442104604D01046013205780A2D99
:10D87000F7D1421A32D09B5C0D2B00F0EC8040F2C5
:10D88000FF34944228BF144642AB2246184633F078
:10D890003DF900227249025534F0CCFFF0B1704CD2
:10D8A000DDF83435DDF830551B68AB424FF00A0225
:10D8B0004FF0000112D235F00FF92146034650B364
:10D8C000DDF83425DDF834551268501C286047F81F
:10D8D0002230002034F0AEFF0028E1D10120B5E66F
:10D8E0004FF48065C6E68C427FF6AFAE0131002D65
:10D8F0007FF4C8AEA9E6531EC85C0D2800F0A280D4
:10D90000FF2A28BFFF220DF1080B0BEB0209AC42E6
:10D9100088BF0135C8E634F08DFF0028C0D1DDE7AF
:10D920006A1AE8D10DF1080BD946F0E7584634F0F1
:10D93000FEF8172828BF172082460246594630466F
:10D9400033F0E4F806F80A9086F81890002386F879
:10D950003830002386F85830002386F868300023DA
:10D9600086F87830002386F88830002386F8A830BF
:10D9700066E7584634F0DBF8072828BF07208246C0
:10D9800002465946304633F0C1F806F80A9057E788
:10D99000484634F0CCF80F2828BF0F2082460246B4
:10D9A0004946584633F0B2F80BF80A80D7E7584694
:10D9B00034F0BDF80F2828BF0F2082460246594692
:10D9C000404633F0A3F808F80A90C5E7484634F01B
:10D9D000AEF81F2828BF1F2082460246494640460F
:10D9E00033F094F808F80AB0B3E7484634F09FF8EB
:10D9F0001F2828BF1F20824602464946584633F05A
:10DA000085F80BF80A80A1E7484634F090F81F2803
:10DA100028BF1F20824602464946404633F076F82A
:10DA200008F80AB0A1E7404634F081F80F2828BF73
:10DA30000F20824602464146584633F067F80BF8FD
:10DA40000A908FE7FF2B28BFFF230DF1080B1A4622
:10DA50000BEB03095BE7013A7FF411AF3EE700BF30
:10DA60007C6E070038B50446F8B10D4634F05FF817
:10DA7000D0B1A84219D823782E2B16D0631E184493
:10DA800013F8011F21F02002413A192AA1F13004B4
:10DA900007D9092C05D95F29A1F12D0201D0012A4E
:10DAA00003D88342ECD1012038BD002038BD00BF2F
:10DAB00001230373704700BF30B4047BECB9C1B1DC
:10DAC0008568154C02FB0352A4FB024345689B0981
:10DAD000C91A4FF47A74294404FB1323C0E90113D3
:10DAE0004B1C10DB0229C8BF022330BCC8BF4360F7
:10DAF000704730BCC0E901117047002330BCC0E959
:10DB00000133037370470368013B591A4FF0FF3329
:10DB100030BCC0E900137047D34D62100023C0E948
:10DB2000013101600373704718B1002914BF02204E
:10DB300001207047037B73B1406840F6B7330A1A7F
:10DB40009A4208D8C1F57961044B0F310144A3FB17
:10DB50000130800970470020704700BFD34D62102C
:10DB6000CB7803BB0B79B3B18B78CBB98B6883606F
:10DB7000022210B40C780CB14978E9B98168184ACE
:10DB80005B1A93424FF0000101731DD8002210462A
:10DB90005DF8044B70478B78A3B98B680122E8E7E6
:10DBA0000222104670478B78002BF9D10B79002B9D
:10DBB000DCD18B680222DCE7017B51B90122436092
:10DBC0000273E3E70122ECE7032210465DF8044B01
:10DBD0007047406840F6B7311B1A8B42D7D8D5E75B
:10DBE000DF93040010B44FF47A7404FB0233054C45
:10DBF0004EF6602202FB013104FB00105DF8044B7D
:10DC0000704700BF80EE36002DE9F04F40F2B2744D
:10DC100083B0A0429DF830809DF83490BDF838E084
:10DC20004FF0000C88BF40F26D1A0AD82EE0BBF509
:10DC3000247F17D30134A4B24FF4B775A042AC448B
:10DC400024D004EB840504EBC505A5EB8525C5F3BD
:10DC50008D0B4BEA853514F0030F1FFA85FB4FEA55
:10DC60008405E4D0254404EBC505A5EB8525C5F363
:10DC70000B1B4BEA0535ADB20134A32DA4B28CBF0A
:10DC800055464FF4B775A042AC44DAD101294ED9BC
:10DC900000EB800500EBC505A5EB85255C4CC5F3C5
:10DCA0000B1AA4FB00B44AEA053564094FF0640A74
:10DCB000ADB20AFB1404A32DA4B200F003000CF1D2
:10DCC0001F0A74D908B9002C71D1022900F09E8076
:10DCD00003290CF13B0000F0978004290CF15A0055
:10DCE00000F0928005290CF1780000F08D80062963
:10DCF0000CF1970000F0888007290CF1B50000F0C6
:10DD0000838008290CF1D4007ED009290CF1F3009E
:10DD10007AD00A290CF2111076D00B290CF59870E4
:10DD200072D00C290CF5A7706ED00CF26D1CDC00C3
:10DD3000E41A4FF0000565F100056901600141EA50
:10DD4000D461C41841F100052B0143EA14731D4648
:10DD50005FFA89F03C230021E8FB03014FEA041A33
:10DD60001AEB000302F1FF32944445EB01020093E9
:10DD70000192DDE90001274BE3FB0C0142014B015D
:10DD8000121A43EAD06363EB010394009B00261848
:10DD900043EA927343EB0107FB00F20012EB0E0023
:10DDA00043EA567343F1000103B0BDE8F08F022946
:10DDB0002CD003290CF13C0026D004290CF15B0087
:10DDC00022D005290CF179001ED006290CF198000B
:10DDD0001AD007290CF1B60016D008290CF1D5008D
:10DDE00012D009290CF1F4000ED00A290CF5897023
:10DDF0000AD00B290CF2311006D00C290CF24F106E
:10DE000018BF0CF5B77C92D1844690E7D4468EE7D4
:10DE10001F85EB51805101002DE9F043984687B0F2
:10DE2000002B4FD004460D4654EA0503914634D0EA
:10DE30006F46002601E0182E49D0204629460A22C6
:10DE4000002332F0A9FB02F1300107F8011B0A227E
:10DE500000232046294632F09FFB2B462246002B0A
:10DE600008BF0A2A0D460446314606F10106E2D2F1
:10DE70008B1C98451FD34A1C09F1FF336A4498193B
:10DE800012F8011D03F8011F9842F9D10023304612
:10DE900009F8063007B0BDE8F083B8F1010F0AD9E0
:10DEA000012630220023304689F8002089F801300D
:10DEB00007B0BDE8F0830026304689F8006007B05F
:10DEC000BDE8F0831E46304607B0BDE8F083172159
:10DED0001923CEE700000000836A002B74DD2DE9D2
:10DEE000F04FD0E9006787B0044600220023304697
:10DEF000394632F013F900284ED0D4E902890022C5
:10DF000000234046494632F009F9002858D194EDE3
:10DF1000067B8DED007B94ED087BD4E904AB8DEDA1
:10DF2000027B334B00224046494632F001F900287B
:10DF300046D1304B40464946002232F017F90028BE
:10DF40003ED127A3D3E900235046594632F0F0F8DA
:10DF5000002835D124A3D3E900235046594632F096
:10DF600005F968BBDDE900010022002332F0EAF880
:10DF700030BBDDE90267002200233046394632F02B
:10DF8000D7F8E8B91C4B30463946002232F0DAF8AF
:10DF9000003818BF012014E0184B002230463946E3
:10DFA00032F0C6F894ED067B8DED007B94ED087B96
:10DFB000D4E90289D4E904AB8DED027B059028B148
:10DFC000002007B0BDE8F08F002070470C4B3046B2
:10DFD0003946002232F0CAF80028F1D1A1E700BF8B
:10DFE0000000000000408FC000000000006AE84010
:10DFF000008066C00080664000407F40008056C0C0
:10E000000080564038B50446A8B10D4633F08FFD68
:10E0100080B1A8420FD8621E104412F8013FA3F14C
:10E0200030010929A3F12D0301D9012B03D8824224
:10E03000F3D1012038BD002038BD00BF0000000032
:10E040002DE9F04F2DED028B55EC124B57EC106B78
:10E0500083B012EE100A10EE102A3B4629465BEC04
:10E0600013AB59EC118B31F039FC42A3D3E90023F7
:10E0700031F0ECFD41EC100B2FF042FE3FA3D3E951
:10E0800000233046394657EC106B31F0DFFD41EC90
:10E09000100B2FF079FD39A3D3E900232046294640
:10E0A00055EC104B31F0D2FD41EC100B2FF06CFD14
:10E0B00042464B465046594659EC108B31F00EFC07
:10E0C0002CA3D3E9002331F0C1FD41EC100B2FF05C
:10E0D00017FE53EC102B10EE100A194631F0B6FD66
:10E0E00042464B4631F0B2FD22462B4631F0AEFDA2
:10E0F00032463B4604460D463046394631F0A6FDD1
:10E1000002460B462046294631F0EAFB02460B4602
:10E1100043EC102BCDE900232FF07EFEDDE9002338
:10E12000B0EE408AF0EE608A1149002031F0D6FB53
:10E1300041EC100B2FF070FEB0EE401AF0EE601ABA
:10E14000B0EE480AF0EE680A2FF064FE06A3D3E9A9
:10E15000002351EC100B31F079FD41EC100B03B0B2
:10E16000BDEC028BBDE8F08F9A99999999EDBE406C
:10E170000000F03F399D52A246DF813F399D52A2F7
:10E1800046DF913FB0F5FA7FD4BF002001207047F1
:10E190000A780023C0E90033836042B1124ACB7889
:10E1A000426001220272DBB10123437070474B7859
:10E1B00002724EF66022426063B9CB78002BF3D135
:10E1C000B0EE007AD1ED017AF4EEC77AF1EE10FAF2
:10E1D000EADA70478B78002BEFD101230370704788
:10E1E000B1EE047AEEE700BFE09304000000000007
:10E1F0002DE9F04F16468BB023F000498C46864639
:10E200001F46494649A3D3E900233046E246CDF8EC
:10E2100008C0F346CDF800E031F018FD41EC100BDA
:10E220002FF006FD42F2107200238146884632F03C
:10E23000B3F942F2107204460D46484641460023A7
:10E2400032F0AAF930469446394600220023CDF830
:10E250000CC031F06DFF00285FD1CDF804A00DF1A6
:10E26000100BDA460026204629460A22002332F007
:10E2700093F930320AF8012B204629460A2200235E
:10E2800032F08AF9A946A046B9F1000F08BFB8F1EB
:10E290000A0F374604460D4606F10106E3D2019BFC
:10E2A000009A013B5E44134416F8012D03F8012F38
:10E2B000B345F9D1039E1C4BA3FB0612D208A3FB66
:10E2C0000201C908A3FB01030198DB0803EB8304E7
:10E2D000851C00F1010C01EB8100A1EB440102EB74
:10E2E0008204A2EB400200983D448444A6EB44041F
:10E2F000461902984FF02E0E0CF807E0C0F104000A
:10E30000009F303130333032303428447B557170C7
:10E31000B270F4700BB0BDE8F08F2D2352460BF8AD
:10E320000A30531C01939AE7CDCCCCCC00000000FE
:10E330000088C3402DE9F04F16468BB023F000490A
:10E340008C46864600221F4649463C4BCDF808C005
:10E350003046E246F346CDF800E031F077FC41EC80
:10E36000100B2FF065FC642200238146884632F0B2
:10E3700013F9642204460D4648464146002332F014
:10E380000BF930469446394600220023CDF80CC0E4
:10E3900031F0CEFE002849D1CDF804A00DF1100BCC
:10E3A000DA460026204629460A22002332F0F4F8F5
:10E3B00030320AF8012B204629460A22002332F087
:10E3C000EBF8A946A046B9F1000F08BFB8F10A0F53
:10E3D000374604460D4606F10106E3D2019B009A3A
:10E3E000013B5E44134416F8012D03F8012FB34599
:10E3F000F9D1039C124B009D2246A3FB0223019AF4
:10E40000501CDB08BA180744029803EB83012A4426
:10E41000A4EB4101C0F10300303130332E243844E5
:10E42000EC55D17093700BB0BDE8F08F2D235246A0
:10E430000BF80A30531C0193B0E700BF00005940AD
:10E44000CDCCCCCC002800F083800378002B7FD08B
:10E45000A3F16102192A61D9A3F14102192A03D952
:10E46000A3F13002092A73D882B042788DF80030C7
:10E47000002A5ED0A2F16103192B5DD9A2F14103FC
:10E48000192B03D9A2F13003092B52D883788DF8C8
:10E490000120002B4DD0A3F16102192A4FD9A3F11D
:10E4A0004102192A03D9A3F13002092A41D8C278BE
:10E4B0008DF80230002A3CD0A2F16103192B41D91A
:10E4C000A2F14103192B03D9A2F13003092B30D853
:10E4D00003798DF8032063B3A3F16102192A34D9BB
:10E4E000A3F14102192A03D9A3F13002092A20D845
:10E4F00042798DF80430E2B1A2F16103192B10D8F2
:10E50000203AD2B283798DF8052093B90098BDF8EE
:10E510000430086001208B8002B07047203BDBB2E2
:10E52000A2E7A2F14103192BECD9A2F13003092B88
:10E53000E8D9002002B07047203AD2B2A6E7203BCB
:10E54000DBB2B4E7203AD2B2C2E7203BDBB2CFE77E
:10E550000020704703680B6083888B8000238B71D9
:10E56000704700BFF0B40C4D04460E460FCD20603E
:10E570006160A26007CD2F88AD7820616161A261E2
:10E58000E360A783A5773368C4F81330B388A4F891
:10E5900017301F20F0BC7047BC6E070030B4074C2A
:10E5A00005460FCC2860696003CC24782861AA60F6
:10E5B000EB602C766961192030BC7047806E0700D3
:10E5C000034690B1082910D970B4094902248E8CF1
:10E5D000086A91F826509E80002118601A719D717A
:10E5E000DC711972092070BC70470020704700BFB1
:10E5F000BC6E0700034690B1082910D970B40949D0
:10E6000000248E8C086A91F826509E8003211860A1
:10E610001A719D71DC711972092070BC704700205D
:10E62000704700BFBC6E07002DE9F04FBBB00491EE
:10E630000590002800F03682DC48934606A9472260
:10E64000002301F8012B10F8012F9A460133002A0C
:10E65000F7D19BF801E09BF803000390A2F133325D
:10E66000A2FB0E06BBF804809BF802C09BF80010CA
:10E67000F608A2FB0605A2FB0C040F46A2FB08014C
:10E680000398ED08A2FB009005EB85050DF1E80964
:10E690004B44A6EB4505002F4FEAD404DBF810707D
:10E6A000009705F1300503F8D05CA2FB047506EB7A
:10E6B00086063AAB4FEAD505AEEB4606534405EB6A
:10E6C000850506F130064FEAD1014FEAD000A4EBF0
:10E6D000450504EB840403F8CE6CA2FB01E9ACEB26
:10E6E000440CA2FB00644FEAD9094FEAD404A2FB10
:10E6F000096204EB8404039EA0EB44044FEAD202B7
:10E7000000EB8000A6EB400002EB8202DBF8146015
:10E7100005F13005A9EB420209EB890903F8CD5C4C
:10E72000A1EB490926F00045019509F1300901EBFB
:10E73000810103F8C79CA8EB4101DDE9008904F1E0
:10E7400030040CF1300C14BF41275627303203F847
:10E75000CB4C01F130052C2430302E2103F8CCCCE9
:10E7600003F8CA0C03F8C91C03F8C82C03F8C65CEC
:10E7700003F8C54C03F8C47C03F8C34C4946404633
:10E7800031F014FD31F0F8F906460F4632463B46AB
:10E790004046494631F0A2F8854B002231F056FA46
:10E7A000844B8046894600223046394631F04EFA85
:10E7B00002460B464046494631F092F80AF10E0AED
:10E7C000024621F0004306A85146FFF711FD3AAB7F
:10E7D000824403EB0A05DBE9040105F8D04C002272
:10E7E000002331F0A5FCDBE906893AAA0AF101030E
:10E7F0000028134429F0004714BF53224E2203F887
:10E80000D02C394605F8CE4C404631F0CFFC31F0E3
:10E81000B3F904460D4622462B463946404631F0B0
:10E820005DF8634B002231F011FA624B06460F4649
:10E8300000222046294631F009FA02460B463046AE
:10E84000394631F04DF8002204460D46002340467B
:10E85000494631F06DFC0AF1030A002840F0358189
:10E860002B465146224606A8FFF7C2FC824406A961
:10E870000AF1FF33504A0B442C25002103F8015FB5
:10E8800012F8015F0131002DF8D18A44DBE9082339
:10E89000514606A8FFF74EFD3AAB504400F101087F
:10E8A00003EB000A4146DBE90A232C2406A80AF8F8
:10E8B000D04CFFF73FFD414B9BF806E09BF80790DB
:10E8C0009BF808A03E4EA3FB0E214FEAD10BA3FB01
:10E8D000092CA3FB0A2740443AAA0BEB8B08AEEBAA
:10E8E000480802EB000EA3FB0B21C9084FEADC0C21
:10E8F00001EB8101FF08ABEB4101A3FB0CB2D20895
:10E90000A3FB07B3DB0802EB8202ACEB420203EB92
:10E910008303A7EB430330320CEB8C0C07EB870728
:10E92000A9EB4C0C0EF8CD2C03F1300906AA831D7F
:10E93000AAEB470A08F1300830310CF1300C0AF12B
:10E94000300A0EF8CE8C0EF8D04C0EF8CF1C0EF814
:10E95000CCCC0EF8CB9C073002F803A0134403F88C
:10E96000014F16F8014F0135002CF8D1451900F080
:10E97000B0806B1E062B40F2AE8025F0030106AB83
:10E98000194453F8042B8B4284EA0204F9D1C4F3EE
:10E990000723C4F307426340534083EA1464AA0781
:10E9A000E4B225F0030348D00CE000BF9C6E0700E2
:10E9B00000004E4000005940A46E0700CDCCCCCCE6
:10E9C000A86E07003AA919445A1C11F8D01C9542A8
:10E9D00084EA010431D93AA90A44991C12F8D02CCE
:10E9E0008D4284EA0204E4B227D93AAA1144DA1C1F
:10E9F00011F8D01C954284EA01041ED93AA90A44B0
:10EA0000191D12F8D02C8D4284EA020415D93AAAB5
:10EA100011445A1D11F8D01CAA4284EA01040CD2F8
:10EA20003AA90A44063312F8D02C9D4284EA020423
:10EA300003D90B4413F8D03C5C40270904F00F04C1
:10EA4000264A1EA92C26002301F8016B12F8016F3B
:10EA500018460133002EF7D13AAA134400F10408F6
:10EA60000244072003F8700C2C20242302F86E0CBB
:10EA70001EA802F86D3C06A92A46404432F046F82A
:10EA80004544174A3AAB2B44D15D125D03F86F1C25
:10EA90002A2003F8700C03F86E2C049B05F109047E
:10EAA0009C4204D9002420463BB0BDE8F08F059875
:10EAB0000C4B0671EA1C427103601EA9063032F04D
:10EAC00025F820463BB0BDE8F08F05F100431D4618
:10EAD000C6E62746B4E7234674E700BFB46E0700D6
:10EAE000E46E0700FCEFFE8338B1042902D90378F5
:10EAF000FE2B03D000207047012070474378EF2B96
:10EB0000F8D18378FE2BF5D1C378072B01D00220F2
:10EB100070470379002BFAD10A29F8D9002AEBD0E3
:10EB200006394318415811609B8893800120704733
:10EB300038B1062902D90378FE2B03D00020704794
:10EB4000012070474378EF2BF8D18378FE2BF5D165
:10EB5000C378102BF2D143799A1D8A42EED8042B48
:10EB6000EED9421D1A440930002110F8013F3A2B1A
:10EB700008BF01318242F8D10229B4BF012002202E
:10EB8000704700BF8AB3F0B51C4683B00BB31F4E6D
:10EB90001F4BA6FB0056B60B4EF66025A3FB00C725
:10EBA00005FB16054EF65F2CA3FB0535BF094FF498
:10EBB0007A7E60454FEA95130EFB17070BD80129A3
:10EBC00014D002291AD010460097124A214632F07A
:10EBD000BBFE03B0F0BDCDE90037214633461046F9
:10EBE0000D4A32F0B1FE03B0F0BD704700972146E8
:10EBF00010460A4A32F0A8FE03B0F0BD0097214645
:10EC00001046074A32F0A0FE03B0F0BD73B2E745EC
:10EC1000D34D6210246F0700F86E0700086F0700DD
:10EC2000186F07002DE9F04F804693B0002849D0B7
:10EC30009246002A46D000290E4643DD002B994615
:10EC400040DD4022964202A84FF00001A8BF1646C0
:10EC500031F084FF0023019318464FF0010B08F1B7
:10EC60000103019A814582F001072CDD00F1FF3C90
:10EC7000D44402A900224FF0FF3511F8014B74B9BA
:10EC800013F81240BC420AD118F812403CB1B5F159
:10EC9000FF3F1BD018F815E0A64538BF15460132D6
:10ECA0009642EAD16A1C13D012AA5119013018F801
:10ECB00015200CF8012F814501F840BCD9D113B0C3
:10ECC000BDE8F08F002013B0BDE8F08F1546E6E7F1
:10ECD000019A002AF7D1012248450192C1DBF2E7EF
:10ECE00000284CD02DE9F041069C002C48D000298A
:10ECF00041DD002A3FDD002B3DDD079C002C3ADD85
:10ED0000A142A8BF21464D1E541B94FBF1F4012CD7
:10ED10000DDC012903D12CE0012D2AD0013DC5F1E4
:10ED20000104144494FBF5F4012C2946F4DD661C1F
:10ED30000138DFF858C0069D4718B6B224B24FF02C
:10ED4000000E10F8012FA5F800E0322AA8BF3222E9
:10ED500003FB02F2ACFB02821209B6448742AA808E
:10ED60006C801FFA8EFE05F10605EAD10846BDE863
:10ED7000F081012C08D000210846BDE8F0817047E1
:10ED800021460846BDE8F0812146D0E71F85EB51BA
:10ED9000884202D0012802D018B901207047042906
:10EDA00005D0A0F10400B0FA80F040097047704728
:10EDB000012802D1042908BF01210846704700BF7D
:10EDC000884201D000207047003818BF01207047EA
:10EDD0000023C0E900310381704700BF037A73B19B
:10EDE000006840F6B7330A1A9A4208D8C1F579612B
:10EDF000044B0F310144A3FB013080097047002010
:10EE0000704700BFD34D62100B7843B94B78B3B154
:10EE10004B6843604FF480730381002070474A7849
:10EE20004B6843603AB9427AD2B1027ADAB9012228
:10EE300003600272F1E700230372002070478B78B1
:10EE4000002BE5D1CB78002BE2D14B6841680A4A10
:10EE50005B1A93424FF480710181DED90220704722
:10EE6000027200207047016840F6B7325B1A934285
:10EE7000D3D90120704700BFDF93040090B103296C
:10EE80000FD90378FF2B0CD14378FF2B09D183785E
:10EE9000502B06D1C078A0F15700B0FA80F040099D
:10EEA00070470020704700BF00286DD00D2952D94F
:10EEB0000378FF2B4FD14378FF2B4CD18378502B15
:10EEC00049D1C378572B46D110B403795C1E012C6D
:10EED00045D8022B41D04179117301F00104C1F3EF
:10EEE000400154739173C179847944EA0124B4F5E3
:10EEF000004F21B24CD007EE901A9FED277AF8EE22
:10EF0000E77A67EE877AC2ED007A417A047A44EABA
:10EF10000124B4F5004F21B237D007EE901A9FEDCF
:10EF20001E7AF8EEE77A67EE877AC2ED017A817A87
:10EF3000D173C17A1174447B017B022B41EA042115
:10EF4000518210D0DFED157A5DF8044BC2ED027AE4
:10EF5000012013757047002070470F29BBD800208F
:10EF60005DF8044B7047C17B807B40EA0120B0F51F
:10EF7000004F01B2E6D007EE901A9FED077AF8EE47
:10EF8000E77A67EE877ADFE77047DFED047ACCE750
:10EF9000DFED027AB7E700BFCDCCCC3D0000C07FEB
:10EFA000081AB0F57A7F2CBF00200120704700BFFF
:10EFB0009FED047ADFED047AE0EE077AB0EE670A9F
:10EFC000704700BF6766E63F00000042037A13B156
:10EFD00003888B4203D00123018042600372704793
:10EFE000037A33B14068091AB1F57A7F2CBF002348
:10EFF00001231846704700BF2DE9F843B1F100091D
:10F0000033DD90B3B9F1010F2AD00568074601241A
:10F010004FF000080FE005B32B78F3B133783BB124
:10F020002946304632F060FD0028A4BF3546A04690
:10F030000134A1450ED057F8046F002EEBD16DB10D
:10F040002B78002B08BFA04604F1010408BF00255F
:10F05000A145F0D14046BDE8F8833546A046E7E734
:10F060004FF000084046BDE8F8834FF0FF38F1E765
:10F0700038B5044698B10D4689B132F058FD0928DB
:10F080000DD9284632F053FD092808D929462046D3
:10F090000A2232F054FDB0FA80F0400938BD002059
:10F0A00038BD00BF29B130B1012A14BF1846012074
:10F0B0007047084670470120704700BF024B43600D
:10F0C00000220260704700BF00401C46002928DD76
:10F0D00007EE901A9FED135A90ED017ADFED125A68
:10F0E00090ED006AF8EEE77A37EE257AC5EE276AEA
:10F0F000F7EE007A76EE876A30EE460AC7EE265AB9
:10F1000077EEE56AA0EE256A26EE877A80ED006A42
:10F11000B4EEE77AF1EE10FA58BFF0EE477AC0EDA0
:10F12000017A704700401C4500004844B5EEC00A13
:10F13000F1EE10FAF0EE407A0BD9F5EEC00AF1EEDE
:10F1400010FA06D99FED047A60EE870A80EEA70ACE
:10F1500070479FED020A7047C0E1644C0000000058
:10F160001028A8BF10200128B8BF012007EE900A80
:10F17000F8EEE77A19B9B6EE007A67EE877AB7EE5D
:10F18000000A80EE270A70471028A8BF1020012827
:10F19000B8BF012049B140F6B833B3FBF0F040F2FC
:10F1A000EE23984238BF1846704741F27073B3FBA4
:10F1B000F0F040F2EE23984238BF1846704700BF87
:10F1C0002DE9F04F2DED0A8BD2E90267D2E90089D3
:10F1D000D2E90445D2E90623A5B0CDE91667CDE909
:10F1E0001489CDE91A230DF1500990F80C80D24B07
:10F1F00003930CEE101ACDE91845CB460625CDF841
:10F20000088081461CEE100A32F091FC4619731CEE
:10F21000142B044640F2618100238DF83C30029BA0
:10F22000002B40F03581D9E90123991C914200F26D
:10F230004981D9F800202221D154D9F80860751CE1
:10F24000C9F808500FA832F072FC9BED007B99F8CA
:10F250000C308DED047B0446002B40F01981D9F869
:10F260000430023606449E4200F22C81D9F8000098
:10F2700022460FA9284431F049FCD9F8082099F812
:10F280000C301444C9F80840002B40F00181D9F833
:10F290000430E21C9A4200F21581A84AD9F80030E5
:10F2A00012881A53D9F8083008931A4699F80C3086
:10F2B00002320992C9F80820002B40F0E980DDE90C
:10F2C000041222F000430793069195A3D3E900238B
:10F2D000DDE9060130F0BAFC994B002230F000FB6A
:10F2E00031F086F990A3D3E90023CDE9000131F094
:10F2F00003F903460C461F46DDE900018AA3D3E962
:10F30000002331F0F9F8A04615461C461046194670
:10F310000A22002331F0F0F80A2200238A460BEE7D
:10F32000900A31F0E9F80A2200230BEE100A0AEEE7
:10F33000901A31F0E1F80A2200230E460AEE100A74
:10F3400031F0DAF80A22002309EE900A09EE101AC9
:10F3500031F0D2F80A22002308EE900A08EE101AC3
:10F3600031F0CAF80A2286468C46284621460023F8
:10F370007546644631F0C0F85146DDF808A002F148
:10F38000300C1BEE900A0A2200236CF3070A31F0BE
:10F39000B3F8303262F30F2A1BEE100A1AEE901AFD
:10F3A0000A22002331F0A8F83032314662F3174ABE
:10F3B0001AEE100A0A22002331F09EF8303262F36E
:10F3C0001F6A19EE900A19EE101A0A220023CDF8CE
:10F3D00070A031F091F8029E02F1300C18EE900A04
:10F3E00018EE101A0A2200236CF3070631F084F895
:10F3F000284602F1300C21460A2200236CF30F2626
:10F4000031F07AF8002302F1300C284621460A2216
:10F410006CF3174631F070F82E23303060F31F661E
:10F420008DF8783057EA08031D966BD13024DDE95A
:10F430000401002200238DF8794030F079FE002885
:10F4400040F0B58009230A2424AA13440BAA1F3BC9
:10F45000101913F8011D02F8011B9042F9D1089B05
:10F46000D9F80410033324AA2344224400208B42F9
:10F4700002F8640C26D8099BD9F8000022461844EB
:10F480000BA931F043FBD9F808301C44C9F80840F7
:10F490001AAB9B451CD099F80C30029343B9D9E9BB
:10F4A0000123991C914275D9012389F80C300293EC
:10F4B000039B53F8040B039332F039FB0BF1080B59
:10F4C00005469FE6012389F80C301AAB9B45E2D133
:10F4D00025B0BDEC0A8BBDE8F08F039B1CEE101A23
:10F4E00053F8047C22460FA831F010FB0FAB18191B
:10F4F0002A46394631F00AFB24AB1E44002306F8A5
:10F50000543C8CE60AA4D4E90034DDE900128B42B5
:10F5100074EB020351DA1EAD092415E0AFF300804D
:10F520000000000084D7974100E1F50500000000CD
:10F53000FFE0F50500000000786F0700306F07005E
:10F540000000E03F202CBDD0384641460A2200236F
:10F5500030F0D2FF303205F8012F00230A2238465E
:10F56000414630F0C9FF3A4643460A2A73F1000388
:10F5700026460746884604F10104E3DADDE9040182
:10F580000022002330F0D4FD023628BB102E99D87B
:10F59000631E59E7D9F800202C21D154D9F808303E
:10F5A00099F80C2002920133C9F8083080E7DDE9B0
:10F5B0000034234318D10A24EAE7DDE904010022DC
:10F5C000002330F0B5FD08B90924E1E7DDE9003496
:10F5D0002343F9D00A26092424AB1C442D2304F824
:10F5E000203C34460136D1E70B260A24F4E700BF5D
:10F5F0002DE9F04186B004460020CDE902411646CF
:10F6000004908DF814000CB10D46A1BB012396F8AF
:10F6100001808DF8143000213046FCF7FDFFB5491C
:10F62000024602A8FFF7CCFD01213046FCF7F4FFAB
:10F6300090F8203023B190F82130002B40F08580E5
:10F6400002213046FCF7E8FF90F8203023B190F813
:10F650002130002B40F08B80B8F1010F00F09C802E
:10F660009DF8143023B9DDE90323991C91425CD93C
:10F670004FF0FF3066E0012992F8018003D80123A2
:10F680008DF81430C7E77B210122022D21700492EE
:10F6900002D18DF81420BEE722200221062D6070D1
:10F6A0000491F6D99449092D0868C4F802004FF076
:10F6B00006010491EDD9914A10889178E0800922E1
:10F6C00021720492002B00F0FC801846019332F066
:10F6D0002EFA019B07460498421C3A449542CED329
:10F6E000194620443A4631F011FA04989DF8143036
:10F6F00038440490002B8ED1039B821C9A42BED8C2
:10F70000029B22221A54049B9DF814105A1C049246
:10F71000002980D1039903338B42B0D8029B2C215E
:10F720009954049B0133049375E7029A7D21D154C7
:10F73000049B9DF8142001330493002A98D1029968
:10F74000CA54049806B0BDE8F0819DF8143043B95E
:10F75000DDE90323991C914240F2B68001238DF824
:10F7600014300246664902A8FFF72AFD68E79DF8B3
:10F77000143043B9DDE90323991C914240F2AB8078
:10F7800001238DF8143002465E4902A8FFF718FDE8
:10F79000B8F1010F7FF464AF30460321FCF73CFF62
:10F7A00090F8203093B190F821307BB19DF814305F
:10F7B0003BB9DDE90323991C914240F293808DF817
:10F7C00014800246504902A8FFF7FAFC0C9B002B5C
:10F7D0003FF446AF1B78002B3FF442AF9DF8143046
:10F7E000002B7FF445AFDDE90323991C91423FF6DE
:10F7F0003FAF029A2C21D154049B9DF814105A1C3F
:10F80000049200297FF434AF039903338B423FF60F
:10F810002FAF029B22219954049B9DF814205C1C5D
:10F820000494002A7FF424AF039A0E3393423FF6E8
:10F830001FAF364B029D07CB2B1928519A60596098
:10F84000049B9DF8141003F10C02049200297FF42C
:10F850000FAF039910338B423FF60AAF029B274943
:10F8600098180C8889789C528170049D0C98EE1C25
:10F87000049632F05CF99DF814300446002B7FF4B6
:10F88000F7AE039B043505449D423FF6F1AE029866
:10F890000C992246304431F039F9049A9DF814301D
:10F8A00014440494002B7FF4E3AE039BA21C9A4201
:10F8B0003FF6DEAE029B22221A55049B01330493CD
:10F8C000CEE61F46124B06E7029A2C21D154049B28
:10F8D0000133049345E7029A2C21D154049B013350
:10F8E000049350E7029A2C21D154049B01330493D2
:10F8F00067E700BF386F070084570700346F0700C1
:10F90000406F07004C6F0700586F070070580700E2
:10F91000847F07002DE9F04F85B0DDF83C8008B109
:10F920000D4621B94FF0FF3005B0BDE8F08F9B4682
:10F930000E9B01295B780393F4D97B23022D0446A7
:10F940000370EFD022230A2D4370EBD9924B03CBE7
:10F950000D2DC4F80200C4F80610E3D9DFF858A250
:10F9600017469AF80230BAF8002062812373002FFC
:10F9700000F00981384632F0DAF800F10E094D4501
:10F98000024600F10D06CDD3394604F10D0031F0E9
:10F99000BDF8B11C8D42C5D3F21C22209542A05562
:10F9A000C0D3371D4FF02C0CBD4204F809C0B9D3A9
:10F9B00006F10D039D42605406F10C0CB2D3774B57
:10F9C00003CBA718A05006F110021B783B7295429A
:10F9D0007960A7D3BAF8002024F80C2004EB0C03BC
:10F9E0009AF802209A700F36BBF1000F00F0C78022
:10F9F000584632F09CF80246B71807F101094D4508
:10FA000090D3A0195946BE1C31F080F8B54289D375
:10FA1000FA1C22219542E15584D3039B2C20012B13
:10FA200004F8090070D01746B31C9D42FFF47AAF6A
:10FA300006F10F0322229D42A25506F10E0CFFF49F
:10FA400071AF574B07CB04EB070E93F800B0E051B2
:10FA500006F112039D428EF80CB0CEF80410CEF8D9
:10FA60000820FFF45FAF04EB0C03BAF800109AF81B
:10FA7000022024F80C1006F1110A9A70B8F1000F58
:10FA800000F08780404632F052F8414602460AEBC9
:10FA90000206771CBD42FFF445AF04EB0A0031F0CB
:10FAA00035F8B31C9D42FFF43DAF06F10E03222250
:10FAB0009D42A25506F10D06FFF434AF394B07CB3A
:10FAC000E319E0510027BE4259609A6004EB06003A
:10FAD000A755FFF627AF109B00930E9A4346A91B2C
:10FAE000FFF786FD0028FFF61DAF0644F21C954285
:10FAF00006F10203FFF416AF2B4A1288A2531846F0
:10FB0000E75405B0BDE8F08F3B1D9D42FFF40AAFFE
:10FB100007F108039D42A15507F10706FFF402AF64
:10FB2000224B1868A05007F10B039D4207F10A020F
:10FB3000FFF4F8AEBAF80000A053A31907F1110CB6
:10FB40009AF802009870654507F1100EFFF4EAAECE
:10FB5000174B04EB020B07F1120618689B88A050A4
:10FB6000B542ABF80430FFF4DDAE1337BD4204F804
:10FB70000E10FFF4D7AE2C2304F80C3054E75A468D
:10FB8000DFF830B038E73A464FF00E09094F0D263E
:10FB9000FAE6084942467AE74C57070058570700EB
:10FBA00064570700606F0700706F07007457070005
:10FBB0007C570700847F0700346F07000368DA036F
:10FBC00005D543680A6813420BD001207047D9025B
:10FBD00010D49A0710D413F0040F0CBF0020052096
:10FBE0007047826848680242EFD18868034205D0B6
:10FBF000022070470320704704207047CB681A42E8
:10FC000014BF022006207047B1EB400F94BF0120C3
:10FC100000207047437C03B1704730B54FF48072C9
:10FC200085B002820321FF22019304468DF8032050
:10FC30008DF806208DF80510827B417B8DF8002021
:10FC40004FF080451A4602958DF80110057BC3736D
:10FC5000694603938DF8025028F014FCA37B1F2BF8
:10FC600086BF03F01F030C4A4FF0A04203F5E07378
:10FC700040F2013142F82310637B1F2B86BF03F053
:10FC80001F03054A4FF0A04203F5E07340F2033131
:10FC900042F8231005B030BD0003005010B50446F3
:10FCA00028F032FD0023637410BD00BF10B483B090
:10FCB00002AB03E906009DF805109DF804200368D7
:10FCC000013918BF01210024022AC3F800450C465F
:10FCD0000174C27332D0032A2DD0012A28D0224ABF
:10FCE0000099B2FBF1F2B2F5007FC3F8544504D29B
:10FCF000FF2A0DD94FF0806101E04FF0007107221B
:10FD0000C3F82415C3F8002503B05DF8044B704711
:10FD10007F2A16D83F2A17D81F2A18D80F2A19D891
:10FD2000072A02D811498B4217D04FF00041E6E76D
:10FD300041F00204D3E741F00604D0E741F00404A7
:10FD4000CDE74FF00061DAE74FF08051D7E74FF091
:10FD50000051D4E74FF08041D1E7032A8CBF4FF028
:10FD600020614FF0A051CAE70090D00300F002409C
:10FD700003680022C3F80025704700BFC37B0268F8
:10FD8000013918BF0121022B017406D0032B0ED0BC
:10FD9000012B07D0C2F85415704741F00401C2F896
:10FDA0005415704741F00201C2F85415704741F0F4
:10FDB0000601C2F8541570478AB32DE9F041074691
:10FDC00084B00C4615464FF6FF7845452E464FF059
:10FDD000000269463846009428BF464654B1CDE932
:10FDE0000164039628F0FAFCAD1B3444EDD104B055
:10FDF000BDE8F0814FF6FF7804E045452E460094BB
:10FE000028BF4646002269463846CDE9014403949E
:10FE100028F0E4FCAD1BF0D104B0BDE8F0817047E0
:10FE200030B587B001230D460DF10704002202A969
:10FE3000CDE903348DF807500294059328F0CEFCE9
:10FE40009DF8070007B030BD0F49104A1048114B0C
:10FE500070B44D6A0C6A157301251060886A1571BB
:10FE60004E6E947350734C6F886E0B4D1E73002151
:10FE70009C735873D17311821971D97319821D60E3
:10FE8000916070BC99607047DC9007004C5A01206B
:10FE900000F00240605A012000300240002070470C
:10FEA00000207047704700BF704700BF704700BF19
:10FEB000704700BF406828B108B50368DB68984701
:10FEC00080B208BD704700BF406840B108B522B19C
:10FED00003685B689847C0B208BD104608BD70470C
:10FEE000406838B108B50AB9104608BD25F0C0F918
:10FEF000C0B208BD704700BF024A026000224260E3
:10FF0000704700BF8C6F070010B50446406828B9E1
:10FF10000BE0606803681B69984760680368DB68EA
:10FF200098470028F5D1012010BD61600846F5E72B
:10FF3000F0B4594A02604FF0005600240025002218
:10FF400046604FF49A76C0E90245C0E90445C0E92D
:10FF50000645C0E90845C0E90A45C0E90C45C0E9C5
:10FF60000E45C0E91045C0E91245C0E91445C0E995
:10FF70001645C0E91845C0E91A45C0E91C45C0E965
:10FF80001E45C0E92045C0E92245C0E92445C0E935
:10FF90002645C0E92845C0E92A45C0E92C45C0E905
:10FFA0002E45C0E93045C0E93245C0E93445C0E9D5
:10FFB0003645C0F8E020A0F8702180F87221C0F822
:10FFC000A861202680F8AC6100F5C776C0F8B8615A
:10FFD00000F5C8763149C0F8C86140F66416C0F82B
:10FFE000F011A0F8F461642140F6FC3680F80912A3
:10FFF000A0F81C622A49C0F88821002601274FF08A
:020000024000BC
:10000000010CC0E95E45C0E96045C0E96645C0E94C
:100010006822C0E96C22C0E97022C0E97422C0E9FC
:100020007822A0F88C21C0F89421C0F8D821C0F81B
:10003000E821C0F8F821C0F81022C0F81822C0F852
:10004000BC11C0F8CC11C0F8DC11C0F8EC11C0E94B
:100050005A45C0E98067C0E98A22F0BCC0E98C2219
:10006000C0F8202280F82422C0F83822A0F83C22D0
:1000700080F83F2280F84022A0F84222C0F84422B3
:10008000A0F84822C0F84C22C0F8142280F8E820DA
:1000900080F850C2704700BFAC7E07000002646465
:1000A0000000020270B50546D0F8280268B195F844
:1000B0008C31002B40F08A8328F0DEF80023C5F84D
:1000C0002832A5F82C32A5F83232D5F8340230B1F6
:1000D00028F0D2F80023C5F83432A5F83832D5F824
:1000E000440220B128F0C8F80023C5F84432A868BB
:1000F00018B128F0BFF80023AB60E86818B128F009
:10010000B9F80023EB60A86C18B128F0B3F800230D
:10011000AB642B695BB1186A002800F06E8328F08D
:10012000A9F82B69002B40F0688300232B616B69D1
:100130005BB1D869002800F0588328F09BF86B6900
:10014000002B40F0528300236B61AB695BB1186AEE
:10015000002800F07A8328F08DF8AB69002B40F07E
:1001600074830023AB616B6A5BB1D86E002800F02A
:10017000688328F07FF86B6A002B40F062830023CD
:100180006B622B6A5BB1D86A002800F0668328F0A6
:1001900071F82B6A002B40F0608300232B62AB6A5E
:1001A0005BB1186A002800F0548328F063F8AB6A4A
:1001B000002B40F04E830023AB622B6B5BB1186ABF
:1001C000002800F0528328F055F82B6B002B40F0EC
:1001D0004C8300232B636B6B5BB1186B002800F022
:1001E000408328F047F86B6B002B40F03A830023E4
:1001F0006B63AB6B5BB1986A002800F03E8328F01C
:1002000039F8AB6B002B40F038830023AB63EB6B0A
:100210005BB1186B002800F02C8328F02BF8EB6BF7
:10022000002B40F026830023EB632B6C63B1D3F8E3
:100230008400002800F0E98228F01CF82B6C002BC9
:1002400040F0E38200232B64EB6A5BB1186A00285C
:1002500000F0D78228F00EF8EB6A002B40F0D18234
:100260000023EB626B6C5BB1186A002800F0D5824A
:1002700028F000F86B6C002B40F0CF8200236B64F9
:10028000EB6C5BB1586B002800F0C38227F0F2FFE3
:10029000EB6C002B40F0BD820023EB642B6D5BB157
:1002A000D86C002800F0C18227F0E4FF2B6D002BF2
:1002B00040F0BB8200232B656B6D5BB1D8690028D1
:1002C00000F0AF8227F0D6FF6B6D002B40F0A982C3
:1002D00000236B65EB695BB11869002800F0AD8203
:1002E00027F0C8FFEB69002B40F0A7820023EB61E9
:1002F000AB6D63B1D3F8080C002800F09A8227F0A8
:10030000B9FFAB6D002B40F094820023AB65EB6D21
:1003100063B1D3F8D405002800F0D78227F0AAFFF4
:10032000EB6D002B40F0D1820023EB652B6E5BB1AF
:100330009868002800F0C58227F09CFF2B6E002BE8
:1003400040F0BF8200232B666B6E5BB1986800287B
:1003500000F0C38227F08EFF6B6E002B40F0BD8251
:1003600000236B66AB6E5BB19868002800F0B18229
:1003700027F082FFAB6E002B40F0AB820023AB6610
:10038000EB6E5BB19868002800F0AF8227F072FF37
:10039000EB6E002B40F0A9820023EB662B6F83B13C
:1003A000586D10B127F066FF2B6FD86D002800F054
:1003B000988227F061FF2B6F002B40F09282002380
:1003C0002B676B6F63B1D3F8980B002800F0958210
:1003D00027F050FF6B6F002B40F08F8200236B677C
:1003E000AB6F63B1D3F8D808002800F0828227F001
:1003F00041FFAB6F002B40F07C820023AB67EB6FBB
:100400005BB1986A002800F0488227F033FFEB6F59
:10041000002B40F042820023EB67D5F880306BB1AF
:10042000D869002800F0358227F024FFD5F8803005
:10043000002B40F02E820023C5F88030D5F88430A0
:1004400073B1D3F82C01002800F01F8227F012FFAF
:10045000D5F88430002B40F018820023C5F8843092
:10046000D5F888306BB1986C002800F00A8227F02C
:1004700001FFD5F88830002B40F003820023C5F837
:100480008830D5F88C306BB1D869002800F015821F
:1004900027F0F0FED5F88C30002B40F00E820023C0
:1004A000C5F88C30D5F89C306BB1986B002800F003
:1004B000008227F0DFFED5F89C30002B40F0F98158
:1004C0000023C5F89C30D5F890306BB1186B00282C
:1004D00000F0EB8127F0CEFED5F89030002B40F0F5
:1004E000E4810023C5F89030D5F8943073B1D3F887
:1004F0009000002800F0D58127F0BEFED5F894309A
:10050000002B40F0CE810023C5F89430D5F8983008
:1005100073B1D3F84002002800F01F8227F0AAFE32
:10052000D5F89830002B40F018820023C5F8983099
:10053000D5F8B00020B127F09DFE0023C5F8B030FB
:10054000D5F8B40020B127F095FE0023C5F8B430EB
:10055000D5F8A4306BB1D86A002800F0FA8127F0F2
:1005600089FED5F8A430002B40F0F3810023C5F8B4
:10057000A430D5F8A8306BB1186B002800F0E581E5
:1005800027F078FED5F8A830002B40F0DE8100235C
:10059000C5F8A830D5F8A0306BB1586D002800F030
:1005A000D08127F067FED5F8A030002B40F0C9813C
:1005B0000023C5F8A030D5F8AC306BB1D86A00285C
:1005C00000F0DB8127F056FED5F8AC30002B40F070
:1005D000D4810023C5F8AC30D5F8B83073B1D3F866
:1005E000D000002800F0C58127F044FED5F8B830CF
:1005F000002B40F0BE810023C5F8B830D5F8BC30E0
:1006000073B1D3F8D000002800F0AF8127F032FE9C
:10061000D5F8BC30002B40F0A8810023C5F8BC30D1
:10062000D5F8C03073B1D3F8D000002800F099811C
:1006300027F020FED5F8C030002B40F09281002337
:10064000C5F8C030D5F8C43073B1D3F8D000002855
:1006500000F0638127F00EFED5F8C430002B40F087
:100660005C810023C5F8C430D5F8C83073B1D3F825
:10067000D000002800F04D8127F0FCFDD5F8C830EF
:10068000002B40F046810023C5F8C830D5F8CC30A7
:1006900073B1D3F8D000002800F0378127F0EAFDCD
:1006A000D5F8CC30002B40F030810023C5F8CC3099
:1006B000D5F8D0306BB1D86E002800F0228127F039
:1006C000D9FDD5F8D030002B40F01B810023C5F8B0
:1006D000D030D5F8D4306BB1D86E002800F02D8121
:1006E00027F0C8FDD5F8D430002B40F02681002338
:1006F000C5F8D430D5F8D83073B1D3F8D00000287D
:1007000000F0178127F0B6FDD5F8D830002B40F067
:1007100010810023C5F8D830D5F8DC3073B1D3F898
:10072000D000002800F0018127F0A4FDD5F8DC30CE
:10073000002B40F0FA800023C5F8DC30D5F81032E9
:100740006BB15868002800F0EC8027F095FDD5F8D3
:100750001032002B40F0E5800023C5F81032D5F8A8
:10076000180220B127F086FD0023C5F81832D5F80D
:10077000E0305BB1586C00283BD027F07BFDD5F80A
:10078000E030002B35D10023C5F8E030D5F82062E9
:10079000AEB174680CB90CE0064620466468002CC3
:1007A000FAD127F067FD7460D5F820627468002CD8
:1007B000F3D1304627F05EFD0023C5F820322B68C8
:1007C000724ADB68934240F0DC8070BDD5F8883116
:1007D000002B3FF471AC6E49184624F069FAD5F845
:1007E000280200283FF46AAC66E4184627F042FD70
:1007F000A9E4184627F03EFDC5E7184627F03AFD64
:1008000093E4184627F036FD2AE5184627F032FD16
:1008100018E5184627F02EFD3EE5184627F02AFD7C
:100820002CE5184627F026FD52E5184627F022FD54
:1008300040E5184627F01EFD67E5184627F01AFD2B
:1008400054E5184627F016FD99E4184627F012FDE6
:1008500087E4184627F00EFDADE4184627F00AFDA0
:100860009BE4184627F006FDC1E4184627F002FD78
:10087000AFE4184627F0FEFCD5E4184627F0FAFC52
:10088000C3E4184627F0F6FCF8E5184627F0F2FC1A
:10089000E3E5184627F0EEFCCDE5184627F0EAFC24
:1008A000B9E5184627F0E6FC2DE6184627F0E2FCED
:1008B00017E6184627F0DEFC02E6184627F0DAFCB9
:1008C000EDE5184627F0D6FC3CE5184627F0D2FCAB
:1008D0002AE5184627F0CEFC50E5184627F0CAFC5A
:1008E0003EE5184627F0C6FC69E5184627F0C2FC2D
:1008F00052E5184627F0BEFC7FE5184627F0BAFC03
:100900006CE5184627F0B6FCE0E6184627F0B2FC86
:10091000CBE6184627F0AEFCB5E6184627F0AAFC51
:100920009FE6184627F0A6FC16E7184627F0A2FC1B
:1009300001E7184627F09EFCEBE6184627F09AFCE4
:10094000D5E6184627F096FC32E6184627F092FCCA
:100950001DE6184627F08EFC08E6184627F08AFCAC
:10096000E3E5184627F086FC69E6184627F082FC86
:1009700053E6184627F07EFC3DE6184627F07AFC41
:1009800027E62846BDE87040184700BF15730200EF
:10099000B06F070010B50E4B03600446FFF782FBF3
:1009A000D4F8980120B127F067FC0023C4F89831EF
:1009B000D4F89C0120B127F05FFC0023C4F89C31DF
:1009C000D4F8A00108B127F057FC204610BD00BFA5
:1009D000AC7E0700F8B504460D46B9B9D0F89801C9
:1009E00000283DD027F048FC94F88C31C4F8985189
:1009F000C4F8D851C4F89451002B48D0D4F88801D9
:100A000010B1254924F054F90120F8BDD0F89831EF
:100A100033B3084627F02CFCD4E96527AA4228BF47
:100A20002A463946064630F071F8384627F024FC4D
:100A3000D4F8A831C4F8986105F108029A42C4F8C4
:100A4000D861C4F89451DFD994F88C31D3B1D4F87B
:100A500088010028D8D0114924F02AF90120F8BDD6
:100A6000284627F005FCD4F8A831C4F8945108357D
:100A70009D42C4F89801C4F8D801C5D994F88C31C6
:100A8000002BE4D194F88D31002BBDD0DFE794F832
:100A90008D31002BB8D0B1E72470070050700700EB
:100AA000C0F87411704700BF10B40BB100241C8053
:100AB000013927291ED8DFE801F021651D1D1D1D04
:100AC0001D1D1D7F1D1D8C1D1D9A1D1DB11D1D1D74
:100AD0001D1D1D1D1D1D1D1D1D1D1D1D1D1D1D1D46
:100AE000BF14002A00F0D780012A00F02B81022ACF
:100AF00000F0AE8000205DF8044B7047012A00F042
:100B0000E580032A00F00481042A00F03681052ADA
:100B100000F0B980072A00F04181092A00F04681DF
:100B2000112A00F04B81122A00F05081132A00F0A4
:100B30005581142A00F05A81172A00F05F81212A7A
:100B400000F06981222A00F06E81262A00F073816C
:100B50003B2A00F078813C2A00F07D81602A00F079
:100B60008281612A00F08781352A00F08C81432A36
:100B7000C0D113B14FF4B9621A80C06D003818BFEC
:100B80000120B8E7132A00F08F80152A00F0D180E9
:100B9000732A00F0E080342A6DD0142A00F0F5802A
:100BA000722AA7D113B14FF404721A80036E002B7E
:100BB00000F02C8101209EE7362A7DD0092A99D1A8
:100BC0000BB13C221A80D0F88800003818BF0120F1
:100BD00091E7032A00F08B80012A8BD10BB1102200
:100BE0001A80D0F88000003818BF012083E7142A4B
:100BF00000F08580152A00F09380022A00F0B4806E
:100C0000032A2ED0102A7FF475AF0BB12C221A8044
:100C1000D0F89C00003818BF01206CE7602A5DD036
:100C2000802A7FF467AF0BB1A4221A80D0F8B400F9
:100C3000003818BF01205EE7092A7FF45BAF0BB1D3
:100C40001C221A80D0F8AC00003818BF012052E7EF
:100C50000BB124221A80D0F8A800003818BF012058
:100C600049E713B14FF40D721A80D0F8980000389C
:100C700018BF01203FE70BB10C221A80C06E00386C
:100C800018BF012037E70BB120221A80006A003814
:100C900018BF01202FE70BB148221A80D0F8A0001E
:100CA000003818BF012026E70BB148221A80006FD8
:100CB000003818BF01201EE713B14FF490721A805C
:100CC000D0F88400003818BF012014E70BB11422BB
:100CD0001A800069003818BF01200CE70BB1082208
:100CE0001A80D0F8B000003818BF012003E70BB11C
:100CF0001C221A80C06F003818BF0120FBE60BB120
:100D000010221A80D0F88C00003818BF0120F2E6BB
:100D10000BB110221A804069003818BF0120EAE6A2
:100D20000BB124221A80D0F89000003818BF01209F
:100D3000E1E613B14FF439621A80406F003818BFF2
:100D40000120D8E60BB120221A80D0F8A400003888
:100D500018BF0120CFE613B14FF484721A80806E61
:100D6000003818BF0120C6E60BB188221A80D0F8DF
:100D70009400003818BF0120BDE60BB112221A8082
:100D80008069003818BF0120B5E613B140F6CC02E7
:100D90001A80806F003818BF0120ACE60BB15C22CE
:100DA0001A80406A003818BF0120A4E60BB1142253
:100DB0001A80806A003818BF01209CE60BB114220B
:100DC0001A80006B003818BF012094E60BB1242272
:100DD0001A80406B003818BF01208CE60BB11C2232
:100DE0001A80806B003818BF012084E60BB12422E2
:100DF0001A80C06B003818BF01207CE60BB174224A
:100E00001A80006C003818BF012074E6406E00386C
:100E100018BF01206FE60BB114221A80C06A003897
:100E200018BF012067E60BB114221A80406C00380D
:100E300018BF01205FE60BB118221A80806C0038C1
:100E400018BF012057E60BB128221A80C06C003869
:100E500018BF01204FE60BB140221A80006D003808
:100E600018BF012047E60BB110221A80406D0038F0
:100E700018BF01203FE60BB104221A80C069003878
:100E800018BF012037E613B140F6FC321A80806D9E
:100E9000003818BF01202EE670B504468B48D4F800
:100EA0000C2294F8001222F0FF02824201F00103AA
:100EB00094F80D0246D047281FD085498A4215D0A4
:100EC00084498A424FD194F8021211F0020F18BFE0
:100ED000012381498A424DD194F80222D0063ED5A1
:100EE000D4F81052002D50D0012070BD94F8021299
:100EF00011F0010F18BF0123EBE7B4F80E0245F221
:100F00004115A84200F0DD8045F24215A84264D1A7
:100F100011F0080F18BF012345F24C15A84264D107
:100F200011F0800F18BF012345F25231884266D17B
:100F300094F8011211F0100F654918BF01238A427D
:100F4000BED1D3E711F0020F18BF01234728D4D038
:100F500062498A42BDD194F802221207C0D4002B04
:100F6000BED1002070BD5E498A422ED194F8021293
:100F70004E06B5D45B498A42F1D194F8022291061B
:100F8000EDD5D4F81052002DAED1082027F06EF91F
:100F90000646C4F8100294F90902756027F068F952
:100FA000D4F8103270605B68002B9DD194F88C31BE
:100FB0001BB994F88D31002BD3D0D4F888010028C8
:100FC000CFD0494923F074FECBE748498A42BFD1CC
:100FD00094F80222550783D4C1E745F24235A8426E
:100FE0001CD111F0100F18BF012345F24E11884299
:100FF0001CD194F8011211F0010F18BF012344F223
:10100000531188421CD194F8011211F0200F30497D
:1010100018BF01238A427FF453AF67E744F24715B4
:10102000A84235D111F0200F18BF012345F24E31EF
:10103000884214D194F8011211F0020F18BF012355
:1010400045F25341884214D194F8011211F0400F37
:101050001F4918BF01238A427FF432AF46E745F2A9
:10106000501188421DD194F8011211F0040F18BFDD
:10107000012345F2536188427FF41FAF94F90112B6
:1010800000291349B8BF01238A427FF419AF2DE725
:1010900044F64C45A8427FF43FAF11F0400F18BF13
:1010A000012345F2511188427FF43EAF94F80112BA
:1010B00011F0080F064918BF01238A427FF400AFE0
:1010C00014E711F0040F18BF012325E70044544D25
:1010D00000524C4D00524D430056544700564C5759
:1010E00000544853005A4441A0700700005458541B
:1010F00090F80412CB0769D410B4D0F80C326D4AC2
:1011000023F0FF0393421AD090F80D22472A1ED0F5
:10111000694A93426FD0694A934259D0684A9342D0
:101120005DD0684A934261D0674A93426AD0674A69
:1011300093426CD190F80602C0F3001043E011F026
:1011400002023FD190F80D42472C40F0AF80B0F83A
:101150000E2245F24114A24261D045F24214A2424D
:1011600061D045F24234A24261D044F24714A24217
:1011700000F0818044F64C44A2425CD045F24C140D
:10118000A2425CD045F24E118A425CD045F24E310B
:101190008A425ED045F250118A4260D045F2511128
:1011A0008A4262D045F252318A4268D044F25311E9
:1011B0008A426AD045F253418A426CD190F80522A6
:1011C0005206A5D501205DF8044B704701207047F9
:1011D00090F806025DF8044BC0F34000704790F8A9
:1011E00006025DF8044BC0F38010704790F80602C9
:1011F000C0F38000E7E790F806025DF8044B00F0CA
:101200000100704790F80602C0F3C000DBE7304AE7
:1012100093424DD190F80602C0F34010D3E74A073D
:101220007FF576AFCEE70C077FF572AFCAE7C90648
:101230007FF56EAFC6E74C067FF56AAFC2E70906D9
:101240007FF566AFBEE790F80522D2077FF560AF65
:10125000B8E790F8052294077FF55AAFB2E790F807
:10126000052251077FF554AFACE790F8052212072D
:101270007FF54EAFA6E78A067FF54AAFA2E790F862
:101280000522D4067FF544AF9CE790F8052291062D
:101290007FF53EAF96E745F253618A427FF438AF5F
:1012A00090F90522002ABFF633AF8BE710468AE794
:1012B000002088E70044544D00524C4D00524D43ED
:1012C000005448530054585400564C570056544745
:1012D000005A4441704700BF30B5574B044693E86D
:1012E000030083B004F20B25ADF8041000902946EA
:1012F000684605222FF0FCFB28B9D4F8B83013B1AA
:10130000012003B030BD4D4B93E80300052200904F
:10131000ADF80410684629462FF0EAFB18B9D4F856
:10132000BC30002BECD1464B93E803000522009023
:10133000ADF80410684629462FF0DAFB18B9D4F846
:10134000C030002BDCD13F4B93E803000522009016
:10135000ADF80410684629462FF0CAFB18B9D4F836
:10136000C430002BCCD1384B93E803000522009009
:10137000ADF80410684629462FF0BAFB18B9D4F826
:10138000C830002BBCD1314B93E8030005220090FC
:10139000ADF80410684629462FF0AAFB002842D079
:1013A0002B4B93E8030005220090ADF8041068462B
:1013B00029462FF09DFB18B9D4F8D030002B9FD1CF
:1013C000244B93E8030005220090ADF80410684612
:1013D00029462FF08DFB18B9D4F8D430002B8FD1CB
:1013E0001D4B93E8030005220090ADF804106846F9
:1013F00029462FF07DFB20B9D4F8D830002B7FF49C
:101400007FAF164B93E8030005220090ADF804105F
:10141000684629462FF06CFB58B9D4F8DC00003838
:1014200018BF01206DE7D4F8CC30002B7FF468AFF3
:10143000B6E7002065E700BFC4700700CC70070066
:10144000D4700700DC700700E4700700EC70070040
:10145000F4700700FC700700047107000C710700AE
:1014600030B5774B044693E8030083B004F20B25B4
:10147000ADF8041000902946684605222FF038FB8D
:1014800058B9D4F8B83043B1D3F8D0202AB1D3F842
:10149000CC3013B1012003B030BD6A4B93E8030098
:1014A00005220090ADF80410684629462FF020FB75
:1014B00048B9D4F8BC3033B1D3F8D0201AB1D3F83E
:1014C000CC30002BE6D1604B93E80300052200905E
:1014D000ADF80410684629462FF00AFB48B9D4F845
:1014E000C03033B1D3F8D0201AB1D3F8CC30002BB0
:1014F000D0D1564B93E8030005220090ADF80410BC
:10150000684629462FF0F4FA48B9D4F8C43033B10C
:10151000D3F8D0201AB1D3F8CC30002BBAD14C4B31
:1015200093E8030005220090ADF8041068462946B0
:101530002FF0DEFA00286FD0464B93E80300052217
:101540000090ADF80410684629462FF0D1FA48B94A
:10155000D4F8CC3033B1D3F8D0201AB1D3F8CC3092
:10156000002B97D13C4B93E8030005220090ADF887
:101570000410684629462FF0BBFA38B9D4F8D030A9
:1015800023B1DA6E12B19B6E002B83D1334B93E8FB
:10159000030005220090ADF80410684629462FF09C
:1015A000A7FA40B9D4F8D4302BB1DA6E1AB19B6ED9
:1015B000002B7FF46FAF2A4B93E8030005220090C5
:1015C000ADF80410684629462FF092FA50B9D4F8C5
:1015D000D8303BB1D3F8D02022B1D3F8CC30002B97
:1015E0007FF458AF1F4B93E8030005220090ADF83D
:1015F0000410684629462FF07BFAD8B9D4F8DC00ED
:1016000000283FF448AFD0F8D030B3B1D0F8CC00C8
:10161000003818BF01203EE7D4F8C830002B8BD02B
:10162000D3F8D020002A87D0D3F8CC30002B7FF419
:1016300031AF81E7002003B030BD18462BE700BF73
:10164000C4700700CC700700D4700700DC7007007E
:10165000E4700700EC700700F4700700FC700700EE
:10166000047107000C71070030B5584B044693E82D
:10167000030083B004F20B25ADF804100090294656
:10168000684605222FF034FA00287AD0504B93E8B0
:10169000030005220090ADF80410684629462FF09B
:1016A00027FA002868D04B4B93E8030005220090EE
:1016B000ADF80410684629462FF01AFA002869D0C0
:1016C000454B93E8030005220090ADF804106846EE
:1016D00029462FF00DFA002858D0404B93E803001C
:1016E00005220090ADF80410684629462FF000FA54
:1016F000002854D03A4B93E8030005220090ADF83F
:101700000410684629462FF0F3F900284FD0354BD6
:1017100093E8030005220090ADF8041068462946BE
:101720002FF0E6F9002846D02F4B93E8030005225E
:101730000090ADF80410684629462FF0D9F990B30F
:101740002A4B93E8030005220090ADF80410684688
:1017500029462FF0CDF990B3254B93E803000522DD
:101760000090ADF80410684629462FF0C1F950BB2F
:10177000D4F8DC00013002E0D4F8BC00013003B042
:1017800030BDD4F8B800013003B030BDD4F8C40087
:101790000130F4E7D4F8C000013003B030BDD4F814
:1017A000C8000130EBE7D4F8D4000130E7E7D4F803
:1017B000CC000130E3E7D4F8D0000130DFE7D4F803
:1017C000D8000130DBE70020D9E700BFC470070074
:1017D000CC700700D4700700DC700700E4700700CD
:1017E000EC700700F4700700FC700700047107003C
:1017F0000C71070030B5584B044693E8030083B0E2
:1018000004F20B25ADF80410009029466846052225
:101810002FF06EF900287AD0504B93E80300052290
:101820000090ADF80410684629462FF061F90028B1
:1018300068D04B4B93E8030005220090ADF80410EC
:10184000684629462FF054F9002869D0454B93E8A3
:10185000030005220090ADF80410684629462FF0D9
:1018600047F9002858D0404B93E803000522009028
:10187000ADF80410684629462FF03AF9002854D0F4
:101880003A4B93E8030005220090ADF80410684637
:1018900029462FF02DF900284FD0354B93E803004F
:1018A00005220090ADF80410684629462FF020F973
:1018B000002846D02F4B93E8030005220090ADF896
:1018C0000410684629462FF013F990B32A4B93E889
:1018D000030005220090ADF80410684629462FF059
:1018E00007F990B3254B93E8030005220090ADF86B
:1018F0000410684629462FF0FBF850BBD4F8DC00F2
:10190000023002E0D4F8BC00023003B030BDD4F89D
:10191000B800023003B030BDD4F8C4000230F4E7A0
:10192000D4F8C000023003B030BDD4F8C800023093
:10193000EBE7D4F8D4000230E7E7D4F8CC0002306B
:10194000E3E7D4F8D0000230DFE7D4F8D800023063
:10195000DBE70020D9E700BFC4700700CC700700A8
:10196000D4700700DC700700E4700700EC7007001B
:10197000F4700700FC700700047107000C71070089
:1019800030B5584B044693E8030083B004F20B25AE
:10199000ADF8041000902946684605222FF0A8F8FB
:1019A00000287AD0504B93E8030005220090ADF850
:1019B0000410684629462FF09BF8002868D04B4B4E
:1019C00093E8030005220090ADF80410684629460C
:1019D0002FF08EF8002869D0454B93E803000522CC
:1019E0000090ADF80410684629462FF081F80028D1
:1019F00058D0404B93E8030005220090ADF8041046
:101A0000684629462FF074F8002854D03A4B93E8E2
:101A1000030005220090ADF80410684629462FF017
:101A200067F800284FD0354B93E80300052200905B
:101A3000ADF80410684629462FF05AF8002846D021
:101A40002F4B93E8030005220090ADF80410684680
:101A500029462FF04DF890B32A4B93E80300052256
:101A60000090ADF80410684629462FF041F890B375
:101A7000254B93E8030005220090ADF8041068465A
:101A800029462FF035F850BBD4F8DC00663002E070
:101A9000D4F8BC00663003B030BDD4F8B80066306E
:101AA00003B030BDD4F8C4006630F4E7D4F8C00009
:101AB000663003B030BDD4F8C8006630EBE7D4F828
:101AC000D4003430E7E7D4F8CC006630E3E7D4F84C
:101AD000D0003430DFE7D4F8D8006630DBE70020F0
:101AE000D9E700BFC4700700CC700700D4700700AE
:101AF000DC700700E4700700EC700700F47007006A
:101B0000FC700700047107000C71070030B5584BDA
:101B1000044693E8030083B004F20B25ADF80410EB
:101B200000902946684605222EF0E2FF00287AD070
:101B3000504B93E8030005220090ADF8041068466E
:101B400029462EF0D5FF002868D04B4B93E80300C0
:101B500005220090ADF80410684629462EF0C8FF13
:101B6000002869D0454B93E8030005220090ADF8AA
:101B70000410684629462EF0BBFF002858D0404B81
:101B800093E8030005220090ADF80410684629464A
:101B90002EF0AEFF002854D03A4B93E80300052204
:101BA0000090ADF80410684629462EF0A1FF0028E9
:101BB0004FD0354B93E8030005220090ADF8041098
:101BC000684629462EF094FF002846D02F4B93E814
:101BD000030005220090ADF80410684629462EF057
:101BE00087FF90B32A4B93E8030005220090ADF8DD
:101BF0000410684629462EF07BFF90B3254B93E8EE
:101C0000030005220090ADF80410684629462EF026
:101C10006FFF50BBD4F8DC00673002E0D4F8BC00A2
:101C2000673003B030BDD4F8B800673003B030BDC2
:101C3000D4F8C4006730F4E7D4F8C000673003B0CC
:101C400030BDD4F8C8006730EBE7D4F8D4003530A5
:101C5000E7E7D4F8CC006730E3E7D4F8D0003530BC
:101C6000DFE7D4F8D8006730DBE70020D9E700BF12
:101C7000C4700700CC700700D4700700DC70070048
:101C8000E4700700EC700700F4700700FC700700B8
:101C9000047107000C71070030B55D4B044693E8F2
:101CA000030083B004F20B25ADF804100090294620
:101CB000684605222EF01CFF00287ED0554B93E885
:101CC000030005220090ADF80410684629462EF066
:101CD0000FFF00286BD0504B93E8030005220090C3
:101CE000ADF80410684629462EF002FF00286FD098
:101CF0004A4B93E8030005220090ADF804106846B3
:101D000029462EF0F5FE00285DD0454B93E80300F0
:101D100005220090ADF80410684629462EF0E8FE32
:101D200000285BD03F4B93E8030005220090ADF8FC
:101D30000410684629462EF0DBFE002857D03A4BA7
:101D400093E8030005220090ADF804106846294688
:101D50002EF0CEFE00284FD0344B93E8030005222E
:101D60000090ADF80410684629462EF0C1FE002808
:101D700039D02F4B93E8030005220090ADF80410F2
:101D8000684629462EF0B4FE002839D0294B93E846
:101D9000030005220090ADF80410684629462EF095
:101DA000A7FE90BBD4F8DC30D3F8D00003E0D4F821
:101DB000BC30D3F8D00003B030BDD4F8B830D3F87D
:101DC000D00003B030BDD4F8C430D3F8D000F2E76F
:101DD000D4F8C030D3F8D00003B030BDD4F8C83048
:101DE000D3F8D000E7E7D4F8D430D86EE3E7D4F8DE
:101DF000CC30D3F8D000DEE7D4F8D030D86EDAE7B4
:101E0000D4F8D830D3F8D000D5E70020D3E700BF0E
:101E1000C4700700CC700700D4700700DC700700A6
:101E2000E4700700EC700700F4700700FC70070016
:101E3000047107000C71070030B5634B044693E84A
:101E4000030083B004F20B25ADF80410009029467E
:101E5000684605222EF04CFE002800F082805B4B85
:101E600093E8030005220090ADF804106846294667
:101E70002EF03EFE00286DD0554B93E8030005225E
:101E80000090ADF80410684629462EF031FE002877
:101E900074D0504B93E8030005220090ADF8041075
:101EA000684629462EF024FE002861D04A4B93E86C
:101EB000030005220090ADF80410684629462EF074
:101EC00017FE002861D0454B93E8030005220090DF
:101ED000ADF80410684629462EF00AFE00285FD0AF
:101EE0003F4B93E8030005220090ADF804106846CC
:101EF00029462EF0FDFD002858D03A4B93E8030008
:101F000005220090ADF80410684629462EF0F0FD39
:101F1000002840D0344B93E8030005220090ADF830
:101F20000410684629462EF0E3FD002843D02F4BCD
:101F300093E8030005220090ADF804106846294696
:101F40002EF0D6FD00283CD1D4F8DC30D3F8D000F8
:101F5000013004E0D4F8BC30D3F8D000013003B035
:101F600030BDD4F8B830D3F8D000013003B030BD64
:101F7000D4F8C430D3F8D0000130F0E7D4F8C03042
:101F8000D3F8D000013003B030BDD4F8C830D3F856
:101F9000D0000130E3E7D4F8D430D86E0130DEE76A
:101FA000D4F8CC30D3F8D0000130D8E7D4F8D03012
:101FB000D86E0130D3E7D4F8D830D3F8D000013050
:101FC000CDE70020CBE700BFC4700700CC7007004E
:101FD000D4700700DC700700E4700700EC700700A5
:101FE000F4700700FC700700047107000C71070013
:101FF00010B5444B044693E8030082B004F20B246E
:102000000090ADF804106846214605222EF070FDC0
:10201000002871D03C4B93E8030005220090ADF8F6
:102020000410684621462EF063FD002864D0374B2B
:1020300093E8030005220090ADF80410684621469D
:102040002EF056FD002857D0314B93E803000522AF
:102050000090ADF80410684621462EF049FD002896
:102060004AD02C4B93E8030005220090ADF80410F1
:10207000684621462EF03CFD00283DD0264B93E8D3
:10208000030005220090ADF80410684621462EF0AA
:102090002FFD88B3214B93E8030005220090ADF893
:1020A0000410684621462EF023FD40B31C4B93E8F4
:1020B000030005220090ADF80410684621462EF07A
:1020C00017FDE0B1174B93E8030005220090ADF82F
:1020D0000410684621462EF00BFD68B1124B93E8C0
:1020E000030005220090ADF80410684621462EF04A
:1020F000FFFC08B1002000E0642002B010BD3220D7
:10210000FBE700BFC4700700CC700700D470070065
:10211000DC700700E4700700EC700700F470070043
:10212000FC700700047107000C71070030B5534BB9
:10213000044693E8030083B004F20B25ADF80410C5
:1021400000902946684605222EF0D2FC002878D05F
:102150004B4B93E8030005220090ADF8041068464D
:1021600029462EF0C5FC002867D0464B93E80300B3
:1021700005220090ADF80410684629462EF0B8FC00
:10218000002865D0404B93E8030005220090ADF88D
:102190000410684629462EF0ABFC002855D03B4B76
:1021A00093E8030005220090ADF804106846294624
:1021B0002EF09EFC00284FD0354B93E803000522FB
:1021C0000090ADF80410684629462EF091FC0028D6
:1021D00048D0304B93E8030005220090ADF804107E
:1021E000684629462EF084FC00283ED02A4B93E80E
:1021F000030005220090ADF80410684629462EF031
:1022000077FC60B3254B93E8030005220090ADF8FE
:102210000410684629462EF06BFC48B3204B93E827
:10222000030005220090ADF80410684629462EF000
:102230005FFC00BBD4F8DC0001E0D4F8BC0003B0C4
:1022400030BDD4F8B80003B030BDD4F8C400F6E710
:10225000D4F8C00003B030BDD4F8C800EFE7D4F81C
:10226000D400ECE7D4F8CC00E9E7D4F8D000E6E7F6
:10227000D4F8D800E3E70020E1E700BFC47007000E
:10228000CC700700D4700700DC700700E470070012
:10229000EC700700F4700700FC7007000471070081
:1022A0000C710700704700BF38B51388012B144626
:1022B00015D0022B0DD001332380FFF7F3FF2388C5
:1022C000022B12D90A4A1088984214BF032000201A
:1022D00038BD074D2A880A4306322A80EBE7044DB1
:1022E0000A0202F440722A80E5E7032038BD00BFED
:1022F000765A01202DE9F04782B04C88C37904F169
:10230000070C9C4500AF8846814671DA073303F419
:10231000FC736D46ADEB030D98F800208DF802209C
:10232000B52162238DF800108DF8013098F8011066
:102330008DF803102312E2B28DF8053069468DF84E
:102340000420002C00F0AF80D8F808600DF10603DF
:1023500006F1040E0DF10A0A601E734538BF56459A
:1023600080B2C0F0AB80072840F2A880A0080138F6
:1023700080B20DEB80000A30B6465EF804AB43F83D
:1023800004AB8342F9D124F00300844283B215D018
:10239000581C01EB030E80B216F803A08EF806A0BD
:1023A00084420BD9023301EB000E9BB2305C8EF8F5
:1023B00006009C4202D9C818F35C837104F1060E32
:1023C00098F80D3098F80C6001F80E60D9F8740197
:1023D00001F80C30036808329B68D2B29847083481
:1023E000A04265D10020AD460837BD46BDE8F08764
:1023F0000B88D0F87401BC8046F2B5223A807B800D
:10240000036839469B6806229847062846D100266D
:102410001CE099F80750B8F80230D9F87401D8F8E0
:102420000810A54228BF254672199A42A4EB05045C
:10243000A8BF9D1B0368A8BFADB231449B68EAB238
:1024400098472E44A842A4B2B6B227D1012CE0D8B6
:10245000012C10D0B8F80C30D9F874013B80036817
:1024600039469B6802229847022817D10020083776
:10247000BD46BDE8F087D8F8083098F80C20995D83
:10248000D9F8740198F80D3039707A70BB70036810
:1024900039469B68032298470328E7D00C20083769
:1024A000BD46BDE8F0874FF0070C4FF0060E87E7FA
:1024B0000C200837AD46BD46BDE8F08730444B1DC3
:1024C000013E16F801EF03F801EFB042F9D175E7CC
:1024D00030B583B00B884A88ADF80230054646F225
:1024E000B523D0F87401ADF80420ADF800300368CE
:1024F0000C469B68694606229847D5F87401A27875
:102500000368A1689B689847A389D5F87401ADF862
:102510000030036869469B680222984703B030BDCB
:1025200030B5D0F8A43183B004461BB91F48204A07
:1025300003701370D4F87401FF238DF8073003681B
:102540000DF107029B6998479DF80730FF2B25D0B6
:10255000D4E969218A420CD2D4F8A00114498354E9
:10256000D4F8A43101221344C4F8A4310A7003B092
:1025700030BD94F88C311BB994F88D31002BF6D016
:102580000A4D2B78002BF2D1D4F8880110B10949FB
:1025900022F0FEFA01232B7003B030BDA279002A8D
:1025A000D6D1034A1278002AE1D0D1E7755A01202A
:1025B000745A0120147107002DE9F04FD0F8A031B2
:1025C00085B00446002B00F0C780D0F87401B1F844
:1025D00002B003681B690F469847B5212046FFF7F4
:1025E0009FFF62212046FFF79BFF39782046FFF7C7
:1025F00097FF79782046FFF793FFB9782046FFF7D9
:102600008FFF79882046090AFFF78AFF94F8AC31DA
:102610000BF107029A42C0F28980D4F87401036872
:10262000DB699847BBF1000F6AD00023DFF850A1A7
:10263000DFF850810193B94694F8AC71D4F8740175
:102640005F45036828BF5F46ABEB070B1B691FFAAA
:102650008BFB9847002F46D0019D7E1E6B1C13FA02
:1026600086F60DE0D4F8A0118B54D4F8A4310122E1
:102670001344C4F8A43188F800200135AE4232D0AA
:10268000D9F80820D4F8A431515D1BB98AF800307C
:1026900088F80030D4F87401FF238DF80F300368F8
:1026A0000DF10F029B6998479DF80F30FF2B4BD01F
:1026B000D4E969218A42D5D394F88C311BB994F8B6
:1026C0008D31002BD9D09AF80030002BD5D1D4F819
:1026D000880110B1284922F05BFA01350123AE428E
:1026E0008AF80030CCD1019AD4F8740117440368F9
:1026F000BAB2DB6901929847BBF1000F9CD14F46FB
:10270000D4F8740103681B699847397B2046FFF7AA
:1027100007FF797B2046FFF703FFD4F874010368B5
:10272000DB699847002005B0BDE8F08FBBF1000FD2
:10273000EBD00025BB682046595D0135FFF7F0FE60
:10274000ABB29B45F6D8E0E7A279002AB0D198F861
:102750000020002A91D0ABE790F88C3113B990F8A3
:102760008D313BB1D4F8880120B1044922F010FA30
:102770000820D8E70820D6E7147107003471070055
:10278000755A0120745A0120F8B590F88C31002B4D
:1027900066D00546D0F8880195F8F0710E461446CB
:1027A00000285ED05F4922F0F3F93378D5F888012C
:1027B000012B00F08380052B00F0A180062B00F098
:1027C000AA800A2B00F0A180002851D0564922F09F
:1027D000DFF9D5F888013178002849D0102222F09D
:1027E00035FCD5F88801002842D0504922F0D0F9B4
:1027F0003388D5F8880140F20172934273D040F6D5
:102800000612934275D098B3474922F0C1F9D5F822
:102810008801717860B3102222F018FCD5F8880185
:1028200030B3434922F0B4F9D5F888017388A0B1D8
:102830001946102222F00AFC012FD5F8880143D155
:10284000002C41D160B13B4922F0A2F9D5F88801B2
:1028500030B1BDE8F84022F07BBA012F0DD164B948
:10286000F8BD0B78012B03D0052B01D0062BA8D186
:10287000012F01D1002CF3D07388B6F806C0A3EB6A
:102880000C02002AECDD00202B4F0024394670B1E9
:1028900022F07EF9B368D5F88801195D20B11022C5
:1028A00022F0D4FBD5F888017388B6F806C001344D
:1028B000A4B2A3EB0C029442E8DBC9E70028D7D00E
:1028C0001E4922F065F98CE70028D5D01C4922F07A
:1028D0005FF97388B6F806C0D5F88801A3EB0C023F
:1028E000002AD1DCB4E70028C2D0164922F050F902
:1028F00094E70028BCD0144922F04AF98EE700285A
:10290000B6D0124922F044F96BE70028B0D0104944
:1029100022F03EF965E70028AAD00E4922F038F9E6
:102920005FE700BF6C710700147407008471070033
:1029300098710700B0710700E05F0700747107002D
:10294000A47107008C71070090710700787107006F
:10295000807107007C71070090F82432002B40F052
:10296000BE834369012270B5044680F8242263B116
:10297000D86950B11A78160707D59A690AB19047F5
:1029800063691A786FF3C3021A70A36963B1186A96
:1029900050B11A78150707D5DA690AB19047A369CB
:1029A0001A786FF3C3021A70236A63B1D86A50B100
:1029B0001A78110707D59A6A0AB19047236A1A78DC
:1029C0006FF3C3021A70636A63B1D86E50B11A789C
:1029D000120707D59A6E0AB19047636A1A786FF3A7
:1029E000C3021A70A36A63B1186A50B11A78160745
:1029F00007D5DA690AB19047A36A1A786FF3C30260
:102A00001A70236B63B1186A50B11A78150707D58D
:102A1000DA690AB19047236B1A786FF3C3021A7010
:102A2000636B63B1186B50B11A78110707D5DA6A76
:102A30000AB19047636B1A786FF3C3021A70A36BE5
:102A400063B1986A50B11A78120707D55A6A0AB169
:102A50009047A36B1A786FF3C3021A70E36B63B1EC
:102A6000186B50B11A78160707D5DA6A0AB1904781
:102A7000E36B1A786FF3C3021A70236C73B1D3F847
:102A8000840058B11A78150708D5D3F880200AB108
:102A90009047236C1A786FF3C3021A70E36A63B12C
:102AA000186A50B11A78110707D5DA690AB1904748
:102AB000E36A1A786FF3C3021A70636C63B1186A21
:102AC00050B11A78120707D5DA690AB19047636CDA
:102AD0001A786FF3C3021A70E36C63B1586B50B18C
:102AE0001A78160707D51A6B0AB19047E36C1A7863
:102AF0006FF3C3021A70A36D73B1D3F8080C58B109
:102B00001A78150708D5D3F8042C0AB19047A36D9D
:102B10001A786FF3C3021A70E36D73B1D3F8D4055A
:102B200058B11A78110708D5D3F8D0250AB19047C3
:102B3000E36D1A786FF3C3021A70236D63B1D86C1A
:102B400050B11A78120707D59A6C0AB19047236DD5
:102B50001A786FF3C3021A70636D63B1D86950B10C
:102B60001A78160707D59A690AB19047636D1A78E3
:102B70006FF3C3021A70E36963B1186950B11A7830
:102B8000150707D5DA680AB19047E3691A786FF339
:102B9000C3021A70236E63B1986850B11A78110796
:102BA00007D55A680AB19047236E1A786FF3C302AB
:102BB0001A70636E63B1986850B11A78120707D51E
:102BC0005A680AB19047636E1A786FF3C3021A709D
:102BD000A36E13B3986800B35968F1B11D782E073E
:102BE000C5F3C10209D58847A36E1978C1F3C102A4
:102BF00002F0020262F3C401197052080DD0D3E949
:102C0000013000F588709847A16E0B78C3F3C102BC
:102C100022F0020262F3C4030B70E36E63B19868A2
:102C200050B11A78150707D55A680AB19047E36E74
:102C30001A786FF3C3021A70236F002B43D05A6DBA
:102C4000FAB11A680025C2F3CD02012642FA05F155
:102C5000C90713D5196D05EBC50039B15B6D03EBE1
:102C6000C0008847236F1A68C2F3CD02186806FABD
:102C700005F122EA010262F3D000186001350E2D41
:102C8000E4D1DA6DFAB15A880025C2F34D0201266B
:102C900042FA05F1C80713D5996D05EB850039B1E6
:102CA000DB6D03EB00108847236F5A88C2F34D0297
:102CB000588806FA05F122EA010262F34E005880B4
:102CC00001350E2DE4D1636F73B1D3F8980B58B171
:102CD0001A78110708D5D3F8942B0AB19047636F7F
:102CE0001A786FF3C3021A70A36F73B1D3F8D808C0
:102CF00058B11A78120708D5D3F8D4280AB19047EA
:102D0000A36F1A786FF3C3021A70E36F63B1986A06
:102D100050B11A78160707D55A6A0AB19047E36F7F
:102D20001A786FF3C3021A70D4F880306BB1D86987
:102D300058B11A78150708D59A6912B19047D4F896
:102D400080301A786FF3C3021A70D4F884307BB1E4
:102D5000D3F82C0160B11A78110709D5D3F82821CE
:102D600012B19047D4F884301A786FF3C3021A7006
:102D7000D4F888306BB1986C58B11A78120708D51E
:102D80005A6C12B19047D4F888301A786FF3C302A6
:102D90001A70D4F88C306BB1D86958B11A7816070C
:102DA00008D59A6912B19047D4F88C301A786FF32D
:102DB000C3021A70D4F890306BB1186B58B11A78FE
:102DC000150708D5DA6A12B19047D4F890301A780E
:102DD0006FF3C3021A70D4F894202AB3D2F890305B
:102DE00013B313880025C3F3C503012643FA05F185
:102DF000C90716D5D2F88C1005EB051049B1D2F8E9
:102E0000903003EBC0008847D4F894201388C3F3B4
:102E1000C503108806FA05F123EA010363F3C8002D
:102E200010800135062DE1D1D4F898307BB1D3F86C
:102E3000400260B11A78160709D5D3F83C2212B1C6
:102E40009047D4F898301A786FF3C3021A70D4F808
:102E50009C306BB1986B58B11A78150708D55A6B2E
:102E600012B19047D4F89C301A786FF3C3021A70ED
:102E7000D4F8A4306BB1D86A58B11A78110708D5C4
:102E80009A6A12B19047D4F8A4301A786FF3C3024B
:102E90001A70D4F8A8306BB1186B58B11A781207B1
:102EA00008D5DA6A12B19047D4F8A8301A786FF3CF
:102EB000C3021A70D4F8A0306BB1586D58B11A78AB
:102EC000160708D51A6D12B19047D4F8A0301A78B9
:102ED0006FF3C3021A70D4F8AC306BB1D86A58B132
:102EE0001A78150708D59A6A12B19047D4F8AC3011
:102EF0001A786FF3C3021A70D4F8B8307BB1D3F8E4
:102F0000D00060B11A78510709D5D3F8CC2012B19E
:102F10009047D4F8B8301A786FF382021A70D4F858
:102F2000BC307BB1D3F8D00060B11A78520709D514
:102F3000D3F8CC2012B19047D4F8BC301A786FF394
:102F400082021A70D4F8C0307BB1D3F8D00060B1DF
:102F50001A78560709D5D3F8CC2012B19047D4F887
:102F6000C0301A786FF382021A70D4F8C4307BB183
:102F7000D3F8D00060B11A78550709D5D3F8CC2022
:102F800012B19047D4F8C4301A786FF382021A70E5
:102F9000D4F8C8307BB1D3F8D00060B11A785107AB
:102FA00009D5D3F8CC2012B19047D4F8C8301A789C
:102FB0006FF382021A70D4F8CC307BB1D3F8D00012
:102FC00060B11A78520709D5D3F8CC2012B19047D6
:102FD000D4F8CC301A786FF382021A70D4F8D0305B
:102FE0006BB1D86E58B11A78560708D59A6E12B1DF
:102FF0009047D4F8D0301A786FF382021A70D4F860
:10300000D4306BB1D86E58B11A78550708D59A6E7E
:1030100012B19047D4F8D4301A786FF382021A7044
:10302000D4F8D8307BB1D3F8D00060B11A7851070A
:1030300009D5D3F8CC2012B19047D4F8D8301A78FB
:103040006FF382021A70D4F8DC307BB1D3F8D00071
:1030500060B11A78520709D5D3F8CC2012B1904745
:10306000D4F8DC301A786FF382021A70D4F8E030AA
:103070006BB1586C58B11A78560708D51A6C12B152
:103080009047D4F8E0301A786FF382021A70D4F8BF
:10309000683173B194F8E820D5070AD5900708D4B1
:1030A00004F1F000984794F8E83043F0020384F804
:1030B000E830D4F86C3173B194F8E82051070AD5A0
:1030C000120708D404F59470984794F8E83043F058
:1030D000080384F8E830002384F8243270BD704778
:1030E00038B5B0F82C5204466DB1D0F82832BBB1D7
:1030F00090F88C0130B1D4F8880118B1164921F04C
:10310000D7FD002038BD90F88C010028FAD0D4F803
:1031100088010028F6D0114921F0CAFD284638BDA3
:10312000284625F0A5F894F88C31C4F828026BB134
:10313000D4F8880150B10A4921F02AFDD4F8880159
:10314000B4F82C1210B10A2221F0F6FF0023C4F8C3
:103150002E32012038BD00BF18720700C47107006D
:103160005C7207002DE9F0430446D0F8280283B0D2
:10317000002800F03E81B4F82C22002A00F03981AA
:10318000B4F82E72B4F83062B74236BFD319BB1B05
:103190009B1B0D4649889BB20831D31A89B29BB25A
:1031A00099420ED994F88C31002B00F03381D4F879
:1031B000880118B1CE4921F07BFD002003B0BDE8A5
:1031C000F083D61BB6B2022E28BF02263844C6F1C1
:1031D000020746F2B52332466946BFB2ADF8003069
:1031E0002DF094FC002F40F01B81B4F82E720237B2
:1031F000BFB2A4F82E72B4F83032BB4200F238816C
:10320000FB1AB4F82C629BB2B4F83222D4F828022C
:103210009A42A6EB070292B238BFA4F83232012AD2
:1032200028BF0122384429462DF070FCBE4200F030
:103230002F81B4F82E620136B6B2A4F82E62304661
:10324000B4F83032B34200F20D81F31AB4F82C72A4
:103250009BB2B4F832229A42A7EB060238BFA4F818
:10326000323292B2D4F82832012A28BF01221844FF
:10327000691C2DF04BFCB74200F00081B4F82E72AF
:103280000137BAB2A4F82E221146B4F830329A426D
:10329000C0F0E280D31AB4F82C729BB2B4F83202B8
:1032A000BF1A9842BFB238BFA4F83232022F28BFEB
:1032B0000227D4F828026B88ADF80430C7F1020663
:1032C00008443A4601A9B6B22DF020FC002E40F089
:1032D000F380B4F82E620236B6B2A4F82E62B4F8C7
:1032E0003032B34200F2B280F31AB4F82C729BB2BF
:1032F000B4F83222D4F82802D5F808909A4238BFA0
:10330000A4F83232B5F80280BF1BBFB2474528BFD0
:1033100047463044A8EB07063A464946B6B22DF078
:10332000F5FB002E40F0BE80B4F82E624644B6B2E3
:10333000A4F82E62B4F830329E42C0F08180F31AB5
:10334000B4F82C729BB2B4F83222D4F828029A4214
:10335000A7EB060292B238BFA4F83232012A28BF86
:103360000122304405F10C012DF0D0FBBE4200F0EB
:10337000B580B4F82E620136B6B2A4F82E6230469B
:10338000B4F83032B34255D8F31AB4F82C729BB269
:10339000B4F832229A42A7EB060238BFA4F83232C0
:1033A00092B2D4F82832012A28BF0122184405F12C
:1033B0000D012DF0ABFBBE4200F08880B4F82E3238
:1033C00001339BB2A4F82E32B4F830229A4285BF62
:1033D000B4F82C128A1A9B1A9B18B4F832229BB2AA
:1033E0009A424FF0010038BFA4F8323203B0BDE872
:1033F000F08394F88C0100283FF4E0AED4F8880103
:1034000000283FF4DBAE3B4921F052FC002003B022
:10341000BDE8F08394F88D0100283FF4CFAEC6E6F6
:10342000D4F828020DEB06013A462DF06FFBA4F804
:103430002E72E0E6B4F82C72FB1A33449BB2A7E775
:10344000B4F82C72FB1A33449BB27CE7B4F82C72AC
:10345000FB1A33449BB24BE7B4F82C72FB1A1344AB
:103460009BB21BE7B4F82C72FB1A33449BB2F0E614
:10347000B4F82C62F31A3B449BB2C5E6D4F8283268
:103480006A781A7001231A46A4F82E321946FCE60F
:10349000D4F828322A781A7001231E46A4F82E3256
:1034A0001846CDE6D4F8280209EB070132462DF084
:1034B0002DFBA4F82E623DE701ABD4F82802D91900
:1034C00032462DF023FBA4F82E6208E7D4F8283208
:1034D0006A7B1A700123A4F82E3275E7D4F82832DB
:1034E0002A7B1A7001231E46A4F82E32184647E79D
:1034F000AC720700847207002DE9F04F0E78731E3E
:1035000083B00C460546272B29D8DFE813F0570077
:10351000CD002800280028002800280028002800C6
:10352000F501280028000903280028001D032800B1
:103530002800F6032800280028002800280028007A
:10354000280028002800280028002800280028003B
:1035500028002800280028002800700499044F78CB
:10356000D5F820323BB31A4601E05268AAB111786F
:10357000B142FAD15178B942F7D192786AB1214675
:103580002846FFF7EFFDD5F820322678677893B10B
:103590001A78B24204D05B686BB11A78B242FAD1A1
:1035A0005A78BA42F7D1DB782BB12B68C14A1B6934
:1035B000934240F0568403B0BDE8F08F0B68BE4ADA
:1035C00023F0FF03934200F0F186BC4A934200F0DF
:1035D0004285BB4A934201F0F982BA4A934201F014
:1035E0004583B94A934201F09985B84A934202F063
:1035F000BE80B74A934202F02E81B64A934202F04F
:10360000DF81B54A934202F0D084B44A934202F07B
:103610003E84B34A934202F0A882B24A934203F036
:10362000F180B14A934202F0A287B04A934202F07D
:103630005B87AF4A934203F061804F78352F02F0E9
:10364000E787432F03F02D813C2F02F02B86B3F543
:10365000831F02F08185A74A934281D1EB69002B39
:103660003FF47EAFA06800220138114610F8016FC8
:1036700096400832202A41EA0601F7D11A695960BA
:103680004FF0FF30986042B11878000705D4116000
:10369000EB691A7842F008021A701B785A0700F199
:1036A0008E85267867785BE74F78722F00F0298740
:1036B000732F00F08484342F01F0DC81132F01F08C
:1036C0009783152F01F07286142F7FF449AF836F13
:1036D000002B3FF445AF8A6812781A718B68826FAD
:1036E000997958791E79090441EA0021D879314342
:1036F00041EA00619160997A587A1E7A090441EA98
:103700000021D87A314341EA0061D160997B587B2E
:103710001E7B090441EA0021D87B314341EA006164
:103720001161997D587D1E7D090441EA0021D87DF3
:10373000314341EA00619161587E197E41EA0021DE
:103740009183D87E997E41EA0021D183587F197FE9
:1037500041EA0021118493F8210093F8201041EAF6
:103760000021918493F8223082F82630A368A96F53
:1037700093F8233081F82730002007467DE06388E6
:103780002C3B834240F38580A36803445C2F93F86D
:103790002C3082F83030A268AB6F024403EBC603D2
:1037A00092F82D2083F83120A268AB6F024403EB1E
:1037B000C60392F82E2083F83220A268AB6F024431
:1037C00003EBC60392F82F2083F83320A368A96F78
:1037D000034401EBC60193F8322093F831C093F80B
:1037E00030E04FEA024242EA0C2293F833C042EA48
:1037F0000E0242EA0C624A6393F8362093F835C011
:1038000093F834E04FEA024242EA0C2293F837C0C0
:1038100042EA0E0242EA0C628A6393F839C093F8D6
:10382000382042EA0C228A8793F83BC093F83A206A
:1038300042EA0C22CA8793F83E2093F83DC093F8E1
:103840003CE04FEA024242EA0C2293F83FC042EACF
:103850000E0242EA0C620A6493F8403081F8443068
:10386000A268AB6F024403EBC60392F8412083F8D1
:103870004520A96F00F118000BD091F826C0FBB2CB
:1038800007EB47069C4501EBC60207F101073FF62F
:1038900076AFD1F8D808012381F8D0380B7810B171
:1038A0001A0742F171835F0700F1898426786778EF
:1038B00056E600BF19730200000114000003100057
:1038C000000412000005200000075C00000914003D
:1038D000001114000012240000131C000014240026
:1038E00000177400002114000022140000261800A4
:1038F000003B2800006104004F78362F00F06A84F6
:1039000023688E4A23F0FF0393427FF429AED5F853
:103910008820002A3FF424AEA36899785878DE788E
:10392000090441EA0021187841EA06610143516027
:10393000997958791E79090441EA0021D8793143EF
:1039400041EA00619160997A587A1E7A090441EA45
:103950000021D87A314341EA0061D160997B587BDC
:103960001E7B090441EA0021D87B314341EA006112
:103970001161587C197C41EA00219182D87C997CA4
:1039800041EA0021D1821B7D1376A268D5F88830E8
:10399000527D5A76A268D5F88810937D8B76937EF7
:1039A000507E167E1B0443EA0023D07E334343EA55
:1039B0000063CB61137F81F82030A268D5F888308E
:1039C000527F83F82120A268D5F88830927F83F84F
:1039D0002220A268D5F88830D27F83F82320A268FD
:1039E000D5F8883092F8202083F82420A268D5F8F2
:1039F000883092F8212083F82520D5F88830A268F5
:103A000092F8222083F82620A268D5F8883092F810
:103A1000232083F82720A268D5F8883092F8242044
:103A200083F82820A268D5F8883092F8252083F8FA
:103A30002920A268D5F8883092F8262083F82A2019
:103A4000A268D5F8883092F8272083F82B20A26846
:103A5000D5F8883092F8282083F82C20A268D5F871
:103A6000883092F8292083F82D20D5F88830A26874
:103A700092F82A2083F82E20A268D5F8883092F890
:103A80002B2083F82F20A268D5F8883092F82C20BC
:103A900083F83020A268D5F8883092F82D2083F87A
:103AA0003120A368D5F8882093F8321093F83100BC
:103AB00093F83060090441EA002193F83300314360
:103AC00041EA0061516393F8361093F8350093F89A
:103AD0003460090441EA002193F83700314341EA98
:103AE0000061916393F83A1093F8397093F8386055
:103AF00093F83B000B0443EA0723334343EA006394
:103B00004FF0FF31C2E90F31936C117813B1080700
:103B100041F1C8854B0700F15283267867781FE58D
:103B20000B68074A23F0FF03934200F08F86054A93
:103B3000934200F09C814F7812E500BF00093C00E1
:103B400000031C00000110000B68BB4A23F0FF03B8
:103B5000934200F0DB86B94A934200F0BF824F786F
:103B6000022F00F0B787032F01F0E980102F7FF4B8
:103B7000F7ACD0F89C10002901F0E286A268937897
:103B80005078D6781B0443EA0023107843EA066392
:103B900003434B6013790B72A268D5F89C30127BFB
:103BA0001A74A268D5F89C30D27BDA74D5F89C30B0
:103BB000DA7C002A00F092806288102A40F28E801F
:103BC000A268117C1975517C5975927C9A75D5F84B
:103BD0009C30A268D97CD07CD87501297ED96188B7
:103BE00014297BD9117D1976517D5976927D9A766B
:103BF000D5F89C30A268D97CD07DD87602296DD9C1
:103C0000618818296AD9117E1977517E5977927E79
:103C10009A77D5F89C30A268D97CD07ED8770329D2
:103C20005CD961881C2959D9117F83F82010517FF4
:103C300083F82110927F83F82220D5F89C30A26867
:103C4000D97CD07F83F82300042947D961882029B3
:103C500044D992F8201083F8241092F8211083F8A8
:103C6000251092F8222083F82620D5F89C30A268EF
:103C7000D97C92F8230083F8270005292ED9618882
:103C800024292BD992F8241083F8281092F82510B3
:103C900083F8291092F8262083F82A20D5F89C3042
:103CA000A268D97C92F8270083F82B00062915D941
:103CB0006188282912D992F8281083F82C1092F8DC
:103CC000291083F82D1092F82A2083F82E20A2685C
:103CD000D5F89C3092F82B2083F82F209A6B4FF068
:103CE000FF311963197812B1080742F1D6814B07E9
:103CF00000F165822678677832E40B6823F0FF03D1
:103D0000B3F5062F00F09F834F78802F7FF428AC07
:103D10004B88A42B3FF624ACD0F8B40000283FF425
:103D20001FAC037841788B4236BF9A1F5A1A521A39
:103D3000D2B2F82A01F2F484AC2101FB0303B522CC
:103D40009A70D5F8B420137801FB03236222DA704D
:103D5000D5F8B420137801FB032313221A71D5F888
:103D6000B420137801FB032380225A71D5F8B420C4
:103D70006088137801FB03239871D5F8B40062883A
:103D8000037801FB0303120ADA716388002273B11E
:103D9000D5F8B400A668037801FB030390B203448E
:103DA000305C18726088013293B29842F0D8D5F82E
:103DB000B420207B1378AC2101FB032383F8AC00F3
:103DC000D5F8B420607B137801FB032383F8AD00A2
:103DD000D5F8B420137801331370D5F8B4301A78BD
:103DE000FA2A02F0488126786778FFF7B9BB4F7846
:103DF000092F7FF4B5ABD0F8AC30002B3FF4B0AB5B
:103E00008A6812781A71D0F8AC301A79012A01F058
:103E1000AB80022A01F0CC80DA6A012183F82410F9
:103E2000197812B1080741F1FD834B0700F1C781F2
:103E300026786778FFF794BB001410000015240063
:103E40000B6823F0FF03B3F5900F00F00484A14A40
:103E500093424CD0A04A934200F09A854F78FFF7E6
:103E60007FBB2146284603B0BDE8F04F1847D0F885
:103E70008030002B01F046818A68D86991785778A4
:103E8000D678090441EA072141EA066116783143F0
:103E90005960917957791679090441EA072131432C
:103EA000D67941EA06619960917A577A167A0904BF
:103EB00041EA07213143D67A41EA0661D960567B4F
:103EC000117B41EA06211982917B9974D27BDA74C5
:103ED0004FF0FF325A611A7810B1110741F1A784EF
:103EE000530700F16C8126786778FFF739BBD0F86B
:103EF000A420002A01F0598089688B784878CE7810
:103F00001B0443EA0023087843EA06630343536033
:103F10000B791372A268D5F8A430917A507A167A88
:103F2000090441EA0021D07A314341EA0061D960B5
:103F3000917B507B167B090441EA0021D07B314301
:103F400041EA00611961917C507C167C090441EAC8
:103F50000021D07C314341EA00615961917D507D5F
:103F6000167D090441EA0021D07D314341EA006118
:103F70009961917E507E167E090441EA0021D07E2F
:103F8000314341EA0061D961917F577FD07F167F2D
:103F90000A0442EA07223243D96A42EA00624FF039
:103FA000FF30C3E908201A7811B1100741F1998355
:103FB000530700F1048126786778FFF7D1BA826E43
:103FC0001378C3F3C101C3F3C0001B0742F14F8054
:103FD0004B087FF4C5AA02274FF488769368B52270
:103FE0009A55AB6E9B68334462225A70AB6E9B68E5
:103FF000334402229A70AB6E9B6833447322DA70AA
:10400000AB6E62889B6833441A71AB6E62889B68A2
:10401000334412125A71AB6E62889868A1683044BA
:1040200006302CF073FDAB6E227B9B68334483F823
:104030000E21AB6E627B9B681E4486F80F21AA6E30
:104040001378C3F3C1010F4367F3C40313702678D9
:104050006778FFF785BA4169002901F05680A268A8
:1040600093785078D6781B0443EA0023107843EA0B
:10407000066303434B6013790B726B695179597274
:1040800091799972D179D972917A507A167A090414
:1040900041EA0021D07A314341EA0061D960917B45
:1040A000577BD07B167B0A0442EA07223243D96948
:1040B00042EA00624FF0FF30C3E904201A7811B1E0
:1040C000100741F14483530779D426786778FFF7C6
:1040D00047BA00BF0001200000022400D0F8903051
:1040E000002B01F00C808A6891785078D67809040A
:1040F00041EA0021107841EA066101435960917A52
:10410000507A167A090441EA0021D07A314341EA13
:104110000061D960917B507B167B090441EA002144
:10412000D07B314341EA00611961917C507C167C5F
:10413000090441EA0021D07C314341EA0061596120
:10414000917D507D167D090441EA0021D07D3143E7
:1041500041EA00619961917E507E167E090441EA30
:104160000021D07E314341EA0061D961507F917FC7
:10417000167F090441EA0021D07F314341EA006102
:10418000196292F8221092F8217092F8206092F849
:1041900023001A6B090441EA0721314341EA006117
:1041A0004FF0FF30C3E90910197812B1080741F147
:1041B00023834B0703D426786778FFF7D1B92146CC
:1041C0002846FEF7CFFF00287FF4DDA92678677820
:1041D000FFF7C6B94B88B3F5907F3FF691ABD0F8A7
:1041E0008430002B3FF4BCA98A6812781A718A685F
:1041F000D0F8843052785A718A68D0F88430917837
:10420000997112791A72A268D0F8843052795A7270
:10421000A268D0F8843092799A72A268D0F884307B
:10422000D279DA72D0F884100020064691F8058021
:104230001FFA86FE06EB8602731CF04501EBC20CEA
:1042400003EB83071E4640F2A0806388083B83424D
:1042500040F39B80A3680344072E93F809E0197A82
:1042600041EA0E21ACF80C1093F80BE0997A41EA80
:104270000E21ACF80E10997B93F80DE093F80C80AA
:104280004FEA014141EA0E2193F80FE041EA0801AB
:1042900041EA0E61CCF810101B7C8CF81430A16838
:1042A000D5F88430014403EBC203497C5975A368F7
:1042B000D5F88410034401EBC20C93F813E0997C09
:1042C00041EA0E21ACF81610997D93F815E093F8A9
:1042D00014804FEA014141EA0E2193F817E041EAC8
:1042E000080141EA0E61CCF818101B7E8CF81C30D6
:1042F000A168D5F88430014403EBC203497E5977A5
:10430000A368D5F88410034401EBC20293F81BE0C4
:1043100093F81AC04CEA0E2CA2F81EC093F81DE0C8
:1043200093F81CC04CEA0E2CA2F820C093F81FE0B2
:1043300093F81EC04CEA0E2CA2F822C093F821E09C
:1043400093F820C04CEA0E2CA2F824C093F823E086
:1043500093F822C04CEA0E2CA2F826C093F82E2027
:1043600093F82D8093F82CE093F82FC04FEA024386
:1043700043EA082301EBC70743EA0E0343EA0C6351
:1043800000F12800BB607FF451AFD1F82C0101236C
:1043900081F824310B7810B11F0741F1A9825E0723
:1043A0003FF50DAF26786778FFF7DAB80269002A83
:1043B00000F015858B68106A99785F78DE780904BB
:1043C00041EA072141EA06611E783143516099793B
:1043D0005F791E79090441EA07213143DE7941EA18
:1043E00006619160997A5F7A1E7A090441EA072191
:1043F0003143DE7A41EA0661D160997B5F7B1E7BA7
:10440000090441EA07213143DE7B41EA066111617B
:10441000997C93F811C01F7CDE7C0B0443EA0C23CB
:104420003B4343EA06634FF0FF31C2E9053113789D
:1044300010B11F0741F1D8805E073FF5C0AE267866
:104440006778FFF78DB8D0F8B030002B00F0C48447
:1044500018785978884236BF00F11002421A521A71
:10446000D2B20E2A00F2F583A26803EBC0031278E1
:104470009A70D5F8B030A2681978527803EBC1036E
:10448000DA70D5F8B030A2681978927803EBC103DE
:104490001A71D5F8B030A2681978D27803EBC1034D
:1044A0005A71D5F8B030A2681978127903EBC103BC
:1044B0009A71D5F8B030A2681978527903EBC1032C
:1044C000DA71D5F8B030A2681978927903EBC1039C
:1044D0001A72D5F8B030A2681978D27903EBC1030B
:1044E0005A72D5F8B020137801331370D5F8B03074
:1044F0001A78102A04BF00221A7026786778FFF70E
:104500002FB8036E002B6DD09B68002B6AD08A6891
:1045100012781A708B68016E9A78D878896842EAA6
:1045200000224A809A7958791E79120442EA0022C0
:10453000D879324342EA00624A609A7A587A1E7AFF
:10454000120442EA0022D87A324342EA00628A60C8
:104550009A7B587B1E7B120442EA0022D87B3243AE
:1045600042EA0062CA60587C1A7C42EA00220A824F
:104570009B7C8B742B6EA2689B68D27CDA742B6E4A
:104580009B681A78002A40F00685A26892F80D020E
:1045900092F80C1241EA0021998292F80E229A7543
:1045A0002B6E99680A78002A40F0EE8414264FF4A6
:1045B000FC70012340F2F91703E0BB420DD02A6ED4
:1045C0009168A26832441A44194412F8012CCA7541
:1045D0009AB2904203F10103EFD82B6E1A7842F0A1
:1045E00008021A706B6E002B00F0CE819B68002BC6
:1045F00000F0CA81B5221A706B6E9B6862225A70F5
:104600006B6E9B6802229A706B6E9B687222DA70E6
:104610006B6E62889B681A716A6E638892681B125F
:1046200053716B6E62889868A16806302CF06EFA40
:104630006B6E227B9B6883F816226B6E627B9B6895
:1046400083F817226A6E137843F0080313702678F4
:104650006778FEF785BFD0F8A010002900F0C58369
:10466000A26893785078D6781B0443EA0023107828
:1046700043EA066303434B605079137943EA00230E
:104680000B8193798B72A268D5F8A030D279DA7257
:10469000A268D5F8A030127A1A73A268D5F8A030B3
:1046A000527A5A73A268D5F8A030927A9A73A268A7
:1046B000D5F8A010D37ACB73507B937B167B1B0469
:1046C00043EA0023D07B334343EA00630B61137C4E
:1046D0000B75A368D5F8A0105A7C4A759A7D587D51
:1046E0001E7D120442EA0022D87D324342EA006273
:1046F0008A619A7E587E1E7E120442EA0022D87E8B
:10470000324342EA0062CA619A7F587F1E7F1204D8
:1047100042EA0022D87F324342EA00620A6293F8FA
:10472000222093F8210093F82060120442EA00222C
:1047300093F82300324342EA00624A6293F826204B
:1047400093F8250093F82460120442EA002293F8BB
:104750002700324342EA00628A6293F82A2093F8E3
:10476000290093F82860120442EA002293F82B00F3
:10477000324342EA0062CA6293F82E2093F82D0079
:1047800093F82C60120442EA002293F82F0032437F
:1047900042EA00620A6393F8322093F8310093F8FA
:1047A0003060120442EA002293F83300324342EAB6
:1047B00000624A6393F8362093F8350093F834602A
:1047C000120442EA002293F83700324342EA0062C0
:1047D0008A6393F83A2093F8390093F8386012040A
:1047E00042EA002293F83B00324342EA0062CA6385
:1047F00093F83E2093F83D0093F83C60120442EA9F
:10480000002293F83F00324342EA00620A6493F8C0
:10481000422093F8417093F8400093F843601304EA
:1048200043EA07230343486D43EA06634FF0FF3230
:104830004B64CA640B7810B11F0740F1E7865E072E
:104840003FF5BDAC26786778FEF78ABEC36F002BB4
:1048500000F0C8828A6811781971C36F5178597154
:10486000D078917841EA0021D9805079117941EAD4
:1048700000211981D079917941EA00215981917AF9
:10488000507A167A090441EA0021D07A314341EA8C
:104890000061D960917B507B167B090441EA0021BD
:1048A000D07B314341EA00611961917C507C167CD8
:1048B000090441EA0021D07C314341EA0061596199
:1048C000917D507D167D090441EA0021D07D314360
:1048D00041EA00619961917E577ED07E167E0A047E
:1048E00042EA07223243996A42EA00624FF0FF30FF
:1048F000C3E907201A7811B1160740F1BD865007A9
:104900003FF55DAC26786778FEF72ABED0F88C209C
:10491000002A00F0118289688B784878CE781B04D1
:1049200043EA0023087843EA0663034353600B79A4
:104930001372D5F88C304A795A728A799A728A7AC7
:10494000487A0E7A120442EA0022C87A324342EAD6
:104950000062DA604E7B0A7BD86942EA06221A823C
:10496000CE7B8A7B4FF0FF3142EA06225A825961A0
:104970001A7810B1170740F16E8656073FF51FAC45
:1049800026786778FEF7ECBD26786778FEF7E8BDF5
:10499000D0F8A830002B00F0BD868A689178507856
:1049A000D678090441EA0021107841EA0661014302
:1049B0005960917A507A167A090441EA0021D07A36
:1049C000314341EA0061D960917B507B167B090439
:1049D00041EA0021D07B314341EA00611961917CB9
:1049E000507C167C090441EA0021D07C314341EA25
:1049F00000615961917D507D167D090441EA0021D5
:104A0000D07D314341EA00619961917E507E167EEE
:104A1000090441EA0021D07E314341EA0061D961B5
:104A2000507F917F167F090441EA0021D07F3143F6
:104A300041EA0061196292F8221092F8217092F80E
:104A4000206092F823001A6B090441EA07213143E0
:104A500041EA00614FF0FF30C3E90910197812B143
:104A60000F0740F152874E073FF5A9AB26786778CC
:104A7000FEF776BDC36E002B3EF472AD9B68002B33
:104A80003EF46EAD8A6812781A70C36E8A689B68AD
:104A900052785A708A68C16E937956791079D779AD
:104AA0001B0443EA062303438E68087843EA07633E
:104AB0007360577A137A43EA07233381D77A927A5D
:104AC00040F0080342EA072272810B70267867786B
:104AD000FEF746BDD0F8941000293EF441ADA7681A
:104AE000B4F802A0BB787E78F8783A781B0443EAE1
:104AF000062343EA006313434B607A793B7943EA28
:104B000002230B81F879BB794A7A43EA0023D20861
:104B10006FF0070C01F10800019200EB82090AEB2B
:104B20000C084B813A46ACEB010C01F1840E13E00A
:104B3000984515DD937A567A92F808B01B0443EA3B
:104B40000623D67A43EA0B0343EA066340F8043FA0
:104B5000864502F1040203D081450CEB0003E7D146
:104B6000019A0232BAEB820F4FEA82030CD9FA188B
:104B7000F85C93785678D2781B0443EA062343EA1C
:104B800002630343C1F88830D1F89000B0B10E88B9
:104B90003707C6F3C502C6F3C00341F1BE829607CC
:104BA00041F1D182530741F1D482170741F1CE82FE
:104BB000D60641F1B182530901F0F4820B785B070C
:104BC0003FF5FDAA26786778FEF7CABC8369002BFB
:104BD00000F0BA858968186A8A784F78CE7812040E
:104BE00042EA072242EA06620E7832435A604E7960
:104BF0000A7942EA06221A81CE798A7942EA0622A5
:104C00005A814E7A0A7A42EA06229A81CE7A8A7AC2
:104C100042EA0622DA814E7B0A7B42EA06221A82A7
:104C2000CE7B8A7B42EA06225A824E7C0A7C4FF077
:104C3000FF3142EA06229A8299611A7810B1170769
:104C400040F1818656073FF5BAAA26786778FEF7C5
:104C500087BC95F88C31002B40F07A8195F88D3126
:104C6000002B40F075816778FEF77ABC016A002955
:104C700000F0EE85A26853789078D6781B0243EA5C
:104C80000043107843EA066303434B6013790B72C9
:104C9000A2682B6A517A907A167A090241EA004199
:104CA000D07A314341EA0061D960517B907B167B19
:104CB000090241EA0041D07B314341EA00611961B8
:104CC000517C907C167C090241EA0041D07C314342
:104CD00041EA00615961517D907D167D090241EAEA
:104CE0000041D07D314341EA00619961517E907E5F
:104CF000167E090241EA0041D07E314341EA00615B
:104D0000D961917F577FD07F167F0A0442EA07223C
:104D10003243D96A42EA00624FF0FF30C3E908200B
:104D20001A7811B1100740F1208653073FF547AAC2
:104D300026786778FEF714BC4F78FEF711BCD0F8E0
:104D4000981000293EF40CAC6288131F48BFD31C96
:104D5000DB1081F838326688D0F898100336F608F0
:104D6000F60004360846042224E0A3689F1813F8CE
:104D700002E0BB7897F8018097F803C01B0443EA70
:104D8000082343EA0E0343EA0C638360BB7997F878
:104D900005E097F804C0FF791B0443EA0E2343EAB9
:104DA0000C03083243EA0763B2F50D7FC36000F1DC
:104DB000080001D09642D8D1D1F84002002800F076
:104DC000FA850B781F0740F1E8855E073FF5F7A9E4
:104DD00026786778FEF7C4BB4F78FEF7C1BB4F78E3
:104DE000FEF7BEBB4F78FEF7BBBB6778FEF7B8BBDC
:104DF000036F002B3EF4B4AB8A6811781971036F0E
:104E000051785971036FD178D971036F1179197283
:104E1000036F51795972036F91799972016F0F7A0B
:104E200001F108006FF0070600EB870701F1480C5D
:104E3000761A874206EB000E17D06388083B73454D
:104E400013DD937A92F809E092F808801B0443EA94
:104E50000E2392F80BE043EA080343EA0E6340F89E
:104E6000043F844502F10402E3D1486D012681F834
:104E70004C60002830D00A68C2F3CD03C2F3C007EB
:104E8000120741F108869A0740F11B865F0741F13E
:104E9000C8811E0741F1C381DA0641F1CA819F062C
:104EA00041F1C5815E0641F1C0811A0641F1BB8125
:104EB000DF0541F111869E0541F10B865A0541F14E
:104EC00005861F0541F1FF85DE0440F1F9855B0B86
:104ED00008BF0D2600F0F585C86D002830D04A883F
:104EE000C2F34D03C2F34006920740F1FF859F07CE
:104EF00041F1D4855E0741F1D7851A0741F1D1858B
:104F0000DF0641F1DD859E0641F1D7855A0641F164
:104F1000D1851F0641F1CB85DE0541F1E9859A0572
:104F200041F1E3855F0541F1DD851E0541F1D7853E
:104F3000DA0440F1DA855B0B08BF0D2600F0D68558
:104F40000B785F073FF53BA926786778FEF708BB2B
:104F5000D5F88801002800F0E0836D491FF0A8FE15
:104F600026786778FEF7FCBA4A880C2A7EF454AF9C
:104F70008A681279DA728A68D0F8AC30127ADA73F9
:104F8000D0F8AC30FEF748BF488800283FF426AB85
:104F90001826FFF70EBBA268507D117D41EA002163
:104FA0009982927D9A75FFF7FBBA4F78FEF7D8BACF
:104FB0008A6852781A728A68D0F8AC30D2789A72BD
:104FC000D0F8AC20917A062913462BD990F88C1191
:104FD00019B3D0F88801002800F0E4874D491FF08C
:104FE000D7FDD5F8AC20D5F88801917A002800F0DB
:104FF000D9870A2220F0D2F8D5F88801002800F0DD
:10500000CF8745491FF0C4FDD5F8880118B10A22A1
:10501000062120F091F8D5F8AC3006229A72D5F826
:10502000AC30997A00293EF4F7AEA1688A794E79BE
:105030000879C979120442EA0622024342EA01626F
:10504000DA60D5F8AC309A7A012A7EF6E5AEA1682E
:105050008A7A4E7A087AC97A120442EA0622024310
:1050600042EA01621A61D5F8AC309A7A022A7EF6D9
:10507000D3AEA1688A7B4E7B087BC97B120442EACF
:105080000622024342EA01625A61D5F8AC309A7AAC
:10509000032A7EF6C1AEA1688A7C4E7C087CC97C5E
:1050A000120442EA0622024342EA01629A61D5F8FA
:1050B000AC309A7A042A7EF6AFAEA1688A7D4E7D26
:1050C000087DC97D120442EA0622024342EA0162D7
:1050D000DA61D5F8AC309A7A052A7EF69DAEA168E1
:1050E0008A7E4E7E087EC97E120442EA0622024370
:1050F00042EA01621A62D5F8AC30FEF78DBE4F78F5
:10510000FEF72EBA4F78FEF72BBA6778FEF728BA6B
:10511000EC720700707307008C730700416A002966
:1051200000F0CB84A26853789078D6781B0243EACB
:105130000043107843EA066303434B6050791379C8
:1051400043EA00230B8193798B72A2686B6AD27950
:10515000DA72A2686B6A127A1A73A2686B6A527A60
:105160005A73A2686B6A927A9A73A368696ADA7A48
:10517000CA73987B5A7B1E7B120242EA0042D87B9C
:10518000324342EA00620A615A7C987C1E7C120219
:1051900042EA0042D87C324342EA00624A611B7D07
:1051A0000B76A2686B6A517D5976917D9976D27D96
:1051B000DA76A368696A5A7E987E1E7E120242EAF7
:1051C0000042D87E324342EA0062CA615A7F987F29
:1051D0001E7F120242EA0042D87F324342EA006256
:1051E0000A6293F8220093F8212093F820601202BB
:1051F00042EA004293F82300324342EA00624A62E4
:1052000093F8252093F8260093F82460120242EACE
:10521000004293F82700324342EA00628A6293F820
:10522000292093F82A0093F82860120242EA0042EB
:1052300093F82B00324342EA0062CA6293F82D20B1
:1052400093F82E0093F82C60120242EA004293F881
:105250002F00324342EA00620A6393F8312093F848
:10526000320093F83060120242EA004293F83300B1
:10527000324342EA00624A6393F8352093F83600DD
:1052800093F83460120242EA004293F83700324346
:1052900042EA00628A6393F8392093F83A0093F85F
:1052A0003860120242EA004293F83B00324342EA7D
:1052B0000062CA6393F83D2093F83E0093F83C6087
:1052C000120242EA004293F83F00324342EA00628F
:1052D0000A6493F8412093F8420093F84060120268
:1052E00042EA004293F84300324342EA00624A64D1
:1052F00093F8452093F8460093F84460120242EA7E
:10530000004293F84700324342EA00628A6493F80D
:10531000492093F84A0093F84860120242EA00429A
:1053200093F84B00324342EA0062CA6493F84D009E
:1053300093F84C2042EA0022A1F8502093F84F0045
:1053400093F84E2042EA0022A1F8522093F855200B
:1053500093F8560093F85460120242EA004293F820
:105360005700324342EA00628A6593F8596093F825
:105370005820C86E42EA0622A1F85C2093F85B2010
:1053800093F85A3043EA02234FF0FF32A1F85E301F
:10539000C1E918220B7810B11F0740F1B2865E07F1
:1053A0003EF50DAF26786778FEF7DAB8436F002B2D
:1053B0003EF4D6A88A6812789A708A68436F527849
:1053C000DA708A68436F92781A718A68436FD2786C
:1053D0005A718A68436F12799A718A68436F527959
:1053E000DA718A68436F92791A728A68436FD27948
:1053F0005A72416FA368587A1A7A42EA00224A81A7
:105400009B7A0B73A2686B6FD27A5A73A2686B6F28
:10541000117B9973527BDA73696F10230020CDE002
:105420006688103EB6EB401F4FEA401240F3CB8037
:10543000A6681144F65C8E74A668696F1E44114418
:10544000367A8E76A668696F01301E4401EB4011F2
:10545000367C8E70A668696F1E4411447678CE74CF
:10546000A668696F1E441144767ACE76A668696F85
:105470001E441144767C81F82360A668696F1E443F
:105480001144B6780E75A668696F1E441144B67A49
:105490000E77696FA6681E441144B67C81F82460BB
:1054A000A668696F1E441144F6784E75A668696F48
:1054B0001E441144F67A4E77A668696F1E44114463
:1054C000F67C81F82560A668696F1E441144367920
:1054D0008E75A668696F1E441144367B8E77A66868
:1054E000696F1E4411447679CE75A668696F1E44B3
:1054F0001144767BCE77696FA6681E441144B67955
:105500000E76A668696F1E441144B67B81F8206050
:10551000A668696F1E441144F6794E76A668696FD5
:105520001E441144F67B81F82160A668696F1E4411
:1055300001EB4011367D8E71A668696F1E4401EB48
:105540004011767DCE71A668696F1E4401EB401153
:10555000B67D0E72A668696F1E4401EB4011F67DA0
:105560004E726E6FA1681944164491F819C00F7EEF
:1055700047EA0C277785897E86F82C10A668696F24
:105580001E441144F67E81F82D60A668696F1E44A2
:105590001144367F81F82E60A668696F1E4411445D
:1055A000767F81F82F60A668696F1E440A44B67F33
:1055B00082F830605C2803F1200304D04E7BC2B235
:1055C00096423FF62DAFD1F8980B012381F8923B1C
:1055D0000B7810B11E0740F1548559073EF5EFAD29
:1055E00026786778FDF7BCBF52F8043F566891688B
:1055F000D768C760036046608160136903612A69E8
:10560000137843F008031370FEF716BF48220431E5
:105610002BF07CFAD5F8A020137843F00803137020
:10562000FFF70DB953F8046F58689968DF68D760C1
:1056300016605060916099691E695869DF69D76189
:10564000166150619161D5F8AC30197841F00801CC
:105650001970FEF7EABB53F8046F9A685968DB6863
:10566000C360066041608260D5F88C301A7842F0E1
:1056700008021A70FFF781B953F8040F5A689E6840
:10568000DF68CF6008604A608E605A6918699E6959
:105690008E6108614A61EB6F1A7842F008021A7055
:1056A000FFF72DB9111D34320F684E688868D1F8A4
:1056B0000CC0C3F80CC0103191421F605E6098604E
:1056C00003F11003F0D108684A688968996018608E
:1056D0005A60D5F88830197841F008011970FEF742
:1056E00019BA53F8046F58689A68DF68CF600E6083
:1056F00048608A609A691E695869DF69CF610E61E6
:1057000048618A61D5F8A4301A7842F008021A700C
:10571000FEF74EBC4F78FDF723BF6778FDF720BF3B
:1057200095F88C3123B995F88D31002B3DF418AFE5
:10573000D5F8880100283DF413AFA0491FF0B8FA4E
:1057400026786778FDF70CBF4F78FDF709BF53F84F
:10575000046F9A685868DB68CB600E6048608A60A6
:105760006B691A7842F008021A70FEF7ACBC836AC3
:10577000002B00F089838A6812781A718A68836A1C
:10578000517990791679090241EA0041D079314383
:1057900041EA00619960517A907A167A090241EAE9
:1057A0000041D07A314341EA0061D960517B907B5E
:1057B000167B090241EA0041D07B314341EA006196
:1057C0001961517C977CD07C167C0A0242EA074220
:1057D0003243196A42EA00624FF0FF30C3E9052004
:1057E0001A7811B1100740F1778457073EF5E7ACFE
:1057F00026786778FDF7B4BE191D24330F684E680C
:105800008868D1F80CC0C2F80CC0103199421760FA
:105810005660906002F11002F0D10B681360D5F869
:105820009030197841F008011970FEF7C2BC53F8A6
:10583000046F9A685968DB68C360066041608260E3
:10584000D5F880301A7842F008021A70FEF748BB8B
:105850006778FDF785BE036B002B00F005848A682E
:10586000186A51789778D678090241EA074141EAE7
:105870000661167831435960517997791679090292
:1058800041EA07413143D67941EA06619960517A8C
:10589000977A167A090241EA07413143D67A41EAFA
:1058A0000661D960517B977B167B090241EA07416B
:1058B0003143D67B41EA06611961517C92F812C0EE
:1058C000177CD67C0A0242EA0C423A4342EA06625C
:1058D0004FF0FF31C3E905211A7810B1160740F1E6
:1058E000738450073EF56BAC26786778FDF738BEB9
:1058F0004FF4907204312BF009F9D5F88420137815
:1059000043F008031370FEF74ABD191D24330F68D6
:105910004E688868D1F80CC0C2F80CC010319942AA
:1059200017605660906002F11002F0D10B681360AE
:10593000D5F8A830197841F008011970FFF793B82D
:105940003E46FDF70DBE53F8042F5E689968DF6888
:10595000C7600260466081601A690261AB691A78AB
:1059600042F008021A70FFF76DB953F8046F5868D7
:105970009A68DF68CF600E6048608A609A691E6925
:105980005869DF69CF610E6148618A612B6A1A78B4
:1059900042F008021A70FFF7C8B94FF40E720831CE
:1059A00004302BF0B3F8D5F89820137843F00803AF
:1059B0001370FFF70ABA0B78FFF707BA2C730700CA
:1059C000426B002A00F09A838B6859789878DE78C9
:1059D000090241EA0041187841EA06610143516039
:1059E000597998791E79090241EA0041D879314301
:1059F00041EA00619160597A987A1E7A090241EA77
:105A00000041D87A314341EA0061D160597B987BEB
:105A10001E7B090241EA0041D87B314341EA006123
:105A20001161597C987C1E7C090241EA0041D87CB6
:105A3000314341EA00615161597D987D1E7D090223
:105A400041EA0041D87D314341EA00619161987E8D
:105A5000597E1E7E090241EA0041D87E314341EA67
:105A60000061D161597F987F1E7F090241EA0041A0
:105A7000D87F314341EA0061116293F8211093F815
:105A8000227093F8206093F82300136B090241EA17
:105A90000741314341EA00614FF0FF30C2E909108C
:105AA0001BB11178090740F1A18313785F073EF518
:105AB00086AB26786778FDF753BD6778FDF750BD54
:105AC0000C2606EBC603043100EBC30048222BF082
:105AD0001DF8296F0B680122C3F3CD00B2400243C9
:105AE00062F3D0030B60FFF7F7B90C2606EB8607CD
:105AF0003F01B523C3552B6FDB6D3B4462225A70C7
:105B00002B6FDB6D3B4402229A702B6FDB6D3B44A5
:105B10001322DA702B6F6288DB6D3B441A712B6F96
:105B20006288DB6D3B4412125A712B6F6288D86D0C
:105B3000A168384406302AF0E9FF2B6F217BDB6D2A
:105B40003B44012283F84E102B6F617BDB6D1F44B9
:105B5000B24087F84F10296F4B88C3F34D000243C2
:105B600062F34E034B80FFF7EBB9016C002900F0A4
:105B70009683A26853789078D6781B0243EA004354
:105B8000107843EA066303434B6013790B72A368F2
:105B90002A6C59795172D879997941EA0021518159
:105BA0001B7A1373A2682B6C527A5A73A2682B6CFF
:105BB000927A9A73A2682B6CD27ADA73A2682B6CF1
:105BC000127B1A74A268296C537C907C167C1B0291
:105BD00043EA0043D07C334343EA00634B61537D87
:105BE000907D167D1B0243EA0043D07D334343EA98
:105BF00000638B61137E0B77A2682B6C517E597703
:105C0000917E9977D27EDA77A368296C5A7F987F44
:105C10001E7F120242EA0042D87F324342EA00620B
:105C20000A6293F8212093F8220093F82060120270
:105C300042EA004293F82300324342EA00624A6299
:105C400093F8252093F8260093F82460120242EA84
:105C5000004293F82700324342EA00628A6293F8D6
:105C6000292093F82A0093F82860120242EA0042A1
:105C700093F82B00324342EA0062CA6293F82D2067
:105C800093F82E0093F82C60120242EA004293F837
:105C90002F00324342EA00620A6393F8312093F8FE
:105CA000320093F83060120242EA004293F8330067
:105CB000324342EA00624A6393F8352093F8360093
:105CC00093F83460120242EA004293F837003243FC
:105CD00042EA00628A6393F8392093F83A0093F815
:105CE0003860120242EA004293F83B00324342EA33
:105CF0000062CA6393F83E0093F83D2093F83C603D
:105D0000120242EA004293F83F00324342EA006244
:105D10000A6493F8412093F8420093F8406012021D
:105D200042EA004293F84300324342EA00624A6486
:105D300093F8452093F8460093F84460120242EA33
:105D4000004293F84700324342EA00628A6493F8C3
:105D5000492093F84A0093F84860120242EA004250
:105D600093F84B00324342EA0062CA6493F84D2034
:105D700093F84E0093F84C60120242EA004293F806
:105D80004F00324342EA00620A6593F8512093F8CB
:105D9000520093F85060120242EA004293F8530016
:105DA000324342EA00624A6593F8552093F8560060
:105DB00093F85460120242EA004293F857003243CB
:105DC00042EA00628A6593F8590093F8582042EA43
:105DD0000022A1F85C2093F85B0093F85A2042EA75
:105DE0000022A1F85E2093F85D0093F85C2042EA5F
:105DF0000022A1F8602093F85F0093F85E2042EA49
:105E00000022A1F8622093F8610093F8602042EA32
:105E10000022A1F8642093F8630093F8622042EA1C
:105E20000022A1F8662093F8652093F8660093F8A5
:105E30006460120242EA004293F86700324342EA89
:105E400000628A6693F8692093F86A7093F86B0091
:105E500093F86860130243EA0743334343EA00635D
:105E60004FF0FF32CB66C1E91E22D1F8840018B191
:105E70000B781E0740F1DF850B7858073EF59FA988
:105E800026786778FDF76CBB4F78FDF769BBC36B6D
:105E9000002B00F0E8818A6812781A718B68C16B58
:105EA000DA78CA715A7998791E79120242EA004268
:105EB000D879324342EA00628A605A7A987A1E7A26
:105EC000120242EA0042D87A324342EA0062CA60D1
:105ED0005A7B987B1E7B120242EA0042D87B3243F7
:105EE00042EA00620A615A7C987C1E7C120242EAF5
:105EF0000042D87C324342EA00624A615A7D987D72
:105F00001E7D120242EA0042D87D324342EA00621C
:105F10008A611B7E0B77A268EB6B527E5A77A26870
:105F2000EB6B927E9A77A268EB6BD27EDA77A068F1
:105F3000EB6B427F817F067F120242EA0142C17F02
:105F4000324342EA01621A6290F8211090F822600E
:105F500090F8202090F82300090241EA06411143FD
:105F60001A6B41EA00614FF0FF30C3E909101AB122
:105F70001978090740F17A811B785F073EF51FA960
:105F800026786778FDF7ECBA40F6CC0204312AF0A7
:105F9000BDFDAA6F137843F008031370FDF783BCAF
:105FA000D5F8AC201346FFF738B8836B002B00F010
:105FB00042818A6812781A718B68816B5A79987954
:105FC0001E79120242EA0042D879324342EA006264
:105FD0008A605A7A987A1E7A120242EA0042D87A85
:105FE000324342EA0062CA605A7B987B1E7B1202EF
:105FF00042EA0042D87B324342EA00620A615A7C9C
:10600000987C1E7C120242EA0042D87C324342EA6B
:1060100000624A611B7D0B76A268AB6B527D5A769B
:10602000AB6BA268927D9A76A168AB6BCA7DDA767B
:106030004A7E8F7E0E7EC87E996A120242EA07422D
:10604000324342EA00624FF0FF30C3E9072019B142
:106050001A78160740F1F2801B7858073EF5AFA872
:1060600026786778FDF77CBA4F78FDF779BA06464F
:106070000127FDF7B3BF00221A7026786778FDF775
:106080006FBA4FF4396202312AF040FD6A6F13781B
:1060900043F008031370FFF7A0BA191D24330F68EB
:1060A0004E688868D1F80CC0C2F80CC01031994213
:1060B00017605660906002F11002F0D14B680868DA
:1060C0008968916010605360D5F89C30197841F070
:1060D00008011970FDF70BBE53F8042F5E6898682D
:1060E000DF68CF600A604E6088601A690A61AB6A37
:1060F0001A7842F008021A70FFF777BB4F78FDF765
:106100002FBA5C2204312AF001FD6A6A137843F049
:1061100008031370FFF743B904231E4603EB031370
:1061200000EBC300043188222AF0F0FCD5F894106B
:106130000B880122C3F3C500B240024362F3C803D7
:106140000B80FEF73BBD01231E46E7E703231E46F7
:10615000E4E702231E46E1E76A6D002A3DF400AA47
:10616000A16800234F1E184617F8016F9E400833A0
:10617000202B40EA0600F7D150600B7913724B795F
:1061800053726B6DDA694FF0FF31596112B11978B2
:106190000F070AD51B785E073EF511A826786778A9
:1061A000FDF7DEB905231E46B8E753F8046F5868BB
:1061B0009968DB68D3601660506091606B6D1A78E7
:1061C00042F008021A70E5E753F8042F5E689968F8
:1061D000DF68C7600260466081601A6902612B6BEC
:1061E0001A7842F008021A70FFF77BBB111D2432A7
:1061F0000F684E688868D1F80CC0C3F80CC0103125
:1062000091421F605E60986003F11003F0D10A684C
:106210001A606A6B137843F00803137045E4032691
:106220004FE402264DE407264BE4062649E4052602
:1062300047E4042645E44F78FDF792B953F8040F7C
:106240005A689E68DF68CF6008604A608E605A694D
:1062500018699E698E6108614A61AB6B1A7842F0D9
:1062600008021A70F8E64F78FDF77AB9191D243341
:106270000F684E688868D1F80CC0C2F80CC01031A5
:10628000994217605660906002F11002F0D10B68DD
:106290001360EB6B1A7842F008021A706CE66778AC
:1062A000FDF75EB94A88282A02D0402A7DF4CFA99A
:1062B0002B6D002B3DF454A9A26812781A71A368C3
:1062C0002A6DD878997841EA0021D1809979587956
:1062D0001E79090441EA0021D879314341EA00617D
:1062E0009160997A587A1E7A090441EA0021D87A95
:1062F000314341EA0061D160997B587B1E7B0904E0
:1063000041EA0021D87B314341EA00611161997C67
:106310005E7C187C090441EA06210143DE7C60882A
:1063200041EA06612828516100F09980587D197D65
:106330009E7D41EA0021D87D41EA064141EA0061A3
:106340009161997E587E1E7E090441EA0021D87E23
:10635000314341EA0061D16193F8203082F8243062
:10636000A2682B6D92F8212083F82520A2682B6D5E
:1063700092F8222083F82620A2682B6D92F8232021
:1063800083F82720A2682B6D92F8261092F825003A
:1063900092F82460090441EA002192F82700314371
:1063A00041EA0061996292F8290092F82A1092F865
:1063B0002860090441EA002192F82B00314341EAA8
:1063C0000061D96292F82E1092F82D0092F82C609C
:1063D000090441EA002192F82F00314341EA0061AB
:1063E000196392F8321092F8310092F83060090483
:1063F00041EA002192F83300314341EA00615963D8
:1064000092F8361092F8350092F83460090441EAA7
:10641000002192F83700314341EA0061996392F814
:106420003E1092F83D7092F83C6092F83F000A04EA
:1064300042EA0722324342EA00621A64DA6C4FF001
:10644000FF3159641AB11978090740F1AC821B7801
:106450005B073DF5B4AE26786778FDF781B800207C
:10646000C2E906001B7D82F82430A2682B6D527DA4
:1064700083F82520A2682B6D927D83F826202B6D52
:1064800083F82700A2682B6D917E567E177E090443
:1064900041EA0621D67E394341EA06619962917F3D
:1064A000567F177F090441EA0621D67F394341EA26
:1064B0000661D96292F8221092F8216092F8207059
:1064C000090441EA062192F823605863394341EAFE
:1064D00006611963986392F8261092F8257092F875
:1064E000246092F82700A2E7826C002A00F08D80D9
:1064F0008E680023771E194617F8010F984008335D
:10650000202B41EA0001F7D1516033791372A26860
:10651000AB6C127A1A73A268AB6C527A5A73A26887
:10652000AB6C927A9A73A268AB6CD27ADA73A26877
:10653000A96C937B507B167B1B0443EA0023D07B22
:10654000334343EA00630B61507C137C43EA00232E
:106550008B82D07C937C43EA0023CB82D37DCB76A5
:106560004FF0FF33CB6126786778FCF7F9BF436CB7
:10657000002B00F07C828A680021571E084617F81D
:10658000016F8E400831202940EA0600F7D158609B
:10659000917950791679090441EA0021D079314383
:1065A00041EA00619960917A507A167A090441EAC9
:1065B0000021D07A314341EA0061D960917B507B60
:1065C000167B090441EA0021D07B314341EA006196
:1065D0001961517C977CD07C167C0A0242EA074202
:1065E0003243196A42EA00624FF0FF30C3E90520E6
:1065F00019B11A78160740F13D821B7858073DF50E
:10660000DEAD26786778FCF7ABBF4F78FCF7A8BF04
:10661000826D002A3CF4A4AF8E680023771E1946D1
:1066200017F8010F98400833202B41EA0001F7D1F9
:10663000516033791372A268AB6D52795A72A96DA9
:10664000082600274FF00C0C3BE06388083B934280
:1066500042DDA3689B5D0373A168AB6D31441344B5
:1066600049785973A168AB6D3144134489789973A3
:10667000A168AB6D31441344C978D973A368A96D7F
:106680003344881893F805E01A7942EA0E22028210
:1066900093F807E09A7942EA0E2242825A7A93F8F6
:1066A0000A9093F8088093F80BE0130243EA094339
:1066B00043EA080343EA0E63FF2F06F10C06436129
:1066C0000AD091F809E0BBB20CFB07F29E4501EB42
:1066D000020007F10107B8D8D1F8080C012381F8AE
:1066E000003C18B10B781B0740F19A810B785F07CB
:1066F0003DF565AD26786778FCF732BFC36C002B9B
:106700007DD08A6812781A718B68C16C9A79587931
:106710001E79120442EA0022D879324342EA00622A
:106720008A609A7A587A1E7A120442EA0022D87A4B
:10673000324342EA0062CA609A7B587B1E7B120495
:1067400042EA0022D87B324342EA00620A619A7C24
:10675000587C1E7C120442EA0022D87C324342EA72
:1067600000624A619A7D587D1E7D120442EA002231
:10677000D87D324342EA00628A611B7E0B77EB6C64
:10678000A268527E5A77A268EB6C927E9A77A268D2
:10679000E96C937F507F167F1B0443EA0023D07F70
:1067A000334343EA00630B6292F8223092F82100EF
:1067B00092F820601B0443EA002392F8230033433D
:1067C00043EA00634B6292F8243081F82830A268D3
:1067D000EB6C92F8252083F82920EB6C5A6B4FF074
:1067E000FF31D9621AB11978090740F1FE801B7890
:1067F0005A073DF5E4AC26786778FCF7B1BE4F78D0
:10680000FCF7AEBEC16A002948D0A3685A789878D0
:10681000DE78120242EA0042187842EA0662024337
:106820004A605A7998791E79120242EA0042D87970
:10683000324342EA00628A605A7A987A1E7A1202D9
:1068400042EA0042D87A324342EA0062CA60587B88
:106850001A7B42EA00220A829A7B8A74EA6AD97B0E
:10686000D174EA6A197C1175EA6A597C5175EA6A31
:10687000997C9175EA6AD97C136AD1754FF0FF3122
:1068800091611BB11178090740F1E08013785F072F
:106890003DF595AC26786778FCF762BE6778FCF723
:1068A0005FBEC26D002A3CF45BAE8E680023771E8B
:1068B000194617F8010F98400833202B41EA0001D0
:1068C000F7D1516033791372A268EB6D52795A7225
:1068D000E96D082300204BE06788083FB7EB001FF5
:1068E00010464FDDA168C95C8CF80C10A768E96DF3
:1068F0001F4431447F784F73A768E96D1F443144CA
:10690000BF788F73A768E96D1F443144FF78CF7358
:10691000A168EF6D1944374491F804C091F805E07F
:106920004CEA0E2CA7F810C08979B974A768E96DF4
:106930001F443144FE79CE74A668E96D1E4401EB14
:106940000211367A0E71A668E96D1E4401EB021140
:10695000767A4E71A668E96D1E4401EB0212F77A51
:10696000B67A5C2846EA072603F11003D68009D0E0
:106970004F7A86B2B7424FEA001600F1010201EBEE
:10698000060CA9D8D1F8D405012381F8CC3510B173
:106990000B781E071ED50B7858073DF510AC2678EE
:1069A0006778FCF7DDBD191D44330F684E688868B1
:1069B000D1F80CC0C2F80CC0103199421760566073
:1069C000906002F11002F0D12B6D1A7842F00802AB
:1069D0001A703CE504314FF4B9622AF097F8E96D7A
:1069E0000B7843F008030B70D5E7191D24330F68AB
:1069F0004E688868D1F80CC0C2F80CC010319942BA
:106A000017605660906002F11002F0D10B6849687F
:106A100051601360EB6C1A7842F008021A70E6E6D7
:106A2000043140F6FC322AF071F8A96D0B7843F07E
:106A300008030B705AE6043174222AF067F8296CB7
:106A40000B7843F008030B70FFF716BA52F8041FD7
:106A500056689068D768DF6019605E609860116959
:106A60001961EA6A137843F0080313700EE74F7850
:106A7000FCF776BD53F8042F5E689868DF68CF6036
:106A80000A604E6088601A690A616B6C1A7842F07D
:106A900008021A70B1E53E46FFF713B80126FFF76A
:106AA00025B80326FFF722B80226FFF71FB80726EE
:106AB000FFF71CB80626FFF719B80526FFF716B82A
:106AC0000426FFF713B80B26FEF7FBBF0A26FEF7D6
:106AD000F8BF0926FEF7F5BF0826FEF7F2BF0B2622
:106AE000FFF704B80A26FFF701B80926FEF7FEBF34
:106AF0000826FEF7FBBF00BF2DE9F04190F8F1C179
:106B000082B005469DF820800E4614461F46BCF113
:106B1000000F1BD1D0F89431ADF806306188A288FF
:106B2000033191420BDB95F8FE3195F8FF21334498
:106B3000DBB21A4485F8FE3185F8FF21A2886AB9D4
:106B400026700132A28002B0BDE8F081BCF1030FD3
:106B500000F0BA800223ADF80630DFE7012A00F02A
:106B6000AD80022A00F00881032A00F002816388C8
:106B7000191D8A4200F0308105339A424FF000031C
:106B800040F006816673AB71A089B5F8FE118842AA
:106B900000F024812178A373B94200F0CD8105294A
:106BA00000F0D18195F88C311BB995F88D31002B0F
:106BB00042D0D5F8880100283ED09A491DF0E8FF60
:106BC000D5F88801B8B398491DF0E2FFD5F88801DF
:106BD000217B80B30A221EF0E1FAD5F8880150B378
:106BE00092491DF0D5FFD5F88801617B18B30A22C0
:106BF0001EF0D4FAD5F88801E8B18D491DF0C8FF20
:106C0000D5F8880195F8FE11A8B10A221EF0C6FA3F
:106C1000D5F8880178B187491DF0BAFFD5F8880109
:106C200095F8FF1138B10A221EF0B8FAD5F888019C
:106C300008B11EF08DF8A28895F8F131032B02D12E
:106C40000023C5F8E831BDF80630063393427FF4DF
:106C500078AF95F8F031002B7FF473AF95F88C3155
:106C60000021A97123B995F88D31002B3FF469AF4C
:106C7000D5F8880100283FF464AF6F491DF088FF04
:106C8000D5F88801C0B16D491DF082FFD5F88801A3
:106C900095F8F11180B10A221EF080FAD5F888012A
:106CA00050B167491DF074FFD5F88801BDF8061092
:106CB00010B10A221EF040FAA28842E70132667043
:106CC000A28002B0BDE8F0810DF106035278217870
:106CD000F9F7EAFED5F82032002B56D094F800C020
:106CE00094F801E01A4602E05268002A3DD011787B
:106CF0006145F9D151787145F6D19278002A34D0A6
:106D0000002842D1B5F81C32ADF80630002B7FF4D4
:106D100005AF95F88C31002B58D0D5F888010028A4
:106D20003FF4FCAE47491DF033FFD5F888012178C8
:106D300000283FF4F3AE10221EF088F9D5F8880140
:106D400000283FF4EBAE40491DF022FFD5F8880142
:106D5000617800283FF4E2AE10221EF0BDF9DDE6B6
:106D60005A7872450ED05B687BB11A786245FAD1C9
:106D7000F6E7618841EA062601326680A28002B009
:106D8000BDE8F081DB78002BBAD1BDF80630BDE755
:106D900062782178E7882846F9F786FE95F8F03181
:106DA000A288002818BF0027002B7FF4CAAED11E8E
:106DB000B94240F3BA80BDF80600111FCF1B8742CD
:106DC00080F2CB80A368DE55A2883CE795F88D3130
:106DD000002B3FF4A3AEA0E7267334E70123A3738F
:106DE00085F83E322178B94200F0C580238840F210
:106DF0000512934200F0C880052B04D1A3681A78CD
:106E0000BA4200F0DB80627800232846F9F74CFE96
:106E100040BBD5F82022002A44D02078667813465B
:106E200017E000BFE0740700F47407000475070062
:106E3000147507002875070064750700987507002A
:106E4000B0750700A4730700E07307005B68002BB0
:106E500061D019788142F9D15978B142F6D19B7845
:106E6000002B58D095F88C31002B46D0D5F88801EE
:106E700070B379491DF08CFED5F88801217888B16E
:106E800010221EF0E3F8D5F8880158B173491DF0BF
:106E90007FFED5F888016178002800F0BA801022C2
:106EA0001EF01AF995F88C313BB3D5F8880178B10A
:106EB0006B491DF06DFED5F88801618840B10A224A
:106EC0001EF06CF9D5F8880110B166491DF060FE1E
:106ED000002221462846FBF757FCA37B012B65D0F7
:106EE00095F8BE31012B59D0E37B012B00F0A08037
:106EF00095F8BF31012B00F0928095F8F031002B0E
:106F00007FF499AE21462846FCF7F6FAA28893E66C
:106F10005268002AC6D013788342F9D15378B3421D
:106F2000F6D1D378002B9DD1BCE7BDF806300633EF
:106F30009A423FF493AE04E6637843457FF42FAE64
:106F40000023E3732EE6A3681978B9427FF42AAED2
:106F50005B7843457FF426AEF2E795F88C11AB7170
:106F6000002973D0D5F8880100283FF4EAAD3E49E6
:106F70001DF00EFE84E6637843457FF437AF0123AE
:106F8000E37395F88C318FE7A3681A78BA427FF4DF
:106F90003AAF5B7843457FF436AFF0E7D5F8880128
:106FA00000284ED031491DF083FE9DE7D5F88801B9
:106FB000002895D02E491DF07BFE91E75B78434574
:106FC0007FF421AF95F88C310322E273002B94D02B
:106FD000D5F8880100283FF467AF26491DF0D8FD99
:106FE000A368D5F88801197800283FF45BAF102218
:106FF0001EF02CF8D5F8880100283FF453AF1E4945
:107000001DF0C6FDA368D5F88801597800287FF4E3
:1070100046AF95F88C31002B7FF45AAF6DE7D5F869
:10702000880100283FF469AF14491DF041FE64E770
:10703000D5F8880100283FF460AF11491DF038FEF3
:1070400056E7E37B012B7FF453AF56E795F88D317C
:10705000002B87D175E500BF2C740700E073070093
:1070600060740700747407003C750700947407008F
:1070700080740700E873070018740700C4740700E1
:10708000A87407002DE9F0410446D0F82802002832
:107090004ED0B4F82C32002B4AD0B4F830520F4600
:1070A000B4F82E12A942164636BF5A184A1B521B74
:1070B00092B29A1A92B296420CD994F88C31002B63
:1070C00044D0D4F8880118B127491DF0F1FD002003
:1070D000BDE8F0815D1AADB2B54228BF3546A6EBDA
:1070E000050808442A4639461FFA88F829F00EFD9B
:1070F000B8F1000F2FD1B4F82E8246441FFA86F85B
:10710000A4F82E82B4F8302290453ABFB4F82C325D
:107110009A1AA8EB0208B4F8323238BF90441FFA2A
:1071200088F8434538BFA4F832820120BDE8F081D9
:1071300094F88C010028CBD0D4F888010028C7D05F
:107140000A491DF0B5FD0020BDE8F08194F88D01DD
:107150000028BDD0B5E7D4F828027919424629F0B5
:10716000D5FCA4F82E82CDE7F4750700C87507009A
:107170002DE9F0410546D0F8340298B1B5F838321F
:107180007BB1B5F83C420F46B5F83A12A14216461B
:1071900036BF5A180A1B121B92B29A1A92B2964222
:1071A00002D90020BDE8F0815C1AA4B2B44228BF25
:1071B0003446A6EB04080844224639461FFA88F8EC
:1071C00029F0A4FCB8F1000F07D1B5F83A22164413
:1071D000A5F83A620120BDE8F081D5F834023919EA
:1071E000424629F093FCA5F83A820120DAE700BF75
:1071F0002DE9F04392F900401078E517EB0FDB180A
:10720000440648BF43F00103DB18870648BF43F03C
:107210000103DB18C60648BF43F00103DB1805076E
:1072200048BF43F00103DB18440748BF43F00103A4
:10723000DB18870748BF43F0010392F90140DB18D0
:10724000C60748BF43F001035078DB18002CB8BFD5
:1072500043F00103DB18450648BF43F00103DB1888
:10726000840648BF43F00103DB18C0061C4648BF34
:1072700043F001040C80507892F90240C0F3C0033F
:10728000DB18470748BF43F00103DB18860748BFF8
:1072900043F00103DB18C50748BF43F001039078B2
:1072A000DB18002CB8BF43F00103DB18440648BFCD
:1072B00043F00103DB18870648BF43F00103DB18E6
:1072C000C60648BF43F00103DB18050748BF43F07B
:1072D0000103DB18440748BF43F00103DB188707AD
:1072E00048BF43F00103DB18C6071C4648BF43F004
:1072F00001044C8092F90340D078E517EB0FDB18BE
:10730000450601D543F00103DB18860648BF43F06C
:107310000103DB18C50648BF43F00103DB1804076F
:1073200048BF43F00103DB1840071C4600F1A98069
:107330000C71D378C3F340034B71D37803F001038E
:107340008B711379DB09CB711379C3F380130B7243
:1073500092F804904FF0FF37002302F1040E4D46DF
:107360002626BC4618462024254218BF43F00103B8
:10737000013EFD194CEB0C08B6B26410C4462F4612
:1073800012BFE4B20EF1010E8024002E6BD119F071
:10739000200F64D1C1E90430537ADB090B76537AAC
:1073A000C3F380134B76557A4FF0FF37002302F179
:1073B000090E05F020092626BC46184620242C423A
:1073C00018BF43F00103013EFD194CEB0C08B6B2A7
:1073D0006410C4462F4612BFE4B20EF1010E8024A1
:1073E000002E49D1B9F1000F35D1C1E9083092F929
:1073F0000E40E517947BEB0FDB186406184648BF78
:1074000043F0010081F82800947B4FF0FF3C0023FB
:1074100002F10E07262604F02008E6461A46202030
:10742000204218BF43F00103013E1CEB0C044EEB5D
:107430000E05B6B24010AE46A44612BFC0B2013728
:107440008020AEB9B8F1000F01D023432A43C1E92F
:107450000C32BDE8F0832B4340EA0800C5E72B431C
:1074600040EA080096E7DB189EF8005040417BE7B1
:10747000DB183C785241D3E7DB189EF800504041BE
:107480009DE743F0010453E72DE9F04F87B016461E
:107490009DF8407053EA070204460D4607D0DFF816
:1074A0000884DFF8089488F8003089F80070D4F870
:1074B000840118B1036829461B689847A379012BFA
:1074C0002BD90022022BADF8162005D0032B00F09B
:1074D000E18007B0BDE8F08FB4F8FC31002B00F07C
:1074E0009B80012B00F0D781022B00F09182032BAF
:1074F00000F03783042B00F0BB82052B40F028847A
:10750000B4F8C22194F8F131DFF89C83DFF89C9342
:1075100042EA0522A4F8C22188E0B52D00F06B8173
:10752000242D00F0A880D32D00F0AD800022012B87
:10753000ADF81620CDD194F90832002B40F06981C6
:10754000242D00F08A820023A3712A2D00F02682C8
:1075500094F8083294F9092201335DB2AA4208BFB7
:10756000002384F8085208BFA371002DB1D1204632
:10757000F9F7B2FE002840F0AC822046F9F78CFC07
:10758000002846D094F909C2BCF1010F41DDD4F8BE
:10759000102292F800E001230020AEF104081D46FD
:1075A00007460BE02A2811D05068C05C01332A2816
:1075B0005DB218BF474065454EB205DAD9B298456D
:1075C0002E4601F10101EDDC2A2822D1390901F111
:1075D0003003DBB2392B88BF01F13703516807F064
:1075E0000F0707F130008A5D88BFDBB2392888BFFA
:1075F00007F137009A4200F05A8594F88C3113B99C
:1076000094F88D312BB1D4F8880110B1A4491DF044
:107610004FFB0023A3715CE7B52D01D00023A371BC
:1076200094F8F131DFF88082DFF88092012B00F0CE
:10763000BE81002B00F02481022B00F0DD8198F840
:10764000003099F800200092294604F5F072204697
:10765000FFF752FAD4E96003834204D018B10368FB
:1076600029461B689847B4F8FC310133A4F8FC3173
:1076700007B0BDE8F08F0023012284F80832ADF88E
:107680001630A27157E700230322A4F87031ADF839
:107690001630A271D4F818221146002A73D0B4F81B
:1076A0007031002B40F0C6811572D4F81822536057
:1076B000B4F870311146022B16D91088461D9E422F
:1076C0000FDB40F20446B3420BD813441D72B4F8EA
:1076D0007031D4F81822022B98BF114604D91088B3
:1076E0001146861C9E4266DB506880EA0540070210
:1076F0004FEA400605D586F0C37686F4994686F0B3
:107700007B067000360205D580F0C37080F4994086
:1077100080F07B0007024FEA400605D586F0C3766D
:1077200086F4994686F07B067000360205D580F017
:10773000C37080F4994080F07B0007024FEA400656
:1077400005D586F0C37686F4994686F07B067000F0
:10775000360205D580F0C37080F4994080F07B003C
:1077600007024FEA400605D586F0C37686F49946AF
:1077700086F07B067000360200F1738120F07F40B6
:10778000022B506016D804F5B87229462046FAF745
:107790008BFDD4F87C31D4F88421A0719A423FF457
:1077A00098AE002B3FF495AE1A6829461268184629
:1077B00090478EE61088461D9E42E4D11618134469
:1077C00096F80BC0377B1B7A566847EA0C2743EACA
:1077D00007239E4200F0A68394F88C311BB994F8DD
:1077E0008D31002BCFD0D4F888010028CBD02D4983
:1077F0001DF05EFAC7E7002302214FF40072A4F8DF
:10780000FC31A4F8C431ADF81630A171A4F8F02110
:1078100006E7012B00F01E81DAB2052A48D920467E
:10782000F9F75AFD002840F02C812046F9F734FB87
:1078300068B1D4F8102294F9091213788B4206DA51
:107840005268D554D4F810221378013313702046AF
:10785000F9F74EFC00283FF478AE20462946F9F7A8
:1078600039FDD4F87801D4F8843183423FF46DAE09
:1078700000283FF46AAE036829461B68984764E60F
:1078800098F8003099F800200092294632462046A8
:10789000FFF732F9DEE6622D7FF4C0AEC0E600BF2E
:1078A000B077070000780700785A0120805A01203D
:1078B000E218052B82F80A527FF447AE94F83E3264
:1078C000002B3DD194F80A222A2A37D194F80B22B2
:1078D000472A33D1D4F80C32AE4A23F0FF03934247
:1078E00000F0068394F80D22472A00F06084AA4A2B
:1078F000934200F0FD8202F1764202F5803293421B
:1079000000F0F682A54A934200F0F28202F18872FA
:10791000934200F0ED8202F1022202F574029342DA
:1079200000F0E68202F1704202F50022934200F07C
:10793000DF829B4A9B1AB3FA83F35B0984F83E32D9
:107940002046F9F7C9FC002840F0E9812046F9F704
:10795000A3FA002840F0D5812046F9F7C9FBB8B159
:1079600004F20A2604F50477204616F8011BF9F7FD
:10797000B1FCD4F87831D4F884219A42184605D065
:1079800023B11B6816F8011C1B689847B742EBD15E
:1079900094F80832052B7FF6D8AD40E794F9093208
:1079A000FC22043384F808227FF493AD31E698F882
:1079B000003099F800200092294604F5D87220463C
:1079C000FFF79AF846E6072B7FF42AAEB4F8C231E7
:1079D000002B40F0778384F8CD5194F8F131022BDD
:1079E0001A467FF41FAE94F8C011052900F05485A3
:1079F000DFF8B881DFF8B89198F8003099F80020E6
:107A00000092294604F5E0722046FFF775F821E65A
:107A100084F8C051A4F8FE21A4F8C421F288DFF84C
:107A20008C8184F8CE31DFF8889194F8F131A4F894
:107A3000C621FBE5012B00F08980022B7FF43BAED1
:107A40009572D4F8182213882B431380B4F8703140
:107A5000114630E6472D7FF476AD234483F80A5271
:107A600073E580F0C37080F4994080F07B0085E678
:107A700094F8F131DFF83481DFF83491A4F8C25181
:107A8000D4E52046F9F7F0FD06462046F9F7B2FEA8
:107A900007462046FAF7ACFA33788342BFF4C5AE06
:107AA000FD5433780133DBB2834233707FF4BDAED3
:107AB00094F88C3123B994F88D31002B3FF4B5AE96
:107AC000D4F8880100283FF4B0AE36491DF0F0F834
:107AD000ABE62046F9F7C8FD07462046F9F78AFECF
:107AE00006462046FAF784FA00F1FF3EBEF1010F88
:107AF00080461ADD97F800C001222B462846ACF1DB
:107B0000040C11460AE02A2B00F08D81B35CEAB226
:107B10002A2B18BF58407245114603DA8C4502F1F2
:107B20000105F0DC2A2B00F07E8194F88C3123B91A
:107B300094F88D31002B3FF420ADD4F88801002853
:107B40003FF41BAD18491DF0B3F816E55572D4F893
:107B500018222B0203F440731380B4F870311146DD
:107B6000A9E594F8C01184F8C15105293FF458AD36
:107B70002A460DF116032046F8F796FFD4F8202286
:107B800094F8C0C194F8C1E10746002A00F0408192
:107B9000134613E00044544D00524C4D00544853DA
:107BA000005A4441387707008C770700785A012043
:107BB000805A01205B68002B00F0878019786145AE
:107BC000F8D159787145F5D193F802A0BAF1000FB8
:107BD0007BD0DFF84483DFF8449398F800309C456D
:107BE0007CD0002F00F01681BDF81620002A40F04E
:107BF000008194F88C31002B40F0DD8094F88D11D9
:107C0000002940F0D880D4F89C01002800F09E8420
:107C10000322B4F8C01184F8F121D4F8C421C4F8C7
:107C2000E801A4F8E011C4F8E421002B3FF407AD0B
:107C3000D4F8880100283FF402ADAE491CF0A8FF3B
:107C4000D4F8880194F8C011002800F07284102242
:107C50001DF0FCF9D4F88801002800F06A84A649D8
:107C60001CF096FFD4F8880194F8C111002800F0A8
:107C7000608410221DF0EAF9D4F88801002800F091
:107C800058849E491CF084FFD4F88801002800F035
:107C9000508439460A221DF081FAD4F88801002860
:107CA00000F0478496491CF073FFD4F8880100283F
:107CB00000F03F8451460A221DF03EFA94F8F1315B
:107CC000B4E45268002A00F0A38013786345F8D129
:107CD00053787345F5D192F803A07AE799F800300C
:107CE0009E457FF47EAF002384F8F13186F800C012
:107CF00094F8C1317370B4F8C431B38094F8F131A1
:107D000094E4D4F81032D4F80A225B681A60B4F80C
:107D10000E229A80D4F8103206221A701CE62046F1
:107D2000F9F7A2FC07462046F9F764FD064620460F
:107D3000FAF75EF9062302463B703046002128F030
:107D40000DFFD4F80A323360B4F80E32B380FDE58B
:107D5000062B7FF438AEB4F8C231002B40F0958189
:107D600094F88C3113B994F88D31DBB1D4F88801D3
:107D7000C0B164491CF00CFFD4F8880194F8C0111C
:107D800080B110221DF062F9D4F8880150B15A492F
:107D90001CF0FEFED4F8880194F8C11110B1102235
:107DA0001DF09AF994F8F131DFF86C81DFF86C91ED
:107DB00084F8CC513AE4D4F88801D0B152491CF08F
:107DC000E7FED4F8880194F8C01180B110221DF0AC
:107DD0003DF9D4F8880150B147491CF0D9FED4F8D8
:107DE000880194F8C11110B110221DF075F9BDF889
:107DF0001620D4F89C01DFF828B1002800F0738128
:107E0000DBF800309A4200F2658194F88C31FFE68D
:107E10009246DEE6BAF1000F00F04281B4F81C226F
:107E2000ADF81620E5E7030903F13005EDB2392D71
:107E300088BF373300F00F0088BFDDB200F1300992
:107E4000B35CB9F1390F88BF00F13709AB4206EBDB
:107E5000020A00F0528194F88C3123B994F88D31E4
:107E6000002B3FF48AABD4F8880100283FF485AB9F
:107E700026491CF08DFED4F8880100283FF47DAB24
:107E8000036829461B689847D4F8880100283FF406
:107E900074AB036849461B689847D4F888010028EA
:107EA0003FF46BAB1A491CF073FED4F888019AF8C2
:107EB000001000283FF461AB03681B689847D4F8B2
:107EC00088019AF8011000283FF457AB03681B683B
:107ED0009847D4F8880100283FF44FAB1CF038FFD6
:107EE000FFF74BBB0B4820FA02F2D20740F1838127
:107EF000012323E574760700E0730700A8760700E6
:107F0000BC760700D0760700387607005877070060
:107F10008477070003A80100785A0120805A0120C5
:107F20007C5A0120137B577B92F80BE094F88CC1AC
:107F30001E0206F470661B11374343EA0E16BCF1AD
:107F4000000F1FD0D4F88801002800F00882D9491A
:107F50001CF01EFED4F88801002800F0EE820A22F0
:107F600031461DF01BF940F6E8739E42D4F88801B3
:107F700079D0002800F0ED82CF491CF099FED4F8AA
:107F80001812088840F2E9339E4200F0D08140F296
:107F9000EA339E4240F0008194F8143213F0050F4A
:107FA00008D0821D083192B22046FFF76BF8D4F852
:107FB00018120888B4F83A32B4F83CC2B4F838223F
:107FC000634538BF9B18A3EB0C039BB2D31A471D24
:107FD0009BB29F42C0F2B18140F2ED339E427FF4EA
:107FE000D2ABD4F818221388132B7FF4CCABD4F87F
:107FF000E01000293FF4C7AB0B3208312046FFF7F1
:10800000F7F8D4F8E0100A784B6C22F0030242F043
:1080100001020A70002B3FF4B6AB0A6C002A3FF451
:10802000B2AB0A7852073FF5AEAB01F10802383126
:10803000176856689068D2F80CC0C3F80CC01032AC
:108040008A421F605E60986003F11003F0D11168EE
:1080500052685A601960D4F8E020137843F00403A2
:108060001370FFF790BB002800F06B8293491CF05F
:108070008FFDD4F88801002800F063820A22394677
:108080001DF08CF8D4F8880173E7D4F8C831DFF814
:1080900038821D7094F8F131DFF83092FFF7C6BADC
:1080A000012384F8F03194F8F131FFF7BFBA8B194E
:1080B0005B7883427FF4A1AA72462046FEF7E2FF76
:1080C000FFF7A7BA012B16BFD4F8C83184F8CC51FA
:1080D0005D7082E420F0D0F80023BDF81620C4F8CB
:1080E0009C31CBF80030104620F0C2F8BDF81630B5
:1080F000C4F89C01CBF8003087E69AF801304B4574
:108100007FF4A9AE2046F9F73BFC05462046F9F777
:10811000FDFC42468146002128F020FD3A78484681
:10812000314628F0F3FC3B782B702046F9F7FEFF30
:108130008146204699F80030C3F38005AD0045F034
:10814000010505F0070523F007031D4389F80050DA
:10815000F9F786F900283FF410AA15F004017FF41E
:108160000CAA20460391F9F797FD82462046F9F7BD
:1081700063FE42460399804628F0F0FC3A78404678
:10818000314628F0C3FC45F004053B788AF80030FE
:1081900089F80050FFF7F1B940F2EB339E4232D13B
:1081A00094F8143213F0090F7FF4FBAE02E7B4F831
:1081B0000E12A1F5A242413A92B2102A7FF692AE77
:1081C00021F0100245F2423082423FF491AE44F277
:1081D000471291423FF48CAE44F64C4291423FF438
:1081E00087AE45F24E3291423FF482AE44F25312D2
:1081F00091423FF47DAE21F4007145F25342914229
:108200007FF475AB74E6B6F57B7F00F03E8140F2FB
:10821000ED339E4200F0328140F2EE339E4200F098
:10822000268140F2EF339E4200F01A8140F2F13392
:108230009E4200F00D8140F2F2339E4200F0008138
:1082400040F2F3339E4200F0F380B6F57D7F00F0FC
:10825000E78040F209439E4200F0DA8040F2324368
:108260009E4200F0CD8040F233439E4200F0C08039
:1082700040F235439E4200F0B08040F23C439E42C3
:1082800000F0A48040F23D439E4207D1D4F814226E
:108290000B4B1340002B7FF484AE8BE640F23F4340
:1082A0009E4215D1D4F81422064B1340002B7FF4C4
:1082B00078AE7FE6D8770700847F0700FC77070059
:1082C0000100020001000400785A0120805A0120B8
:1082D00040F246439E4271D040F247439E4265D0F1
:1082E00040F249439E4259D040F264439E4207D136
:1082F000D4F81422A94B1340002B7FF452AE59E658
:1083000040F265439E4207D1D4F81422A44B134097
:10831000002B7FF446AE4DE640F267439E4213D1F8
:10832000A04AD4F814321A427FF43BAE42E694F8E5
:1083300014329F077FF435AE3CE6821D92B20831BD
:108340002046FEF715FF47E640F2CE439E420ED18F
:10835000954AD4F814321A427FF423AE2AE640F646
:10836000E8739E4200F0EF80108811460AE640F65E
:10837000E8739E427FF41EAE37B98C4AD4F81432AB
:108380001A427FF40EAE15E6012F7FF413AE884A31
:10839000D4F814321A423FF40DAE02E6D4F8142297
:1083A000844B1340002B7FF4FCAD03E6D4F8142279
:1083B000814B1340002B7FF4F4ADFBE5D4F814227D
:1083C0007E4B1340002B7FF4ECADF3E5D4F8143270
:1083D00013F0011F7FF4E5ADECE5B4F8143223F49B
:1083E000FF4323F07E039BB2002B7FF4DAADE1E57F
:1083F000B4F8143244F201021A427FF4D2ADD9E546
:10840000B4F8143242F201021A427FF4CAADD1E547
:10841000B4F8143241F201021A427FF4C2ADC9E548
:10842000B4F8143240F601021A427FF4BAADC1E545
:10843000B4F8143240F201421A427FF4B2ADB9E509
:10844000B4F8143240F201221A427FF4AAADB1E529
:10845000B4F8143240F201121A427FF4A2ADA9E539
:1084600094F8143213F0810F7FF49BADA2E594F8D9
:10847000143213F0410F7FF494AD9BE594F814325D
:1084800013F0210F7FF48DAD94E594F8143213F0BE
:10849000110F7FF486AD8DE5D4F8C801DFF82C818B
:1084A00090F800C098F80070BC457FF4A3AADFF8EC
:1084B000209190F801C099F80070BC457FF49CAA07
:1084C000B4F8C271022F4CD094F88C3123B994F8CF
:1084D0008D31002B3FF490AAD4F8880100283DD0BC
:1084E00037491CF055FBD4F8C831D4F88801197805
:1084F00090B310221CF0AAFDD4F8880160B3314972
:108500001CF046FBD4F8C831D4F88801597818B368
:1085100010221CF09BFDD4F88801E8B12A491CF018
:1085200037FBD4F88801B4F8C21110B10A221CF04C
:1085300003FE94F8F131FFF779B840F6E8739E42F4
:1085400007D1D4F818221088114615E7DFF884B057
:10855000C9E5D4F8182207E794F8F1211346FFF78C
:1085600065B8A4F8B23194F8C121B4F8C431A4F8C4
:10857000B431012784F8F17184F8B01184F8B12185
:10858000D4F8B83102781A70D4F8C821D4F8B831C8
:1085900052785A7094F8F131FFF748B80100400062
:1085A0000100800001000001010000020100000440
:1085B0000100000801002000010010000100080077
:1085C00000770700E073070030770700785A012032
:1085D000805A01207C5A01202DE9F04F2DED028BAD
:1085E00085B0804602AF8A4616469B461DF0F0FADB
:1085F000D8F8F81198F8F221401A904259D3D8F8D7
:1086000074010268526890477860002858D010F4CE
:10861000004F98F88C217AD1AAB1D8F8880178B1A6
:108620003E491CF0B5FAD8F8880148B179680A22A9
:108630001CF0B4FDD8F8880110B139491CF038FBA2
:108640007B68002B35D05B46B3461E4698F8075032
:10865000D8F874016B46EA1D08EE103A7B6804688E
:1086600002F4FC729D42ADEB020D28BF1D460DF1D8
:108670000809EAB2246A4946A047ADB2A8422AD105
:1086800075B1691E19FA81F90DF1070414F8011F7B
:1086900000965B4652464046FEF7F6FE4C45F5D145
:1086A0007B6818EE102A5B1B9BB27B609546002B03
:1086B000CCD101200C37BD46BDEC028BBDE8F08F5C
:1086C0001DF086FAC8F8F80178680C37BD46BDEC95
:1086D000028BBDE8F08F98F8503213B1002388F870
:1086E000063098F88C3113B998F88D312BB1D8F841
:1086F000880110B10B491CF0DBFA18EE103A00208B
:108700009D460C37BD46BDEC028BBDE8F08FC0F333
:108710000E037B60002A93D07FE700BF207807001C
:1087200030780700447807002DE9F0410446D0F87E
:10873000A00184B00E461746984600285DD0D4F8B4
:10874000A451002D33D1D4F8740103681B699847F4
:10875000FF21D4F874018DF80F1003680DF10F029A
:108760009B6998479DF80F10FF290ED135E0CDF891
:108770000080FEF789FED4F874010568FF21AD6919
:108780000DF10F02A8479DF80F10FF293B46324616
:108790002046ECD1A579002DE9D1D4F87401036805
:1087A000DB6998470125284604B0BDE8F081002523
:1087B00001E0D4F8A001415DCDF800803B4632468F
:1087C0002046FEF761FED4F8A4310135AB42F0D863
:1087D0000023C4F8A4310125B5E7A379002BD4D137
:1087E000D4F874010368DB69984794F8F5011DF02B
:1087F000FBF9284604B0BDE8F0810546A3E700BFB9
:108800002DE9F04F0D4687B00221A97380F8BE1103
:1088100080F8CE1180F8EE11E97380F8BF1180F86E
:10882000CF1180F8EF11BDF84080DFF83892044690
:1088300017469A461DF0CCF940F2011B06460EE0A1
:10884000012B00F08680022B00F0D18023687E4A45
:108850009B68934240F0D38001201DF0C5F91DF0C4
:10886000B7F9801B404580F0CD8023685B684B459D
:1088700063D12379002BE3D153463A46294620465B
:10888000FFF7AAFE034622686F4992688A422BD1FD
:10889000002BE1D0EA895A452BD0EB7B012B51D03C
:1088A00040F201218A42D7D0002BD5D194F88C31E7
:1088B000B3B1D4F8880110B164491CF069F91DF016
:1088C00087F9D4F888315BB1811B89B218460A2236
:1088D0001CF064FCD4F8880110B15D491CF0E8F983
:1088E000022007B0BDE8F08F039320469047039B1A
:1088F000CEE72B78BB425BD0EB7B012BD4D194F835
:108900008C31B3B1D4F8880110B152491CF040F950
:108910001DF05EF9D4F888315BB1811B89B218462D
:108920000A221CF03BFCD4F8880110B148491CF025
:10893000BFF90E2007B0BDE8F08F20469847002809
:108940008AD096E72B78BB42D9D16B78534583D038
:10895000D5E7D4F8740103685B68984700283FF4B2
:1089600075AF5346B2461E460CE0D4F87401036856
:108970001B6A98479DF8171000963B462A462046EA
:10898000FEF782FDD4F8740103685B6898470DF127
:10899000170101220028E8D1334656469A4623683B
:1089A000294A9B6893423FF475AF2046984771E788
:1089B0006B785345A0D194F88C31B3B1D4F88801C9
:1089C00010B125491CF0E4F81DF002F90146D4F875
:1089D000880150B1891B89B20A221CF0DFFBD4F850
:1089E000880110B11A491CF063F90B200EE05346C0
:1089F0003A4629462046FFF797FE034643E72046BE
:108A0000984729E794F88C311BB9032007B0BDE8DB
:108A1000F08FD4F8880110B110491CF0B9F81DF09E
:108A2000D7F8D4F88831002BEFD0811B89B21846D3
:108A30000A221CF0B3FBD4F888010028E5D00849CD
:108A40001CF036F9E1E700BF11730200F47807006B
:108A5000B8780700C07807007C78070030790700F5
:108A6000587907000D7302002DE9F04F0D4687B0CD
:108A70000221A97380F8BE1180F8CE1180F8EE11A2
:108A8000E97380F8BF1180F8CF1180F8EF11BDF8BD
:108A90004070DFF85483DFF854B3044691469A4699
:108AA0001DF096F806460DE0012B00F09F80022B8A
:108AB00000F0EF8023689B685B4540F0A2800120B6
:108AC0001DF092F81DF084F8801BB84280F00E81F2
:108AD00023685B68434540F083802379002BE3D112
:108AE00053464A4629462046FFF776FD034622684C
:108AF00092685A452ED1002BE1D0EB7B012B2ED072
:108B0000022B94F8BF214AD1012A00F07181032A77
:108B100000F00D811343D2D194F88C31B3B1D4F865
:108B2000880110B1A5491CF033F81DF051F8D4F8B4
:108B300088315BB1811B89B218460A221CF02EFBDA
:108B4000D4F8880110B19E491CF0B2F8012007B09A
:108B5000BDE8F08F039320469047039BCBE794F842
:108B6000BF31012B70D0032B00F0E180002BA6D188
:108B7000AB7B012BA3D12B784B45A0D16B78534510
:108B80009DD194F88C31002B00F01681D4F8880127
:108B9000002800F096808B491BF0FAFF91E0012A33
:108BA000B5D1EB89002B8AD194F88C31B3B1D4F8CC
:108BB000880110B184491BF0EBFF1DF009F8D4F8CF
:108BC00088315BB1811B89B218460A221CF0E6FA93
:108BD000D4F8880110B17A491CF06AF80220A3E0A9
:108BE0002046984700283FF46AAF76E7D4F874012E
:108BF00003685B689847A8B923689B685B453FF4A6
:108C00005EAF204698475AE7D4F8740103681B6AA0
:108C100098479DF81710CDF800A04B462A462046ED
:108C2000FEF732FCD4F8740103685B6898470DF1D5
:108C3000170101220028E7D123689B685B453FF4B8
:108C40005CAF2046984758E7AB7B012B2B7828D0A8
:108C50004B4502D16B785345A3D094F88C31B3B116
:108C6000D4F8880110B159491BF092FF1CF0B0FFF5
:108C70000146D4F8880150B1891B89B20A221CF040
:108C80008DFAD4F8880110B14D491CF011F80E206E
:108C90004AE053464A4629462046FFF745FD03462B
:108CA00025E74B45D9D16A785245D1D194F88C311A
:108CB000002B00F08180D4F8880110B144491BF0EA
:108CC00067FF1CF085FF0146D4F88801002873D0A7
:108CD000891B89B20A221CF061FAD4F888010028A5
:108CE0006AD037491BF0E4FF0B201DE0EB7B012B22
:108CF0003BD094F88C31B3B1D4F8880110B1354928
:108D00001BF046FF1CF064FFD4F888315BB1811B77
:108D100089B218460A221CF041FAD4F8880110B131
:108D20002D491BF0C5FF032007B0BDE8F08F94F874
:108D30008C31B3B1D4F8880110B128491BF028FF59
:108D40001CF046FFD4F888315BB1811B89B218460C
:108D50000A221CF023FAD4F8880110B118491BF03C
:108D6000A7FF042007B0BDE8F08F94F8BF31022BB5
:108D7000BFD1AB7B012BBCD12B784B45B9D16B78E4
:108D80005345B6D194F88C31B3B1D4F8880110B101
:108D900013491BF0FDFE1CF01BFF0146D4F88801AF
:108DA00050B1891B89B20A221CF0F8F9D4F8880165
:108DB00010B10C491BF07CFF0B20B5E7C07A07000F
:108DC000B8780700807A07001C7A0700E879070066
:108DD00074790700407B0700647B0700447A070032
:108DE000047B0700387B07000D730200117302003B
:108DF00094F88C31B3B1D4F8880110B10A491BF052
:108E0000C7FE1CF0E5FED4F888315BB1811B89B246
:108E100018460A221CF0C2F9D4F8880110B103499F
:108E20001BF046FF0A207FE7B4790700B8780700F7
:108E30002DE9F0410D460E784978B5F802C031446D
:108E4000C9B201EB0C04E4B20E4404EB1C21C9B21C
:108E500034440C44E4B282B00646174698466C731C
:108E60002973BCF1000F0FD0AB680CF1FF3C13FA73
:108E70008CFC013B13F8012F1144C9B20C44E4B23D
:108E800063456C732973F5D196F88C3153B1D6F8DC
:108E9000880110B149491BF07BFE0122294630466A
:108EA000F9F772FC3379002B57D0012B7CD0022BC1
:108EB00070D03368424A9B68934266D1D7B12A7812
:108EC00096F88C31062A35D0B8F1000F32D133B183
:108ED000D6F8880118B13B491BF0EAFE2A780097C2
:108EE0006B7830462946FFF78BFC0446204602B0DB
:108EF000BDE8F081D6F8A031BBB1D6F8A4213C463C
:108F0000002AF3D006F5E87501E0D6F8A031D95D66
:108F1000009400232A463046FEF7B6FAD6F8A4316C
:108F20000137BB42F1D8C6F8A4410024204602B064
:108F3000BDE8F08133B1D6F8880118B122491BF0A1
:108F4000B7FE2A7800976B7830462946FFF78CFDEC
:108F50000446204602B0BDE8F08129463046F9F7C4
:108F6000C9F904460028A4D096F88C312BB1D6F864
:108F7000880110B115491BF09BFE3368104A9B68AD
:108F80009342B3D030469847B0E730469847002F19
:108F9000B0D094E729463046F9F70EFB3368084A0B
:108FA0009B6893428AD0F0E729463046F9F790FA59
:108FB0003368034A9B68934280D0E6E76C7B0700E6
:108FC00011730200B87B0700907B0700787B0700D5
:108FD000F8B5D0F89861204DC0F8D0510025A0F820
:108FE000D651356075603572D0F898611B4F357079
:108FF000D0F89861BDF818507370D0F8983121F00E
:10900000706121F470411971D0F898310E0A5E71C7
:10901000D0F898310E0C9E71D0F89831090ED971A4
:10902000D0F8983112781A7203685B68BB42044624
:1090300000F5E8760BD12A46314620460023FFF79B
:10904000F7FEA0F10A00B0FA80F04009F8BD984799
:109050000028F0D1F8BD00BF068A09000D73020098
:10906000F8B50446D0F84C020D461646002864D0E8
:10907000D4F89431B4F8D221181A824235D2053B83
:10908000934261D994F83F32402B78D0D4F898318C
:1090900025F0706121F470419954B4F8D221D4F8CC
:1090A000983113440A0A5A70B4F8D221D4F898318E
:1090B00013440A0C9A70B4F8D221D4F898311344AE
:1090C000090ED970B4F8D211D4F8983132780B4423
:1090D00001201A7194F83F32B4F8D22103440532CA
:1090E00084F83F32A4F8D221F8BD94F88C31002BDB
:1090F00040D0D4F8880110B129491BF0D9FD23686C
:10910000284A5B68934204F5E87728D13946002362
:1091100040F24C422046FFF78BFE0A2823D1D4E9C7
:10912000652004230021043A1844A4F8D231A4F89D
:10913000D61184F83F1227F011FDD4F89431B4F819
:10914000D221053B93429DD894F88C316BB1D4F871
:10915000880140B114491BF0ABFD0020F8BD20464A
:1091600098470028D2D10020F8BD94F88D31002B0B
:10917000F9D0ECE794F88D31002BC0D0B9E794F822
:109180008C311BB994F88D31002BECD0D4F88801C8
:109190000028E8D005491BF08BFD0020F8BD00BF7A
:1091A000E47B07000D730200FC7B07002C7C0700AA
:1091B0002DE9F04103682F4F5E68BE4284B004463B
:1091C0000D46904623D1237904F5E8766BB1012B47
:1091D00025D0022B45D000262368274A9B6893425E
:1091E0000FD1304604B0BDE8F08143462A463146EF
:1091F0002046FFF7F1F923681F4A9B689342064611
:10920000EFD020469847304604B0BDE8F081B04723
:1092100006460028D7D1304604B0BDE8F081D4F826
:10922000740103685B6898470028D4D00DE0D4F837
:10923000740103681B6A98479DF80F10CDF80080F1
:109240002B4632462046FEF71FF9D4F87401036816
:109250005B6898470DF10F0101220028E7D1012634
:10926000BAE7314643462A462046FFF75DFA0646EE
:10927000B2E700BF0D730200117302002DE9F04345
:10928000044600262C48C4F8D00185B00D46174688
:109290003146D4E96520A4F8D66184F83F62984647
:1092A00027F05CFCD4F8983124491E70D4F898312A
:1092B00003AA5F70204605F001038DF80C30FFF71C
:1092C000CFFEC5F3400306461D498DF80C302046FD
:1092D00003AAFFF7C5FE94F83F323040C6B283B907
:1092E0001849CDF80080C5F340153B4603AA204637
:1092F0008DF80C50FFF76CFE3043C0B205B0BDE8EE
:10930000F0832368104A5B68934204F5E8790DD135
:109310004946002342462046FFF78AFD0A2801D02D
:109320000026DDE7002384F83F32D9E7204698473E
:109330000028F5D0ECE700BF068A04000110741184
:1093400002107411041074110D73020090F88C3126
:1093500070B504460D46164693B1D0F8880178B131
:109360002C491BF015FCD4F8880148B10A22A9B297
:109370001BF014FFD4F8880110B127491BF008FD39
:10938000D4F89821254BC4F8D0310023A4F8D63165
:109390001570D4F89821290A5170D4F89821290C15
:1093A0009170D4F898212D0ED570D4F8982102210F
:1093B0001171D4F898215371D4F898219371D4F88D
:1093C0009821D3712368164A5B6804F5E8755EB18D
:1093D000934213D13246294620460023FFF728FD49
:1093E000043818BF012070BD93420DD100232946D7
:1093F00020461A46FFF71CFD002070BD2046984706
:109400000028E7D1012070BD204698470028EDD103
:1094100070BD00BF507C0700647C0700024108005B
:109420000D730200F8B5D0F898611D4DC0F8D05109
:109430000025A0F8D651356075603572D0F8987166
:10944000184E3D70D0F898717A70D0F89821212785
:109450001771D0F898215571D0F898211125957180
:10946000D0F898212025D571D0F898211172026882
:109470005268B24204461D4600F5E8770BD12A46F1
:10948000394620460023FFF7D3FCA0F10A00B0FACA
:1094900080F04009F8BD90470028F0D1F8BD00BF2A
:1094A000068A09000D7302002DE9F0412F4E944603
:1094B00088469E4604460FCE88B001AD0FC596E89B
:1094C00007006646062E85E80700BDF83870C446DA
:1094D000734641D808AA02EB860656F81C2C22F0E7
:1094E000706222F47042D4F898112148C4F8D00177
:1094F0000020A4F8D601086048600872D4F89811DA
:109500001C4D0870D4F898114B70D4F898311A712A
:10951000D4F89831110A5971D4F89831110C997115
:10952000D4F89831120EDA71D4F8983183F808C063
:1095300023685B68AB4204F5E8760FD13A463146C2
:1095400020460023FFF774FCA0F10A00B0FA80F077
:10955000400908B0BDE8F0810022C4E720469847E2
:109560000028EBD108B0BDE8F08100BFD07E070035
:10957000068A09000D73020070B50446D0F89851B0
:109580003D48C4F8D001012A4FF00000A4F8D601EC
:109590001E462860686005D0022A53D0042A14BFF2
:1095A00007200220D4F8983100221A70D4F898319C
:1095B0005870D4F8983121F0706525F470451D710C
:1095C000D4F898312A0A5A71D4F898312A0C9A7131
:1095D000D4F898312A0EDA7194F88C318BB1D4F822
:1095E000880170B125491BF0D3FAD4F8880140B145
:1095F000294610221BF02AFDD4F8880108B11BF07F
:10960000A7FB23681E4A5B68934204F5E8751BD1EB
:109610002946002332462046FFF70AFC94F88C3195
:1096200005466BB1D4F8880150B116491BF0B0FA69
:109630000E2D17D9D4F88801134908B11BF0A8FBE7
:10964000284670BD0120ADE7204698470028DFD1AD
:1096500094F88C3163B1D4F8880148B109491BF002
:1096600097FA0125094BD4F8880153F82510E4E74F
:109670000125284670BD00BF068B0800787C0700D6
:109680000D730200887C070090700700EC7E0700D5
:10969000027970B504460D469AB1012A03D0022A18
:1096A00030D0002070BD6379002B37D024492B4681
:1096B0002046FFF761FFA0F10B00B0FA80F04009EF
:1096C00070BD03681F4A5B68934232D1D4F87401BD
:1096D00003681B68984723681B4A9B6893420646A9
:1096E0002BD1002EDDD02279002AD6D117492B4666
:1096F00020460122FFF740FFA0F10B00B0FA80F0F6
:10970000400970BD12492B4620460122FFF734FF65
:10971000A0F10B00B0FA80F0400970BD0D492B4656
:109720002046FFF729FFA0F10B00B0FA80F04009B6
:1097300070BD98470028B4D0C8E720469847D0E7C6
:10974000011075110D7302001173020001107111E7
:109750000110791101107311F8B50368594D1B6898
:10976000AB4204460F46164640F09B80D4F8943135
:10977000002284F83E22002B00F08D802046F9F76D
:10978000AFFCB4F8380220B1D4F83452002D00F008
:109790008A802379022B29D1D4F8A001002800F077
:1097A0008980D4F8A85175B1FF220270D4F8A8516D
:1097B000012D08D90123D4F8A051EA54D4F8A851B6
:1097C00001339D42F7D894F88C31002B40D194F8A6
:1097D0008D31002B3CD1D4F894310833AB4205D9FC
:1097E000D4F8880110B138491BF062FA3946204696
:1097F000FFF74EFF48BB94F88C31002B43D194F80F
:109800008D31002B3FD139462046FFF741FFE0B9AB
:1098100094F88C317BBB94F88D3163BB394620467C
:10982000FFF736FF88B98EB194F83E6276B194F8AE
:109830008C3133B1D4F8880138B124491BF038FA9F
:1098400004E094F88D31002BF4D101263046F8BDA8
:10985000D4F888010028C9D01D491BF099F9D4F823
:109860008801D4F8A8110028C0D00A221BF064FC9B
:10987000D4F8A851AFE7D4F888010028CED0154914
:109880001BF016FACAE7D4F888010028BBD01249A9
:109890001BF00EFAB7E74FF496712046F7F79AF8E7
:1098A0006CE7984762E71EF0E3FCC4F83A52C4F84C
:1098B00034026EE7D4F8A8011EF0DAFCC4F8A00167
:1098C0006FE700BF09730200C87C0700447D0700F2
:1098D000A87C0700207D0700FC7C0700F0B5D0F8CD
:1098E0009861274DC0F8D0510025A0F8D6513560B9
:1098F0007560B560D0F89861224F3570D0F89861E6
:109900007370D0F8983121F0706121F470411971B1
:10991000D0F898310E0A5E71D0F898310E0C9E7115
:10992000D0F89831090ED971D0F898311A72D0F860
:109930009831110A5972D0F89831110C83B099728C
:10994000D0F898310192120EDA720368BDF82050F7
:109950005B68BB42044600F5E8760CD12A463146E6
:1099600020460023FFF764FAA0F10A00B0FA80F065
:10997000400903B0F0BD98470028EFD103B0F0BD17
:10998000068A0C000D73020010B4012ABDF80440D1
:109990000CD0022A03D000205DF8044B70470194DC
:1099A0000A465DF8044B0549FFF798BF01940A4643
:1099B0005DF8044B0249FFF791BF00BF01405341DE
:1099C000014052412DE9F043466A87B0044689467A
:1099D00017469846002E5ED02379022B27D0012B04
:1099E0003FD03E49CDF8008001253B4605AA2046E0
:1099F00003918DF81450FFF7EBFA03990546C0B1B7
:109A0000676A337897F8602023F0030343F001037B
:109A10006FF30002337087F86020FB6E002B46D096
:109A2000C7F868900125284607B0BDE8F0832C49A7
:109A3000D8E743463A462046FFF79EFD0B2817D04D
:109A4000626A337892F8601023F0030343F0010355
:109A500065F300012846337082F8601007B0BDE856
:109A6000F08362791F49204B002A18BF1946B9E7D5
:109A7000D4F8D821676A3378117A97F8602023F0F8
:109A80000303002918BF43F0010365F3000233709C
:109A900087F86020C1E770201EF0E8FB0023C0E9D2
:109AA0001A33C0E9183306466062037094E75C20FD
:109AB0001EF0DCFBF866676AFB6E002BB0D194F8F1
:109AC0008C311BB994F88D51002DACD0D4F888019D
:109AD00010B106491BF0ECF80025A4E706209121FF
:109AE0000A2091210720912108209121787D0700EB
:109AF0002DE9F041866D86B004460D46174698461E
:109B0000002E42D02379022B1BD0012B2FD02649C7
:109B1000CDF800803B4605AA204603918DF81450ED
:109B2000FFF756FA039970B1337865F3000343F0F9
:109B300002033370A36D002283F8002C06B0BDE849
:109B4000F0811A49E4E743463A462046FFF714FD00
:109B50000B280CBF0120002010D0337845F00205FF
:109B600005F0030123F003050D433570E2E7627948
:109B70000F49104B002A18BF1946C9E7D4F8D8314D
:109B80001D7A003D18BF0125E7E740F60C401EF0A6
:109B90006DFB00230646A0650370C0F8043CC0F8C6
:109BA000083C80F8003CADE7152091211920912157
:109BB00016209121172091212DE9F043866D87B061
:109BC0000546BDF838900C4690461F46002E45D0FD
:109BD0002B7914F0800F18BF7F24022B1ED0012B8D
:109BE00035D02649CDF800903B4605AA284603917A
:109BF0008DF81440FFF7ECF9039988B13378003CF5
:109C000018BF012464F3000368F341033370AB6DA4
:109C1000002283F8002C07B0BDE8F0831849E1E783
:109C20004B463A462846FFF7A7FC0B2804BFD5F859
:109C3000D8311C7A33780CBF01200020003C18BFBB
:109C4000012464F3000368F341033370DFE76A79AA
:109C50000C490D4B002A18BF1946C3E740F60C40CB
:109C60001EF004FB00230646A8650370C0F8043C00
:109C7000C0F8083C80F8003CAAE700BF15209121FD
:109C80001920912116209121172091212DE9F043CF
:109C9000866D87B00446894617469846002E54D0F4
:109CA0002379022B25D0012B39D03C49CDF80080F7
:109CB00001253B4605AA204603918DF81450FFF775
:109CC00087F903990546B0B13378A76D23F00303F4
:109CD00043F001030022337087F8002CD7F8083CCA
:109CE000002B41D0C7F8049C0125284607B0BDE8E9
:109CF000F0832B49DAE743463A462046FFF73CFC1F
:109D00000B2813D03378A26D23F0030343F0010333
:109D10002846337082F8005C07B0BDE8F0836279B2
:109D20002049214B002A18BF1946BFE7D4F8D82193
:109D30003378127AA76D23F00303002A18BF43F08B
:109D40000103337087F8005CC8E740F60C401EF052
:109D50008DFA00230646A0650370C0F8043CC0F8E5
:109D6000083C80F8003C9BE740F6FC301EF07EFA91
:109D7000C7F8080CA76DD7F8083C002BB2D194F8AF
:109D80008C311BB994F88D51002DAED0D4F88801D8
:109D900010B106491AF08CFF0025A6E71520912185
:109DA000192091211620912117209121A47D0700CF
:109DB00009B908467047F0B5282990F8F471D0F831
:109DC000986128BF28218D004FF47A7CBCFBF5F503
:109DD000EDB2AF4280F8F35128BF2F46224DC0F8B4
:109DE000D051002580F8F271A0F8D6513560756029
:109DF0003581D0F89861BCFBF1F13570D0F89871DD
:109E00001A4E7A70D0F8982101271771D0F898214E
:109E10005571D0F8982121259571D0F898213025D9
:109E2000D571D0F898211172D0F898210912517289
:109E300002685268B24283B0044600F5E8750CD15E
:109E40001A46294620460023FEF7F2FFA0F10A0039
:109E5000B0FA80F0400903B0F0BD01939047019B38
:109E60000028F8D0ECE700BF068A0A000D73020054
:109E7000704700BF20301BF0DFB900BF38B5437F0B
:109E80000BB9002038BD00F5947420460D461BF038
:109E9000E3F90028F5D1204629461BF0ADF9012051
:109EA00038BD00BF20301BF0B9B900BF20301BF017
:109EB000CBB900BF2DE9F04F83B0019272B34C1EB5
:109EC000174F0546C1F1010604EB020800F5947A2C
:109ED0002B681B68BB4206EB040B14F8019F17D1DB
:109EE0006B7F50461BB9584603B0BDE8F08F1BF09E
:109EF000B3F9034649465046002BF4D11BF07CF9D8
:109F00004445E5D1DDF804B0584603B0BDE8F08F14
:109F10004946284698470028F2D1E4E79346E2E70D
:109F20007D9E040030B4837E1F2B4FF0010288BF5A
:109F300003F01F03C27603F5E0738CBF244A4FF091
:109F4000A04240F20C6142F82310437E02691F2BAD
:109F500086BF03F01F031E494FF0A04103F5E073D5
:109F600040F20C6441F823404FF0CC710623C2F854
:109F70002415C2F80035837EC2F8083590F91830F0
:109F8000417EC2F80C15002B1ADB124C5A0903F063
:109F90001F05603201212344A940602544F82210A6
:109FA00083F8005390F91830002B07DB094903F0C0
:109FB0001F0001225B09824041F8232030BC70471A
:109FC000054A03F00F031A4460231376EAE700BF43
:109FD0000003005000E100E0FCEC00E0C37E9BB118
:109FE0000B4A036991424FF00000C3F800050CD9F9
:109FF000084A914294BF4FF080614FF0C861062239
:10A00000C3F82415C3F8002570474FF0CC71F6E76C
:10A01000A086010090D00300C37E23B10369002213
:10A02000C3F8002570474269C2F80035704700BF89
:10A03000F8B514460AB91046F8BD054600F12007E8
:10A0400038460E461BF0E6F82B690122C3F88865F6
:10A050001A62C3F83475C3F838451A6002E0D3F8C1
:10A0600024211AB9D3F84C21002AF8D00022C3F8D1
:10A070004C2102E0D3F824211AB9D3F85C21002A3C
:10A08000F8D000210122C3F85C115A61D3F80421F1
:10A09000002AFBD00022C3F80421D3F8241109B10F
:10A0A000C3F82421D3F83C05C5F82001C0B2F8BD9F
:10A0B00010B5044680F8301200F594701BF0AAF831
:10A0C0000123637710BD00BFF8B503690446002281
:10A0D00090F830026277012704F59476C3F888057A
:10A0E000C3F8042130461F62C3F844650D461BF0D7
:10A0F000A3F82369C3F848059F6002E0D3F8242140
:10A100001AB9D3F85021002AF8D00022C3F8502100
:10A1100030461BF091F8236920BB0022C3F8602170
:10A1200015B9D3F8242112B301225A61D3F80421BE
:10A13000002AFBD00022C3F80421D3F8240160B127
:10A140000022C3F82421D3F8C404C3F8C4040228AD
:10A1500003D004280CBF03200420F8BDD3F8242129
:10A16000002ADAD1D3F86021002AF7D0D5E70122FE
:10A17000DA61D3F84821002AFBD00022C3F8482135
:10A18000DBE700BF0121FFF79FBF00BF70B52B4C7D
:10A190006369D3F86421002A3DD1D3F86821FAB964
:10A1A000D3F8042122B1227F0021C3F8041162B93F
:10A1B000D3F8242142B10022C3F82421D3F8D024BB
:10A1C000C3F8D02401225A6170BDD4F83822D3F8E4
:10A1D0003C05C4F82001002AEAD090476369E7E70C
:10A1E0000022C3F8682116484FF48073A3831BF044
:10A1F00011F8D4F8343203B1984763691048C3F8B2
:10A200004405002363771BF017F863690122C3F844
:10A2100048055A63C4E7002204F12006C3F864210C
:10A220000125304625771AF0F5FF63694FF48072F7
:10A23000C3F83465C3F838251D63AEE7845A01209E
:10A24000AC5B012070B52B4C6369D3F86421002A04
:10A250003DD1D3F86821FAB9D3F8042122B1227F85
:10A260000021C3F8041162B9D3F8242142B10022BD
:10A27000C3F82421D3F8D024C3F8D02401225A6192
:10A2800070BDD4F83822D3F83C05C4F82001002A68
:10A29000EAD090476369E7E70022C3F868211648CF
:10A2A0004FF48073A3831AF0B5FFD4F8343203B1AE
:10A2B000984763691048C3F84405002363771AF090
:10A2C000BBFF63690122C3F848055A63C4E7002253
:10A2D00004F12006C3F864210125304625771AF0E1
:10A2E00099FF63694FF48072C3F83465C3F8382569
:10A2F0001D63AEE7C05C0120E85D01202DE9F84355
:10A300001A4DDFF878901A4C1A4F284600264FF461
:10A310007A7840F8209BC5E901681AF061FF05F5DD
:10A3200094701AF05DFF032320462B763B696B7611
:10A33000114B7A6940F8209BC5E90433AA76C4E939
:10A3400001686E771AF04CFF04F594701AF048FF1C
:10A35000D7E9102104204FF04023C4E90433667785
:10A3600020766176A276BDE8F88300BF845A01208A
:10A37000C05C0120DC90070000300040307F070007
:10A38000F0B40C4AC0F8A8200B4AC0F8AC20002456
:10A3900000250026002700214FF0FF32C0E910679A
:10A3A000C0E92867C0E91245C0E914458165F0BCE1
:10A3B000C26570470000A04100002041082A1346F2
:10A3C000A8BF0823002A30B403642DDD0B680360A6
:10A3D0004B684360012A27DD8B688360CB68C360CC
:10A3E000022A21D00B6903614B694361032A1BD008
:10A3F0008B698361CB69C361042A15D00B6A036240
:10A400004B6A4362052A0FD08B6A8362CB6AC362B0
:10A41000062A09D00B6B03634B6B4363072A03D0F7
:10A420008B6B8363CB6BC36300220023C0E91223D1
:10A43000C0E9142300240025002100224FF0FF333F
:10A44000C0E92845816530BC4264C365704700BFE0
:10A45000F8B5054610EE100A25F0A0FBFAA3D3E9E3
:10A46000002325F0F3FB25F0E9FE2A6C00239A4235
:10A47000C5F8A03040F38C8195ED017AB5EEC07A35
:10A48000F1EE10FA07EE900A40F2838177EEC76A88
:10A49000F5EE005AF0EEE66A86EE876AB4EEE56AFB
:10A4A000F1EE10FA00F2758101218A422B6685EDEA
:10A4B000196AC5F8A01000F069810B4695ED037A82
:10A4C000B5EEC07AF1EE10FA0DD977EEC76AF5EE67
:10A4D000005AF0EEE66A86EE876AB4EEE56AF1EEBF
:10A4E00010FA40F25A81022A00F0A78095ED057A11
:10A4F000B5EEC07AF1EE10FA40F2638177EEC76AEA
:10A50000F5EE005AF0EEE66A86EE876AB4EEE56A8A
:10A51000F1EE10FA00F2558105EBC3010220013380
:10A52000032A81ED196A0866C5F8A03000F088801A
:10A5300095ED077AB5EEC07AF1EE10FA40F24C8153
:10A5400077EEC76AF5EE005AF0EEE66A86EE876AA5
:10A55000B4EEE56AF1EE10FA00F23E8105EBC301BC
:10A5600003200133042A81ED196A0866C5F8A0307A
:10A5700066D095ED097AB5EEC07AF1EE10FA40F2A8
:10A58000368177EEC76AF5EE005AF0EEE66A86EE9F
:10A59000876AB4EEE56AF1EE10FA00F2288105EB65
:10A5A000C30104200133052A81ED196A0866C5F844
:10A5B000A03045D095ED0B7AB5EEC07AF1EE10FAE9
:10A5C0000DD977EEC76AF5EE005AF0EEE66A86EE30
:10A5D000876AB4EEE56AF1EE10FA40F21181062ABC
:10A5E0002BD095ED0D7AB5EEC07AF1EE10FA0DD9BB
:10A5F00077EEC76AF5EE005AF0EEE66A86EE876AF5
:10A60000B4EEE56AF1EE10FA40F20781072A14D0A1
:10A6100095ED0F7AB5EEC07AF1EE10FA0DD977EE1E
:10A62000C77AB5EE006AF0EEE77AC7EE876AF4EE15
:10A63000C66AF1EE10FA40F2FD80002B00F0A8800F
:10A64000012B00F0A3802B464FF0FF37D3ED1B7A90
:10A6500093ED197AD3F868E0F4EEC77A3A46F1EE52
:10A6600010FA07F101073C4680F2C58003F160064D
:10A6700096E8030003F1680484E80300511C1446C3
:10A6800000F0BC8093ED177AF4EEC77AF1EE10FA81
:10A6900080F2B18003F1580C9CE80300541E86E858
:10A6A0000300002A00F0AA8093ED157AF4EEC77A31
:10A6B000F1EE10FA80F29F8003F1500696E8030055
:10A6C000012A8CE80300A2F1020400F0978093EDC8
:10A6D000137AF4EEC77AF1EE10FA80F28C8003F16F
:10A6E000480C9CE80300022A86E80300A2F1030458
:10A6F00000F0848093ED117AF4EEC77AF1EE10FA4F
:10A7000079DA03F1400696E80300032A8CE8030097
:10A71000A2F1040472D093ED0F7AF4EEC77AF1EE51
:10A7200010FA68DA03F1380C9CE80300042A86E882
:10A730000300A2F1050461D093ED0D7AF4EEC77A1F
:10A74000F1EE10FA57DA03F1300696E80300052A15
:10A750008CE80300A2F1060450D093ED0B7AF4EEDE
:10A76000C77AF1EE10FA46DAD3E90A0186E8030067
:10A77000602445F804E02C44C4ED017AD5F8A0101B
:10A780000332914203F108033FF760AF03236B6488
:10A79000F8BD012A7FF492AEF8BD05EBC30101209C
:10A7A0000344022A81ED196A0866C5F8A0303FF417
:10A7B00047AF95ED057AB5EEC07AF1EE10FA3FF6A7
:10A7C0009DAE032A3FF439AF95ED077AB5EEC07A16
:10A7D000F1EE10FA3FF6B4AE042A3FF42EAF95ED39
:10A7E000097AB5EEC07AF1EE10FA3FF6CAAE052A44
:10A7F0007FF4E0AE21E70D34E400BAE76024B8E767
:10A8000005EBC30105200133062A81ED196A0866AC
:10A81000C5F8A0307FF4E5AE12E705EBC3010620D2
:10A820000133072A81ED196A0866C5F8A0307FF464
:10A83000EFAE05E705EBC30207210133C2ED196A4C
:10A840001166C5F8A030FBE68FF2A3FC283F0A4052
:10A850002DE9F0472DED048B90ED168ADFED667A39
:10A8600032EE488A82B0B4EEE78AF1EE10FA00F1D7
:10A87000A08082465AA3D3E9002351EC100B55EC7B
:10A88000114BF0EE428A25F0E1F955A3D3E90023FC
:10A8900006460F46DAE9120125F0D8F932463B4662
:10A8A0008046894625F01AF8544B002225F0CEF94F
:10A8B00041EC100B23F024FA22462B46DAE914016E
:10A8C00055EC104B25F00AF847A3D3E9002325F0F7
:10A8D000BDF941EC100B23F013FAB0EE407AF0EE24
:10A8E000607A47EC106B49EC198B59EC178B23F00D
:10A8F0004BF9B0EE407AF0EE607AB0EE490AF0EE35
:10A90000690A57EC176B23F03FF942464B46404625
:10A91000494659EC108B25F099F942464B4625F0F3
:10A9200095F932463B4625F091F922462B460446DE
:10A930000D461046194625F089F902460B46204679
:10A94000294624F0CDFF02460B4643EC102BCDE9FF
:10A95000002323F061FADDE90023B0EE409AF0EE27
:10A96000609A2749002024F0B9FF41EC100B23F036
:10A9700053FAB0EE401AF0EE601AB0EE490AF0EE6B
:10A98000690A23F047FADAF8AC0057EC106B25F0AF
:10A9900005F917A3D3E9002304460D46304639468E
:10A9A00025F054F902460B462046294625F0DEFBE9
:10A9B00020B902B0BDEC048BBDE8F087B0EE480AC8
:10A9C0005046FFF745FDDAF84430022BF1D1DAF8B2
:10A9D000A430CAED168A0133CAF8A430E9E700BFF3
:10A9E000399D52A246DF913F399D52A246DF813FF9
:10A9F00000000000AE4D6841000048430000E03F09
:10AA00000000F03F000000002DE9F04F55EC104B26
:10AA100083B08246624B10EE100A4FF0FF32294697
:10AA200057EC116B12EE108A12EE90BA25F08AFBE9
:10AA3000002800F0AC804FF0FF326FF48013204606
:10AA4000294625F089FB002800F0A180544B4FF0E7
:10AA5000FF323046394625F075FB002800F097801C
:10AA60004FF0FF326FF480133046394625F074FB07
:10AA7000002800F08C804B4B00222046294625F010
:10AA800057FB002840F08380474B00222046294690
:10AA900025F06CFB00287AD1444B00223046394621
:10AAA00025F046FB002872D1414B00223046394642
:10AAB00025F05CFB00286AD10022002320462946AD
:10AAC00025F02CFB38B1002200233046394625F012
:10AAD00025FB00285BD1404625F060F8304B4FF055
:10AAE000FF328046894625F02DFB00284FD04FF0DD
:10AAF000FF326FF480134046494625F02DFB0028B5
:10AB000045D0584625F04AF8254B4FF0FF32CDE9A5
:10AB1000000125F017FB002839D0DDE900014FF0D6
:10AB2000FF326FF4801325F017FB80B3DAF844305E
:10AB30004BBB0123CAF8443017A3D3E90023404696
:10AB4000494625F083F825F079FBDAED2A7A07EEFD
:10AB5000100AB4EEE77AF1EE10FA18DBCAE91245F2
:10AB6000CAE914670223CAF858B0CAF8443002EEA2
:10AB700010BA47EC116B45EC104B504603B0BDE8E2
:10AB8000F04FFFF765BE012BD6D0022BEFD003B0FC
:10AB9000BDE8F08FAFF3008084BFAAD645E2E33F63
:10ABA000FFFFEF7F008056C000805640008066C0E7
:10ABB0000080664000220423C165C0F8A0204364E1
:10ABC000704700BF00220223C0F8A020436480ED3C
:10ABD000160A7047B5EEC00AF1EE10FAC8BF80ED54
:10ABE0002A0A7047B5EEC00AF1EE10FAC8BF80ED30
:10ABF0002B0A7047406C7047D0F8A000704700BF28
:10AC000060307047D0F8A400704700BF000000001B
:10AC10002DE9F04FD1F888332DED028B0546082B36
:10AC200047F2500046F610744FF000071E46894662
:10AC3000A8BF082647F2480147F24C022E51BB42FA
:10AC40002F504FF0FF306850ADF6D45DAF5242DD6B
:10AC500005F5DE4A0AF1100A05F1100B4C46E846EC
:10AC600095ED020B2968404603F0BEF84FF45D6293
:10AC70004146584625F04AFF584603F01BFFA2689C
:10AC8000CBF8D02D0BF6D452E16811604FF00103E0
:10AC90008BF8D83D94ED0A3B94ED082B94ED061B00
:10ACA00094ED040B584603F087FD94F87020002AB9
:10ACB00040F0CE8194F871205846002A40F0B081CF
:10ACC00003F016FDDAF800600137BE420BF55E6B4B
:10ACD00004F17004C4DC072E6ADC4FF45E6101FBF2
:10ACE000065000F6E45400230022072E80F8E83DC9
:10ACF000C0F8E03D226006F1010056D001FB005093
:10AD000000F6E454062E80F8E83DC0F8E03D2260ED
:10AD100006F1020049D001FB005000F6E454052E74
:10AD200080F8E83DC0F8E03D226006F103003CD029
:10AD300001FB005000F6E454042E80F8E83DC0F812
:10AD4000E03D226006F104002FD001FB005000F628
:10AD5000E454032E80F8E83DC0F8E03D226006F19F
:10AD6000050022D001FB005000F6E454022E80F8CA
:10AD7000E83DC0F8E03D226006F1060015D001FB79
:10AD8000005000F6E454012E80F8E83DC0F8E03DA4
:10AD9000226006F1070008D001FB005101F6E450E3
:10ADA00081F8E83DC1F8E03D0260002E40F370817B
:10ADB00005F6E453186824F0F1FECBA3D3E9002391
:10ADC00024F044FF25F03AFADFEDC97A08EE100AC4
:10ADD000B4EEE78AF1EE10FAB8BFB0EE678A012E42
:10ADE00000F05B8105F5DE53586824F0D7FEBEA362
:10ADF000D3E9002324F02AFF25F020FA07EE900A79
:10AE0000F4EEC87AF1EE10FAB4BFF0EE488AF0EE34
:10AE1000678A022E00F0288105F52653586A24F02F
:10AE2000BDFEB1A3D3E9002324F010FF25F006FAFC
:10AE300008EE100AB4EEE88AF1EE10FAB8BFB0EEF0
:10AE4000688A032E70D005F55E53586824F0A6FE7C
:10AE5000A5A3D3E9002324F0F9FE25F0EFF907EECE
:10AE6000900AB4EEE78AF1EE10FAB8BFB0EE678A46
:10AE7000042E59D005F58A43586E24F08FFE9AA30C
:10AE8000D3E9002324F0E2FE25F0D8F907EE900A7A
:10AE9000B4EEE78AF1EE10FAB8BFB0EE678A052E7D
:10AEA00042D005F5A643586C24F078FE8EA3D3E972
:10AEB000002324F0CBFE25F0C1F907EE900AB4EE92
:10AEC000E78AF1EE10FAB8BFB0EE678A062E2BD0F3
:10AED00005F5C243586A24F061FE83A3D3E9002339
:10AEE00024F0B4FE25F0AAF907EE900AB4EEE78A42
:10AEF000F1EE10FAB8BFB0EE678A072E14D005F550
:10AF0000DE43586824F04AFE77A3D3E9002324F0F7
:10AF10009DFE25F093F907EE900AB4EEE78AF1EE74
:10AF200010FAB8BFB0EE678A9FED727AF1EE007A40
:10AF300068EE277AB4EEC78A05F5E043F1EE10FA21
:10AF4000C3ED157A03F1540300F19F80E846D9F868
:10AF50000C30D9F80820C8F80020012EC8F80430B9
:10AF600043D0D9F87C20D9F87830C8F80C20022ECC
:10AF7000C8F8083039DDD9F8EC20D9F8E830C8F83D
:10AF80001420032EC8F810302FD0D9F85C21D9F83E
:10AF90005831C8F81C20042EC8F8183025D0D9F82C
:10AFA000CC21D9F8C831C8F82420052EC8F82030A3
:10AFB0001BD0D9F83C22D9F83832C8F82C20062EFC
:10AFC000C8F8283011D0D9F8AC22D9F8A832C8F87E
:10AFD0003420072EC8F8303007D0D9F81C23D9F810
:10AFE0001833C8F83C20C8F8383005F5DE40324642
:10AFF00041461830FFF7E2F905F5DF40483004F02C
:10B0000077FE46F61073EB5823B947F24C0340F233
:10B010000112EA520DF6D45DBDEC028BBDE8F08F53
:10B0200094ED1A3B94ED182B94ED161B94ED140B34
:10B0300003F0BEFC584603F05BFBDAF80060013712
:10B04000B74204F170040BF55E6BFFF609AE42E601
:10B0500094ED123B94ED102B94ED0E1B94ED0C0B24
:10B06000584603F027FC25E69FED227AF1EE007AA0
:10B0700005F5E04368EEA77AF4EEC78AF1EE10FA20
:10B0800003F15403C3ED007A22D51B4A1A605DE731
:10B0900005F5E043184A5A65AEE79FED167AF1EEE2
:10B0A000007A05F5E04368EE277AB4EEC78AF1EE40
:10B0B00010FA03F15403C3ED007AE6D4E846D9F858
:10B0C0000C30D9F80820C8F80020C8F804308CE704
:10B0D000E846D9F80C30D9F80820C8F80020C8F89C
:10B0E00004303EE7AFF30080FD87F4DBD781D33F28
:10B0F000000000000000FA430000FA4400000000D5
:10B100002DE9F0412DED048BB0EE409AF0EE609AFF
:10B110009FED1B8B00F5DE4605460F469046103628
:10B1200000F110042046002104F55E64B0EE480AE8
:10B13000F0EE680A02F058FEB442F3D105F5DE40A5
:10B140001830FFF71DF905F5DF404146483004F09F
:10B150009BFD47F2580147F25C0338687A68C5F8EE
:10B160000080685085ED029B2846EA503946FFF77B
:10B170004FFDBDEC048B2846BDE8F081AFF30080A5
:10B180000000000000001C4070B546F61076044632
:10B190008359002B0D4631DD90F8E82D002A49D166
:10B1A000012B2BDD41F6C832A25C002A47D1022BCD
:10B1B00024DD42F6A812A25C42BB032B1EDD43F243
:10B1C0008872A25C62BB042B18DD44F26852A25C58
:10B1D000002A3DD1052B11DD45F24832A25C002A40
:10B1E00049D1062B0ADD46F22812A25C002A4CD176
:10B1F000072B03DD46F60873E35CABBB04F5DF40C9
:10B2000029464830BDE8704004F070BD04F5DE50BA
:10B210001030294603F04AFC46F61073E358CCE799
:10B2200004F526503030294603F040FC46F61073F2
:10B23000E358C8E7103003F039FCA359B0E72946BA
:10B2400004F55F6003F032FC46F61073E358AEE796
:10B2500004F55E501030294603F028FC46F61073C2
:10B26000E358052BB8DCC9E704F5C2403030294665
:10B2700003F01CFCC2E704F58A407030294603F055
:10B2800015FC46F61073E358ABE704F5A6405030C2
:10B29000294603F00BFC46F61073E358A8E700BFFD
:10B2A0002DE9F84F00F5DE4B0BF1180B2DED028B5D
:10B2B00006465846B0EE408AFFF79EFC07465846C1
:10B2C000FFF79EFC002F31DD06F5DE49804609F1CF
:10B2D000100900244FF45E6A01E0A74226D058F816
:10B2E0003450002D04F10104F7DBD9F800200AFBEB
:10B2F00005F3AA4206EB0301EFDD91F8E82D002AE1
:10B30000EBD01033F01803F0D9FB0028E5D0294624
:10B310005846FFF74FFC47F2480147F24C03012221
:10B320007550F254BDEC028BBDE8F88FB0EE480AC0
:10B330005846FFF747FC47F25002B3580133022B3F
:10B34000B350EFDD46F6107347F24C02F35840F26B
:10B350000111002BB152E5DD0022012B86F8E82D0A
:10B36000E0D041F6C831022B7254DBD042F6A8116E
:10B37000032B7254D6D043F28871042B7254D1D06F
:10B3800044F26851052B7254CCD045F24831062B5B
:10B390007254C7D0BDEC028B072B46F2281118BFA0
:10B3A00046F60873725418BFF254BDE8F88F00BF18
:10B3B000F8B546F610752DED068BB0EE408AF0EE2E
:10B3C000608AB0EE419AF0EE619A4359002B044630
:10B3D000F0EE42AAB0EE62AA3CDD90F8E82D002A19
:10B3E00040F0EC80012B35DD41F6C832A25C002A2A
:10B3F00040F0E980022B2DDD42F6A812A25C002A63
:10B4000040F0B280032B25DD43F28872A25C002A53
:10B4100040F0BF80042B1DDD44F26852A25C002A7C
:10B4200040F0E580052B15DD45F24832A25C002A8C
:10B4300040F04D81062B0DDD46F22812A25C002A59
:10B4400040F05A81072B05DD46F60873E35C002BBC
:10B4500040F0E580B0EE491AF0EE691AB0EE480A05
:10B46000F0EE680A04F5DF404830F0EE4A2AB0EE0C
:10B470006A2A04F071FE47F24C03E55C002D6ED1A0
:10B4800046F61073E658002E69DD1AEE100A24F015
:10B4900085FBD0A3D3E9002324F0D8FB24F0CEFE13
:10B4A00094F8E83D0AEE100A002B40F08481012E4A
:10B4B00036D041F6C833E35C002B40F07E81022E8B
:10B4C0002ED042F6A813E35C002B40F07881032EC7
:10B4D00026D043F28873E35C002B40F06A81042E8F
:10B4E0001ED044F26853E35C002B40F06A81052EC5
:10B4F00016D045F24833E35C002B40F06481062E01
:10B500000ED046F22813E35C002B40F0D580072EC6
:10B5100006D046F608730720E35C002B40F0CD8090
:10B52000DFEDABAAB0EE491AF0EE691A04F5DE457C
:10B530001835B0EE4A2A2846F0EE6A2AB0EE480ADC
:10B54000F0EE680AFFF760FA2846FFF753FB03287E
:10B5500000F0E78047F24C07E65D002E71D0BDECAD
:10B56000068B4FF0FF30F8BD04F5DE501030F0EEE2
:10B570004A2AB0EE6A2AB0EE491AF0EE691AB0EE25
:10B58000480AF0EE680A02F0E7FD46F61073E35849
:10B5900038E704F526503030F0EE4A2AB0EE6A2A39
:10B5A000B0EE491AF0EE691AB0EE480AF0EE680AF9
:10B5B00002F0D2FD46F61073E3582BE7103002F08C
:10B5C000CBFD63590EE7F0EE4A2AB0EE6A2A04F585
:10B5D0005F60B0EE491AF0EE691AB0EE480AF0EE7C
:10B5E000680A02F0B9FD46F61073E35802E704F565
:10B5F0005E501030F0EE4A2AB0EE6A2AB0EE491AD8
:10B60000F0EE691AB0EE480AF0EE680A02F0A4FD06
:10B6100046F61073E358052B3FF706AF1AE704F51B
:10B62000C240F0EE4A2AB0EE6A2AB0EE491AF0EEB5
:10B63000691AB0EE480AF0EE680A303002F08CFD6C
:10B6400008E72846FFF7DEFA022870DD46F6107399
:10B6500040F20112E358E253002B80DD012B84F805
:10B66000E86D3FF47CAF41F6C832022BA6543FF49C
:10B6700076AF42F6A812032BA6543FF470AF43F204
:10B680008872042BA6543FF46AAF44F26852052B2B
:10B69000A6543FF464AF45F24832062BA6543FF45B
:10B6A0005EAF46F22812072BA6543FF458AF46F679
:10B6B00008730022E25452E706204FF45E6303FB56
:10B6C0000040103003F01EFAF0EE40AA2AE704F51D
:10B6D0008A407030F0EE4A2AB0EE6A2AB0EE491A7B
:10B6E000F0EE691AB0EE480AF0EE680A02F034FD96
:10B6F00046F61073E3589DE604F5A6405030F0EE90
:10B700004A2AB0EE6A2AB0EE491AF0EE691AB0EE93
:10B71000480AF0EE680A02F01FFD46F61073E3587F
:10B7200090E6B0EE6A0A2046FFF7BAFD12E704F58C
:10B73000E043D3ED157AF4EEEA7AF1EE10FA7FF5F4
:10B740000EAF46F6107340F20112E358E253002B9D
:10B750007FF705AF012B84F8E86D3FF400AF41F6A9
:10B76000C832022BA6543FF4FAAE42F6A812032BBD
:10B77000A6543FF4F4AE43F28872042BA6543FF46F
:10B78000EEAE44F26852052BA6543FF4E8AE45F203
:10B790004832062BA6543FF4E2AE072B46F228119E
:10B7A00018BF46F608734FF00002625418BFE25407
:10B7B000D5E6032081E728467FE701207DE70220C8
:10B7C0007BE7042079E7052077E700BFAFF300802F
:10B7D000000000006F1283C0CAA1FD3F47F24D0375
:10B7E000C35C53B947F248028258002A07DB4FF482
:10B7F0005E6302FB0333C058704702487047184627
:10B80000704700BFBC53070047F24803C258002AE4
:10B810000ADB4FF45E6303FB02F3C21892F8E82DD3
:10B8200012B11033184470470020704700F5DF4014
:10B830004830704747F24D03C05C704747F25C02E6
:10B84000024B8058002808BF18467047847F0700C5
:10B8500010B52DED028B044600F5DE40B0EE408AB7
:10B860001830FFF7B7F9B0EE480ABDEC028B04F5CB
:10B87000DF404830BDE8104004F062BA00F5DF4018
:10B88000483004F065BA00BF00F5DE401830FFF71D
:10B89000A9B900BF10B5012303740023044680ED4D
:10B8A000020B4361C0F8983C80F89C3C4FF448621E
:10B8B00040F8181B194625F051F9204610BD00BF6D
:10B8C00080ED020B704700BF016070470174704744
:10B8D00000214161C0F8981C80F89C1C4FF448621C
:10B8E000183025F03BB900BF2DE9F04F2DED108B3E
:10B8F000B0EE41BAF0EE61BAB1B00646019090F8F0
:10B900009C0C2D93CDE92E128DED080B8DED283B6F
:10B9100055EC124B002841F08580D6F8983C2C90CD
:10B92000013B5BEC10AB179352465B462046294621
:10B9300023F0D4FF53EC1B2B80468946DDE9280118
:10B94000CDE9028923F0CAFF06460F4642464B4620
:10B9500040464946B046B946CDE9048924F076F917
:10B9600032463B4606460F464046494624F06EF9AD
:10B9700002460B463046394623F0B2FF02460B46DC
:10B9800000201549CDE9142324F08AFA10A3D3E945
:10B99000002306460F4620462946CDE9186724F0C5
:10B9A00055F90BA3D3E9002304460D4650465946EA
:10B9B000CDE92A4524F04AF90023CDE922012C9C47
:10B9C00016934FF0000A4FF0000BB5E1AFF3008083
:10B9D000399D52A246DF913F0000F03FEEA3D3E92C
:10B9E000002351EC190B24F031F99DED22CB0646D2
:10B9F0000F4632463B4651EC1C0BCDE91E6723F047
:10BA00006DFFE94B002224F021F941EC100B22F0EC
:10BA100077F953EC182B51EC1B0B59EC108B23F0DE
:10BA20005DFFD9A3D3E9002324F010F941EC100BFA
:10BA300022F066F9B0EE407AF0EE607A47EC106BD7
:10BA400057EC176B22F0A0F8B0EE407AF0EE607A77
:10BA5000B0EE4C0AF0EE6C0A8DED067B22F094F805
:10BA600032463B4630463946B0EE40EAF0EE60EAF8
:10BA700024F0ECF853EC1E2B24F0E8F8DDE9062363
:10BA800024F0E4F84B4606460F46424649464046F7
:10BA900024F0DCF802460B463046394623F020FFFE
:10BAA00002460B4643EC102BCDE90A2322F0B4F9F1
:10BAB000DDE90A23B0EE408AF0EE608ABB4900203F
:10BAC00023F00CFF41EC100B22F0A6F9B0EE401A67
:10BAD000F0EE601AB0EE480AF0EE680A22F09AF929
:10BAE000ABA3D3E9002351EC100B24F0AFF80F46C1
:10BAF000AF4904F1010981FB09134FEAE974C4EB72
:10BB0000631405FB1494019D621C05EB441393ED33
:10BB1000067B05EB421595ED00ABB0EE47DAF0EE93
:10BB200067DA0646279251EC170B9BA3D3E9002353
:10BB300064018DED127BCDE924678DED0EAB1D9474
:10BB400024F084F806460F4632463B4651EC1C0B67
:10BB5000CDE9206723F0C2FE934B002224F076F853
:10BB600041EC100B22F0CCF853EC1A2B51EC1B0BD0
:10BB700055EC104B23F0B2FE83A3D3E9002324F04D
:10BB800065F841EC100B22F0BBF8B0EE407AF0EE15
:10BB9000607A47EC106B57EC176B21F0F5FF3246DB
:10BBA0003B463046394657EC106B8DED100B24F0B8
:10BBB0004DF832463B4624F049F853EC1E2B24F056
:10BBC00045F822462B4604460D461046194624F0F9
:10BBD0003DF802460B462046294623F081FE0246E8
:10BBE0000B4643EC102BCDE90A2322F015F9DDE9D1
:10BBF0000A23B0EE408AF0EE608A6C49002023F000
:10BC00006DFE41EC100B22F007F9B0EE401AF0EE99
:10BC1000601AB0EE480AF0EE680A22F0FBF85CA366
:10BC2000D3E9002351EC100B24F010F8DDE908678C
:10BC300004460D46324651EC1D0B3B46CDE91A45F4
:10BC400023F04CFE53EC1B2B04460D4651EC1A0B13
:10BC500023F044FE45EC1E4B324604460D463B465F
:10BC600051EC190B23F03AFE45EC1A4B53EC1B2B0D
:10BC700004460D4651EC1F0B23F030FE169B45EC9D
:10BC80001D4B013341EC1C0B0A93DDE9026753ECB9
:10BC90001C2B3046394623F0D9FF9DED048B53EC25
:10BCA0001D2B04460D4651EC180B23F0CFFF024626
:10BCB0000B462046294623F011FE52465B460446B9
:10BCC0000D4624F053FA002840F0448220462946CD
:10BCD00052465B4624F02CFA0446003C53EC1A2BE7
:10BCE0003046394618BF012423F0B0FF53EC1E2B19
:10BCF00006460F4651EC180B23F0A8FF02460B46F0
:10BD00003046394623F0EAFD52465B4606460F466A
:10BD100024F02CFA002840F038823046394652464A
:10BD20005B4624F005FA003818BF0120A04240F01D
:10BD30002C820A9B16934C46179A934280F24685B2
:10BD40001B4AE31782FB0406C3EB66166425019BBE
:10BD500005FB1646711C03EB411C03EB46179CEDDB
:10BD6000008B97ED069BB0EE48FAF0EE68FA26914C
:10BD700076010BA3D3E90023DDE914018DED0C9BC3
:10BD800018E000BFAFF30080399D52A246DF813F2B
:10BD900000000000AE4D6841399D52A246DF913F40
:10BDA00011EA2D819997713D0000E03F0000F03FBE
:10BDB0001F85EB511C9624F0BBF900287FF40EAED2
:10BDC000B0EE49AAF0EE69AADDE9082351EC190B9F
:10BDD00023F084FD53EC1B2B8046894651EC180B55
:10BDE00023F07CFD424606460F464B46DDE9020144
:10BDF00023F02CFF47EC1C6B32463B4606460F46B1
:10BE0000DDE9040123F022FF02460B4630463946A5
:10BE100023F066FDDDE9182323F018FF52465B4648
:10BE200049EC1D8B06460F4624F082F9002840F0AD
:10BE3000F484C54B00223046394624F097F9002897
:10BE400000F02B85BAA3D3E9002351EC1A0B23F0A1
:10BE5000FDFE9DED2A8B05460E462A46334651ECE3
:10BE6000180BCDE91E5623F039FDB84B002223F004
:10BE7000EDFE41EC100B21F043FF53EC1F2BDDE9ED
:10BE8000280159EC108B23F029FDABA3D3E9002343
:10BE900023F0DCFE41EC100B21F032FFB0EE407AD3
:10BEA000F0EE607A46EC105B57EC176B21F06CFEFD
:10BEB000B0EE407AF0EE607AB0EE480AF0EE680A32
:10BEC0008DED067B21F060FE32463B46304639461A
:10BED00057EC106B23F0BAFE32463B4623F0B6FE19
:10BEE000DDE9062323F0B2FE4B4606460F464246E6
:10BEF0004946404623F0AAFE02460B4630463946E4
:10BF000023F0EEFC02460B4643EC102BCDE90A234E
:10BF100021F082FFDDE90A23B0EE408AF0EE608A6C
:10BF20008949002023F0DAFC41EC100B21F074FF6A
:10BF3000B0EE401AF0EE601AB0EE480AF0EE680A71
:10BF400021F068FF7EA3D3E9002351EC100B23F00E
:10BF50007DFE7F4B04F1010983FB09234FEAE9745D
:10BF6000019AC4EB6314642303FB149402EB44139F
:10BF700093ED067B631C279302EB431393ED008B39
:10BF8000CDE92401DDE9082351EC170B64018DEDA7
:10BF9000127B1D948DED0E8B23F0A0FC53EC1B2B1C
:10BFA00006460F4651EC180B23F098FCDDE90223FE
:10BFB00004460D463046394623F048FE47EC1E6BDA
:10BFC00026462F46DDE9042304460D463046394611
:10BFD00023F03CFE02460B462046294623F080FC17
:10BFE000DDE9182323F032FE5B46524604460D4637
:10BFF00024F09EF8169B013347EC1A6B0A93002835
:10C0000040F0EB83504B00222046294624F0AEF846
:10C0100047A3D3E90023002800F0B284DDE9120130
:10C0200023F014FE9DED2A8B04460D4622462B4636
:10C0300051EC180BCDE9204523F050FC434B002276
:10C0400023F004FE41EC100B21F05AFEDDE90E2333
:10C05000DDE9280157EC106B23F040FC36A3D3E94F
:10C06000002323F0F3FD41EC100B21F049FEB0EE6C
:10C07000407AF0EE607A45EC104B55EC174B21F00E
:10C0800083FDB0EE407AF0EE607AB0EE480AF0EE52
:10C09000680A8DED107B21F077FD22462B46204665
:10C0A000294655EC104B23F0D1FD22462B4623F0B8
:10C0B000CDFDDDE9102323F0C9FD32463B460446A1
:10C0C0000D463046394623F0C1FD02460B46204658
:10C0D000294623F005FC02460B4643EC102BCDE924
:10C0E0001A2321F099FEDDE91A23B0EE408AF0EE22
:10C0F000608A1549002023F0F1FB41EC100B21F080
:10C100008BFEB0EE401AF0EE601AB0EE480AF0EE88
:10C11000680A21F07FFE0AA3D3E9002351EC100B3B
:10C1200023F094FDCDE91A01AFE500BFAFF3008025
:10C13000399D52A246DF913F399D52A246DF813F91
:10C1400000000000AE4D68410000F03F0000E03FFD
:10C150001F85EB5153EC1A2B3046394623F076FD00
:10C1600053EC1E2B04460D46DDE9040123F06EFD61
:10C1700002460B462046294623F0B0FB52465B465A
:10C1800023F0F4FF00287FF4D4ADDDE91A89DDE95E
:10C1900024234046494623F0A3FBDDE91E238046C5
:10C1A0008946DDE9200123F099FBDF4B002223F0D3
:10C1B0004DFD41EC100B21F0A3FD53EC1F2BDDE9ED
:10C1C0000E0155EC104B23F089FBCBA3D3E90023E0
:10C1D00006460F46CDE9246723F038FD41EC100BED
:10C1E00021F08EFD53EC102B10EE100A194623F0AF
:10C1F0002DFDDDE9062323F029FDDDE9102323F0E1
:10C2000025FD22462B4604460D461046194623F0CE
:10C210001DFD02460B462046294623F061FB0246DF
:10C220000B4643EC102BCDE91A2321F0F5FDDDE997
:10C230001A23B0EE408AF0EE608ABC49002023F059
:10C240004DFB41EC100B21F0E7FDB0EE401AF0EE93
:10C25000601AB0EE480AF0EE680A21F0DBFDA8A3F0
:10C26000D3E9002351EC100B23F0F0FC019B93ED7C
:10C27000027B57EC176B04460D4617EE100A394641
:10C2800022462B468DED1A7B23F066FF002800F036
:10C29000D28342464B463046394623F049FF0028B8
:10C2A00040F09482019C1D9BE318986A23F054FC93
:10C2B0001C9BE3180446986A0D4623F04DFC024689
:10C2C0000B462046294623F009FB00220023804626
:10C2D000894623F02DFF40B1404649468AA3D3E961
:10C2E000002323F0FDFA8046894689A3D3E9002381
:10C2F0004046494623F03AFF002840F0678286A373
:10C30000D3E90023DDE9140123F012FF002800F037
:10C310009E839DED229BDDE91E2351EC190B23F03A
:10C32000DDFA814B002223F091FC41EC100B21F04F
:10C33000E7FC53EC1F2B51EC1B0B57EC106B23F05D
:10C34000CDFA6DA3D3E9002323F080FC41EC100B60
:10C3500021F0D6FCB0EE407AF0EE607AB0EE490AF9
:10C36000F0EE690A55EC174B21F00EFC22465BEC0F
:10C3700010AB2B462046294623F068FCDDE9062356
:10C3800023F064FC52465B4623F060FC32463B4699
:10C3900004460D463046394623F058FC02460B460B
:10C3A0002046294623F09CFA02460B4643EC102B0C
:10C3B000CDE9062321F030FDDDE90623B0EE408A09
:10C3C000F0EE608A5949002023F088FA41EC100B06
:10C3D00021F022FDB0EE401AF0EE601AB0EE480AED
:10C3E000F0EE680A21F016FD4DA3D3E9002351ECCD
:10C3F000100B23F02BFCDDE9202304460D4651EC05
:10C40000190B23F06BFA484B002223F01FFC41EC80
:10C41000100B21F075FCDDE90E2351EC1B0B57ECE2
:10C42000106B23F05BFA34A3D3E9002323F00EFC56
:10C4300041EC100B21F064FC53EC102B10EE100AB1
:10C44000194623F003FC45EC194BDDE9102323F0DA
:10C45000FDFB52465B4623F0F9FB324604460D468F
:10C460003B463046394623F0F1FB02460B46204658
:10C47000294623F035FA02460B4643EC102BCDE952
:10C48000062321F0C9FCDDE90623B0EE408AF0EE78
:10C49000608A2649002023F021FA41EC100B21F09C
:10C4A000BBFCB0EE401AF0EE601AB0EE480AF0EEB7
:10C4B000680A21F0AFFC1AA3D3E9002351EC100B5A
:10C4C00023F0C4FB019A1C9BDFED197AD31893ED7E
:10C4D0000C7A1D9BB4EEE77AD318F1EE10FA93EDC7
:10C4E0000C8A04460D4600F11083B4EEE78AF1EEA3
:10C4F00010FA00F10A831DE0399D52A246DF813F08
:10C500000000008019616E410000000070999441A4
:10C51000000000000088C34011EA2D819997713D09
:10C5200000000000AE4D68410000E03F0000F03F19
:10C530006F12833A17EE100A23F030FB02460B46C7
:10C5400051EC190B23F0ACFC064618EE100A0F460E
:10C5500023F024FB02460B462046294623F0A0FC8C
:10C5600032463B4623F0BCF90FF20443D3E90023E3
:10C5700004460D4623F0DCFD002840F020832246CF
:10C580002B463046394623F08BFC41EC190BDDE994
:10C590000C4557EC196B22462B46DDE9120123F0BE
:10C5A0009DF93B4619EE102A23F050FB22462B46FC
:10C5B00023F096F904460D46DDE924233946A246C8
:10C5C000AB4619EE100ACDE906AB23F03FFB53EC66
:10C5D0001F2B23F085F904460D4626462F46E6A379
:10C5E000D3E90023DDE91401CDE90C6723F0A0FDB8
:10C5F000002800F09282DAA3D3E90023504659467E
:10C6000023F024FB9DED228B04460D4622462B464B
:10C6100051EC180B23F062F9D34B002223F016FBE8
:10C6200041EC100B21F06CFB32463B4651EC1B0BEE
:10C630005BEC10AB23F052F9C3A3D3E9002323F042
:10C6400005FB41EC100B21F05BFBB0EE407AF0EE05
:10C65000607A45EC104B55EC174B21F095FAB0EE93
:10C66000407AF0EE607AB0EE480AF0EE680A57ECD5
:10C67000176B21F089FA22462B462046294655ECB5
:10C68000104B23F0E3FA22462B4623F0DFFA324622
:10C690003B4623F0DBFA52465B4604460D46104605
:10C6A000194623F0D3FA02460B462046294623F0CA
:10C6B00017F902460B4643EC102BCDE9022321F07B
:10C6C000ABFBDDE90223B0EE408AF0EE608AA749B9
:10C6D000002023F003F941EC100B21F09DFBB0EE9C
:10C6E000401AF0EE601AB0EE480AF0EE680A21F047
:10C6F00091FB97A3D3E9002351EC100B23F0A6FA8A
:10C7000002460B46DDE91A0123F012FD00285DD137
:10C71000019B1C9A9E181D9A96ED0B8A1344D3ED2B
:10C720000B7A77EEC87A5BEC19AB17EE900A23F020
:10C7300035FA19EE102A5B4623F088FA044618EE03
:10C74000100A0D4623F02AFA02460B4620462946D7
:10C7500023F0C6F84A9BC3E90001B06A23F0FCF954
:10C7600019EE102A04460D465B464046494623F022
:10C770006DFA02460B462046294623F0B1F876A30F
:10C78000D3E9002304460D4623F0E6FC40B12046E1
:10C79000294671A3D3E9002323F0A0F804460D46EF
:10C7A0002046294623F02AFD019B2D9A1B7C106010
:10C7B000002B00F01D829DED067B2E9A82ED007B02
:10C7C0009DED0C7B2F9A82ED007B00E00023184644
:10C7D00031B0BDEC108BBDE8F08F61A3D3E900232D
:10C7E000DDE9120123F032FA9DED228B04460D465D
:10C7F00022462B4651EC180BCDE9204523F06EF86C
:10C80000594B002223F022FA41EC100B21F078FA68
:10C81000DDE90E2351EC1B0B1CE451A3D3E90023EB
:10C8200051EC190B23F012FA9DED22AB0E46054692
:10C8300033462A4651EC1A0BCDE91E5623F04EF82A
:10C84000494B002223F002FA41EC100B21F058FA78
:10C8500053EC182B51EC1B0B59EC108B23F03EF8CA
:10C8600039A3D3E9002323F0F1F941EC100B21F0B7
:10C8700047FAB0EE407AF0EE607A46EC105B57EC87
:10C88000176B21F081F9B0EE407AF0EE607AB0EEED
:10C890004A0AF0EE6A0AFFF713BB31A3D3E900237B
:10C8A00051EC1A0B23F0D2F98046894649EC198BDA
:10C8B00032463B46DDE902018DED1E9B23F0C6F9B1
:10C8C000DDE9082323F00CF825A3D3E9002323F0A6
:10C8D000BDF953EC192B8046894622F0FFFF224B0D
:10C8E000002223F0B3F941EC100B21F009FA324693
:10C8F0003B46DDE9040149EC188B59EC108B23F021
:10C90000A5F953EC1F2B06460F4651EC1B0B22F0EA
:10C91000E5FF02460B463046394622F0E1FF0AA306
:10C92000D3E9002323F092F941EC100B21F0E8F950
:10C93000B0EE407AF0EE607AB0EE490AF0EE690AA5
:10C94000FFF7B2BAAFF30080399D52A246DF813FB4
:10C9500000000000AE4D6841000000007099944155
:10C96000399D52A246DF913F0000E03F0000F03FBA
:10C9700095D626E80B2E113E11EA2D819997713D2F
:10C98000DDE9120123F062F906460F4647EC196B08
:10C99000DDE90223204629468DED209B23F056F940
:10C9A000DDE9082322F09CFF8BA3D3E9002323F0C9
:10C9B0004DF953EC192B06460F4622F08FFF8A4B98
:10C9C000002223F043F941EC100B21F099F9DDE945
:10C9D00004232046294647EC186B57EC106B23F0D4
:10C9E00035F9DDE90E2304460D4651EC1B0B22F010
:10C9F00075FF02460B462046294622F071FF74A3BC
:10CA0000D3E9002323F022F941EC100B21F078F94F
:10CA1000B0EE407AF0EE607AB0EE490AF0EE690AC4
:10CA2000FFF72BBBD6F8983C2C9363235BEC10AB41
:10CA30001793FEF779BF26462F4642464B463046AF
:10CA4000394623F075FB00283FF42CACBEE653ECCE
:10CA50001D2BDDE9020123F0F9F853EC1C2B0446F1
:10CA60000D46DDE9040123F0F1F802460B462046AD
:10CA7000294622F035FFDDE9182323F0E7F80022EC
:10CA8000002306460F4623F053FB002840F04E8259
:10CA9000564B00223046394623F068FB002800F050
:10CAA0009D83DDE92A45DDE91E232046294622F043
:10CAB00015FF4D4B002223F0C9F841EC100B21F07B
:10CAC0001FF953EC1F2BDDE9280157EC106B22F006
:10CAD00005FF3FA3D3E9002323F0B8F841EC100B86
:10CAE00021F00EF9B0EE407AF0EE607A45EC104B92
:10CAF00055EC174B21F048F8DDE9062351EC100BFB
:10CB000023F0A4F822462B4645E257EC196B19EEA8
:10CB1000100A22462B46394624E5DDE90823504613
:10CB2000594622F0DBFEDDE9022323F08FF8DDE930
:10CB30000CAB53EC1B2B04460D465046594622F0D5
:10CB4000CDFEDDE9042323F081F802460B462046A2
:10CB5000294622F0C5FEDDE9142323F0A1F90022C5
:10CB6000002306460F4623F0E3FA002840F09081A8
:10CB70001E4B00223046394623F0F8FA16A3D3E9BB
:10CB80000023002800F0BC82DDE9060123F05EF8F6
:10CB9000DDE92A6704460D4622462B4630463946D3
:10CBA00022F09CFE104B002223F050F841EC100BB9
:10CBB00021F0A6F8DDE92801DDE90C2385E19FEDF0
:10CBC000087BB0EE479AF0EE679AE0E4AFF300809E
:10CBD000399D52A246DF813F399D52A246DF913FE7
:10CBE000000000000000E03F0000E03F0000F03FD8
:10CBF000169B002B00F04081179A0A998A4240F355
:10CC00003B812C9DC44A013B2B4401310C4682FBE5
:10CC10000310D9174FF0640EC1EB60110EFB1137F2
:10CC20002C441C99029782FB0402E3171D980E46C0
:10CC3000C3EB621301991D4684460EFB15448C44D8
:10CC400053EC192B0E4401EB471751EC190BD6E9A5
:10CC500006AB97ED068B1694DCE9066722F0F6FF2B
:10CC600080468946424651EC190B4B4622F0EEFFB6
:10CC7000AA4B04460D46002251EC180B22F0E6FFA9
:10CC800045EC1C4B019B0446169803EB40130D46E4
:10CC90000022D3E90601A24B22F0D8FF45EC1A4B43
:10CCA000324604460D463B463046394622F018FED1
:10CCB00045EC1B4B9B4B04460D4600225046594603
:10CCC00022F0C4FF02460B462046294622F006FE0B
:10CCD00053EC182BB0EE498AF0EE698A22F000FE80
:10CCE00053EC1B2B22F0FAFD42464B4622F0AEFFDE
:10CCF0008B4B04460D4600223046394622F0A6FFF3
:10CD000053EC1A2B22F0ECFD53EC192B22F09EFF72
:10CD100052465B4622F0E4FD02460B462046294679
:10CD200022F0DEFD324604460D463B46504659464B
:10CD300022F0D4FD7C4B002222F088FF53EC1A2B0A
:10CD400022F0CEFD53EC1B2B22F0CAFD53EC1C2B22
:10CD500022F07CFF02460B462046294622F0C0FD09
:10CD60002E9DC5E900010199029F279E269D01EB9A
:10CD7000471393ED087B01EB451501EB4614674B18
:10CD8000B0EE47BAF0EE67BA51EC170B002222F072
:10CD90005DFFD4E90067D5E900AB04460D4616985F
:10CDA000019901EB4013D3E9080100225C4B22F00A
:10CDB0004DFF45EC194B324604460D463B46304686
:10CDC000394622F08DFD45EC1A4B564B04460D4674
:10CDD00000225046594622F039FF02460B462046B3
:10CDE000294622F07BFD53EC1B2B22F079FD53ECFE
:10CDF0001A2B22F073FD42464B4622F027FF484B88
:10CE000004460D4600223046394622F01FFF53ECFF
:10CE1000192B22F065FD53EC182B22F017FF524618
:10CE20005B4622F05DFD02460B462046294622F075
:10CE300057FD324604460D463B465046594622F0C1
:10CE40004DFD394B002222F001FF53EC192B22F04B
:10CE500047FD53EC1A2B22F043FD53EC1C2B22F020
:10CE6000F5FE02460B462046294622F039FD2F9A50
:10CE70000123C2E90001AAE49DED067B2E9B2F9AB7
:10CE800083ED007B9DED0C7B012382ED007B9EE416
:10CE90001DA3D3E90023DDE9060122F0D7FEDDE979
:10CEA000226704460D4622462B463046394622F07C
:10CEB00015FD1B4B002222F0C9FE41EC100B20F0A7
:10CEC0001FFF51EC1B0B52465B465BEC10AB22F094
:10CED00005FD0FA3D3E9002322F0B8FE41EC100BAF
:10CEE00020F00EFFB0EE407AF0EE607A45EC104B89
:10CEF00055EC174B20F048FEB0EE407AF0EE607A29
:10CF000047EC106BFFF7B3BB399D52A246DF913F50
:10CF1000399D52A246DF813F1F85EB510000E0BFE3
:10CF20000000E03F000004400000F83FDDE922453A
:10CF3000DDE91E232046294622F0D0FCD24B0022F8
:10CF400022F084FE41EC100B20F0DAFE53EC1F2B94
:10CF500051EC1B0B57EC106B22F0C0FCC4A3D3E9BF
:10CF6000002322F073FE41EC100B20F0C9FEB0EE5E
:10CF7000407AF0EE607A45EC104B55EC174B20F000
:10CF800003FE22462B462046294655EC104B22F044
:10CF90005DFEDDE9062322F059FE22462B4622F0F3
:10CFA00055FE32463B4604460D463046394622F091
:10CFB0004DFE02460B462046294622F091FC0246D1
:10CFC0000B4643EC102BCDE9062320F025FFDDE9CD
:10CFD0000623B0EE408AF0EE608AAC49002022F0D1
:10CFE0007DFC41EC100B20F017FFB0EE401AF0EE84
:10CFF000601AB0EE480AF0EE680A20F00BFF9EA31C
:10D00000D3E9002351EC100B22F020FE53EC1E2B31
:10D0100041EC190BDDE9020122F018FE53EC1A2B4A
:10D0200004460D46DDE9040122F010FE02460B46DF
:10D030002046294622F054FCDDE9182322F006FEA2
:10D040000022002306460F4623F072F8E8B98F4B02
:10D0500000223046394623F089F8002800F0188174
:10D06000DDE92A45DDE920232046294622F036FC69
:10D07000854B002222F0EAFD41EC100B20F040FE2F
:10D08000DDE90E23DDE9280113E0DDE92245DDE9D4
:10D0900020232046294622F021FC7B4B002222F04F
:10D0A000D5FD41EC100B20F02BFEDDE90E2351ECF9
:10D0B0001B0B57EC106B22F011FC6DA3D3E900237E
:10D0C00022F0C4FD41EC100B20F01AFEB0EE407AC5
:10D0D000F0EE607A45EC104B55EC174B20F054FD08
:10D0E00022462B462046294655EC104B22F0AEFD39
:10D0F000DDE9102322F0AAFD22462B46FFF7ABB94B
:10D10000DDE9060122F0A2FD324604460D463B460B
:10D11000DDE9020122F09AFDDDE9082322F0E0FBBF
:10D1200057A3D3E9002322F091FDA246AB46524615
:10D130005B4604460D4622F0D1FB534B002222F001
:10D1400085FD41EC100B20F0DBFD32463B46DDE96E
:10D15000040157EC106B22F079FD45EC184BDDE92A
:10D160000C2304460D4651EC1B0B22F0B7FB024684
:10D170000B462046294622F0B3FB3DA3D3E900230A
:10D1800022F064FD41EC100B20F0BAFDB0EE407AC5
:10D19000F0EE607A4BEC10AB55EC174B20F0F4FC42
:10D1A000B0EE407AF0EE607AB0EE480AF0EE680A2F
:10D1B0005BEC17AB20F0E8FC504653EC102B5946C3
:10D1C00022F044FD22462B4622F040FD22462B460B
:10D1D00022F03CFD32463B46FFF75FBA32463B4603
:10D1E000DDE9020122F032FDDDE9082322F078FBBF
:10D1F00023A3D3E9002322F029FDDDE91E23044601
:10D200000D4622F06BFB204B002222F01FFD41EC6B
:10D21000100B20F075FD32463B46DDE9040157EC6A
:10D22000106B22F013FD45EC184B53EC1F2B0446FA
:10D230000D4651EC1B0B22F051FB02460B462046DB
:10D24000294622F04DFB0AA3D3E9002322F0FEFC7D
:10D2500041EC100B20F054FDB0EE407AF0EE607A15
:10D26000B0EE480AF0EE680A87E600BFAFF3008030
:10D27000399D52A246DF813F00000000AE4D68415B
:10D28000399D52A246DF913F0000E03F0000F03F91
:10D2900032463B46DDE9020122F0D8FCDDE90823F5
:10D2A00022F01EFB27A3D3E9002322F0CFFCDDE907
:10D2B000202304460D4622F011FB214B002222F0D0
:10D2C000C5FC41EC100B20F01BFD32463B46DDE96E
:10D2D000040157EC106B22F0B9FC45EC184BDDE96A
:10D2E0000E2304460D4651EC1B0B22F0F7FA0246C2
:10D2F0000B462046294622F0F3FA0FA3D3E9002378
:10D3000022F0A4FC41EC100B20F0FAFCB0EE407AC5
:10D31000F0EE607AB0EE480AF0EE680A55EC174B72
:10D3200020F032FCDDE9102351EC100B22F08EFCD2
:10D3300022462B46DEE600BF399D52A246DF813FE2
:10D340000000E03F399D52A246DF913F00000000FF
:10D350002DE9F04F2DED108BB0EE46FAF0EE66FAA7
:10D3600097B09B461B7812938DED0A0B8DED021B37
:10D370008DED043B8DED084B8DED065B55EC104BB0
:10D38000824611911392F0EE429AB0EE629A002B0F
:10D3900000F0448153EC142B51EC160B22F09EFA52
:10D3A00097A3D3E90023804689462046294622F0E8
:10D3B0004DFC41EC100BCDE90C0120F0E5FB9AEDA2
:10D3C000027BB0EE40DAF0EE60DA8DED0E7B9DED83
:10D3D000048BDDE9060153EC182B22F07FFA42465C
:10D3E00004460D464B464046494622F02FFC224655
:10D3F00006460F462B462046294622F027FC0246C9
:10D400000B463046394622F06BFA82A3D3E900235B
:10D4100006460F4622F08CFE002800F0AD8278A36D
:10D42000D3E9002351EC180B22F010FCDDE90C23AA
:10D4300004460D4622F052FA734B002222F006FCFD
:10D4400041EC100B20F05CFCDDE90223DDE9080172
:10D4500045EC184B55EC104B22F040FA64A3D3E98D
:10D46000002322F0F3FB41EC100B20F049FCB0EE5E
:10D47000407AF0EE607AB0EE480AF0EE680A57ECB7
:10D48000176B20F081FB32463B463046394657EC5D
:10D49000106B22F0DBFB32463B4622F0D7FB53EC0D
:10D4A0001D2B22F0D3FB22462B4604460D46104688
:10D4B000194622F0CBFB02460B462046294622F0B5
:10D4C0000FFA02460B4643EC102BCDE90C2320F05B
:10D4D000A3FCDDE90C23B0EE408AF0EE608A4B49F4
:10D4E000002022F0FBF941EC100B20F095FCB0EE8F
:10D4F000401AF0EE601AB0EE480AF0EE680A20F02A
:10D5000089FC3DA3D3E9002351EC100B22F09EFBD4
:10D51000129B04460D46002B00F04D833B4B00222E
:10D52000DDE90E0122F0DCF92B46224622F000FE56
:10D53000DAF8983C002800F0A2823548591C9DED8D
:10D540000A7B80FB0120CA170AEB4313C2EB60126F
:10D5500000208BF8000083ED067B9DED027B6420AC
:10D5600000FB12120AEB411181ED007B11999962C7
:10D57000C3ED0B9A83ED0C9ACAF8982C12B90123CB
:10D580008AF89C3C349900913199B0EE4F3AF0EE14
:10D590006F3A00220023C1E900233299C1E9002338
:10D5A0003499C1E90023339B00249DED062B9DEDAA
:10D5B000081B9DED040BDDE931121C605046FEF79F
:10D5C00093F90546002800F08382CAF8984C8AF83F
:10D5D0009C4C21460AF118004FF4486223F0BEFA31
:10D5E000022017B0BDEC108BBDE8F08FAFF30080C8
:10D5F000399D52A246DF813F00000000AE4D6841D8
:10D60000399D52A246DF913F0000E03F0000F03F0D
:10D610001F85EB5111EA2D819997713D10EE100A8B
:10D62000B0EE44AAF0EE64AACDA3D3E900232946C4
:10D6300022F00CFBCAA3D3E9002341EC1B0BDDE96C
:10D64000040122F003FB53EC1B2B8046894622F099
:10D6500045F9C74B002222F0F9FA41EC100B20F0FB
:10D660004FFBDDE9022351EC1A0B57EC106B22F053
:10D6700035F9B9A3D3E9002322F0E8FA41EC100B05
:10D6800020F03EFBB0EE407AF0EE607AB0EE4B0A4E
:10D69000F0EE6B0A55EC174B20F076FAB0EE407ABC
:10D6A000F0EE607A49EC108BB0EE47DAF0EE67DA14
:10D6B00020F06AFA22462B462046294655EC104BAC
:10D6C00022F0C4FA22462B4622F0C0FA53EC1D2B5E
:10D6D00022F0BCFA32463B4606460F461046194633
:10D6E00022F0B4FA02460B463046394622F0F8F8EA
:10D6F00002460B4643EC102BCDE90C2320F08CFBAB
:10D70000DDE90C23B0EE408AF0EE608A99490020F2
:10D7100022F0E4F841EC100B20F07EFBB0EE401A52
:10D72000F0EE601AB0EE480AF0EE680A20F072FBE4
:10D730008BA3D3E90023DDE906018DED0C0B22F06C
:10D7400085FA41EC100B41EC1C0B20F01DFA42460F
:10D750004B4651EC1C0BB0EE40EAF0EE60EA22F0D2
:10D76000BDF8834B002222F071FA41EC100B20F03F
:10D77000C7FA53EC1A2B51EC1F0B57EC106B22F02D
:10D78000ADF875A3D3E900238046894622F05EFAFE
:10D7900041EC100B20F0B4FA53EC102B10EE100AF1
:10D7A000194622F053FA22462B4622F04FFA53EC48
:10D7B0001E2B22F04BFA32463B4604460D463046BD
:10D7C000394622F043FA9AED02AB02460B46204658
:10D7D00029468DED0EAB22F083F802460B4643EC52
:10D7E000102BCDE9142320F017FBDDE91423B0EE54
:10D7F000408AF0EE608A5F49002022F06FF841EC29
:10D80000100B20F009FBB0EE401AF0EE601AB0EEFB
:10D81000480AF0EE680A20F0FDFA53A3D3E900238A
:10D8200051EC100B22F012FA53EC1A2B06460F465D
:10D8300051EC1A0B22F00AFA324604460D463B46DA
:10D840003046394622F002FA02460B462046294667
:10D8500022F046F841EC100B20F0DEFA42A3D3E9A7
:10D860000023DDE90C0155EC104B22F0EFF90246E4
:10D870000B462046294622F079FC8DED0CBB002892
:10D880003FF4AFAEDDE9022351EC1F0B22F026F886
:10D8900031A3D3E9002322F0D9F941EC100B20F099
:10D8A0002FFA53EC1B2B51EC1C0B57EC106B22F096
:10D8B00015F82F4B002222F0C9F941EC100B20F093
:10D8C0001FFA32463B463046394657EC106B22F081
:10D8D000BDF953EC1D2B22F0B9F953EC1E2B22F0AD
:10D8E000B5F932463B4606460F461046194622F029
:10D8F000ADF902460B463046394621F0F1FF0646A7
:10D900000F4632463B461B49002021F0E7FF41EC21
:10D91000100B20F081FAB0EE401AF0EE601A47ECDE
:10D92000106B8DED141B20F077FA9DED141B20F089
:10D9300071FA0DA3D3E9002351EC100B22F086F904
:10D9400002460B462046294622F010FC00283FF4F0
:10D9500048AE3CE5AFF30080399D52A246DF813FDF
:10D96000399D52A246DF913F00000000AE4D684154
:10D970000000E03F0000F03F53EC182BB0EE48CA27
:10D98000F0EE68CADDE90A0121F0A8FF22462B4625
:10D9900022F05CF99DED08BB9DED02AB41EC170B4D
:10D9A00053EC1B2BB0EE478AF0EE678A51EC1A0B52
:10D9B00021F094FF42464B4622F048F902460B46BE
:10D9C00051EC180B21F08CFF32463B4622F068FAEE
:10D9D0000022002306460F4622F0AAFB002840F052
:10D9E0003281AD4B00223046394622F0BFFB002881
:10D9F00000F08480A4A3D3E90023DDE9060122F02E
:10DA000025F9DDE90C2304460D4621F067FFA34B01
:10DA1000002222F01BF941EC100B20F071F9DDE936
:10DA2000022345EC184B51EC1F0B57EC106B21F007
:10DA300055FF97A3D3E9002322F008F941EC100B1E
:10DA400020F05EF9B0EE407AF0EE607AB0EE480A6F
:10DA5000F0EE680A55EC174B20F096F851EC1D0BD0
:10DA600053EC102B22F0F2F822462B4622F0EEF86F
:10DA700022462B4622F0EAF832463B4615E59DED5C
:10DA80000A7B8748591C0AEB431380FB012083ED76
:10DA9000067BCA179DED027BC2EB6012642000FB7F
:10DAA00012120AEB411181ED007B11999962C3EDCD
:10DAB0000B9A83ED0C9A0120CAF8982C002A7FF467
:10DAC00090AD8AF89C0C17B0BDEC108BBDE8F08FC0
:10DAD000DAF81430CAF8980C01338AF89C0CCAF8AA
:10DAE00014300AF118004FF44862294623F036F842
:10DAF000284617B0BDEC108BBDE8F08F20462946B4
:10DB000032463B4622F0A2F8DDE9042321F0E8FE8C
:10DB10005DA3D3E9002322F099F8DDE90C23044644
:10DB20000D4621F0DBFE5D4B002222F08FF841EC28
:10DB3000100B20F0E5F8DDE90223DDE908018DEDA9
:10DB40000C0B21F0CBFE45EC184B424604460D462B
:10DB50004B463046394622F079F802460B462046BD
:10DB6000294621F0BDFE4AA3D3E9002322F06EF836
:10DB700041EC100B20F0C4F8B0EE407AF0EE607A81
:10DB8000B0EE480AF0EE680A55EC174B1FF0FCFFA8
:10DB900022462B462046294655EC104B22F056F8DB
:10DBA00022462B4622F052F853EC1D2B22F04EF861
:10DBB000DDE90C2379E402460B46DDE90E0122F093
:10DBC000D5FA00285ED001238BF80030139B002B80
:10DBD00055D01D460FCDDAF8986C314F0AEB46143C
:10DBE00018340FC495E80F00013684E80F0087FB56
:10DBF0000637F317C3EB6713642202FB13639DED33
:10DC00000A7B27485A1C0AEB431383ED067B80FBF3
:10DC100002109DED027BD117C1EB6011642000FB67
:10DC200011210AEB421282ED007B119A9A620120C7
:10DC3000C3ED0B9A83ED0C9ACAF8981C17B0BDEC93
:10DC4000108BBDE8F08F10A3D3E9002351EC1C0B1F
:10DC500021F0FCFFDDE90C2304460D4621F03EFED9
:10DC60000E4B002221F0F2FF41EC100B20F048F89F
:10DC700045EC184B53EC1A2B51EC1B0BD5E6DAF89C
:10DC8000983CBCE71298ACE4399D52A246DF913F24
:10DC9000399D52A246DF813F0000F03F0000E03F87
:10DCA0001F85EB5182B343687BB9037A3BB3022AE9
:10DCB00000F08480032A26D10161D0F8F03C022BC9
:10DCC0007ED00023C0F8F03C7047022B17D1012A08
:10DCD00019DD022AF1D0D0F8F03C012BF1D1D0F8B7
:10DCE000F42CC0F8F41C914236BF3D4B0B465B1838
:10DCF0009B1A0222C0F8FC3CC0F8F02C7047022AA4
:10DD0000E9D0032AD9D07047037A30B453B14368BD
:10DD100043B9C36833B1026922B1934234BF0123CE
:10DD20000223436090F8C82C00230124C0E9033388
:10DD30000472AAB3D0F8F03C032B31D1D0F8F42C04
:10DD4000D0F8FC4C914236BF254B0B465B189B1A12
:10DD5000C0F8043D24B3D0F8002D0AB303B3D0F8C3
:10DD6000085D0DB1AC4205D2D0F8EC5CC0F8084DAE
:10DD7000C0F8145DD0F80C4D0CB1A24205D2D0F819
:10DD8000EC4CC0F80C2DC0F8184DD0F8102D0AB18D
:10DD9000934205D2D0F8EC2CC0F8103DC0F81C2DF1
:10DDA0000023012230BCC0F8F41CC0F8F02CC0F8ED
:10DDB000FC3CC0F8003DC0F8043D7047C1608AE7F4
:10DDC000D0F8F42CC0F8F41C914236BF044B0B463B
:10DDD0005B189B1A0322C0F8003DC0F8F02C704776
:10DDE000005C2605000000002DE9F84304460025EC
:10DDF00000F118082DED028BB0EE408AF0EE608A3B
:10DE000089469FED530B2946C4E90355404665609A
:10DE10002572FDF73FFD04F6D8410023C4F8B85C35
:10DE2000A4F8C85CC4F8CC5CC4F8D05CC4F8D45C7A
:10DE300004F6DC420B6004F54E6004F6E441136026
:10DE4000036004F6E8420B6000200021C2E90001F3
:10DE500004F5526204F6245000260027C4F8F05C52
:10DE6000C4F8F45CA4F8F85CC4F8FC5CC4F8005D89
:10DE7000C4F8045DC4F8085DC4F80C5DC4F8105D16
:10DE8000C4F8145DC4F8185DC4F81C5D04F628518C
:10DE9000136004F553620360C1E9006704F5546040
:10DEA000C2E900672946202284F8385D22F056FE38
:10DEB000B0EE480AF0EE680A04F6685384F8605D34
:10DEC00004F55760C3E9006704F6785104F5586219
:10DED00004F68853C0E90067C1E9006704F559609A
:10DEE000C2E9006704F69851C3E9006704F55A6275
:10DEF00004F6A853C0E90067C1E9006704F55B6058
:10DF0000C2E9006704F6B851C3E9006704F55C6232
:10DF100004F54C63C0E90067C1E900674046C2E907
:10DF20000067A4F8C85D84F8CA5DC4F8CC5D83EDD1
:10DF3000008BC4F80090FDF7C3FC40462168FDF754
:10DF4000C3FCBDEC028B2046BDE8F883AFF3008034
:10DF50000000000000001C402DE9F04F90F8602DFB
:10DF6000D0F8B81C8FB0044600F55865002600278D
:10DF700000F6685800F5576E00F6785C04F6E44346
:10DF800000F5526095ED006B002590ED002AD3ED71
:10DF9000002A079598ED003B9EED004B9CED005B41
:10DFA000CDE90867CDE90A67CDE90C6704F6C943F6
:10DFB00004F118000AB104F554620CAD07AE0495E3
:10DFC0000AAD0396029508AE0025CDE90056FFF78D
:10DFD000BFF90228054607D0A5F10100B0FA80F08C
:10DFE00040090FB0BDE8F08F94F8C83CEBB9DDE90B
:10DFF0000C890123079E84F8C83C04F6D84AC4F86B
:10E00000CC6C4046494622F019F994F8C93DCAF84B
:10E010000000002BE0D094F8CA3D002BDCD0314644
:10E0200020460022FFF73EFED6E7D4F8CC3C079E00
:10E03000D4F8EC2CB34288BF154F04F6D84A02F14D
:10E04000010B8CBFBF193746DAF80000C4F8ECBCEE
:10E05000FF1ADDE90C8921F0A1FD02460B4640467E
:10E06000494621F03BFCC4F8D07C22F0E7F8D4F814
:10E07000D43C04F6DC4210600BB1BB42BFD904F5BE
:10E080004E63C4F8D47C1860C4F8E8BCB7E700BF9E
:10E09000005C26052DE9F043B0EE427AF0EE627A9C
:10E0A000B0EE456AF0EE656A8FB090F8605DD0F82A
:10E0B000B8CC4FF000084FF00009044600F5526755
:10E0C000164600F6E4400022D0ED002A97ED002A23
:10E0D0000792CDE90889CDE90A89CDE90C890B467B
:10E0E00004F1180025B304F554620CAF07AD049792
:10E0F00003950AAF08ADCDE90157B0EE445AF0EEF2
:10E10000645AB0EE434AF0EE634A00966146B0EEC0
:10E11000473AF0EE673AFFF71BF90228054609D0A7
:10E12000A5F10100B0FA80F040090FB0BDE8F0831E
:10E130002A46DAE794F8C83C002BF1D094F8C93DA0
:10E14000002BEDD094F8CA3D002BE9D00799324658
:10E150002046FFF7A7FDE3E72DE9F04F2DED048BF7
:10E1600055EC104B89B006460F4B10EE100A4FF0DD
:10E17000FF32294659EC118B12EE10AA12EE907A5A
:10E1800021F0E0FF40B14FF0FF326FF480132046E2
:10E19000294621F0E1FF48B94FF0FF3009B0BDEC4E
:10E1A000048BBDE8F08F00BFFFFFEF7FCA4B4FF03D
:10E1B000FF324046494621F0C5FF0028ECD04FF021
:10E1C000FF326FF480134046494621F0C5FF002816
:10E1D000E2D0C24B00222046294621F0A9FF0028A8
:10E1E000DAD1BF4B00222046294621F0BFFF00288C
:10E1F000D2D1BC4B00224046494621F099FF00286D
:10E20000CAD1B94B00224046494621F0AFFF002851
:10E21000C2D1002200232046294621F07FFF38B1D9
:10E22000002200234046494621F078FF0028B3D160
:10E23000504621F0B3FCA84B83468C464FF0FF328A
:10E24000CDE900BC21F07EFF40B1DDE900014FF0D7
:10E25000FF326FF4801321F07FFF18B906F6245BBC
:10E26000DBF800A0384621F099FC9B4B83468C4696
:10E270004FF0FF32CDE900BC21F064FF002800F030
:10E280007D81DDE900014FF0FF326FF4801321F052
:10E2900063FF002800F0728107EE907AF5EEC07AF5
:10E2A000DFED927AF1EE10FAB8BF17EE907A96F899
:10E2B000383D002B00F0648106F62853D3E90001B5
:10E2C00002937DA3D3E9002321F0C0FC7AA3D3E914
:10E2D000002341EC190B2046294621F0B7FC53ECF2
:10E2E000192B8C4683464CEC18BB21F0F7FA804B77
:10E2F000002221F0ABFC41EC100B1FF001FD06F5F4
:10E30000536303934046D3E9002349468DED000B48
:10E3100021F0E4FA6AA3D3E9002321F097FC41EC51
:10E32000100B1FF0EDFCB0EE407AF0EE607A53EC8B
:10E33000172BB0EE490AF0EE690ACDE906231FF06B
:10E3400023FCB0EE407AF0EE607AB0EE480AF0EED0
:10E35000680A8DED047B1FF017FCDDE906231046EB
:10E3600019468DED060B21F071FCDDE9062321F045
:10E370006DFCDDE9042321F069FCDDE9002341ECBB
:10E38000180B1046194621F061FC02460B4651EC71
:10E39000180B21F0A5FA02460B4643EC102BCDE9F1
:10E3A00000231FF039FDDDE90023B0EE408AF0EED6
:10E3B000608A5049002021F091FA41EC100B1FF0C7
:10E3C0002BFDB0EE401AF0EE601AB0EE480AF0EE07
:10E3D000680A1FF01FFD3CA3D3E90023B0EE409A6A
:10E3E000F0EE609A51EC100B21F0C0FE002800F016
:10E3F000D680D6F8CC3D0133022BD8BFC6F8CC3D31
:10E400007FF7CAAE0023C6F8CC3D06F5526306F688
:10E41000245B0093029BC3E90045039B3846C3E994
:10E420000089CBF800A021F0B9FB29A3D3E9002390
:10E4300021F00CFC21F002FF06F6E44B96F8C83DF3
:10E44000CBF80000002B57D096F8C93C3BB996F8A2
:10E45000F83C002B50D196F8F93C002B4CD149ECFC
:10E46000118B45EC104B3046FFF776FD002843D06A
:10E4700096F8C93D02931846002B40F03381009B6B
:10E48000DBF800101F68D6F8B8CC06F55463C3E972
:10E49000004506F6585206F6485306F65454C3E9AA
:10E4A00000890123C6F850CD2760116086F8603DD1
:10E4B00074E600BFAFF30080399D52A246DF913F62
:10E4C000399D52A246DF813FE5BC41B4BE92043F74
:10E4D0006F1283C0CAA1FD3FFFFFEF7F008056C0CF
:10E4E00000805640008066C000806640000000004A
:10E4F0000000E03F0000F03F96F8C93D002B00F01F
:10E50000D58000234FF0FF30029396F8CAADBAF1E0
:10E51000000FB4D096F8C93C002BB0D196F8F83C67
:10E52000002B00F0818006F55A6006F6985106F53A
:10E53000596206F6885390ED005B91ED004B92ED29
:10E54000003B93ED002B49EC118B45EC104B022264
:10E5500006F6F8413046FFF79DFD08B1CDF808A05A
:10E5600096F8CA3D002B40F09B8096F8F93C002BB2
:10E570005FD1029B83F00100404280E7002796E6CE
:10E58000012386F8383D06F62853029306F55363B7
:10E59000039306F5526306F6245B00933AE7C6F848
:10E5A000CC0D504621F0FAFA06F6245B41EC180B2C
:10E5B000DBF8000021F0F2FA02460B4651EC180B92
:10E5C00021F08CF948A3D3E9002341EC180B51EC5E
:10E5D000190B21F03BFB02460B4621F037FB53ECB5
:10E5E000182B41EC180B1046194621F02FFB024660
:10E5F0000B4651EC180B21F073F941EC100B1FF096
:10E600000BFC06F5526153EC102B08680091CDE924
:10E61000042321F0C3FADDE9042321F061F921F09C
:10E620000DFE009B1860F5E696F8F93C002B3FF4D0
:10E630007AAF06F55C6006F6B85106F55B6206F641
:10E64000A85390ED005B91ED004B92ED003B93EDF4
:10E65000002B49EC118B45EC104B032206F6F941D7
:10E660003046FFF717FD002883D0009BDBF8001031
:10E670001F68D6F8B80C06F55463C3E9004506F6E2
:10E68000585206F6485306F65454C3E9008901234C
:10E69000C6F8500D27600020116086F8603D7DE5CA
:10E6A00096F8F83C002B7FF460AFC2E7009BDBF8E4
:10E6B00000101F68D6F8B80C06F55463C3E900458E
:10E6C00006F6585206F6485306F65454C3E9008934
:10E6D0000123C6F8500D27604FF0FF30116086F817
:10E6E000603D5BE5002010E700000000AE4D684192
:10E6F0000346F0B400F6D84003F6DC4703F54E6657
:10E7000000220021C3F8CC2CC3F8D02CC3F8D42CA1
:10E710000160396003F6E840316000270026C0E957
:10E72000006703F552660024002503F62850C3E96C
:10E730000322C3F8F02CC3F8F42CA3F8F82CC3F888
:10E74000FC2CC3F8002DC3F8042DC3F8082DC3F822
:10E750000C2DC3F8102DC3F8142DC3F8182DC3F8D1
:10E760001C2D5A601A72C3F8B82C3160C0E90045FC
:10E7700003F6245003F55366C6E90045016003F52E
:10E78000546603F6485083F8382DC3F8CC2DC6E9FB
:10E790000045C0E9004503F6545603F65854C3F843
:10E7A000502D03F1180031602160F0BC83F8602D1A
:10E7B000A3F8C82CFDF78CB82DE9F04F824655EC34
:10E7C000104B00F668500AF557610AF678520AF5C0
:10E7D000586380ED000B83B081ED001B10EE100A32
:10E7E00082ED002B294683ED003B4FF0FF32304B8A
:10E7F0008DED003B57EC116B59EC128B21F0A2FC14
:10E8000000284DD04FF0FF326FF480132046294688
:10E8100021F0A2FC002843D0254B4FF0FF323046B8
:10E82000394621F08FFC00283AD04FF0FF326FF4C8
:10E8300080133046394621F08FFC88B31C4B4FF0D3
:10E84000FF324046494621F07DFC48B34FF0FF328D
:10E850006FF480134046494621F07EFC00B3DDE9A9
:10E860000001134B4FF0FF3221F06CFCC0B1DDE929
:10E8700000014FF0FF326FF4801321F06DFC78B18E
:10E8800042464B462046294621F048FC68B1DDE966
:10E8900000233046394621F041FCB0FA80F04009AF
:10E8A0008AF8C80D03B0BDE8F08F0120F8E700BF7B
:10E8B000FFFFEF7F2DE9F04F824655EC104B00F63D
:10E8C00088500AF559610AF698520AF55A6380EDA4
:10E8D000000B83B081ED001B10EE100A82ED002BBF
:10E8E000294683ED003B4FF0FF32304B8DED003B6E
:10E8F00057EC116B59EC128B21F024FC00284DD001
:10E900004FF0FF326FF480132046294621F024FC9B
:10E91000002843D0254B4FF0FF323046394621F0D6
:10E9200011FC00283AD04FF0FF326FF480133046CC
:10E93000394621F011FC88B31C4B4FF0FF324046A2
:10E94000494621F0FFFB48B34FF0FF326FF48013CC
:10E950004046494621F000FC00B3DDE90001134BBD
:10E960004FF0FF3221F0EEFBC0B1DDE900014FF0C6
:10E97000FF326FF4801321F0EFFB78B142464B4633
:10E980002046294621F0CAFB68B1DDE90023304664
:10E99000394621F0C3FBB0FA80F040098AF8C90D6E
:10E9A00003B0BDE8F08F0120F8E700BFFFFFEF7F65
:10E9B0002DE9F04F824655EC104B00F6A8500AF5B1
:10E9C0005B610AF6B8520AF55C6380ED000B83B018
:10E9D00081ED001B10EE100A82ED002B294683ED1D
:10E9E000003B4FF0FF32304B8DED003B57EC116B8D
:10E9F00059EC128B21F0A6FB00284DD04FF0FF32CE
:10EA00006FF480132046294621F0A6FB002843D04E
:10EA1000254B4FF0FF323046394621F093FB00285A
:10EA20003AD04FF0FF326FF480133046394621F070
:10EA300093FB88B31C4B4FF0FF324046494621F010
:10EA400081FB48B34FF0FF326FF4801340464946D4
:10EA500021F082FB00B3DDE90001134B4FF0FF32E0
:10EA600021F070FBC0B1DDE900014FF0FF326FF41F
:10EA7000801321F071FB78B142464B46204629466F
:10EA800021F04CFB68B1DDE900233046394621F026
:10EA900045FBB0FA80F040098AF8CA0D03B0BDE822
:10EAA000F08F0120F8E700BFFFFFEF7FC0F8B81C30
:10EAB000704700BF18300121FCF708BF90F8C80C60
:10EAC000704700BF90F8C90C704700BF90F8C83C71
:10EAD0006BB1D0F8CC3CD0F8B80C834205D900F12A
:10EAE000A46000F5CB2000F58060C01A704718467E
:10EAF000704700BFD0F8D00C704700BFD0F8D40CDE
:10EB0000704700BF00F5526090ED000A704700BFEB
:10EB1000D0F8E80C704700BFD0F8EC0C704700BF8D
:10EB200000F6D843D3ED007AF5EE407AF1EE10FA14
:10EB30000FD090F8C83C63B100F5526393ED007AB2
:10EB4000D0F8CC2CD0F8B83C9A4237EE677A0ED980
:10EB500007E0D0F8CC2CD0F8B83C9A4227D99FEDEA
:10EB6000177A03F1A46303F5CB2303F58063B5EEB5
:10EB7000407AF1EE10FA1DD000F54E6191ED000AD9
:10EB8000B5EE400AF1EE10FA13D000F6D4419B1A0C
:10EB9000D1ED006A07EE903AF8EE666AF8EE677A11
:10EBA00087EE876AC6EE807A36EE670A70479FED79
:10EBB000030A7047B0EE470A704700BF000000002C
:10EBC000D0F8083D3BB1D0F80C2D32B1D0F8101D73
:10EBD00031B113440B44184670471346184670472A
:10EBE0000B461846704700BFD0F8140D704700BFA1
:10EBF000D0F8180D704700BFD0F81C0D704700BF4B
:10EC000090F8C93D0BB190F8CA3D1846704700BF57
:10EC10002DE9F04704462DED028BB0EE408AF0EE70
:10EC2000608A88461030FCF735FEB0EE480AF0EEF8
:10EC3000680A414604F54B60FCF72CFEB0EE480A2A
:10EC4000F0EE680A04F5CA5041461030FCF722FE87
:10EC5000B0EE480AF0EE680A04F51750414630302D
:10EC6000FCF718FE0026002704F54B5104F54A5026
:10EC7000C0E90467C0E90667C0E90867C0E90A6738
:10EC8000C0E90C67C0E90E6704F54C53C1E90067A1
:10EC9000C1E90267C1E90467C1E90667C1E908671C
:10ECA000C1E90A67C1E90C67C1E90E6743F2183C84
:10ECB00043F2143E43F2343043F2383143F2103A17
:10ECC00000254FF00009C3E90067C3E9026720226D
:10ECD00044F80A5044F80E5044F80C50C3E9086751
:10ECE000C3E90A67C3F81C90C3F8309025546550F7
:10ECF00004F54D50C3F83C90294621F02FFF43F214
:10ED0000603243F26233A55243F26432E55443F277
:10ED10006833A55043F26C32E55004F54D53A550CD
:10ED2000C3E90C6704F54D5204F54E5743F27833AE
:10ED300043F28836E550C2F83C903D60C7F8049035
:10ED400043F28C3243F2903743F29433A55143F2AD
:10ED50009830A55043F2A43CE55143F2B03101276D
:10ED6000E754261804EB0C0263182550C6E9015538
:10ED700044F80C50C2E901556550C3E9015584EDD2
:10ED8000028BBDEC028B2046C4F80080BDE8F08702
:10ED90002DE9F04F2DED068B5BEC10ABADB00446CA
:10EDA0000F4B10EE100A4FF0FF32594659EC118B01
:10EDB00012EE105A12EE906A21F0C4F940B14FF0F1
:10EDC000FF326FF480135046594621F0C5F948B917
:10EDD0004FF0FF3738462DB0BDEC068BBDE8F08F05
:10EDE000FFFFEF7FC84B4FF0FF324046494621F00E
:10EDF000A9F90028ECD04FF0FF326FF480134046A1
:10EE0000494621F0A9F90028E2D0C04B0022504623
:10EE1000594621F08DF90028DAD1BD4B0022504629
:10EE2000594621F0A3F90028D2D1BA4B002240461E
:10EE3000494621F07DF90028CAD1B74B002240464F
:10EE4000494621F093F90028C2D100220023504600
:10EE5000594621F063F938B1002200234046494663
:10EE600021F05CF90028B3D1284620F097FEA64B8C
:10EE70004FF0FF32CDE9060121F064F940B1DDE940
:10EE800006014FF0FF326FF4801321F065F910B9DD
:10EE900004F54C573D6B304620F080FE9A4B4FF006
:10EEA000FF32CDE9060121F04DF9002800F08781FD
:10EEB000DDE906014FF0FF326FF4801321F04CF9C9
:10EEC000002800F07C8107EE906A07EE106AF5EEEC
:10EED000C07ADFED947AF1EE10FAA8BFF0EE477A2F
:10EEE000B0EE679A43F23433E25C002A00F06C81A2
:10EEF00004F54C5320330993D3E9000178A3D3E9F7
:10EF0000002320F0A3FE76A3D3E9002306460F4694
:10EF10005046594620F09AFE32463B4641EC180BCB
:10EF2000CDE9060120F0DAFC00227C4B20F08EFEB9
:10EF300004F54C5341EC100B06931EF0E1FE069BCA
:10EF4000283306934046D3E9002349468DED0A0B4A
:10EF500020F0C4FC64A3D3E9002320F077FE41EC49
:10EF6000100B1EF0CDFEB0EE407AF0EE607A47EC6A
:10EF7000106B57EC176B1EF007FEB0EE407AF0EE08
:10EF8000607AB0EE480AF0EE680A8DED0C7B1EF058
:10EF9000FBFD32463B463046394657EC106B20F0BD
:10EFA00055FE32463B4620F051FEDDE90C2320F0B1
:10EFB0004DFEDDE90A2306460F461046194620F0AD
:10EFC00045FE02460B463046394620F089FC024693
:10EFD0000B4643EC102BCDE90A231EF01DFFDDE9A3
:10EFE0000A23B0EE408AF0EE608A4D49002020F0FE
:10EFF00075FC41EC100B1EF00FFFB0EE401AF0EE66
:10F00000601AB0EE480AF0EE680A1EF003FF38A35B
:10F01000D3E90023B0EE40AAF0EE60AA51EC100B49
:10F0200021F0A4F843F238320346002800F082822F
:10F03000A3580133022BD8BFA3507FF7C9AE04F504
:10F040004C56002304F54C5796ED078AA3501C3606
:10F050003037099BC3E900AB069B19EE100AC3E9E0
:10F0600000893D6020F09AFD23A3D3E9002320F01E
:10F07000EDFD21F0E3F843F2603304F54C55E25C1A
:10F08000E86304F54D533C3502EE900A0F9302B14C
:10F090001A4643F211330020E35C069300211F4619
:10F0A0000023CDE91401CDE91601CDE91801109333
:10F0B000002F40F00A82099743F210339FED107B36
:10F0C000E75C00218DED1A7B8DED1C7B8DED1E7BA9
:10F0D0001191002F40F0C5810A9725E0AFF3008021
:10F0E000399D52A246DF913F399D52A246DF813FB2
:10F0F000E5BC41B4BE92043F6F1283C0CAA1FD3F7C
:10F100000000000000000000FFFFEF7F008056C0FD
:10F1100000805640008066C0008066400000E03FEE
:10F120000000F03F0000000043F212330020E75CD3
:10F1300000210023CDE92001CDE92201CDE9240100
:10F140001293002F40F055810C9743F213330020A7
:10F15000E35C00210027CDE92601CDE92801CDE9B6
:10F160002A011397002B40F00E81069A0E9382F02D
:10F1700001077F42099B022B38D00A9B022B00F02B
:10F180001E820C9B022B00F029820E9B022B00F0AA
:10F19000498243F218310F9B665843F2503543F2CF
:10F1A0006031C3E900AB012004F54D53C3E9028986
:10F1B000665183ED058AC3ED062A60540AE65FEDC9
:10F1C000277AB0EE679A8DE604F54C5604F54C5755
:10F1D000012296ED078AE2543B463A4620330993D2
:10F1E00002F128031C363037069332E743F26233CC
:10F1F000E35C002B00F0848043F21233DDE9180158
:10F20000E65C109D002E00F0318243F28C33DDF875
:10F2100024C0E25843F21333E35C6344934200F0AA
:10F22000478243F294330022E25443F26C3354F8A1
:10F2300003C0654505D205F1A46505F5CB2505F5A7
:10F24000806504F54D533033D3E90023A5EB0C055D
:10F25000CDED062A20F042FB20F0F0FF43F26432AD
:10F2600004F54E51A358D1F800C0DDED062A43F253
:10F27000783E013344F80E50A35004F54D52D0634C
:10F28000BCF1000F01D0654506D20D6004F54E5269
:10F2900043F2883150606350002E40F0DF8143F22A
:10F2A0001332A25C2AB343F29432A25C0AB3012265
:10F2B00043F2133143F29830615C20581144C0B1DD
:10F2C00043F29C32A258A2B1032903D143F2A032E7
:10F2D000A25872B104F54E52183202EB8101D56882
:10F2E00010680DB1854201D9D0609361043291421A
:10F2F000F5D143F2623143F28C3200236354A350C0
:10F300000A9B022B7FF43DAF9DED1E7B119943F2CA
:10F3100061300123235443F2623243F26C3043F2F2
:10F320008C35A35443F29436215004F54D5243F2E8
:10F33000903082ED0C7B635143F2A035A35504F568
:10F340004E522150002300200021C2E906016351E2
:10F350000C9B022B00F06D810E9B022B7FF419AFEA
:10F3600043F2123343F28C32E35CA2581399002B20
:10F3700014BF022301239A4200F0848143F29433A4
:10F380000022E25405E704F54B5043F2183190EDAA
:10F390000E4B844604F54C532AA893ED026B9CED6A
:10F3A0000C3B6158049004F54C530DF14C0C0DF1DD
:10F3B000A00E26A893ED005BCDE9010ECDF80CC0A0
:10F3C00004F517504FF0030C49EC118B4BEC10ABCC
:10F3D000B0EE482ACDF800C017333030FDF7B8FF43
:10F3E0000E90002800F00B8196ED008AD5ED002AE2
:10F3F000C0E604F54B5C6346604643F218319CED71
:10F400000A6B93ED085B90ED064BE64612AB0DF1EF
:10F41000900C22A89EED043B6158CDF810C00DF170
:10F42000800E4FF0020C0393029004F54C5304F548
:10F43000CA50CDE900CE49EC118B4BEC10ABB0EECD
:10F44000482A163310300E92FDF782FF0E9A0C9068
:10F45000002800F0DD8096ED008AD5ED002A0697A1
:10F4600073E6009104F54A5343F2183193ED0A6BA9
:10F470009E469C4618461EAB9EED085B9CED064BD7
:10F4800090ED043B615804930DF1440E0DF1700CA6
:10F490001AA804F54C530190CDE902CE49EC118B2A
:10F4A0004BEC10ABB0EE482A143304F110000C9270
:10F4B000FDF74EFF0C9A0A90002800F0AE8096ED02
:10F4C000008AD5ED002A06972EE604F54B5704F581
:10F4D0004A5343F2183197ED026B9C46384618AFF9
:10F4E00093ED0E4B9CED0C3B6158049710AB90EDE7
:10F4F000005B0DF1580C0120039314AF04F54C533D
:10F50000B0EE482A00901533CDE9017C49EC118B0F
:10F510004BEC10AB04F54B600A92FDF719FF031E8C
:10F5200018BF012396ED008AD5ED002A0A9A0990AA
:10F530000693C1E5A350284620F030FB04F54C5754
:10F54000303741EC180B386820F028FB02460B4698
:10F5500051EC180B20F0C2F960A3D3E9002341EC71
:10F56000180B51EC1A0B20F071FB02460B4620F0F1
:10F570006DFB53EC182B41EC180B1046194620F08C
:10F5800065FB02460B4651EC180B20F0A9F941EC43
:10F59000100B1EF041FC04F54C5653EC102BF06997
:10F5A000CDE90A2320F0FAFADDE90A2320F098F9E0
:10F5B00020F044FE1C3608EE100A306049E543F2A4
:10F5C00062339DED1E7BE35C1199002B3FF49FAEEF
:10F5D00043F26832A3580133A35098E643F26233F2
:10F5E000E35C002B3FF4D5AD43F28C331299E35822
:10F5F000012B1FD043F294330022E254ACE6069B69
:10F6000096ED008AD5ED002A83F001077F42B1E52F
:10F6100096ED008AD5ED002A97E596ED008AD5EDA6
:10F62000002A81E543F26233E35C002B3FF4B1AD85
:10F6300096E6129943F2903343F29830E2589142A1
:10F6400036BF254B0B465B189B1A235043F28C3276
:10F6500043F290330220A050E1507DE643F2943211
:10F66000A25C002A3FF445AE022221E643F21333A6
:10F67000E35C002B3FF4D9AD43F28C334FF0010C27
:10F68000E258C7E543F29032581EA658B14236BF41
:10F69000114A0A465218921B00F6E64043F28C3596
:10F6A00043F29036013344F820206351A15170E5B4
:10F6B00043F2903C531E54F80CC0654536BF064AD1
:10F6C0002A46521903F6E643A2EB0C0244F8232023
:10F6D000ABE500BFAFF30080005C26050000000032
:10F6E000AE4D684143F21833C15070472DE9F04FD9
:10F6F00055EC104B824600F54A50024680ED040B53
:10F7000080ED061B83B082ED082B82ED0A3B10EEE4
:10F71000100A324B29464FF0FF328DED003B57EC7B
:10F72000116B59EC128B20F00DFD00284DD04FF0DD
:10F73000FF326FF480132046294620F00DFD00288B
:10F7400043D0264B4FF0FF323046394620F0FAFCCA
:10F7500000283AD04FF0FF326FF48013304639461C
:10F7600020F0FAFC88B31D4B4FF0FF32404649466B
:10F7700020F0E8FC48B34FF0FF326FF480134046AE
:10F78000494620F0E9FC00B3DDE90001134B4FF0DE
:10F79000FF3220F0D7FCC0B1DDE900014FF0FF32AD
:10F7A0006FF4801320F0D8FC78B142464B462046D7
:10F7B000294620F0B3FC78B1DDE900233046394614
:10F7C00020F0ACFCB0FA80F0400943F210330AF8A4
:10F7D000030003B0BDE8F08F0120F6E7FFFFEF7FE5
:10F7E0002DE9F04755EC104B00F54A5100F54B530D
:10F7F00081ED0C0B81ED0E1B82B083ED002B83EDB0
:10F80000023B8246334B10EE100A29464FF0FF327E
:10F810008DED003B57EC116B59EC128B20F092FCF4
:10F8200000284DD04FF0FF326FF480132046294658
:10F8300020F092FC002843D0264B4FF0FF32304698
:10F84000394620F07FFC00283AD04FF0FF326FF4A9
:10F8500080133046394620F07FFC88B31D4B4FF0B3
:10F86000FF324046494620F06DFC48B34FF0FF326E
:10F870006FF480134046494620F06EFC00B3DDE98A
:10F880000001144B4FF0FF3220F05CFCC0B1DDE909
:10F8900000014FF0FF326FF4801320F05DFC78B16F
:10F8A00042464B462046294620F038FC78B1DDE937
:10F8B00000233046394620F031FCB0FA80F0400990
:10F8C00043F211330AF8030002B0BDE8F0870120CB
:10F8D000F6E700BFFFFFEF7F2DE9F04F55EC104B2F
:10F8E000824600F54B50024680ED040B80ED061B6E
:10F8F00083B082ED082B82ED0A3B10EE100A324BEA
:10F9000029464FF0FF328DED003B57EC116B59EC5F
:10F91000128B20F017FC00284DD04FF0FF326FF40F
:10F9200080132046294620F017FC002843D0264BA0
:10F930004FF0FF323046394620F004FC00283AD020
:10F940004FF0FF326FF480133046394620F004FC4C
:10F9500088B31D4B4FF0FF324046494620F0F2FB82
:10F9600048B34FF0FF326FF480134046494620F011
:10F97000F3FB00B3DDE90001134B4FF0FF3220F041
:10F98000E1FBC0B1DDE900014FF0FF326FF48013FD
:10F9900020F0E2FB78B142464B462046294620F053
:10F9A000BDFB78B1DDE900233046394620F0B6FBD7
:10F9B000B0FA80F0400943F212330AF8030003B0B2
:10F9C000BDE8F08F0120F6E7FFFFEF7F2DE9F0475C
:10F9D00055EC104B00F54B5100F54C5381ED0C0BE1
:10F9E00081ED0E1B82B083ED002B83ED023B82463E
:10F9F000334B10EE100A29464FF0FF328DED003BDD
:10FA000057EC116B59EC128B20F09CFB00284DD069
:10FA10004FF0FF326FF480132046294620F09CFB04
:10FA2000002843D0264B4FF0FF323046394620F0B5
:10FA300089FB00283AD04FF0FF326FF48013304634
:10FA4000394620F089FB88B31D4B4FF0FF3240460A
:10FA5000494620F077FB48B34FF0FF326FF4801334
:10FA60004046494620F078FB00B3DDE90001144B25
:10FA70004FF0FF3220F066FBC0B1DDE900014FF02E
:10FA8000FF326FF4801320F067FB78B142464B469B
:10FA90002046294620F042FB78B1DDE900233046BC
:10FAA000394620F03BFBB0FA80F0400943F21333B3
:10FAB0000AF8030002B0BDE8F0870120F6E700BFB6
:10FAC000FFFFEF7F43F21033C05C704743F2113306
:10FAD000C05C704743F21233C35C13B943F2133373
:10FAE000C35C1846704700BF10B5012104461030B2
:10FAF000FBF7ECFE04F54B600121FBF7E7FE04F594
:10FB0000CA5010300121FBF7E1FE04F517503030E8
:10FB1000BDE810400121FBF7D9BE00BF43F26233BC
:10FB2000C05C704743F26433C058704743F262339D
:10FB3000C35C7BB143F26C3343F21832C358805834
:10FB4000834205D900F1A46000F5CB2000F5806068
:10FB5000C01A70471846704743F27833C058704750
:10FB600000F54E500068704743F28833C058704724
:10FB700043F26133C05C704743F21433C35C1BB97A
:10FB800043F21533C35C0BB11846704743F216338A
:10FB9000C35C002BF8D143F21733C35C184670479F
:10FBA00043F26233C35C002B3FD000F54C5310B5D9
:10FBB0000446D8691FF0F2FF04F54D533033D3E902
:10FBC00000231FF08BFE20F039FB43F26C3243F22E
:10FBD0001833A158E358994200EE100A05D903F1F1
:10FBE000A46303F5CB2303F58063B5EE400AF1EE81
:10FBF00010FA19D004F54E5292ED017AB5EE407A22
:10FC0000F1EE10FA14D004F54E545B1AD4ED006AEC
:10FC100007EE903AF8EE666AF8EE677A87EE806A49
:10FC200086EE870A36EE400A10BD9FED030A704744
:10FC3000B0EE470A10BD00BF0000000043F21233CF
:10FC40000246C35CB3B143F213330220D35C43F2E8
:10FC5000A4310344505860B143F2A831515889B1DE
:10FC6000032B084405D143F2AC33D35843B11844B5
:10FC70007047704743F21333C35C0BB10120E6E7D2
:10FC8000184670470846704770B4016015494164D2
:10FC9000002400251449816400220021C0E90445A4
:10FCA000C0E90645C0E90A45C0E90C454FF0FF46EA
:10FCB00000240025C0E91445C0E91A450667C0E9DB
:10FCC000011170BC80F83810C163A0F84C10816538
:10FCD0004167026242620264C265026642668267EE
:10FCE000704700BF0000A0410000F04181607047F4
:10FCF000F0B44FF0FF420023002400250026002727
:10FD000002670022C0E90445C0E90645C0E90A458A
:10FD1000C0E90C45C0E91467C0E91A67C0E90122CF
:10FD2000F0BC80F83820C263A0F84C20826542679E
:10FD3000036243620364C365036643668367704777
:10FD4000B5EEC00AF1EE10FAC8BF80ED110A704797
:10FD5000B5EEC00AF1EE10FAC8BF80ED120A704786
:10FD60002DE9F0472DED028B824682B051EC100B4D
:10FD700085A3D3E9002355EC114B1FF067FF82A345
:10FD8000D3E9002306460F46DAE904011FF05EFFBF
:10FD900032463B46804689461FF0A0FD764B002246
:10FDA0001FF054FF41EC100B1DF0AAFF22462B461A
:10FDB000DAE9060155EC104B1FF090FD6AA3D3E978
:10FDC00000231FF043FF41EC100B1DF099FFB0EE34
:10FDD000407AF0EE607A47EC106B49EC188B59ECE6
:10FDE000178B1DF0D1FEB0EE407AF0EE607AB0EEE7
:10FDF000480AF0EE680A57EC176B1DF0C5FE424644
:10FE00004B464046494659EC108B1FF01FFF4246B7
:10FE10004B461FF01BFF32463B461FF017FF2246A2
:10FE20002B4604460D46104619461FF00FFF0246AA
:10FE30000B46204629461FF053FD02460B4643EC75
:10FE4000102BCDE900231DF0E7FFDDE90023B0EE24
:10FE5000408AF0EE608A494900201FF03FFD41ECE6
:10FE6000100B1DF0D9FFB0EE401AF0EE601AB0EEA4
:10FE7000480AF0EE680A1DF0CDFF3DA3D3E9002348
:10FE800051EC100B1FF0E2FE04460D46DAF8480074
:10FE90001FF084FE22462B4620F054F9D8B9DAF838
:10FEA00070001FF07BFE22462B4620F05FF968B100
:10FEB0002046294620F0C2F9DAF82420DAF8083082
:10FEC000CAF87000CAF87820CAF8743002B0BDECE5
:10FED000028BBDE8F087DFED2A7A9AED1C7AB4EE4A
:10FEE000E77A02220023F1EE10FACAF804208AF819
:10FEF0004D30EBDCDAF86C109AF84C20DAF87430FC
:10FF0000DAED1E7ADAF8500001313ABB0122834261
:10FF1000CAF86C108AF84C2024D21A4A1A449AED76
:10FF2000177ADAF85840CAF8503037EEC77A121A02
:10FF3000CAF854208AED187ACAED177A0CB1A24299
:10FF400005D2CAF858208AED197ACAF86810CAEDA5
:10FF5000087A02B0BDEC028BBDE8F0878342CAF894
:10FF60006C10DAD31A46DAE7399D52A246DF813F98
:10FF700000000000AE4D68410000E03F0000F03F8F
:10FF8000FFFF7F7F005C2605399D52A246DF913F2F
:10FF90002DE9D04FD0ED097AD0ED086A9FED6A7A4D
:10FFA0002DED028B77EEE67A84B0F4EEC77AF1EEAF
:10FFB00010FA8DED020B00F19D8004465CA3D3E99D
:10FFC000002351EC100B5BEC11AB1FF03FFE58A36C
:10FFD000D3E9002306460F46D4E904011FF036FE9C
:10FFE00032463B46804689461FF078FC574B00223C
:10FFF0001FF02CFE41EC100B1DF082FE52465B46BA
:020000025000AC
:10000000D4E906018DED000B1FF068FC4AA3D3E98B
:1000100000231FF01BFE41EC100B1DF071FEB0EE33
:10002000407AF0EE607A47EC106B49EC188B59EC93
:10003000178B1DF0A9FDB0EE407AF0EE607AB0EEBD
:10004000480AF0EE680A57EC176B1DF09DFD42461A
:100050004B464046494659EC108B1FF0F7FD42468F
:100060004B461FF0F3FD32463B461FF0EFFDDDE946
:10007000002306460F46104619461FF0E7FD0246CC
:100080000B46304639461FF02BFC02460B4643EC2C
:10009000102BCDE900231DF0BFFEDDE90023B0EEFB
:1000A000408AF0EE608A2A4900201FF017FC41ECDC
:1000B000100B1DF0B1FEB0EE401AF0EE601AB0EE7B
:1000C000480AF0EE680A1DF0A5FEA06C59EC108BF2
:1000D0001FF064FD1AA3D3E9002306460F464046ED
:1000E00049461FF0B3FD02460B463046394620F024
:1000F0003DF820B904B0BDEC028BBDE8D08F4FF0C5
:10010000FF439DED020B002223674BEC11AB032351
:10011000A267636001220023204684F84D206367B4
:1001200004B0BDEC028BBDE8D04FFFF719BE00BF95
:10013000399D52A246DF913F399D52A246DF813F51
:1001400000000000AE4D68410000C8420000E03FE2
:100150000000F03F000000002DE9F04F2DED028B74
:1001600055EC104B85B08246DB4B10EE100A4FF079
:10017000FF32294657EC116B12EE90BA1FF0E2FFE6
:10018000002800F061814FF0FF326FF480132046A9
:1001900029461FF0E1FF002800F05681CE4B4FF0BA
:1001A000FF32304639461FF0CDFF002800F04C8169
:1001B0004FF0FF326FF48013304639461FF0CCFF0A
:1001C000002800F04181C54B0022204629461FF03F
:1001D000AFFF002840F03881C14B0022204629465D
:1001E0001FF0C4FF002840F02F81BE4B0022304694
:1001F00039461FF09DFF002840F02681BA4B0022AF
:10020000304639461FF0B2FF002840F01D81002221
:100210000023204629461FF081FF40B10022002321
:10022000304639461FF07AFF002840F00D815846CD
:100230001FF0B4FCA84B4FF0FF32804689461FF0F8
:1002400081FF002800F00781404649464FF0FF3209
:100250006FF480131FF080FF002800F0FC8007EE91
:1002600090BAF5EEC07ADFEDA17AF1EE10FAB8BFE0
:1002700017EE90BA9AF83830002B00F0F4808AA379
:10028000D3E90023DAE90A011FF0E0FC86A3D3E9F1
:10029000002380468946204629461FF0D7FC424667
:1002A0004B4641EC180BCDE900011FF017FB904BBA
:1002B00000221FF0CBFC41EC100B1DF021FDDAE910
:1002C0000C23304639468DED000B1FF007FB78A359
:1002D000D3E900231FF0BAFC41EC100B1DF010FD18
:1002E000B0EE407AF0EE607A49EC108B59EC178B47
:1002F0001DF04AFCB0EE407AF0EE607AB0EE480AAB
:10030000F0EE680A8DED027B1DF03EFC42464B4646
:100310004046494659EC108B1FF098FC42464B462C
:100320001FF094FCDDE902231FF090FCDDE90023BF
:1003300080468946104619461FF088FC02460B4647
:10034000404649461FF0CCFA02460B4643EC102BC0
:10035000CDE900231DF060FDDDE90023B0EE408A09
:10036000F0EE608A634900201FF0B8FA41EC100BF0
:100370001DF052FDB0EE401AF0EE601AB0EE480AE1
:10038000F0EE680A1DF046FD59EC108B4AA3D3E944
:10039000002310EE100A49461FF0E8FE002866D040
:1003A000DAF83C300133022B7BDD0023CAF83C3005
:1003B000CAE90A45CAE90C6758461FF0EFFB40A39B
:1003C000D3E900231FF042FC1FF038FFDAF80430B5
:1003D000CAF84000002B41D10123CAF804301FF0B5
:1003E000DDFB39A3D3E900231FF030FC1FF026FF0B
:1003F000DAED117A07EE100AF4EEC77AF1EE10FA90
:1004000022D8DAF82430DAF80820CAF82030CAE90D
:100410000445CAE90667CAF85C300223CAF85020CE
:10042000CAF8043047EC116B45EC104B5046FFF70F
:10043000AFFDDAF80430032B06D147EC116B45EC25
:10044000104B5046FFF78CFC4FF0FF3005B0BDEC71
:10045000028BBDE8F08F4FF0000B0BE7012B4BD068
:10046000022BE8D1DEE701238AF83830A0E7CAF88A
:100470003C00DAF824001FF091FB15A3D3E9002318
:1004800041EC180B404649461FF0E0FB02460B4684
:1004900051EC180B1FF024FA1FF0D0FECAF824000C
:1004A00086E7CAF83C30CFE7399D52A246DF913F3C
:1004B000399D52A246DF813FE5BC41B4BE92043F64
:1004C0006F1283C0CAA1FD3F84BFAAD645E2E33FB5
:1004D00000000000AE4D6841FFFFEF7F008056C076
:1004E00000805640008066C000806640000000002A
:1004F0000000E03F0000F03F1FF050FB08A3D3E9ED
:1005000000231FF0A3FB1FF099FEDAED117A07EE2E
:10051000100AB4EEE77AF1EE10FA95DB71E700BF4E
:1005200084BFAAD645E2E33F90F84C00704700BF75
:1005300090F84D00704700BFC06E704790F84C3087
:100540005BB1036D8068834205D900F1A46000F5BA
:10055000CB2000F58060C01A70471846704700BF76
:10056000406D7047806D7047806E704790ED177AD0
:1005700090F84C30B5EE407AF1EE10FA09D07BB32A
:10058000026D8368D0ED097A9A4237EEC77A0BD9AB
:1005900004E043B3026D83689A4224D903F1A46353
:1005A00003F5CB2303F58063B5EE407AF1EE10FA44
:1005B00019D090ED190AB5EE400AF1EE10FA14D0F8
:1005C0009B1AD0ED166A07EE903AF8EE666AF8EEDE
:1005D000677A87EE876AC6EE807A36EE670A7047DA
:1005E0009FED020A7047B0EE470A70470000000016
:1005F00070B590F90230002B82B004460DDBA5687F
:1006000005F1240003F0DCFB00283FD1637843F0C0
:1006100001036370002002B070BD8068A1692430BE
:10062000012203F08DFB0028F0D0A58805F00F050E
:100630006B0100EB4515C35CE52BE7D023781A4A24
:1006400003F03703EB72237816681B0744BFE36996
:10065000EB61236A6B831B0CAB8266B10DF1030265
:100660000DF1060101A8B047BDF80430BDF8062021
:100670002B836B82EA82A378A56803F07F03A370C3
:1006800005F1240003F09CFB0028BFD005F50D7098
:1006900003F096FB0028B9D028680368DB69984707
:1006A0000028B3D0B7E700BF005F0120F8B503789A
:1006B0005B0604D4244B42699A42044602D30027C5
:1006C0003846F8BD0246806852F8105F294602F0AD
:1006D00015F907460028F2D03DB32669A178013507
:1006E000AE4218BF01F0BF01A06861F07F01A170A8
:1006F000817943690579023E8E401E44DDB10025B3
:10070000294606E020F02AFAA0680279E9B28A4276
:1007100010D931440522243003F012FB01354FF487
:10072000007200210028EDD1C9E7A178266941F0C7
:100730004001D9E7817962694FF400738B4012FA66
:1007400083F363613846F8BD00FE1F0010B5044610
:1007500080680A462430A16903F0F2FA20B1A38828
:1007600003F00F0300EB431010BD00BF70B503781A
:1007700082B00446002B4ED090F90230002B10DBE3
:10078000A56805F1240003F01BFB002849D163781C
:1007900043F001036370002000232370A37002B0B4
:1007A00070BD8068A1692430012203F0C9FA0028D5
:1007B000EDD0A58805F00F056B0100EB4515C35C76
:1007C000E52BE4D023781D4A03F03703EB7223783E
:1007D00016681B0744BFE369EB61236A6B831B0C3C
:1007E000AB8266B10DF103020DF1060101A8B0471D
:1007F000BDF80430BDF806202B836B82EA82A37813
:10080000A56803F07F03A37005F1240003F0D8FA74
:100810000028BCD005E0002301202370A37002B0A3
:1008200070BD05F50D7003F0CBFA0028AFD0286835
:100830000368DB6998470028A9D0ADE7005F012075
:100840000B7813F0D00F01D1002070472DE9F04351
:1008500040F6022389B00D46044601F02BF900282A
:1008600000F0818001221023A27023702046FFF740
:100870001DFF002877D02378226922626BB163695B
:1008800033B1A3780022C4E9042223F02003A3702B
:100890002046FFF7ADFE002865D0A068A16924308E
:1008A000012203F04DFA00285DD0A68806F00F065D
:1008B00000EB46161023F372B26830687168F36873
:1008C000D4F808E0276A9EF80680B6F81A90EC463D
:1008D000ACE80F0030697169B269F369023FACE8B6
:1008E0000F00DEF8141007FA08F74FF020333944F0
:1008F0000EF124000122B6F81480CDF80130CDF8B5
:100900000530ADF8093003F01BFA064658B34FF036
:100910002E0CADF81480ADF81A908DF800C06F461B
:100920000FCF30607160B260F3600FCF30617161E2
:10093000B261F3612B6A8DF801C01A0CADF81A3060
:10094000ADF814206D460FCD30627162B262F36271
:100950000FCD30637163B263F363A46804F12400C4
:1009600003F02EFA18B9002009B0BDE8F08304F5B1
:100970000D7003F025FA0028F5D020680368DB69C4
:1009800009B0BDE8F04318472DE9F04395B005786C
:10099000019206460020ADF81400ADF82C008DF849
:1009A0002E00002D3FD11F460B7813F0D00F0C46C0
:1009B00039D013782F2B154639D0002F5ED00DF18A
:1009C000040802AF4FF0000920E0019D2D78002DB2
:1009D00048D001F06FF803463A462146304613B935
:1009E000FFF72EFFF8B135460FCD0BAC0FC40FCD7E
:1009F0000FC433782A68226030460BB1FFF7F8FD48
:100A0000019D86F8009086F802900BAC294643467B
:100A10003A46304601F0D4F905463A4621460023CD
:100A20003046002DD1D1002015B0BDE8F08301354E
:100A300001952A782F2AFAD0A4680BA82422002135
:100A400020F08CF80D94E379102B03D0202B11D0DB
:100A50000C2BE8D140238DF82C3001230BAC8DF802
:100A60002E30AAE73A4621463046FFF7E9FE15B098
:100A7000BDE8F08380238DF82C30EEE7B9460DF108
:100A8000040802AF10E00FCD0FC40FCD0FC43378B0
:100A90002A68226030460BB1FFF7AAFD019D86F857
:100AA000009086F802900BAC294643463A46304601
:100AB00001F086F905463A46214600233046002DCE
:100AC000B1D0019D2D78002DCCD000F0F3FF35463C
:100AD0000BAC0028A7D0D6E72DE9F04194B00478FC
:100AE000019206460020ADF808008DF80A00ADF826
:100AF0003800002C30D198460B7813F0D00F0D46FB
:100B00002AD013782F2B14462AD0002717E0019CF7
:100B10002478002C3AD000F0CDFF354602ACD8B195
:100B20000FCD0FC40FCD0FC433782A682260304632
:100B30000BB1FFF75DFD019C3770B77002AD214628
:100B400001AB0BAA304601F03BF904460BAA29463B
:100B500000233046002CDAD1002014B0BDE8F0812B
:100B60000134019421782F29FAD0B1B9AC6824223C
:100B700030461FF0F3FFB460E379102B03D0202B35
:100B800025D00C2BE8D14023337022E043460BAA3A
:100B900000F090FF14B0BDE8F081AD6802A82422F7
:100BA00000211FF0DBFF0495EB79102B03D0202BE5
:100BB00005D00C2BD0D140238DF8083002E08023E3
:100BC0008DF80830012302AD8DF80A309DE78023AF
:100BD00033700120B070C0E719B101F24441FFF752
:100BE0007BBF0846704700BF074B10B41C683CB180
:100BF00013460A4604F244415DF8044BFFF76CBF0C
:100C000020465DF8044B7047FC5E0120CB6870B550
:100C10000D46044693B906780EB1184670BD8D682E
:100C2000242231461FF09AFFA560EB79102B19D0D2
:100C3000202B11D00C2B15D0304670BD2422002162
:100C40001FF08CFF012310222270A370D5E902123D
:100C50001846A160226270BD802323700123A37017
:100C6000184670BD40232370F8E700BF70B50478C4
:100C70000CB1002070BD05460E46242221461FF00F
:100C80006DFFAE60F379102B05D0202B09D00C2B13
:100C900001D0204670BD40232B700124AC7020464B
:100CA00070BD80232B70F8E72DE9F04F8378DF07C4
:100CB00083B0054640F190800F4601780E079146BB
:100CC00000F193804C0608D5826843695289C3EBD2
:100CD00042139BB2994528BF9946B9F1000F00F025
:100CE000B0806B69AA6848064E464FF0000805F1CF
:100CF000100AC3F3080B40D5116A01EB5321BBF175
:100D0000000F56D1B6F5007F53D3106B814250D0FF
:100D1000B6F5806F72D32B785B064FEA562B05D45D
:100D20001379A3EB08039B4528BF9B4681424FEAFA
:100D30004B240DD801EB0B03984209D202F1240099
:100D40000191009203F03CF8DDE90021002843D036
:100D5000906A02685B46D2F814B03A46D847002839
:100D60003AD06B69361B234427446B6169D02978DC
:100D7000AA684806C3F3080BBED492F8058008EAB7
:100D80005328BBF1000F37D1B8F1000F34D1002B3D
:100D90003ED10C064CBF116A296A296193795469C6
:100DA000023901FA03F308EB04011944BBF1000F07
:100DB000A8D0CBF50074B44202F124004FF0000239
:100DC00028BF344602F0BCFF30B100EB0B012246D5
:100DD00038461FF09BFEC4E76B784FF0FF3043F0BE
:100DE00002036B7003B0BDE8F08FC36942699B1AC0
:100DF000994528BF994670E72969CFE7906A03684B
:100E00003A461B6998470028E6D04FF40074A8E7DB
:100E1000080705D5AB78590602D52869411CBCE7FF
:100E200010462969524601F00DFE0028D4DB02D09D
:100E3000AA682969B2E72B7813F0D00FCCD0A9EBC0
:100E40000609484603B0BDE8F08F00BF70B582B018
:100E500001220DF10701D0E904560446FFF724FFF3
:100E600001280CBF9DF807004FF0FF30C4E904567D
:100E700002B070BD30B5436913F4F07F83B004460F
:100E8000C3F3431500D089B901220DF107012046B3
:100E9000FFF70AFF40B201280BD163691F3363617A
:100EA000A068343000EB451003B030BD20334361FF
:100EB000F6E7002003B030BD2DE9F04303789BB086
:100EC000002513F0180FADF820508DF82250ADF822
:100ED00044508DF8465006D08B68914682689A42FD
:100EE0000446884603D000201BB0BDE8F0832746A7
:100EF000FFF77EFB0FCF11AE0FC60FCF0FC6A06856
:100F00003B68A169336024302A4602F019FF0028AB
:100F1000E9D0A68894F800C006F00F0600EB46164C
:100F20006F4630687168B268F3680FC77169B2695B
:100F3000F36930690FC71CF008034A46414640F088
:100F4000998008A8FFF720FD0028CCD0109DA0684C
:100F5000BDF824609DF823200E990B9BA680E270BB
:100F60000026A1612430E36001228DF820608DF815
:100F7000226002F0E5FE0028B5D0A388DDF811203C
:100F8000DDF80D1003F00F0300EB4310DDF8153012
:100F9000C0F81120C0F81530DDF81920BDF81D305B
:100FA000C0F81920A0F81D309DF81F209DF80B30C7
:100FB000C0F80D10C277C372002D39D0A0688279B5
:100FC0004169AB1E934019443246243002F0B8FE0A
:100FD000002888D006466F4656F8200F7168B26820
:100FE000F3680FC730697169B269F3690FC7A06808
:100FF000294601F09BFD00283FF475AFA068236AE5
:1010000082794169023B934019442430012202F065
:1010100097FE064600283FF466AF6D460FCD30625E
:101020007162B262F3620FCD30637163B263F363D6
:1010300000210222082311A819918DF846208DF86D
:10104000443000F021FF00283FF44DAFA46804F1C4
:10105000240002F0B5FE00283FF445AF04F50D7002
:1010600002F0AEFE00283FF43EAF20680368DB6963
:10107000984739E740F6012308A8FFF72DFD00281F
:101080007FF465AF2FE700BF2DE9F04103780769D2
:101090000446002B3BD00D464169A94244D0002DA7
:1010A00039D018072CD5E269AA4230D3D4F808C049
:1010B000A2789CF806000930C0B26E1E12F0400FF4
:1010C00026FA00F633D14A1E22FA00F0864201D3F6
:1010D000002930D11B064CBFDCF82030236A236185
:1010E00004F1100807E02169A06801F0ABFC0028BA
:1010F00006F1FF360BDD4246002EF4D1A2780CE05B
:101100005A06D3D5A3685B89B5EB431FF6D927618F
:101110000020BDE8F0818278056122F02002A270F3
:1011200065610120BDE8F0810120BDE8F081236AFE
:101130001E442661F1E7361AD2E700BF2DE9F041DF
:101140000D4690460021242204461E469DF8187044
:101150001FF004FDA8682B6AE36000F1340508F075
:101160000F0305EB4315A060A4F80480EA7A110789
:1011700012D402F037022270EB7AE77013F0180FE6
:1011800008BF42F0080206F0030308BF2270012BDB
:1011900037D0022B1AD023B100202070A070BDE8F8
:1011A000F0817205F8D406F0080343F00103A37040
:1011B000AB8A698B026BA26141EA03412162EB6950
:1011C000E361720421D40120BDE8F0810323A37000
:1011D0001946D306E0D4D307DED406F0080342F064
:1011E00020020B432270A370AA8A698B076BA76148
:1011F000770541EA0241E1D571B963F07F03A3703D
:10120000DFE70223A3701946E3E7E1692046FFF711
:101210003BFF0028D7D1BFE701F088FC0028BBD0F6
:10122000A378EAE70378002B3FD12DE9F0470B784C
:1012300013F0D00F84B00C462CD0D1F814C01CF0A1
:101240001F0527D106469046A94601220DF10F0140
:1012500020464FEA5C17CCF3431AFFF725FD40B256
:10126000012817D16269A36802F11F0C34334FEAD9
:101270004A12C4F814C09A5C03EB4A1352B12E2AE6
:1012800006D0E52A04D0D97A080710D50F2905D051
:101290000025DAE7002004B0BDE8F0875106D4D578
:1012A00093F80D9002F01F05CFE700207047002D46
:1012B00047D0587893F809C0D10141EA5202111879
:1012C000C1F34602987842EAC11250FA82F1C1F3A2
:1012D0004602D87842EAC11250FA82F1C1F34602BE
:1012E000187942EAC11250FA82F1C1F346025879E4
:1012F00042EAC11250FA82F1C1F34602987942EAF9
:10130000C11250FA82F1C1F34602D87942EAC11201
:1013100050FA82F2C2F34601187A41EAC21150FA39
:1013200081F1C1F34602987A42EAC1135CFA83F272
:10133000C2F3460343EAC21350FA83F3DBB24B45D0
:10134000A8D100954346BAB221463046FFF7F6FED3
:10135000A1E700BF0378002B4ED070B590F90230A2
:10136000002B82B004460DDBA56805F1240002F0D5
:1013700027FD002842D1637843F001036370002009
:1013800002B070BD8068A1692430012202F0D8FC4F
:101390000028F0D0A58805F00F056B0100EB45157E
:1013A000C35CE52BE7D023781B4A03F03703EB72CD
:1013B000237816681B0744BFE369EB61236A6B83DC
:1013C0001B0CAB8266B10DF103020DF1060101A801
:1013D000B047BDF80430BDF806202B836B82EA824B
:1013E000A378A56803F07F03A37005F1240002F041
:1013F000E7FC0028BFD001E00120704705F50D7023
:1014000002F0DEFC0028B6D028680368DB69984744
:101410000028B0D0B4E700BF005F01202DE9F04FF5
:1014200083789C0783B0054673D591461A07884692
:1014300077D46A69D3434B456BD3B9F1000F00F001
:10144000D6804F464FF4007A3AE0002E7DD1002935
:1014500000F08880AB785B0640F19B80EB6993429B
:1014600040F29780013129618279436902399140C4
:101470001944B7F5007F5ED3B7F5806F76D3037953
:10148000026B1B1B7C0AA34228BF23468A424FEAF9
:10149000432408D35E18B24205D200264FF0FF3233
:1014A00080F824600263806A0268566A4246B04748
:1014B00078B36A693F1B2244A0446A6100F09780B8
:1014C000A8682969447914EA5224C2F30806BCD0FA
:1014D000827943690239914019442144002EC8D0D1
:1014E000C6F50074BC4228BF3C460122243002F0FD
:1014F00027FC70B130442246414626441FF006FBCB
:10150000B6F5007FD5D1A868243002F059FC002838
:10151000CFD16B7843F001036B70002003B0BDE8BE
:10152000F08FC169FFF7B0FD0028F2D06A69D3439C
:101530004B4582D2EDE76A69EB6957453C4628BFC7
:1015400054469A4207D30522D0E78279436902398B
:1015500091401944C4E7AB7813F0200F14BF052263
:101560000122C3E7296A01B329617DE7036B8B423E
:1015700005D100224FF0FF3380F824200363806AF6
:10158000036842461B6A98470028C2D04FF4007493
:101590008FE705F11002019201F054FA0028B8DB40
:1015A000019A10D0A86829695EE705F1100201F0E0
:1015B000A5F90028ADD0AB782969A868296263F045
:1015C0003F03AB7050E7D5F810B0A868594601F05A
:1015D00095F900289DD0BBF1000F1BD1AB7829698C
:1015E00043F0400363F07F03A868AB703CE7EB690E
:1015F000934206D2AB78EA6163F07F034846AB7052
:101600008CE70A4B1B6873B1AB7863F07F034846E5
:10161000AB7083E72969AB780BF1010B594518BF13
:1016200003F0BF03DEE7484678E700BF005F012014
:101630002DE9F04F074614469846064689460FCFD7
:101640008DB003AD0FC50FCF0FC53B682B600023D6
:101650002268A38143466260CDF80480002B3FD00E
:101660004FF0010AA9EB0A0189B2490103A8FFF76B
:101670000BFD50B3002103A8FFF7FCFB074620B386
:1016800000250DE002F0C8FB8046584602F0FCFC45
:101690008346404602F0F8FC834516D10D2D18D044
:1016A000EAB23946304600F0B7FFA38983460135D8
:1016B0002046002BE6D1D4E901329342E2D1BBFAB5
:1016C0008BF040090DB0BDE8F08F00200DB0BDE8F3
:1016D000F08F019B0AF1010A5FFA8AFA5345C1D2E1
:1016E0000120EFE72DE9F04F92F816E0D77D167E46
:1016F000557E4FEACE1C4CEA5E0C0CEB070ECEF387
:10170000460C4CEACE1C56FA8CFECEF3460C4CEA44
:10171000CE1C55FA8CFE1446CEF3460C927E94F8FD
:101720001E804CEACE1C52FA8CFECEF3460C4CEADC
:10173000CE1C94F81BE005465EFA8CFECEF3460CF8
:101740008A461F460FCD4CEACE1C94F81CE08DB0A3
:101750005EFA8CFECEF3460C03AE0FC64CEACE1CEE
:101760000FCD94F81DE05EFA8CFECEF3460C4CEAE9
:10177000CE1CD5F800E058FA8CF50FC6E17F94F83E
:101780002020C6F800E0C5F3460343EAC51351FA2A
:1017900083F3C3F3460949EAC31952FA89F9236866
:1017A000636000265FFA89F30093A681002F50D072
:1017B00047F04003B04601250193AAEB050189B229
:1017C000490103A8FFF760FC00284ED0002103A8C0
:1017D000FFF750FB002848D0059A019992F8243071
:1017E000AF4243F0010382F8243008BF8C46009BCF
:1017F00080F80C8018BFAC460F2100F1010943733B
:10180000A0F81A8080F800C0C1724FF0000B05E00C
:10181000A9F800000BF1010B09F10209A08918B920
:10182000D4E901318B4218D0204602F0F5FABBF121
:10183000040F5FFA8BF1EBD90A2902D8A9F803004B
:10184000E8E70C29A9F80500E4D10135EDB2AF4273
:10185000B3D201200DB0BDE8F08F26B10136F6B24B
:101860004FF6FF70E3E70126E1E700200DB0BDE889
:10187000F08F00BF2DE9F04703464FF0203153F8B9
:10188000162B8768C0F816105960C3F80710137834
:101890002E2B14BF4FF0010E4FF0000E03D112F8A3
:1018A000013F2E2BFBD0791E914288BF0B4603D8F7
:1018B00007E09A42194604D01946013B0C782E2CB9
:1018C000F7D197424FF0000C40F283806446E24625
:1018D0004FF007084FF0080913782E2B20D0222B49
:1018E00020D07C2B1ED0A3F15B05022D1AD9A3F1C9
:1018F0002A05052D57D9A3F13A05052D61D9A3F184
:1019000021055D2D5DD844452CD8A3F16105192D25
:1019100050D8203B4CEA090CDBB25FFA8CFC06E0A5
:10192000914239D044451DD84FF0000E5F23651C0D
:101930000619ECB2062CB37502F1010298BF0475CA
:10194000BA42C9D3837D202B14D0BEF1000F16D02C
:101950001CEA0A0F18BF4FF0020C80F815C0704641
:10196000BDE8F087B8F10A0F01D091421ED2837D05
:10197000202B04D14FF0000E7046BDE8F087037DA8
:1019800003444FF0010E7E21312280F815E0997555
:10199000DA757046BDE8F0874A1C4FF00A08082443
:1019A0004FF01009CCE72D2BADD0BBE70A464FF026
:1019B000000EC5E7A3F14105192D98BF4AEA090AAF
:1019C000B5E703F0C003802BACD101324FF0000E1D
:1019D000B6E7E246B6E700BF2DE9F8430F7D0E46B5
:1019E000044601F116054FF062084FF07E0914F02D
:1019F000EFF8032F28BF032700F00F023B1D092A31
:101A0000DBB28CBF02F1370102F13001F218FB1C8E
:101A10009175DBB2C0F30312092A33448CBF02F183
:101A2000370102F1300180B29975BA1CC0F303236B
:101A3000092BD2B28CBF03F1370103F130013244DC
:101A40007B1CDBB29175B0F5204F4FEA1031334467
:101A500006EB07022CBF3731303199752046002143
:101A600082F81690FFF710FB01212046FFF702FADB
:101A700003460B222846194693B193F800C0BCF1E7
:101A8000000F13D0DB7A1B07EED41FF031F80028CB
:101A9000EAD108F1FF3818F0FF08A8D1404603E06A
:101AA0006078B0FA80F04009BDE8F8830120BDE815
:101AB000F88300BF2DE9F04F2DED028B0E4609781B
:101AC0008BB011F0D00FCDE9020300F0A1800378B4
:101AD000002B40F09D801369B64992460C33527D2D
:101AE000A1FB03139207C3F387034FF0000118BF54
:101AF0005F1CB268059330460C4614BFFFB2012745
:101B0000069107928B46FFF7BFFA0AF1160308EE1B
:101B1000103AA146A0460494756900213046C5F3E9
:101B20004F15FFF7A7F9002800F0B2800378E52BE6
:101B300074D0002B72D0BC4238BF00242E2B77D03B
:101B4000C27A0F2A77D0130772D4B9F1000F0ED1E1
:101B500018EE101A0B221EF0CBFF0028DCD19AF8E9
:101B6000153013F001034FD001230493D4E7BBF1E8
:101B7000010F4DD102784178447AD30143EA5203F0
:101B80005A18C2F34603817843EAC21351FA83F22A
:101B9000C2F34603C17843EAC21351FA83F2C2F397
:101BA0004603017943EAC21351FA83F2C2F34603B2
:101BB000417943EAC21351FA83F2C2F346038179B1
:101BC00043EAC21351FA83F2C2F34603C17943EAEE
:101BD000C21351FA83F2C2F34603017A43EAC213F5
:101BE00051FA83F2C2F3460343EAC21354FA83F272
:101BF000C2F34603817A43EAC21351FA83F3069A89
:101C0000DBB29A4204D14B46039A110540F1BC80E5
:101C100000200BB0BDEC028BBDE8F08F002C08BF9C
:101C2000A846BC423CBF0134E4B2A3B3E52B85D146
:101C30004FF0000970E7B9F1000F1CD1059A03F0CD
:101C40001F0B5A457FF468AF13F040093FF464AFAF
:101C5000437B06939146BBF1010F7FF45DAF691C96
:101C60004B4689B252463046FFF7E2FC002808BFD7
:101C70004FF0000950E70BF1FF3B5FFA8BFB5B4530
:101C8000D6D1437B069A9342E5D04FF0000943E753
:101C90007378002BBCD1039B1A469205B8D503F08C
:101CA0000303013B012BB3D8002C08BFA846BC425C
:101CB00003D31CE0DCB2A74219D000213046FFF765
:101CC000D9F8631C0028F5D17378002BA0D1BC4251
:101CD0000DD2079D05E02B7904EB0314E4B2A74273
:101CE00005D93046FEF7E2FC0028F4D190E7049BCA
:101CF000002B51D17B1EDBB208EB0305ADB22946A8
:101D0000524630460493FFF7EDFC002880D069016D
:101D10003046FFF7B9F900283FF47AAF002130468A
:101D2000FFF7A8F8044600283FF472AF20220021F4
:101D30001EF014FF5246204952F8160F049B5768B4
:101D4000676020601089927AA27220819AF815202B
:101D50000F6802F0180222732FB30DF123020DF168
:101D6000260109A8B847BDF82400BDF826109DF843
:101D70002320049B2082E1816273079991F824203B
:101D800042F0010281F8242000930298039B2A4626
:101D90003146FFF7D3F93CE751463046FFF71CFECA
:101DA0000028A7D134E7054A226145F62141218365
:101DB000E3E700BF4FECC44E005F0120215C215CD3
:101DC000F0B508460978202983B015461E4603D190
:101DD00010F8011F2029FBD0002428602C61017815
:101DE00089B1284F2F293BD001AA011D02F0EEF83E
:101DF00048B10199B1F5803F08D27F2904F101046F
:101E000022D81F2912D8002003B0F0BD02342C6163
:101E1000A86001780029E5D12B69013BFE2BF2D89F
:101E200030602846FFF726FD03B0F0BDCAB2A2F12C
:101E30002203DBB21D2B0AD902F0BF033C2BE2D0F8
:101E40005C2AE0D02E29E4D02029E2D0DFE727FA6F
:101E500003F3DB07D7D43C2AD5D02E29D9D0F3E71A
:101E60002B69013BFE2BCED80346184613F8012BF5
:101E7000202AFAD02F2AF8D030602846FFF7FAFC43
:101E8000D2E700BF01210031F0B582788BB000238A
:101E90009207ADF804308DF806305ED5016A04462D
:101EA00021B1806800F042FE002856D00121204672
:101EB000FEF74CFC002850D0057843788678C2782D
:101EC000E90141EA55011944C1F3460343EAC1114E
:101ED00056FA81F3C3F3460141EAC31152FA81F184
:101EE000067943798579C1F3460242EAC11156FA6F
:101EF00081F2C2F3460141EAC21153FA81F1C1F302
:101F0000460343EAC11355FA83F1C279067A457A4A
:101F1000C1F3460343EAC11352FA83F3C3F3460203
:101F200042EAC31356FA83F2C2F3460343EAC213EA
:101F3000E527077055FA83F3817AA668C3F346054F
:101F4000002245EAC31551FA85F506F124002270F6
:101F5000A270EDB201F034FF10B900200BB0F0BD5B
:101F600006F50D7001F02CFF0028F6D030680368EC
:101F7000DB6998470028F0D0E378002BEED001A869
:101F80002146FEF743FE0028E7D0E378002BE4D09B
:101F9000012620E0FEF76EFF731CF1B25FFA83FCAE
:101FA0009EB20028D9D0C37A0F2BD6D1027802F086
:101FB0001F038B42D1D1437BAB42CED10770A168C6
:101FC00091F8243043F0010381F8243053060FD4F4
:101FD000E3786345C1D3A188891B89B2490101A86F
:101FE000FFF752F80346002101A8002BD2D1B4E735
:101FF000A46804F1240001F0E3FE0028ADD004F54C
:102000000D7001F0DDFE0028A7D020680368DB69B1
:102010009847A3E770B504464FF400720021406A68
:102020001EF09CFD656A2269216805F2BF1001F06F
:1020300019FFA369226921681A4405F2C310013A05
:1020400001F010FF94F82A3085F8C231E069236965
:10205000C5F8C631A2690368C5F8CA214AF65522F7
:10206000A5F8FE211B6A626A0021BDE8704018478E
:102070002DE9F041D0F814C090F82B70456AACF50A
:102080008072B2FBF7F202F201114FF48073090A79
:1020900004464360480000F1A1069E42A1600ED9AB
:1020A0008033ACEB0302B2FBF7F202F20111090A32
:1020B000480000F1A106B342F2D3C4E901319B1BF1
:1020C000A2F6F57103F18006B1F5704F266180F03C
:1020D0009180213002FB0700B0F5803F34BF04211E
:1020E000062181330122A061E36084F82A10228551
:1020F0002046FFF78FFF10B90020BDE8F081636A2A
:102100004FF400761846324600211EF027FD0346A4
:102110004FF02032EB27762090211F70C3F8032068
:10212000C3F8072058709970A3F80B6094F82B102F
:1021300059730227F821208D1F7459752169D961BF
:10214000A16919624AF65521D881A3F8FE114348C6
:10215000A168C5F82F2036234FF0800C2927C5F839
:102160002B20C5F8322085F824C085F82670C5F8E4
:10217000360085F83A30E069394A0368C5F8272007
:102180001B6A626AA5F81160E982216998470028F4
:10219000B2D06768E368606A32460021FF1A1EF019
:1021A000DDFC206A002855D003682E495B680C22AC
:1021B0009847012F2AD9DFF8B8807E0901250FE062
:1021C000B5FBF6F306FB135301353BB9236A012235
:1021D0004146184613B11B685B689847AF4215D952
:1021E000E069E1680368626A1B6A2944984700282D
:1021F000E6D181E7206A00283FF47EAF03681A49E0
:102200005B68132298470020BDE8F081206A20B166
:10221000036816495B6802229847636AF8221A70BD
:10222000626AFF235370626A9370626AD370E069D6
:10223000626A0368E1681B6A984700283FF45CAF54
:10224000E069E568A1680368626A1B6A2944BDE821
:10225000F0411847012FAED8DFE700BF46415431A7
:1022600087D612004C7F07005C7F0700AC93070005
:10227000D86407002DE9F041D0F814C00546ACF54C
:10228000804190F82B00B1FBF0F101F18103DB09F3
:1022900042F209074FF4804207EB43044FF4005E1B
:1022A0009442C5E901236E6AC5F810E040F2FF8050
:1022B00002F50052ACEB0201B1FBF0F101F1810338
:1022C000DB0907EB4304A2424FEA430EF0D3C5E912
:1022D00001234FF6F473994240F2DD80A2F50053DA
:1022E000A3EB0E0E8F4B01FB00221FFA8EFE9A42CB
:1022F00094BF0B230C230EF50051A2F50052A5F854
:1023000028E0E960AA6185F82A302846FFF782FEB6
:1023100010B90020BDE8F0816B6A4FF400741846D4
:10232000224600211EF01AFC03464FF02032EB2714
:10233000762090215870C3F80320C3F807201F703F
:102340009970A3F80B4095F82B105973F8200221CF
:102350002F8D197458752869D861A86918624AF6D2
:102360005520DF81A3F8FE01D5F808C0C6F84B2040
:10237000C6F84720C6F84E2080276B4A86F8407082
:1023800029203223C6F8522086F8420086F85630BB
:10239000E869664A0368664F1B6AF162C6F824C0A2
:1023A0003763C6F843206A6A296998470028B0D085
:1023B000E869296903686A6A1B6A06319847002838
:1023C000A7D022460021686A1EF0C8FB594BE86975
:1023D000C6F8FC31296903686A6A1B6A02319847AA
:1023E000002896D0E869296903686A6A1B6A08317F
:1023F000984700288DD0504B504AE86933604FF021
:10240000FF33C6E97923C6F8EC31296903686A6AA3
:102410001B6A0131984700283FF47BAFE8692969BE
:1024200003686A6A1B6A0731984700283FF471AF56
:10243000AB6895F82B70686A2246002107EB4307CA
:102440001EF08CFB286A002868D003683C495B6852
:102450000C229847012F2DD9DFF8F0807E09012446
:102460000FE0B4FBF6F306FB134301343BB92B6AD0
:1024700001224146184613B11B685B689847A74282
:1024800018D9E869E96803686A6A1B6A21449847B1
:102490000028E6D13DE7286A00283FF43AAF0368F8
:1024A00028495B68132298470020BDE8F0814FEA75
:1024B000430E0EE7286A20B1036823495B680222B5
:1024C00098476B6AF8221A706A6AFF2353706A6A27
:1024D00093706A6AD3706A6A13716A6A53716A6A1E
:1024E00093716A6AD3716A6A13726A6A53726A6A0A
:1024F00093726A6AD372E8696A6A0368E9681B6A58
:10250000984700283FF405AFE869EC68A9680368BC
:102510006A6A1B6A2144BDE8F0411847012F9BD825
:10252000CFE700BF0004FB004641543387D61200BA
:1025300001000600000055AA5252614172724161C9
:102540004C7F07005C7F0700AC930700D86407004E
:1025500038B504460868E161C4E908328369084671
:10256000984700F2FF73DB0A062B606123601DD9D8
:10257000102B13D8022384F82B30B0F5800F20469F
:1025800027D2FFF775FD0546206ACDB120B103685B
:102590001E495B680D229847284638BD202B1CD960
:1025A000402B1ED8082384F82B30E6E7206A20B1A0
:1025B000036817495B68142298470025284638BDF0
:1025C0000028FAD0036813495B680F229847284611
:1025D00038BDFFF74FFE0546D6E7042384F82B30BD
:1025E000CBE7802B06D9B3F5806F07D8202384F87A
:1025F0002B30C2E7102384F82B30BEE7B3F5004F31
:1026000094BF4023802384F82B30B6E7887F0700EF
:10261000707F0700987F0700042A04D801EB42016D
:10262000B1F8010070470A2A03D801EB42018888FB
:1026300070470C2A9ABF01EB4201C88800207047FE
:102640002DE9F04104780F4684B114F0C00490469F
:1026500008D0012A0AD92F2200230A704B700120CA
:10266000BDE8F0812146FEF771F818B900203870F6
:10267000BDE8F081034625464FF0080C0EE0027BD2
:102680001CEA020F01D02036F6B2611C41452246F9
:10269000ECD201350C2DBE54CCB20CD0082D0FD08D
:1026A00013F8016BA6F14102192AE8D9202EECD1CA
:1026B00001350C2DF2D100233B552046BDE8F081B9
:1026C0001A78202AF7D04FF0100C2E26DDE700BF35
:1026D0002DE9F04F8DB0037800258846ADF80C50F9
:1026E0008DF80E50002B5BD0C3780446002B5DD0D4
:1026F00003A821461746FEF789FA002850D0E07853
:10270000002849D0013FDFF8E4A047442A46C346E9
:102710004FF00109A1880192A1EB090189B2490199
:1027200003A8FEF7B1FC00283AD0002103A8FEF769
:10273000A1FBA8B3C37A0F2B32D101785FFA89F3DA
:1027400001F01F0199422BD1019A461C0025042D4E
:10275000EBB23ED8338872BB03F5205292B2B2F589
:10276000006F3DD3ABB1184659463A4601F0DAFB4B
:102770008346A8B1002201350D2D06F10206E6D1EF
:1027800009F10109E1785FFA89F399421FFA89F9A1
:10279000C0D2ABEB0800D846002388F8003002E036
:1027A000002088F800000DB0BDE8F08FFFF748FF6B
:1027B0000DB0BDE8F08F03F5105189B2B1F5806F0F
:1027C000EED20AEA8220C3F30903034303F5803003
:1027D000CAE70A2B94BFB6F80330B6F80530BAE75B
:1027E000B2F5806FDCD21A46C5E700BF00FC0F00CF
:1027F0002DE9F843C379202B06460C46174659D0DD
:10280000102B3ED00C2B52D1C1F34E0515FA81F599
:10281000037A8169C5F34628022B884400F50D79B7
:1028200014BF0122032241464846ADB201F088FAA6
:1028300000283CD014F00104C5F3080550D0435DD6
:102840006A1C03F00F0343EA0713B2F5007F4355F8
:102850004ED1337A022B14BF0122032208F1010169
:10286000484601F06DFA10B33A09002C44D10378C0
:10287000C2F3031223F00F03134303700120BDE8DA
:10288000F883027A8369022AC1F30721194414BF2D
:102890000122032200F50D7001F052FA034630B117
:1028A000640004F4FF7401201F53BDE8F883002086
:1028B000BDE8F883037A8169022B14BF0122032249
:1028C00001EBD41100F50D7001F03AFA034600282F
:1028D000EDD0A40004F4FE7401201F51BDE8F8837C
:1028E0006B1CB3F5007F4755B3D03A091844BEE7D7
:1028F000C7F307131044C0E7D3B2BEE72DE9F84F82
:10290000C468C3698C4205460E4617462EBF4FF079
:1029100001080C464FF0000800F50D7901349C4287
:102920000DD9B8F1000F03D1EC680134A34204D2F1
:102930004FF000084046BDE8F88F4FF00108A6426E
:10294000F6D0012CF4D9EB79202B2AD0102B5BD0B8
:102950000C2BEDD1C4F34E0AA9692A7A1AFA84FA2B
:10296000CAF3462B022A8B4418BF00225946484618
:102970001FFA8AFA01F0E4F90028D9D0CAF3080A4C
:102980000AF10103B3F5007F10F80AA04ED01844F5
:102990000278E3074AEA02224CBF1211C2F30B028B
:1029A0000FE02A7AA969022A18BF002201EBD4118C
:1029B000484601F0C5F90028BAD0A30003F4FE731D
:1029C000C258EB699A42A9D8002AA7D1B8F1000FE2
:1029D00000D0EC609C42ABD86FF070422146284694
:1029E000FFF706FF80460028A2D05EB1012E9FD9D6
:1029F000EB699E429CD8314628462246FFF7F8FEF6
:102A0000002895D03C6095E72A7AAB69022AC4F386
:102A1000072118BF00221944484601F091F9002807
:102A200086D0630003F4FF73C25ACAE72A7A022AE7
:102A300018BF00220BF10101484601F081F900287E
:102A4000A6D175E7012949D92DE9F843C3698B421D
:102A50000C4605463ED3C379202B164641D0102B99
:102A600051D00C2B36D1C1F34E03027A13FA81F305
:102A70008169C3F34629022A894400F50D7818BFFD
:102A80000022494640469FB201F05AF910B3C7F3FD
:102A900008035A1CB2F5007FC75C10D010440378BD
:102AA000E20747EA03234CBF1B11C3F30B03EA6998
:102AB0009A4226BF336001200020BDE8F8832A7ABD
:102AC000022A18BF002209F10101404601F038F93D
:102AD0000028E4D14FF0FF30BDE8F8834FF0FF301D
:102AE0007047027A8169022A18BF002201EBD411D3
:102AF00000F50D7001F024F90028EBD0A40004F4D7
:102B0000FE740359D3E7027A8369022AC1F30721CD
:102B100018BF0022194400F50D7001F011F90028CA
:102B2000D8D0640004F4FF74035BC0E72DE9F843D8
:102B300005460C4600F50D77012C39D9EB699C420E
:102B400036D8EB79202B36D0102B60D00C2B2FD120
:102B5000C4F34E03A9692A7A13FA84F3C3F346290E
:102B6000022A894418BF0022494638461FFA83F8D2
:102B700001F0E6F8E0B1C8F308035A1CB2F5007F93
:102B800010F8038009D010440378E20748EA0323D1
:102B90004CBF1B11C3F30B031DE02A7A022A18BF96
:102BA000002209F10101384601F0CAF80028EBD1F2
:102BB0000020BDE8F8832A7AA969022A18BF0022FA
:102BC00001EBD411384601F0BBF80028F0D0A30087
:102BD00003F4FE73C358EA699A422ABF1E464FF0B7
:102BE00000084FF001089442E2D80022214628460E
:102BF000FFF7FEFD0028DBD0EB68A34284BF04F1A1
:102C0000FF34EC60B8F1000FD3D0344694E72A7A51
:102C1000AB69022AC4F3072118BF002219443846C1
:102C200001F08EF80028C3D0630003F4FF73C35A89
:102C3000D1E700BFF8B50446012600204FF0FF356C
:102C4000E6602160A162C4F83812E07184F82400C3
:102C500084F8340204F124062563C4F84052DAB142
:102C6000042A154601D90020F8BD02460146304627
:102C700001F066F80028F6D005F18055013D00F519
:102C8000DF7000EB05132D011A79002AEBD0425DAD
:102C90005206E8D19F6800E01F46304600223946C0
:102CA00001F04EF80028DED0017C4B1E012BDAD853
:102CB000B0F80B30B3F5007FD5D12172427B227181
:102CC000551E0023012A6571A37148D0022A48D0FD
:102CD000042A48D0082A48D0102A48D0202A48D0B0
:102CE000402A48D0802A03D0082312B1A371BAE742
:102CF0000723A3711D46C68A26610EB9466A26615E
:102D0000B0F81120B0F80EC06281BC44530106FB3C
:102D100001C1B0F81320C4F818C003F2FF1301EB8F
:102D200053232162636102B9026AFB1A1344EB4028
:102D300040F6F472591C9342E16106D80C23E3710A
:102D4000E662C4F83C620120F8BD4FF6F47293428B
:102D500085BFC36A236210232023E371F0E71D4679
:102D6000C9E70123C5E70223C3E70323C1E704231F
:102D7000BFE70523BDE70623BBE700BF03681B6968
:102D8000184700BF10B404686469A4465DF8044B9A
:102D9000604700BF03681B6A184700BF10B404688F
:102DA000646AA4465DF8044B604700BF704700BFEB
:102DB00010B5044615F05EFA204610BD10B5044665
:102DC000ADF5007D4FF4007268461DF09FFE20684F
:102DD0004FF400726946ECF7EFFF0DF5007D10BD72
:102DE000037C4BB1C37C10B5044633B96068ECF783
:102DF00055FF0023237410BD7047407C012100F073
:102E00009DFFFF216068EDF70BF86068ECF7B0FFFD
:102E10000023E3746068ECF741FF0023237410BDC6
:102E200070B504460E4612F0D3FE00F5967085B2DA
:102E300004E012F0CDFE281A03041BD46068FF21C1
:102E4000ECF7EEFFFF286075F3D0FE2815D01923AC
:102E5000A374E07C00B970BD607C012100F06EFFBE
:102E6000FF216068ECF7DCFF6068ECF781FF002071
:102E7000E07470BD1E23A374EBE74FF40072FF21D2
:102E800030461DF06BFE4FF4007260683146ECF77F
:102E900093FF002363756068FF21ECF7C1FF606852
:102EA000FF21ECF7BDFF012070BD00BFF8B5037D29
:102EB000012B34D0C67C04464EB14068FF21ECF7AC
:102EC000AFFFB0F1FF0518BF01252846F8BDD0E9D6
:102ED000021201274068ECF7E9FE607CE774314696
:102EE00000F02CFFFF216068ECF79AFF6068FF217B
:102EF000ECF796FFE37CB0F1FF0518BF0125002B2E
:102F0000E3D0607C394600F019FFFF216068ECF7E0
:102F100087FF6068ECF72CFFE6742846F8BD0025B3
:102F20002846F8BDF8B504460E46174612F050FE86
:102F300000F5967085B204E012F04AFE281A0304E8
:102F40001BD46068FF21ECF76BFFFF286075F3D09E
:102F5000FE2815D01923A374E07C00B9F8BD607C6D
:102F6000012100F0EBFEFF216068ECF759FF60687B
:102F7000ECF7FEFE0020E074F8BD1E23A374EBE71F
:102F80003A46FF2130461DF0E9FD3A466068314679
:102F9000ECF712FF002363756068FF21ECF740FF38
:102FA0006068FF21ECF73CFF0120F8BDF8B5002771
:102FB00007753A460C21044600F028F8E67C90B9E3
:102FC00016B901263046F8BD05460121607C00F0A7
:102FD000B5FEFF216068ECF723FF6068ECF7C8FEE0
:102FE000E5743046F8BD0923A374002EEAD0607C56
:102FF000012100F0A3FEFF216068ECF711FF3E46BF
:103000006068ECF7B5FEE7743046F8BDF0B50368CC
:10301000524DDB6983B0AB42044601920E4674D137
:10302000037D022B41D0012B74D0E37C002B55D0C3
:103030000EB10C2E27D1606846F04001ECF7F0FE8F
:1030400001AF02AD15F8011D6068ECF7E9FEBD4265
:10305000F8D1002E0CBF952187216068ECF7E0FEC7
:103060006068FF21ECF7DCFE0A256068FF21ECF7C1
:10307000D7FE013D10F0800F6075ADB201D0002D7C
:10308000F3D103B0F0BD12F0A3FD00F5967085B248
:1030900004E012F09DFD281A030433D46068FF2178
:1030A000ECF7BEFEFF28F4D1C5E712F091FD00F564
:1030B000167087B204E012F08BFD381A02041DD49A
:1030C0006068FF21ECF7ACFEFF280546F3D160688D
:1030D000FD21ECF7A5FEE37C83BB2375D4E9021246
:1030E0006068ECF7E3FD0123607CE374002100F0ED
:1030F00025FE6068FF21ECF793FE99E7E37C1F2231
:10310000A27463B9FF2003B0F0BD984700288CD1AA
:10311000FF20F8E7FFF74AFF0028F9D085E7607C39
:10312000012100F00BFEFF216068ECF779FE60687A
:10313000ECF71EFE0023E374FF20A2E7607C012170
:1031400000F0FCFD29466068ECF76AFE6068ECF769
:103150000FFE0023E3742375C0E700BF393A050072
:10316000F0B585B004AC04E90E00054600249DF8D6
:10317000040068742C746C82AC7500F0DBFD687C14
:10318000012100F0DBFD0398684A694B2C73A042D3
:1031900008BF10460126AB606E736860ECF73AFD1D
:1031A000EF7C2E742C7577B3687C012100F0C6FD8E
:1031B0000A246868FF21ECF733FE631E13F0FF0456
:1031C000F7D1687C214600F0B9FD0A26002211469D
:1031D0002846FFF71BFF0128044623D0731E13F077
:1031E000FF0609D0FF246868FF21ECF719FE631E73
:1031F00013F0FF04F7D1E9E70123AB74E87C002862
:103200003FD105B0F0BDD5E902126868ECF74EFD7C
:10321000687CEE74394600F091FD6868FF21ECF798
:10322000FFFDC1E74FF4D57208212846FFF7EEFEF7
:10323000420735D5AC75002612F0CAFC00F5FA60DD
:1032400084B204E012F0C4FC201A030439D4002232
:1032500037212846FFF7DAFE324629212846FFF7B4
:10326000D5FE0028EED1AB7D022B34D0EB7C002BB9
:103270003AD1029BAB60012000232B73687305B029
:10328000F0BD687C012100F059FDFF216868ECF772
:10329000C7FD6868ECF76CFD0020E87405B0F0BD70
:1032A0000223AB7504246868FF21ECF7B9FD013CEB
:1032B00014F0FF046875F6D1AA2805D00623AB7474
:1032C0009CE71723AB7499E7AB7D022B0CBF4FF043
:1032D00080460026B0E702463A212846FFF796FED0
:1032E00080B11223AB7489E7687C012100F026FDD0
:1032F000FF216868ECF794FD6868ECF739FD00235E
:10330000EB74B6E76868FF21ECF78AFD00F0C000B7
:10331000C02804BF0323AB7503246868FF21013C68
:10332000ECF77EFD14F0FF04F7D19FE74C5A012023
:10333000801A0600F8B5837D032B18BF4902164694
:103340000A4618210446FFF761FE0546A8B10D2381
:10335000A374E37C13B900263046F8BD607C0121DC
:1033600000F0ECFCFF216068ECF75AFD0026606875
:10337000ECF7FEFCE6743046F8BD2746FE2157F810
:10338000040FECF74DFD31463846FFF717FDFF21DE
:103390006068ECF745FDFF216068ECF741FD60686F
:1033A000FF21ECF73DFD00F01F03052B607521D1D7
:1033B00012F00EFC00F5167086B204E012F008FC64
:1033C000301A03042BD46068FF21ECF729FDFF2895
:1033D0000546F3D100220D212046FFF717FED8B98C
:1033E00060682946ECF71CFD0746A8B9E67CCEB913
:1033F0000126B1E7E37C2122A274002BABD0607CD4
:10340000012100F09BFCFF216068ECF709FD60687A
:10341000ECF7AEFCE5749EE70A23A37499E7242336
:10342000A37496E7607C012100F088FC294660685F
:10343000ECF7F6FC6068ECF79BFCE7748CE700BFE8
:103440002DE9F0470446007D02280E469046994635
:1034500002D1A3698B420ED0A37D032B14BF72024D
:10346000324619212046FFF7D1FD002840F0888020
:103470000223A6612375B9F1000F3CD0002704F1A7
:10348000040A12F0A5FB00F5167085B204E012F0F4
:103490009FFB281A020450D46068FF21ECF7C0FC9F
:1034A000FF280646F3D1FC216068ECF7B9FC4146E1
:1034B0005046FFF783FC31466068ECF7B1FC3146BB
:1034C0006068ECF7ADFC60683146ECF7A9FC00F0F1
:1034D0001F03052B607508D0E37C2122A274002B0A
:1034E00040D100252846BDE8F0870137B94508F5E9
:1034F0000078C6D1A669257F4E44A661002DF1D182
:1035000012F066FB00F5167087B204E012F060FB63
:10351000381A03043AD46068FF21ECF781FCFF28D5
:103520000646F3D16068FD21ECF77AFCE37C002BC2
:103530003FD1002323750125D4E7E37C2522A27423
:10354000002BCED0607C012100F0F8FBFF216068E9
:10355000ECF766FC00256068ECF70AFCE574284689
:10356000BDE8F087607C012100F0E8FB314660682F
:10357000ECF756FC6068ECF7FBFB0023E374B0E764
:10358000E37C0E22A274002BABD0DBE7E37C1F228E
:10359000A274002BA5D0607C012100F0CFFBFF219D
:1035A0006068ECF73DFC6068ECF7E2FB0023E37435
:1035B00098E7607C012100F0C1FB31466068ECF7C0
:1035C0002FFC6068ECF7D4FB0023E374B1E700BF85
:1035D0002DE9F041077F002F00F08E800668654BD3
:1035E000766A9E42044640F09F80037D022B0D4682
:1035F000904602D1836999420ED0A37D032B14BF5C
:103600006A022A4619212046FFF700FD002840F0F3
:1036100085800223A561237512F0DAFA00F5167091
:1036200086B204E012F0D4FA301A02042AD4606898
:10363000FF21ECF7F5FBFF280546F3D12646FC21D8
:1036400056F8040FECF7ECFB41463046FFF7B6FBAB
:1036500029466068ECF7E4FB29466068ECF7E0FB7C
:1036600060682946ECF7DCFB00F01F03052B607552
:103670001DD0E37C2122A274002B41D100252846D5
:10368000BDE8F081E37C2522A274002BF6D0607C9B
:10369000012100F053FBFF216068ECF7C1FB00251E
:1036A0006068ECF765FBE5742846BDE8F081A36926
:1036B000257F0133A361002DE1D112F089FA00F5D5
:1036C00016701FFA80F805E012F082FAA8EB0000ED
:1036D00003042ED46068FF21ECF7A2FBFF28064606
:1036E000F2D16068FD21ECF79BFBE37C002B33D12A
:1036F00000233D462375C2E7BDE8F041FFF71ABE3F
:10370000607C012100F01AFB29466068ECF788FB19
:103710006068ECF72DFB0023E374AFE7E37C0E2237
:10372000A274002BAAD0B2E7B4460123BDE8F04151
:103730006047E37C1F22A274002B9FD0607C012194
:1037400000F0FCFAFF216068ECF76AFB6068ECF7B8
:103750000FFB0023E37492E7607C012100F0EEFA96
:1037600031466068ECF75CFB6068ECF701FB002316
:10377000E374BDE74134050030B5002285B009216E
:103780000446FFF743FCA8B11C23A374E37C13B9E0
:10379000002005B030BD607C012100F0CFFAFF2190
:1037A0006068ECF73DFB6068ECF7E2FA0020E0743B
:1037B00005B030BD0546102269462046FFF7B2FB32
:1037C0000028E3D0E37C9BBB9DF800309B110FD019
:1037D000012BDDD19DF80730BDF808001B0440BA6D
:1037E00003F47C1380B218430130800205B030BD71
:1037F0009DF806009DF809309DF808509DF80A4094
:103800009DF805209DF8071080025B0000F44060E1
:1038100003F0060340EA951043EAD41302F00F02C6
:1038200040EA81001344073B0130984005B030BDA9
:10383000607C012100F082FAFF216068ECF7F0FA69
:103840006068ECF795FAE574BEE700BF03683F4A8D
:10385000DB6993420BD12DE9F041057D022D044631
:1038600006D0012D21D001263046BDE8F081184751
:1038700012F0AEF900F5167086B204E012F0A8F965
:10388000301A03042BD46068FF21ECF7C9FAFF2833
:103890000546F3D16068FD21ECF7C2FAE37C002B0A
:1038A00045D1002323750126DEE74FF0000880F89C
:1038B000148042460C21FFF7A9FB0746A8B9E67C15
:1038C000002ED0D0607C294600F038FAFF216068D5
:1038D000ECF7A6FA6068ECF74BFAE774C4E7E37C10
:1038E0001F22A274ABB90026BEE7E37C0922A274B2
:1038F000002BF8D0607C294600F020FAFF21606898
:10390000ECF78EFA6068ECF733FA464684F81380D9
:10391000AAE7607C012100F011FAFF216068ECF752
:103920007FFA00266068ECF723FAE6749CE7607C77
:10393000012100F003FA29466068ECF771FA60682B
:10394000ECF716FA0023E374ABE700BF393A050041
:103950002DE9F0410568374B6E699E4239D1037DF0
:10396000012B04460D46174602D1836999420CD0BB
:10397000A37D032B14BF6A022A4612212046FFF7BB
:1039800045FB80B90123A561237539462046FFF721
:1039900047FA054658B1A369267F0133A361EEB10A
:1039A0002846BDE8F081E37C0C22A2741BB90025F7
:1039B0002846BDE8F081607C012100F0BFF9FF21BD
:1039C0006068ECF72DFA00256068ECF7D1F9E57432
:1039D000E6E7B4460123BDE8F0416047267532466C
:1039E0000C212046FFF712FB074680B9E67C002E2B
:1039F000D6D0607C012100F0A1F9FF216068ECF7CE
:103A00000FFA6068ECF7B4F93546E774C8E7E37C71
:103A10000922A274002BCAD0607C012100F08EF92B
:103A2000FF216068ECF7FCF96068ECF7A1F9354616
:103A3000E674B5E7313B05002DE9F041057D022D27
:103A4000044605D0012D20D001263046BDE8F08186
:103A500012F0BEF800F5167086B204E012F0B8F865
:103A6000301A03042BD46068FF21ECF7D9F9FF2842
:103A70000546F3D16068FD21ECF7D2F9E37C002B19
:103A800047D1002323750126DFE74FF0000880F8B7
:103A9000148042460C21FFF7B9FA0746B8B9E67C14
:103AA000002ED1D0607C294600F048F9FF216068E3
:103AB000ECF7B6F96068ECF75BF9E774C5E7E37C0F
:103AC0001F22A274BBB900263046BDE8F081E37C1A
:103AD0000922A274002BF6D0607C294600F02EF952
:103AE000FF216068ECF79CF96068ECF741F9464605
:103AF00084F81380A9E7607C012100F01FF9FF2101
:103B00006068ECF78DF900266068ECF731F9E6742F
:103B10009BE7607C012100F011F929466068ECF711
:103B20007FF96068ECF724F90023E374A9E700BF8C
:103B3000F8B50646007D01280D4614461F4602D101
:103B4000B3698B420CD0B37D032B14BF6A022A46A3
:103B500012213046FFF75AFAD8B90123B5613375FF
:103B600087B1002501E0AF420BD021463046FFF778
:103B700057F9013504F500740028F4D100242046DB
:103B8000F8BDB569347F3D44B561ACB10124204630
:103B9000F8BDF37C0C22B274002BEFD0707C0121B5
:103BA00000F0CCF8FF217068ECF73AF90024706857
:103BB000ECF7DEF8F474E2E7347522460C21304667
:103BC000FFF724FA054678B9F47C002CDED0707C2F
:103BD000012100F0B3F8FF217068ECF721F970685B
:103BE000ECF7C6F8F574CAE7F37C0922B274002B2F
:103BF000C4D0707C012100F0A1F8FF217068ECF7BF
:103C00000FF97068ECF7B4F8F474B8E710B584B045
:103C100001AC84E80E0094E80E000446FFF7A0FA19
:103C200020B19DF8053003F00103237704B010BDE7
:103C300003683F4ADB6993422DE9F04104460E4692
:103C400008D1077D022F0BD0012F25D02677012028
:103C5000BDE8F08198470028F8D10020BDE8F08148
:103C600011F0B6FF00F5167087B204E011F0B0FF56
:103C7000381A030429D46068FF21ECF7D1F8FF2833
:103C80000546F3D16068FD21ECF7CAF8E37C002B10
:103C900040D100232375D9E7002505752A460C215C
:103CA000FFF7B4F9E37C804610BB002BCED0607CDC
:103CB000394600F043F8FF216068ECF7B1F860681E
:103CC000ECF756F884F81380C0E7E37C1F22A27457
:103CD000002BC2D0607C012100F030F8FF21606829
:103CE000ECF79EF86068ECF743F80020E074AFE76B
:103CF0000922A274002BB0D0607C394600F01EF877
:103D0000FF216068ECF78CF86068ECF731F8E57437
:103D100028469DE7607C012100F010F82946606884
:103D2000ECF77EF86068ECF723F80023E374B0E763
:103D3000393A0500012115F029BA00BF15F0AABAD9
:103D4000F8B504464068002832D00F46E168B94211
:103D5000154630D02278D60712D404F110066B072E
:103D600006D46068036832461B6939469847F8B143
:103D7000E760002205F00305154325703046F8BDC5
:103D8000026804F11006136A3246984780B123781E
:103D90009A0709D56068E1680268136AA26811444D
:103DA0003246984720B1237823F001032370D6E7E9
:103DB00000263046F8BD264616F8102BDAE700BF7D
:103DC00070B50378DC0782B01DD504464068E16811
:103DD000036804F1100201921B6A9847019A054694
:103DE000A8B12378990708D56068E1680668A368D8
:103DF000366A1944B04750B1237823F001032846AE
:103E0000237002B070BD0125284602B070BD0025A8
:103E1000284602B070BD00BF10B50446808982B04C
:103E200018B10023A38102B010BDD4E901318B4247
:103E3000F9D2184601AA00F0C9F880B1019B606070
:103E4000B3F5803F01D298B2EDE7980AC3F30902B7
:103E5000A2F51053A0F52150A38180B2E3E74FF6FD
:103E6000FF70E0E7B1F5807FF0B51CD810293FD88E
:103E700040232026B2FBF3F1B1F5806F31D2B2FBC3
:103E8000F6F48D0806FB1424013425F03F052C437D
:103E900003FB1123E2B2C9B2B3FBF6F3DBB203704A
:103EA00042708170F0BD43F6C16C4FF4FC734FF467
:103EB0007C744FF4FC654FF47C674FF4FC5E3F2646
:103EC0008029D7D9B1F5FC7F17D9B1F57C7F16D9F8
:103ED000B1F5FC6F15D9B1F57C6F94BF734663469D
:103EE000C8E7FF210A46FE23037042708170F0BDCF
:103EF000202908D880232026BCE72346BAE72B4692
:103F0000B8E73B46B6E74FF4FF5C4FF480734FF4DD
:103F100000744FF480654FF400674FF4805E2026F4
:103F2000CEE700BF7F28A2EB010205D812B10A46F6
:103F300002F8010B10467047B0F5006F10B410D2B4
:103F4000012A40D900F03F0384090A4664F03F008B
:103F500063F07F0302F8020B4B7010465DF8044BD0
:103F60007047B0F5803F14D2022A2CD9020BC0F35F
:103F7000851362F01F0200F03F0060F07F0063F0E5
:103F80007F030A70CA1C88705DF8044B4B701046A2
:103F90007047032A17D9C0F30532840CC0F3851388
:103FA00062F07F0200F03F0064F00F0460F07F00D9
:103FB00063F07F034A700A1D0C70C8705DF8044BF3
:103FC0008B70104670470022C7E700BF884270B46C
:103FD0003FD290F900400378002C3EDA03F0E00471
:103FE000C02C3FD003F0F004E02C3FD003F0F804E5
:103FF000F02C2ED103F00703042544198C4228D855
:10400000417801F0C006802E23D101F03F01022D3E
:1040100041EA83132ED0817801F0C006802E18D19A
:1040200001F03F01032D41EA831308D0C17801F06C
:10403000C00080280DD101F03F0141EA83131149EE
:10404000A3F18000884204D8A3F55841B1F5006F70
:1040500015D20024204670BC70471360441C2046D3
:1040600070BC704703F01F030225C6E703F00F037F
:104070000325C2E70349A3F180008842E9D8136011
:10408000EDE700BF7FFF10007E283DD930B400234C
:10409000254D352405E035F8221081428CBF1446A9
:1040A0001346E11A012903EB5102F4D89BB235F80B
:1040B0002320904218D21D4D4B24002305E035F8F3
:1040C000221081428CBF14461346E11A012903EBEA
:1040D0005102F4D89BB235F82320824204BF05EB8D
:1040E0008303588830BC704705EB8303821AD97864
:1040F0008A42E0DA93F90230012B0DD08BB19BB2EA
:10410000184480B230BC7047A0F16103192B02D86B
:10411000203880B27047704702F00102801A80B2E6
:10412000E0E74EF2A033EBE718810700EC7F0700D1
:104130000146014800F05ABA245F012038B500F06A
:1041400097F940B1002405462046013400F044FEB2
:10415000E0B28542F9D838BD70B592B01D460C4624
:10416000164601A8422200211CF0F8FC412D5CD922
:10417000631C0222DBB28DF806408DF80E408DF8EC
:10418000264040F6083540F202248DF81E308DF8A6
:1041900027308DF83130ADF804508DF807208DF8B8
:1041A00012208DF833208DF83B20ADF80840204ACE
:1041B000069240F2012505232424ADF810508DF815
:1041C00015308DF8164004231A4C8DF81F30012548
:1041D00040F224628DF81C508DF830300894ADF810
:1041E0002420154D0A9508234FF411640A228DF8F6
:1041F0002C30ADF82E4040238DF834200F4C8DF834
:104200003C3001A9304640F2075540F209464222AF
:10421000ADF80C60ADF838508DF84330CDF83F4024
:104220001CF074FC422012B070BD002012B070BDB2
:1042300020010524240202050705800307058002EA
:10424000007EFF280AD010B500F074FD044608B1C6
:10425000204610BD14F0C8FC204610BD0020704759
:10426000007EFF280ED000B583B00DF1070100F0ED
:10427000A9FD20B19DF8070003B05DF804FB4FF0E5
:10428000FF30F9E74FF0FF30704700BF007EFF2896
:104290000FD000B583B001220DF1070100F056FDEB
:1042A00020B19DF8070003B05DF804FB4FF0FF302C
:1042B000F9E74FF0FF307047007EFF2801D000F093
:1042C0008BBD7047007EFF2801D000F0E5BD0020C7
:1042D000704700BFF8B50646007EFF281CD0174681
:1042E0005AB10D46144600F0FFFC2946224680B123
:1042F000307E00F0B5FD241A01D13846F8BD0544E2
:1043000014F072FC307E00F0EFFC294622460028B3
:10431000EED13F1B3846F1E70020F8BD70B50368C9
:10432000184A5B6882B093428DF8071021D1054688
:10433000007EFF2823D000F0D7FC0DF107060124F2
:104340003146224688B1287E00F08AFD241A02D127
:10435000012002B070BD064414F046FC287E00F037
:10436000C3FC314622460028EDD1C4F1010002B061
:1043700070BD01220DF10701984702B070BD002009
:1043800002B070BDD542050070B592B01D460C4616
:10439000164601A8422200211CF0E0FB412D5CD909
:1043A000631C0222DBB28DF806408DF80E408DF8BA
:1043B000264040F6083540F202248DF81E308DF874
:1043C00027308DF83130ADF804508DF807208DF886
:1043D00012208DF833208DF83B20ADF80840204A9C
:1043E000069240F2012505232424ADF810508DF8E3
:1043F00015308DF8164004231A4C8DF81F30012516
:1044000040F224628DF81C508DF830300894ADF8DD
:104410002420154D0A9508234FF411640A228DF8C3
:104420002C30ADF82E4040238DF834200F4C8DF801
:104430003C3001A9304640F2075540F2094642227D
:10444000ADF80C60ADF838508DF84330CDF83F40F2
:104450001CF05CFB422012B070BD002012B070BD99
:1044600020010524240202050705800307058002B8
:10447000014B1878704700BF205F0120037EFF2B9F
:1044800002D1074B1A7802B17047064902764161A2
:10449000012200F1100104481A7000F047B800BF73
:1044A000205F0120EC810700245F0120007EFF28AF
:1044B0000ED000B583B000F017FC10B103B05DF86A
:1044C00004FB019014F090FB019803B05DF804FB2D
:1044D0000020704701B900B1704700B583B069464C
:1044E00000F018FC009BB3F5966F02D003B05DF8A6
:1044F00004FB00F0A5FBF9E730B4084B084AFF20A5
:1045000002F108054FF47A740021303218761D60EC
:104510009C601A6130BC596059617047045F01208A
:10452000FC81070002F0E0B902F0EAB9F8B50546EF
:10453000B0F818016C69B5F81A310A680E460444DF
:104540001B1A176895F81C119BB222463046B847D3
:1045500050B3221894423CD2766806E0052B25D051
:1045600023780BB31C44A24233D96378042BF5D1D2
:10457000E378002BF4D195F81C11013185F81C115A
:10458000002EEDD095F840110729E9D801F1480730
:1045900045F82760217295F84011013185F84011E6
:1045A0001E462378002BDDD10020F8BD94F902309F
:1045B000002B08DB95F81E31591C85F81E11A178D7
:1045C0000B43A370CCE795F81D31591C85F81D11DC
:1045D000F5E7B5F818216B69104480B2A5F8180109
:1045E000588095F81C211A710120F8BD2DE9F0437F
:1045F000284DDFF8B090AC4604468846BCE80F0072
:1046000089B003AF0FC703AE0FCE05F1140E2546D8
:104610000FC59EE80700DCF800303B806B4636682B
:104620002E8003C36B4603CB1B4EA06104F118031D
:104630004FF4807C0125E16184F82020636140F221
:10464000EF2200231548C4F8189140F209470421CD
:10465000A4F81CC1C4F8280184F84011A280C4F851
:104660002C31C4F83031C4F83431C4F83831C4F8CE
:104670003C314FF4E131C4E94876094884F81E51D1
:10468000A571FFF7FBFE404600F0C8FA284609B0C6
:10469000BDE8F0836082070030820700388207009F
:1046A000045F0120090000012DE9F04F04468BB0A2
:1046B000002900F09180032900F09C8090F840319F
:1046C0008B4240F2CB80483100F5A27550F8216052
:1046D0003278002A00F0E78000231946374603E0CD
:1046E0000131725C7718CAB102F14000C0B20128F2
:1046F000F6D9F42AF4D8100618D40120A2F55847A8
:10470000B7F5006FECD30144202B00F0C98025F8E9
:104710001320725C01337718002AE5D1DBB2013334
:104720005B0043F4407304F5A17C5DE002F0E0001F
:10473000C02800F0A18002F0F000E02800F0918095
:1047400002F0F800F028CBD102F007024FF0040E7F
:10475000787800F0C00CBCF1800FC1D197F802C08E
:104760000CF0C00800F03F00B8F1800F40EA821260
:10477000B6D10CF03F0CBEF1030F4CEA821275D09B
:10478000F87800F0C007802FAAD100F03F0040EA7F
:104790008212A2F58030B0F5801F38BF4FF0040EB2
:1047A0009ED2A2F55840B0F5006F99D3B2F5803F84
:1047B0007144A9D31E2BB1DCA2F580325800970AB0
:1047C0002844C2F30902A7F52057A2F5105225F894
:1047D00013704280023384E7D0F82031A0F84431CE
:1047E00000F5A17C4FF44173A4F8423160460BB050
:1047F000BDE8F08F02A800F025FA04F5A17C019035
:1048000020B300F1FF3B5FFA8BF3284F04F1040B58
:104810000DF1080A0BEB830BA64606AE97E80F00D6
:104820001AF8018B86E80F0008F00F090AADA944B9
:1048300005EB181819F8109C18F8103CAEF84691C2
:10484000AEF844310EF1040EDE45E7D1019B5B006A
:10485000DBB201335B0043F44073C5E74FF0000C5B
:10486000C4E702F00F024FF0030E71E7A2F50060FB
:10487000B0F5784F95D333E7787800F0C007802FF4
:1048800002F01F027FF42CAF00F03F0040EA8212DA
:10489000A2F18000B0F5F06FBFF422AF02202DE747
:1048A00040F242333FE740F202333CE74C820700DC
:1048B00000487047245F0120014B5869704700BFD2
:1048C000245F01200A4601460148FFF7EDBE00BF04
:1048D000245F0120024B186800B10069704700BFD7
:1048E000A860012030B40848BDF80850046844B1FD
:1048F000646934B10846A44611461A462B4630BCBA
:104900006047002030BC7047A860012030B40848E0
:10491000BDF80850046844B1A46934B10846A446FF
:1049200011461A462B4630BC604730BC704700BF6A
:10493000A860012070B487B00020162B0290009070
:104940000390CDF8130022D940F209431546114EC9
:104950008DF802100720052144F20202ADF8003064
:10496000402301968DF814306C468DF809008DF8BF
:104970000A10ADF80C200FCCA6882860A479064850
:1049800028616960AA60EB60AE82AC75172007B041
:1049900070BC7047020806500705800210B5074B2F
:1049A000036000210123044680F850304160482212
:1049B00008301CF0D3F8204610BD00BFA4820700C9
:1049C00001EBC10100EB810000990162C0E90623FF
:1049D000704700BF01EBC10100EB8100426203851B
:1049E000704700BF01EBC10100EB810181F82A2073
:1049F000704700BF01EBC10100EB8100009901612C
:104A0000C0E90223704700BF10B5014604460348C1
:104A1000FFF78CFD08B1024B1C6010BD245F012024
:104A2000AC600120024B186808B190F85000704744
:104A3000AC6001202DE9F047244C2568002D42D0C0
:104A40001F4600EBC00305EB83030446D3F818A010
:104A500089469046C600BAF1000F30D050461DF08E
:104A600066F80828024628BF0822344405EB84056E
:104A7000D5E90764DFF85CC0154B002E08BF664619
:104A800051464846002C08BF1C461CF03FF83046F3
:104A90001DF04DF810280246314628BF102240462E
:104AA0001CF034F820461DF042F804280246214646
:104AB000384628BF0422BDE8F0471CF027B8DFF8CD
:104AC00018A00822D1E7BDE8F08700BFAC60012044
:104AD000985607008C82070080820700F8B50B4FBC
:104AE0003B688BB100EBC00503EB850504466A69A2
:104AF000C6001AB190473B6885F82A00344403EB9E
:104B0000840393F82A00F8BD1846F8BDAC60012074
:104B1000074B1B685BB100EBC00003EB800010B4D7
:104B2000038D446A0C605DF8044B13807047704736
:104B3000AC6001200A781E2A01D10020704710B510
:104B400020221C460521002300F078FF204610BDDE
:104B500030B4094C029A256855B1044604EBC404EC
:104B600005EB840408461946A3680BB130BC18470E
:104B70004FF0FF3030BC7047AC60012030B4094CBE
:104B8000029A256855B1044604EBC40405EB84047D
:104B900008461946E3680BB130BC18474FF0FF30A8
:104BA00030BC7047AC600120054B1B6833B100EB93
:104BB000C00003EB8000036903B11847704700BFD2
:104BC000AC60012000B5104B402283B083F827234E
:104BD00003F05AFF4FF080430024D3F838548DF887
:104BE0000040684613F060FB084B019301A813F0E6
:104BF000ABFB13F0B5FBEB0702D401F021FFFCE7A0
:104C0000204603F07DFDF8E700E100E0114C0500CF
:104C100003F076BD002003F053BA00BF00B50023B7
:104C200083B00322CDE9002303490448C82211F0D0
:104C3000F7FF03B05DF804FBA8820700C54B050031
:104C400014F0C2B94FF08052536E1BBA0360136E5A
:104C50001BBA43600820704700487047B0820700C5
:104C600070B51F4D2B68B3B199B91478C4F34114D2
:104C7000012C0BD0022C07D15478012C0DD0022C22
:104C800007D19388072B21D0084670BD517822297F
:104C90000CD0012070BD184670BDDC69F4B12378DA
:104CA00011462246BDE8704002F088BE51880039A6
:104CB00018BF01211976114602F066FE2A68136AB0
:104CC000002BE6D0107E9847204670BD054C11465B
:104CD00023892246BDE8704002F070BE204670BDB8
:104CE000B06001201C63002010B5044601F0ECFD0B
:104CF00008B9002010BD01F0EFFD0028F9D10448EB
:104D00004FF45A7303FB0400007900F0010010BD5A
:104D1000B4600120064B4FF45A7202FB003050F889
:104D2000063F0B60838882798A718B80704700BF51
:104D3000B460012008B5044B4FF45A7202FB0030F6
:104D4000103001F025FC08BDB46001202DE9F041D0
:104D50004FF45A7505FB00F5194F05F110043C445A
:104D600092B2204601F040FC0646204601F02AFCA3
:104D70003F2802D83046BDE8F08107EB0508002047
:104D800098F8031002F036FD0028F3D0204601F019
:104D900019FC3F280BD905F53A7298F803103A44EC
:104DA0004023002002F08AFD3046BDE8F08198F8EB
:104DB0000310002002F056FD3046BDE8F08100BF30
:104DC000B4600120034B4FF45A7202FB00301030E4
:104DD00001F07CBCB46001202DE9F041044601F0F3
:104DE00073FD10B90020BDE8F08101F075FD0646A5
:104DF0000028F7D14FF45A71DFF8608001FB04F40A
:104E000004F12C054544284601F0C2FB0028E9D0F6
:104E100008EB04073046B97802F0ECFC0028E1D03A
:104E200004F54A74444428462146402201F0DCFB44
:104E3000054660B1B978224630462B4602F03EFD69
:104E400040B9054B1B68DB07CCD500BECBE7B97872
:104E500002F008FD2846C6E7F0ED00E0B46001204E
:104E600038B50C4B4FF45A7404FB00342C3492B216
:104E70000546204601F06AFC034620461C4601F028
:104E800087FB3F2801D8204638BD2846FFF7A4FFFE
:104E9000204638BDB460012008B5044B4FF45A7267
:104EA00002FB00302C3001F08DFB08BDB460012006
:104EB000F0B51C4C83B000214FF45A7220460125F6
:104EC0000E461BF04BFEFF234FF4424204F1480113
:104ED0006371E2802B460827009604F110004FF41E
:104EE000807227732581668101F016FB2B464FF4F3
:104EF000807204F5A471009504F12C0001F00CFB04
:104F000004F51271284611F031F904F526710346B3
:104F10002846C4E9096311F029F9C4E9100603B071
:104F2000F0BD00BFB460012010B5094B002203F1B1
:104F30002C0403F110001A601A7101F07DFC204668
:104F400001F07AFC20460121BDE8104001F09CBC34
:104F5000B46001202DE9F0414B79022B82B002D1DF
:104F60008B79022B04D00025284602B0BDE8F081E1
:104F7000314FBB782BB1314B1B68DB07F3D500BE3B
:104F8000F1E78B783B700C780C4406466178242955
:104F90004FF009050BD1082A02D80FE0AA420DD321
:104FA00023781C442B44617824299DB2F6D005292E
:104FB0001BD0042902D163790A2B28D0204801F0A4
:104FC00001FB3F28D0D9F978002002F013FC00281B
:104FD000CAD01B4801F0F6FA3F28F97813D9194ACC
:104FE0004023002002F06AFCBEE72146304602F072
:104FF000E1FB0028BFD0A3787B7023781C442B44AE
:1050000061789DB2D5E7002002F02CFCACE70E4A97
:1050100094F800800192022301320092304604EBA2
:1050200008011A4602F052FB0028A4D005F10E0335
:1050300018FA83F39DB2C1E7B4600120F0ED00E0FF
:10504000C46001209C630120B660012038B513784C
:1050500003F06003202B0CD1264C938825789D42C9
:1050600007D15378203B032B03D8DFE803F0091561
:105070001E04002038BD71B3022931D0012038BD93
:1050800061B10229FAD11C4B002BF7D01B4900203B
:10509000AFF30080012038BD0029EFD1114607236E
:1050A000164A02F08BFC012038BDA1B10229E5D1DE
:1050B0005588257105F00104114884F0010101F0C3
:1050C000E3FB104B002BD9D0C5F340022146002052
:1050D000FFF700FAD2E7114602F056FC012038BD76
:1050E000094B002BCAD051880020AFF3008001206B
:1050F00038BD00BFB460012000000000BA6001208C
:10510000E0600120D5440500000000002DE9F047D3
:10511000574DEA788A420C4607461E465CD19AB241
:1051200005F53A7105F1100001F010FB514BD3B1B8
:105130006B79FF2B17D0B6B105F2E72808EB060A0A
:10514000A8F2D72902E0D0450DD06B7918F8012FCD
:105150009A42F8D1484601F02BFA0028F3D1697938
:10516000AFF30080EFE7444B23B1444801F020FA4D
:10517000002870D0414801F025FA3F2805D9E97888
:10518000002002F037FB002858D1AB789C4203D0B6
:1051900001242046BDE8F087394B13B10020AFF35E
:1051A000008001F091FB20BB364801F0F1F90028A6
:1051B000EED1002EECD016F03F06E9D1A9783846A2
:1051C00002F018FB04460028E2D0A978384633469E
:1051D000324602F073FBDCE7AB788B42DCD02A4B23
:1051E0001C6814F00104D4D000BE00242046BDE8A1
:1051F000F08701F071FB04460028D5D1214801F069
:10520000C7F90028D0D0A978204602F0F3FA002888
:10521000CAD01E494022A1F53F7001F0E5F90346CE
:1052200008B31A4AA978204602F048FB0028AFD1FB
:10523000154B1B68DB07B7D500BEB5E70F4801F07B
:10524000C1F93F280AD94023114AE978002002F029
:1052500035FBAB789AE7AFF300808BE7E978002065
:1052600002F000FB91E7A97802F0FCFA9CE700BF8E
:10527000B46001200000000000000000C4600120B4
:1052800000000000E0600120F0ED00E0DC630120A0
:105290009C63012002488C2200211BF05FBC00BFF0
:1052A0001C64012002488C2200211BF057BC00BF67
:1052B0001C6401202DE9F0414B79032B82B011D100
:1052C0000F79C7EBC7051235ADB295420C4604D82D
:1052D000DFF89C8098F8011049B1234B1B68DA076E
:1052E00000D500BE0025284602B0BDE8F08194F844
:1052F00000C004EB0C0292F801E0BEF1210FECD1EA
:10530000C8F8882014F80C1008F1010E08F1020CFE
:105310001144CDE900CE3A46064602F0D7F90028FE
:10532000DBD0A37998F80210012B04BFE37988F849
:1053300003300122D8F8883088F80420A278B3F826
:10534000073088F80020A8F806300029CBD0074A9B
:105350003046402302F0B2FA0028C4D1024B1B6849
:10536000DB07C0D500BEBEE7F0ED00E064640120BD
:105370001C640120F0B51446127802F01F05012DBF
:1053800083B00FD10B467149A78891F800C0FFB2D6
:10539000BC4507D112F06002064606D183BB627895
:1053A000062A30D0002003B0F0BD202AFAD162785E
:1053B000013A0A2AF6D801A050F822F091540500CB
:1053C0007D54050069540500A5530500A55305004B
:1053D000A5530500A5530500A5530500515405002C
:1053E0002B540500E953050063B3022B08D16388F1
:1053F000574ADBB20B711AB119460020AFF3008097
:10540000012003B0F0BD6288120A212A65D0222A49
:10541000C8D11846FFF75EFA4C490246CB883046A1
:10542000214602F0CBFA2846BDE7002BE8D162887E
:105430004848120A4A7128B111461846AFF3008055
:105440000028AFD02146304602F09EFA0120AAE79C
:10545000002B4ED1E388402BA4D83F4A214630464A
:1054600002F0ACFA01209EE7002BC9D13B4A21464D
:105470003046012302F0A2FA012094E7002BBFD1AD
:10548000374A21463046012302F098FA01208AE784
:10549000002BB5D1E5886088402D4FEA10222F46B9
:1054A00028BF402710F0FF003ED0012D46D9013F14
:1054B00008722C49BFB201250B4600970146002017
:1054C000FFF710FA2B189BB28BBB274A1268D20742
:1054D0007FF568AF00BE184665E7D1F88820002A3E
:1054E0003FF460AF1378214603B0BDE8F04002F00E
:1054F00065BA022B84D1E5886388402D2C4628BFED
:10550000402413F0FF004FEA132205D0012D03D9E8
:1055100091F84830834214D00F4B0094014600208C
:10552000FFF7F4F901203EE710491D46C4E70F4A92
:105530002146304602F042FA012034E70B491D466D
:10554000BAE7013C0A4BA4B2E7E700BF1C640120A4
:1055500000000000000000006464012020640120BD
:105560002164012025640120F0ED00E02464012085
:105570006564012030B51C4CA2788A4283B00CD1FE
:105580006178914217D1194A22B11949DAB2002043
:10559000AFF30080012003B030BD62788A42F2D0C0
:1055A000144B1B68DB0703D500BE002003B030BDE1
:1055B000002003B030BD00229BB211460546009387
:1055C000104604F14803FFF7A1F9A17828464023CB
:1055D00004F1480202F072F90028DBD1054B1B6888
:1055E000DA07E5D500BED6E71C6401200000000004
:1055F00024640120F0ED00E070B500F12C050446B4
:10560000284600F0C5FF08B9002070BD6178002071
:1056100002F0F0F80028F7D004F50A762846314663
:10562000402200F0E1FF054660B103466178324652
:10563000002002F043F940B9054B1B68DB07E3D5B6
:1056400000BE70BD617802F00DF9284670BD00BF44
:10565000F0ED00E030B5164C83B000210D464FF45C
:105660001A7220461BF07AFA04F1480104F1100086
:1056700000950123802200F04FFF802204F1C80131
:105680000123009504F12C0000F046FF04F5A471FD
:10569000012010F06BFD04F5CC7103460120C4E934
:1056A000095310F063FDC4E9100503B030BD00BF1D
:1056B0006891012010B5084C002304F11000C4E9E2
:1056C0000033C4E9023301F0B7F804F12C00BDE85F
:1056D000104001F0B1B800BF689101202DE9F043FE
:1056E0004B79012B83B002D18B79012B04D000259B
:1056F000284603B0BDE8F083CB79002BF7D10B78B7
:10570000CC1806466578242D99B20BD1914202D966
:10571000EDE78A42EBD323781C440B446578242DB3
:1057200099B2F6D0042DE2D16379012BDFD1A379B0
:10573000032BDCD1E579002DD9D1DFF8CC8098F8A6
:10574000010098F8023050EA030905D02B4B1B6882
:10575000DB07CCD500BECBE7A37888F800302778EC
:105760002079CB199DB2274430B922E03B7881459E
:105770001D44ADB21F441CD2AA421AD37B78052B1C
:10578000F4D139463046019202F014F8019A68B318
:10579000BB782079D90914BF88F8013088F8023025
:1057A000397809F101030D445FFA83F9ADB20F4472
:1057B000DCE7134800F006FF3F2899D998F802105B
:1057C000002002F017F8002892D00D4800F0FAFEF1
:1057D0003F2898F8021005D90A4A4023002002F019
:1057E0006DF885E7002002F03DF881E7034B1B6868
:1057F000DA077FF57CAF00BE054679E7F0ED00E003
:105800007891012050930120689101200020704779
:10581000F8B52D4DAA788A421E4619D19AB205F5DF
:10582000F47105F1100000F091FF284B13B1002036
:10583000AFF30080264800F0C5FE3F2805D9A978BF
:10584000002001F0D7FF044668BB01242046F8BDC4
:105850006B788B4208D01F4B1C6814F00104F5D004
:1058600000BE00242046F8BD07462846FFF7C4FEC8
:105870000028EAD105F12C0000F08AFE0028E4D1CE
:10588000002EE2D016F03F06DFD16978384601F0ED
:10589000B1FF04460028D8D06978384633463246EE
:1058A00002F00CF8D2E70A4800F08CFE3F28A978F5
:1058B00005D9094A4023002002F000F8C6E700207D
:1058C00001F0D0FFC2E700BF689101200000000096
:1058D00078910120F0ED00E05093012070B52E4C3E
:1058E000E28AA36852BA92B282B0054612B1B3FB03
:1058F000F2F292B2A06BD4F81110B0FBF2F61B1AC0
:10590000B3F5007F28BF4FF4007309BA009302FB80
:105910001602224B607B3144FFF71AF9031E13DB9A
:1059200009D094F82E101D4A9BB2284601F0C6FFFC
:1059300058B302B070BD94F82E10009328461A4652
:1059400001F090FE02B070BDA268A36B43F2033079
:105950000021D31AA08784F83E1001200221A362FF
:1059600084F82C0084F83010002AE2D0002BE0D01C
:10597000237BDB0914BF94F82E1094F82F102846CF
:1059800002B0BDE8704001F0D5BF054B1B68DB07D6
:10599000CFD500BECDE700BFA8660120A8640120D6
:1059A000F0ED00E038B5214B214C05461BB1607B82
:1059B000AFF30080B0B1A06BA36894F82F101D4A1C
:1059C0001B1AB3F5007F28BF4FF4007328469BB223
:1059D00001F074FF00B138BD174B1B68DB07FAD527
:1059E00000BE38BDA26BA16884F83E008B1A42F25B
:1059F00007720120A2870222A36284F82C0084F897
:105A000030200029E7D0002BE5D0237BDB0906D02E
:105A100094F82E102846BDE8384001F08BBF94F86A
:105A20002F102846BDE8384001F084BF0000000078
:105A3000A8660120A8640120F0ED00E0044880F889
:105A40003C1080F83D2080F83E300120704700BFB8
:105A5000A86601200248402200211BF07FB800BF49
:105A6000A86601200248402200211BF077B800BF41
:105A7000A86601204B79082B01D0002070478B7954
:105A8000062BFAD1CB79502BF7D1162A06D81C4B0E
:105A90001B68D907F1D500BE0020704770B5194DBD
:105AA0008B7885F82D300B7882B005F12F0205F147
:105AB0002E0619440223CDE900261A46044601F0B9
:105AC00005FE30B90E4A1268D2070FD500BE02B0EB
:105AD00070BD204695F82F1000241F232A4685F814
:105AE000304001F0EBFE20B11720F0E7002002B0BB
:105AF00070BD034B1B68DB07F6D500BE1720E6E739
:105B0000F0ED00E0A8660120002961D170B513789E
:105B100003F07F05022D84B0044620D003F060031B
:105B2000202B02D0002004B070BD5378FE2B34D05F
:105B3000FF2BF7D15388002BF4D1D688B3B2002BBA
:105B4000F0D13B4D11462046AE87C5E90D3385F8AF
:105B5000303085F83E3001F017FF0120E3E755783B
:105B6000012DDBD15388002BDCD1314E938896F880
:105B70003020042ADBB243D096F82E10994229D067
:105B800096F82F509D4205D122B9294601F0C4FE56
:105B900000283AD0012004B070BD5388002BC1D139
:105BA000D0880128BED1234B8DF80F002BB1019274
:105BB000FEF738FF019A0028B4D0451E1146204652
:105BC00001230DF10F028DF80F5001F0F7FEE1E710
:105BD00001207047022ADDD1B26BB3689B1A0324FF
:105BE000B36206F120020D2386F8304001F066FE14
:105BF0000028CFD1104B1B68DB0793D500BE92E77E
:105C0000194601F097FE28468DE72946204601F007
:105C1000ADFE0028BED1002386F8303096F82F1054
:105C2000034A20461F2301F049FE0028B2D1E1E7D4
:105C3000A8660120254A0500F0ED00E0F0B5A74C6C
:105C400094F83050012D8FB01E4607466FD0032DBB
:105C500046D02DB1022D00F0898001200FB0F0BD9B
:105C600094F82F308B42F8D11F2E40F09E809C4B31
:105C700022689A4240F09980E37B9A4A6068A56264
:105C800084F82C50A5632262A56860620122282B4B
:105C900084F83020656300F0DA802A2B00F09F82C0
:105CA000002D00F02981227BD20940F02581B5F535
:105CB000007F40F2F78294F83C30A5620120022276
:105CC00084F82C0084F8302023B942F2050284F8CD
:105CD0003E30A287384601F02DFE94F83050B9E7E7
:105CE00094F82E308B42B8D10D2EB6D1E37B282B01
:105CF00000F06D822A2B00F062827B4B23B1607B27
:105D000004F10F01AFF30080002084F83000734AE3
:105D100094F82F101F23384601F0D0FD0028DCD165
:105D2000724B1B68DA0700F19080002096E7E37B56
:105D3000282B12D02A2B59D0A36B227B3344D209B3
:105D4000A36347D0626B9A420DD9684B1B68DB078F
:105D5000C3D500BE94F830507CE7D4E90D2333441A
:105D60009342A3636CD3022384F8303094F82E104E
:105D7000384601F0FBFD00287FF46FAFA368A26BEB
:105D8000934202D9217BC9091ED19B1A0325A36224
:105D900094F82E10564A84F8305038460D2301F0FE
:105DA0008DFD00287FF459AFBAE7042394F82E1034
:105DB00084F83030384601F0BDFD384694F82F1095
:105DC00001F0B8FD002049E794F82E10384601F0A4
:105DD000B1FD42E7A38E474A607B04F10F01FEF755
:105DE000A9FE0028C0F2C981A36BABE7E08A40BAE4
:105DF00080B218B1A368B3FBF0F080B2D4F81110F0
:105E0000A26B3C4DB2FBF0F309BA00FB132219441C
:105E1000607B00962B46FEF7B1FE0028C0F20A8296
:105E2000864252D9002840F03382002394F82F1084
:105E300000933246384601F015FC94F8305009E7DB
:105E4000FFF74CFD94F8305004E700BE06E7E28A05
:105E500052BA92B29DB9002A85D094F83C30022201
:105E6000002184F82C2084F83020A162002B7FF4DC
:105E70007DAF42F2050284F83E30A28776E7207BB0
:105E8000C0090BD0002A00F0EE819542C0F02282BA
:105E9000282B3846D4D0FFF785FD1EE794F83C2028
:105EA000A562022384F82C3084F83030002A7FF475
:105EB00011AF42F205020023A28784F83E30207B16
:105EC000C00900283FF406AF9DE1D4E90D23334417
:105ED0009342A363BFF447AF3846DCE7A8660120CE
:105EE000555342435553425300000000F0ED00E08B
:105EF000C8660120A8640120607B252B27D8DFE835
:105F000013F03701260026000A012600260026008D
:105F10002600260026002600260026002600260051
:105F2000260026002600E90026002600260026007E
:105F3000260026002600CF00B500260026002600F9
:105F400026002600260026007B002600520094F83A
:105F50003C30002B3AD1B04AB049ABB2FEF7EAFD73
:105F6000002833DB40F0C981A368002B3FF4FBAE6F
:105F7000A16B94F83C205B1A01200221A36284F8F3
:105F80002C0084F8301022B942F2050184F83E203A
:105F9000A187002B3FF4EAAE237BDB0940F033817D
:105FA00094F82F1096E604AA05A9FEF7B1FD059B0B
:105FB00023B1BDF81020002A40F0968194F83C30BF
:105FC00023B940F2024284F83E30A287A268A36B54
:105FD00094F83C100120D31A84F82C000220A3620C
:105FE00084F8300021B942F2050084F83E10A08701
:105FF000002A3FF4BBAECCE705AD00230DF10E0245
:1060000004A96B600593AB60FEF782FD049A002A39
:10601000D4D0BDF80E30002BD0D012BA5BBA082015
:106020000221ADF81E3006928DF817008DF81C1075
:1060300095E80700784BA56883E807000C20002D41
:1060400040F03981A36B94F83C205B420121A362AC
:10605000022384F82C1084F83030002A7FF486AEB6
:1060600042F2050384F83E50A3877FE66C4B002B79
:106070003FF47AAFE17CC1F3400301F0010209096A
:10608000AFF3008000287FF46FAF94F83C30002B12
:106090009CD140F202420023A28784F83E3095E76B
:1060A000059B604A03F4000343F003030593002AB1
:1060B00000F01881AFF300809DF81630564AA568AD
:1060C00080F0010060F3C7138DF81630059B136054
:1060D0000420B4E74FF020330022CDE90A33524DBB
:1060E000069207A909AA0893079309930D930C93A5
:1060F00005AE0DAB0595FEF79DFC0FCEDFF818C180
:10610000A568ACE80F000FCEACE80F003368CCF800
:106110000030242093E794F83C2094F83D0094F854
:106120003E10DFF8F4C04FF0000E4FF00003CDE951
:1061300005EECDE907EE62F303038DF81630F02289
:106140000A23ADF824E08DF820008DF821108DF899
:1061500014208DF81B3005AE0FCEACE80F0033686D
:10616000A4F83CE084F83EE0ACF80030122066E78A
:10617000FEF7B4FC002888D0F6E6A268A36B94F87A
:106180003C0084F82C50D11A0225A16284F83050CA
:1061900020B942F2050584F83E00A587002A3FF4A5
:1061A000D1AD00293FF4CEAD237BDB0900F0948014
:1061B00094F82E10384601F0BDFBA36BC2E51B4BD3
:1061C000002B3FF4A1AD607BFEF7EEFC9CE5184B85
:1061D000002B3FF499AD607BAFF3008094E5E28A39
:1061E00052BA92B2002D3FF436AE207BC0093FF484
:1061F00049AE94F83C30A562022284F82C2084F841
:106200003020002B7BD094F82E10384601F092FB02
:1062100094F830501EE500BFA8640120B766012045
:10622000000000000000000000800202A94B0500F1
:1062300000000000A36BA2683344D11A43F203307C
:10624000A3630023A08784F83E3001200223A162CB
:1062500084F82C0084F83030002A3FF487AD002900
:106260003FF484AD98E6012294F83C3084F82C2069
:106270000222A56284F83020002B7FF422AE42F285
:10628000050284F83E30A287002D3FF46FAD16E67C
:10629000A36B361A0344291832462846A3631AF022
:1062A00043FCC2E5194AABB2384601F007FB0028AF
:1062B0007FF413AD34E5A84228BF284683B260635B
:1062C000124A94F82E10384601F0F8FA00287FF4AC
:1062D00004AD25E50222C7E794F82F10384601F0F7
:1062E00029FB81E50120E7E60849A568013B1BBAC7
:1062F00012BAC1E900320820A1E6A5689FE642F281
:10630000050284F83E30A287D9E500BFA8640120C9
:1063100030B5154C83B000210D464FF4EE72204687
:106320001AF01CFC04F13C01201D009501234022C1
:1063300000F0F2F8402204F17C010123009504F101
:10634000200000F0E9F804F1BC0101200FF00EFF7D
:1063500004F5867103460120C4E906530FF006FFD9
:10636000C4E90D0503B030BDE866012010B5064C48
:106370002046002340F8043B00F05EFA04F12000C0
:10638000BDE8104000F058BAE86601204B79FF2BB9
:1063900001D0002070472DE9F041324C6678A37897
:1063A000334382B003D0002002B0BDE8F0810D7805
:1063B0008B782370804608790F460D4408B36B78BC
:1063C000052B0AD0AB189D4202D306E0AB4204D99C
:1063D00029780D4469780529F8D1234E0196731C5C
:1063E0000246009329460223404601F06FF9034616
:1063F000A8B13B79A178C3EBC3031D4431B96178DF
:10640000A1B9E81B80B202B0BDE8F081402306F2DA
:106410005B12404601F052FA03460028EFD1134ABE
:106420001268D207BFD500BE1846BDE7002001F0B4
:1064300073FA06460028E4D10D494022A1F5BE704A
:1064400000F0D2F80028DCD003466178084A3046D4
:1064500001F034FA0028D4D1044B1B68DB07D0D5F7
:1064600000BECEE7E8660120E9660120F0ED00E01D
:106470008468012038B5234CA2788A420AD0637818
:106480008B424FF0000004D101F046FA054600B3FC
:10649000012038BD9AB204F5AE71201D00F056F906
:1064A000194B13B10020AFF30080A178002001F058
:1064B00033FA05460028EBD1144800F083F83F2852
:1064C000E6D9A178124A2846402301F0F7F90120C5
:1064D00038BD402204F5CE7104F1200000F084F8AC
:1064E0000028D5D003466178284604F5CE7201F025
:1064F000E5F90028CCD1074B1B68DB07C8D500BEE7
:10650000C6E700BFE866012000000000EC6601203D
:1065100044680120F0ED00E02DE9F041B2F5004FB4
:106520009DF8188030D80446406915460E461F462F
:1065300018B14FF0FF3110F059F8A06918B14FF0C1
:10654000FF3110F053F86A0092B260692660511E64
:1065500000235242E381A580E78084F80880A1816E
:106560006281238218B11A4619460FF04FFCA069C8
:1065700038B100231A4619460FF048FC0120BDE847
:10658000F0810120BDE8F0810020BDE8F08100BF6E
:10659000C189028A89B292B28B1A91429BB202D20D
:1065A00042899B1A9BB28088984228BF1846704740
:1065B000C289038A90B29BB2C01AB0FA80F0400937
:1065C000704700BFC189028A89B292B28B1A914288
:1065D00010B49BB2848802D240891B1A9BB2E01A85
:1065E00080B25DF8044B70472DE9F047054680699D
:1065F0008846914618B14FF0FF310FF0F7FFEB8955
:106600002C8A9BB2A4B21E1BA342B6B202D26A89E4
:10661000B61AB6B2AF88B74209D2BB4249D26A892C
:106620003A449B1A9AB22A822C8A3E46A4B2002E81
:1066300045D04E4528BF4E46A74203D8E41BA4B21E
:10664000A742FBD9A7EB0409B5F806A029681FFAF1
:1066500089F94E450AFB041125D919FB0AF91FFADD
:1066600089F94A4640461AF051FAF21B224412FBBD
:106670000AF2296892B208EB09001AF047FA2A8A4E
:1066800092B293199BB29A421BD96A8913449BB266
:10669000A8692B8220B100231A4619460FF0B6FBD9
:1066A0003046BDE8F0870AFB06F240461AF02EFAA3
:1066B000E5E7A989DA1B92B29142B4D2AFE72B8AFF
:1066C0009BB2AA899A42E3D2DFE700BF70B50446C5
:1066D00080690E4618B14FF0FF310FF087FFE28955
:1066E000238A92B29BB2D01A9A4280B202D26189B6
:1066F000401A80B2A588854207D2AA421DD261897C
:106700002944521A91B221822846E0B1AB4203D308
:106710005B1B9BB29D42FBD9E2882168304602FB9D
:1067200003111AF0F3F90125A06920B100231A46DC
:1067300019460FF06BFB284670BDA089511B89B22A
:106740008842E0D2DBE70546EEE700BF2DE9F84FCF
:106750001546002A3FD004464069884618B14FF0DC
:10676000FF310FF043FFE789237A218ABFB289B254
:10677000A3BB7A1A8F42A38892B252D39A1A92B2CA
:10678000954228BF1546A5EB0309B4F806A01FFAE9
:1067900089F99F423E4603D3F61AB6B29E42FBD217
:1067A0009B1B20689BB29D420AFB060027D80AFB70
:1067B00005F241461AF0AAF9EB199BB29F421AD88A
:1067C000A2899A4217D36069E38120B100231A4657
:1067D00019460FF01BFB2846BDE8F88FA3889D42A1
:1067E00023D3B4F806A0ED1A0AFB05880F461D4610
:1067F0004FF00009CDE7628913449BB2E3E713FB36
:106800000AF31FFA83FB5A4641464E441AF07EF9BA
:1068100016FB0AF2206808EB0B0192B21AF076F927
:10682000CAE76189521A92B2A8E7A5EB0309B4F846
:1068300006A01FFA89F9ACE710B50446406918B103
:106840004FF0FF310FF0D2FEA06918B14FF0FF31C9
:106850000FF0CCFEA38860695B009BB2591E5A42C0
:106860000023E381A1816281238218B11A4619466F
:106870000FF0CCFAA06920B100231A4619460FF098
:10688000C5FA012010BD00BF38B5044640690D4669
:1068900018B14FF0FF310FF0A9FEA06918B14FF009
:1068A000FF310FF0A3FE6069257220B100231A4664
:1068B00019460FF0ABFAA06920B100231A46194619
:1068C0000FF0A4FA012038BD024B5878003818BFE9
:1068D000012070471C690120024B1878C0F380002A
:1068E000704700BF1C690120044828B108B500208A
:1068F00001F0ECF9012008BD704700BFCD7C050018
:10690000044828B108B5002001F0EAF9012008BDCB
:10691000704700BFE17C0500014B1878704700BF4D
:10692000536901202DE9F0433A4D2E7883B01EB112
:10693000304603B0BDE8F08337223146044636487E
:106940001AF00CF9354901200FF010FC344B186097
:1069500000283BD033490B464A6833F8080B498876
:1069600000960FF0AFF9304B186078B32F4F27B176
:106970002F48AFF300802F4B18602D4E337877B33C
:106980002D4FDFF8B0804FF000094B4537D8A9EB09
:106990000303DBB2042B39D803EB430307EBC30338
:1069A0001B689847337809F101095FFA89F91A1DC4
:1069B0004A45EADA204601F06FF9204601F06EF907
:1069C000012630462E7003B0BDE8F0831B4B1B68D8
:1069D000DB07ADD500BE304603B0BDE8F083DFF87D
:1069E000588001E0052F11D007EB4703013758F815
:1069F00033309847337804339F42F3DDDAE7D8F831
:106A0000003009EB490203EBC203C9E700231B680E
:106A1000FFDE00BF536901201C690120CC68012002
:106A200054690120D0630020586901200000000053
:106A3000C8680120C4680120EC820700F0ED00E086
:106A40002DE9F04F8BB002F02DF8002800F06F8197
:106A5000BE4DDFF81893DFF818A3DFF818B32868E5
:106A60004FF0FF3207A90FF065FC002800F05F81AE
:106A70009DF81D30013B072B00F2F284DFE813F094
:106A80000001C900A300940088003F000E00080028
:106A9000089B002BE3D009989847E0E79DF8201069
:106AA000AB4B01F07F0403EB440303EBD11393F8EA
:106AB00025006FF3000083F8250093F825006FF39D
:106AC000820083F82500002C00F03481A14ADB7C91
:106AD00032B1A14A12789342C0F01C819B1ADBB2FA
:106AE000042B00F21F8103EB43030AEBC3031C6971
:106AF0009DF82120099B9DF81C00A047AFE7DFF817
:106B000050829DF81C6098F8003043F0010388F82B
:106B1000003098F825306FF3000388F8253098F896
:106B200025306FF3820388F8253098F826306FF30C
:106B3000000388F8263098F826306FF3820388F82F
:106B40002630002000F09EFF9DF8203003F0600208
:106B5000602A0DD0402A00F0438103F01F03012B6F
:106B600000F09B81022B00F06D81002B00F047812B
:106B7000D9F80030DC0700D500BE9DF81C000021CC
:106B800001F044FA9DF81C00802101F03FFA66E70D
:106B90006F4B1B78DA077FF562AF704B002B3FF429
:106BA0005EAFAFF300805AE7694B1A78D1077FF5E3
:106BB00056AF6B4A002A3FF452AF1878C0F3C000BA
:106BC000AFF300804BE7644C624F2278002F00F057
:106BD000F480002614E0B31ADBB2042B00F2FD802F
:106BE00003EB43030AEBC3035B691BB19DF81C0075
:106BF000984722780136F6B2131DB342FFF62FAF45
:106C0000B242E8D9DBF8003006EB460103EBC103E2
:106C1000EAE7514C4F4F23789DF81C60002F00F09D
:106C2000BA800027BB4267D8FB1ADBB2042B00F204
:106C30001F8403EB43030AEBC3035B6830469847AA
:106C400023780137FFB21A1DBA42EBDA372200214E
:106C50003F4819F083FF434B4FF0FF321A605A60F0
:106C60009A60DA601A615A619A61DA611A8400F0F6
:106C7000FFFE3D4B002B3FF4F2AEAFF30080EEE69B
:106C8000354C344F23789DF81C60002F5AD00027D4
:106C90009F4238D3FB1ADBB2042B00F2E98303EBEB
:106CA00043030AEBC3035B683046984723780137F8
:106CB000FFB21A1DBA42EBDA254C372200212046DA
:106CC00019F04CFF4FF0FF33C4F80330C4F807301D
:106CD000C4F80B30C4F80F30C4F81330C4F81730C0
:106CE000C4F81B30C4F81F30A4F8233000F0C0FEF5
:106CF0009DF82030A370B2E6DBF8003007EB4702C6
:106D000003EBC20399E7DBF8003007EB470203EB24
:106D1000C203C8E7DBF8002003EB430312EBC30315
:106D20007FF4E5AE114B1B68D80700D500BE0BB051
:106D3000BDE8F08F099B9DF821209DF81C0000F014
:106D4000B3FE8CE6DFF8288019E000BF5869012007
:106D50001C69012000000000C8680120000000003C
:106D6000000000001F69012000000000F0ED00E0BD
:106D7000EC820700C4680120052F00F07983D8F861
:106D80000430304698472378013704339F4208F196
:106D90001808F1DD90E7DFF8508302E0052F00F0DE
:106DA0006783D8F804303046984723780137043396
:106DB000BB4208F11808F1DA48E7CB4E73691BB102
:106DC0009DF81C00984722780137131D9F4206F159
:106DD00018063FF744AE052FF0D100235B69FFDEB4
:106DE000C24800283FF4C9AE00F04CFE304608AA65
:106DF0000021FDF735FF00287FF431AEBDE6202AE3
:106E000000F08480002A7FF4B3AE9DF82130092B76
:106E10003FF6AEAE01A252F823F000BFA36F05000B
:106E2000A3700500716B050083700500716B050090
:106E30006570050011700500716B0500F96F0500A4
:106E4000C76F05009DF8241001F07F03082B3FF663
:106E50008FAE08EB430000EBD110A54CC07C5B006B
:106E6000CF0934B1A34C2478A042C0F08E80001B1F
:106E7000C0B2042862D800EB40000AEBC004002A2C
:106E800060D0E06800F0FEFDE368304608AA00210B
:106E9000984700287FF4E3AD6FE69DF824300F2B70
:106EA0003FF66BAE4344924ADB782AB1914A12789E
:106EB000934261D39B1ADBB2042B3FF65EAE03EB29
:106EC00043030AEBC304E06800F0DCFDE36808AAB2
:106ED00000213046984700287FF4C1AD9DF820304E
:106EE00013F060047FF449AE9DF821300A3B012B7A
:106EF0003FF643AE00F0C6FD9DF821300A2B00F0AE
:106F00007B8108A9304600F03FFDA8E59DF82430BC
:106F10000F2B3FF632AE4344754ADB7832B1754AE7
:106F200012789342C0F04D819B1ADBB2042B3FF6DE
:106F300024AE03EB43030AEBC304A2E7002A7FF469
:106F40001CAE14469DF8212002F0FD00012800F03F
:106F50000A81002A7FF40CAE43443B44304693F848
:106F600025400DF11A02C4F34004022308A9ADF82C
:106F70001A4000F023FD72E5DBF8004003EB430309
:106F800014EBC3043FF4F9AD9DE7DBF8004000EBE0
:106F9000400004EBC004002AD4D0002C7FF471AF71
:106FA000EBE598F800309C0804F00204C3F34013AA
:106FB0001C43304602230DF11A0208A9ADF81A400D
:106FC00000F0FCFC4BE59DF8223002931A4698F83D
:106FD00001309A4208D098F80130002B40F095819A
:106FE000029B002B40F01281029B88F80130304652
:106FF00008A900F0C9FC32E598F801308DF81A3084
:10700000304601230DF11A0208A900F0D7FC26E54D
:10701000BDF82200030A5A1EC0B20E2A3FF6ADADDB
:1070200001A151F822F000BF4F7105003371050036
:10703000237105007B6B05007B6B0500FD7005006F
:10704000337105007B6B05007B6B05007B6B0500D6
:107050007B6B05007B6B05007B6B05007B6B050084
:10706000C370050008A800F013FD9DF822103046FB
:1070700000F01AFE98F8003043F0020388F8003060
:10708000EDE4BDF82230012B7FF477AD98F80030A5
:10709000304643F0080308A988F8003000F074FC7B
:1070A000DDE4BDF82230012B7FF467AD98F80030A5
:1070B00030466FF3C30308A988F8003000F064FC81
:1070C000CDE40D4B002B3FF458ADFDF7C5FD024656
:1070D00000283FF44DAD5388304608A900F06EFCFF
:1070E00000287FF4BCAC48E5EC820700614C050049
:1070F00000000000C8680120594C0500B64B002B69
:107100003FF43BADAFF30080024600283FF435ADBD
:107110001378304608A900F051FC00287FF49FAC9A
:107120002BE5BDF82410FDF7CDFB02460028EFD17A
:1071300023E5022B00F08A81A84B002B3FF41DAD04
:10714000AFF300800246002A3FF412ADC3E7FDF71B
:10715000AFFB1223024608A9304600F02FFC00289E
:107160007FF47DAC09E5BDF82200009048B9012A02
:1071700043442FD03B4403F1200793F825309B076D
:1071800013D5002C3FF46BACE06800F07BFCE368A7
:1071900008AA002130469847002000F073FC98F8B8
:1071A0002630DF073FF55BACABE6304600F02EFF44
:1071B0007B7943F002037B717B7943F001037B71A0
:1071C000DFE7DBF8004003EB430314EBC3043FF4B9
:1071D000D4AC56E61F4420377B799A07D1D5304688
:1071E00000F054FF7B79009A62F341037B717B7955
:1071F00062F300037B71C4E708A9304601230DF157
:107200001A028DF81A4000F0D9FB28E4581EC0B2CB
:10721000FDF752FB002871D04378022B6ED1C27962
:1072200098F80010C2F340131B01C2F3801221F042
:10723000300143EA42130B4388F800304388039639
:10724000C31800F1090704933946049B8B4240F2AE
:10725000F5804B780B2B00F0DD8001220092042B8F
:107260004CD1049B5E4A5B1A9BB201935D4B1B7829
:107270004AB3002637461DE0F31ADCB2042C00F2B4
:10728000EC8004EB44040AEBC404019AA36803985D
:107290000591984708280599024603D9019B834226
:1072A00080F082804F4B1B780136F6B21A1DB24235
:1072B000374623DBB342DFD9DBF8004006EB460359
:1072C00004EBC304E1E7484B17461C46052FFEB20A
:1072D00000F0C380019AA368039805919847082895
:1072E0000599024602D9019890425DD23D4B1B7828
:1072F00001370433BB4204F11804E7DAD9F800304F
:10730000D9077FF535AC00BE32E4364C344F3046F9
:1073100000F084FD98F802202378009287B30027BC
:10732000BB4226D8FB1ADBB2042B00F2A18003EB90
:1073300043030AEBC3035B68304698472378013761
:10734000FFB21A1DBA42EBDA37222848002119F0A1
:1073500005FC274B009A88F802204FF0FF321A6094
:107360005A609A60DA601A615A619A61DA611A8425
:1073700036E6DBF8003007EB470203EBC203DAE73F
:10738000194B304626461C4601E0052F70D0636835
:10739000019098473278019801370432BA4204F1DB
:1073A0001804F2DA0646CFE7009B012B38D0009B89
:1073B00003B391F802C0002305E00133C6700098C2
:1073C000DCB2844216D20CEB030058FA80F0C47889
:1073D000FF2CF2D092E700BF000000000000000088
:1073E00000000000C8680120EC8207001C69012031
:1073F0001F69012033462048CDE9001201F088FBC7
:107400001E4B1B78DDE900120433BB421144BFF66A
:107410001CAF73E70B78CA78009219444B781EE7CB
:10742000A3681748834206D0009C1648834208BFD1
:1074300002240094BDE702230093BAE7124B039E97
:10744000002B3FF4D1ADAFF30080CDE5FDF734FA6A
:107450000246002A3FF48CAB3DE600239B68FFDE2A
:10746000D9F80030DB077FF5FAAA00BEFFF7F7BABC
:1074700000235B68FFDE00BF2F690120C868012080
:10748000554F0500DD5605000000000030B589B0FD
:1074900000248D1ECDE9024404948DF809108DF866
:1074A0000800032D5CD8DFE805F0082C48023B4BB0
:1074B0001978C80761D409B030BD384938480B780D
:1074C00000686FF300030B700C7800236FF3410426
:1074D0000C704B700C7863F382040C70002A37D068
:1074E00002A905AA0EF078FE059B002BE3D02D4BD8
:1074F0004FF080525A6040BFBFF34F8FBFF36F8F82
:10750000D9E7264B19784907D5D51978244C6FF35C
:107510008201197000230521CDE9053307938DF809
:1075200014008DF815102068002A2FD1134605A9E4
:107530004FF0FF320EF06AFCBDE7184B1978CC070C
:10754000B9D51978164841F00401006819705AB984
:10755000134602A94FF0FF320EF058FC09B030BDBF
:107560000F4B1868002AF3D0002302A905AA0EF0D9
:1075700033FE059B002B9ED0B9E7197808486FF3BE
:10758000820100681970002AEED1E1E705A901AA7D
:107590000EF022FE019B002B8DD0A8E71C69012074
:1075A0005869012000ED00E030B5144D85B000248D
:1075B0000123CDE9014403948DF804008DF80810EF
:1075C00028688DF805303AB9134601A94FF0FF320B
:1075D0000EF01CFC05B030BD234601A96A460EF032
:1075E000FBFD009B002BF5D0054B4FF080525A60FD
:1075F00040BFBFF34F8FBFF36F8FEBE75869012098
:1076000000ED00E030B50B4685B0044649681868C7
:10761000124D8DF8044002AC03C4002306212868F3
:10762000ADF806308DF805103AB9134601A94FF0B0
:10763000FF320EF0EBFB05B030BD6A4601A90EF03B
:10764000CBFD009B002BF6D0054B4FF080525A60CB
:1076500040BFBFF34F8FBFF36F8FECE75869012036
:1076600000ED00E030B585B0164D03929DF8204046
:107670002D680022CDE901228DF8081007218DF830
:1076800004008DF809308DF8051044B9234601A98E
:1076900028464FF0FF320EF0B9FB05B030BD13465F
:1076A00001A928466A460EF097FD009B002BF4D0F6
:1076B000054B4FF080525A6040BFBFF34F8FBFF36E
:1076C0006F8FEAE75869012000ED00E02DE9F84FDF
:1076D000DDE90A8A002A3CD0DFF8809007460C4694
:1076E0001E4615464FF0000B17E099F8021001F006
:1076F000DBF9034621463846EBB100F0F9FAF8B160
:10770000A378DA0914BF8AF8003088F800302378AB
:107710000BF1010BAB451C441BD06378052B2046B5
:107720000ED1E17801F00301B14209D1A37803F051
:107730007F03082BD9D9084B1B68DA0700D500BE98
:10774000054B1B68DB0702D40020BDE8F88F00BEA4
:10775000FAE70120BDE8F88FF0ED00E01C69012098
:1077600030B5124D85B000230824CDE90201019304
:1077700028688DF805403AB9134601A94FF0FF3249
:107780000EF044FB05B030BD6A4601A90EF024FDA1
:10779000009B002BF6D0064B4FF080525A6040BF42
:1077A000BFF34F8FBFF36F8FECE700BF5869012025
:1077B00000ED00E038B58B7803F07F03082B06D985
:1077C0000A4B1B68DB0700D500BE002038BD084B04
:1077D0000C4605460846997801F066F90028EFD076
:1077E00021462846BDE8384000F082BAF0ED00E0BE
:1077F0001C690120F8B5194B01F07F0403EB440329
:1078000003EBD11101F12004607910F0010519D1C9
:1078100063795A07C3F3800701D52846F8BD104E97
:107820004FF0FF3130680EF0E1FE607910F0010595
:107830000BD163795B0709D4637943F00403637167
:10784000012503E000252846F8BD3D4600233068A9
:107850001A4619460EF0DAFA2846F8BD1C690120CE
:107860005469012038B5134D0C4628684FF0FF319C
:107870000EF0BCFE104B04F07F0103EB410303EB61
:10788000D41120314B7913F0010310D14A79C2F39E
:107890008004520703D54A7963F382024A710023B8
:1078A00028681A4619460EF0B1FA204638BD002461
:1078B000F5E700BF546901201C69012070B5144D23
:1078C00001F07F0605EB460505EBD1142034657900
:1078D000ED0706D50F4B1B68DA0700D500BE002068
:1078E00070BD657945F00105657100F0E7FA002883
:1078F000F6D16379074A60F300036371637960F33B
:10790000820363711368DB07E9D500BE70BD00BF59
:107910001C690120F0ED00E0054B01F07F0203EB54
:10792000420303EBD11191F8250000F001007047EC
:107930001C69012010B50C4B01F07F0203EB4203E0
:1079400003EBD11494F825309B0700D510BD2034EB
:1079500000F05CFB637943F002036371637943F0E9
:107960000103637110BD00BF1C690120054B01F0CC
:107970007F0203EB420303EBD11191F82500C0F322
:10798000400070471C6901200B4630B40A4C49681E
:1079900005461868224603C293F9002000239A4244
:1079A000C4E902332846A8BF802130BCB8BF1946BD
:1079B0001A46FFF783BF00BF1C6A0120F0B50C46D2
:1079C000284F496806462068BA603D4603C5002135
:1079D000F981E588AB4228BF2B4683B0BB81A5B1B6
:1079E0001BB352B397F90000402B28BF4023002857
:1079F0002ADB1D4A3046FFF761FF98B91B4B1B6815
:107A0000DB071ED500BE03B0F0BD94F90030002B9B
:107A1000ACBF8021002130462B462A46FFF74EFF9F
:107A20000028EBD0012003B0F0BD97F90020002A18
:107A3000ACBF194680211A46DCE70C4B1B68D907FE
:107A40000CD4002003B0F0BD1146074801931A463C
:107A500019F05CF8044A019B8021CBE700BE104678
:107A6000E1E700BF1C6A0120306A0120F0ED00E070
:107A7000034B0022C3E90022C3E902221A617047C6
:107A80001C6A0120014B1861704700BF1C6A01206D
:107A90000346044A59680068134603C30023C2E939
:107AA000023370471C6A0120F0B5414C2578C909A2
:107AB000B1EBD51F83B01F46064616D033B13D4B00
:107AC0001B68DA0757D4002003B0F0BD3A4B13B15E
:107AD0002146AFF300802369002B2FD0344A304673
:107AE00002219847012003B0F0BD94F90020002A3C
:107AF00006DBA0680028E6D030491A4619F006F8DF
:107B0000E589A168E2883D44ADB23944AA42E581E5
:107B1000A16016D03F2F14D9A28994F90000531BFD
:107B20009BB2402B28BF402300282FDB95423BD03F
:107B3000224A00213046FFF7C1FEB0B1012003B058
:107B4000F0BD236923B11A4A012130469847A0B1FC
:107B500094F9002000239A42ACBF80211946304698
:107B60001A46FFF7ABFE0028E8D1124B1B68DB0773
:107B7000A9D500BEA8E700BEA5E70146304600F043
:107B800045FA3046802100F041FAD7E7954208D007
:107B90001A460A48019318F0B9FF084A019B802150
:107BA000C8E780210022C5E700210A46C2E700BFDE
:107BB0001C6A0120F0ED00E000000000306A0120A6
:107BC00042DF704743DF704744DF704712DF704782
:107BD0002C4B5B68C3F3080313B9EFF310839BB11D
:107BE000294B93F8D820002A36D1012283F8D820D7
:107BF0000260BFF36F8FBFF34F8F244A904227D0AC
:107C0000043A904224D07047214A53681B06E7D5B6
:107C1000802110B4C2F88410BFF34F8FBFF36F8F71
:107C2000194B93F8D840E4B9012283F8D8200260B8
:107C3000BFF36F8FBFF34F8F144A90421DD0043AA9
:107C400090421AD0124B80225A605DF8044B704764
:107C5000002283F8D8207047014601220D48FFF723
:107C60007FBD5160C2F88410BFF34F8FBFF36F8F99
:107C700093F8D840002CF4D1D6E7002283F8D8201E
:107C8000E0E700BF00ED00E0706A012050700240A4
:107C900000E100E0D17B0500704700BF014B80226E
:107CA0005A60704700E100E0074BD3F80014D3F8A6
:107CB000002400200A434FF48001C3F80024C3F8D5
:107CC0005801C3F80413704700700240034B0022B0
:107CD000C3F8042510460221FFF7D8BB007002400C
:107CE000024B0122C3F80425704700BF0070024018
:107CF000F0B488788D88CC78444FC10900F07F02B9
:107D000002EB42034E00DB000E4403EB86033B44D0
:107D100004F00304C5F30A05012C1D812FD0D9B14D
:107D20003B49941C012303FA04F4C1F80443D1F83D
:107D3000104503FA02F22243C1F81025344B40F4F7
:107D40008072C3F81805C3F80C25BFF36F8FBFF31B
:107D50004F8F0120F0BC70472D4C02F10C05012320
:107D600003FA05F5C4F80453D4F81455934002F50A
:107D700094722B43C4F8143544F82210DEE7082A25
:107D800007D0244B186810F00100E3D000BE00209B
:107D9000E0E7E9B9B7F8D4301BB11D4B8022C3F836
:107DA0001C251B4A0023C2F85031D2F8003313F4CB
:107DB000001308BFC2F85431154B4FF44012C3F8FA
:107DC0000423D3F8142542F48072C3F81425B5E7D0
:107DD000B7F8C8200E4B0021C3F82C1112B1802235
:107DE000C3F81C250A4AD2F8003313F4001308BF65
:107DF000C2F85431064B084AC3F80423D3F81025BF
:107E000042F48072C3F8102598E700BF706A012021
:107E100000700240F0ED00E000082000214B8022BD
:107E2000F0B4C3F88420BFF34F8FBFF36F8F1E4AA7
:107E30001E4E0D21012500231D4CA1F10A004FEA21
:107E4000810C05FA01F7644405FA00F0013138436A
:107E50001429C6F808036360A362C2E90033C2E9CB
:107E60000233C2E9043302F11802E5D11149124A82
:107E7000C6F80823C6F81C35C1F8C0307362C1F8D3
:107E8000C430B364C1F8C830C6F81455C1F8CC305A
:107E9000C6F81055C1E93433024B80225A60F0BC59
:107EA000704700BF00E100E0886A012000700240D6
:107EB000D06F0240706A012000083000F0B501F078
:107EC0007F00CF090D467C0000EB4001DFF838C190
:107ED000C9003C4401EB84040CEB040E1E46002355
:107EE000AEF806304CF8042083B0AEF804604300CE
:107EF00040B127BB0CEB01039A7A002A48D101203C
:107F000003B0F0BDD6B93A4AD2F88024C2F3C01209
:107F1000974213D03748FFF75BFE374B5B68C3F3DC
:107F20000803003B18BF012300933046294633461F
:107F30003246FFF797FB012003B0F0BD17B30344AF
:107F40000CEBC30C00EB8003BCF81210BCF8102043
:107F5000BCF81440DCF80C50521A9B0092B203F1AA
:107F6000804303F51C332549C3F80056A24228BFBD
:107F7000224601EB8000C3F80426FFF729FE01200A
:107F800003B0F0BD1E48FFF723FE012003B0F0BD93
:107F900008289F720ED1164BD3F8C024D103AED45B
:107FA000DCF8C010C3F8A0171648C3F8A427FFF7E1
:107FB0000FFEA4E75CF801500D4C9A8800F594710F
:107FC00000EB800654F82110DB88D31A9BB289B2EB
:107FD00004EB86028B4204F1280428BF0B46C2F84A
:107FE000005704EB8000C2F80437FFF7F1FD86E785
:107FF000007002405070024000ED00E0047002404A
:108000004C70024048700240706A0120F8B511F0CF
:108010007F0307D11A4B01225A65BFF36F8FBFF35D
:108020004F8FF8BD082BF8D0154A41F48070C9096C
:10803000C2F81805F1D1134D03EB430005EBC00462
:10804000C000A67A002EE8D003F59476A17252F80B
:108050002660A188E4882F580B480C1BA1B2B5B24A
:1080600003EB830C02EB8C02A94228BF2946C2F81D
:10807000007700EB8300C2F80417FFF7A9FDCCE7F7
:1080800000700240706A01202870024011F0770FE2
:1080900012D00A4B41F48072C3F80C15C3F80C25BA
:1080A000CA09C3F8181504BF01F5947143F82120DB
:1080B000BFF36F8FBFF34F8F704700BF0070024058
:1080C0002DE9F04F854B8648D3F80013002387B085
:1080D0001F461D46012421FA03F2D6070BD550F89E
:1080E000232042B104FA03F240F823501743BFF3B0
:1080F0006F8FBFF34F8F0133192BECD1FC0700F1C9
:10810000C781784E380508D5744BD3F8A8360122BC
:108110009BB2A6F8D23086F8D720B90214D56F4C9E
:10812000D4F81435DA0500F10482D4F81035DB05F3
:1081300040F1098296F8D730002B40F034820122BA
:1081400003210020FFF7A2F979021FD5634BD3F872
:10815000004404F4E062C3F80024E20500F1DE818B
:10816000650510D55D4B0122C3F808259A65D3F843
:10817000002312F4001208BFC3F85421574B4FF4E8
:108180000012C3F80423A00500F1C28139022BD5E7
:10819000524BD3F88024D2B28DF81020D3F8841437
:1081A000C9B28DF81110D3F888048DF81200D3F8F5
:1081B0008C048DF81300D3F890048DF81400D3F8D4
:1081C00094048DF81500D3F898048DF81600D3F8B0
:1081D0009C348DF81730520601D1052904D00122B4
:1081E00004A90020FFF70EFA3F4B3B403BB196F845
:1081F000D830002B00F08581002386F8D830DFF8D6
:10820000E490DFF8D8A002974D460024C8460DE060
:10821000B2F806C0A5F804C0D2880127009792B230
:10822000FFF720FA082E3DD001341835029B04F1E7
:108230000C0223FA02F204EB440C04EB840E08EB6C
:10824000CC0C0023E6B212F0010F0AEB8E0E624650
:1082500031461846E6D0DEF808E72F685FFA8EFE52
:1082600007EB0E0BC5F800B0BCF806B01EFA8BFB8E
:108270001FFA8BFB082CACF806B01FFA8EFEC7D095
:10828000B5F808B0F345C3D1BCF806C0B5F804E0B2
:108290001FFA8CFCE645BBD9002EC3D11348FFF76B
:1082A00097FCC1E7029F124B3B404646002B00F073
:1082B000CA800A4BD3F86C84C3F86C84BFF36F8F09
:1082C000BFF34F8F17F4806740F0C080CDE902778D
:1082D000024FDFF820A0002416E000BF007002402B
:1082E00000710240706A0120FCFB1F004C700240CC
:1082F0000004000104700240002C00F0BC80072D37
:108300003DD0013409F1180928FA04F304EB840C78
:1083100004EB440213F0010F07EB8C0C06EBC202D6
:10832000E5B24FEA8400E7D0DCF80816D9F80C3043
:10833000C9B203EB010BC9F80CB0538A11FA83F3ED
:108340009BB25382518AB9F810E089B271454FF05F
:108350000003504445F0800180F08580538AB9F8CD
:108360001420CCF800B6AEEB03039BB2934228BFB7
:108370001346CCF80436FFF72BFC072DC1D118F4B7
:10838000803F7DD1039B002B7AD118F4003F08D0A9
:10839000F28BB38B92B2934200F2F280012386F803
:1083A000223018F4802F08D0F38EB28E9BB2934205
:1083B000C0F00681012386F83A3018F4002F0AD065
:1083C000B6F84E20B6F84C3092B29A42C0F00B810B
:1083D000012386F8523018F4801F0AD0B6F86620C0
:1083E000B6F8643092B29A42C0F01181012386F847
:1083F0006A3018F4001F0AD0B6F87E30B6F87C2038
:108400009BB29342C0F02181012386F8823018F498
:10841000800F0AD0B6F89630B6F894209BB29342FB
:10842000C0F02781012386F89A3018F4000F0AD093
:10843000B6F8AE30B6F8AC209BB29342C0F02E81B5
:10844000012386F8B23007B0BDE8F08FD3F880245E
:10845000D3F8803483F08003C3F3C0130393C2F3D3
:10846000C013029334E7528A0120009092B218465A
:10847000FFF7F8F843E7029B002B3FF442AF53E7C6
:10848000F388B2889BB29A4267D80123B3727CE723
:108490008D4B8E4A8E4E8F4800240125C2F814550C
:1084A000C2F81055546094625C609C629C60DC620F
:1084B000DC601C631C615C635C619C639C61DC63CD
:1084C000DC611C6454629464C2F85841D2F80034F0
:1084D000D2F800140B43C2F80034D2F80033C2F8CB
:1084E00008332146C2F804033046DC2218F036FB7C
:1084F00040232A4621462046B3823381FFF754F8B1
:1085000000E6754B1B68DB077FF579AE00BE76E6AB
:10851000012205210020FEF7B9FF37E60122C3F84A
:108520002C2504210020FEF7B1FF65057FF52BAE59
:1085300018E6D4F8C034DD037DD5D4F81035D8055D
:108540003FF5F8ADFBE54FF40013C4F80833012202
:1085500003210020FEF79AFFF6E55C493468D1F864
:10856000A004F388C1F80047D31A9BB282B29342A9
:1085700028BF13465948C1F80437FFF729FB04E721
:10858000524AB469D2F8A414F08BC2F814471B1AEB
:108590009BB289B28B4228BF0B465148C2F81837AC
:1085A000FFF716FBFDE6B6F8D2200023012100916B
:1085B00092B21846882186F8D730FFF753F8BEE507
:1085C0004249346BD1F8A804F38EC1F82847D31A76
:1085D0009BB282B2934228BF13464248C1F82C375F
:1085E000FFF7F6FAE9E6394AB46CD2F8AC14B6F8FB
:1085F0004E00C2F83C471B1A9BB289B28B4228BF7F
:108600000B463948C2F84037FFF7E2FAE3E62F4A53
:10861000346ED2F8B014B6F86600C2F850471B1A90
:108620009BB289B28B4228BF0B463048C2F8543700
:10863000FFF7CEFADDE6D6F8C020C4F8A0272C4814
:10864000C4F8A437FFF7C4FA77E72049B46FD1F82C
:10865000B404B6F87E30C1F86447D31A9BB282B234
:10866000934228BF13462348C1F86837FFF7B0FA92
:10867000CDE61649D6F89040D1F8B804B6F8963051
:10868000C1F87847D31A9BB282B2934228BF1346EF
:108690001948C1F87C37FFF79BFAC6E60B49D6F8B4
:1086A000A840D1F8BC04B6F8AE30C1F88C47D31A54
:1086B0009BB282B2934228BF13461048C1F890374C
:1086C000FFF786FABFE600BF047002400070024068
:1086D000706A01200514C001F0ED00E0287002402E
:1086E0002C700240307002403470024038700240FA
:1086F000487002403C7002404070024044700240AA
:10870000F0B5012883B006D0022800F0828000284E
:108710003AD003B0F0BDB34BD3F80025002AF8D00F
:108720000022C3F80425BFF36F8FBFF34F8FAE490C
:108730008020C1F88400BFF34F8FBFF36F8FD3F851
:108740000013C3F80813C3F80025BFF36F8FBFF3FE
:108750004F8F43F2040103F18D53096803F577232A
:1087600003F2DB53994200F06D81A04B01221A60A5
:108770009F4B5A68C2F30802003A18BF0122022137
:108780000020FEF783FEC4E7964BD3F80025002AAD
:10879000BFD14FF480014FF40062C3F80813C3F84F
:1087A0000024BFF36F8FBFF34F8F924B1B68082BD2
:1087B00000F0C7808B4B0122C3F80025BFF36F8FF9
:1087C000BFF34F8F43F2040203F18D53126803F598
:1087D000772303F2DB539A4200F0DD804FF08043B1
:1087E000D3F80C24D3F80C34DF0300F1E88043F213
:1087F0000402814B12689A4200F0E5807F4B002210
:108800001A601B6801934FF08043012201991A609E
:108810007FE7744BD3F80435002B47D1714AD2F867
:1088200000341805FBD54FF40063C2F80034BFF3E1
:108830006F8FBFF34F8F6F4B1B68082B48D0694970
:10884000694A80230120C1F81C35C1F80403C2F82D
:1088500084315360684E43F204054FF080442B6826
:10886000B34211D0D4F80C24D4F80C34D903F6D583
:10887000D307F4D55B4B0122C3F80425BFF36F8FF8
:10888000BFF34F8F03B0F0BD01A800278DF804702F
:10889000FFF79CF99DF80430002BE3D001A8019765
:1088A000FFF792F9019B002BD9D0E3E743F20402D2
:1088B000514B12689A4200F0B1804FF08043D3F8D8
:1088C0000C24D3F80C34DD03A8D5D407A6D520E7B3
:1088D0004B4B1B68032BB2D84A4B1A68002A40F056
:1088E000BE80494849F27531196002601960414AF9
:1088F000434B12681B68082AA1D1032B9FD8434A17
:10890000D35C93B13F4B1A68002A40F0B0804048D6
:1089100049F27531196002601960364A384B1268A5
:108920001B68082A8BD1032B89D83A493A4B40F26D
:10893000E370402208601A60BFF36F8FBFF34F8F60
:108940007DE72F4B1B68032B3FF634AF2F4AD35CD8
:10895000ABB12C4B1A68002A40F08D802C4949F2AB
:10896000753203201A6008601A60224A244B12688C
:108970001B68082A7FF41EAF032B3FF61BAF214B69
:108980001A68002A6FD1204949F27532C0201A6056
:1089900008601A600EE701A800248DF80440FFF774
:1089A00015F99DF80430002B3FF418AF01A801948D
:1089B000FFF70AF9019B002B7FF4ABAE17E7D60750
:1089C0003FF5A7AE13E7002301A88DF80430FFF7A9
:1089D000FDF89DF80430002B3FF410AFFFF7F0F8DE
:1089E00097E600BF0070024000E100E00400004094
:1089F00000ED00E030010010DBE5B1510001004066
:108A00003401001000EC064014EC064064830700BB
:108A100014ED0640007802400478024001A80024CA
:108A20008DF80440FFF7D2F89DF80430002B3FF496
:108A300044AF01A80194FFF7C7F8019B002B7FF416
:108A400068AEEBE601A88DF80420FFF7BFF89DF8AB
:108A50000430002B3FF489AEFFF7B4F888E6084BEA
:108A600000221A6043E7064BC0221A60A2E6054BBB
:108A700000221A6051E7034B03221A6075E700BF1A
:108A800014EC064014ED064008B50020FDF74AFF3F
:108A900000B108BD024B1B68DB07FAD500BE08BD5C
:108AA000F0ED00E0FDF738BFC378828803F00300E3
:108AB0000228C2F30A0205D0032819D0012807D0E2
:108AC0000020704702291CD0402A09D80120704795
:108AD000022940F2FF3308BF4FF480639342F6D27D
:108AE0000A4B186810F00100F1D000BE002070475A
:108AF00002290CBF4FF4806340239342F0D301203E
:108B0000E5E7B2F5007FE1D0EAE700BFF0ED00E075
:108B10000A44914216D230B44C78052C05D00C781A
:108B200021448A42F8D830BC70478C7804F07F0525
:108B300000EB4505E4092B550C7821448A42EBD81B
:108B400030BC7047704700BF30B40A236B240170FB
:108B500044708370F9B942700122114B02714FF4D5
:108B6000C8714FF001320F4DC0F806306424002365
:108B70004181C26040F2FF71C0F816200A220561EF
:108B80008482438430BC80F824308377C0F8263058
:108B9000418382837047012908BF8270DCE700BFF0
:108BA000D007A0011000A001F8B5077804460E46D2
:108BB00015469FB1012F0FD18078002110F06AFB7C
:108BC00031461048E7F72CF929460E48E7F728F90F
:108BD000A078394610F05EFB0020F8BD41780A48C5
:108BE000F1F766FA31460848F1F748F92946064890
:108BF000F1F744F90448F1F7C5FA003818BF01202D
:108C0000F8BD00BF4C5A0120C05C01202DE9F041A5
:108C1000047806460F4690460CB3012C19D1807893
:108C2000002110F037FB48F080011F48E7F7F8F803
:108C300000211D48E7F7F4F801210446B07810F050
:108C400029FBFF2C14BF002605263C703046BDE8EA
:108C5000F081002634463C703046BDE8F081417812
:108C600012480546F1F724FA41462846F1F706F97D
:108C70002846F1F787FA0346717828461E1E4FF002
:108C8000010218BF0126F1F7D3F902E0F1F70AF962
:108C9000C4B22846F1F7EEF803462846002BF5D17A
:108CA0003C703046BDE8F0814C5A0120C05C012088
:108CB00030B5012183B004460F2010F067FA204B35
:108CC00040F20332C3F8202701210F2010F0E2FA0E
:108CD0000A200CF089FF257875B3012D0ED11948B3
:108CE000E6F798FF17482946E7F748F8A07829469D
:108CF00010F04CFAA078294610F0CCFA00238DF839
:108D0000063042F210729DF80630013A0133DBB2B0
:108D100092B28DF80630002AF5D120460F220DF1CF
:108D20000701FFF773FF9DF807006938012894BF1A
:108D30000020012003B030BD0348F1F7F3F8DDE770
:108D4000000300504C5A0120C05C01202DE9F04185
:108D5000044682B000258DF80450FFF7A9FFA37BDD
:108D60008DF80450012B064638D02A4610212046A3
:108D7000FFF71AFF132201A92046FFF747FF9DF8CE
:108D80000420E37B02F07F02012B8DF804204FF0DA
:108D9000130108BF42F08002204608BF8DF804206E
:108DA000FFF702FF23790022012B8DF8042000F049
:108DB0009F8011212046FFF7F7FE0F220DF10501DC
:108DC0002046FFF723FF237E012B59D094F8223051
:108DD000002B63D1304602B0BDE8F081A28A642A3C
:108DE00000F02881C82A00F01F81322A0BBF072219
:108DF00004220F200C200BBF0B2508250323002382
:108E0000218A042900F01B81082900F01181022920
:108E100008BF1A46638A40F241318B4200F050810C
:108E200010D8342B00F052811ED9D02B00F02C81A9
:108E3000B3F5D07F40F0568142F06002D2B28DF897
:108E4000042093E741F604218B4200F0458140F273
:108E50008D8043F212418B4240F0448162F04F0218
:108E6000D2B28DF8042081E70D2B00F013811A2B6C
:108E700040F0388142F02002D2B28DF8042075E72C
:108E80009DF80530692B00F0CC806A2B04BF4FF4AD
:108E90008073238494F82230002B9BD05C220DF148
:108EA00006012046FFF7B2FE94F824509DF80620F4
:108EB0002D0105F0100502F01007AF4240F0908040
:108EC0009DF80530692B00F0C8806A2B82D10DF126
:108ED000070119222046FFF799FE9DF8072020463A
:108EE00042F0200219218DF80720FFF75DFE71E79F
:108EF000E388B3F5FA7F00F0A48047D87D2B00F01B
:108F00008480F52B15BF8C2180217C20702015BF1B
:108F10006C2560255C27502715BF4FF04C0C4FF097
:108F2000400C3C22302215BF4FF02C0E4FF0200E8B
:108F30004FF01C084FF010082389D02B00F0B480AC
:108F400007D81A2B00F0AC80342B43D18DF80420C5
:108F50002FE740F24132934200F0AE8040F27C6253
:108F6000934230D18DF804100A4622E740F27C612A
:108F70008B4200F0838040F602518B4240F0B28079
:108F800062F06F02D2B28DF80420EFE6B3F57A7F7B
:108F900015BF8C2188217C20782015BF6C25682581
:108FA0005C27582715BF4FF04C0C4FF0480C3C2263
:108FB000382215BF4FF02C0E4FF0280E4FF01C0832
:108FC0004FF01808B8E7B3F5D07F71D18DF8045091
:108FD0002A46EEE60D2B6BD18DF804804246E8E67A
:108FE00022F010022A435C2120468DF80620FFF76C
:108FF000DBFD002F7FF464AF002D3FF461AFAA22A8
:1090000042212046FFF7D0FD5AE7822172206225D7
:1090100052274FF0420C32224FF0220E4FF012082E
:109020008AE710232384D1E605220D200925E7E6EF
:109030000246EFE606220E200A250223E0E62A4633
:10904000E8E684217420642554274FF0440C342230
:109050004FF0240E4FF014086EE70DF1070158226F
:109060002046FFF7D3FD9DF80720204642F08002FE
:1090700058218DF80720FFF797FDABE662F07F02DD
:10908000D2B28DF8042071E642F05002D2B28DF8CF
:1090900004206BE642F01002D2B28DF8042065E69F
:1090A0008DF804E0724684E68DF804703A4680E656
:1090B0008DF804C062467CE68DF80400024678E62E
:1090C00042F07002D2B28DF804204FE642F0300236
:1090D000D2B28DF8042049E662F05F02D2B28DF878
:1090E000042043E642F04002D2B28DF804203DE66F
:1090F000F8B5037805460C4616460BB3012B1CD178
:109100008078002110F0C6F846F080012248E6F78A
:1091100087FE00212048E6F783FE002120700646E6
:109120001D48E6F77DFEFF281AD060700026A8785B
:10913000012110F0AFF83046F8BD00263046F8BDEA
:1091400041781648F0F7B4FF31461448F0F796FE20
:109150001248F1F717F8064640B101263046F8BD2F
:10916000FF2E607014BF00260526E0E70B486978E3
:1091700002220546A71CF0F75BFF05E0A742DDD001
:10918000F0F790FE04F8010B2846F0F773FE034653
:109190002846002BF2D1D1E74C5A0120C05C0120B7
:1091A00030B583B000232A2201A9ADF8043005466A
:1091B000FFF79EFF9DF805209DF8043043EA022347
:1091C0001CB220B1052822D02B8D01332B85288A93
:1091D000400816F0D1FC07EE904AF8EEE77A024616
:1091E00017EE900A14460D4616F0D8FC02460B46C0
:1091F0002046294616F02AFD07A3D3E9002316F0DE
:1092000025FD17F01BF800EE100A03B030BDEB8C03
:109210000133EB84DBE700BFD5CC5A0A48FB0F3F94
:1092200030B583B000232C2201A9ADF804300546E7
:10923000FFF75EFF9DF805209DF8043043EA022306
:109240001CB220B1052822D02B8D01332B85288A12
:10925000400816F091FC07EE904AF8EEE77A0246D5
:1092600017EE900A14460D4616F098FC02460B467F
:109270002046294616F0EAFC07A3D3E9002316F09E
:10928000E5FC16F0DBFF00EE100A03B030BDEB8CFE
:109290000133EB84DBE700BFD5CC5A0A48FB0F3F14
:1092A00030B583B00023282201A9ADF8043005466B
:1092B000FFF71EFF9DF805209DF8043043EA0223C6
:1092C0001CB220B1052822D02B8D01332B85288A92
:1092D000400816F051FC07EE904AF8EEE77A024695
:1092E00017EE900A14460D4616F058FC02460B463F
:1092F0002046294616F0AAFC07A3D3E9002316F05E
:10930000A5FC16F09BFF00EE100A03B030BDEB8CFD
:109310000133EB84DBE700BFD5CC5A0A48FB0F3F93
:1093200072DF704773DF704774DF704777DF704715
:1093300038B5054608460C4602F0C4FB102803D099
:1093400080280ED0012038BDEB7FA2881B2B0EDCBD
:10935000E9180320E85448704A80EB7F0433EB7728
:10936000F0E7A368002BEDD0E97F0D2901DD002097
:1093700038BD6A18112068540721517058681C685C
:109380009968DB68C2F80E30C2F80600C2F80240E5
:10939000C2F80A10EB7F1233EB77012038BD00BF13
:1093A0000022C2770270704730B5D1E9042485B03D
:1093B000CD68074B00936946CDE902240195FFF77C
:1093C000B7FF0446684602F04FFB204605B030BDAB
:1093D000BC830700F0B589B00646202213486946D1
:1093E00002F0E2FFF37FC2181D2A0CDDC3F11D0459
:1093F000E4B2E2181D2A4FF00005D8BF082705DDAA
:10940000284609B0F0BD044601250927F218601C62
:10941000F05469465770901C224617F077FBF27F94
:10942000023214442846F47709B0F0BD646B012081
:1094300010B50446094803F015F8E37F1C2B01DD45
:10944000002010BDE2180221E1540A2390705370ED
:10945000E37F0333E377012010BD00BF646B01207D
:10946000C27F1C2A01DD0020704710B403469C18FF
:10947000022098540120A1706070DA7F0332DA77FD
:109480005DF8044B704700BFC07F7047704700BF56
:1094900038B551B11F2A144601D9002038BD054600
:1094A00017F034FBEC77012038BD084638BD00BF0B
:1094B0000023C3770370704710B4084A084C094969
:1094C00002620022C0E90A41C0E90C225DF8044BA7
:1094D0000270C27742628263704700BFFF010100E1
:1094E0002000F40020001E00C185704780F8211084
:1094F000704700BF018581854285704790F8230041
:10950000704700BF80F82210704700BFF0B51546C5
:1095100005EB8503274A89B0044603EB830300204B
:109520000E469B0011680290CDE90460ADF814303E
:1095300094F821308DF80830CB07CDE90600039070
:1095400009D41D491D4BC87FE77F988101201C600D
:1095500099609F801060194902AA04F12000FFF76A
:10956000DFFE10B1002009B0F0BD94F820101448BF
:10957000019102F077FF019902460120FFF7D6FE24
:109580000028EFD194F820000121FFF7CBFE00283E
:10959000E8D10B4802F0ECFF628EA68595424FF0B1
:1095A000010094BF521B921A628684F8230009B00E
:1095B000F0BD00BF4C6B0120E0710120506B012019
:1095C000646B0120F0B5002361F30F032D4D0446B9
:1095D00061F31F4389B00363FA21284602F04AFF72
:1095E000E68D2949278D0868049706EB860303EB6F
:1095F000830300229B000592ADF8143094F82130CB
:1096000002928DF80830C307CDE9062203920BD4ED
:109610001E4BE27F95F89B069A8005F27C6501223D
:109620001C609D6098810A60184902AA04F120001C
:10963000FFF776FE10B1002009B0F0BD94F82010BD
:109640001048019102F00EFF019902460120FFF738
:109650006DFE0028EFD194F820000121FFF762FE93
:109660000028E8D1074802F083FF638EA7859E4259
:109670004FF0010094BF9B1BDB1A638684F8230024
:1096800009B0F0BD646B01204C6B0120506B0120D0
:1096900010B5044690F82000FFF746FE08B1002000
:1096A00010BD84F82300024802F076FF012010BDAF
:1096B000646B012030B50B888D88112B85B0044672
:1096C00005D0262B33D0102B25D005B030BD436AF2
:1096D000EB40DB07F9D52E4801F0EEF90028F4D174
:1096E000636A94F82310012202FA05F523EA0503C0
:1096F00063620029E9D194F82230002BE5D0238E53
:1097000023486386FA2102F0B5FEE28D218D2046C2
:10971000FFF7FCFED9E7CB7B012BD6D1426A03FAD7
:1097200005F515430023456280F82330CDE70B7A19
:10973000012BCAD1002380F823304FF4FA7114486A
:1097400002F098FE238E5BB1658E95B1A36B0BB1D1
:109750009847658E618D2A462046FFF7D7FEB4E70D
:10976000A36B03B19847618D00222046FFF7CEFE20
:10977000ABE7074802F010FF626B002AA5D0009506
:1097800003AB2946284603950FF00EFB9DE700BF6B
:10979000646B012075DF704710B44FF010144FF464
:1097A00048010022C0E90041C0E902225DF8044BF3
:1097B000704700BF014800F085BF00BF5472012010
:1097C000F8B500250D4F2E4601E0142D14D0A9B296
:1097D000384602F0B5FE013504460028F5D000F009
:1097E000F3FD0028F1D0204600F0F8FD022804BF68
:1097F0000136F6B2142DEAD13046F8BD646B012073
:1098000070B58E881B480C4694B0314602F098FE25
:1098100023881A2B05D01F2B1CD0102B0FD014B06F
:1098200070BD054600F0D2FD0028F8D0284600F0B3
:10983000CFFD0028F3D1284600F05CFEEFE7694633
:1098400000F040FE0028EAD06A4631460A4801F09E
:109850006BFDE4E754F8080F61686B4603C33046BC
:10986000BDF80030ADF802306946FFF793FF14B041
:1098700070BD00BF646B0120846B0120AADF7047BC
:10988000ABDF7047ACDF7047ADDF7047AEDF7047CE
:10989000B0DF704710B5044B044640F8043B02F0BB
:1098A000E3F8204610BD00BF7483070010B5054BD8
:1098B000044640F8043B02F0D7F820460EF0DAFCEC
:1098C000204610BD7483070070B57B4B04461B68AF
:1098D000836196B0043002F005F994F82E30A06947
:1098E00013F0320208BF84F82F2013F00C0308BFD6
:1098F00084F830300DF10102694602F0ABF894F8BB
:109900002F209DF8010015070DD09DF8001002F0E2
:109910000F0301F00F059D424FEA12126DD243EA88
:10992000021284F82F2094F8303019070BD003F07E
:109930000F0100F00F058D424FEA131369D241EA7F
:10994000031384F8303094F82E1011F0300340F0F7
:1099500096800FAD0F93C5E90133C5E903338DF848
:109960003C10AB610021ADF809109DF80A10206A87
:109970001493012363F342018DF808208DF80A1037
:1099800008B1037873BB94F8263013B104F12603B1
:10999000129394F831200023D2070893079358BFFD
:1099A000E38AADF81C3004F1080004F12F01CDE981
:1099B000050154BF1846E08AADF82000294604F19D
:1099C0003203E569099505AA0020FFF757FF054610
:1099D00028B994F8253043BB237D002B64D028465A
:1099E00016B070BD109018F0A2F802AB80B2ADF8BE
:1099F0004400ADF846001393C5E74FEA111101D1B9
:109A000091428CD30A462B4643EA021284F82F2057
:109A100089E74FEA101001D1984290D303462946B6
:109A200041EA031384F830308DE7ADF80D009DF85E
:109A30000E2094F82F600C90012363F3420242F64B
:109A400008118DF80E208DF8123004AA0223ADF80B
:109A5000101003A90D90ADF83030ADF834300A92F3
:109A600004F124030B910DF102020AA98DF80C6098
:109A70000E93FFF705FF0028AED00546AFE70F4B6A
:109A80008DF805200FAD1B788DF8043002200023DF
:109A90000F938DF80600C5E90133C5E90333AB61C7
:109AA0008DF83C1001AB5DE72146054800F0C6FF8C
:109AB000284616B070BD00BF606B012068830700A8
:109AC000A46F01202DE9F0410B888E88502B8AB0BD
:109AD0000C46054609D0512B04D18B79012B19D0A6
:109AE000022B26D00AB0BDE8F081CB88428E9A4284
:109AF00035D0EA8E9A42F5D16B6D002BF2D095F8F5
:109B00004420648A920700F18A8022462946304622
:109B10009847E7E7836C002BE4D090F84420520785
:109B200001F108076CD43A46294630469847A37994
:109B3000D6E7A27B042A46D0062A20D0012AD1D11A
:109B4000EB6C002BCED095F84420170704F10804E5
:109B500000F1A5802246294630469847C2E7076DA6
:109B6000002FC6D090F84430D90768D404F1120809
:109B7000238A424629463046B847E388B9E7EA6B6C
:109B8000002AAFD0002202A93046CDE90222CDE959
:109B90000422ADF80C208DF80830FFF779FE2C6D0B
:109BA00054B195F84430D80700F19280B5F84230AE
:109BB000EA6B30462946A047E86B0CF04BF80023CF
:109BC000C5E90F338EE7E86B002878D0B5F8401070
:109BD000278A628A07EB020C00234FF0020E8C45A5
:109BE000CDE90633CDE908338DF818E039DD40F2D0
:109BF0000913ADF81C3006A93046FFF749FE71E79E
:109C000003211A46009106AB08213846CDE90665C6
:109C100008970FF0C9F8002889D1AB6C83E70320BF
:109C200000211A46009006AB0846CDE90665089467
:109C30000FF0BAF800287FF455AF6B6D65E7218A05
:109C4000069604F11208042300933A46404606ABF8
:109C5000CDE9088107950FF0A7F800288DD12F6D69
:109C600086E79DF81EC0ADF81C3004F114014CF0DD
:109C700001033844ADF822208DF81E300991ADF86B
:109C8000207016F043FF238A618AB5F842200B4406
:109C90009BB2934238BF1346A5F84230ABE703218D
:109CA0001A46009106AB0E212046CDE906650894C0
:109CB0000FF07AF800287FF415AFEB6C4AE74FF409
:109CC00080600BF0ADFF4FF48061C5E90F017FE7C5
:109CD000E86BB5F84210069604230093224606ABC3
:109CE000CDE9075009910FF05FF800287FF464AFC9
:109CF0002C6D5BE72DE9F04F0F464FF6FF718F4259
:109D000089B0064615461C4626D0F18A96F82E30B4
:109D10008C4228BF0C46DB0615D40DF1100B8C428B
:109D200028BF0C464FF00008718EADF810405A461F
:109D30004FF6FF700595ADF81280FFF7A3FD404682
:109D400009B0BDE8F08F3948394602F0CBFB08B1C5
:109D5000F18E31B9F18AE0E7344802F0E5FB0746BD
:109D6000D3E7002002230DF1100BADF81200ADF87F
:109D700010305A460DF10E0338460593FFF784FD67
:109D800043F2014398424FD000284AD19DF80E80FB
:109D900008F00108B8F1000F46D02448394602F017
:109DA000CFFB8246A0B300F01BFB033883B2002C2C
:109DB000C5D0CDF804804FF00009984605E0BDF805
:109DC0000E30E41AA4B21D4444B3504600F048FBE0
:109DD000A04503464246594628BF22463846BBB1F5
:109DE000ADF80E204FF00102738E8DF812200DF1A8
:109DF0000E02CDE90625CDF813908DF81790ADF839
:109E00001030FFF743FD0028D9D0504600F032FB58
:109E10004FF00008404609B0BDE8F08FDDF804803F
:109E20008DE700F00108B5E7F18A78E7646B01205F
:109E300010B5154B044640F8043B01F01DFE134AD3
:109E40000023127884F8443014200321A384C4F83A
:109E50002630C4F82A3084F82E30E082C4E90F336B
:109E6000C4E91233C4E9143384F831102375A361B3
:109E70002362E36163866363238784F82F2084F879
:109E80003020204610BD00BF7483070068830700A0
:109E900070B44E68164A86600260D1E90262154BC2
:109EA000154D1C7845600261142500220321C0E98C
:109EB0000F22C0E91222C0E91422C660C58280F8D0
:109EC000311080F844200275826102628284C0F8F9
:109ED0002620C0F82A2080F82E20C26142864263E4
:109EE000028780F82F4080F8304070BC704700BF78
:109EF0007483070068830700BC83070010B4D1E9AE
:109F00000142CB680361C0E902425DF8044B70472F
:109F100001230375704700BF80F82E10704700BF03
:109F2000C182704741B190F83130C182002262F3A2
:109F3000000380F83130704790F83130012262F32D
:109F4000000380F83130704780F82F1080F83020FF
:109F5000704700BF90F84430016562F3000380F859
:109F60004430704790F84430416562F3410380F813
:109F70004430704710B490F8443090F83140C164D8
:109F8000003918BF012161F3041462F3C30380F8A0
:109F9000314080F844305DF8044B704751F8322F5F
:109FA000026049684160704730B5C48A83B094420A
:109FB00023460D4628BF1346418E019500246A466C
:109FC0004FF6FF70ADF80030ADF80240FFF75AFCD5
:109FD00018B9BDF8000003B030BD204603B030BD55
:109FE00030B5C38A85B00A46022B28BF0223418EB2
:109FF000ADF8062000240DF1060502AA4FF6FF7009
:10A00000ADF80830ADF80A400395FFF73BFC18B9EE
:10A01000BDF8080005B030BD204605B030BD00BF1A
:10A0200030B5044685B0194802F07EFA94F82E3017
:10A0300013F0100302D1184605B030BD05460146A5
:10A04000124802F04FFA0028F6D0E18E11B9084606
:10A0500005B030BD0DF1060328460024022502AAF2
:10A060000393ADF80A40ADF80850FFF70DFC43F23A
:10A070000143984205D030B99DF8063003F0010045
:10A08000DAE72046D8E700F00100D5E7646B01204D
:10A0900090F82E3013F0100301D11846704730B5F8
:10A0A000044685B011480D4602F01CFA10B1E18E4D
:10A0B00011B9084605B030BD0DF10603284600244D
:10A0C000022502AA0393ADF80A40ADF80850FFF745
:10A0D000DBFB43F20143984206D008B99DF8060025
:10A0E00000F0010005B030BD2046E3E7646B0120BD
:10A0F00010B490F82E4014F0100407D013465DF809
:10A10000044B0A464FF6FF71FFF7F4BD20465DF899
:10A11000044B7047A1DF7047A3DF7047A4DF70478F
:10A1200000238383704700BF006A00F0E3B800BFDC
:10A13000808B70472DE9F0410B88CE88382B86B094
:10A140000C46054606D0392B66D0362B43D006B0D8
:10A15000BDE8F08100F12407002E36D10A8A384686
:10A16000314602F0C5FC94F80C80B8F1010F2CD0F8
:10A17000B8F1040FEBD1286A00F0BCF801465C4846
:10A1800002F0DEF900F02CF92A8E053883B29342F2
:10A1900028BF1346002B00F09A80218AE289286AA2
:10A1A000AC8B8DF80D600A44E96A05918DF80C803E
:10A1B000ADF81230ADF81020ADF80E4000F09AF86E
:10A1C00003A9FFF7A9FF0028C1D0384602F0A8FC78
:10A1D00006B0BDE8F081006A00F08CF80146444802
:10A1E00002F0AEF900F0FCF807466EBB05F124065C
:10A1F000E289304604F1100102F07AFC2B8E2BB17B
:10A20000F81EE38980B20138834255DA304602F005
:10A2100087FC06B0BDE8F0810B7B012B1AD0022B26
:10A2200095D1836B002B92D090F83C208F889207B9
:10A230001FD401F11006E28931462846984761890A
:10A240003846FFF76BFF82E705F12407384602F036
:10A2500067FCBDE7436B002B3FF479AF90F83C20DF
:10A26000D10717D404F11006E289314628469847F1
:10A270006DE7C989039004F1100603201A46009087
:10A2800003AB3046CDE904610EF08EFD0028D6D137
:10A29000AB6BD0E7E189039004F1100603201A4666
:10A2A000009003AB3046CDE904610EF07DFD00283F
:10A2B0007FF44DAF6B6BD7E7286A00F01BF86A8E0E
:10A2C000A98B92B2FFF726FF00289FD13FE7AA8B08
:10A2D000286AADF80E2040F20511ADF80C10CDE95A
:10A2E000043300F007F803A9FFF716FF6DE700BF7E
:10A2F000646B01208088704776DF70478FDF70477E
:10A3000090DF7047A5DF7047B1DF7047B5DF70475A
:10A3100010B5074B03600446806A0CF0E3FAE06A6C
:10A320000CF0E0FA206B08B10CF0DCFA204610BD0E
:10A330008C83070010B5094B03600446806A0CF05B
:10A34000D1FAE06A0CF0CEFA206B08B10CF0CAFA30
:10A3500020460DF08FFF204610BD00BF8C83070004
:10A3600070B504460D4692E80300A5800E0CA0616E
:10A37000A183144DA67717201B2156892560E08004
:10A380009589D089E181D179658101222275227474
:10A39000A08161741846194626819DF810500BF073
:10A3A00003FD2946A06228460BF0FEFC4FF48851BD
:10A3B00000234FF6FF72E182E062628223636375DD
:10A3C000204670BD8C830700007D7047407D70473C
:10A3D000C07D113818BF0120704700BF407C704716
:10A3E000C0887047008970474B7D10B44BB11F3156
:10A3F0000C688A888B79046082805DF8044B8371D5
:10A4000070471831F4E700BF08B58088FFF77AFF7E
:10A41000B0FA80F0400908BD08B58088FFF770FFEA
:10A42000B0FA80F0400908BD00B583B00B468DF846
:10A43000041080888DF8053001A9FFF75FFFB0FA9E
:10A4400080F0400903B05DF804FB00BF08B513219C
:10A450008088FFF751FFB0FA80F0400908BD00BFC7
:10A4600008B56621806A0CF0C1F8003818BF0120D9
:10A4700008BD00BF08B500231A461946806A0BF0D4
:10A48000C5FC003818BF012008BD00BF818800F15D
:10A490001F02407C02F08ABB38B50A4605460C46CE
:10A4A0008188407C02F06EFB2146012051F8483F34
:10A4B000C5F81F308B888A7985F82520A5F82330C8
:10A4C000687538BD38B50A4604460D4600F11801D6
:10A4D000407C02F0A1FB607550B1294651F8483F1D
:10A4E000C4F81F308B888A7984F82520A4F823309B
:10A4F00038BD00BF10B5447D24B100F11F01407C80
:10A5000002F068FB204610BD70B50B88113B82B08D
:10A510000C460546462B2BD8DFE803F0383B2A2AA9
:10A520002A2A2A2A2A422A2A2A2A2A2A50585E64B1
:10A530002A2A2A2A2A2A2A2A2A2A2A2A2A2A2A2A7B
:10A540002A2A2A2A2A672A942A2A2A2A2A2A2A2AC4
:10A550002A2A2A2A2A2A2A2A2A2A2A2A2A246A2A21
:10A56000752C84000023A8881A461946FFF7CCFEF4
:10A5700002B070BD8B79002BFAD1006BAB7500284F
:10A58000F6D01A4619460BF041FCF1E7002303759B
:10A59000EEE74B8903818B894381CB898381E7E790
:10A5A0000B7AC375112BE3D0818800F11F02407C28
:10A5B00002F0EAFB03460028DAD1D4E7002301A920
:10A5C0008088ADF80430FFF799FED1E70B7A002BB5
:10A5D000CED14B7A0374CBE7002211468088FFF777
:10A5E0008FFEC5E70B89C381C2E74B89C380BFE7F4
:10A5F000006B0123AB750028BAD000231A46194618
:10A600000BF004FCB4E7417C164801F091FFE388AD
:10A610000146994228BF194689B2A888E980FFF708
:10A6200075FEA5E78B79002BA2D0002600231A46E1
:10A630001946A86A0BF0EAFB0136A279F3B29A42F6
:10A64000F4D895E78B7A002B92D0002600231A4687
:10A650001946E86A0BF0DAFB0136A27AF3B29A42A5
:10A66000F4D885E7646B012070B58AB086880B4604
:10A6700006A84FF42851144605934FF6FF7501F0D4
:10A6800005FA0120CDE90105059B0094314606AA93
:10A69000044800F06FF8044606A801F0E5F92046EA
:10A6A0000AB070BDA46F012010B50446043002F05A
:10A6B000BBF9034B236000232375204610BD00BF68
:10A6C0000100FFFF017D01B1704710B50446043061
:10A6D00002F0B4F90123237510BD00BF007D70475F
:10A6E0000B88322B10B504D0332B17D0302B08D069
:10A6F00010BDCB88DBB1041D2046BDE8104002F040
:10A700000FBACB88041D002BF6D14B89002BF3D058
:10A710000A3120460A2202F0EBF9EDE7CB88002B44
:10A72000E9D14A89002AE6D002EB420204E04A89D4
:10A73000002AE0D002EB82025200041D023292B2E3
:10A740000A31204602F0D4F9D6E700BFA0DF7047F7
:10A7500010B5044600F5F87002F066F92046F822BC
:10A76000002116F0FBF9F822A018002116F0F6F9E6
:10A77000204610BD2DE9F04782B00546BDF82C609B
:10A78000BDF830402048ADF80460BDF828A0ADF811
:10A790000640904699460F4601F0D2FE05F5F87541
:10A7A000064603E0FFF71EFE0BF01EFA284602F0F5
:10A7B0009DF904463046002CF4D10121284602F0D0
:10A7C0003DF952464946284602F054F908F1040181
:10A7D000384601AAFFF7BAFF30B1284602F038F92F
:10A7E000204602B0BDE8F0874FF4FA71284602F027
:10A7F00047F920EAE074284602F02AF9A4B220467C
:10A8000002B0BDE8F08700BF646B01202DE9F04F76
:10A810008F880D8885B0884604463946864801F001
:10A820008FFEA5F11003012B814640F2908094F831
:10A8300054203AB3002633461633502D54F823A043
:10A8400069D0512D1AD198F80630B8F808B0022B0B
:10A8500053D0BBF1000F11D051466846FFF79EFB65
:10A86000BDF800305B4559D0514602A8FFF796FB72
:10A87000BDF80C305B4551D094F854200136F3B24A
:10A880009342D9D394F84C31002B00F0D18004F5D9
:10A89000A679002604E094F84C310136B34220DD5D
:10A8A00059F8040FFFF740FCB842F4D1382D03D01B
:10A8B000392D01D0362DEED1B8F80AA0BAF1000F2B
:10A8C000E9D0D9F800B05846FFF732FC5045E2D144
:10A8D00058464146FFF72EFC94F84C310136B342FE
:10A8E000DEDC112D55D0352D04D1B8F80A30002BFF
:10A8F00040F08F8005B0BDE8F08F98F80E30062B41
:10A90000A7D1DAF800305046DB6841469847484600
:10A91000FFF75EFDB0E7B8F806B09AE7DAF8003066
:10A920005046DB68414698474846FFF751FD0028EE
:10A93000A2D0502DA0D1514602A8FFF72FFBBDF8A1
:10A940000C305B4598D14846FFF7A0FD94E723788B
:10A95000002B3FF46CAF0026112D33460CD004EBD6
:10A9600083033946586803685B6898470136227844
:10A97000F3B29A42F3D85AE704EB83033946586896
:10A9800003681B68984701362278F3B29A42F3D8DD
:10A990004DE7D3B10026334605E094F84C2101364B
:10A9A000F3B29A4211D904EB8305D5F85001FFF7B1
:10A9B000BBFBB842F1D1D5F85001FFF7B1FB01362E
:10A9C00094F84C21F3B29A42EDD894F8F820002A7A
:10A9D00090D000252B4604EB8303D3F8FC0083883A
:10A9E000BB420AD00135EBB2934283D204EB83031E
:10A9F000D3F8FC008388BB42F4D103681B689847F6
:10AA0000013594F8F820EBB29342E4D305B0BDE8E9
:10AA1000F08F04F5F874B8F80C20204608F1100106
:10AA200002F066F8204605B0BDE8F04F02F078B8B5
:10AA3000112D7FF458AFC8E7646B012090F85420C3
:10AA4000272A0CD810B4034602F11604013280F80C
:10AA5000542043F8241001205DF8044B7047002077
:10AA6000704700BF0378132B06D800EB8302013335
:10AA700003700120516070470020704778DF7047F5
:10AA80007ADF7047054A034692E80300002283E814
:10AA90000300C3E902221846704700BF94830700F1
:10AAA00008B5FFF7EDFF08B1002008BDFFF7E6FF8E
:10AAB000B0FA80F0400908BDF8B500250D4F2E46CC
:10AAC00001E0142D14D0A9B2384601F039FD01354A
:10AAD00004460028F5D0FFF777FC0028F1D0204687
:10AAE000FFF77CFC012804BF0136F6B2142DEAD131
:10AAF0003046F8BD646B012008B501804280FFF745
:10AB0000BFFFB0FA80F0400908BD00BF8160704708
:10AB1000C1607047704700BF8ADF70478BDF7047A6
:10AB200030B40D4CC4621F25002250248584A0251A
:10AB3000C0E91122C0E90F22A0F84650A0F8484011
:10AB4000006230BC8262028680F838204263C264B0
:10AB5000A0F85020704700BF0001800090F84430FA
:10AB600061F3820380F84430704700BFA0F84610BC
:10AB7000A0F84820704700BFC16370471F2310B57D
:10AB8000A0F84A1004460062838400F1200144309A
:10AB9000FFF7C2FF08B1002010BD034801F0E8FC38
:10ABA000012084F82C0010BD646B012000F120010D
:10ABB00008B50020FFF7B0FFB0FA80F0400908BDEB
:10ABC00010B50446FFF7AAFF08B1002010BD84F8B5
:10ABD0002C00024801F0E0FC012010BD646B012054
:10ABE000F8B50C7F9DF81870012C1BD9896918469F
:10ABF0004B78934209D00E78F5432C44013614F07B
:10AC0000FF043144F4D12046F8BD11F8024B013C59
:10AC1000E4B217B1BC4228BF3C46224615F076FF8D
:10AC20002046F8BD00242046F8BD00BF2DE9F04FB6
:10AC300010468DB016460C4600F044FFC5B2102DEC
:10AC40004FD0B66807220623A16994F81C900191A1
:10AC50008DF80D208DF80C30ED080DF10C080DF17C
:10AC60000E0A0027B9F1010F0A97CDE90477CDE963
:10AC70000677CDE90877CDF82B700ED998F800004B
:10AC800001994B464A7882420FD00A78D443234434
:10AC9000013213F0FF031144F4D108F10108C24559
:10ACA000E0D100200DB0BDE8F08F11F8024B013C5F
:10ACB000E4B2224604A815F029FF0DF1100B1CB9CF
:10ACC000EBE714F0FF04E8D058462A46314615F069
:10ACD0000FFF641BAB440028F3D101200DB0BDE889
:10ACE000F08F043603220223AEE700BF80F82E1057
:10ACF000704700BF0123018680F82F30704700BFE6
:10AD00002DE9F0430B888E88103B87B00D46044632
:10AD10000D2B2CD8DFE803F077072B2B2B2B2B2BBD
:10AD20002B2B2B842B2E836AF340DB071FD5564831
:10AD3000FEF746FDD8B9A36A94F82C20012505FA40
:10AD400006F623EA0606A6628AB994F82D3073B196
:10AD50001F232462A38404F1200104F14400FFF7BF
:10AD6000DBFE20B9494801F003FC84F82C5007B001
:10AD7000BDE8F08390F92E2091F91B309A423ADC1D
:10AD800090F8383001F108080BB3DFF80491002681
:10AD900002E0D6B2B34218D9636BCDF8089003EB4A
:10ADA000061302AA59680391D3E90273414620466B
:10ADB00005930497FFF73AFF074602A800F054FEF8
:10ADC00094F83830721C002FE3D09E4213D094F8D0
:10ADD0002F30002B49D095F82430012B0BD9296A4C
:10ADE0004A78FF2A30D00A78D0430344013213F066
:10ADF000FF031144F4D104F120010020FFF78CFE81
:10AE000007B0BDE8F083CB7B022BB0D1836A01226F
:10AE100002FA06F633430022836280F82C20A6E76C
:10AE20000B7A012BA3D1002580F82C50174801F094
:10AE3000B3FB226C002A9AD0009502AB2946284623
:10AE400002950DF0B1FF92E711F8025B6A1ED2B2D3
:10AE5000022A28BF022202A815F058FE012DCAD0EE
:10AE6000228EBDF808309A42C5D1E26B002A3FF429
:10AE70007EAF01230093404602AB2421CDF8088029
:10AE80000DF092FF73E700BF746B0120646B01202B
:10AE9000BC83070046DF70477FDF704780DF704765
:10AEA00081DF704785DF704786DF704738B51C4605
:10AEB0000D460346114628462246984734B10146BE
:10AEC00000222846BDE83840FFF7E8BF38BD00BF84
:10AED00010B50C4682B003466946204698476A463C
:10AEE00020460121FFF7DAFF02B010BD10B504467D
:10AEF000083002F091F9074B2360032200232271EE
:10AF0000C4F81034C4F81434C4F81834C4F81C3429
:10AF1000204610BD3507100330B50446ADF55F7D02
:10AF200000F108058F4802F00BF90821284602F0CD
:10AF300077F9684602F07EF96846082102F07EF94A
:10AF40006946284602F01CF904F54F714122684613
:10AF500002F082F9684602F07BF994F85C0394F8F9
:10AF60005B2394F83D1394F83E3384F83D0384F852
:10AF70003E2394F85A0394F8592394F83F5384F8E5
:10AF80005C1384F85B3394F8401394F8413384F8ED
:10AF90003F0384F8402394F8580394F8572384F827
:10AFA0005A5384F8591394F8425394F8431384F88D
:10AFB000410384F8583394F8560394F8443384F8E2
:10AFC000422394F8552384F8575384F8430384F8B4
:10AFD000442384F8553384F8561394F8451394F8B1
:10AFE000540394F8532394F8463384F8450384F8C3
:10AFF000462394F8520394F8512394F8475384F865
:10B00000541384F8533394F8481394F8493384F86C
:10B01000470384F8482394F8500394F84F2384F8A6
:10B02000525384F8511394F84A5394F84B1384F80C
:10B03000490384F8503394F84E0394F84C3384F861
:10B040004A2394F84D2384F84F5384F84B0384F833
:10B050004C2384F84D3384F84E1394F85D1394F820
:10B060007C0394F87B2394F85E3384F85D0384F8C2
:10B070005E2394F87A0394F8792394F85F5384F864
:10B080007C1384F87B3394F8601394F8613384F86C
:10B090005F0384F8602394F8780394F8772384F8A6
:10B0A0007A5384F8791394F8625394F8631384F80C
:10B0B000610384F8783394F8760394F8643384F861
:10B0C000622394F8752384F8775384F8630384F833
:10B0D000642384F8753384F8761394F8651394F830
:10B0E000740394F8732394F8663384F8650384F842
:10B0F000662394F8720394F8712394F8675384F8E4
:10B10000741384F8733394F8681394F8693384F8EB
:10B11000670384F8682394F8700394F86F2384F825
:10B12000725384F8711394F86A5394F86B1384F88B
:10B13000690384F8703394F86E0394F86C3384F8E0
:10B140006A2394F86D2384F86B03012084F86F530D
:10B1500084F86E1384F86C2384F86D330DF55F7DED
:10B1600030BD00BFF072012031B173B10378042209
:10B1700062F3061303707047002B03780CBF0322A1
:10B18000022262F3061303707047037802F007028D
:10B1900062F3061303707047037861F34103037091
:10B1A000704700BF0B7803F0FE03042B01D0002092
:10B1B000704770B515468CB00C462022002104A8BB
:10B1C00015F0CCFC28686968AA68EB686D460FC565
:10B1D0009DF800109DF80F209DF801609DF80E501D
:10B1E0009DF802008DF80F1023469DF80D108DF884
:10B1F00000209DF803208DF80E608DF801509DF819
:10B200000C609DF804508DF80D008DF802109DF82B
:10B210000B009DF805108DF80C209DF80A208DF884
:10B2200003608DF80B508DF804008DF805208DF823
:10B230000A109DF8061033F8042FADF810209B7803
:10B240009DF809209DF81D009DF810609DF81F5085
:10B250008DF809108DF806209DF811109DF81E201C
:10B260008DF81D309DF807308DF812008DF81F60A5
:10B270009DF808009DF813608DF810508DF81E1091
:10B280009DF81C509DF814108DF811208DF8083091
:10B290009DF81B209DF81A308DF807008DF81C6072
:10B2A0008DF813509DF815608DF81B108DF8142043
:10B2B00068468DF815309DF819109DF817209DF8F7
:10B2C00018309DF816508DF818208DF816108DF84E
:10B2D00017308DF81A608DF81950FFF7DBFD627892
:10B2E0009DF82F309DF82E009DF82D108DF821002F
:10B2F0009A428DF8221004F1010404D0012080F05C
:10B3000001000CB070BD6278C3B29A4204F101042E
:10B31000F4D16278CBB29A42F0D10020EFE700BFBF
:10B32000C0F81814704700BF08B5137CDB0758BF7E
:10B330001C32084602F11201FFF7B4FDB0FA80F0AA
:10B34000400908BDF0B58F880E46ADF56B7D04460B
:10B350003946464801F0F4F83388133B0546072B7D
:10B360002FD8DFE813F03E005F006D002E002803A9
:10B37000870008003100337AB3B9737B9B070ED482
:10B38000294602A8FFF730F80299BDF80C209DF875
:10B390000E3084F80C34C4F80614A4F80A242846A5
:10B3A00004F2BE31FFF778F8D4F818244AB1307AA5
:10B3B0000D9002230021009308460CAB0C970DF072
:10B3C000F3FC0DF56B7DF0BDD4F81C24002AF8D0F9
:10B3D00001230021009308460CAB0C970DF0E4FC10
:10B3E000EFE704F2BE3304F2DA320C9304F2F633E0
:10B3F00000251092119304F23D3204F27E330F9235
:10B400001393CDE90D551295FEF7E8FF01280CBF07
:10B4100022462A460CAB29463846FFF73DFD0DF57E
:10B420006B7DF0BD0CA9FFF74DF80346002800F036
:10B43000D2820CA9384600231AAAFFF735FDC0E7CF
:10B44000D4F810140029BCD0B37B094A03F00103DF
:10B450000F930423CDE90C1706F108000093062191
:10B460000CAB0E900DF0A0FCABE700BF646B0120AD
:10B47000ADAE050094F87E3394F89D2394F87FC315
:10B4800094F89C6394F8805394F89B0384F89D335C
:10B49000042194F89A3384F87D1384F87E2394F879
:10B4A000811394F8822384F89CC384F87F6394F812
:10B4B00099C394F8836384F89B5384F8800394F8C9
:10B4C000985394F8840384F89A1384F8813394F899
:10B4D000971394F8853384F8992394F8962384F885
:10B4E00082C384F8986384F8835384F8970384F8BC
:10B4F000841384F8852384F8963394F8862394F88B
:10B50000953394F887C394F8946394F8885394F827
:10B51000930394F8891384F8952384F8863394F878
:10B52000922394F88A3384F894C384F8876394F858
:10B5300091C394F88B6384F8935384F8880394F848
:10B54000905394F88C0384F8921384F8892394F828
:10B550008F1394F88D2384F8913394F88E3384F804
:10B560008AC384F8906384F88B5384F88F0384F83B
:10B570008C1384F88D3384F88E2394F89E2394F8EA
:10B58000BD3394F89FC394F8BC6394F8A05394F827
:10B59000BB0394F8A11384F8BD2384F89E3394F878
:10B5A000BA2394F8A23384F8BCC384F89F6394F858
:10B5B000B9C394F8A36384F8BB5384F8A00394F848
:10B5C000B85394F8A40384F8BA1384F8A12394F828
:10B5D000B71394F8A52384F8B93394F8B63384F8F4
:10B5E000A2C384F8B86384F8A35384F8A41384F83E
:10B5F000B62384F8A53384F8B70394F8A60394F827
:10B60000B51394F8A72394F8B43394F8A86394F886
:10B61000B35384F8B50384F8A61394F8A90394F8F7
:10B62000B21384F8B42384F8A73394F8AA2394F8C7
:10B63000B13384F8B36384F8A85394F8AB6394F8F7
:10B64000B05384F8B20384F8A91394F8AC0394F8C7
:10B65000AF1384F8B12384F8AA3394F8AD2394F897
:10B66000AE3384F8AD3384F8AE2384F8B06384F845
:10B67000AB5384F8AF0384F8AC130CA801F0DAFDE7
:10B680000CA8082101F0DAFD04F27D310CA841225A
:10B6900001F0F4FD0CA904AA202304F1080001F034
:10B6A0009DFD0CA801F0D4FD9DF810109DF82F0011
:10B6B0009DF811309DF82E209DF812609DF82D50B8
:10B6C0008DF810008DF82F109DF813009DF82C10A8
:10B6D0008DF811208DF82E309DF814209DF82B3018
:10B6E0008DF812508DF82D609DF815509DF82A6048
:10B6F0008DF813108DF82C009DF816109DF8290078
:10B700008DF814308DF82B209DF817309DF82820E7
:10B710008DF815608DF82A508DF816008DF81720D9
:10B720008DF828308DF829109DF818109DF8270005
:10B730009DF819309DF826209DF81A609DF8255037
:10B740008DF818008DF827109DF81B009DF8241027
:10B750008DF819208DF826309DF81C209DF8233097
:10B760008DF81A508DF825609DF81D509DF82260C7
:10B770008DF81B108DF824009DF81E109DF82100F7
:10B780008DF81C308DF823209DF81F309DF8202067
:10B790008DF81D608DF822508DF821108DF81F2036
:10B7A0008DF820308DF81E0094F87E0394F89D13D8
:10B7B00094F87F2394F89C3394F8806394F89B5317
:10B7C00084F89D0384F87E1394F8810394F89A1307
:10B7D00084F89C2384F87F3394F8822394F8993377
:10B7E00084F89B6384F8805394F8836394F89853A7
:10B7F00084F89A0384F8811394F8840394F89713D7
:10B8000084F8992384F8823394F8852394F8963346
:10B8100084F8986384F8835384F8841384F8962317
:10B8200084F8853384F8970394F8860394F8951385
:10B8300094F8872394F8943394F8886394F8935396
:10B8400084F8950384F8861394F8890394F8921386
:10B8500084F8942384F8873394F88A2394F89133F6
:10B8600084F8936384F8885394F88B6394F8905326
:10B8700084F8920384F8891394F88C0394F88F1356
:10B8800084F8912384F88A3394F88D2394F88E33C6
:10B8900084F8906384F88B5384F88C1384F88E2397
:10B8A00084F88D3384F88F0394F89E0394F8BD13C5
:10B8B00094F89F2394F8BC3394F8A06394F8BB5396
:10B8C00084F8BD0384F89E1394F8A10394F8BA1386
:10B8D00084F8BC2384F89F3394F8A22394F8B933F6
:10B8E00084F8BB6384F8A05394F8A36394F8B85326
:10B8F00084F8BA0384F8A11394F8A40394F8B71356
:10B9000084F8B92384F8A23394F8A52394F8B633C5
:10B9100084F8B86384F8B70384F8A41384F8B623D2
:10B9200084F8A53384F8A35394F8A65394F8A72376
:10B9300094F8B43394F8B50394F8A81394F8B36367
:10B9400084F8B55384F8B42394F8A95394F8AA233F
:10B9500084F8A73394F8B13394F8B0C384F8A603FD
:10B9600084F8B31394F8B20394F8AB1384F8A86383
:10B9700084F8B25394F8AC6394F8AF5384F8B123CD
:10B9800084F8AA3394F8AD2394F8AE3384F8A9036D
:10B9900084F8B013384604A984F8ABC384F8AF63C5
:10B9A00084F8AC5384F8AE2384F8AD33FFF778FA0B
:10B9B0000DF56B7DF0BDD4F81424002A3FF401ADE1
:10B9C0000223002100930C920CAB064A0D97084607
:10B9D0000DF0EAF9F5E438461A461946FFF764FA1D
:10B9E000EFE400BFD1AE0500A8DF7047704700BF8D
:10B9F00030B5044683B0083000F074F804F10C014F
:10BA00000DF106020120FFF7EFFF054628B9044BB0
:10BA100004481C602146FFF725F8284603B030BDD6
:10BA2000606B0120A46F012030B44C68C460D1E980
:10BA30000241054A054D0260054A8560C0E904419E
:10BA4000426030BC704700BFA4830700BC8307007E
:10BA50000000111183790B70C3791370704700BF18
:10BA600062DF704763DF7047704700BF10B5044660
:10BA70000CF000FC204610BD034A02600022C0E921
:10BA80000222827182807047BC83070010B4054C8B
:10BA90008180002201210460C0E902225DF8044B8C
:10BAA00081717047BC830700002210B4044C04600D
:10BAB00081605DF8044B82718280C260704700BF74
:10BAC000BC8307008379012B0AD0826832B9C2682F
:10BAD00022B9012B8CBF8020002070478020704746
:10BAE000102070472DE9F047857982B0002D47D1AD
:10BAF000C7680646002F47D010200AF091F882460A
:10BB0000384616F014F8441E30B3DFF88490A84687
:10BB100004E00134023C1FD4102D1DD017F804C0DE
:10BB2000BCF12D0F07EB0402F3D099F80030ADF80B
:10BB300005808DF8043012F8013C8DF80430102295
:10BB4000002101A88DF805C016F0C6FF6B1C023C51
:10BB50000AF80500DDB2DFD5C6F808A0BAF1000F7B
:10BB60000ED0B11D5046FFF77BFFB168321D10208B
:10BB7000FFF778FFB0FA80F0400902B0BDE8F08727
:10BB8000012002B0BDE8F087D0F808A0E6E700BFCA
:10BB9000B08307004DDF70474EDF70474FDF7047BF
:10BBA00050DF70474BDF704710DF70477CDF704716
:10BBB0007DDF704760DF704769DF704761DF704786
:10BBC00066DF704767DF7047704700BF0C200DF0DD
:10BBD000A1BB00BF30B5224C224D83B0D4F828075A
:10BBE0004FF0FF310AF002FD0028F7D0C5B101A8DF
:10BBF000FFF7D8FF0528F1D00028F8D1019B032BCF
:10BC00001BD8012BF3D9184608F012FFEFE70A2BD7
:10BC100004D0092B21D00B2B02D10120FCF770FDA1
:10BC200001A8FFF7BFFF0528D8D00028F8D1019B55
:10BC3000A3F10902022AF3D8E9E7A3F10902022AD3
:10BC4000D5D80A2B04D0092B05D00B2BCFD101203E
:10BC5000FCF756FDCBE70220FAE70220DEE700BF43
:10BC6000646B0120314A06002DE9F04F2DED028B67
:10BC70004FF4FA7089B009F0D3FFB24E00F1080317
:10BC800008EE103A054606F5F06706F5C86AD6F8DC
:10BC900024074FF0FF310AF0A9FC0028F7D04FF439
:10BCA000FA730DF116012846ADF81630FFF786FF3E
:10BCB00010B10528F3D1EAE7B5F80490B9F1130FF4
:10BCC00000F2398106EB8903D3F834473CB12946A9
:10BCD0002046FEF719FC9C482946FFF733FB2B88CA
:10BCE000013B1B2B5AD8DFE813F01601590059000D
:10BCF000590059005900590059005900590059007C
:10BD00005900590059005900B4001C00590059004D
:10BD1000590059005900590059005900590059005B
:10BD2000A200DFF838824FF0000B58F8040F30B152
:10BD3000FEF74AFB18B10BF1010B5FFA8BFBB8451C
:10BD4000F3D1BBF1000F06D196F830371BB159463D
:10BD50000C200DF09FFA2046FEF740FB012800F072
:10BD6000EC80F26962B10223002195F808C00093CB
:10BD7000084606ABCDF81890CDF81CC00DF014F8AD
:10BD800009F5E67806EB8803586810B103685B682C
:10BD9000984706EB88080023C8F804302946504627
:10BDA000FDF788FC69482946FEF7AAFFB6F8323746
:10BDB0004B452B8800F0B480102B1ED02CB32046AE
:10BDC000FEF70CFB012803D15E482946FEF7A2FED0
:10BDD0002046FEF703FB02281BD05D48FEF77EFCE1
:10BDE00000BB5C482946FEF711FDD6F88837002BCA
:10BDF0003FF455AF2846984751E7EB7B012BDDD147
:10BE0000AB88A6F83237002CD9D14E482946FEF728
:10BE100081FE51482946FDF7F3FC4D48FEF75EFCD4
:10BE20000028DED04A482946FEF75AFCD9E7D6F862
:10BE30008427002AB2D00223002195F908C000937C
:10BE4000084606ABCDF81890CDF81CC00CF0ACFF3E
:10BE5000A4E74FF00008D6F82C07CDF80080434641
:10BE6000424603213D4C0BF03BFF54F8040F30B128
:10BE7000FEF7AAFA18B108F101085FFA88F8BC4287
:10BE8000F3D196F830376BB1B8F1000118BF01213A
:10BE90000C200DF0FFF996F830371BB101210C2072
:10BEA0000DF0F8F909F5E67806EB8804606820B132
:10BEB00003685B68984700236360EB7B012B0BBF33
:10BEC00096F8123796F8183796F8134796F81947E8
:10BED000039334200CF0CAF906EB8808039B009406
:10BEE00018EE102A04464946FEF73AFA2046C8F8EA
:10BEF0000440FEF773FA012832D0B269002A3FF4F9
:10BF00004DAF012300210093084606ABCDF81890F1
:10BF10000CF04AFF42E700214846FFF751FE3DE79B
:10BF2000102B3FF46AAF112B7FF448AF4FF6FF732D
:10BF3000A6F8323742E70446D1E6F268002A7FF4D9
:10BF400012AF1DE7646B0120846B01200072012099
:10BF500054720120A46F0120746B0120947201209F
:10BF6000B268002A3FF41AAF0021009006AB0846E1
:10BF7000CDF818900CF018FF10E700BF38B5044654
:10BF8000FEF780FD04F11000FDF706FC04F120002F
:10BF9000FEF7ACFF04F58860FEF7DAFB04F5C86035
:10BFA000FDF78AFA04F27C60FDF7FAF904F29C606E
:10BFB000FEF7B6FD04F5DE60FEF776FB4FF4805326
:10BFC0000025C4F8083716481649174AC4F80C0764
:10BFD00040F20113C4F81017C4F81427A4F8183756
:10BFE000A4F81A5704F234702946502214F0B6FD12
:10BFF00001224FF6FF73A4F81C5784F81E57C4F8AB
:10C000002457C4F82857C4F82C57C4F88857C4F8E4
:10C01000845784F83027A4F83237204638BD00BF53
:10C02000010A1700030001011700030010B41729CB
:10C03000B8BF1721022A9DF8044080F81347B8BF03
:10C0400002225DF8044BA0F80E17A0F8102780F824
:10C0500012377047F0B5BF4E80F81C178DB080F8CE
:10C060001D2704460CF084F90CF08AF90CF048F90D
:10C070003369B949039303A8FFF796FD18B100256A
:10C0800028460DB0F0BD0120FFF786FD0120FFF727
:10C0900081FD0120FFF782FD09A8FFF781FD099BC3
:10C0A0009B0705D5AD4BD3F80435002B00F0FE807F
:10C0B0000023AB4A94F80D57049209A90120CDE959
:10C0C00009330B938DF82450FFF776FD0028D6D165
:10C0D00094F81D370B90CDE90900181E18BF0120F8
:10C0E00094F81C578DF82700049A8DF8263009A97A
:10C0F00040208DF82550FFF75FFD0028BFD194F850
:10C100000C170990034661F30003CDE90A00049A75
:10C110008DF8243009A9A020FFF74EFD0028AED1EC
:10C12000D4F808370A900B90049A099309A9A12022
:10C13000FFF742FD0028A2D194F81C37002B40F0F5
:10C14000B98094F81D37002B48D00023B4F8147739
:10C15000049A0993022509A92320CDE90A338DF811
:10C160002450ADF82670FFF727FD002887D1CDE9D0
:10C17000090094F81D77B4F816370B90049A8DF8DF
:10C18000245009A920208DF82670ADF82830FFF73B
:10C1900013FD00287FF473AF0990CDE90A0094F8ED
:10C1A0001837049A8DF8245009A922208DF82630DA
:10C1B000FFF702FD00287FF462AFCDE9090094F893
:10C1C00019370B90049A8DF8245009A921208DF875
:10C1D0002630FFF7F1FC00287FF451AF04A8FFF7E9
:10C1E000E9FC00287FF44BAFCDE9070040F00103E4
:10C1F00007A902208DF81C30FFF7E4FC00287FF42B
:10C200003EAF2046FEF74CFC054600283FF437AF12
:10C2100004F12000FEF780FE337D52498DF808308E
:10C22000132202A8FFF7C2FC00287FF428AF94F87D
:10C230001D37002B40F0888003220021012009F0E7
:10C2400071FDC4F8240700283FF419AF05AB03269D
:10C25000CDE900634449454800234FF4A0620AF049
:10C26000DFFC32460021012009F05CFDC4F82807FC
:10C2700000283FF404AF06ABCDE900633C493D48DC
:10C280000023C8220AF0CCFC3B4B4FF480021A601A
:10C290003A4B00930023184601224FF480710BF0B3
:10C2A000C9FCC4F82C0700F047FCE9E60220FCF7C3
:10C2B00027FAFDE60990CDE90A00B4F80E37049A92
:10C2C000ADF82630012509A923208DF82450FFF769
:10C2D00073FC00287FF4D3AECDE9090094F81C77F5
:10C2E000B4F810370B90049A8DF8245009A9202037
:10C2F0008DF82670ADF82830FFF75EFC00287FF43B
:10C30000BEAE0990CDE90A0094F81237049A8DF870
:10C31000245009A922208DF82630FFF74DFC002873
:10C320007FF4ADAECDE9090094F813370B90049A71
:10C330008DF8245009A921208DF82630FFF73CFC08
:10C3400000283FF4FEAE9AE604F11000FDF732FA41
:10C3500072E700BF08840700C9BB050000700240F7
:10C3600000600020388207000084070069BC0500D7
:10C3700004840700D5BB050000E100E0CDBB05004B
:10C3800000B5084B85B01B7D019108468DF80C3037
:10C3900015F0CDFB019982B203A8FFF707FC05B0A9
:10C3A0005DF804FB0884070000B583B008460DF172
:10C3B0000601ADF80620FFF7FBFB20B99DF806004B
:10C3C00003B05DF804FB002003B05DF804FB00BF80
:10C3D00070B4234B0E4605460FCB85B06C4607C4A0
:10C3E0009DF900202380B24234D09DF90130B34240
:10C3F00030D09DF90230B3422CD09DF90330B342C6
:10C4000028D09DF90430B34224D09DF90530B342C1
:10C4100020D0FEB19DF90730B3421BD09DF9083002
:10C42000B34217D09DF90930B34213D09DF90A30B9
:10C43000B3420FD09DF90B30B3420BD09DF90C30B5
:10C44000B34207D09DF90D30B34203D0002005B0B0
:10C4500070BC7047012085F81E6705B070BC70473E
:10C460002084070090F91E07704700BF80F830173E
:10C47000704700BF70B5044682B0D0F82C070D4657
:10C480000BF05AFC4FF47A7206460023A90DA8025D
:10C4900014F082F8002302460421D4F82C070093FC
:10C4A0000BF01EFC0EB102B070BD0096D4F82C0744
:10C4B0003346324603210BF013FC02B070BD00BFBF
:10C4C00070B500F5E66400F5F065002654F8040F39
:10C4D00020B1FDF779FF08B10136F6B2AC42F5D1D3
:10C4E000304670BD132906D800EB8101D1F834071E
:10C4F00008B1FDF769BF0020704700BF13290BD8B2
:10C5000000EB810110B5D1F834471CB12046FDF78E
:10C510005BFF18B9012010BD012070472046BDE81F
:10C520001040FDF793BF00BFB0F83207704700BF5F
:10C5300001290CBFB0F80E07B0F81407704700BF10
:10C5400013299ABF00EB8101D1F83407002070470E
:10C5500010B5064C0021D4F8280709F0BBFED4F82A
:10C5600024070021BDE8104009F0B4BE646B01202F
:10C5700090F8303703B9704710B582B0D0F82C4727
:10C580000AF03EFD002302460093204601210BF0F5
:10C59000A7FB02B010BD00BFF0B583B00024054674
:10C5A0002346D0F82C070094224603210BF098FB79
:10C5B00005F5E66605F5F06756F8040F20B1FDF7BE
:10C5C00003FF08B10134E4B2BE42F5D195F830372B
:10C5D00043B1211E18BF01210C2003B0BDE8F0407B
:10C5E0000CF058BE03B0F0BD0148FFF7C7BC00BF58
:10C5F000646B01203CDF70473DDF704711DF7047FF
:10C6000013DF7047B0DF7047B2DF70472DE9F041AC
:10C610009EB0074604A8158814460E46FDF7BEFCDA
:10C62000BDF81030AB4202D01EB0BDE8F081A37956
:10C63000043B022BF8D939465248FFF781FF4FF0EF
:10C6400000080223394605463046CDE90688CDE983
:10C6500008888DF81830FDF71BFD06A900286AD060
:10C660003846ADF81C80FFF7CDFF247B012CDBD1D1
:10C67000454E41463E22304614F070FA23460DF1F5
:10C680000E02424938460824ADF80E40FFF7BCFFC1
:10C6900068462946FDF7A8FE00983060BDF80430D2
:10C6A0009DF80620B271B3802846FDF791FE002860
:10C6B00049D1354936484FF6FF740B4601311B7896
:10C6C00083EA142383EA131242EA042283EA13134F
:10C6D00082EA033282EA431381429CB2EDD12A4BB3
:10C6E0002C489C870021FCF70DFF2846FDF7AEFE85
:10C6F000FF210020FFF780FFB1210020FFF77AFF24
:10C70000002891D1FFF77AFF00288DD1224B4FF0FE
:10C71000FF324FF01024C3F88020C3F880216069F5
:10C72000FFF76EFF00287FF47FAF80F31488606905
:10C7300000F0E8FC78E740F2FD133846ADF81C3015
:10C74000FFF760FF70E70AA92846FDF7BBFE002847
:10C75000AFD01EAB13E903000B0C3060B180B37196
:10C7600018AC0FCC0D4FC6F807000AAC7960BA6060
:10C77000FB600FCC18360FC694E8070086E8070068
:10C7800097E700BF646B0120807F0020B47F00200A
:10C79000BC7F0020A471012000E100E0877F002021
:10C7A00030B585B004460E496846FFF77DF9694605
:10C7B0002046FFF739F925466846FFF755F9094B3A
:10C7C00045F8183B08496846FFF76EF96946284660
:10C7D000FDF75EFB6846FFF747F9204605B030BD20
:10C7E00030840700788407005084070030B5B3B068
:10C7F0000546FFF7FDF818B10446204633B030BDBA
:10C800002D491CA8FFF750F91CA906A8FDF740FB0D
:10C810001CA8FFF729F906A8FDF77AFB06A8042152
:10C82000FDF77AFB06A81421FDF77AFB06A8FDF7B1
:10C830004BF8044698B905F1180018210190FDF74E
:10C840006BFB01981721FDF76BFB01981B49012237
:10C85000FDF790FB0198FDF737F8044628B106A8CC
:10C86000FDF718F8204633B030BD154902A8FFF790
:10C870001BF902A91CA8FDF70BFB02A8FFF7F4F8AF
:10C880001CA8FDF745FB02211CA8FDF745FB022172
:10C890001CA8FDF747FB1CA8FDF716F8044618B9BD
:10C8A00001211CA8FDF79CFB1CA8FCF7F3FF06A8C0
:10C8B000FCF7F0FFD6E700BF408407000DC6050077
:10C8C00060840700C16180F83D207047416280F8B4
:10C8D0003F207047016380F84220704730B585B033
:10C8E000044641F60A016846FFF7D0F8694620463B
:10C8F000FFF79AF86846FFF7B7F820460E4B40F866
:10C90000183B2422002114F029F90C4D0C480D4A43
:10C91000E06200232364E36384F844300621132398
:10C920002046E56184F84110226384F83D3084F8A4
:10C93000423005B030BD00BFA88407003882070030
:10C94000848407008C8407002DE9F0479AB00646DE
:10C95000FFF74EF88046002846D1336A002B4ED0B0
:10C96000736A002B56D0C6F5275909F1270906F13D
:10C97000140406F1380706F13C0554F8043F04A8F6
:10C9800073B3FDF755FA2268B36B09EB05019A42C0
:10C9900089B2684608BF42F65021FFF777F869462A
:10C9A00004A8FDF7ABFA6846FFF75EF804A8FDF7A8
:10C9B000AFFA022104A8FDF7AFFA297804A8FDF721
:10C9C000B1FA04A8FCF780FF824604A8BAF1000F70
:10C9D0000ED12A782168FDF7E7FA04A8FCF75AFF80
:10C9E000BC4205F10105C8D140461AB0BDE8F08748
:10C9F000FCF750FFD04640461AB0BDE8F0870CF077
:10CA00007DFA044615F093F8736A346286F83E00A6
:10CA1000002BA8D10CF032FA044615F088F87462A5
:10CA200086F83F009FE700BF002201214270C0E965
:10CA300001220170C2818281704700BF10B5044697
:10CA4000017001B110BD0A2009F0AEF9606010BD9F
:10CA5000037810B5044643B1002301226370C4E992
:10CA60000133E381A381227010BD406809F03AFFD1
:10CA7000F2E700BF002381608281C381704700BF5D
:10CA8000037870B504460D46B3B946680123637058
:10CA90004FF47A720023A802A90D13F07DFD014620
:10CAA000304609F0A3FD98B9237800264FF0FF35F2
:10CAB0006670A3B9284670BD03220021012009F049
:10CAC00031F9064660600028E0D14FF0FF35F1E70C
:10CAD000E58923780026ADB26670002BEAD0606845
:10CAE00009F000FF6660284670BD00BF40787047BF
:10CAF00038B504468089824228BF0246154619B1DE
:10CB0000A06814F003F8A089E389A26815FA83F3FA
:10CB1000401B9BB22A44A081E381A260284638BD15
:10CB2000406820B100231A46194609F06FB97047D2
:10CB3000B1DF7047B2DF704708B50F4807F006FE57
:10CB40000E490D4802F0E6F828B10D490A4802F0F6
:10CB5000E1F850B108BD0949074802F0F7F8084963
:10CB6000054802F0D7F80028F4D1BDE80840044990
:10CB7000014802F0EBB800BFDC730120B484070069
:10CB8000C884070070B586B00E4603230021054611
:10CB900014460093044A0496084603AB0395059493
:10CBA0000CF002F906B070BD71CE050070B586B00C
:10CBB0000323144606460D460093104603AB044A71
:10CBC00005940721CDE903650CF0EEF806B070BDC1
:10CBD000A1CF050030B50A4691B089795379039108
:10CBE00011790293D378094D094C01910093937800
:10CBF000527801280CBF2946214604A814F0D8FE1B
:10CC000004A9044802F0FAF811B030BDDC84070032
:10CC10000C850700DC7301202DE9F043D1B00B78BF
:10CC2000032B04AF0D460446904668D95A08022AE1
:10CC30005ED14F4A4F49504BDFF84891012818BF49
:10CC400011460022381D02F0B1FA4B4907F1680085
:10CC500002F0E2F907F1CC0611E00246414607F185
:10CC6000680002F0CBFA08F1380229464846FEF780
:10CC700099FA044678BB07F1680002F035FB002200
:10CC8000391D304602F062FB07F1D0000DC8D7F81D
:10CC9000DC10D7F8E4407B67D7F8E83097F8E0C0BD
:10CCA000F8663A67B967412207F1EC0107F188009D
:10CCB000C7E9204387F87CC013F028FF07F168001C
:10CCC00002F03EFB044607F1680044B102F044F96B
:10CCD0005028D0D1C1E707F1680002F005FB381DEC
:10CCE00002F002FB204607F59A77BD46BDE8F083C7
:10CCF0000024204607F59A77BD46BDE8F083E94653
:10CD00008CB08979AB786A78039169790291297935
:10CD100001911A4E1A49E878009004AD012C08BF21
:10CD20003146284607F1CC0614F042FE124930463F
:10CD300002F072F929463046002202F01BFA04463E
:10CD400050B90024304602F0CFFA2046CD4607F510
:10CD50009A77BD46BDE8F083304602F0FDF8021E2A
:10CD6000EFDD92B24146304602F048FAEAE700BFF2
:10CD7000C8840700B4840700DC730120DC8407004A
:10CD80000C850700846B0120F0B5ADB095799378E0
:10CD9000344E1446527803956579029594F804C090
:10CDA000CDF804C0304DE478009404AF0C4601285F
:10CDB0000CBF3146294607F10C0014F0F9FD2B4B4E
:10CDC00007F10C0107F13C00002202F0EFF907F136
:10CDD0003C0002F0B5FA40B9002407F13C0002F033
:10CDE00083FA2046A437BD46F0BD07F13C0002F0AF
:10CDF000B3F8051E08DD07F13C0002F03DFA2918E2
:10CE000007F13C0002F01AFA07F13C0002F0A4F826
:10CE1000051E08DD07F13C0002F02EFA291807F183
:10CE20003C0002F00BFA07F13C0002F095F80028F4
:10CE3000D2DDC31D23F007036D46ADEB030D82B2B7
:10CE400004A907F13C00C7E9001202F0D7F9204617
:10CE5000D7E900120323FFF76BFEB0FA80F46409F0
:10CE6000AD46BAE7DC8407000C850700DC730120BF
:10CE7000F0B5B5B092F84E5092F84A30434E144691
:10CE800092F84920039594F84D50029594F84C502F
:10CE9000019594F84B5000950D463D4904AF01288B
:10CEA00018BF314607F12C0014F082FD394807F114
:10CEB0002C0101F02FFF6E4600284AD1354B07F1B7
:10CEC0002C0107F15C00012202F070F907F15C000F
:10CED00002F036FA18B9C437B546BD46F0BD502148
:10CEE00007F15C0002F066F85022214607F15C0071
:10CEF00001F09EFF0023294627487B61C7E90333E1
:10CF0000C7E90633C7E90833BB62FFF719FB07F12E
:10CF10000C012022FDF7A8FB3B7B03B307F10C00BB
:10CF200014F005FE013082B2C1B207F15C007A60F4
:10CF300002F040F87A6807F10C0107F15C0001F09B
:10CF400077FF07F15C0002F0CFF9C437B546BD4664
:10CF5000F0BD07F12C010F4801F050FFAEE794F847
:10CF6000491094F84D3094F84E20039194F84A10EB
:10CF7000029194F84B10019194F84C10009107F134
:10CF80000C00064914F014FDC8E700BF0C8507002B
:10CF9000DC840700DC730120646B01203C85070002
:10CFA0002DE9F043ADB00C4604AF00210323064643
:10CFB0001546204607F10A027981FFF7BBFD7B8900
:10CFC000E84623B9A437C546BD46BDE8F08307331C
:10CFD000DB08A8EBC3039D460DF11009204607F1BD
:10CFE0000A0249460323FFF7A5FD04460028E9D1BC
:10CFF000A979AB786A7803916979029129790191CD
:10D000003D483E49ED780095012E08BF014607F1E5
:10D010000C0014F0CDFC3A4B07F10C0107F13C0079
:10D02000012202F0C3F807F13C0002F089F9002860
:10D03000C8D0214607F13C0002F000F907F13C009E
:10D0400001F08AFF041E08DD07F13C0002F014F92C
:10D05000211807F13C0002F0F1F807F13C0001F063
:10D060007BFF041E08DD07F13C0002F005F92118E2
:10D0700007F13C0002F0E2F807F13C0001F06CFF20
:10D080007C8980B2A04213D0E1B207F13C0001F0EC
:10D0900091FF2246494607F13C0001F0C9FE07F125
:10D0A0003C0002F021F9A437C546BD46BDE8F08337
:10D0B000E31D6D46DB08A5EBC3039D4604A922468C
:10D0C00007F13C00796002F099F879687A8948465E
:10D0D00013F00EFD08B9AD46E1E707F13C0002F0A0
:10D0E000E7F87B89DB43191807F13C0002F0A6F84A
:10D0F000AD467C89C8E700BFDC8407000C850700CB
:10D10000DC730120F0B40346186880F3088858687F
:10D11000FF2464B2EFF30585002D01D1A646004738
:10D120002546064621273FBAF0B4002400250026F4
:10D130000027F0B4F92040B2004700BFF0BC7047B0
:10D1400038B590F8E8500DB1284638BD012380F875
:10D15000E83004460DF09AFE0028F5D12046BDE8DF
:10D16000384000F0ADB800BF10B5044C204600F0C8
:10D17000A3F8002384F8E83010BD00BFF07201204E
:10D1800003680A689A4201D00020704770B50446CF
:10D1900084B04FF453700D4608F042FD0646B0B11E
:10D1A0000C4800F0ABF823460435002153F8042B5B
:10D1B0000095CDE9016108490DF002FD04463046B5
:10D1C00008F048FDB4FA84F0400904B070BD0020B6
:10D1D00004B070BDF07201209D990600F0B585B0D5
:10D1E00006464FF453700D461746039308F018FD9A
:10D1F00078B1044600903A46281D311D03AB0DF06E
:10D200005DFD0546204608F025FD15B9039805B0DB
:10D21000F0BD002005B0F0BD00220260704700BFE5
:10D2200010B5044608460DF0BBFD2060003818BF5D
:10D23000012010BD00220260704700BF10B50446F7
:10D2400008460DF0ADFD2060003818BF012010BD6C
:10D2500000230360704700BF00B583B00430019223
:10D2600001AB0A4604210DF025FC18B9019803B062
:10D270005DF804FB002003B05DF804FBF0B5044644
:10D2800083B04FF463700E46174608F0C9FC05469C
:10D2900078B1019054F8040B00943A4631460123CA
:10D2A0000DF044FB0446284608F0D4FCB4FA84F0A0
:10D2B000400903B0F0BD00BF002280F8E4207047B1
:10D2C00070B590F8E4400CB1204670BD012380F8A1
:10D2D000E43005464FF4BF5008F0A2FC0646002893
:10D2E000F2D0314628460CF045FD0446B4FA84F4E9
:10D2F0003046640908F0AEFC204670BD704700BFA0
:10D30000704700BF10B40468E468A4465DF8044B9D
:10D31000604700BF30B40468BDF808500295646BE4
:10D32000A44630BC604700BF30B40468BDF8085064
:10D330000295A46BA44630BC604700BF704700BF95
:10D3400001F003038376CB0702D48368C360704780
:10D35000428903898281C381704700BF2DE9F04370
:10D3600087B09942BDF93840BDF83C60054622D0EF
:10D37000A24212D00768DFF88480D7F81090C14528
:10D3800033D1CDE9004628467C6AA0472B689B6ACA
:10D39000434525D107B0BDE8F08399421CDC2868DD
:10D3A0000E96846B01335B1A1BB22846A44607B065
:10D3B000BDE8F0436047A24202DD134622461C4608
:10D3C00028680E96631C446B9B1A1BB22846A44621
:10D3D00007B0BDE8F0436047084619460346DEE75C
:10D3E000284607B0BDE8F0431847CDE90423039170
:10D3F000C847DDE904232F680399C2E701D305007C
:10D400002DE9F0430668144FD6F8108085B0B84572
:10D410001C46BDF8309005460B4610D1013C144423
:10D4200024B2CDF8049000941946746A2846A047A7
:10D430002B689B6ABB4209D105B0BDE8F083CDE9FA
:10D440000212C047DDE902322E68E7E7284605B040
:10D45000BDE8F043184700BF01D305002DE9F041B6
:10D46000D0F800C0134DDCF8106084B0AE42BDF8B7
:10D4700028700446984610D108F1FF3301970B44F9
:10D4800000921BB2DCF824602046B04723689B6AF8
:10D49000AB420AD104B0BDE8F081CDE90212B04739
:10D4A000DDE90212D4F800C0E6E7204604B0BDE88A
:10D4B000F041184701D305002DE9F04FD0F800C026
:10D4C0001F46DCF810601E4B83B09E42BDF93090C1
:10D4D000BDF834A005460C46904627D12744A74204
:10D4E0001CDDDFF860B008E00134DCF8346024B201
:10D4F000B047BC42D5F800C010DADCF81C60CDF8AB
:10D5000000A05E454B46424621462846ECD00134F9
:10D5100024B2B047BC42D5F800C0EEDBDCF82830BE
:10D52000074A934206D103B0BDE8F08FB047D5F863
:10D5300000C0D3E7284603B0BDE8F04F184700BF4E
:10D5400001D3050015D305002DE9F04FD0F800C038
:10D55000DFF8C490DCF810A085B0CA45BDF938806A
:10D56000BDF83C70044616461D4643D1DCF820B099
:10D57000DFF8A8A00097D34508BFDCF838B00391C6
:10D580002B4632462046D84723680399D3F820B06B
:10D59000009708F1FF323244D34512B235D1D3F8A7
:10D5A00038A003912B462046D04703992368DFF823
:10D5B00070A0D3F81CB00097D34508BFD3F834B09F
:10D5C0000391434632462046D847226803996B1E92
:10D5D000D56900975545194408BF556B434609B2B4
:10D5E00032462046A84723689B6A4B4508D105B0C0
:10D5F000BDE8F08F0391D047D4F800C00399B5E798
:10D60000204605B0BDE8F04F184703912B46204651
:10D61000D8470399CAE700BF01D3050029D3050005
:10D6200015D305002DE9F04FD0F800C0DFF898A021
:10D63000DCF83CE083B0D645BDF93080BDF83490CD
:10D6400030D1DFF888B01E46DCF810305B45054667
:10D650000C46174632D12644B4421CDAB24608E0E2
:10D660000134DCF8346024B2B0475445D5F800C02A
:10D6700011DADCF81C60134BCDF800909E423A465C
:10D68000434621462846EBD0013424B2B0475445E6
:10D69000D5F800C0EDDBDCF828305B4509D103B0DC
:10D6A000BDE8F08FF446CDE90C8903B0BDE8F04F3A
:10D6B0006047284603B0BDE8F04F18479847D5F8B3
:10D6C00000C0C8E715D30500B9D4050001D3050093
:10D6D0002DE9F04FD0F800C0234BDCF83C60B0F9E6
:10D6E0000C80B0F90E709E4283B00D462AD1DCF852
:10D6F0001030DFF878A05345044631D1B8F1000F5F
:10D7000019DD0026DFF868B03146DCF81C90009582
:10D71000D94508BFDCF834903B464FF00002204664
:10D720001EBF3B46002220460136C84731B288451D
:10D73000D4F800C0E9DCDCF8283053450BD103B045
:10D74000BDE8F08F0022CDE9007143461146B04795
:10D7500003B0BDE8F08F204603B0BDE8F04F184796
:10D760009847D4F800C0C9E7B9D4050001D3050033
:10D7700015D305002DE9F04F85B01D46BDF9386081
:10D78000BDF83C90B31A002B8846A5EB0101B8BF49
:10D790005B420029B8BF49428B4207467CDDAC465C
:10D7A0004446AA46404635469046664622468C4642
:10D7B000A8455EDDA0EB0A00A8EB050E80EAE07C40
:10D7C000CEF3C0344FF6FF7A04FA8EF4ACEBE07C73
:10D7D000B242C8BF4FF0010A1FFA8EF064100290E7
:10D7E000CDF80CA08B42314B01931FFA8CFA33DC3D
:10D7F000D7F800C0019BDCF814B09B4508BFDCF8EB
:10D800000CB029464B4632463846D847A4EB0A03AB
:10D810001CB20135002C2DB29BB205DA029A1344DA
:10D820001CB2039B1E4436B2A845E1DA05B0BDE840
:10D83000F08FDCF80CB0D847A4EB0A031CB201351A
:10D84000002C2DB29BB205DA029A13441CB2039B42
:10D850001E4436B2A845E9DBD7F800C0019BDCF8CE
:10D8600014B09B452A464B4631463846E1D0D8474E
:10D87000E2E7A5EB0800C0F3C03404FA80F4B2423A
:10D8800080B202904FEA640428461646454607DAFD
:10D89000012203928046A5E71046B2469C4687E7E0
:10D8A0004FF6FF72039280469CE700BF05D3050048
:10D8B00030B4094C094D018142818181C2814FF010
:10D8C000FF310022C0E905140560426030BC0261EE
:10D8D00002770262704700BF01010001648A0700FD
:10D8E0002DE9F04F87B0D0F800C0BDF94060059336
:10D8F000F31D48BF06F10E03DB1017460393DCF857
:10D9000010202C4BBDF94440BDF848B09A428146E6
:10D91000884645D1002C3BDD3C44002523B20295CE
:10D920000493002E2BDD059A02990A4400230192EC
:10D9300013F0070F08BF019A9CB24FEAE3034FEAC6
:10D9400045050CBFD55CEDB204EB080115F0800F66
:10D9500009B210D0DCF814A0174B9A4508BFDCF8C8
:10D960000CA05B463A4648461EBF5B463A464846D0
:10D97000D047D9F800C0013423B29E42D8D1DDE9A6
:10D980000232134401370293049B3FB29F42C8D135
:10D99000DCF82830074A934206D107B0BDE8F08F83
:10D9A0009047D9F800C0B5E7484607B0BDE8F04F4A
:10D9B000184700BF01D3050005D305002DE9F04F3E
:10D9C00097B08346BDF880400C94BDF88440039422
:10D9D000006A9DF8884004949DF88C400694099153
:10D9E0009046002800F0F580027AD0E900019B1AE9
:10D9F000DBB201EBC30231F8333005939378039324
:10DA0000D378119392F905301593049B92F906404F
:10DA10000790012B40F2D580BDF954300D9323B20D
:10DA20001293AC4BDBF800C008931A46DCF81030B8
:10DA3000934240F0A481119B002B00F0B4801FFAA8
:10DA400088F30022139323440F92149392460E926C
:10DA5000039B002B00F09F800E9B129A069913984F
:10DA6000DDF83C909A1802FB01021499CB181BB206
:10DA70000FFA82F810934B460025C146984608E0FD
:10DA8000039B0135EDB24FEA4A0AAB425FFA8AFACC
:10DA90007CD943465A1C5B075FFA82F806D1059A87
:10DAA0000799531C9BB211F802A005931AF0800F3E
:10DAB000E6D0049B012B49D00D9BDCF81860864A08
:10DAC0000998BDF918705C19049B964204FB030485
:10DAD00024B21BB250D1DCF83C60804A96424BD154
:10DAE000DCF81030089A934266D1049B2344A34289
:10DAF00022DDCDE90A85DDF830801D4608E00134DD
:10DB0000DCF8346024B2B047A54211DDDBF800C078
:10DB1000DCF81C60724BCDF800809E424A463B46C2
:10DB200021465846EBD0013424B2B047A542EDDC83
:10DB3000DDE90A85DBF800C0DCF82830089A93425A
:10DB40009ED058469847DBF800C099E7069B012B0A
:10DB5000B2D1159B099ADCF814409918614B109AC0
:10DB60009C42294408BFDCF80C400C9B09B2584683
:10DB7000A047DBF800C083E70C9A2146CDE900728C
:10DB800058464A46B047DBF800C079E71A460F9B73
:10DB90001344DBB20F930E9B119A0133DBB29A420E
:10DBA0000E933FF655AFDCF82830089A934240F0C8
:10DBB000CB8017B0BDE8F08F58469847DBF800C01F
:10DBC00093E7069B012B3FF627AF002312930D939B
:10DBD00027E7BBF90C208A42EBDDBBF90E2042455A
:10DBE000E7DD0498062212FB0012002AE1DD08EBB3
:10DBF000C402002ADDDD9BF81C20002A00F0C4804E
:10DC0000344ADBF800000892114602698A4240F06B
:10DC1000C080BDF824403449CDF81C8003EB830359
:10DC2000CB18621D0D93CDE90A4493B20E93DDF833
:10DC30003080BDF81030069F0F931094034658466D
:10DC40000D9ABDF928B012F8016B0D923AB2BDF9E8
:10DC500010A00992082400251AE0049A012A22D073
:10DC6000CDF80480099A0092079AD3F8189005908D
:10DC700005FB0722534612B25946C8470598036868
:10DC8000013C013514F0FF046DB24FEA56062DD069
:10DC9000F207E2D4039A9045F2D0049A012A58D0B0
:10DCA000039A0192DEE7012FDAD1079AD3F8149094
:10DCB0000590AA180FFA82FC0A4ABDF92C1091456A
:10DCC00008BFD3F80C9062464346C84705980368DE
:10DCD000D6E700BF01D3050025D60500B9D405005D
:10DCE00015D3050005D305005C8507000B9A0F9C32
:10DCF000013291B20A9A0B91224492B20A920E9A80
:10DD00008A429DD1039ADDF81C80834618460C9BFD
:10DD1000934214D0049B012B42D0069A0F9B10997A
:10DD2000D200009203EB8303039A019219448469A1
:10DD3000049B584609B24246A047DBF80000836ABC
:10DD4000089A93423FF435AF584617B0BDE8F04FFC
:10DD50001847012FA4D1079AD3F814900590AA1858
:10DD60000FFA82FC174ABDF92C10914508BFD3F871
:10DD70000C90039B6246C8470598036880E75846A5
:10DD80009847DBF800C056E6AF2B84BF0133DBB207
:10DD900036E7059358469047DBF80000059B38E7C7
:10DDA000069B012BB9D1C469074B00929C4208BF66
:10DDB000446BBDF93810584642460823A047DBF8AB
:10DDC0000000BCE705D3050015D305002DE9F0419F
:10DDD000036A84B08046002B3ED00A2930D00D293A
:10DDE00036D01A7A914233D39C7A8C4230D35C6815
:10DDF0008A1AD2B204EBC204A278BAB1E578ADB106
:10DE0000C57E002D6ED1077E437EB0F91050B0F96B
:10DE10001220B8F816000393B8F814600297CDE901
:10DE200000600B4640462946FFF7C8FD2179B8F847
:10DE3000102098F8183001FB0323A8F8103007E0F1
:10DE4000002202821B7B428A417E01FB0323438224
:10DE5000012004B0BDE8F0810A2924D00D29F7D0B3
:10DE6000C27EB0F9104042BBB0F91220057E467E5A
:10DE7000B8F816700396B8F8146002950B46404641
:10DE8000CDE900672146FFF799FD98F81830B8F8FA
:10DE9000102003EB430302EB43030120A8F81030EA
:10DEA00004B0BDE8F081428A417E038202EBC103E7
:10DEB0004382012004B0BDE8F081057EB0F90C601A
:10DEC000062212FB0542B24208DD428A467E0382E8
:10DED00002EBC60212B21C464282C9E7B0F9122018
:10DEE000467EC5E794F90560B0F91050077EB0F999
:10DEF0000CC0324407FB0252624503DC437EB0F99A
:10DF0000122086E7002505821A7B468A437E02FBA3
:10DF1000036212B242827CE7012938BF01210176F7
:10DF2000417670472DE9F04F87B00024109D2A807C
:10DF3000119D2B80139D2C80129D2C8011F8015B6C
:10DF4000002D79D047F6FF764FF0FF3A046A01962C
:10DF5000D146B346002C72D00A2D00F09F800D2DC3
:10DF600051D094F808E0AE454DD8A77AAF424AD3D5
:10DF7000A5EB0E0E6568C77E5FFA8EFE05EBCE0E32
:10DF80009EF8036002969EF8046003969EF9066070
:10DF90009EF802509EF905C00496002F40F0A6801E
:10DFA0009EB290F8188090F819E0059692B2029E01
:10DFB00005FB08F516FB0EF7049E013D029535465C
:10DFC000059E05FB0E6E029D039E0CFB082C15FAA8
:10DFD0008CF5013F2DB217FA8EF7A9453FB20FFA23
:10DFE0008CFCB8BFA946019DBA450FFA8EFEB8BF9A
:10DFF000BA46E345A8BFE346754506FB0822A8BF1D
:10E000007546019512B211F8015B002DA2D1D945D8
:10E01000019E08DB109A09F10103A2F800B0129AE0
:10E02000A3EB0B031380B24506DB119A0AF101033F
:10E030001680139A9B1B138007B0BDE8F08F0A2D42
:10E0400038D00D2DDFD0C57E077E002D3DD10626B0
:10E05000457E16FB072E1FFA82FC08260EF1FF3EB6
:10E0600016FB0535013DCE45C8BF0FFA8EF9554563
:10E07000C8BF0FFA85FA9345A8BF9346019A11F8D5
:10E08000015B9A4207EB4707A8BF1A460CEB47070C
:10E0900001923AB2002D7FF45DAFB8E7457E227B56
:10E0A00005FB023311F8015B1BB20022002D7FF447
:10E0B00051AFACE7427E11F8015B03EBC2031BB228
:10E0C0002246002D7FF446AFA1E707EB470EB0F9DB
:10E0D0000CC002EB4E0565454FEA4E0E1ADD457E3B
:10E0E00003EBC5031BB2A4462246B6E790F818809E
:10E0F000B0F90CE00CEB050708FB072777450EDDB0
:10E10000227B90F819E002FB0E339AB205921BB203
:10E1100000224CE7AE461FFA82FC457E9DE79EB288
:10E1200090F819E0059692B241E700BF002931DB73
:10E13000F0B4B0F90C408C422ADD002A28DBB0F99B
:10E140000E40944224DD847E022C5BD0032C53D0FD
:10E15000012C60D0B0F93870B0F93A60B0F93C5099
:10E16000B0F93E408F42A8BF0F469642A8BF164660
:10E170008D42B8BF0D46858790F84C500787944272
:10E18000B8BF1446012D4687C4871AD0042D02D08B
:10E19000F0BC704770470489456B14FB02F201EB39
:10E1A000D17002EBD27240F34F0000EB620211F02B
:10E1B000010FA95C35D101F00F0141EA0313AB5403
:10E1C000E6E7012B48D0022B32D0002BE0D1002A09
:10E1D0000589476B1446B8BFD41DE41014FB051421
:10E1E00002F0070C3D5D012606FA0CF625EA06054D
:10E1F0003D5590F84C50C9E74489013C641A1146DA
:10E2000022B2A7E705894489013D013C691AA21A97
:10E2100009B212B29EE70489013CA41A0A4621B24F
:10E2200098E703F00F0321F00F010B43AB54AFE766
:10E23000002A0589466B1446B8BFD41DE41014FBB0
:10E24000051402F0070C375D012505FA0CF57D4039
:10E25000355590F84C5099E7002A0589466B1446CD
:10E26000B8BFD41DE41014FB051402F0070C375D91
:10E27000012505FA0CF53D43355590F84C5085E7DE
:10E2800070B5002984B0856A14BFA726A6268DF82C
:10E290000B6075B10024CDE9004428460123022219
:10E2A00003A98DF80D608DF80C4000F047F904B01B
:10E2B00070BD04462946006C0AF0ECFF0095606AC8
:10E2C0002B4601220DF10B0100F0B6F904B070BD30
:10E2D0002DE9F0410446DDE90876154688461AB274
:10E2E00029B2BDF91C50FFF7E3FA0698094984F8F2
:10E2F0004C8000234FF0FF322065C4E90933C4E9A4
:10E300001022E7622663A564216063632046BDE8AE
:10E31000F08100BFB88A070038B50446406B0A4B4D
:10E32000236018B107F096FC00236363656A2DB182
:10E33000284600F037F9284609F09CFFA06A08B18A
:10E3400009F098FF204638BDB88A070030B5856AC5
:10E3500087B08DF80F107DB10023CDE90033CCB22A
:10E360008DF8143028460123022205A98DF81540A6
:10E3700000F0E4F807B030BD04462946006C0AF00E
:10E3800089FF0095606A2B4601220DF10F0100F014
:10E3900053F907B030BD00BFF0B5856A85B065B1EF
:10E3A00001230DF10F04CDE90043284600248DF828
:10E3B0000F4000F0C3F805B0F0BD04460E46006CF7
:10E3C000294617460AF066FF0095606A2B463A46D2
:10E3D000314600F031F905B0F0BD00BF436B70B5B8
:10E3E00004460E461546002B4ED0D5B1A06C002831
:10E3F00017DB01210AF0CAFE0121A06C0AF04AFFD6
:10E400000A2007F0F1FB0021A06C0AF043FF0A206C
:10E4100007F0EAFBA06C01210AF03CFF0A2007F09C
:10E42000E3FB236D4BB3102009F020FF3146054676
:10E43000226D00F063F8A5622846012100F068F81B
:10E4400000B3B4F90A10238994F84C20606B12FBD6
:10E4500003F2CB1D48BF01F10E03DB1003FB02F2F8
:10E46000002112F07BFB22896389013A013B0021E4
:10E47000A287E387A163012070BD606A10B100F03C
:10E4800099F8B8B9002070BD2389B4F90A2090F832
:10E490004C0010FB03F0D31D48BF02F10E03DB104C
:10E4A00003FB00F007F0BCFB60630028EAD0002DFE
:10E4B0009CD1B6E7206C01210AF068FEC1E700BFDD
:10E4C00010B5B0F90A10038990F84C2012FB03F242
:10E4D000CB1D48BF01F10E030446DB1003FB02F223
:10E4E0000021406B12F03AFB22896389013A013B1B
:10E4F0000021A287E387A16310BD00BF30B40025CF
:10E5000020240572C460017030BC4260704700BFB7
:10E5100038B5044640680D46EBF704FD0120207233
:10E5200005B938BD21786068EBF7C2FD6068EBF78C
:10E5300029FEB0FA80F0400938BD00BF2DE9F04156
:10E54000079F0446C06815463A44824202D900201B
:10E55000BDE8F0810E46606821789846EBF7A8FD8B
:10E560004FB1069B3BB16068194603683A465B6849
:10E570009847B842EBD16068036831465B682A4629
:10E5800098478542E3D160684146EBF79DFDB0FABC
:10E5900080F04009BDE8F08108B54068EBF71EFD4A
:10E5A000012008BD10B50446406808B109F062FEBC
:10E5B000204610BD38B5044690F90E00411C07D026
:10E5C00001210AF0E3FD94F90E0001210AF062FE38
:10E5D000256835B12846E1F71DFB012084F8340099
:10E5E00038BD012194F90F000AF0D0FD637B94F946
:10E5F0000F00012B94BF294601210AF04BFE94F92C
:10E600001000421C0AD194F91100431CE5D00021EE
:10E610000AF0BCFD012084F8340038BD01210AF065
:10E62000B5FD94F9100001210AF034FE94F91100AF
:10E63000431CD2D0EBE700BF2DE9F04F044687B072
:10E640000068109DCDE90221994620B1636893E8E6
:10E650000600E1F72BFB94F90E00461C40F0958173
:10E66000002D5CD009EB050B9B4F0BF1FF330193A1
:10E6700009F1FF3947F00107206819F8018F8DF87B
:10E680001780002840F07581237B944EA268B6FB6A
:10E69000F2F6002B0CBF0125802518EA050FF6B213
:10E6A0000CBF4FF0010A4FF0000A4FEA861B0EB173
:10E6B0005846B847637B13F0FD0F00F01181032B20
:10E6C00000F0EA80A269E36A11680B43136016B197
:10E6D0005846B847A26994F91030013309D06069EF
:10E6E000636A016818EA050F14BF0B4321EA0303AC
:10E6F00003601168E36A21EA0303136094F911309F
:10E7000001331CBFE3691B68237B002B40F013819E
:10E710006D0015F0FF05CAD1019B9945ACD1029B54
:10E72000002B58D01A469246039A6B4B92440AF13A
:10E73000FF31019102F1FF3B43F0010820681BF813
:10E74000017F8DF81770002840F01981237B634EFC
:10E75000A268B6FBF2F6002B0CBF012580252F42E4
:10E76000F6B20CBF4FF001094FF000094FEA861ACC
:10E770000EB15046C047637B13F0FD0F62D0032BF0
:10E7800040D0A269E36A11680B43136016B150468A
:10E79000C047A26994F91030013308D06069636AF8
:10E7A00001682F4214BF0B4321EA03030360116881
:10E7B000E36A21EA0303136094F9113001331CBFAB
:10E7C000E3691B68237BABB96D0015F0FF05CFD162
:10E7D000019B9B45B2D194F90E00451C02D001214A
:10E7E0000AF058FD206808B1E1F7C2FA012007B02D
:10E7F000BDE8F08F6B10DDB2002BB9D1019B9B45BA
:10E800009CD1E8E794F91030013308D06169636A5C
:10E810000A682F4214BF134322EA03030B60A26964
:10E82000E36A116821EA03031360002E00F0978069
:10E830005046C047A169E36A0A6813430B6050461B
:10E84000C047B9E794F910305A1C10D017EA0500F8
:10E8500014BF012300234B4509D06169636A0A682C
:10E86000002800F0818013430B604FF00109A2697A
:10E87000E36A11680B43136016B15046C047A269A2
:10E8800094F9113001331CBFE3691B681168E36A16
:10E8900021EA0303136095E794F91030013309D09E
:10E8A0006169636A0A6818EA050F14BF134322EA14
:10E8B00003030B60A269E36A116821EA0303136092
:10E8C000002E47D05846B847A169E36A0A68134347
:10E8D0000B605846B84711E7108B070020A10700CE
:10E8E00094F91030591C0ED018EA050014BF01230A
:10E8F0000023534507D06169636A0A6828B313434C
:10E900000B604FF0010AA269E36A11680B431360C0
:10E9100016B15846B847A26994F9113001331CBFAB
:10E92000E3691B681168E36A21EA03031360237B30
:10E93000002B3FF4EDAE6B10DDB2002B7FF4B7AED1
:10E94000019B99457FF498AEE9E622EA03038246EB
:10E950000B60D8E71168E36A0B431360CEE61168D9
:10E96000E36A0B43136027E722EA030381460B6047
:10E970007DE701220DF11701E1F71EFACCE6012235
:10E980000DF11701E1F718FA22E700210AF082FCE5
:10E9900066E600BF10B5034B0360044600F03AF989
:10E9A000204610BD008D070010B5054B03600446DE
:10E9B00000F030F9204609F05DFC204610BD00BF94
:10E9C000008D070030B585B0BDF92050099C009539
:10E9D0000A9D01940295044600F000F9024B236061
:10E9E000204605B030BD00BF008D070030B504469D
:10E9F00085B0FFF7F3FCB4F90A20B4F90810144B02
:10EA000002200125203A733984F854004FF0200C7D
:10EA1000029502EBD272732501EBD171CDE9005C56
:10EA200042F34F0241F34F012046FEF759FF0949D7
:10EA300020461922FFF7B0FC054630B1642007F0EC
:10EA4000D3F82046AF21FFF781FC284605B030BD42
:10EA5000188B0700588D07002DE9F04F06468BB044
:10EA60000AF0C2F8B6F90A30B6F90840B6F93AB079
:10EA700096F8381040228DF82320DA1D48BF03F1A4
:10EA80000E02E3B20493BBF1000F049DB6F93C30D3
:10EA9000B8BF0BF1070BC2F3C702A942CBF3C70BF8
:10EAA000084623EAE37328BF28465A45DBB205909F
:10EAB00040F28B801B1A691C53FA81F3503AABF178
:10EAC0005008D2B207930BFB050306925FFA88F851
:10EAD00003932EE0059A306C8DF8248013441A11AC
:10EAE000103203F00F0339468DF825208DF82630BB
:10EAF0000AF0D0FB00973B46032209A9706AFFF792
:10EB00009BFD306C01210AF0C5FB0097706A3B4603
:10EB100022462946FFF790FDDDE90332134408F150
:10EB200001080393069B5FFA88F898454DD0B6F923
:10EB30000840079B756BB76A1C1B039BE4B21D441E
:10EB400096F85430002FC5D04FF00002F8688DF8C9
:10EB50002420059AF16A8DF8258013441A11103289
:10EB600003F00F0300F1FF3C38468DF826208DF8A6
:10EB700027301FFA8CF7FFF70FFD0023CDE9003394
:10EB80000422B06A012309A9FFF7D8FCC4B1FFB27F
:10EB90000DF1230A4FF00109BC42CDE900A9A346BB
:10EBA00028BFBB46A4EB0B042946B06A5A46012392
:10EBB000E4B2FFF7C3FC5D440AF016F8002CEBD179
:10EBC000316BB06AFFF7E8FCA6E74FF004224FF084
:10EBD000FF33C6E90E230BB0BDE8F08F30B585B02A
:10EBE00014460A9DBDF920200093099B01920293CF
:10EBF0000A462346039501210446FFF769FB044BAF
:10EC000023602046002384F8543005B030BD00BF97
:10EC10007C8D070010B5034B03600446FFF77CFBB7
:10EC2000204610BD7C8D0700704700BF10B504461C
:10EC300009F020FB204610BD38B50A4B04460D46AE
:10EC4000442240F80C3B002111F088FF0023A5600E
:10EC5000237104F15401012007F088FA2065204651
:10EC600038BD00BFDC8D070070B504460E46006D50
:10EC70004FF0FF3107F0BAFC257955B98EB1A66087
:10EC8000314604F10C0005F0BBFBB0FA80F56D09CC
:10EC900025710023206D1A46194607F0B7F828465B
:10ECA00070BDA668002EF4D0EAE700BF70B5054637
:10ECB0004FF0FF31006D07F099FC2B7993B10023E1
:10ECC00005F10C062B71304605F0AEFC044680B110
:10ECD0000023286D1A46194607F098F8B4FA84F014
:10ECE000400970BDA96805F10C0004F029FF044635
:10ECF000EEE7A968304604F023FF04460028E7D178
:10ED0000A968304605F07CFB04460028E0D10123C9
:10ED10002B71DDE730B5044695B00D46006D4FF020
:10ED2000FF3107F063FC294601AA04F10C0004F04E
:10ED3000DBFC002302461946206D14461A4607F0F4
:10ED400065F8B4FA84F0400915B030BD2DE9F04FF4
:10ED500083B00B7800AF2F2B78600CBF4C1C0C4697
:10ED600006460D46006D4FF0FF3107F03FFC06F1FF
:10ED70000C084FF0000917E0ADEB030D68468B451A
:10ED800000F8019BEA4601DD11F0E8FE29465A46EB
:10ED9000504611F0BBFE5146404603F00BFD08B152
:10EDA000113028D10134B54620462F2112F08FFEB4
:10EDB000A0EB050B0BF108036E460021044623F07F
:10EDC00007035A460028D7D12946404603F0F2FCF3
:10EDD00060B901247A680023106D19461A4607F0BD
:10EDE00015F820460C37BD46BDE8F08F113014BF32
:10EDF00000240124EEE70024B546EBE738B50446CD
:10EE00000D46006D4FF0FF3107F0F0FB294604F18D
:10EE10000C0004F0C1FC002302461946206D144684
:10EE20001A4606F0F3FFB4FA84F0400938BD00BF7B
:10EE3000036970B504460D46186D4FF0FF31164654
:10EE400007F0D4FB237D4BB1002522690023106D10
:10EE500019461A4606F0DAFF284670BD2069A169F6
:10EE60002A4633460C3003F0F3FF20EAE075ECE766
:10EE700070B50369044682B0186D4FF0FF3107F09A
:10EE8000B5FB267D4EBB2069A1690C3004F01EFC49
:10EE900005462069A1698DF8076001230DF107027D
:10EEA0000C3004F05FFB00282069A169C8BF9DF801
:10EEB00007602A4600F10C004FF00003D8BF4FF066
:10EEC000FF3604F0D3FB22690023106D19461A4661
:10EED00006F09CFF304602B070BD4FF0FF36F2E7FF
:10EEE00038B5036904464FF0FF31186D07F07EFB1B
:10EEF000237D4BB1002522690023106D19461A4667
:10EF000006F084FF284638BD2069A1690C3004F062
:10EF1000DFFB05462069A1690C3004F0D7FB2D1AF0
:10EF2000E9E700BF036910B504464FF0FF31186DE3
:10EF300007F05CFB237D43B122690023106DBDE81F
:10EF400010401A46194606F061BF2069A1690C30CD
:10EF500004F0E4F9F0E700BF30B50369044683B07C
:10EF6000186D4FF0FF3107F041FB257D55B1226947
:10EF70000023106D19461A4606F048FF4FF0FF3087
:10EF800003B030BD2069A1690DF1070201230C30E7
:10EF900004F0E8FA23692A4604462946186D2B46F0
:10EFA00006F034FF002CCCBF9DF807004FF0FF3077
:10EFB00003B030BD30B50368164A5B6883B0934236
:10EFC0008DF807101ED1036904464FF0FF31186D0C
:10EFD00007F00CFB237D53B1002522690023106D3F
:10EFE00019461A4606F012FF284603B030BD2069C4
:10EFF000A1690C3001230DF1070203F029FF20EA7B
:10F00000E075EAE701220DF1070198470546284619
:10F0100003B030BD31EE050030B4074C0161002271
:10F020004FF47A75C0E900428560C0E9062230BC21
:10F03000027580F820207047EC8D0700F0B58369D9
:10F0400097B004460D46164693B1077D00691946F0
:10F050000C30002F45D003F0ADFDA06906F0FAFD9D
:10F06000E0690023A36108B106F0F4FD0023E36129
:10F07000206903AA0C30294604F036FB98B99DF8A4
:10F080000C30112B34D02C2006F0CAFD0146A061B3
:10F0900030B120692A460C3003F064FD002839D0D5
:10F0A000002017B0F0BD0230FAD1012EF8D138207F
:10F0B00006F0B6FD0146A0610028F1D0206940F2BB
:10F0C00003130C302A4603F011FE06460028E7D150
:10F0D0002069A1690C300223324604F0C7FA267574
:10F0E00009E004F09DF9A06906F0B4FDA761BFE74F
:10F0F000EEB1012E3AD02F21284612F045FD2034E2
:10F1000000B1451C29462046402212F02AFD01206C
:10F1100017B0F0BD01232375284612F008FD013019
:10F1200006F07EFD2946E06112F0E8FCE3E70123EA
:10F130003820019306F074FD019BA0610146002870
:10F14000AED020692A460C3003F0D0FD0028A7D1AC
:10F15000012E02D000232375CDE72369A169024661
:10F1600003F10C00022304F081FAF3E740F20313E9
:10F17000DEE700BF30B5036983B004460D46186D65
:10F1800001924FF0FF3107F031FA019A29462046EB
:10F19000FFF754FF2169002302461446086D1A4602
:10F1A000194606F033FE204603B030BD70B5044664
:10F1B0000025C4E906551048236182B0206084F818
:10F1C00020504FF47A700E46A0604FF0FF31186D5A
:10F1D00065602575019207F009FA019A31462046CB
:10F1E000FFF72CFF22692B46106D29462A4606F0B0
:10F1F0000DFE204602B070BDEC8D0700036970B5AE
:10F2000004460D46186D4FF0FF31164607F0EEF933
:10F21000237D4BB1002522690023106D19461A4643
:10F2200006F0F4FD284670BD2069A1692A463346E0
:10F230000C3004F097F90546EDE700BF38B50369D7
:10F2400004460D46186D4FF0FF3107F0CFF9237DCE
:10F250004BB1002522690023106D19461A4606F0AD
:10F26000D5FD284638BD2069A1692A460C3004F036
:10F27000FDF9C543ED0FEDE738B5036904464FF0DE
:10F28000FF31186D07F0B2F9237D4BB100252269DB
:10F290000023106D19461A4606F0B8FD284638BD01
:10F2A0002069A1690C3004F011FA0546EFE700BFB0
:10F2B00038B5036904464FF0FF31186D07F096F931
:10F2C000237D4BB1002522690023106D19461A4693
:10F2D00006F09CFD284638BD2069A1690C3004F079
:10F2E000F7F90546EFE700BF036970B504464FF034
:10F2F000FF31186D07F07AF9A16981B12069257D88
:10F300000C30ADB103F056FCA06906F0A3FCE06937
:10F310000023A36108B106F09DFC0023E36122698C
:10F320000023106DBDE870401A46194606F06EBD08
:10F3300004F076F8A06906F08DFCA561EFE700BF48
:10F340008069003818BF0120704700BF2DE9F04FD9
:10F3500095B00B6906460C46186D4FF0FF3100AFB3
:10F36000904607F043F900232069337586F8203072
:10F37000227D2B4930614FF47A70C6E90013C6E94B
:10F380000633B060DAB342F62E652069A1690C300D
:10F390003A1D03F023FC012831D1BB892E2BF4D078
:10F3A000AB4238D0D4F81C90484612F0C0FB05465A
:10F3B00007F10C0012F0BBFB2B18093323F00703F5
:10F3C000EA46ADEB030D68466A1C494611F09EFB08
:10F3D00099F800302F2BEB4602D199F801301BB180
:10F3E000104B1B882BF8053007F10C01584612F022
:10F3F0005FFB424659463046FFF720FED54622695C
:10F400000023106D19461A4606F000FD30465437A9
:10F41000BD46BDE8F08FBB7B002BB6D0C2E700BF76
:10F42000EC8D0700B05307002DE9F04F85B0DDE902
:10F430000E4B109F81460D4690461E46002F63D00E
:10F44000B8F1000F03D0D8F80030B34249D0D9F852
:10F4500000002B689E422BD04369B4FBF3F203FB00
:10F460001242BAB9BB4215D8B7FBF3F203FB127ACA
:10F47000A7EB0A0300930393436822461F463146D5
:10F480005B46B84788B9039B57469B441C44002FF2
:10F49000D6D139E00093A21AC5E90062D0F804A0E1
:10F4A000AB683146D0470028CAD005B0BDE8F08F20
:10F4B00069684369A142D0D8CA18A242CDD9A2EB4B
:10F4C000040ABA45AB6828BFBA46611A5246584684
:10F4D0001944BF1A544411F019FBD344002FAFD183
:10F4E00012E0D8F80430A342B1D8D9F800008269FC
:10F4F0001A44A242ADD9A2EB040ABA45D8F80810C2
:10F5000028BFBA46E31AE1E7002005B0BDE8F08F56
:10F510002DE9F04F074687B00D4672B30368D1F866
:10F5200000B090469A69D1E901104AB3013A01F15D
:10F5300001098618A9EB0009441E4FF0010A08E0F2
:10F5400014F8012F9DF817309A4223D1A6423B6848
:10F5500014D01A6A934509EB040320D20DF1170267
:10F56000CDE90032CDF808A05B460022414638467E
:10F57000FFF75AFF0028E3D009DB3B68A8689A69C7
:10F58000FF2111F0EBFA4FF0FF332B60002007B0A2
:10F59000BDE8F08F6FF0330007B0BDE8F08F034B8C
:10F5A000034A0448122111F0BDF900BF088E07007C
:10F5B00024900700288E07002DE9F04F87B0DDF872
:10F5C00040A00592002B64D0D0F800908B46D9F86B
:10F5D0001C105C1EA1F108084445074651D3B4FB3A
:10F5E000F8F0013810F0F0FFD04500F10200A4EB74
:10F5F0008003B3FBF8F560D8BAFBF8F0013810F0DF
:10F60000E3FF861CAAEB8606B6FBF8F6304610F040
:10F61000DBFFAAEB800006FB180AB54243D9D9F8F4
:10F620002020059B4FF004090DF114080BE0012B7D
:10F6300045D93A68126A934241D8012101FA04F48B
:10F640002D1BB54230D9AC1BB4FA84F495FAA5F160
:10F65000C4F11F04B1FA81F18C4228BF0C469342D9
:10F660004FEA840132D20091CDE901890022594646
:10F670003846FFF7D9FE059B0028D8D007B0BDE873
:10F68000F08FD04588BF1346BAFBF8F00CD80025A0
:10F69000B4E711994FF0FF320A60129A18461360CE
:10F6A00007B0BDE8F08F059B119A1360129B0020F4
:10F6B000C3F800A007B0BDE8F08F0026ADE7064B09
:10F6C000064A07484FF48F6111F02CF9054B064AA2
:10F6D0000348122111F026F9988E07004490070084
:10F6E000288E0700088E0700249007002DE9F04FB0
:10F6F00089B00746149C129D8B4692461E46002CEC
:10F7000055D0DBF80030B3425CD0013340F0A1802B
:10F7100038688269B5FBF2F302FB1353002B4AD120
:10F72000A24248D8B4FBF2F302FB13430593E31A59
:10F73000009304938468139B2A463146A04700280F
:10F740007ED1BAF1000F29D0049B3BB3139B5C1E02
:10F75000049B04EB0309139B05F10108A8EB0308C4
:10F7600007E014F8012F9DF81F309A4266D14C45EE
:10F7700014D03B681A6A964208EB040363D2012254
:10F7800002920DF11F02CDE90032514633460022AC
:10F790003846FFF749FE0028E3D051DB139A049B5B
:10F7A000059C1146194413911D44002CA9D1002039
:10F7B00009B0BDE8F08FEB1ACBE90063DBF800304D
:10F7C000B342A2D1DBF80410A9429ED83A689269EC
:10F7D0000A44AA4299D9A2EB0508A045DBF8080023
:10F7E00028BFA046691A08444246139911F08EF9C1
:10F7F00038681399826945444144B5FBF2F302FB32
:10F800001353A4EB08041391002B7FF478AFDBF8BB
:10F8100000104B1C3FF473AF0092DBE90123D0F8DA
:10F820000880C04760B9524659463846FFF770FE17
:10F8300000283FF464AF09B0BDE8F08F6FF03300EB
:10F8400009B0BDE8F08F064B064A0748122111F0B7
:10F8500069F8064B064A0448B72111F063F800BF67
:10F86000088E070024900700288E0700C48E07002A
:10F87000349007002DE9F04F0446D2E9003091B0F2
:10F880004FF0010B0A9300230B90069104F114082A
:10F890000DF128090593236859F8045B1B6A9D4202
:10F8A0007BD210230DF1300A0022CDE901A3009292
:10F8B0002B4641462046FFF7B7FD002839D1059B6E
:10F8C000002B60D10D9B23F00043132B4FD92268EE
:10F8D000D26993424BD84FF0FF3309A8102251460A
:10F8E000099304F0BFFE0D9B23F00043102B28D09A
:10F8F000CDF81C9010260DF12307994607E001363C
:10F900000122394609A804F0ADFEB14517D023689D
:10F910001B6A9D4241D20123CDE9017300962B461B
:10F92000002241462046FFF77FFD0028E7D0DDF8A2
:10F930001C9010F1340F1AD011B0BDE8F08FDDF833
:10F940001C90099B9BB99AE80F000BF0010610AFC1
:10F9500007EB860C069F1026FE603E467D601C3637
:10F960005CF8185CBD6086E80F0001230593BBF1CD
:10F97000020F0FD1059B002B14BF00206FF0330046
:10F9800011B0BDE8F08F069A0C9BD2699B1A002B30
:10F9900098DAECE74FF0020B7DE7034B034A04488B
:10F9A000122110F0BFFF00BF088E0700249007004F
:10F9B000288E07004368013337D02DE9F043836870
:10F9C000013383B0044628D015460E464FF0000898
:10F9D0004FF001096A462946CDE90089FFF74AFF41
:10F9E000E0B905F124086B6A591C16D0AF6A7A1C7D
:10F9F00013D0D6F800C09C4513D0D6F804E0BE451D
:10FA00000FD073454246294620460AD0BC4508D04F
:10FA1000FFF730FF0028E6D000E0002003B0BDE88B
:10FA2000F083012003B0BDE8F0830020704700BFE1
:10FA30002DE9F041D1F820C00C46C9682CF00043F4
:10FA4000043B01F10C069E4284B0054617461FD9BF
:10FA500004F12408102612E0424621462846FFF70A
:10FA600009FF90B9D4F820C0A169E6602CF00043EA
:10FA7000043B14311B2BA1614FF0100108D8BCF1DD
:10FA8000000FE9DB39606FF0010004B0BDE8F081E0
:10FA90002A46636852F8140B066AB34207F1040061
:10FAA0001AD20C26CDE900100296114628460022F3
:10FAB000FFF7BAFC0028E8D17B79BA79FD79A16912
:10FAC00004331344E2683A602B441A440B44E26066
:10FAD000A36104B0BDE8F081024B034A0348122140
:10FAE00010F020FF088E070024900700288E0700E2
:10FAF000F0B593B000260D46012707A96A46CDE967
:10FB000000670446FFF7B6FE064610B121E0831CED
:10FB100022D1109B01331CD0119B013319D010AAA4
:10FB200007A92046FFF7A6FEB0B903AA07A92046F9
:10FB3000FFF77EFF0028EAD19DF91030002B4FF02F
:10FB40000802294605A8F0DB10F0D2FF0028ECD10E
:10FB50000126304613B0F0BD0646304613B0F0BD66
:10FB60002DE9F047164600240122C6E909428246E3
:10FB700088461D4606F124094A4631465046FFF79D
:10FB800079FE074668B92A4631465046FFF750FFCE
:10FB900050B1831C1FD1736A013302D0B36A0133A1
:10FBA000EAD13846BDE8F0872C7904F07004202CA7
:10FBB000E9D1AB68D8F80020934208D0E868D8F8BB
:10FBC0000410884203D08B4201D08242DBD101274E
:10FBD0003846BDE8F0870746E3E700BF2DE9F04F60
:10FBE0002DED028B8DB090461C46099340F6220302
:10FBF0002268C8F804300892D0E90123724EC8F890
:10FC0000082082468946C8F80C3000F1140B089D84
:10FC10003146284611F0CCFF2B46034404463146BA
:10FC20001846059311F072FF0128049000F0B0808F
:10FC3000022804D1059B1B782E2B00F0B280DDE951
:10FC40000423134408931F4601243146384611F01B
:10FC5000AFFF07443846314611F058FF78B102280B
:10FC600002D001340744F0E73B782E2BF9D17B78A2
:10FC70002E2BF6D1013CF5D1BB1C0893C7E7059CA0
:10FC8000207800285FD0099B1C6098F80430222B54
:10FC900040F08D8008F108031A464946504608EEA8
:10FCA000103AFFF7E7FD00284DD1049B013B2344A8
:10FCB0000793424649465046FFF7BAFE002842D114
:10FCC00098F8042002F07F03112B01D0222BF0D1F1
:10FCD00098F8073004998B42EBD1D8F8003098F8A7
:10FCE000051098F80650D9F8047004330B441D44ED
:10FCF000049BA3B3059BCDF818800135DDF81C806B
:10FD0000ED1A5C1E07E014F8012F9DF82F309A427F
:10FD10001ED144451FD0DAF800301A6A974205EB2D
:10FD2000040347D2012202920DF12F02CDE90032E5
:10FD300059463B4600225046FFF776FB0028E2D0AA
:10FD4000DDF8188009DA0DB0BDEC028BBDE8F08F4C
:10FD5000DDF81880ADE7DDF8188098F80420130668
:10FD60007FF555AFDAF8043001330CD0DAF80830FB
:10FD7000013308D018EE101A5046FFF7B9FE0028DC
:10FD80001ED198F8042002F07F0288F804203EE794
:10FD90002B5D2E2B7FF453AFDDE90423134408932E
:10FDA00035E7059B5B782E2B7FF449AFF4E76FF0C6
:10FDB0001300C8E7054B064A0648122110F0B2FDB1
:10FDC000C1DB6FF00100BEE7B0530700088E0700EB
:10FDD00024900700288E07002DE9F04F8B469DB038
:10FDE0000BF1040304930BF10C03CDE9053B016B0C
:10FDF00004464FF001080025D4E90D3010E05A09FF
:10FE0000E66B01385F1CA063676356F822C003F0FD
:10FE10001F0208FA02F212EA0C0F00F027813B469B
:10FE20009942ECD1002800F0F2812268E36AD2E91D
:10FE300008621944904228BF1046B1FBF6F306FB56
:10FE400013112063E162E06B6563D208002110F0BA
:10FE500085FE6368013300F05781A368013300F029
:10FE60005381002201230025CDE9082304F1140762
:10FE700001222E46D4F800C0E16ADCF82030206B65
:10FE8000591A0E44B6FBF3F503FB1565854210D2F3
:10FE90006909E26B05F01F0552F8213008FA05F5F3
:10FEA0001D4342F82150DCF82030E16A099A206BAA
:10FEB000591A0A44B2FBF3F103FB112383420AD21D
:10FEC0005809E16B03F01F0351F8202008FA03F3EF
:10FED000134341F8203008AA11A92046FFF7CAFCB5
:10FEE000002840F00E810C25149A24E02068129B13
:10FEF000006A834280F01A820EA9CDE900210295A2
:10FF0000002239462046FFF78FFA002840F0F9809A
:10FF10009DF839209DF83A309DF83B6014990432E1
:10FF20001A449DF83830324403F070030A44102B11
:10FF3000149200F0EB80199B23F00043043B02F184
:10FF40000C009842D2D9DDE91A62701CCDE9086232
:10FF500001D0511C8ED1D4F80C904D46B9F1000F50
:10FF600000F0DE81EB69DA0340F156816F69002F02
:10FF700000F05281D4F800A0DAF81C60013F083E7E
:10FF8000B742C0F0CF81B7FBF6F0013810F01CFB90
:10FF90000230A7EB8002B2FBF6F6D4F830E0E16A5B
:10FFA0002B69079505F12C000546DAF820207046EC
:10FFB00004F114098E4601469818A0EB0E0EBEFB04
:10FFC000F2F002FB10E28A420AD25709E06B02F01B
:10FFD0001F0250F8271008FA02F20A4340F82720BF
:10FFE000002E00F01781DAF8202006F00107C7F193
:10FFF000020A93424FEA8A0080F098810BA90022FE
:0200000260009C
:10000000CDE90110009249462A462046FFF70CFA36
:10001000002876D10AF1FF3CD4F800A013E0BBFB26
:10002000F2F302FB13B38B424FF0010014D24FEAFC
:10003000531EE16B03F01F0351F82E2000FA03F367
:10004000134341F82E30D4F82CE0DAF820200B9B33
:10005000216BA2EB0E0B9B446045E0DB1CAB03EB7A
:100060008C0C023F5CF8443C3E44A5E72068E26A01
:10007000016A1344B3FBF1F201FB1233049A42F814
:10008000043BD4E90C139942049207D10FE0A26B10
:100090000133013A8B42C4E90D3208D05D0903F007
:1000A0001F0256F8255008FA02F22A42EFD1DDE984
:1000B000043293427FF49FAEDDF818B0006ADBF89B
:1000C000043083420BF11C0204F1140180F02E81F4
:1000D000042501920022204602950092FFF7A4F920
:1000E000002840F08B80DBF81C304FF0FF32CBE96A
:1000F0000922142001331021CBE90730CBF80C1072
:1001000000201DB0BDE8F08F216B75E6109B002B21
:100110003FF411AFD4F800A0DAF81C6003F1FF3B04
:10012000A6F10809CB4570D3BBFBF9F0013810F0FC
:100130004BFA861CABEB8606B6FBF9F60F9BE16A21
:10014000DAF82020D4F830E09818401AB0FBF2F129
:1001500002FB110272450BD24FEA521CE16B02F016
:100160001F0251F82C0008FA02F2024341F82C2039
:10017000002E3FF4B9AEDAF8202006F00109C9F1EB
:10018000020A93424FEA8A0080F0D0800BA9002235
:10019000CDE90110009239462046FFF745F90028C5
:1001A000AFD10AF1FF3CD4F800A013E0BBFBF2F39F
:1001B00002FB13B373454FF0010014D24FEA531EF4
:1001C000E16B03F01F0351F82E2000FA03F31343F1
:1001D00041F82E30E16ADAF820200B9BD4F830E0A9
:1001E000A2EB010B9B446045E0DB1CAB03EB8C0CEA
:1001F000A9F102095CF8443C4E44A5E710F1340F24
:100200003FF471AF1DB0BDE8F08F064696E76FF082
:100210001B0076E7079DEB699B037DD52F6A002FB6
:100220007AD0D4F800A0DAF81C60013F083EB7424B
:100230007AD3B7FBF6F0013810F0C6F90230A7EB1D
:100240008003B3FBF6F6D4F830E0E16A6B6A0795F9
:1002500005F12C000546DAF82020704604F1140957
:100260008E4601469818A0EB0E0EBEFBF2F002FB84
:1002700010E28A420AD25709E06B02F01F0250F8DE
:10028000271008FA02F20A4340F82720002E42D035
:10029000DAF8202006F00107C7F1020A93424FEA7C
:1002A0008A0043D20BA90022CDE9011000924946F1
:1002B0002A462046FFF7B8F800287FF422AF0AF15B
:1002C000FF3CD4F800A013E0BBFBF2F302FB13B336
:1002D0008B424FF0010014D24FEA531EE16B03F042
:1002E0001F0351F82E2000FA03F3134341F82E3078
:1002F000D4F82CE0DAF820200B9B216BA2EB0E0B3C
:100300009B446045E0DB1CAB03EB8C0C023F5CF8CC
:10031000443C3E44A6E7079D2D68002D7FF422AEA5
:10032000216B68E5002638E600268CE7024B034A7D
:100330000348122110F0F6FA088E070024900700F7
:10034000288E07002DE9F04F2DED028B9BB0012583
:1003500004460491A9464FF00008D4E90D31D4F8C1
:1003600030C00FE05A09E76B0139581CA163606384
:1003700057F8226003F01F0205FA02F2324200F041
:100380002A8103469C45EDD1002900F05282236862
:10039000E66AD3E90802B444914228BF1146BCFB87
:1003A000F0F300FB13C32163E362E06BC4F8348015
:1003B000D208002110F0D2FB63680133CDD0A368CE
:1003C0000133CAD000220123CDE9062301220020F7
:1003D00004F1140796462268E36A116A266BCB1A69
:1003E00003EB000CBCFBF1F001FB10C0864210D9FE
:1003F0004609E16B00F01F0051F8263005FA00F0C5
:10040000184341F82600D4E90B36116ADDF81CE0E8
:10041000CB1A7344B3FBF1F201FB1233B3420AD29D
:100420005809E16B03F01F0351F8202005FA03F38C
:10043000134341F8203006AA0FA92046FFF71AFA05
:10044000002840F0E9804FF00C08129A0CAE23E02F
:100450002168109B096A8B4280F0F5810092CDE9FA
:100460000168002239462046FEF7DEFF002840F0F2
:10047000D3809DF831209DF832109DF833C0129B37
:1004800004320A449DF8301062441A4401F07003AB
:10049000102B129200F0C580179B23F00043043B01
:1004A00002F10C019942D3D9DDE9180E411CCDE9C6
:1004B000060E02D0BEF1FF3F8DD1D4F80C80464627
:1004C000B8F1000F3FF447AFF369DA0340F1288138
:1004D0007769002F00F02481D4F800A0DAF81C30EE
:1004E000013FA3F108084745C0F0A881B7FBF8F029
:1004F000013810F069F80230A7EB8007B7FBF8F776
:1005000004F11400E16AD4F830C0DAF8202033692D
:100510000596834606F12C0008EE100A0E46614649
:100520009818A0EB060EBEFBF2F002FB10E28A4226
:100530000BD2E06B4FEA521C02F01F0150F82C2046
:1005400005FA01F10A4340F82C20002F00F0E68064
:10055000DAF8202007F00108C8F1020A93424FEAB6
:100560008A0080F0708109A90022CDE90110009273
:10057000594618EE102A2046FEF756FF00284BD1A8
:100580000AF1FF3CD4F800A012E0BEFBF2F302FB3C
:1005900013E38B424FF0010012D25E09E16B03F0CE
:1005A0001F0351F8262009FA03F3134341F82630BC
:1005B000E66ADAF82020099B216BA2EB060E9E4426
:1005C0006045E2DB1AAB03EB8C0CA8F102085CF887
:1005D000443C4744A4E72168E26A096A1344B3FB38
:1005E000F1F201FB1233049A1360D4E90C03834245
:1005F00011D0012506E0A26B0133013A8342C4E920
:100600000D3208D0590903F01F0257F8211005FADE
:1006100002F20A42EFD100201BB0BDEC028BBDE814
:10062000F08F0E9E002E3FF411AFD4F800A0DAF840
:100630001C20013EA2F1080B5E450AD3B6FBFBF07D
:1006400001380FF0C1FF0230A6EB8003B3FBFBF3D0
:100650001846E16AD4F830C00D9BDAF8202008EE85
:10066000107A8E46074661469818A0EB0E0EBEFB28
:10067000F2F002FB10E28A420AD25609E06B02F065
:100680001F0250F8261005FA02F20A4340F826200D
:10069000002F00F0D580DAF8202007F00106C6F11F
:1006A000020A93424FEA8A0080F0CD8009A9002215
:1006B000CDE90110009218EE101A2046FEF7B4FEA4
:1006C0000028A9D10AF1FF3CD4F800A013E0BBFB3D
:1006D000F2F302FB13B38B424FF0010014D24FEA46
:1006E000531EE16B03F01F0351F82E2009FA03F3A8
:1006F000134341F82E30D4F82CE0DAF82020099B7F
:10070000216BA2EB0E0B9B446045E0DB1AAB03EBC5
:100710008C0C023E5CF8443C3744A5E7059EF36927
:100720009B0340F18180376A002F7DD0D4F800A070
:10073000DAF81C20013FA2F1080847457CD3B7FB3B
:10074000F8F001380FF040FF0230A7EB8007B7FB4D
:10075000F8F704F11400E16AD4F830C0DAF8202088
:10076000736A0596834606F12C0008EE100A0E46C1
:1007700061469818A0EB060EBEFBF2F002FB10E2F9
:100780008A420BD2E06B4FEA521C02F01F0150F874
:100790002C2005FA01F10A4340F82C20002F42D00A
:1007A000DAF8202007F00108C8F1020A93424FEA64
:1007B0008A0048D209A90022CDE9011000925946C9
:1007C00018EE102A2046FEF72FFE00287FF424AFF3
:1007D0000AF1FF3CD4F800A012E0BEFBF2F302FBEA
:1007E00013E38B424FF0010012D25E09E16B03F07C
:1007F0001F0351F8262009FA03F3134341F826306A
:10080000E66ADAF82020099B216BA2EB060E9E44D3
:100810006045E2DB1AAB03EB8C0CA8F102085CF834
:10082000443C4744A5E7059E3668002E7FF44CAE55
:1008300091E56FF01B00EFE600278AE700275FE6EF
:1008400018EE107A01E6034B034A0448122110F017
:1008500069F800BF088E070024900700288E070063
:100860002DE9F04F044687B00F4600F1140905A9A1
:100870002046FFF767FD064640B920680599C36822
:100880009847064630B110F1340FF0D0304607B02B
:10089000BDE8F08FBB6A83B307F12C0A35460DF132
:1008A000130804F1200B13E02268059B126A93429F
:1008B00047D20122CDE9018200954A465946204699
:1008C000FEF714FF002831D1BB6A0135AB4214D9C1
:1008D00022687B6A126A93422DD20122CDE90182FD
:1008E0000095524649462046FEF79EFD0028DBD083
:1008F0000646304607B0BDE8F08F2368A16A9A69C2
:10090000786B10F003F9D4E908122368A06AC7E9EC
:100910000B12FF219A6910F021F9059B4FF0FF326D
:10092000304622627B6207B0BDE8F08F10F1340FD1
:100930009DD00646DDE7064B064A074812210FF018
:10094000F1FF034B054A04489C210FF0EBFF00BF69
:10095000088E070024900700288E070034900700B7
:100960002DE9F04F2DED028BC9B004462C22002159
:100970001CA810F0F3F84FF00043282227A800210C
:10098000249310F0EBF823681B6A01223192002BAC
:1009900000F0C98100274FF00C09319B013300F0B2
:1009A000B18130AA27A92046FEF764FF054600283A
:1009B00040F00C81249B002BC0F20E816368013350
:1009C00000F04E81A368013300F04A8132AE324616
:1009D0000CAB25A92046FFF7C3F80028C0F2F5802C
:1009E00000F03E810E9B259A0F982699934200F0C5
:1009F00090818B4200F09381DDE91D51239A26906E
:100A00002068259301320023CDE91D150B95059330
:100A10002392C3680A9198474FF0FF380546F0B11A
:100A200015F1340F40F0D2800A9BC4F82080012BCE
:100A300040F279810B9B012B40F275811DA9204664
:100A4000FFF780FC0546002840F0C08020681D9913
:100A500001230593C368984705460028E0D123AFDA
:100A60000DF1500AA146102239465046CDF850806B
:100A700003F0F8FD59F8202B1D9B126A934280F079
:100A800015821026CDE900572A460296494620468F
:100A9000FEF72CFE05460028C2D1249B23F000431C
:100AA000043B102B32D904F1140B3DAF22680B9B91
:100AB000126A934280F0F4810122CDE9017200961E
:100AC000002259462046FEF7AFFC054600287DD19E
:100AD00001223946504603F0C5FD22681D9B126A6B
:100AE000934280F0E3810122CDE9017200962A460B
:100AF00049462046FEF7FAFD0546002890D1249B82
:100B000023F000430136043B9E42CFD322681D9B55
:100B1000126A934280F0CA8104220292CDE9006AEF
:100B2000494600222046FEF7E1FD054600287FF4F5
:100B300077AF216AC4F814804A1C12D02068A36AD7
:100B4000826900928568626AA847054600287FF49A
:100B500067AF2368A06A9A69FF210FF0FFFFC4F80E
:100B60002080206803699847054600287FF458AF25
:100B7000249EDDF874B0CDF8F48026F0004604F130
:100B80001403043E08EE103A00F0968107460DF17A
:100B9000400908E00137012249463DA803F062FD03
:100BA000BE4240F2898123681B6A9B4580F07881B0
:100BB0000123CDE9019318EE101A00975B4600223D
:100BC0002046FEF731FC0028E4D00546284649B00F
:100BD000BDEC028BBDE8F08F32AE4FF0000832461C
:100BE00027A92046FEF724FFF0B1831CEDD10DF1BB
:100BF0009C0CBCE80F001CAE0FC6BCE80F000FC673
:100C00009CE8070086E8070023681B6A01379F42BB
:100C100080F08980309B01337FF4BFAE284649B015
:100C2000BDEC028BBDE8F08F9DF9CC309DF8CC2057
:100C3000002BD4DA6368013341D0A36801333ED07E
:100C400034A92046FEF754FF0028BEDB35D03246DB
:100C500027A9204601F0C8F90028C0D00546B5E70D
:100C6000DDE93050DDE91D21239B1D91CDE92550A3
:100C70000133239308911E9209924FF00008012638
:100C80002068C3689847054600284FD015F1340FF7
:100C90009CD1089B4FF0FF32012B226243D9099B64
:100CA000012B40D91DA92046FFF74CFB0546002823
:100CB0008CD11D994FF00108E2E79DF8CC20DDF8BA
:100CC000C8E09DF8CFC0CDF8F89002F07F020EF199
:100CD0000C0033A9CDE93F198DF8CC2041900123B8
:100CE0003DAA27A92046CDF80C81CDF8F4E0CDF837
:100CF00008C1CDF810C100F0F9F900283FF46FAF3A
:100D0000054663E70025284649B0BDEC028BBDE8E7
:100D1000F08F88423FF461AF8B427FF46DAE824228
:100D20007FF46AAE59E76FF033054FE723AFA24671
:100D30004FF0FF331022394607A8079303F092FCC7
:100D40005AF8202B1D9B126A934280F0AF804FF01F
:100D50001009CDE900572A46CDF8089051462046A3
:100D6000FEF7C4FC0546002890D1249B23F00043E5
:100D7000043B102B34D904F1140B10AF2268099BEB
:100D8000126A934280F08C80CDE90176CDF8009014
:100D9000002259462046FEF747FB054600287FF40F
:100DA00015AF0122394607A803F05CFC22681D9BA1
:100DB000126A93427AD22A46CDE90176CDF80090A4
:100DC00051462046FEF792FC054600287FF45EAFB0
:100DD000249B23F0004309F10109043B9945CDD33D
:100DE00022681D9B126A934260D2042207A9CDE9B2
:100DF00000910292514600222046FEF777FC0546FC
:100E000000287FF443AF216A4FF0FF37B942676192
:100E100011D02068A36A826900928568626AA84737
:100E2000054600287FF432AF2368A06A9A69FF2143
:100E30000FF094FE27622068036998470546002852
:100E40007FF424AF249FDDF874B027F000474FF003
:100E5000FF3204F11403043F08EE103A109245D01B
:100E600081460DF1F40A08E009F101090122514619
:100E700010A803F0F7FB4F4538D923681B6A9B4540
:100E80000ED2CDE901A618EE101ACDF800905B46FF
:100E900000222046FEF7C8FA0028E5D0054695E670
:100EA0008E4B8F4A8F4812210FF03CFD8B4B8E4AA0
:100EB0008C489C210FF036FD3D9A149B9A427FF49A
:100EC000B3AD059B002B30D12369002B3FF47EAEE0
:100ED0005C681D9A944271D099681E9881426DD0C9
:100EE00084426BD08A4269D01B68EEE7109A079B58
:100EF0009A427FF4CEAEB8F1000F40F082802369B1
:100F0000002B3FF463AE5C681D9A944200F0C480ED
:100F100099681E98814200F0BF80844200F0BC8036
:100F20008A4200F0B9801B68EAE7636801334ED05B
:100F3000A36801333DAE0AAF4BD03246394610AB01
:100F40002046FEF70DFE0028FFF63FAE41D0DDE95A
:100F50001D03109F149731460C370C2612909DF8F4
:100F600047001897139311AF1596179619900026FE
:100F70001B9052460123204616971A9600F0B6F8A9
:100F800000287FF422AE0A98636898421AD00B9A20
:100F9000A1688A4216D0884214D0934212D001220E
:100FA000013384F840208FD0A36801338CD02046D1
:100FB000FFF7D6FC002887D0054607E65A601E9A40
:100FC0009A6091E7DDE91D32C4E90132E7E73DAE01
:100FD0000AAF394632462046FEF7ECFC0028FFF601
:100FE000F4AD3FF471AF3146DDE91D600023479059
:100FF0001A462046469600F079F800283FF464AF80
:10100000DAE76368013350D0A36801333DAE4DD0B9
:10101000324610AB08A92046FEF7A2FD0028FFF6D5
:10102000D4AD43D0DDE91D02109B14930C3318930B
:1010300012900C2311A89DF8477013923146159316
:10104000002617931690012314AA204619971B9780
:101050001A9600F04BF800287FF4B7AD0898636843
:1010600098421DD0099AA1688A4219D0884217D0A7
:10107000934215D00122013384F840203FF43FAF62
:10108000A36801333FF43BAF2046FFF769FC00281B
:101090003FF435AF054699E55A601E9A9A6042E7DB
:1010A000DDE91D32C4E90132E4E73DAE08A932466C
:1010B0002046FEF77FFC0028FFF687AD3FF41FAF08
:1010C0003146DDE91D60002347901A4620464696CA
:1010D00000F00CF800283FF412AFDBE7088E0700A1
:1010E00024900700288E0700349007002DE9F04F68
:1010F0002DED028BCE690D46D1E90141A5B0013637
:1011000090462A1D69608246EE61AC6008920593A4
:1011100083B11E46D8F80400D8F80C302A6A1B1A8E
:10112000022E1A4405D1D8F81C70D8F814603A443D
:10113000921B2A62DAF80000CDF818800023CDE96E
:101140000B140993C36898470446E0B114F1340FB7
:101150003DD10B9B4FF0FF32012BCAF8202034D930
:101160000C9B012B31D908995046FFF7EBF8044648
:1011700068BBDAF80000696801230993C3689847DF
:1011800004460028E2D105F11C07D0464FF0FF339A
:101190001022394611A8119303F064FA58F8202B55
:1011A0006B68126A934280F00D811026CDE90047EA
:1011B0002246029641465046FEF798FA834660B1B1
:1011C00010F1340FC5D0044601E06FF0330420461F
:1011D00025B0BDEC028BBDE8F08F2B6A23F00043F5
:1011E000043BB3426BD90AF1140308EE103A3746B8
:1011F0000DF1640934E0DAF800200C9B126A934286
:1012000080F0E6800122CDE9019218EE101A0097D5
:1012100000225046FEF708F904460028D7D10122E3
:10122000494611A803F01EFADAF800206B68126A2A
:10123000934280F0C7800122CDE9019200962246B8
:1012400041465046FEF752FA044600287FF47EAF2E
:10125000013701362B6A23F00043043B9E422ED215
:10126000059B5B45C7DD069A4FEA0B1302EB0B119A
:10127000D3580791BB42BED10C4611A8D1E9021246
:1012800003F0F0F9DAF800206B68106AE168A268F0
:10129000834280F09780CDE90121009600224146EB
:1012A0005046FEF723FA044600287FF44FAF079B11
:1012B0005A68DB680BF1010B17441E44CAE7DAF8E1
:1012C00000206B68126A93427CD2042211A9CDE9F6
:1012D00000610292414600225046FEF707FA04469A
:1012E00000287FF433AFDAF820104FF0FF33994233
:1012F000CAF8143019D0DAF80000DAF82830826918
:1013000000928468DAF82420A047044600287FF47D
:101310001DAFDAF80030DAF828009A69FF210FF0E3
:101320001DFC4FF0FF33CAF82030DAF800000369E3
:101330009847044600287FF409AF2B6AD5F804804B
:1013400023F000434FF0FF32B3F1040919920AF180
:10135000140B1DD007460DAE07E0013701223146C0
:1013600019A803F07FF9B94512D0DAF800301B6AEA
:1013700098452DD20123CDE9016300974346002211
:1013800059465046FEF750F80028E6D004461EE7BE
:10139000199A119B9A427FF4DCAE099B13BBDAF8D1
:1013A0001030002B3FF413AF5E686A68964215D088
:1013B0009968A868814211D086420FD08A420DD028
:1013C0001B68EEE73D4B3E4A3E489C210FF0AAFACF
:1013D0003A4B3D4A3B4812210FF0A4FA5A60AA68E2
:1013E0009A60EDE7DAF80430013347D0DAF80830D4
:1013F000013319AE0BAF43D0324639460DAB5046E0
:10140000FEF7AEFB0028C1DB3AD0D5E901030D9F02
:10141000119731460C370C260F909DF83B0015971D
:1014200010930EAF1296149616900026189011AADB
:101430000123504613971796FFF758FE0028A5D1B1
:101440000B98DAF80430984231D00C9ADAF8081088
:101450008A422CD088422AD0934228D001220133DC
:101460008AF840209BD0DAF80830013397D05046F4
:10147000FFF776FA002892D00446A8E619AE0BAF23
:10148000394632465046FEF795FA0028FFF67EAF01
:1014900085D03146D5E90160002323901A46504695
:1014A0002296FFF723FE00283FF479AFE4E76B684C
:1014B000CAF80430AA68CAF80820CFE7088E0700E7
:1014C00034900700288E0700249007002DE9F04F84
:1014D0002DED028B0D46BDB0824616461F4601F12A
:1014E000240809E0002B52DA424629465046FEF70E
:1014F000C1F9002840F008817479B179F279DAF8FD
:1015000000002B6A04340C441444C1691C448C420E
:10151000E8D8B4461E1F4CF8046BE96924974C1CAC
:101520006F68A96825920C3313442B62C5E9011733
:101530000C23002221932B1DCDF880C01E962296ED
:1015400013971291EC611F92239207920693C3683E
:1015500098470446002800F0DE8014F1340F65D16E
:10156000129B4FF0FF32012BCAF820205CD9139B4D
:10157000012B59D906995046FEF7E4FE044600288F
:1015800054D101236968DAF800000793DFE7AC461D
:10159000BCE80F0026AC0FC4BCE80F000FC49CE8E9
:1015A000070084E8070029465046FEF715FC04466C
:1015B00000283BD1DDE92F122B6A69623046191FE2
:1015C000AA6240F8041BF6791794CDE91B4733440F
:1015D000069416916C681A91A968EA691D960C33F5
:1015E0002B62C5E901140C23013219932B1D1890AD
:1015F0000F940E91EA6107934FF00109DAF80000A9
:10160000C36898470446002800F0AA8014F1340FFC
:101610000CD10E9B4FF0FF32012BCAF8202003D9CA
:101620000F9B012B00F2BF806FF0330420463DB0CA
:10163000BDEC028BBDE8F08FDAF800206B68126A0F
:10164000934280F04C8204220BA9CDE90061029202
:10165000414600225046FEF749F804460028D5D1FD
:10166000DAF820104FF0FF339942CAF8143018D03E
:10167000DAF80000DAF82830826900928468DAF833
:101680002420A04704460028C0D1DAF80030DAF858
:1016900028009A69FF210FF061FA4FF0FF33CAF872
:1016A0002030DAF800000369984704460028ADD1DD
:1016B0002E6A26F000464FF0FF33321F0C930AF1DA
:1016C000140B6B68059200F0EA81074631AE1C46A8
:1016D00009E0012231460CA802F0C4FF059B013746
:1016E000BB4200F0DC81DAF800301B6A9C4280F0DB
:1016F000FC81CDE9016900972346002259465046F6
:10170000FDF792FE0028E4D0044620463DB0BDEC33
:10171000028BBDE8F08F05F11C07D0464FF0FF3378
:101720001022394609A8099302F09CFF58F8202B93
:101730006B68126A934280F0D2811026CDE900478F
:101740002246029641465046FDF7D0FF83460028C8
:1017500000F0AA8010F1340F3FF402AF5C4665E759
:1017600005F11C07D0464FF0FF33102239460BA875
:101770000B9302F077FF58F8202B6B68126A9342A4
:1017800080F0AD811026CDE9004722460296414601
:101790005046FDF7ABFF834688B110F1340F3FF49C
:1017A00038AF5C4642E707995046FEF7CBFD04464A
:1017B00000287FF43BAF0123696806931EE72B6A7C
:1017C00023F00043043BB3427FF636AF0AF1140323
:1017D00008EE103A374638E0DAF800200F9B126A1C
:1017E000934280F082810CAACDE9007218EE101AA3
:1017F000CDF8089000225046FDF716FE044600285A
:101800007FF414AF01220CA90BA802F02BFFDAF829
:1018100000206B68126A934280F061810CAACDE9C6
:101820000062CDF80890224641465046FDF75EFF23
:10183000044600287FF4EAAE013701362B6A23F014
:101840000043043BB3427FF6F7AEBBF1010FC3DCAC
:1018500016AA4FEA0B1302EB0B11D3580591BB42AA
:10186000BAD10C460BA8D1E9021202F0FBFEDAF85D
:1018700000206B68106AE168A268834280F02F81C3
:10188000CDE901210096002241465046FDF72EFF8A
:10189000044600287FF4BAAE059B5A68DB680BF15A
:1018A000010B17441E44C9E72B6A23F00043043B95
:1018B000B3426CD90AF1140308EE103A37460DF121
:1018C000280935E0DAF80020139B126A934280F071
:1018D0000C810122CDE9019218EE101A0097002226
:1018E0005046FDF7A1FD044600287FF49FAE01227B
:1018F000494609A802F0B6FEDAF800206B68126AC1
:10190000934280F0EC800122CDE9019200962246BC
:1019100041465046FDF7EAFE044600287FF41DAE1E
:10192000013701362B6A23F00043043BB3422ED922
:10193000BBF1010FC6DC1EAA4FEA0B1302EB0B1121
:10194000D3580591BB42BDD10C4609A8D1E902127A
:1019500002F088FEDAF800206B68106AE168A2687D
:10196000834280F0BC80CDE90121009600224146EF
:101970005046FDF7BBFE044600287FF4EEAD059B04
:101980005A68DB680BF1010B17441E44CAE7DAF80A
:1019900000206B68126A934280F0A180042209A99A
:1019A000CDE900610292414600225046FDF79EFEBD
:1019B000044600287FF4D1ADDAF820104FF0FF3351
:1019C0009942CAF8143019D0DAF80000DAF8283051
:1019D000826900928468DAF82420A047044600282F
:1019E0007FF4BBADDAF80030DAF828009A69FF21FD
:1019F0000FF0B4F84FF0FF33CAF82030DAF80000E7
:101A000003699847044600287FF4A7AD2A6AD5F8F1
:101A100004B022F000424FF0FF33171F0A930AF17F
:101A200014091ED006460DF1C40807E00136012254
:101A300041460AA802F016FEB74212D0DAF800308A
:101A40001B6A9B4551D20123CDE9018300965B4679
:101A5000002249465046FDF7E7FC0028E6D0044640
:101A600053E6DDE909329A427FF47AAD079B002BF9
:101A700041D1DAF81030002B3FF4D8AD5E686A68C7
:101A8000964200F089809968A868814200F08480BD
:101A9000864200F081808A427ED01B68EBE7DDE958
:101AA0000B329A427FF4B5AD069B002B40F06E815D
:101AB000DAF81040002C00F0948060686B6898425F
:101AC00000F0B781A268A9688A4200F0B28188421A
:101AD00000F0AF81934200F0AC812468EAE7A74BA5
:101AE000A74AA8489C210EF01DFFA44BA64AA54872
:101AF00012210EF017FFDAF80430013357D0DAF86C
:101B00000830013331AE12AF53D03246394616ABEE
:101B10005046FEF725F80028FFF6F6AD49D0D5E986
:101B20000102169B26930C332A9318900C2317A8B6
:101B30009DF85F70199231462793002629932890CB
:101B4000012326AA50462B972D972C96FFF7CEFA05
:101B500000287FF4D9AD1298DAF8043098421FD0EB
:101B6000139ADAF808108A421AD0884218D09342A1
:101B700016D0012201338AF840203FF47AAFDAF818
:101B8000083001333FF475AF5046FEF7E9FE0028F8
:101B90003FF46FAF0446B8E55A60AA689A607CE7E4
:101BA0006B68CAF80430AA68CAF80820E1E731AEC9
:101BB00012AF394632465046FDF7FCFE0028FFF6CC
:101BC000A3AD3FF456AF3146D5E9016000233B9009
:101BD0001A4650463A96FFF789FA00283FF449AF73
:101BE000D8E7D5E90116DDE92D3227982F912899FC
:101BF0001190CDE92710DAF80000309642F000424B
:101C000001332D932E92C3681091059498474FF09D
:101C1000FF370126C1460446F8B114F1340F7FF4B2
:101C200005AD109BCAF82070012B7FF6FDAC119B0F
:101C3000012B7FF6F9AC27A95046FEF783FB04463B
:101C400000287FF4F3ACDAF800002799012305930C
:101C5000C368984704460028DFD10DF1B40810226C
:101C600041460DA80D9702F0FDFCDAF80020279BF5
:101C7000126A9342BFF433AF1025CDE900482246E3
:101C8000029549465046FDF731FD04460028C4D16F
:101C90002E9B23F00043043B102B88BF0DF1C4089A
:101CA00030D9DAF80020119B126A9342BFF41DAFBD
:101CB000CDE901860095002259465046FDF7B4FB58
:101CC000044600287FF4B2AC012241460DA802F080
:101CD000C9FCDAF80020279B126A9342BFF4FFAEDA
:101CE0002246CDE90186009549465046FDF7FEFCA7
:101CF0000446002891D12E9B23F000430135043B7C
:101D00009D42CED3DAF80020279B126A9342BFF49B
:101D1000E6AE04220DA9CDE9005102924946002207
:101D20005046FDF7E3FC044600287FF476AFDAF86E
:101D30002010CAF814704B1C17D0DAF80000DAF83B
:101D40002830826900928468DAF82420A04704468B
:101D500000287FF462AFDAF80030DAF828009A69D8
:101D6000FF210EF0FBFECAF82070DAF800000369CC
:101D70009847002861D004464FE700BF088E07004F
:101D800034900700288E070024900700DAF804300A
:101D9000013379D0DAF80830013331AE0EAF75D0A7
:101DA0003246394612AB5046FDF7DAFE041EFFF606
:101DB0003DAC6BD0D5E9012312981E900C302290D7
:101DC00014920C2013AA9DF84F40159331461F9092
:101DD00021902092002601231EAA50462394259488
:101DE0002496FFF783F9044600287FF41FAC0E9871
:101DF000DAF80430984263D00F9ADAF808108A4271
:101E00005ED088425CD093425AD0012201338AF8D6
:101E100040203FF44DAEDAF8083001333FF448AECD
:101E20005046FEF79DFD0446002C3FF441AEFFF7FF
:101E3000FDBB6360AB68A3604FE62E9ADDF89C8023
:101E4000319722F00042131F1C4640D0054607E0A0
:101E5000013501221EA931A802F004FCAC4236D0A3
:101E6000DAF800301B6A9845BFF43FAE1EABCDE9EF
:101E7000005302964346002259465046FDF7D4FAD5
:101E80000028E5D0044640E431AE0EAF3946324674
:101E90005046FDF78FFD041EFFF6C8AB3FF408AEB9
:101EA000D5E9014000233B9031461A4650463A940A
:101EB000FFF71CF90446002C3FF4FAADFFF7B6BB60
:101EC0006B68CAF80430AA68CAF808209DE7319AFE
:101ED0000D9B9A427FF4A5AE059D95B9DAF81040A6
:101EE000002C3FF4A3AB6068279B984278D0A2688F
:101EF00028998A4274D0884272D0934270D0246864
:101F0000EEE7DAF8043001334BD0DAF80830013369
:101F100031AE10AD47D03246294612AB5046FDF7E0
:101F20001FFE041EFFF682AB3DD0129B1E93DDE91F
:101F300027420C339DF84F0022930C2314941592E2
:101F400000241F93219323902590314613AD012344
:101F50001EAA504624942095FFF7C8F8044600288E
:101F60007FF464AB1098DAF80430984233D0119AB9
:101F7000DAF808108A422ED088422CD093422AD018
:101F8000012201338AF84020A8D0DAF80830013362
:101F9000A4D05046FEF7E4FC0446002C9ED0FFF788
:101FA00045BB31AE10AD294632465046FDF702FD25
:101FB000041EFFF63BAB91D0DDE9274000233B90A8
:101FC00031461A4650463A94FFF790F80446002CE2
:101FD00084D0FFF72BBBDDE92732CAE90132CFE716
:101FE0006360289BA3608AE72DE9F04F2DED028BFB
:101FF000154653799279EE790433B1B013440A6AE5
:1020000033440C46059322F000411433994204F105
:1020100004038346079365D0D4E901012E68E36980
:102020000696059E0F90921BC4E901100133DBF860
:1020300000000E91C4E9073200230893C368099594
:102040009847A0460646E8B116F1340F3CD10E9BE6
:102050004FF0FF32012BCBF820203BD90F9B012BF7
:1020600038D907995846FEF76DF9064660BBDBF88C
:102070000000D8F8041001230893C3689847064667
:102080000028E1D108F11C04DA464FF0FF3310229A
:10209000214612A8129302F0E5FA5AF8202BD8F83C
:1020A0000430126A934280F04B821025CDE900641F
:1020B0003246029551465846FDF718FB044620B3B8
:1020C00010F1340FC3D00646304631B0BDEC028B60
:1020D000BDE8F08F6FF03306304631B0BDEC028BB7
:1020E000BDE8F08F19461AAAFDF764FC061EEBDB6B
:1020F000229B002BC0F2E0806B79A979EA79043346
:102100000B4413440593226A86E7D8F8203023F065
:102110000043043BAB4242D90BF1140308EE103AE2
:102120002F460DF194091CB9069BBB4200F0A68016
:10213000DBF800200F9B126A934280F0FB810122A2
:10214000CDE9019218EE101A009700225846FDF7CB
:102150006BF906460028B7D10122494612A802F0C1
:1021600081FADBF80020D8F80430126A934280F03C
:10217000E7810122CDE90192009532465146584649
:10218000FDF7B4FA064600287FF45EAF013701354B
:10219000D8F8203023F00043043BAB42C3D8DBF82F
:1021A0000020D8F80430126A934280F0C9810422DA
:1021B00012A9CDE900510292514600225846FDF77E
:1021C00095FA064600287FF43FAFDBF820104FF069
:1021D000FF339942CBF8143019D0DBF80000DBF85C
:1021E0002830826900928468DBF82420A0470646E4
:1021F00000287FF429AFDBF80030DBF828009A696B
:10220000FF210EF0ABFC4FF0FF33CBF82030DBF8B2
:10221000000003699847064600287FF415AFD8F8F8
:102220002030D8F8047023F0004A4FF0FF32BAF1A2
:10223000040A25920BF1140900F00D8105461AAC31
:1022400008E001350122214625A802F00BFAAA4533
:1022500000F00181DBF800301B6A9F4280F06A8148
:102260000123CDE9014300953B46002249465846EB
:10227000FDF7DAF80028E4D0064625E72246214695
:1022800012A802F0EFF9DBF80020D8F80430126A47
:10229000934280F05581CDE9014400952246514694
:1022A0005846FDF723FA064600287FF4CDAEDDE957
:1022B000052301249F186BE7226A2199D4E90904B8
:1022C00062F00042134023904A1CDDE91B01CDE976
:1022D0001B100D90DBF800002494CDE9212300238E
:1022E00005930C91C36898474FF0FF3801270646C5
:1022F000F8B116F1340F7FF4E7AE0C9BCBF82080D9
:10230000012B7FF6E7AE0D9B012B7FF6E3AE1BA9F9
:102310005846FEF717F8064600287FF4D5AEDBF8DE
:1023200000001B9901230593C368984706460028BF
:10233000DFD121ADD946102229460AA8CDF8288040
:1023400002F090F959F8202B1B9B126A934280F0FF
:10235000F7801024CDE9006532460294494658467C
:10236000FDF7C4F906460028C3D1229B23F00043A1
:10237000043B102B33D90BF1140A0BADDBF8002012
:102380000D9B126A934280F0D580CDE901570094ED
:10239000002251465846FDF747F8064600287FF4CC
:1023A00093AE012229460AA802F05CF9DBF800206E
:1023B0001B9B126A934280F0C3803246CDE90157DD
:1023C000009449465846FDF791F90646002890D1F9
:1023D000229B23F000430134043B9C42CED3DBF824
:1023E00000201B9B126A934280F0AA8004220AA953
:1023F000CDE900410292494600225846FDF776F9A0
:10240000064600287FF475AFDBF82010CBF8148067
:102410004B1C17D0DBF80000DBF8283082690092F3
:102420008468DBF82420A047064600287FF461AFCB
:10243000DBF80030DBF828009A69FF210EF08EFBF4
:10244000CBF82080DBF8000003699847002800F0F3
:10245000D18006464DE7259A129B9A427FF4F7AD4C
:10246000DDE908354446002B70D1DBF810301A4600
:1024700072B1D2F804C061688C4557D09068A768E3
:10248000B84253D0BC4551D081424FD01268EFE7DB
:10249000DBF80C2022B34FF0FF370BE0D2F808E056
:1024A000D4F808C0E64509D0614507D0704505D08D
:1024B0001268AAB1516860688142EFD1D16828687A
:1024C000814230D0F4D9687995F806E095F807C0D4
:1024D000043070446044091AD1601268002AE9D1BE
:1024E00063B9F1E59F68A06887420BD0824209D0AA
:1024F000B94207D01B68002B3FF4E6AD5A6861680B
:102500008A42EFD1D9682A689142F3D96A7995F85D
:1025100006C0EF799869043262443A44891A821AF3
:10252000D9609A61E6E7C2E90177C1E75160A16825
:102530009160ABE79B4B9C4A9C4812210EF0F2F94C
:10254000984B9B4A99489C210EF0ECF9DBF804303B
:10255000013379D0DBF80830013325AF0DF13808AD
:1025600075D012AB3A4641465846FDF7F9FA0028B5
:10257000FFF682AE6BD0D4E9012312981A900C308A
:102580001E9014920C2013AA9DF84FC01593394643
:102590001B9000271D901C9201231AAA5846CDF8C3
:1025A0007CC0CDF884C02097FEF7A0FD00287FF402
:1025B00063AE0E98DBF80430984260D00F9ADBF8D7
:1025C00008108A425BD0884259D0934257D00122EA
:1025D00001338BF840203FF448AFDBF8083001337B
:1025E0003FF443AF5846FEF7BBF900283FF43DAF38
:1025F000064669E5229DDDF86CA0CDF82C8025F01B
:1026000000450BF11403043D1E463FD004460DF176
:10261000940907E00134012249460BA802F022F890
:10262000A54233D0DBF800301B6A9A4582D2CDE94F
:10263000019700945346002231465846FCF7F4FEB9
:102640000028E7D006463FE525AF0DF138084146A2
:102650003A465846FDF7AEF90028FFF60DAE3FF4B6
:1026600004AF3946D4E9017000232F901A4658462A
:102670002E97FEF73BFD00283FF4F7AEB8E76368FE
:10268000CBF80430A268CBF80820A0E7DDE90A32D5
:102690009A427FF432AE059B93B9DBF81060002EAE
:1026A0003FF412AD70681B9B984276D0B2681C99BB
:1026B0008A4272D0884270D093426ED03668EEE77C
:1026C000DBF8043001334AD0DBF80830013325AFA2
:1026D0000CAC46D03A4621460EAB5846FDF740FAC0
:1026E000061EFFF6F1AC3CD00E9B1293DDE91B42B7
:1026F0000C339DF83F0016930C2310941192139302
:1027000015931790199039460FAD0024012312AA92
:10271000584614951894FEF7E9FC064600287FF405
:10272000D3AC0C98DBF80430984231D00D9ADBF82A
:1027300008108A422CD088422AD0934228D0012205
:1027400001338BF84020A8D0DBF808300133A4D047
:102750005846FEF705F90646002E9ED0B4E425AF94
:102760000CAC21463A465846FDF724F9061EFFF602
:10277000ABAC92D0DDE91B4000232F9039461A46BE
:1027800058462E94FEF7B2FC0646002E85D09BE4F8
:10279000DDE91B32CBE90132D1E773601C9BB360EA
:1027A0008CE700BF088E070024900700288E0700E2
:1027B000349007002DE9F04F90F84030BBB005464B
:1027C000059163B943680122013380F8402006D0A7
:1027D0008368013303D0FEF7C3F8044668B909AA39
:1027E00019A905AB2846FDF7F9F9821C044608D162
:1027F00005982F210FF06BF958B120463BB0BDE88A
:10280000F08F002808BF6FF0100420463BB0BDE8F1
:10281000F08F2B681B6AAB6324A92846FDF7DCFA0E
:1028200004460028E9D1DDE92210259A2D91269948
:102830002B9B0494CDE9251201332B932E90089203
:1028400007914FF0FF3A4FF001082868C368984796
:102850000446B8B114F1340FCFD1079BC5F820A0BE
:10286000012B40F2D580089B012B40F2D18025A995
:102870002846FDF767FD04460028BED101232599AF
:102880000493E2E72BAFA9461022394611A8CDF8F0
:1028900044A001F0E7FE59F8202B259B126A9342D1
:1028A00080F0BF801026CDE90047224602964946B7
:1028B0002846FCF71BFF04460028CBD12C9B23F0B5
:1028C0000043043B102B30D905F1140B2FAF2A68BD
:1028D000089B126A934280F09E80CDE901780096B1
:1028E000002259462846FCF79FFD0446002884D163
:1028F0000122394611A801F0B5FE2A68259B126A0B
:10290000934280F08E802246CDE9017800964946B8
:102910002846FCF7EBFE044600289BD12C9B23F0B5
:1029200000430136043B9E42D1D32A68259B126A9C
:10293000934276D2042211A9CDE900610292494660
:1029400000222846FCF7D2FE0446002882D1296ADC
:10295000C5F814A04B1C12D02868AB6A826900929B
:1029600084686A6AA047044600287FF473AF2B6826
:10297000A86A9A69FF210EF0F1F8C5F820A028682E
:1029800003699847044600287FF464AF2C9B259F79
:10299000CDF8BCA023F0004BBBF1040B05F11409EA
:1029A0001BD006462B681B6A9F4234D20DABCDE983
:1029B0000063CDF808803B46002249462846FCF7D4
:1029C00033FD044600287FF418AF013601220DA91B
:1029D0002FA801F047FEB345E4D12F9A119B9A42EC
:1029E0007FF43BAF049B002B42D12A69FAB15468B3
:1029F000259B9C4200F0898091682698814200F0D6
:102A00008480844200F081808B427ED01268EDE7A2
:102A10006FF03304F1E64F4B4F4A504812210DF04E
:102A200081FF4C4B4E4A4D489C210DF07BFF059B8E
:102A30008DF82A20184640F622020493ADF828208B
:102A40000FF075F8DDE925648DF82B00049B0C94DC
:102A500009AA19A9284623940B962296FEF736FD5B
:102A6000044600287FF4C9AE2B681B6AAB63C4E63A
:102A70006B68013352D0AB6801332FAE07AF4FD034
:102A8000324639460DAB2846FDF76AF8041EFFF6BC
:102A9000B4AE45D0DDE925400D9B11930C33159361
:102AA00010900C239DF83B000F9431461293149321
:102AB00000241690189011AA0EAE012328461794F0
:102AC0001396FEF713FB044600287FF496AE079892
:102AD0006B6898421DD0089AA9688A4219D088422A
:102AE00017D0934215D00122013385F840203FF4DE
:102AF0007CAFAB6801333FF478AF2846FDF730FF79
:102B00000446002C3FF471AF77E65360269B936038
:102B10007CE7DDE92532C5E90132E4E72FAE07AFF6
:102B2000394632462846FCF745FF041EFFF665AEDF
:102B30003FF45BAFDDE925400023399031461A466A
:102B400028463894FEF7D2FA0446002C3FF44DAFE5
:102B500053E600BF088E070024900700288E070068
:102B60003490070070B5D0E9015386B0C1E9015334
:102B7000019201AB02AA06460C46FDF72FF8A0B958
:102B80009DF80C30222B12D104AA21463046FCF7C6
:102B900071FE50B9D4E901123369216162610E21DD
:102BA0001022A161E2602360346106B070BD6FF055
:102BB0001300FAE7036943B1994202D107E0994251
:102BC00007D01A461B68002BF9D10020704700F18E
:102BD00010020B6813600020704700BFF0B5154667
:102BE0000E4689B004464C22284600210DF0B6FF5F
:102BF000B3690E2B4AD00F2B53D004AA314620467E
:102C0000FCF716FF00285BD19DF8142002F07F032B
:102C1000112B01D0222BF0D1110655D5626801325B
:102C20000DD0A26801320AD006A92046FCF760FF49
:102C3000002829DBE1D19DF8143003F07F038DF8E3
:102C4000143021462B70112B51F8140B08BF079B31
:102C5000049A08BF6B609DF815C07368066A9DF8FA
:102C60001670101D6044B3429DF8172005F1080549
:102C700038442BD2CDE90152009000222046FCF7C7
:102C8000D3FB002808BF012009B0F0BD124A22235F
:102C900012882A812B70B36901200133B36109B016
:102CA000F0BD2B460D4A222103F8081B11889278AB
:102CB00029819A70B36901200133B36109B0F0BD75
:102CC000841C08BF0020DFE71346BAE7044B054A1F
:102CD000054812210DF026FED86407003C64070069
:102CE000088E070024900700288E07002DE9F04386
:102CF0001F4693B003F00303012B0C4601920546D7
:102D000003D090F84030002B70D002AA07A901AB85
:102D10002846FCF763FF064600283FD19DF80C309B
:102D2000222B00F09180BB0500F18B80DDE90820AB
:102D300002996260049AA0600023C4E90637C4E9DE
:102D4000031223627A05059B636106D5002B5FD1D0
:102D50004FF0FF320023C4E904232B68586B4FF077
:102D6000FF32E262002857D0EB68002B5FD160632E
:102D7000E36903F003034FF0FF36012BE66205D051
:102D80002B68FF219A690DF0E9FEE662EB6823608B
:102D90000026EC60304613B0BDE8F083B01CF9D1DA
:102DA000DDF804802F2140460EF091FE02460028F7
:102DB000F0D1F905EED540F6110340468DF80E200E
:102DC000ADF80C300EF0B3FE4FF0000943468DF81D
:102DD0000F0002AA07A94FF0FF382846CDE9048961
:102DE000FEF774FB06460028A0D0D3E74368012213
:102DF000013380F8402088D08368013385D0FDF707
:102E0000AFFD0646002880D0304613B0BDE8F08301
:102E100047F48037E7619BE7E26902F00302012A89
:102E200008D0986902F02CFF60630028A0D16FF0F1
:102E30000B06AFE7586902F023FF6063002897D1C3
:102E4000F5E76FF01006A5E76FF01406A2E700BFE4
:102E50002DE9F04F2DED028BCC698FB004F0030506
:102E6000012D0592079300F0B981670388468346D8
:102E700000F10D81250500F11681A00340F1ED80E0
:102E8000079B002B00F0D88008F12C090693D8F896
:102E90001C30990300F18980D8F82030002B40F0D5
:102EA0006481DBF800100B6ACBF83830D8E908737E
:102EB0000C930DAB08EE103A0BF114044FF0010A1D
:102EC000CDF8208018EE101A5846FDF73BFA00287E
:102ED0005ED10D99012940F29181DBF80000036A6F
:102EE000994200F28B81C3689847002840F0AD807A
:102EF000002F00F06581DBF80010D1F81C807D1EEA
:102F0000A8F10806B542C0F01B81B5FBF6F0013808
:102F100004910DF059FB0230A5EB8005B5FBF6F5E9
:102F200028460DF051FBA7EB800005FB1607B845BE
:102F3000049900F0C380002F00F03F8100250DF1BF
:102F40002F0616E0DBF800200D9B126A934280F0FA
:102F50003F81CDE9016A0095224649465846FCF773
:102F6000C5FB002871D10135BD4280F0EF80DBF850
:102F700000100A6A0C9B934280F03A81CDE9016A05
:102F80000095002221465846FCF74EFA0028D9D079
:102F9000DDF82080D8F81C3043F40023C8F81C303A
:102FA0000FB0BDEC028BBDE8F08FDBF80010D8F855
:102FB0002870CD69AF423FF476AFD8F824300BF1DA
:102FC0001404069A059EED1B954228BF15460EE097
:102FD00010F1340FDED141465846FDF741FC002880
:102FE000D8D1D8F82870DBF80010D8F824300A6A55
:102FF0009A4240F2ED80CDE90165009722464946AC
:103000005846FCF773FB0028E2D1D8F82020D8F806
:103010002830DBF800102A442B44096AC8F8202025
:10302000C8F82830059A069BCBF838102A445B1B59
:10303000059206937FF42BAFD8F81C30079823F441
:103040000023C8F81C30ABE7099F10F1340F9FD163
:103050004FF0FF33CBF8203034E7D8F82040D8F8D1
:1030600014309C427FF60CAFC8F820300DAE00251E
:1030700001233246414658468DF83450FFF7E8FEAA
:1030800000288DDBD8F820309C42F1D8F8E64FF0CC
:10309000FF3224F48023A603CA62CB6100F185804D
:1030A0002205DAD51C46D8F81430D8F820209A42E8
:1030B00038BFC8F82030A003CFD5E1E6013595FA36
:1030C000A5F3B3FA83F31846013304930A6A099708
:1030D00000250DF1300807460D9B93424FEA850607
:1030E00076D20422CDE9018200962246494658460E
:1030F000FCF7FCFA0C9B0028A6D1AF4211D0DBF8FC
:103100000020126A934273D20422CDE90182009614
:10311000024621465846FCF787F900287FF438AF6D
:103120000C9B012B5DD9DBF800100A6A934258D83A
:10313000049B0135AB42CFD1DDF820809F0009E030
:1031400047457FF4FBAE01230493BFE7DDF8208001
:10315000DBF800100D9BC8E90937D8F81C20CD69B1
:1031600042F40032C8F81C202BE708F1280108F1CE
:103170002402CDE90121013B0093D8E9042349460B
:103180005846FCF719FA00287FF404AFDBF800304A
:10319000D8F834009A69FF210DF0E0FC4FF0FF33BE
:1031A000DBF80010C8F82C307DE600F03DF8002870
:1031B0007FF4F6AED8F81C405CE6DDF82080C9E765
:1031C000DDF820800D9BDBF80010C8E90937C4E763
:1031D0000E4B0F4A0F489C210DF0A4FB6FF0080026
:1031E000DEE60D4B0D4A0B4840F2D3410DF09AFB41
:1031F000064B0B4A074812210DF094FB094B074A76
:10320000044840F28C410DF08DFB00BF088E070092
:1032100034900700288E0700988E0700549007000E
:1032200024900700E08E07002DE9F0430D4693B08F
:10323000064600F114072C22002104A8D5F82080AE
:103240000DF08CFC97E807004FF0FF33D5E904C47C
:103250000DF1480E73610EE90700296A6A69CDF81D
:10326000308001209142CDF820C009940B901FD2EC
:10327000994601230DF10F0204A9304600F072F9BE
:103280000446002C4FF001030DF10F022946304691
:103290003ADBFFF7DDFD041E36DB7369013337D0FF
:1032A000C6F814906A692B6ACDF83C909A42E0D82F
:1032B00005F12C0918E030686B6B82690092846814
:1032C0002A6BA04704463A46494630461CB9FCF7EB
:1032D0001FF9044658B114F1340F2946304613D172
:1032E000FDF7BEFA044678B9E96A4B1CE3D1EB69F5
:1032F000D5E9082123F4003343F480332961EB61DD
:103300006A61C5F820800024204613B0BDE8F08330
:103310002A6A6B699A42ACD3CAE700BFF0B5CB69A1
:103320000C4659039DB0054605D523F480234FF084
:10333000FF32E361E2629A0309D521462846FFF78E
:1033400073FF024610B110461DB0F0BDE36903F4EF
:103350001023B3F5803F03D0002210461DB0F0BD0E
:1033600063680133F8D0A3680133F5D0221D11A999
:103370002846FCF77FFA02460028E4D12946129B32
:1033800051F8140B0692076AE068059006AEBB423E
:10339000C6E901222CD20C27CDE900060297284667
:1033A000FCF742F802460028CDD19DF81830112BC9
:1033B00024D1059B0B9603F10C060A9728460C971F
:1033C0009DF81B5027690F9209930D9609AA66690B
:1033D000079711A9012308960E951095FDF786FE13
:1033E00002460028AFD1E36923F48033E361AAE702
:1033F000064B074A074812210DF094FA064B074A7C
:10340000044840F213610DF08DFA00BF088E0700EA
:1034100024900700288E0700108F07006490070093
:103420002DE9F041CB690C4659039CB0054605D502
:1034300023F480234FF0FF32E361E2629A0321D547
:1034400021462846FFF7F0FE0646D0B1EB6843B1AF
:103450009C4202D16AE09C426AD019461B68002B4C
:10346000F9D1A3692BB11B681BB130461CB0BDE874
:10347000F0812B685B6B002BF7D1606B02F014FCC2
:10348000F3E7E36903F41023B3F5803F01D000268E
:10349000DCE763680133FAD0A3680133F7D011A9E0
:1034A000221D2846FCF7E6F906460028CED129461B
:1034B000129B51F8142B0696106AE268059206AF2B
:1034C0008342C7E9016636D24FF00C08CDE90027E8
:1034D000CDF8088032462846FBF7A6FF06460028AE
:1034E000B4D19DF81830112B2BD1059B22690F9078
:1034F00060699DF81B600B97099303F10C07079215
:10350000089011A9012309AA28460E961096CDF815
:103510002880CDF830800D97FDF7E8FD064600289D
:1035200094D1E36923F48033E3618FE705F10C0163
:1035300023680B6095E7064B064A074812210DF0F9
:10354000F1F9064B064A044840F213610DF0EAF91E
:10355000088E070024900700288E0700108F0700B0
:10356000649007002DE9F04F0D46C96901F003048E
:10357000022C87B04FD08046880317461E464FD492
:103580002A6A69698A425CD2A1EB0209B1454B46BD
:1035900028BF33460593002B57D01E4605F12C0952
:1035A00005F1280B05F1240A1FE0D8F80000A96AEC
:1035B000C469A1421CD0641A026A6B6AB44228BF73
:1035C0003446934245D20091CDE901740022494628
:1035D0004046FBF729FF00BB2A6AAB6A224423441A
:1035E000361B27442A62AB622FD0EB695B03DCD425
:1035F000CDE901AB0092D5E9042349464046FBF7EB
:10360000DBFF50B9EB69D8F80000A96AC46943F43C
:103610008023EB61CFE76FF0080007B0BDE8F08FC3
:103620004A0305D521F480214FF0FF32E961EA62B7
:1036300029464046FFF7F8FD0028A1D007B0BDE8B5
:10364000F08F002007B0BDE8F08F059807B0BDE807
:10365000F08F034B034A044812210DF063F900BFB9
:10366000088E070024900700288E0700F8B50C4646
:10367000C96916464A0307461D4605D521F480212F
:103680004FF0FF33E161E3628B0305D538462146F5
:10369000FFF7CAFD00B1F8BD2DB1012D0CD0022DF0
:1036A00004D0206AF8BD26623046F8BD002E60695D
:1036B00005DB30442062F8BD002E206AF9DA724240
:1036C0008242F6D96FF01500F8BD00BF086A704756
:1036D000CB699B0305D5086A4B69984238BF1846E9
:1036E00070474869704700BFF0B597B0154605911F
:1036F00005AB07AA0BA90646FCF770FA044610B101
:10370000204617B0F0BD4C22014628460DF026FA9F
:103710009DF820302B70112B04BF0A9B6B607268E0
:10372000099B934223D00A98B16888421FD08B42EC
:103730001DD082421BD03146079A51F8143B9DF8A8
:1037400021701C6A0C9B9DF8220004323A44A3426B
:10375000024405F108059DF823000ED2CDE9015081
:10376000009230460022FBF75FFE0446C8E7064B96
:103770001B882B81204617B0F0BD044B044A054836
:1037800012210DF0CFF800BFB0530700088E0700DC
:1037900024900700288E07002DE9F04F90F8403064
:1037A000BBB00546059183B943680122013380F817
:1037B00040200AD08368013307D0FDF7D1F80446D2
:1037C00018B120463BB0BDE8F08F09AA19A905AB96
:1037D0002846FCF703FA04460028F2D19DF8283069
:1037E000222B00F0D08009AA19A92846FEF7FCFB7D
:1037F00004460028E5D19DF82830222BE1D119AAF2
:1038000025A92846FCF7D6F8041EDADB00F00B8168
:10381000DDE92D40209B2390DDE91A2128682294C0
:103820000133209300230493CDE91A12C368089250
:10383000079198474FF0FF3A4FF001080446E0B176
:1038400014F1340FBDD1079BC5F820A0012B40F225
:10385000A480089B012B40F2A0801AA92846FCF7FF
:1038600071FD04460028ACD128681A9901230493FD
:10387000C368984704460028E2D120AFA946102229
:10388000394611A8CDF844A000F0ECFE59F8202BE1
:103890001A9B126A934280F03A811026CDE90047C4
:1038A0002246029649462846FBF720FF0446002898
:1038B000C6D1219B23F00043043B102B31D905F1E5
:1038C000140B2FAF2A68089B126A934280F025815F
:1038D000CDE901780096002259462846FBF7A4FD61
:1038E000044600287FF46DAF0122394611A800F08C
:1038F000B9FE2A681A9B126A934280F00881224618
:10390000CDE90178009649462846FBF7EFFE0446CC
:10391000002895D1219B23F000430136043B9E42B1
:10392000D0D32A681A9B126A934280F0F080042256
:1039300011A9CDE900610292494600222846FBF711
:10394000D5FE044600287FF47BAF296AC5F814A091
:103950004B1C12D02868AB6A8269009284686A6A3C
:10396000A047044600287FF46BAF2B68A86A9A69C9
:10397000FF210DF0F3F8C5F820A0286803699847E7
:1039800070B104465CE70BAA24A92846FBF772FF36
:10399000044600283FF427AF13E76FF0330410E725
:1039A000219FDDF868B0CDF8BCA027F0004705F1F5
:1039B0001403043F1C461DD006460DF1340907E0F0
:1039C0000136012249462FA800F04CFEB74211D023
:1039D0002B681B6A9B4580F0A080CDE9019800967A
:1039E0005B46002221462846FBF71EFD0028E7D053
:1039F0000446E6E62F9A119B9A427FF424AF049B7B
:103A0000C3B92C69002C3FF4DCAE60681A9B984265
:103A10005AD0A2681B998A4256D0884254D0934209
:103A200052D02468EEE7404B404A414840F26E7164
:103A30000CF078FF6B6801334FD0AB6801332FAEC9
:103A400007AF4CD0324639460DAB2846FCF788F814
:103A5000041EFFF6B6AE42D0DDE91A400D9B11936D
:103A60000C33159310900C239DF83B000F943146B6
:103A70001293149300241690189011AA0EAE0123ED
:103A8000284617941396FDF731FB044600287FF46F
:103A900098AE07986B6898421AD0089AA9688A422B
:103AA00016D0884214D0934212D00122013385F8F7
:103AB0004020A6D0AB680133A3D02846FCF750FFC6
:103AC0000446002C9DD07CE663601B9BA360A8E7A6
:103AD000DDE91A32C5E90132E7E72FAE07AF394613
:103AE00032462846FBF766FF041EFFF66AAE88D012
:103AF000DDE91A400023399031461A4628463894A9
:103B0000FDF7F4FA0446002C3FF47BAF59E6094B6D
:103B1000094A07489C210CF005FF064B074A044858
:103B200012210CF0FFFE00BF308F070074900700D9
:103B3000288E0700088E07003490070024900700A5
:103B40002DE9F04F2DED028B8B6A0160C5B0044664
:103B5000002B00F09780C361C86A002800F09E80A7
:103B6000A0628A69FF210CF0F9FF4FF0FF33226851
:103B700023626361536AD90640F02783002B00F06B
:103B80001D83106B002800F09280E063D2E905519C
:103B9000B1FBF5F305FB1313002B40F0FA82D76954
:103BA000B7FBF1F501FB1575002D40F000834FF0D8
:103BB000FF36A7F10803B6FBF3F33344B3FA83F3FC
:103BC000C3F12003B7EB830FC0F0EA82526A25618C
:103BD0002946C4E90265D20884F8405066600CF0BA
:103BE000BDFF2368E562D3E90823934228BF13464B
:103BF000C4E90C35A26322A92046FCF7EDF805467E
:103C000078B123689A6A002A63D0DA6A002A5BD006
:103C10001B6B002B54D0284645B0BDEC028BBDE891
:103C2000F08F2DA92046FCF7D7F805460028E8D1EB
:103C3000DDE92E21349B0E92CDE92E120133049042
:103C400034930D914FF001092068C36898470546E9
:103C5000002843D015F1340FD3D10D9B2662012BE0
:103C60000DD90E9B012B0AD92EA92046FCF76AFB21
:103C700005460028C5D101232E990493E4E76FF08F
:103C80003305BEE7486901F0FBFFE061002800F062
:103C9000DF802168C86A00287FF462AF886901F07C
:103CA000EFFFA062002800F0D380216859E7D80810
:103CB00001F0E6FFE063002800F0CA80226865E7B3
:103CC000E06B01F0F1FFA6E7A06A01F0EDFF2368C9
:103CD0009EE7E06901F0E8FF236896E734AFA2466B
:103CE0001022394609A8099600F0BCFC5AF8202B8E
:103CF0002E9B126A934280F07D824FF01008CDE92E
:103D000000572A46CDF8088051462046FBF7EEFCC6
:103D1000054600289ED1359B23F00043043B102B21
:103D2000474633D904F1140B0DF1280822680E9B85
:103D3000126A934280F06482CDE9018900970022E3
:103D400059462046FBF770FB054600287FF459AF23
:103D50000122414609A800F085FC22682E9B126AC8
:103D6000934280F047822A46CDE901890097514667
:103D70002046FBF7BBFC054600287FF46BAF359B64
:103D800023F000430137043B9F42CFD322682E9B90
:103D9000126A934280F02E82042209A9CDE90071B3
:103DA0000292514600222046FBF7A0FC054600285F
:103DB0007FF450AF216A66614B1C11D02068A36A62
:103DC000826900928568626AA847054600287FF4E8
:103DD00041AF2368A06A9A69FF210CF0BFFE2662FA
:103DE000206803699847054600287FF433AF359B68
:103DF000DDF8B8B00A9623F0004304F11402043B46
:103E000008EE102A3CD01D46234608EE90AA38AF93
:103E100092460446984607E00134012239460AA832
:103E200000F020FCA54228D0D8F800301B6A9B4542
:103E300080F0E681CDE9017900945B46002251468D
:103E40004046FBF7F1FA0028E6D005464446D8E69E
:103E500023689A6A002A00F0C881DA6A002A00F012
:103E6000BF811B6B002B00F0B7816FF00B0528465C
:103E700045B0BDEC028BBDE8F08F18EE90AA444629
:103E8000DDE909329A427FF4E8AE049B002B40F052
:103E9000168225698DB168682E9B984200F0B68124
:103EA000AA682F998A4200F0B181884200F0AE8161
:103EB000934200F0AB812D68ECE7A74A23688DF8A8
:103EC0006A50082641F22E47ADF868708DF86B6095
:103ED00092E80300D3E907261D9220AA82E8030096
:103EE0002F9A06954FF001102E9D1E963421102614
:103EF000A2601C922C9202221F9065601B952B954C
:103F000019962A914FF0010904921846DDE92331F0
:103F1000299A0C93CDE923130132002307932992A8
:103F2000C3680B9198470546D8B115F1340F7FF45B
:103F300068AE0B9B4FF0FF32012B226232D90C9BF3
:103F4000012B2FD923A92046FCF7FCF9054628BBF5
:103F50002068239901230793C368984705460028E2
:103F6000E3D129AF4FF0FF331022394611A8119346
:103F700000F078FB2268239B126A934280F03A811A
:103F80001026CDE900572A46029651462046FBF7F7
:103F9000ADFB18B310F1340FCBD0054615F1340F3B
:103FA0007FF42FAE049B012B14D1069B002B3FF412
:103FB00066AE22A90026012738AA2046CDE9386737
:103FC000FBF758FC054600287FF41BAE23681A6AED
:103FD000A26317E601232068049397E72A9B23F046
:103FE0000043043BB34259D918EE108A37460DF10D
:103FF000E00B05902FE022680C9B126A934280F040
:10400000FF80CDE901B90097002241462046FBF729
:104010000BFA05460028C1D10122594611A800F02B
:1040200021FB2268239B126A934280F0E3802A4698
:10403000CDE901B9009651462046FBF757FB0546EE
:1040400000287FF472AF013701362A9B23F000432A
:10405000043B9E4222D2059B002BCCD1102FCAD10B
:104060001AAD2022294611A800F0FCFA2268239BF1
:10407000126A934280F0BE802021CDE90065029152
:10408000059A51462046FBF731FB054600287FF490
:104090004CAF0123203630270593D6E72268239BB7
:1040A000126A934280F0A680042211A9CDE9006132
:1040B0000292514600222046FBF718FB05460028D5
:1040C0007FF433AF216A4FF0FF339942636113D01D
:1040D0002068A36A826900928568626AA8470546DB
:1040E00000287FF422AF2368A06A9A69FF210CF0B0
:1040F00035FD4FF0FF33236220680369984705467A
:1041000000287FF412AF2A9BDDF88C8023F0004B4F
:104110004FF0FF32BBF1040B38921FD018EE105A4B
:1041200007460DAE07E001370122314638A800F0FE
:1041300099FABB4512D023681B6A984560D2CDE935
:10414000016900974346002229462046FBF76CF997
:104150000028E8D0054621E718900700389A119BFF
:104160009A427FF4E6AE079B002B57D123696BB1CF
:104170005D68239A95424DD099682498814249D030
:10418000854247D08A4245D01B68F0E70123069359
:1041900008E7914B914A924840F61F010CF0C2FB90
:1041A000904B8E4A8E4840F623010CF0BBFB8E4BA1
:1041B0008A4A8B484FF402610CF0B4FB8B4B874A60
:1041C000874840F614010CF0ADFB894B834A8448C4
:1041D00040F613010CF0A6FBE06B01F065FD44E630
:1041E000A06A01F061FD23683BE6E06901F05CFD37
:1041F000236832E67F4B804A79489C210CF092FB81
:104200007C4B7E4A764812210CF08CFB6B602F9B16
:10421000AB6050E65A60249A9A60B5E76368013350
:1042200000F09F80A368013338AE0BAF00F09B8095
:10423000324639460DAB2046FBF792FC051EFFF6D1
:10424000ADAE00F09080DDE923030D9D11950C3596
:1042500015950F900C259DF83B0010933146129553
:10426000149516900025189011AA0EAE0123204631
:1042700017951396FCF73AFF054600287FF48EAE9B
:104280000B986368984267D00C9AA1688A4263D001
:10429000884261D093425FD04FF00102013384F82D
:1042A00040203FF463AFA36801333FF45FAF204683
:1042B000FCF756FB0546002D3FF458AF6EE66368E9
:1042C00001336ED0A368013338AE0DAF6BD03246E8
:1042D000394611AB2046FBF743FC051EFFF691ACB7
:1042E00061D0DDE92E02119B19930C331D931390BD
:1042F0000C2312A89DF84B50149231461A931C932C
:104300001B900026012319AA20461E9520951F9672
:10431000FCF7ECFE054600287FF473AC0D9863684B
:10432000984239D00E9AA1688A4235D0884233D05B
:10433000934231D00122013384F840203FF4A9ADEB
:10434000A36801333FF4A5AD2046FCF709FB054601
:10435000002D3FF49EAD54E4DDE92332C4E901327F
:104360009AE738AE0BAF394632462046FBF722FBC0
:10437000051EFFF613AE3FF4F9AEDDE9235000232E
:10438000429031461A4620464195FCF7AFFE05465D
:10439000002D3FF4EBAE01E6DDE92E32C4E9013237
:1043A000C8E738AE0DAF394632462046FBF702FB70
:1043B000051EFFF626AC3FF46CADDDE92E50002360
:1043C000429031461A4620464195FCF78FFE05463D
:1043D000002D3FF45EAD14E46C8F07008090070061
:1043E000288E0700CC8F07009C8F0700548F070092
:1043F000348F0700088E07003490070024900700D0
:10440000F0B58B6A01609BB00446002B7CD0C36181
:10441000C86A002800F08380A0628A69FF210CF03E
:104420009DFB4FF0FF33216823626361486AC30636
:1044300040F0C380002800F0D5800B6B002B75D0B6
:10444000E363D1E90503B3FBF0F200FB1232002A6B
:1044500040F0C180C869B0FBF3F203FB1202002AEE
:1044600040F0B2804FF0FF35A0F10803B5FBF3F345
:104470002B44B3FA83F3C3F12003B0EB830FC0F0F6
:1044800085800B6AA363C4E90155C4E90322C4E92A
:104490000B2284F8402062630026012704AA0FA99A
:1044A0002046CDE90467FBF7E5F9054660B12368CE
:1044B0009A6A002A46D0DA6A002A3ED01B6B002B8B
:1044C00045D028461BB0F0BD2146109B51F8142B57
:1044D000126A934280F08D802020029007AE102057
:1044E000CDE900062A462046FAF79EFF0546002839
:1044F000DDD1DDE90810424B0D9A9A42C4E9011062
:1045000029D06FF03305D2E7486901F0B9FBE061CB
:10451000002831D02168C86A00287FF47DAF8869FF
:1045200001F0AEFBA06238B3216876E7C00801F065
:10453000A7FBE06300B3216883E7A06A01F0B4FB46
:104540002368BBE7E06901F0AFFB2368B3E7E06BEA
:1045500001F0AAFBB5E70E9AA3F18773A3F5806378
:104560009A42CED10C9B1A0C012A02D19BB2012B8C
:10457000A7D96FF015059AE723689A6AC2B1DA6A7B
:104580008AB11B6B4BB16FF00B059AE71D4B1E4AAE
:104590001E4840F623010CF0C5F9E06B01F084FBE6
:1045A0006FF00B058DE7A06A01F07EFB2368E8E75A
:1045B000E06901F079FB2368E1E7154B124A1348E3
:1045C00040F613010CF0AEF9124B0F4A0F484FF4AE
:1045D00002610CF0A7F9104B0B4A0C4840F61F0182
:1045E0000CF0A0F90D4B084A084840F614010CF0F5
:1045F00099F90B4B0B4A054812210CF093F900BFB7
:104600006C697474CC8F070080900700288E0700B7
:10461000348F07009C8F07006C8F0700548F0700B2
:10462000088E07002490070003689A6A10B50446B4
:104630002AB1DA6A52B11B6B7BB1002010BDC06990
:1046400001F032FB2368DA6A002AF4D1A06A01F093
:104650002BFB23681B6B002BEFD1E06B01F024FBDD
:10466000002010BDE2B170B4561E0E4D02680E441B
:104670004C1E14F8013F83EA020101F00F01A6422B
:1046800055F8211081EA121282EA131303F00F0386
:1046900055F8233083EA1212EBD170BC02607047E8
:1046A000704700BF8C90070010B5034B03600446B1
:1046B000FAF7BAFA204610BDD490070010B5054BA2
:1046C00003600446FAF7B0FA204603F0D3FD204613
:1046D00010BD00BFD490070008B500F0B5F9002068
:1046E00008BD00BF70B501F5ED51CC0182B004F1F9
:1046F0008006FF25012220460DF1070114448DF8A4
:10470000075000F0A7F9A642F4D1002002B070BD16
:1047100008B501F5ED5102EBC110029A194600F0FF
:1047200099F9B0FA80F04009404208BD08B501F59A
:10473000ED5102EBC1111846029A00F0A3F90028CE
:10474000CCBF00200120404208BD00BF38B5002189
:104750000546FAF789FA98B94FF46D24204604F516
:10476000805400F09BF958B1B4F5742FF6D1284667
:10477000FAF79CFA28460021BDE83840FAF774BAE7
:1047800038BD00BF10B5074C07492046FAF754FA68
:10479000064B23602046064A0649BDE8104009F052
:1047A0006DB900BFDC73012028640020D49007009D
:1047B00000600020A94606002DE9F04F83B0019368
:1047C000002B37D0DFF8749005460E4690461F4602
:1047D000C6F30B0ACAF58054296906EA090BBC42E4
:1047E00028BF3C46594526441BD04B1C4FF48052F1
:1047F00008460ED0EB681BB16969984748B929692A
:104800002B6808469847D5E904016B684FF480523D
:104810009847AB686869C5F810B059464FF48052A4
:10482000984768694146224650440CF06FF93F1B97
:10483000A044CDD1019803B0BDE8F08F00F0FFFF98
:1048400010B504460069431C12D0E3682BB16169BE
:104850004FF48052984740B9206923689847D4E9BB
:10486000040163684FF4805298474FF0FF3323618F
:1048700010BD00BF2DE9F84307691D467B1C0646A5
:104880008846144605D097420BD807F580539A42C4
:1048900030D3B368214640462A4698472846BDE8AB
:1048A000F88353199F42F4D207F580539A42F0D20D
:1048B000A7EB04094A462146B3684046E71B9847E0
:1048C0007A1908EB09004FF4805C0021624528BF8B
:1048D00062467369174619444F440CF017F9BD42FC
:1048E000DCD9B368E11908EB0700EA1B98472846B2
:1048F000BDE8F883A7EB040C0CF5805CE11B2A46AD
:1049000040464FF00009E1E729DF704728DF704794
:1049100012DF704708B50CF0EBF8B0FA80F04009F0
:1049200008BD00BF10B514460CF0F0F8204610BDCD
:10493000F0B583B0074600230DF1070016460C467C
:10494000D5088DF80730FFF7E3FF01E001F04CF9DF
:104950002A4621463846FFF7D7FF112803464FF075
:104960000100F3D0D3B99DF80730D3B907EB560750
:1049700004EB560401E001F037F92A462146384697
:10498000FFF7C2FF112803464FF00100F3D02BB907
:104990009DF8073063B9304603B0F0BD002003B086
:1049A000F0BD084B4FF0FF31186801F01FFEDDE746
:1049B000044B4FF0FF31186801F018FE304603B089
:1049C000F0BD00BF8084012030B5184D296883B048
:1049D0000446D9B1240B01E001F006F92046FFF7A7
:1049E00095FF112803464FF00100F5D013B10020C8
:1049F00003B030BD0DF107008DF80730FFF788FFD9
:104A00009DF807304BB9012003B030BD0A2001F0FA
:104A1000CBF928600028DDD1E9E728684FF0FF31A5
:104A200001F0E4FD012003B030BD00BF808401200F
:104A3000044B186820B100231A46194601F0E6B964
:104A4000704700BF808401200148FFF7F9BE00BF16
:104A50006064002010B4094CA0420AD3B0F5742F52
:104A600007D213465DF8044B0A4601460448FFF797
:104A7000A3BE4FF0FF305DF8044B7047007002009A
:104A80006064002010B40C461346014622460248DA
:104A90005DF8044BFFF7EEBE6064002030B5184DA2
:104AA000296883B00446D9B1240B01E001F09CF8D9
:104AB0002046FFF72BFF112803464FF00100F5D0E9
:104AC00013B1002003B030BD0DF107008DF80730A1
:104AD000FFF71EFF9DF807304BB9012003B030BD32
:104AE0000A2001F061F928600028DDD1E9E7286893
:104AF0004FF0FF3101F07AFD012003B030BD00BF5F
:104B00008084012008B501210E2004F03FFB012123
:104B10000E2004F0BFFB0021162004F037FB01211A
:104B2000192004F033FB0121192004F0B3FB01210B
:104B30000B2004F02BFB01210B2004F0ABFB012127
:104B40000D2004F023FB01210D2004F0A3FB012123
:104B50000C2004F01BFBBDE8084001210C2004F0F0
:104B600099BB00BFF8B5174682B105460E46002432
:104B700002E00134A74207D02B6816F8011B1B681E
:104B8000284698470028F4D12046F8BD1446FBE794
:104B90002DE9F0410C46D9B10768804608460CF073
:104BA000C6FF7B68104A9342064615D1D0B1002556
:104BB00004E00135AE4208D0D8F800703B6814F824
:104BC000011B404698470028F3D12846BDE8F081F4
:104BD0000D462846BDE8F081024621464046BDE824
:104BE000F04118470546F0E7654B06002DE9F04116
:104BF0000C46D9B10768804608460CF098FF7B68E0
:104C0000104A9342064615D1D0B1002504E0013583
:104C1000AE4208D0D8F800703B6814F8011B40463B
:104C200098470028F3D12846BDE8F0810D46284674
:104C3000BDE8F081024621464046BDE8F0411847F4
:104C40000546F0E7654B060003681B68184700BF80
:104C5000F0B50446C3B0CBB2134A8DED000B02A8E9
:104C60004FF480710CF070FE2368104A5D68954225
:104C7000064610D102AF002503E00135AE4207D051
:104C800023681B6817F8011B204698470028F4D1B9
:104C9000284643B0F0BD024602A92046A847054673
:104CA000284643B0F0BD00BF60910700654B060089
:104CB0002DE9F0470768DFF894A0D7F80490044680
:104CC0000E4600293AD008460CF031FFD145804607
:104CD00022D1002836D0002503E00135A8452768F9
:104CE00020D03B6816F8011B204698470028F4D1D5
:104CF0002768D7F80490D14518D13B680D2120468C
:104D0000984730B1236820461B680A219847B8B1FC
:104D100002352846BDE8F087024631462046C8479E
:104D200027680546D7F80490D145E6D006492046C5
:104D30000222C84705442846BDE8F0870D46DAE759
:104D40000135E6E70546D6E7AC930700654B06005C
:104D500003680D4A70B55D6895420ED11B680D2140
:104D60000446984740B1236820461B680A219847AB
:104D700000280CBF0120022070BD2B460349BDE86E
:104D800070400222184700BF654B0600AC93070035
:104D90002DE9F0470768DFF894A0D7F8049004469F
:104DA0000E4600293AD008460CF0C1FED145804697
:104DB00022D1002836D0002503E00135A845276818
:104DC00020D03B6816F8011B204698470028F4D1F4
:104DD0002768D7F80490D14518D13B680D212046AB
:104DE000984730B1236820461B680A219847B8B11C
:104DF00002352846BDE8F087024631462046C847BE
:104E000027680546D7F80490D145E6D006492046E4
:104E10000222C84705442846BDE8F0870D46DAE778
:104E20000135E6E70546D6E7AC930700654B06007B
:104E30002DE9F0410446C2B0CBB28DED000B214A02
:104E4000214F02A84FF480710CF07EFD23685D684D
:104E5000BD42064622D10DF10808002503E00135C8
:104E6000AE42236807D01B6818F8011B20469847FC
:104E70000028F4D123685E68BE4218D11B680D215A
:104E80002046984730B1236820461B680A2198477E
:104E9000B0B10235284642B0BDE8F081024602A911
:104EA0002046A84723685E68BE420546E6D007490B
:104EB00020460222B0470544284642B0BDE8F081B2
:104EC0000135E7E760910700654B0600AC930700EA
:104ED0002DE9F0418AB000230546012A98BF0A2235
:104EE0008DF8243009ACB1FBF2F602FB1610C3B208
:104EF00009280F4603F130008ABF3733C3B2DBB253
:104F0000BA4204F8013D3146EDD92F6820460CF035
:104F10000EFE7B680F4A9342804612D168B100268C
:104F200003E00136B04508D02F683B6814F8011B38
:104F3000284698470028F4D1B04640460AB0BDE85C
:104F4000F0810246214628469847804640460AB0EE
:104F5000BDE8F081654B060070B506460D462AB9DE
:104F60000368BDE870401B68C9B218470A2A144696
:104F70000ED100290DDA03682D211B6898472246BF
:104F80000346694230461C46FFF7A2FF204470BD2D
:104F9000D2B2BDE87040FFF79BBF00BF70B50446BA
:104FA000FFF7DAFF23680E4A5E68964205460DD188
:104FB0001B680D212046984730B1236820461B68A6
:104FC0000A21984748B10235284670BD0549204658
:104FD0000222B0470544284670BD0135F4E700BF02
:104FE000654B0600AC93070070B50446FFF7B4FFAD
:104FF00023680E4A5E68964205460DD11B680D2156
:105000002046984730B1236820461B680A219847FC
:1050100048B10235284670BD054920460222B047F6
:105020000544284670BD0135F4E700BF654B060016
:10503000AC93070032B9026810B413685DF8044BF2
:10504000C9B21847D2B2FFF743BF00BF32B90268F6
:1050500010B413685DF8044BC9B21847D2B2FFF719
:1050600037BF00BF12B903681B681847D2B2FFF7F9
:105070002FBF00BF70B50446BAB90268C9B2136841
:1050800098472368124A5E689642054616D11B6807
:105090000D212046984730B1236820461B680A211D
:1050A000984790B10235284670BDD2B2FFF710FF85
:1050B0002368074A5E6896420546E8D005492046BF
:1050C0000222B0470544284670BD0135EBE700BF1A
:1050D000654B0600AC93070070B50446B2B903688F
:1050E0001B6898472368124A5D689542064616D1A8
:1050F0001B680D212046984730B1236820461B6865
:105100000A21984790B10236304670BDD2B2FFF7FF
:10511000DFFE2368064A5D6895420646E8D00549E9
:1051200020460222A8470644304670BD0136EBE710
:10513000654B0600AC93070070B50446BAB9026827
:10514000C9B2136898472368124A5E6896420546BA
:1051500016D11B680D212046984730B123682046A0
:105160001B680A21984790B10235284670BDD2B21B
:10517000FFF7AEFE2368074A5E6896420546E8D010
:10518000054920460222B0470544284670BD013536
:10519000EBE700BF654B0600AC93070070B5064611
:1051A0000D462AB90368BDE870401B68C9B21847AC
:1051B0000A2A14460ED100290DDA03682D211B6836
:1051C000984722460346694230461C46FFF780FE58
:1051D000204470BDD2B2BDE87040FFF779BE00BF79
:1051E00010B54FF48072002104460BF0B7FC002389
:1051F000C4E94033204610BD10B4D0E94024531C0C
:10520000DBB29C4218BF81545DF8044B18BFC0F854
:10521000003170470023C0E940337047D0E9402394
:10522000934206D05A1CC35CD2B2C0F8042118467F
:1052300070474FF0FF307047D0E94030181A48BF30
:1052400000F58070704700BFD0E94023934214BF3F
:10525000C05C4FF0FF307047D0E940300133DBB223
:10526000181AB0FA80F04009704700BF816070479B
:10527000F8B51746E2B104460E46002500F0A8FC3A
:10528000E06008E003F0B0FC00F0A2FCD4E90232D8
:10529000801A98420AD2236820461B699847002842
:1052A000F0DB0135AF4206F8010BE7D12846F8BD27
:1052B0001546FBE790F82302704700BF38B590F918
:1052C0001D32002B04460DDB5A09204820320121F3
:1052D00003F01F0301FA03F340F82230BFF34F8FAE
:1052E000BFF36F8F2369002101224FF48870C3F848
:1052F0000803C3F84411C3F858115A60DA6002E099
:1053000003F072FC2369D3F85821002AF8D0D3F8AF
:105310004421002AF4D04FF0FF320025C3F8005595
:1053200004F11400C3F80C25C3F81425C3F80825AC
:10533000C3F81025FFF76EFFD4F8240201F0D2FA6B
:10534000C4F8245284F8235238BD00BF00E100E0C5
:105350001430FFF771BF00BF1430FFF775BF00BFF7
:105360001430FFF75BBF00BF90F8233203B97047DA
:1053700010B54FF0FF310446D0F8240201F036F9A1
:105380000023D4F824021A46BDE81040194600F064
:105390003DBD00BF10B503680F4A5B6882B0934201
:1053A0008DF8071012D104464FF0FF31D0F82402D7
:1053B00001F01CF99DF8073084F81D3122690123A2
:1053C0001846C2F84835936002B010BD01220DF1B5
:1053D0000701984702B010BDDD5306002DE9F047E4
:1053E00016461AB30746884600F21D1A00254FF0EC
:1053F0000109741BB4F5807F28BF4FF480744FF00F
:10540000FF31D7F8240201F0F1F808EB050122463C
:1054100050460BF07BFB25443B69AE42C3F8484540
:10542000C3F80890E5D82846BDE8F0871546284619
:10543000BDE8F087036870B51B6A744DAB4240F05D
:10544000AE800A4690F823120446002940F09F805F
:10545000036990F81F02C3F80C0594F81E02C3F804
:10546000140594F82202012800F09D80C3F86C1501
:10547000B2F5966F45D9B2F5166F40F29F80B2F53E
:10548000965F40F29E80B2F5165F40F29C80B2F5C6
:10549000615F40F29A80B2F5964F40F29880B2F583
:1054A000E14F40F2968047F612218A4240F2938003
:1054B000B2F5164F40F292804DF6C0218A4240F27A
:1054C0009080B2F5614F40F28F80B2F5963F40F286
:1054D0008E80B2F5E13F40F28C80B2F5613F40F240
:1054E0008B804B498A4240F28D80B2F5E12F40F229
:1054F0008680B2F5612F94BF4FF070624FF08052FA
:1055000001E04FF49E2294F91D02C3F824250821DE
:1055100004F21D120025C3F800150028C3F8442525
:1055200004F58E71C3F820514FF001024FF48875D5
:10553000C3F83415C3F838251A60C3F8045327DBC1
:10554000344D410900F01F062B186031B240602035
:1055500045F8212083F8000394F91D32002B07DB66
:105560002C4903F01F0001225B09824041F82320EF
:1055700003220021012000F0D5FB00231A46194622
:10558000C4F8240200F042FC012384F8233270BDE9
:10559000214A00F00F031A4460231376DCE7BDE8CC
:1055A00070400022184794F82012C3F8101594F8A0
:1055B0002112C3F80815C3F86C0559E74FF41D22F2
:1055C000A1E7164A9FE7164A9DE7164A9BE7164A47
:1055D00099E7164A97E74FF4000294E74FF41D024B
:1055E00091E74FF465028EE74FF46B028BE7104AA8
:1055F00089E74FF0EB7286E74FF06C7283E74FF06C
:10560000E86280E74FF080627DE700BF3556060014
:1056100090D0030000E100E0FCEC00E000B01300DB
:105620000050270000F03A0000A04E0000C07500B6
:1056300000903A0190F82332002B40F0B08070B512
:105640000369044690F81F02C3F80C0594F81E0283
:10565000C3F8140594F8220201284AD0B1F5966FD8
:10566000C3F86C2554D9B1F5166F40F2A080B1F59E
:10567000965F40F29F80B1F5165F40F29D80B1F5D4
:10568000615F40F29B80B1F5964F40F29980B1F591
:10569000E14F40F2978047F61222914240F2948007
:1056A000B1F5164F40F293804DF6C022914240F280
:1056B0009180B1F5614F40F29080B1F5963F40F294
:1056C0008F80B1F5E13F40F28D80B1F5613F40F24E
:1056D0008C804A4A914240F28E80B1F5E12F40F22F
:1056E0008780B1F5612F94BF4FF070624FF0805208
:1056F00010E094F82002C3F8100594F82102C3F8D2
:10570000080542F00102B1F5966FC3F86C25AAD8DE
:105710004FF49E2294F91D02C3F82425082104F2B7
:105720001D120025C3F800150028C3F8442504F510
:105730008E71C3F820514FF001024FF48875C3F801
:105740003415C3F838251A60C3F8045328DB2C4DF0
:10575000410900F01F062B186031B240602045F867
:10576000212083F8000394F91D32002B07DB244924
:1057700003F01F0001225B09824041F8232003222D
:105780000021012000F0CEFA00231A461946C4F881
:10579000240200F03BFB012384F8233270BD7047E4
:1057A000184A00F00F031A4460231376DBE74FF426
:1057B0001D22AFE7144AADE7144AABE7144AA9E744
:1057C000144AA7E7144AA5E74FF40002A2E74FF4F2
:1057D0001D029FE74FF465029CE74FF46B0299E7C7
:1057E0000E4A97E74FF0EB7294E74FF06C7291E737
:1057F0004FF0E8628EE74FF080628BE790D00300B5
:1058000000E100E0FCEC00E000B0130000502700D5
:1058100000F03A0000A04E0000C0750000903A0170
:1058200010B5114C2369D3F810213AB10022C3F806
:105830001021D3F83C2572B901221A60D3F8202137
:1058400002B910BD0021D4F82402C3F82011BDE82C
:10585000104000F03FBD94F81C1104F11400FFF754
:10586000CBFC2369E8E700BF8484012038B50E4CE7
:105870000E4A20464FF47A73002540F8142BC4E9F1
:105880000153FFF7ADFC0A4B0A48D3E90632022167
:10589000A4F82252C4F82452206184F81D1284F81E
:1058A0001E2284F81F3238BD8484012070910700C5
:1058B000DC9007000020004008B5094B1BB10948E7
:1058C000EEF7BEFC48B9084B1BB10848FFF7B4FC23
:1058D00000B908BDAFF3008008BDAFF30080F2E768
:1058E00000000000045F01200000000098840120F7
:1058F0002DE9F84FDFF8FC81D8F8005004460F4638
:105900001646ADB3202C04D826F480739A1E022AC2
:1059100002D90020BDE8F88F704A714D52F824106A
:1059200095F900000A0202F47C52C3F1050342EA31
:1059300003438142C6F3002243F0010337D1002420
:10594000A60006F1804606F5C0462955D6F8101582
:105950006448654D025521F0031121F47C510B433D
:10596000012045F82470C6F81035A040BDE8F88F36
:10597000294620225C480BF0F1F8594A59495B4B03
:105980000D604FF0FF30C2E9000040224D60C3F8C7
:105990008020BFF34F8FBFF36F8F6021C3F880214A
:1059A00083F806131A600123C8F80030AAE795F9B6
:1059B0000160B14205D095F902C0614503D10224CE
:1059C000BEE70124BCE795F903E071454AD095F99B
:1059D000048041455CD095F9059049456ED095F914
:1059E00006A0514578D095F907B08B4501D1072421
:1059F000A6E7013023D13E48D0F8104514F0030447
:105A00001DD1A00000F1804000F5C0402955D0F81C
:105A10001015354D21F0031121F47C510B43C0F8D2
:105A200010350023C0F800312E49314B45F8247061
:105A30000120A0400A55C3F80403BDE8F88F0136E1
:105A400006D12B48D0F81405800701D10124D8E7EE
:105A5000BCF1FF3F08D12648D0F81805860703D1CE
:105A60000224CEE703246BE7BEF1FF3F06D12048B6
:105A7000D0F81C05840701D10324C2E7B8F1FF3F29
:105A800008D11B48D0F82005800703D10424B8E7CB
:105A9000042455E7B9F1FF3F06D11548D0F8240595
:105AA000860701D10524ACE7BAF1FF3F08D11048C1
:105AB000D0F82805840703D10624A2E705243FE790
:105AC000BBF1FF3F7FF425AF0948D0F82C058007D4
:105AD0007FF41FAF072494E7062431E7DC9007002A
:105AE000D4860120AC860120B486012000E100E0CC
:105AF00000600040DC8601202DE9F0431B4B1C4F69
:105B0000D3F80463DFF86C80DFF86C9085B0002573
:105B10000123AC00AB4004F18044334204F5C0449F
:105B20000FD0D4F8003163B1EB57013306D058F8E9
:105B300025201AB115F809307BB990470023C4F825
:105B400000310135082DE3D1BFF34F8F00BF00BFF7
:105B500000BF00BF05B0BDE8F083002100910846FA
:105B600003AB039103F020F9E8E700BF00600040B9
:105B7000D4860120B4860120AC86012000B970478C
:105B80000BF072BE884238B5054607DA0C1A0BF0E6
:105B90008FFE90FBF4F101FB14010D44284638BD43
:105BA000FEE700BFD0B50B4686B0144657EC106B2D
:105BB0000246064901A80BF0FBFE32463B4601A90E
:105BC00020460BF0F5FE204606B0D0BD9C910700A4
:105BD00008B501F015FA4FF47A73A0FB0323900A7D
:105BE00040EA835008BD00BF014638B54FF47A72D1
:105BF00000238002890D0AF0CFFC044601F000FA70
:105C00000546EEF79BFA01F0FBF9431B9C4200D8D6
:105C100038BD2C44201ABDE8384001F029BB00BF34
:105C200010B5044601F080FD022804D02046BDE8EE
:105C300010400AF0FBBE01F0DBF920460AF0F6FE48
:105C4000044601F085FA0CB1204610BD02F0DEFFDB
:105C5000FAE700BF10B5044601F066FD02280AD13C
:105C600044B101F0C5F920460AF0E8FEBDE8104055
:105C700001F06EBA10BD2046BDE810400AF0DEBE4D
:105C800010B582B0019001F0B3F901980AF0CEFE90
:105C9000044601F05DFA14B1204602B010BD02F0D6
:105CA000B5FF204602B010BD50B110B5044601F05A
:105CB0009FF920460AF0C2FEBDE8104001F048BA44
:105CC000704700BF38B51C469DF8105043B30029FB
:105CD00008BF1A460123C4E90F01226084F8463048
:105CE00002F07AF8D4E90F132268A26001FB03F1F5
:105CF000CB1A134400200A44FF21A063E36084F818
:105D00004410626084F8451004F1100003F024FB95
:105D100004F1240003F020FB02F068F884F84C50F2
:105D2000204638BDF8B5064617460D4669B100FB5A
:105D300001F05030FFF7A4FF044690B3002200F1B9
:105D4000500380F84620036007E05020FFF798FFDB
:105D5000044630B384F846502460C4E90F6502F06D
:105D60003BF8D4E90F132268A26001FB03F1CB1AC0
:105D7000134400200A44FF21A063E36084F8441028
:105D8000626084F8451004F1100003F0E5FA04F1B4
:105D9000240003F0E1FA02F029F884F84C70204660
:105DA000F8BD00242046F8BDF8B5064650200D4643
:105DB000FFF766FF044630B300272060C66380F813
:105DC0004670076402F008F8D4E90F322168A7632F
:105DD00003FB02F39A1A0A440B44FF26C4E901317B
:105DE000E26084F8446004F1100084F8456003F038
:105DF000B3FA04F1240003F0AFFA01F0F7FF022335
:105E0000A56384F84C302046F8BD00BF2DE9F0476B
:105E1000044684B01F460192884600F1240601F032
:105E2000DBFFA26BE36BDFF840939A424FF0000A6E
:105E30007CD3022F00F0E880019D002D00F012813C
:105E400002ADBAF1000F00F0DB8001F0CFFF01F0EE
:105E5000CFF801F0C1FF94F84430FF2B04BF0023BA
:105E600084F8443094F84530FF2B04BF002384F8B5
:105E7000453001F0BBFF284601A901F0FFFB0028D7
:105E800040F0F68001F0A8FFA26BE36B9A4261D06C
:105E900001F0ACFF01F0A0FF94F845506DB2002D69
:105EA00005DC12E06B1E13F0FF0F5DB20DD0636ACC
:105EB000304653B101F084FB0028F3D001F012FC0E
:105EC0006B1E13F0FF0F5DB2F1D1FF2384F8453054
:105ED00001F08CFF01F080FF94F844506DB2002D6A
:105EE00015DD04F1100A04E06B1E13F0FF0F5DB224
:105EF0000DD02369504653B101F062FB0028F3D066
:105F000001F0F0FB6B1E13F0FF0F5DB2F1D1FF2328
:105F100084F8443001F06AFF01F01AF901F05CFFE7
:105F2000A26BE36B9A424FF0010A82D2226CA56BFE
:105F3000002A40F0E7802668002E00F0F980013545
:105F4000A563636A002B7CD101F050FF012004B0EF
:105F5000BDE8F08704F1100A01F048FF01995046AE
:105F600001F0B2FA01F038FF94F845506DB2002DFF
:105F700005DC12E06B1E13F0FF0F5DB20DD0636AFB
:105F8000304653B101F01CFB0028F3D001F0AAFB0E
:105F90006B1E13F0FF0F5DB2F1D1FF2384F8453083
:105FA00001F024FF01F018FF94F844506DB2002D69
:105FB00005DC12E06B1E13F0FF0F5DB20DD02369FC
:105FC000504653B101F0FCFA0028F3D001F08AFBEF
:105FD0006B1E13F0FF0F5DB2F1D1FF2384F8443044
:105FE00001F004FF01F0B4F8002897D14FF080537E
:105FF000C9F8043040BFBFF34F8FBFF36F8F8DE7F9
:10600000284601F02FFB20E7226CA56B002A92D0D6
:106010004146E0680AF07AFD226CE36821689B1A29
:106020008B42E360C2F1000204D263681A44E2606A
:10603000022F84D1002D83D10123A363636A002B37
:1060400082D004F1240001F0BBFA00283FF47CAFB9
:10605000454B4FF080525A6040BFBFF34F8FBFF3A4
:106060006F8F71E701F0C2FE284604B0BDE8F087EB
:1060700001F0B2FE94F845506DB2002D15DD04F12B
:10608000240604E06B1E13F0FF0F5DB20DD0636AAF
:10609000304653B101F094FA0028F3D001F022FB0E
:1060A0006B1E13F0FF0F5DB2F1D1FF2384F8453072
:1060B00001F09CFE01F090FE94F844506DB2002D6A
:1060C00015DD04F1100604E06B1E13F0FF0F5DB246
:1060D0000DD02369304653B101F072FA0028F3D095
:1060E00001F000FB6B1E13F0FF0F5DB2F1D1FF2337
:1060F00084F8443001F07AFE01F02AF8002004B060
:10610000BDE8F087414607BBA0680AF0FFFCA36822
:10611000216C62680B449342A360FFF410AF013519
:10612000A563636A2268A260002B3FF40DAF88E785
:106130006068013501F04EFBA563636A6660002B61
:106140007FF47FAF002883D1FEE6E0680AF0DEFC32
:10615000226CE36821689B1A8B42E360C2F1000263
:10616000BFF466AF61E700BF00ED00E0F8B50C4694
:1061700079B3002501232160C1E90F3581F846304C
:10618000064601F029FED4E90F322168A56303FB1E
:1061900002F39A1A0A440B44FF27C4E90131E26072
:1061A00084F8447004F1100084F8457003F0D4F8CA
:1061B00004F1240003F0D0F801F018FEC4E9005502
:1061C000E56084F84C602B462A4629462046FFF7B6
:1061D0001DFE2046F8BD00BF2DE9F043044683B004
:1061E00016469946EFF31188402282F31188806B9E
:1061F000E26B90421ED3022B05D0002088F3118859
:1062000003B0BDE8F08394F84550226CA76B6DB2E3
:1062100032BB2368002B47D001376B1CA76335D0F6
:1062200001356DB284F84550012088F3118803B020
:10623000BDE8F08394F84550226CA76B6DB2002A3C
:10624000E7D0002B38D1A0680AF060FCA368216C6D
:1062500062680B449342A36024BF2368A360DBE71A
:10626000E0680AF053FC226CE0682168801A8842DA
:10627000E060C2F1000205D261680A44E260B9F14F
:10628000020FC9D1012F38BF0127C6E7636A002B6F
:10629000CAD004F1240001F093F90028C4D0002EE4
:1062A000C2D001203060A9E76068019301F092FA42
:1062B000019B63600137B0E7E0680AF027FC226CBD
:1062C000E0682168801A8842E060C2F10002D6D2FC
:1062D000D2E700BF10B582B0EFF31184402383F3FF
:1062E0001188836BC26B9A420FD990F84520013315
:1062F000FF2A836353B20DD001335BB280F845307F
:10630000012084F3118802B010BD002084F31188AD
:1063100002B010BD436A002BF2D02430019101F08D
:106320004FF90028ECD001990029E9D0012008603C
:10633000ECE700BF2DE9F043044685B00F4601921B
:1063400001F04AFDA56B002D40F02781019B002B39
:1063500000F0D28002A801F085F9DFF88C8204F108
:10636000240601F043FD00F043FE01F035FD94F8F2
:106370004430FF2B04BF002384F8443094F84530A8
:10638000FF2B04BF002384F8453001F02FFD01A945
:1063900002A801F073F900285BD101F01DFDA36B89
:1063A000002B40F0AF8001F021FD0199304601F053
:1063B0008BF801F011FD94F845506DB2002D05DC0D
:1063C00012E06B1E13F0FF0F5DB20DD0636A304612
:1063D00053B101F0F5F80028F3D001F083F96B1EFA
:1063E00013F0FF0F5DB2F1D1FF2384F8453001F0C7
:1063F000FDFC01F0F1FC94F844506DB2002D15DD68
:1064000004F1100904E06B1E13F0FF0F5DB20DD014
:106410002369484653B101F0D3F80028F3D001F0C6
:1064200061F96B1E13F0FF0F5DB2F1D1FF2384F809
:10643000443001F0DBFC00F08BFE002853D14FF01C
:106440008053C8F8043040BFBFF34F8FBFF36F8F46
:1064500049E001F0C1FC94F845506DB2002D05DC17
:1064600012E06B1E13F0FF0F5DB20DD0636A304671
:1064700053B101F0A5F80028F3D001F033F96B1EF9
:1064800013F0FF0F5DB2F1D1FF2384F8453001F026
:10649000ADFC01F0A1FC94F844506DB2002D15DD67
:1064A00004F1100904E06B1E13F0FF0F5DB20DD074
:1064B0002369484653B101F083F80028F3D001F076
:1064C00011F96B1E13F0FF0F5DB2F1D1FF2384F8B9
:1064D000443001F08BFC00F03BFE01F07DFCA36B2F
:1064E00053B101F083FC01F077FCA56B002D54D172
:1064F000019B002B7FF435AF01F078FC002005B044
:10650000BDE8F08301F072FC01F066FC94F84550A0
:106510006DB2002D05DC12E06B1E13F0FF0F5DB2B3
:106520000DD0636A304653B101F04AF80028F3D029
:1065300001F0D8F86B1E13F0FF0F5DB2F1D1FF230D
:1065400084F8453001F052FC01F046FC94F84450C8
:106550006DB2002D15DD04F1100904E06B1E13F07F
:10656000FF0F5DB20DD02369484653B101F028F802
:106570000028F3D001F0B6F86B1E13F0FF0F5DB2E8
:10658000F1D1FF2384F8443001F030FC00F0E0FD4D
:1065900001F022FCA56B002DAAD0226C52B1E1685B
:1065A000636811449942E16024BF2168E160384684
:1065B0000AF0ACFA013DA56323692BB901F016FC82
:1065C000012005B0BDE8F08304F1100000F0F8FFF1
:1065D0000028F3D0044B4FF080525A6040BFBFF305
:1065E0004F8FBFF36F8FE9E700ED00E02DE9F04337
:1065F000044685B000F12406019101F0EDFBA36B88
:10660000DFF8DC820027B946002B40F0D780019DDF
:10661000002D00F0418102ADB9F1000F00F0DE80E5
:1066200001F0E4FB00F0E4FC01F0D6FB94F8443008
:10663000FF2B04BF002384F8443094F84530FF2B2F
:1066400004BF002384F8453001F0D0FB284601A99F
:1066500001F014F800285FD101F0BEFBA36B002B02
:1066600040F0C88001F0C2FB2368002B00F01B81C2
:106670000199304600F028FF01F0AEFB94F8455038
:106680006DB2002D05DC12E06B1E13F0FF0F5DB242
:106690000DD0636A304653B100F092FF0028F3D06A
:1066A00001F020F86B1E13F0FF0F5DB2F1D1FF2354
:1066B00084F8453001F09AFB01F08EFB94F84450C9
:1066C0006DB2002D15DD04F1100904E06B1E13F00E
:1066D000FF0F5DB20DD02369484653B100F070FF43
:1066E0000028F3D000F0FEFF6B1E13F0FF0F5DB229
:1066F000F1D1FF2384F8443001F078FB00F028FD4D
:10670000002853D14FF08053C8F8043040BFBFF386
:106710004F8FBFF36F8F49E001F05EFB94F8455057
:106720006DB2002D05DC12E06B1E13F0FF0F5DB2A1
:106730000DD0636A304653B100F042FF0028F3D019
:1067400000F0D0FF6B1E13F0FF0F5DB2F1D1FF23FD
:1067500084F8453001F04AFB01F03EFB94F84450C8
:106760006DB2002D15DD04F1100904E06B1E13F06D
:10677000FF0F5DB20DD02369484653B100F020FFF2
:106780000028F3D000F0AEFF6B1E13F0FF0F5DB2D8
:10679000F1D1FF2384F8443001F028FB00F0D8FC4D
:1067A00001F01AFBA36BEBB101F020FB01F014FB2D
:1067B000A36B4FF00109002B3FF429AF2268013B86
:1067C000A363002A00F088802369002B74D101F0B4
:1067D0000DFB0127384605B0BDE8F083284600F0E0
:1067E00041FF1DE701F002FB002F4AD1384605B0FA
:1067F000BDE8F08301F0FAFA01F0EEFA94F84550A2
:106800006DB2002D05DC12E06B1E13F0FF0F5DB2C0
:106810000DD0636A304653B100F0D2FE0028F3D0A9
:1068200000F060FF6B1E13F0FF0F5DB2F1D1FF238C
:1068300084F8453001F0DAFA01F0CEFA94F84450C9
:106840006DB2002D15DD04F1100904E06B1E13F08C
:10685000FF0F5DB20DD02369484653B100F0B0FE82
:106860000028F3D000F03EFF6B1E13F0FF0F5DB267
:10687000F1D1FF2384F8443001F0B8FA00F068FC4D
:1068800094E701F0A9FA616A19B1236B1968C1F1A3
:106890000501606800F0CEFF01F0A8FA0027384635
:1068A00005B0BDE8F08301F097FA606800F04CFF96
:1068B000074601F09BFADBE604F1100000F080FED1
:1068C000002884D0064B4FF080525A6040BFBFF37F
:1068D0004F8FBFF36F8F7AE700F0E6FF606073E7DA
:1068E00000ED00E0104B5A68904208D0DA68904200
:1068F00008BF012204D090F8463093B170470022BF
:10690000002110B403EBC20443F8321090F8463073
:10691000616013B15DF8044B70475DF8044BFFF7FD
:10692000C3B9FFF7C1B900BFD0930120074B1A6864
:106930001AB19A6802B17047012210B403EBC20485
:1069400043F8321060605DF8044B7047D09301202B
:1069500070B504460E46154601F03EFA94F84430F0
:10696000FF2B04BF002384F8443094F84530FF2BFC
:1069700004BF002384F8453001F038FAA36B002BE4
:1069800045D001F029FA94F845506DB2002D15DD7F
:1069900004F1240604E06B1E13F0FF0F5DB20DD06E
:1069A000636A304653B100F00BFE0028F3D000F0CC
:1069B00099FE6B1E13F0FF0F5DB2F1D1FF2384F837
:1069C000453001F013FA01F007FA94F844506DB223
:1069D000002D15DD04F1100604E06B1E13F0FF0F0F
:1069E0005DB20DD02369304653B100F0E9FD0028B7
:1069F000F3D000F077FE6B1E13F0FF0F5DB2F1D104
:106A0000FF2384F84430BDE8704001F0EFB92A4616
:106A1000314604F1240000F093FDB2E72DE9F04186
:106A2000044601F0D9F9344A344D13680133136038
:106A30002B68002B30D0324E336833B3E36A3148D1
:106A4000314907680A689F4238BF03602F48013206
:106A500003EB83030A6000EB8300E263211D02F075
:106A60008BFC01F0C3F933686BB12A68E36AD26A20
:106A70009A4208D2264B4FF080525A6040BFBFF373
:106A80004F8FBFF36F8FBDE8F0812A68E36AD26A47
:106A90009A4298BF2C60D2E72C601368012B02D079
:106AA000E36A174ECBE71948DFF89080194F144E70
:106AB00002F052FC184802F04FFC184802F04CFC5F
:106AC000174802F049FC174802F046FC404602F025
:106AD00043FC384602F040FC134802F03DFC1348EA
:106AE00002F03AFC124802F037FC124B124AC2F88C
:106AF00000801F60E36AA2E750870120E086012042
:106B0000B08701206487012060870120EC86012086
:106B100000ED00E07C870120008701201487012020
:106B2000288701203C8701209C870120C8870120FD
:106B3000B4870120E8860120E486012068870120CF
:106B40002DE9F843DDE909C4002C66D0BCF1000F43
:106B500060D00D46960098460223324684F85130A4
:106B6000A5210746C4F830C0604609F0F7FF2A782F
:106B700084F83420236B2978321F1A4422F0070648
:106B800001B36B7884F835306B78DBB1AB7884F87F
:106B90003630AB78B3B1EB7884F83730EB788BB123
:106BA0002B7984F838302B7963B16B7984F83930DC
:106BB0006B793BB1AB7984F83A30AB7913B1EB79AF
:106BC00084F83B30089D042D28BF04254FF00009B0
:106BD000E5626564201D84F83B90C4F8489002F09B
:106BE000C7FBC5F1050504F1180002F0C1FBC4F8AC
:106BF0004C9042463946A561246184F85090646205
:106C0000304601F0ADF820602046FFF707FF204630
:106C1000BDE8F8836046BDE8F8832046BDE8F88308
:106C20002DE9F0479600804630460D469946FFF71D
:106C300027F8002862D007465420FFF721F80446C1
:106C400000285FD000230763324684F8513038466D
:106C5000A52109F083FF2B7884F834302B78D4F801
:106C600030A003B36B7884F835306B78DBB1AB7848
:106C700084F83630AB78B3B1EB7884F83730EB7802
:106C80008BB12B7984F838302B7963B16B7984F828
:106C900039306B793BB1AB7984F83A30AB7913B1C9
:106CA000EB7984F83B30089D042D28BF042500278C
:106CB000E5626564201D84F83B70A764043E02F021
:106CC00057FBC5F1050504F11800564402F050FBCE
:106CD000E764A56126F0070084F8507024616462BF
:106CE0004A46414601F03CF8099B206003B11C6014
:106CF0002046FFF793FE0120BDE8F0874FF0FF30FC
:106D0000BDE8F0873846FEF7CFFF4FF0FF30F3E7DE
:106D100070B50446534E01F05FF8002C00F08280FD
:106D2000251D284602F050FBA36A1BB104F1180090
:106D300002F04AFB29464C484C4D02F01DFB94F8EA
:106D40005030012B04BF002384F8503001F04EF87E
:106D50002B68002B57D13368A34200D070BD2B683D
:106D6000002B66D14049424A0968126891426AD0B4
:106D7000404B1B68002B68D13F4A13603268336870
:106D800012681B6B9A4266D93C4C3D4B226802EB61
:106D9000820080009100185828BB501E00EB80052F
:106DA000AD0081005D59002D53D1901E00EB800590
:106DB000AD0081005D59002D4BD1D01E00EB800548
:106DC000AD0081005D59002D43D1101F00EB8005FF
:106DD000AD0081005D59002D3BD1053A02EB8200E8
:106DE000800091001858114403EB8100034641686C
:106DF000496841600833994204BF49684160CB68E3
:106E00003360226070BD00F0E7FF1E4B1A68126805
:106E100052B11A681C4BD268D26852681A6000F0EE
:106E2000E5FF98E734687BE7174B4FF0FF321A60B5
:106E3000F5E7164B4FF080525A6040BFBFF34F8FBB
:106E4000BFF36F8F70BD336070BD0B4B01221A60B2
:106E500070BD0246C7E730683168343101F0D4FEB6
:106E600092E700BFE0860120B4870120B0870120AF
:106E7000508701205C870120E08701206487012082
:106E8000EC860120E48601209487012000ED00E0DB
:106E900098B130B51D4D2B68834283B004460AD0AB
:106EA00000F09AFF1A4B62699A4207D003B0BDE81E
:106EB000304000F09BBF03B030BD7047A36A154A55
:106EC0009342F3D0002BF1D1211D0846019102F02D
:106ED0007BFA114AE36A1068019983420F4888BF20
:106EE000136003EB830300EB830002F045FA2B6889
:106EF000E26ADB6A9A42D9D3094B4FF080525A605A
:106F000040BFBFF34F8FBFF36F8FCFE7E086012005
:106F1000B48701209C87012064870120EC86012032
:106F200000ED00E070B584B0002503AA02A901A815
:106F3000CDE9015501F06CFE019C002C46D0029871
:106F4000002843D0039E20630223B6003246A521C9
:106F500084F8513009F002FE206B1F4B6363043E3E
:106F60000644C4E91155201D84F8385084F83B507C
:106F7000E56202F0FDF904F1180002F0F9F926F0DB
:106F8000070605231549A3612A46E56430462461B6
:106F9000646284F8505000F0E3FE20602046FFF762
:106FA0003DFD0F4B1C6000F0EFFD012811D1402387
:106FB00083F311880B490C4A0C4B4FF0FF340C60E3
:106FC00010601D6000F0E2FE04B070BD044B0022B2
:106FD0001A6004B070BD00BF49444C45F57206000C
:106FE0009087012094870120B0870120DC87012051
:106FF000024A136801331360704700BF5C870120A9
:10700000014B1868704700BFDC870120024A1368F3
:1070100018441060704700BFDC8701202DE9F04F55
:10702000404B1B6883B0002B46D13F4B1E68013696
:107030001E60002E4ED0DFF808B1DBF80030B342FE
:107040005FD83A4F3B681D68002D65D0DFF8F480AB
:10705000DFF8F4A0DFF8F490002522E0019102F0BF
:10706000B3F9A36A019904F1180013B102F0ACF965
:107070000199E36AD8F8002003EB830093420AEBFE
:10708000800088BFC8F8003002F076F9D9F80020F7
:107090003B68E16AD26A1B68914228BF0125002B38
:1070A0003AD03B68DB68DC686368211D9E42084675
:1070B000D4D2CBF8003004E01D4A136801331360CA
:1070C00000251C4B1B68002B0CBF2846012003B079
:1070D000BDE8F08F154B184A1868184914681C60F1
:1070E00010600A6801320A601A6812685AB9DFF83B
:1070F00050B04FF0FF33CBF80030DBF80030B34234
:107100009FD90025DDE71B68DFF834B0DB68DB685A
:107110005B68CBF8003090E74FF0FF33CBF80030DE
:10712000CFE700BF5C870120DC870120E4860120D7
:1071300058870120E0870120E886012098870120F8
:107140009487012064870120EC860120E0860120DD
:107150002DE9F04F83B000F03FFE3A4B1A68013A38
:107160001A601B68002B55D1374B1B68002B51D080
:10717000364D2B68002B62D0354EDFF8EC80354F52
:10718000DFF8E8904FF0010AEB68DC6804F1040BCB
:1071900004F1180002F018F9584602F015F9E36AF4
:1071A000326803EB83009342594608EB800088BFA6
:1071B000336002F0E1F83B68E26ADB6A9A4231D35D
:1071C000C9F800A02B68002BDED1234B1A68126887
:1071D000002A2FD01A68214BD268D26852681A60F0
:1071E0001F4E346844B10125FFF718FF08B1C9F8F4
:1071F0000050013CF8D13460D9F8003053B1194B3C
:107200004FF080525A6040BFBFF34F8FBFF36F8F74
:10721000012000E00020019000F0E8FD019803B09B
:10722000BDE8F08F2B68002BAED10B4B1A681268AB
:10723000002ACFD1094B4FF0FF321A60D0E7DFF8B8
:107240002C90CDE75C870120508701209C8701208E
:1072500064870120E0860120E486012094870120D4
:107260005887012000ED00E0EC860120E087012036
:1072700070B548B9184B4FF080525A6040BFBFF309
:107280004F8FBFF36F8F70BD144A15491368154DAA
:10729000013313600E6804462868043002F094F845
:1072A0002B68A4195C600FD20F4B18682968043151
:1072B00002F072F80D4B1A68944238BF1C60FFF759
:1072C00047FF0028D6D070BD094B186829680431E3
:1072D00002F062F8F3E700BF00ED00E05C870120F8
:1072E000DC870120E0860120E486012094870120CC
:1072F000E88601202DE9F84F3A4CDFF804913A4D29
:107300003A4EDFF800813A4FDFF8FCB02368EBB16A
:1073100000F062FDD9F80C30D3F80CA00AF104009B
:1073200002F052F82B68013B2B602368013B23607D
:1073300000F05CFD9AF85130002B34D0012BE5D1E0
:107340005046FEF7B1FC2368002BE1D13368012BD6
:1073500008D94FF08053CBF8043040BFBFF34F8FB4
:10736000BFF36F8F00F0E8FED8F800301BBB3B681E
:10737000DB6A002BCAD13368012BC7D81D4B1E4ACC
:107380001B6812689B1A012BC0D91C4A1368013371
:107390001360D8F80030A3B13B68DB6A03B93368E7
:1073A000FFF7D6FEB2E7DAF83000FEF77DFC504674
:1073B000FEF77AFCAAE73B68DB6A002BA6D13368AC
:1073C000A4E73B68DB6A002BEAD13368012BE7D8DE
:1073D000084B1868084B1B68C01A0128E0D900F058
:1073E00075FDDDE75487012050870120EC860120E0
:1073F000E086012094870120DC8701205C87012042
:10740000C88701206487012000ED00E0294B1B683C
:107410001BB1294B01221A607047274A70B5274CCF
:1074200013602268236812681B6B9A423CD9244D72
:10743000244B2A6802EB820080009100185808BB98
:10744000501E00EB8006B60081009E5956BB901E70
:1074500000EB8006B60081009E591EBBD01E00EBDB
:107460008006B60081009E59E6B9101F00EB800629
:10747000B60081009E59AEB9053A02EB8200800049
:1074800091001858114403EB810003464168496894
:1074900041600833994204BF49684160CB6823606A
:1074A0002A6070BD0246EDE720682168343101F0A2
:1074B000ABFBBCE75C870120E0870120E086012070
:1074C00064870120EC86012070B5174D2B680C46AF
:1074D00003F1180101F060FF144B1E6828680430A6
:1074E00001F072FF631C17D02B68A4195C6007D3EE
:1074F0000F4B18682968BDE87040043101F04CBF9B
:107500000C4B18682968043101F046FF0A4B1A68D1
:10751000944238BF1C6070BD29680848BDE87040BF
:10752000043101F029BF00BFE0860120DC87012083
:10753000E8860120E486012094870120B487012099
:1075400070B5194D2B6816460C4603F1180101F071
:1075500013FF164B5EB11B682868043001F034FF3E
:1075600029681348BDE87040043101F005BF1E686A
:107570002868043001F028FF2B68A4195C6007D349
:107580000C4B18682968BDE87040043101F004BF55
:10759000094B18682968043101F0FEFE074B1A6890
:1075A000944238BF1C6070BDE0860120DC8701205A
:1075B000B4870120E8860120E48601209487012019
:1075C00030B5C368DC6804F1180583B0284601F0C3
:1075D000FBFE1C4B1B683BBB211D0846019101F0C3
:1075E000F3FE194AE36A106801998342174888BF7D
:1075F000136003EB830300EB830001F0BDFE144B2B
:10760000E26A1B68DB6A9A4282BF124B0120186053
:10761000114B1A68126898BF002052B90F4B4FF0F7
:10762000FF321A6003B030BD0D48294601F0A4FEB8
:10763000E5E71A68094BD268D26852681A6003B04D
:1076400030BD00BF5C87012064870120EC860120EB
:10765000E0860120E0870120E48601209487012054
:107660009C870120034A044B12681B68C0E9002371
:10767000704700BF98870120DC870120F0B50D46D8
:1076800083B0044600F0A8FB2B68144A591C10680C
:107690001DD0DFF84CC0D4E90061DCF80070BE42B8
:1076A00008D0814206D80120019000F09FFB01988C
:1076B00003B0F0BD471ABB420BD91B1A0B44DCF8D0
:1076C000001012682B600020C4E90012ECE70020D3
:1076D000EAE700232B600120E6E700BFDC870120FA
:1076E00098870120014B01221A607047E087012032
:1076F000094B186818B9094B1B6813B17047002073
:107700007047074A074B10681B68013B984214BF3B
:1077100001200220704700BF9C870120E0870120E4
:10772000B487012050870120054B1B6833B1054BFE
:107730001B68002B0CBF02200020704701207047FF
:10774000B08701205C87012070B5044682B0C8B1C3
:107750001D4DC36A2A68D26A934215D28269002AF3
:1077600004DB2A68D26AC2F105028261174E62699F
:1077700003EB830306EB83039A420ED02B68DB6A8C
:10778000E362012002B070BD2B68406CDC6AA0424D
:107790002CBF0020012002B070BD211D08460191C0
:1077A00001F012FE2A680A4BD06A1A680199E06259
:1077B000904200D9186000EB800006EB800001F0D9
:1077C000DBFD0120DEE700BFE0860120EC86012022
:1077D0006487012068B130B5836CC16A426C013B9B
:1077E000914283B00446836400D023B1002003B0EB
:1077F00030BD00207047011D0846019101F0E4FDF5
:107800000A4A636C1068E3628342094888BF1360C8
:10781000C3F1050503EB830300EB83000199A56128
:1078200001F0AAFD012003B030BD00BF6487012034
:10783000EC86012070B130B5426CC36A914238BF0A
:1078400011468B4283B0044602D0826C012A02D0DA
:1078500003B030BD70478269114DC162002A03EB4D
:1078600083034269A8BFC1F1050105EB8303A8BFEB
:1078700081619A42ECD1011D0846019101F0A4FDFD
:10788000084BE06A1A680199904288BF186000EBC3
:10789000800005EB800003B0BDE8304001F06CBD16
:1078A000EC86012064870120044B1A681AB119681C
:1078B0008A6C01328A641868704700BFE086012034
:1078C0002DE9F0431D4EDFF87C9085B04FF00008A5
:1078D0000CE0DB68DC681F68251D284601F074FD9C
:1078E000636A20469847E369012B0AD033681A6817
:1078F000002AEED1124A11683160136005B0BDE86C
:10790000F083A3693B449F42294610D3D9F8003045
:10791000002BEBD0CDE900870294FFF705FF002391
:10792000D9F800001A466946FEF770FADEE73068BB
:107930006360246101F030FDD8E700BFE4870120D7
:10794000E8870120688A01202DE9F04F894E8A4C92
:10795000DFF82C82894DDFF82CA28BB03368D3F886
:1079600000B0BBF1000F00F0A980DB68D3F800B0D5
:10797000FFF73EFBFFF744FB22688242814600F29C
:10798000AE808345206040F2BF8000222868ABEBC8
:107990000901FEF7DDFFFFF7DBFB40B94FF0805335
:1079A000CAF8043040BFBFF34F8FBFF36F8F286812
:1079B000002202A9FEF7BEFC0028CFD0029B002BBC
:1079C00073DBDDF81090D9F814301BB109F1040015
:1079D00001F0FAFCFFF714FB236898420746C0F059
:1079E0008580029B2760092BE1D801A252F823F081
:1079F000197A0600197A0600197A0600AF7906008E
:107A0000737A06009B7A0600197A0600197A060036
:107A1000AF790600737A06000398D9F81830C9F8D0
:107A20001090C2182CBF01210021BA42C9F80420CD
:107A30005FD8381A834228D8D9F824304846984766
:107A4000D9F81C302868012BB2D10028B0D0D9F861
:107A50001820039B00211344CDE907390691FFF755
:107A600063FE002328681A4606A9FEF7CFF92868A6
:107A70009EE7039BC9F81090DA19BA42C9F818308A
:107A8000C9F8042039D8002B91D0D8F8000009F1AA
:107A9000040101F081FC28688AE799F82C30002B5A
:107AA00085D14846FEF700F981E7039BDDE9040133
:107AB0009847029B002BFFF67AAF82E7FFF798FA10
:107AC000FFF79EFA22689042814608D3D8F800203A
:107AD000C4F800901268B2FA82F2520956E7FFF732
:107AE000EFFEC4F80090FFF733FB60E7FFF7E8FE16
:107AF00077E7B84201D900299ED0306809F1040126
:107B000001F04AFC286853E7FFF722FB3268D2688D
:107B1000D768391D0846019101F056FCF8690199B2
:107B2000012803D07B6A3846984740E7BA693F612D
:107B30000BEB02004845786003D9306801F02CFC5B
:107B4000F0E7A9EB0B039A420FD82B68002BE9D082
:107B50000023CDE9063B0897FFF7E6FD00232868E0
:107B60001A4606A9FEF752F9DCE7D8F8000001F042
:107B700013FCD7E7E4870120148A0120688A0120DA
:107B8000E887012000ED00E0F0B51F4C89B000F05F
:107B900023F92568F5B100F029F92068C0B1002467
:107BA00007AA06A905A8CDE9054401F03FF8DDE9DB
:107BB00005310222CDE900210293079A13491448A6
:107BC0002346FEF7BDFF134B1860001B18BF0120B2
:107BD00009B0F0BD104F114E384601F0BDFB3046E4
:107BE00001F0BAFB0E4A0F4900950F4B17600E606B
:107BF0000E4A10212020FEF765F820600028CAD028
:107C00000B49FEF793FEC6E7688A0120B091070092
:107C1000497906006C8A0120EC890120008A012044
:107C2000E4870120E8870120188A0120EC870120E1
:107C3000A89107002DE9F04F074685B0302088460F
:107C400016461D46FEF71CF80446A0B1DFF88490E6
:107C500000F0C2F8D9F800308BB100F0C7F80E9BE5
:107C60006362C4E9068627602562201D01F080FB5F
:107C7000002384F82C30204605B0BDE8F08FDFF8F3
:107C800058B0DFF858A00393584601F065FB504602
:107C900001F062FB0A4A0B49039B00932020C2F8C3
:107CA00000B0C1F800A0084B084A1021FEF70AF8FE
:107CB000C9F800000028D0D00549FEF737FECCE710
:107CC000E4870120E8870120188A0120EC87012041
:107CD000A8910700688A0120EC890120008A012010
:107CE00050B5144E346885B0C4B10529CDE90012F1
:107CF00002900BDCFFF718FD022812D00023306839
:107D00001A466946FEF782F805B050BD1A4620466D
:107D100000236946FEF760FA05B050BD204605B065
:107D200050BD3068089A00236946FEF76FF805B029
:107D300050BD00BF688A012010B5044682B000F033
:107D40004BF86069003818BF0120019000F04EF830
:107D5000019802B010BD00BF402383F31188FEE7F5
:107D600030B46FF00203084C40F80C4C4FF08075B3
:107D700040F8045C40F8081C40F8202C40F8243CF3
:107D800030BC4438704700BF597D06000F4C08B521
:107D9000E02384F8223000F07BF80D4B0D4A0021DF
:107DA0001960D4F8883043F47003C4F888305368FD
:107DB00043F040435360236943F01003236100F014
:107DC00069F9402383F31188FEE700BF00ED00E06E
:107DD000708A012030EF00E0402383F31188024ACB
:107DE0001368013313607047708A0120034A1368D7
:107DF000013B13600BB983F311887047708A01202F
:107E000041DF704712DF704770B51D4B00221A60CA
:107E100082B01B680193019BEFF31186402383F32B
:107E200011881849184BD1F804451A601B68009353
:107E3000009BFFF7E5F8201A20F07F4323F00103B1
:107E400020F07F459BB96C1E6DB10025FFF7E6F869
:107E5000013C631C45EA0005F8D125B10B4B4FF0FE
:107E600080525A6040BF86F3118802B070BDFFF7A0
:107E70005BFC0228E7D0FFF7D1F80546EDE700BF2D
:107E800040110140001001400011014000ED00E0F0
:107E90000B4B0C4930B41F200B4DC3F808050122D1
:107EA0000224E020C3F804232A601A60C3F8444384
:107EB00081F811034FF400330B6030BC704700BFF2
:107EC0000010014000E100E0081001402DE9F04100
:107ED000054684B0EFF3108272B6634CA36883B991
:107EE000624B63480121A160D3F8801001402160FA
:107EF000C3F88000D3F8841061604FF0FF31C3F8FD
:107F0000841002B962B65B4ED6F80485FFF7F0FB29
:107F100078B3594F594AAF4228BF2F4607EB0803A1
:107F200023F07F4301214FF0000CC6F80813C6F878
:107F30004035C2F800C0136801934FF480330198B4
:107F4000C6F80433BFF34F8F25BBC6F8083315605E
:107F500012684B4B0392039A1D601B680293434BBC
:107F6000029AC6F804134FF40032D6F80415C3F889
:107F70008021A3685BB1EFF3108272B63B4B21689E
:107F80001960616859600023A36002B962B604B049
:107F9000BDE8F081F1EE103A23F09F03E1EE103AD4
:107FA000F1EE103A314D4FF480634022C5F8842140
:107FB00003A8C5F884318DF80CC0FFF723FF9DF8A6
:107FC0000C30002B4DD12B4620BFD3F80011D3F835
:107FD00004210A43F8D0274B2848294A4FF480311E
:107FE000C3F8081300210160006803900398116032
:107FF0001268029201220299C3F80423D3F80435CF
:108000001A4AA3EB080828F07F48474528BF47468F
:108010004FF40033012FC2F8803120D9781EFEF7CB
:10802000F5FF184BDB68DA010FD5174A1368DB0739
:108030000BD5164B516803FB07F7A7F57427A7F577
:108040001077BF0A01EB87175760FEF7E7FF00289C
:108050008FD00F4B4FF080525A6040BF89E7F4D069
:1080600087E7FFF7CDFEB6E7E493012000E100E0EB
:10807000FC06FFBD00100140FDFFFF004011014064
:1080800000110140F0ED00E0001000E040420F0060
:1080900000ED00E00748006880F3088862B661B62A
:1080A000BFF34F8FBFF36F8F4FF0E00080F3118865
:1080B00000DF00BF00700200064B19680868B0E8D6
:1080C000F04F80F30988BFF36F8F4FF0000080F30B
:1080D00011887047E0860120EFF30980BFF36F8FAE
:1080E000144B1A681EF0100F08BF20ED108A20E90B
:1080F000F04F10604DF8043D4FF0400080F31188C0
:10810000BFF34F8FBFF36F8FFFF780F94FF0000081
:1081100080F3118808BC19680868B0E8F04F1EF0B9
:10812000100F08BFB0EC108A80F30988BFF36F8F7F
:10813000704700BFE0860120704700BF0A490B4A24
:108140000B4B9B1A03DD043BC858D050FBDC09489D
:1081500009494FF0AD32026004300439FBD100F020
:108160008BFCBFF775F80000A0B907000060002085
:108170008866002000F8032000080000FEE7FEE704
:10818000FEE7FEE7FEE7FEE7FEE7FEE7FEE7FEE7C7
:1081900008B50020EBF7CCFFD2F7C6FC114BBBB102
:1081A000114B63B1D3F78CF900F01EFDFDF784FB92
:1081B000D3F786F900F018FDFDF77EFBF2E7D3F761
:1081C0007FF900F011FDD3F77BF900F00DFDF6E724
:1081D000D3F776F900F008FDD3F772F900F004FD4B
:1081E000F6E700BF00000000B958060000B583B0F4
:1081F00000F0AAFEFCF786FC0E4B019301230E490A
:1082000000934FF4806200230C48FEF709FD4FF401
:10821000407000F00FFEFEF785FEBFF34F8F084958
:10822000084BCA6802F4E0621343CB60BFF34F8F80
:1082300000BFFDE7748A0120B89107009181060014
:1082400000ED00E00400FA0538B507480C46154675
:10825000ECF72CF900B938BD2A4621460248BDE8A2
:108260003840ECF737B800BF045F0120FDF7D8BCF9
:10827000FDF7D6BCFDF7EEBCFDF7ECBC084A09499A
:1082800008B513681844884202D81060184608BD23
:1082900008F07CFB0C2303604FF0FF33184608BD49
:1082A0007864002000F80320114B1A78EAB90178AD
:1082B000104810B40A464FF0804402F00102C1F3A6
:1082C0004001C4F88015C4F878250268D20706D4A6
:1082D000E021012280F80013C0F880210260012211
:1082E00005485DF8044B1A7070470448704700BF9A
:1082F000E093012000E100E00000AD0B0C00AD0BAD
:108300000C4B012230B4C3F88020BFF34F8FBFF372
:108310006F8F094C094D0A490A4A00234FF08040EB
:1083200023604FF460742B60C0F8084330BC0B60CE
:108330001370704700E100E0788A01207C8A0120F8
:10834000808A0120E0930120044B02684FF08041B5
:108350004FF46070C1F808031A607047808A0120EA
:108360004FF080434FF46072C3F80423704700BF9E
:108370004FF080434FF46072C3F80823704700BF8A
:10838000044B4FF080414FF460700022C1F80803A5
:108390001A607047808A012010B54FF0804386B084
:1083A000D3F80443620705D5D3F8082103F5847395
:1083B000002A4ED1A30603D52A4B1A68002A3FD1C2
:1083C000600603D5284B1A68002A2FD1210602D552
:1083D000264B1A680ABBE20502D5254B1A6892B9EA
:1083E000A3050ED5234B1A685AB100221A601A68E9
:1083F000214B0592059A1B68022006B0BDE810408B
:10840000184706B010BD00221A601B4A1B6804936F
:1084100001201368049A9847E2E700201860164A82
:108420001B6803931368039A9847D4E700221A60E5
:10843000124A1B68029301201368029A9847C5E705
:10844000002018600D4A1B6801931368019A984731
:10845000B6E700221A600A4A1B6800931368009A64
:108460009847A7E714010040180100401C01004094
:108470002001004024010040808A01207C8A0120E4
:10848000788A01202DE9F04F05799A4E05EBC50455
:1084900006EB840C83B09CF81CE0BEF1000F40F0AA
:1084A000F780A7000068F251CCF8043091F80CC0B6
:1084B0000B78BCF1010F4FEAC50440F2DA801F2BA4
:1084C00087BFDFF834E203F01F0898464FF0A04E54
:1084D000012707FA08F7CEF808751F2B8BBF03F0AA
:1084E0001F071F46DFF810E24FF0A04E07F5E077B8
:1084F0004FF001084EF827804F78FF2F00F0D08012
:108500001F2F8ABF07F01F09B946DFF8EC810097DB
:1085100098BF4FF0A04809F5E07A4FF0010E0EFA2F
:1085200009FE4FF00309C8F80CE548F82A9091F8C5
:1085300002E0BEF1FF0F00F0AF80BEF11F0F91F817
:108540000E8088BFDFF8B0B1CDF804E08EBF0EF02A
:108550001F0AF2464FF0A04B0AF5E07A4FEA88086E
:108560004BF82A8004EB050806EB880888F820E021
:1085700091F803E088F81FE0BEF1FF0F2BD091F8CF
:108580000490F046B9F1000F00F08E80BEF11F0F8D
:1085900087BF594F0EF01F0BF3464FF0A0474FF027
:1085A000010A0AFA0BFAC7F80CA5BEF11F0F88BF23
:1085B0000EF01F0804EB050E8CBFDFF83CB14FF046
:1085C000A04B08F5E07806EB8E0E4FF0030A4BF84F
:1085D00028A08EF81E90D1F808E0C0F80835009B5E
:1085E000C0F80C35019BC0F81035C0F824E54B7B72
:1085F000003B18BF0123BCF1020F74D0BCF1030F84
:1086000074D0BCF1010F6BD0C0F854358B79C0F831
:10861000C035002A58D04022C0F80423072340F375
:108620000732C0F80035002A4B794FEA10304FDB93
:108630005109890002F1604201F1604102F5614295
:1086400001F5614101275B0100F01F00DBB207FA71
:1086500000F082F80033C1F8800108602C4406EB7A
:1086600084062648002201237277337703B0BDE8E1
:10867000F08F1F2B87BFDFF880E003F01F089846BC
:108680004FF0A04E012707FA08F7CEF80C7524E743
:108690001B4803B0BDE8F08F4FF0FF37019761E74B
:1086A0004FF0FF37009742E7BEF11F0F87BF124F11
:1086B0000EF01F0BF3464FF0A0474FF0010A0AFAE5
:1086C0000BFAC7F808A570E70723C0F80035C5E71F
:1086D0000C4A00F00F005B010244DBB21376BDE7E9
:1086E00043F0020390E743F004038DE743F00603F1
:1086F0008AE700BF848A0120000300500000AD0B10
:108700000500AD0BFCEC00E0F0B403792D4C03EB5D
:10871000C3018900DD006258002A4CD0026842F390
:108720000736002E4FEA123711DB7609DFF8A8C0B2
:108730002036012207F01F0702FA07F74CF82670CF
:10874000BFF34F8FBFF36F8F6158026839B1E918DB
:108750001D48C2F8080304EB8101497FF9B9E91803
:1087600004EB810191F82010FF290BD01F2986BF4F
:1087700001F01F01154E4FF0A04601F5E0710220F7
:1087800046F82100124900208A42C2F8000514D0A0
:108790002B4404EB83030022F0BC1A7770470121BD
:1087A0005161D2F804110029FBD0E91804EB8101D2
:1087B00000204877D3E70268D1E7064A012111601B
:1087C000E6E700BF848A0120520108000003005040
:1087D00000F0024004F0024000E100E02DE9F04F1B
:1087E0000779DFF898E107EBC70384460EEB8300B7
:1087F00083B0457F002D40F0A2809B000C465EF8C0
:10880000039016464FEAC708B9F1000F04D012F0E2
:10881000140F04BF0123437708EB07050EEB850512
:1088200094E80F0095F81FA005F10C0BBAF1FF0FAB
:108830008BE80F000FD0AB7F002B55D0BAF11F0F84
:108840008DBF4A4A51464FF0A0420AF01F01012352
:108850008B40C2F80835226872B102F06043B3F170
:10886000005F09D047440EEB870E002340488EF886
:108870001D3003B0BDE8F08FA16821B101F0604365
:10888000B3F1005FEED1DCF80030E0686568C3F852
:1088900044250022C3F84855C3F83415C3F83805F9
:1088A000C3F81821D3F818210192019A16F0010299
:1088B00018BF0122C3F8502516F0020218BF01228A
:1088C0003007C3F840255CBF01221A61B9F1000FDF
:1088D00018D02848402271074CBFC3F80823C3F8BA
:1088E000042303B0BDE8F08FBAF11F0F8DBF1F4AFC
:1088F00051464FF0A0420AF01F0101238B40C2F8FD
:108900000C35A8E7D3F81821002AFBD0BAF1FF0FE5
:1089100029D047440EEB870E9EF81E309BB1BAF16A
:108920001F0F88BF114A134894BF4FF0A0420AF0AE
:108930001F0A012303FA0AF3C2F80C3599E70E481F
:1089400003B0BDE8F08FBAF11F0F88BF074A09488E
:1089500094BF4FF0A0420AF01F0A012303FA0AF362
:10896000C2F8083585E7034883E700BF00030050DD
:108970000A00AD0B0000AD0B0B00AD0B848A01208B
:10898000194BD3F8182102B970470021174AC3F8D0
:108990001811D3F81811D37F82B0FF2B01910199E0
:1089A0000DD0917F99B11F2B8ABF11484FF0A04085
:1089B00003F01F03012101FA03F3C0F80C35002373
:1089C00053771372D2E900310A4802B018471F2BBF
:1089D0008ABF07484FF0A04003F01F03012101FAAE
:1089E00003F3C0F80835EAE700300240848A01202A
:1089F000000300508C8A01201B4BD3F8182102B9C8
:108A000070470021194AC3F81811D3F8181192F8C9
:108A1000433082B0FF2B019101990ED092F84210A1
:108A2000A9B11F2B8ABF12484FF0A04003F01F03CB
:108A3000012101FA03F3C0F80C35002382F841301C
:108A400082F82C30D2E909310A4802B018471F2BAE
:108A50008ABF07484FF0A04003F01F03012101FA2D
:108A600003F3C0F80835E8E700F00240848A0120EB
:108A700000030050B08A0120534B1B685A1C16D0CB
:108A8000524A082B12680ED0514AD2F8883043F46B
:108A90007003C2F88830BFF34F8FBFF36F8F4D4B19
:108AA0004D4A1A607047032A2CD9082288E04B4AA5
:108AB0004B4B12781B68082A4FEA1313E4D113F0CA
:108AC0000C0F1FD0454A464B12781B68082A4FEA04
:108AD0001313D9D113F00C0F27D0414B3F4A1B6819
:108AE0001278C3F30313082ACED1032BCCD84FF04E
:108AF0008043D3F80024D20744BF6FF00102C3F8CB
:108B00000024C1E7304A11684FF080430022481C1E
:108B1000C3F80C21C3F81021C3F83825D2D02B4B51
:108B200008291A68B0D1032ABFD84FF080522D4BC4
:108B3000D2F80414C3F82015D2F80814C3F8241589
:108B4000D2F80C14C3F82815D2F81014C3F82C1559
:108B5000D2F81414C3F83015D2F81814C3F8341529
:108B6000D2F81C14C3F84015D2F82014C3F84415E9
:108B7000D2F82414C3F84815D2F82814C3F84C15B9
:108B8000D2F82C14C3F85015D2F83014C3F8541589
:108B9000D2F83414C3F86015D2F83814C3F8641549
:108BA000D2F83C14C3F86815D2F840140648C3F84C
:108BB0006C15D2F844140268C3F87015511C8CD09F
:108BC000024B1B688FE700BF30010010340100101A
:108BD00000ED00E07C6400200090D003E00F00F086
:108BE000E80F00F000C0004008B5EBF7A7FA054B0E
:108BF0004FF080525A6040BFBFF34F8FBFF36F8F6B
:108C000008BD00BF00ED00E0704700BF704700BF27
:108C1000044B036010B46423034C0C605DF8044BF8
:108C200013607047CC8A0120208B0120054B036024
:108C300010B44FF48073044C0C605DF8044B136067
:108C4000704700BFB08C0120048D012070B51F4D0E
:108C500084B028684FF0FF3203A9FDF76BFB0028B2
:108C6000F7D0039C237A6668052B0CD8DFE803F065
:108C70002629211B1403D4E90523D4E90301E4695F
:108C80000094B047039C206810B1FCF7E3FF039CFD
:108C90002046FCF7DFFFDCE7D4E90523D4E9030134
:108CA000B047039CEFE7D4E90412E068B047039CA7
:108CB000E9E7D4E90301B047039CE4E7B047039C2C
:108CC000E1E7E068B047039CDDE700BF08910120C1
:108CD0002DE9F043304B314D5B6885B0C3F3080399
:108CE000019001AF53B10023286839461A46FDF7B9
:108CF00073FA012809D105B0BDE8F0832868394628
:108D00006422FDF783F80128F5D0DFF89480D8F8C5
:108D10000000002240000421FDF704F80646002868
:108D2000E9D0DFF88090D9F80000FDF7F1FFFFF7F8
:108D300053F801E0FDF76AF8002203A92868FDF75F
:108D4000F9FA04460023642203A93046002CF1D12D
:108D50002868FDF7C7FD2E60FFF748F8D9F8000036
:108D6000FEF796F8D8F800300B4A28685B00C8F880
:108D700000305368C3F30803394633B12346224613
:108D8000FDF72AFA05B0BDE8F0836422FDF73EF84E
:108D900005B0BDE8F08300BF00ED00E008910120C0
:108DA000049101200C9101202DE9F8439DF82060E9
:108DB00005460F46904699469EB1B0000C30FCF730
:108DC0002FFF044658B10023C0F8048006720360E8
:108DD00005B147B90EBB2046FFF77AFF0120BDE879
:108DE000F8831020EBE73846FCF71AFF8046206036
:108DF000D0B13A46294607F089FE002EEBD0711E0D
:108E0000C9B209EB8101A9F1040252F8043FAB4257
:108E100008BFC2F800809142F7D1B200494604F180
:108E20000C0007F073FED6E72046FCF713FF404620
:108E3000D5E700BF70B540230B4D82B00446002239
:108E4000184604212B60FCF76DFF084D084B019379
:108E500006460223009307492E60A2B2002306486B
:108E6000FDF7DEFE02B070BD0491012008910120E3
:108E70000C910120C09107004D8C06001A4B197807
:108E800009BB70B54FF4405382B01B78102B1CD92E
:108E900043F21002142B126823D943F21401134B2E
:108EA0000C68134D1348A3FB04139B0CA5FB046132
:108EB00000FB134089094FF47A76A5FB005006FBAE
:108EC0001141800904E00848704708460B460A46ED
:108ED000CDE900010849044808F06AFD024802B0E3
:108EE00070BD08460B46F3E71091012083DE1B435B
:108EF000D34D621040420F00CC91070008B50748DF
:108F000003780BB1054808BD4FF0805304495A6EF1
:108F10001B6E08F04DFD014808BD00BF30910120D7
:108F2000E0910700BFF34F8F0549064BCA6802F472
:108F3000E0621343CB60BFF34F8F00BFFDE700BF7C
:108F400000ED00E00400FA054FF08043194AD3F821
:108F50000014194830B41160D3F80054D3F8002439
:108F6000164C17492A43C3F80024D4F84025026060
:108F700001224FF40030C3F818259A60C1F8800030
:108F8000BFF34F8FBFF36F8F0E4C03F588334FF055
:108F9000A0454FF480304FF0FF31C3F84803C3F8C9
:108FA00008035A609A60C5F80815C4F8081530BC63
:108FB000704700BF449101204891012000A000406B
:108FC00000E100E00003005008B54FF080434E225E
:108FD000C3F81C25FFF7A6FFF0B44B4B1D6882B009
:108FE0000023082DADF8063005DD0A2D00F385803D
:108FF0000A26012300E00826444C454AC4F8F0350F
:1090000001270023DFF814C14249C4F80075C4F8F1
:109010001435C4F81035C2F81435C2F81035C2F84A
:109020002435C2F82035C2F83435C2F83035C2F8DC
:109030004435C2F84035C2F85435C2F85035C2F84C
:109040006435C2F86035C2F87435C2F87035324AFA
:10905000DCF8003009681268DFF8C4C01B0209039D
:1090600001F4805103F4E06312040B4302F4E022A4
:109070009CF80010134343EA01630DF10602C4F8A3
:1090800018352146C4F81405C4F81005C4F82C2678
:10909000C4F830762760D1F80031002BFBD00020D7
:1090A00001231A4AC1F800014B60D2F80431002BA9
:1090B000FBD0002001231549C2F804019360D1F8C8
:1090C0001431002BFBD00023C1F81431BDF8062069
:1090D000120448BFADF806300C4B0022C3F800253F
:1090E000BDF80600B54200B204D035BF751BAD1BFC
:1090F000E840A84002B0F0BC70470D2DB5BF0C266B
:109100000E260223032377E78064002000700040CE
:10911000107000405491012058910120509101207D
:109120004C910120014B1860704700BF8064002003
:10913000202816D8144B53F82030023B1D2B10D892
:10914000DFE803F01E2014160F0F0F0F0F0F0F0F85
:109150000F0F0F0F0F0F0F0F0F0F0F0F0F0F181A0B
:109160001C11002070470820FFF736BF0320FBE7E3
:109170000420F9E70520F7E70620F5E70720F3E7E5
:109180000120F1E70220EFE7DC90070020281BD840
:109190003C4B53F820301F2B86BF3B4A03F01F0384
:1091A0004FF0A0420E290FD8DFE801F0655F595358
:1091B0004D474039322B241D160F080003F5E0738C
:1091C00040F2037142F82310704703F5E07340F258
:1091D000036142F82310704703F5E07340F2035136
:1091E00042F82310704703F5E07340F2034142F860
:1091F0002310704703F5E07340F2033142F8231067
:10920000704703F5E07340F2032142F823107047E2
:1092100003F5E07340F2031142F82310704703F5A1
:10922000E0734FF4403142F82310704703F5E073C8
:109230004FF4003142F82310704703F5E0731349EF
:1092400042F82310704703F5E073114942F82310E8
:10925000704703F5E073042142F82310704703F5CB
:10926000E0730C2142F82310704703F5E0730321EB
:1092700042F82310704703F5E073002142F82310F1
:10928000704700BFDC90070000030050040002009C
:109290000C00030020280FD80B4B53F820301F2B55
:1092A00086BF0A4A03F01F034FF0A04229B10121F3
:1092B00001FA03F3C2F808357047012101FA03F3FC
:1092C000C2F80C35704700BFDC9007000003005067
:1092D000202818D80D4B53F820201F2A8ABF0C498C
:1092E0004FF0A04102F01F02D1F814050123934072
:1092F000034214BFD1F80425D1F81025134214BF3E
:109300000120002070470020704700BFDC9007005C
:1093100000030050202817D80D4B53F820101F29A8
:109320008ABF0C4A4FF0A04201F01F01D2F8140589
:1093300001238B40034214BFD2F80415D2F8101554
:109340000B4202D1C2F808357047C2F80C3570479D
:10935000DC9007000003005000F108034FF0FF31DC
:109360000022C0E90333816002604360704700BFA0
:1093700000230361704700BF4368026810B49C6813
:109380008C609C684B600132616099605DF8044BB1
:1093900008610260704700BF30B40D686B1C10D0CC
:1093A00000F108031C465B681A68AA42FAD90268F1
:1093B0004B60013299608C606160086130BC026072
:1093C000704704696368F2E7036910B4D0E90112D9
:1093D0005C688A608442516008BF5A601A685DF810
:1093E000044B0021013A01611A601868704700BF00
:1093F000F0B5054699B01F4600230E46144605A851
:1094000019460322D5F8D05001F062F938BB014665
:10941000AD00082303AA05A8CDE9034501F098F99A
:10942000E8B9611905A801F0B7F9C0B937B9234601
:109430001022314605A801F0C7F980B905F11003E3
:1094400002A9019100941946324605A8029301F041
:10945000F9F9044B002818BF184619B0F0BD0148AF
:1094600019B0F0BD360CF0002DE9F04F864C804667
:109470009E460F4694460FCCB7B00DF11C0A5546D8
:109480000FC594E80F0004F1100685E80F000FCE19
:109490000FAD0FC596E80F00303485E80F000FCCF4
:1094A00017AD0FC50FCC0FC594E80F00D8F8D0400A
:1094B000CDF80CE0042C85E80F0001D0082C6BD10E
:1094C000409A231DB2EB830F4FEA830B03D06F4802
:1094D00037B0BDE8F08F07EB0C019CFA8CF30CF170
:1094E00018060CF109003B609BFA8BF5802326F0EF
:1094F0000F06321A7D6038440B72002101F09CFD8A
:10950000409B1B09ABF1100B00F0BB80042C47D033
:10951000DDF80C90CDF808B04B4617ADB1464FF0D2
:10952000000823ACBB461E4624E0029FCDF814A0E1
:10953000069701F00DF903462946204610353BBB3E
:1095400001F02AF984464FF0100E4B465A46494620
:109550002046BCF1000F1BD10DEB0E07CDE90067D3
:10956000CDF810E001F06EF9103688B9409BB8EBE9
:10957000131F58D2002319460222204601F0A8F8F2
:10958000014608F10108082305AA20460029CCD08D
:109590003F4837B0BDE8F08F3E4837B0BDE8F08FA8
:1095A000DDF80C90CDF808B033460FAD4E464FF0C5
:1095B000000823ACBB46994626E0029FCDF814A0D4
:1095C000069701F0C5F80346294620461035002BC2
:1095D000DED101F0E1F884464FF0100E4B465A46BA
:1095E00049462046BCF1000FD2D10DEB0E07CDE964
:1095F0000067CDF810E001F025F910360028C7D13A
:10960000409BB8EB131F0ED20023194602222046BE
:1096100001F05EF8014608F10108082305AA20467A
:109620000029CAD0B4E7DDF808B0039D002319462D
:1096300001222046CDE9055B01F04AF801460028E9
:10964000A6D1082305AA204601F082F800289FD160
:1096500005EB0B01204601F09FF80146002897D149
:10966000409A284601F0E8FC409B009540A90191F2
:109670002A462046194601F0E5F800283FF428AFB5
:1096800086E723ACD1E700BF5C920700230CF00013
:10969000360CF000210CF0002DE9F04F2DED028B7F
:1096A000164687B007321C46D308129D0393002844
:1096B00000F0BC800F46002900F0BF80002C54D081
:1096C000BDF80C108046204600F0BCFF022806467C
:1096D00040F2AA8003285DD12378032B40F2A480B6
:1096E000039B681C591E0123019301F0A7FC019BF9
:1096F0000493019B76429AB206F007064FF0FF0AE8
:109700004AFA06FA08EE102A5E1E4FF6FF72103B68
:109710005FFA8AFA2E440292059318EE101A2A462E
:109720004046B84700287DD133780AEA03033370F6
:10973000049B102B40D0BDF8043022461946284621
:1097400000F0ACFE022852D0029B013B0293E4D110
:109750003E4B03990193284601F070FC019B18468B
:1097600007B0BDEC028BBDE8F08F99B22A461C46CB
:10977000B84703460028ECD1611E70076A5C42F0CE
:1097800080025CD16A540023184607B0BDEC028BFE
:10979000BDE8F08F039B00F10709A3EBD90105EBAE
:1097A000D90001F04BFC4FEAD903B9F1870F0193BF
:1097B00088BF102304939CE7059B05EB030904EB8A
:1097C000030B07E0002BB6D0B84758BB33780AEA42
:1097D00003033370102319465A46484600F05EFED4
:1097E0000346022B4A464FF010014046EAD1019B46
:1097F000002BC8D0013DE918012315F8012F1344AF
:109800008D422B704FEA2323F7D1019B013C234467
:10981000022214F8011F0A449C4222704FEA2222BD
:10982000F7D1B0E7034694E7094B92E7094B184696
:1098300007B0BDEC028BBDE8F08F074B8FE7764297
:1098400006F0070632416A5489E700BF010CF000B8
:10985000320CF000250CF000140CF0002DE9F04360
:109860008FB0884607A91746044601F0A5FA0546B9
:1098700000284ED1D4F8D050042D01D0082D4ED15F
:10988000D4F8C4300C2B62D8B8F1000F45D02E1D8F
:10989000760106AA04ABCDE90032029707A905AB11
:1098A00000222046059600F0DFFD00283CD1069BF3
:1098B0000498D4F8C42023F00303083304F1840986
:1098C00018449200494601F0B3FBD4F8C400069A4C
:1098D00004992B1D9E0002EB800200964B46204609
:1098E0000692FFF7C1FD054650B9B8F1010F33D01C
:1098F0000346224649462046FFF77AFDB0B10546A9
:109900002046E42101F09AFB38464FF4BF5101F0A4
:1099100095FB28460FB0BDE8F0836E01B9E71B4DFB
:1099200028460FB0BDE8F083194DE9E7D4F8D430EC
:10993000012243F00103C4F8D430C4F8CC20002342
:109940004846C4F8C430402101F078FBDCE7114DF3
:1099500028460FB0BDE8F0833146204601F06EFB8B
:109960002B46224649462046FFF742FD0028C6D135
:10997000D4F8D430084AC4F8CC8023F4803343F0C0
:109980000103C4F8D430C4F8DC20D8E7210CF0007F
:10999000260CF000040CF000CDAB23012DE9F04FB4
:1099A0009DB0002800F03B811646002A00F03D8162
:1099B0000D4621B98B4658461DB0BDE8F08FB14F1A
:1099C00004464FF0FF31386801F058FB002840F0A2
:1099D0001981AD4BD4F8DC209A4216D0DFF8B8B22A
:1099E0002946304601F02AFBD4F8C430002B40F061
:1099F0000D81386801F05CFB0028DCD0A34801F041
:109A0000EBFA58461DB0BDE8F08FD4F8D430DA0731
:109A100040F10E81D4F8CC30113300F20F81D4F82C
:109A2000D080B8F1040F05D0B8F1080F02D0DFF8EC
:109A30006CB2D5E7D4F8C4200C2A00F2FC8004F103
:109A40004003029304F1840A002A00F0FD80920092
:109A5000514604F1480001F0EBFAD4F8C420029911
:109A600008F104039B000093920053462046FFF741
:109A7000FBFC83460028B3D10346224651462046CC
:109A8000FFF7B6FC83460028AAD104EB880901221F
:109A9000D9F80C301BBA9B181BBAC9F80C304FEA26
:109AA000880B16D3D9F808301BBA9B181BBAC9F813
:109AB00008300ED3D9F804301BBA9B181BBAC9F86A
:109AC000043006D354F828301BBA13441BBA44F8A8
:109AD0002830002309A81946032200F0F9FD0028C8
:109AE00040F0AF800146082307AA09A8CDE9074B3B
:109AF00000F02EFE002840F0A480494609A800F09E
:109B00004BFE002840F09D80614AD4F8D4301A42C0
:109B100000F0A2802B0915F00F0B049300F0998040
:109B200001330493CDF80CB05B469D420DD0EA1A88
:109B300011463046059201F081FA059A33463146C6
:109B400009A800F041FE00287BD104F1300B10225F
:109B50000298594601F06CFA5846102101F06EFA4D
:109B6000102306A90191CDF800B009A85A4619465C
:109B7000069300F067FE002863D1039AA81A3044C8
:109B8000594601F055FAD4F8D430DB0509D45A46C9
:109B90000298049B314600F0CBF9834600287FF4FD
:109BA0001FAFD9F80C30049A1BBAD3181BBAC9F8E6
:109BB0000C3017D3D9F8083001221BBA9B181BBAF6
:109BC000C9F808300ED3D9F804301BBA9B181BBA59
:109BD000C9F8043006D354F828301BBA13441BBA12
:109BE00044F828305146012322462046FFF700FC66
:109BF000834600287FF4F4AED4F8CC300133C4F8A7
:109C0000CC30F1E6234801F0E7F9E2E60023C4F89E
:109C1000C43004F18400402101F010FAE9E6DFF8D5
:109C200080B058461DB0BDE8F08FDFF878B0C2E6CE
:109C3000DFF874B0D4E6DFF874B0D1E6DFF870B0C6
:109C4000CEE6DFF870B0CBE65046402101F0F6F9E1
:109C50001BE71023039368E704F130031846102133
:109C6000039301F0EBF9039B1022194609A800F0B9
:109C7000ABFD0028E5D1D4F8D43043F48033C4F8E8
:109C8000D43047E7F4930120CDAB230104920700C1
:109C900000010100EC9107000E0CF000210CF00017
:109CA000270CF000000CF000080CF000040CF00091
:109CB000070CF000360CF00070B5002849D00D46B6
:109CC000002943D0244E04464FF0FF31306801F0A4
:109CD000D5F990BB002001F021FA50BB20462A465E
:109CE0000121FFF7BBFD0446012001F017FAB8B9C6
:109CF000306801F0DDF950B9012001F00FFA08B920
:109D0000204670BD154801F067F9204670BD144823
:109D100001F062F9012001F001FA0028F0D0F1E72A
:109D20000E4801F059F9306801F0C2F90028E3D07B
:109D3000EDE70C4801F050F9D0E70B4801F04CF981
:109D4000002001F0EBF90028C8D0F2E7074C2046CC
:109D500070BD074C204670BDF09301203C92070077
:109D6000049207001C920700EC910700200CF00001
:109D7000250CF00000284CD0F0B50D4689B0002924
:109D800038D00446E42101F059F901A9204601F038
:109D900013F810B1204809B0F0BD204F4FF0FF314B
:109DA000386801F06BF980BB002001F0B7F940BBC7
:109DB00001A92A46204600F063FB0646012001F077
:109DC000ADF9D0B9386801F073F978B9002EE1D156
:109DD0002046E42101F032F929462046FFF76CFFC6
:109DE0000F4B002818BF184609B0F0BD0D4801F010
:109DF000F3F8EBE70C4809B0F0BD0C4801F0ECF8C3
:109E0000E0E70B4801F0E8F8D2E70A4801F0E4F88F
:109E1000CAE70948704700BF110CF000F093012019
:109E2000120CF00004920700200CF0003C92070096
:109E30001C920700EC910700250CF00030B4029D45
:109E40004DB1064D941EAC4202D830BCFFF724BC85
:109E5000034830BC7047034830BC7047FDFF070023
:109E6000310CF000300CF00038B504464FF480603F
:109E700001F040F9054D06480649074A00232B60CA
:109E800003600B682360136038BD00BFC8B1025087
:109E90002CB1025004B1025008B102500138072819
:109EA00005D8DFE800F00A0E04120404040609488D
:109EB00070478B698B6000207047CB688B600020F7
:109EC00070470B698B60002070474B698B600020E6
:109ED000704700BF310CF1000B6802E0082B0B60EB
:109EE00006D8426813424FEA4303F7D00020704778
:109EF00000487047310CF100084B094A00211960F5
:109F00001368002BFCD107480749084A03604FF447
:109F100080604FF0FF330860136070472CB102502F
:109F200010B90250C4B1025008BA025008B1025030
:109F3000012BF8B516461CD010221D460C4601F028
:109F40005FF8E0B1AF1E314604EB0710102201F0BC
:109F500057F8A0B1022D0ADD002520461034214615
:109F6000102201F04DF8013548B1BD42F5D1002075
:109F7000F8BD1146102201F043F80028F7D101483E
:109F8000F8BD00BF020CF000002877D0F8B50C46F1
:109F9000002971D01D46002B6ED0064622B1012249
:109FA00000232A60C0F8D8302B68002B62D02946E5
:109FB0002046FFF791FF00285BD128682146FFF774
:109FC0006DFF002855D1364B3649374A01271F60AF
:109FD0009C460F60CCF80070A368136011688B4238
:109FE000F8D1324F3249334A334B4FF0000CC7F8A7
:109FF00000C004270F600A2111606FF03A021A6056
:10A00000079B012B4FF080533AD0D3F8002C01323C
:10A0100043D0D3F8002C294BA3FB02321209A368CA
:10A02000274C2849284F03FB02F303EB4303DB03D0
:10A030009B092360254B2C680C601A60069A244CFF
:10A040003A604FF48062226001224FF0FF3441F801
:10A05000C44C43F80C2CD6F8D8302A6823F07F4340
:10A0600043EA0263C6F8D8302A6843EA0223C6F8F6
:10A07000D830F8BD1748F8BD1748F8BD16487047E6
:10A08000D3F80C2C013206D0D3F80C2C0B4BA3FBCD
:10A090000232FA40C3E71622C1E70622BFE700BF3B
:10A0A000C4B1025040B1025030B102502CB1025044
:10A0B0000CB1025038B1025000B10250ABAAAAAAAA
:10A0C000D8B10250CCB10250D0B10250D4B102503C
:10A0D00008BA0250310CF100350CF100F0B4C9009F
:10A0E000002401F1FF3C2646274606E09F4216D099
:10A0F0000126654519D82C461F46630904F01F0147
:10A1000050F823301F2923FA01F304F1010518BF89
:10A1100003F00103002CE9D101263546EBE70136B7
:10A120009642E6D10248F0BC70470020F0BC704770
:10A13000360CF100002861D02DE9F0414C1EB4F539
:10A14000047F27D233B32AB3CD00012B05F1FF3EA4
:10A1500030D000218C460F460E4603F1FF384C09E3
:10A1600001F01F0550F824401F2D24FA05F418BFF4
:10A1700004F0010421B90126B44631462746EEE732
:10A18000B34213D0A74201D10CF1010C464504D1D2
:10A19000624502D21A48BDE8F0813C4601318E4545
:10A1A00006F10106EAD20020BDE8F08100264FF05A
:10A1B000010CF3E70026B44637463446610904F043
:10A1C0001F0350F821101F2B21FA03F118BF01F0D3
:10A1D00001013CB15FB98C4501D0614608E0013610
:10A1E000614605E0012634468C460127E6E73E46F7
:10A1F000B242CFD30134AC42F6D1D4E70048704725
:10A20000370CF1002DE9F04F89B01D46149BDDF8A5
:10A210004CA004460E4617464BB94FF08053D3F876
:10A22000002C013200F0A980D3F800BC08E04FF008
:10A230008053D3F80C2C013200F0A280D3F80CBC70
:10A240007C480AF5C1622A60129A00234FF0FF3160
:10A25000136000F013FF002840F08680764A774BA9
:10A26000774910600432196013680693069BD9077A
:10A27000FAD5714A714B002111601B6807930432B3
:10A2800013680793079BDB07FAD56C4B6D4A1B6875
:10A290000793DDF81C9013680793079BD807FAD53E
:10A2A000644800F005FF00285AD1654B994540F0FD
:10A2B000B680D4F8D43013F400790ED1D90512D574
:10A2C0002B68129A1B6813603BB1D4F8D4309B05FD
:10A2D0005BD5484609B0BDE8F08FDFF87C91484671
:10A2E00009B0BDE8F08F002F00F08780564A574B29
:10A2F0001168B2681B689A4245D10A2943D194F883
:10A30000DB3005930AF5C26A042500274FF0805818
:10A3100004A8FFF7A9FD0498820602D510F01A00E0
:10A3200039D0D4F8D810059A0B0A03F47F030B43F5
:10A3300023F07F43082AC4F8D83077D0149B4FEA23
:10A34000420CCDE90073002205AB31462046CDF822
:10A3500014C0FFF719FE00285FD1013DD8D1B4E742
:10A360003B4800F039FEA0E73A48DFF8F09000F0F3
:10A3700033FE484609B0BDE8F08F4FF0900B5FE721
:10A380004FF4047B5CE7DFF8D890FFF7B5FD484653
:10A3900009B0BDE8F08F129B5246C3F800B0594691
:10A3A00000F03CFD002838D1D8F8043C129A013363
:10A3B00018BFD8F8043C116808BF51230293D8F89D
:10A3C000083C01332ED0D8F8083C03934B1EB3F55C
:10A3D000047F0FD2029A02915046FFF77FFE48B9E0
:10A3E0000299039A4FF480635046FFF7A3FE0028BA
:10A3F0003FF46BAF129B1F6093E723F00F03C4F889
:10A40000D430149B0122CDE90093314605AB2046A0
:10A41000FFF7BAFD00283FF475AF814655E7DFF836
:10A420003C9056E740F237330393CFE7DFF83490A0
:10A430004BE700BF0894012004BF025000BF025048
:10A4400012FA12FA08BF025038B1025030B102506D
:10A4500004920700EC910700330CF000350CF0007B
:10A46000300CF100320CF10030B4DDE90234049D0F
:10A4700002940024CDE9035430BCFFF7C3BE00BFF3
:10A4800010B586B005AB0124CDE90124009300226C
:10A4900004ABFFF7B7FE06B010BD00BFF0B4441820
:10A4A00031B114F8015D4E1E15B931460029F8D1BD
:10A4B000D41833B114F8015D5E1E45B93346002B44
:10A4C000F8D10D1E18BF01252846F0BC70478B42FD
:10A4D00022D325D84C1EA64228BF2646002E23DBB9
:10A4E000013694190025821904E0012D38BF012599
:10A4F00090420BD012F8016D14F8017DB742F4D3ED
:10A50000F6D9002D08BF02259042F3D18B4218BF27
:10A5100000252846F0BC704701252846F0BC70474E
:10A5200002252846F0BC70470025EFE79942F0B5B8
:10A530000DD801EB03044FEA540467D3002C7DD0FF
:10A540004FF0000C171F2146051F624632E003F151
:10A55000804C0CF1FF3C051F002600EB8C0C05EB3A
:10A56000810E34465CF8047FE64546EA0706F9D1D9
:10A5700016F1FF3744F1FF3C6FEA0C0C99420CF0E6
:10A58000010C3ED201F1804E0EF1FF3E171F02EB8F
:10A590008E0507EB830355F8042FAB4246EA02060B
:10A5A000F9D116F1FF3644F1FF32D24302F0010235
:10A5B00091B3051F002305EB810E28463C46194642
:10A5C00050F8046F54F8045FAE4218BF002103F046
:10A5D000010318BF002388BF41F0010138BF43F0D9
:10A5E00001038645ECD1A9B182F00100BCF1000F56
:10A5F00000D108408CF0010402B91C4000EB44007B
:10A60000F0BDC3B1171F19460022D3E70026344618
:10A61000B446B7E7002BE7D1BCF1000F03D132B14C
:10A6200060461446EAE782F001000023E2E71046A4
:10A6300013461446E1E760461C46DEE72046234603
:10A64000DBE700BF4218084630B112F8013D411E59
:10A650001BB908460028F8D170471A064FEAC00017
:10A6600018D4590600F1FF3215D49906A0F1020260
:10A6700011D4D906A0F103020DD41907A0F10402E8
:10A6800009D45907A0F1050205D49B07A0F10602E1
:10A6900001D4073870471046704700BFA1B100EBE6
:10A6A000810001E001390FD050F8043D002BF9D0B2
:10A6B0004801A0F1200202E00138904206D0002BB0
:10A6C0004FEA4303F8DA704708467047704700BF07
:10A6D00078B3032A70B50E461546044601D9052AFB
:10A6E0001CD1012E18D8ABB9022D19D0052D17D0C9
:10A6F0004C21204600F0A2FC052D88BF4FF0FF3210
:10A7000013D900200123C4E90826C4E90B00C4E9D9
:10A710000D3370BD094870BD094870BD094870BD52
:10A7200056B94C21204600F089FC074B53F82520F0
:10A73000E7E74FF470007047044870BD0E00F0006A
:10A740000600F0000200F000CC9207001200F000BA
:10A75000C8B110B50C4682B18CB9082B0DD1536825
:10A76000102B0ED1136843B101238362D2E900128A
:10A77000103000F05DFC204610BD044810BD0448B8
:10A7800010BD044810BD4FF4700070470400F00085
:10A790000500F0000300F00070B108B5036A013B4A
:10A7A000022B05D831B1102200F042FC002008BD78
:10A7B000034808BD034808BD4FF47000704700BF50
:10A7C0000200F0000100F00038B349B31AB338B505
:10A7D00012F00F051BD1046A24F00404032C01D0ED
:10A7E00003B31D4613462A4601F022FE58B1A0F5D8
:10A7F0007100052818D8052816D8DFE800F00503F1
:10A800000A0303080A4838BD4FF4700038BD0948F0
:10A8100038BD094838BD074870474FF4700070478D
:10A8200006487047064838BD4FF4750038BD00BF74
:10A830000200F0000A00F0000600F0000800F0003E
:10A840000900F000F8B5079F48B30E460546002AF8
:10A8500035D0994239D8002F41D02B6A23F004011A
:10A86000032906991FD0002932D03968B14233D369
:10A87000300703D0012B1CD8EB6A23B311463346B3
:10A88000069A284601F0E0FE044660B3A0F5710484
:10A89000052C37D8DFE804F00310251010174FF40B
:10A8A00070042046F8BDA9B139680F2914D93107C1
:10A8B000E4D0032BE2D1DFE7144C2046F8BD002999
:10A8C000C9D0134CEDE7134CEBE7134C2046F8BD11
:10A8D000002ED3D0114CE4E7114C2046F8BD114CAA
:10A8E000DFE7114CDDE72B6A23F00403032B01D0D3
:10A8F0003E60D6E706982946102200F099FB102307
:10A900003B60CEE74FF47504CBE700BF0200F000D8
:10A910000800F0000A00F0000C00F0000900F00050
:10A920000D00F0001100F0000600F0002DE9F84FD6
:10A930001E460A9B002B6AD00D4600296FD00446A4
:10A9400000287DD0022E5ED816B10B9B002B79D04B
:10A95000D4F8B872B7F5107F4CD8D4F8BC127B1C71
:10A96000994247D895F80090B9F1070F53D8B9F13B
:10A97000050F50D009F006030737022B4FEAD7071F
:10A980003CD07B00013393423BD10A9807F1030B83
:10A990004FF45D7100F1040A2BF0030800F04EFB48
:10A9A000414650463B466A1C00F002FC002838D164
:10A9B0004FEA9B0B5B46594622465046FFF7B6FDD1
:10A9C000022855D119F0040F3ED10A9B214603F10C
:10A9D00094004FF4377200F02BFB4946504600F0CC
:10A9E0006DFC0446002845D1022E45D00A9A264B1C
:10A9F00013601CE0254C2046BDE8F88F7B1C934279
:10AA0000C3D0234CF7E7234C2046BDE8F88F224CF7
:10AA10002046BDE8F88F214C2046BDE8F88F204C39
:10AA2000E9E7204C0A984FF45D7100F007FB0B9B9F
:10AA3000002BE0D04FF46371184600F0FFFADAE71C
:10AA4000194CD8E7194CD6E70A9B7A1C4C3341467F
:10AA5000184698462A443B4600F0AAFB0028E0D15D
:10AA600040465B4659462246FFF760FD0228ACD0BF
:10AA70000C4CC0E70E4CD5E70B99504600F0FCFC9F
:10AA80000028B3D00446CDE7010000EC9508F000A3
:10AA90000F08F0001108F0000E08F0000708F000A1
:10AAA0000D08F0001008F0000208F0001208F00095
:10AAB0003008F0002DE9F04383B0019300283DD029
:10AAC0001646002A67D002681F46354B9A42044654
:10AAD0001BD18FB3052914D0072912D8D0F84C33D5
:10AAE000C56C21F0020203F10709042A03F11F03D8
:10AAF0004FEAD9094FEA531305F0010522D0022984
:10AB000007D0284803B0BDE8F083274803B0BDE86C
:10AB1000F0833A6809F1010842453ED3304645F0DA
:10AB2000020500F8015B9B00221D494600F096FBE0
:10AB300048BBC7F80080E5E71C48E3E71C4803B0C2
:10AB4000BDE8F0833A684FEA490808F10108424538
:10AB500023D3042930460CBF0D4645F006059B0063
:10AB600000F8015B221D4946019300F077FB50B9C4
:10AB700009F10100019B04F14C023044494600F008
:10AB80006DFB0028D5D03046396800F057FA002315
:10AB900008483B60B6E70848B4E70848B2E700BF9A
:10ABA000010000EC1508F0001A08F0001708F0008A
:10ABB0001408F0001B08F0001608F0001808F00058
:10ABC0002DE9F04782B0DDE90A98002A5CD01D46E5
:10ABD000002B5ED0B9F1000F5DD0B8F1000F5CD052
:10ABE000074600285BD08A46002948D014461846FC
:10ABF0004FF44C7100F022FA4FF45D71484600F0BA
:10AC00001DFAD4F8BC621F367609B200013E04F189
:10AC1000D801404605EB860600F00AFA002373606F
:10AC20002B1DD4F8BC220093514638464346FFF70B
:10AC300005F90646C8B128464FF44C7100F0FEF9FC
:10AC400048464FF45D7100F0F9F90C9B23B140F6D2
:10AC50006811184600F0F2F940464FF4537100F0C5
:10AC6000EDF9304602B0BDE8F087204643464A463B
:10AC7000294602F06DFE06460028E6D0DBE7094EC5
:10AC8000304602B0BDE8F087074E304602B0BDE85E
:10AC9000F087064EE5E7064EE3E7064EE1E7064E8F
:10ACA000DFE700BF9008F0000208F0000308F000A2
:10ACB0000408F0000508F0009108F0002DE9F041CB
:10ACC000002940D016461F460A682B4B9A420C4674
:10ACD00031D1054600283AD00268013B9A422ED174
:10ACE000002E45D0002F45D0069BB3B300F1940150
:10ACF0004FF4377204F1500000F082F90435211D41
:10AD000068BBD4F808333A680733B2EBD30F4FEA85
:10AD1000D3081ED3069B2846324600F0DDFB0446CE
:10AD2000F8B9C7F8008006984FF4537100F086F91F
:10AD30002046BDE8F081114C2046BDE8F081104C62
:10AD40002046BDE8F0810F4C2046BDE8F0810E4C56
:10AD5000F2E70E4CC7F80080EEE70D4CECE70D4C27
:10AD6000EAE73968304600F069F900233B60DAE72A
:10AD7000094CE1E7094CDFE7020000EC3408F00081
:10AD80003208F0003308F0003108F0003808F00015
:10AD90003708F0003A08F0003508F0003608F000F7
:10ADA0000B2804D8034B53F8203003B11847002078
:10ADB000704700BF4094070030B5042285B00123DE
:10ADC000C0F8D0200B6068460023CDE90033CDE900
:10ADD00002330C4600F04EF80546C8B9DDE90030F4
:10ADE000DDE90212E360003BC4E9040118BF01235E
:10ADF000A26108B143F0020309B143F004030AB1B0
:10AE000043F00803002228466360A26005B030BD0D
:10AE1000014800F0E1F8E1E7E492070030B585B0C1
:10AE200004460D46104803924FF0FF3100F026F91A
:10AE3000039A68B9204600950123002101F0E6FF3E
:10AE40000446094800F034F938B9204605B030BD51
:10AE5000064800F0C1F8039AECE7054800F0BCF89A
:10AE6000204605B030BD00BF08940120EC910700DA
:10AE70000492070000234FF4FA714FF47A72C0E98C
:10AE800000228160C3601846704700BF10B500F013
:10AE900031F8A0B900F01EF920B1032400F070F8D9
:10AEA000204610BD00F03AF9034680B90D4A1268F9
:10AEB000120EF02A06D0052400F00EF9EEE7042465
:10AEC000204610BD0849094A0968914201D006246C
:10AED000F2E7074A0120136000F020F90446002839
:10AEE000DED0E8E728B9025024BA02500000E02082
:10AEF0000CBA025008B5184800F0A4F898B91748E1
:10AF000000F0A0F8B8B9164800F09CF8D8B9154B75
:10AF1000124A15481A6000F095F8C0B9134B124A4E
:10AF20001A60002008BD124800F056F80B4800F0E7
:10AF300089F80028E7D00F4800F04EF8084800F0E4
:10AF400081F80028E3D00C4800F046F8DFE70B4812
:10AF500000F042F8E2E700BF08940120FC930120D2
:10AF600000940120F093012004940120F493012027
:10AF700014930700309307004C9307006C9307006D
:10AF800008B500F03BF80F4800F06AF804210D48BE
:10AF900000F054F80C4800F063F80B48042100F06E
:10AFA0004DF80A4800F05CF840B9094800F058F83C
:10AFB000BDE808400648042100F040B8054800F00C
:10AFC0000BF8F2E708940120FC9301200094012083
:10AFD000049401204C930700BFF34F8F0549064BA3
:10AFE000CA6802F4E0621343CB60BFF34F8F00BF27
:10AFF000FDE700BF00ED00E00400FA05704700BF68
:10B00000A2B1013A30B401398518421E002012F86D
:10B01000013F11F8014F954283EA040340EA03001F
:10B02000F5D1003818BF012030BC7047104670477A
:10B0300005F06CBD05F078BD05F090BD0A46002115
:10B0400005F08CBD10B5044610B10020206010BD85
:10B050000248FFF7C1FF0020206010BD8C9307005D
:10B0600010B5044610B10020206010BD0248FFF763
:10B07000B3FF0020206010BD8C93070010B504467C
:10B0800080B10123BFF35B8F54E8002F44E8003107
:10B090000029F9D1BFF35B8F012AF3D0BFF35F8F93
:10B0A000002010BD0148FFF797FFEAE7B0930700C3
:10B0B00010B5044620B1BFF35F8F0020206010BDA3
:10B0C0000348FFF789FFBFF35F8F0020206010BDAA
:10B0D000D09307000020704700207047014B186094
:10B0E000704700BF08BA0250014B1860704700BF9C
:10B0F00004BA025010B5044630B1054B186804423A
:10B10000FCD0044B1C6010BD0348FFF765FFF4E75B
:10B1100000BA025008BA0250F093070010B54FF081
:10B12000FF3104461748FFF7A9FFE8B9164A54B1A2
:10B130001368A3B1012B18D0013B1360BDE8104088
:10B140001048FFF7B5BF106838B9104B10490124FB
:10B15000C3F800450B68002BFCD101301060BDE83E
:10B1600010400848FFF7A4BF10BD09490B68002B29
:10B17000FCD106480749C0F800356FF07E430B60EC
:10B180001368D9E7009401205C91012000A00250CF
:10B1900010B9025004BA02503AB10A44013812F808
:10B1A000013D00F8013F8A42F9D10020704700BFFD
:10B1B000002A48D02DE9F0410446002845D0154624
:10B1C0005A1E053234D811F0030631D18B422FD8E4
:10B1D000CF1C27F003028A4232D8A2EB0308404476
:10B1E0001A462946FFF726FF414620464FEA9708B0
:10B1F000FFF724FFB8F1010F1DD0FF0804EB870013
:10B200000438231F04EB880553F8042F55F8041D58
:10B2100012BA09BA834219602A60F5D118F0010008
:10B2200007D054F827301BBA44F82730002000E03C
:10B230000748BDE8F08123681BBA30462360F8E771
:10B240000448BDE8F081044870470348F1E700BFB7
:10B25000050DF000090DF000040DF00030B40AB344
:10B2600000B3DBB113F0030518D18B4216D3A9B19B
:10B27000904208D002D91344984217D3904202D288
:10B2800043189A4212D91144431E11F8014D03F894
:10B29000014F8A42F9D1284630BC7047044D2846F8
:10B2A00030BC7047034D284630BC7047024DF6E76E
:10B2B000050DF000040DF000060DF000F0B5044699
:10B2C000D0F848038DB000F11F062023B6F5187F93
:10B2D00000937ED20F46694601F0F0FB054610B19F
:10B2E00028460DB0F0BD7609334604F190020121E5
:10B2F00001F024FD01210846052304F5127201F036
:10B300001DFD334622460121022001F017FD334680
:10B3100004F1D8020121042001F010FD04F590721F
:10B3200033460121052001F009FD424A13680193CB
:10B33000019BDB07FAD5404B40493E4A1960136830
:10B340000293029BD807FAD53B4B3D49394A196015
:10B3500013680393039BD907FAD5374B3949354A0C
:10B36000196013680493049BDB07FAD5324B364A05
:10B370001A6007F00603022B2FD004F1480233466F
:10B380000121032001F0DAFC2A4A13680593059B8A
:10B39000DC07FAD5284B2D49264A19601368069315
:10B3A000069BD807FAD5244B29492A4A1960136805
:10B3B0000793079BD907FAD5274A284B126812F43E
:10B3C000805F08BF1D46009801F062FC28460DB062
:10B3D000F0BD234D28460DB0F0BD01F069FE0028F8
:10B3E00026D01C4A13680893089BDB07FAD51D4B2F
:10B3F000184A196813680A930A9BD807FAD51A4A9B
:10B400001A4B11601B680993099B5F40F90708D527
:10B41000343A13680B930B9BDB07FAD5064B144A9F
:10B420001A60314604F14800032201F05BFCCAE7D0
:10B43000104DC8E7B0B0025080B00250802108889B
:10B4400080411831806108880051183180310C88A2
:10B4500000681051B4B0025088B002501008F000DB
:10B460000F08F0000CB00250E4B00250DCB0025003
:10B47000C03000294021F00070B5D0E9D2421F341D
:10B4800084B0640900F148030D4601EB84061F32C5
:10B4900001EBC4010391009300F5B4710346CDE9BB
:10B4A00001565209903000F0D3FE70B93046214663
:10B4B000FFF7F4F830B921462846FFF7EFF808B94E
:10B4C00004B070BD024804B070BD024804B070BD45
:10B4D0001008F0003008F0002DE9F043D0E9D24523
:10B4E0001F3485B0640903EBC40E1E4603EB8407CA
:10B4F0001F3500F148030093CDE9027E0346019613
:10B50000904690306A0900F0A3FE054640B13046EF
:10B510004FF45371FFF792FD284605B0BDE8F08364
:10B5200038462146FFF7BAF860B121463046FFF7AA
:10B53000B5F838B14FEA84094A4640463146FFF72C
:10B540002BFEE4E7004DE2E72008F1002DE9F04F83
:10B5500097B0DDE920744FEA043E4EEA844E4EEA8D
:10B5600083149D4D44F0045C9C012E680096009E5F
:10B57000F607FAD5229DDFF86482974EC8F800C01E
:10B58000920142EA834242EA053545F010454FEA0E
:10B59000834832680192019AD207FAD58F4ADFF8C0
:10B5A00038C215604EEA811E4EF0104E8E01DCF856
:10B5B00000200292029AD507F9D53D0345EA874556
:10B5C000864A854FC2F800E044EA050949F004596B
:10B5D0003A680392039AD207FAD5804ADFF8F8E175
:10B5E000C2F8009044EA033C48EA0C0747F00457CD
:10B5F0004FEA033ADEF800200492049AD207F9D504
:10B60000764ADFF8D4E117604CEA814949F01049E5
:10B610008F04DEF800200592059AD207F9D56F4A0B
:10B62000DFF8B4E1C2F8009045F0104545F48075AC
:10B63000DEF800200692069AD207F9D5DFF89CE1E1
:10B64000674ADFF89491CEF8005042EA80124FEA40
:10B65000801ED9F800500795079DED07F9D5DFF852
:10B660007CB1DFF884915C4DCBF8002049EA0039C9
:10B670004FEA003B2A680892089AD207FAD5574D3C
:10B68000C5F80090239A574D45EA8249524A1268FC
:10B690000992099AD507F9D5504A4F4DC2F8009042
:10B6A0004CF0245949F400192A680A920A9AD207E0
:10B6B000FAD54A4D484AC5F800904EEA030343F0D4
:10B6C000484343F4821315680B950B9DED07FAD59B
:10B6D0004EEA0B05DFF804E13F4ACEF8003045EAB8
:10B6E000080545F0045513680C930C9BDB07FAD54D
:10B6F0003A4B394A1D604CEA804040F004501368D0
:10B700000D930D9BDD07FAD5344BDFF8E0C0324ACC
:10B7100018604AEA0C0C13680E930E9BD807FAD5F2
:10B720002E4B2D4DC3F800C047EA013746EA070CFF
:10B730004CF004500A032B680F930F9BDB07FAD5DC
:10B74000264B254D18604CF0104C2B681093109B25
:10B75000DB07FAD5214B204DC3F800C02B681193AD
:10B76000119BDB07FAD51D4B1B4D1860274347F093
:10B7700004572B681293129BDB07FAD5174B164818
:10B780001F60239B44EA080444EA033444F0104455
:10B7900003681393139BDD07FAD5104B0E481C600A
:10B7A000324342F0245242F4101203681493149B63
:10B7B000DC07FAD5094B08481A600E4346F04846A4
:10B7C00046F4A21603681593159BDB07FAD5034BC5
:10B7D0001E6017B0BDE8F08FB0B0025080B00250CC
:10B7E00000401021004100210001102140012829C2
:10B7F0002DE9F04F9FB0AF4F2D9D289E2C0344EABA
:10B80000854C4CEA831C4FEA854E01944CF0104C59
:10B810009D013C680494049CE407FAD54FEA801B20
:10B82000A54F4BEA033848EA8646DFF88882C7F816
:10B8300000C046F010461F03D8F800400594059C50
:10B84000E407F9D5DFF87082DFF868C24BEA00340C
:10B850000294C8F8006044F0245848F40018DCF85A
:10B8600000400694069CE607F9D5DFF84C92914E0D
:10B87000C9F8008045EA070C4EEA0C0E4EF0104E57
:10B8800034680794079CE407FAD5299CDFF82892CE
:10B89000DFF82082C9F800E047EA811646EA8446CC
:10B8A0008C0146F010460094D8F800400894089C9B
:10B8B000E407F9D5009CDFF80082DFF8F891C8F8BA
:10B8C000006044EA013E4EF0245848F40018D9F8CC
:10B8D00000400994099CE607F9D52A9CDFF8D89125
:10B8E000744EC9F800804FEA043A4AEA844A2A9C16
:10B8F0004AEA050A4AF0104A4FEA844934680A9431
:10B900000A9CE407FAD52B9C47EA84460643039633
:10B91000694E684CC6F800A0039E46F0484A4AF0BB
:10B92000C00A26680B960B9EF607FAD5624C614E4C
:10B93000C4F800A049EA0C0A4AF0104A34680C9492
:10B940000C9CE407FAD52C9C47EA84460E430396E8
:10B95000594E584CC6F800A0039E2E4346F0484A64
:10B9600026680D960D9EF607FAD5019C44EA8216CC
:10B97000514C46EA09094F4EC4F800A049F010495D
:10B980004FEA821A34680E940E9CE407FAD54A4CAA
:10B99000484EC4F800904AEA824A4AF0104A4AF4F3
:10B9A000405A4FEA824934680F940F9CE407FAD555
:10B9B000414E404CC6F800A026681096109EF6072F
:10B9C000FAD53D4EDFF8F8A03A4CC6F800A026683C
:10B9D0001196119EF607FAD5374EDFF8E8A0354CE0
:10B9E000C6F800A026681296129EF607FAD5324EC7
:10B9F000DFF8D4A02F4CC6F800A04EF0104E4EF445
:10BA0000402E26681396139EF607FAD52A4E2B4C25
:10BA1000C6F800E044EA804E30368004346814945E
:10BA2000149CE407FAD547EA8347DFF88CA0214C41
:10BA3000CAF800E04BEA070646F0484646F003061F
:10BA40004FEA834A23681593159BDB07FAD5DFF885
:10BA500068E0184CCEF80060029B43F0045646F4B0
:10BA6000801623681693169BDB07FAD5124CDFF875
:10BA700044E02660DEF800301793179BDC07F9D509
:10BA80000D4CDFF830E0266040F0045040F4824076
:10BA9000DEF800301893189BDB07F9D5009B054CA6
:10BAA0004AEA01011943044B41F04841186041F44E
:10BAB00080410BE0B0B0025080B0025000410090D5
:10BAC00000310C90C0400C90C0302029236819939D
:10BAD000199BDE07FAD5194B1948196003681A93A8
:10BAE0001A9BDC07FAD5154B1549C3F8008049EAC3
:10BAF00002322A4342F010420B681B931B9BD8076B
:10BB0000FAD50E4B0E491A602F4347F010470B68C9
:10BB10001C931C9BDA07FAD5084B094A1F604CF0AE
:10BB2000104141F4301113681D931D9BDB07FAD5BA
:10BB3000024B19601FB0BDE8F08F00BF80B002500B
:10BB4000B0B002502DE9F04F99B0DFF870C2269CDA
:10BB5000239D270347EA844949F0104646F08006B2
:10BB600099464FEA844EDCF800300193019BDC07D4
:10BB7000F9D5914B914C1E604FEA894949EA8019E9
:10BB800049F0104646F400564FEA801A23680293A3
:10BB9000029BDB07FAD5884B884C1E604AEA003CC2
:10BBA0004CF0245646F4001623680393039BDB07EE
:10BBB000FAD5814B814C1E604EF0104646F4025679
:10BBC00023680493049BDB07FAD5229B7B4C4FEA46
:10BBD000834E4EEA811E784B4EF0104E1E604EF49E
:10BBE000005E8E0123680593059BDB07FAD5724B37
:10BBF000724CC3F800E046EA013949F0245B4BF48B
:10BC0000001B23680693069BDB07FAD54FEA053E27
:10BC1000694B6A4CC3F800B04EEA854E4EF0104EA8
:10BC20004EF0800E4FEA854823680793079BDD0797
:10BC3000FAD5249B604C40EA834545F048455F4B6C
:10BC4000C4F800E045F403551C680894089CE40718
:10BC5000FAD5594B594C1D6048F0104545F4025532
:10BC600023680993099BDB07FAD5259BDFF848E198
:10BC7000524CCEF8005041EA834343F0484545F426
:10BC8000025523680A930A9BDB07FAD547EA821715
:10BC9000494B4A4C1D6047EA080848F01047950197
:10BCA00023680B930B9BDB07FAD5434B434C1F6078
:10BCB00045EA824242F0104242F4405223680C931B
:10BCC0000C9BDD07FAD53C4B3C4C1A6023680D9366
:10BCD0000D9BDA07FAD5384B394C384A1C6013688B
:10BCE0000E930E9BDB07FAD5334B364C334A1C6060
:10BCF00013680F930F9BDF07FAD52F4B324C1C6054
:10BD00002E4A49F0104444F4402413681093109BC9
:10BD1000DD07FAD5284B2D4D284A1C6045EA8045A1
:10BD2000800413681193119BDC07FAD5224B284C31
:10BD3000224A1D604AEA040413681293129BDB072F
:10BD4000FAD51D4B1D4A1C604CF0045444F4801479
:10BD500013681393139BDF07FAD5174B174A1C6020
:10BD600013681493149BDD07FAD5134B134A1C6018
:10BD700040F0045040F4824013681593159BDC0793
:10BD8000FAD50D4B0D4A18600E4346F0484646F46E
:10BD9000042613681693169BD907FAD5064B074A53
:10BDA0001E6013681793179BDB07FAD5024BC3F885
:10BDB00000B019B0BDE8F08F80B00250B0B00250B2
:10BDC00000310C90C0400C90C03020290041009000
:10BDD000032008C82DE9F043974AABB013680993D4
:10BDE000099BDF07FAD5954B9549934A196013686B
:10BDF0000A930A9BDE07FAD5904B92498E4A196046
:10BE000013680B930B9BDD07FAD58C4B8E498A4A3E
:10BE1000196013680C930C9BDC07FAD5874B8B4990
:10BE2000854A196013680D930D9BD807FAD5834B8B
:10BE30008749814A196013680E930E9BD907FAD57A
:10BE40007E4B844A1A601B2000F030FD0446182007
:10BE500000F02CFD8442784A09D913680F930F9E95
:10BE600016F00106F9D0754B7B4A1A6009E0136899
:10BE70001093109BDB07FAD5704B784A1A60044682
:10BE800000266D4A13681193119BDF07FAD56B4B9F
:10BE90007349694A196013681293129BDD07FAD53A
:10BEA000664B704A1A601C201D2118220B238DE856
:10BEB0000F000F230E220D210C20FFF747FB01344A
:10BEC0000C200D210E220F238DE80F0024F0010419
:10BED0001323122211211020FFF738FB0125A11E88
:10BEE00008AB07AA1B20089500F02CFD022800F0E3
:10BEF0006A81032800F04081012800F016810027A4
:10BF00004D4A13681F931F9BDB07FAD54B4B5649CD
:10BF1000494A196013682093209BDD07FAD5474BE7
:10BF20005249454A196013682193219BD807FAD5D5
:10BF3000424B4F4A1A60043C39D44FF0170916257A
:10BF40004FF01A0815211420CDE900011A231622FA
:10BF5000CDE90259FFF7FAFA142003468DE82201D1
:10BF6000162201F07BFB08AB07AA21461B2000F03C
:10BF7000E9FC00EB87000430072816D8DFE800F062
:10BF8000A1A8A59D9995840412271122102315219B
:10BF90001420CDE904270393CDE90001029517236E
:10BFA0001622FFF725FC4FF0FF37023CCAD51920B7
:10BFB0001C21162215231824CDE90121CDE9030403
:10BFC00000930E2214230D210C20FFF7BBFD1A4A0B
:10BFD000002F40F0818013682693269BDC07FAD55A
:10BFE000164B2449144A196013682793279BD807D6
:10BFF000FAD51248204B2149214C0F4A0460002EEB
:10C0000014BF1E460E4613682893289BD907FAD5FD
:10C010000A4B094A1E6013682993299BDB07FAD54E
:10C02000064B184A1A6018231D221C21012001F01A
:10C0300029FC2BB0BDE8F083B0B0025080B00250B4
:10C0400000020021008220214082202180822421C0
:10C0500040066E4900966929C0066649C0066249D5
:10C06000000662410016624940D62129C0D320292A
:10C07000C0142129C05521294007564940075E496F
:10C080000007524900065A490E270D220C2315219C
:10C090001420CDE904270393CDE90001029517236D
:10C0A0001622FFF7A5FB00277FE718271D221C2378
:10C0B000EDE718271D221C2369E7182719221C23E6
:10C0C000E5E7122713221023E1E70E270F22DDE711
:10C0D0000E270F220C235AE713682293229BD907BD
:10C0E000FAD54C4B4C494D4A196013682393239B56
:10C0F000DB07FAD547484A4B4A494B4C474A04604C
:10C10000002E14BF1E460E4613682493249BDF079F
:10C11000FAD5404B414A1E6013682593259BDD07E5
:10C12000FAD53C4B414A1A607DE73C4A13681393A9
:10C13000139BD807FAD5374B3D49384A1960136825
:10C140001493149BD907FAD5324B3A49334A1960F4
:10C1500013681593159BDB07FAD52E4B36492F4AEA
:10C16000196013681693169BDF07FAD5294B334ADB
:10C170001A604FF0FF37C3E6284A13681B931B9BD6
:10C18000DF07FAD5234B2E49244A196013681C9304
:10C190001C9BDD07FAD51F4B2A49204A19601368FA
:10C1A0001D931D9BD807FAD51A4B27491B4A1960C6
:10C1B00013681E931E9BD907FAD5164B234A1A60A3
:10C1C0004FF0FF379CE6154A13681793179BDD075E
:10C1D000FAD5104B1649114A196013681893189B29
:10C1E000D807FAD50B4B13490C4A196013681993F9
:10C1F000199BD907FAD5074B0F49084A19601368EC
:10C200001A931A9BDB07FAD5024B0C4A1A600027D7
:10C2100076E600BF80B00250C0D32029B0B00250F3
:10C220004007364940073E490007324900063A496F
:10C23000000532494005364980053A49C0053E4966
:10C24000000542494005464980054A49C0054E4916
:10C250002DE9F04F0D4687B004461146284600925E
:10C260009846FEF71BFAD4F8BC32009904F1D80ABC
:10C270001F3306465B0952462846FEF757F9002E43
:10C2800070D001286ED0D4E9AEB0394B584593F93F
:10C290001A2093F91CC000924FF0200793F91B203D
:10C2A00093F91D30059738BF584605A90192CDF87E
:10C2B00008C0039300F002FC074618B1384607B0E7
:10C2C000BDE8F08F2B490BF11F094FEA59194B4676
:10C2D000C1F800B02246012100F030FD01210846DE
:10C2E00004F5DC72052300F029FD4B4604F14802F9
:10C2F00001210B2000F022FDD4F8BC329DF808404B
:10C300009DF800001F3352465B099DF80CA00121E7
:10C3100000F014FD42464B462046012100F00EFD80
:10C32000109A4B465046012100F008FD06F11F030C
:10C330005B099DF804002A46012100F0FFFCFFF78D
:10C3400049FD11982246494600F0CCFC129852460D
:10C35000494600F0C7FC059800F09AFC384607B043
:10C36000BDE8F08F044F384607B0BDE8F08F00BF3E
:10C370002094070090B002503008F10038B5224BED
:10C38000224A0121054619601368002BFCD1204A7E
:10C390001368002BFCD11F4A1368002BFCD11E4AE6
:10C3A0001368002BFCD11D4B1C68002CFCD14FF0F6
:10C3B000FF30FEF793FE2B6A23F00403032B184B88
:10C3C00018680CBF20F0400020F08000FEF78CFEC3
:10C3D000144B00221A602B6A23F00402032A18BFB0
:10C3E0006C6A114A4FEA830318BF04F0010403F09A
:10C3F0001C031C4314602B6A072B02D10B4B012238
:10C400001A60002038BD00BF00B9025070B402505D
:10C4100020BD025020BC025038BD025038BC025032
:10C4200004BA0250BCB40250C0B402507CB40250F2
:10C43000002800F0BF80F8B51D46436B0E46174636
:10C440000446002B35D0012B02D1B5F5803F33D205
:10C4500065484FF0FF31FEF711FE002857D100204C
:10C46000FEF75CFE00284ED1604B01221A60236A61
:10C47000032B28DC002B28DA5D4A1368002BFCD143
:10C480005A4A1360236A23F00403032B594B18689C
:10C490000CBF40F0400040F08000FEF725FE012078
:10C4A000FEF73CFE002836D14F48FEF701FE28B9C2
:10C4B000F8BDB5F5805FCBD34F48F8BD4F48FEF7C8
:10C4C0008BFD0020F8BD072BD6D1636A012BD3D892
:10C4D000636B012BD0D8A36B012BCDD82046FFF77F
:10C4E0004DFF0028C8D1A36A012B6CD033F00202A3
:10C4F00063D0236A5A1E062A1BD8DFE802F0104BCD
:10C50000101A1A1A10003E48FEF766FDACE73D48C7
:10C51000FEF762FDA3E73C48FEF75EFDC4E73B4B38
:10C5200022681A6062685A60A2689A60E268DA60FB
:10C53000236A23F00403032B31D0A36B012B4CD0CF
:10C54000334A344B176020201D60636B012B2CD0C5
:10C55000314A324B16601D60FEF7CCFD244A136849
:10C56000002BFCD1236A013B062B10D8DFE803F037
:10C570000414040F0F0F0400244A294B1268226090
:10C580001A6862605A68A26008331B68E36001237E
:10C59000236371E7234BC3E7224A234BEEE7636B28
:10C5A000012B01D01020D3E74020204A204B1660F9
:10C5B0001D60D1E74FF4710070471E491E4A0B60A1
:10C5C0000123136095E71D4B22691A6062695A6066
:10C5D000A2699A60E269DA608BE7194A194B176021
:10C5E00080201D60B1E700BF0894012010B8025000
:10C5F00010B9025004BA02500500F100049207007D
:10C600001C920700EC9107003C92070040B40250D6
:10C6100030BD025034BD025030BC025034BC025018
:10C6200044B4025060B4025064B4025028BC0250BA
:10C630002CBC025038BA025078B4025000B40250F8
:10C6400028BD02502CBD02502DE9F041002800F019
:10C6500081801D46036A072B0F46044616D055B944
:10C66000032B0FD1036B6BB9C0E90F55C0E911550E
:10C6700000F13C0710252B4639462046BDE8F04125
:10C68000FFF7D6BE2E463046BDE8F081436B002B47
:10C6900037D1B5F5805F39D215B9236B002B35D171
:10C6A00067484FF0FF31FEF7E9FC002840F0978023
:10C6B0000020FEF733FD002840F09980614B0122F5
:10C6C0001A60236A032B23DC002B23DA5E4E5F4AB9
:10C6D0001368002BFCD15B495D4A0B60106840F089
:10C6E0004000FEF701FD0120FEF718FD00287AD179
:10C6F0005348FEF7DDFC0028C5D05648FEF76CFC19
:10C70000C1E7012BC8D1B5F5803FC5D3524EBAE77A
:10C71000072BDBD1636A012B78D8636B012B57D8C9
:10C72000A36B012B00F284802046FFF727FE06460C
:10C730000028CCD1A36A012B6AD033F0020271D059
:10C74000236A013B062B13D8DFE803F009440912E2
:10C75000121209004FF471063046BDE8F0813F4BDC
:10C7600022681A6062685A60A2689A60E268DA60B9
:10C770003B493C4A01230B601560002D3BD1226BE5
:10C780000AB9394A1360314B1E68002EFCD1236A66
:10C79000013B062B9BD801A252F823F0B9C7060033
:10C7A000D9C70600B9C70600CFC60600CFC6060027
:10C7B000CFC60600B9C70600284A2C4B1268226073
:10C7C0001A6862605A68A26008331B68E3607EE7FB
:10C7D000274E7CE7274BC3E7264A274BEEE727483F
:10C7E000FEF7FAFB64E72648FEF7F6FB80E72548EC
:10C7F000FEF7F2FB62E7636B012B1BD0224A234B4F
:10C80000176010201D60FEF775FCBCE7204E5EE748
:10C81000204B22691A6062695A60A2699A60E269D3
:10C82000DA608DE71C491D4A0B600123136087E71E
:10C830001B4E4CE71B4A1C4B176040201D60E2E773
:10C840000894012010B802500100F10010B9025004
:10C8500004BA0250049207000500F10040B40250EF
:10C860007CB40250BCB4025024B5025044B402500F
:10C870000300F10060B4025064B40250EC91070070
:10C880003C9207001C92070030BC025034BC02509E
:10C890000200F10000B4025038BA025078B40250DD
:10C8A0000400F10028BC02502CBC025030B4214AD4
:10C8B00084B013680093009BDC07FAD500F1A05305
:10C8C00003F52C439B001B4A186813680193019BD6
:10C8D000D907FAD5184B1A6812F11F0348BF02F1A5
:10C8E0003E035B11591E0FD4124A144D144C1368A9
:10C8F0000393039BDB07FAD50B182B602368029385
:10C90000029B2BB90139F2D2580104B030BC7047F8
:10C9100001314801A0F120014FF0004202E001384E
:10C920008142F2D013424FEA5202F8D004B030BC38
:10C93000704700BFB4B00250ACB00250E4B0025037
:10C94000DCB0025070B41C6885B001F01F0644B919
:10C950001E2E06D01068F04000F0030005B070BC39
:10C9600070470F4D2C680194019CE407FAD500F143
:10C97000A05404F52C44A400094D20682C680394AD
:10C98000039CE407FAD5074C00EB611106482160CF
:10C99000016802910299116000211960DAE700BF75
:10C9A000B4B00250E4B00250DCB00250A0F1200359
:10C9B000B3F5426F61D8F0B48F2882B053D900F13B
:10C9C0001F035B095B013F339B09013311B18B42AC
:10C9D00055D80B46DC004FF48051B1FBF4F120290F
:10C9E00028BF202102B11160264C274D01260022CC
:10C9F00026600239144603FA06F640F6FC778C42AC
:10CA000004F10104B6BF2A602F6092191E2C05F1B3
:10CA10000405F4D11D4C1E4D226032442A6000F101
:10CA20003F011C4A1C4DDFF890C0E56021F03F013A
:10CA300010604031194F1A4E1A4D1B48CCF80010A7
:10CA40009B011A493B6033602B60E3620360D36152
:10CA50000A680192019AD207FAD5154A002013609C
:10CA600002B0F0BC704700F1470400F16603E40631
:10CA70004FEA5313A6D00133A4E70E4870470D4880
:10CA8000EEE700BF1CB8025000B0025078B0025070
:10CA90007CB0025090B0025020F80F0098B00250C5
:10CAA0009CB00250A0B00250A8B00250B4B00250E6
:10CAB000ACB002502221F00094B0025038B50446C8
:10CAC0000D4619484FF0FF31FEF7D8FA60B9002043
:10CAD000FEF724FB80B920462A460021FFF766FFB7
:10CAE0000446A0B9204638BD1048FEF775FA00206C
:10CAF000FEF714FB0028EED00D48FEF76DFA204635
:10CB00002A460021FFF752FF04460028EAD0012000
:10CB1000FEF704FB20B90448FEF7CAFA204638BDE8
:10CB20000448FEF759FAF6E7FC930120EC91070060
:10CB30001C9207003C9207002DE9F0434E4C89B04F
:10CB400023680193019BDD07FAD54C4B13449B00EE
:10CB50000A181D681E2A05F11F0588BF1E224FEA0C
:10CB6000551502FB05F288BFC0F11E01B2F5806FBA
:10CB700004D94FF48061B1FBF5F1091A002976DD83
:10CB800000F1A05000F52C4005F1010E4FF0000C13
:10CB9000394ADFF8F4803A4C87002EF001066046EF
:10CBA00013680293029BDB07FAD5D7F8009013684D
:10CBB0000393039BDB07FAD5C8F80090002355B117
:10CBC00001339D422060FBD1AE4204D92B46013394
:10CBD0009E422060FBD10CF1010C614507F1040776
:10CBE000DED1254A13680493049BDC07FAD5254B54
:10CBF000214A196813680593059BD807FAD5224B7B
:10CC000019607DB100231E491A4601339D420A6016
:10CC1000FBD1AE4206D91A492B46002201339E426F
:10CC20000A60FBD1144A13680693069BD907FAD50C
:10CC3000164B114A196813680793079BDB07FAD54F
:10CC4000114B196035B100230D491A4601339D423D
:10CC50000A60FBD1AE4207D9094A002301E00EF178
:10CC6000010E76451360FAD109B0BDE8F08305F1F5
:10CC7000010E2EF00106B4E7B4B0025024AC00144B
:10CC8000D8B002507CB00250D4B0025078B00250FC
:10CC900008B558B90F4B00221A600120FEF73EFA82
:10CCA00098B90D48FEF704FA50B908BD202801468E
:10CCB0004FF0070228BF20210020FFF73DFFE9E7E2
:10CCC000BDE808400548FEF787B90548FEF784F936
:10CCD000E7E700BF1CB80250FC9301200492070054
:10CCE0003C92070010B4124C85B023680193019B5D
:10CCF000DB07FAD502F1A05202F52C4293000C4A50
:10CD00001C6813680393039BDB07FAD5094B1C606F
:10CD100051B10438084A00EB810113680293029B69
:10CD200040F8043F8842F8D105B05DF8044B7047E5
:10CD3000B4B00250E4B00250DCB0025070B42F4DD9
:10CD400085B02C680094009CE407FAD500F1A0504F
:10CD500000F52C408000294C05682068019001985E
:10CD6000C607FAD52648012605609BB1043A254E30
:10CD700002EB830452F8040F3060A242FAD15E1C29
:10CD800026F00102934205D21E4C0020013393424B
:10CD90002060FBD1194A26F0010013680293029B20
:10CDA000DC07FAD5184B0B449B001B681F33B0EB14
:10CDB000531F4FEA53121DD210490B680393039B74
:10CDC000DB07FAD50E4B0544121A1D6012D0002362
:10CDD0000C481946013393420160FBD15A1C22F0E2
:10CDE0000101994206D90748002300E001328A4236
:10CDF0000360FBD105B070BC704700BFB4B00250F7
:10CE0000D4B00250D8B0025024AC0014F8B5069E3D
:10CE1000002E33D001292FD8012B31D81C4C0746C6
:10CE200000251C4825600468002CFCD11A4D2C6894
:10CE3000002CFCD1194D2C68002CFCD1184D2C680D
:10CE4000002CFCD1174D2C68002CFCD1012B19D0E3
:10CE50001548164B026020201E6001290BBF144BA1
:10CE6000144B154A154A17601E60FEF743F9144B20
:10CE700018680028FCD1F8BD1248F8BD1248F8BD6A
:10CE80001248F8BD1248134B026080201E60E4E790
:10CE900000B9025070B4025020BD025020BC0250B4
:10CEA00038BD025038BC025030BD025034BD025073
:10CEB0002CBC025034BC025028BC025030BC025082
:10CEC00010B902500200F4000100F4000300F40065
:10CED00028BD02502CBD02502DE9F043644A93B0A6
:10CEE00013680093009BD907FAD5624B6249634AE5
:10CEF000196013680193019BDB07FAD5604B1B682F
:10CF0000DF0400F1AF805A4A13680293029BDE07E8
:10CF1000FAD5584B5B49594A196013680393039B30
:10CF2000DD07FAD5564B1B68DC0400F18580534BB6
:10CF3000554E4F494F4FDFF86CC14FF00109DFF8F4
:10CF400068E1524D00241A680492049AD007FAD579
:10CF500030681A680692069AD207FAD5CEF8000011
:10CF60002A680592059A12B95DE052080134D0078B
:10CF7000FBD514F01F0568D11D680995099DE807C8
:10CF8000FAD5434DD5F800801D680B950B9DED0734
:10CF9000FAD5DFF814E13D4DCEF800802D680A95F2
:10CFA000E0070A9D05D505F00704032C4AD0052C9F
:10CFB00048D002F00302032A05D105F00305032D32
:10CFC00008BFC9F100090A680C920C9AD407FAD577
:10CFD000304A3A600A680D920D9AD007FAD52E4A67
:10CFE0003A600A680E920E9AD207FAD52B4A3A6036
:10CFF0000A680F920F9AD507FAD5294A3A600A684B
:10D000001092109AD407FAD51B4A3A601A68119206
:10D01000119AD007FAD51A4A1268D2048FD5484619
:10D0200013B0BDE8F0830A680792079AD207FAD5D1
:10D03000C7F800C0203486E74FF00109484613B016
:10D04000BDE8F083C9F10009B3E7DFF860E0013D16
:10D050004EEA053E0D680895089DED07FAD5C7F81C
:10D0600000E089E74FF00009484613B0BDE8F083BF
:10D07000B0B0025080B0025000082A51B4B0025043
:10D0800088B0025000182A5128B00250DCB002507B
:10D090002CB0025000032A4980022E49C0C228A1A8
:10D0A000C002324980F22961E4B002508002286156
:10D0B0002DE9F047894ABAB013680093009BD8075E
:10D0C000FAD5874B8749884A196013680193019BF9
:10D0D000D907FAD5854B1B68DB0400F19181824AA0
:10D0E00013680393039BDE07FAD5814B7E4A1968C8
:10D0F00013680593059BDD07FAD57E4A7E4B1160C8
:10D100001B680493049F07F00303032B00F0748251
:10D1100007F00703052B714A00F027811368199364
:10D12000199BDC07FAD56E4B74496C4A1960136879
:10D130001A931A9BD807FAD5694B714A1A60FFF700
:10D14000CBFE013000F01D82644A13681B931B9BC9
:10D15000D907FAD562486B4B0360013F40F07182FA
:10D160005E49DFF8D0C1604B674E624D624CB846F5
:10D170000A681C921C9AD207FAD5C0F800C008F1C0
:10D1800020081A681D921D9AD707FAD537681A68C1
:10D190001F921F9AD207FAD52F6022681E921E9FF7
:10D1A000002FE5D017F0010311D17F08FE071946C3
:10D1B00003F10103F9D5494802682092209AD50766
:10D1C000FAD5524A464842EA013198440160434A3E
:10D1D00013682193219BDC07FAD5414B4C493F4A08
:10D1E000196013682293229BD807FAD53C4B494A11
:10D1F0003A4CDFF84491484E414D1A609A462368F4
:10D200002393239BD907FAD5CAF800902368249367
:10D21000249BDA07FAD5CAF8006023682593259B7A
:10D22000DB07FAD5CAF80050FFF756FE0130E6D109
:10D230002A4A13682693269BDC07FAD5284B3749E0
:10D24000264A196013682793279BD807FAD5244BE1
:10D250003349224A196013682893289BD907FAD5C5
:10D260001F4B2A491D4A196013682993299BDB0724
:10D27000FAD51B4B2B49194A196013682A932A9B2C
:10D28000DE07FAD5164B2849144A196013682B9308
:10D290002B9BDD07FAD51248244A104BDFF89C90EF
:10D2A000DFF89CE0224EDFF89CC002601A682C92E6
:10D2B0002C9AD407FAD5C0F800901A682D922D9AAE
:10D2C000D107FAD50849094DC0F800E000241A68D2
:10D2D0002E922E9AD207FAD5066035E0B0B00250F1
:10D2E00080B0025000081251B4B0025088B0025011
:10D2F00000B00250E4B00250DCB00250800212498B
:10D30000C0020249C01002290CB00250C0000C61DA
:10D31000C0011E41C0111E4980021E49C0311C9827
:10D32000C0100E21C030109840021249809184A88C
:10D3300000182651C0F00D61C0111E2140320C882A
:10D3400040622488409224880A682F922F9AD2073C
:10D35000FAD52A68D20460D401341A683092309A1F
:10D36000D207FAD5C0F800C0B1E713680993099B4A
:10D37000DB07FAD5854B8649864A196013680A93FC
:10D380000A9BDF07FAD5814B8349824A19601368EB
:10D390000B930B9BDE07FAD57C4B80497D4A1960C5
:10D3A00013680C930C9BDD07FAD5784B7C497D4ABA
:10D3B000196013680D930D9BDC07FAD57A4B754AFB
:10D3C0001B68D80440F1928013680E930E9BD90716
:10D3D000FAD56E4B75496F4A196013680F930F9B0E
:10D3E000DB07FAD5694B72496A4A196013681093D2
:10D3F000109BDF07FAD5654B6E4A1A60002054E097
:10D40000644A13680293029BDF07FAD55F4B6A4AAE
:10D410001A6001203AB0BDE8F087002C3FD0A8EB9D
:10D420000404012C33D0621E02F01F01002A4FF0C9
:10D430000107B8BF04F11E028F4051111A683292E1
:10D44000329AD207FAD55D4A564C0260226833926E
:10D45000339AD507FAD55A4A524C15682268349245
:10D46000349AD207FAD5574C574A2944216017609D
:10D470001A683592359AD207FAD5544A02601A686A
:10D480003692369AD507FAD5514A02600EE71A68E5
:10D490003192319AD107FAD54E4A026006E707F079
:10D4A0000303032B40F0C58001203A4A13683793E9
:10D4B000379BDC07FAD5354B4749364A1960136864
:10D4C0003893389BD907FAD5304B4449354A19600F
:10D4D00013683993399BDB07FAD5334B1B6813F478
:10D4E000805F18BF01203AB0BDE8F0871368119340
:10D4F000119BDE07FAD5254B39492A4A1960136872
:10D500001293129BDD07FAD5274B1B68DC04C3F38B
:10D510000030CAD51F4B1A681392139AD107FAD557
:10D520001A4B304A1B491A600B681493149BDA0794
:10D53000FAD5164B1E4A17491A600B681593159BAE
:10D54000DB07FAD5114B284A12491A600B6816936B
:10D55000169BDF07FAD50D4B244A0E491A600B685B
:10D560001793179BDE07FAD5084B214A09491A6021
:10D570000B681893189BDD07FAD5044B1D4A1A60F7
:10D580003CE700203AB0BDE8F08700BF80B0025011
:10D5900040120229B0B00250C0112461807110986D
:10D5A00000181A51B4B0025088B0025080310221E4
:10D5B00080211861C0601098C0000E410002224115
:10D5C00020B00250D4B00250D8B0025040821C9813
:10D5D000C0900C88C0700C8880310C8800481851AD
:10D5E000009818518051022940121071C06124988E
:10D5F00040021071C0901C88343A13680693069B51
:10D60000DC07FAD5104B1149114A196013680793CA
:10D61000079BD807FAD50C4B0E490D4A19601368C1
:10D620000893089BD907FAD5074B0B4A1A600020CC
:10D630003BE707F00707052F4FF001003FF435AF38
:10D64000E8E64FF00008ADE580B00250C0100221BE
:10D65000B0B0025080110C61C0601098F0B595B068
:10D660007D4C1A9E370347EA864747F0045545F03C
:10D67000800526680096009EF607FAD51B9C764E1C
:10D68000920142EA0434754A44F01044156044F4AF
:10D69000002432680192019AD507FAD56F4A6E4E7E
:10D6A000146047EA811747F010478A0134680294F2
:10D6B000029CE407FAD54FEA033C4CEA834C674BE3
:10D6C000654C1F604CF0045646F0800623680393B7
:10D6D000039BDF07FAD5614B5F4C1E602368049300
:10D6E000049BDD07FAD55D4B5D4F5E4C5A4E1C60C6
:10D6F00047EA81478C0433680593059BDB07FAD51D
:10D70000564B554E1F604CF0104C4CF4807C3368E7
:10D710000693069BDD07FAD5504E534D4E4FC6F883
:10D7200000C045EA801586013B680793079BDB072D
:10D73000FAD54A4F4D4BDFF820C13D6043EA003E29
:10D740000703DCF800300893089BDD07F9D5434D4B
:10D75000DFF828C1C5F800E01C9B30354CEA834E49
:10D760002B680993099BDB07FAD53C4B3A4DC3F86C
:10D7700000E02B680A930A9BDB07FAD5374B3C4D38
:10D78000DFF8FCC01D60344D46EA0C0C2B680B938F
:10D790000B9BDB07FAD5314B2F4DC3F800C03E433E
:10D7A00046F0045646F400262B680C930C9BDF07CA
:10D7B000FAD52A4D2F4B2E6043EA804030352B6836
:10D7C0000D930D9BDE07FAD5244B234D18602B6873
:10D7D0000E930E9BDB07FAD5204B274D1E481D608C
:10D7E000144344EA013444F004550E0303680F93D4
:10D7F0000F9BDF07FAD5194B17481D6044F0104402
:10D8000003681093109BDB07FAD5144B12481C6079
:10D8100003681193119BDF07FAD5104B0E481D606A
:10D82000164346F0245646F4101603681293129BD2
:10D83000DC07FAD5094B08481E600A4342F048420B
:10D8400042F4A21203681393139BDB07FAD5034B30
:10D850001A6015B0F0BD00BFB0B0025080B00250E9
:10D86000802000908020082100401021000110211C
:10D8700080202029802000214021282900410021EA
:10D88000024010C830B42D4C88B020680090009839
:10D89000C507FAD52A4C2B482B4D2560303440EA79
:10D8A000834523680193019BD807FAD5900140EA8C
:10D8B0008240234B214A1D6040F0104444F4C04490
:10D8C00013680293029BDB07FAD51D4B1B4A1C60B1
:10D8D00013680393039BDD07FAD58B0143EA81416B
:10D8E000174B1A4D1D60154A41F0104545F4C045CF
:10D8F00013680493049BDB07FAD5114B0F4A1D6094
:10D9000013680593059BDD07FAD50D4B0B4A1C6088
:10D9100041F0584113680693069BDC07FAD5084B83
:10D92000064A196040F0584013680793079BDB07CD
:10D93000FAD5034B186008B030BC7047B0B0025045
:10D9400080B0025080710098C02102298061189037
:10D950002DE9F04385B000284CD00E4600294ED06A
:10D960001546002A4DD0002B3FD0D0F8BC2203939F
:10D9700005F14C0700F5B6731F3201F1040905F1FA
:10D980000408CDE9018700935209494600F59273D6
:10D990000446FEF75DFC0746A8B94FF437722146EE
:10D9A00006F15000FDF744FB174B336021464FF45E
:10D9B000377205F19400FDF73BFB144B2B603846A2
:10D9C00005B0BDE8F08300244846346021462C6051
:10D9D0004C22FDF731FB404621469022FDF72CFBFF
:10D9E0000B4F384605B0BDE8F0830A4F384605B006
:10D9F000BDE8F083084F384605B0BDE8F083074F17
:10DA0000DDE7074FDBE700BF020000EC010000ECA0
:10DA10003008F0000508F0000208F0000308F000EC
:10DA20000408F000004870477094070000487047F1
:10DA30004C97070000487047289A07000048704735
:10DA4000049D070000487047E09F070000487047AA
:10DA5000BCA207000048704798A50700004870471F
:10DA600074A807000048704750AB07000048704793
:10DA70002CAE07000048704708B107000B4601466E
:10DA8000184602F075BF000051EC100BF8B5C1F359
:10DA90000A53A3F2FF35132D10EE106A0C4632DC48
:10DAA000002D1EDB364F2F4101EA070303432FD021
:10DAB00031A3D3E9002301F013FF0022002302F079
:10DAC00055FB48B1002C04DD4FF4801343FA05F5F3
:10DAD0002C4424EA070400262346324643EC102B4C
:10DAE000F8BD25A3D3E9002301F0FAFE00220023AC
:10DAF00002F03CFB0028EFD0002C39DB264333D06A
:10DB0000204C0026E8E7332D05DDB5F5806F23D0E6
:10DB100041EC100BF8BDA3F213434FF0FF37DF4089
:10DB20000742F5D014A3D3E9002301F0D9FE002267
:10DB3000002302F01BFB0028CED0002C09DD142DA1
:10DB400014D00123C5F1340503FA05F5AE1928BF39
:10DB5000E41826EA0706BFE710EE102A0B4601F08C
:10DB6000BFFE41EC100BF8BD3446B5E70134F0E7D9
:10DB700000264FF00044AFE79C7500883CE4377EF8
:10DB8000FFFF0F000000F03F00B551EC100B264ADC
:10DB900021F00043934285B01EDD244A934209DD03
:10DBA00010EE102A0B4601F099FE41EC100B05B067
:10DBB0005DF804FB684600F08FFA00F003000128CE
:10DBC00011D0022825D0E8B19DED021B9DED000B80
:10DBD000012001F0E5FAEAE79FED111B00F078FD66
:10DBE00005B05DF804FB9DED021B9DED000B01F0FF
:10DBF000D7FA53EC102B03F1004300EE903A05B036
:10DC00005DF804FB9DED021B9DED000B00F060FD37
:10DC1000CDE79DED021B9DED000B00F059FDE8E7FF
:10DC20000000000000000000FB21E93FFFFFEF7F44
:10DC300051EC100B0A1EC2F30A5370B5C2F3130263
:10DC4000A3F2FF3542F48014B4BF4FF0FF3201223B
:10DC5000132D15DC002D32DB4FF400232B41234420
:10DC6000C5F1140023FA00F0002102FB01F1D517E1
:10DC700000FB0511A2FB00230B441046194670BDA2
:10DC80003E2D23D8332D28DCA3F213434FF000415F
:10DC9000D9400E1828BF0134A3F12001C3F12000A0
:10DCA00024FA00F004FA01F1142D41EA000104FA0B
:10DCB00003F0C5F13403D8D0DE403043D5E7013559
:10DCC0001CD0002200231046194670BD02F090FCC3
:10DCD00002460B461046194670BDA3F21345A3F247
:10DCE0003341C5F120060B4624FA06F604FA05F581
:10DCF00004FA01F1984031432843B6E7D317BCE753
:10DD000000B551EC100B284A21F00043934285B036
:10DD100025DD264A934209DD10EE102A0B4601F05C
:10DD2000DDFD41EC100B05B05DF804FB684600F02A
:10DD3000D3F900F00300012819D0022826D0E8B159
:10DD40009DED021B9DED000B00F0C2FC53EC102B6F
:10DD500003F1004300EE903A05B05DF804FB9FED3F
:10DD6000101B002001F01CFA05B05DF804FB9DEDCE
:10DD7000021B9DED000B00F0ABFCD4E79DED021BF8
:10DD80009DED000B012001F00BFACCE79DED021B8D
:10DD90009DED000B012001F003FAD7E7AFF30080FF
:10DDA0000000000000000000FB21E93FFFFFEF7FC3
:10DDB00010EE101AC1F3C752002910B4A2F17F046B
:10DDC000B4BF4FF0FF3001201E2C0EDC002C1BDBFB
:10DDD000C1F31603162C43F400030DDD963A93406D
:10DDE00003FB00F05DF8044B7047FDEEC07A5DF870
:10DDF000044B17EE900A70474FF4800222411344FF
:10DE0000C4F11704E340EBE7013418BF00205DF8CC
:10DE1000044B704700F060B82DE9F0432DED028B04
:10DE20008BB055EC104B00F08DFB284BB0EE408AC8
:10DE3000F0EE608A93F900707B1C12D022462B46CC
:10DE40002046294602F09CF9064650B94FF00008DA
:10DE50004FF000092046294642464B4602F068F939
:10DE600040B9B0EE480AF0EE680A0BB0BDEC028B88
:10DE7000BDE8F083164B08960122CDE90445CDE9B3
:10DE800002450092019397B142464B4640464946AF
:10DE900002F006F8022FCDE906010AD102F076FD64
:10DEA00021230360089B63B99DED068BD9E7CDE97B
:10DEB0000689684601F078FC0028EFD0089B002B0B
:10DEC000F2D002F063FD089B0360EDE7846400205C
:10DED000E4B307000000000051EC110B2DE9F047FE
:10DEE0004342794E034321F0004C4CEAD373B342D2
:10DEF00055EC104B82B047D86342234325F0004ACB
:10DF00004AEAD373B34210EE10EAA9463CD801F1B5
:10DF1000404303F5801303434CD04FEAA17808F047
:10DF200002085AEA040348EAD57838D05CEA0003CC
:10DF300048D0B4455DD0B24544D0AAEB0C0CBCF13E
:10DF4000747F4FEA2C534FDA002961DA3C335FDAF1
:10DF50009FED4F7B8DED007BB8F1010F78D0B8F1CC
:10DF6000020F64D0B8F1000F14D04BA3D3E9002303
:10DF7000DDE9000101F0B2FC49A3D3E9002301F07F
:10DF8000ADFCCDE9000105E022462B4601F0A8FCDE
:10DF9000CDE900019DED000B02B0BDE8F087B8F1BE
:10DFA000020F17D0B8F1030F09D19FED3F7B8DED24
:10DFB000007BEFE702B0BDE8F04701F0B1B98DEDAD
:10DFC000000BE7E7B9F1000F09DB9FED397B8DED21
:10DFD000007BDFE79FED327B8DED007BDAE79FED85
:10DFE000367B8DED007BD5E79FED317B8DED007BA2
:10DFF000B2E7E24508F1FF3832D0B8F1020F3AD863
:10E00000324B03EBC80898ED007B8DED007BC1E738
:10E0100002460B462046294601F042FF41EC100B18
:10E0200001F032FB01F07CF98DED000B94E71AA3AF
:10E03000D3E90023DDE9000101F050FC02460B4664
:10E0400017A1D1E9000101F049FCCDE90001A1E7E8
:10E05000DDE90023019901F10043CDE9002399E7AF
:10E06000B8F1020F0CD81A4B03EBC80898ED007BEF
:10E070008DED007B8EE79FED067B8DED007B89E7C4
:10E080009FED0F7B8DED007B84E700BFAFF3008039
:10E090000000000000000000075C143326A6A13C2D
:10E0A000182D4454FB210940182D4454FB2109C06C
:10E0B000182D4454FB21F93F182D4454FB21F9BF7E
:10E0C000182D4454FB21E93F0000F07F08B40700FD
:10E0D000F0B30700000000002DE9F04F53EC102BC7
:10E0E0002DED048B924923F000458D4289B0044602
:10E0F00040F38F808F498D429B462DDCBBF1000F92
:10E10000194610EE100A80A3D3E9002340F3C7811B
:10E1100001F0E4FB884B9D4206460F4600F09180DB
:10E120007BA3D3E9002301F0D9FB02460B46C4E9E7
:10E1300000233046394601F0D1FB75A3D3E9002313
:10E1400001F0CCFBC4E902014FF0010A504609B0CE
:10E15000BDEC048BBDE8F08F78498D4240F394808C
:10E1600077498D4210EE100A61DC4FEA255AAAF277
:10E17000164AA5EB0A5116460F4602F017F801F0B1
:10E18000FBFC804689463046394642464B46CDE93F
:10E19000028901F0A3FB6B4B002201F057FD0F46F3
:10E1A000064602F003F8054601F0E6FC02460B467F
:10E1B00030463946CDE9042301F090FB614B002243
:10E1C00001F044FD02460B46CDE906230022002360
:10E1D00001F0A4FF002800F06081002D0CBF012396
:10E1E0000223594A019202215246009102A8214677
:10E1F00000F0AEFBBBF1000F8246A7DA6268E3686D
:10E2000002F1004203F10043C0F1000A6260E360E2
:10E210009CE7002000214FF0000AC4E902015046AB
:10E2200084ED000B09B0BDEC048BBDE8F08F1946FE
:10E2300001F054FB4FF0000AC4E90201C4E90001F7
:10E2400084E735A3D3E9002301F048FB34A3D3E9E5
:10E25000002306460F4601F041FB02460B46C4E987
:10E2600000233046394601F039FB2DA3D3E90023C2
:10E2700001F034FB4FF0010AC4E90201504609B035
:10E28000BDEC048BBDE8F08F01F0FEF957EC106B8C
:10E2900010EE100A24A3D3E90023394601F0D6FC7E
:10E2A0002A4B002201F01CFB01F080FF824601F0A6
:10E2B00063FC15A3D3E900238046894601F0C6FC20
:10E2C00002460B463046394601F008FB10A3D3E95D
:10E2D000002306460F464046494601F0B7FCBAF116
:10E2E0001F0F49EC198B47EC186B8046894631DCCF
:10E2F000174B0AF1FF3253F82230AB422AD00246C4
:10E300000B4630463946A4E000004054FB21F93F5B
:10E310003163621A61B4D03D0000601A61B4D03D2F
:10E320007370032E8A19A33B83C8C96D305FE43F25
:10E33000FB21E93F7BD90240FB21F93FFB21394119
:10E34000FFFFEF7F00007041A0B407000000E03F36
:10E3500020B4070042464B4651EC180B01F0BEFAC0
:10E360000A46C2F30A53C3EB1553102B0146064667
:10E3700017464FEA255573DD69A3D3E9002351EC15
:10E38000190B01F063FC59EC188B06460F46324618
:10E390003B4618EE100A494601F0A0FA41EC180B72
:10E3A000404653EC182B494601F098FA32463B465A
:10E3B00001F094FA5CA3D3E9002306460F4651EC22
:10E3C000190B01F043FC32463B4601F087FA8046C8
:10E3D000894642464B4651EC180B01F07FFA0A463B
:10E3E000C2F30A53ED1A312D01460646174637DDB2
:10E3F00050A3D3E9002351EC190B01F027FC56EC94
:10E40000185B8046894642464B4618EE100A314654
:10E4100001F064FA41EC180B314653EC182B2846F6
:10E4200001F05CFA42464B4601F058FA43A3D3E9A7
:10E43000002306460F4651EC190B01F007FC32464B
:10E440003B4601F04BFA8046894651EC180B424698
:10E450004B4601F043FAC4E9000106460F4601E0CD
:10E46000C4E9001232463B4651EC180B01F036FA73
:10E4700042464B4601F032FABBF1000FC4E90201FB
:10E48000BFF664AE07F1004501F10043C4E9006541
:10E49000C4E90203CAF1000A58E60323A1E601F029
:10E4A0001FFA234B9D4206460F4616D01AA3D3E906
:10E4B000002301F015FA02460B46C4E9002330465A
:10E4C000394601F00BFA14A3D3E9002301F008FA4E
:10E4D0004FF0FF3AC4E9020138E611A3D3E9002363
:10E4E00001F0FEF910A3D3E9002306460F4601F020
:10E4F000F7F902460B46C4E900233046394601F0DD
:10E50000EDF909A3D3E9002301F0EAF94FF0FF3A4E
:10E51000C4E902011AE600BF3163621A61B4D03D5A
:10E520000000601A61B4D03D7370032E8A19A33BBA
:10E53000FB21F93F0000002E8A19A33BC149202589
:10E540009A837B392DE9F0415F4A57EC106BBA434F
:10E5500000F09880002F10EE104A3B464EDD391532
:10E560005BD0C3F31303CA0743F48013A1F2FF3E49
:10E5700003D45B0003EBD4736400E20F4FF0000C94
:10E5800002EB43034FEA6E0E6400664616254FF415
:10E590000012B118994202DC5B1A8E1894445B0099
:10E5A000013D03EBD4734FEA52024FEA4404F0D129
:10E5B0002F4620204FF0004209E03ED0E10F013805
:10E5C0004FEA520201EB43034FEA44043ED0B34208
:10E5D00002EB0501F1DD002901EB020509DBB04684
:10E5E0009B1BA14288BF03F1FF33641A17444646C0
:10E5F000E4E7002DF3DB06F10108F1E727F0004224
:10E60000324336D0002F4DD13946E20A1539640520
:10E610001346002AF9D0D70251D400205B00DE0255
:10E62000054600F10100F9D51A4623468440C0F1A1
:10E630002000C3401343491B93E7A142BED80029E1
:10E6400001EB0205D5DB98460023CEE7234312D128
:10E6500078084FEA6C0101F17F511CF0010F01F5C0
:10E66000001118BF40F0004001EB0E53024643EC8E
:10E67000102BBDE8F0817B1C16BF781C0CF1010C3F
:10E680004008E6E710EE102A10EE100A3B46394625
:10E6900001F0DCFA32463B4601F022F941EC100B66
:10E6A000BDE8F08110EE102A3046394601F016F927
:10E6B00002460B4601F0F4FB41EC100BD9E7234670
:10E6C00020204FF0FF35B4E70000F07F000000008D
:10E6D0002DE9F84F57EC106B27F00049B9F1795F3D
:10E6E0002DED048B5BEC11AB71DA10EE100A39469C
:10E6F00001F05CFD002800F0F68032463B463046D3
:10E70000394601F0A3FA7CA3D3E9002304460D4661
:10E7100001F09CFA7AA3D3E9002301F0E1F8224644
:10E720002B4601F093FA78A3D3E9002301F0D6F841
:10E7300022462B4601F08AFA75A3D3E9002301F0A3
:10E74000CFF822462B4601F081FA73A3D3E90023C8
:10E7500001F0C4F822462B4601F078FA70A3D3E901
:10E76000002301F0BDF822462B4601F06FFA41EC80
:10E77000180B714B00222046294601F067FA53EC32
:10E78000182B804689462046294601F05FFA5246FA
:10E790005B4604460D463046394601F057FA0246BC
:10E7A0000B462046294601F099F802460B464046A2
:10E7B000494601F093F802460B4600205F4901F0FC
:10E7C0008DF8BDEC048B41EC100BBDE8F88F10EE1A
:10E7D000102A10EE100A3B46394601F037FA46A3DC
:10E7E000D3E9002304460D4601F030FA44A3D3E9EF
:10E7F000002301F075F822462B4601F027FA42A3C8
:10E80000D3E9002301F06AF822462B4601F01EFAF4
:10E810003FA3D3E9002301F063F822462B4601F021
:10E8200015FA3DA3D3E9002301F058F822462B4600
:10E8300001F00CFA3AA3D3E9002301F051F82B467A
:10E84000224601F003FA3E4B994541EC180B90DD4E
:10E850003C4B99453CDC0022A9F5001337490020C8
:10E860009046994601F03AF841EC190B324B0022E0
:10E870002046294601F0EAF942464B4601F02EF8BF
:10E8800053EC182B804689462046294601F0DEF9D4
:10E8900052465B4604460D463046394601F0D6F9ED
:10E8A00002460B462046294601F018F802460B4660
:10E8B0004046494601F012F802460B4651EC190B4E
:10E8C00001F00CF8BDEC048B41EC100BBDE8F88FA7
:10E8D0009FED157BDFF87090B0EE479AF0EE679AE7
:10E8E0004FF00008C2E7BDEC048B9FED110BBDE8B3
:10E8F000F88F00BFAFF30080D43888BEE9FAA8BD16
:10E90000C4B1B4BD9EEE213EAD529C804F7E923E7E
:10E910009015CB19A001FA3E7751C1166CC1563F34
:10E920004C5555555555A53F000000000000E73FE8
:10E93000000000000000F03F0000E03F0000F03F5A
:10E940003233D33F0000E93F0000D23F0000000017
:10E950002DE9F04FADF5197DBB4CA29D089354F8FD
:10E9600025400594013B12F1140F04900B91039381
:10E97000C0F22683B549D31E81FB0301DB17C3EB2D
:10E98000A10307930133A3EB8303DB00D3180693A2
:10E99000079A039BD41A059AD6181AD40136A39F56
:10E9A0004FF000084FF00009264420AD08E057F86A
:10E9B000240001F0E1F80134B442E5E8020108D096
:10E9C000002CF4DA013440464946B442E5E802013D
:10E9D000F6D1059B002BC0F2C883089BDDF80C9094
:10E9E000DA000292059A1A440192049A20A901EBD6
:10E9F000C30A0DF5E07B02EBC308039B002B4FF02D
:10EA000000044FF0000511DB049E574677E902230E
:10EA1000F6E8020101F01AF902460B4620462946A3
:10EA200000F05EFF464504460D46EFD1019B09F11B
:10EA300001099945EBE802450AF1080ADDD1059A7A
:10EA400004980CA901EB820302990144083B8B4610
:10EA50000BA90993134601EB82020A920193019AD2
:10EA600098A901EBC203002A53E928452ADD0DF5D8
:10EA7000E07909EBC2080DF1300A754B00222046FF
:10EA8000294601F0E3F801F091FB01F075F8714BB4
:10EA9000002206460F4601F0D9F802460B462046F2
:10EAA000294600F01BFF01F081FB044678E90223B0
:10EAB0004AF8044B3046394600F012FFC845044678
:10EAC0000D46DAD1DDF8189045EC104B484600F0C1
:10EAD0006FFE55EC104B00224FF07F5310EE100AE2
:10EAE000294601F0B3F841EC100B00F0D9FD5A4B68
:10EAF00051EC100B002201F0A9F802460B4620460B
:10EB0000294600F0EBFE0D46044601F04FFB80461F
:10EB100001F032F80B4602462946204600F0DEFEA0
:10EB20004B46002B06460F4640F39880019A0CA9ED
:10EB3000013AC9F1180351F8225045FA03F101FADC
:10EB400003F3EB1AC9F117050CA843FA05F5002DDC
:10EB500040F82230884400F38B80002200233046A6
:10EB6000394601F0DBFA002800F05682019B059A35
:10EB700003F1FF3A524510DC03F180430CAA013B3C
:10EB80000A9802EB8303002253F80419834242EAF5
:10EB90000102F9D1002A40F0DC80059B0CAA013B60
:10EBA00052F82330002B40F0CF80099A012352F80D
:10EBB000041901330029FAD001994A1CCB18029399
:10EBC0009146079B089902EB030A019B0B44984668
:10EBD00020AB0AF1804A03EBC808A39B0AF1FF3A75
:10EBE00003EB8A0A70AB03EBC20301935AF8040FDC
:10EBF00000F0C2FF0B46039902460029C8E9002332
:10EC000047464FF0000408F108084FF0000511DBFB
:10EC1000049E01E077E90223F6E8020101F016F80C
:10EC200002460B462046294600F05AFE5E45044641
:10EC30000D46EFD1019BE3E802450193029B09F1E8
:10EC400001099945D2DD09E7E8B50700ABAAAA2A70
:10EC50000000703E00007041000020406BD1019B1D
:10EC60000CAA013B52F82350ED15002D7FF775AF2C
:10EC7000019B002B08F1010840F3CC810C9C002C77
:10EC800051D1019B012B20D00CAB012253F8044F32
:10EC9000002C4BD0531C0CA9C4F1807441F82240C5
:10ECA0000199994210DD0CAA0CA852F8232000EB20
:10ECB000830300EB81006FF07F4100E01A688A1A3D
:10ECC00043F8042B8342F9D10124069B002B0EDD6F
:10ECD000012B00F06A81022B09D1019B5A1E0CAB5B
:10ECE0000CA953F82230C3F3150341F82230022D4A
:10ECF0007FF433AF32463B46B949002000F0EEFDC9
:10ED000006460F46002C3FF428AF06989FEDB00B47
:10ED100000F04EFD3046394653EC102B00F0DEFD7E
:10ED200006460F4619E701230022B4E70199013294
:10ED30008A42ABD1C9E7AB4B002201F00DFA0028A3
:10ED400040F05681054608E7019B5A1C9146029205
:10ED500037E70CAB069A53F82A30CDF81C80183AE6
:10ED60000395069273B9019B03F18043023B0CA902
:10ED700001EB830353F804190AF1FF3A183A00290A
:10ED8000F8D006929FED920B069800F011FDBAF1B3
:10ED9000000F55EC104BC0F2DE8170AB03EBCA0BD9
:10EDA0000CAA0AF10103069302EB83084FEACA0397
:10EDB0000BF10809049358F8040D00F0DDFE22461B
:10EDC0002B4600F043FF06460F46874B2046294658
:10EDD00069E90267002200F039FF0CAB9845044650
:10EDE0000D46E8D148ABCDE9013ADDF814A0BAF1FF
:10EDF000000F4FF000092CDB77A3D3E90023DFF8E5
:10EE0000EC815F4600240025002603E0B14510DBBD
:10EE1000F8E80223F7E8020100F018FF02460B466B
:10EE20002046294600F05CFD0136B24504460D46F9
:10EE3000ECDA019B029A03EBC9034A45C3E900459A
:10EE4000ABF1080B09F1010306D0BAF1000F9946A6
:10EE5000D2DA00240025ECE7A29BDDF808A0022B03
:10EE60001EDC002B00F30F8113D1049C019D08349C
:10EE7000002000212C4474E9022300F031FDA5425A
:10EE8000F9D1039B13B101F1004319460B9BC3E970
:10EE90000001079B03F007000DF5197DBDE8F08F19
:10EEA000A29B032BF5D1BAF1000F00F07081019AFB
:10EEB000049BD318D3E9004502EBCA0B7BE9026738
:10EEC0002046294632463B4600F00AFDA046A946A8
:10EED00004460D4622462B463046394600F0FEFCDD
:10EEE0004B46424600F0FCFC019B5B45CBE90045EC
:10EEF000CBE90201E2D1BAF1010F40F34881019A56
:10EF0000049B0AF1005A0AF1FF3A13444FEACA017E
:10EF1000D3E9004501F1080A029192440DF5947B72
:10EF20007AE902672046294632463B4600F0D8FC83
:10EF3000A046A94604460D4622462B463046394691
:10EF400000F0CCFC42464B4600F0CAFCD345CAE96F
:10EF50000045CAE90201E3D1029C019B002600277B
:10EF600010341C4403F110053046394674E902237D
:10EF700000F0B6FCA542F9D106460F46039B002BD4
:10EF800040F0BF80019A0B99D2E90045D2E90223F3
:10EF9000C1E90223079B03F00700C1E90467C1E947
:10EFA00000450DF5197DBDE8F08F019B5A1E0CAB95
:10EFB0000CA953F82230C3F3160341F8223096E629
:10EFC00000216FF017030791E0E400BFAFF300806A
:10EFD000000000000000F03F00000040FB21F93F6E
:10EFE0000000F03F0000E03F0000703EB0B50700B9
:10EFF000019B002B08F10108C8BF02253FF73EAE78
:10F0000032463B466349002000F068FC0225064674
:10F010000F46A2E5002458E6069B0395584247ECAC
:10F02000106BCDF81C8000F0C3FB55EC104B5A4B15
:10F0300010EE100A0022294601F08EF8002856D062
:10F04000564B00222046294600F000FE01F0AEF8A3
:10F05000064600F091FD504B002200F0F7FD0B46F4
:10F0600002462946204600F039FC01F09FF8069B35
:10F07000019C183304F1010A06930CAB43F82400F9
:10F0800043F82A607EE6019D069A002005EBC20443
:10F09000002174E9022300F023FCA542F9D1039B6F
:10F0A000002B48D10B9BC3E900010B460199024696
:10F0B000D1E9000100F012FCBAF1000F0DDD4AADFC
:10F0C0000124F5E80223013400F00AFCA245F8DA35
:10F0D000039B13B101F1004319460B9BC3E90201E5
:10F0E000079B03F007000DF5197DBDE8F08F204662
:10F0F000294601F05BF8019B0CAA9A4642F82300CE
:10F1000040E6019B19465A68DB680D688C680B99CC
:10F1100003F10043CB60079B0D6002F100424A609F
:10F1200003F0070007F100428C600E614A610DF5A3
:10F13000197DBDE8F08F0B9C01F10043C4E9000389
:10F140000B4601990246D1E9000100F0C7FBBAF174
:10F15000000FB4DCBEE7A29B022B0ADC002B11DC03
:10F160007FF497AE002000218BE6089BDB00029322
:10F1700065E4A29B032B7FF48CAE48AB00260027EE
:10F180000193FBE648AB00200021019387E70026AE
:10F190000027F3E60000F03F000070410000703EE1
:10F1A0002DE9F04F55EC104B85B025F00043B3F13D
:10F1B000795F8DED001B039007DA10EE100A2946E7
:10F1C00000F0F4FF002800F0898022462B462046FC
:10F1D000294600F03BFD06460F4632463B46204698
:10F1E000294600F033FD43A3D3E9002382468B4632
:10F1F0003046394600F02AFD40A3D3E9002300F051
:10F200006DFB32463B4600F021FD3EA3D3E90023CF
:10F2100000F066FB32463B4600F018FD3BA3D3E905
:10F22000002300F05BFB32463B4600F00FFD39A3A4
:10F23000D3E9002300F054FB039B80468946ABB31F
:10F24000DDE900012A4B002200F000FD42464B465A
:10F25000804689465046594600F0F8FC02460B4667
:10F260004046494600F03AFB32463B4600F0EEFC91
:10F27000DDE9002300F032FB1BA3D3E9002306469F
:10F280000F465046594600F0E1FC02460B46304618
:10F29000394600F025FB02460B462046294600F081
:10F2A0001DFB41EC100B05B0BDE8F08F02460B468C
:10F2B0003046394600F0CAFC0BA3D3E9002300F026
:10F2C0000DFB52465B4600F0C1FC22462B4600F087
:10F2D00007FB41EC100B05B0BDE8F08F45EC104B7F
:10F2E00005B0BDE8F08F00BF495555555555C53F90
:10F2F0000000E03F7CD5CF5A3AD9E53DEB9C2B8A04
:10F30000E6E55A3E7DFEB157E31DC73ED561C11902
:10F31000A0012A3FA6F810111111813F0000000042
:10F320002DE9F84F55EC104BCD4B25F000469E4291
:10F33000AA460DDDCB4B9E4200F3B58000F0B080B5
:10F34000BAF1000F40F3F6809FEDA90BBDE8F88FEE
:10F35000C54B9E4200F3C380A3F1DE739E4240F38F
:10F36000AC804FF0FF3B22462B462046294600F05A
:10F370006DFC02460B468046894600F067FC9EA362
:10F38000D3E9002306460F4600F060FC9CA3D3E9B6
:10F39000002300F0A5FA32463B4600F057FC9AA342
:10F3A000D3E9002300F09CFA32463B4600F04EFCC5
:10F3B00097A3D3E9002300F093FA32463B4600F0CE
:10F3C00045FC95A3D3E9002300F08AFA32463B4678
:10F3D00000F03CFC92A3D3E9002300F081FA4246FE
:10F3E0004B4600F033FC90A3D3E9002380468946C6
:10F3F0003046394600F02AFC8DA3D3E9002300F003
:10F400006DFA32463B4600F021FC8BA3D3E9002382
:10F4100000F064FA32463B4600F018FC88A3D3E9BA
:10F42000002300F05BFA32463B4600F00FFC86A357
:10F43000D3E9002300F052FA32463B4600F006FCC6
:10F44000BBF1FF3F02460B4678D04046494600F0EC
:10F4500047FA864E22462B4600F0F8FB844B06EB1B
:10F46000CB064FEACB0B9B44DBE9002300F036FAD6
:10F4700022462B4600F032FA02460B46D6E900013E
:10F4800000F02CFABAF1000F41EC100B13DA10EE79
:10F49000901A024601F1004343EC102BBDE8F88FAF
:10F4A000002C3FF44DAF22462B462046294600F063
:10F4B00017FA41EC100BBDE8F88F65A3D3E90023E0
:10F4C00010EE100A294600F00BFA6A4B002200F0F9
:10F4D0004DFE00283FF445AF45EC104BEBE700F044
:10F4E000D3F8654B9E4255EC104B39DCA3F5502305
:10F4F0009E4262DC10EE102A10EE100A2B462946BE
:10F5000000F0EEF95B4B002200F0E8F900224FF02A
:10F51000804306460F462046294600F0E1F90246A0
:10F520000B463046394600F0BBFC4FF0000B04465A
:10F530000D4618E79FED480BBDE8F88F4046494659
:10F5400000F0CEF922462B4600F080FB02460B4627
:10F550002046294600F0C2F941EC100BBDE8F88FB7
:10F56000464B9E421DDA10EE100A454B00222946FA
:10F5700000F0B4F9424B06460F46002220462946C9
:10F5800000F064FB3B4B002200F0AAF902460B4658
:10F590003046394600F084FC4FF0020B04460D461D
:10F5A000E1E62B4610EE102A3649002000F078FCE8
:10F5B0004FF0030B04460D46D5E610EE100A2D4B16
:10F5C0000022294600F08AF92A4B002206460F46FF
:10F5D0002046294600F084F902460B46304639465B
:10F5E00000F05EFC4FF0010B04460D46BBE600BF89
:10F5F000182D4454FB21F93F11DA22E33AAD903F34
:10F60000EB0D76244B7BA93F513DD0A0660DB13F59
:10F610006E204CC5CD45B73FFF8300922449C23FC1
:10F620000D5555555555D53F2F6C6A2C44B4A2BF86
:10F630009AFDDE522DDEAD3F6D9A74AFF2B0B33F4E
:10F64000711623FEC671BC3FC4EB98999999C93FC6
:10F650009C7500883CE4377E182D4454FB21F9BF8B
:10F66000FFFF0F440000F07FFFFFDB3FF8B507000E
:10F6700018B607000000F03FFFFFF23F0080034094
:10F680000000F83F0000F0BF51EC100B10EE102A04
:10F6900021F0004343EC102B704700BF0000000036
:10F6A00051EC100BF8B5C1F30A53A3F2FF35132D3B
:10F6B00010EE106A0C4620DC002D3DDB384F2F4148
:10F6C00001EA070303431DD033A3D3E9002300F06D
:10F6D00007F90022002300F049FD48B1002C04DAAC
:10F6E0004FF4801343FA05F52C4424EA070400265E
:10F6F0002346324643EC102BF8BD332D05DDB5F51E
:10F70000806F29D041EC100BF8BDA3F213434FF0EA
:10F71000FF37DF400742F5D01FA3D3E9002300F0F5
:10F72000DFF80022002300F021FD0028E0D0002CAB
:10F7300023DB26EA0706DBE717A3D3E9002300F063
:10F74000CFF80022002300F011FD0028D0D0002CBB
:10F750000ADB00263446CBE710EE102A0B4600F0F9
:10F76000BFF841EC100BF8BD24F000430D4A1E43D6
:10F77000002E18BF14460026BAE7142D08D0012326
:10F78000C5F1340503FA05F5AE1928BFE418D0E732
:10F790000134CEE7AFF300809C7500883CE4377EEF
:10F7A000FFFF0F000000F0BF0020704700000000C6
:10F7B00038B553EC102BC3F30A511C46054681BBE8
:10F7C00010EE101A23F00044214329D019460022DC
:10F7D0003D4B3E4C10EE100A00F038FAA5420246AE
:10F7E0000B4616DB0C46C1F30A513639294440F268
:10F7F000FE70814221DC002947DC11F1350F34DA3B
:10F800004CF250318D4218DC002B27A1D1E90001C8
:10F8100044DB25A3D3E9002300F018FA41EC100BD8
:10F8200038BD40F2FF708142E0D110EE100A194657
:10F8300000F056F841EC100B38BD002B1CA1D1E9AB
:10F84000000107DB1AA3D3E9002300F0FFF941EC24
:10F85000100B38BD18A1D1E9000115A3D3E900238D
:10F8600000F0F4F941EC100BF3E724F0FF4424F42A
:10F87000E004363144EA0153104619460022144B85
:10F8800000F0E4F941EC100B38BD24F0FF4424F4FF
:10F89000E00444EA015343EC102B38BD08A1D1E940
:10F8A0000001B6E7AFF3008059F3F8C21F6EA5015F
:10F8B0009C7500883CE4377E9C7500883CE437FEEC
:10F8C00059F3F8C21F6EA58100005043B03CFFFF02
:10F8D0000000903C81F0004102E000BF83F0004353
:10F8E00030B54FEA41044FEA430594EA050F08BFDB
:10F8F00090EA020F1FBF54EA000C55EA020C7FEA9F
:10F90000645C7FEA655C00F0E2804FEA5454D4EB1B
:10F910005555B8BF6D420CDD2C4480EA020281EAE5
:10F92000030382EA000083EA010180EA020281EA1D
:10F930000303362D88BF30BD11F0004F4FEA01316F
:10F940004FF4801C4CEA113102D0404261EB41017E
:10F9500013F0004F4FEA03334CEA133302D0524204
:10F9600063EB430394EA050F00F0A780A4F10104C0
:10F97000D5F1200E0DDB02FA0EFC22FA05F28018FA
:10F9800041F1000103FA0EF2801843FA05F35941E0
:10F990000EE0A5F120050EF1200E012A03FA0EFC5F
:10F9A00028BF4CF0020C43FA05F3C01851EBE37189
:10F9B00001F0004507D54FF0000EDCF1000C7EEBA6
:10F9C00000006EEB0101B1F5801F1BD3B1F5001FE4
:10F9D0000CD349085FEA30004FEA3C0C04F1010403
:10F9E0004FEA445212F5800F80F09A80BCF1004F2C
:10F9F00008BF5FEA500C50F1000041EB045141EAAE
:10FA0000050130BD5FEA4C0C404141EB0101013C76
:10FA100028BFB1F5801FE9D291F0000F04BF014665
:10FA20000020B1FA81F308BF2033A3F10B03B3F137
:10FA300020020CDA0C3208DD02F1140CC2F10C02C7
:10FA400001FA0CF021FA02F10CE002F11402D8BF25
:10FA5000C2F1200C01FA02F120FA0CFCDCBF41EAF1
:10FA60000C019040E41AA2BF01EB0451294330BDC0
:10FA70006FEA04041F3C1CDA0C340EDC04F114049D
:10FA8000C4F1200220FA04F001FA02F340EA030074
:10FA900021FA04F345EA030130BDC4F10C04C4F1BA
:10FAA000200220FA02F001FA04F340EA030029469A
:10FAB00030BD21FA04F0294630BD94F0000F83F4E4
:10FAC000801306BF81F480110134013D4EE77FEAC7
:10FAD000645C18BF7FEA655C29D094EA050F08BF13
:10FAE00090EA020F05D054EA000C04BF19461046F4
:10FAF00030BD91EA030F1EBF0021002030BD5FEA38
:10FB0000545C05D14000494128BF41F0004130BD5F
:10FB100014F580043CBF01F5801130BD01F00045B3
:10FB200045F0FE4141F470014FF0000030BD7FEA26
:10FB3000645C1ABF194610467FEA655C1CBF0B4621
:10FB4000024650EA013406BF52EA033591EA030F38
:10FB500041F4002130BD00BF90F0000F04BF002130
:10FB6000704730B54FF4806404F132044FF0000563
:10FB70004FF0000150E700BF90F0000F04BF0021DC
:10FB8000704730B54FF4806404F1320410F0004542
:10FB900048BF40424FF000013EE700BF42004FEA3D
:10FBA000E2014FEA31014FEA02701FBF12F07F43BA
:10FBB00093F07F4F81F06051704732F07F4208BF71
:10FBC000704793F07F4F04BF41F40021704730B578
:10FBD0004FF4607401F0004521F000411CE700BFC4
:10FBE00050EA010208BF704730B54FF000050AE047
:10FBF00050EA010208BF704730B511F0004502D548
:10FC0000404261EB41014FF4806404F132045FEA49
:10FC1000915C3FF4D8AE4FF003025FEADC0C18BFF2
:10FC200003325FEADC0C18BF033202EBDC02C2F1E4
:10FC3000200300FA03FC20FA02F001FA03FE40EA76
:10FC40000E0021FA02F11444BDE600BF70B54FF07A
:10FC5000FF0C4CF4E06C1CEA11541DBF1CEA135558
:10FC600094EA0C0F95EA0C0F00F0DEF82C4481EAC0
:10FC7000030621EA4C5123EA4C5350EA013518BFE0
:10FC800052EA033541F4801143F4801338D0A0FBCD
:10FC900002CE4FF00005E1FB02E506F00042E0FB7A
:10FCA00003E54FF00006E1FB03569CF0000F18BF80
:10FCB0004EF0010EA4F1FF04B6F5007F64F5407428
:10FCC00004D25FEA4E0E6D4146EB060642EAC621BB
:10FCD00041EA55514FEAC52040EA5E504FEACE2E28
:10FCE000B4F1FD0C88BFBCF5E06F1ED8BEF1004F2B
:10FCF00008BF5FEA500E50F1000041EB045170BDA7
:10FD000006F0004646EA010140EA020081EA0301EA
:10FD1000B4EB5C04C2BFD4EB0C0541EA045170BDE6
:10FD200041F480114FF0000E013C00F3AB8014F160
:10FD3000360FDEBF002001F0004170BDC4F10004A9
:10FD4000203C35DA0C341BDC04F11404C4F120052A
:10FD500000FA05F320FA04F001FA05F240EA020085
:10FD600001F0004221F0004110EBD37021FA04F6BB
:10FD700042EB06015EEA430E08BF20EAD37070BD75
:10FD8000C4F10C04C4F1200500FA04F320FA05F0D4
:10FD900001FA04F240EA020001F0004110EBD370D6
:10FDA00041F100015EEA430E08BF20EAD37070BD46
:10FDB000C4F1200500FA05F24EEA020E20FA04F31F
:10FDC00001FA05F243EA020321FA04F001F00041CE
:10FDD00021FA04F220EA020000EBD3705EEA430E3F
:10FDE00008BF20EAD37070BD94F0000F0FD101F06E
:10FDF0000046400041EB010111F4801F08BF013CA7
:10FE0000F7D041EA060195F0000F18BF704703F0E4
:10FE10000046520043EB030313F4801F08BF013D6B
:10FE2000F7D043EA0603704794EA0C0F0CEA135527
:10FE300018BF95EA0C0F0CD050EA410618BF52EAE1
:10FE40004306D1D181EA030101F000414FF00000E7
:10FE500070BD50EA410606BF1046194652EA4306F5
:10FE600019D094EA0C0F02D150EA013613D195EA69
:10FE70000C0F05D152EA03361CBF104619460AD1B1
:10FE800081EA030101F0004141F0FE4141F47001BB
:10FE90004FF0000070BD41F0FE4141F4780170BDAB
:10FEA00070B54FF0FF0C4CF4E06C1CEA11541DBF10
:10FEB0001CEA135594EA0C0F95EA0C0F00F0A7F812
:10FEC000A4EB050481EA030E52EA03354FEA01313F
:10FED00000F088804FEA03334FF0805545EA131352
:10FEE00043EA12634FEA022245EA111545EA10651A
:10FEF0004FEA00260EF000419D4208BF964244F1B1
:10FF0000FD0404F5407402D25B084FEA3202B61ACF
:10FF100065EB03055B084FEA32024FF480104FF4A3
:10FF2000002CB6EB020E75EB030E22BFB61A754617
:10FF300040EA0C005B084FEA3202B6EB020E75EBAA
:10FF4000030E22BFB61A754640EA5C005B084FEA12
:10FF50003202B6EB020E75EB030E22BFB61A7546DF
:10FF600040EA9C005B084FEA3202B6EB020E75EBEA
:10FF7000030E22BFB61A754640EADC0055EA060EAB
:10FF800018D04FEA051545EA16754FEA06164FEAEE
:10FF9000C30343EA52734FEAC2025FEA1C1CC0D19A
:10FFA00011F4801F0BD141EA00014FF000004FF027
:10FFB000004CB6E711F4801F04BF01430020B4F1E8
:10FFC000FD0C88BFBCF5E06F3FF6AFAEB5EB030CA0
:10FFD00004BFB6EB020C5FEA500C50F1000041EB9D
:10FFE000045170BD0EF0004E4EEA113114EB5C046A
:10FFF000C2BFD4EB0C0541EA045170BD41F480113D
:0200000270008C
:100000004FF0000E013C90E645EA060E8DE60CEA44
:10001000135594EA0C0F08BF95EA0C0F3FF43BAF61
:1000200094EA0C0F0AD150EA01347FF434AF95EA18
:100030000C0F7FF425AF104619462CE795EA0C0FFC
:1000400006D152EA03353FF4FDAE1046194622E7C9
:1000500050EA410618BF52EA43067FF4C5AE50EAA3
:1000600041047FF40DAF52EA43057FF4EBAE12E793
:100070004FF0FF3C06E000BF4FF0010C02E000BF74
:100080004FF0010C4DF804CD4FEA410C7FEA6C5C57
:100090004FEA430C18BF7FEA6C5C1BD001B050EAFA
:1000A000410C0CBF52EA430C91EA030F02BF90EAE5
:1000B000020F0020704710F1000F91EA030F58BFA4
:1000C000994208BF90422CBFD8176FEAE37040F006
:1000D000010070474FEA410C7FEA6C5C02D150EAA4
:1000E000013C07D14FEA430C7FEA6C5CD6D152EA5F
:1000F000033CD3D05DF8040B704700BF8446104624
:1001000062468C461946634600E000BF01B5FFF722
:10011000B7FF002848BF10F1000F01BD4DF808EDF2
:10012000FFF7F4FF0CBF012000205DF808FB00BFC3
:100130004DF808EDFFF7EAFF34BF012000205DF81D
:1001400008FB00BF4DF808EDFFF7E0FF94BF01206A
:1001500000205DF808FB00BF4DF808EDFFF7CEFF6B
:1001600094BF012000205DF808FB00BF4DF808EDAA
:10017000FFF7C4FF34BF012000205DF808FB00BF7B
:100180004FEA410C7FEA6C5C02D150EA013C0AD193
:100190004FEA430C7FEA6C5C02D152EA033C02D185
:1001A0004FF0000070474FF0010070474FEA4102E6
:1001B00012F5001215D211D56FF47873B3EB6252B9
:1001C00012D94FEAC12343F0004343EA505311F0E0
:1001D000004F23FA02F018BF404270474FF0000072
:1001E000704750EA013005D111F0004008BF6FF0B0
:1001F000004070474FF00000704700BF4A0011D226
:1002000012F5001211D20DD56FF47873B3EB625270
:100210000ED44FEAC12343F0004343EA505323FA7C
:1002200002F070474FF00000704750EA013002D1F1
:100230004FF0FF3070474FF0000070474FEA410227
:10024000B2F1E04324BFB3F5001CDCF1FE5C0DD934
:1002500001F0004C4FEAC0024CEA5070B2F1004F7E
:1002600040EB830008BF20F00100704711F0804F81
:1002700021D113F13872BCBF01F00040704741F446
:1002800080114FEA5252C2F11802C2F1200C10FA4A
:100290000CF320FA02F018BF40F001004FEAC1232E
:1002A0004FEAD32303FA0CFC40EA0C0023FA02F3D2
:1002B0004FEA4303CCE77FEA625307D150EA0133A8
:1002C0001EBF4FF0FE4040F44000704701F0004078
:1002D00040F0FE4040F40000704700BF80F0004056
:1002E00002E000BF81F0004142001FBF5FEA41030E
:1002F00092EA030F7FEA226C7FEA236C6AD04FEA0E
:100300001262D2EB1363C1BFD21841404840414052
:10031000B8BF5B42192B88BF704710F0004F40F404
:10032000000020F07F4018BF404211F0004F41F420
:10033000000121F07F4118BF494292EA030F3FD0EC
:10034000A2F1010241FA03FC10EB0C00C3F12003FF
:1003500001FA03F100F0004302D5494260EB40008E
:10036000B0F5000F13D3B0F1807F06D340084FEAF9
:10037000310102F10102FE2A51D2B1F1004F40EBEE
:10038000C25008BF20F0010040EA03007047490056
:1003900040EB0000013A28BFB0F5000FEDD2B0FAF3
:1003A00080FCACF1080CB2EB0C0200FA0CF0AABF16
:1003B00000EBC25052421843BCBFD04018437047B4
:1003C00092F0000F81F4000106BF80F400000132BA
:1003D000013BB5E74FEA41037FEA226C18BF7FEA91
:1003E000236C21D092EA030F04D092F0000F08BFD3
:1003F0000846704790EA010F1CBF0020704712F0BA
:100400007F4F04D1400028BF40F00040704712F1F8
:1004100000723CBF00F50000704700F0004343F05D
:10042000FE4040F4000070477FEA226216BF084693
:100430007FEA23630146420206BF5FEA412390EA56
:10044000010F40F4800070474FF0000304E000BF4C
:1004500010F0004348BF40425FEA000C08BF7047FD
:1004600043F0964301464FF000001CE050EA0102C1
:1004700008BF70474FF000030AE000BF50EA0102D6
:1004800008BF704711F0004302D5404261EB4101C3
:100490005FEA010C02BF84460146002043F0B643E8
:1004A00008BFA3F18053A3F50003BCFA8CF2083A0D
:1004B000A3EBC25310DB01FA02FC634400FA02FC16
:1004C000C2F12002BCF1004F20FA02F243EB02001D
:1004D00008BF20F00100704702F1200201FA02FC7F
:1004E000C2F1200250EA4C0021FA02F243EB020072
:1004F00008BF20EADC7070477BB972B90029BEBF23
:1005000000204FF0004106E008BF00281CBF6FF03C
:1005100000414FF0FF3000F003BAADF1080C6DE977
:1005200004CE002909DB002B1ADB00F097F8DDF878
:1005300004E0DDE9022304B07047404261EB410171
:10054000002B1BDB00F08AF8DDF804E0DDE9022374
:1005500004B0404261EB4101524263EB43037047F8
:10056000524263EB430300F079F8DDF804E0DDE983
:10057000022304B0404261EB41017047524263EBF9
:10058000430300F06BF8DDF804E0DDE9022304B07A
:10059000524263EB4303704753B94AB9002908BF7D
:1005A00000281CBF4FF0FF314FF0FF3000F0B8B90A
:1005B000ADF1080C6DE904CE00F050F8DDF804E070
:1005C000DDE9022304B07047430803F05533C01A35
:1005D000830803F0333300F03330184400EB10107D
:1005E00000F00F3000EB002000EB0040000E7047E1
:1005F00038B50022002304460D46FFF799FD28B9BF
:1006000020462946BDE8384000F00AB8204605F1EA
:10061000004100F005F8404261EB410138BD00BFE8
:10062000D0B50C4B002206460F46FFF70FFBFFF735
:10063000E5FD0446FFF790FA074B0022FFF706FBA3
:1006400002460B4630463946FFF748F9FFF7D6FD1C
:100650002146D0BD0000F03D0000F0412DE9F047FB
:10066000089D04468C46002B40F083808A42174642
:1006700047D9B2FA82F242B1C2F1200024FA00F066
:100680009140974040EA010C94404FEA1748230CF0
:10069000BCFBF8F61FFA87FE08FB16C143EA0143CC
:1006A00006FB0EF1994209D9FB1806F1FF3080F0E4
:1006B0001981994240F21681023E3B445B1AA4B272
:1006C000B3FBF8F008FB103344EA034400FB0EFED2
:1006D000A64509D93C1900F1FF3380F00581A645F4
:1006E00040F2028102383C4440EA0640A4EB0E048A
:1006F00000261DB1D4400023C5E900433146BDE8C2
:10070000F08702B9FFDEB2FA82F2002A50D1CB1B89
:100710004FEA174E1FFA87F80126B3FBFEFC210CA7
:100720000EFB1C3341EA034108FB0CF38B4207D953
:1007300079180CF1FF3002D28B4200F2E980844636
:10074000C91AA3B2B1FBFEF00EFB101143EA01443B
:1007500008FB00F8A04507D93C1900F1FF3302D28D
:10076000A04500F2D9801846A4EB080440EA0C40EA
:10077000BFE78B4209D9002D00F0B1800026C5E902
:10078000000130463146BDE8F087B3FA83F6002E0B
:100790004AD18B4202D3824200F2B880841A61EBC4
:1007A000030101208C46002DA8D0C5E9004CA5E727
:1007B000C2F1200320FA03F6974001FA02F04FEA53
:1007C000174ED9403043030CB1FBFEF61FFA87F8F1
:1007D0000EFB161143EA014306FB08F1994204FAA5
:1007E00002F409D9FB1806F1FF3C80F08D80994294
:1007F00040F28A80023E3B445B1A81B2B3FBFEF0BA
:100800000EFB103341EA034100FB08F38B4207D98A
:10081000791800F1FF3C73D28B4271D90238394408
:10082000CB1A40EA064678E7C6F1200C03FA06F434
:1008300022FA0CF31C4320FA0CF701FA06F34FEAF4
:10084000144E21FA0CF11F433B0CB1FBFEF91FFAC9
:1008500084F80EFB191143EA014109FB08FA8A45A5
:1008600002FA06F200FA06F308D9611809F1FF301E
:1008700048D28A4546D9A9F102092144A1EB0A01CF
:10088000BFB2B1FBFEF00EFB101147EA014700FBBF
:1008900008F8B84507D9E71900F1FF312ED2B8455D
:1008A0002CD90238274440EA0940A7EB0807A0FBEF
:1008B00002894F45C64649461AD317D05DB1B3EBFE
:1008C0000E0267EB010707FA0CFCF2404CEA020249
:1008D000F740C5E9002700263146BDE8F0872E46DF
:1008E00028460BE70646E9E61846FDE64345E5D20D
:1008F000B8EB020E69EB04010138DFE70846D2E7E6
:1009000060468DE78146B9E7664675E730464AE7B7
:10091000ACF1020C394413E702383C4424E700BF31
:10092000704700BF1FB514461A46094B1B680546A1
:10093000D8684CB1074B0091CDE9013406492B46EC
:1009400000F03EF802F0AEF9044B1C46F3E700BF9E
:100950008864002038B6070045B6070073B6070064
:10096000002101F05BBF0A22002102F02FB8000035
:1009700010B5054C13462CB10A4601460220AFF3D0
:10098000008010BD2046FCE700000000014B186805
:10099000704700BF8864002008B5074B044613B1B8
:1009A0000021AFF30080054B1868836A03B19847B4
:1009B000204604F039FC00BF0000000074B60700B8
:1009C0000EB403B5014603AB054853F8042B006889
:1009D000019300F0AFF902B05DF804EB03B070478B
:1009E0008864002070B50D4D0D4C641BA4100026CA
:1009F000A64209D10B4D0C4C04F018FC641BA4104A
:100A00000026A64205D170BD55F8043B9847013633
:100A1000EEE755F8043B98470136F2E75C660020A4
:100A20005C6600205C66002084660020024B014664
:100A3000186800F0FBB800BF88640020024B014634
:100A4000186800F0A3B800BF886400200000000010
:100A500001F0FF01102A2BDB10F0070F08D010F86F
:100A6000013B013A8B422DD010F0070F42B3F6D173
:100A7000F0B441EA012141EA014122F007047FF08C
:100A800000070023F0E80256083C85EA010586EAE3
:100A9000010685FA47F5A3FA87F586FA47F6A5FA1F
:100AA00087F68EB9EED1F0BC01F0FF0102F007022B
:100AB00032B110F8013B013A83EA010313B1F8D1D6
:100AC0000020704701387047002D06BF35460338B7
:100AD000073815F0010F07D1013015F4807F02BFF0
:100AE000013015F4C03F0130F0BC0138704700BF41
:100AF00030B501390024A24201D1002005E0035D98
:100B000001340D5DAB42F6D0581B30BD0A44914212
:100B100000F1FF3300D1704710B511F8014B03F815
:100B2000014F9142F9D110BD884210B501EB02048A
:100B300002D98442234607D8431EA14208D011F8A7
:100B4000012B03F8012FF8E7024401468A4200D145
:100B500010BD13F8014D02F8014DF7E702440346BA
:100B6000934200D1704703F8011BF9E713B54A43DC
:100B70001146019200F05AF8044618B1019A00217A
:100B8000FFF7ECFF204602B010BD000037B500298A
:100B900048D051F8043C0190002BA1F10404B8BFE7
:100BA000E41803F0A7FC204A01981368154633B9EE
:100BB0006360146003B0BDE8304003F0A1BCA34201
:100BC0000BD921686218934204BF1A685B6863609E
:100BD00004BF521822602C60ECE71A465B680BB128
:100BE000A342FAD911685518A5420BD124682144B3
:100BF0005418A3421160DDD11C685B685360214426
:100C00001160D7E702D90C230360D3E72568611987
:100C10008B4204BF19685B68636004BF4919216097
:100C20005460C7E703B030BD60910120F8B5CD1C1A
:100C300025F0030508350C2D38BF0C25002D064680
:100C400001DBA94203D90C2333600020F8BD03F077
:100C500051FC21490A6814469CB9204F3B6823B9CE
:100C60002146304600F060FE38602946304600F0EC
:100C70005BFE431C23D10C233360304603F040FC61
:100C8000E3E723685B1B17D40B2B03D923601C44B9
:100C9000256004E06368A2420CBF0B6053603046DD
:100CA00003F02EFC04F10B00231D20F00700C21AF4
:100CB000CCD01B1AA350C9E722466468CCE7C41CF9
:100CC00024F00304A042E3D0211A304600F02CFEA9
:100CD0000130DDD1CFE700BF609101206491012098
:100CE0009368013B002B10B4936008DA9469A34227
:100CF00001DB0A2903D15DF8044B01F001BF136841
:100D0000581C1060197008465DF8044B7047F8B520
:100D100006460F461446D518AC4201D1002007E024
:100D200014F8011B3A463046FFF7DAFF431CF3D1B3
:100D3000F8BD00002DE9F04F0D469DB014469846D1
:100D4000064618B183690BB902F04AFF894B9D42F0
:100D50001BD175686B6ED90705D4AB899A0502D48F
:100D6000A86D03F03CFBAB891B0701D52B69EBB9E0
:100D70002946304601F028FFC0B16B6EDC070ED566
:100D80004FF0FF301DB0BDE8F08F7B4B9D4201D18D
:100D9000B568DFE7794B9D4208BFF568DAE7AB89B4
:100DA0009805EDD4A86D03F01BFBE9E70023099338
:100DB00020238DF82930CDF80C803023DFF8C08156
:100DC0008DF82A304FF0010923469A4613F8012B7B
:100DD0000AB1252AF9D1BAEB040B0BD05B462246A7
:100DE00029463046FFF793FF013000F0AA80099AA8
:100DF0005A4409929AF80030002B00F0A280002398
:100E00004FF0FF32CDE905230AF1010A049307935D
:100E10008DF853301A935446052214F8011B584894
:100E2000FFF716FE049AD8B9D10644BF20238DF8E7
:100E30005330130744BF2B238DF853309AF80030FA
:100E40002A2B15D0079A544600204FF00A0C214651
:100E500011F8013B303B092B4ED9B0B1079214E099
:100E6000A0EB080309FA03F313430493A246D2E765
:100E7000039B191D1B680391002BBBBF5B4242F013
:100E8000020207930793B8BF049223782E2B0CD14C
:100E900063782A2B35D1039B1A1D1B680392002B04
:100EA000B8BF4FF0FF3302340593DFF8E4A0217898
:100EB00003225046FFF7CCFD40B14023A0EB0A00CF
:100EC00003FA00F0049B03430134049314F8011B5C
:100ED0002C488DF828100622FFF7BAFD00283FD0D5
:100EE000294B1BBB039B073323F0070308330393F2
:100EF000099B3B44099367E70CFB02320C46012037
:100F0000A5E700230134059319464FF00A0C20464B
:100F100010F8012B303A092A03D9002BC5D00591CE
:100F2000C3E70CFB012104460123F0E703AB009368
:100F30002A46164B04A9304600F0CCF80746781C28
:100F4000D6D16B6ED90705D4AB899A0502D4A86DAA
:100F500003F046FAAB895B063FF512AF099811E73B
:100F600003AB00932A46094B04A9304600F056FB18
:100F7000E4E700BF40B8070060B8070020B80700EA
:100F800078B6070082B60700D51007000F0D0700DE
:100F90007EB607002DE9FF4755EC104B002D0E469D
:100FA00019462B46BBBF05F100431D4600232D23E8
:100FB0000B700D9BDDF830A0914623F02008BCBFDC
:100FC00022461446B8F1460F05D0B8F1450F00D1BE
:100FD0000136022100E0032103AB019302AB009331
:100FE00045EC104B5346324601F002FFB8F1470F73
:100FF000074602D119F0010F22D0B8F1460F07EBD6
:10100000060910D13B78302B0AD10022002320465C
:101010002946FFF783F818B9C6F10106CAF800603F
:10102000DAF8003099440022002320462946FFF7D1
:1010300075F808B1CDF80C903022039B4B4507D3CF
:10104000039B0E9ADB1B3846136004B0BDE8F087A3
:10105000591C03911A70F0E7F7B503460029B8BF91
:10106000494203F8022BB4BF2D222B2209294270DA
:101070002ADD0DF10704A4460A27A6460A4691FB7D
:10108000F7F607FB16153035632A04F1FF340EF826
:10109000015C3146F1DC3031AEF1020504F8011C8F
:1010A000441C294661450AD30DF10902A2EB0E0248
:1010B000654588BF00221344181A03B0F0BD11F82B
:1010C000012B04F8012FEDE7302330318370C1701C
:1010D000031DF1E72DE9F04F2DED028B8DB00C468D
:1010E000DDF8608016461F46054603F073F9D0F818
:1010F00000A0504600F01BFD00230A9323680593CF
:10110000D8F8003094F818B0073323F0070303F140
:101110000802C8F80020D3E90023C4E91223D4E967
:10112000128929F000430793CDF8188008EE100AC1
:101130009F4BDDE906014FF0FF32FFF721F888BB36
:10114000DDE906019A4B4FF0FF32FEF7FBFF48BB8B
:101150000022002340464946FEF7EAFF10B12D2346
:1011600084F84330934B9448BBF1470F94BF9846A3
:10117000804603232361059B23F0040222604FF085
:101180000009009733460BAA2146284600F0D8F9FB
:10119000013040F090804FF0FF300DB0BDEC028B7D
:1011A000BDE8F08F42464B4640464946FEF7E8FF11
:1011B00040B14B46002BBCBF2D2384F843307F4801
:1011C0007F4BD1E763680BF0DF0206925A1C3FD1D8
:1011D00006236360059B616843F4806200230393E8
:1011E0000AABCDE901B309AB49EC108B0093226047
:1011F0000DF123032846FFF7CDFE069B0999472BE7
:10120000804608D1C81C02DB6368994241DDABF11E
:10121000020B5FFA8BFBBBF1650F20D801395A46F0
:1012200004F150000991FFF717FF0A9A1318012AD9
:101230008146236102DC2268D20701D50133236194
:101240009DF82330002B9CD02D2384F8433098E761
:10125000069A472ABED1002BBCD10123B9E7BBF1C6
:10126000660F18D1002963680BDD216113B922686C
:10127000D00702D501330B442361A1654FF000096B
:10128000DEE713B92268D20701D50233F4E7012360
:10129000F2E74FF0670B0A9B994205DB2368216157
:1012A000D807EAD54B1CE7E70029D4BFC1F10202F9
:1012B00001221344E0E723685A0507D42369424614
:1012C00031462846B84701302CD164E7BBF1650FA1
:1012D00040F2E080D4E9120100220023FEF71EFF55
:1012E000002834D0374A012331462846B847013018
:1012F0003FF451AFDDE909239A4202DB2368D807A6
:1013000010D518EE103A524631462846B8470130FB
:101310003FF441AF4FF0000804F11A090A9B013B6A
:10132000434509DC23689B0700F10581E0680B9BBE
:101330009842B8BF184630E701234A46314628464E
:10134000B84701303FF427AF08F10108E6E7099BF1
:10135000002B39DC1B4A012331462846B8470130AF
:101360003FF419AFDDE90923134302D12368D907FC
:10137000D8D518EE103A524631462846B8470130C3
:101380003FF409AF4FF0000904F11A0A099B5B42D0
:101390004B4501DC0A9B92E7012352463146284621
:1013A000B84701303FF4F7AE09F10109EEE700BF9D
:1013B000FFFFEF7F89B607008DB6070095B60700DF
:1013C00091B6070099B607000A9AA36D9A42A8BF82
:1013D0001A46002A914637DC4FF0000B29EAE979DA
:1013E00004F11A02A36D0593A3EB09035B4533DCFB
:1013F000DDE909239A423BDB2368DA0738D40A9AED
:10140000059B0999D31AA2EB01099945A8BF9946F2
:10141000B9F1000F35DC4FF0000829EAE97904F151
:101420001A0ADDE909239B1AA3EB090343457FF759
:1014300079AF0123524631462846B84701303FF480
:10144000AAAE08F10108ECE71346314642462846A9
:10145000B8470130C0D19EE60123314628460592A7
:10146000B84701303FF497AE059A0BF1010BB9E78D
:1014700018EE103A524631462846B8470130BED1E0
:1014800089E6059A4B46424431462846B847013022
:10149000C1D180E60A9A012A01DCDB0738D5012395
:1014A000424631462846B84701303FF474AE18EE44
:1014B000103A524631462846B84701303FF46BAEE9
:1014C000D4E9120100220023FEF728FED8B90A9BB6
:1014D00008F10102013B31462846B84701300ED1E0
:1014E00059E60123524631462846B84701303FF4B9
:1014F00052AE08F101080A9B013B4345F1DC4B4623
:1015000004F15002DCE64FF0000804F11A0AF2E799
:1015100001234246DFE701234A4631462846B847C1
:1015200001303FF438AE08F10108E3680B995B1A0B
:101530004345F0DCFAE64FF0000804F11909F4E73E
:101540002DE9F047164699468A680B69DDF8208038
:101550009342B8BF1346336091F8432007460C46C8
:101560000AB1013333602368990642BF33680233FE
:101570003360256815F0060506D104F1190AE36801
:1015800032689B1AAB4226DC94F84320131E226873
:1015900018BF012392062BD404F143024946384672
:1015A000C04701301ED02368E568326803F00603A7
:1015B000042B08BFAD1AA36822690CBF25EAE575A4
:1015C00000259342C4BF9B1AED1800261A34B54279
:1015D0001AD1002008E00123524649463846C04748
:1015E000013003D14FF0FF30BDE8F0870135C6E789
:1015F000E1185A1C302081F84300224494F8451029
:1016000082F843100233C7E7012322464946384691
:10161000C0470130E6D00136D9E700002DE9FF4789
:101620000C469146277E0C99782F80469A4604F105
:10163000430207D8622F0AD8002F00F0D880582F15
:1016400000F0A38004F1420684F842703AE0A7F16A
:101650006303152BF6D801A050F823F0B516070048
:10166000C91607004516070045160700451607006E
:1016700045160700C916070045160700451607005E
:101680004516070045160700D5170700F91607008D
:10169000B71707004516070045160700F71707009C
:1016A00045160700F91607004516070045160700FE
:1016B000BF1707000B681A1D1B680A6004F1420679
:1016C00084F842300123A3E0256808682E0600F163
:1016D00004030AD505680B60002D03DA2D236D4243
:1016E00084F843305E480A2319E015F0400F05687E
:1016F0000B6018BF2DB2EFE70B682568181D086056
:10170000280601D51D6802E06906FBD51D885448EE
:101710006F2F0CBF08230A23002184F8431066684A
:10172000A660002EA2BF216821F0040121600DB93E
:10173000002E4DD01646B5FBF3F103FB1157C75DE4
:1017400006F8017D2F46BB420D46F4D9082B0BD17C
:101750002368DF0708D5236961689942DEBF30231B
:1017600006F8013C06F1FF36921B2261CDF800A07D
:101770004B4603AA21464046FFF7E2FE01304CD11A
:101780004FF0FF3004B0BDE8F087354884F845706D
:1017900023680E681F0656F8045B0E6014D5D9073F
:1017A00044BF43F0200323601DB9236823F02003C6
:1017B00023601023B0E7236843F0200323607823DD
:1017C000284884F84530E3E75E0648BFADB2E6E757
:1017D0001646BBE70B68266860691D1D0D6035065F
:1017E0001B6801D5186002E07106FBD51880002344
:1017F00023611646BAE70B681A1D0A601E68626804
:1018000000213046FFF724F908B1801B606063684F
:101810002361002384F84330A8E723693246494610
:101820004046D0470130ABD023689B0713D4E06813
:10183000039B9842B8BF1846A4E7012332464946A5
:101840004046D04701309BD00135E36803995B1ACD
:10185000AB42F2DCEBE7002504F11906F5E700BF27
:101860009BB60700ACB6070038B50D4B1D68AB6BD7
:1018700004467BB91820F4F7D3F90A4A0A4BA86347
:10188000C0E90023094B83600B23838101220023DD
:10189000C0E90423AB6B00221C615A6138BD00BF54
:1018A000886400200E33CDAB34126DE6ECDE05000B
:1018B000134B10B51C68A36B7BB91820F4F7B0F973
:1018C000104A114BA063C0E90023104B83600B2327
:1018D000838101220023C0E90423A16B0C480A691B
:1018E0004B690C4C504304FB0300A2FB04345A1C0C
:1018F000044444F10000C1E9042020F0004010BD80
:10190000886400200E33CDAB34126DE6ECDE0500AA
:101910002DF451582D7F954C024B0A46014618680C
:1019200003F033BA8864002038B5064D002304461E
:1019300008462B60F6F7A2FC431C02D12B6803B1CA
:10194000236038BD189401200CB430B5174B0C1E21
:101950001D689DB008DA8B232B604FF0FF301DB05F
:10196000BDE8304002B070474FF40273ADF8143058
:1019700014BF04F1FF332346049307934FF6FF731C
:1019800002900690ADF81630209A21AB02A92846A5
:10199000019303F07BFA431CBCBF8B232B60002C0C
:1019A000DDD0029B00221A70D9E700BF88640020B6
:1019B0000EB400B59CB01DAB029006906FF00041D4
:1019C000094807910491094953F8042B05910068CF
:1019D000019302A903F05AFA029B00221A701CB06C
:1019E0005DF804EB03B07047886400200802FFFF35
:1019F00010B50C46B1F90E1003F048FB0028ABBF40
:101A0000636DA3891B1823F48053ACBF6365A38166
:101A100010BD2DE9F0411F468B89DB0505460C46BC
:101A2000164605D5B1F90E100223002202F0DAFCA9
:101A3000A389B4F90E1023F48053A38132463B46A8
:101A40002846BDE8F04101F0ADB810B50C46B1F93B
:101A50000E1002F0C7FC431CA38915BF606523F478
:101A6000805343F48053A38118BFA38110BDB1F903
:101A70000E1001F01FB9000070B50C4D04462E4643
:101A800014F8013B5A5D02F00302012A11F8012B00
:101A9000B05C00F0030008BF2033012808BF2032EB
:101AA000981A01D1002AEBD170BD00BF11B7070011
:101AB00010B50246147813460132002CFAD1013BCE
:101AC00011F8012B03F8012F002AF9D110BDC9B27A
:101AD000034610F8012B1AB18A42F9D11846704713
:101AE000002918BF0023F9E710F8012B11F8013B7A
:101AF000012A28BF9A42F7D0D01A7047034611F83E
:101B0000012B03F8012B002AF9D1704770B5034669
:101B10001E4613F8014B44B14A1E01E0A54204D011
:101B200012F8015F002DF9D1F2E7301A70BD0346BB
:101B300013F8012B002AFBD1181A0138704710B591
:101B40006AB10139841810F8013B11F8012F934252
:101B500003D1A04201D0002BF5D1981A10BD104638
:101B6000FCE710B50139034632B111F8014F03F813
:101B7000014B013A002CF7D11A440021934200D1C5
:101B800010BD03F8011BF9E738B503460C4669B9E7
:101B9000BDE83840FFF79BBF431C05462146184669
:101BA000FFF795FF0028F7D1284638BD0025F5E757
:101BB00070B503461E4613F8014B3CB14A1E01E0C6
:101BC000A542F7D012F8015F002DF9D1301A70BD8F
:101BD00070B504460D4645EC104B164602F092FFD8
:101BE00051EC100B7EB1C5F30A53C3F16B03002B0C
:101BF00009DD1B0503F17F55002405F5401522463C
:101C00002B46FEF723F870BD2DE9F04FA3B01F4619
:101C100000231E93A44B19921B6807930446184691
:101C20008846FFF784FF4FF0000A05464FF0000B8F
:101C3000CDF874801D9B1A782B2A4CD039D80D2AE8
:101C400032D8082A32D8002A3CD000230E931D9E99
:101C50003378302B40F0B480737803F0DF03582BD7
:101C60006CD10E9B01931EAB029700938F4A1FAB62
:101C70001DA9204602F0B8F810F00707054605D068
:101C8000062F2AD1013600231D960E93199B002B97
:101C900040F096850E9BDBB152460BF1004343ECBE
:101CA000102B23B0BDE8F08F202ACED101331D9335
:101CB000C0E72D2AC9D101220E925A1C1D925B78D1
:101CC000002BC4D1199BCDF87480002B40F0768591
:101CD00052465B46E3E70022EEE71E9A3AB1352111
:101CE00020A803F00EF81E99204602F043FC013FA5
:101CF000052F07D8DFE807F00E0B181D0E034FF075
:101D0000000BDA462807C1D54BF0004BBEE7DDE9F2
:101D100020ABF7E7DDE920A31F9A23F4801302F23A
:101D2000334243EA025BEDE7DFF884B14FF0000A8B
:101D3000E8E76FF0004B4FF0FF3AE3E71D9B5A1CBA
:101D40001D925B78302BF9D0002B9FD001234FF0F0
:101D5000000904931D9B0A93CDF824904F460A2254
:101D60001D980678A6F13003D9B209292AD9079916
:101D70002A46FFF7E4FE98B3002033463D4607901D
:101D80000246652B01D0452B18D11DB9049B034396
:101D900098D00025DDF8748008F101031D9398F8B0
:101DA00001302B2B75D02D2B7BD04FF0000CA3F1E5
:101DB0003001092940F28280CDF8748000269DE030
:101DC0000023C4E7082FD8BF099900F10100DABF4A
:101DD00002FB0133099302FB093901371D90BFE76C
:101DE0001D9B5A191D925B5D002F37D007903D4611
:101DF000A3F13002092A12D90122C2E71D9B5A1C05
:101E00001D925B780130302BF8D0A3F13102082A03
:101E100000F2DB841D9A079000200A920546303BB1
:101E200000F1010214D00799114407912A4600EBF2
:101E3000050E0A21724513D12A18082A05F1010559
:101E400005441CDC09990A2202FB01330993002294
:101E50001D9B591C1D915B781046C9E73846D2E797
:101E6000082A04DC099E4E4309960132E2E702F19A
:101E7000010CBCF1100FD8BF01FB09F9F5E7102DDB
:101E8000DCBF0A2202FB0939E1E7002307930122A4
:101E90007CE74FF0000C08F102031D9398F8023024
:101EA00085E74FF0010CF6E784B80700C0B60700DD
:101EB0000000F07F1D9B591C1D915B78302BF9D0E1
:101EC000A3F1310108293FF679AFA3F1300E1D9B34
:101ED00008931D9B591C1D915B78A3F13006092EB8
:101EE00037D9089E891B082944F61F6602DC76450F
:101EF000A8BF7646BCF1000F00D07642002D4FD12E
:101F0000049901437FF4C2AE002A7FF4DBAE692B53
:101F100027D024DC492B24D04E2B7FF4D3AE9E490E
:101F20001DA802F0A7F900283FF4CCAE1D9B1B783A
:101F3000282B2DD1994920AA1DA802F0AFF9052818
:101F400026D1219BDDF880A043F0FF4B4BF4E00B42
:101F50009CE60A2101FB0E3EAEF1300EB9E76E2B76
:101F6000DBE78F491DA802F085F900283FF4AAAEEF
:101F70001D9B8C49013B1DA81D9302F07BF910B9F4
:101F80001D9B01331D93DFF82CB24FF0000A7DE654
:101F9000854803F08DF88DED040BDDE904AB75E6A3
:101FA000079B0998F31A002F08BF2F46102D08939E
:101FB000A846A8BF4FF01008FDF7CEFD092D8246B8
:101FC0008B4613DD794B03EBC80353E91223FDF76E
:101FD0003DFE824648468B46FDF7BEFD02460B4657
:101FE00050465946FDF77CFC82468B460F2D38DC67
:101FF000089B002B3FF44AAE24DD162B0BDC6B4D07
:1020000005EBC305D5E9000152465B46FDF71EFE10
:1020100082468B463AE6089AC5F12503934220DBB7
:10202000624CC5F10F0504EBC50152465B46D1E990
:102030000001FDF70BFE089B5D1B04EBC504D4E912
:102040000023E3E7089B16330BDB079B574A9E1BD5
:1020500002EBC606D6E9002350465946FDF720FF9D
:10206000D6E7089BA5EB08089844B8F1000F71DD8E
:1020700018F00F030AD04D4901EBC30152465B46ED
:10208000D1E90001FDF7E2FD82468B4638F00F08EA
:102090004DD0B8F59A7F22DD00252E46099507958B
:1020A0002223DFF810B123604FF0000A099B002BB8
:1020B0003FF4ECAD1E99204602F05CFA07992046E9
:1020C00002F058FA3146204602F054FA09992046A7
:1020D00002F050FA2946204602F04CFAD6E50023D9
:1020E0004FEA2818504659469946B8F1010F21DCAD
:1020F0000BB182468B462E4BABF1547B03EBC909E7
:1021000052465B46D9E90001FDF7A0FD294B0A467E
:102110000B4029498B428246BED8A1F580118B42E3
:1021200086BFDFF898B04FF0FF3A02F1547B0023EE
:10213000049381E018F0010F07D01D4B03EBC90396
:10214000D3E90023FDF782FD012309F101094FEADC
:102150006808CAE7EBD0C8F1000818F00F020AD0EF
:10216000124B03EBC20350465946D3E90023FDF757
:1021700097FE82468B465FEA2818D8D0B8F11F0F29
:102180001EDD00252E460995079522234FF0000AF3
:102190004FF0000B236089E796B60700D4B607001E
:1021A0008EB6070014B8070073B60700C0B8070062
:1021B00098B807000000F07F0000A07CFFFFEF7FD1
:1021C00018F0100318BF6A23DFF8B4930493504645
:1021D0005946002318F0010F04D0D9E90023FDF778
:1021E00035FD01235FEA680809F10809F2D10BB156
:1021F00082468B46049BBBB1CBF30A53C3F16B03FE
:10220000002B594610DD1F2B40F32881342BDEBFF5
:10221000203B4FF0FF3202FA03F34FF0000ACCBF2D
:102220004FF05C7B03EA010B002200235046594625
:10223000FDF774FF0028A4D1099B00930A992B464F
:102240003A46204602F0EBF9099000283FF424AF0B
:10225000079B9E1B089B002BB4BF334600231093A3
:10226000089B002523EAE37318932E46099B20461A
:10227000596802F04BF9079000283FF411AF099B11
:102280001A69023203F10C0192000C30FEF73EFC99
:102290004BEC10AB20AA1FA92046CDE90AAB02F0F7
:1022A000ADFC1E9000283FF4FBAE0121204602F059
:1022B00044FA064600283FF4F3AE1F9B0499002B16
:1022C000ABBF109A189A189FDDF84090ACBF03EB93
:1022D0000209D71A209AA3EB01089044A34B08F1F6
:1022E000FF389845C2F1360280F2CC80A3EB080398
:1022F0001F2BA2EB03024FF0010100F3B68001FA9D
:1023000003F3119300230C9309EB0208049BC145CE
:1023100017441F444B46A8BF4346BB42A8BF3B4699
:10232000002BC2BFA8EB0308FF1AA9EB0309109BFF
:10233000002B17DD31461A46204602F0A3FA064666
:1023400000283FF4ADAE01461E9A204602F0FEF989
:102350000F9000283FF4A4AE1E99204602F00AF91F
:102360000F9B1E93B8F1000F00F39180089B002B88
:1023700008DD189A0799204602F084FA0790002891
:102380003FF48EAE002F08DD07993A46204602F052
:10239000C7FA079000283FF483AEB9F1000F08DDBB
:1023A00031464A46204602F0BBFA064600283FF472
:1023B00077AE079A1E99204602F02DFB05460028AD
:1023C0003FF46EAEC3680F930023C360314602F042
:1023D00006FB002865DA0F9B53EA0A0340F087806A
:1023E000CBF31303002B40F082802BF000431B0D36
:1023F0001B05B3F1D66F7AD96B6913B92B69012B21
:1024000075DD29460122204602F08AFA314605464A
:1024100002F0E5FA00286ADD0499554A5B46002976
:1024200000F0858002EA0B01B1F1D66F7FDCB1F1DB
:102430005C7F7FF7AAAE4F4A0023CDE916325046A3
:10244000DDE916235946FDF701FC0B46034308BF9F
:10245000222382468B4608BF23602BE64FF0FF32D3
:1024600002FA03F303EA0A0ADEE6C8F17F4808F538
:102470007F0808F57B4808F1E20801FA08F30C939D
:10248000119141E700230C93012311933CE71E991E
:102490004246204602F044FA1E9000287FF466AFC0
:1024A000FEE55F466ED10F9ACBF3130342B3324A77
:1024B000934228D1049B5046EBB12D4A3A40B2F1E9
:1024C000D46F4FF0FF3119D8120DC2F16B0301FA2E
:1024D00003F3984217D1294B9F4202D101303FF4B8
:1024E000DFAD234B3B4003F5801B4FF0000A049BFC
:1024F000002BA0D1DEE54FF0FF33EAE70B46E8E71B
:1025000053EA0A0388D00C9BDBB13B42EFD00F9B10
:10251000049A50465946C3B1FFF75AFB02460B4690
:10252000DDE90A01FDF7DCF982468B46DFE713405F
:10253000A3F580136FEA135B6FEA0B5B4FF0FF3A72
:10254000D5E7119B13EA0A0FE0E7FFF741FB0246CC
:102550000B46DDE90A01FDF7C1F90022002382469E
:102560008B46FDF7DBFD0028C1D00EE602FCFFFF25
:102570000000F07F00005039FFFF0F00FFFFEF7FEA
:10258000E8B607003146284602F088FB59EC108B6C
:1025900010EE100A00224FF080434946FDF7D2FDAD
:1025A00000287CD00F9B002B4CD0954B0022CDE90E
:1025B0000C23DFF84C924FF00008924B3B401193F4
:1025C000119A914B9A4240F0B280DDE90A23DDE98D
:1025D0000C01A7F1547B4BEC10ABCDE91623CDE9F0
:1025E0000C0102F08FFADDE90C0153EC102BFDF722
:1025F0002DFB52465B46FDF773F90B468149834A32
:102600001940914282465ED90B9B02F1547293426B
:1026100003D10A9B01333FF443ADDFF8FCB14FF027
:10262000FF3A1E99204601F0A5FF0799204601F0C8
:10263000A1FF3146204601F09DFF2946204601F0CA
:1026400099FF13E6BAF1000F1BD1CBF31303F3B9D3
:102650006B4B002240464946FDF76AFDD0B9404623
:1026600049466B4B0022FDF7F1FA8046894609F195
:102670000043CDF868801B93DDE91A23CDE90C23D4
:102680009BE7BAF1010F02D1002F3FF47EAD614B01
:1026900000228CE7DFF878914FF00008E7E75C4B09
:1026A000404649460022FDF7D1FA0F9B80468946F5
:1026B00033B901F1004312901393DDE91223DDE7F2
:1026C000CDE91289F9E703F1547B049B002BA8D1D3
:1026D0002BF00043119A1B0D1B059A42A1D14046D5
:1026E0004946FDF785FFFDF783FA02460B46404653
:1026F0004946FDF7F3F80F9ACBF3130343EA0A03B5
:1027000013438046894653D035A3D3E90023FDF710
:102710000FFD00287FF4CEAC33A3D3E9002340465D
:102720004946FDF723FD00283FF47BAFC2E4049B3C
:1027300033B3119BB3F1D46F22D82DA3D3E9002377
:1027400040464946FDF7FEFCA0B149464046FDF72C
:1027500055FD012838BF0120FDF7FEF90F9B80468B
:10276000894613BB01F1004314901593DDE914234E
:10277000CDE90C230D9B119A03F1D6639B1A0D939F
:10278000DDE90C019DED0A0BCDE90C0102F0BAF96F
:10279000DDE90C0153EC102BFDF758FADDE90A23B3
:1027A000FDF79EF882468B468FE7CDE91489DDE779
:1027B00011A3D3E90023FDF7BBFCB4E700230E937C
:1027C000199A1D9B1360FFF765BA652B3FF45DAB4B
:1027D000452B3FF45AAB0122FFF792BBAFF30080C9
:1027E0009535A094FFFFDF3F35E5AF350000E03FB2
:1027F0000000C0FFFFFFDF419535A094FFFFCF3FF2
:102800000000F03F0000F07F0000E07FFFFF9F7CB2
:102810000000E03F0000F0BFFFFFEF7F0A460146E7
:102820000248034B0068FFF7EFB900BF886400203F
:10283000F0640020134B73B51E68B46D0546C4B92F
:1028400050200191F3F7ECF9B065C0E90044C0E90C
:102850000244C0E90444C0E90A44C0E90C44C0E9A8
:102860000E44C0E91044C0E9124401998461047720
:102870004462B26D0123284602B0BDE8704000F00A
:1028800003B800BF88640020F0B508B9106888B1AB
:102890000446204614F8015B0F4617F8016B1EB979
:1028A00065B91560284605E0B542F6D1002BF0D198
:1028B00014600370F0BD1C460CE015B914F8013B20
:1028C0000E4616F8015BAB42F7D1002BF3D0002384
:1028D00004F8013C1460EDE72DE9F0473A4E8646D6
:1028E0008C4660461CF8014BA55D15F00805F8D133
:1028F0002D2C33D19CF800404FF0010800F1020C60
:10290000002B5CD0102B0CD1302C0AD19CF800008D
:1029100000F0DF0058284DD19CF8014010230CF145
:10292000020C08F10047013F0026B7FBF3F93046DF
:1029300003FB197AA4F13005092D18D82C46A342BF
:1029400024DD751C07D081451DD301D1A2451ADBBA
:1029500000FB034001261CF8014BEBE72B2C08BFC2
:102960009CF80040A84608BF00F1020CC8E7A4F19B
:102970004105192D01D8373CE1E7A4F16105192D76
:1029800004D8573CDBE74FF0FF36E4E7731C06D171
:102990002223CEF80030384642B9BDE8F087B8F1BE
:1029A000000F00D04042002AF7D00EB10CF1FF31E9
:1029B0001160F2E73024002BB3D10823B1E7302CAB
:1029C000A4D00A23ADE700BF11B7070013460A469B
:1029D000014602480068FFF77FBF00BF88640020FF
:1029E0002DE9F0433B4E86468C4660461CF8014B71
:1029F000A55D15F00805F8D12D2C34D19CF80040C8
:102A00004FF0010800F1020C002B5ED0102B0CD10E
:102A1000302C0AD19CF8000000F0DF0058284FD17C
:102A20009CF8014010230CF1020C4FF0FF370025F9
:102A3000B7FBF3F703FB07F96FEA09092846A4F18E
:102A40003006092E18D83446A34224DD002D1FDBA2
:102A500087421DD301D1A1451ADB00FB03400125AC
:102A60001CF8014BEBE72B2C08BF9CF80040A84654
:102A700008BF00F1020CC7E7A4F14106192E01D8E6
:102A8000373CE1E7A4F16106192E04D8573CDBE797
:102A90004FF0FF35E4E7002D07DA2223CEF80030AF
:102AA0004FF0FF3042B9BDE8F083B8F1000F00D01D
:102AB0004042002AF7D00DB10CF1FF311160F2E76E
:102AC0003024002BB1D10823AFE7302CA2D00A2349
:102AD000ABE700BF11B7070013460A46014602489C
:102AE0000068FFF77DBF00BF88640020034BC35C14
:102AF00003F00303012B08BF2030704711B7070014
:102B0000F8B50E461446054618B183690BB901F0B5
:102B100067F8214B9C422BD16C68A369A360A38901
:102B20001A072FD523696BB323692068C01A63691C
:102B3000F6B28342374604DC2146284600F0BCFF4B
:102B400030BBA368013BA36023685A1C22601E703F
:102B500063690130834204D0A389DB0706D50A2EBE
:102B600004D12146284600F0A7FF88B93846F8BDB1
:102B70000A4B9C4201D1AC68CFE7094B9C4208BF8D
:102B8000EC68CAE72146284600F01EF80028CBD0A2
:102B90004FF0FF37EAE700BF40B8070060B8070012
:102BA00020B8070038B5074D0446084611460022F4
:102BB0002A601A46F5F748FB431C02D12B6803B183
:102BC000236038BD18940120324B70B51D6806464D
:102BD0000C4625B1AB6913B9284601F001F82E4B1C
:102BE0009C420FD16C68A389B4F90C2019072CD42E
:102BF000DD0611D40923336042F04003A3814FF076
:102C0000FF303EE0254B9C4201D1AC68EBE7244B02
:102C10009C4208BFEC68E6E7580712D5616B41B1EA
:102C200004F14403994202D03046FDF7AFFF002380
:102C30006363A38923F02403A381002363602369D2
:102C40002360A38943F00803A38123694BB9A389B7
:102C500003F42073B3F5007F03D02146304601F022
:102C6000F7FBA089B4F90C2010F001030AD000236F
:102C7000A36063695B42A361236943B910F08000DC
:102C8000BAD170BD810758BF6369A360F4E7002023
:102C9000F7E700BF8864002040B8070060B807006D
:102CA00020B8070008B5062002F032FA012002F031
:102CB000BBFA000038B5064D0023044608462B60D9
:102CC00002F07AFA431C02D12B6803B1236038BDAD
:102CD000189401202DE9F74F03690C69A3420746B8
:102CE000C0F28180013C01F1140800F1140505EBEC
:102CF0008403019358F8243055F8242001339A4274
:102D00004FEA840B08EB8409B2FBF3F631D34FF0A2
:102D1000000E4046AC46F24650F8042B93B206FB38
:102D200003E34FEA134E9BB2AAEB0303120CDCF849
:102D300000A006FB02E213FA8AF34FEA124E1FFAD2
:102D400082FADCF80020CAEB124202EB23429BB26B
:102D500043EA024381454CF8043B4FEA224ADBD266
:102D600055F80B302BB9019B043B9D421A462ED3DC
:102D70003C61384601F033FE002824DB013628464A
:102D80004FF0000C58F8042BD0F800E093B2ACEBF5
:102D90000303120C13FA8EF3C2EB1E4202EB234222
:102DA0009BB243EA0243C14540F8043B4FEA224C40
:102DB000E8D255F8242005EB840322B9043B9D4258
:102DC0001A460AD33C61304603B0BDE8F08F126862
:102DD000043B002ACCD1013CC7E71268043B002A1F
:102DE000F0D1013CEBE70020EEE70000000000001E
:102DF0002DE9F04F2DED028B57EC106B95B0456A25
:102E0000DDF880800591CDE90267044609920F93B1
:102E10003DB91020F2F704FFC0E90155606205607A
:102E2000C560636A196851B15A684A6001239340CA
:102E30008B60204601F09EFB636A00221A603B1EF5
:102E4000B9BF23F0004303930023C8F80030DDF836
:102E50000C90B74BBCBF0122C8F8002033EA09032D
:102E60001BD10F9A42F20F731360C9F3130333435C
:102E700000F07585219B63B9AE4B25E0AE4B009306
:102E80000833219A1360009815B0BDEC028BBDE8A1
:102E9000F08FA84B00930333F3E79DED027B0022F4
:102EA00051EC170B00238DED0A7BFDF737F98046B7
:102EB00060B10F9A01231360219B002B00F04C8519
:102EC0009E4B219A1360013B0093DCE79DED0A0BBA
:102ED00012AA13A9204601F091FEC9F30A558246B1
:102EE000002D7ED00B9BCDF84080C3F31303DDE9AA
:102EF0000A6743F07F5747F44017A5F2FF35904B20
:102F0000002230463946FCF7E9FC83A3D3E90023CD
:102F1000FCF79CFE82A3D3E90023FCF7E1FC064604
:102F200028460F46FCF728FE7FA3D3E90023FCF7D1
:102F30008DFE02460B4630463946FCF7D1FC06466C
:102F40000F46FDF733F9002281460023304639460B
:102F5000FDF7EEF848B14846FCF70EFE32463B4618
:102F6000FDF7DCF808B909F1FF39B9F1160F56D8A9
:102F7000744B03EBC903D3E90023DDE90A01FDF734
:102F8000D7F800284DD009F1FF3900230E93129B8A
:102F90005D1B6B1E049343BF0023C5F1010804931E
:102FA0004FF00008B9F1000F3DDB049BCDF83490E1
:102FB0004B44049300230693059B092B00F29A804F
:102FC000052BC4BF043B0593059BA3F10203CCBFB3
:102FD00000250125032B00F29980DFE803F02C7D0A
:102FE0007B89DDE912531D4405F23243202BC1BF1A
:102FF000C3F1400305F2124009FA03F326FA00F088
:10300000DABFC3F1200306FA03F01843FCF7A4FD6E
:1030100001230646A1F1F877013D10936FE70123E4
:10302000B4E70E90B3E7C9F1000306930023A8EBC1
:1030300009080D93C0E700230893099B002B00F3B8
:1030400085804FF0010BCDF804B05B46CDF824B07D
:10305000666A00227260042202F1140098427168CC
:103060007AD9204601F052FA636A30601B680093F7
:10307000019B0E2B00F2F580002D00F0F280B9F1DB
:10308000000F7DDD2F4A09F00F0302EBC30393ED20
:10309000007B19F4807F4FEA2917B0EE478AF0EEE3
:1030A000678A5DD0284BDDE90A01D3E90823FCF7E4
:1030B000F7FECDE9020107F00F070325224E002F8E
:1030C00050D1DDE9020153EC182BFCF7E9FECDE904
:1030D00002016FE00123AFE700230893099B09EB8E
:1030E000030B0BF10103012B0193B8BF0123AFE7E1
:1030F0000123F2E701250023059308954FF0FF3BDC
:103100000022CDF804B012230992A1E7012308930D
:10311000F4E700BFAFF3008061436F63A787D23F3E
:10312000B3C8608B288AC63FFB799F501344D33FB6
:103130000000F07F1AB8070011B807009AB6070020
:103140000000F83FC0B8070098B80700DDF824B0C9
:10315000CDF804B05B467BE70131716052007BE73C
:103160000225ABE7F90708D551EC180BD6E9002387
:10317000FCF76CFD41EC180B01357F1008369EE71B
:1031800000F0AB80C9F10006AA4BAB4F06F00F026E
:1031900003EBC203D3E90023DDE90A01FCF756FD86
:1031A000CDE90201361100230225002E40F08A806D
:1031B000002B8CD10E9B002B00F09180DDE9026783
:1031C0009E4B002230463946FCF7B2FF002800F043
:1031D0008680019B002B00F08280BBF1000F3CDD5C
:1031E00009F1FF3307930022954B30463946FCF72F
:1031F0002DFDCDE902010135CDF830B0DDE90267E2
:103200002846FCF7B9FC32463B46FCF71FFD8D4BC8
:103210000022FCF765FBA1F15073CDE90201039395
:103220000C9B002B60D1884B002230463946FCF7BE
:1032300055FBDDE9022306460F46FCF797FF002801
:1032400040F09982DDE90221304601F10043394620
:10325000FCF76EFF002840F08B82DDE90A23CDE900
:103260000223139B002BC0F25B81B9F10E0F00F318
:103270005781704B03EBC90393ED007B099BB0EEC4
:10328000478AF0EE678A002B80F2E280019B002BD8
:1032900000F3DE8040F06C826B4B51EC170B002288
:1032A000FCF7D4FCDDE90223FCF756FF019E37460C
:1032B000002840F04282009D312305F8013B09F1CE
:1032C00001093EE2F20705D5D7E90023FCF7BEFC71
:1032D000013501237610083767E702256AE7019B6D
:1032E000CDF81C900C9389E700990C980C9A514BDF
:1032F0009DED027B014402910899B0EE478AF0EE01
:10330000678A03EBC20353E90223002945D04F49E2
:103310000020FCF7C5FD53EC182BFCF7DFFA009DED
:1033200041EC180B39463046FCF740FF0C90FCF797
:1033300023FC02460B4630463946FCF7CFFA0C9B7D
:10334000303305F8013B53EC182B06460F46FCF7CB
:10335000EFFE002865D132463B4638490020FCF795
:10336000BDFA53EC182BFCF7E3FE002840F0B880C0
:10337000029B9D423FF471AF314B51EC180B002280
:10338000FCF764FC2E4B41EC180B0022304639460A
:10339000FCF75CFC06460F46C4E751EC170BFCF744
:1033A00055FC029B009D0C9341EC180B39463046AE
:1033B000FCF7FCFE1190FCF7DFFB02460B463046A3
:1033C0003946FCF78BFA119B303305F8013B029B21
:1033D0009D4206460F464FF0000225D11B4B51EC93
:1033E000180BFCF77DFA02460B4630463946FCF7CF
:1033F000BDFE002874D153EC182B14490020FCF7B3
:103400006DFA02460B4630463946FCF791FE00281D
:103410003FF423AF0C9D6B1E0C9315F8013C302B31
:10342000F8D0DDF81C9049E0054BFCF70FFC064690
:103430000F46BBE7C0B8070098B807000000F03F90
:103440000000244000001C40000014400000E03F49
:10345000DDE90267009D53EC182B30463946FCF736
:103460001FFDFCF7A3FE8046FCF786FB53EC182BF0
:10347000FCF7ECFB02460B463046394608F13006B5
:10348000FCF72CFA05F8016B009E019FAE1BB742BA
:1034900002460B4637D1FCF723FA53EC182B0646AD
:1034A0000F46FCF763FEC8B953EC182B304639467B
:1034B000FCF734FE10B118F0010F0FD12046514631
:1034C00001F058F800232B700F9B09F101001860E0
:1034D000219B002B3FF4D7AC1D60D4E4CDF81C90A9
:1034E0002B461D4613F8012D392A08D1009A9A421D
:1034F000F7D1079A00990132079230220A701A78A0
:1035000001321A708DE79E4B0022FCF79FFB0022D0
:10351000002306460F46FCF701FE00289BD0CDE7AE
:10352000089A002A00F0C680059A012A00F3AA80B2
:10353000109A002A00F0A28003F23343069E45460B
:10354000049A01211A4420469844049201F0F5F8A7
:103550000746002D0BDD049B002B08DDAB42049ACF
:10356000A8BF2B46A8EB0308ED1AD31A0493069BB9
:10357000FBB1089B002B00F0A180002E11DD394625
:103580003246204601F07EF9524601460746204663
:1035900001F0DCF851460790204600F0EBFF079B56
:1035A0009A46069B9A1B04D05146204601F06AF9C0
:1035B00082460121204601F0C0F80D9B002B0646F3
:1035C0007EDD1A460146204601F05CF9059B012B81
:1035D000064678DD00230693336906EB83031869FA
:1035E00001F05BF8C0F12000049B184410F01F00AC
:1035F00000F08880C0F12003042B40F38180C0F1EB
:103600001C00049B0344804405440493B8F1000F5C
:1036100005DD51464246204601F082F98246049B70
:10362000002B05DD31461A46204601F079F90646A1
:103630000E9B002B68D03146504601F0D0F900288F
:1036400062DA002351460A22204600F0AAFF089BB6
:1036500009F1FF398246002B00F0888139460023AA
:103660000A22204600F09DFFBBF1000F074600F341
:103670008F80059B022B40F38B804DE0129BC3F1A2
:1036800036035BE7019B5E1E069BB342BFBF069BF2
:103690000696F21A0D9BB6BF9B189E1B0D93019BBD
:1036A000B8BF0026002BB5BFA8EB0305019B002384
:1036B000454645E7069E089F45464AE7069A73E752
:1036C000059B012B18DC029BB3B9039BC3F31303C7
:1036D000A3B9039B23F000431B0D1B052BB1049BD7
:1036E0000133049308F10108012306930D9B002B7D
:1036F0007FF472AF012077E70023F6E7029BF4E73F
:1037000084D018461C307CE7019B002B3ADC059BDB
:10371000022B37DDDDF804B0BBF1000F0DD13146CF
:103720005B460522204600F03CFF01460646504617
:1037300001F055F900283FF7BEAD099B009D6FEAE7
:1037400003094FF000083146204600F013FF002F18
:103750003FF4B4AEB8F1000F05D0B84503D04146F0
:10376000204600F007FF3946204600F003FFA5E69B
:1037700000263746E1E70C9EDDF81C9037469AE5B7
:1037800000002440089BDDF804B0002B00F0F58019
:10379000002D05DD39462A46204601F0C1F80746CE
:1037A000069B002B55D07968204600F0AFFE3A69A1
:1037B00002320546920007F10C010C30FDF7A6F924
:1037C00001222946204601F0ABF8009B013301930A
:1037D000009B5B440793029B03F00103B8460693EA
:1037E0000746019B3146504603F1FF3BFFF772FA53
:1037F00003463033029041465046089301F0EFF8FB
:103800003A4604903146204601F005F9C268089B0B
:10381000054602BB0146504601F0E1F8089B02460E
:1038200029462046CDE9083200F0A4FE059B099AFE
:10383000019D43EA0201069B0B43089B0DD1392BE6
:1038400027D0049A002A01DD029B31338BF8003027
:1038500079E73846B9E70122E2E70499002904DB59
:10386000059801430698014320D1002AEEDD514618
:1038700001222046019301F053F83146824601F0BF
:10388000AEF80028019B02DCE0D1DA07DED5392B47
:10389000DAD139238BF800302B461D46013B15F851
:1038A000012C392A50D001321A704CE7002A03DD6E
:1038B000392BEED00133C9E7019A079902F8013C90
:1038C0008A422AD0514600230A22204600F069FE8F
:1038D000B84582464FF000034FF00A0241462046A9
:1038E00007D100F05EFE80460746019B013301933D
:1038F00077E700F056FE3946804600230A2220462C
:1039000000F04FFE0746F0E7BBF1000F009ACCBF76
:103910005D46012515444FF000085146012220461E
:10392000019300F0FDFF3146824601F058F800286F
:10393000B2DC02D1019BDB07AED42B461D4613F847
:10394000012D302AFAD0FEE6009A9A42A5D1312301
:1039500009F101091370F6E6124BFFF7B5BA219B86
:10396000002B7FF48BAA104BFFF7AEBABBF1000F10
:1039700003DC059B022B3FF7CFAE009D314650463E
:10398000FFF7A8F900F1300305F8013B009AAA1AE5
:103990009345B9DD514600230A22204600F001FE7E
:1039A0008246EBE799B6070011B807008A892DE92E
:1039B000F041054610070C4658D44B68002B05DC37
:1039C0000B6C002B02DC0020BDE8F081E66A002EC3
:1039D000F9D0002312F480522F682B6032D0606D32
:1039E000A3895A0705D56368C01A636B0BB1236CB2
:1039F000C01A00230246E66A216A2846B047431CE3
:103A0000A38906D129681D292CD82A4ACA40D6077D
:103A100028D500226260D9042269226004D5421CA4
:103A200001D12B6803B96065616B2F600029CAD092
:103A300004F14403994202D02846FDF7A7F800207C
:103A40006063C1E7216A01232846B047411CC7D102
:103A50002B68002BC4D01D2B01D0162B01D12F6059
:103A6000B1E7A38943F04003A381ADE70F69002FBD
:103A7000A9D093070E6808BF4B690F6018BF0023D9
:103A8000A6EB07088B60B8F1000F9CDD216AA66ADF
:103A900043463A462846B047002806DCA38943F04F
:103AA0004003A3814FF0FF308EE70744A8EB0008E6
:103AB000E9E700BF0100402038B50B6905460C4618
:103AC00013B90025284638BD18B183690BB900F039
:103AD00087F8144B9C421BD16C68B4F90C30002B56
:103AE000EFD0626ED00704D4990502D4A06D00F027
:103AF00076FC28462146FFF759FF636EDA07054634
:103B0000E0D4A3899B05DDD4A06D00F069FCD9E762
:103B1000054B9C4201D1AC68DFE7044B9C4208BFD7
:103B2000EC68DAE740B8070060B8070020B8070083
:103B3000002310B50446C0E90033C0E904338360B4
:103B400081814366C2818361194608225C30FDF79A
:103B500005F8054B6362054BA362054BE362054B19
:103B60002462236310BD00BFF1190700131A070078
:103B70004B1A07006F1A0700014900F0AFB800BFE9
:103B8000B93A070070B54A1E682555430E4605F13F
:103B90007401FDF74BF8044640B10021C0E900165E
:103BA0000C30A06005F16802FCF7D8FF204670BD1C
:103BB000014800F014BC00BF10940120014800F03F
:103BC0000FBC00BF10940120014800F008BC00BFEA
:103BD0000F940120014800F003BC00BF0F940120A6
:103BE00010B50446FFF7F0FFA3691BB1BDE8104014
:103BF000FFF7F0BFC4E912332365134B134A1B6868
:103C0000A262A34204BF0123A361204600F020F872
:103C10006060204600F01CF8A060204600F018F814
:103C20000022E06004216068FFF782FFA0680122A3
:103C30000921FFF77DFFE06802221221FFF778FFDC
:103C40000123A361D2E700BF74B60700793B0700E8
:103C5000F8B50746FFF7ACFF1E4B1E68B36913B9F2
:103C60003046FFF7BDFF4836D6E90134013B03D5A6
:103C700033680BB33668F7E7B4F90C50D5B9164B77
:103C8000E36004F15800656600F0A8FBFFF796FFBB
:103C9000C4E90155C4E904552560A56108222946F7
:103CA00004F15C00FCF75AFFC4E90D55C4E9125554
:103CB0002046F8BD6834D9E704213846FFF762FF93
:103CC000044630600028D5D1FFF778FF0C233B6015
:103CD000EEE700BF74B607000100FFFF2DE9F843CF
:103CE0000646884600F148040027D4E90195B9F159
:103CF000010905D52468002CF7D13846BDE8F883C2
:103D0000AB89012B07D9B5F90E30013303D0294611
:103D10003046C04707436835E9E70369B3EB611FE5
:103D20002DE9F0434FEA611200F1140445DD11F072
:103D30001F0104EB830604EB82050CD100F1100790
:103D40002946B14234D39B1A9B00EA1E964238BFE3
:103D50000023234415E054F82270C1F12008CF401D
:103D600005F1040EA1467645F44615D89B1A9A0033
:103D7000043A0135AE4238BF0022A318A75007B15C
:103D800004331A1BA3424FEAA20208BF00230261B8
:103D900008BF4361BDE8F083DCF800C00CFA08FC02
:103DA0004CEA070749F8047B5EF8047BCF40DAE76A
:103DB00051F804CB47F804CFC3E72346E1E7A0F16D
:103DC0003003092B02D82038C0B27047A0F161033C
:103DD000052B01D84738F7E7A0F14103052B01D89F
:103DE0002738F1E7002070472DE9F04F2DED028BC9
:103DF00089B008EE100A0493BC4B1B680193184667
:103E00008B469046FDF793FE019BDBF800200344B0
:103E1000824613F8013C0593931CC2F1FF2202F580
:103E20007F02FE32D1181F4613F8010B0091302893
:103E3000F8D0FFF7C4FF044600283AD10199524652
:103E40003846FDF77CFE0546002868D117F80A00C1
:103E500007EB0A06FFF7B3FF002862D03346187855
:103E600030281F4603F10103F9D0FFF7A8FF012313
:103E7000B0FA80F46409354600933A46164601329A
:103E80003078FFF79CFF0028F8D101995246304660
:103E9000FDF755FE80B94DB906EB0A052A461646D0
:103EA00001323078FFF78BFF0028F8D1AD1BAD0051
:103EB00004E000242546E0E7002DF7D1337803F035
:103EC000DF03502B3BD173782B2B2CD02D2B2ED0F6
:103ED000711C4FF000090878FFF771FF431EDBB239
:103EE000182B2CD8A0F1100211F8010FFFF767FF73
:103EF000431EDBB2182B1DD9B9F1000F00D052427E
:103F00001544CBF80010E4B1009B002B14BF002730
:103F10000627384609B0BDEC028BBDE8F08F3E465F
:103F200025460124CAE74FF00009B11CD3E74FF042
:103F30000109FAE70A2303FB0202103AD4E73146EB
:103F4000DFE7F31B013B2146072B52DC18EE100A7A
:103F500000F0DCFA4FF0000B00F11409CAF1010384
:103F60000446CDF80890CDF800B00693B74243D38D
:103F70000298009B40F8043BA0EB0900801046012A
:103F80002061184600F089FB301AD8F80060B04272
:103F900066DD871B3946204600F0D6FE8246A8B172
:103FA0007B1E591103F01F0259F821104FF0010A2E
:103FB0000AFA02F20A4209D0534505DDB91E20462D
:103FC00000F0C2FE002848D14FF0020A39462046D0
:103FD000FFF7A3FE3D44D8F80830AB424FDA18EEA5
:103FE000100A214600F0C6FA149A00231360A32792
:103FF0008FE701315B10A7E7731E059A039316F84C
:10400000013C934219D0BBF1200F07D1029B009ACB
:1040100043F8042B0293002300939B4616F8010CEF
:10402000FFF7CDFE009B00F00F0000FA0BF00343FA
:1040300000930BF1040B039B0DE0039B069A1344C2
:10404000BB42E0D31846019907935246FDF777FD2E
:10405000079B0028D7D11E4688E74FF0030AB5E733
:104060000ADA371A214618EE100A3A4600F058FCD0
:10407000ED1B044600F114094FF0000AABE7D8F835
:104080000400A8426DDD451BAE4231DCD8F80C308F
:10409000022B23D0032B25D0012B15D1AE4213D1F7
:1040A000012E0BD1049AD8F8043013600123236148
:1040B000C9F80030149B62271C602AE7711E204655
:1040C00000F042FE0028EDD118EE100A214600F063
:1040D00051FA149A0023136050271AE7159B002BFE
:1040E000F2D1DFE7159B002BDCD1EDE784B80700A8
:1040F0006F1EBAF1000F31D127B13946204600F0CA
:1041000023FE82467B11012159F8233007F01F0757
:1041100001FA07F71F422946204618BF4AF0020A53
:10412000761BFFF7FAFDD8F804500227BAF1000F0A
:1041300048D0D8F80C30022B15D0032B17D0012B08
:1041400009D11AF0020F06D0D9F800004AEA000A95
:104150001AF0010F0ED147F0100733E04FF0010ABB
:10416000D0E70127E2E7159BC3F101031593159BE7
:10417000002BF0D0D4F8109004F114034FEA890B0F
:1041800003EB89014FF0000C184653F8042BB2F1F1
:10419000FF3F1CD001320260022F04F114033AD118
:1041A000D8F80020013AB2420AD17111012253F825
:1041B000213006F01F0602FA06F61E4218BF174607
:1041C00047F02007149B1C60049B1D60A1E69942E8
:1041D00043F804CCD8D8A368994514DB616818EE7D
:1041E000100A013100F092F92269023204F10C0147
:1041F000824692000C30FCF789FC214618EE100A2A
:1042000000F0B8F9544623695A1C04EB8303226179
:1042100001225A61C0E722694A450BDD012120468F
:10422000FFF77BFDD8F808300135AB42FFF6D7AE7B
:104230000127C5E716F01F06FAD09B44C6F12006F9
:104240005BF8040C00F029FAB042E7DBF0E700BFAE
:10425000C2F10802920070B5C2F1200643680468FA
:1042600003FA06F52C43D340046040F8043F88422B
:10427000F4D370BD30B50368013311F8014B14B9A4
:104280000360012030BD13F8012BA2F14105192D67
:1042900098BF2032A242F0D00020F3E72DE9F04F82
:1042A0000B6801685E1102EB860613F01F0387B0EE
:1042B00018BF04360025371F82469046019346F802
:1042C000045CB9463C460295AB464A784B1C0393C6
:1042D00042B3104605910492FFF771FD00284FD1BB
:1042E000049A0599202A18D8029B9B4513DD4C455A
:1042F00006D2072D04DC2A4649462046FFF7A8FFD0
:10430000444550D90023A4F1040944F8043CCDF8F5
:1043100008B04C461D460399D7E7292A56D10231E9
:10432000CAF80010BBF1000F50D04C4506D2072D43
:1043300004DC2A4649462046FFF78AFF444534D923
:10434000A8F10402234653F8041B42F8041F9F42BD
:10435000F9D23B1B23F0030304330134033EB44280
:1043600088BF04234344002243F8042B9F42FBD21E
:104370003B681BB9474527D101233B60052026E058
:104380000135082D0BF1010B06DD4445C3D900238F
:1043900044F8043C0125043C226800F00F0040EA88
:1043A00002122260B7E70825B5E7019B002BDFD09A
:1043B0004FF0FF32C3F1200322FA03F356F8042C26
:1043C0001A4046F8042CD3E7043FD1E7042007B095
:1043D000BDE8F08F00487047E065002070477047E7
:1043E0007047000038B5074D0446084611460022C4
:1043F0002A601A4600F008FF431C02D12B6803B163
:10440000236038BD1894012070B50E46B1F90E1026
:10441000002996B014461D4607DA00232B60B389A5
:104420001A0610D44FF480630EE06A4600F09AFE3C
:104430000028F2DB019A02F47042A2F500535A42BE
:104440005A412A60EEE740230020236016B070BD79
:104450008B8973B59D0706460C4607D504F14703C3
:10446000236023610123636102B070BD01AB6A4622
:10447000FFF7CAFF009905463046FCF7D7FB48B95D
:10448000B4F90C309A05EFD423F0030343F0020390
:10449000A381E3E70D4BB362A389206043F080035F
:1044A000A381009B6361019B20615BB1B4F90E1095
:1044B000304600F069FE28B1A38923F0030343F0DE
:1044C0000103A381A0890543A581CDE7793B0700BE
:1044D00082B001B901A942B14BB113780B601278D7
:1044E000101E18BF012002B070471046FBE76FF0A6
:1044F0000100F8E70148FFF772BF00BF0C940120EC
:104500000148FFF76DBF00BF0C94012070B5466AEB
:1045100004460D463EB91020F1F782FBC0E9016662
:1045200060620660C660666AF36883B1636ADB68CE
:1045300053F82500B8B9012101FA05F6721D920061
:104540002046FCF713FB60B1C0E901560EE02122C2
:1045500004212046FCF70AFB636AF060DB68002B4D
:10456000E4D1002070BD026843F825200023C0E993
:104570000333F7E770B5466A05460C463EB910208E
:10458000F1F74EFBC0E9016668620660C6603CB1A7
:104590006B6A6268DB6853F82210216043F822409E
:1045A00070BD2DE9F0410E69074698460C4601F1B1
:1045B000140000230568A9B202FB01814FEA114CE7
:1045C0002D0C02FB05C589B2013301EB05419E426A
:1045D00040F8041B4FEA1548ECDCB8F1000F1BD083
:1045E000A368B34212DC616838460131FFF78EFFE1
:1045F0002269023204F10C01054692000C30FCF7EE
:1046000085FA21463846FFF7B5FF2C4604EB8603B2
:104610000136C3F8148026612046BDE8F0812DE9FB
:10462000F8430C4615461F4609220833064693FBFD
:10463000F2F3002101229A4220DB3046FFF766FFA9
:10464000089B4361092D4FF00103036119DD04F15B
:104650000909C8462C4418F8013B0146303B0A22A0
:104660003046FFF79EFFA045F5D1A5F108044C4464
:104670002D1B6319BB4207DBBDE8F88352000131F3
:10468000D9E70A340925F3E714F8013B0146303B2A
:104690000A223046FFF785FFEBE7030C1B04D3B972
:1046A0000004102310F07F4F04BF0002083310F005
:1046B000704F04BF0001043310F0404F04BF80006E
:1046C0000233002805DB10F0804F03F1010308BF1F
:1046D0002023184670470023E4E7036813F007021D
:1046E00001460BD0DA0724D4980749BF5B089B0822
:1046F00001200B605CBF0B600220704798B2B0B91C
:104700001B0C102013F0FF0F04BF1B0A08301A0700
:1047100004BF1B0904309A0704BF9B080230DA0764
:1047200003D45B0800F1010005D00B607047104610
:10473000E8E7002070472020704710B50C460121A3
:10474000FFF7E4FE01224461026110BD2DE9F04F44
:1047500015460A692B699A42B8BF0B460C46BCBF86
:104760002C461D462769D5F81090A368616807EBB1
:104770000906B342B8BF013185B0FFF7C7FE00F1AB
:10478000140101EB86080B46002243451DD304F1BA
:10479000140305F1140203EB870702EB890302936C
:1047A0003B1B153B23F00303043304F11505AF4213
:1047B00038BF04230193029B0392934208D8002E32
:1047C0005ADC066105B0BDE8F08F43F8042BDCE746
:1047D000B2F800A0BAF1000F24D004F1140E8946FB
:1047E0004FF0000C5EF8045BD9F800B0ABB21FFAD2
:1047F0008BFB0AFB03B34FEA154BD9F80050634417
:104800004FEA154C0AFB0BC505EB13459BB243EA77
:104810000543774549F8043B4FEA154CE2D8019B24
:1048200041F803C0039BB3F802900432B9F1000FC2
:1048300020D00B6804F1140C8E464FF0000ABCF82F
:104840000050BEF802B009FB05B5AA449BB243EA8A
:104850000A434EF8043B5CF8043BBEF800501B0CC6
:1048600009FB035303EB1A4367454FEA134AE6D8A3
:10487000019D4B5104319EE758F8043D002BA0D117
:10488000013E9CE72DE9F843154612F00302064667
:104890000F4607D0214C013A002354F82220FFF79D
:1048A00080FE0746AD1035D0746A3CB91020F1F790
:1048B000B7F9C0E9014470620460C460D6F824808E
:1048C000D8F808404CB940F271213046FFF735FF67
:1048D0000023C8F80800044603604FF00009EB0706
:1048E0000AD5394622463046FFF730FF3946804622
:1048F0003046FFF73FFE47466D100BD0206838B9B1
:10490000224621463046FFF721FF2060C0F8009084
:104910000446E4E73846BDE8F88300BF88B90700DD
:104920002DE9F0470C464968236903EB6218A36838
:10493000074691464FEA621A08F10106B3423FDB8F
:104940003846FFF7E3FD0023054600F1140100F1AE
:1049500010021846534536DB20692AEAEA7A04F148
:10496000140319F01F0901EB8A0103EB800C2ED010
:10497000C9F1200E8A460022186800FA09F00243A5
:104980004AF8042B53F8042B9C4522FA0EF2F3D874
:10499000ACEB0403153B23F00303043304F11500CF
:1049A000604588BF0423CA500AB108F10206013EDF
:1049B00038462E612146FFF7DDFD2846BDE8F08729
:1049C00001315B00BAE742F8040F0133C2E7043952
:1049D00053F8042B41F8042F9C45F9D8E7E730B58C
:1049E00002690C69121B0ED100F11403143103EBA0
:1049F000840001EB840150F8045D51F8044DA54298
:104A000003D005D30122104630BD8342F3D3FAE729
:104A10004FF0FF32F7E72DE9F84F0C4606461146F6
:104A200020461746FFF7DBFF051E08D12946304612
:104A3000FFF76CFD0123C0E90435BDE8F88FA4BF82
:104A40003B46274630467968A6BF1C46002501250F
:104A5000FFF75CFD3E69C560256907F1140104F1AB
:104A6000140900F1140E07F1100201EB860C09EB9A
:104A70008505F246002759F8043B52F804BF1FFA97
:104A800083F817FA8BF71B0CA7EB0808C3EB1B4343
:104A900003EB28431FFA88F81F144D4548EA0343E7
:104AA0004AF8043BE7D82B1B153B23F003030433E0
:104AB0001534A54238BF0423194473449E460D465D
:104AC00065450ED30CF10302521A22F0030203399A
:104AD0008C4538BF00221A4452F8043D7BB1066170
:104AE000ABE755F8048B17FA88F4221402EB18424E
:104AF000A4B244EA02444EF8044B1714E0E7013E26
:104B0000EAE7000082B08DED000B019B12491940CD
:104B1000A1F15071002905DD00220B4643EC102B5A
:104B200002B070474942B1F1A07F4FEA21504FF0E7
:104B300000024FF0000304DA4FF4002141FA00F3C1
:104B4000ECE7A0F114011E29DABF4FF0004020FA73
:104B500001F101210A46E1E70000F07FF8B505699F
:104B600000F1140707EB85052E1F55F8044C20466D
:104B7000FFF793FDC0F120030A28DFF87CC00B602B
:104B800014DCC0F10B0E24FA0EF1B74241EA0C031B
:104B900034BF55F8081C0021153004FA00F021FA42
:104BA0000EF140EA010243EC102BF8BDB7423ABFC8
:104BB00055F8081CA5F1080600210B3817D0C0F1E4
:104BC000200C04FA00F5BE4221FA0CF445EA040573
:104BD0008CBF56F8044C002445F07F5301FA00F0D6
:104BE00024FA0CF443F4401340EA0402DBE744EAFD
:104BF0000C030A46D7E700BF0000F03F2DE9F7435A
:104C00008946012157EC106B9046FFF77FFCC7F3F4
:104C10000A550446C7F3130335BB002E019328D071
:104C200068460096FFF759FD009900B3019AC0F15C
:104C3000200302FA03F30B43C24063610192019B1C
:104C4000A361002B14BF022201222261D5B1A5F27B
:104C500033450544C9F80050C0F13500C8F80000DC
:104C6000204603B0BDE8F08343F48013D5E76161CB
:104C7000E5E701A8FFF731FD019B63610122226195
:104C80002030E3E704EB8203A0F23240C9F80000D1
:104C90001869FFF702FDC0EB4210DFE72DE9F74F7F
:104CA000884669468146FFF759FF01A9404655EC01
:104CB000104BFFF753FFD9F81030D8F81020A3EBB2
:104CC000020CDDE900329B1A03EB4C1351EC100B84
:104CD000002BD6BF0A462A46C3EB03338B462F462A
:104CE000D4BF02EB035B02EB0357204610EE102A01
:104CF0005B463946FBF7D4F841EC100B03B0BDE836
:104D0000F08F013970B549111469013102F11403B2
:104D100000EB810103EB8404051FA3420CD3A31A0B
:104D2000113B23F003031132A24288BF0023184431
:104D30000023884205D370BD53F8046B45F8046F17
:104D4000EBE740F8043BF4E700F1140200694B1173
:104D5000984210B511DB0ADD11F01F0107D052F89F
:104D6000234024FA01F000FA01F18C420BD102EB4E
:104D70008303934203D8002010BD0346F7E753F89E
:104D8000041D0029F5D00120F6E7F8B507461446C2
:104D90000E4621B9BDE8F8401146FBF747BF22B9DE
:104DA000FBF7F4FE25462846F8BD00F0FDF9A042C9
:104DB0000FD221463846FBF739FF05460028F2D0CE
:104DC00031462246FBF7A2FE31463846FBF7DEFEAF
:104DD000E9E73546E7E72DE9F0478E689E428246CF
:104DE0000C4690461F4638D88A8912F4906F32D00C
:104DF00025680969A5EB0109656905EB450505EB22
:104E0000D57501334B446D109D4238BF1D46530587
:104E100031D52946FBF70AFF064650B90C23CAF8DC
:104E20000030A38943F04003A3814FF0FF30BDE879
:104E3000F08721694A46FBF769FEA38923F4906352
:104E400043F08003A381266165614E44A5EB09050B
:104E50002660A5603E46BE4200D93E4632462068E6
:104E60004146FBF761FEA36822689B1B3244A360A6
:104E700022600020DBE72A46FFF787FF064600286E
:104E8000E1D121695046FBF781FEC7E72DE9F04FDC
:104E900098468B891B069DB007460D4614460ED5D5
:104EA0000B6963B94021FBF7C1FE2860286120B976
:104EB0000C233B604FF0FF30D1E040236B610023B7
:104EC000099320238DF82930CDF80C803023DFF8AA
:104ED000A8818DF82A304FF0010923469A4613F82D
:104EE000012B0AB1252AF9D1BAEB040B0BD05B4692
:104EF000224629463846FFF76EFF013000F0AA80AF
:104F0000099A5A4409929AF80030002B00F0A280C6
:104F100000234FF0FF32CDE905230AF1010A049383
:104F200007938DF853301A935446052214F8011B49
:104F30005148FBF78DFD049AD8B9D00644BF202311
:104F40008DF85330110744BF2B238DF853309AF856
:104F500000302A2B15D0079A544600204FF00A0C37
:104F6000214611F8013B303B092B4ED9B0B10792D5
:104F700014E0A0EB080309FA03F313430493A246D9
:104F8000D2E7039B191D1B680391002BBBBF5B423B
:104F900042F0020207930793B8BF049223782E2BA6
:104FA0000CD163782A2B35D1039B1A1D1B68039201
:104FB000002BB8BF4FF0FF3302340593DFF8C8A0D1
:104FC000217803225046FBF743FD40B14023A0EB7C
:104FD0000A0003FA00F0049B03430134049314F81D
:104FE000011B26488DF828100622FBF731FD00280A
:104FF00038D0234B1BBB039B073323F00703083335
:105000000393099B3344099367E70CFB02320C4678
:105010000120A5E700230134059319464FF00A0C3F
:10502000204610F8012B303A092A03D9002BC5D0AD
:105030000591C3E70CFB012104460123F0E703AB14
:1050400000932A460F4B04A93846FCF743F8421C4C
:105050000646D6D1AB895B063FF52CAF09981DB04B
:10506000BDE8F08F03AB00932A46064B04A93846EF
:10507000FCF7D4FAEBE700BF78B6070082B607006A
:10508000D5100700D74D07007EB6070038B5074D8D
:1050900004460846114600222A601A4600F0BCF871
:1050A000431C02D12B6803B1236038BD1894012042
:1050B0009FED010B704700BF000000000000F87F6B
:1050C0001F2938B504460D4604D9162303604FF056
:1050D000FF3038BD426C12B152F821304BB9204636
:1050E00000F030F82A4601462046BDE8384000F07E
:1050F00017B8012B0AD0591C03D1162303600120D5
:10510000E7E7002442F82540284698470020E0E7DA
:10511000024B01461868FFF7D3BF00BF8864002028
:1051200038B5074D00230446084611462B6000F0B1
:1051300063F8431C02D12B6803B1236038BD00BF64
:105140001894012000F048B849B1FF2A85BF8A238E
:1051500003600A704FF0FF3098BF01207047084687
:105160007047000038B5074D002304460846114635
:105170002B6000F029F8431C02D12B6803B1236097
:1051800038BD00BF1894012038B5064D00230446F1
:1051900008462B6000F028F8431C02D12B6803B1AD
:1051A000236038BD1894012051F8043C181F002BCF
:1051B000BCBF0B58C0187047024B58221A604FF002
:1051C000FF30704718940120024B58221A604FF0AC
:1051D000FF30704718940120024B58221A604FF09C
:1051E000FF30704718940120024B58221A600020AB
:1051F000704700BF18940120024B58221A604FF0EC
:10520000FF30704718940120024B58221A604FF06B
:10521000FF30704718940120024B58221A604FF05B
:10522000FF30704718940120FEE700BFF8B500BFBB
:10523000F8BC08BC9E467047F8B500BFF8BC08BC77
:105240009E467047000000005FF800F005600020F7
:105250006E65656420737461727400006E656564C8
:105260002066696E697368006E6565642053322B31
:10527000533300005332206265666F7265205333EA
:105280000000000053442062757379202D20726560
:1052900074727900747261636B2066696C65206258
:1052A00061640000747261636B2066696C652066DE
:1052B000756C6C005344207772697465206661696F
:1052C0006C6564006E616D652074616B656E0000D5
:1052D0006369726375697400776173746564000053
:1052E000310000006E6F726D616C0000686964656A
:1052F0000000000041706578000000005475726283
:105300006F0000004E6974726F000000447269669D
:1053100074000000536C69636B000000426F6F7390
:1053200074000000506973746F6E0000566F7274E1
:105330006578000043616D626572000044726166C9
:10534000740000005265646C696E650047656172A7
:10535000626F780057616B65000000005265636FF3
:1053600072640000506F776572204F66660000001F
:105370005261636500000000526576696577000040
:105380005472616E7366657200000000437265615D
:105390007465000043616D657261000046574552B7
:1053A000523A257300000000556E6B6E6F776E00E9
:1053B0002F0000002E646F76657800004C6170202D
:1053C000416E797468696E6700000000434952437A
:1053D00055495400535052494E540000537072695D
:1053E0006E7400003230253032642D253032642D49
:1053F0002530326420253032643A253032643A2533
:10540000303264004657424547494E3A000000009A
:1054100046575055543A00004657444F4E450000F9
:1054200046574150504C5900465741424F52540044
:10543000465744465500000053544154450000006F
:105440004352430053495A45000000005641524917
:10545000414E540046574352433A25730000000022
:1054600073656E736500000054444F4E45000000A4
:1054700057524954450000004552524F5200000017
:105480004C495354000000004745543A00000000C6
:1054900044454C4554453A004E4F545F464F554E97
:1054A00044000000534C49535400000053474554F6
:1054B0003A000000535345543A00000053524553FC
:1054C000455400005342555359000000544C495371
:1054D0005400000054534C49535400005445525258
:1054E0003A42555359000000544745543A000000D1
:1054F00054534745543A0000544552523A424144AD
:105500005F4E414D45000000545055543A00000094
:1055100054535055543A00005444454C3A0000004E
:10552000545344454C3A000042415454000000009A
:10553000424154543A25642C2573000044454C5F85
:105540004552520044454C45544544004657444654
:10555000553A4F4B000000005446494C453A2573DC
:105560000000000054454E440000000054534649DA
:105570004C453A25730000005453454E440000004A
:10558000544552523A53445F42555359000000006B
:105590007C000000257325733A256C75000000001F
:1055A000454E440053495A453A256C7500000000A9
:1055B00025732F25732E6A736F6E000025732C25BB
:1055C000642C25732C25732C25732C25732C2573A3
:1055D0002C25732C25732C25642C25732C25732CDA
:1055E00025732C25732C25732C2573003230253020
:1055F000326425303264253032645F2530326425D0
:105600003032642E646F76657800000074696D65D1
:105610007374616D702C736174732C68646F702C7B
:105620006C61742C6C6E672C73706565645F6D7053
:10563000682C616C7469747564655F6D2C68656154
:1056400064696E675F6465672C685F6163635F6D43
:105650002C72706D2C616363656C5F782C61636381
:10566000656C5F792C616363656C5F7A2C54656D42
:1056700070312C4A756E6374696F6E312C54656D90
:1056800070320000446174614C6F6767657200009E
:10569000446F766573000000312E30002F2F2727CE
:1056A00022225C5C6208660C6E0A720D74090000AE
:1056B000747275650000000066616C73650000001F
:1056C0006E756C6C0000000073746172745F615FD2
:1056D0006C61740073746172745F615F6C6E6700FB
:1056E000544552523A544F4F5F4C41524745000087
:1056F00025732F2573000000544552523A575249E2
:1057000054455F4641494C00544F4B00544552525A
:105710003A4E4F5F46494C450000000063616D659D
:1057200072615F73657269616C000000626C75651F
:10573000746F6F74685F6E616D650000446F7665AD
:1057400073446174614C6F67676572006C6F6E675C
:105750004E616D650000000073686F72744E616D7C
:105760006500000064656661756C74436F757273E3
:105770006500000074797065000000007370726944
:105780006E7400006E616D65000000006C656E67F0
:10579000746846740000000073746172745F625F25
:1057A0006C61740073746172745F625F6C6E670029
:1057B000736563746F725F325F615F6C6174000068
:1057C000736563746F725F325F615F6C6E67000058
:1057D000736563746F725F325F625F6C6174000047
:1057E000736563746F725F325F625F6C6E67000037
:1057F000736563746F725F335F615F6C6174000027
:10580000736563746F725F335F615F6C6E67000016
:10581000736563746F725F335F625F6C6174000005
:10582000736563746F725F335F625F6C6E670000F5
:1058300066696E6973685F615F6C61740000000087
:1058400066696E6973685F615F6C6E670000000077
:1058500066696E6973685F625F6C61740000000066
:1058600066696E6973685F625F6C6E670000000056
:10587000646174655F637265617465640000000053
:105880003230253032642D253032642D253032649B
:1058900000000000636F7572736573005C753030D3
:1058A00030300000446F766573446174614C6F67FB
:1058B0006765722D25730000626C7565746F6F7477
:1058C000685F70696E00000025732573000000009A
:1058D0006465766963655F6E616D650044726976C3
:1058E0006572000037000000333000007761797086
:1058F0006F696E745F7370656564000077617970BD
:105900006F696E745F646574656374696F6E5F64FC
:10591000697374616E6365006C61705F6465746562
:105920006374696F6E5F64697374616E63650000B0
:105930006472697665725F6E616D650025303464EE
:105940000000000025732E746D7000005345525204
:105950003A53445F42555359000000002F534554B9
:1059600054494E47532E6A736F6E0000534552528E
:105970003A4E4F5F46494C45000000005345525295
:105980003A454D5054590000534552523A504152F5
:10599000534500005356414C3A25733D2573000092
:1059A00053454E4400000000534552523A4E4F5466
:1059B0005F464F554E440000534552523A424144CF
:1059C0005F434D4400000000534F4B3A25730000E5
:1059D000534552523A57524954455F4641494C004B
:1059E000534F4B3A524553455400000053455252D1
:1059F0003A52455345545F4641494C00446F7665E1
:105A000073446174614C6F676765722D2530336430
:105A10000000000042697264734579652D73656EFC
:105A200073650000332E322E302D626574612E3086
:105A30006661356263640000496E737461333630A9
:105A4000204750532052656D6F7465004E6F202EB5
:105A5000646F7665782066696C65730A666F756E2B
:105A600064206F6E20534421000000004E65656481
:105A700020475053206C6F636B20746F0A6372650C
:105A8000617465206120636F7572736500000000AA
:105A900043616D6572612062757379202D0A656EB0
:105AA000642073657373696F6E2066697273740026
:105AB0004E6F2072656D6F7465206C696E6B202D62
:105AC0000A72756E2057616B652066697273740087
:105AD00043616D657261206E6F74207375626265DB
:105AE000640A746F20627574746F6E732028636526
:105AF00038322900427574746F6E2073656E640AC3
:105B000072656A6563746564206279207374616389
:105B10006B000000506C756720696E205553420A77
:105B20006361626C65206669727374210000000015
:105B3000534420627573792C2063616E6E6F740A12
:105B4000737461727420555342206D6F6465210037
:105B500043616E6E6F74207265616420444F5645D8
:105B6000580A6865616465722028696E636F6D709C
:105B70006C6574653F2900004750533A204E4F54DE
:105B80002044455445435445440000000A434845D9
:105B9000434B20574952494E470000000A52657452
:105BA0007279696E672E2E2E000000000A416E7910
:105BB00020627574746F6E3A206D656E750000001A
:105BC0000A75703A00000000536174733A000000D7
:105BD000202048444F503A002D2D00004C4F434B9D
:105BE0004544202D20726561647920696E20000093
:105BF000464958206F6B20205554432E2E2000001C
:105C0000414351554952494E472000005554433AAB
:105C1000206E6F20646174652F74696D65000000EB
:105C20005554433A207265736F6C76696E67203CF9
:105C30003D31326D000000004D6F64653A475053AE
:105C40002D6F6E6C79000000426174743A000000A0
:105C5000252000005600000020426C7565746F6FAF
:105C6000746820436F6E6E656374696F6E00000028
:105C700020436F6E6E656374656400002020576179
:105C80006974696E670000005472616E73666572B4
:105C90003A200000250000002D3E45786974000080
:105CA0002D3E000020202020202043414D45524120
:105CB000000000005061697265643A200000000035
:105CC0004261636B000000005465737400000000C3
:105CD000556E7061697200002020202020504149DB
:105CE000522043414D45524100000000436F6E6E0B
:105CF0006563746564202D0072656164696E672058
:105D000073657269616C2E2E2E000000506F7765EE
:105D100072206F6E2063616D657261006E656172E5
:105D200062792E2E2E00000050616972696E672024
:105D300073746F707065640042313A4D616E7561C5
:105D40006C2042323A43616E63656C006E6F0000F6
:105D5000796573005550000055502B0053594E4340
:105D60000000000043414D4552412054455354200A
:105D70007265633A00000000523A000020416476E8
:105D80003A00000020473A006567673A20000000AB
:105D90004E4100002020202043414D4552412053D8
:105DA000455249414C0000005E000000204F4B204E
:105DB000000000002043414E43454C2000000000FD
:105DC00053656C6563742053657373696F6E3A2015
:105DD000000000004E6F202E646F766578206669A3
:105DE0006C657300666F756E642100005072657398
:105DF0007320616E79206B6579000000746F2067F5
:105E00006F206261636B00002020205265706C611E
:105E10007920526573756C74730000004C61707367
:105E20003A200000426573743A20000020284C009C
:105E3000290000004E2F41004F70743A20000000EE
:105E40004472697665723A2000000000436F7572F3
:105E500073653A20000000003C2D204C61707320D7
:105E600020202020202045786974202D3E0000004D
:105E700053504545440000004E4F204C4F47000012
:105E80000A4C415000000000202043757272656E7C
:105E900074204C61702054696D6500000A0A00008E
:105EA000202A77616974696E672A000020204E2FCE
:105EB00041000000202043757272656E74204C61B1
:105EC00070205061636500002020202020202020C9
:105ED000202020002B0000002020202020204265D0
:105EE0007374204C617000004C61703A2000000017
:105EF000456E67696E652052504D202A4F564552B7
:105F0000205245562A0000002020202020456E67A0
:105F1000696E652052504D00202057414954494E2A
:105F20004720475053204C4F434B2E2E000000007B
:105F300020202A2A204E4F54204C4F4747494E4795
:105F4000202A2A0020202020206D61783A2000009D
:105F500054656D703120462020202A54432046414C
:105F6000554C542A00000000202020202020546599
:105F70006D7031204600000020202D2D2D000000E6
:105F800025356400206A756E633A20002D2D2D00A2
:105F900020202072663A200048554E47000000003D
:105FA00020202020202054656D7032204600000003
:105FB00020626174743A20002020204C61702048D7
:105FC0006973746F72792020200000002020202047
:105FD000204C617020486973746F727920202020F2
:105FE00020000000534420464F524D415400000011
:105FF000466F726D6174204641494C4544202D2006
:1060000072657472790000004361726420697320C4
:106010006E6F7420666F726D617474656400000049
:10602000466F726D617474696E6720696E2000003E
:106030004B65657020686F6C64696E672053454CD2
:1060400045435400486F6C642053454C45435420ED
:10605000337320746F000000666F726D617420747A
:10606000686520636172640028455241534553209E
:1060700045564552595448494E4729004368617274
:1060800067696E6700000000256425250000000098
:106090006F6E652073746172742F66696E697368C0
:1060A000206C696E650000007374617274202B208F
:1060B00066696E697368206C696E65730000000024
:1060C000202020434F55525345205459504500003D
:1060D0004369726375697400535052494E542040AD
:1060E0000000000043495243204000004E45570045
:1060F00020444F4E450000005361766500000000CB
:10610000202D200043616E63656C0000206F6C647D
:106110002072756E3F000000206F6C642072756EF7
:10612000733F0000545241434B2046554C4C0000F5
:1061300044726F70200000004E6F742073617665AA
:106140006420696E206170702E0000004B656570E0
:10615000207468656D00000044726F70202B2073FE
:1061600061766500202A00004C494E453A20000027
:10617000506F696E74204100506F696E7420420048
:1061800053617665206C696E650000004261636B47
:106190002028646973636172642900004200000072
:1061A000686F6C64207374696C6C2E2E2E00000076
:1061B00066697865733A200064726F707065643A3E
:1061C000200000006163633A2000000020544F4F1C
:1061D00020504F4F52000000207765616B00000097
:1061E0004E4F204649580000746F6F206665772037
:1061F0006669786573202D00747279206167616922
:106200006E000000536176652063757272656E746E
:1062100020706F7300000000465741424F525445B2
:10622000440000002F6677002F66772F70656E643C
:10623000696E672E62696E004657524541445900A7
:1062400046574F4B3A25730046574442473A415010
:10625000504C590046574442473A564241543D2516
:10626000640000004241545445525900464C415389
:10627000480000005550444154494E47000000007A
:106280004649524D5741524500000000446F206E70
:106290006F7420706F776572206F66660000000073
:1062A00046574442473A53544147450046574442B3
:1062B000473A45524153453D256C75004657444287
:1062C000473A455241534544000000004657535455
:1062D0004147453A25640000465753544147453AE3
:1062E0003130300046574150504C49454400000081
:1062F00046574442473A444953434F4E4E45435410
:10630000000000005452454144590000444F4E459E
:106310000000000020454E4420524143450000004B
:10632000207072657373206D6964646C652062759A
:1063300074746F6E00000000202020446F76657337
:106340000A204D61676963426F7800002054696DCF
:106350006572202B2044617461204C6F6767657201
:10636000000000000A20202020496E697469616CD9
:10637000697A696E672E2E2E0000000044657465F0
:106380006374696E672E2E2E000000004750532064
:106390006E6F740A696E697469616C697A6564000C
:1063A0004261747465727920203A200053617473DD
:1063B00020202020203A20005261746520202020D7
:1063C000203A2000487A000048444F5020202020E6
:1063D000203A20005344436172642020203A200078
:1063E00042616420496E6974000000004C6F676769
:1063F000696E670057616974696E67204750530082
:10640000526561647900000044726F70732020202F
:10641000203A2000204F76663A00000054726163F3
:106420006B3A20004D6F6465203A20005761697413
:10643000696E6720666F72204750532E2E2E000023
:106440004750532F52462044454255470000000014
:106450000A475053206E6F7420617661696C6162E7
:106460006C65000044726F70733A000020523A006D
:106470004953526D61783A00447261696E3A000086
:106480004C6170733A00000020537472743A00003B
:1064900020583A00437572203A200000506163652D
:1064A0003A20000020466F726D617474696E672037
:1064B000636172642E2E2E0020444F204E4F5420D4
:1064C000504F574552204F4646000000205265620B
:1064D0006F6F74696E672E2E2E00000020466F725B
:1064E0006D6174204F4B000020205741524E494EA1
:1064F00047202000436F6E74696E7565205769747C
:10650000682043617574696F6E000000202020547C
:1065100072616E73666572204D6F646500000000E5
:10652000426C7565746F6F746800000055534200CB
:1065300053746F70204C6F6767696E673F0000008F
:106540004241434B00000000454E44205241434528
:10655000000000002020205553422053746F7261C8
:1065600067650000204472697665204F6E00000068
:10657000436F6E6E656374656420746F2050432EA4
:10658000000000004472616720262064726F702052
:1065900066696C65732E00002D3E4578697420286D
:1065A0007265626F6F74732900000000202020461E
:1065B00041554C542020000020506C6561736520CB
:1065C0005265626F6F7420446576696365000000F0
:1065D00020202045786974205265706C61793F00F5
:1065E000457869740000000020202020204F70743E
:1065F000696D616C204C6170000000004E6F20736B
:106600006563746F7273000020202020204C61703D
:10661000204E756D62657273000000002076206D5B
:106620006F726500202043524541544520434F5529
:106630005253450041726520796F752061743A00AC
:10664000596573202D2061646420636F75727365D2
:10665000000000004E6F202D206E6577207472615F
:10666000636B0000496E76616C69642073657269C2
:10667000616C000041414141414100006469737017
:106680006C61795F696E766572740000696E76651B
:106690007274656400000000726163655F6D6F6411
:1066A0006500000064656275675F7061676573000F
:1066B00073686F7700000000737061726B5F6D6FBD
:1066C0006465000073696E676C65000063796C69CE
:1066D0006E6465725F636F756E7400005344204989
:1066E0006E6974206661696C6564210A0A6C6F6763
:1066F00067696E67206E6F7420706F737369626C68
:106700006521000000000000000000000973020085
:106710000D73020011730200157302001973020059
:10672000000000000000000019760200117602004F
:1067300009760200000000000000000099750200C8
:10674000917502000573020011750200E5750200E3
:10675000DD750200897502000000000000000000E5
:1067600065A50300F1B9030005730200759D0300E0
:10677000719E030049BE03003DBE030000000000FF
:106780000000000095740200A97402000573020065
:10679000CDCCCC3D0AD7233C17B7D13877CC2B32A0
:1067A0009595E6241FB14F0A000020410000C84221
:1067B00000401C4620BCBE4CCA1B0E5AAEC59D7480
:1067C0009A9999999999B93F7B14AE47E17A843F98
:1067D0002D431CEBE2361A3F3A8C30E28E79453E6F
:1067E000BC89D897B2D29C3C33A7A8D523F64939A7
:1067F0003DA7F444FD0FA5329D978CCF08BA5B25C9
:10680000436FAC642806C80A000000000000244062
:106810000000000000005940000000000088C34054
:106820000000000084D797410080E03779C34143DE
:10683000176E05B5B5B89346F5F93FE9034F384DE6
:10684000321D30F94877825A3CBF737FDD4F157592
:106850000000000000000000847F0700847F070024
:10686000847F0700847F0700010000000200000011
:10687000030000000000000084520700945207004B
:10688000A4520700B4520700C4520700847F0700D7
:10689000505207005C52070068520700745207000C
:1068A0002F545241434B5300FFFFFFFFFFFFFFFFF9
:1068B000FFFBFFFFFFFFFFFFFFFFFFFFFFFFFFFFEC
:1068C000FFE3FFFFFFFFFFFFFFFFFFFFFFFFFFFFF4
:1068D000FF0BFFFFFFFFFFFFFFFFFFFFFFFFFFFFBC
:1068E000F8737FFFFFFFFFFFFFFFFFFFFFFFFFFFCB
:1068F000C1F27FFFFFFFFFFFFFFFFFFFFFFFFFFE74
:106900001FF27FFFFFFFFFFFFFFFFFFFFFFFFFE023
:10691000FFF47FFFFFFFFFFFFFFFFFFFFFFFFF0F02
:10692000FFF57FFFFFFFFFFFFFFFFFFFFFFFFC3FC4
:10693000FFF17FFFFFFFFFFFFFFFFFFFFFFE71FF84
:10694000FFE27FFFFFFFFFFFFFFFFFFFFFFE67FF8D
:10695000FFE67FFFFFFFFFFFFFFFFFFFFFFD0FFFD2
:10696000FFFE01FFFFFFFFFFFFFFFFFFFFFD3FFFF8
:10697000FFFE000FFFFFFFFFFFFFFFFFFFF97FFF9D
:10698000FFFFFFE007FFFFFFFFFFFFFFFFDB7FFFD2
:10699000FFFFFFFFEFFFFFFFFFFFFFFFFFC3FFFF53
:1069A000FFFFFFFF9FFFFFFFFFFFFFFFFFC7FFFF8F
:1069B000FFFFFFFF9FFFFFFFFFFFFFFFFFD7FFFF6F
:1069C000FFFFFFFE1FFFFFFFFFFFFFFFFFDFFFFFD8
:1069D000FFFFFFF81FFFFFFFFFFFFFFFFFDFFFFFCE
:1069E000FFFFFFFFBFFFFFFFFFFFFFFFFFDFFFFF17
:1069F000FFFFFFFFBFFFFFFFFFFFFFFFFF9FFFFF47
:106A0000FFFFFFFF3FFFFFFFFFFFFFFFFF3FFFFF16
:106A1000FFFFFFFF7FFFFFFFFFFFFFFFFE7FFFFF87
:106A2000FFFFFFFE7FFFFFFFFFFFFFFFFCFFFFFFFA
:106A3000F7FFFFFE7FFFFFFFFFFFFFFFF9FFFFFFF5
:106A400083FFFFFEFFFFFFFFFFFFFFFFF37FFFFE60
:106A500003FFFFFCFFFFFFFFFFFFFFFFF61FFFF835
:106A60000FFFFFFC1FFFFFFFFFFFFFFFE70FFFE030
:106A70003FFFFFFC1FFFFFFFFFFFFFFFEF81FF0056
:106A80007FFFFFFFBFFFFFFFFFFFFFFFEFC07E00A5
:106A9000FFFFFFFF3FFFFFFFFFFFFFFFCFE07F0193
:106AA000FFFFFCFE7FFFFFFFFFFFFFFFDFF0FF8721
:106AB000C07FF0FEFFFFFFFFFFFFFFFFD83FFFFE9D
:106AC000077FE5FCFFFFFFFFFFFFFFFFDA03FFF09B
:106AD000077FFBFF1FFFFFFFFFFFFFFFDA00FFE461
:106AE000077FE7FFC7FFFFFFFFFFFFFFDA0407E6AF
:106AF0000E7FE7FFF1FFFFFFFFFFFFFF1B0C23F7F8
:106B00001CFFF9FFFDFFFFFFFFFFFFFC39F8F9F362
:106B1000F8FFFCFFFBFFFFFFFFFFFFF9FCF1FC7834
:106B2000F1FFFEFFF3FFFFFFFFFFFFFBFE07FE3C51
:106B300003FFFEFFE7FFFFFFFFFFFFF07F0FFF9F59
:106B40009FFFFF7FCFFFFFFFFFFFFFF07F1FFFCF04
:106B5000FFFFFF7FDFFFFFFFFFFFFFF9FE3FFFE7C4
:106B6000FFFFFF7FBFFFFFFFFFFFFFF9FCFFFFF30A
:106B7000FFFFFF3F3FFFFFFFFFFFFFF3F9FFFFF9BD
:106B8000FFFFFFBCFFFFFFFFFFFFFFF7FBFFFFFC67
:106B9000FFFFF7BE7FFFFFFFFFFFFFE7F3FFFFFEF3
:106BA0007FFFF1BF3FFFFFFFFFFFFFE7F7FFFFFFA3
:106BB0001FFFF07F9FFFFFFFFFFFFFE7F7FFFFFFD4
:106BC000CFFFFA7FCFFFFFFFFFFFFFEFF7FFFFFFD2
:106BD000E7FFF3FFEFFFFFFFFFFFFFE9F7FFFFFF17
:106BE000F3FFF3FFE7FFFFFFFFFFFFE1F7FFFFFF0B
:106BF000FBFFF7FFF7FFFFFFFFFFFFE5F3FFFFFFDF
:106C0000F9FFF7FFE7FFFFFFFFFFFFFDF3FFE0E006
:106C10001DFFEFFF0FFFFFFFFFFFFFFDFBFFCC039B
:106C20000DFFCFF867FFFFFFFFFFFFFCF9FF9FFF9E
:106C3000DDFFDFFFE3FFFFFFFFFFFFFCFDFF3FFF87
:106C4000FCFFBFFFF8FFFFFFFFFFFFFEFCFE7F80A2
:106C500039FE7FFFFE7FFFFFFFFFFFFE7E7CFC1FF4
:106C600081FEFFFFFF1FFFFFFFFFFFFC7F1800FFFC
:106C7000FFFFFFFFFF8FFFFFFFFFFFFC3F830FFFC3
:106C8000FFFFFFFFFFE7FFFFFFFFFFFC3FE7FFFF07
:106C9000FFFFFFFFFFF3FFFFFFFFFFFE1FFFFFFFF1
:106CA000FFFFFFFFFFF9FFFFF4520700FC52070050
:106CB000045307000C530700145307001C5307002C
:106CC000245307002C530700345307003C5307009C
:106CD000445307004C5307003031323334353637D4
:106CE00038394142434445464748494A4B4C4D4E4A
:106CF0004F505152535455565758595A000000009E
:106D00002F545241434B532F535052494E5400007D
:106D10002F53455454494E47532E6A736F6E0000EB
:106D20007053070078530700805307008C53070007
:106D30009453070000000000000000000000000065
:106D40000338FDD870470000545307005C53070018
:106D500064530700C05C07000102000030590700BF
:106D6000DC58070018590700E4580700FC580700D2
:106D7000E8580700EC580700E85807001C570700C0
:106D8000847F070098660700D0520700B8660700A6
:106D9000D8520700CC660700E05207007C66070067
:106DA000E4520700A4660700EC52070053656374C1
:106DB0006F72203300000000536563746F722032DD
:106DC00000000000537461727400000046696E692F
:106DD0007368000053746172742F46696E0000007E
:106DE00000010200303132333435363738396162D0
:106DF00063646566000000006461746574696D65B4
:106E00002C6472697665722C636F757273652C736E
:106E1000686F72745F6E616D652C626573745F6C10
:106E200061705F6D732C6F7074696D616C5F6D73F1
:106E30002C6465766963655F6E616D652C72616354
:106E4000655F6D6F64650D0A0000000025732C25D9
:106E5000732C25732C25732C25732C25732C2573EB
:106E60002C25730D0A0000006C6170735F6D730D4B
:106E70000A0000002C256C75000000002C000000AA
:106E8000031980011409496E737461333630204749
:106E900050532052656D6F7465000000474E524D8F
:106EA000432C00002C452C002C302E302C572C412C
:106EB0002C5600002C32362E372C00000201051B08
:106EC000FF4C000215094F5242495409FF0F0000C0
:106ED000000000000000000000E40100FCEFFE865E
:106EE000000301003031323334353637383941420E
:106EF0004344454600000000256C753A2530326C4D
:106F0000752E2530336C7500303A2530326C752E75
:106F10002530336C750000002025326C752E25302D
:106F2000336C7500256C752E2530336C75000000B0
:106F3000223A0000223A2200737461727400000049
:106F4000736563746F725F32000000007365637471
:106F50006F725F330000000066696E69736800003D
:106F60002C22636F7572736573223A5B0000000018
:106F70005D7D0000B8570700C8570700D8570700C5
:106F8000E857070000000000000000009DFE03001D
:106F9000B5FE0300C9FE0300A1FE0300A5FE030029
:106FA000A9FE0300ADFE0300B1FE0300E1FE0300F5
:106FB000656E643A207468652066696C6520627548
:106FC0006666657220686173206265656E2064651F
:106FD0006C657465642E20596F752077696C6C2020
:106FE0006E65656420746F2063616C6C20736574DA
:106FF00046696C6542756666657253697A6520629A
:1070000065666F7265202E626567696E20746F20F9
:107010006372656174652061206E6577206F6E65AF
:107020002E0000007365745061636B65744366677E
:107030005061796C6F616453697A653A205A657260
:107040006F207061796C6F616453697A652100000B
:107050007365745061636B65744366675061796CE6
:107060006F616453697A653A207061636B6574433C
:1070700066675061796C6F616453697A65203E2060
:1070800073706942756666657253697A652100009E
:10709000556E6B6E6F776E2053746174757300005C
:1070A000696E697453746F726167654E4D45413AFC
:1070B0002052414D20616C6C6F63206661696C6584
:1070C000642100004750474741000000474E4747B2
:1070D000410000004750565447000000474E5654A8
:1070E000470000004750524D43000000474E524DAC
:1070F0004300000047505A4441000000474E5A44A4
:10710000410000004750475354000000474E47538A
:10711000540000007370695472616E736665723A50
:1071200020737069427566666572206973206675A2
:107130006C6C210073656E64537069436F6D6D6193
:107140006E643A206E6F206D656D6F727920616C90
:107150006C6F636174696F6E20666F722053504963
:10716000204275666665722100000000434C533A68
:10717000000000004E41560041434B00434647008B
:107180004D4F4E002049443A000000005056540034
:107190005341564500000000204C656E3A2030787F
:1071A00000000000205061796C6F61643A000000BB
:1071B000205061796C6F61643A2049474E4F5245C7
:1071C0004400000063726561746546696C654275D0
:1071D000666665723A205761726E696E672E206628
:1071E000696C6542756666657253697A6520697374
:1071F000207A65726F2E2044617461206C6F67671E
:10720000696E67206973206E6F7420706F73736985
:10721000626C652E000000006372656174654669EA
:107220006C654275666665723A205761726E696E6A
:10723000672E2046696C65206275666665722061FE
:107240006C7265616479206578697374732E20535C
:107250006B697070696E672E2E2E00006372656117
:10726000746546696C654275666665723A20666942
:107270006C6542756666657253697A652069733A12
:107280002000000073746F72655061636B65743A1F
:107290002066696C6520627566666572206E6F7423
:1072A00020617661696C61626C65210073746F7234
:1072B000655061636B65743A20696E7375666669C3
:1072C0006369656E742073706163652061766169BE
:1072D0006C61626C652120446174612077696C6C1B
:1072E000206265206C6F73742100000070726F6300
:1072F0006573735542587061636B65743A207061B1
:10730000636B65745542584D474141434B20697347
:107310002066756C6C2E2041434B2077696C6C2085
:107320006265206C6F7374210000000070726F63DF
:107330006573735542587061636B65743A20706170
:10734000636B65745542584D47414442442069730C
:107350002066756C6C2E2044424420646174612068
:1073600077696C6C206265206C6F7374210000007B
:107370005542585F5345435F5349473A20747275ED
:107380006E636174696E6720000000002063656EA3
:10739000746572206672657175656E6369657320C8
:1073A000746F200070726F636573735542583A2092
:1073B0006175746F4C6F6F6B757020726574757248
:1073C0006E6564205A45524F206D61785061796C2A
:1073D0006F6164212120436C6173733A203078001F
:1073E0002049443A2030780070726F63657373559A
:1073F00042583A204E41434B207265636569766579
:10740000643A2052657175657374656420436C61DC
:1074100073733A203078000020526571756573747B
:1074200065642049443A20307800000070726F6330
:107430006573735542583A20696E636F6D696E6764
:1074400020226175746F6D6174696322206D6573AC
:10745000736167653A20436C6173733A203078003A
:10746000496E636F6D696E673A2053697A653A2099
:10747000000000002052656365697665643A20006B
:107480007061636B6574436667206E6F7720766109
:107490006C6964007061636B657441636B206E6F2F
:1074A000772076616C6964007061636B6574436614
:1074B0006720636C617373416E6449446D617463EA
:1074C000680000007061636B657441636B20636CDE
:1074D000617373416E6449446D61746368000000B8
:1074E000436865636B73756D206661696C65643AAA
:1074F0000000000020636865636B73756D413A207E
:107500000000000020636865636B73756D423A206C
:107510000000000020726F6C6C696E6743686563E1
:107520006B73756D413A200020726F6C6C696E67E9
:10753000436865636B73756D423A200070726F63C8
:107540006573735542583A20627566666572206F9E
:1075500076657272756E2064657465637465642106
:107560000000000070726F636573735542583A20D3
:10757000636F756E74657220686974206D617869D7
:107580006D756D5F7061796C6F61645F73697A6549
:10759000202B20362100000020616374697665503D
:1075A00061636B65744275666665723A200000001F
:1075B000206D6178696D756D5F7061796C6F616464
:1075C0005F73697A653A200073746F726546696CFF
:1075D0006542797465733A2066696C6520627566E8
:1075E000666572206E6F7420617661696C61626C91
:1075F0006521000073746F726546696C6542797429
:1076000065733A20696E73756666696369656E7441
:1076100020737061636520617661696C61626C657D
:107620002120446174612077696C6C206265206C54
:107630006F7374210000000070726F636573733A9A
:10764000206175746F4C6F6F6B7570207265747507
:10765000726E6564205A45524F206D617850617991
:107660006C6F6164212120436C6173733A20307820
:107670000000000070726F636573733A20696E6377
:107680006F6D696E6720226175746F6D61746963D7
:1076900022206D6573736167653A20436C61737373
:1076A0003A20307800000000206C6F67426563610B
:1076B0007573654175746F3A00000000206C6F6748
:1076C00042656361757365456E61626C65643A001D
:1076D00070726F636573733A205A45524F204C4560
:1076E0004E475448207061636B6574207265636512
:1076F000697665643A20436C6173733A2030780090
:1077000070726F636573733A2041434B20726563F7
:1077100065697665642077697468202E6C656E20D3
:10772000213D20323A20436C6173733A2030780057
:10773000206C656E3A20000070726F636573733A57
:10774000204E4D4541206275666665722069732042
:1077500066756C6C2100000070726F636573733A1C
:10776000204E4D454120636865636B73756D2066DF
:1077700061696C2028322921204578706563746521
:107780006420000020476F742000000070726F6357
:107790006573733A204E4D454120636865636B7392
:1077A000756D206661696C20283129210000000078
:1077B00070726F636573733A205F73746F72616781
:1077C000654E4D454120636865636B73756D20663A
:1077D00061696C210000000070726F636573733A19
:1077E0002076616C6964205254434D206D6573733B
:1077F00061676520747970653A2000005F000000C1
:1078000070726F636573733A205254434D206368FE
:1078100065636B73756D206661696C210000000003
:10782000636865636B55626C6F784932433A200038
:1078300020627974657320617661696C61626C6540
:1078400000000000636865636B55626C6F784932B5
:10785000433A20627573206572726F723F206279BD
:1078600074657352657475726E656420213D206283
:1078700079746573546F526561640000776169744F
:10788000466F724E6F41434B526573706F6E7365F6
:107890003A2076616C696420646174612077697450
:1078A0006820434C532F4944206D61746368206104
:1078B0006674657220000000206D7365630000002F
:1078C00077616974466F724E6F41434B52657370B6
:1078D0006F6E73653A2064617461206265696E67DA
:1078E000204F5645525752495454454E20616674B4
:1078F0006572200077616974466F724E6F41434B29
:10790000526573706F6E73653A20434C532F494430
:10791000206D6174636820627574206661696C65AE
:1079200064204352432061667465722000000000A9
:1079300077616974466F724E6F41434B5265737045
:107940006F6E73653A2054494D454F55542061661A
:107950007465722000000000206D7365632E204E58
:107960006F207061636B657420726563656976650D
:10797000642E000077616974466F7241434B526513
:1079800073706F6E73653A2076616C696420646110
:10799000746120616E642076616C69642041434BA0
:1079A000207265636569766564206166746572201E
:1079B0000000000077616974466F7241434B526565
:1079C00073706F6E73653A206E6F2064617461200E
:1079D000616E642076616C69642041434B2061666E
:1079E000746572200000000077616974466F72410F
:1079F000434B526573706F6E73653A2064617461B6
:107A0000206265696E67204F56455257524954545B
:107A1000454E2061667465722000000077616974CC
:107A2000466F7241434B526573706F6E73653A20B7
:107A3000435243206661696C6564206166746572B7
:107A40002000000077616974466F7241434B5265B4
:107A500073706F6E73653A2064617461207761732F
:107A6000204E4F5441434B4E4F574C45444745449D
:107A700020284E41434B2920616674657220000026
:107A800077616974466F7241434B526573706F6ED4
:107A900073653A2056414C49442064617461206109
:107AA0006E6420494E56414C49442041434B20725C
:107AB000656365697665642061667465722000009F
:107AC00077616974466F7241434B526573706F6E94
:107AD00073653A20494E56414C49442064617461B3
:107AE00020616E6420494E56414C49442041434B2D
:107AF00020726563656976656420616674657220CD
:107B00000000000077616974466F7241434B526513
:107B100073706F6E73653A2054494D454F5554202C
:107B2000776974682076616C69642064617461208F
:107B30006166746572200000206D7365632E2000FD
:107B400077616974466F7241434B526573706F6E13
:107B500073653A2054494D454F555420616674650C
:107B600072200000206D7365632E00000A53656E5D
:107B700064696E673A20000053656E6420493243A1
:107B800020436F6D6D616E64206661696C65640091
:107B900073656E64436F6D6D616E643A2057616901
:107BA00074696E6720666F722041434B2072657363
:107BB000706F6E736500000073656E64436F6D6D6A
:107BC000616E643A2057616974696E6720666F72EE
:107BD000204E6F2041434B20726573706F6E73654A
:107BE0000000000061646443666756616C736574ED
:107BF0004E3A206175746F73656E6400616464430E
:107C0000666756616C7365744E3A207061636B658C
:107C1000744366675061796C6F616453697A65205B
:107C200072656163686564210000000061646443FB
:107C3000666756616C7365744E3A206B6579206C8B
:107C4000696D697420726561636865642100000074
:107C5000506F776572696E67206F666620666F7217
:107C600020000000206D730047656E6572616C2016
:107C70004661696C7572650067657456616C206B4E
:107C800065793A203078000067657456616C3A2057
:107C900073656E64436F6D6D616E6420726574759B
:107CA000726E65643A200000626567696E20285331
:107CB0005049293A2073706942756666657220736F
:107CC000697A652069732000626567696E202853B0
:107CD0005049293A207061636B657443666750614F
:107CE000796C6F616453697A65203E2073706942D4
:107CF000756666657253697A652100006265676919
:107D00006E3A206973436F6E6E6563746564202DEF
:107D1000207365636F6E6420617474656D707400A8
:107D2000626567696E3A206973436F6E6E6563744E
:107D30006564202D20746869726420617474656DB7
:107D400070740000626567696E3A207468697264D5
:107D500020617474656D7074206661696C65642E51
:107D600020417373756D696E672073756363657306
:107D7000732E2E2E000000007365744175746F50D1
:107D8000565463616C6C6261636B5074723A20523A
:107D9000414D20616C6C6F63206661696C65642184
:107DA000000000007365744175746F4E4156534175
:107DB0005463616C6C6261636B5074723A2052411F
:107DC0004D20616C6C6F63206661696C6564210095
:107DD0005375636365737300435243204661696C56
:107DE0000000000054696D656F757400436F6D6D20
:107DF000616E64206E6F742061636B6E6F776C656B
:107E00006467656420284E41434B29004F757420F8
:107E10006F662072616E676500000000496E7661D2
:107E20006C69642041726700496E76616C696420F8
:107E30006F7065726174696F6E0000004D656D6FE3
:107E40007279204572726F7200000000486172649E
:107E500077617265204572726F72000044617461CF
:107E60002053656E740000004461746120526563A4
:107E7000656976656400000049324320436F6D6D8B
:107E8000204661696C757265000000004461746190
:107E9000205061636B6574204F76657277726974E8
:107EA00074656E000000000000000000097302000D
:107EB0000D730200117302001573020019730200A2
:107EC000FFFFFFFF0000000000000000FF000000B7
:107ED0001F103111201031112110311122103111D8
:107EE000000000002410311125103111D07D070051
:107EF000687C0700D87D0700E47D0700EC7D070063
:107F00000C7E07001C7E0700287E07003C7E0700D1
:107F10004C7E07005C7E0700687E0700787E0700C5
:107F2000907007008C7E0700000000000000000039
:107F30007D9E0400B59E040005730200759E04003A
:107F4000A59E0400AD9E0400719E040057726974E2
:107F5000696E6720464154200000000042616420A1
:107F6000636C757374657220636F756E740D0A00AF
:107F70004361726420697320746F6F20736D616C4C
:107F80006C2E0D0A00000000466F726D6174204473
:107F90006F6E650D0A000000466F726D61742046B9
:107FA00061696C65640D0A000000000000000000BB
:107FB000AD2D0500B12D0500E12D0500AD2E05000C
:107FC00051390500313B050079370500393A050084
:107FD000D1350500413405004D3805007D2D0500E3
:107FE000852D0500952D05009D2D0500FF007801CC
:107FF00080014302880187018C018B01920191016C
:108000009501F601990198019A013D029E01200215
:10801000A801A701AD01AC01B001AF01B901B801E0
:10802000BD01BC01BF01F701C601C401C901C701FF
:10803000CC01CA01DD018E01F301F101F501F4016A
:108040003A02652C3C023B023E02662C420241028F
:1080500053028101540286015602890157028A01A6
:1080600059028F015B029001600293016302940147
:1080700068029701690296016B02622C6F029C01F3
:1080800072029D0175029F017D02642C8002A6018F
:108090008302A9018802AE01890244028A02B10169
:1080A0008B02B2018C0245029202B7017B03FD03F1
:1080B0007C03FE037D03FF03AC038603C203A3031B
:1080C000CC038C03CD038E03CE038F03F203F9039D
:1080D000F803F703FB03FA03CF04C0047D1D632CF0
:1080E000511F591F531F5B1F551F5D1F571F5F1FD8
:1080F000781FF81F791FF91FB31FBC1FCC1FC31FA8
:10810000E51FEC1FFC1FF31F4E2132218421832128
:10811000612C602C762C752C6100E01AE000E017D1
:10812000F800E007000101303201010639010110B9
:108130004A01012E7901010682010104A001010614
:10814000B3010104CD010110DE010112F801012883
:10815000220201124602010AAD03DB03B103E01162
:10816000C303E009D80301183004E0205004B01024
:10817000600401228A040136C104010ED0040144C6
:108180006105D026001E0196A01E015A001F080896
:10819000101F0806201F0808301F0808401F080687
:1081A000601F0808701F4A02721F5604761F64027F
:1081B0007A1F70027C1F7E02801F0808901F08082B
:1081C000A01F0808B01F0802D01F0802E01F080205
:1081D0007021F010D024E61A302CD02F672C010625
:1081E000802C0164002D002641FFE01A54696E794D
:1081F0005553422053657269616C00000000000015
:10820000000000001D430500D5420500C5420500E1
:10821000414205008D42050061420500B94205005A
:1082200059410500F0FFFFFF0000000089430500F1
:1082300053656565640000005849414F206E524601
:1082400035323834302053656E7365003031323347
:108250003435363738394142434445460000000042
:108260001201000200000040862845800001010242
:108270000301000009020900000100A03200000013
:108280004164616672756974000000004D6173732A
:108290002053746F726167650000000000000000E9
:1082A000000000003549050075736264000000009D
:1082B000050F3900021810050038B60834A909A0C6
:1082C000478BFDA0768815B665000101011C1005DD
:1082D00000DF60DDD88945C74C9CD2659D9E648ACD
:1082E0009F00000306B2000200000000B14E05002E
:1082F000294F0500554F05004D5005000D51050053
:1083000000000000555A0500655A0500755A050021
:10831000095B05003D5C050000000000955205006A
:10832000A5520500B55205007553050075550500A9
:108330000000000055560500B5560500DD56050045
:108340000D580500115805000000000011630500DC
:108350006D6305008D630500614C050075640500C3
:1083600000000000000101011100000000000000F9
:108370000000000095980500AD980500C99805001B
:10838000C59A0500000000000000000011A30500D0
:1083900035A30500100018000000C8000000000010
:1083A00000000000EDB90500EDB90500F1B90500C8
:1083B00000000000000000000000000069BA050095
:1083C0006DBA05005075626C696300005374617486
:1083D0006963000050726976617465205265736F3D
:1083E0006C7661626C65000050726976617465201C
:1083F0004E6F6E205265736F6C7661626C65000023
:10840000424C4500534F4300C4830700CC83070010
:10841000D4830700E8830700010000071100000073
:10842000D8ECF0F4F8FC000203040506070800008D
:1084300023D1BCEA5F782315DEEF1212301500005D
:1084400023D1BCEA5F782315DEEF1212321500004B
:1084500023D1BCEA5F782315DEEF1212311500003C
:1084600023D1BCEA5F782315DEEF12123415000029
:108470000000000000000000EDB90500EDB90500A6
:10848000EDC70500312E312E3133000041646166A5
:108490007275697420496E647573747269657300CE
:1084A0000000000000000000EDB90500EDB9050076
:1084B00049C905002F61646166727569742F626F26
:1084C0006E645F70727068002F61646166727569B6
:1084D000742F626F6E645F636E7472002F616461EB
:1084E00066727569742F626F6E645F707270682F48
:1084F0002530325825303258253032582530325800
:108500002530325825303258000000002F61646158
:1085100066727569742F626F6E645F636E74722F1A
:1085200025303258253032582530325825303258CF
:10853000253032582530325800000000253032589E
:108540003A253032583A253032583A253032583AA6
:10855000253032583A253032580000000000000023
:10856000003E5B4F5B3E3E6B4F6B3E1C3E7C3E1CB9
:10857000183C7E3C181C577D571C1C5E7F5E1C00FF
:10858000183C1800FFE7C3E7FF0018241800FFE7B6
:10859000DBE7FF30483A060E2629792926407F0579
:1085A0000507407F05253F5A3CE73C5A7F3E1C1C8F
:1085B00008081C1C3E7F14227F22145F5F005F5F4F
:1085C00006097F017F006689956A6060606060943B
:1085D000A2FFA29408047E040810207E2010080840
:1085E0002A1C08081C2A08081E101010100C1E0C4B
:1085F0001E0C30383E3830060E3E0E0600000000DD
:108600000000005F00000007000700147F147F14C3
:10861000242A7F2A12231308646236495620500008
:1086200008070300001C2241000041221C002A1CF4
:108630007F1C2A08083E08080080703000080808DF
:108640000808000060600020100804023E514945FF
:108650003E00427F400072494949462141494D331D
:108660001814127F1027454545393C4A4949314184
:10867000211109073649494936464949291E000052
:1086800014000000403400000008142241141414A7
:108690001414004122140802015909063E415D5993
:1086A0004E7C1211127C7F494949363E414141229C
:1086B0007F4141413E7F494949417F090909013EC6
:1086C000414151737F0808087F00417F41002040ED
:1086D000413F017F081422417F404040407F021CFF
:1086E000027F7F0408107F3E4141413E7F09090916
:1086F000063E4151215E7F091929462649494932E2
:1087000003017F01033F4040403F1F2040201F3FA7
:108710004038403F6314081463030478040361592C
:10872000494D43007F41414102040810200041416E
:10873000417F04020102044040404040000307081A
:108740000020545478407F28444438384444442816
:10875000384444287F385454541800087E090218BD
:10876000A4A49C787F0804047800447D4000204045
:10877000403D007F1028440000417F40007C047889
:1087800004787C080404783844444438FC182424D1
:108790001818242418FC7C08040408485454542451
:1087A00004043F44243C4040207C1C2040201C3CCE
:1087B0004030403C44281028444C9090907C4464C5
:1087C000544C440008364100000077000000413658
:1087D000080002010204023C2623263C1EA1A161DE
:1087E000123A4040207A3854545559215555794110
:1087F0002254547842215554784020545579400CE5
:108800001E527212395555555939545454593955C7
:108810005454580000457C410002457D420001450A
:108820007C407D1211127DF0282528F07C5455459E
:10883000002054547C547C0A097F4932494949320A
:108840003A4444443A324A4848303A4141217A3A1B
:1088500042402078009DA0A07D3D4242423D3D40E7
:1088600040403D3C24FF2424487E4943662B2FFC96
:108870002F2BFF0929F620C0887E09032054547944
:10888000410000447D413048484A32384040227A15
:10889000007A0A0A727D0D19317D2629292F282692
:1088A0002929292630484D4020380808080808089A
:1088B0000808382F10C8ACBA2F102834FA00007BF3
:1088C000000008142A142222142A14085500550006
:1088D00055AA55AA55AAFF55FF55FF000000FF00F5
:1088E000101010FF00141414FF001010FF00FF10F0
:1088F00010F010F0141414FC001414F700FF000022
:10890000FF00FF1414F404FC141417101F10101FA0
:10891000101F1414141F00101010F0000000001F8E
:10892000101010101F10101010F010000000FF1099
:108930001010101010101010FF10000000FF140095
:1089400000FF00FF00001F10170000FC04F41414C7
:108950001710171414F404F40000FF00F714141493
:1089600014141414F700F7141414171410101F1013
:108970001F141414F4141010F010F000001F101F36
:108980000000001F14000000FC140000F010F010A4
:1089900010FF10FF141414FF141010101F0000001B
:1089A00000F010FFFFFFFFFFF0F0F0F0F0FFFFFF1F
:1089B0000000000000FFFF0F0F0F0F0F3844443876
:1089C00044FC4A4A4A347E02020606027E027E02C5
:1089D00063554941633844443C04407E201E2006D0
:1089E000027E020299A5E7A5991C2A492A1C4C720D
:1089F00001724C304A4D4D303048784830BC625A94
:108A0000463D3E494949007E0101017E2A2A2A2A23
:108A10002A44445F444440514A444040444A5140FF
:108A20000000FF0103E080FF000008086B6B0836C0
:108A300012362436060F090F060000181800000031
:108A40001010003040FF0101001F01011E00191D20
:108A50001712003C3C3C3C000000000000000000FD
:108A600000000000CDDD0500654B06000573020027
:108A7000A15B060001D3050005D3050025D605003E
:108A800015D3050029D3050075D7050001D30500CE
:108A900041D305003DD3050001D405005DD4050098
:108AA000B9D40500D1D605005DD3050049D5050030
:108AB0000000000000000000CDDD0500654B060051
:108AC000057302002DE1050001D3050005D3050063
:108AD00025D6050015D3050029D3050075D7050057
:108AE00001D3050041D3050081E2050001D4050052
:108AF0005DD40500B9D40500D1D605005DD30500CD
:108B000049D50500A15B0600000000000000000040
:108B10000338FDD87047000000006000000000002E
:108B2000000000000000000000E000000000000065
:108B30000000000000000001E00000000000000054
:108B400000000000000001F0000000000000000034
:108B5000000000000003F000000000000000000022
:108B60000000000007F0000000000000000000000E
:108B700000000007F80000000000000000000000F6
:108B800000000FF800000003C0007E000001E000BC
:108B90007F0FF800000003C000FE000001E000FFAE
:108BA000EFF800000003C000FE000001E000FFFF3E
:108BB000F800000003C000F00000000F007FFE7FFF
:108BC000C0000003C000F00000000F003FFE7FF86F
:108BD0003FF1FBCFFCFEF3BC3DEFE01FFE7FFF7FCC
:108BE000FBFFDFFEFEFFBC3DEFE01FC6FFFF7FFB8C
:108BF000FFDFFEFEFFBC3DEFE00FE3C7FE787BC367
:108C0000DE1EF0FFBC3DEF0007FF87FC787BC3DE74
:108C10001EF0F83C3DEF0001FFFFF0007BC3C01EDB
:108C2000F0F03C3DEF0001F37FE03FFBC3CFFEF0EF
:108C3000F03C3DEF0003E33F807FFBC3DFFEF0F03D
:108C40003C3DEF0007E73C00787BC3DE1EF0F03CC4
:108C50003DEF0007FFBE00787BC3DE1EF0F03C3D19
:108C6000EF0007FFFE00787BC3DE1EF0F03C3DEF17
:108C7000000FFFFE007FFBFFDFFEF0F03FFDEFE0A7
:108C80000FFFFF007FFBFFDFFEF0F03FFDEFE00F87
:108C9000F9FF003E79F9CF9EF0F01F3DE7E01FF1AC
:108CA000FF0000000000000000000000001F80FF27
:108CB000007FFFFFFFFFFFFFFFFFFFE01C007F00C3
:108CC0007FFFFFFFFEB46D888D18E000001F007F5E
:108CD000FFFFFFFE95AD7DB577E000000F007FFF41
:108CE000FFFFFEA5AD9D8D19E0000006007FFFFF90
:108CF000FFFEB5ADEDB57EE0000000000000000015
:108D0000CDDD0500654B0600057302002DE1050071
:108D100001D3050005D3050025D6050015D30500B0
:108D200029D3050075D7050001D3050041D30500FF
:108D300081E2050001D405005DD40500B9D4050029
:108D4000D1D605005DD3050049D5050059EA0500D7
:108D500095E90500A9E90500AED580A83FD30040FC
:108D6000AD8BA1C8DA1281FFD91FDB4033A62010DA
:108D7000A40000000000000000000000CDDD0500A0
:108D8000654B0600057302002DE1050001D30500C7
:108D900005D3050025D6050015D3050029D3050008
:108DA00075D7050001D3050041D3050081E2050018
:108DB00001D405005DD40500B9D40500D1D6050065
:108DC0005DD3050049D5050059EA0500A15B060001
:108DD000A15B0600000000000000000029EC050077
:108DE0002DEC05000000000000000000B5EF0500BC
:108DF00031EE050005730200E1EE050059EF0500B4
:108E000071EE050025EF0500626C6F636B203C205E
:108E10006C66732D3E6366672D3E626C6F636B5F9D
:108E2000636F756E740000002F686F6D652F72752B
:108E30006E6E65722F2E61726475696E6F31352F9B
:108E40007061636B616765732F53656565647569F0
:108E50006E6F2F68617264776172652F6E7266350E
:108E6000322F312E312E31332F6C6962726172696B
:108E700065732F41646166727569745F4C697474BF
:108E80006C6546532F7372632F6C6974746C6566DE
:108E9000732F6C66732E630068656164203E3D200D
:108EA000322026262068656164203C3D206C667374
:108EB0002D3E6366672D3E626C6F636B5F636F75FB
:108EC0006E7400007063616368652D3E626C6F6351
:108ED0006B203D3D20307866666666666666660095
:108EE0006E626C6F636B203E3D2032202626206E22
:108EF000626C6F636B203C3D206C66732D3E636635
:108F0000672D3E626C6F636B5F636F756E740000FC
:108F1000656E7472792E642E74797065203D3D20E3
:108F20004C46535F545950455F524547000000007E
:108F3000726573006C66732D3E6366672D3E6C6FC1
:108F40006F6B61686561642025203332203D3D20D0
:108F5000300000006C66732D3E6366672D3E6C6FBB
:108F60006F6B6168656164203E2030006C66732D14
:108F70003E6366672D3E70726F675F73697A652026
:108F800025206C66732D3E6366672D3E72656164B5
:108F90005F73697A65203D3D203000006C66732D5B
:108FA0003E6366672D3E626C6F636B5F73697A65C3
:108FB0002025206C66732D3E6366672D3E70726FB0
:108FC000675F73697A65203D3D203000342A6C6606
:108FD000735F6E707732283078666666666666669E
:108FE00066202F20286C66732D3E6366672D3E62D7
:108FF0006C6F636B5F73697A652D322A342929207F
:109000003C3D206C66732D3E6366672D3E626C6F3F
:10901000636B5F73697A65006C6974746C65667301
:10902000000000006C66735F63616368655F726572
:10903000616400006C66735F63616368655F707292
:109040006F6700006C66735F63747A5F66696E6455
:10905000000000006C66735F63747A5F6578746506
:109060006E6400006C66735F66696C655F73796E31
:10907000630000006C66735F72656D6F766500005B
:109080006C66735F696E6974000000000000000088
:109090006410B71DC8206E3BAC30D9269041DC76F9
:1090A000F4516B6B5861B24D3C7105502083B8EDA3
:1090B00044930FF0E8A3D6D68CB361CBB0C2649BC7
:1090C000D4D2D38678E20AA01CF2BDBD0000000015
:1090D00000000000A9460600BD4606000200000090
:1090E000030000001C0000001D0000000400000040
:1090F000050000002B0000002C0000002D000000E7
:109100002E0000002F0000001A00000006000000E2
:109110001E0000000E000000280000001B000000E0
:10912000070000000B0000002A00000020000000E3
:10913000100000000D0000001100000015000000EC
:1091400019000000140000001800000016000000C4
:1091500017000000090000000A0000001F000000C6
:10916000252E2A660000000000000000000000001C
:1091700095530600DD5306000573020051530600A7
:109180006153060059530600695306003554060022
:1091900035560600BD520600B55206002525256449
:1091A0002E25646600000000546D7251000000001E
:1091B000546D7220537663006C6F6F700000000076
:1091C00043616C6C6261636B0000000073256C7519
:1091D00020256C752E256C752E256C750000000001
:1091E0002530386C582530386C5800004661696C61
:1091F00020746F2061637175697265206D75746587
:10920000780A00004661696C20746F2072656C6595
:10921000617365206D757465780A00004661696C3C
:1092200020746F20696E63726561736520504D20F4
:10923000636F756E7465720A000000004661696CA8
:1092400020746F20646563726561736520504D20E2
:10925000636F756E7465720A0000000000010203FE
:109260000405060708090A0B0C0D0E0F1011121346
:109270001415161718191A1B1C1D1E1FC6A13B37E3
:10928000878F5B826F4F8162A1C8D8799503E3A273
:10929000245A2BE43C9874EDFE1BED9EF29000B630
:1092A0002A499FD0A9F39A6ADD2E77809DBA41A7FB
:1092B00077F3B46A37B7AAAE49D6DF8D2F7A3C6010
:1092C0000708D124ACD3C5DE3B658447000000000D
:1092D000010000000300000002000000FFFFFFFF8C
:1092E000070000004661696C20746F206765742078
:1092F00054524E4720636861726163746572697A83
:109300006174696F6E20706172616D6574657273EE
:10931000200A00004661696C20746F2063726561E9
:1093200074652053594D206D757465780A000000EE
:109330004661696C20746F206372656174652041B9
:1093400053594D206D757465780A00004661696C4B
:10935000656420746F2063726561746520506F7757
:109360006572206D757465780A0000004661696C4D
:1093700020746F206372656174652047656E566561
:1093800063206D757465780A0000000043616E27E4
:109390007420696E697469616C697A65206D757491
:1093A00065782C20776173204E554C4C0D0A0000D7
:1093B00043616E2774206C6F636B206D75746578E4
:1093C0002C20776173204E554C4C0D0A0000000094
:1093D00043616E277420756E6C6F636B206D7574BE
:1093E00065782C20776173204E554C4C0D0A000097
:1093F000536153695F48616C57616974496E746564
:1094000072727570742063616E7420776169742064
:10941000666F72206E6F7468696E670A00000000E4
:10942000000102030405060708090A0B0C0D0E0FC4
:10943000101112131415161718191A1B1C1D1E1FB4
:1094400025DA06002DDA060035DA06003DDA0600D8
:1094500045DA06004DDA060055DA06005DDA060048
:1094600065DA06006DDA060075DA06000000000015
:1094700073ACFFFFFEFFFFFFFFFFFFFFFFFFFFFFDC
:10948000FFFFFFFF000000000000000000000000E0
:1094900000000000000000000000000000000000CC
:1094A00000000000000000000000000000000000BC
:1094B00000000000000000000000000000000000AC
:1094C000000000000000000000000000000000009C
:1094D000000000000000000000000000000000008C
:1094E000000000000000000000000000000000007C
:1094F000000000000000000000000000000000006C
:109500000700000000000000000000000000000054
:10951000000000000000000000000000000000004B
:10952000000000000000000000000000000000003B
:10953000000000000000000000000000000000002B
:109540000000000000000000B3B616CA9AABDF1698
:10955000FAB8010000000000000000000100000057
:1095600000000000000000000000000000000000FB
:1095700000000000000000000000000000000000EB
:1095800000000000000000000000000000000000DB
:1095900000000000BB7E4DDDF5F43630769E01A460
:1095A00092A17AE32C384C3B000000000000000040
:1095B00000000000000000000000000000000000AB
:1095C000000000000000000000000000000000009B
:1095D000000000000000000000000000EE4F3CF022
:1095E000C33317538682C26BEDDC8F3135F98C9310
:1095F000000000000000000000000000000000006B
:10960000000000000000000000000000000000005A
:10961000000000000000000000000000000000004A
:109620000000000001000000000000000000000039
:10963000800000000000000000000000FFFFFFFFAE
:10964000FFFFFFFFFF00000000000000000000001F
:10965000000000000000000000000000000000000A
:1096600000000000000000000000000000000000FA
:1096700000000000000000000000000000000000EA
:1096800000000000000000000000000000000000DA
:1096900000000000000000000000000000000000CA
:1096A00000000000000000000000000000000000BA
:1096B00000000000000000000000000000000000AA
:1096C000000000000000000000000000000000009A
:1096D000000000000000000000000000000000008A
:1096E000000000000000000000000000000000007A
:1096F000000000000000000000000000000000006A
:109700000000000000000000000000000000000059
:109710000000000000000000000000000000000049
:109720000000000000000000A0000000A1000000F8
:109730000500000000000000534543475F505249B8
:109740004D455F3136304B3100000000FFFFFF7F99
:10975000FFFFFFFFFFFFFFFFFFFFFFFFFFFFFFFF19
:1097600000000000000000000000000000000000F9
:1097700000000000000000000000000000000000E9
:1097800000000000000000000000000000000000D9
:1097900000000000FCFFFF7FFFFFFFFFFFFFFFFF58
:1097A000FFFFFFFFFFFFFFFF0000000000000000C1
:1097B00000000000000000000000000000000000A9
:1097C0000000000000000000000000000000000099
:1097D00000000000000000000000000045FA65C520
:1097E000ADD4D4819FF8AC658B7ABD54FCBE971C78
:1097F0000000000000000000000000000000000069
:109800000000000000000000000000000000000058
:109810000000000000000000000000000000000048
:1098200000000000572275CAD3AE27F9C8F4010022
:109830000000000000000000010000000000000027
:109840000000000000000000000000000000000018
:109850000000000000000000000000000000000008
:1098600000000000000000000000000000000000F8
:1098700082FCCB13B98BC368896964462873F58E63
:1098800068B5964A000000000000000000000000DB
:1098900000000000000000000000000000000000C8
:1098A00000000000000000000000000000000000B8
:1098B000000000000000000032FBC57A375123048D
:1098C00012C9DC597D9468315528A6230000000098
:1098D0000000000000000000000000000000000088
:1098E0000000000000000000000000000000000078
:1098F0000000000000000000000000000000000068
:1099000001000000000000000000000080000000D6
:109910000000000000000000FFFFFFFFFFFFFFFF4F
:10992000FF00000000000000000000000000000038
:109930000000000000000000000000000000000027
:109940000000000000000000000000000000000017
:109950000000000000000000000000000000000007
:1099600000000000000000000000000000000000F7
:1099700000000000000000000000000000000000E7
:1099800000000000000000000000000000000000D7
:1099900000000000000000000000000000000000C7
:1099A00000000000000000000000000000000000B7
:1099B00000000000000000000000000000000000A7
:1099C0000000000000000000000000000000000097
:1099D0000000000000000000000000000000000087
:1099E0000000000000000000000000000000000077
:1099F0000000000000000000000000000000000067
:109A000000000000A0000000A10000000500000010
:109A100001000000534543475F5052494D455F31B7
:109A2000363052310000000073ACFFFFFEFFFFFF35
:109A3000FFFFFFFFFFFFFFFFFFFFFFFF0000000032
:109A40000000000000000000000000000000000016
:109A50000000000000000000000000000000000006
:109A600000000000000000000000000000000000F6
:109A700070ACFFFFFEFFFFFFFFFFFFFFFFFFFFFFD9
:109A8000FFFFFFFF000000000000000000000000DA
:109A900000000000000000000000000000000000C6
:109AA00000000000000000000000000000000000B6
:109AB0000000000000000000BA8803F55A4D66045B
:109AC000492757AB8BEB59FBD334E1B400000000BE
:109AD0000000000000000000000000000000000086
:109AE0000000000000000000000000000000000076
:109AF0000000000000000000000000000000000066
:109B00006BA1A1F318A886E71E3500000000000035
:109B10000000000001000000000000000000000044
:109B20000000000000000000000000000000000035
:109B30000000000000000000000000000000000025
:109B40000000000000000000000000006DCE443165
:109B50009D19F7301BF14F1F7E113A2934B0DC52AA
:109B600000000000000000000000000000000000F5
:109B700000000000000000000000000000000000E5
:109B800000000000000000000000000000000000D5
:109B9000000000002E3FD4A7FE2C98F90DFA71E0CA
:109BA00096F231E3F2FEAFFE00000000000000007C
:109BB00000000000000000000000000000000000A5
:109BC0000000000000000000000000000000000095
:109BD0000000000000000000000000000100000084
:109BE00000000000000000008000000000000000F5
:109BF00000000000FFFFFFFFFFFFFFFFFF0000006E
:109C00000000000000000000000000000000000054
:109C10000000000000000000000000000000000044
:109C20000000000000000000000000000000000034
:109C30000000000000000000000000000000000024
:109C40000000000000000000000000000000000014
:109C50000000000000000000000000000000000004
:109C600000000000000000000000000000000000F4
:109C700000000000000000000000000000000000E4
:109C800000000000000000000000000000000000D4
:109C900000000000000000000000000000000000C4
:109CA00000000000000000000000000000000000B4
:109CB00000000000000000000000000000000000A4
:109CC0000000000000000000000000000000000094
:109CD0000000000000000000000000000000000084
:109CE000A0000000A100000005000000020000002C
:109CF000534543475F5052494D455F3136305232EC
:109D00000000000037EEFFFFFEFFFFFFFFFFFFFF39
:109D1000FFFFFFFFFFFFFFFFFFFFFFFF000000004F
:109D20000000000000000000000000000000000033
:109D30000000000000000000000000000000000023
:109D40000000000000000000000000000000000013
:109D50000000000000000000000000000000000003
:109D600000000000000000000000000000000000F3
:109D700000000000000000000000000000000000E3
:109D800000000000000000000000000000000000D3
:109D900000000000030000000000000000000000C0
:109DA00000000000000000000000000000000000B3
:109DB00000000000000000000000000000000000A3
:109DC0000000000000000000000000000000000093
:109DD0000000000000000000000000008DFDDE74A7
:109DE0006A46690F17FCF226FEFFFFFFFFFFFFFF29
:109DF000FFFFFFFF00000000000000000000000067
:109E00000000000000000000000000000000000052
:109E10000000000000000000000000000000000042
:109E200000000000000000007D6CE0EAB1D1A51D3B
:109E300034F4B780027DB026AEE957C00EF14FDB97
:109E40000000000000000000000000000000000012
:109E50000000000000000000000000000000000002
:109E600000000000000000000000000000000000F2
:109E70009D2F5ED988AA82403486BE15D063418466
:109E8000A728569C6D2F2F9B0000000000000000AB
:109E900000000000000000000000000000000000C2
:109EA00000000000000000000000000000000000B2
:109EB00000000000000000000100000000000000A1
:109EC0000000000080000000000000000000000012
:109ED0000000000000000000800000000000000002
:109EE0000000000000000000000000000000000072
:109EF0000000000000000000000000000000000062
:109F00000000000000000000000000000000000051
:109F10000000000000000000000000000000000041
:109F20000000000000000000000000000000000031
:109F30000000000000000000000000000000000021
:109F40000000000000000000000000000000000011
:109F50000000000000000000000000000000000001
:109F600000000000000000000000000000000000F1
:109F700000000000000000000000000000000000E1
:109F800000000000000000000000000000000000D1
:109F900000000000000000000000000000000000C1
:109FA00000000000000000000000000000000000B1
:109FB000000000000000000000000000C0000000E1
:109FC000C0000000050000000300000053454347A7
:109FD0005F5052494D455F3139324B31000000002E
:109FE000FFFFFFFFFFFFFFFFFEFFFFFFFFFFFFFF82
:109FF000FFFFFFFFFFFFFFFF000000000000000069
:10A000000000000000000000000000000000000050
:10A010000000000000000000000000000000000040
:10A020000000000000000000FCFFFFFFFFFFFFFF3B
:10A03000FEFFFFFFFFFFFFFFFFFFFFFFFFFFFFFF31
:10A040000000000000000000000000000000000010
:10A050000000000000000000000000000000000000
:10A0600000000000000000000000000000000000F0
:10A07000B1B946C1ECDEB8FE49302472ABE9A70F96
:10A08000E7809CE519052164000000000000000045
:10A0900000000000000000000000000000000000C0
:10A0A00000000000000000000000000000000000B0
:10A0B00000000000000000003128D2B4B1C96B14C8
:10A0C00036F8DE99FFFFFFFFFFFFFFFFFFFFFFFFF7
:10A0D0000000000000000000000000000000000080
:10A0E0000000000000000000000000000000000070
:10A0F0000000000000000000000000000000000060
:10A10000000000001210FF82FD0AFFF40088A14346
:10A11000EB20BF7CF69030B00EA88D180000000038
:10A12000000000000000000000000000000000002F
:10A13000000000000000000000000000000000001F
:10A140000000000000000000000000001148791E1F
:10A15000A177F973D5CD246BED11106378DAC8FFC0
:10A16000952B19070000000000000000000000000F
:10A1700000000000000000000000000000000000DF
:10A1800000000000000000000000000000000000CF
:10A1900000000000010000000000000000000000BE
:10A1A000800000000000000000000000000000002F
:10A1B000000000008000000000000000000000001F
:10A1C000000000000000000000000000000000008F
:10A1D000000000000000000000000000000000007F
:10A1E000000000000000000000000000000000006F
:10A1F000000000000000000000000000000000005F
:10A20000000000000000000000000000000000004E
:10A21000000000000000000000000000000000003E
:10A22000000000000000000000000000000000002E
:10A23000000000000000000000000000000000001E
:10A24000000000000000000000000000000000000E
:10A2500000000000000000000000000000000000FE
:10A2600000000000000000000000000000000000EE
:10A2700000000000000000000000000000000000DE
:10A2800000000000000000000000000000000000CE
:10A290000000000000000000C0000000C00000003E
:10A2A0000500000004000000534543475F50524939
:10A2B0004D455F3139325231000000006DE5FFFF3E
:10A2C000FEFFFFFFFFFFFFFFFFFFFFFFFFFFFFFF9F
:10A2D000FFFFFFFFFFFFFFFF000000000000000086
:10A2E000000000000000000000000000000000006E
:10A2F000000000000000000000000000000000005E
:10A30000000000000000000000000000000000004D
:10A31000000000000000000000000000000000003D
:10A32000000000000000000000000000000000002D
:10A33000000000000000000000000000000000001D
:10A340000000000000000000000000000500000008
:10A3500000000000000000000000000000000000FD
:10A3600000000000000000000000000000000000ED
:10A3700000000000000000000000000000000000DD
:10A3800000000000000000000000000000000000CD
:10A3900000000000F7B19F7671A9F0CA8461ECD289
:10A3A000E8DC0100000000000000000000000000E8
:10A3B000010000000000000000000000000000009C
:10A3C000000000000000000000000000000000008D
:10A3D000000000000000000000000000000000007D
:10A3E0005CA4B7B60E657E0FA97570E4E967A46931
:10A3F000A128FC30DF99F04D335B45A1000000003F
:10A40000000000000000000000000000000000004C
:10A41000000000000000000000000000000000003C
:10A420000000000000000000A5616D55DB4BCAE292
:10A4300059BDB0C0F719E3F7D6FBCA824234BA7FE0
:10A44000ED9F087E000000000000000000000000FA
:10A4500000000000000000000000000000000000FC
:10A4600000000000000000000000000000000000EC
:10A47000010000000000000000000000800000005B
:10A480000000000000000000FFFFFFFFFFFFFFFFD4
:10A49000FF000000000000000000000000000000BD
:10A4A00000000000000000000000000000000000AC
:10A4B000000000000000000000000000000000009C
:10A4C000000000000000000000000000000000008C
:10A4D000000000000000000000000000000000007C
:10A4E000000000000000000000000000000000006C
:10A4F000000000000000000000000000000000005C
:10A50000000000000000000000000000000000004B
:10A51000000000000000000000000000000000003B
:10A52000000000000000000000000000000000002B
:10A53000000000000000000000000000000000001B
:10A54000000000000000000000000000000000000B
:10A5500000000000000000000000000000000000FB
:10A5600000000000000000000000000000000000EB
:10A5700000000000E0000000E10000000500000015
:10A5800005000000534543475F5052494D455F3237
:10A5900032344B31000000000100000000000000D8
:10A5A00000000000FFFFFFFFFFFFFFFFFFFFFFFFB7
:10A5B000FFFFFFFF0000000000000000000000009F
:10A5C000000000000000000000000000000000008B
:10A5D000000000000000000000000000000000007B
:10A5E000FEFFFFFFFFFFFFFFFFFFFFFFFEFFFFFF7D
:10A5F000FFFFFFFFFFFFFFFFFFFFFFFF0000000067
:10A60000000000000000000000000000000000004A
:10A61000000000000000000000000000000000003A
:10A620000000000000000000B4FF552343390B2751
:10A63000BAD8BFD7B7B04450563241F5ABB3040CCB
:10A64000850A05B4000000000000000000000000C2
:10A6500000000000000000000000000000000000FA
:10A6600000000000000000000000000000000000EA
:10A670003D2A5C5C4529DD133EF0B8E0A216FFFFE1
:10A68000FFFFFFFFFFFFFFFFFFFFFFFF00000000D6
:10A6900000000000000000000000000000000000BA
:10A6A00000000000000000000000000000000000AA
:10A6B000000000000000000000000000211D5C11EF
:10A6C000D68032342211C256D3C1034AB990133214
:10A6D0007FBFB46BBD0C0EB700000000000000008F
:10A6E000000000000000000000000000000000006A
:10A6F000000000000000000000000000000000005A
:10A7000000000000347E00859981D5446447075AD3
:10A71000A07543CDE6DF224CFB23F7B5886337BD38
:10A720000000000000000000000000000000000029
:10A730000000000000000000000000000000000019
:10A740000000000000000000000000000100000008
:10A750000000000000000000800000000000000079
:10A760000000000000000000000000008000000069
:10A7700000000000000000000000000000000000D9
:10A7800000000000000000000000000000000000C9
:10A7900000000000000000000000000000000000B9
:10A7A00000000000000000000000000000000000A9
:10A7B0000000000000000000000000000000000099
:10A7C0000000000000000000000000000000000089
:10A7D0000000000000000000000000000000000079
:10A7E0000000000000000000000000000000000069
:10A7F0000000000000000000000000000000000059
:10A800000000000000000000000000000000000048
:10A810000000000000000000000000000000000038
:10A820000000000000000000000000000000000028
:10A830000000000000000000000000000000000018
:10A840000000000000000000000000000000000008
:10A85000E0000000E000000005000000060000002D
:10A86000534543475F5052494D455F323234523170
:10A87000000000002FFCFFFFFEFFFFFFFFFFFFFFB8
:10A88000FFFFFFFFFFFFFFFFFFFFFFFFFFFFFFFFD8
:10A89000FFFFFFFF000000000000000000000000BC
:10A8A00000000000000000000000000000000000A8
:10A8B0000000000000000000000000000000000098
:10A8C0000000000000000000000000000000000088
:10A8D0000000000000000000000000000000000078
:10A8E0000000000000000000000000000000000068
:10A8F0000000000000000000000000000000000058
:10A900000000000007000000000000000000000040
:10A910000000000000000000000000000000000037
:10A920000000000000000000000000000000000027
:10A930000000000000000000000000000000000017
:10A94000000000000000000000000000414136D07F
:10A950008C5ED2BF3BA048AFE6DCAEBAFEFFFFFF85
:10A96000FFFFFFFFFFFFFFFFFFFFFFFF00000000F3
:10A9700000000000000000000000000000000000D7
:10A9800000000000000000000000000000000000C7
:10A9900000000000000000009817F8165B81F259D3
:10A9A000D928CE2DDBFC9B02070B87CE9562A055E4
:10A9B000ACBBDCF97E66BE79000000000000000040
:10A9C0000000000000000000000000000000000087
:10A9D0000000000000000000000000000000000077
:10A9E000B8D410FB8FD0479C195485A648B417FDE6
:10A9F000A808110EFCFBA45D65C4A32677DA3A48CB
:10AA00000000000000000000000000000000000046
:10AA10000000000000000000000000000000000036
:10AA20000000000000000000010000000000000025
:10AA30000000000080000000000000000000000096
:10AA40000000000000000000800000000000000086
:10AA500000000000000000000000000000000000F6
:10AA600000000000000000000000000000000000E6
:10AA700000000000000000000000000000000000D6
:10AA800000000000000000000000000000000000C6
:10AA900000000000000000000000000000000000B6
:10AAA00000000000000000000000000000000000A6
:10AAB0000000000000000000000000000000000096
:10AAC0000000000000000000000000000000000086
:10AAD0000000000000000000000000000000000076
:10AAE0000000000000000000000000000000000066
:10AAF0000000000000000000000000000000000056
:10AB00000000000000000000000000000000000045
:10AB10000000000000000000000000000000000035
:10AB20000000000000000000000000000001000024
:10AB300000010000050000000700000053454347E6
:10AB40005F5052494D455F3235364B3100000000B1
:10AB5000FFFFFFFFFFFFFFFFFFFFFFFF0000000001
:10AB6000000000000000000001000000FFFFFFFFE8
:10AB700000000000000000000000000000000000D5
:10AB800000000000000000000000000000000000C5
:10AB90000000000000000000FCFFFFFFFFFFFFFFC0
:10ABA000FFFFFFFF000000000000000000000000A9
:10ABB00001000000FFFFFFFF000000000000000098
:10ABC0000000000000000000000000000000000085
:10ABD0000000000000000000000000000000000075
:10ABE0004B60D2273E3CCE3BF6B053CCB0061D6541
:10ABF000BC86987655BDEBB3E7933AAAD835C65ACA
:10AC00000000000000000000000000000000000044
:10AC10000000000000000000000000000000000034
:10AC20000000000000000000512563FCC2CAB9F317
:10AC3000849E17A7ADFAE6BCFFFFFFFFFFFFFFFFF3
:10AC400000000000FFFFFFFF000000000000000008
:10AC500000000000000000000000000000000000F4
:10AC600000000000000000000000000000000000E4
:10AC70000000000096C298D84539A1F4A033EB2D0E
:10AC8000817D0377F240A463E5E6BCF847422CE1FE
:10AC9000F2D1176B0000000000000000000000006F
:10ACA00000000000000000000000000000000000A4
:10ACB000000000000000000000000000F551BF3758
:10ACC0006840B6CBCE5E316B5733CE2B169E0F7CD1
:10ACD0004AEBE78E9B7F1AFEE242E34F0000000042
:10ACE0000000000000000000000000000000000064
:10ACF0000000000000000000000000000000000054
:10AD00000000000001000000FFFFFFFF7F000000C7
:10AD1000800000000000000000000000FFFFFFFFB7
:10AD20007F00000080000000000000000000000024
:10AD30000000000000000000000000000000000013
:10AD40000000000000000000000000000000000003
:10AD500000000000000000000000000000000000F3
:10AD600000000000000000000000000000000000E3
:10AD700000000000000000000000000000000000D3
:10AD800000000000000000000000000000000000C3
:10AD900000000000000000000000000000000000B3
:10ADA00000000000000000000000000000000000A3
:10ADB0000000000000000000000000000000000093
:10ADC0000000000000000000000000000000000083
:10ADD0000000000000000000000000000000000073
:10ADE0000000000000000000000000000000000063
:10ADF0000000000000000000000000000000000053
:10AE00000000000000000000000100000001000040
:10AE10000500000008000000534543475F505249B9
:10AE20004D455F323536523100000000FFFFFFFF15
:10AE30000000000000000000FFFFFFFFFEFFFFFF1B
:10AE4000FFFFFFFFFFFFFFFFFFFFFFFFFFFFFFFF12
:10AE5000FFFFFFFFFFFFFFFFFFFFFFFF00000000FE
:10AE600000000000000000000000000000000000E2
:10AE700000000000FCFFFFFF0000000000000000D9
:10AE8000FFFFFFFFFEFFFFFFFFFFFFFFFFFFFFFFD3
:10AE9000FFFFFFFFFFFFFFFFFFFFFFFFFFFFFFFFC2
:10AEA000FFFFFFFF000000000000000000000000A6
:10AEB000000000000000000000000000EF2AECD3BA
:10AEC000EDC8852A9DD12E8A8D3956C65A871350D2
:10AED0008F081403124181FE6E9C1D18192DF8E392
:10AEE0006B058E98E4E73EE2A72F31B30000000027
:10AEF0000000000000000000000000000000000052
:10AF0000000000007329C5CC6A19ECEC7AA7B048A0
:10AF1000B20D1A58DF2D37F4814D63C7FFFFFFFFD5
:10AF2000FFFFFFFFFFFFFFFFFFFFFFFFFFFFFFFF31
:10AF3000FFFFFFFF00000000000000000000000015
:10AF40000000000000000000000000000000000001
:10AF5000B70A7672385E543A6C2955BF5DF20255D5
:10AF6000382A5482E041F759989BA78B623B1D6EAB
:10AF700074AD20F31EC7B18E37058BBE22CA87AAD7
:10AF800000000000000000000000000000000000C1
:10AF900000000000000000005F0EEA907C1D437A74
:10AFA0009D817E1DCEB1600AC0B8F0B51331DAE9DB
:10AFB0007C149A28BD1DF4F829DC9292BF989E5DFE
:10AFC0006F2C26964ADE17360000000000000000B5
:10AFD0000000000000000000000000000000000071
:10AFE00001000000000000000000000080000000E0
:10AFF0000000000000000000000000000000000051
:10B0000080000000000000000000000000000000C0
:10B010000000000000000000000000000000000030
:10B020000000000000000000000000000000000020
:10B030000000000000000000000000000000000010
:10B040000000000000000000000000000000000000
:10B0500000000000000000000000000000000000F0
:10B0600000000000000000000000000000000000E0
:10B0700000000000000000000000000000000000D0
:10B0800000000000000000000000000000000000C0
:10B0900000000000000000000000000000000000B0
:10B0A00000000000000000000000000000000000A0
:10B0B0000000000000000000000000000000000090
:10B0C0000000000000000000000000000000000080
:10B0D0000000000000000000000000000000000070
:10B0E0000000000080010000800100000500000059
:10B0F00009000000534543475F5052494D455F33B7
:10B100003834523100000000FFFFFFFFFFFFFFFF58
:10B11000FFFFFFFFFFFFFFFFFFFFFFFFFFFFFFFF3F
:10B12000FFFFFFFFFFFFFFFFFFFFFFFFFFFFFFFF2F
:10B13000FFFFFFFFFFFFFFFFFFFFFFFFFFFFFFFF1F
:10B14000FFFFFFFFFFFFFFFFFF0100000000000007
:10B15000FCFFFFFFFFFFFFFFFFFFFFFFFFFFFFFF02
:10B16000FFFFFFFFFFFFFFFFFFFFFFFFFFFFFFFFEF
:10B17000FFFFFFFFFFFFFFFFFFFFFFFFFFFFFFFFDF
:10B18000FFFFFFFFFFFFFFFFFFFFFFFFFFFFFFFFCF
:10B19000FF01000000000000003F506BD41F45EF8E
:10B1A000F1342C3D88DF733507BFB13BBDC052166B
:10B1B0007B937EEC51391956E109F18E9189B4B82F
:10B1C000F315B3995B72DAA2EE4085B6A0219A928C
:10B1D0001F9A1C8E61B93E955100000000000000CE
:10B1E000096438911EB76FBBAE479C89B8C9B53B9F
:10B1F000D0A509F74801CC7F6B962FBF8387865176
:10B20000FAFFFFFFFFFFFFFFFFFFFFFFFFFFFFFF53
:10B21000FFFFFFFFFFFFFFFFFFFFFFFFFFFFFFFF3E
:10B22000FF010000000000000000000066BDE5C254
:10B23000317E7EF99B426A85C1B34833DEA8FFA206
:10B2400027C11DFE2859E7EF775E4BA1BA3D4D6B34
:10B2500060AF28F821B53F053981649C42B495233D
:10B2600066CB3E9ECDE90404B7068E85C60000007D
:10B27000000000005066D19F7694BE8840C272A242
:10B2800086703C356107AD3F01B950C54026F45E7C
:10B290009972EE972C663E2717BDAF1768449B57EF
:10B2A0004944F598D91B7D2CB45F8A5C04C03B9A55
:10B2B000786A293918010000000000000100000030
:10B2C00000000000000000008000000000000000FE
:10B2D00000000000000000000000000080000000EE
:10B2E000000000000000000000000000000000005E
:10B2F000000000000000000000000000000000004E
:10B30000000000000000000000000000000000003D
:10B31000000000000000000000000000000000002D
:10B32000000000000000000000000000000000001D
:10B33000000000000000000000000000000000000D
:10B3400000000000000000000000000000000000FD
:10B3500000000000000000000000000000000000ED
:10B3600000000000000000000000000000000000DD
:10B3700000000000000000000000000000000000CD
:10B3800000000000000000000000000000000000BD
:10B3900000000000000000000000000000000000AD
:10B3A000000000000000000000000000000000009D
:10B3B000000000000000000000000000000000008D
:10B3C0000902000009020000050000000A00000058
:10B3D000534543475F5052494D455F3532315231F5
:10B3E0000000000073717274000000000000000093
:10B3F000182D4454FB21E9BFD221337F7CD9024070
:10B40000D221337F7CD902C0000000000000008000
:10B41000182D4454FB210940182D4454FB2109C028
:10B42000FB21F93FFB2109407CD91240FB21194047
:10B430007A6A1F407CD92240BBFD2540FB21294070
:10B440003A462C407A6A2F405C4731407CD93240E2
:10B450009C6B3440BBFD3540DB8F3740FB213940CE
:10B460001BB43A403A463C405AD83D407A6A3F4085
:10B470004C7E40405C4741406C1042407CD9424089
:10B480008CA243409C6B4440AC344540BBFD4540DE
:10B49000CBC64640DB8F4740EB584840FB21494034
:10B4A00083F9A200444E6E00FC291500D1572700F5
:10B4B000DD34F50062DBC0003C999500419043000B
:10B4C0006351FE00BBDEAB00B761C5003A6E2400DD
:10B4D000D24D42004906E00009EA2E001C92D1003C
:10B4E000EB1DFE0029B11C00E83EA700F5358200E7
:10B4F00044BB2E009CE98400B4267000417E5F00AE
:10B50000D6913900538339009CF439008B5F840055
:10B5100028F9BD00F81F3B00DEFF97000F980500DB
:10B52000112FEF000A5A8B006D1F6D00CF7E360081
:10B5300009CB2700464FB7009E663F002DEA5F000B
:10B54000BA277500E5EBC7003D7BF100F73907002E
:10B5500092528A00FB6BEA001FB15F00085D8D000C
:10B56000300356007BFC4600F0AB6B0020BCCF00E4
:10B5700036F49A00E3A91D005E619100081BE60005
:10B5800085996500A0145F008D40680080D8FF0099
:10B5900027734D0006063100CA561500C9A873006E
:10B5A0007BE260006B8CC00000000040FB21F93F93
:10B5B000000000002D44743E000000809846F83CD6
:10B5C0000000006051CC783B00000080831BF03904
:10B5D0000000004020257A38000000802282E336F7
:10B5E000000000001DF369350200000003000000A8
:10B5F00004000000060000004FBB610567ACDD3FA2
:10B60000182D4454FB21E93F9BF681D20B73EF3F89
:10B61000182D4454FB21F93FE2652F227F2B7A3C01
:10B62000075C143326A6813CBDCBF07A8807703CBA
:10B63000075C143326A6913C2C2066756E637469F2
:10B640006F6E3A2000617373657274696F6E2022A9
:10B65000257322206661696C65643A2066696C65B1
:10B6600020222573222C206C696E652025642573A9
:10B6700025730A008C640020232D302B2000686C79
:10B680004C0065666745464700494E4600696E6650
:10B69000004E414E006E616E003000303132333466
:10B6A000353637383941424344454600303132332C
:10B6B00034353637383961626364656600000000EE
:10B6C00035000000CEFBFFFFCB03000001000000AF
:10B6D0000000000034000000CEFBFFFFCB030000A1
:10B6E0000100000000000000BC89D897B2D29C3C49
:10B6F00033A7A8D523F649393DA7F444FD0FA53259
:10B700009D978CCF08BA5B25436FAC6428066811FF
:10B710000020202020202020202028282828282021
:10B720002020202020202020202020202020202019
:10B730002088101010101010101010101010101081
:10B740001004040404040404040404101010101071
:10B75000101041414141414101010101010101013B
:10B76000010101010101010101010101101010108D
:10B77000101042424242424202020202020202020D
:10B780000202020202020202020202021010101061
:10B790002000000000000000000000000000000089
:10B7A0000000000000000000000000000000000099
:10B7B0000000000000000000000000000000000089
:10B7C0000000000000000000000000000000000079
:10B7D0000000000000000000000000000000000069
:10B7E0000000000000000000000000000000000059
:10B7F0000000000000000000000000000000000049
:10B800000000000000000000000000000000000038
:10B8100000496E66696E697479004E614E000000E1
:10B820000000000000000000000000000000000018
:10B830000000000000000000000000000000000008
:10B8400000000000000000000000000000000000F8
:10B8500000000000000000000000000000000000E8
:10B8600000000000000000000000000000000000D8
:10B8700000000000000000000000000000000000C8
:10B880002E00000080B8070073B60700EC640020AB
:10B890004300504F534958000080E03779C341437B
:10B8A000176E05B5B5B89346F5F93FE9034F384D26
:10B8B000321D30F94877825A3CBF737FDD4F1575D2
:10B8C000000000000000F03F0000000000002440E5
:10B8D00000000000000059400000000000408F40C0
:10B8E000000000000088C34000000000006AF8402B
:10B8F0000000000080842E4100000000D01263414F
:10B900000000000084D797410000000065CDCD41C4
:10B91000000000205FA00242000000E876483742A5
:10B92000000000A2941A6D42000040E59C30A24243
:10B930000000901EC4BCD64200003426F56B0C43B8
:10B940000080E03779C3414300A0D885573476435F
:10B9500000C84E676DC1AB43003D9160E458E143C0
:10B96000408CB5781DAF154450EFE2D6E41A4B4435
:10B9700092D54D06CFF08044F64AE1C7022DB5447A
:10B98000B49DD9794378EA4405000000190000000D
:08B990007D0000000000000032
:08B99800B8B8FA7F01000000BD
:10B9A000000000008600264D264A274B06F51C366F
:10B9B0000224B6F51C3F80B4C5F80036C2F8044531
:10B9C0000ED91C464FF41C31C2F80815D2F80034C9
:10B9D000002BFBD001F58051B142C5F80046F3D3EE
:10B9E000184A0123C2F80435B0B1154E164D4FF474
:10B9F0000E240021A4F5CE2327681F60D2F800345E
:10BA0000002BFBD0C1F309030BB9C6F80056013176
:10BA1000884204F10404EDD10A494FF0804200232A
:10BA2000C1F80435C2F81C35BFF34F8F0749084BE6
:10BA3000CA6802F4E0621343CB60BFF34F8FFEE7A6
:10BA40000000014000E001403546526E00ED00E08C
:10BA50000400FA0528670700FFFFFFFF0000000051
:10BA600000401C46847F0700847F0700847F070016
:10BA7000847F0700847F0700847F0700847F07009E
:10BA8000847F0700847F0700847F0700847F07008E
:10BA9000847F0700847F0700847F0700847F07007E
:10BAA000847F0700847F0700847F0700847F07006E
:10BAB000847F0700FFFF00000000803FB80B0000FC
:10BAC00001000000C80000008813000017000000FB
:10BAD0003C6100204861002054610020000000000B
:10BAE0000001000000000000000000000001000054
:10BAF0000000000000000000000100000000000045
:10BB000041414141414100000000000100000000AE
:10BB10000000000000000000000000000000000025
:10BB20000000000000000000000000000000000015
:10BB30000000000000000000000000000000000005
:10BB400000000000000000000000000000000000F5
:10BB500000000000000000000000000000000000E5
:10BB600000000000000000000000000000000000D5
:10BB700000000000000000000000000000000000C5
:10BB800000000000000000000000000000000000B5
:10BB900000000000000000000000000000000000A5
:10BBA0000000000000000000000000000000000095
:10BBB0000000000000000000000000000000000085
:10BBC0000000000000000000000000000000000075
:10BBD0000000000000000000000000000000000065
:10BBE0000000000000000000000000000000000055
:10BBF0000000000000000000000000000000000045
:10BC000000000000000000000000000000001C40D8
:10BC1000E7030000FFFFFFFF030000000501010034
:10BC20004E2F410000000000000000000000000056
:10BC30000000000000000000000000000000000004
:10BC400000000000000000000000000000000000F4
:10BC500000000000000000000000000000000000E4
:10BC6000010000000E00000005000000FFFFFFFFC4
:10BC700042697264734579650000000000000000AD
:10BC800000000000000000000000000000000000B4
:10BC90004472697665720000000000000000000038
:10BCA0000000000000000000000000000000000094
:10BCB0000000E0400000F0410000F0410A000000F8
:10BCC00000000306B200080001000000A800080000
:10BCD00002000000A0001400030057494E555342D3
:10BCE00000000000000000000000840004000700C5
:10BCF0002A00440065007600690063006500490081
:10BD00006E007400650072006600610063006500EB
:10BD100047005500490044007300000050007B00BC
:10BD20003900370035004600340034004400390043
:10BD30002D0030004400300038002D003400330066
:10BD4000460044002D0038004200330045002D001D
:10BD50003100320037004300410038004100460006
:10BD600046004600390044007D000000000000004D
:10BD700010000C005C6901200000000000000000C1
:10BD800000000000000000000000000000000000B3
:10BD900000000000000000000000000000000000A3
:10BDA0000000000000000000000000000000000093
:10BDB0000000000000000000000000000000000083
:10BDC0000000000000000000000000002D470600F9
:10BDD00011470600E5460600D9460600800000002F
:10BDE0008000000080000000E000000080000000F3
:10BDF0000000000000000000000000000000000043
:10BE0000C9490600314906002549060015490600C2
:10BE1000FFFFFFFF807401201C9401200090D003DD
:10BE20000A000000010000008C64002000000000F7
:10BE300040B8070060B8070020B807000000000005
:10BE400000000000000000000000000000000000F2
:10BE500000000000000000000000000000000000E2
:10BE600000000000000000000000000000000000D2
:10BE700000000000000000000000000000000000C2
:10BE8000000000000000000000000000FF000000B3
:10BE9000430000000000000000000000000000005F
:10BEA0000000000000000000000000000000000092
:10BEB000430000000000000000000000000000003F
:10BEC0000000000000000000000000000000000072
:10BED000430000000000000000000000000000001F
:10BEE0000000000000000000000000000000000052
:10BEF00043000000000000000000000000000000FF
:10BF00000000000000000000000000000000000031
:10BF100043000000000000000000000000000000DE
:10BF20000000000000000000000000000000000011
:10BF300043000000000000000000000000000000BE
:10BF400000000000000000000000000000000000F1
:10BF5000430000000000000000000000000000009E
:10BF600000000000000000000000000000000000D1
:10BF700049510700D14407000000000010B7070036
:10BF800080B8070073B6070073B6070073B60700E2
:10BF900073B6070073B6070073B6070073B60700E1
:10BFA00073B6070073B60700FFFFFFFFFFFFFFFF39
:10BFB000FFFFFFFFFFFF000001004153434949001D
:10BFC0000000000000000000000000000000000071
:10BFD00000000000000000000000415343494900F8
:10BFE0000000000000000000000000000000000051
:10BFF00000000000000000000000000001720200CC
:10C000003572020055BA030049FE0300FDA2040088
:10C01000F9440500E9C5050069D10500854706001A
:08C020006D58060011720200C8
:040000036000813DDB
:00000001FF
