:020000022000DC
:1070000000000420FDFA05003DFB05003FFB0500E4
:1070100041FB050043FB050045FB050000000000A7
:1070200000000000000000000000000079FA0500E8
:1070300049FB05000000000099FA05004DFB050022
:1070400059FD05004FFB0500E1D105001D35040089
:10705000D53504004FFB0500B9D405004FFB0500F2
:107060004FFB05004FFB05004FFB05004FFB0500E4
:107070004FFB05004FFB05004FFB05004FFB0500D4
:107080004FFB0500C9F705004FFB05004FFB05004E
:107090004FFB05004FFB0500113F05004FFB0500AE
:1070A0004FFB05004FFB0500095103004FFB050096
:1070B0004FFB05004FFB0500000000000000000032
:1070C0004FFB05004FFB05004FFB05004103060089
:1070D0004FFB05004FFB05004FFB0500BDC604003C
:1070E0004FFB05004FFB05004FFB050000000000B3
:1070F000000000004FFB050000000000B90306007F
:10710000000000000000000000000000000000007F
:10711000000000000000000000000000000000006F
:10712000000000000000000000000000000000005F
:10713000000000000000000000000000000000004F
:10714000000000000000000000000000000000003F
:10715000000000000000000000000000000000002F
:10716000000000000000000000000000000000001F
:10717000000000000000000000000000000000000F
:1071800000000000000000000000000000000000FF
:1071900000000000000000000000000000000000EF
:1071A00000000000000000000000000000000000DF
:1071B00000000000000000000000000000000000CF
:1071C00000000000000000000000000000000000BF
:1071D00000000000000000000000000000000000AF
:1071E000000000000000000000000000000000009F
:1071F000000000000000000000000000000000008F
:10720000F1EE103A43F08073E1EE103A704700BFA0
:1072100010B5054C237833B9044B13B10448AFF3D0
:1072200000800123237010BD2C65002000000000A9
:107230006432070008B5034B1BB103490348AFF3A1
:10724000008008BD000000003065002064320700A7
:10725000154B002B08BF134B9D46A3F5803A002128
:107260008B460F461348144A121A41F0CFF80F4BC1
:10727000002B00D098470E4B002B00D098470020E1
:10728000002104000D000D48002802D00C48AFF387
:10729000008040F0FFFF2000290038F087FC40F01C
:1072A000D3FF00BF00000800000004200000000021
:1072B000000000002C6500203C660120000000005A
:1072C00000000000BFF34F8F0549064BCA6802F467
:1072D000E0621343CB60BFF34F8F00BFFDE700BFF9
:1072E00000ED00E00400FA0535DF704733DF70473A
:1072F0003CDF70473DDF704741DF704711DF70476B
:1073000012DF70470020704701207047012070474E
:10731000704700BF704700BF704700BF704700BF95
:10732000024B02F001021A70704700BFDF690020B3
:1073300038B50446C069444D40F0CAF840A3D3E9CB
:10734000002340F02FF902460B46A069C5E900234F
:1073500040F0BEF83AA3D3E9002340F023F994EDBE
:107360000F7AB4F84C30DFED397A9FED395A9FED42
:10737000394ADFED394AF8EEC75A94ED107A06EE35
:10738000103AF8EEC76A94ED0A7AB8EE466AB8EE9B
:10739000477A66EEA76A65EE845A26EE246A27EEDF
:1073A000057AC5ED055A85ED066AC5ED076A85EDD6
:1073B000087AE37DD4ED097A6B62237DF8EEE77AF3
:1073C000012B88BF637DC5E9020167EE857A8CBF1A
:1073D00003F00103002385F82830C5ED047AE27A32
:1073E000A1881E4B1E4802F00702A2F10702B2FA62
:1073F00082F25209A1F5FA61698585F82920A279FE
:1074000085F82C20E27985F82D20227A85F82E2027
:10741000627A85F82F20A27A85F8302021680268E8
:10742000A3FB01439B094FF47A7404FB13130D492A
:107430006B860132012302600B7038BDAFF3008010
:1074400048AFBC9AF2D77A3E38E00020ACC5273767
:107450006F12833AA8C8FE3A0AD7233CD34D621074
:1074600074E0002070E00020024B034AC3F80026BD
:1074700001207047000001403546526E024B03491F
:10748000C3F8001610467047000001403546526EA2
:107490000AB3C2F308032DE9F0471546A3B9DFF894
:1074A0003C8006460F464FEA52290324D8F8680468
:1074B00003683A46D3F814A031464B46D047013C06
:1074C00030B914F0FF04F1D14FF0FF30BDE8F08780
:1074D0002846BDE8F0874FF0FF3070474865002030
:1074E000704700BF037C13F0080306D0C36A406AEC
:1074F000181A48BF6FF0004070471846704700BF29
:107500002AB3C2F308032DE9F0471546C3B906466E
:107510000F4636F03DF80F4BDFF83C8018604FEA1D
:1075200055290324D8F8680403683A46D3F824A000
:1075300031464B46D047013C30B914F0FF04F1D13D
:107540004FF0FF30BDE8F0872846BDE8F0874FF0E8
:10755000FF307047AC7B002048650020103021F0E0
:107560004DBC00BF103021F0ADBC00BF00B583B0F2
:107570000B4601220DF1070110308DF8073021F084
:10758000A1FC03B05DF804FB00B587B00346064AD2
:107590006846182141F030FE694682B203482AF05D
:1075A000FBFA07B05DF804FBF8C90600DCDF002039
:1075B000103021F087BA00BF00B583B001220DF171
:1075C0000701103021F0ACF901280CBF9DF807002D
:1075D0004FF0FF3003B05DF804FB00BF08461146D2
:1075E00041F0F2BD084636F015B800BF084635F048
:1075F000F7BF00BF10B50E4C84B0227801A8092156
:1076000010F0FAFF237802332370024670B1094B61
:107610001B7803F0FF004BB1074B1B7803F0FF0012
:1076200023B1064892B201A92AF0B6FA04B010BDFF
:107630000AAF0020E2690020DF690020DC6A002038
:107640002DE9F0434779402F3946A1B028BF4021AA
:107650009FB30023E9464A469C461F46054603EB76
:107660004304AE7A167000EB84040133247C14F0DA
:10767000080FC4F3C00818BF013782F801805FFA11
:1076800083FE05F10C0502F1020218BFFFB21EB124
:107690000CF1010C5FFA8CFC7145E0D8084B094CE9
:1076A0001F70094A84F800C04846102311F0D6FA2A
:1076B000064B187021B0BDE8F083BC46E946EDE703
:1076C00099E0002098E0002088E0002086E000207B
:1076D00010B50C4CD4F868040368DB69984794F83B
:1076E0002430DB0706D400224FF0FF3384F8242037
:1076F000236310BD04F1240024F0B6F80028F2D171
:1077000010BD00BF48650020174BDB68D90110B5DC
:1077100003D5164B1A68D2071FD437F051F9144B12
:10772000A0FB0301830A43EA815312490A6840F629
:10773000B7309A1A82420FD90F480B6002780F496E
:107740000132097802F00F02914209D001780C4C05
:10775000C9B244F82130027010BD5B689B09E4E7B0
:10776000084B01221A7010BDF0ED00E0001000E09F
:1077700040420F00340101207C0101207E010120E4
:107780003C0101207D01012010B5034B036004463C
:1077900012F0C8FA204610BD9CD906000F4909789E
:1077A00002290AD1F8B50E4E0E4F3578EDB21C46BF
:1077B0007B5D0BB9202C01D9F8BD70470A481146F2
:1077C00000EB4510224640F0F9FD0848E3B243556E
:1077D000012185EA010279553270F8BD84DC002070
:1077E000DE69002098BF0020C8AE002008AF00204E
:1077F00070B5124C124A134B2260002646F6607098
:107800006360C4F8886338F011FA0F4B0F4D93EDA5
:10781000000B3246214604461CF03AFE0C4B2C600D
:1078200093ED000A20461DF0FBF90A4B286893ED02
:10783000000ABDE870401DF009BA00BF40D8002022
:1078400004CA060054F806001061002060DD002024
:10785000BC610020B8610020F8B51A4B1B78022BE0
:10786000044626D0184B194A1948002721460126FC
:107870001F7016702CF044FB05462AF005FB2846C5
:10788000F7212AF015FB284602212AF021FB3A466F
:10789000394628462AF014FB0E4B1E7035F078FE50
:1078A0000D4B0E4A1C8010602846BDE8F8402AF0B7
:1078B000EDBA0B4A0B490C4B1080012000220870D6
:1078C0001A70F8BD84DC00202E8C002040DC0020E3
:1078D000843D012086DC00207EDC002080DC00204E
:1078E000C4600020E2690020DF690020214A13887B
:1078F0004FF6FF719BB28B42F0B403D013889BB25A
:10790000984228D01C4B1B78022B24D01B4B1C48C0
:107910001C4F1D4E1D4D1E4C1E491A7800233B70F6
:10792000337003701C482B7023701C4D0B701C4C63
:107930001C49037017202B70237008801A4B1AB94A
:1079400000221A70F0BC70471A78002AF8D0174A43
:1079500001211170F4E713889BB29842F2D1144CC4
:10796000144900234FF6FF7023701080F0BC0B7099
:10797000704700BFC460002084DC002038DC002099
:10798000758E0020287C0020CC7B0020CB7B002043
:10799000388E0020906B002040DC002085DC002029
:1079A000368C0020D06000202E8C0020938E00208A
:1079B000E2690020DF6900202DE9F04F4948037C8F
:1079C000ABB0002B40F08A804748037C002B40F08E
:1079D00081804648037C002B78D14548037C002BEE
:1079E00070D10024322035F0DFFD424E424A434937
:1079F0000194234604A84FF47A75ADF810408DF831
:107A000012400295009620F023FF9DF810000028F8
:107A100055D03B4D2B68132B49DC3A4FDFF8E880FB
:107A200005E011A820F0DEFC2B68132B3FDC4FF49F
:107A30007A73002204A911A80F930E94ADF8444064
:107A40008DF846400D9621F041F99DF844304022D2
:107A50001AA911A85BB322F08FFB9DF8443013F0F4
:107A6000D00F1AA8DDD141F0BAFC03461AAA063895
:107A7000062B39461044D4D941F056FC81460028E3
:107A8000CFD1D5F800A00AEB4A0B08EB0B1B1AA9C3
:107A90002F22584641F0BDFC0AF1010311A82B60CA
:107AA0008BF82F9020F09EFC2B68132BBFDD04A8D1
:107AB00020F098FC28680028D4BF002001202BB0BB
:107AC000BDE8F08F103020F08DFC8AE7103020F0F8
:107AD00089FC82E7103020F085FC7AE7103020F036
:107AE00081FC71E72CFD002088DE00208801012048
:107AF000BC010120B8D906000CCA06004865002068
:107B00001CFD002010CA060060FD002081682DE9E0
:107B1000F0470568044669B1284E2B680A685B681F
:107B2000A260B34208463DD135F074FDA16800293A
:107B3000F3D12568238E04F10C0903B30027E36A0F
:107B4000DFF878A0B8460BE035F064FDE36AC6F8CC
:107B50000080218EC6F804800137BAB291420FD955
:107B6000BEB203EBC606716808460029EFD02B6849
:107B70005B685345E8D028469847E36AE7E7E36A3D
:107B800000214FF6FF7299452186A28607D02A6808
:107B90000A4952688A420BD1184635F03BFD20460F
:107BA000BDE8F08728469847A1680029B5D1C0E70D
:107BB0002846194690472046BDE8F087E575020043
:107BC00081682DE9F0470568044669B1284E2B68A5
:107BD0000A685B68A260B34208463DD135F01AFDE1
:107BE000A1680029F3D12568238E04F10C0903B3A1
:107BF0000027E36ADFF878A0B8460BE035F00AFD0D
:107C0000E36AC6F80080218EC6F804800137BAB254
:107C100091420FD9BEB203EBC6067168084600292F
:107C2000EFD02B685B685345E8D028469847E36A55
:107C3000E7E7E36A00214FF6FF7299452186A286A5
:107C400007D02A680A4952688A420BD1184635F093
:107C5000E1FC2046BDE8F08728469847A168002946
:107C6000B5D1C0E72846194690472046BDE8F087C1
:107C7000E57502002DE9F84F074635F089FC314DD6
:107C8000DFF8CC90DFF8CCB0DFF8CCA0064645F0AA
:107C90000105D9F800301C68204638F0F9FF03468A
:107CA0004FF003084FF4FA406BB9B8F1010F3CD024
:107CB000A847204638F0ECFF034608F1FF384FF4A0
:107CC000FA40002BF1D0DBF80030D3F800804046BA
:107CD00038F0DEFF034603244FF4FA405BB9012C71
:107CE00023D0A847404638F0D3FF0346013C4FF469
:107CF000FA40002BF3D0144B1B68D3F800804046A9
:107D000038F0C6FF034603244FF4FA405BB9012C58
:107D10000BD0A847404638F0BBFF0346013C4FF468
:107D2000FA40002BF3D0BDE8F88F35F031FC801B12
:107D3000B842F8D2054B0A20C3F800A635F034FC4F
:107D4000A7E700BF10E00600DC6000200000014053
:107D5000D4600020D86000203546526E30B5434BC9
:107D6000434C93F8302093F82E0093F82D1093F89D
:107D70002F5095B0049293F82C20CDE90205CDE95F
:107D8000002107A85B8D3B4A182141F035FA206895
:107D900000284DD01CF00AFF374D03462068002B09
:107DA00018BF1D461CF032FF07A92368109000225F
:107DB00032480D9132490F95CDE911220E90139161
:107DC000002B3FD018461CF01DFF00283ED1206834
:107DD0001CF002FF002839D01FF0AEFC2368119080
:107DE000002B31D018461CF00DFF00282CD1206844
:107DF0001CF0F2FE40B31FF0EDFC0446214A224B7A
:107E0000126800924FF480610DAA204812940FF07E
:107E100061FC00211E4820F08BFE1C491C484FF4D9
:107E2000806221F04FF81A4820F0E8FF15B030BD0D
:107E30001248114A174B1249139107ACCDE90D4076
:107E4000CDE90F23002311930024D7E720680028F1
:107E5000F8D01CF0D7FE28B120681CF0CFFE18B176
:107E600020F0BCF92368BAE72368B8E738E00020BF
:107E700060DD002028CA060018CA060094610020B0
:107E8000746100205CF00020BCE00020F8C30020FA
:107E90007CDD002054F8060010B5134C2068B8B102
:107EA0001CF0B0FEA8B120681CF0A8FE20F094F9E8
:107EB0000E4A1368B3F57A7F0ADA48B10C490C68A8
:107EC000844205D00B4C086044F823000133136052
:107ED00010BD20681CF080FE0028F9D020681CF03E
:107EE0007BFE1FF027FCE3E760DD00205CF0002054
:107EF0006CF00020BCE000202DE9F04705468068CA
:107F00002F6860B1284C3B6802685B68AA60A34296
:107F10002AD135F07FFBA8680028F4D12F682B8E7A
:107F200005F10C093BB30026EB6ADFF87C80B24612
:107F30000BE035F06FFBEB6AC4F800A0298EC4F8A3
:107F400004A00136B2B2914216D9B4B203EBC40414
:107F5000616808460029EFD03B685B684345E8D07C
:107F600038469847EB6AE7E7014638469847A868DD
:107F70000028C8D1D2E7EB6A00214FF6FF7299457D
:107F80002986AA8607D03A68074952688A4205D1ED
:107F9000184635F03FFB2846BDE8F08738461946BD
:107FA00090472846BDE8F087E57502002DE9F047C7
:107FB000038E8146054659F80CABFBB10026C36A17
:107FC000DFF8A080374609E035F024FBEB6A276034
:107FD000298E67600136B2B2914210D9B4B203EB78
:107FE000C404616808460029F1D0DAF800305B6803
:107FF0004345E9D050469847EB6AE8E7C36A002159
:108000004FF6FF7299452986AA860CD0DAF800202F
:10801000144C5268A24221D1184635F0FBFA0423D1
:10802000C5F82C906B86A8682E6800232B7158B178
:108030000C4C336802685B68AA60A34206D135F035
:10804000E9FAA8680028F4D1BDE8F0870146304677
:108050009847A8680028ECD1BDE8F087194650463B
:108060009047DCE7E57502002DE9F0418B8E4FF675
:10807000FF72934282B00C46054616D0CA6AD909EF
:1080800002EBC10203F07F01526832F83100A08692
:1080900002EBC10200204FF6FF71107128462A60E2
:1080A000AB80D18002B0BDE8F081098E276800293D
:1080B00032D1638E002B00F085800123E66A5A4A94
:1080C00023864FF480604FF080083B681B68934222
:1080D00074D135F085FA238EE76A7060013B9BB25C
:1080E00007EBC30100284A6808BF4FF000080020D2
:1080F000A6F80080708022B137F833604888864245
:108100002ED8012100224FF6FF73284621712A60E4
:10811000AB8002B0BDE8F081E66A4B1E9BB206EB75
:10812000C30E3046DEF804202AB1BEF802C036F88D
:108130003380E0451CD8638E994223D03A4A4B1CC9
:108140009BB2B3F5007F00EBC106238615BF4FF449
:1081500080604FF47E704FF080084FF07F08B4E7E6
:1081600000EBC313441C9BB202EBC0024C8091E7AE
:108170000CEBC3130CF101019BB202EBCC02AEF885
:10818000021087E7B3F5007FBBD004F10C025B005F
:1081900096421FFA83F83B6816D024489B688342B6
:1081A0004FEAC80135D1304641F00EF80028A8D07A
:1081B0001D4A218EE062A4F83280C0E701463846AD
:1081C000984788E7E66AE0E7174A1B6801929342FE
:1081D0004FEAC80022D135F003FA019A002890D066
:1081E000D6F800C07168B368D6F80CE0C0F80CE0AF
:1081F000C0F800C041608360D6F810C07169B369EF
:10820000D6F81CE0C0F81CE0C0F810C041618361E2
:10821000CFE70A46384631469847C7E70146384611
:108220009847019ADAE700BFED750200DD7502009C
:108230002DE9F0418B8E4FF6FF72934282B00C46CF
:10824000054611D0CA6AD90902EBC10203F07F01C9
:10825000526832F83100A08602EBC10228462A603B
:10826000AB8002B0BDE8F081098E2768002932D1C9
:10827000638E002B00F085800123E66A594A23862D
:108280004FF480604FF080083B681B68934274D1C4
:1082900035F0A6F9238EE76A7060013B9BB207EBCD
:1082A000C30100284A6808BF4FF000080020A6F864
:1082B0000080708022B137F83360488886422ED81B
:1082C000012100224FF6FF73284621712A60AB80FE
:1082D00002B0BDE8F081E66A4B1E9BB206EBC30E0E
:1082E0003046DEF804202AB1BEF802C036F83380EA
:1082F000E0451CD8638E994223D03A4A4B1C9BB26E
:10830000B3F5007F00EBC106238615BF4FF48060F4
:108310004FF47E704FF080084FF07F08B4E700EB19
:10832000C313441C9BB202EBC0024C8096E70CEBDB
:10833000C3130CF101019BB202EBCC02AEF80210A8
:108340008CE7B3F5007FBBD004F10C025B009642D2
:108350001FFA83F83B6816D023489B6883424FEA94
:10836000C80135D1304640F02FFF0028A8D01D4A63
:10837000218EE062A4F83280C0E701463846984773
:1083800088E7E66AE0E7174A1B68019293424FEAE2
:10839000C80022D135F024F9019A002890D0D6F8EF
:1083A00000C07168B368D6F80CE0C0F80CE0C0F803
:1083B00000C041608360D6F810C07169B369D6F817
:1083C0001CE0C0F81CE0C0F810C041618361CFE739
:1083D0000A46384631469847C7E701463846984727
:1083E000019ADAE7ED750200DD7502002DE9F84328
:1083F00007464068BD68032D884600F1080613D87B
:108400005FFA85FC002D77D00CF1FF3456FA84F426
:10841000C31D002213F8011F002908BF42F001020A
:10842000A342F7D1002A40D000237355D7F800901B
:10843000BE68D9F80830A3B106F1070C8444DA8885
:1084400096420BD13EB3C21DDC1D01E0944522D003
:1084500012F8011F14F8015FA942F7D01B68002B26
:10846000EDD1B6F5803F7D68D9F8004034D223685D
:1084700028489B68834206F1090140D1284640F014
:10848000A3FE034643B33A68DE8091681960002179
:108490009360796002E09A8801329A800522C8F8D8
:1084A000003088F80420BDE8F883022388F80430FF
:1084B000037A88F80030BCF1010F08D0437A88F8BD
:1084C0000130BCF1020F02D0837A88F80230002319
:1084D00008F80530BDE8F88323680F4A5B689342CB
:1084E00013D02946204698473A6800239268012114
:1084F00089F804101A60FFDE02230B71E7E70A46D1
:108500002046294698470346BCE7284635F082F8BE
:10851000EAE700BFDD750200E57502002DE9F047CE
:1085200045684DB18368EA88934204460E4605D0FB
:108530001D440133A3602E72BDE8F0875B00D0F8C4
:1085400000905F1CB7F5803FD9F8008012D2D8F8B0
:1085500000201549D2F808A08A4503F10A021CD16F
:108560001146284640F030FE20B1C780A368606005
:108570000546DDE7D8F800300C4A5B68934208D125
:10858000284635F047F80122002389F8042063606B
:10859000D2E7294640469847F5E729464046D04766
:1085A0000028E2D1E6E700BFDD750200E5750200B4
:1085B00003792DE9F0470C46D907054637D4DA068A
:1085C00024D413F0600F1DD02E884FF6FF77BE42E3
:1085D00015D0E36AF20903EBC20306F07F09D3F872
:1085E000048008EBC900B246C6882146FFF7E0FFC9
:1085F000A38E28F83930BE42A4F834A0E9D14FF058
:10860000FF332B6000232B71BDE8F0872A884FF6DB
:10861000FF718A4237D0E16AA68ED00901EBC00112
:1086200002F07F00496821F83060A286C9E7A0689F
:108630002A6826680028C2D0824216D00146006807
:108640000028BCD08242F9D18288013A92B282805D
:10865000002AB4D103680B6033680C4A5B6893420C
:108660000CD134F0D7FF2B79A9E78288013A92B276
:108670008280002AA3D10368A360EDE7014630465B
:1086800098472B799BE700231B80FFDEE5750200EE
:108690002DE9F04F0E46097885B02B29009000F0A7
:1086A000FD802D2940F0B8807178012001900644AA
:1086B000A1F13000C0B2092800F2B680DFF8F893CB
:1086C000C0B20021002400254FF0993816F801BFF0
:1086D0002418ABF13007FFB241EB05054FEA850ED8
:1086E000092F6FEA07024FF0FF334FEA840C4EEA7E
:1086F000947EF8B24FF0000100F21E81A94508BF38
:10870000A0450BD31CEB040C4EEB050E1CEB0C042C
:108710004EEB0E05AB4208BFA242D7D24FF0000A83
:108720000023204629460A223FF092FBA946A04694
:108730001FFA8AF3B9F5200F03F1010A08BFB8F157
:10874000000F04460D460FFA8AFAE9D2092F0BD81A
:1087500002339B1B06EB030A16F801BFABF1300294
:10876000092A0FFA8AFAF5D9BBF12E0F00F0B6806C
:108770000BF0DF03452B60D0BBF1000F56D10AF19F
:1087800026034C2B00F2FC80002D08BFB4F5000F2F
:1087900080F0F68007EE904ABAF1000FF8EEE77A23
:1087A00040F36481BC4B1AF0010F1CBF93ED007ABB
:1087B00067EE877A5FEA6A0223D0D00744BF93ED61
:1087C000017A67EE877A5FEAAA021AD0D10744BF1E
:1087D00093ED027A67EE877A5FEAEA0211D0D20758
:1087E00044BF93ED037A67EE877A5FEA2A1A08D0CE
:1087F000BAF1010F0CBF93ED047A93ED057A67EEA1
:10880000877A019B0BB1F1EE677A009A0123C2EDE2
:10881000027A137010460DE000200190A1F13000A3
:10882000C0B209287FF64AAF2E2953D0009A002300
:108830001370104605B0BDE8F08F96F801B0BBF19B
:108840002D0F36D0BBF12B0F00F0F080ABF13003D1
:10885000DAB2092A06F101068ED80AEB0302B2F554
:108860009A7F00F3D780002706E002EB400303EB7A
:108870000A02B2F59A7F79DC16F801BFABF130023B
:10888000D1B2092903EB8300EFD9002F40F0C78054
:108890009A44BBF1000F3FF472AFC7E77178002034
:1088A0000190A1F13000C0B2092806F10106BBD841
:1088B00004E796F802B0ABF13003DAB2092A06F108
:1088C00002063FF659AF0AEB0302B2F59A7F4FDC7E
:1088D0000127D1E7002400254FF0000A96F801B0E7
:1088E000ABF13000C0B2092806F101063FF640AFF7
:1088F0006A4B4FF099329D424FEA850108BF94427E
:108900004FEA840741EA94710ED23F1945EB010109
:1089100017EB070841EB01090AF1FF3A18EB0004D5
:108920000FFA8AFA49F1000516F801BFABF13000E1
:10893000C0B20928DFD91BE7BBF1000F40F0D2809D
:10894000019B8BB1B5F1004F08BF012CBFF4E6AE1F
:10895000644265EB45050223009A1046C2E90245D0
:10896000137005B0BDE8F08F0323F5E7002F51D059
:1089700000994FF00042012308468A600B7059E7C6
:10898000204629463EF0D8FDBAF1000F79DD444C6F
:108990001AF0010F7AD15FEA6A032DD0DF0700F1E8
:1089A0008D805FEAAA0327D0DE0700F18C805FEAA2
:1089B000EA0321D0DD0700F18B805FEA2A131BD088
:1089C000DA0700F18A805FEA6A1315D0DB073ED42C
:1089D0005FEAAA1310D0DF073ED45FEAEA130BD098
:1089E000DE073ED45FEA2A2306D0DD0744D45FEADF
:1089F0005A231CBF2B490020019B13B101F10043F6
:108A00001946009A0423C2E902011046137005B00A
:108A1000BDE8F08F019B0020BBB12349F1E7AAEB31
:108A2000030ABBF1000F3FF4AAAEFFE696F802B0CE
:108A3000ABF13003DAB2092A06F102067FF60DAF78
:108A4000BBF1000F3FF49BAEF0E61849D9E7D4E93B
:108A50000A233EF0A7FDBBE7D4E90C233EF0A2FDBC
:108A6000BBE7D4E90E233EF09DFDBBE7CAF1000A47
:108A70003FF4C7AE0E4B96E6D4E910233EF092FDCC
:108A8000B5E7CAF1000AB7D00A4C81E7D4E9002360
:108A90003EF088FD7FE700BF38DA060099990100B3
:108AA00098DA06000000F87F0000F0FF0000F07F79
:108AB00020DA060050DA060099999919D4E90223C0
:108AC0003EF070FD6DE7D4E904233EF06BFD6EE7E8
:108AD000D4E906233EF066FD6FE7D4E908233EF0B3
:108AE00061FD70E7B5F5801F08BF002CBFF416AE1E
:108AF0004FF0000A38E600BF10B50E4C2068B8B140
:108B00001CF080F838B920681CF066F818B1BDE890
:108B100010401EF0F5BD206850B11CF073F838B15C
:108B200020681CF06BF818B1BDE810401FF038BB8E
:108B3000002010BD60DD002010B50E4C2068B8B1DB
:108B40001CF060F838B920681CF046F818B1BDE890
:108B500010401EF0D9BD206850B11CF053F838B158
:108B600020681CF04BF818B1BDE810401FF01CBB8A
:108B7000002010BD60DD002070B5224D224C2B7806
:108B8000002B34D0237C002B2FD1204C36F004FE58
:108B90002068012110F030F908B1002323601C4E39
:108BA00036F004FE1B4B306800241C702C7010B192
:108BB00037F040F83460184B1849194D194A1A48D3
:108BC0001A4E00241C701A4B0C702C601460046048
:108BD0002146184834704FF0FF354FF47A621D601B
:108BE0003FF014FC144B1C6070BDFFF7B7F8237CFA
:108BF000002BCAD0114820F001F910481FF0F2FBF9
:108C0000C3E700BF220101206CDD002064DD0020ED
:108C100060DD002084DE002021FD0020B8E000207F
:108C2000B4E000205CF000206CF000208401012002
:108C30001C610020BCE00020800101207CDD0020C0
:108C400008B5214B1B78002B30D0204B1B78042B10
:108C500002D11F4B1B784BB334F09AFC1D4A1E4BBC
:108C60001268801A984221D91C4B93ED007AF0EEDD
:108C7000007AB4EEE77AF1EE10FA1FDA184B1A78A0
:108C8000AAB134F085FC174B1A684EF65F23801AA0
:108C900098420BD9FFF770FF134A1449136803F584
:108CA0009C5308334FF0FF301360086008BD012269
:108CB0001A7034F06DFC0B4B186008BD0849094A66
:108CC00000230B70136008BD21FD002068BF002049
:108CD00085E0002024FD00201FBF0200B0E000203E
:108CE000B8E00020B4E00020F8DD0020186100208A
:108CF00070B51C4D8AB0002428460894CDE9024482
:108D0000CDE90444CDE90644CDF8234028F010F91C
:108D100002462846019228F00DF91F26019A0146C5
:108D200002A83FF04BFB02A93246284628F004F97E
:108D30003C352146324602A83FF068FB284628F021
:108D4000F7F80190284628F0F5F8019A014602A8A4
:108D50003FF034FB324602A9284628F0EDF80AB06D
:108D600070BD00BFC4430120284B294A294870B573
:108D7000C3F800261AF018FB0021042037F0E6FEA5
:108D800001210520244D37F0E1FE092445F00105BD
:108D90000021052037F05EFF4FF4A070A8470121A5
:108DA000052037F057FF4FF4A070A847013CEFD1E2
:108DB0000121042037F0CAFE2146042037F04AFF83
:108DC0004FF4A070A8470121052037F043FF4FF46E
:108DD000A070A8470D4C0E4E0121042037F03AFF39
:108DE0004FF4A070A8470B48C4F800661AF062FA66
:108DF0000A4908481AF0BAFA0948C4F8006601227C
:108E00003C212DF0D3FAC4F8006670BD000001408B
:108E10003546526EA42C012010E00600801A060090
:108E2000A0DD00202DE9F047544E554D3768D7F8A6
:108E30000080404637F02CFF034645F0010503242F
:108E40004FF4FA405BB9012C74D0A847404637F084
:108E50001FFF0346013C4FF4FA40002BF3D00123DF
:108E60007B71484F464DD7F80080D8F800904846AF
:108E700037F00EFF034645F0010503244FF4FA4096
:108E80005BB9012C66D0A847484637F001FF03467E
:108E9000013C4FF4FA40002BF3D0012388F8053051
:108EA000DFF8EC90364DD9F80080D8F800A0504695
:108EB00037F0EEFE034645F0010503244FF4FA4077
:108EC0005BB9012C22D0A847504637F0E1FE03469B
:108ED000013C4FF4FA40002BF3D0012388F8053011
:108EE00033681B793BB1284A136803F59C53083358
:108EF0001360BDE8F0873B681B79002BF3D1D9F8EC
:108F000000301B79002BEED1BDE8F08734F040FB38
:108F100098F80530002BE3D01C4BD8F808201B68CC
:108F2000801A9842DCD334F033FBA8F80440C8F828
:108F30000800D5E734F02CFB7B79002B91D0134B44
:108F4000BA681B68801A98428BD334F021FBBC802E
:108F5000B86086E734F01CFB98F80530002B9FD0F2
:108F60000A4BD8F808201B68801A984298D334F02E
:108F70000FFBA8F80440C8F8080091E7D46000206F
:108F800010E00600D8600020F8DD0020C860002056
:108F9000DC600020424B1B682DE9F0411E68414D0A
:108FA000304637F075FE034645F0010503244FF4C3
:108FB000FA405BB9012C0BD0A847304637F068FE69
:108FC0000346013C4FF4FA40002BF3D0002600E0AA
:108FD0002646354B334D1B681F68384637F058FE20
:108FE000034645F0010503244FF4FA405BB9012C18
:108FF0000BD0A847384637F04BFE0346013C4FF4F0
:10900000FA40002BF3D0002500E02546274B254FE2
:109010001B68D3F80080404637F03AFE034647F01D
:10902000010703244FF4FA405BB9012C0AD0B8477A
:10903000404637F02DFE0346013C4FF4FA40002B2A
:10904000F3D000249EB11A4E3378DBB165B1194DCF
:109050002B78F3B124B1184C23785BB1BDE8F081D3
:10906000154B1C70BDE8F081124B1D70F2E7104BE0
:109070001E70EBE734F08CFA104A01231060237065
:10908000BDE8F08134F084FA0D4A0123106033709A
:10909000DCE734F07DFA0B4A012310602B70D9E72E
:1090A000D460002010E00600D8600020DC600020C2
:1090B00041DD002048DD002050DD002054DD00208F
:1090C00044DD00204CDD002038B50F4A0F4B1268FC
:1090D00019688A4215D00E491A6000230B600122DC
:1090E0000C4C0D4B204600251A70E5762CF0C8FE7E
:1090F000204601212CF0F0FB4FF00113C4E904538A
:1091000038BD0022ECE700BF1861002074F0002099
:10911000A8FA0020A0DD002028FD00201A4A1368CC
:109120000C2B28D00B2B15D0083312D0174B184915
:1091300093ED007A0B68F1EE047AB4EEE77AF1EE83
:1091400010FA03F59C5394BF0920082008331060DF
:109150000B6070470F4B10491A680B68013A9A422E
:109160000B4A14BF013300230B60136803F59C53B3
:1091700008331360704706490B6803F59C530833A6
:109180005A200B601060704718610020B0E000208A
:10919000F8DD00206861002068DD00200378462BA0
:1091A00001D00020704710B54378572B044627D1D3
:1091B0001449082240F01BF908B9012010BD1249DA
:1091C0000622204640F013F90028F6D00F49204629
:1091D00040F0E2F80028F0D00D49204640F0DCF8DD
:1091E0000028EAD00B49204640F0D6F80028E4D009
:1091F0000949204640F0D0F8B0FA80F0400910BD8F
:10920000002010BD48CA060054CA06005CCA060009
:1092100064CA06006CCA060074CA06002DE9F04351
:1092200062498DB00822044640F0E1F800284CD194
:109230005F4F3B7803F0FF06002B51D108342046E6
:109240002C2140F09CF800284AD000F10109484642
:109250002C2140F094F80546002841D020460A22EF
:10926000314641F00DF8A5EB0903082B80464AD1A1
:10927000D9F80000D9F8041002AB03C302A801A971
:109280008DF810600EF02AF900283CD008F1FF3369
:10929000B3F5CC2F56D26878013590B1DFF85C91E8
:1092A0006E2640F0F7FF0446304640F0F3FF84425C
:1092B00007D115F8010F00285DD019F8016B002EB9
:1092C000EFD13C48FEF760F90DE03B49062220460D
:1092D00040F08DF850B9364B1B78012BDDB218D019
:1092E0003648FEF751F90DB0BDE8F0833449204609
:1092F00040F052F8C8B92E4B1B78022BF0D1314BFD
:1093000001221A70EFE73048FEF73EF90DB0BDE8D4
:10931000F08301460A22A01D40F0B2FF2B4B1B68D0
:1093200083420FD12A4B1D70DDE72A49204640F0C9
:1093300033F868B91E4B1B78032BD1D1264B012281
:109340001A70D0E72548FEF71FF90DB0BDE8F0838D
:109350002349204640F020F848B12249204640F0F9
:109360001BF80028BFD1204B01221A70BBE71F4B0E
:1093700001221A70B7E799F80030002BA1D1134BE6
:109380001B4A0198C3F8008005A901233B701060B7
:109390000EF06EF8174A05AB08A810213FF02CFF1D
:1093A00008A982B2144828F0F7FB9CE748CA0600D7
:1093B0000CAF002090CA060054CA06007CCA060002
:1093C0005CCA0600756A002084CA0600946B0020FF
:1093D000E169002064CA0600926B002088CA06007A
:1093E0006CCA060074CA0600E0690020916B002078
:1093F0007C6A002098CA0600DCDF0020A5CA0600AF
:1094000085490978012900D070472DE9F0411C46B3
:10941000CBB282499CB00B701546002141220BA8AB
:109420003EF0F4FF402C2246294628BF40220BA8DC
:109430003EF0C4FF0BA83FF0D2FF431E70B10BAA51
:10944000774E1A4412F801190A39C9B226FA01F006
:1094500016296FEA000003F1FF3310D9714E3378FB
:10946000BBB171490BA805223FF0C1FF50BB062CD0
:1094700028D86E4B01221A701CB0BDE8F08110F0A4
:109480000100EBD1591C5070DCD1664E3378002BB3
:10949000E7D1674F3B78022B7AD0402C00F28980CD
:1094A000644904220BA83FF0A2FFB0B9624C2378B4
:1094B00003F0FF05002B52D060496148042228F0D8
:1094C0006BFBD9E75F4E338814FA83F3B3F5805F03
:1094D00050DD5D4B01221A70CEE75C4904220BA8D7
:1094E0003FF085FFD8B15A4907220BA83FF07FFF14
:1094F000002840F0CD809DF83330202B0DF1330053
:1095000003D110F8013F202BFBD018210EF002FBF5
:1095100098B950495048092228F03EFBACE79DF825
:109520003030202B0CA803D110F8013F202BFBD0AA
:1095300018210EF0EFFA00283BD03F4C237803F0BF
:10954000FF0563B13D494448042228F025FB93E719
:10955000394C237803F0FF05002B40F022813F4B6C
:1095600040220BA918463FF054FF012280F84050DA
:10957000227081E73A4B3088294613FA80F0224660
:109580003EF01CFF338814FA83F39BB2338073E7F9
:10959000082C14D833490BA83FF0FEFE20B1324905
:1095A0000BA83FF0F9FE50B921460BA8FFF736FE95
:1095B00062E72E492848052228F0EEFA5CE73B785E
:1095C000022B7FF459AF2A4B1A7802F0FF00002AD1
:1095D0007FF452AFDFF8B080264AD8F800701268E6
:1095E0002744974200F2B280234A244ED2F800C0AA
:1095F000318814FA81F1B1F5805F40F2AD80DFF877
:109600008CC0DCF80010013100F0B8801C4A1D4904
:10961000116001221A702FE784DC00202E8C0020BC
:1096200009004000287C0020B0CA0600758E00208A
:109630000CAF0020C8CA0600906B0020F4CE0600D4
:1096400014DF00202C8C0020CB7B0020D0CA060029
:10965000D8CA0600E0CA0600DCDF0020346A002019
:109660002C7C00205CCA06006CCA0600C0CA06003A
:109670000BAF0020946B00209CBF0020A0BF0020F7
:10968000786A0020B8CA0600B87B0020B8600020C5
:109690007F490BA83FF080FE00284AD07D49052273
:1096A0000BA83FF0A4FE002843D07B4905220BA85D
:1096B0003FF09DFE00283CD078490BA83FF06CFE9F
:1096C000002836D076490BA83FF066FE00283FF40C
:1096D0003FAF744905220BA83FF089FE002866D0F1
:1096E000714905220BA83FF082FE00286DD1337826
:1096F000002B56D16D4B1C78002C52D10DF131004E
:1097000018210EF007FA002859D0694B694D0DF168
:109710003101184618223FF07CFE0346664967482F
:10972000674A1C7601232C8004700C701370337010
:10973000A2E6644C237803F0FF050BB9624B0FE7F8
:1097400062496348052228F027FA95E6614A624992
:10975000116001221A708FE6604B03EB0C333088E6
:10976000294613FA80F022463EF028FE3388C8F8D6
:10977000007014FA83F39BB233807DE63188DFF802
:1097800080E1564B89B2AEF800101168CCF8001099
:10979000116881F0010111603080126803EB02331F
:1097A000DDE74F494A48092228F0F6F964E6182116
:1097B0000DF131000EF0AEF900287FF4C9AE494931
:1097C00043480D2228F0E8F956E6474905220BA840
:1097D0003FF00DFEB8B9454C237803F0FF05002B90
:1097E000DFD10DF1310018210EF094F90028E6D0F8
:1097F0003F4B18220DF1310118463FF00AFE0122BD
:109800000576227038E63B490BA83FF0C5FD30B124
:109810000BA8FFF7C3FC00283FF42EAEC4E6364B7E
:1098200018683DF067FE03AE04460D4645EC104B4C
:1098300032460221042033F095FE11A3D3E9002320
:10984000204629463DF0F6FC0FA3D3E900233DF066
:10985000A9FE3EF057F96428A8BF642020EAE0730F
:10986000264A0096182105A83FF0C6FC05A83FF03F
:10987000B6FD05A982B2164828F08EF9FCE500BFB6
:109880006666666666660A40721CC7711CC75B40E6
:10989000ECCA0600F4CA0600FCCA060004CB0600A7
:1098A00014CB060028CB060040CB060085DC002048
:1098B000788E00202C8C0020758E0020CB7B002021
:1098C000CC7B0020368C0020DC7B00200CCB0600FB
:1098D000DCDF0020786A002088CA0600948E002011
:1098E0001CCB060030CB060048CB0600388E00208B
:1098F0005C8E002050CB060064F0002058CB0600A0
:10990000D4690020124B13490122002030B45A6060
:109910000325DA600424C3F8040541F28830C3F853
:109920000855C3F810454FF48035C3F8400560244E
:109930004FF08060C3F80022C3F8045381F81A4343
:10994000C1F880010860044930BC0A701A60704791
:1099500000A0014000E100E0A96B002070B5304C90
:10996000304D314882B00EF0FBF840F24C430322F8
:1099700001212E48C4F8005618F048FE2C4BC4F8BC
:10998000005640F24C461978284840F24C430322D6
:1099900019F0D6FB3346032204212448C4F80056AC
:1099A00018F008FFC4F800560323002201211F48C5
:1099B000009618F041FFC4F800560323012200214D
:1099C0001A48009618F038FFC4F800560323022204
:1099D00000211648009618F02FFF03231A46C4F8FA
:1099E000005600211148009618F026FFC4F80056D2
:1099F000032300210D480096062218F01DFF0D4B91
:109A0000C4F80056197809B102B070BD334603227C
:109A1000064819F035FAC4F8005602B070BD00BF10
:109A2000000001403546526E986B0020B0FA0020CD
:109A30002461002025610020104A114B114810B507
:109A40000021114C11704FF47A62196021603EF0D0
:109A5000DDFC0E48037C6BB90D4C35F09DFE206893
:109A600002210FF0C9F908B100232360BDE81040BE
:109A700035F09CBE10301EF0B5FCEDE72001012052
:109A80006CF00020BCE000205CF000202CFD0020E9
:109A900064DD00202DE9F0430024BBB0374B049473
:109AA00001464FF47A75224607A8ADF81C408DF8A0
:109AB0001E40059503931EF0D3FE20B900252846CD
:109AC0003BB0BDE8F0832E494FF4806207A81EF03A
:109AD00027FF064607A81EF085FCB6F5806FEDDB74
:109AE000284E009502A9019125480294334610AAF8
:109AF0004FF480610DF0AEFE05460028DFD0224B0A
:109B0000DFF89880214FDFF8989010A918461722A7
:109B10003FF07FFC03461F22404616A9DC753FF04C
:109B200078FC88F81F403846DFF878801F221EA98D
:109B30003FF06FFCFC770F22154F26A948463FF0F7
:109B400068FC0F222AA9404689F80F403FF061FCCB
:109B50000F2238462EA988F80F403FF05AFC029A8F
:109B60000C4BFC731A6012B1013A56F822200A4BD2
:109B700028461A603BB0BDE8F08300BFB8D90600A4
:109B8000F8BF0020BCE000202CDE00200CDE00200E
:109B900064DE00205CF000206CF0002044DE002039
:109BA00074DE0020FCDD002070B50C4E054635F05B
:109BB000F3FD306829460FF007F9044620B935F067
:109BC000F5FD3368204670BD294630680FF00CF96A
:109BD000306035F0EBFD204670BD00BF64DD002035
:109BE00010B5084C82B0019035F0D6FD206801997F
:109BF0000FF002F908B10023236002B0BDE8104065
:109C000035F0D4BD64DD002030B5204B1C788BB01E
:109C100004BB05460320FFF7C7FFD8B11C49ADF8C8
:109C2000044001A823462A468DF806401EF010FE87
:109C3000B8B11749ADF804402A46012301A88DF8B0
:109C400006401EF005FEB0B912491348072227F05E
:109C5000A3FF0BE011491048042227F09DFF0BB031
:109C600030BD0F490C48092227F096FF0320FFF76B
:109C7000B7FF0BB030BD01A81FF05AFE0028E3D09B
:109C800008490548072227F087FFEFE785DC002019
:109C90004865002064CB0600DCDF0020F4CE06001F
:109CA000E0CA06006CCB0600F8B51649164C174AF8
:109CB000174F184E184D194800233B70337023700E
:109CC0000B70174C13701749174A2B70174D2360F0
:109CD00013600B80164C1749027C2B604FF0FF3548
:109CE00025600B804AB9144C237803B9F8BD0320D2
:109CF000FFF776FF00232370F8BD10301EF072FBD3
:109D0000F1E700BF926B0020756A0020916B002084
:109D10000CAF0020E16900200BAF002094AE0020C2
:109D20009CBF0020A0BF0020786A0020B87B0020E4
:109D3000B8600020D469002064AF002008B5082274
:109D400009490A4827F028FFFFF7AEFFC82033F083
:109D50002BFCFF210020FDF7CDFA57210020FDF755
:109D6000C7FAFDF7AFFA00BF74CB0600DCDF0020B6
:109D7000F0B52E4B1C68BDB01CB90320FFF714FFD3
:109D800030B92B492B480C2227F006FF3DB0F0BD1F
:109D90002346294D294A2A49019404A84FF47A768A
:109DA000ADF810408DF81240029600951EF050FD5F
:109DB0009DF8103083B3234F1E4E02E011A81EF011
:109DC00011FB4FF47A73002204A911A80F930E948B
:109DD000ADF844408DF846400D951EF077FF9DF894
:109DE0004430B3B113F0D00FE8D11AA9402211A822
:109DF00020F0C2F91AAB3A462AA846213FF0FCF9F6
:109E00002AA982B2304627F0C7FE0A2033F0CCFBE5
:109E1000D4E704A81EF0E6FA0320FFF7E1FE0A49A2
:109E20000448042227F0B8FE3DB0F0BD64DD0020F8
:109E300080CB0600DCDF0020B8D9060090CB0600FE
:109E400048650020A4CB06009CCB06002DE9F04716
:109E50003B4B1C68ADF5287D24B90320FFF7A4FE19
:109E6000054640B937493848042227F095FE0DF5DC
:109E7000287DBDE8F0872346344E354A35490494A1
:109E80004FF47A7707A8ADF81C408DF81E4005976F
:109E900003961EF0DDFC9DF81C30002B4BD0DFF844
:109EA000C090DFF8C0802C4F02E014A81EF09AFA90
:109EB00000224FF47A7307A914A8CDE91062ADF817
:109EC00050208DF8522012931EF000FF9DF8504054
:109ED00014B314F0D004E8D10DF1740A51464FF4D4
:109EE000807214A820F048F91B9A0192002D14BF2B
:109EF0004B4643463A464FF49671CDF800A05DA814
:109F00003FF07AF95DA982B20F4827F045FE0A209A
:109F100033F04AFB2546C8E707A81EF063FA032082
:109F2000FFF75EFE0D490848032227F035FE0DF5C8
:109F3000287DBDE8F0870320FFF752FE92E700BFBF
:109F400064DD0020F4CE060014DF0020B8D906003E
:109F50000CCA060048650020B4CB0600C0CB060042
:109F600054F80600B0CB0600F0B52E4E337C8FB00F
:109F70000446002B51D10320FFF716FE002845D0E0
:109F800000272246284C294901943B464FF47A7514
:109F900005AC05A803950297ADF814708DF81670FE
:109FA0001EF056FCA446BCE80F00214D029C7460D4
:109FB0000FC5BCE80F000FC5DDE90321337CDCF8D9
:109FC00000002860C6E90221B3B11A48F36A1A4AB0
:109FD0001A490360012017600870194A202101A85E
:109FE0003FF00AF901A83FF0FAF901A982B2154839
:109FF00027F0D2FD0FB0F0BD0320FFF7F1FD1249AD
:10A000001048052227F0C8FD0FB0F0BD0F490D48DC
:10A01000042227F0C1FD0FB0F0BD06F110001EF0C4
:10A02000E1F9A8E744DC0020B8D906004865002023
:10A0300054DC002078DC00203CDC002085DC0020A3
:10A04000C4CB0600DCDF0020C0CA0600F4CE060048
:10A050002DE9F0438A4C8B4A94F828302DED0A8B79
:10A060000021ADF5217D1170002B00F08B80864D15
:10A070002E6836B3854B94ED042A1978D4ED052A61
:10A0800094ED000B94ED021B002940F0D98030467E
:10A090008DED101B8DED0E0BCDED132A8DED122ADB
:10A0A0001AF03AFA9DED101B9DED0E0BDDED132A13
:10A0B0009DED122A28681AF087FB94F82830002BAF
:10A0C00060D0734B1B78002B4AD0DFF8D88198F80A
:10A0D0000030002B44D06F4F3B78002B5BD02069C1
:10A0E0003DF008FA02460B46A06943EC182B3DF000
:10A0F00001FA02460B466069D4F8249043EC1A2B0F
:10A100003DF0F8F95CA3D3E900233DF04BFA94ED60
:10A1100000CB94ED02BB50AD41EC190B284685ED08
:10A12000089B85ED048B85ED06AB85ED00CB85EDB9
:10A1300002BBC5F828900DF01FFF002840F0BC803E
:10A14000554D33F025FA2A6842F21073801A98426E
:10A1500006D933F01DFA034650482B601EF04EFE20
:10A1600060694F4C3DF0C6F943A3D3E900233DF0AD
:10A1700019FA3DF00FFD20600DF5217DBDEC0A8B35
:10A18000BDE8F083424B1B78002BE9D0454B1B7890
:10A19000002BE5D03F4F3B78002BE1D194F82930DC
:10A1A000002BDDD0404D33F0F3F92B68C01AB0F529
:10A1B0007A7FD5D333F0ECF9034601202B60FFF70B
:10A1C000F3FC0028CCD094F82D2094F82C3094F88F
:10A1D0002F0094F82E100291CDE900320390334EF7
:10A1E000638D334A502160A83FF006F860A906F15C
:10A1F000100040F201621EF033FB337C002B00F0B4
:10A200005E8150AD284640220A213EF0FFF806F15B
:10A2100010084FF480663F2E32462946404640F2F1
:10A220003F8140221EF04EFE402840F04581403ED6
:10A23000F1D120491D4832F01BFA01233B708FE712
:10A2400094F82F10638E94F8302094F82E00CDED02
:10A25000132A8DED101B8DED0E0B8DED122A0DF0D6
:10A2600013FD9DED0E0B9DED101B9DED122ADDEDF6
:10A27000132A01460BE700BF0B410E4A9869F23FD3
:10A2800038E0002070E0002060DD002084E0002045
:10A29000300101202201012068F000207CDD002037
:10A2A000B0E0002084DE002070F000206CDD002093
:10A2B00000CC060020CC060034AA0821B0EE4C0ADF
:10A2C000F0EE6C0A012033F04DF9B0EE4B0AF0EEDF
:10A2D0006B0A3AAA0821012033F044F9B0EE4A0A89
:10A2E000F0EE6A0A012114AA084633F03BF9B0EEF9
:10A2F000490AF0EE690A2CAA0221012033F032F952
:10A30000B0EE480AF0EE680A30AA0221012033F0CC
:10A3100029F9E0693DF0EEF817AA41EC100B022193
:10A32000012033F01FF9206A3DF0E4F81AAA41EC4D
:10A33000100B0221012033F015F9654B18683DF030
:10A34000D9F81DAA41EC100B0321012033F00AF9C2
:10A35000604B18683DF0CEF820AA41EC100B0321A9
:10A36000012033F0FFF85C4B18683DF0C3F823AAD6
:10A3700041EC100B0321012033F0F4F801210846D1
:10A380009FED510B26AA33F0EDF826A80B210DF016
:10A3900089FE002800F08D80012108469FED4A0BC0
:10A3A00029AA33F0DFF829A80B210DF07BFE002845
:10A3B0007CD034AB46933AAB479314AB48932CAB69
:10A3C000499330AB4A9317AB4B931AAB4C931DABED
:10A3D0004D9320AB4E9323AB46AE4F9356F8040BF0
:10A3E00014210DF05FFE00283FF4AAAEAE42F5D175
:10A3F0003A4B1B78002B3ED10020014640AA18237F
:10A400000DF05CFD364B374D1A68089226A90C9169
:10A4100023A90B9120A90A911DA909911AA90791B5
:10A4200017A9069130A905912CA904913AA9039185
:10A4300034A929AB029114A9CDE900910D934FF4F1
:10A440008071294A40AB60A83EF0D6FE60A928463C
:10A4500032F07EF900287FF473AE2B7C88F8000080
:10A4600038700BB1FDF77AFC20481DF0BBFF0120CE
:10A47000FFF7B6FB64E694F8302094F82F30608D37
:10A48000618E0291CDE9003200F5FA6094F82E3029
:10A4900094F82D2094F82C1080B20DF007FCADE755
:10A4A0001EF010FDB04207D1403EB4E6104B299398
:10A4B0007FE70F4B26936FE70C481DF093FF0120B9
:10A4C000FFF78EFB4CE600BF000000000000F87FA5
:10A4D00030D8002034D8002038D8002084E0002074
:10A4E000380101206CDD0020D0CB06007CDD00208F
:10A4F0006E616E002DE9F04F1F4C85B004F26C497F
:10A5000080464F4604F2444BA246032501AEFF228B
:10A510000023CDF80880ADF80420039396E80E00E0
:10A52000384621F0C7F894F87E341348C4F868948C
:10A5300001223946BBB920F0D1F860B158461DF070
:10A5400051FF0E4851461EF0CDF960B10C4B1C6016
:10A5500005B0BDE8F08F034602463946064820F0B4
:10A56000BDF80028EAD1642033F01EF8013DCED1B9
:10A57000284605B0BDE8F08F486500208C690020B2
:10A580001C31012010B52048204A037C00211170A5
:10A590005BBB1F4A1F4B002414701C70FFF784FB29
:10A5A0001D4A1E4B1E48147021461C7026F0FEFCEE
:10A5B0001C4829F065FCF8B9194826F0BDFD19487A
:10A5C000002129F033FC1748002129F033FC012138
:10A5D0000C2036F03FFB1449144A15480023BDE80F
:10A5E00010400B701370FFF785BF10301DF0FAFE9E
:10A5F0000320FFF7F5FACCE70A4829F075FC01467D
:10A60000084829F05BFCD7E744DC002038DC002058
:10A6100085DC00202E8C0020906B0020368C0020E2
:10A62000C4430120843D012040DC002084DC002064
:10A6300080841E00F0B5244D244F002387B02846A7
:10A640003B70FFF757FF044610B1204607B0F0BD3E
:10A650001F4E0495FF230590ADF80C3006F26C45B3
:10A6600006AB13E90E00284621F024F896F87E3454
:10A67000C6F86854002BE8D1D6F86C3428469B699C
:10A6800098470028E1D0D6F86814019123460122AA
:10A69000304620F023F8019960B10E481DF0A2FE6B
:10A6A0000B4901F244401EF01DF950B10A4B04461B
:10A6B0001E60CAE723462246304620F00FF80028E5
:10A6C000EBD101233B70C0E780841E0021010120F3
:10A6D000486500208C6900201C31012010B58AB02B
:10A6E00000230C4A0C49ADF8043001A88DF806305F
:10A6F0001EF0AEF8044650B9064A0849ADF80440C9
:10A7000001A801238DF806401DF07AFF044620467B
:10A710000AB010BD8CDB0600486500208C69002063
:10A720002DE9F043B84EB94D33782A789A42A1B05A
:10A73000D8B200F262812B78C31ADBB2002B00F092
:10A7400025812978B24A01F00F01012B52F821101E
:10A75000009100F08D802978013101F00F01022B6A
:10A7600052F82110019100F083802978023101F024
:10A770000F01032B52F82110029179D0297803316F
:10A7800001F00F01042B52F82110039170D02978A9
:10A79000043101F00F01052B52F82110049167D00C
:10A7A0002978053101F00F01062B52F8211005918F
:10A7B0005ED02978063101F00F01072B52F82110E5
:10A7C000069155D02978073101F00F01082B52F876
:10A7D000211007914CD02978083101F00F01092B85
:10A7E00052F82110089143D02978093101F00F0166
:10A7F0000A2B52F8211009913AD029780A3101F038
:10A800000F010B2B52F821100A9131D029780B310E
:10A8100001F00F010C2B52F821100B9128D0297850
:10A820000C3101F00F010D2B52F821100C911FD0AB
:10A8300029780D3101F00F010E2B52F821100D91E6
:10A8400016D029780E3101F00F010F2B52F821108C
:10A850000E910DD029780F3101F00F01102B52F815
:10A8600021100F9104D02B7803F00F0352F82330FE
:10A87000DFF8B0C1DFF8C8E19CF800402870013B68
:10A88000DBB201AA02EB8307DEF80000614A6B46E7
:10A89000002C40F0EA80107800F0FF01002840F022
:10A8A000A18018680C460433BB4219D092F800808E
:10A8B0001968B8F1000F40F09A80A1EB00085648E3
:10A8C000A8F6B839814500F2908020A800EB8409F1
:10A8D00004330134BB42084649F8408CE4B2E5D168
:10A8E0000123CEF800008CF80030002C4ED0012C53
:10A8F000109B39D9119A022C134435D0129A032C8B
:10A90000134431D0139A042C13442DD0149A052CDF
:10A91000134429D0159A062C134425D0169A072CD7
:10A92000134421D0179A082C13441DD0189A092CCF
:10A93000134419D0199A0A2C134415D01A9A0B2CC7
:10A94000134411D01B9A0C2C13440DD01C9A0D2CBF
:10A95000134409D01D9A0E2C134405D01E9A0F2CB7
:10A9600013441CBF1F9A9B1807EE903A07EE104A3B
:10A97000F8EE677AB8EE470AF7EE000A87EE800A2B
:10A980000EF0D0FA254821460EF09CFA244B1A7896
:10A990001AB1244900220A701A70234A234B146802
:10A9A000DB68D90103D5224B1A68D2074AD434F0A8
:10A9B00007F8204B204AA0FB0301830A43EA815396
:10A9C0001B1B934244D8154A1C4BD2ED007AB6EEBD
:10A9D000007A77EE877AFDEEE77AC3ED007A21B050
:10A9E000BDE8F083186814705DE708465BE74FF038
:10A9F0000008084682F8008055E72A7800F1100325
:10AA00009B1ADBB29AE600BF7C0101207E01012087
:10AA10003C010120C6600020C8781E00BC600020F8
:10AA20007D010120918E002034010120F0ED00E035
:10AA3000001000E040420F0020A107003801012073
:10AA4000207C00205B680A4A9B091B1B9342BAD9F1
:10AA500008480EF02FFA084B084A01211970337884
:10AA60000021DBB22B701170ADE700241EE700BFA0
:10AA700020A10700BC600020C6600020918E00204D
:10AA800038B5234D2C782CB94FF08043D3F83834A7
:10AA9000DB0701D4204638BD0520FFF785F80028E4
:10AAA000F8D01C48FFF726FD10B91B48FFF722FD20
:10AAB0001A4BD3F8680403689B699847024600B3B1
:10AAC0004FF400731648002121F0D8FC14480122ED
:10AAD000002121F0DBFC124821F0EAFC044658B1C9
:10AAE000104821F073FA322032F05EFD0D4821F05B
:10AAF0006FFA01232B70CDE702460146084821F08A
:10AB0000C5FC0548FFF7F6FC0520FFF769F8C1E72B
:10AB10006A2C012000127A0080841E004865002003
:10AB200010AF002044310120002238B51148124DE9
:10AB3000114621F0ABFC32F02BFD044608E032F068
:10AB400027FD2B68C01A632808D8052032F02CFD99
:10AB500032F01EFD001BB0F57A7FF0D3074BD3F81F
:10AB600068040368DB699847322032F01DFDFCF76A
:10AB7000A9FB00BF10AF0020AC7B0020486500207F
:10AB80002DE9F04F80468B4658F8043B98E80700C3
:10AB900093F83C4093B006AF0DF12409202C87E8D0
:10ABA000070089E8070062D10CAC84E8070094E84C
:10ABB00007000FAC84E8070000900446002856D038
:10ABC0001D8F4FF6FF72954251D0DB6AE90903EB06
:10ABD000C10105F07F05496811EBC50547D0109903
:10ABE000EE880292481E22184FF0010A2C46039567
:10ABF00004963546CDF8148001921E468846BAF177
:10AC0000000F11D1029B9D4231D0E80906EBC00034
:10AC100005F07F05446814EBC50428D08AF0010ACA
:10AC2000E588BAF1000FEDD0207904283CD0052842
:10AC300036D002281FD0B8F1000FE3D12A464FF6D4
:10AC4000FF718A423346DDF81480DDE903560ED0E9
:10AC5000D00903EBC00002F07F02416811EBC20192
:10AC600005D00A79111F012925D9022A23D0584677
:10AC700013B0BDE8F08F20463EF0B1FB4045C1D196
:10AC8000B8F1000FDAD0009B013C581E10F8012FDC
:10AC900014F8013F9A42B5D1019B8342F6D1CDE72A
:10ACA0002468E0880834E9E724682046002CE5D0D1
:10ACB0003EF095FBE2E798E807000CAC84E807005B
:10ACC00087E8070089E8070094E807000FAC84E8EC
:10ACD0000700804600283ED0109C671E0744BB46F4
:10ACE000274654464FF6FF799A467CB94E4532D0F6
:10ACF000F3090AEBC30306F07F065D6815EBC60592
:10AD000029D084F00104EE88002CEFD02B79042B9D
:10AD100027D0052B3ED0022B38D0002FE6D14FF69E
:10AD2000FF729642534616D0F20903EBC20306F0B7
:10AD30007F065A6812EBC60B99D09BF80430042B9F
:10AD40002CD0052B2DD0022B18BF4FF0000B5846EE
:10AD500013B0BDE8F08F4FF0000B584613B0BDE8BC
:10AD6000F08F2D6828460DB13EF039FBB842BDD1B9
:10AD7000002FD4D0681E08F1FF3313F8011F10F81C
:10AD8000012F9142B2D15B45F7D1C8E728463EF08A
:10AD900026FBEBE72D68E8880835E7E752F836B080
:10ADA00065E752F8363003F1080B60E72DE9F0470C
:10ADB000056804460E46002972D008463EF00FFB97
:10ADC0008046002D58D02B79202B55D1002E53D002
:10ADD0002B884FF6FF77BB424ED06268D2F82C909A
:10ADE000D90909EBC10103F07F024B6813EBC203E1
:10ADF00042D04FF0010ADD88BAF1000F10D1BD42F8
:10AE00003AD0EA0909EBC20205F07F05536813EB5B
:10AE1000C50331D08AF0010ADD88BAF1000FEED007
:10AE20001A79042A35D0052A2ED0022A27D00020EC
:10AE300004468045E3D1B8F1000F0BD0721E631EAB
:10AE400002EB080112F8014F13F8010F8442D6D12A
:10AE50008A42F7D14FF6FF739D420DD0EB0909EB03
:10AE6000C30905F07F05D9F8040000EBC505281ECD
:10AE700018BF0120BDE8F0870020BDE8F087184624
:10AE80001C463EF0ACFAD4E71B68D88803F10804EE
:10AE9000CFE71C682046002CCBD03EF0A0FAC8E7D4
:10AEA00088468EE7000000008368002B00F0F680E3
:10AEB0001A79402A40F0F2802DE9F04F1B884FF6B6
:10AEC000FF77BB428FB01CD0D0E90324D56ADA09E2
:10AED00005EBC20203F07F03526812EBC30310D0EC
:10AEE000DA881CB912E0013CDA880FD0D109BA42E5
:10AEF00005EBC10102F07F0603D04B6813EBC603DC
:10AF0000F1D19FED950B0FB0BDE8F08F143007C85D
:10AF10001E7901AC84E80700202E04AC84E8070009
:10AF2000EFD194E8070007AC84E807000AAC84E896
:10AF3000070082460028E4D018884FF6FF77B84211
:10AF4000DFD0C20905EBC20200F07F03506810EBAE
:10AF5000C300D6D0DDF82C90C68809F1FF384FF039
:10AF6000010BD044BBF1000F10D1BE42C9D0F20991
:10AF700005EBC20206F07F03506810EBC300C0D09F
:10AF80008BF0010BC688BBF1000FEED00279042ACA
:10AF90007DD0052A77D0022A60D0B9F1000FE4D124
:10AFA0004FF6FF708642ACD0F20905EBC20206F004
:10AFB0007F03576817EBC301A3D00A7912F010047E
:10AFC0000CD037F83340844200F0C180E00905EB33
:10AFD000C00504F07F006C6804EBC004023A1C2A30
:10AFE0008FD801A050F822F0A7B0020003AF0200F2
:10AFF000A3B0020025B10200EFB0020003AF0200CF
:10B0000003AF020003AF0200FDB0020003AF020075
:10B010000BB1020003AF020019B1020003AF02003E
:10B0200003AF020003AF020003AF020003AF020050
:10B0300003AF020003AF020003AF020003AF020040
:10B0400003AF020003AF020033B1020003AF0200FE
:10B0500041B1020003AF02002DB1020004463EF0F0
:10B06000BEF9484581D1B9F1000F99D0601E0AF1AF
:10B07000FF3212F8014F10F8011F8C427FF475AFB8
:10B080009045F6D18CE70468E0880834E9E7046865
:10B090002046002CE5D03EF0A2F9E2E79FED2E0B12
:10B0A000704757F833100AA8FDF7F2FA9DF82830D8
:10B0B000013B032B3FF625AFDFE803F0130C05023D
:10B0C0009DED0C0B1FE7DDE90C013CF035FA41EC7E
:10B0D000100B18E7DDE90C013CF036FA41EC100BDF
:10B0E00011E70C983CF006FA41EC100B0BE717F84F
:10B0F00033003CF0DDF941EC100B04E757F8330066
:10B100003CF0D6F941EC100BFDE657F833003CF06B
:10B11000DFF941EC100BF6E608683CF0EBF941EC86
:10B12000100BF0E657F833100831BCE794ED000B34
:10B13000E9E6D4E900013CF0FFF941EC100BE2E64E
:10B14000D4E900013CF000FA41EC100BDBE60024EE
:10B1500044E700BFAFF300800000000000000000E3
:10B160002DE9F04F00F10C02034607CAD3E901466E
:10B170008FB001AB83E80700002C74D093E8070080
:10B18000257904AB202D83E807006CD107AB0AAF0B
:10B1900083E8070087E807008246002863D02088FC
:10B1A0004FF6FF7840455ED0D6F82C90C20909EBE7
:10B1B000C20200F07F03506810EBC30053D04FF081
:10B1C000010B0B9EC588BBF1000F10D145454AD03D
:10B1D000EB0909EBC30305F07F05586810EBC500C8
:10B1E00041D08BF0010BC588BBF1000FEED0037985
:10B1F000042B56D0052B50D0022B39D0002EE5D190
:10B200004FF6FF7085422ED0EB0909EBC30305F022
:10B210007F055C6814EBC50125D00B7913F0100293
:10B220000DD034F83520824200F09780D00909EB28
:10B23000C00902F07F00D9F8042002EBC002023BF3
:10B240001C2B10D8DFE803F0360F34595D0F0F0FB9
:10B25000640F6B0F720F0F0F0F0F0F0F0F0F0F0FEA
:10B26000780F7F0F86009FED3E0B0FB0BDE8F08F8B
:10B2700004463EF0B4F88642A8D1002EC0D00AF1B0
:10B28000FF33601E9A1901E09A42B9D013F8014FBA
:10B2900010F8011F8C42F7D098E70468E088083462
:10B2A000E9E70468002CA9D020463EF098F8E2E7D0
:10B2B00054F835103846FDF7EBF99DF82830013B7E
:10B2C000032BD0D8DFE803F0130C05029DED0C0B27
:10B2D000CBE7DDE90C013CF02FF941EC100BC4E7A2
:10B2E000DDE90C013CF030F941EC100BBDE70C98A6
:10B2F0003CF000F941EC100BB7E754F83510083179
:10B30000D8E714F835003CF0D3F841EC100BACE76B
:10B3100054F835003CF0CCF841EC100BA5E754F89C
:10B3200035003CF0D5F841EC100B9EE708683CF086
:10B33000E1F841EC100B98E7D2E900013CF0FCF891
:10B3400041EC100B91E7D2E900013CF0FDF841EC33
:10B35000100B8AE792ED000B87E700226FE700BF32
:10B3600000000000000000002DE9F04F85B004ACA3
:10B3700004E90E00DDF80480B8F1000F47D0008822
:10B380004FF6FF76B04242D00E9BD3F82C90C20904
:10B3900009EBC20200F07F03506810EBC30036D007
:10B3A000029DB0F806B06F1E4FF0010A4744BAF193
:10B3B000000F12D1B3452AD04FEADB1309EBC303C8
:10B3C0000BF07F0B586810EBCB0020D08AF0010AFD
:10B3D000B0F806B0BAF1000FECD00379042B31D0ED
:10B3E000052B2BD0022B16D0002DE3D14FF6FF7387
:10B3F0009B450CD04FEADB1309EBC3090BF07F0B25
:10B40000D9F8040000EBCB0005B0BDE8F08F0020B8
:10B4100005B0BDE8F08F04463DF0E1FFA842C9D178
:10B42000002DE3D0601E08F1FF3313F8011F10F860
:10B43000012F9142BED19F42F7D1D7E70468E0883F
:10B440000834EBE704682046002CE7D03DF0C7FF46
:10B45000E4E700BF2DE9F04184B0064604A800E906
:10B460000E003068DDE90187A8B17D1E4544C38820
:10B47000BB420DD1002F56D008F1FF33C21D01E0B1
:10B48000AB4250D013F8014F12F8011F8C42F7D095
:10B4900000680028EBD1B7F5803F4AD20A9B2E4ABC
:10B4A0001B681B68934207F1090046D132F098F8F7
:10B4B00000283ED00123C780838000F108054FB3E8
:10B4C00000F10C0108F10402954238BF884507F1EC
:10B4D000FF3336D3072B34D927F0030444444346C3
:10B4E0002A4653F8041B42F8041BA342F9D1BA07B9
:10B4F00027F003030ED018F80320EA545A1C974291
:10B5000008D9023318F80210A9549F4202D918F83A
:10B510000320EA54074400233B7233680360306021
:10B5200004B0BDE8F08183880133838004B0BDE8B6
:10B53000F081002004B0BDE8F08101460A989847E8
:10B54000B6E74344C21D08F1FF3818F8011F02F89E
:10B55000011F9845F9D1DDE7ED750200437DDBB1B0
:10B56000037D202B12D8DFE803F01F1111111111F8
:10B5700011111115151111151111111111111111AF
:10B580001111111111111111111115000123037362
:10B59000002070470023437503695A1C02611B7821
:10B5A000037501224275DCE7037B002B14BF0220E8
:10B5B000012070472DE9F04F437D85B00446002BF4
:10B5C00000F0FD80057DDFF878B300221346627538
:10B5D0000092CBB1267D0023B54263751DD0002EAD
:10B5E00000F0E9805C2E20D067686FB1A168FB880D
:10B5F000994200F0B0800F440131A1603E72637D3A
:10B60000E7E7C2F30903009323695A1C22611E78FD
:10B6100026750023B5426375E1D16368002B14BF22
:10B620000020042005B0BDE8F08F2269511C216183
:10B630001178217501206075002900F0BC80752902
:10B6400010D0BD4A2F2304E012F8023F002B00F077
:10B65000AE808B42F8D15678002E00F0A8800023EF
:10B660006375C1E7911C637521615378237560751B
:10B67000002B00F0A080402B86BF23F02003A3F115
:10B680003701A3F13001C8B20F2800F290800021E9
:10B69000D31C61752361917821750123637500299D
:10B6A00000F08980402986BF21F0200137393039E8
:10B6B000C9B20F297BD80026131D66752361D37884
:10B6C0002375012641EA00116675002B73D0402BCB
:10B6D00086BF23F02003373B303BDBB20F2B66D80D
:10B6E00000206075501D20611279227543EA011314
:10B6F00001211BB26175002A5DD0402A86BF22F06D
:10B700002002373A303AD2B20F2A50D842EA031315
:10B710009AB202F5205189B20020B1F5806F1EB2B5
:10B720006075FFF46EAF02F510539BB2B3F5806FF6
:10B730004FD37F2A00F2A1806768002F3FF464AFE7
:10B74000A368FA88934200F0DA801F440133A360B3
:10B750003E72637D3DE7D4F800A04900DAF800901E
:10B7600001F10108B8F5803FD9F8003012D29B688A
:10B77000724A934201F10A0140F0A28038463DF03E
:10B7800023FD28B1A0F80680A1686060074632E773
:10B79000D9F800305B685B4517D1384631F03AFF85
:10B7A00001238AF804300022637D626011E70320E0
:10B7B00005B0BDE8F08F022005B0BDE8F08F036949
:10B7C0005A1C02611D780575FDE6394648469847C2
:10B7D000E6E7C2F30903009A8DF8080043EA8223E2
:10B7E00003F58032C2F30531C2F3874242F0F0071D
:10B7F00003F03F02C3F3851361F07F0162F07F0223
:10B8000063F07F038DF80B108DF80C708DF8092014
:10B810008DF80A300DF10D0808F1FF3808E01E44DC
:10B820000133A360377218F8017D002F3FF4E7AEB3
:10B830006668002EF7D0A368F2889342EFD15A00D1
:10B84000D4F800A002F10109B9F5803FDAF8003020
:10B8500028D21968886802F10A01384A9042844661
:10B8600045D1304601933DF0AFFC019BD0B1A0F82B
:10B870000690A36860600646D1E706F03F0363F0D8
:10B880007F03B2F5006F8DF809308DF808004FEA9C
:10B8900092131AD263F03F03DFB28DF80A700DF1F4
:10B8A0000B08B9E71A6852685A451CD1304631F086
:10B8B000B1FE00234FF001028AF804206360B2E772
:10B8C0000A464846394698475BE703F03F029B111A
:10B8D00062F07F0243F0E0078DF80A208DF80B70CC
:10B8E0000DF10C0898E7314618469047E1E70A4603
:10B8F00018460193314663469847019BB6E7D4F852
:10B9000000905A00D9F8008002F1010ABAF5803F90
:10B91000D8F8003018D29B6808498B4202F10A021D
:10B920001FD1114638463DF04FFC58B1A0F806A093
:10B93000A3686060074608E7BCCC0600DD7502001E
:10B94000E5750200D8F800305B685B450DD13846DC
:10B9500031F060FE012389F804300022637D6260CB
:10B9600037E6394640469847DFE73946404698472C
:10B97000F0E700BF2DE9F04F427D8DB004460D4643
:10B98000002A76D0027D202A12D8DFE802F07A1150
:10B99000111111111111117070111170111111117A
:10B9A0001111111111111111111111111111700039
:10B9B00001217B2A217300F260815A2A42D9A2F127
:10B9C0005B01202900F25981DFE811F0C000570126
:10B9D00057015701570157015701570157015701A7
:10B9E00057011C01570157015701570157015701D2
:10B9F00057012100570157015701570157013A01DB
:10BA00005701570157015701570157016400CF49AA
:10BA10001346002001259A4240F0718111F8013F40
:10BA20006075002B00F088812269561C266112780F
:10BA300022756575002AEED14FF0020840460DB020
:10BA4000BDE8F08F222A02D0272A40F016816368D1
:10BA50000022A260002B00F047822046FFF7AAFDDB
:10BA6000804698B929462046FCF7C0FC0EE000222B
:10BA700062752269511C216112782275012161755C
:10BA800081E7237B002BD7D14FF0010840460DB052
:10BA9000BDE8F08FDEB220224FF0FF332A712B6019
:10BAA000002E00F04F8100232269637519460120A2
:10BAB0001346013222611B7823756075202B00F23A
:10BAC0008D8101A757F823F039BA0200DDBD0200CD
:10BAD000DDBD0200DDBD0200DDBD0200DDBD0200F6
:10BAE000DDBD0200DDBD0200DDBD020055BF02006C
:10BAF00055BF0200DDBD0200DDBD020055BF0200E2
:10BB0000DDBD0200DDBD0200DDBD0200DDBD0200C5
:10BB1000DDBD0200DDBD0200DDBD0200DDBD0200B5
:10BB2000DDBD0200DDBD0200DDBD0200DDBD0200A5
:10BB3000DDBD0200DDBD0200DDBD0200DDBD020095
:10BB4000DDBD0200DDBD020055BF020040214FF007
:10BB5000FF32DBB229712A60002B00F0F380002154
:10BB60002269617508460126114601322261097871
:10BB700021756675202900F2EF8001A757F821F0A2
:10BB800039BA020059BD020059BD020059BD020078
:10BB900059BD020059BD020059BD020059BD020045
:10BBA00059BD020059BF020059BF020059BD020031
:10BBB00059BD020059BF020059BD020059BD020023
:10BBC00059BD020059BD020059BD020059BD020015
:10BBD00059BD020059BD020059BD020059BD020005
:10BBE00059BD020059BD020059BD020059BD0200F5
:10BBF00059BD020059BD020059BD020059BD0200E5
:10BC000059BF020000232B70637D06212971002B90
:10BC100000F0BC81237D4E49002B3FF40DAF9A42CA
:10BC20006DD111F8012F00236375002A00F0848084
:10BC30002369581C20611B78237501206075EBE790
:10BC400001232B70637D06212971002B00F0A08158
:10BC5000237D4049002B3FF4EFAE9A424FD111F8BB
:10BC6000012F00236375002A66D02369581C2061C8
:10BC70001B78237501206075ECE700239E4604F1D4
:10BC80001B014FF0010C15E0392A03D902F0DF0047
:10BC9000452817D13F2B03F1010013D084F815E09C
:10BCA00001F8012F2269C3B2501C2061127822755D
:10BCB00084F815C02F2AE7D82B2AA2F12D00E9D04D
:10BCC0000128E7D9234400221A7704F11C0108A8AF
:10BCD000FCF7DEFC9DF8208008F1FF33032B0ED823
:10BCE000DFE813F0130127011A011300392940F28C
:10BCF00096805E2940F28E807A2940F290804FF043
:10BD0000030840460DB0BDE8F08FDDE90A6739460B
:10BD100030463BF03FFF82463BF0ECFB02460B46D1
:10BD2000304639463BF0A6FE8146002800F0678188
:10BD30000E23C5F800A02B714FF0000840460DB04F
:10BD4000BDE8F08F4FF00508A0E600BFE0CC06008C
:10BD5000D8CC0600D0CC060001225D29227339D050
:10BD60005E1E17464FF6FF79D4F8188008A84146A2
:10BD7000FCF77AF90899002900F072816B88BDF808
:10BD800024204B4500F00981D8F82C004FEAD31C41
:10BD900000EBCC0003F07F03406800EBC303DA80C4
:10BDA0006A8033464FF000022046FFF7E3FD8046ED
:10BDB00000287FF46BAE2046FFF7D0FB80460028BA
:10BDC0007FF464AE637D002B00F0EE80237D5D2B5D
:10BDD00040F0D68000206075804657E601227D2B1A
:10BDE0002273F7D0DFF81493DFF814A300276368F9
:10BDF000A760002B00F0F180637D002B00F0AE8087
:10BE0000217D272900F0B480222900F0B1802F295C
:10BE10003FF66CAFA1F14103192B3FF670AF4FF025
:10BE2000010867752046FCF779FB637D002B00F065
:10BE30001D81217D2F29A1F1410300F2C480192B1E
:10BE4000EFD96368002B00F00B812046FFF786FBDB
:10BE5000804600287FF41AAE637D002B00F0AB8093
:10BE6000237D3A2B7FF44BAFD4E90132134467753D
:10BE70001F72D4E90132D4F818B08DF82870083355
:10BE800008930992CDF800B008AB0ECB2846FFF717
:10BE90006BFA59468046002800F0F880FCF788FBD2
:10BEA0004146731E4FF000022046FFF763FD8046B7
:10BEB00000287FF4EBAD2046FFF750FB80460028BA
:10BEC0007FF4E4AD637D002B00F0D880237D7D2BD3
:10BED00080D02C2B7FF413AF67752046FFF73EFB15
:10BEE0008046002883D0D1E52668844A30680368FC
:10BEF0001B68934240F0B780282031F071FB002886
:10BF000048D07F4B43606060A7E50A9A2A600E2301
:10BF10002B714FF00008B9E5DDE90A67012F08BF72
:10BF2000002E80F08D800A232E602B714FF00008C8
:10BF3000ACE5DDE90A9A19F100464AF10007012F44
:10BF400008BF002E6CD20C23C5F800902B714FF067
:10BF500000089BE56175ABE5607505E623695A1C31
:10BF60002261197821750123272963757FF44CAF6D
:10BF70002046FFF71FFB804600283FF466AF85E5AB
:10BF80002C2B7FF4BCAE00236375EDE65D494FE6D4
:10BF90005D496AE601233371B5E7002362F30F03BD
:10BFA00062F31F432B60FCE623695A1C22611B7855
:10BFB000237567750BE723695A1C22611B7823756B
:10BFC000012262754DE739297FF62BAF5E297FF696
:10BFD00036AF7A297FF625AF33E7D4F80080D8F85A
:10BFE000000003681B684B4540F08280282031F038
:10BFF000F7FA002878D0C0F804A06060FCE6A169D8
:10C0000006A8FCF715F9069B002B3FF43FADBDF8E1
:10C010001C202A801E212971C846C3E9006735E526
:10C02000A16906A8FCF704F9069BCBB1BDF81C205A
:10C030002A801C2129714FF00008C3E9009A25E5E8
:10C04000A16906A8FCF7F4F8069B4BB1BDF81C20CB
:10C050002A801A2129714FF00008C3E9006715E50D
:10C060004FF0040812E52821984748E723695A1C35
:10C0700022611978217584F81580DBE623695A1C42
:10C0800022611B7823750122627520E704A8FBF763
:10C09000EBFF049B002BE3D0594606A80393FBF764
:10C0A000E3FFDDF81880B8F1000FD9D0039BBDF88D
:10C0B0001C10D9806A88BDF814004FF6FF7C6245D9
:10C0C00019D0DBF82CC04FEAD21E0CEBCE0C02F0DC
:10C0D0007F02DCF804C00CEBC202D08069801946F4
:10C0E0002046FCF783F9DBE6012388F8043084E777
:10C0F000282198477DE728806980F0E7ED750200E8
:10C1000001001F00D8CC0600D0CC06002DE9F04F6E
:10C11000038E9BB00746044657F80CBBADF80420CD
:10C12000884600F1380903B30026C36AB2460BE023
:10C1300031F070FAE36AC5F800A0208EC5F804A0BB
:10C140000136B1B2884211D9B5B203EBC5056968B1
:10C1500008460029EFD0DBF80030374A5B6893428D
:10C16000E6D058469847E36AE5E7C36A00204FF6F1
:10C17000FF719F422086A1860BD0DBF800102E4D68
:10C180004E68AE424DD1184631F044FA0423E762BE
:10C190006386A16826680023237161B1264D336848
:10C1A0000A685B68A260AB4208462DD131F032FAD2
:10C1B000A1680029F3D1002584F83C509DF8053092
:10C1C0008DF8185049464FF0000203A8CDE90455F8
:10C1D0008DF821500394CDF81C800994FFF7CAFB19
:10C1E000054610B99DF82050A5B9049840B1039BAD
:10C1F00011491A6813685B688B4216D131F00AFA4C
:10C2000028461BB0BDE8F08F30469847A16800294A
:10C21000C5D1D0E794F83C5015F0080518BF0325A8
:10C22000E3E719465846B047B0E70146104698473D
:10C2300028461BB0BDE8F08FE57502002DE9F04FF0
:10C24000002591B0B94B049516464FF47A74814697
:10C250002A4607A88A46B64905940096ADF81C50B0
:10C260008DF81E5003931CF0FBFA9DF81C40002C27
:10C2700000F01481AF4F40F2FF12394607A81CF0BE
:10C280004FFB064607A81CF0ADF80420FDF7A8FCFC
:10C29000002E54DDA84CBD55238ED4F800B0002BE1
:10C2A00052D0E36ADFF898822F4609E031F0B2F904
:10C2B000E36A3760218E77600135AAB2914244D992
:10C2C000AEB203EBC606716808460029F1D0DBF870
:10C2D00000305B684345E9D058469847E36AE8E791
:10C2E000366830460EB13DF07AF8874240F0B080B3
:10C2F00067B109F1FF33701EDE1913F8011F10F842
:10C30000012F914240F0A480B342F6D14FF6FF7363
:10C31000984514D04FEAD8130BEBC30B08F07F08F5
:10C32000DBF8042012EBC80109D00B79042B00F0D4
:10C33000BC80052B00F00681022B00F0BB8000249E
:10C34000204611B0BDE8F08FE36A7C4E00222286C1
:10C35000B3424FF6FF72A2860CD0DBF80020784D76
:10C360005268AA4240F0DD80184631F053F90423A8
:10C37000E6626386A16826680023237161B1704D6F
:10C3800033680A685B68A260AB4208467FD131F02F
:10C3900041F9A1680029F3D10A238DF8093000235F
:10C3A000029A6449644884F83C30FFF7AFFE10F00D
:10C3B000FF0FC4D1B9F1000FC1D048463DF00FF8CE
:10C3C00094F83C30202BBAD1268F4FF6FF718E4265
:10C3D000B5D0D4F82CB0F3090BEBC30306F07F06FD
:10C3E0005B6813EBC606AAD0B6F806800196012456
:10C3F0004746334605467CB98F42A0D0FA090BEB7D
:10C40000C20207F07F07536813EBC70397D084F08D
:10C410000104DF88002CEFD01A79042A70D0052A95
:10C420006AD0022A50D0002DE6D12A464FF6FF7579
:10C43000AF42019E83D0FB090BEBC30307F07F07DC
:10C440005B6803EBC707002F3FF479AF17469CB931
:10C45000A8453FF474AF4FEAD8120BEBC20208F0C4
:10C460007F06536813EBC6063FF469AF84F00104FE
:10C47000B6F80680002CEBD03379042B3FF430AFB4
:10C48000052B4AD0022B44D0002FE1D13EE73046A5
:10C490009847A16800297FF473AF7DE70420FDF77A
:10C4A0009FFB204611B0BDE8F08F52F838100029EC
:10C4B0003FF445AF009B5D1E2A4650463CF0A9FF65
:10C4C00000230AF805303BE718461E463CF087FF7C
:10C4D0004FF6FF7185428FD1002DA6D009F1FF32B2
:10C4E000701E02EB050E12F8016F10F8013F9E421C
:10C4F00082D19645F7D198E71E68F0880836E9E7BB
:10C500001E683046002EE5D03CF069FF4FF6FF7103
:10C51000E0E730463CF063FFE7E63668F08808362F
:10C52000E3E619465846904721E700BFB8D9060010
:10C53000ECDF0600388C0020E4690020F069002060
:10C54000E575020052F838100831B3E730B5184BE2
:10C5500085B01B7800228DF800205BB9154D164B75
:10C560001648002421461C702C60AC800AF0E0FCC8
:10C5700005B030BD0420FDF717FB0028EED01048B1
:10C580000C4D69461022FFF759FE0028E7D0684697
:10C5900029460BF073FF04460028E0D028460649E0
:10C5A0000BF0F4FF054821460AF0C2FC05B030BD8F
:10C5B00030010120D8690020246A002068BF0020D3
:10C5C000E8CC060000B5264889B024F0B5FD244823
:10C5D00024F0C2FC234824F0BFFC234B1B7800222C
:10C5E0008DF800205BBB2149214827F0A9FB1C489E
:10C5F000012124F0CFFC0621194824F085FC1848BD
:10C6000024F06AFC1B49164824F022FC144824F04C
:10C6100035FC1348012124F0C9FCF42210482021E4
:10C6200024F0BCFC0E481E2124F0B2FCFCF760FB99
:10C6300000210B4824F01AFD09B05DF804FB04202A
:10C64000FDF7B2FA0028CED00B4869462022FFF74A
:10C65000F5FD0028C7D00648694627F071FBC6E7FC
:10C66000C4430120004401203001012008CD060010
:10C67000843D0120C4DF0020F8CC06002DE9F04FF6
:10C68000038E9BB00746044657F80CBBADF8042058
:10C69000884600F1380903B30026C36AB2460BE0AE
:10C6A00030F0B8FFE36AC5F800A0208EC5F804A0FA
:10C6B0000136B1B2884211D9B5B203EBC50569683C
:10C6C00008460029EFD0DBF80030374A5B68934218
:10C6D000E6D058469847E36AE5E7C36A00204FF67C
:10C6E000FF719F422086A1860BD0DBF800102E4DF3
:10C6F0004E68AE424DD1184630F08CFF0423E762FD
:10C700006386A16826680023237161B1264D3368D2
:10C710000A685B68A260AB4208462DD130F07AFF10
:10C72000A1680029F3D1002584F83C509DF805301C
:10C730008DF8185049464FF0000203A8CDE9045582
:10C740008DF821500394CDF81C800994FFF712F95D
:10C75000054610B99DF82050A5B9049840B1039B37
:10C7600011491A6813685B688B4216D130F052FF8A
:10C7700028461BB0BDE8F08F30469847A1680029D5
:10C78000C5D1D0E794F83C5015F0080518BF032533
:10C79000E3E719465846B047B0E7014610469847C8
:10C7A00028461BB0BDE8F08FE57502002DE9F04F7B
:10C7B000002193B09448DFF878A21CF0B9F904E0A6
:10C7C000013492482C601BF00DFE8F498F480022E7
:10C7D0001CF07CFA8046002800F00C818C4D2B6800
:10C7E000C72B00F3048103A9884819221DF0C4FC5B
:10C7F00003A82E213CF020FE08B1002303702C6812
:10C80000844BDFF830B204EB440204EB82021344A1
:10C810000C220DEB020118463CF0FBFDDBF800207A
:10C820000026C72A0673CBDC7B4C7848214640F6AD
:10C83000FF721CF075F8002801DC2C68C0E7774F08
:10C8400026543B8E3A68002B00F08D81CDF8048091
:10C85000FB6A3446B14690460BE030F0DBFEFB6AE3
:10C86000C6F80090388EC6F804900134A1B2884210
:10C870000FD9A6B203EBC606716808460029EFD0AF
:10C88000D8F800305B685345E7D040469847FB6ACC
:10C89000E6E74246DDF80480614C00213986A34278
:10C8A0004FF6FF71B9860AD011684E68564540F0C0
:10C8B0004981184630F0AEFE0423FC627B86B868DE
:10C8C0003C6800233B7158B1236802685B68BA601A
:10C8D000534540F0848030F09DFEB8680028F3D1C5
:10C8E0000A238DF809300023029A4B494B4887F8F8
:10C8F0003C30FFF7C3FEC0B200289ED197F83C3011
:10C90000202B00F09B80402B97D13B8F4FF6FF747C
:10C91000A34292D0FE6ADA0906EBC20203F07F035B
:10C92000526812EBC30388D0DA88D309A24206EB1F
:10C93000C30302F07F0100F1010003D05B6813EB39
:10C94000C103F1D100283FF478AF364BDFF8E8900F
:10C950000D970AA84FF000080B260124CDE90E839D
:10C96000CDF8309010968DF84440FEF79DFA2E4B8E
:10C97000CDF830900AA8CDF8388010968DF8444054
:10C980000D970F9357EC106BFEF78EFA00220023E1
:10C990003046394659EC108B3BF06CF840B1002220
:10C9A0000023404649463BF065F800287FF445AF38
:10C9B000DBF800401D4B04EB440203EB021303A918
:10C9C0001F2218463CF025FD621C0021C0E90867C3
:10C9D000C0E90A892C68CBF80020C177F0E601464F
:10C9E00020469847B86800287FF46EAF78E707487C
:10C9F0001BF0F8FC04481BF0F5FC0420FDF7F0F8F0
:10CA0000012013B0BDE8F08F9801012098DE0020CE
:10CA100014FD002078F00020AC6B0020B8BF00208F
:10CA2000C4BF002018CD060024CD0600500601200A
:10CA3000E5750200D02B0120F0BF00203B8F4FF6A0
:10CA4000FF7293423FF4F9AED7F82C90D80909EB66
:10CA5000C00003F07F01436813EBC1033FF4EDAE68
:10CA6000DE88B8F1000F14D196423FF4E6AEF1092A
:10CA700009EBC10106F07F064B6813EBC6033FF4D8
:10CA8000DCAE88F001085FFA88F8DE88B8F1000FA4
:10CA9000EAD0197904295DD0052957D00229E3D1BC
:10CAA00018461C463CF09BFC4FF6FF720728DBD172
:10CAB0002378632BD8D163786F2BD5D1A378752BCE
:10CAC000D2D1E378722BCFD12379732BCCD1637978
:10CAD000652BC9D1A379732BC6D14FF6FF739E4244
:10CAE0003FF4ABAEF30909EBC30306F07F065B68C6
:10CAF00013EBC6043FF4A1AE2279402A7FF49DAE29
:10CB000033F836304FF6FF7C63453FF496AEDA09D2
:10CB100009EBC20203F07F03526812EBC3033FF438
:10CB20008CAED9880026CA09614509EBC20201F022
:10CB30007F0006F1010618D0536813EBC00314D030
:10CB4000D988F0E719461046B047B5E61C68E0887A
:10CB50000834ABE71C68002C86D020463CF03FFC34
:10CB60004FF6FF72A2E7FB6A96E6002E3FF465AE31
:10CB70000C4B0C940AA84FF000094FF00B0801264B
:10CB8000CDE90F38CDE90D798DF84460FEF78CF9C9
:10CB9000054BCDF838900AA8CDF840808DF8446058
:10CBA0000C94EDE618CD060024CD060010B5042047
:10CBB0008AB0FCF7F9FF08B90AB010BD0023154A86
:10CBC0001549ADF8043001A88DF806301BF040FE81
:10CBD000044680B90F4A1149ADF8044001A8012369
:10CBE0008DF806401BF00CFD28B90420FCF7F8FF77
:10CBF00000200AB010BD0A4C0A4B06490A48002220
:10CC000022601A601BF02CFE0028EED0FFF7CEFD4C
:10CC10000AB010BD8CDB0600486500208C6900203E
:10CC200014FD0020D02B012098010120F0B54D4EBD
:10CC30004D4D33882B789BB0002B68D1032003F037
:10CC4000FF07FCF7B1FF0446002855D0474B484A80
:10CC5000322168463CF0D0FA464A4749ADF8347074
:10CC60003B460DA88DF836701BF0F2FD044648B91E
:10CC7000ADF834003F4A41498DF8364001230DA8F4
:10CC80001BF0BEFC00243C49ADF8344023466A4604
:10CC90000DA88DF836401BF0DBFD002852D1002393
:10CCA0004FF47A71364C0E93ADF844308DF846301F
:10CCB0000F916A4630490D9411A844F202231BF0EB
:10CCC000C7FD9DF84440002C36D032882D4992B2E1
:10CCD00011A81CF0F7F8044611A81BF083FB0320F1
:10CCE000FCF77EFF33889BB2A3421DD0264927481C
:10CCF0000F2224F051FF0FE025490C22234824F095
:10CD00004BFF244A244B14701C701BB0F0BD234908
:10CD10001E480E2224F040FF1E491F4A00230B70BC
:10CD200013702B701BB0F0BD1D491848032224F06E
:10CD300033FFFFF73BFFEFE70320FCF751FF1249FA
:10CD40000F22DBE70C49ADF8344001236A460DA8F9
:10CD50008DF836401BF07CFD0028A0D00DA81CF0FB
:10CD6000E7FD9CE72C8C0020CB7B0020788E0020F8
:10CD700040CD06008CDB0600486500208C69002051
:10CD8000B8D906002C7C00204CCD0600DCDF00204A
:10CD900080CB0600287C0020758E002030CD060058
:10CDA0005CCD060030B5032097B0FCF7FDFE0028EF
:10CDB00036D00024274B284A322109A83CF01CFA1F
:10CDC0002649ADF8004009AA234668468DF802407E
:10CDD0001BF03EFD0546B8B12049ADF8004009AA58
:10CDE000012368468DF802401BF032FD10BB032082
:10CDF000FCF7F6FE1A491B480F2224F0CDFE1A4B11
:10CE000000221A7017B030BD0320FCF7E9FE174965
:10CE100014480C2224F0C0FE134B1D7017B030BD17
:10CE2000044613490F480C2224F0B6FE0E4B1C702A
:10CE300017B030BD68461CF07BFD0028D7D003201A
:10CE4000FCF7CEFE0B490748032224F0A5FEFFF7AE
:10CE5000ADFED4E75C8E002040CD06004865002082
:10CE60004CCD0600DCDF0020388E002060CD0600AF
:10CE700080CB06005CCD06002DE9F04F00F10C03DD
:10CE8000044693E80700D4E901378DB06C4684E886
:10CE90000700002B59D01D7903AC202D84E8070032
:10CEA00052D106AC84E807000CAC04E90700DDF8B9
:10CEB0002480B8F1000F47D018884FF6FF76B042B3
:10CEC00042D0D7F82C90C20909EBC20200F07F03D0
:10CED000506810EBC30037D00A9DB0F806B06F1E43
:10CEE0004FF0010A4744BAF1000F12D1B3452BD0DD
:10CEF0004FEADB1309EBC3030BF07F0B586810EB11
:10CF0000CB0021D08AF0010AB0F806B0BAF1000FC8
:10CF1000ECD00379042B33D0052B2DD0022B18D065
:10CF2000002DE3D14FF6FF739B450DD04FEADB1385
:10CF300009EBC3090BF07F0BD9F8043003EBCB03EB
:10CF400018460DB0BDE8F08F002318460DB0BDE8BF
:10CF5000F08F04463CF043FAA842C7D1002DE1D03F
:10CF6000601E08F1FF3313F8011F10F8012F9142E2
:10CF7000BCD19F42F7D1D5E70468E0880834EBE7DD
:10CF800004682046002CE7D03CF029FAE4E700BF13
:10CF90002DE9F04F824B834F1B782DED028B00263D
:10CFA0008DB03E60002B4FD005460420FCF7FCFD01
:10CFB0000446002848D0DFF80C82294608F110000A
:10CFC00032461BF04DFC98F81030002B39D0764DCE
:10CFD0004FF48052294608F110001BF0A1FC411CBF
:10CFE0002BD0B0F5805FB4BF2E5485F8FF6F6F4E25
:10CFF0003046FAF7DBFF0A238DF80D300023039A41
:10D00000694986F83C303046FFF738FB10F0FF0FD7
:10D01000054606D196F83C30202B1BD0402B00F063
:10D02000D58063481BF0DEF90420FCF7D9FD0A2007
:10D030000DB0BDEC028BBDE8F08F08F110001BF0C5
:10D04000D1F90420FCF7CCFD05200DB0BDEC028B1E
:10D05000BDE8F08FDFF870C156490696082201231B
:10D0600006A8CDE907C28DF82430FDF789FD524BA3
:10D07000504907938246092306A80893FDF780FDCF
:10D080004E4B4C49079381460D2306A80893FDF7A4
:10D0900077FD5146DFF828A180461F2250463CF01C
:10D0A000B8F949460AF120000F22CDF800A08AF80D
:10D0B0001F503CF0AEF9009B0E2203F130004146B8
:10D0C00083F82F503CF0A5F9338F009A4FF6FF7A82
:10D0D000534582F83E5057D0D6F82C90D90909EB29
:10D0E000C10103F07F024B6813EBC2034CD0B3F8CD
:10D0F000068094B9D04547D04FEAD81209EBC20256
:10D1000008F07F08536813EBC8033DD084F0010496
:10D11000E4B2B3F80680002CECD01A79042A00F0AF
:10D120009282052A00F09782022AE3D118461D4612
:10D130003CF055F90728DDD12B78632BDAD16B78D9
:10D140006F2BD7D1AB78752BD4D1EB78722BD1D193
:10D150002B79732BCED16B79652BCBD1AB79732B1C
:10D16000C8D14FF6FF7398450ED04FEAD81309EB9C
:10D17000C30908F07F08D9F8043013EBC80803D0BE
:10D1800098F80430402B2AD009481BF02BF90420D2
:10D19000FCF726FD00200DB0BDEC028BBDE8F08F42
:10D1A0003001012018FD0020AC6B0020B8BF00202A
:10D1B000CC01012054F806007CCD060088CD060085
:10D1C000D0DB0020BC01012070CD0600C44B0093D1
:10D1D00006F13808187083F8200083F83000B8F89A
:10D1E00000404FF6FF739C42CED0D6F82C80E30966
:10D1F00008EBC30304F07F045B6813EBC404C3D0E3
:10D20000D7F800B0E5889FEDB78ABBF1090FCDE9EB
:10D21000044616DD4FF6FF739D42B5D0D6F82C803C
:10D22000EB0908EBC30305F07F055C6814EBC5044C
:10D23000AAD0D7F800B0E588BBF1090FCDE90446C4
:10D24000E8DCA9490991A9490422012306A8CBEBEE
:10D250000B1A8A44CDE907460A928DF82C30FFF765
:10D260000BFE4FEA0B19014648B10379042B00F07D
:10D27000C681052B00F0C081022B18BF002150464B
:10D280000E223CF0C6F8994B99490794A9EB0B097B
:10D2900099444FF0000A0822012306A8CDE909129B
:10D2A000089689F80EA08DF82C30FFF7E5FD70B3D5
:10D2B00003791A072BD513F0100200F0D0810288F1
:10D2C0004FF6FF718A4208D0D10908EBC10802F07D
:10D2D0007F0AD8F8042002EBCA0A0A3B142B16D89E
:10D2E000DFE813F0A5011500A00115009D01150050
:10D2F0001500150015001500150015001500150086
:10D300001500150096011500AA0115008F01F0EE19
:10D31000487A009BDFF8F481079403EB8B02754B8E
:10D32000C2ED107A4FF00B094FF0010A06A8CDE9C3
:10D33000093908968DF82CA0FDF712FFCBEBCB0B2B
:10D3400008EB0B1B6C4A3B6809928BED000B06A89F
:10D350000193CDF82890CDE907468DF82CA0FDF774
:10D36000FFFE019BD7F800B0CDF82890C3EBC303B4
:10D3700008EB031383ED020B06A8604B0993CDE97C
:10D3800007468DF82CA0FDF7EBFECBEBCB0308EBAB
:10D390000313D7F800B05A4ACDF8289006A883EDB9
:10D3A000040BCDE907468DF82CA00992FDF7D8FEB5
:10D3B000DFF85C91CBEBCB0B08EB0B1B8BED060B7B
:10D3C000494604A8FDF7F2FCF0B9D7F800B0CBEB62
:10D3D000CB0208EB0212002182F840104FEACB0981
:10D3E000DFF830A104A85146FDF7E0FC002840F02A
:10D3F0009580A9EB0B0908EB0918002288F8682032
:10D400000BF101033B6005E7DFF80CB104A85946B6
:10D41000FDF7CCFC0028D8D03A4B04A81946FDF7FC
:10D42000C5FC0028D1D0384904A8FDF7BFFC00286E
:10D43000CBD03A6801920E2306A8CDE908690A9379
:10D4400007948DF82CA0FDF78BFE019AD7F8009079
:10D45000CDF824B0C2EBC20208EB02120E2382ED1B
:10D46000080B06A80A93CDE907468DF82CA0FDF716
:10D4700077FEC9EBC90208EB02120E2382ED0A0BFC
:10D48000D7F800900A9306A81E4B0993CDE90746EA
:10D490008DF82CA0FDF764FEC9EBC90908EB091350
:10D4A0001949D7F8009009910E2283ED0C0B06A8BC
:10D4B0000A92CDE907468DF82CA0FDF751FED7F86A
:10D4C00000B0C9EBC90908EB0912CBEBCB0182ED27
:10D4D0000E0B08EB01124FEACB0982F840A07FE760
:10D4E000D0DB00200000000098CD0600D42B0120E6
:10D4F000A0CD060018CD060024CD0600ACCD060058
:10D50000B8CD0600E4CD0600F4CD0600F001012000
:10D51000C4CD060004CE0600D4CD0600514904A8AF
:10D52000FDF744FC00283FF464AF4F4A04A81146BD
:10D53000FDF73CFC00283FF45CAF4C4904A8FDF724
:10D5400035FC00283FF455AF0E2306A8CDF824A0E3
:10D550004FF0010A0A938DF82CA0CDE90746FDF79C
:10D56000FFFDA9EB0B0308EB03130E224FF0010B99
:10D5700083ED120BD7F800A00A9206A8394A8DF85D
:10D580002CB00992CDE90746FDF7EAFDCAEBCA0ABD
:10D590000E230A9308EB0A13334AD7F800908DF84C
:10D5A0002CB083ED140B06A80992CDE90746FDF7D0
:10D5B000D7FDC9EBC90908EB09132C49D7F800902E
:10D5C0008DF82CB00E2283ED160B06A8DA460A92CF
:10D5D0000991CDE90746FDF7C3FDD7F800B0C9EBC7
:10D5E000C909CBEBCB0108EB091208EB011882ED5E
:10D5F000180B88F868A003E7016808313FE6016866
:10D600003DE6DAE900013AF0C5FA07EE900A80E655
:10D61000DAE900013AF0D6FB07EE900A79E6D0EDA0
:10D62000007A76E6D0ED007AF8EEE77A71E6D0ED92
:10D63000007AF8EE677A6CE6DAE900013AF0CAFBA4
:10D6400007EE900A65E61D68002D3FF453AD2846AD
:10D650003BF0C5FE6EE51D68E88808356AE5924630
:10D660003BE600BF14CE060024CE060034CE0600F2
:10D670002DE9F04FDFF878A29AF8009093B0B9F155
:10D68000000F12D1DFF86C8298F82830009363B154
:10D69000DFF864B2DBF800303BB1874C2FF078FF45
:10D6A0002368C01AB0F57A7F02D213B0BDE8F08FBC
:10D6B0002FF06EFFDBF800302060002BF5DD9FEDD2
:10D6C0007C7BCDE9029A4FF0FF334F467B4E0193AE
:10D6D0005AEC179B96ED0A3B96ED082B98ED021B32
:10D6E00098ED000B0AF0FCFC55EC104B534610EE85
:10D6F000100A4A4629463AF0C7F93036DBF80030BE
:10D7000010B1A146AA4601970137BB42E2DC019B5A
:10D71000013348465146DDE9029AC6D0684B0022E3
:10D720003AF0BCF90028C0D00199644B654A01EB7E
:10D73000410403EB0414644B05A81960234632210D
:10D740003BF05AFD05A8FFF723FC002840F0A1801C
:10D750005E4B1B68002B40F39C805D485D4905785B
:10D76000DFF880C1DDF80080CCF888330246002D58
:10D770000CBF2546054612F8206FCCF80050002E4D
:10D7800018BF1446C3EB0317A1F10F021744524A06
:10D79000CCF804404030634601F1780ED2E90245EE
:10D7A000F0EC017A92F84060C3ED037AC3E90645D4
:10D7B000F5EE407AD2E9064592ED047BC3E90A45CD
:10D7C00083ED087BD2E90A4592ED087BC3E90E455B
:10D7D00083ED0C7BD2E90E4592ED0C7BC3E912453B
:10D7E00083ED107BD2E9144592ED127B92ED006B34
:10D7F00083ED147BC3E9164592ED167BD2E91845FB
:10D80000F1EE10FA83F87060C8BFC14692F8686004
:10D810009960B94283ED046B83ED187BC3E91A4527
:10D8200083F8716001F10F0103F1700302F17002DE
:10D8300001D07145B2D1B9F1000F01D1CCF8889374
:10D84000264C206818B132F0F5F90023236046F623
:10D85000607032F0EBF9224B2249234E93ED000B1E
:10D860000022054616F014FE204B256093ED000AB9
:10D87000284617F0D5F996ED000A206817F0E6F96A
:10D88000206896ED000A17F0E7F901238AF80030C6
:10D890000BE79AF80030002B7FF407AF0F4B1B68A3
:10D8A0001BB101238AF80030FFE6F9F7A1FFF8E782
:10D8B000000000007E842E41FCC70020500601209D
:10D8C0000000144094CC06001C61002018FD0020CC
:10D8D000D0DB0020D42B0120F001012060DD0020EE
:10D8E0001061002040D80020B8610020BC610020F9
:10D8F0008401012038E00020D02B01202DE9F041E7
:10D900000446006803680E461B68222117469847A4
:10D910006368184460601FB3DFF88480374416F8EA
:10D92000011B1E4B222501E01D791DB35A798A4245
:10D9300003F10203F8D1206803685C211B68984753
:10D94000D4E90023D2F800C0034463602946DCF820
:10D95000003010469847636818446060BE42DED1CC
:10D960002068036822211B68984763681844606038
:10D97000BDE8F08139B1206803681B689847636887
:10D9800018446060EAE72068036806225B68414645
:10D990009847636818446060E0E700BFBCCC0600AD
:10D9A00044CE0600000000002DE9F04F55EC104B6E
:10D9B00087B081460F4610EE100A00220023294648
:10D9C0003AF058F8002840F0408122462B46204685
:10D9D000294639F031FC02460B46204629463AF0EA
:10D9E00049F8002840F0B281002200232046294651
:10D9F0003AF04AF868B1D9F8000003682D211B6895
:10DA00009847D9F8043005F1004B18445D46C9F831
:10DA100004003B46002F00F0B2824FF0010808EBF3
:10DA20008808013B4FEA4808F9D10FF20C43D3E9CB
:10DA30000023204629463AF03BF8002800F00E81EA
:10DA4000FFA3D3E90023204629463AF031F8002805
:10DA500040F089820646FCA3D3E9002320462946EC
:10DA60003AF026F8002840F07282F9A3D3E90023A7
:10DA7000204629463AF01CF8002840F05C82F6A3C4
:10DA8000D3E90023204629463AF012F8002840F056
:10DA90004682F3A3D3E90023204629463AF008F84A
:10DAA000002840F03082F0A3D3E900232046294625
:10DAB00039F0FEFF002840F01A82EDA3D3E90023DD
:10DAC0002046294639F0F4FF002840F00482D44B68
:10DAD00000222046294639F0EBFF002840F0EF8174
:10DAE000D04B00222046294639F0E2FF002840F0C2
:10DAF000DA81204629463AF02DF8092882460ED9C7
:10DB0000C94853461946A0FB0828013FA0FB032340
:10DB100063294FEAD8087FB24FEAD303F2D85046C0
:10DB200039F0C6FC02460B462046294639F082FBF6
:10DB3000044640460D4639F0BBFC02460B462046E3
:10DB4000294639F02FFD04460D463AF003F8834686
:10DB500039F0AEFC02460B462046294639F06AFBF6
:10DB600002460B4639F068FB39F0F4FF0BEB00047A
:10DB70004445C0F026810AF1010A002E40F07C8164
:10DB80000024002F10DDA84BA84802E0002A00F076
:10DB90002181A3FB0424E40803FB04F1013FB0EB63
:10DBA000710FFAB27FB2F1D20DF11605DFF878C22B
:10DBB0002946ACFB0A23DB0803EB8302AAEB4202F3
:10DBC00050463032092801F8012D9A46F1D8D9F88B
:10DBD000000003686A1A5B689847D9F80430184453
:10DBE000C9F80400002F40F0C080002E00F0BA8079
:10DBF000D9F80000036865211B689847D9F80430FC
:10DC0000002E1844C9F80400C0F23F81B6B2864C19
:10DC10002946A4FB0623DB0803EB8302A6EB4202A2
:10DC200030463032092801F8012D9EB2F1D8D9F8DA
:10DC3000000003686A1A5B689847D9F804301844F2
:10DC4000C9F8040007B0BDE8F08F3B46002F7FF411
:10DC5000E4AE4FF001083E46BA4660E700220023DA
:10DC60002046294639F02EFF002800F0A8805AA34C
:10DC7000D3E900232046294639F010FF002800F0A0
:10DC80009E8057A3D3E900232046294639F0FCFEA5
:10DC9000002840F08281064653A3D3E900232046A2
:10DCA000294639F0F1FE002840F08F8150A3D3E9D6
:10DCB00000232046294639F0E7FE002840F079810C
:10DCC0004DA3D3E900232046294639F0DDFE002884
:10DCD00040F0AB814AA3D3E900232046294639F01E
:10DCE000D3FE002840F0958147A3D3E900232046C6
:10DCF000294639F0C9FE002840F07F8144A3D3E9CA
:10DD000000232046294639F0BFFE002840F06981F3
:10DD100041A3D3E900232046294639F0B5FE002867
:10DD200040F03081424B00222046294639F0ACFEBB
:10DD300000283FF4DEAE204629463A4B002239F057
:10DD400031FC013E04460D4636B2D2E6D9F8000059
:10DD50003849036804225B689847D9F804301844AE
:10DD6000C9F8040007B0BDE8F08F013FFFB2C7F16A
:10DD70000F0C2D4AEC4404A9A2FB0403DB0803EBBF
:10DD80008300A4EB4004303401F8014D61451C468A
:10DD9000F2D106ABDB1BD9F800002E2203F80A2CC7
:10DDA00003686FF00102D11B04AC5B682144BA1A0E
:10DDB0009847D9F804301844C9F8040015E7064616
:10DDC00097E6194B194A03FB04F3B2EB730FBFF448
:10DDD000D8AEE9E61746E7E6F168E388B5F8E43E31
:10DDE000148BD77DB207FE0AC2DEB7814554912558
:10DDF0000CD13196FC53DA3280688965D639803986
:10DE00001656E79EAF03D23C48AFBC9AF2D77A3E93
:10DE1000FCA9F1D24D62503F9A9999999999B93FCD
:10DE20000000594000002440CDCCCCCC99999919E0
:10DE30000000F03FE0CC060000000000D01263417B
:10DE40003CBF737FDD4F1575321D30F94877825A1C
:10DE5000F5F93FE9034F384D176E05B5B5B8934650
:10DE60000080E03779C341430000000084D7974128
:10DE7000000000000088C340BAF1090F7FF680AEB1
:10DE8000013636B24FF0010A7AE6D9F8000003688D
:10DE90002D211B689847D9F8043076421844B6B251
:10DEA000C9F80400B3E62046294676A3D3E9002347
:10DEB00039F078FB013604460D4636B219E62046A5
:10DEC000294672A3D3E9002339F06CFB02360446DD
:10DED0000D4636B204E6204629466EA3D3E9002358
:10DEE00039F060FB043604460D4636B2EFE52046B5
:10DEF00029466AA3D3E9002339F054FB08360446C7
:10DF00000D4636B2D9E52046294666A3D3E900235B
:10DF100039F048FB103604460D4636B2C3E52046BC
:10DF2000294662A3D3E9002339F03CFB203604469E
:10DF30000D4636B2ADE5204629465EA3D3E900235F
:10DF400039F030FB403604460D4636B297E52046A0
:10DF500029465AA3D3E9002339F024FB803604462E
:10DF60000D4636B281E52046294656A3D3E9002363
:10DF700039F018FB4FF4807604460D466BE54FF000
:10DF8000010852E5204629463D4B002239F00AFBA4
:10DF9000023E04460D4636B2C4E6204629462AA370
:10DFA000D3E9002339F0FEFA6FF0FF0604460D4670
:10DFB00072E62046294626A3D3E9002339F0F2FA77
:10DFC000403E04460D4636B27AE62046294622A354
:10DFD000D3E9002339F0E6FA803E04460D4636B216
:10DFE00064E6204629461EA3D3E9002339F0DAFA75
:10DFF000043E04460D4636B28AE6204629461AA358
:10E00000D3E9002339F0CEFA083E04460D4636B275
:10E0100074E62046294616A3D3E9002339F0C2FA54
:10E02000103E04460D4636B25EE62046294612A34F
:10E03000D3E9002339F0B6FA203E04460D4636B245
:10E0400048E600BFAFF300803CBF737FDD4F15751E
:10E05000F5F93FE9034F384D321D30F94877825AC0
:10E06000000000000088C3400000000084D79741F2
:10E070000080E03779C34143176E05B5B5B89346C4
:10E08000000059409A9999999999B93F7B14AE47E4
:10E09000E17A843F2D431CEBE2361A3F3A8C30E2A2
:10E0A0008E79453EBC89D897B2D29C3C33A7A8D57F
:10E0B00023F649393DA7F444FD0FA5329D978CCF37
:10E0C00008BA5B25436FAC642806C80A2DE9F047FF
:10E0D00003790C4613F0100186B0054652D0018832
:10E0E0004FF6FF70814200F09981D26AC80902EBB5
:10E0F000C00201F07F01526802EBC102023B3E2BDD
:10E1000042D8DFE813F04D0057006200700078003D
:10E110004100410041007F004100A9004100CE00C4
:10E1200041004100410041004100410041004100E7
:10E13000410041004100D9004100F60041001801B2
:10E1400041002001410041004100410041004100E7
:10E1500041004100410041004100410041004100B7
:10E1600041004100410041004100410041004100A7
:10E170004100410041004100410041004100410097
:10E1800041004D010A46B9E72068B74903680422F7
:10E190005B68984763681844606006B0BDE8F08724
:10E1A00028463BF01CF9294602462046FFF7A6FB0D
:10E1B0006068F2E7206829680368CA885B680831EC
:10E1C0009847636818446060E7E72D68002D00F009
:10E1D000498128463BF003F9024620462946FFF7CD
:10E1E0008DFB6068D9E729682046CA880831FFF7A7
:10E1F00085FB6068D1E72B782068002B00F0108148
:10E200009A49C3E70DF116082D68C2464FF0000980
:10E21000284649460A22002339F01AFE30320AF80D
:10E22000012D284649460A22002339F011FE4F46A7
:10E230002E46002F08BF0A2E05468946E8D22068E0
:10E240000368A8EB0A0251465B6898476368184464
:10E25000606006B0BDE8F0872E68002EC0F2F58041
:10E26000F7170DF116084546304639460A220023B5
:10E2700039F0EEFD303205F8012D00230A22304638
:10E28000394639F0E5FD3B463246002B08BF0A2AE5
:10E2900006460F46E8D22068A8EB05020368294627
:10E2A000D2E7286839F026F941EC100B2046062108
:10E2B000FFF77AFB606870E7D2E900950DF1160868
:10E2C000C246484629460A22002339F0C1FD3032B1
:10E2D0000AF8012D484629460A22002339F0B8FDE4
:10E2E0002F464E46002F08BF0A2E81460D46E8D223
:10E2F000A5E7D2E90067002E77F10003C0F299800C
:10E300000DF116084546304639460A22002339F0F9
:10E310009FFD303205F8012D00230A223046394690
:10E3200039F096FD3B463246002B08BF0A2A0646C6
:10E330000F46E8D2AFE7204692ED000B0921FFF728
:10E3400033FB606829E7206803687B211B689847D6
:10E3500063682D884FF6FF771844BD42606047D050
:10E360000126A268D36AE90903EBC10305F07F0522
:10E370005B6803EBC50528462146FFF7A7FEED883D
:10E38000BD4235D020680368002E1B6814BF3A21B7
:10E390002C2198476368184486F001066060E0E726
:10E3A000206803685B211B68984763682D884FF6D7
:10E3B000FF761844B542606025D0A268D36AE909A7
:10E3C00003EBC10305F07F055B6803EBC505284639
:10E3D0002146FFF77BFEED88B5424FF02C0112D0AD
:10E3E000206803681B689847636818446060E4E726
:10E3F000206803687D211B68984763681844606043
:10E4000006B0BDE8F087206803685D211B68984767
:10E4100063681844606006B0BDE8F08700226DE6CE
:10E42000036813495B680522984763681844606075
:10E43000B3E6206803682D211B689847636876421D
:10E44000184467EB470760605AE7206803682D218E
:10E450001B6898476368F71718447642606067EB5B
:10E460004707FEE62A46B8E6E0CC0600D0CC060018
:10E47000D8CC06002DE9F04F93B005AE86E80E002B
:10E48000044696E807000FAA82E80B001C9F03943D
:10E49000002863D024884FF6FF7A54455ED0D7F821
:10E4A0002C80E10908EBC10104F07F054C6814EBF6
:10E4B000C50453D0E588DDF8409002904FF0010B81
:10E4C0002B465D469B468DB9D34547D04FEADB12BC
:10E4D00008EBC2020BF07F03546814EBC3043DD079
:10E4E00085F00105B4F806B0002DEDD02279042A9C
:10E4F00019D0052A00F0CB80022A17D0B9F1000FFD
:10E50000E2D14FF6FF7293455D4627D0EA0908EB4A
:10E51000C20305F07F055B6813EBC5051ED02846D6
:10E5200013B0BDE8F08F2468002CE7D020463AF005
:10E5300056FF8145C8D1B9F1000FE2D0029B5A1EA7
:10E54000013C02EB090101E09142DAD012F8010F1F
:10E5500014F8013F9842F7D0D345B7D196E80700A9
:10E56000B7F834904FF6FF730DF1240B99458BE803
:10E57000070007F10C0500F08E80FB6A4FEAD91204
:10E5800003EBC20309F07F025E6836F83230BB86C7
:10E5900006EBC2064FF6FF73F380B7F834A00022F3
:10E5A0009A45327100F0BC80FB6A4FEADA1203EB45
:10E5B000C2030AF07F0E5D6835F83E30BB8605EB7E
:10E5C000CE059BE807000023DDF824C02B710CACBE
:10E5D0004FF6FF7384E80700EB80BCF1000F00F0FA
:10E5E0009A809DF82CE07246BEF1000F40F0D68074
:10E5F000DDF828B0BBF1030F16D85FFA8BF398460D
:10E60000BBF1000F00F08581581E5CFA80F00CF120
:10E61000FF3313F8011F002908BF42F0010298429E
:10E62000F7D1002A00F00B81CDE90CCB8DF838E052
:10E6300094E807000FAB83E807003846CDF83CC0EC
:10E6400050F8083B00930FAB0ECBFCF703FF0028FC
:10E6500000F012810523306033710398A6F806A0FC
:10E6600043884FF6FF72934200F09380FA6AD9090B
:10E6700002EBC10203F07F03526802EBC303A3F86D
:10E680000690A0F802A0284613B0BDE8F08F2468D9
:10E69000E08808344DE73A8E3E68002A40F08380D7
:10E6A0007B8E002B00F0FD8001233B86D7F82C9059
:10E6B000AF4B4FF480604FF0800A326812689A4284
:10E6C00040F0E7802EF08CFF3B8EFC6AC9F8040016
:10E6D000013B9BB204EBC3020028566808BF4FF011
:10E6E000000A0021A9F800A0A9F802108EB134F8A0
:10E6F0003300518888420CD901EBC3194B1C1FFA17
:10E7000089F906EBC106538044E7B3F5007F40F07A
:10E71000E38001233B710025284613B0BDE8F08F4C
:10E72000398ED7F800A0002965D17B8E002B00F030
:10E73000D28001233B86FC6A8D4B4FF4806080259C
:10E74000DAF8002012689A4240F0A7802EF048FFC5
:10E75000B7F830A0F96A60600AF1FF3A1FFA8AFA46
:10E7600001EBCA020028536808BF0025002025805D
:10E770006080002BCDD031F83A105588A942C8D915
:10E7800005EBCA1A691C1FFA8AFA03EBC50551800A
:10E7900017E7A0F80090A0F802A0C0E60423C6F88E
:10E7A00000C0337159E7FC6A02F1FF391FFA89F999
:10E7B00004EBC9012046D1F804C0BCF1000F04D01D
:10E7C0004B8834F839E09E454DD87B8E9A4200F054
:10E7D000CA80674B511C89B2B1F5007F00EBC209BA
:10E7E000398615BF4FF480604FF47E704FF0800A79
:10E7F0004FF07F0A61E7FC6A4A1E92B204EBC20046
:10E80000A046D0F804E0BEF1000F04D0438834F8ED
:10E8100032C09C4534D87B8E99423FF476AF544B3E
:10E820004A1C92B2B2F5007F08EBC1043A8615BFCC
:10E830004FF480604FF47E7080257F2580E70223AF
:10E84000337142469CF800303370012A07D09CF89F
:10E8500001307370022A02D09CF80230B37000239A
:10E8600006F80B30F9E603EBC9195A1C1FFA89F9AF
:10E870000CEBC3064A808DE6012305463B714EE64C
:10E8800003EBC21A5A1C1FFA8AFA0EEBC305428028
:10E8900097E601463046904716E7014650469047B6
:10E8A00056E7FC6A5B00A5421FFA83F934D033684F
:10E8B00030489B6883424FEAC90140F08880204677
:10E8C0003AF082FC00283FF424AF294B3A8EF862DC
:10E8D000A7F832907EE7FC6A5B009BB2A5420293E8
:10E8E0004AD01A46DAF8003022489B6883424FEA41
:10E8F000C20171D120463AF067FC8046B8F1000FA2
:10E900003FF407AF1A4B029A398EC7F82C807A86EB
:10E9100086E702233371A2E73268154B126802932F
:10E920009A424FEAC9005DD12EF05AFE029B0028A0
:10E930003FF4EFAED4F800C06168A268D4F80CE0F0
:10E94000C0F80CE0C0F800C041608260D4F810C08C
:10E950006169A269D4F81CE0C0F81CE0C0F810C0DE
:10E9600041618261B2E7B3F5007F3FF4D2AE99E72F
:10E97000ED750200DD750200DAF800201946126814
:10E980001E4B04939A424FEAC10030D12EF028FE6C
:10E99000049B8046B8F1000F3FF4BBAE216862686B
:10E9A000A568E068C8F80C00C8F80010C8F8042092
:10E9B000C8F8085021696269A569E069C8F81C00B7
:10E9C000C8F81010C8F81420C8F818509BE70A4679
:10E9D00030462146984775E70A46504621469847F3
:10E9E00080468BE7014630469047029B9FE70146F1
:10E9F00050469047049B8046CCE700BFED7502006F
:10EA00002DE9F04F934C238ED4F800B095B0074613
:10EA100088460BB30026E36ADFF840A2B1460BE05C
:10EA20002EF0F8FDE36AC5F80090218EC5F8049039
:10EA30000136B2B2914210D9B5B203EBC50569688F
:10EA400008460029EFD0DBF800305B685345E7D07B
:10EA500058469847E36AE6E7E36A7F4E002222863B
:10EA6000B3424FF6FF72A2860CD0DBF800207B4D3C
:10EA70005268AA4240F0E78018462EF0CBFD0423EE
:10EA8000E6626386A16826680023237169B1734D2D
:10EA900033680A685B68A260AB42084640F0878032
:10EAA0002EF0B8FDA1680029F2D100254FF47A714B
:10EAB0006B4B09912A466B4907930BA884F83C508D
:10EAC0000895ADF82C508DF82E5019F0C9FE9DF820
:10EAD0002C30002B79D1002F4AD038463AF07FFCF9
:10EAE00094F83C300590002204978DF81820002BF4
:10EAF00064D0202B3CD1009404AE96E80E005A4816
:10EB0000FFF7B8FC0546B8F1000F7FD040463AF059
:10EB100066FC074665B34F492846F9F749FD032FC0
:10EB200015D85FFA87FC002F00F091800CF1FF30C0
:10EB300058FA80F008F1FF33002213F8011F002972
:10EB400008BF42F001029842F7D1002A64D00023A6
:10EB5000CDE904878DF818302368009396E80E00FD
:10EB60004248FCF777FC00286AD0052328602B7107
:10EB70003C4940F201620BA819F072FE9DF82C305E
:10EB8000002B3CD0334A07AB02F1380004A90493B0
:10EB90000023CDE90534FFF799FA0BA819F022FC00
:10EBA0000420FBF71DF8012015B0BDE8F08F3046BA
:10EBB0009847A16800297FF46BAF76E720224FF0D9
:10EBC000FF3384F83C20A36395E7294940F2FF1204
:10EBD0000BA819F0A5FE06460BA819F003FCAE42DF
:10EBE0007FF779AF0A2322498DF80D30039A19482F
:10EBF0008D55FDF78BFA10F0FF0F3FF46CAF04203A
:10EC0000FAF7EEFF002015B0BDE8F08F0028AFD076
:10EC10001049F9F7CDFCABE702232B7198F80030CF
:10EC20002B70BCF1010F08D098F801306B70BCF16B
:10EC3000020F02D098F80230AB700023EB5597E733
:10EC40000123237194E719465846904717E702239A
:10EC50002B71F2E7E4690020F0690020E5750200FD
:10EC6000B8D90600ECDF06001C6A0020EC69002021
:10EC7000388C002038B5094B1B780BB9002038BD03
:10EC8000044604200D46FAF78FFF0028F6D02946E7
:10EC90002046BDE83840FFF7B3BE00BF3001012079
:10ECA00070B584B06C46214609F0E8FB18B9002520
:10ECB000284604B070BD02AE3146204609F066FC1D
:10ECC000114B1B78002BF2D00420FAF76DFF0028BF
:10ECD000EDD00E483146FFF793FE05460028E6D0FA
:10ECE00094E803000A4A0B4B1060918096E80300F9
:10ECF0009980090C186099710748012108F018F9EA
:10ED0000284604B070BD00BF30010120E8CC0600E9
:10ED1000D8690020246A002068BF00202DE9F04F48
:10ED20005D4C238ED4F80090A9B0FBB10026E36AB5
:10ED3000DFF86C81374609E02EF06CFCE36A2F6047
:10ED4000218E6F600136B2B2914210D9B5B203EB99
:10ED5000C505696808460029F1D0D9F800305B681C
:10ED60004345E9D048469847E36AE8E7E36A4B4EF3
:10ED700000214FF6FF72B3422186A2860CD0D9F84B
:10ED80000020474D5268AA4240F0C48518462EF034
:10ED900041FC0423E6626386A1682768002323718F
:10EDA00061B13F4D3B680A685B68A260AB420846B0
:10EDB0006CD12EF02FFCA1680029F3D100204FF474
:10EDC0007A7184F83C002EF0BDFB364A03460421DC
:10EDD00005A83AF011FA05AB334A0BA820213AF006
:10EDE0000BFA94F83C30002B62D120224FF0FF3315
:10EDF00084F83C20A363B4F834904FF6FF73994530
:10EE000000F09084E36A4FEAD91203EBC20309F0E1
:10EE10007F085B6833F83820A28603EBC8084FF6FA
:10EE2000FF72A8F80620A38E0021934288F80410F0
:10EE300000F0B685E26AD90902EBC10203F07F0552
:10EE4000576837F83520A28607EBC50700224FF632
:10EE5000FF713A71F980A8F80630628F1348C8F83C
:10EE600000008A424FF004003D4688F8040000F09C
:10EE7000EF86E16AD00901EBC00102F07F02496828
:10EE800001EBC202A2F80690638784E038469847F7
:10EE9000A168002986D191E7E4690020F06900208B
:10EEA000E5750200ACCF06004CCE0600F8CC06009B
:10EEB000202B40F0A580258F4FF6FF7845459AD04E
:10EEC000D4F82C90EA0909EBC20205F07F035568DB
:10EED00015EBC3058FD04FF0010AEF88BAF1000F90
:10EEE00011D1474587D0FB0909EBC30307F07F0722
:10EEF0005D6815EBC7053FF47EAF8AF0010AEF8825
:10EF0000BAF1000FEDD02B79042B00F0DC80052B3B
:10EF100000F0DE80022BE4D128463AF060FA0E2899
:10EF2000DFD12B78622BDCD16B786C2BD9D1AB780D
:10EF3000752BD6D1EB78652BD3D12B79742BD0D10F
:10EF40006B796F2BCDD1AB796F2BCAD1EB79742B49
:10EF5000C7D12B7A682BC4D16B7A5F2BC1D1AB7A26
:10EF60006E2BBED1EB7A612BBBD12B7B6D2BB8D135
:10EF70006B7B652BB5D14FF6FF739F423FF43BAFE0
:10EF8000FB0909EBC30907F07F07D9F8045015EB1B
:10EF9000C7053FF430AF0BA83AF021FA4E490746B7
:10EFA0002846F9F705FB032F00F27B835FFA87FC05
:10EFB000002F00F07C850DF12D030CF1FF3153FA89
:10EFC00081F100220BAB13F8010B002808BF42F0BF
:10EFD00001028B42F7D1002A40F063839DF82C3068
:10EFE0002B700222BCF1010F2A7107D09DF82D3041
:10EFF0006B70944502D09DF82E30AB700023EB551A
:10F000001BAF42F210714FF47A702EF09BFA334A24
:10F010000346052106A83AF0EFF894F83C30002B9F
:10F0200060D120224FF0FF3384F83C20A363B4F872
:10F0300034A04FF6FF739A4500F01384E36A4FEA59
:10F04000DA1203EBC2030AF07F095B6833F8392058
:10F05000A28603EBC9094FF6FF72A9F80620A38E1A
:10F060000021934289F8041000F05984E26AD9091A
:10F0700002EBC10203F07F08526832F83810A18613
:10F0800002EBC80800224FF6FF7188F80420A8F8A8
:10F090000610A9F80630628F1148C9F800008A42AC
:10F0A0004FF0040089F8040000F0D785E16AD00928
:10F0B00001EBC00102F07F02496801EBC202A2F835
:10F0C00006A0638782E02D68002D7FF425AF08E756
:10F0D0002D68E888083522E7E469002060CE060044
:10F0E000DCCE0600202B40F0AB80258F4FF6FF7959
:10F0F0004D459CD0D4F82CA0EA090AEBC20205F0D9
:10F100007F03556815EBC30591D04FF0010BB5F89F
:10F110000680BBF1000F13D1C84588D04FEAD81341
:10F120000AEBC30308F07F085D6815EBC8053FF4E0
:10F130007EAF8BF0010BB5F80680BBF1000FEBD072
:10F140002B79042B00F0E980052B00F0EB80022BDB
:10F15000E2D128463AF043F90D28DDD12B78622B15
:10F16000DAD16B786C2BD7D1AB78752BD4D1EB7807
:10F17000652BD1D12B79742BCED16B796F2BCBD161
:10F18000AB796F2BC8D1EB79742BC5D12B7A682B57
:10F19000C2D16B7A5F2BBFD1AB7A702BBCD1EB7A2B
:10F1A000692BB9D12B7B6E2BB6D14FF6FF739845E7
:10F1B0003FF43DAF4FEAD8130AEBC30A08F07F08CB
:10F1C000DAF8045015EBC8083FF431AF06A83AF05E
:10F1D00006F9564981464046F9F7EAF9B9F1040FB4
:10F1E00000F04A825FFA89F0B9F1000F00F056840E
:10F1F0000DF11903411E53FA81F1002206AB13F8F9
:10F20000015B002D08BF42F001029942F7D1002AAC
:10F2100040F032829DF8183088F800300222012830
:10F2200088F8042009D09DF8193088F80130904200
:10F2300003D09DF81A3088F80230002308F809300E
:10F240000C2100202EF07EF90B21054600202EF027
:10F2500079F98542D8BF0130354B364A53F8201032
:10F26000009153F8253013A8202139F0C5FF94F8F8
:10F270003C30002B62D120224FF0FF3384F83C2039
:10F28000A363B4F834A04FF6FF739A4500F0A5824B
:10F29000E36A4FEADA1203EBC2030AF07F095B6804
:10F2A00033F83920A28603EBC9094FF6FF72A9F89B
:10F2B0000620A38E0021934289F8041000F0B08349
:10F2C000E26AD90902EBC10203F07F08526832F802
:10F2D0003810A18602EBC80800224FF6FF7188F8AB
:10F2E0000420A8F80610A9F80630628F1248C9F861
:10F2F00000008A424FF0040089F8040000F0B28454
:10F30000E16AD00901EBC00102F07F02496801EB1C
:10F31000C202A2F806A063877EE02D68002D7FF46C
:10F3200018AFF9E62D68E888083515E7E46900208C
:10F3300094DF060068CE0600D0CE0600202B40F0F9
:10F340004F81258F4FF6FF794D459AD0D4F82CA0E8
:10F35000EA090AEBC20205F07F03556815EBC30505
:10F360008FD04FF0010BB5F80680BBF1000F13D121
:10F37000C84586D04FEAD8130AEBC30308F07F08CC
:10F380005D6815EBC8053FF47CAF8BF0010BB5F859
:10F390000680BBF1000FEBD02B79042B00F04781E6
:10F3A000052B00F04981022BE2D128463AF017F8EC
:10F3B0000B28DDD12B78642BDAD16B78652BD7D174
:10F3C000AB78762BD4D1EB78692BD1D12B79632B09
:10F3D000CED16B79652BCBD1AB795F2BC8D1EB79D3
:10F3E0006E2BC5D12B7A612BC2D16B7A6D2BBFD11D
:10F3F000AB7A652BBCD14FF6FF7398453FF441AF14
:10F400004FEAD8130AEBC30A08F07F08DAF8045071
:10F4100015EBC8083FF435AF13A839F0E0FFB34946
:10F4200006464046F9F7C4F8032E00F21081F0B208
:10F43000002E00F038830DF14D03411E53FA81F187
:10F44000002213AB13F8015B002D08BF42F001024C
:10F450009942F7D1002A40F0FA809DF84C3088F8A4
:10F4600000300222012888F8042009D09DF84D3090
:10F4700088F80130904203D09DF84E3088F8023071
:10F48000002308F8063094F83C30994A1B920B216F
:10F4900001221C918DF87420002B40F0378220222D
:10F4A0004FF0FF3384F83C20A363009497E80E00EC
:10F4B0009048FEF7DFFF0546002800F0FF838B49E8
:10F4C000F9F776F804238C4A2B7194F83C302A60C3
:10F4D0008A4A1B92162101221C918DF87420002B60
:10F4E00040F00C8220224FF0FF3384F83C20A363CD
:10F4F000009497E80E007F48FEF7BCFF0546002801
:10F5000000F0D9837949F9F753F804237C4A2B7129
:10F5100094F83C302A607B4A1B921B2101221C91EB
:10F520008DF87420002B40F0E58120224FF0FF334E
:10F5300084F83C20A363009497E80E006D48FEF722
:10F5400099FF0546002800F0B3836849F9F730F8C1
:10F5500004236D4A2B7194F83C302A606B4A1B924D
:10F560000E2101221C918DF87420002B40F0BE81E9
:10F5700020224FF0FF3384F83C20A363009497E8E7
:10F580000E005C48FEF776FF0546002800F08D83EC
:10F590005649F9F70DF804235B4A2B7194F83C3077
:10F5A0002A605B4A1B920D2101221C918DF8742068
:10F5B000002B40F0A78120224FF0FF3384F83C203D
:10F5C000A363009497E80E004A48FEF753FF0546F0
:10F5D00030B14649F8F7ECFF4E4B2B6004222A71FC
:10F5E0004FF47A7200254C4B1D924C491C951FA874
:10F5F00040F20162ADF87C508DF87E501B9319F0FB
:10F600002FF99DF87C60DEB1384A089702F1380086
:10F6100008A9CDE90954FEF759FD1FA818F0E2FE2C
:10F620000420FAF7DDFA012029B0BDE8F08F2D683B
:10F63000002D7FF4BAAE9BE62D68E8880835B7E662
:10F640000420FAF7CDFA304629B0BDE8F08F002348
:10F6500013AA8DF8743023681C961B92009397E8C8
:10F660000E002F48FBF7F6FE002838D00523C8F817
:10F67000000088F8043006E7002306AA8DF87430ED
:10F680002368CDF870901B92009397E80E002448F1
:10F69000FBF7E0FEE0B10523C8F8000088F804306D
:10F6A000CEE500230BAA8DF8743023681C971B92BB
:10F6B0001BAF009397E80E001948FBF7CBFE88B10B
:10F6C000052328602B719CE4B3F5007F40F0B683DE
:10F6D00001232371B4E5B3F5007F40F0918301234A
:10F6E0002371D0E6012323718BE400BFE46900207D
:10F6F00070CE06001C6A00207CCE0600B8CE060044
:10F7000084CE06009CCE060088CE06008CCE060075
:10F71000E8CC060054F80600B8D90600ECDF060075
:10F72000EC690020238E2768002B00F01082D4F8AB
:10F730002C8003F1FF391FFA89F908EBC9014868E9
:10F7400028B14A8838F83950954200F2A482628E76
:10F75000934200F03483B14D5A1C92B2B2F5007F4F
:10F7600008EBC308228615BF4FF480604FF47E700B
:10F770004FF080094FF07F093B681B68AB4240F0B7
:10F78000C3822DF02DFF002808BF4FF00009002391
:10F79000A8F80230A8F80090B4F83090E16AC8F8F0
:10F7A000040009F1FF391FFA89F901EBC9035A680E
:10F7B000002A00F0488231F83910B3F80280414540
:10F7C00040F2418208EBC91908F101011FFA89F9D9
:10F7D00002EBC8085980FFF722BB238ED4F80080C3
:10F7E000002B40F08E81628E002A00F0CB82012334
:10F7F000D4F82C90894D23864FF480604FF0800A16
:10F80000D8F800301B68AB4240F082822DF0E8FE51
:10F81000002808BF4FF0000A0023A9F80230A9F819
:10F8200000A0B4F830A0E16AC9F804000AF1FF3A78
:10F830001FFA8AFA01EBCA035A68002A00F05E82B6
:10F8400031F83A10B3F80290494540F2578209EB7B
:10F85000CA1A09F101011FFA8AFA02EBC909598093
:10F8600023E5238ED4F80080002B40F02481628EA3
:10F87000002A00F069820123D4F82C90674D23867A
:10F880004FF480604FF0800AD8F800301B68AB421C
:10F8900040F042822DF0A4FE002808BF4FF0000A7D
:10F8A0000023A9F80230A9F800A0B4F830A0E16A5A
:10F8B000C9F804000AF1FF3A1FFA8AFA01EBCA03F9
:10F8C0005A68002A3FF404AF31F83A10B3F80290B6
:10F8D00049457FF6FDAE09EBCA1A09F101011FFA8D
:10F8E0008AFA02EBC9095980FFF7B5BB202B3FF418
:10F8F00045AE75E6202B3FF41EAE71E6202B3FF49B
:10F90000F7AD6DE6202B3FF45CAE69E6202B3FF4AB
:10F91000CCAD65E6194648469047FFF73ABA218EC6
:10F92000D4F800B0002940F06881638E002B00F00D
:10F9300085820123D4F82C80384D23864FF48060D3
:10F940008023DBF8002003931268AA4240F0EC8188
:10F950002DF046FE039BE56A002808BF0023002225
:10F96000A8F80220A8F80030238EC8F80400013B54
:10F970009BB205EBC3014A68002A3FF4A9AE35F8F3
:10F980003300B1F8028040457FF6A2AE08EBC31306
:10F9900008F101009BB202EBC8084880FFF772BB78
:10F9A000228ED4F800A0002A40F0DF80638E002B66
:10F9B00000F062820123E76A184D23864FF48060CD
:10F9C0004FF0800BDAF800301B68AB4240F0B18199
:10F9D0002DF006FE00284FF0000308BF4FF0000B8B
:10F9E000A7F800B07B80238EE16A7860013B9BB270
:10F9F00001EBC3025768002F00F0258131F8331066
:10FA00005588A94240F21F8105EBC313691C9BB2C4
:10FA100007EBC5075180FFF719BA00BFED7502006B
:10FA2000218ED4F800B0002940F0C280638E002BF4
:10FA300000F0E6810123E66AC04D23864FF4806022
:10FA40004FF08008DBF800301B68AB4240F0688163
:10FA50002DF0C6FD00284FF0000308BF4FF000084E
:10FA6000A6F800807380238EE56A7060013B9BB22C
:10FA700005EBC3014A68002A3FF431AE35F8330084
:10FA8000B1F8028040457FF62AAE08EBC31308F1B7
:10FA900001009BB202EBC80848801DE4022388F8ED
:10FAA0000430FFF7CABB022388F80430E8E40223DD
:10FAB0002B71FFF7A3BAD4F82C9003F1FF3A1FFA89
:10FAC0008AFA09EBCA01486828B14A8839F83A50DD
:10FAD000954200F2CC80628E934200F03181974DC6
:10FAE0005A1C92B2B2F5007F09EBC309228615BFFA
:10FAF0004FF480604FF47E704FF0800A4FF07F0A21
:10FB0000C2E6D4F82C9003F1FF3A1FFA8AFA09EB07
:10FB1000CA01486828B14A8839F83A50954200F23B
:10FB2000B080628E934200F03582844D5A1C92B2AE
:10FB3000B2F5007F09EBC309228615BF4FF4806040
:10FB40004FF47E704FF0800A4FF07F0A58E6628EC5
:10FB5000002A00F038810123D4F82C80774D2386C9
:10FB60004FF480604FF0800906E6D4F82CC0531E95
:10FB70009BB20CEBC3014F682FB14D883CF83300AA
:10FB8000A84200F29E80638E9A4258D06B4D531C5F
:10FB90009BB2B3F5007F0CEBC207238615BF4FF471
:10FBA00080604FF47E704FF0800B4FF07F0B09E7C1
:10FBB000D4F82CC04B1E9BB20CEBC300426832B190
:10FBC000B0F802803CF83350454500F28380638EE4
:10FBD00099423FF480AD594D4B1C9BB2B3F5007F69
:10FBE0000CEBC106238615BF4FF480604FF47E7086
:10FBF0004FF080084FF07F0824E7D4F82CC04B1E4C
:10FC00009BB20CEBC30042682AB1B0F802803CF80A
:10FC10003350454568D8638E99423FF455AD474D02
:10FC20004B1C9BB2B3F5007F23860CEBC10815BFBC
:10FC30004FF480604FF47E7080237F2381E6B3F51C
:10FC4000007F40F01981012323711BAFFFF7D9B961
:10FC5000A4F838906387FFF79EB9A4F838A06387AB
:10FC6000FFF7B4BAA4F838A06387FFF7D5BB02EB5F
:10FC7000CA1A531C1FFA8AFA00EBC2094B80FFF71D
:10FC8000EAB902EBCA1A531C1FFA8AFA00EBC2093E
:10FC90004B80FFF70ABB02EBC919531C1FFA89F905
:10FCA00000EBC2084B80FFF7BAB894F83C3078E418
:10FCB00094F83C3052E494F83C302CE494F83C3016
:10FCC00006E405EBC3136A1C9BB207EBC5074A8029
:10FCD000FFF7BCB808EBC31308F101019BB202EBBC
:10FCE000C8084180FFF7F8BA08EBC31308F1010117
:10FCF0009BB202EBC8084180FFF7C4B9012294F817
:10FD00003C302271FFF7C1BB0146384698473AE5BF
:10FD10000146404698477BE5014640469847BBE58B
:10FD200001465846984795E6014658469047039B3A
:10FD300011E60146504698474CE600BFED750200BB
:10FD4000B2F5007F3FF4C4ACE06AD8F8003052004E
:10FD5000B0421FFA82FA00F0F780D84A9B689342BB
:10FD60004FEACA0140F0918139F02EFA8146B9F18B
:10FD7000000F3FF4ADACD24D238EC4F82C90A4F804
:10FD800032A0ADE6E06AD8F800305200B0421FFA67
:10FD900082FA00F08D80C94A9B6893424FEACA01FB
:10FDA00040F07F8139F010FA8146B9F1000FA5D0FB
:10FDB000C34D238EC4F82C90A4F832A0B6E6B2F559
:10FDC000007F3FF440AFE06A3B685200B0421FFA48
:10FDD00082F900F09380B94A9B6893424FEAC901C7
:10FDE00040F0598139F0F0F98046B8F1000F3FF446
:10FDF0002AAFB34D238EC4F82C80A4F83290ABE424
:10FE0000E06A5B00B0421FFA83F8DBF8003000F0D4
:10FE10001A81AA4A9B6893424FEAC80140F0568172
:10FE200039F0D2F98446BCF1000F3FF458ACA44D30
:10FE3000218EC4F82CC0A4F83280CDE6E06A5B00C5
:10FE4000B0421FFA83F8DBF8003000F0B1809B4A23
:10FE50009B6893424FEAC80140F03E8139F0B4F903
:10FE60008446BCF1000F3FF433AC954D218EC4F8AD
:10FE70002CC0A4F83280D3E6E06A5B00B0429FB2A7
:10FE8000DAF8003000F0BA808C4A9B6893424FEA5F
:10FE9000C70140F00C8139F097F98446BCF1000F9E
:10FEA0003FF4D1AE864D228EC4F82CC067866EE634
:10FEB000834D1B68AB424FEACA0140F013810846EC
:10FEC0002DF08EFB8146B9F1000F3FF417AFDFF83C
:10FED000F8E1BEE80F00C9F80000C9F80410C9F83D
:10FEE0000820C9F80C30BEE80F00C9F81000C9F8A6
:10FEF0001410C9F81820C9F81C305AE7704D1B6857
:10FF0000AB424FEAC90140F0018108462DF068FB81
:10FF10008046B8F1000F3FF496AEDFF8ACE1BEE8E2
:10FF20000F00C8F80000C8F80410C8F80820C8F886
:10FF30000C30BEE80F00C8F81000C8F81410C8F85C
:10FF40001820C8F81C3055E75D4D1B68AB424FEADE
:10FF5000CA0140F0D38008462DF042FB8146B9F13A
:10FF6000000F3FF4B5ABDFF860E1BEE80F00C9F861
:10FF70000000C9F80410C9F80820C9F80C30BEE820
:10FF80000F00C9F81000C9F81410C9F81820C9F8F2
:10FF90001C30F1E6B3F5007F7FF4F4AE494901234C
:10FFA0000B22CDE91B1223718DF87430FFF77DBA57
:10FFB000434D1B68AB424FEAC80140F097800846AA
:10FFC0002DF00EFB8446BCF1000F3FF481ABDFF84F
:10FFD000F8E0BEE80F00CCF80000CCF80410CCF834
:10FFE0000820CCF80C30BEE80F00CCF81000CCF89C
:10FFF0001410CCF81820CCF81C3037E7304D1B68B3
:020000023000CC
:10000000AB424FEAC70175D108462DF0E9FA8446A4
:10001000BCF1000F3FF417AEDFF8ACE0BEE80F0014
:10002000CCF80000CCF80410CCF80820CCF80C3048
:10003000BEE80F00CCF81000CCF81410CCF8182053
:10004000CCF81C302FE71E4D1B68AB424FEAC801AD
:1000500058D108462DF0C4FA8446BCF1000F3FF495
:100060003EAB194E0FCECCF80000CCF80410CCF803
:100070000820CCF80C300FCECCF81000CCF81410BF
:10008000CCF81820CCF81C30D2E60A46014640468F
:10009000984781466BE60A460146384698478046AF
:1000A000A3E60A4601464046984781467DE60A4651
:1000B0000146504698478446F0E600BFDD750200D1
:1000C000ED75020070CE0600F06900200A46014678
:1000D000584698478446A6E60A4601465846984739
:1000E0008446BEE6404698478146ECE65846984727
:1000F000844668E750469847844689E740469847D3
:1001000081462CE7584698478446A6E738469847E4
:100110008046FEE61A4B1B780BB90020704710B5DD
:1001200004208AB0F9F740FD90B10024154A164921
:10013000ADF80440234601A88DF8064018F088FB6E
:1001400068B90420F9F74CFD0420F9F72DFD10B92A
:1001500000200AB010BDFEF7E1FD0AB010BD094A4B
:100160000949ADF80440012301A88DF8064018F0B4
:100170006FFB0028E5D001A819F0DAFBE1E700BF2A
:1001800030010120ECDF0600486500202DE9F04336
:10019000BA4BBB4A19689142ADF5317D12D0B94ACC
:1001A0001968914200F0C380B74A1968914200F083
:1001B000D280B64A1968914200F0A3810DF5317DD5
:1001C000BDE8F0839A88542AE9D10420F9F7ECFCC1
:1001D0000024002800F072814FF47A72AC4B059233
:1001E000AC49039307A822460494ADF81C408DF84F
:1001F0001E4018F035FB9DF81C30002B00F0958157
:1002000030A940F2FF1207A818F08AFB054607A89C
:1002100018F0E8F80420F9F7E3FC002D40F3A5817D
:1002200030AB0A265C558DF8096019468DF84440BC
:100230004FF4802312948DF87C40029A964F1097C9
:100240004FF6FF7410A813ADCDE91B53ADF8744001
:10025000ADF87E40FBF75AFFC0B2002840F08B811A
:100260009DF87C30202B40F0AF80BDF87820A24272
:1002700000F08A811B9BD10903EBC10302F07F02CE
:100280005B6813EBC20300F05981DA88834F844E18
:100290004FF6FF74002B00F097801979042900F0C5
:1002A0006281052900F05C81022918BF0023A24267
:1002B00078D01B99D00901EBC00102F07F0C48688F
:1002C0004FEAD21910EBCC02E04609D0117904298B
:1002D00000F04381052900F03C81022918BF00226B
:1002E0004021009220A83A4638F086FF20A839F035
:1002F00076F820A982B2304621F04EFC0A202DF07B
:1003000053F91B9901EBC909D9F8042012EBC80273
:100310005AD0D388A34257D0DA0901EBC20103F0C7
:100320007F024B6813EBC2034ED0DA88B2E71A792A
:100330003A2A7FF439AF5B4B1B7800228DF880207E
:10034000002B7CD1584956480E2221F025FC0DF592
:10035000317DBDE8F0831A793A2A7FF42AAF3D2136
:10036000524839F00CF800230146002800F0EB80D9
:100370004E4801F8013BFEF77DFC002800F0A78005
:100380004A4B4B4A30A8402138F036FF30A839F0AC
:1003900026F830A982B2424821F0FEFB0DF5317DEE
:1003A000BDE8F08300224021009220A83B4A38F0AB
:1003B00023FF20A839F013F820A982B2384821F091
:1003C000EBFB0A202DF0F0F83A493548042221F0E1
:1003D000E3FB1298109F60B1374C3B6802685B6882
:1003E0001292A34242D12DF015F912980028F4D1AF
:1003F000109FBDF87030002B6FD000261B99DFF8DE
:10040000B890B0460CE02DF005F91B99C4F80080B7
:10041000BDF87020C4F804800136B3B29A425DD9A9
:10042000B4B201EBC40460680028EFD03B685B689D
:100430004B45E8D00146384698471B99E6E704202B
:10044000F9F7B2FB00283FF47DAF1848302220A90D
:10045000FBF7F4FE00283FF475AF20AB00930F4A82
:10046000124B30A8402138F0C7FE8FE701463846CE
:10047000984712980028B0D1BAE700BFDC7B002073
:10048000534C495353474554535345545352455382
:10049000B8D90600FCCE0600B460002034CF0600B8
:1004A000DCDF00203001012048CF0600E17B002086
:1004B00068CF060040CF0600E5750200384939488C
:1004C0000C2221F069FB0DF5317DBDE8F083364942
:1004D00034480F2221F060FB70E61B9900224FF692
:1004E000FF73A942ADF87020ADF874303FF466AEEA
:1004F0003B682E4A5B68934222D108462DF08AF869
:100500005CE6998845F2454291427FF457AE9B796B
:10051000002B7FF453AEFFF7FDFD002836D12449B0
:1005200020480F2221F038FB48E60420F9F758FB59
:1005300020491C480C2221F02FFB3FE62246A5E66D
:10054000384698473AE61C4916480C2221F024FB0D
:1005500034E650F83C200832C2E650F83C20BFE6B2
:100560001B680833A3E61B68A1E614490D480A225C
:1005700021F012FB22E612490A48324621F00CFB18
:1005800010A8F7F7B9FC19E603467FE60D490548C0
:10059000092221F001FBC8202DF006F8F6F792FEA3
:1005A000ECCE0600DCDF002070CF0600E57502000F
:1005B0008CCF06000CCF060058CF06001CCF0600DB
:1005C00028CF060080CF0600F0B5B04BDB68D9011C
:1005D00097B003D5AE4B1A68D20710D42EF0F0F9BD
:1005E000AC4BAD4EA0FB0301830A43EA81502CF0D3
:1005F000A5FF33785BB90024204617B0F0BD5868DA
:10060000A54E80092CF09AFF3378002BF3D00025FB
:10061000A24AA349ADF828502B460AA88DF82A50C3
:1006200018F016F9044650B90420F9F7BDFA00286D
:10063000E1D0FEF773FB0446204617B0F0BD3378D7
:100640008DF82850002B60D100238DF828300C2124
:1006500000202CF077FF0B21054600202CF072FFC4
:100660008542D8BF01308F4B8F4A53F8201000913C
:1006700002AF53F825303846202138F0BDFD3378DD
:10068000002B40F042818DF828304FF47A71002021
:100690002CF058FF854A03462021384638F0ACFD3F
:1006A0003378002B00F0B9800420F9F77DFA002898
:1006B00040F02081327800238DF8283052B1042098
:1006C000F9F772FA30B17A480AA93022FBF7B6FD81
:1006D000002891D102AF42F210714FF47A702CF0E1
:1006E00031FF744A03460521384638F085FD3378DA
:1006F000002B81D00420F9F757FA00283FF47CAF93
:1007000039466B48FEF77CF976E70420F9F74CFA96
:10071000002840F09B803378002B95D00420F9F717
:1007200043FA002840F0EB80327800238DF828301F
:10073000002A89D00420F9F737FA002840F0978082
:100740003378002B80D00420F9F72EFA002840F0EF
:10075000CB80327800238DF82830002A3FF474AF24
:100760000420F9F721FA002879D13378002B3FF4DF
:100770006BAF0420F9F718FA002840F0AF80327808
:1007800000238DF82830002A3FF45EAF0420F9F7EB
:100790000BFA002852D13378002B3FF455AF0420D8
:1007A000F9F702FA00286BD1327800238DF828304F
:1007B000002A3FF449AF0420F9F7F6F980B33E4828
:1007C00030220AA9FBF73AFD50B3327800238DF8A6
:1007D0002830002A3FF43BAF0420F9F7E5F9002860
:1007E0003FF435AF354830220AA9FBF727FD002832
:1007F0003FF42DAF327800238DF828305AB1042011
:10080000F9F7D2F938B12E4830220AA9FBF716FDC4
:1008100000287FF44FAF02AF37E78DF828305AE752
:100820003378002B3FF410AF0420F9F7BDF900280E
:10083000CBD024492048FEF7E3F8C6E7224830220F
:100840000AA9FBF7FBFC0028AED1A4E71F48302221
:100850000AA9FBF7F3FC00287FF466AF5BE71C48AE
:1008600030220AA9FBF7EAFC002888D17DE7194865
:1008700030220AA9FBF7E2FC00287FF46AAF5FE7A9
:1008800015491148FEF7BCF832788EE7F0ED00E02C
:10089000001000E040420F0030010120ECDF0600B4
:1008A0004865002094DF060068CE06009CCF060055
:1008B000DCCE060060CE0600E8CC0600D0CE0600F6
:1008C000F8CC060054F806008CCE060070CE060068
:1008D0009CCE0600B8CE060088CE0600104911480E
:1008E000FEF78EF832784BE70F491048FEF788F88C
:1008F00032782FE739460E48FEF782F8DAE60D49DE
:100900000D48FEF77DF832780FE70420F9F74CF92F
:1009100000283FF46FAF39460848FEF771F869E7E1
:1009200088CE06009CCE060084CE0600B8CE060017
:10093000F8CC06007CCE060070CE0600D0CE0600B5
:1009400070B5274D2748284C284E22F031FD284607
:10095000122121F035F800222846112121F048F813
:100960002846F42121F030F8284620F001FD2046E9
:100970000C2121F025F820461122002121F038F821
:100980002046F42121F020F801221949194D204672
:1009900021F034F8204620F0EBFC3046102121F005
:1009A0000FF800223046112121F022F83046F421C0
:1009B00021F00AF8304620F0DBFC2846122120F016
:1009C000FFFF28460022112121F012F8284640217D
:1009D00020F0FAFF2846BDE8704020F0C9BC00BFF7
:1009E00014DF0020C4DF00206CDF0020BCDE00200C
:1009F00001940200DCDF002070B5284E2848294C05
:100A0000294D82B022F0D4FC30460C2120F0D8FFD2
:100A100030461122002120F0EBFF3046402120F02B
:100A2000D3FF01222149304620F0E8FF304620F074
:100A30009FFC2046102120F0C3FF204600221121F8
:100A400020F0D6FF2046602120F0BEFF1849204646
:100A5000012220F0DBFF204620F08AFC0026012244
:100A60000DF1070120468DF8076020F0F1FF2846C0
:100A7000022120F0A5FF32462846112120F0B8FFC0
:100A80002846022120F0A2FF284620F071FC0949E7
:100A90002846022220F0DCFF02B070BD846A0020EC
:100AA000408E0020DC6A0020346B00209D7702001D
:100AB0002173020028E0060070B5274C274D82B054
:100AC00001260A23204600966422F72122F08EFF99
:100AD00000223146204622F09DFF2046042123F0CB
:100AE00057F920461E4921F065FD20461D4921F099
:100AF00063FD00231A46194604F1200022F014F881
:100B000004F12000002122F027F804F1200016490A
:100B100022F0E6F80C220621204621F041FD134880
:100B200023F044FB284612490F2223F0B3FB28464A
:100B30001049112223F0A6FB0F490522284623F075
:100B4000A5FB284623F0E0FBFFF7FAFEFFF754FF72
:100B50000A4B1E7002B070BD843D0120F8DC0020FD
:100B600059780200ED7802001D73020088DC002035
:100B700008CD0600B4CF0600C8CF06007CDC0020FC
:100B800010B50E48F9F7B6FC10B90D48F9F7B2FCEC
:100B90000C4B1B780BB9FFF78FFF0B4B0B48012455
:100BA00021461C7023F042F90848FA2123F042F94B
:100BB000FBF708FD064B1C7010BD00BF00127A0049
:100BC00080841E007CDC002084DC0020843D012029
:100BD00038DC002030B53C4B1B7891B00BB9FFF7E7
:100BE0006BFF3A4B1A78012A3CD0022238481A701F
:100BF00020F0A2FA364820F0AFF9364820F0ACF9E0
:100C0000354821F0ADFC044660BB344B5D7865B3DC
:100C1000334908A807F0C2FC1F28054622D101A8C5
:100C200007F0D8FC2F492C4823F08AF828480121E6
:100C300020F0B0F9A0221146254820F0AFF9244851
:100C4000214620F0B3F92A4608A9214820F074F97A
:100C500001A9054619221F4820F06EF900B165BBB5
:100C6000F8F746F8002011B030BD1948012120F0F6
:100C700091F91C49184823F063F80621144820F024
:100C800043F91949124820F0E3F8114820F0F6F82A
:100C900029460F4820F08AF9F4220D48202120F03F
:100CA0007DF90B481E2120F073F9F8F721F8294649
:100CB000074820F0DBF911B030BDF8F719F82146EC
:100CC000034820F0D3F9CEE77CDC002084DC002050
:100CD000C443012000440120843D012068BF00205E
:100CE000D8690020D0CF0600408E002010B5013812
:100CF00084B0052814D8DFE800F02C2C243003152C
:100D0000224B1B7863B1224B1B784BB12CF040FC7B
:100D1000204B00F6AC5018602CF03AFC1E4B1860CB
:100D200004B010BD194B1B785BB11C4A13884FF6F9
:100D3000FF719BB28B4204D01188194889B223F00D
:100D4000BDF8184B1B78022BEAD1174820F0F4F9B4
:100D5000E6E7FFF73FFF04B010BD144C01A822786E
:100D6000092107F049FC2378023323700028D7D0EB
:100D7000064B1B78002BD3D0054B1B78002BCFD014
:100D800082B201A90A4820F007FFC9E7E269002002
:100D9000DF6900202C6A00208C6B0020C4600020DA
:100DA000843D012084DC0020C44301200AAF0020E0
:100DB000DC6A00202DE9F04F5F4B604F1D78BE7854
:100DC00089B0002D39D15E4C0DF10C0B5D495E48A8
:100DD000DFF8B4E15D4B00220A704A705C49027092
:100DE0000A705C485C4902700A705C485C49027099
:100DF0000A705C485C498EF800201A700A70CBE9D2
:100E00000122CBE90322039202702CF0C1FB0146C0
:100E1000227803914FF00108594648488DF8142074
:100E20008DF81C8006F0B6F8FFF760FF16B10DB91B
:100E300087F8028009B0BDE8F08F414C0346FEB14F
:100E4000227802F0FF05002A58D10BB12378CBB9E4
:100E50000DF10C0B227832B144490A884FF6FF702D
:100E600092B2824255D1DFF8248198F80020022AFC
:100E7000ACD13F4820F060F9002288F80020A5E7B7
:100E80003546E2E73B4A137803F0FF0A002BDFD038
:100E90002378002B4CD0137803F0FF05002B47D0AC
:100EA0002CF076FBDFF8E88000F6AC590DF10C0B66
:100EB00006E0314B314AC3F800261E202CF074FBAB
:100EC0002CF066FB0346A3EB0903002B4FF009014E
:100ED00058462FDA2378002BBCD098F8002007F072
:100EE000A5FB98F80030023388F800300028E0D0E5
:100EF00082B25946224820F04FFEDAE71D4A1278A6
:100F000002F0FF05002AA0D00190F6F773FB019BC9
:100F10009BE709881B48DFF8748089B222F0CEFF76
:100F20000022227098F80020022A7FF44FAFA0E739
:100F30000DF10C0B55468DE77CDC002068BF0020CE
:100F4000E269002098BF0020D97B0020358C00206A
:100F5000928E0020806A0020C07B0020588E0020E6
:100F6000CA7B0020CD7B0020B47B0020C460002021
:100F7000C4430120DF690020000001403546526E65
:100F8000DC6A0020843D0120DA7B002084DC002024
:100F90000AAF002010B50A4C23782BB1094B1B78FF
:100FA00013B1094B1B783BB90020084B2070BDE8FA
:100FB00010401870FFF7FEBEF6F71CFBF4E700BF09
:100FC000588E0020E2690020DF690020C07B0020ED
:100FD0002DE9F04F9C4E3378ABB023B19B4C237876
:100FE000002B00F01C819A4FDFF8CC823D7818F876
:100FF0000530002B66D0DFF8C4A212AC04E03D78C7
:1010000018F80530002B5DD01AF80590914BB9F116
:10101000200F28BF4FF0200903EB45114A46204618
:1010200037F0CCF9002285F001034946204608F844
:1010300005203B7007F098FD00286BD149466A46B1
:10104000204607F06DFD01280546D8D1824B1B785C
:10105000062BD4D104A968460DF1080907F096FAC9
:10106000494604A807F00AFA0DF1180B0346594641
:101070004846002BC3D007F089FA784B1B78042030
:10108000002BBCD0F8F790FD034659467448002B5E
:10109000B5D0FDF7B5FC734A734BDFF800C20028EA
:1010A000ADD099E80300106091809BE803008CF8B4
:1010B00000503D7818600A0C99809A7118F8053034
:1010C000002BA1D1694C2368002B40F083802CF0C9
:1010D0005FFA674A1368C31A002B0DDB654B1B7858
:1010E0006430106043B1337833B1584B1B781BB177
:1010F0002268002A00F0E4805F4B1B788BB15F4BC5
:101100001B7823B15E4B1B78022B00F021812BB0A2
:10111000BDE8F08F5B4B18702CF03AFA5A4B186010
:101120008CE712ACC4E90133C4E9033312932CF009
:101130002FFA564B12901968337832788DF8503068
:10114000139102F0FF0312B1404B1B78DBB24D4DFF
:101150008DF851302B786BB12CF01AFA4A4B1A6883
:1011600040F6B833801A984204D82B78022B18BF67
:10117000012300E00023464A464E474D8DF8523089
:10118000002317781370327844488DF85420214694
:10119000434A2C788DF855402F4C2B7005780370FE
:1011A00010788DF856508DF857002578337020460A
:1011B00013708DF8537005F0EDFEFFF797FD042DC9
:1011C000A5D12378052BA2D1002FA0D1354B012228
:1011D0001A709CE72CF0DCF93378EBB12368C31A62
:1011E000002B19DA30490B68C31A002BFFF66FAFDA
:1011F0002E4D1E3008602A7812A8092107F016FA31
:101200002B7802332B7000283FF461AF82B212A911
:10121000274820F0C1FC5AE70023236057E72CF051
:10122000B7F9244A1368C31A002BFFF6DCAE00F1AD
:10123000FA031F48136020F047FC00283FF4D3AEA8
:1012400001232370CFE600BFE2690020DF690020A0
:10125000D6690020C8AE002068BF00203001012000
:10126000E8CC0600D8690020246A00202C6A0020FF
:10127000BC7B00207CDC0020C07B0020CA7B0020DF
:1012800084DC0020B47B00203C8E0020380101204B
:10129000DA7B0020358C0020D97B0020928E002044
:1012A000806A0020CD7B00208C6B00200AAF0020DC
:1012B000DC6A0020306A002098BF002008AF0020C0
:1012C000304C314B608DA18D0892A3FB00530992E5
:1012D0005B09642202FB130349BA94F82E008DF8CF
:1012E0002030D4E90089D4E90223ADF81E1094F827
:1012F00028108DF818108DF8190094F82F1094F814
:1013000030008DF81A108DF81B00618E6069ADF801
:101310001C10CDE90C23CDE90A8936F0EBF8024622
:101320000B46E069CDE90E2336F0E4F806AA044640
:101330000D4612A86021CDE9104507F091F900286B
:101340003FF4DAAE82B212A9104820F025FCD3E6B1
:101350003378002B7FF4DBAE0D481FF023FE00280E
:101360007FF4D5AE0B4C2CF013F92368C01AB0F5FE
:101370007A7FFFF4CCAE2CF00BF92060FFF72AFC4B
:10138000C5E600BF38E000201F85EB51DC6A002075
:10139000C4430120247C0020F8B5A64C23685F1CC0
:1013A00046D09E1D14D013F10A0F7CD01D1D5CD0B9
:1013B000581D00F01582D91C00F0BE8013F1090FF2
:1013C00000F093819A1C00F0E3815A2B1DD0F8BDE8
:1013D000994B1D6815B3012D00F09581974B1B7833
:1013E000012B40F25D81964D96493F22284638F008
:1013F00010F8954A1368002003F59C5308336421C4
:1014000085F83F0013602160F8BD8B4B1B68002BF3
:1014100066D08E4B01221A70F7F7AEFB8A4A13682A
:1014200003F59C5308334FF0FF3113602160F8BD82
:10143000814B1B68002B45D0012B00F0A880022BAC
:1014400000F09B807D4B5A782AB91B78012B02D87B
:101450007F4B01221A707C4A136803F59C530833B2
:101460006FF0050113602160F8BD734B1868002808
:1014700000F07D814FF08043D3F8385415F001051A
:1014800040F0AC806E4B734918463F2237F0C1FFE5
:101490006D4A80F83F50136803F59C53083364216C
:1014A00013602160F8BD644B1B6813BB6A4B1B784B
:1014B000002B40F08580644A136803F59C53083381
:1014C0001360F8BD654A6649012313700B702CF058
:1014D0005FF8644B644A1B681060002B00F0448185
:1014E000594A136803F59C530833052113602160A2
:1014F000F8BD5A1E012A00F29180012B564B1B7831
:1015000000F04E81002B00F00D81584B1A78002A14
:1015100000F00981564A1278002A00F004812CF06C
:1015200037F8544B00F6AC5018602CF031F8524BA1
:10153000454A18601368C0E7504B1B68002B3FF406
:101540006DAF3D4B4E491B684E4A03EB430001EB28
:1015500000101360F8F79EFA0546002800F03D8160
:10156000394A4948136803F59C53083301256FF045
:101570000701136005702160F8BD334A136803F555
:101580009C5308336FF0030113602160F8BDF8F736
:1015900053FA3E4B394A1B7800211160002B00F0B2
:1015A000F480F6F709FA002800F0EF80264A136865
:1015B00003F59C5308336FF0020113602160F8BDFE
:1015C000334B01221A70FFF705FB324B1B78002BBF
:1015D0003FF471AF30481FF0E5FC6CE71A4E002075
:1015E000FFF7E8FB336841F288373B446FF00402B1
:1015F00033602260F9F744FA054600287FF4E7AE2D
:101600000F4B264918463F2237F003FF326880F817
:101610003F50D319642233602260F8BDFFF7BAFC53
:10162000094A13686FF0050103F59C5308332160E4
:1016300043E700BF18610020A8FA002068BF00201F
:101640002861002004D00600F8DD0020DA7B0020AD
:10165000358C002088D00600C07B002084DE00206E
:1016600021FD002060DD002024FD0020E269002033
:10167000DF6900202C6A00208C6B00201CFD0020FC
:1016800060FD002070610020200101203001012058
:10169000CA7B00207CDC0020C4430120A4D00600CB
:1016A000504B1B78002B3FF49EAE0420F8F77CFAD9
:1016B00000283FF498AE4C494C48FDF7A1F90028AA
:1016C0003FF491AE4A494B4A0B684B4E4B4803F5E9
:1016D0009C5308330B600023012533704FF0FF311A
:1016E0001360938005702160F8BD454B1B68002B8B
:1016F00064D13F4A136803F59C5308336FF0070128
:1017000013602160F8BD0020FFF754FB384A3D49C3
:1017100013680D7003F59C5308336FF009011360D3
:101720002160F8BD384B1A78002A50D0374A127819
:10173000002A46D01B78002B43D0354B1B78002B5A
:101740003FD0344934483F2237F063FE324B002209
:1017500083F83F20FFF71EFC254A1368642103F538
:101760009C5308332160A8E6F6F742F8B8E6FFF785
:1017700021FBFFF705FA1E4A136803F59C53083353
:101780006FF0010113602160F8BD234D23492CE661
:10179000234B1B78002B3FF441AEF8F7F3FE3DE6F8
:1017A000002BBFD0F5F726FF0028BBD01D48104AFC
:1017B0000178136881F0010101707EE6F8F73CF9C9
:1017C0002CE6194914483F2237F023FEBEE717499B
:1017D00011483F2237F01DFEB8E70F4B144953E67E
:1017E000F9F7A2F93001012054F80600E8CC060010
:1017F000F8DD0020D8690020246A0020806A0020DB
:10180000A8FA0020C07B0020E26900207CDC0020D8
:10181000DF69002068D0060028610020E4CF0600C0
:1018200038DC0020588E002044D0060024D006006A
:10183000C4D0060010B52BF0ABFE0446074824F0D8
:10184000EBFD2BF0A5FE001B642800D810BD044B57
:101850000022BDE810401A70F7F786BAA0DD00201C
:10186000D87B002000000000F0B5974C9BB0F7F744
:101870002BFC2378002B00F0BB8094499448954DB5
:101880002AF066FE944B924819780A222BF0CAF887
:1018900092498F482AF05CFE914B8D4819780A22B4
:1018A0002BF0C0F88F498A482AF052FE95F828306C
:1018B000002B40F093808C4985482AF0D9FE2BF00C
:1018C00067FE0146894806F087F90446002840F083
:1018D000DE8095F82830002B00F0B88084497C48E1
:1018E0002AF036FE2BF054FE824B0146A3FB013159
:1018F000890977480A222BF07DF87F4974482AF03D
:10190000B7FE7E4972487E4C2AF0B2FE2BF040FEB4
:101910007C4B22681B68801A984200F29C807A4CAB
:101920007A496B482AF014FE206835F0E3FD5EA387
:10193000D3E9002335F07EFC5DA3D3E9002335F025
:1019400031FE36F0DFF86428A8BF64200A2220EABE
:10195000E0715F482BF002F96D495D482AF0F8FD0F
:10196000206835F0C7FD41EC100B022158482AF0E1
:101970004FFE0127674956482AF07AFE54480097DF
:1019800080233F22002123F049FA634B63481978F2
:1019900002AC1023CDE9004380221C2307F0BCF9E0
:1019A000002817DD00EB4000494E04EB4005B4F978
:1019B0000430C3F13F02002B12B2304607DDCDE9FF
:1019C0000037B4F90230B4F9001023F055FA0634A8
:1019D000AC42ECD1FFF72EFF1BB0F0BDA86935F08B
:1019E00089FD41EC100B012139482AF001FF66E71F
:1019F0004B4937482AF03CFE237843B9494B1B78C2
:101A0000022B04D9484932482AF032FE03E0474904
:101A10002F482AF02DFE46492D482AF029FE454937
:101A20002B482AF095FD2BF0B3FD324B0146A3FB6A
:101A300001310A22890926482AF0DCFF2E49244870
:101A40002AF016FEFFF7F6FE1BB0F0BD3A4920481B
:101A50002AF07EFD46E72BF09BFD03462020236005
:101A60002FF046F835F024FD13A3D3E9002335F019
:101A700099FD36F08FF835F03DFD11A3D3E9002331
:101A800035F090FD36F086F81F4C206048E72B4972
:101A90000F482AF05DFD21460A220D482AF0CAFFB0
:101AA0002FE700BFAFF300806666666666660A4091
:101AB000721CC7711CC75B40CDCCCCCCCCCC4C3F8E
:101AC000FED478E92631084084E000203CD10600AD
:101AD000A0DD002038E0002099E000200CCA0600BC
:101AE00098E0002044D106004CD106009CE0002084
:101AF00064D10600D34D6210B4CC060084D1060038
:101B000060F00020CC60002064F0002094D106003A
:101B10009CD10600A0D1060086E0002088E00020CD
:101B2000ECD00600348C002000D1060010D1060055
:101B300020D1060034D1060078D1060050D106002D
:101B40002DE9F84F264F274E274DDFF8ACA0DFF8E0
:101B5000AC80F7F7B9FAD7F800903046022109F1C6
:101B6000FF3423F0B9FE84F3010404F1030B05EB09
:101B700084053B68A3424146304618D02AF016FD42
:101B8000013455F8041B30462AF0E2FDA345F0D19C
:101B90001448012123F0A0FEB9F1010F13DD134910
:101BA00010482AF0D5FCBDE8F84FFFF743BE514678
:101BB0002AF0FCFC013455F8041B30462AF0C8FD1D
:101BC0005C45D6D1E4E70A4906482AF0C1FC094938
:101BD00004482AF0BDFCBDE8F84FFFF72BBE00BF5C
:101BE000A8FA0020A0DD0020FCDF0600A8D1060036
:101BF000D0D40600ACD10600A4D10600DCD4060087
:101C000008B5F7F761FA2748012123F065FE264958
:101C100024482AF02DFD23482AF07AFD214802218C
:101C200023F05AFE214B1B78002B31D020491D4850
:101C30002AF01EFD1B48012123F04EFE19482AF010
:101C400067FD1C4B1B7843B31B4916482AF080FCE8
:101C50001A4A1B4B126819681248642303FB02F3EB
:101C60000A22B3FBF1F12AF0C5FE16490D482AF00D
:101C7000FFFC0C482AF04CFD0A48012123F02CFE01
:101C8000114908482AF0F4FCBDE80840FFF7D2BD2E
:101C90000E4904482AF0ECFCCCE702482AF038FD53
:101CA000E7E700BFA0DD0020B4D1060040DC002043
:101CB000CCD1060085DC0020E4D106003CDC00200D
:101CC00078DC0020F0D10600F4D10600D8D106005F
:101CD000F0B5494C83B0F7F7F7F96378474801212D
:101CE000002B47D023F0F8FD454944482AF0C0FCBA
:101CF000637800228DF80020002B6BD0414B1A78BE
:101D00006F46002A68D140493C48404E404D414C06
:101D10002AF01EFC394639482AF01AFD37480221BC
:101D200023F0DAFD3168354800290CBF29462146E9
:101D30002AF03CFC384931482AF09AFC31682F4897
:101D400001290CBF294621462AF030FC33492B4893
:101D50002AF08EFC3168294802290CBF2946214609
:101D60002AF024FC2E4925482AF082FCFFF762FD68
:101D700003B0F0BD23F0B0FD2A4920482AF078FCDA
:101D80001E482AF0C5FC2378062B0BD1264B1B7866
:101D900043B3264919482AF06BFC254917482AF015
:101DA00067FC06E0234915482AF062FC13482AF034
:101DB000AFFC12482AF0ACFC10482AF0A9FC0F48EE
:101DC0002AF0A6FC1C490D482AF052FCFFF732FD10
:101DD00003B0F0BD6F4696E7184A3846072137F042
:101DE0000BFA90E7164905482AF042FC15490348CA
:101DF0002AF03EFCDDE700BF68BF0020A0DD002028
:101E0000FCD10600246A00200CD20600A8FA0020AB
:101E1000A4D10600DCD4060018D2060020D20600A9
:101E200028D2060030D20600E269002044D2060023
:101E300050D2060080D2060090D2060060CB060089
:101E400064D2060074D206002DE9F843F7F73CF996
:101E50004F4C5048012123F03FFD4F494D482AF097
:101E600077FB2378002B78D14C494A482AF000FCB4
:101E70004B4D4C4947482AF06BFB2B78002B66D022
:101E8000494C2378002B3BD1484942482AF060FB5B
:101E9000474940482AF05CFB2378002B50D13F494A
:101EA0003C482AF055FB43493A482AF051FB237835
:101EB0000BB12B787BBB394936482AF0D9FB3E4E13
:101EC000DFF82481DFF82491324D3C4F0024D8F80C
:101ED0000030A342394628460DD02AF039FB0134A0
:101EE00056F8041B28462AF033FC042CEFD1BDE839
:101EF000F843FFF79FBC494601342AF029FBEFE77E
:101F00002B78002BC0D02E4B28491A782D4B002A55
:101F100018BF1946B9E72A4B1B78002BCBD02A4BA8
:101F20001B68002BC7D1294B294A93F82810294B4D
:101F30001848002914BF114619462AF099FBBEE73C
:101F400025481FF02FF80028A9D01849A8E7134901
:101F50001048154C2AF0FCFA9AE7204E2BF018FB9B
:101F6000336840F6B835C01AA8423FF67DAF2378F3
:101F7000022B04D01A4907482AF07AFB78E72BF0A5
:101F800007FB3368C01AA842F4D81649F3E700BF2C
:101F9000B47B0020A0DD0020BCD206004CD106009E
:101FA000E2690020D0D206007CDC0020ACD2060022
:101FB000D4D20600DCD2060018E00600DCD406000D
:101FC000DF690020B0D206002C6A002038E0002033
:101FD000B4D20600A0D10600C44301203C8E0020EC
:101FE000A4D20600A8D20600A8FA0020A4D10600B8
:101FF000F8B52A4D2A4CF7F767F82846012123F057
:102000006BFC284928462AF033FB2846022123F09E
:1020100063FC4FF010132B612F46A61D14F8011B13
:1020200038462AF0F1FAA642F8D11F4C2368052B56
:1020300027DD1A48012123F04FFC23681B4A1C4965
:1020400016482A61062B04BF4FF480336B612AF0D7
:102050007FFA4FF00113174910486B612AF078FAA4
:10206000236815490D48072B04BF4FF480336B617B
:102070002AF06EFA4FF001136B61BDE8F840FFF7EC
:10208000D9BB03EB43039B00103322220B490348C7
:102090002B826A822AF05CFACBE700BFA0DD002029
:1020A00004610020E0D206005CDD00201C00380046
:1020B000F4D20600DCD40600FCD20600A8D106004B
:1020C0002DE9F04FDFF8A0B2DFF8A0A289B0F6F753
:1020D000FBFF9B499B482AF03BFADBF8001099482C
:1020E0000A2201312AF03AFD974996482AF030FA3F
:1020F000DAF8001093480A222AF030FC91482AF0BE
:1021000007FB9048012123F0E7FBDAF80050002D8F
:1021100000F0E180022D4ADC002D43DD8B4CDFF81E
:102120003492884D002703AE13E02AF011FA1322EF
:10213000A118304637F06DF9314628468DF81F80DA
:102140002AF006FBDAF800300137BB4204F1300414
:1021500028DDDBF80030BB424946284608BF7C49F1
:102160002AF0F6F9204637F03AF9132203462146C1
:10217000304601934FF0000837F04BF931462846BE
:102180008DF81F802AF0E4FA019B132B494628465C
:10219000CBD82AF0BDFADAF800300137BB4204F19F
:1021A0003004D6DCFFF746FB09B0BDE8F08FDBF862
:1021B0000040013DA54200F0C08004F10108002C60
:1021C00040F0A480DFF8A881A8F1300761495D489C
:1021D0002AF0BEF9404637F002F903AE81461322D9
:1021E0004146304637F015F94FF0000A55488DF852
:1021F0001FA031462AF0ACFAB9F1130F40F29980D2
:10220000544950482AF0A4F908F11301132230462A
:1022100037F0FFF84B488DF81FA031462AF098FAA6
:1022200004EB44044A49474807EB04142AF090F9A8
:10223000204637F0D4F8214680461322304637F046
:10224000E8F84FF000093F488DF81F9031462AF01A
:102250007FFAB8F1130F68D93E493A482AF078F965
:1022600004F113011322304637F0D3F835488DF8C6
:102270001F9031462AF06CFA364932482AF068F944
:1022800005EB450307EB0315284637F0A8F8294668
:1022900004461322304637F0BCF8002729488DF851
:1022A0001F7031462AF054FA132C36D92949254893
:1022B0002AF04EF9132205F11301304637F0A9F840
:1022C000314620488DF81F702AF042FAFFF7B2FA23
:1022D00009B0BDE8F08F1B482AF01AFA1E491948C8
:1022E0002AF0C6F91D4917482AF0C2F915482AF004
:1022F0000FFA1B4913482AF0BBF91A4911482AF072
:10230000B7F9FFF797FA09B0BDE8F08F0F4F08EB68
:10231000480807EB0818651E58E70A482AF0F8F93C
:10232000FFF788FA09B0BDE8F08F06482AF0F0F907
:10233000A2E704482AF0ECF972E7044FB846EAE74E
:1023400008D30600A0DD00200CCA060060FD0020B6
:10235000A4D10600DCD406001CD306002CD3060052
:1023600034D3060044D30600A8FA00201CFD002048
:1023700090FD002070B584B0F6F7A6FE3C483D4CB9
:10238000012123F0A9FA3C4939482AF071F93B4967
:1023900037482AF0DDF8216835480A222AF0DEFAAB
:1023A0002068002833DD364901280C685DD00223FF
:1023B000012551F8042F944288BF14461A4688BF5D
:1023C0001D46904203F10103F3DC2E4928482E4EAE
:1023D0002AF0BEF810236A462046002106F0EEFBE4
:1023E000694623482AF0E2F8284921482AF0B0F843
:1023F0000A2229461E482AF0B1FB25491C482AF02A
:1024000037F93268234B9A4201D03378D3B9224945
:1024100017482AF09DF8214915482AF099F92049D2
:1024200013482AF095F81F4911482AF091F91048ED
:102430002AF06EF91C490E482AF01AF9FFF7FAF94A
:1024400004B070BD19490A482AF082F830460A22C1
:10245000002137F015FF10236A46002106F0AEFB7D
:10246000694603482AF074F9D1E70546ADE700BF95
:10247000A0DD00205CF0002050D3060064D30600ED
:10248000BCE000206CD3060064DE002074D306009C
:1024900078D306004E2F410088D3060044DE00208A
:1024A00094D306000CDE0020A0D3060080D30600E3
:1024B00070B5F6F709FE1948194E1A4D1A4C01214C
:1024C00023F00AFA194915482AF0D2F813482AF0DD
:1024D0001FF91248022123F0FFF915490F482AF08D
:1024E000C7F831680D4800290CBF294621462AF05B
:1024F0005DF8104909482AF0BBF8316807480129FE
:102500000CBF294621462AF051F80B4903482AF00E
:10251000AFF8BDE87040FFF78DB900BFA0DD002027
:10252000A8FA0020A4D10600DCD40600B8D3060027
:1025300054F8060018D20600C8D3060038B5494D35
:10254000F6F7C2FD484949482AF092F82868002861
:1025500000F0858012F056FB002858D1286812F050
:102560003BFB002853D015F0EFF80446286858B11B
:1025700012F048FB002857D1286812F02DFB0028E4
:1025800052D015F0BDF80444002C384D0FDD384909
:1025900028462AF06DF8632CD4BF03210221284677
:1025A00023F09AF9314821460A222AF0D7FA314B12
:1025B0002B612E48072123F08FF92F4B1B781BB17D
:1025C0002E4B93F828303BB92D4928482AF050F873
:1025D000BDE83840FFF72EB92A4BD3ED007AF5EE6F
:1025E000C07AF1EE10FA17EE900A2CDB34F082FF7D
:1025F000254B002234F020FE35F084FA01461B48BA
:102600000A222AF0D1F9BDE83840FFF713B928684B
:1026100028B312F0F7FA00B3286812F0EFFAE0B12D
:1026200015F0C6FD0446A1E728680028ACD012F0DA
:10263000E9FA0028A8D0286812F0E0FA0028A3D010
:1026400015F0AEFD9FE734F055FF0F4B002234F03C
:10265000F1FD35F057FA0146D1E7002486E7034D36
:10266000A5E700BF60DD0020D0D30600A0DD00207C
:10267000D8D306002800050084E0002038E00020C0
:102680004CD10600B0E000200000E03F38B5934C8C
:102690002DED028BF6F718FD9149924829F0E8FFDD
:1026A0002068002800F08A8012F0ACFA002840F080
:1026B000A780206812F090FA002800F0A18015F0A1
:1026C00043F805462068002800F0AD8012F09AFA21
:1026D000002840F0B080206812F07EFA002800F058
:1026E000AA8015F033F8B0EE408AF6F705FA002D0F
:1026F000044665DDFFEE007AB4EEE78AF1EE10FAEB
:1027000029D4784D4FF001136B61002C3ED102218A
:10271000744823F0E1F8734829F0FAFF7148032167
:1027200023F0DAF870496F4829F012FF6D4829F05C
:10273000EFFF6C48012123F0CFF8FFEE007AB4EEF2
:10274000E78AF1EE10FA00F18780BDEC028BBDE85C
:102750003840FFF76FB8654B624D1A786449002A1C
:1027600000F091804FF480326A61284600221A708E
:1027700029F0EEFE4FF001136B615D49284629F008
:1027800077FF4FF001136B61002CC0D04FF4A813FA
:1027900054482B61042123F09FF8B5EEC08AF1EE76
:1027A00010FA00F3948018EE100A34F0A3FE41EC06
:1027B000100B02214B4829F02BFFB7E7F6F79CF9E5
:1027C000484C4FF0011363612046022123F084F846
:1027D000204629F09DFF2046032123F07DF8424941
:1027E000204629F0B5FE204629F092FF204601211F
:1027F00023F072F8BDEC028BBDE83840FFF71AB841
:1028000020680028DAD012F0FDF9002864D0206892
:1028100012F0F4F900285FD015F0CAFC05462068D4
:1028200000287FF453AFF6F767F9002D0446C7DDA3
:102830009FED308A65E720680028F4D012F0E2F9B5
:102840000028F0D0206812F0D9F90028EBD015F05C
:10285000C9FCB0EE408A48E7244B1B781BB34FF409
:1028600080336B6122491F4829F072FE4FF001133B
:102870006B611F491B4829F0FBFEBDEC028BBDE8D4
:102880003840FEF7D7BF4FF001126A612846012297
:102890001A7029F05DFE4FF4803315496B612846AC
:1028A00029F0E6FE2EE74FF001136B6110490D4849
:1028B00029F04EFE4FF480336B610D49094829F031
:1028C000D7FEBDEC028BBDE83840FEF7B3BF0A4926
:1028D000044829F03DFE66E70025F3E660DD0020B0
:1028E000E0D30600A0DD002004D4060020FD002077
:1028F000F4D306000000000000D40600F0B585B057
:10290000F6F7E2FB614C6249624829F0B1FE624988
:10291000604829F01DFE206800283BD012F072F9B3
:1029200000286AD1206812F057F9002865D014F009
:10293000E7FE0546206800282CD012F063F9002835
:102940006BD1206812F048F9002866D014F0FCFE24
:1029500006462068002870D012F054F900287FD174
:10296000206812F039F900287AD014F0E5FE074605
:102970002068002862D012F045F9002860D1206854
:1029800012F02AF900285BD014F0DCFE04460DB1E9
:10299000002E0FDC40493F4829F0DAFD3D48032175
:1029A00022F09AFF3D493B4829F000FEFEF742FF26
:1029B00005B0F0BD3748032122F08EFF10236A4690
:1029C0003846022106F0FAF86946324829F0EEFD51
:1029D0003048022122F080FF31492E4829F0B8FD0D
:1029E00030492C4829F0B4FD21460A2229482AF012
:1029F000B5F8FEF71FFF05B0F0BD20680028C9D06C
:102A000012F000F900283BD0206812F0F7F80028F7
:102A100036D015F0C5FB05468CE720680028B9D0F4
:102A200012F0F0F850B3206812F0E8F830B315F067
:102A3000BFFB0646206800288ED100270024A6E7A9
:102A400020680028FAD012F0DDF8E8B1206812F012
:102A5000D5F8044600289AD015F0C2FB044696E744
:102A600020680028E9D012F0CDF858B1206812F0A3
:102A7000C5F838B115F0B2FB074679E7002668E7DC
:102A8000002557E7002773E7044680E760DD002054
:102A90000CD40600A0DD002064F8060004D4060073
:102AA0001CD4060020D4060038B5314C314DF6F761
:102AB0000BFB22682F4842F20F739A42CCBF2E497B
:102AC0002E4929F0D5FD2E4B2B612846042122F0FA
:102AD00003FF226842F20F739A422EDD2368B3F59A
:102AE0007A7F32DB2368632B36DD2368092B3ADDDE
:102AF0000A2221681F4829F031FF1E48012122F0D7
:102B0000EBFE204B1B784FF45C122A613BB11E494F
:102B1000184829F01DFDBDE83840FEF78BBE1B4963
:102B2000144829F015FD1A4B124819680A222AF098
:102B300015F8BDE83840FEF77DBE1649284629F055
:102B400007FD2368B3F57A7FCCDA1249094829F0EA
:102B5000FFFC2368632BC8DC0E49064829F0F8FC0B
:102B60002368092BC4DC0B49024829F0F1FCBFE7BC
:102B700038010120A0DD002028D4060040D4060042
:102B80000500140085E0002050D4060068D406003B
:102B900080010120D0D40600F0B57B4C85B0F6F75B
:102BA00093FA2068002855D012F02CF8054600282A
:102BB00050D1206812F010F800284BD014F020FEFD
:102BC000002847D07149724829F052FD206888B327
:102BD00012F018F8002840F0A680206811F0FCFFE1
:102BE000002800F0A08014F08BFD0546206808B393
:102BF00012F008F8002840F0A880206811F0ECFFDF
:102C0000002800F0A28014F09FFD0746266876B1E8
:102C1000304611F0F7FF002840F0A780206811F03F
:102C2000DBFF002800F0A98014F0D4FD06460DB1AA
:102C3000002F23DC5749564829F08AFC54480321C9
:102C400022F04AFE5449524829F0B0FCFEF7F2FD4A
:102C500005B0F0BD4D494E4829F00AFD4D494C489C
:102C600029F076FC4A48022122F036FE4B494848BA
:102C700029F0FEFCFEF7DEFD05B0F0BD444D4FF43B
:102C80007023284602212B6122F026FE6A4610237B
:102C90003046022105F092FF6946284629F086FC5D
:102CA0004FF40C132B612846012122F015FE3C49FC
:102CB000284629F0DDFC4FF44813284602212B61F9
:102CC00022F00AFE3749284629F042FC20680028F5
:102CD000BCD011F097FF0028B8D1206811F07CFF1C
:102CE00004460028B2D014F085FD0A220146284689
:102CF00029F034FF2B49284629F02AFC204614F0FD
:102D00007BFD0A220146284629F028FF254928464E
:102D100029F01EFC204614F071FD0A2201462846C7
:102D200029F01CFF92E72068002883D011F06AFF89
:102D300000283FF45BAF206811F060FF00283FF4EB
:102D400055AF15F02DFA054650E7206800283FF4EE
:102D500071AF11F057FF50B1206811F04FFF0746D7
:102D600068B115F025FA074650E700265FE72668A8
:102D7000002E3FF45FAF07464AE7064657E726684E
:102D8000002E7FF445AF55E760DD002074D40600C7
:102D9000A0DD00201CD4060004D4060088D4060060
:102DA00094D40600DCD406002DE9F04784B0F6F791
:102DB0008BF94B4B1B7813B14A4B00221A60DFF89A
:102DC0004481494DD8F80040204634F081FB42A3AD
:102DD000D3E9002334F0E6FB41EC100B32F034FB76
:102DE00051EC100B34F08EFE002C286056DD3D4C6B
:102DF0003E483F49DFF81091DFF810A1064629F060
:102E0000A7FB21680A220131304629F0A7FE394983
:102E1000304629F09DFB0A222968304629F09EFEA3
:102E20003549304629F024FC0221304622F054FD79
:102E3000246804EB4404E71C631C9F42B4BF0127D1
:102E400003272744D8F80030A34204F101051DDD13
:102E5000092D3BDD0A222946304629F07FFE01215B
:102E6000304622F039FD4946304629F071FB0221F7
:102E7000304622F031FD5AF82400012110236A4621
:102E800005F09CFE6946304629F062FCBD422C46A6
:102E9000D8D1FEF7CFFC04B0BDE8F087174913483E
:102EA00029F0E6FB0221114822F016FD0F4829F017
:102EB0002FFC0E48032122F00FFD11490B4829F089
:102EC00047FBFEF7B7FC04B0BDE8F0874946304643
:102ED00029F03EFBBEE700BF555555555555D53F2A
:102EE00028FD002068DD002068610020A0DD0020B2
:102EF000A8D406000CCA060064F80600BCD406007C
:102F000004D406005CF00020D0D40600BCE0002011
:102F100038B5174D174CF6F7D7F82B78002283F009
:102F20000103204602212B70226122F0D5FC2B7870
:102F300013B14FF4803363610F490E4829F098FBB9
:102F40004FF0011301210B486361E17622F0C4FCCC
:102F50000A49084829F08CFB0949064829F088FBF2
:102F60000849044829F0F4FBBDE83840FEF762BC8C
:102F700010FD0020A0DD0020D4D40600E0D406001F
:102F800054F806002861002038B52E4D2E4CF6F777
:102F90009BF82B78002283F0010320460221226156
:102FA0002B7022F099FC2B7813B14FF480336361BE
:102FB0002649254829F05CFB4FF00113012163618C
:102FC0002148E17622F088FC214B1B7823B321496C
:102FD0001D4829F04DFB2AF0DBFA01461E4805F09A
:102FE00019FF0446E8B11D49174829F041FB1C4967
:102FF000154829F0ADFA21460A22134829F0FAFCB7
:103000001849114829F034FB17490F4829F030FBC3
:10301000BDE83840FEF70EBC14490B4829F028FBE8
:10302000D9E71349084829F023FB1249064829F03B
:103030001FFB1149044829F01BFBBDE83840FEF78F
:10304000F9BB00BF10FD0020A0DD0020F8D4060071
:103050002301012004D506002401012054F80600B4
:1030600034D5060054EF060044D506001CD50600F2
:1030700058D506006CD506007CD50600000000007F
:10308000F0B58BB0F6F720F820202DF031FD34F0AC
:103090000FFA43A3D3E9002334F084FA34F07AFD25
:1030A00034F028FA40A3D3E9002334F07BFA34F05B
:1030B00071FD34F01FFA344C06460F4620460121BC
:1030C00022F00AFC314B32492361204629F040FAB4
:1030D0002046032122F000FC27A3D3E90023304639
:1030E000394634F0A7F826A3D3E9002334F05AFA7E
:1030F00034F008FD6428A8BF642020EAE073254A64
:1031000006A8082136F078F80DF1160205AB0392F7
:10311000029304AA00230DF11205CDE9002506A9AA
:1031200020461A4622F0DEFBBDF81430C3F18003BE
:1031300003EBD3735B101C2206A920462382628214
:1031400029F034FA2046012122F0C6FB47EC106B2F
:1031500008AA022104202AF005FA0F4B236108A9CE
:10316000204629F023FA0D49204629F0F1F9FEF70F
:1031700061FB0BB0F0BD00BF6666666666660A401E
:10318000721CC7711CC75B40A0DD002020000A0034
:1031900090D506009CD5060028003800A0D1060076
:1031A000CDCCCCCCCCCC4C3FFED478E926310840F9
:1031B0002DE9F043394D3A4CDFF80C91DFF80C81E2
:1031C00085B0FA202AF0F0F92846642129F02EFD76
:1031D000012220463C2123F0E9F82846314910F02D
:1031E000C5F8314BD8F80020D9F800001B684FF023
:1031F000011102256161002701260321E7761E6087
:1032000005601160186829462DF0A0FCD9F800303F
:10321000294618682DF09AFCD8F80030294618681D
:103220002DF094FC2AF0B4F9204A214B106040F2B2
:10323000E7321A60F5F748FF4FF0400C8023CDE9E4
:10324000003C3A461B4B02963946204622F028F8AD
:10325000FEF7F0FA40F2EE202AF0A6F9F5F734FF77
:103260002946204622F038FB1349204629F000FA6F
:103270003146204622F030FB1049204629F0F8F96B
:103280000F49204629F0F4F90E49204629F0F0F9BB
:1032900005B0BDE8F043FEF7CDBA00BFA42C012075
:1032A000A0DD0020801A0600D4600020F8DD002098
:1032B0001861002094DB0600A4D5060054F806002F
:1032C000B8D50600D0D50600D8600020DC6000200C
:1032D0002DE9F04F634A1378ADF5117D002B40F0D6
:1032E0004083614A03F0FF01137803F0FF05002BD0
:1032F00040F088805D4B1A785ABB5D4B1B78D3B980
:103300005C4D5D4C2B78022B00F0918023782BB123
:10331000002323702B78022B00F0CD81574B1A78B5
:103320009AB100221A702B78032B00F0D1805448F8
:10333000F4F72AF909E0534A534B1068002808BFF4
:103340001846F4F721F9F6F7AFFC0DF5117DBDE84D
:10335000F08F03201D70F6F727FC00285ED010AC1C
:1033600001264A4F4A4A4B49258033462046A570DC
:103370003E7015F045F9484A4849258020462B46BD
:10338000A57015F065FA002840F086814FF000081E
:10339000434D414A414925604FF47A7644F2022375
:1033A000A66014A8C4F80480A4F8108084F81280E1
:1033B00014AD15F04DFA0FCD3A4F66687E6007F1F7
:1033C00010060FC60FCD0FC6D4E902123B7C286849
:1033D0003060C7E902120BB33349344C344A3548E4
:1033E000C1F80080234BA4F800804FF0FF3111603A
:1033F0000224C0F80080304930481C7007221EF0BB
:10340000CBFB7AE71170F6F74FFC2D492B480922C8
:103410001EF0C2FB0DF5117DBDE8F08F1A48F4F7E0
:10342000B3F8F6F741FC0DF5117DBDE8F08F237878
:10343000002B7FF46BAF1E4E336801333FF466AF51
:10344000204B32681F88BFB247B11F491F4801EBAC
:1034500002313A4615F036FD8742DFD14FF0FF3397
:10346000336053E7E0690020916B0020E1690020A0
:103470000BAF00200CAF0020756A0020926B00207B
:103480007CCA0600786A0020B8CA060064AF002033
:10349000F4D506008C690020F8D5060048650020A8
:1034A000B8D9060094AE00209CBF0020A0BF002029
:1034B000B8600020B87B002008D60600DCDF0020C2
:1034C000E8D50600D4690020948E0020A4AE002028
:1034D000BC4DBD49BD480B221EF05EFB9FEDBC7A82
:1034E000D5ED007ABB4A67EE877A10ACFDEEE77A3D
:1034F000182117EE903A204635F07EFE204635F032
:103500006EFF214682B2B1481EF046FB95ED007A6F
:10351000DFEDB17AB4EEE77AF1EE10FA00F1EE8168
:10352000AE4B5BB1AE4A22B1AE49002900F0068233
:10353000521A1344B3F50E2F00F29B81AA4DAB4FE4
:10354000284622F09DFC4FF00113284602216B61B2
:1035500022F0C2F9A64BA7492B61284629F088F82A
:10356000A54B2B61A549284629F082F82846012160
:1035700022F0B2F9A24B2B61A249284629F078F833
:10358000284622F049FFA04990480B221EF004FB78
:103590003E689E4A06F6FF76360B182133462046D3
:1035A00035F02AFE204635F01AFF214682B28748C0
:1035B0001EF0F2FA86B18E36DFF89092DFF8648260
:1035C00036034FF40E25284605F5805528F046FFB2
:1035D000AE42C9F80086F6D18D497C488D4E0C224A
:1035E0001EF0DAFA00254FF47A712B46A1608A4A60
:1035F0008A49656014A82582A574266015F028F90B
:10360000237C002B00F035813C68002C00F0998071
:10361000DFF838A2824EDFF850B24FF0FF38814B0E
:10362000CAF80036641B4FF48052FF21304634F054
:10363000EDFEB4F5805F28BF4FF48054224631463A
:1036400014A815F06DF9A042814640F00F81C21C0C
:1036500022F00302314605F50E2028F0DBFE3C681F
:103660004D445A200023A5FB0001224634F0F0FB14
:103670008045034663D05A46102103A8019335F0D4
:10368000BBFD03A982B251481EF086FA3C68019B3B
:10369000A54256D29846C2E75F4A60492580334624
:1036A0002046A57015F0D4F800283FF46FAE2046F0
:1036B00016F03EF96AE65C4E3368013311D05B4B7D
:1036C00032681C88A4B24CB159495A4801EB023106
:1036D000224615F0F7FB844240F0F6804FF0FF33AE
:1036E0003360554C23889BB283B1544B1B682688AA
:1036F000B6B24EB14E494F4801EB0331324615F098
:10370000E1FB864240F0E08000232380494815F029
:1037100075FB484814F066FE0320F6F761FA484A44
:10372000324B11681A68474800239142037000F039
:10373000A4804548F3F728FFF6F7B6FAEEE5A54270
:10374000A8D314A814F04EFE28F05EFE3F4B354A75
:10375000C3F800263A684FF40E214FF0FF3003F013
:103760004DFE3B4B1B68C043984240F08280394974
:1037700016480B221EF010FA3749144809221EF091
:103780000BFAFA2029F010FF3449104810221EF0DD
:1037900003FA334820F074FB002840F0B38031482E
:1037A0001DF0CAFCFF210020F3F7A4FDA821002092
:1037B000F3F79EFDF3F7A2FD002800F08B80F3F7EE
:1037C00081FD00BF64F0002018D60600DCDF002079
:1037D00000007A4424D60600666666407032070010
:1037E0002C65002000600020A0DD0020946B0020EC
:1037F0001000080044D6060010001C0050D6060039
:10380000100034005CD6060070D606007CD6060098
:103810008CD60600B8D90600F8D506004865002009
:1038200000C800203546526EB8600020D4690020E0
:10383000948E0020A4AE0020A0BF00209CBF0020DA
:10384000B87B002064AF002088CA06000000014059
:103850007C6A0020A8D60600B4D60600C0D60600B2
:10386000843D0120C44301209CD6060014A814F016
:10387000B9FD3E48F3F788FE67E54FF47A7105918C
:103880003B4C3C4A3C49049307A8ADF81C308DF8EA
:103890001E30039414F0DCFF9DF81C30A3B14FF0F0
:1038A000FF3610AC05E01BD03046214603F0A6FDE4
:1038B00006464FF40072214607A815F031F8021EA3
:1038C000F1DA07A814F08EFD2C48F3F75DFEF6F749
:1038D000EBF923E572B638680330800839F088F8D0
:1038E00007A814F07FFD264B1868F643B04227D096
:1038F0002448F3F749FEF6F7D7F90FE52248F3F726
:1039000043FE22E52148054620F0EEFA014628460E
:1039100020F0D4FA29F03CFE044609E029F038FEF4
:10392000001BB0F5FA6FBFF43AAF0A2029F03CFE55
:10393000284620F0A5FA0028F0D130E70A46F8E53D
:10394000032303A92B7003F093FD114A03AB10214D
:10395000204635F051FC214682B20E481EF01CF97B
:10396000DCE400231370F6F7E9F900BF3CD606004B
:10397000B8D90600F8D5060048650020B8CA060088
:103980007C6A002084CA060034D60600843D0120EB
:1039900010D60600DCDF00202DE9F0476B4C2378C1
:1039A000ADF5047D002B63D1694C2378002B3DD10C
:1039B000684C2378002B31D1674B1B785BBB674B7E
:1039C0001B782BBB664CFFF783FC237853B9654DFE
:1039D0002B781BB1644E337C002B4ED10DF5047D4A
:1039E000BDE8F08729F0D4FD604B1B68C01AB0F524
:1039F000FA7FECD35E4B5F4819880023237020F0D8
:103A00007FFA0028E3D01EF03FFA5B4B1880DEE718
:103A1000F9F7C8F9D6E7F9F709F9D0E7574958484F
:103A200006221EF0B9F800232370C5E75548564A10
:103A3000036893425CD0554A93424FD0544A934214
:103A400059D0544B02689A4269D0534B02689A424B
:103A50000BD103793A2B08D1504B514A01A832219E
:103A600035F0CAFB01A8F6F77FFA002323709FE721
:103A7000FCF78CFB0023237096E73E4820F000FA09
:103A80000028ABD03C4BDFF824A1B3F80080DFF86E
:103A90002091A8F103081FFA88F8B8F1F40F06F195
:103AA000100628BF4FF0F4080A272B78424601A9D8
:103AB0003046002B92D014F033FF044601A9504643
:103AC000A2B294B31EF068F8002887D0D9F800306D
:103AD000013F1C44C9F80040E7D17FE70379202B60
:103AE00008BF04302ED110F8013F202BFBD0BAE7DD
:103AF000F6F7ACF9B9E7828844F254539A42A0D160
:103B000083793A2B9DD1C379202B08BF07301BD175
:103B100010F8013F202BFBD0F6F776F8A5E7838855
:103B2000542B92D1F6F724F99FE71E4814F05AFC63
:103B300003202C70F6F754F81B49114804221EF09C
:103B40002BF84BE704308EE70730E5E7368C002092
:103B5000906B0020CC7B0020758E0020388E0020DA
:103B600086DC002085DC002044DC002080DC002096
:103B70007EDC0020843D0120D0600020D4D60600E9
:103B8000DCDF0020346A00204C4953544745543A46
:103B900044454C45544C495354474554396A0020D8
:103BA00040CD060054DC0020DCD60600BCDE002040
:103BB0003CDC002008B5134B1B78B3B1124B1A78CC
:103BC0007AB1124A00211970137853B91048037C56
:103BD00063B9104B00221A70F6F766F80E4B1B788B
:103BE0005BB1BDE80840FFF7D7BE08BD103014F048
:103BF000F9FB0320F5F7F4FFEBE7642029F0D4FC90
:103C0000F3F760FB38DC0020938E0020926B0020DD
:103C100044DC002085DC002084DE002010B5F5F7B0
:103C200053FA0221134821F057FE124828F070FD84
:103C30001149104828F01CFD01210E4821F04CFECE
:103C40000C4828F065FD0D490A4828F011FD29F0BF
:103C50009FFC0446074822F0DFFB29F099FC001B7B
:103C6000642800D810BD064B0022BDE810401A7031
:103C7000F5F77AB8A0DD0020E4D60600F0D60600FD
:103C8000D87B00200000000070B5F5F71DFA944BBA
:103C90001B78002B00F0E780924C29F079FC924BC6
:103CA00022681B68801A984200F2C0808F4D2E68EF
:103CB0008F499048904C28F04BFC304633F01AFC6A
:103CC0007FA3D3E9002333F0B5FA7FA3D3E9002320
:103CD00033F068FC33F016FF6428A8BF64200A2282
:103CE00020EAE071834828F039FF8449814828F0B0
:103CF0002FFC286833F0FEFB41EC100B02217D48BD
:103D000028F086FC7E497B4828F0B2FC7D49794842
:103D100028F01EFC616A77480A2228F01FFE7A49C3
:103D2000744828F015FC94F82830002B00F0A88087
:103D3000764B186833F0DEFB41EC100B01216D4827
:103D400028F066FC72496B4828F092FC714969487A
:103D500028F0FEFB94F82830002B00F08C80A0693E
:103D600033F0C8FB41EC100B6248012128F040FD04
:103D70006949604828F0ECFB684B1B78002B00F089
:103D80009080674B1B78002B7FD0664B1B78002BF5
:103D900040F08C806449574828F06AFC63495548D4
:103DA000634C28F0D5FB634B524819680A2228F06F
:103DB00021FE61494F4828F0CBFB604B4D48196804
:103DC0000A2228F017FE5E494A4828F0C1FB5D4BE5
:103DD000484819680A2228F02DFE2368002B6AD073
:103DE0005949444828F0B4FB206810F00FFF014601
:103DF000404828F0ADFC55493E4828F0A9FB206812
:103E000010F0D4FE524B0146002908BF194639482C
:103E100028F09EFC29F0BCFB0446364822F0FCFA50
:103E200029F0B6FB001B642834D870BD29F0B0FB24
:103E30000346202023602CF05BFE33F039FB24A3E3
:103E4000D3E9002333F0AEFB33F0A4FE33F052FB92
:103E500021A3D3E9002333F0A5FB33F09BFE234DD0
:103E60000646286024E73B49224828F001FCBDE8CB
:103E70007040FDF7DFBC38491E4828F0F9FB77E7B2
:103E800035491C4828F0F4FB60E73449194828F00C
:103E9000EFFB83E7324B0022BDE870401A70F4F765
:103EA00063BF3049134828F0E3FB77E72E491148F8
:103EB00028F0DEFB72E72D490E4828F049FBA9E700
:103EC0006666666666660A40721CC7711CC75B4000
:103ED000CDCCCCCCCCCC4C3FFED478E926310840BC
:103EE00084E0002060F00020CC60002064F000201E
:103EF0002CD70600A0DD002038E000209CD1060071
:103F0000A0D1060038D7060044D706007CE0002088
:103F100050D706005CD7060068D7060030010120A4
:103F200084DE00202201012088D706009CD70600ED
:103F300060DD0020986B0020A8D70600C47B00201D
:103F40000CCA0600D07B0020B0D70600B8D7060008
:103F500008D7060018D7060054D7060094D70600E5
:103F6000D87B002074D7060080D70600C0D7060093
:103F7000F8B5194C002706460D46F5F7A5F820467A
:103F80000221276121F0A8FC1449204628F070FB8B
:103F90002046012121F0A0FC1149204628F068FBB1
:103FA0003146204628F064FB2946204628F060FB75
:103FB00029F0EEFA034620461C4622F02DFA29F09D
:103FC000E7FA001B642800D8F8BD064B1F70BDE857
:103FD000F840F4F7C9BE00BFA0DD0020F8D4060009
:103FE00054F80600D87B002010B5F5F76DF8B249FB
:103FF000B24828F03DFBB24B1B78002B00F01F812C
:10400000B049AE48B04C28F0A3FAB04BAB481968A1
:104010000A2228F0EFFCAE49A84828F099FAAD4BE7
:10402000186833F067FA41EC100B0121A34828F01F
:10403000EFFAA949A14828F01BFBA8499F4828F09E
:1040400087FAA74B9D4819680A2228F0D3FCA54996
:104050009A4828F00DFBA449984828F079FAA34B18
:10406000964819880A2289B228F078FDA049934819
:1040700028F06EFA0A224FF48071904828F06EFD05
:104080009C498E4828F064FA9B4B8C4819680A2298
:1040900028F0B0FC9649894828F05AFA974B87488F
:1040A00019680A2228F0C6FC9549844828F050FA7D
:1040B0002068002800F0E88010F0A4FD002840F0FF
:1040C000CD80206810F088FD002800F0C78013F034
:1040D0003BFB01460A22794828F040FD8949774890
:1040E00028F036FA2068002800F0A78010F08AFD3A
:1040F000002840F01B81206810F06EFD002800F0C1
:10410000158113F0FDFA002800F097807E496B4876
:1041100028F01EFA7D49694828F01AFA206800281C
:1041200000F0898010F06EFD002840F0AF8020681C
:1041300010F052FD002800F0A98013F0E5FA0028E5
:1041400079D071495D4828F093FA71495B4828F0AD
:10415000FFF92068002800F0958010F053FD00283A
:1041600040F00581206810F037FD002800F0FF8046
:1041700013F0CEFA01460A22504828F05BFC65494C
:104180004E4828F0E5F92068002879D010F03AFD73
:10419000002840F0DC80206810F01EFD002800F0B0
:1041A000D68013F0CFFA01460A22444828F0D6FC04
:1041B0005949424828F0CCF9206800285ED010F018
:1041C00021FD002840F0FC80206810F005FD00284B
:1041D00000F0F68013F0B0FA01460A22374828F0C2
:1041E00029FC4E49354828F0B3F92068002842D010
:1041F00010F008FD002840F0CB80206810F0ECFCA7
:10420000002800F0C58013F0A1FA10EE100A33F078
:1042100071F941EC100B0221284828F0E9FA29F045
:10422000B7F90446254822F0F7F829F0B1F9001B48
:1042300064280CD810BD3A4984E7394967E7394901
:104240001E4828F015FABDE81040FDF7F3BA364BCA
:104250000022BDE810401A70F4F786BD206898B1BE
:1042600010F0D0FC80B1206810F0C8FC60B113F0F1
:104270009FFF01462EE79FED0E0BCCE70021ACE738
:10428000002191E7002176E7002123E7206800283C
:10429000D1D010F0B7FC0028CDD0206810F0AEFCD3
:1042A0000028C8D013F080FF49E700BFAFF30080BB
:1042B0000000000000000000D4D70600A0DD0020B0
:1042C00084E00020F8D7060060DD0020986B002015
:1042D00000D806007CE0002050D7060004D8060075
:1042E000308C002080E206000CD80600C87B00203D
:1042F0000CCA0600A8D70600C47B0020D07B002093
:1043000014D806001CD8060000D5060024D80600E4
:1043100028D806006CD306002CD8060030D806003A
:104320005CD80600E4D70600D87B0020206800286F
:1043300083D010F067FC00283FF47FAF206810F0B6
:104340005DFC00283FF479AF13F02AFFDBE620681C
:10435000002895D010F056FC002891D0206810F06D
:104360004DFC00288CD013F03BFF01461CE7206871
:10437000002887D010F046FC002883D0206810F079
:104380003DFC00283FF47EAF13F014FF0146F2E637
:10439000206800283FF46FAF10F034FC00283FF491
:1043A0006AAF206810F02AFC00283FF464AF13F0D5
:1043B00019FF10EE100A33F09DF841EC100B2AE7BC
:1043C000206800283FF45AAF10F01CFC00283FF48E
:1043D00055AF206810F012FC00283FF44FAF13F0E7
:1043E000FDFE0146F9E600BF2DE9F04F914D91B079
:1043F0002BF0D2F92868062104F0E6FC28B92BF04E
:10440000D5F92B6811B0BDE8F08F062128688A4CD9
:1044100004F0EAFC28602BF0C9F90120FCF7CAFC83
:10442000864B874AC3F800260026F4F74DFE204647
:104430000221266121F050FA8249204628F018F91D
:104440002046012121F048FA7F49204628F010F942
:104450007E49204628F00CF97D49204628F008F9CD
:1044600029F096F8034620461C4621F0D5FF29F096
:104470008FF8001B642800F288807049704A754BE1
:10448000C1F80026744C1F68744E754B754803962E
:1044900004F26C4A0026B742D8BF034689469046CC
:1044A000D346049605AFFF2100220693ADF8141001
:1044B000079297E80E00584617F0FCF894F87E34FF
:1044C000C4F868A4002B42D194F82420E37112F0C0
:1044D000010243D14FF0FF3384F82420236359466F
:1044E0000B7F0093002B49D10846012117F0F4F807
:1044F00068B35D4AD4F8681403AB384615F07CFD08
:10450000D4F868241AB301900099104617F0E4F823
:10451000019BE0B1C9F80086002E3BD0002B3BD1B7
:104520002BF03AF92868062104F066FC08B1002354
:104530002B602BF03BF94D4B01221A7029F028F823
:1045400001464B4804F060FC11B0BDE8F08FC9F89B
:104550000086002EE4D1424B0126A4E74548009393
:1045600017F082F90028F2D0009BD4F8681484F880
:1045700024304FF0FF3323630029B1D103AB3A4A13
:10458000384615F039FD0346C4E73B4B1E70F4F77F
:10459000EBFB72E7002BDED0284B2949304AC3F8E9
:1045A00000160023CDE90623FF21ADF8141097E88B
:1045B0000E00324817F07EF894F87E34C4F868A4F0
:1045C000A3B92E490122A1F26C4016F087F80346E8
:1045D00030B32B4813F006FF1F4901F2444014F09A
:1045E00081F918B1274B1C60F6F778F82649134C6F
:1045F0002648134DFFF7BCFC4FF4FA7028F0D4FFA7
:104600004FF4FA70C4F8005628F0CEFFC4F80056F4
:104610004FF4FA7028F0C8FFC4F80056F2F752FEC3
:1046200016491A46A1F26C4016F058F80028D0D16D
:10463000DCE700BF64DD0020A0DD002000000140B9
:104640003546526EF8D4060054F8060038D80600F5
:104650004CD80600380101204865002014DA060015
:1046600080841E0000127A007C6500202301012056
:10467000240101206C650020D87B0020B469002053
:104680008C6900201C31012060D8060070D806001B
:1046900030B585B0F4F718FD34493548354D27F06D
:1046A000E7FF3549324827F053FF3148032121F015
:1046B00013F9286868B310F0A5FA002835D12868E6
:1046C00010F08AFA88B313F01BF80446286848B142
:1046D00010F098FA002836D1286810F07DFA90B3CF
:1046E00013F016F8ACB102216A46102304F066FA02
:1046F0001F48694627F05AFF28F04AFF04461C4825
:1047000021F08AFE28F044FF001B642806D805B07B
:1047100030BD1A49164827F049FFEDE7184B002233
:104720001A70F4F721FB05B030BD28680028F0D0DE
:1047300010F068FAB0B1286810F060FA90B113F088
:104740002FFD0446C2E728680028CBD010F05AFAA3
:10475000034648B1286810F051FA034620B113F01F
:1047600029FDBFE70024B1E71846BBE77CD8060067
:10477000A0DD002060DD00201CD4060004D406006B
:10478000D87B0020F0B51F4DA3B0284621F078FB60
:104790002846012121F0A0F81B4B1878002280F058
:1047A00001002A6102A90822187002F04DFF0028BA
:1047B00013DD02AC04EB00160127B4F90C30CDE98F
:1047C00000372846B4F90830B4F90420B4F90010D1
:1047D000103420F051FBB442EFD128F0D9FE04464A
:1047E000084821F019FE28F0D3FE001B642801D8E8
:1047F00023B0F0BD054B00221A70F4F7B5FA23B0D0
:10480000F0BD00BFA0DD002058DD0020D87B0020D7
:1048100038B51E4D1E4CF4F757FC2B78204683F01C
:10482000010302212B7021F057F82B7813B14FF4BC
:10483000803363611749164827F01AFF4FF00113C0
:1048400001216361E176124821F046F812491048CF
:1048500027F00EFF11490E4827F00AFF10490C48B7
:1048600027F076FF28F094FE0446094821F0D4FD95
:1048700028F08EFE001B642800D838BD094B0022AA
:104880001A70BDE83840F4F76FBA00BF10FD002081
:10489000A0DD002090D806009CD8060054F8060041
:1048A00028610020D87B002070B5F4F70DFC1E496C
:1048B0001E481F4E1F4C204D27F0DAFE1B4827F0E4
:1048C00027FF1A48022121F007F81C49174827F052
:1048D000CFFE3168154800290CBF2946214627F034
:1048E00065FE1749114827F0C3FE31680F480129BA
:1048F0000CBF2946214627F059FE12490B4827F0E4
:10490000B7FE28F045FE0446084821F085FD28F052
:104910003FFE001B642800D870BD0B4B0022BDE891
:1049200070401A70F4F720BAB4D80600A0DD002059
:10493000A8FA0020DCD40600A4D1060054F8060032
:10494000C4D80600CCD80600D87B002070B5F4F798
:10495000BBFB1E481E4E1F4C1F4D012120F0BCFF0B
:104960001E491A4827F084FE184827F0D1FE174840
:10497000022120F0B1FF3168144800290CBF2946FC
:10498000214627F013FE1649104827F071FE3168C2
:104990000E4801290CBF2946214627F007FE114980
:1049A0000A4827F065FE28F0F3FD0446074821F089
:1049B00033FD28F0EDFD001B642800D870BD0A4BC4
:1049C0000022BDE870401A70F4F7CEB9A0DD0020D7
:1049D000A8FA0020DCD40600A4D10600D8D806002E
:1049E000ECD80600F8D80600D87B002010B5F4F704
:1049F0006BFB1E48012120F06FFF1D491B4827F06B
:104A000037FE1A4827F084FE1848022120F064FF80
:104A10001849164827F02CFE0121144820F05CFFAD
:104A2000124827F075FE1449104827F021FE13495B
:104A30000E4827F01DFE0D4827F06AFE10490B486E
:104A400027F016FE28F0A4FD0446084821F0E4FCF7
:104A500028F09EFD001B642800D810BD094B0022E1
:104A6000BDE810401A70F4F77FB900BFA0DD002048
:104A7000FCD806000CD9060018D906002CD906006F
:104A800040D90600D87B0020F8B5B34CB34E23784C
:104A90000BB106233360B24B1A78002A7ED1B14D98
:104AA00028F076FD2A68B04B801A1A684FF47A73A2
:104AB00093FBF2F3984251D833689A1C012A37D9F4
:104AC000181D70D0591D00F041815A2B6BD0DA1C93
:104AD00000F05E8213F1090F65D09F1D00F0EC819C
:104AE00013F10A0F00F00F82692B40F0FD8122784C
:104AF000002A00F0CD80F8BD9C4B93ED007AF0EEDB
:104B0000007AB4EEE77AF1EE10FA40F2D082984BD8
:104B10002A681B680B2B0CBF03210B2102F59C524A
:104B2000881C083201280B4631602A6000F2DC81C3
:104B30000133237840F0A880002BDCD18D4B1B681B
:104B40001B790424002B00F057818B4A1368002B3B
:104B500040F0A781631E13600127F1E028F018FDE3
:104B60002860F3F7E9FF3368DA1E012A41D90C2BDC
:104B7000C2D05A2B00F09882692B00F09E82642BE1
:104B800000F0AC81002840F0E981B3F5617F00F0CE
:104B9000B4815F1C2DD1FCF7D3FF8DE700221A7082
:104BA000F4F7E2F87BE72378002BA4D10224714BC1
:104BB0001B681F79002F40F0BA80704B1B681B796F
:104BC000002B40F0FA806E4B1B681B79002B92D0B3
:104BD000694A1368002F00F00A81013C9C420CBF17
:104BE0000023013313602B6803F59C5308332B60BB
:104BF000F8BD981C00F084811A1D00F089815F1DAA
:104C000000F08981981D00F09A8113F10A0F00F0DD
:104C10009F81DA1D00F06581DF1C00F0C38113F174
:104C2000080F00F0C28113F1090F00F0D981042BA5
:104C300000F0E881052B00F0F681062B00F0F681EC
:104C4000072B00F0F681082B00F01282092B00F0F0
:104C500012820A2B00F012820B2B00F012820C2B16
:104C60003FF44AAF5A2B00F01F82032B00F0228240
:104C7000692B00F02282642B00F030816A2B7FF4D4
:104C80001BAFFEF781F917E7002B63D06FF001032C
:104C90000122642B7ED0981D00F09280D91D40F037
:104CA000AD80344B1B681B79002B40F03781344BAF
:104CB0001B681B7943B3334B1F68052F00F34281F8
:104CC000DFF8C8C01CF807000124DFF8C4E00023A7
:104CD000724602E00133242B04D012F8011B8142FA
:104CE000F8D11C44284B2434A3FB0423DB0803EB3A
:104CF000C303A4EB83031EF803300CF807302B68C2
:104D000003F59C5308332B601C4B1B681B79002B4D
:104D10003FF4F1AE1B490B68052B00F326812A688E
:104D200002F59C52013308320B602A60F8BD124A2A
:104D30001368611E994200F0CE8001331360002792
:104D40002B6803F59C5308332B6036E72378002B40
:104D50007FF4D1AE01242AE785E00020186100200D
:104D6000D87B0020F8DD002020610020B0E000208A
:104D700074F00020D4600020A8FA0020D860002041
:104D8000DC6000205CDD0020398EE3380461002007
:104D9000C4DF0600A84B1B681B792BB9A74B1B6807
:104DA0001B79002B00F081802B6803F59C5308339E
:104DB0004FF0FF322B603260F8BDFCF7EDFA02E7EE
:104DC0009D4B1B681B79002B52D19C4B1B681B7998
:104DD000002B3FF490AE2B68994903F59C530833A0
:104DE00001204FF0FF322B6008703260F8BD002BBD
:104DF00054D1013C1460F6E60127DEE6002A7FF478
:104E00007AAE8D490968097989B113F1080F00F06C
:104E1000D8800B2B00F0E980032B00F3E480894B52
:104E20001A682B68326003F59C5308332B60834B60
:104E30001B681B79002B40F08E80834B1B681B790D
:104E4000002B3FF458AE336813F1080F00F0B08028
:104E50000B2B00F0DA807B4A126893422A6802F535
:104E60009C52B4BF01330323083233602A60F8BD7B
:104E70007649774A2B6803C903F59C539180090C46
:104E80001060083391716E48724A2B600124002132
:104E90006FF00603047011603360F8BD013B1360CE
:104EA000A1E6013B136001274AE7674B1B681B79AA
:104EB000002B3FF420AE77E7674A5778A7B12378F5
:104EC000002B7FF47DAF5C4B1B681B790324002B08
:104ED0007FF43BAE71E60027176031E7FFF798FCDF
:104EE000EAE5FDF785F8E7E5B3F5617F22783FF461
:104EF00002AE6A2B7FF4CDAEF8BDFCF7B5FCDBE566
:104F0000FCF77EFED8E52378002B7FF4F4AD15E6A0
:104F1000FFF71CFDD0E5FFF769FDCDE54D4B1F68A0
:104F2000052F0FDC484BDFF828C11B681CF8070071
:104F30001B79002B14BF01244FF0FF34C5E6FCF7AA
:104F4000C7FEB9E5062F0CBF072206221A60D6E677
:104F5000FCF77AFFB0E5F4F7E1F86EE7FFF712FC33
:104F60003E4B40F2E7321A60A6E5062B7FF41CAFF9
:104F70003748F9F795FE0446002800F085802B6835
:104F800003F59C5308336FF005022B603260F8BDC7
:104F90002378334A1468002B7FF4ADAD012CB8BFE1
:104FA000012404E6FDF78CF886E5FDF7E3F983E5D7
:104FB0002B6803F59C5308336FF008022B603260B6
:104FC000F8BD284B1B68002B7FF731AF2B682648B4
:104FD00003F59C5308330B212B600260316026E7F8
:104FE000FDF766FA68E55A1E1BE7204A1278002A88
:104FF000F9D02B6803F59C5308336FF007022B6040
:10500000326014E7FEF740FE56E5184A1278002A8F
:105010003FF421AF2B6803F59C5308336FF0070270
:105020002B603260F8BDFDF789FA45E5FDF73CFDE0
:1050300042E5FFF72DFB3FE5D4600020D86000205B
:10504000D97B00206C610020DC60002064D9060060
:10505000046100205CDD002068BF002074F00020A7
:105060001CFD00205CF0002068DD002020010120F4
:10507000FDF70CFB20E5FDF741FC1DE5FDF78CFD80
:105080001AE5FDF791FE17E50D4F0E493F22384610
:1050900034F0BFF92B6887F83F4003F59C53083381
:1050A00064222B603260F8BDFFF7FEFB04E5FEF7DB
:1050B000B5FD01E5FEF798FFFEE4FDF729FFFBE4EF
:1050C0002861002054D906000B4B1B7883B10B4A92
:1050D0000B4B10881B8880B29BB200F58050C01A21
:1050E0004342C3F30B03C0F30B0058BF5842704751
:1050F000044827F00DBE00BFA96B0020A2BF00200E
:10510000A4BF0020A4560120254BD3F84021002A3B
:1051100040D0244A012100202DE9F041C3F840018C
:105120005964D3F8443511681F4E204DDFF8908044
:10513000994238BF1360002414E027F0F1FD62B6F5
:1051400000281B4904F1010416DB2B88B8F8002065
:105150000133C3F30B0392B29A421CD02A882B80EE
:1051600093B2C854A7B272B6304627F0D1FD0346B9
:105170003046002BE1D162B60E4A13889BB2BB4287
:1051800038BF1780FE2F03D90B4A13680133136011
:10519000BDE8F0817047094A136801331360EBE7FB
:1051A00000A00140308C0020A4560120A2BF0020A6
:1051B00068AF0020C87B0020C47B0020D07B00208B
:1051C000A4BF00200D4B1B788BB10D4B0D4A1988E5
:1051D000138889B29BB299420CD0118813880A486F
:1051E00089B20133C3F30B03405C13807047074857
:1051F00027F096BD4FF0FF30704700BFA96B00202D
:10520000A2BF0020A4BF002068AF0020A456012048
:105210002DE9F04FA64B1B7887B0002B40F01E8283
:10522000A44CA54DC4F800560120FBF7C3FDA34BC9
:10523000C4F800561B78002B40F00D82A048AE2128
:1052400020F064FD9F4B1B78DBB19F499F4B0124ED
:105250004FF480304FF080624C60C1F80803C3F80F
:105260008020BFF34F8FBFF36F8FC3F88021BFF350
:105270004F8F974B9748002140F24C4219700DF028
:105280002DFADFF86C8298F80030002B40F0DA81BC
:10529000884E894FC6F800764FF08045D5F83834EF
:1052A000D90740F10282AF21854820F02FFD4FF44D
:1052B000FA60F2F7DFFC28F06BF9C6F80076D5F853
:1052C0003834012838BF0120DA07044640F1DA817A
:1052D000814D824B824EDFF81C92DFF81CA20193B5
:1052E000009745F00105019B1B68D3F800B05846B4
:1052F0002BF0CEFC034603274FF4FA4063B9012F8D
:1053000000F0FC80A84758462BF0C2FC0346013F42
:105310004FF4FA40002BF2D0D9F80030CDF80890C5
:105320001F6838462BF0B4FC03464FF0030B4FF4D4
:10533000FA4073B9BBF1010F00F0E080A84738468E
:105340002BF0A6FC03460BF1FF3B4FF4FA40002B79
:10535000F0D0DAF80030CDF80CA0D3F800B0584601
:105360002BF096FC034603274FF4FA4063B9012F54
:1053700000F0C480A84758462BF08AFC0346013F42
:105380004FF4FA40002BF2D0002C40F026810DF1B2
:105390001707002338468DF81730F1F7B1FF9DF855
:1053A0001730002B40F0168120BF424A0099C2F806
:1053B00000164FF08043D3F83834DB0793D4002C29
:1053C00040F0688140F6B830F2F754FC322028F003
:1053D000EBF8384B3849434AC3F800161368019874
:1053E000414C00681F2B84BF03F01F033F49006836
:1053F00098BF4FF0A04103F5E07341F8234052F805
:1054000020300298384C00681F2B84BF03F01F0324
:105410003649006898BF4FF0A04103F5E07341F8AA
:10542000234052F8203003982F4C00681F2B84BF74
:1054300003F01F032D49006898BF4FF0A04103F50A
:10544000E07341F8234052F820302849264C1F2BA6
:1054500086BF03F01F03254A4FF0A04203F5E07317
:105460004FF0A04042F823404FF0FF34C0F82045F1
:10547000C1F82045F1EE103A23F09F03E1EE103A17
:10548000124B4022C3F88421384600238DF8173090
:10549000F1F736FF9DF81730002B40F000814FF0F8
:1054A00080430122C3F80044C3F8002520BFFDE774
:1054B00021FD0020000001403546526E38DC0020FE
:1054C000A0DD002084E0002000A0014000E100E019
:1054D000A96B0020B0FA002010E00600D460002084
:1054E000F8DD0020AC0907000C00030000030050A9
:1054F00000D80020D8600020DC6000204FF4FA6063
:10550000F2F7B8FB98F80030002B40F0AA806B4B04
:105510006B4C6C486C496D4A1B781925257000242A
:1055200004700C701470002B3ED0694A694B6A48B5
:105530001470FF2183F8284027F00CFC642028F029
:1055400033F8664A6648674B1480032504800122BD
:1055500004205A606449DA60C3F80445C3F808556A
:10556000C3F8100541F288354FF48030C3F8405538
:10557000C3F800226025C3F804034FF0806081F86F
:105580001A53C1F88001086058490A701A60F4F78C
:10559000E5F92246214656480CF0D2FF27F0F8FFE5
:1055A000544A554B14701860AF21544820F0AEFB9C
:1055B000534B544A1B780021117073B33368524A1D
:1055C00003F59C5308334FF0FF313360116007B08F
:1055D000BDE8F08FF1F790FEE7E627F0D9FF42F241
:1055E0000F73001B984212D827F0D2FF3268474B46
:1055F000801A1A684FF47A7393FBF2F398427FF69D
:10560000C6AE27F0C5FF3060FDF73AFDBFE63B4868
:10561000AE2120F07BFB0024B9E63D4B1B78002B2C
:10562000CCD027F0B5FF01463A4803F0EDFB3368D4
:10563000354A03F59C5308336A213360116007B083
:10564000BDE8F08F01210F202BF080FA01210F20FF
:105650002BF000FB1CE6F4F795FFEFE5F3F78CFA6F
:10566000DEE500210F202BF0F5FA322027F09CFF19
:1056700029481BF0BFF800283FF449AF002388F801
:10568000003044E7254B0193254B0293254B0393B0
:105690000DF117071948AE2120F038FB92E620469D
:1056A000F1F722FEF1F722FE00E71C4B01931C4BA1
:1056B00002931C4B03930DF1170783E684E000204F
:1056C000246100202561002086E0002099E0002070
:1056D00070E0002038E00020A4560120A2BF002086
:1056E000A4BF002000A0014000E100E0A96B002061
:1056F000B0FA002026610020ACE00020A0DD0020F0
:1057000030010120A4FA002018610020206100204F
:10571000210101202401012004D80020D4600020B0
:10572000D8600020DC60002010B52A4B1C7882B0C5
:1057300024B1294B1B68002B49D11C46274B284A12
:105740001B7812688DF800400BB1002A3BD1254B25
:10575000254A1B781268002B32D1244C8DF8013079
:1057600023681B7913B9224B1B681B79214A8DF8DA
:1057700002301368B3F5FA7FD4BF002301238DF8FC
:10578000033027F005FF694603461B48019303F0E9
:1057900057FB98B1194A164B116824681A680128FA
:1057A0004FF0000323710B71137103D1FEF71CFE40
:1057B00002B010BD022801D1FFF72AFD02B010BDD2
:1057C0000AB91346C9E727F0E3FE0123C5E727F02E
:1057D000DFFEB3E748DD00204CDD002041DD002086
:1057E00044DD002050DD002054DD0020D460002086
:1057F000DC6000203801012024010120D860002055
:10580000014827F0A7BA00BFA45601202DE9F047B0
:1058100089498A4D8A4B8B4EC5F800664FF00108C6
:105820004FF480304FF08062C1F8048082B0C1F83C
:105830000803C3F88020BFF34F8FBFF36F8FC3F807
:105840008021BFF34F8F8049804FA1F51570002450
:105850003C7004F0EDFA7E497B4803F01DFD2246C2
:105860007C4840F226210DF03FF9C5F80066044659
:10587000002840F0A780784827F000FA322027F06F
:1058800093FE4FF41651744827F0B4FA642027F0C1
:105890008BFE6D49A1F5157004F0CAFA6C496A488F
:1058A00003F0FAFC6B48224640F226210DF01CF969
:1058B00000283BD1614B634AC3F80026664827F0B5
:1058C000DDF9322027F070FE63484FF4614127F084
:1058D00091FA322027F068FE604A574B604D5849D4
:1058E00000201080012228805A600325DA60C3F866
:1058F00004050420C3F80855C3F8100541F28835A3
:105900004FF48030C3F84055C3F800226025C3F837
:1059100004034FF0806081F81A53C1F880010860D9
:105920003A701A60204602B0BDE8F08740F24C4A57
:10593000032342464FF46141C5F800664548CDF85F
:1059400000A00DF0E9F9642027F02EFE424827F070
:1059500095F9322027F028FE4FF461413E4827F0A8
:1059600049FA642027F020FE3749C5F80066A1F502
:10597000157004F05DFA3649334803F08DFC354864
:10598000224640F226210DF0AFF88146002891D042
:10599000C5F80066F3F7E2FF534632492D48C5F8D3
:1059A000006603220DF0D6F92F4BC5F800661B7870
:1059B0007BBB2A492A4A00230B804C461380F3F70D
:1059C000A1FFAFE7F3F7CAFF40F24C432549214856
:1059D000C5F8006603220DF0BDF9234BC5F800663B
:1059E0001B78002B3FF478AF20491A4840F24C4313
:1059F00003220DF013FB40F24C43C5F80066154836
:105A000000934246032305210DF09EFAC5F8006677
:105A100062E716490F48534603220DF0FFFAC5F816
:105A200000660C48CDF800A04246032305210DF086
:105A30008BFAC5F80066BCE700A0014000000140F9
:105A400000E100E03546526E04FD0020A96B002005
:105A5000A8BF0020B0FA0020A4560120A2BF002059
:105A6000A4BF0020317302002561002041760200AE
:105A7000164B1B7803B97047002270B511461448C5
:105A8000144D154C0CF05CFD114806F02DF92B78E7
:105A90001BB9237843B101232B7023781BB1BDE8D8
:105AA0007040F4F7D5BA70BD0C4E27F071FD336825
:105AB000C01A41F287339842EFD9FFF7A7FE0028BA
:105AC000E9D027F065FD3060E7E700BF84E0002003
:105AD000B0FA00202661002070E00020ACE0002039
:105AE0002DE9F04FDFF8A081614F624CDFF894910F
:105AF00083B0824665E04FF46141384627F07AF979
:105B00000123322088F8003027F04EFDFF2138466F
:105B100027F020F9642027F047FD5748C6F80046D3
:105B2000494604F085F95549484603F0B5FB52480B
:105B3000002240F226210CF0D7FFC6F800460028CC
:105B400040F0878098F80030002B49D14FF416516F
:105B5000384627F04FF9642088F800B027F024FD7C
:105B6000FF21384627F0F6F8642027F01DFD424853
:105B7000C5F80046494604F05BF94049484603F041
:105B80008BFB3D48002240F226210CF0ADFF06467B
:105B90004FF4FA705EBBC5F80046BAF1000F5BD057
:105BA000C5F8004627F000FD4FF4FA70C5F800462E
:105BB00027F0FAFCC5F800464FF4FA70B24627F019
:105BC000F3FC2F4E98F800304FF0010B3546002BB8
:105BD00091D0384627F052F8142027F0E5FC8AE7E8
:105BE000384627F04BF8142027F0DEFCAEE740F2F1
:105BF0004C43C5F800465A4600934FF461410323D5
:105C00001D480DF089F8642027F0CEFC98F800308C
:105C100033BB4FF461411648194C164D27F0EAF892
:105C20000123642088F8003027F0BEFC1549C4F831
:105C30000056A1F5157004F0FBF81049114803F067
:105C40002BFB0D48002240F226210CF04DFFC4F83A
:105C5000005603B0BDE8F08F504603B0BDE8F08FAA
:105C6000034827F00BF8142027F09EFCD1E700BF73
:105C7000A45601203546526EB0FA0020A8BF00207D
:105C80000000014004FD0020A86B0020F0B53C4C52
:105C900083B0002301202370FFF722FF08B903B06F
:105CA000F0BD384D384EF3F759FE40F24C433749BA
:105CB0003748C5F8006603220DF04CF8354BC5F89F
:105CC00000661B78002B46D10123334E334D344FF1
:105CD00023700EE02C883B880134C4F30B049BB284
:105CE0009C420DD027F01CF82B882E4A2C809BB2AA
:105CF000D054304627F00CF803463046002BE9D14B
:105D0000294B2A4901220024032504205A60DA6025
:105D1000C3F80445C3F80855C3F8100541F28835A7
:105D20004FF48030C3F84055C3F800226025C3F813
:105D300004034FF0806081F81A53C1F880010860B5
:105D40001B490A701A6027F023FC1A4A1A4B147078
:105D5000186003B0F0BD19490D4840F24C430322CE
:105D60000DF05CF940F24C42C5F80066084800921C
:105D70000323012205210DF0E7F8C5F80066A3E72B
:105D800084E00020000001403546526E317302006D
:105D9000B0FA002025610020A4560120A2BF0020F7
:105DA000A4BF002068AF002000A0014000E100E097
:105DB000A96B002026610020ACE0002041760200A3
:105DC0002DE9F0414FF0804196B0D1F800340393B3
:105DD0004FF0A0469E4DD6F820350493D5F82035D7
:105DE0009C4A05934FF0FF33C1F800349A4CC6F833
:105DF000203507CAC5F82035236806AD85E80700B9
:105E00005A0940F0DE80012101FA03F30993069B51
:105E10000A9254F82320530900F0CF80012B40F060
:105E2000098202F01F0293400022079954F82110C2
:105E3000480900F0BD80012804D101F01F0100FADB
:105E400001F10B43089954F82110480940F0A7804C
:105E5000012000FA01F10A4309A903A8CDE90B23A7
:105E600003F07AF87D4B7E4D18700C202AF03AFE34
:105E7000002120202AF06AFE01210E202AF066FE71
:105E800000210E202AF0E6FE27F082FB754B764CAF
:105E9000024620201A602AF02BFE31F009FB68A38D
:105EA000D3E9002331F07EFB31F074FE31F022FBA8
:105EB00065A3D3E9002331F075FB31F06BFE286058
:105EC000FDF776F9F4F7B6FB2070F6F76FFE674A38
:105ED000237810700BB100287ED1FAF775FB237878
:105EE000002B40F094806248102303821AF082FC59
:105EF000604BB0FA80F040091870FFF7C7FE2378B6
:105F000000228DF82420002B40F0DE805A4D2868B6
:105F10005A4D31F0EFFAC5E90001F6F717FB237887
:105F200033B327F035FB0146554801F04FFE554A83
:105F30005549136803F59C5308334FF4617013609F
:105F40000860022100202AF001FE504903220020AF
:105F500027F0AEF94E4B01224FF40031C3F80C2567
:105F6000C3F80415C3F808251A6016B0BDE8F0811F
:105F7000484B1C78002C40F04581474D47493F2253
:105F8000284633F046FA3F4A3F49136885F83F40B8
:105F900003F59C530833692013600860D1E701289A
:105FA0007FF45AAF01F01F0100FA01F10B4353E7F0
:105FB000012000FA01F10A4344E7012101FA02F24B
:105FC00033E7012A4FF0000108BF03F01F030991D6
:105FD0000CBF9A400A461AE7314F3B68002B7FF707
:105FE0007CAF304EDFF8DC8000253346424632215C
:105FF00009A833F001F93B680135AB4206F10D0603
:10600000F3DCFAF7E1FA2378002B3FF46CAF264B70
:106010000093264A264B2748002116F025FA264BE6
:106020000093264A264B2348002116F037FA002217
:106030002048114616F02AFA55E700BFAFF300805A
:10604000CDCCCCCCCCCC4C3FFED478E9263108402A
:106050000003005080DB0600AC09070040DD002093
:1060600064F0002060F000203001012031010120A7
:1060700004D8002000D80020B46100201061002066
:106080009CE00020F8DD0020186100200977020064
:106090000000014021010120286100206CD9060088
:1060A00014FD002078F00020B8CC0600B0CC06002B
:1060B000A4CC060010AF0020D1760200917402003B
:1060C0000175020094CC06000420F3F76DFD002852
:1060D00000F095805948302209A9F6F7AFF800285A
:1060E00000F08D8009A832F097F851EC100B31F0D8
:1060F00051FD07EE900AF5EEC07AF1EE10FA504D20
:1061000096BF504A23782378286098BF2A600022DF
:106110008DF82420002B3FF4FAAE0420F3F744FD61
:10612000A8B14948302209A9F6F788F878B109A83A
:1061300032F072F851EC100B31F02CFD07EE900AA2
:10614000424AF5EEC07AF1EE10FA10606ED923786B
:1061500000228DF82420002B3FF4D9AE0420F3F761
:1061600023FDA8B13A48302209A9F6F767F878B1BB
:1061700009A832F051F851EC100B31F00BFD07EE8D
:10618000900A344AF5EEC07AF1EE10FA106049D95F
:10619000237800268DF82460002B3FF4B8AE04204D
:1061A000F3F702FD48B32C48302209A9F6F746F868
:1061B00018B32A4F1F22384609A933F02AF9237849
:1061C000FE7700268DF82460002B3FF4A0AE04205B
:1061D000F3F7EAFC00283FF49AAE2148302209A9DF
:1061E000F6F72CF800283FF492AE1E4B09A918468A
:1061F0001F2233F00EF9C67789E62378E1E723788A
:106200000F4D84E727F0C4F90146174802F0FCFD62
:10621000164A1749136803F59C5308336A20136024
:1062200008608EE6134923781160B2E7114923789C
:1062300011608DE700231A46F7E500BFB8CE0600CF
:10624000B46100200000E0409CCE0600B861002050
:106250008CCE0600BC61002070CE06009461002048
:10626000D0CE06007461002024010120F8DD00205A
:10627000186100200000F041F0B52A4D2C7883B061
:106280001CB9294E3378022B01D903B0F0BD274F3A
:1062900027F07EF93B68C01A42F20F739842F4D996
:1062A00027F076F933783860013320463370FFF7F2
:1062B00017FC0028E9D01E4C1E4EF3F74FFB40F2AE
:1062C0004C431D491D48C4F8006603220CF042FDF2
:1062D0001B4BC4F800661B787BB91A4B1A49012284
:1062E00000240C802A701C80F3F70CFB27F050F977
:1062F000164A174B14701860C7E716490F4840F24A
:106300004C4303220CF08AFE40F24C42C4F8006673
:106310000A4800920323012205210CF015FEC4F85F
:106320000066DAE784E00020348C0020D47B002073
:10633000000001403546526E31730200B0FA002071
:1063400025610020A4BF0020A2BF002026610020FC
:10635000ACE000204176020030B5554C85B0FFF727
:106360008BFF2368534A1B79128DADF8042023B9A3
:10637000514B1B681B79002B75D05049504A097846
:1063800012688DF80630A1F10101B2F5FA7FB1FA79
:1063900081F1D4BF0023012349098DF807108DF83E
:1063A000083027F0F5F801A903464648039301F0A9
:1063B00029FC70B1404A444B216812681B680024D4
:1063C00002280C7114711C7125D0032803D1FEF72B
:1063D0001FFF05B030BD0128FBD13C4B3C4D3D4873
:1063E0001C7019232B7001F0BBFB3B4B3B483C4915
:1063F0003C4A1B7804700C701470002B46D13A4A4A
:106400003A49136803F59C5308334FF0FF3013608B
:10641000086005B030BD2D4B2D4D2E481C70192342
:106420002B7001F09DFB2C4B2C482D492D4A1B78DD
:1064300004700C701470D3B92D4A2E4901231370C7
:106440000B7027F0A5F82C4B2C4A1B68106063B327
:10645000254A2649136803F59C5308330620136028
:10646000086005B030BD184B1B681B7985E72146D5
:1064700040F24C43032222480CF002FD29782048C8
:1064800040F24C4303220CF05BFED5E7214640F27C
:106490004C4303221A480CF0F3FC2978184840F2C8
:1064A0004C4303220CF04CFEA9E7F1F7A1F9CFE72A
:1064B000D460002038E00020D860002040DD0020BB
:1064C000380101209CE00020DC60002025610020D4
:1064D00024610020986B002084E0002086E00020EA
:1064E00099E0002098E00020F8DD002018610020ED
:1064F00084DE002021FD002060DD002024FD00203E
:10650000B0FA0020000000002DE9F04FB24BB34C70
:10651000B34AC3F80026237883B0002B40F09B8059
:10652000B04B1B7833B34FF08043D3F83834DB07DC
:1065300040F19582F2F776FCAB4B1A681379002B89
:1065400040F08D82A948AA49006809680371A94CE6
:1065500013710B7127F01CF82268A74B801A1A6878
:106560004FF47A7393FBF2F3984200F2AA8003B0DF
:10657000BDE8F08FFFF77CFAF4F7D2F89F4B1B7859
:10658000002B40F0D3809E4CFDF714FBF7F770F81A
:10659000F1F782FCF2F754FB2368013300F0998095
:1065A000984D2B783BB1984B1B7823B1974B1B78B8
:1065B000002B00F00282964E00233370FAF708FD9C
:1065C0002B7833B1934B1A7800211970002A40F0D0
:1065D0000882F2F7DFFC2368013300F045818E4B1F
:1065E0001B7823B18D4B1D68002D40F094818C4B9E
:1065F0007D4FDFF8F8A17E4E00221A70DFF864B2FA
:1066000026F0C6FFDBF80050864B451BB5F57A7FB8
:10661000186080F0A081F2F705FC2368B3F5617F74
:1066200000F0C7816A2B01D1FFF77EF8FEF72CFA44
:106630007D497E4A35680C681668DAF800003F68C4
:106640000023B44203713B712B7190DD0B68136022
:1066500003B0BDE8F08F764DFDF7ACFA26F098FF59
:10666000744B2A681B68801A984200F28C805E4D39
:10667000F2F7D8FB2A681379002B74D15D4C5B4884
:106680005B496D4B05680868197800232B711371FD
:106690000371002940F09380574B4FF47A751B68C3
:1066A00095FBF3F526F074FF2368C01AA8427FF625
:1066B0005EAF26F06DFF206003B0BDE8F04FFBF742
:1066C0009FBA26F065FF206003B0BDE8F04FFEF7EB
:1066D0008DB95A4B1B78002B7FF462AF524B1B686D
:1066E000B3F5FA7F00F39081554B464D93ED007A58
:1066F000F2EE047AB4EEE77AF1EE10FAFFF651AF5B
:10670000414A012313702B7026F042FF4D4B4E4A35
:106710001B681060002B00F090810523354A236030
:10672000136803F59C53083313603AE726F030FFF3
:1067300046490A68821A132A03467FF624AF444862
:106740000B601AF001FB434B414883ED000A1AF03D
:106750007BFA414B3E4883ED000A1AF0B5FA3F4BF5
:1067600083ED000A0FE7237813B1F3F70BFF2A68D4
:10677000204C2349236803F59C5308334FF0FF3026
:10678000236008607BE726F003FF034620202B6090
:106790002AF0AEF930F08CFE0BA3D3E9002330F0E1
:1067A00001FF31F0F7F930F0A5FE09A3D3E900238A
:1067B00030F0F8FE31F0EEF9294B186057E741F25E
:1067C00088356FE7AFF30080CDCCCCCCCCCC4C3F40
:1067D000FED478E9263108400000014038DC002072
:1067E0003546526E6A2C0120D8600020D46000200B
:1067F000DC600020F8DD00202061002000D80020AF
:106800001861002021FD002084DE002022010120EB
:1068100085E00020CD7B002048DD00204CDD0020FD
:10682000A4FA002078E00020380101208001012036
:1068300060F00020CC60002085DC002040DC0020DF
:10684000B0E0002060DD002024FD0020B07B0020AF
:1068500004D8002030D8002034D8002038D80020B8
:1068600064F0002080E000207E4B1B78002B4AD093
:106870007D4B1D68002D46D026F08AFE401B41F25C
:106880008735A84207D9794B1B7823B1784B1E680E
:10689000002E40F0DD80774B1B781BB1764B1D68D6
:1068A000002D38D1236801337FF4A1AE734B1A78E1
:1068B000002A00F0A280724D2868DFF808A2714F0C
:1068C000DAF800303A68704E91689B683268A1EB44
:1068D000030C9268BCF1000FC8BF0B46D11A002907
:1068E000C8BF1346181A0028C8BF2B6026F050FEF8
:1068F0002A68664B801A98427FF680AE03B0BDE8E6
:10690000F04FFEF785BC5B4B1B78002BCED05A4B6B
:106910001D68002DCAD026F03BFE401B41F2873592
:10692000A842BFD94F4B1B7823B14F4B1E68002E96
:1069300040F087804D4B1B78002BB3D04C4B1D682B
:10694000002DAFD026F024FE41F28733401B984241
:10695000A8D9F0F7B7FC4E4B1968019107EE901AD1
:10696000F8EE677A17EE900A30F0C4FD494B00222A
:1069700030F018FE80462846894630F099FD0246E0
:106980000B464046494630F037FF31F003F94249A3
:10699000424B02460A6042481B7801992A4601F0A0
:1069A000E3F83B4A0023136026F0F2FDCBF8000029
:1069B00031E6FFF7D1FC236834E63A4B1B68002B25
:1069C00030DC394E3378002B3FF4F8AD26F0E0FD93
:1069D000364B1B68C01A42F20F7398427FF6EEAD39
:1069E000EAE5F2F7C9F8324A136803F59C53083315
:1069F0004FF0FF3113602160EBE501221A7026F0A1
:106A0000C7FD1F4D286058E72A4A2B4D01231370FC
:106A10002B7026F0BDFD294B294A1B6810604BB135
:106A200006237BE626F0B4FD204A1F4B10600122AE
:106A30001A70C3E5F0F7DCFEF2E7F0F7D9FE0523A4
:106A40006CE626F0A5FD801BA8427FF673AF80E7B9
:106A500026F09EFD801BA8427FF61DAF4EE7F4F79F
:106A600063F800BF41DD002044DD002050DD002040
:106A700054DD002048DD00204CDD0020A4FA002079
:106A8000A0FA0020D8600020DC600020DF93040022
:106A900074E0002000408F407CE000202461002052
:106AA000986B00203801012085E00020F8C7002005
:106AB000F8DD002084DE002021FD002060DD0020C4
:106AC00024FD0020D4600020014826F067B900BFF3
:106AD000A456012010B5044B044640F8083B1CF0B6
:106AE000A3FC204610BD00BF70FC060010B5044B8F
:106AF000044640F8083B1CF097FC204610BD00BF40
:106B000070FC060010B5074B044640F8183B1AF01D
:106B100015FC2046044B40F8083B1CF085FC204641
:106B200010BD00BF44FD060070FC06002DE9F04FCB
:106B300089B004A84FF4C1511CF088FCBC4ABD4D7B
:106B4000DFF86883DFF868B3DFF868A3DFF86893DD
:106B5000B94FBA4EBA4C04A910461CF045FC04A823
:106B60001CF062FCB24AB74910462A462EF066FC79
:106B700004A842F63D211CF069FCB34B04A9184659
:106B80001AF0DAFE04A81CF04FFCAF4B2A46184658
:106B900041462EF053FC04A842F63E211CF056FC60
:106BA00004A958461AF0C8FE04A81CF03DFC2A4669
:106BB000414658462EF042FC04A842F63F211CF004
:106BC00045FC04A950461AF0B7FE04A81CF02CFCA2
:106BD0002A46414650462EF031FC04A84FF4295174
:106BE0001CF034FC04A948461AF0A6FE04A81CF0C8
:106BF0001BFC2A46414648462EF020FC38461DF034
:106C0000AFFA2A469149DFF8B4A2DFF8B4923846C9
:106C10002EF014FC30461DF041FB2A468C498D4F66
:106C200030462EF00BFC6A2200218B4819F0E0FC64
:106C3000204602F045FB894B236004F5157002F0F5
:106C400023FB01232A462371854920462EF0F6FBBB
:106C50008448854B854A8649C0F874244FF4807473
:106C60002A26A0F8784400242A4680F87E64C0F8DA
:106C70006C34C471A0F8444480F84644C0F86844B9
:106C800080F87C4480F8824480F888442EF0D6FB5B
:106C90007849DFF830E2DFF830C27748774A784B3E
:106CA0000C824FF47A76C1E901468C740F60754905
:106CB000CEF80440AEF810408EF81240CEF80860CE
:106CC000CEF80070CCE90146C0E90146C2E90146B0
:106CD000C3E90146ACF810408CF81240CCF80070C3
:106CE0000482DFF8E8C1847407601482947417602A
:106CF0004FF0FF3B1C829C741F605046624B019119
:106D000040228021CDF808C0CDF800B01FF03AFB3A
:106D10002A465E4950462EF091FB04A84CF680614D
:106D20001CF094FB04A948461CF05EFB04A81CF070
:106D30007BFB2A464349DFF898A148462EF07EFBAC
:106D400004A84CF681611CF081FB514BDFF8849163
:106D500004A918461AF0F0FD04A81CF065FB4C4B82
:106D60002A46184641462EF069FB04A84CF682617B
:106D70001CF06CFB04A950461AF0DEFD04A81CF0C0
:106D800053FB2A4641465046DFF84CA12EF056FBF5
:106D900004A84CF683611CF059FB04A950461AF074
:106DA000CBFD04A81CF040FB2A46414650462EF07D
:106DB00045FB3848384BDFF824C11F604FF6FF7E93
:106DC00000F10C0A4FF48027DFF81481CCF8008022
:106DD000CCE90146A0F83EE0C3E901462A461C8200
:106DE0009C742E4904718460A0F834B080F83C4053
:106DF000C0F82CA0C0F8009007632EF01FFB2848B5
:106E00002849C0F8009000F10C032A46C3620471BF
:106E100084600763A0F834B080F83C40A0F83EB02E
:106E20002EF00CFB204815F00DFB09B0BDE8F08FEB
:106E3000C4DF00200060002088DC0020F8DC002097
:106E4000B0FA0020D56A030014DF0020056B0300B0
:106E5000ED6A0300B8D9060004D800209CD90600CA
:106E6000897702004865002080F8060000093D008F
:106E7000E1740200BC0101206CDD00202CFD00202B
:106E800044DC0020801A0600A42C01205563050074
:106E9000846A0020B8BF002094AE0020C17B0200AD
:106EA000E46900200D7B020010AF00203D130500B7
:106EB0006CDF0020BCDE0020DCDF0020A0DD002035
:106EC000408E002088DE002088010120A08601007D
:106ED000DC6A0020B4600020346B0020A8BF0020D2
:106EE000F0D90600014825F01FBF00BFA4560120BD
:106EF0000A4B1B7863B10A4B0A491A880B8892B275
:106F00009BB29A4207D00B88074A9BB2D05C70476D
:106F1000064825F001BF4FF0FF307047A96B0020F5
:106F2000A2BF0020A4BF002068AF0020A45601200B
:106F30002DE9F0418CB00746884668463022002192
:106F400031F064FA00236C463D46ADF800308DF810
:106F50000230ADF810308DF82430ADF82C300DF142
:106F6000200C26460FCE664528606960AA60EB605B
:106F7000344605F11005F4D1334607CB1B88AB81AD
:106F800028606960AA6087F8018087F800800CB0EB
:106F9000BDE8F0810A7CCAB102784378037002F040
:106FA000FB020023022AC0E90133C0E90533C0E92E
:106FB0000733C360038280F82430836280F82D3069
:106FC000837000F0EF80002318467047CB7B70B4CD
:106FD000002B41D00378012B40F228818A7B1AB123
:106FE0000122062B42704DD05A1E052A30D8DFE808
:106FF00012F0B6007F0071005E000600DB004A68F8
:1070000040F2DB539A4200F3F080002282610B7A57
:10701000002B00F01F81CC7AD4B94B7AC3B1BAB13E
:107020000B689B1A41F28732934211D98A7A022A5D
:1070300000F0B381012A00F0C7818278C461042383
:107040000121046280F8244044740370817002B10D
:107050000023184670BC70470B7B33B30378012BB9
:10706000BCD80A68897B80F82C30012A38BF0122FD
:10707000062401238262047080F82D30002900F07C
:10708000A680437000230122C0E90133C0E9053323
:10709000C0E90733C360038280F82430836280F83C
:1070A0002D30837002700623D3E7037896E7CA7AFF
:1070B000002A40F0A4800C7A002C40F000810A687D
:1070C0008460012A38BF012202210123C2600170BD
:1070D0000374BEE74A6840F2DB539A427CDC00232B
:1070E00083610B7A002B40F0A4800A688360E8E794
:1070F0000B7A002B40F08E804C6840F2DB529442B9
:1071000040F3BC8082690B68002A40F0B480012BF8
:1071100038BF01238361D1E90032B2F5967F80F256
:10712000AA808268002A40F0E680012B1A4638BF08
:1071300001228260C26844F61F649A1AA24240F299
:10714000A180027C022A00F2A180012B38BF01231A
:1071500001320021C0E902130274012379E74C686F
:10716000B4F5FA7F53DD4268002A00F0BD800D6857
:10717000AA1AB2F5FA6FFFF46BAF40F2DB52012DA1
:1071800038BF012594420A7AC8BF8561002646604F
:10719000002A40F0D88002240121C0E902250470B1
:1071A000017456E703230FE790F82D307BB94B7B32
:1071B00033B90B68816A904A5B1A93427FF648AFF5
:1071C00090F82C30037000234360032341E7002331
:1071D00080F82D3002233CE78369002B81D10B68B6
:1071E000012B38BF012383617BE78269002A7FF48A
:1071F0000EAF0A68012A38BF0122826107E783784F
:1072000003BB05220023C0E90633027021E70023F7
:1072100043601EE70A68012A4FF0030138BF0122CC
:1072200000234261017080F82D3012E702800623AE
:107230000FE7CB7A002B3BD08378002BE1D04B7A41
:10724000002BDED000230522C0E9063383700270D4
:107250000423FEE60122C0E90133C0E90533C0E999
:107260000733C360038280F82430836280F82D30B6
:1072700083700270EDE6002282605BE78361D1E9F2
:1072800000324AE7CB7A002B3FF4E2AE0023012222
:10729000C0E90133C0E90533C0E90733C3600382A5
:1072A00080F82430836280F82D3002700323D0E60A
:1072B0004A7A32B305224374C3610270C9E68C7AFC
:1072C000022C47D0012C59D0002202624A68B2F544
:1072D000967F35DAC269002A40D10B68012B38BF8E
:1072E0000123C3611346B4E60B68012B38BF0123A9
:1072F00043601346ADE69A1AB2F5FA6FFFF41AAF7F
:10730000C4E70968436942F20F74CB1AA3427FF6BF
:107310009FAE437C0133DBB2032B437448D9012376
:107320000370C0E90122C0E90522C0E90722C2605A
:10733000028280F82420826280F82D20062388E6CD
:107340000023C36185E6032200234561027080F8B3
:107350002D307EE6026280F82420B7E7096847F204
:107360002F548A1AA2427FF673AE82780021C1613F
:107370009ABB05218261134601706AE68278002A71
:10738000A2D090F82450002DA0D1066A0A684EBB06
:10739000012A38BF0122026298E704210122C0E9D4
:1073A000074480F82440447423460170827050E6FC
:1073B00001294FF0010338BF012102240374C0E901
:1073C00002210470062344E60423C0E9074480F840
:1073D00024404474827003703BE605228170816111
:1073E000027036E6921B40F6C316B2427FF66EAFCD
:1073F000056280F824402CE6BFD40100A2B3013A14
:107400001A4B10B48C18013911F8012F504040F379
:1074100000021A4082EA500242F30000184080EA5B
:10742000520242F30000184080EA520040F300028A
:107430001A4082EA500040F300021A4082EA5002E9
:1074400042F30000184080EA520242F30000184064
:1074500080EA520040F300021A408C4282EA500057
:10746000D2D15DF8044B7047704700BF2083B8ED60
:10747000194AF0B4040F0346155DC0F30330C3F39B
:107480000364175C145D002065F3070064F30F20AC
:10749000C3F30354C3F30325145D565D64F317402F
:1074A000C3F30315C3F3034403F00F03555D145DE9
:1074B000D25C002367F3070366F30F2365F31743DA
:1074C00064F31F6062F31F6300220860F0BC08468B
:1074D0004B600A72704700BF2CE00600002800F0E5
:1074E000B28070B40478A4F13003DAB2092A00F251
:1074F00086801C464278A2F13003DDB2092D0AD9FC
:10750000A2F16103052B40F28980A2F14103052B12
:107510007FD8A2F137038578A5F13002D6B2092EC3
:1075200043EA041309D9A5F16102052A79D9A5F125
:107530004102052A6DD8A5F13702C578A5F13004BE
:10754000E6B2092E42EA031209D9A5F16103052B1F
:107550006AD9A5F14103052B5BD8A5F1370405795C
:10756000A5F13003DEB2092E44EA021209D9A5F1D1
:107570006103052B5BD9A5F14103052B49D8A5F182
:1075800037034579A5F13004E6B2092E43EA021229
:1075900009D9A5F16103052B4CD9A5F14103052BB0
:1075A00037D8A5F137048579A5F13003DEB2092E6D
:1075B00044EA021209D9A5F16103052B3DD9A5F1D1
:1075C0004103052B25D8A5F13703C579A5F1300472
:1075D000E6B2092E43EA021209D9A5F16103052B8F
:1075E0002ED9A5F14103052B13D8A5F13704037A51
:1075F00044EA02126BB9012070BC0A607047A4F122
:107600006103052B08D9A4F14103052B01D8373CB0
:1076100070E7002070BC7047573C6BE7A2F157033E
:1076200079E7A5F1570288E7A5F1570497E7A5F197
:107630005703A6E7A5F15704B5E7A5F15703C4E73B
:10764000A5F15704D3E7704700293FD0002A3DDD5C
:1076500010230001012AC1E90003C1E9023337D038
:10766000F0B4022A00F12005C1E90533CB610D61B8
:1076700029D000F14006032AC1E90933CB620E622A
:1076800021D000F16007042AC1E90D33CB630F63F9
:1076900019D03024052AC1E9123308644C6412D091
:1076A000062AC1E91454C1E916330CD0072AC1E9EE
:1076B0001864C1E91A3306D0C1E91C740820F0BC73
:1076C000C1E91E3370471046F0BC70470020704778
:1076D000104670472DE9F04F95B010B1B1F5806FAD
:1076E00004D20024204615B0BDE8F08F144652495C
:1076F00046221E46054630F061FE2369002B79D1F3
:107700004E4B06930DF118086369002B7AD14B4B51
:107710000A930DF12809D4E90137E068CDF81090FB
:10772000A169474AD4F800C0CDF80C80002B08BFEF
:107730001346002808BF1046002908BF1146002F35
:1077400008BF174605F14604CDE901700093059185
:10775000BCF1000F14BF634613462046394A40F27D
:10776000BA3131F049FD031EBBDB05F5806504EB42
:10777000030B5D45B5D30BF10907BD42B1D3324AC6
:1077800003CAE0501E9B12788BF80820CBF8041037
:10779000002B4DD0DFF8B890DFF8B0A04FF0000814
:1077A000B8F1000F36D056F828304A4618210EA8F6
:1077B00031F022FD044604F1020BBB445D4538461E
:1077C00022460EA908F101082CD330F0F7FD1E9BCC
:1077D00043452744E4D101240D220A233A707B70EB
:1077E0005F46BD427FF67EAFEA1B38460A2130F085
:1077F0000DFE77E70DF11808144A4046102131F0CC
:10780000FBFC81E70DF12809104A4846102131F0B0
:10781000F3FC80E73368524618210EA831F0ECFCE7
:107820000446C8E707F1020B00245D45D9D3D3E72E
:107830000BF10B0B0124F8E740E006004E2F41004E
:1078400054F8060088E00600A0E0060088D606008E
:10785000ACE006002DE9F04FADF2045D0024DDF848
:107860002C85C8F800401470147682F8384082F8ED
:10787000584082F8684082F8784082F8884018B111
:10788000B1F5806F04D200200DF2045DBDE8F08FE9
:1078900016461F4600F58064024603E094421146F6
:1078A00000F00881114612F8013B0A2BF6D10D1A9F
:1078B000E9D0013D435D0D2B00F0FF808C42E2D901
:1078C00001318C42DFD90B461D4613F8012B0A2AE1
:1078D00000F00E819C421D46F6D1621A40F0F58000
:1078E0006B46994618464FF0000A30F067FD89F85C
:1078F00000A0874932F0F6FB814660B131F06FFDA0
:10790000172828BF1720834602464946304630F0E4
:1079100055FD06F80BA07E49002032F0E3FB8146BE
:1079200078B131F05CFD1F2828BF1F2006F1180335
:10793000024682464946184630F040FD002200F8D3
:107940000A207349002032F0CDFB814678B131F036
:1079500046FD1F2828BF1F2006F138030246824635
:107960004946184630F02AFD002200F80A206849EE
:10797000002032F0B7FB814678B131F030FD0F289E
:1079800028BF0F2006F15803024682464946184692
:1079900030F014FD002200F80A205D49002032F08A
:1079A000A1FB814678B131F01AFD0F2828BF0F20C6
:1079B00006F16803024682464946184630F0FEFC4E
:1079C000002200F80A205249002032F08BFB814649
:1079D00078B131F004FD0F2828BF0F2006F178039D
:1079E000024682464946184630F0E8FC002200F87C
:1079F0000A204749002032F075FB814670B131F012
:107A0000EEFC1F2828BF1F208836824602464946C2
:107A1000304630F0D3FC002306F80A30AC4202D8DE
:107A200046E0AC4244D02B4601351A780A2AF8D1F8
:107A30009C423DD9591C8C423AD90A4602E09442F4
:107A4000104604D01046013205780A2DF7D1421AAB
:107A50002ED09B5C0D2B58D040F2FF34944228BFAF
:107A6000144640AB2246184630F0A8FC00222849B4
:107A7000025532F037FBD8B1254CD8F80030DDF88C
:107A80002855AB424FF00A024FF0000110D232F0FD
:107A9000F7FB2146034630B3D8F80020501CC8F845
:107AA000000047F82230002032F01CFB0028E4D10F
:107AB0000120E9E64FF48065FBE68C427FF6E3AEF9
:107AC0000131002D7FF4FDAEDDE6531EC85C0D28AC
:107AD00013D0FF2A28BFFF226B4603EB0209AC42FA
:107AE00088BF0135FEE632F0FDFA0028C5D1DFE798
:107AF0006A1AEAD16B469946F1E7FF2B28BFFF23AC
:107B00001A466B4603EB0209E9E7013AA4D1CFE735
:107B1000B4E0060038B50446F8B10D4631F05FFC1C
:107B2000D0B1A84219D823782E2B16D0631E184442
:107B300013F8011F21F02002413A192AA1F1300463
:107B400007D9092C05D95F29A1F12D0201D0012AFD
:107B500003D88342ECD1012038BD002038BD00BFDE
:107B600001230373704700BF30B4047BECB9C1B18B
:107B70008568154C02FB0352A4FB024345689B0930
:107B8000C91A4FF47A74294404FB1323C0E9011382
:107B90004B1C10DB0229C8BF022330BCC8BF4360A6
:107BA000704730BCC0E901117047002330BCC0E908
:107BB0000133037370470368013B591A4FF0FF33D9
:107BC00030BCC0E900137047D34D62100023C0E9F8
:107BD0000131016003737047037B73B1406840F665
:107BE000B7330A1A9A4208D8C1F57961044B0F31AC
:107BF0000144A3FB0130800970470020704700BF9B
:107C0000D34D6210CB7803BB0B79B3B18B78CBB972
:107C10008B688360022210B40C780CB14978E9B902
:107C20008168184A5B1A93424FF0000101731DD816
:107C3000002210465DF8044B70478B78A3B98B681F
:107C40000122E8E70222104670478B78002BF9D119
:107C50000B79002BDCD18B680222DCE7017B51B968
:107C6000012243600273E3E70122ECE7032210469E
:107C70005DF8044B7047406840F6B7311B1A8B42E1
:107C8000D7D8D5E7DF93040010B44FF47A7404FB1F
:107C90000233054C4EF6602202FB013104FB00105A
:107CA0005DF8044B704700BF80EE36002DE9F04FC1
:107CB00040F2B27483B0A0429DF830809DF83490B9
:107CC000BDF838E04FF0000C88BF40F26D1A0AD8BA
:107CD0002EE0BBF5247F17D30134A4B24FF4B7755F
:107CE000A042AC4424D004EB840504EBC505A5EB0D
:107CF0008525C5F38D0B4BEA853514F0030F1FFA6C
:107D000085FB4FEA8405E4D0254404EBC505A5EBCB
:107D10008525C5F30B1B4BEA0535ADB20134A32D08
:107D2000A4B28CBF55464FF4B775A042AC44DAD12B
:107D300001294ED900EB800500EBC505A5EB852593
:107D40005C4CC5F30B1AA4FB00B44AEA0535640980
:107D50004FF0640AADB20AFB1404A32DA4B200F0E4
:107D600003000CF11F0A74D908B9002C71D1022943
:107D700000F09E8003290CF13B0000F0978004295D
:107D80000CF15A0000F0928005290CF1780000F007
:107D90008D8006290CF1970000F0888007290CF1EE
:107DA000B50000F0838008290CF1D4007ED00929A9
:107DB0000CF1F3007AD00A290CF2111076D00B29BD
:107DC0000CF5987072D00C290CF5A7706ED00CF2DF
:107DD0006D1CDC00E41A4FF0000565F10005690137
:107DE000600141EAD461C41841F100052B0143EA66
:107DF00014731D465FFA89F03C230021E8FB030160
:107E00004FEA041A1AEB000302F1FF32944445EBE7
:107E1000010200930192DDE90001274BE3FB0C0115
:107E200042014B01121A43EAD06363EB0103940051
:107E30009B00261843EA927343EB0107FB00F20014
:107E400012EB0E0043EA567343F1000103B0BDE8A4
:107E5000F08F02292CD003290CF13C0026D00429F4
:107E60000CF15B0022D005290CF179001ED0062907
:107E70000CF198001AD007290CF1B60016D0082989
:107E80000CF1D50012D009290CF1F4000ED00A290A
:107E90000CF589700AD00B290CF2311006D00C2990
:107EA0000CF24F1018BF0CF5B77C92D1844690E7C6
:107EB000D4468EE71F85EB51805101002DE9F04338
:107EC000984687B0002B4FD004460D4654EA050370
:107ED000914634D06F46002601E0182E49D0204646
:107EE00029460A2200232FF0B3FF02F1300107F8E0
:107EF000011B0A220023204629462FF0A9FF2B460A
:107F00002246002B08BF0A2A0D460446314606F1D8
:107F10000106E2D28B1C98451FD34A1C09F1FF339E
:107F20006A44981912F8011D03F8011F9842F9D10B
:107F30000023304609F8063007B0BDE8F083B8F1F9
:107F4000010F0AD9012630220023304689F800208B
:107F500089F8013007B0BDE8F0830026304689F883
:107F6000006007B0BDE8F0831E46304607B0BDE8AC
:107F7000F08317211923CEE7836A002B74DD2DE9E6
:107F8000F04FD0E9006787B0044600220023304656
:107F900039462FF06FFD00284ED0D4E90289002227
:107FA0000023404649462FF065FD002858D194ED46
:107FB000067B8DED007B94ED087BD4E904AB8DED61
:107FC000027B334B0022404649462FF05DFD0028DE
:107FD00046D1304B4046494600222FF073FD002821
:107FE0003ED127A3D3E90023504659462FF04CFD3C
:107FF000002835D124A3D3E90023504659462FF059
:1080000061FD68BBDDE90001002200232FF046FD81
:1080100030BBDDE9026700220023304639462FF0ED
:1080200033FDE8B91C4B3046394600222FF036FDAF
:10803000003818BF012014E0184B002230463946A2
:108040002FF022FD94ED067B8DED007B94ED087BF7
:10805000D4E90289D4E904AB8DED027B059028B107
:10806000002007B0BDE8F08F002070470C4B304671
:10807000394600222FF026FD0028F1D1A1E700BFEC
:108080000000000000408FC000000000006AE840CF
:10809000008066C00080664000407F40008056C07F
:1080A0000080564038B50446A8B10D4631F097F926
:1080B00080B1A8420FD8621E104412F8013FA3F10C
:1080C00030010929A3F12D0301D9012B03D88242E4
:1080D000F3D1012038BD002038BD00BF00000000F2
:1080E0002DE9F04F2DED028B55EC124B57EC106B38
:1080F00083B012EE100A10EE102A3B4629465BECC4
:1081000013AB59EC118B2FF095F842A3D3E9002360
:108110002FF048FA41EC100B2DF0D2FA3FA3D3E92F
:1081200000233046394657EC106B2FF03BFA41ECF8
:10813000100B2DF009FA39A3D3E900232046294674
:1081400055EC104B2FF02EFA41EC100B2DF0FCF9F2
:1081500042464B465046594659EC108B2FF06AF870
:108160002CA3D3E900232FF01DFA41EC100B2DF0C6
:10817000A7FA53EC102B10EE100A19462FF012FA42
:1081800042464B462FF00EFA22462B462FF00AFAB3
:1081900032463B4604460D46304639462FF002FA39
:1081A00002460B46204629462FF046F802460B466B
:1081B00043EC102BCDE900232DF0DCFADDE90023A0
:1081C000B0EE408AF0EE608A114900202FF032F8BC
:1081D00041EC100B2DF0CEFAB0EE401AF0EE601A22
:1081E000B0EE480AF0EE680A2DF0C2FA06A3D3E911
:1081F000002351EC100B2FF0D5F941EC100B03B01C
:10820000BDEC028BBDE8F08F9A99999999EDBE402B
:108210000000F03F399D52A246DF813F399D52A2B6
:1082200046DF913F000000002DE9F04F16468BB06D
:1082300023F000498C4686461F46494649A3D3E9A8
:1082400000233046E246CDF808C0F346CDF800E002
:108250002FF0A8F941EC100B2DF0CAF942F2107280
:108260000023814688462FF0F3FD42F21072044647
:108270000D464846414600232FF0EAFD304694461D
:10828000394600220023CDF80CC02FF0FDFB00285A
:108290005FD1CDF804A00DF1100BDA460026204680
:1082A00029460A2200232FF0D3FD30320AF8012B91
:1082B000204629460A2200232FF0CAFDA946A046DF
:1082C000B9F1000F08BFB8F10A0F374604460D4652
:1082D00006F10106E3D2019B009A013B5E44134480
:1082E00016F8012D03F8012FB345F9D1039E1C4B5D
:1082F000A3FB0612D208A3FB0201C908A3FB0103DA
:108300000198DB0803EB8304851C00F1010C01EBF1
:108310008100A1EB440102EB8204A2EB4002009831
:108320003D448444A6EB4404461902984FF02E0EB7
:108330000CF807E0C0F10400009F303130333032D8
:10834000303428447B557170B270F4700BB0BDE8C6
:10835000F08F2D2352460BF80A30531C01939AE7F5
:10836000CDCCCCCC000000000088C3402DE9F04FFC
:1083700016468BB023F000498C46864600221F46E5
:1083800049463C4BCDF808C03046E246F346CDF8AE
:1083900000E02FF007F941EC100B2DF029F96422D1
:1083A0000023814688462FF053FD642204460D4683
:1083B0004846414600232FF04BFD3046944639464F
:1083C00000220023CDF80CC02FF05EFB002849D11D
:1083D000CDF804A00DF1100BDA4600262046294600
:1083E0000A2200232FF034FD30320AF8012B2046F8
:1083F00029460A2200232FF02BFDA946A046B9F1F9
:10840000000F08BFB8F10A0F374604460D4606F1C3
:108410000106E3D2019B009A013B5E44134416F827
:10842000012D03F8012FB345F9D1039C124B009D98
:108430002246A3FB0223019A501CDB08BA1807440A
:10844000029803EB83012A44A4EB4101C0F103002D
:10845000303130332E243844EC55D17093700BB04A
:10846000BDE8F08F2D2352460BF80A30531C0193C0
:10847000B0E700BF00005940CDCCCCCC002800F0C4
:1084800083800378002B7FD0A3F16102192A61D980
:10849000A3F14102192A03D9A3F13002092A73D8A2
:1084A00082B042788DF80030002A5ED0A2F16103DC
:1084B000192B5DD9A2F14103192B03D9A2F1300385
:1084C000092B52D883788DF80120002B4DD0A3F1D1
:1084D0006102192A4FD9A3F14102192A03D9A3F144
:1084E0003002092A41D8C2788DF80230002A3CD0E7
:1084F000A2F16103192B41D9A2F14103192B03D930
:10850000A2F13003092B30D803798DF8032063B32F
:10851000A3F16102192A34D9A3F14102192A03D91E
:10852000A3F13002092A20D842798DF80430E2B153
:10853000A2F16103192B10D8203AD2B283798DF8B9
:10854000052093B90098BDF80430086001208B80A5
:1085500002B07047203BDBB2A2E7A2F14103192B26
:10856000ECD9A2F13003092BE8D9002002B0704702
:10857000203AD2B2A6E7203BDBB2B4E7203AD2B22F
:10858000C2E7203BDBB2CFE70020704703680B60F7
:1085900083888B8000238B71704700BFF0B40C4D33
:1085A00004460E460FCD20606160A26007CD2F8883
:1085B000AD7820616161A261E360A783A57733682C
:1085C000C4F81330B388A4F817301F20F0BC7047EC
:1085D000F4E0060030B4074C05460FCC2860696013
:1085E00003CC24782861AA60EB602C76696119209D
:1085F00030BC7047B8E00600034690B1082910D996
:1086000070B4094902248E8C086A91F826509E8025
:10861000002118601A719D71DC711972092070BCFB
:1086200070470020704700BFF4E00600034690B199
:10863000082910D970B4094900248E8C086A91F871
:1086400026509E80032118601A719D71DC71197289
:10865000092070BC70470020704700BFF4E006009E
:108660002DE9F04FBBB004910590002800F0368250
:10867000DC48934606A94722002301F8012B10F895
:10868000012F9A460133002AF7D19BF801E09BF8AD
:1086900003000390A2F13332A2FB0E06BBF8048064
:1086A0009BF802C09BF80010F608A2FB0605A2FB8F
:1086B0000C040F46A2FB08010398ED08A2FB0090F2
:1086C00005EB85050DF1E8094B44A6EB4505002FA8
:1086D0004FEAD404DBF81070009705F1300503F879
:1086E000D05CA2FB047506EB86063AAB4FEAD505D3
:1086F000AEEB4606534405EB850506F130064FEA1E
:10870000D1014FEAD000A4EB450504EB840403F843
:10871000CE6CA2FB01E9ACEB440CA2FB00644FEA77
:10872000D9094FEAD404A2FB096204EB8404039E36
:10873000A0EB44044FEAD20200EB8000A6EB40001D
:1087400002EB8202DBF8146005F13005A9EB42026E
:1087500009EB890903F8CD5CA1EB490926F0004536
:10876000019509F1300901EB810103F8C79CA8EBE1
:108770004101DDE9008904F130040CF1300C14BF33
:1087800041275627303203F8CB4C01F130052C2419
:1087900030302E2103F8CCCC03F8CA0C03F8C91CE6
:1087A00003F8C82C03F8C65C03F8C54C03F8C47C76
:1087B00003F8C34C494640462FF0A4F92EF088FE3A
:1087C00006460F4632463B46404649462EF032FDAD
:1087D000854B00222EF0E6FE844B8046894600221F
:1087E000304639462EF0DEFE02460B4640464946EC
:1087F0002EF022FD0AF10E0A024621F0004306A8DF
:108800005146FFF711FD3AAB824403EB0A05DBE961
:10881000040105F8D04C002200232FF035F9DBE9E4
:1088200006893AAA0AF101030028134429F00047F7
:1088300014BF53224E2203F8D02C394605F8CE4CF3
:1088400040462FF05FF92EF043FE04460D462246C7
:108850002B46394640462EF0EDFC634B00222EF0AD
:10886000A1FE624B06460F460022204629462EF006
:1088700099FE02460B46304639462EF0DDFC0022BA
:1088800004460D460023404649462FF0FDF80AF104
:10889000030A002840F035812B465146224606A89F
:1088A000FFF7C2FC824406A90AF1FF33504A0B4489
:1088B0002C25002103F8015F12F8015F0131002D22
:1088C000F8D18A44DBE90823514606A8FFF74EFD9C
:1088D0003AAB504400F1010803EB000A4146DBE9E2
:1088E0000A232C2406A80AF8D04CFFF73FFD414B81
:1088F0009BF806E09BF807909BF808A03E4EA3FB70
:108900000E214FEAD10BA3FB092CA3FB0A274044FD
:108910003AAA0BEB8B08AEEB480802EB000EA3FB68
:108920000B21C9084FEADC0C01EB8101FF08ABEB1E
:108930004101A3FB0CB2D208A3FB07B3DB0802EB97
:108940008202ACEB420203EB8303A7EB430330321A
:108950000CEB8C0C07EB8707A9EB4C0C0EF8CD2C1D
:1089600003F1300906AA831DAAEB470A08F1300873
:1089700030310CF1300C0AF1300A0EF8CE8C0EF8C2
:10898000D04C0EF8CF1C0EF8CCCC0EF8CB9C073098
:1089900002F803A0134403F8014F16F8014F013504
:1089A000002CF8D1451900F0B0806B1E062B40F268
:1089B000AE8025F0030106AB194453F8042B8B421B
:1089C00084EA0204F9D1C4F30723C4F307426340E5
:1089D000534083EA1464AA07E4B225F0030348D0A5
:1089E0000CE000BFD4E0060000004E4000005940FB
:1089F000DCE00600CDCCCCCCE0E006003AA919447E
:108A00005A1C11F8D01C954284EA010431D93AA9C4
:108A10000A44991C12F8D02C8D4284EA0204E4B274
:108A200027D93AAA1144DA1C11F8D01C954284EADD
:108A300001041ED93AA90A44191D12F8D02C8D42FE
:108A400084EA020415D93AAA11445A1D11F8D01C1F
:108A5000AA4284EA01040CD23AA90A44063312F865
:108A6000D02C9D4284EA020403D90B4413F8D03C75
:108A70005C40270904F00F04264A1EA92C26002377
:108A800001F8016B12F8016F18460133002EF7D17F
:108A90003AAA134400F104080244072003F8700CBA
:108AA0002C20242302F86E0C1EA802F86D3C06A9A7
:108AB0002A4640442FF082FC4544174A3AAB2B44E7
:108AC000D15D125D03F86F1C2A2003F8700C03F8C7
:108AD0006E2C049B05F109049C4204D90024204615
:108AE0003BB0BDE8F08F05980C4B0671EA1C427153
:108AF00003601EA906302FF061FC20463BB0BDE8A4
:108B0000F08F05F100431D46C6E62746B4E723462D
:108B100074E700BFECE006001CE10600FCEFFE83FA
:108B200038B1042902D90378FE2B03D00020704706
:108B3000012070474378EF2BF8D18378FE2BF5D1D5
:108B4000C378072B01D0022070470379002BFAD19C
:108B50000A29F8D9002AEBD0063943184158116088
:108B60009B8893800120704738B1062902D9037889
:108B7000FE2B03D000207047012070474378EF2B75
:108B8000F8D18378FE2BF5D1C378102BF2D143793D
:108B90009A1D8A42EED8042BEED9421D1A440930A0
:108BA000002110F8013F3A2B08BF01318242F8D171
:108BB0000229B4BF01200220704700BF8AB3F0B57C
:108BC0001C4683B00BB31F4E1F4BA6FB0056B60BC3
:108BD0004EF66025A3FB00C705FB16054EF65F2C7D
:108BE000A3FB0535BF094FF47A7E60454FEA951324
:108BF0000EFB17070BD8012914D002291AD01046F2
:108C00000097124A214630F0F7FA03B0F0BDCDE9E3
:108C100000372146334610460D4A30F0EDFA03B0D6
:108C2000F0BD70470097214610460A4A30F0E4FA3A
:108C300003B0F0BD009721461046074A30F0DCFA39
:108C400003B0F0BD73B2E745D34D62105CE106009E
:108C500030E1060040E1060050E106002DE9F04F4A
:108C6000804693B0002849D09246002A46D0002979
:108C70000E4643DD002B994640DD4022964202A875
:108C80004FF00001A8BF16462FF0C0FB0023019350
:108C900018464FF0010B08F10103019A814582F05B
:108CA00001072CDD00F1FF3CD44402A900224FF063
:108CB000FF3511F8014B74B913F81240BC420AD1C8
:108CC00018F812403CB1B5F1FF3F1BD018F815E081
:108CD000A64538BF154601329642EAD16A1C13D028
:108CE00012AA5119013018F815200CF8012F8145EE
:108CF00001F840BCD9D113B0BDE8F08F002013B00B
:108D0000BDE8F08F1546E6E7019A002AF7D1012267
:108D100048450192C1DBF2E700284CD02DE9F04133
:108D2000069C002C48D0002941DD002A3FDD002BA5
:108D30003DDD079C002C3ADDA142A8BF21464D1E17
:108D4000541B94FBF1F4012C0DDC012903D12CE020
:108D5000012D2AD0013DC5F10104144494FBF5F422
:108D6000012C2946F4DD661C0138DFF858C0069D49
:108D70004718B6B224B24FF0000E10F8012FA5F834
:108D800000E0322AA8BF322203FB02F2ACFB0282CF
:108D90001209B6448742AA806C801FFA8EFE05F144
:108DA0000605EAD10846BDE8F081012C08D0002173
:108DB0000846BDE8F081704721460846BDE8F081CD
:108DC0002146D0E71F85EB51884202D0012802D00E
:108DD00018B901207047042905D0A0F10400B0FAA9
:108DE00080F0400970477047012802D1042908BF6C
:108DF00001210846704700BF884201D0002070471B
:108E0000003818BF012070470023C0E900310381FA
:108E1000704700BF037A73B1006840F6B7330A1A8F
:108E20009A4208D8C1F57961044B0F310144A3FB84
:108E30000130800970470020704700BFD34D621099
:108E40000B7843B94B78B3B14B6843604FF48073F0
:108E50000381002070474A784B6843603AB9427AF0
:108E6000D2B1027ADAB9012203600272F1E700237B
:108E70000372002070478B78002BE5D1CB78002B54
:108E8000E2D14B6841680A4A5B1A93424FF4807101
:108E90000181DED90220704702720020704701680C
:108EA00040F6B7325B1A9342D3D90120704700BF16
:108EB000DF930400024B436000220260704700BF52
:108EC00000401C46002928DD07EE901A9FED135A3A
:108ED00090ED017ADFED125A90ED006AF8EEE77A34
:108EE00037EE257AC5EE276AF7EE007A76EE876AC6
:108EF00030EE460AC7EE265A77EEE56AA0EE256AFE
:108F000026EE877A80ED006AB4EEE77AF1EE10FA89
:108F100058BFF0EE477AC0ED017A704700401C451B
:108F200000004844B5EEC00AF1EE10FAF0EE407AC7
:108F30000BD9F5EEC00AF1EE10FA06D99FED047ACE
:108F400060EE870A80EEA70A70479FED020A70471D
:108F5000C0E1644C000000000368DA0305D54368F3
:108F60000A6813420BD001207047D90210D49A0727
:108F700010D413F0040F0CBF002005207047826846
:108F800048680242EFD18868034205D0022070474A
:108F90000320704704207047CB681A4214BF022098
:108FA00006207047437C03B1704730B54FF48072A0
:108FB00085B002820321FF22019304468DF803202D
:108FC0008DF806208DF80510827B417B8DF80020FE
:108FD0004FF080451A4602958DF80110057BC3734A
:108FE000694603938DF8025026F02CFFA37B1F2BBC
:108FF00086BF03F01F030C4A4FF0A04203F5E07355
:1090000040F2013142F82310637B1F2B86BF03F02F
:109010001F03054A4FF0A04203F5E07340F203310D
:1090200042F8231005B030BD0003005010B50446CF
:1090300027F04AF80023637410BD00BF10B483B05A
:1090400002AB03E906009DF805109DF804200368B3
:10905000013918BF01210024022AC3F800450C463B
:109060000174C27332D0032A2DD0012A28D0224A9B
:109070000099B2FBF1F2B2F5007FC3F8544504D277
:10908000FF2A0DD94FF0806101E04FF000710722F7
:10909000C3F82415C3F8002503B05DF8044B7047EE
:1090A0007F2A16D83F2A17D81F2A18D80F2A19D86E
:1090B000072A02D811498B4217D04FF00041E6E74A
:1090C00041F00204D3E741F00604D0E741F0040484
:1090D000CDE74FF00061DAE74FF08051D7E74FF06E
:1090E0000051D4E74FF08041D1E7032A8CBF4FF005
:1090F00020614FF0A051CAE70090D00300F0024079
:1091000003680022C3F80025704700BFC37B0268D4
:10911000013918BF0121022B017406D0032B0ED098
:10912000012B07D0C2F85415704741F00401C2F872
:109130005415704741F00201C2F85415704741F0D0
:109140000601C2F8541570478AB32DE9F04107466D
:1091500084B00C4615464FF6FF7845452E464FF035
:10916000000269463846009428BF464654B1CDE90E
:109170000164039627F012F8AD1B3444EDD104B01E
:10918000BDE8F0814FF6FF7804E045452E46009497
:1091900028BF4646002269463846CDE9014403947B
:1091A00026F0FCFFAD1BF0D104B0BDE8F0817047A4
:1091B00030B587B001230D460DF10704002202A946
:1091C000CDE903348DF807500294059326F0E6FFAD
:1091D0009DF8070007B030BD0F49104A1048114BE9
:1091E00070B44D6A0C6A157301251060886A157198
:1091F0004E6E947350734C6F886E0B4D1E7300212E
:109200009C735873D17311821971D97319821D60BF
:10921000916070BC99607047AC0907006C2C01200C
:1092200000F00240802C01200030024000207047F6
:1092300000207047704700BF704700BF704700BFF5
:10924000704700BF406828B108B50368DB689847DD
:1092500080B208BD704700BF406840B108B522B178
:1092600003685B689847C0B208BD104608BD7047E8
:10927000406838B108B50AB9104608BD23F0D8FCDB
:10928000C0B208BD704700BF024A026000224260BF
:10929000704700BF70E1060010B50446406828B969
:1092A0000BE0606803681B69984760680368DB68C7
:1092B00098470028F5D1012010BD61600846F5E708
:1092C000F0B4594A02604FF00056002400250022F5
:1092D00046604FF49A76C0E90245C0E90445C0E90A
:1092E0000645C0E90845C0E90A45C0E90C45C0E9A2
:1092F0000E45C0E91045C0E91245C0E91445C0E972
:109300001645C0E91845C0E91A45C0E91C45C0E941
:109310001E45C0E92045C0E92245C0E92445C0E911
:109320002645C0E92845C0E92A45C0E92C45C0E9E1
:109330002E45C0E93045C0E93245C0E93445C0E9B1
:109340003645C0F8E020A0F8702180F87221C0F8FE
:10935000A861202680F8AC6100F5C776C0F8B86136
:1093600000F5C8763149C0F8C86140F66416C0F807
:10937000F011A0F8F461642140F6FC3680F809127F
:10938000A0F81C622A49C0F88821002601274FF066
:10939000010CC0E95E45C0E96045C0E96645C0E929
:1093A0006822C0E96C22C0E97022C0E97422C0E9D9
:1093B0007822A0F88C21C0F89421C0F8D821C0F8F8
:1093C000E821C0F8F821C0F81022C0F81822C0F82F
:1093D000BC11C0F8CC11C0F8DC11C0F8EC11C0E928
:1093E0005A45C0E98067C0E98A22F0BCC0E98C22F6
:1093F000C0F8202280F82422C0F83822A0F83C22AD
:1094000080F83F2280F84022A0F84222C0F844228F
:10941000A0F84822C0F84C22C0F8142280F8E820B6
:1094200080F850C2704700BF90F0060000026464EC
:109430000000020270B50546D0F8280268B195F820
:109440008C31002B40F08A8326F0F6FB0023C5F810
:109450002832A5F82C32A5F83232D5F8340230B1D2
:1094600026F0EAFB0023C5F83432A5F83832D5F8E7
:10947000440220B126F0E0FB0023C5F84432A8687E
:1094800018B126F0D7FB0023AB60E86818B126F0CE
:10949000D1FB0023EB60A86C18B126F0CBFB0023B6
:1094A000AB642B695BB1186A002800F06E8326F06C
:1094B000C1FB2B69002B40F0688300232B616B6993
:1094C0005BB1D869002800F0588326F0B3FB6B69C4
:1094D000002B40F0528300236B61AB695BB1186ACB
:1094E000002800F07A8326F0A5FBAB69002B40F042
:1094F00074830023AB616B6A5BB1D86E002800F007
:10950000688326F097FB6B6A002B40F06283002390
:109510006B622B6A5BB1D86A002800F0668326F084
:1095200089FB2B6A002B40F0608300232B62AB6A1F
:109530005BB1186A002800F0548326F07BFBAB6A0D
:10954000002B40F04E830023AB622B6B5BB1186A9B
:10955000002800F0528326F06DFB2B6B002B40F0AF
:109560004C8300232B636B6B5BB1186B002800F0FE
:10957000408326F05FFB6B6B002B40F03A830023A7
:109580006B63AB6B5BB1986A002800F03E8326F0FA
:1095900051FBAB6B002B40F038830023AB63EB6BCC
:1095A0005BB1186B002800F02C8326F043FBEB6BBB
:1095B000002B40F026830023EB632B6C63B1D3F8C0
:1095C0008400002800F0E98226F034FB2B6C002B8D
:1095D00040F0E38200232B64EB6A5BB1186A002839
:1095E00000F0D78226F026FBEB6A002B40F0D182F8
:1095F0000023EB626B6C5BB1186A002800F0D58227
:1096000026F018FB6B6C002B40F0CF8200236B64BC
:10961000EB6C5BB1586B002800F0C38226F00AFBAC
:10962000EB6C002B40F0BD820023EB642B6D5BB133
:10963000D86C002800F0C18226F0FCFA2B6D002BBC
:1096400040F0BB8200232B656B6D5BB1D8690028AD
:1096500000F0AF8226F0EEFA6B6D002B40F0A9828D
:1096600000236B65EB695BB11869002800F0AD82DF
:1096700026F0E0FAEB69002B40F0A7820023EB61B3
:10968000AB6D63B1D3F8080C002800F09A8226F085
:10969000D1FAAB6D002B40F094820023AB65EB6DEB
:1096A00063B1D3F8D405002800F0D78226F0C2FABF
:1096B000EB6D002B40F0D1820023EB652B6E5BB18C
:1096C0009868002800F0C58226F0B4FA2B6E002BB3
:1096D00040F0BF8200232B666B6E5BB19868002858
:1096E00000F0C38226F0A6FA6B6E002B40F0BD821C
:1096F00000236B66AB6E5BB19868002800F0B18206
:1097000026F09AFAAB6E002B40F0AB820023AB66DA
:10971000EB6E5BB19868002800F0AF8226F08AFA01
:10972000EB6E002B40F0A9820023EB662B6F83B118
:10973000586D10B126F07EFA2B6FD86D002800F01E
:10974000988226F079FA2B6F002B40F0928200234A
:109750002B676B6F63B1D3F8980B002800F09582EC
:1097600026F068FA6B6F002B40F08F8200236B6746
:10977000AB6F63B1D3F8D808002800F0828226F0DE
:1097800059FAAB6F002B40F07C820023AB67EB6F84
:109790005BB1986A002800F0488226F04BFAEB6F24
:1097A000002B40F042820023EB67D5F880306BB18C
:1097B000D869002800F0358226F03CFAD5F88030D0
:1097C000002B40F02E820023C5F88030D5F884307D
:1097D00073B1D3F82C01002800F01F8226F02AFA7A
:1097E000D5F88430002B40F018820023C5F884306F
:1097F000D5F888306BB1986C002800F00A8226F00A
:1098000019FAD5F88830002B40F003820023C5F800
:109810008830D5F88C306BB1D869002800F01582FB
:1098200026F008FAD5F88C30002B40F00E82002389
:10983000C5F88C30D5F89C306BB1986B002800F0DF
:10984000008226F0F7F9D5F89C30002B40F0F98122
:109850000023C5F89C30D5F890306BB1186B002808
:1098600000F0EB8126F0E6F9D5F89030002B40F0BF
:10987000E4810023C5F89030D5F8943073B1D3F863
:109880009000002800F0D58126F0D6F9D5F8943064
:10989000002B40F0CE810023C5F89430D5F89830E5
:1098A00073B1D3F84002002800F01F8226F0C2F9FD
:1098B000D5F89830002B40F018820023C5F8983076
:1098C000D5F8B00020B126F0B5F90023C5F8B030C6
:1098D000D5F8B40020B126F0ADF90023C5F8B430B6
:1098E000D5F8A4306BB1D86A002800F0FA8126F0D0
:1098F000A1F9D5F8A430002B40F0F3810023C5F87E
:10990000A430D5F8A8306BB1186B002800F0E581C1
:1099100026F090F9D5F8A830002B40F0DE81002326
:10992000C5F8A830D5F8A0306BB1586D002800F00C
:10993000D08126F07FF9D5F8A030002B40F0C98106
:109940000023C5F8A030D5F8AC306BB1D86A002838
:1099500000F0DB8126F06EF9D5F8AC30002B40F03A
:10996000D4810023C5F8AC30D5F8B83073B1D3F842
:10997000D000002800F0C58126F05CF9D5F8B83099
:10998000002B40F0BE810023C5F8B830D5F8BC30BC
:1099900073B1D3F8D000002800F0AF8126F04AF967
:1099A000D5F8BC30002B40F0A8810023C5F8BC30AE
:1099B000D5F8C03073B1D3F8D000002800F09981F9
:1099C00026F038F9D5F8C030002B40F09281002302
:1099D000C5F8C030D5F8C43073B1D3F8D000002832
:1099E00000F0638126F026F9D5F8C430002B40F052
:1099F0005C810023C5F8C430D5F8C83073B1D3F802
:109A0000D000002800F04D8126F014F9D5F8C830B8
:109A1000002B40F046810023C5F8C830D5F8CC3083
:109A200073B1D3F8D000002800F0378126F002F996
:109A3000D5F8CC30002B40F030810023C5F8CC3075
:109A4000D5F8D0306BB1D86E002800F0228126F016
:109A5000F1F8D5F8D030002B40F01B810023C5F879
:109A6000D030D5F8D4306BB1D86E002800F02D81FD
:109A700026F0E0F8D5F8D430002B40F02681002302
:109A8000C5F8D430D5F8D83073B1D3F8D000002859
:109A900000F0178126F0CEF8D5F8D830002B40F032
:109AA00010810023C5F8D830D5F8DC3073B1D3F875
:109AB000D000002800F0018126F0BCF8D5F8DC3099
:109AC000002B40F0FA800023C5F8DC30D5F81032C6
:109AD0006BB15868002800F0EC8026F0ADF8D5F89E
:109AE0001032002B40F0E5800023C5F81032D5F885
:109AF000180220B126F09EF80023C5F81832D5F8D8
:109B0000E0305BB1586C00283BD026F093F8D5F8D4
:109B1000E030002B35D10023C5F8E030D5F82062C5
:109B2000AEB174680CB90CE0064620466468002C9F
:109B3000FAD126F07FF87460D5F820627468002CA2
:109B4000F3D1304626F076F80023C5F820322B6892
:109B5000724ADB68934240F0DC8070BDD5F88831F2
:109B6000002B3FF471AC6E49184622F081FDD5F808
:109B7000280200283FF46AAC66E4184626F05AF83A
:109B8000A9E4184626F056F8C5E7184626F052F81C
:109B900093E4184626F04EF82AE5184626F04AF8CF
:109BA00018E5184626F046F83EE5184626F042F835
:109BB0002CE5184626F03EF852E5184626F03AF80D
:109BC00040E5184626F036F867E5184626F032F8E4
:109BD00054E5184626F02EF899E4184626F02AF89F
:109BE00087E4184626F026F8ADE4184626F022F859
:109BF0009BE4184626F01EF8C1E4184626F01AF831
:109C0000AFE4184626F016F8D5E4184626F012F808
:109C1000C3E4184626F00EF8F8E5184626F00AF8D0
:109C2000E3E5184626F006F8CDE5184626F002F8DA
:109C3000B9E5184625F0FEFF2DE6184625F0FAFF97
:109C400017E6184625F0F6FF02E6184625F0F2FF63
:109C5000EDE5184625F0EEFF3CE5184625F0EAFF55
:109C60002AE5184625F0E6FF50E5184625F0E2FF04
:109C70003EE5184625F0DEFF69E5184625F0DAFFD7
:109C800052E5184625F0D6FF7FE5184625F0D2FFAD
:109C90006CE5184625F0CEFFE0E6184625F0CAFF31
:109CA000CBE6184625F0C6FFB5E6184625F0C2FFFC
:109CB0009FE6184625F0BEFF16E7184625F0BAFFC6
:109CC00001E7184625F0B6FFEBE6184625F0B2FF8F
:109CD000D5E6184625F0AEFF32E6184625F0AAFF75
:109CE0001DE6184625F0A6FF08E6184625F0A2FF57
:109CF000E3E5184625F09EFF69E6184625F09AFF31
:109D000053E6184625F096FF3DE6184625F092FFEB
:109D100027E62846BDE87040184700BF15730200CB
:109D200094E1060010B50E4B03600446FFF782FB7A
:109D3000D4F8980120B125F07FFF0023C4F89831B2
:109D4000D4F89C0120B125F077FF0023C4F89C31A2
:109D5000D4F8A00108B125F06FFF204610BD00BF68
:109D600090F00600F8B504460D46B9B9D0F8980150
:109D700000283DD025F060FF94F88C31C4F898514C
:109D8000C4F8D851C4F89451002B48D0D4F88801B5
:109D900010B1254922F06CFC0120F8BDD0F89831B3
:109DA00033B3084625F044FFD4E96527AA4228BF0B
:109DB0002A46394606462EF001FB384625F03CFF80
:109DC000D4F8A831C4F8986105F108029A42C4F8A1
:109DD000D861C4F89451DFD994F88C31D3B1D4F858
:109DE00088010028D8D0114922F042FC0120F8BD9A
:109DF000284625F01DFFD4F8A831C4F89451083541
:109E00009D42C4F89801C4F8D801C5D994F88C31A2
:109E1000002BE4D194F88D31002BBDD0DFE794F80E
:109E20008D31002BB8D0B1E708E2060034E206001D
:109E3000C0F87411704700BF10B40BB100241C802F
:109E4000013927291ED8DFE801F021651D1D1D1DE0
:109E50001D1D1D7F1D1D8C1D1D9A1D1DB11D1D1D50
:109E60001D1D1D1D1D1D1D1D1D1D1D1D1D1D1D1D22
:109E7000BF14002A00F0D780012A00F02B81022AAB
:109E800000F0AE8000205DF8044B7047012A00F01E
:109E9000E580032A00F00481042A00F03681052AB7
:109EA00000F0B980072A00F04181092A00F04681BC
:109EB000112A00F04B81122A00F05081132A00F081
:109EC0005581142A00F05A81172A00F05F81212A57
:109ED00000F06981222A00F06E81262A00F0738149
:109EE0003B2A00F078813C2A00F07D81602A00F056
:109EF0008281612A00F08781352A00F08C81432A13
:109F0000C0D113B14FF4B9621A80C06D003818BFC8
:109F10000120B8E7132A00F08F80152A00F0D180C5
:109F2000732A00F0E080342A6DD0142A00F0F58006
:109F3000722AA7D113B14FF404721A80036E002B5A
:109F400000F02C8101209EE7362A7DD0092A99D184
:109F50000BB13C221A80D0F88800003818BF0120CD
:109F600091E7032A00F08B80012A8BD10BB11022DC
:109F70001A80D0F88000003818BF012083E7142A27
:109F800000F08580152A00F09380022A00F0B4804A
:109F9000032A2ED0102A7FF475AF0BB12C221A8021
:109FA000D0F89C00003818BF01206CE7602A5DD013
:109FB000802A7FF467AF0BB1A4221A80D0F8B400D6
:109FC000003818BF01205EE7092A7FF45BAF0BB1B0
:109FD0001C221A80D0F8AC00003818BF012052E7CC
:109FE0000BB124221A80D0F8A800003818BF012035
:109FF00049E713B14FF40D721A80D0F89800003879
:10A0000018BF01203FE70BB10C221A80C06E003848
:10A0100018BF012037E70BB120221A80006A0038F0
:10A0200018BF01202FE70BB148221A80D0F8A000FA
:10A03000003818BF012026E70BB148221A80006FB4
:10A04000003818BF01201EE713B14FF490721A8038
:10A05000D0F88400003818BF012014E70BB1142297
:10A060001A800069003818BF01200CE70BB10822E4
:10A070001A80D0F8B000003818BF012003E70BB1F8
:10A080001C221A80C06F003818BF0120FBE60BB1FC
:10A0900010221A80D0F88C00003818BF0120F2E698
:10A0A0000BB110221A804069003818BF0120EAE67F
:10A0B0000BB124221A80D0F89000003818BF01207C
:10A0C000E1E613B14FF439621A80406F003818BFCF
:10A0D0000120D8E60BB120221A80D0F8A400003865
:10A0E00018BF0120CFE613B14FF484721A80806E3E
:10A0F000003818BF0120C6E60BB188221A80D0F8BC
:10A100009400003818BF0120BDE60BB112221A805E
:10A110008069003818BF0120B5E613B140F6CC02C3
:10A120001A80806F003818BF0120ACE60BB15C22AA
:10A130001A80406A003818BF0120A4E60BB114222F
:10A140001A80806A003818BF01209CE60BB11422E7
:10A150001A80006B003818BF012094E60BB124224E
:10A160001A80406B003818BF01208CE60BB11C220E
:10A170001A80806B003818BF012084E60BB12422BE
:10A180001A80C06B003818BF01207CE60BB1742226
:10A190001A80006C003818BF012074E6406E003849
:10A1A00018BF01206FE60BB114221A80C06A003874
:10A1B00018BF012067E60BB114221A80406C0038EA
:10A1C00018BF01205FE60BB118221A80806C00389E
:10A1D00018BF012057E60BB128221A80C06C003846
:10A1E00018BF01204FE60BB140221A80006D0038E5
:10A1F00018BF012047E60BB110221A80406D0038CD
:10A2000018BF01203FE60BB104221A80C069003854
:10A2100018BF012037E613B140F6FC321A80806D7A
:10A22000003818BF01202EE670B504468B48D4F8DC
:10A230000C2294F8001222F0FF02824201F0010386
:10A2400094F80D0246D047281FD085498A4215D080
:10A2500084498A424FD194F8021211F0020F18BFBC
:10A26000012381498A424DD194F80222D0063ED57D
:10A27000D4F81052002D50D0012070BD94F8021275
:10A2800011F0010F18BF0123EBE7B4F80E0245F2FD
:10A290004115A84200F0DD8045F24215A84264D184
:10A2A00011F0080F18BF012345F24C15A84264D1E4
:10A2B00011F0800F18BF012345F25231884266D158
:10A2C00094F8011211F0100F654918BF01238A425A
:10A2D000BED1D3E711F0020F18BF01234728D4D015
:10A2E00062498A42BDD194F802221207C0D4002BE1
:10A2F000BED1002070BD5E498A422ED194F8021270
:10A300004E06B5D45B498A42F1D194F802229106F7
:10A31000EDD5D4F81052002DAED1082025F086FCE2
:10A320000646C4F8100294F90902756025F080FC15
:10A33000D4F8103270605B68002B9DD194F88C319A
:10A340001BB994F88D31002BD3D0D4F888010028A4
:10A35000CFD0494922F08CF9CBE748498A42BFD196
:10A3600094F80222550783D4C1E745F24235A8424A
:10A370001CD111F0100F18BF012345F24E11884275
:10A380001CD194F8011211F0010F18BF012344F2FF
:10A39000531188421CD194F8011211F0200F30495A
:10A3A00018BF01238A427FF453AF67E744F2471591
:10A3B000A84235D111F0200F18BF012345F24E31CC
:10A3C000884214D194F8011211F0020F18BF012332
:10A3D00045F25341884214D194F8011211F0400F14
:10A3E0001F4918BF01238A427FF432AF46E745F286
:10A3F000501188421DD194F8011211F0040F18BFBA
:10A40000012345F2536188427FF41FAF94F9011292
:10A4100000291349B8BF01238A427FF419AF2DE701
:10A4200044F64C45A8427FF43FAF11F0400F18BFEF
:10A43000012345F2511188427FF43EAF94F8011296
:10A4400011F0080F064918BF01238A427FF400AFBC
:10A4500014E711F0040F18BF012325E70044544D01
:10A4600000524C4D00524D430056544700564C5735
:10A4700000544853005A444184E2060000545854A2
:10A4800090F80412CB0769D410B4D0F80C326D4A9E
:10A4900023F0FF0393421AD090F80D22472A1ED0D2
:10A4A000694A93426FD0694A934259D0684A9342AD
:10A4B0005DD0684A934261D0674A93426AD0674A46
:10A4C00093426CD190F80602C0F3001043E011F003
:10A4D00002023FD190F80D42472C40F0AF80B0F817
:10A4E0000E2245F24114A24261D045F24214A2422A
:10A4F00061D045F24234A24261D044F24714A242F4
:10A5000000F0818044F64C44A2425CD045F24C14E9
:10A51000A2425CD045F24E118A425CD045F24E31E7
:10A520008A425ED045F250118A4260D045F2511104
:10A530008A4262D045F252318A4268D044F25311C5
:10A540008A426AD045F253418A426CD190F8052282
:10A550005206A5D501205DF8044B704701207047D5
:10A5600090F806025DF8044BC0F34000704790F885
:10A5700006025DF8044BC0F38010704790F80602A5
:10A58000C0F38000E7E790F806025DF8044B00F0A6
:10A590000100704790F80602C0F3C000DBE7304AC4
:10A5A00093424DD190F80602C0F34010D3E74A071A
:10A5B0007FF576AFCEE70C077FF572AFCAE7C90625
:10A5C0007FF56EAFC6E74C067FF56AAFC2E70906B6
:10A5D0007FF566AFBEE790F80522D2077FF560AF42
:10A5E000B8E790F8052294077FF55AAFB2E790F8E4
:10A5F000052251077FF554AFACE790F8052212070A
:10A600007FF54EAFA6E78A067FF54AAFA2E790F83E
:10A610000522D4067FF544AF9CE790F80522910609
:10A620007FF53EAF96E745F253618A427FF438AF3B
:10A6300090F90522002ABFF633AF8BE710468AE770
:10A64000002088E70044544D00524C4D00524D43C9
:10A65000005448530054585400564C570056544721
:10A66000005A4441704700BF30B5574B044693E849
:10A67000030083B004F20B25ADF8041000902946C6
:10A68000684605222DF08CFE28B9D4F8B83013B1F5
:10A69000012003B030BD4D4B93E80300052200902C
:10A6A000ADF80410684629462DF07AFE18B9D4F8A2
:10A6B000BC30002BECD1464B93E803000522009000
:10A6C000ADF80410684629462DF06AFE18B9D4F892
:10A6D000C030002BDCD13F4B93E8030005220090F3
:10A6E000ADF80410684629462DF05AFE18B9D4F882
:10A6F000C430002BCCD1384B93E8030005220090E6
:10A70000ADF80410684629462DF04AFE18B9D4F871
:10A71000C830002BBCD1314B93E8030005220090D8
:10A72000ADF80410684629462DF03AFE002842D0C4
:10A730002B4B93E8030005220090ADF80410684607
:10A7400029462DF02DFE18B9D4F8D030002B9FD11A
:10A75000244B93E8030005220090ADF804106846EE
:10A7600029462DF01DFE18B9D4F8D430002B8FD116
:10A770001D4B93E8030005220090ADF804106846D5
:10A7800029462DF00DFE20B9D4F8D830002B7FF4E7
:10A790007FAF164B93E8030005220090ADF804103C
:10A7A000684629462DF0FCFD58B9D4F8DC00003885
:10A7B00018BF01206DE7D4F8CC30002B7FF468AFD0
:10A7C000B6E7002065E700BFA8E20600B0E2060099
:10A7D000B8E20600C0E20600C8E20600D0E20600C9
:10A7E000D8E20600E0E20600E8E20600F0E2060039
:10A7F00030B5774B044693E8030083B004F20B2591
:10A80000ADF8041000902946684605222DF0C8FDD9
:10A8100058B9D4F8B83043B1D3F8D0202AB1D3F81E
:10A82000CC3013B1012003B030BD6A4B93E8030074
:10A8300005220090ADF80410684629462DF0B0FDC1
:10A8400048B9D4F8BC3033B1D3F8D0201AB1D3F81A
:10A85000CC30002BE6D1604B93E80300052200903A
:10A86000ADF80410684629462DF09AFD48B9D4F891
:10A87000C03033B1D3F8D0201AB1D3F8CC30002B8C
:10A88000D0D1564B93E8030005220090ADF8041098
:10A89000684629462DF084FD48B9D4F8C43033B158
:10A8A000D3F8D0201AB1D3F8CC30002BBAD14C4B0E
:10A8B00093E8030005220090ADF80410684629468D
:10A8C0002DF06EFD00286FD0464B93E80300052263
:10A8D0000090ADF80410684629462DF061FD48B996
:10A8E000D4F8CC3033B1D3F8D0201AB1D3F8CC306F
:10A8F000002B97D13C4B93E8030005220090ADF864
:10A900000410684629462DF04BFD38B9D4F8D030F4
:10A9100023B1DA6E12B19B6E002B83D1334B93E8D7
:10A92000030005220090ADF80410684629462DF07A
:10A9300037FD40B9D4F8D4302BB1DA6E1AB19B6E22
:10A94000002B7FF46FAF2A4B93E8030005220090A1
:10A95000ADF80410684629462DF022FD50B9D4F810
:10A96000D8303BB1D3F8D02022B1D3F8CC30002B73
:10A970007FF458AF1F4B93E8030005220090ADF819
:10A980000410684629462DF00BFDD8B9D4F8DC0038
:10A9900000283FF448AFD0F8D030B3B1D0F8CC00A5
:10A9A000003818BF01203EE7D4F8C830002B8BD008
:10A9B000D3F8D020002A87D0D3F8CC30002B7FF4F6
:10A9C00031AF81E7002003B030BD18462BE700BF50
:10A9D000A8E20600B0E20600B8E20600C0E2060007
:10A9E000C8E20600D0E20600D8E20600E0E2060077
:10A9F000E8E20600F0E2060030B5584B044693E862
:10AA0000030083B004F20B25ADF804100090294632
:10AA1000684605222DF0C4FC00287AD0504B93E8FC
:10AA2000030005220090ADF80410684629462DF079
:10AA3000B7FC002868D04B4B93E803000522009038
:10AA4000ADF80410684629462DF0AAFC002869D00C
:10AA5000454B93E8030005220090ADF804106846CA
:10AA600029462DF09DFC002858D0404B93E8030068
:10AA700005220090ADF80410684629462DF090FCA0
:10AA8000002854D03A4B93E8030005220090ADF81B
:10AA90000410684629462DF083FC00284FD0354B22
:10AAA00093E8030005220090ADF80410684629469B
:10AAB0002DF076FC002846D02F4B93E803000522AA
:10AAC0000090ADF80410684629462DF069FC90B35B
:10AAD0002A4B93E8030005220090ADF80410684665
:10AAE00029462DF05DFC90B3254B93E80300052229
:10AAF0000090ADF80410684629462DF051FC50BB7B
:10AB0000D4F8DC00013002E0D4F8BC00013003B01E
:10AB100030BDD4F8B800013003B030BDD4F8C40063
:10AB20000130F4E7D4F8C000013003B030BDD4F8F0
:10AB3000C8000130EBE7D4F8D4000130E7E7D4F8DF
:10AB4000CC000130E3E7D4F8D0000130DFE7D4F8DF
:10AB5000D8000130DBE70020D9E700BFA8E20600FB
:10AB6000B0E20600B8E20600C0E20600C8E2060055
:10AB7000D0E20600D8E20600E0E20600E8E20600C5
:10AB8000F0E2060030B5584B044693E8030083B06A
:10AB900004F20B25ADF80410009029466846052202
:10ABA0002DF0FEFB00287AD0504B93E803000522DD
:10ABB0000090ADF80410684629462DF0F1FB0028FE
:10ABC00068D04B4B93E8030005220090ADF80410C9
:10ABD000684629462DF0E4FB002869D0454B93E8F0
:10ABE000030005220090ADF80410684629462DF0B8
:10ABF000D7FB002858D0404B93E803000522009073
:10AC0000ADF80410684629462DF0CAFB002854D040
:10AC10003A4B93E8030005220090ADF80410684613
:10AC200029462DF0BDFB00284FD0354B93E803009B
:10AC300005220090ADF80410684629462DF0B0FBBF
:10AC4000002846D02F4B93E8030005220090ADF872
:10AC50000410684629462DF0A3FB90B32A4B93E8D5
:10AC6000030005220090ADF80410684629462DF037
:10AC700097FB90B3254B93E8030005220090ADF8B5
:10AC80000410684629462DF08BFB50BBD4F8DC003D
:10AC9000023002E0D4F8BC00023003B030BDD4F87A
:10ACA000B800023003B030BDD4F8C4000230F4E77D
:10ACB000D4F8C000023003B030BDD4F8C800023070
:10ACC000EBE7D4F8D4000230E7E7D4F8CC00023048
:10ACD000E3E7D4F8D0000230DFE7D4F8D800023040
:10ACE000DBE70020D9E700BFA8E20600B0E20600DB
:10ACF000B8E20600C0E20600C8E20600D0E20600A4
:10AD0000D8E20600E0E20600E8E20600F0E2060013
:10AD100030B5584B044693E8030083B004F20B258A
:10AD2000ADF8041000902946684605222DF038FB46
:10AD300000287AD0504B93E8030005220090ADF82C
:10AD40000410684629462DF02BFB002868D04B4B99
:10AD500093E8030005220090ADF8041068462946E8
:10AD60002DF01EFB002869D0454B93E80300052217
:10AD70000090ADF80410684629462DF011FB00281C
:10AD800058D0404B93E8030005220090ADF8041022
:10AD9000684629462DF004FB002854D03A4B93E82E
:10ADA000030005220090ADF80410684629462DF0F6
:10ADB000F7FA00284FD0354B93E8030005220090A6
:10ADC000ADF80410684629462DF0EAFA002846D06E
:10ADD0002F4B93E8030005220090ADF8041068465D
:10ADE00029462DF0DDFA90B32A4B93E803000522A3
:10ADF0000090ADF80410684629462DF0D1FA90B3C2
:10AE0000254B93E8030005220090ADF80410684636
:10AE100029462DF0C5FA50BBD4F8DC00663002E0BC
:10AE2000D4F8BC00663003B030BDD4F8B80066304A
:10AE300003B030BDD4F8C4006630F4E7D4F8C000E5
:10AE4000663003B030BDD4F8C8006630EBE7D4F804
:10AE5000D4003430E7E7D4F8CC006630E3E7D4F828
:10AE6000D0003430DFE7D4F8D8006630DBE70020CC
:10AE7000D9E700BFA8E20600B0E20600B8E206008B
:10AE8000C0E20600C8E20600D0E20600D8E20600F2
:10AE9000E0E20600E8E20600F0E2060030B5584BBA
:10AEA000044693E8030083B004F20B25ADF80410C8
:10AEB00000902946684605222DF072FA00287AD0C3
:10AEC000504B93E8030005220090ADF8041068464B
:10AED00029462DF065FA002868D04B4B93E8030013
:10AEE00005220090ADF80410684629462DF058FA66
:10AEF000002869D0454B93E8030005220090ADF887
:10AF00000410684629462DF04BFA002858D0404BD3
:10AF100093E8030005220090ADF804106846294626
:10AF20002DF03EFA002854D03A4B93E80300052256
:10AF30000090ADF80410684629462DF031FA00283B
:10AF40004FD0354B93E8030005220090ADF8041074
:10AF5000684629462DF024FA002846D02F4B93E866
:10AF6000030005220090ADF80410684629462DF034
:10AF700017FA90B32A4B93E8030005220090ADF82E
:10AF80000410684629462DF00BFA90B3254B93E840
:10AF9000030005220090ADF80410684629462DF004
:10AFA000FFF950BBD4F8DC00673002E0D4F8BC00F5
:10AFB000673003B030BDD4F8B800673003B030BD9F
:10AFC000D4F8C4006730F4E7D4F8C000673003B0A9
:10AFD00030BDD4F8C8006730EBE7D4F8D400353082
:10AFE000E7E7D4F8CC006730E3E7D4F8D000353099
:10AFF000DFE7D4F8D8006730DBE70020D9E700BFEF
:10B00000A8E20600B0E20600B8E20600C0E20600D0
:10B01000C8E20600D0E20600D8E20600E0E2060040
:10B02000E8E20600F0E2060030B55D4B044693E826
:10B03000030083B004F20B25ADF8041000902946FC
:10B04000684605222DF0ACF900287ED0554B93E8D8
:10B05000030005220090ADF80410684629462DF043
:10B060009FF900286BD0504B93E803000522009015
:10B07000ADF80410684629462DF092F900286FD0EB
:10B080004A4B93E8030005220090ADF8041068468F
:10B0900029462DF085F900285DD0454B93E8030043
:10B0A00005220090ADF80410684629462DF078F985
:10B0B00000285BD03F4B93E8030005220090ADF8D9
:10B0C0000410684629462DF06BF9002857D03A4BFA
:10B0D00093E8030005220090ADF804106846294665
:10B0E0002DF05EF900284FD0344B93E80300052281
:10B0F0000090ADF80410684629462DF051F900285B
:10B1000039D02F4B93E8030005220090ADF80410CE
:10B11000684629462DF044F9002839D0294B93E898
:10B12000030005220090ADF80410684629462DF072
:10B1300037F990BBD4F8DC30D3F8D00003E0D4F872
:10B14000BC30D3F8D00003B030BDD4F8B830D3F859
:10B15000D00003B030BDD4F8C430D3F8D000F2E74B
:10B16000D4F8C030D3F8D00003B030BDD4F8C83024
:10B17000D3F8D000E7E7D4F8D430D86EE3E7D4F8BA
:10B18000CC30D3F8D000DEE7D4F8D030D86EDAE790
:10B19000D4F8D830D3F8D000D5E70020D3E700BFEB
:10B1A000A8E20600B0E20600B8E20600C0E206002F
:10B1B000C8E20600D0E20600D8E20600E0E206009F
:10B1C000E8E20600F0E2060030B5634B044693E87F
:10B1D000030083B004F20B25ADF80410009029465B
:10B1E000684605222DF0DCF8002800F082805B4BD9
:10B1F00093E8030005220090ADF804106846294644
:10B200002DF0CEF800286DD0554B93E803000522B1
:10B210000090ADF80410684629462DF0C1F80028CA
:10B2200074D0504B93E8030005220090ADF8041051
:10B23000684629462DF0B4F8002861D04A4B93E8BF
:10B24000030005220090ADF80410684629462DF051
:10B25000A7F8002861D0454B93E803000522009031
:10B26000ADF80410684629462DF09AF800285FD002
:10B270003F4B93E8030005220090ADF804106846A8
:10B2800029462DF08DF8002858D03A4B93E803005A
:10B2900005220090ADF80410684629462DF080F88C
:10B2A000002840D0344B93E8030005220090ADF80D
:10B2B0000410684629462DF073F8002843D02F4B20
:10B2C00093E8030005220090ADF804106846294673
:10B2D0002DF066F800283CD1D4F8DC30D3F8D0004B
:10B2E000013004E0D4F8BC30D3F8D000013003B012
:10B2F00030BDD4F8B830D3F8D000013003B030BD41
:10B30000D4F8C430D3F8D0000130F0E7D4F8C0301E
:10B31000D3F8D000013003B030BDD4F8C830D3F832
:10B32000D0000130E3E7D4F8D430D86E0130DEE746
:10B33000D4F8CC30D3F8D0000130D8E7D4F8D030EE
:10B34000D86E0130D3E7D4F8D830D3F8D00001302C
:10B35000CDE70020CBE700BFA8E20600B0E2060080
:10B36000B8E20600C0E20600C8E20600D0E206002D
:10B37000D8E20600E0E20600E8E20600F0E206009D
:10B3800010B5444B044693E8030082B004F20B244A
:10B390000090ADF804106846214605222DF000F813
:10B3A000002871D03C4B93E8030005220090ADF8D3
:10B3B0000410684621462CF0F3FF002864D0374B78
:10B3C00093E8030005220090ADF80410684621467A
:10B3D0002CF0E6FF002857D0314B93E803000522FC
:10B3E0000090ADF80410684621462CF0D9FF0028E3
:10B3F0004AD02C4B93E8030005220090ADF80410CE
:10B40000684621462CF0CCFF00283DD0264B93E81F
:10B41000030005220090ADF80410684621462CF088
:10B42000BFFF88B3214B93E8030005220090ADF8DD
:10B430000410684621462CF0B3FF40B31C4B93E840
:10B44000030005220090ADF80410684621462CF058
:10B45000A7FFE0B1174B93E8030005220090ADF879
:10B460000410684621462CF09BFF68B1124B93E80C
:10B47000030005220090ADF80410684621462CF028
:10B480008FFF08B1002000E0642002B010BD322020
:10B49000FBE700BFA8E20600B0E20600B8E2060043
:10B4A000C0E20600C8E20600D0E20600D8E20600CC
:10B4B000E0E20600E8E20600F0E2060030B5534B99
:10B4C000044693E8030083B004F20B25ADF80410A2
:10B4D00000902946684605222CF062FF002878D0AB
:10B4E0004B4B93E8030005220090ADF8041068462A
:10B4F00029462CF055FF002867D0464B93E80300FF
:10B5000005220090ADF80410684629462CF048FF4B
:10B51000002865D0404B93E8030005220090ADF869
:10B520000410684629462CF03BFF002855D03B4BC1
:10B5300093E8030005220090ADF804106846294600
:10B540002CF02EFF00284FD0354B93E80300052246
:10B550000090ADF80410684629462CF021FF002821
:10B5600048D0304B93E8030005220090ADF804105A
:10B57000684629462CF014FF00283ED02A4B93E859
:10B58000030005220090ADF80410684629462CF00F
:10B5900007FF60B3254B93E8030005220090ADF848
:10B5A0000410684629462CF0FBFE48B3204B93E874
:10B5B000030005220090ADF80410684629462CF0DF
:10B5C000EFFE00BBD4F8DC0001E0D4F8BC0003B00F
:10B5D00030BDD4F8B80003B030BDD4F8C400F6E7ED
:10B5E000D4F8C00003B030BDD4F8C800EFE7D4F8F9
:10B5F000D400ECE7D4F8CC00E9E7D4F8D000E6E7D3
:10B60000D4F8D800E3E70020E1E700BFA8E2060095
:10B61000B0E20600B8E20600C0E20600C8E206009A
:10B62000D0E20600D8E20600E0E20600E8E206000A
:10B63000F0E20600704700BF38B51388012B1446AE
:10B6400015D0022B0DD001332380FFF7F3FF2388A1
:10B65000022B12D90A4A1088984214BF03200020F6
:10B6600038BD074D2A880A4306322A80EBE7044D8D
:10B670000A0202F440722A80E5E7032038BD00BFC9
:10B68000962C01202DE9F04782B04C88C37904F153
:10B69000070C9C4500AF8846814671DA073303F4F6
:10B6A000FC736D46ADEB030D98F800208DF8022079
:10B6B000B52162238DF800108DF8013098F8011043
:10B6C0008DF803102312E2B28DF8053069468DF82B
:10B6D0000420002C00F0AF80D8F808600DF10603BC
:10B6E00006F1040E0DF10A0A601E734538BF564577
:10B6F00080B2C0F0AB80072840F2A880A0080138D3
:10B7000080B20DEB80000A30B6465EF804AB43F819
:10B7100004AB8342F9D124F00300844283B215D0F4
:10B72000581C01EB030E80B216F803A08EF806A099
:10B7300084420BD9023301EB000E9BB2305C8EF8D1
:10B7400006009C4202D9C818F35C837104F1060E0E
:10B7500098F80D3098F80C6001F80E60D9F8740173
:10B7600001F80C30036808329B68D2B2984708345D
:10B77000A04265D10020AD460837BD46BDE8F08740
:10B780000B88D0F87401BC8046F2B5223A807B80E9
:10B79000036839469B6806229847062846D100264A
:10B7A0001CE099F80750B8F80230D9F87401D8F8BD
:10B7B0000810A54228BF254672199A42A4EB050439
:10B7C000A8BF9D1B0368A8BFADB231449B68EAB215
:10B7D00098472E44A842A4B2B6B227D1012CE0D893
:10B7E000012C10D0B8F80C30D9F874013B800368F4
:10B7F00039469B6802229847022817D10020083753
:10B80000BD46BDE8F087D8F8083098F80C20995D5F
:10B81000D9F8740198F80D3039707A70BB700368EC
:10B8200039469B68032298470328E7D00C20083745
:10B83000BD46BDE8F0874FF0070C4FF0060E87E7D6
:10B840000C200837AD46BD46BDE8F08730444B1D9F
:10B85000013E16F801EF03F801EFB042F9D175E7A8
:10B8600030B583B00B884A88ADF80230054646F201
:10B87000B523D0F87401ADF80420ADF800300368AA
:10B880000C469B68694606229847D5F87401A27851
:10B890000368A1689B689847A389D5F87401ADF83F
:10B8A0000030036869469B680222984703B030BDA8
:10B8B00030B5D0F8A43183B004461BB91F48204AE4
:10B8C00003701370D4F87401FF238DF807300368F8
:10B8D0000DF107029B6998479DF80730FF2B25D093
:10B8E000D4E969218A420CD2D4F8A00114498354C6
:10B8F000D4F8A43101221344C4F8A4310A7003B06F
:10B9000030BD94F88C311BB994F88D31002BF6D0F2
:10B910000A4D2B78002BF2D1D4F8880110B10949D7
:10B9200020F016FE01232B7003B030BDA279002A4F
:10B93000D6D1034A1278002AE1D0D1E7952C012014
:10B94000942C0120F8E206002DE9F04FD0F8A03148
:10B9500085B00446002B00F0C780D0F87401B1F820
:10B9600002B003681B690F469847B5212046FFF7D0
:10B970009FFF62212046FFF79BFF39782046FFF7A3
:10B9800097FF79782046FFF793FFB9782046FFF7B5
:10B990008FFF79882046090AFFF78AFF94F8AC31B7
:10B9A0000BF107029A42C0F28980D4F8740103684F
:10B9B000DB699847BBF1000F6AD00023DFF850A184
:10B9C000DFF850810193B94694F8AC71D4F8740152
:10B9D0005F45036828BF5F46ABEB070B1B691FFA87
:10B9E0008BFB9847002F46D0019D7E1E6B1C13FADF
:10B9F00086F60DE0D4F8A0118B54D4F8A4310122BE
:10BA00001344C4F8A43188F800200135AE4232D086
:10BA1000D9F80820D4F8A431515D1BB98AF8003058
:10BA200088F80030D4F87401FF238DF80F300368D4
:10BA30000DF10F029B6998479DF80F30FF2B4BD0FB
:10BA4000D4E969218A42D5D394F88C311BB994F892
:10BA50008D31002BD9D09AF80030002BD5D1D4F8F5
:10BA6000880110B1284920F073FD01350123AE4251
:10BA70008AF80030CCD1019AD4F8740117440368D5
:10BA8000BAB2DB6901929847BBF1000F9CD14F46D7
:10BA9000D4F8740103681B699847397B2046FFF787
:10BAA00007FF797B2046FFF703FFD4F87401036892
:10BAB000DB699847002005B0BDE8F08FBBF1000FAF
:10BAC000EBD00025BB682046595D0135FFF7F0FE3D
:10BAD000ABB29B45F6D8E0E7A279002AB0D198F83E
:10BAE0000020002A91D0ABE790F88C3113B990F880
:10BAF0008D313BB1D4F8880120B1044920F028FDF4
:10BB00000820D8E70820D6E7F8E2060018E3060088
:10BB1000952C0120942C0120F8B590F88C31002B45
:10BB200066D00546D0F8880195F8F0710E461446A7
:10BB300000285ED05F4920F00BFD3378D5F88801EE
:10BB4000012B00F08380052B00F0A180062B00F074
:10BB5000AA800A2B00F0A180002851D0564920F07D
:10BB6000F7FCD5F888013178002849D0102220F060
:10BB70004DFFD5F88801002842D0504920F0E8FC5C
:10BB80003388D5F8880140F20172934273D040F6B1
:10BB90000612934275D098B3474920F0D9FCD5F8E6
:10BBA0008801717860B3102220F030FFD5F8880149
:10BBB00030B3434920F0CCFCD5F888017388A0B19C
:10BBC0001946102220F022FF012FD5F8880143D119
:10BBD000002C41D160B13B4920F0BAFCD5F8880176
:10BBE00030B1BDE8F84020F093BD012F0DD164B90C
:10BBF000F8BD0B78012B03D0052B01D0062BA8D163
:10BC0000012F01D1002CF3D07388B6F806C0A3EB46
:10BC10000C02002AECDD00202B4F0024394670B1C5
:10BC200020F096FCB368D5F88801195D20B1102288
:10BC300020F0ECFED5F888017388B6F806C0013410
:10BC4000A4B2A3EB0C029442E8DBC9E70028D7D0EA
:10BC50001E4920F07DFC8CE70028D5D01C4920F03F
:10BC600077FC7388B6F806C0D5F88801A3EB0C0200
:10BC7000002AD1DCB4E70028C2D0164920F068FCC5
:10BC800094E70028BCD0144920F062FC8EE700281D
:10BC9000B6D0124920F05CFC6BE70028B0D0104908
:10BCA00020F056FC65E70028AAD00E4920F050FC91
:10BCB0005FE700BF50E30600F8E5060068E3060012
:10BCC0007CE3060094E30600D0D4060058E30600A7
:10BCD00088E3060070E3060074E306005CE30600F8
:10BCE00064E3060060E3060090F82432002B40F085
:10BCF000BE834369012270B5044680F8242263B1F3
:10BD0000D86950B11A78160707D59A690AB19047D1
:10BD100063691A786FF3C3021A70A36963B1186A72
:10BD200050B11A78150707D5DA690AB19047A369A7
:10BD30001A786FF3C3021A70236A63B1D86A50B1DC
:10BD40001A78110707D59A6A0AB19047236A1A78B8
:10BD50006FF3C3021A70636A63B1D86E50B11A7878
:10BD6000120707D59A6E0AB19047636A1A786FF383
:10BD7000C3021A70A36A63B1186A50B11A78160721
:10BD800007D5DA690AB19047A36A1A786FF3C3023C
:10BD90001A70236B63B1186A50B11A78150707D56A
:10BDA000DA690AB19047236B1A786FF3C3021A70ED
:10BDB000636B63B1186B50B11A78110707D5DA6A53
:10BDC0000AB19047636B1A786FF3C3021A70A36BC2
:10BDD00063B1986A50B11A78120707D55A6A0AB146
:10BDE0009047A36B1A786FF3C3021A70E36B63B1C9
:10BDF000186B50B11A78160707D5DA6A0AB190475E
:10BE0000E36B1A786FF3C3021A70236C73B1D3F823
:10BE1000840058B11A78150708D5D3F880200AB1E4
:10BE20009047236C1A786FF3C3021A70E36A63B108
:10BE3000186A50B11A78110707D5DA690AB1904724
:10BE4000E36A1A786FF3C3021A70636C63B1186AFD
:10BE500050B11A78120707D5DA690AB19047636CB6
:10BE60001A786FF3C3021A70E36C63B1586B50B168
:10BE70001A78160707D51A6B0AB19047E36C1A783F
:10BE80006FF3C3021A70A36D73B1D3F8080C58B1E5
:10BE90001A78150708D5D3F8042C0AB19047A36D7A
:10BEA0001A786FF3C3021A70E36D73B1D3F8D40537
:10BEB00058B11A78110708D5D3F8D0250AB19047A0
:10BEC000E36D1A786FF3C3021A70236D63B1D86CF7
:10BED00050B11A78120707D59A6C0AB19047236DB2
:10BEE0001A786FF3C3021A70636D63B1D86950B1E9
:10BEF0001A78160707D59A690AB19047636D1A78C0
:10BF00006FF3C3021A70E36963B1186950B11A780C
:10BF1000150707D5DA680AB19047E3691A786FF315
:10BF2000C3021A70236E63B1986850B11A78110772
:10BF300007D55A680AB19047236E1A786FF3C30287
:10BF40001A70636E63B1986850B11A78120707D5FA
:10BF50005A680AB19047636E1A786FF3C3021A7079
:10BF6000A36E13B3986800B35968F1B11D782E071A
:10BF7000C5F3C10209D58847A36E1978C1F3C10280
:10BF800002F0020262F3C401197052080DD0D3E925
:10BF9000013000F588709847A16E0B78C3F3C10299
:10BFA00022F0020262F3C4030B70E36E63B198687F
:10BFB00050B11A78150707D55A680AB19047E36E51
:10BFC0001A786FF3C3021A70236F002B43D05A6D97
:10BFD000FAB11A680025C2F3CD02012642FA05F132
:10BFE000C90713D5196D05EBC50039B15B6D03EBBE
:10BFF000C0008847236F1A68C2F3CD02186806FA9A
:10C0000005F122EA010262F3D000186001350E2D1D
:10C01000E4D1DA6DFAB15A880025C2F34D02012647
:10C0200042FA05F1C80713D5996D05EB850039B1C2
:10C03000DB6D03EB00108847236F5A88C2F34D0273
:10C04000588806FA05F122EA010262F34E00588090
:10C0500001350E2DE4D1636F73B1D3F8980B58B14D
:10C060001A78110708D5D3F8942B0AB19047636F5B
:10C070001A786FF3C3021A70A36F73B1D3F8D8089C
:10C0800058B11A78120708D5D3F8D4280AB19047C6
:10C09000A36F1A786FF3C3021A70E36F63B1986AE3
:10C0A00050B11A78160707D55A6A0AB19047E36F5C
:10C0B0001A786FF3C3021A70D4F880306BB1D86964
:10C0C00058B11A78150708D59A6912B19047D4F873
:10C0D00080301A786FF3C3021A70D4F884307BB1C1
:10C0E000D3F82C0160B11A78110709D5D3F82821AB
:10C0F00012B19047D4F884301A786FF3C3021A70E3
:10C10000D4F888306BB1986C58B11A78120708D5FA
:10C110005A6C12B19047D4F888301A786FF3C30282
:10C120001A70D4F88C306BB1D86958B11A781607E8
:10C1300008D59A6912B19047D4F88C301A786FF309
:10C14000C3021A70D4F890306BB1186B58B11A78DA
:10C15000150708D5DA6A12B19047D4F890301A78EA
:10C160006FF3C3021A70D4F894202AB3D2F8903037
:10C1700013B313880025C3F3C503012643FA05F161
:10C18000C90716D5D2F88C1005EB051049B1D2F8C5
:10C19000903003EBC0008847D4F894201388C3F391
:10C1A000C503108806FA05F123EA010363F3C8000A
:10C1B00010800135062DE1D1D4F898307BB1D3F849
:10C1C000400260B11A78160709D5D3F83C2212B1A3
:10C1D0009047D4F898301A786FF3C3021A70D4F8E5
:10C1E0009C306BB1986B58B11A78150708D55A6B0B
:10C1F00012B19047D4F89C301A786FF3C3021A70CA
:10C20000D4F8A4306BB1D86A58B11A78110708D5A0
:10C210009A6A12B19047D4F8A4301A786FF3C30227
:10C220001A70D4F8A8306BB1186B58B11A7812078D
:10C2300008D5DA6A12B19047D4F8A8301A786FF3AB
:10C24000C3021A70D4F8A0306BB1586D58B11A7887
:10C25000160708D51A6D12B19047D4F8A0301A7895
:10C260006FF3C3021A70D4F8AC306BB1D86A58B10E
:10C270001A78150708D59A6A12B19047D4F8AC30ED
:10C280001A786FF3C3021A70D4F8B8307BB1D3F8C0
:10C29000D00060B11A78510709D5D3F8CC2012B17B
:10C2A0009047D4F8B8301A786FF382021A70D4F835
:10C2B000BC307BB1D3F8D00060B11A78520709D5F1
:10C2C000D3F8CC2012B19047D4F8BC301A786FF371
:10C2D00082021A70D4F8C0307BB1D3F8D00060B1BC
:10C2E0001A78560709D5D3F8CC2012B19047D4F864
:10C2F000C0301A786FF382021A70D4F8C4307BB160
:10C30000D3F8D00060B11A78550709D5D3F8CC20FE
:10C3100012B19047D4F8C4301A786FF382021A70C1
:10C32000D4F8C8307BB1D3F8D00060B11A78510787
:10C3300009D5D3F8CC2012B19047D4F8C8301A7878
:10C340006FF382021A70D4F8CC307BB1D3F8D000EE
:10C3500060B11A78520709D5D3F8CC2012B19047B2
:10C36000D4F8CC301A786FF382021A70D4F8D03037
:10C370006BB1D86E58B11A78560708D59A6E12B1BB
:10C380009047D4F8D0301A786FF382021A70D4F83C
:10C39000D4306BB1D86E58B11A78550708D59A6E5B
:10C3A00012B19047D4F8D4301A786FF382021A7021
:10C3B000D4F8D8307BB1D3F8D00060B11A785107E7
:10C3C00009D5D3F8CC2012B19047D4F8D8301A78D8
:10C3D0006FF382021A70D4F8DC307BB1D3F8D0004E
:10C3E00060B11A78520709D5D3F8CC2012B1904722
:10C3F000D4F8DC301A786FF382021A70D4F8E03087
:10C400006BB1586C58B11A78560708D51A6C12B12E
:10C410009047D4F8E0301A786FF382021A70D4F89B
:10C42000683173B194F8E820D5070AD5900708D48D
:10C4300004F1F000984794F8E83043F0020384F8E0
:10C44000E830D4F86C3173B194F8E82051070AD57C
:10C45000120708D404F59470984794F8E83043F034
:10C46000080384F8E830002384F8243270BD704754
:10C4700038B5B0F82C5204466DB1D0F82832BBB1B3
:10C4800090F88C0130B1D4F8880118B1164920F029
:10C49000EFF8002038BD90F88C010028FAD0D4F8CD
:10C4A00088010028F6D0114920F0E2F8284638BD6E
:10C4B000284623F0BDFB94F88C31C4F828026BB1F8
:10C4C000D4F8880150B10A4920F042F8D4F8880124
:10C4D000B4F82C1210B10A2220F00EFB0023C4F88D
:10C4E0002E32012038BD00BFFCE30600A8E30600A1
:10C4F00040E406002DE9F0430446D0F8280283B05A
:10C50000002800F03E81B4F82C22002A00F0398186
:10C51000B4F82E72B4F83062B74236BFD319BB1BE1
:10C520009B1B0D4649889BB20831D31A89B29BB236
:10C5300099420ED994F88C31002B00F03381D4F855
:10C54000880118B1CE4920F093F8002003B0BDE86F
:10C55000F083D61BB6B2022E28BF02263844C6F19D
:10C56000020746F2B52332466946BFB2ADF8003045
:10C570002BF024FF002F40F01B81B4F82E720237FD
:10C58000BFB2A4F82E72B4F83032BB4200F2388148
:10C59000FB1AB4F82C629BB2B4F83222D4F8280209
:10C5A0009A42A6EB070292B238BFA4F83232012AAF
:10C5B00028BF0122384429462BF000FFBE4200F07C
:10C5C0002F81B4F82E620136B6B2A4F82E6230463E
:10C5D000B4F83032B34200F20D81F31AB4F82C7281
:10C5E0009BB2B4F832229A42A7EB060238BFA4F8F5
:10C5F000323292B2D4F82832012A28BF01221844DC
:10C60000691C2BF0DBFEB74200F00081B4F82E72FB
:10C610000137BAB2A4F82E221146B4F830329A4249
:10C62000C0F0E280D31AB4F82C729BB2B4F8320294
:10C63000BF1A9842BFB238BFA4F83232022F28BFC7
:10C640000227D4F828026B88ADF80430C7F102063F
:10C6500008443A4601A9B6B22BF0B0FE002E40F0D5
:10C66000F380B4F82E620236B6B2A4F82E62B4F8A3
:10C670003032B34200F2B280F31AB4F82C729BB29B
:10C68000B4F83222D4F82802D5F808909A4238BF7C
:10C69000A4F83232B5F80280BF1BBFB2474528BFAD
:10C6A00047463044A8EB07063A464946B6B22BF057
:10C6B00085FE002E40F0BE80B4F82E624644B6B22D
:10C6C000A4F82E62B4F830329E42C0F08180F31A92
:10C6D000B4F82C729BB2B4F83222D4F828029A42F1
:10C6E000A7EB060292B238BFA4F83232012A28BF63
:10C6F0000122304405F10C012BF060FEBE4200F037
:10C70000B580B4F82E620136B6B2A4F82E62304677
:10C71000B4F83032B34255D8F31AB4F82C729BB245
:10C72000B4F832229A42A7EB060238BFA4F832329C
:10C7300092B2D4F82832012A28BF0122184405F108
:10C740000D012BF03BFEBE4200F08880B4F82E3283
:10C7500001339BB2A4F82E32B4F830229A4285BF3E
:10C76000B4F82C128A1A9B1A9B18B4F832229BB286
:10C770009A424FF0010038BFA4F8323203B0BDE84E
:10C78000F08394F88C0100283FF4E0AED4F88801DF
:10C7900000283FF4DBAE3B491FF06AFF002003B0E6
:10C7A000BDE8F08394F88D0100283FF4CFAEC6E6D3
:10C7B000D4F828020DEB06013A462BF0FFFDA4F851
:10C7C0002E72E0E6B4F82C72FB1A33449BB2A7E752
:10C7D000B4F82C72FB1A33449BB27CE7B4F82C7289
:10C7E000FB1A33449BB24BE7B4F82C72FB1A134488
:10C7F0009BB21BE7B4F82C72FB1A33449BB2F0E6F1
:10C80000B4F82C62F31A3B449BB2C5E6D4F8283244
:10C810006A781A7001231A46A4F82E321946FCE6EB
:10C82000D4F828322A781A7001231E46A4F82E3232
:10C830001846CDE6D4F8280209EB070132462BF062
:10C84000BDFDA4F82E623DE701ABD4F82802D9194A
:10C8500032462BF0B3FDA4F82E6208E7D4F8283254
:10C860006A7B1A700123A4F82E3275E7D4F82832B7
:10C870002A7B1A7001231E46A4F82E32184647E779
:10C8800090E4060068E406002DE9F04F0E78731E70
:10C8900083B00C460546272B29D8DFE813F0570054
:10C8A000CD002800280028002800280028002800A3
:10C8B000F501280028000903280028001D0328008E
:10C8C0002800F60328002800280028002800280057
:10C8D0002800280028002800280028002800280018
:10C8E00028002800280028002800700499044F78A8
:10C8F000D5F820323BB31A4601E05268AAB111784C
:10C90000B142FAD15178B942F7D192786AB1214651
:10C910002846FFF7EFFDD5F820322678677893B1E7
:10C920001A78B24204D05B686BB11A78B242FAD17D
:10C930005A78BA42F7D1DB782BB12B68C14A1B6910
:10C94000934240F0568403B0BDE8F08F0B68BE4AB6
:10C9500023F0FF03934200F0F186BC4A934200F0BB
:10C960004285BB4A934201F0F982BA4A934201F0F0
:10C970004583B94A934201F09985B84A934202F03F
:10C98000BE80B74A934202F02E81B64A934202F02B
:10C99000DF81B54A934202F0D084B44A934202F058
:10C9A0003E84B34A934202F0A882B24A934203F013
:10C9B000F180B14A934202F0A287B04A934202F05A
:10C9C0005B87AF4A934203F061804F78352F02F0C6
:10C9D000E787432F03F02D813C2F02F02B86B3F520
:10C9E000831F02F08185A74A934281D1EB69002B16
:10C9F0003FF47EAFA06800220138114610F8016FA5
:10CA000096400832202A41EA0601F7D11A69596096
:10CA10004FF0FF30986042B11878000705D41160DC
:10CA2000EB691A7842F008021A701B785A0700F175
:10CA30008E85267867785BE74F78722F00F029871C
:10CA4000732F00F08484342F01F0DC81132F01F068
:10CA50009783152F01F07286142F7FF449AF836FEF
:10CA6000002B3FF445AF8A6812781A718B68826F89
:10CA7000997958791E79090441EA0021D87931431E
:10CA800041EA00619160997A587A1E7A090441EA74
:10CA90000021D87A314341EA0061D160997B587B0B
:10CAA0001E7B090441EA0021D87B314341EA006141
:10CAB0001161997D587D1E7D090441EA0021D87DD0
:10CAC000314341EA00619161587E197E41EA0021BB
:10CAD0009183D87E997E41EA0021D183587F197FC6
:10CAE00041EA0021118493F8210093F8201041EAD3
:10CAF0000021918493F8223082F82630A368A96F30
:10CB000093F8233081F82730002007467DE06388C2
:10CB10002C3B834240F38580A36803445C2F93F849
:10CB20002C3082F83030A268AB6F024403EBC603AE
:10CB300092F82D2083F83120A268AB6F024403EBFA
:10CB4000C60392F82E2083F83220A268AB6F02440D
:10CB500003EBC60392F82F2083F83320A368A96F54
:10CB6000034401EBC60193F8322093F831C093F8E7
:10CB700030E04FEA024242EA0C2293F833C042EA24
:10CB80000E0242EA0C624A6393F8362093F835C0ED
:10CB900093F834E04FEA024242EA0C2293F837C09D
:10CBA00042EA0E0242EA0C628A6393F839C093F8B3
:10CBB000382042EA0C228A8793F83BC093F83A2047
:10CBC00042EA0C22CA8793F83E2093F83DC093F8BE
:10CBD0003CE04FEA024242EA0C2293F83FC042EAAC
:10CBE0000E0242EA0C620A6493F8403081F8443045
:10CBF000A268AB6F024403EBC60392F8412083F8AE
:10CC00004520A96F00F118000BD091F826C0FBB2A7
:10CC100007EB47069C4501EBC60207F101073FF60B
:10CC200076AFD1F8D808012381F8D0380B7810B14D
:10CC30001A0742F171835F0700F1898426786778CB
:10CC400056E600BF19730200000114000003100033
:10CC5000000412000005200000075C000009140019
:10CC6000001114000012240000131C000014240002
:10CC70000017740000211400002214000026180080
:10CC8000003B2800006104004F78362F00F06A84D2
:10CC900023688E4A23F0FF0393427FF429AED5F830
:10CCA0008820002A3FF424AEA36899785878DE786B
:10CCB000090441EA0021187841EA06610143516004
:10CCC000997958791E79090441EA0021D8793143CC
:10CCD00041EA00619160997A587A1E7A090441EA22
:10CCE0000021D87A314341EA0061D160997B587BB9
:10CCF0001E7B090441EA0021D87B314341EA0061EF
:10CD00001161587C197C41EA00219182D87C997C80
:10CD100041EA0021D1821B7D1376A268D5F88830C4
:10CD2000527D5A76A268D5F88810937D8B76937ED3
:10CD3000507E167E1B0443EA0023D07E334343EA31
:10CD40000063CB61137F81F82030A268D5F888306A
:10CD5000527F83F82120A268D5F88830927F83F82B
:10CD60002220A268D5F88830D27F83F82320A268D9
:10CD7000D5F8883092F8202083F82420A268D5F8CE
:10CD8000883092F8212083F82520D5F88830A268D1
:10CD900092F8222083F82620A268D5F8883092F8ED
:10CDA000232083F82720A268D5F8883092F8242021
:10CDB00083F82820A268D5F8883092F8252083F8D7
:10CDC0002920A268D5F8883092F8262083F82A20F6
:10CDD000A268D5F8883092F8272083F82B20A26823
:10CDE000D5F8883092F8282083F82C20A268D5F84E
:10CDF000883092F8292083F82D20D5F88830A26851
:10CE000092F82A2083F82E20A268D5F8883092F86C
:10CE10002B2083F82F20A268D5F8883092F82C2098
:10CE200083F83020A268D5F8883092F82D2083F856
:10CE30003120A368D5F8882093F8321093F8310098
:10CE400093F83060090441EA002193F8330031433C
:10CE500041EA0061516393F8361093F8350093F876
:10CE60003460090441EA002193F83700314341EA74
:10CE70000061916393F83A1093F8397093F8386031
:10CE800093F83B000B0443EA0723334343EA006370
:10CE90004FF0FF31C2E90F31936C117813B10807DD
:10CEA00041F1C8854B0700F15283267867781FE56A
:10CEB0000B68074A23F0FF03934200F08F86054A70
:10CEC000934200F09C814F7812E500BF00093C00BE
:10CED00000031C00000110000B68BB4A23F0FF0395
:10CEE000934200F0DB86B94A934200F0BF824F784C
:10CEF000022F00F0B787032F01F0E980102F7FF495
:10CF0000F7ACD0F89C10002901F0E286A268937873
:10CF10005078D6781B0443EA0023107843EA06636E
:10CF200003434B6013790B72A268D5F89C30127BD7
:10CF30001A74A268D5F89C30D27BDA74D5F89C308C
:10CF4000DA7C002A00F092806288102A40F28E80FB
:10CF5000A268117C1975517C5975927C9A75D5F827
:10CF60009C30A268D97CD07CD87501297ED9618893
:10CF700014297BD9117D1976517D5976927D9A7647
:10CF8000D5F89C30A268D97CD07DD87602296DD99D
:10CF9000618818296AD9117E1977517E5977927E56
:10CFA0009A77D5F89C30A268D97CD07ED8770329AF
:10CFB0005CD961881C2959D9117F83F82010517FD1
:10CFC00083F82110927F83F82220D5F89C30A26844
:10CFD000D97CD07F83F82300042947D96188202990
:10CFE00044D992F8201083F8241092F8211083F885
:10CFF000251092F8222083F82620D5F89C30A268CC
:10D00000D97C92F8230083F8270005292ED961885E
:10D0100024292BD992F8241083F8281092F825108F
:10D0200083F8291092F8262083F82A20D5F89C301E
:10D03000A268D97C92F8270083F82B00062915D91D
:10D040006188282912D992F8281083F82C1092F8B8
:10D05000291083F82D1092F82A2083F82E20A26838
:10D06000D5F89C3092F82B2083F82F209A6B4FF044
:10D07000FF311963197812B1080742F1D6814B07C5
:10D0800000F165822678677832E40B6823F0FF03AD
:10D09000B3F5062F00F09F834F78802F7FF428ACE4
:10D0A0004B88A42B3FF624ACD0F8B40000283FF402
:10D0B0001FAC037841788B4236BF9A1F5A1A521A16
:10D0C000D2B2F82A01F2F484AC2101FB0303B522A9
:10D0D0009A70D5F8B420137801FB03236222DA702A
:10D0E000D5F8B420137801FB032313221A71D5F865
:10D0F000B420137801FB032380225A71D5F8B420A1
:10D100006088137801FB03239871D5F8B400628816
:10D11000037801FB0303120ADA716388002273B1FA
:10D12000D5F8B400A668037801FB030390B203446A
:10D13000305C18726088013293B29842F0D8D5F80A
:10D14000B420207B1378AC2101FB032383F8AC00CF
:10D15000D5F8B420607B137801FB032383F8AD007E
:10D16000D5F8B420137801331370D5F8B4301A7899
:10D17000FA2A02F0488126786778FFF7B9BB4F7822
:10D18000092F7FF4B5ABD0F8AC30002B3FF4B0AB37
:10D190008A6812781A71D0F8AC301A79012A01F035
:10D1A000AB80022A01F0CC80DA6A012183F82410D6
:10D1B000197812B1080741F1FD834B0700F1C781CF
:10D1C00026786778FFF794BB001410000015240040
:10D1D0000B6823F0FF03B3F5900F00F00484A14A1D
:10D1E00093424CD0A04A934200F09A854F78FFF7C3
:10D1F0007FBB2146284603B0BDE8F04F1847D0F862
:10D200008030002B01F046818A68D8699178577880
:10D21000D678090441EA072141EA066116783143CC
:10D220005960917957791679090441EA0721314308
:10D23000D67941EA06619960917A577A167A09049B
:10D2400041EA07213143D67A41EA0661D960567B2B
:10D25000117B41EA06211982917B9974D27BDA74A1
:10D260004FF0FF325A611A7810B1110741F1A784CB
:10D27000530700F16C8126786778FFF739BBD0F847
:10D28000A420002A01F0598089688B784878CE78EC
:10D290001B0443EA0023087843EA06630343536010
:10D2A0000B791372A268D5F8A430917A507A167A65
:10D2B000090441EA0021D07A314341EA0061D96092
:10D2C000917B507B167B090441EA0021D07B3143DE
:10D2D00041EA00611961917C507C167C090441EAA5
:10D2E0000021D07C314341EA00615961917D507D3C
:10D2F000167D090441EA0021D07D314341EA0061F5
:10D300009961917E507E167E090441EA0021D07E0B
:10D31000314341EA0061D961917F577FD07F167F09
:10D320000A0442EA07223243D96A42EA00624FF015
:10D33000FF30C3E908201A7811B1100741F1998331
:10D34000530700F1048126786778FFF7D1BA826E1F
:10D350001378C3F3C101C3F3C0001B0742F14F8030
:10D360004B087FF4C5AA02274FF488769368B5224C
:10D370009A55AB6E9B68334462225A70AB6E9B68C1
:10D38000334402229A70AB6E9B6833447322DA7086
:10D39000AB6E62889B6833441A71AB6E62889B687F
:10D3A000334412125A71AB6E62889868A168304497
:10D3B00006302BF003F8AB6E227B9B68334483F876
:10D3C0000E21AB6E627B9B681E4486F80F21AA6E0D
:10D3D0001378C3F3C1010F4367F3C40313702678B6
:10D3E0006778FFF785BA4169002901F05680A26885
:10D3F00093785078D6781B0443EA0023107843EAE8
:10D40000066303434B6013790B726B695179597250
:10D4100091799972D179D972917A507A167A0904F0
:10D4200041EA0021D07A314341EA0061D960917B21
:10D43000577BD07B167B0A0442EA07223243D96924
:10D4400042EA00624FF0FF30C3E904201A7811B1BC
:10D45000100741F14483530779D426786778FFF7A2
:10D4600047BA00BF0001200000022400D0F890302D
:10D47000002B01F00C808A6891785078D6780904E6
:10D4800041EA0021107841EA066101435960917A2E
:10D49000507A167A090441EA0021D07A314341EAF0
:10D4A0000061D960917B507B167B090441EA002121
:10D4B000D07B314341EA00611961917C507C167C3C
:10D4C000090441EA0021D07C314341EA00615961FD
:10D4D000917D507D167D090441EA0021D07D3143C4
:10D4E00041EA00619961917E507E167E090441EA0D
:10D4F0000021D07E314341EA0061D961507F917FA4
:10D50000167F090441EA0021D07F314341EA0061DE
:10D51000196292F8221092F8217092F8206092F825
:10D5200023001A6B090441EA0721314341EA0061F3
:10D530004FF0FF30C3E90910197812B1080741F123
:10D5400023834B0703D426786778FFF7D1B92146A8
:10D550002846FEF7CFFF00287FF4DDA926786778FC
:10D56000FFF7C6B94B88B3F5907F3FF691ABD0F883
:10D570008430002B3FF4BCA98A6812781A718A683B
:10D58000D0F8843052785A718A68D0F88430917813
:10D59000997112791A72A268D0F8843052795A724D
:10D5A000A268D0F8843092799A72A268D0F8843058
:10D5B000D279DA72D0F884100020064691F80580FE
:10D5C0001FFA86FE06EB8602731CF04501EBC20CC7
:10D5D00003EB83071E4640F2A0806388083B83422A
:10D5E00040F39B80A3680344072E93F809E0197A5F
:10D5F00041EA0E21ACF80C1093F80BE0997A41EA5D
:10D600000E21ACF80E10997B93F80DE093F80C8086
:10D610004FEA014141EA0E2193F80FE041EA080187
:10D6200041EA0E61CCF810101B7C8CF81430A16814
:10D63000D5F88430014403EBC203497C5975A368D3
:10D64000D5F88410034401EBC20C93F813E0997CE5
:10D6500041EA0E21ACF81610997D93F815E093F885
:10D6600014804FEA014141EA0E2193F817E041EAA4
:10D67000080141EA0E61CCF818101B7E8CF81C30B2
:10D68000A168D5F88430014403EBC203497E597781
:10D69000A368D5F88410034401EBC20293F81BE0A1
:10D6A00093F81AC04CEA0E2CA2F81EC093F81DE0A5
:10D6B00093F81CC04CEA0E2CA2F820C093F81FE08F
:10D6C00093F81EC04CEA0E2CA2F822C093F821E079
:10D6D00093F820C04CEA0E2CA2F824C093F823E063
:10D6E00093F822C04CEA0E2CA2F826C093F82E2004
:10D6F00093F82D8093F82CE093F82FC04FEA024363
:10D7000043EA082301EBC70743EA0E0343EA0C632D
:10D7100000F12800BB607FF451AFD1F82C01012348
:10D7200081F824310B7810B11F0741F1A9825E07FF
:10D730003FF50DAF26786778FFF7DAB80269002A5F
:10D7400000F015858B68106A99785F78DE78090497
:10D7500041EA072141EA06611E7831435160997917
:10D760005F791E79090441EA07213143DE7941EAF4
:10D7700006619160997A5F7A1E7A090441EA07216D
:10D780003143DE7A41EA0661D160997B5F7B1E7B83
:10D79000090441EA07213143DE7B41EA0661116158
:10D7A000997C93F811C01F7CDE7C0B0443EA0C23A8
:10D7B0003B4343EA06634FF0FF31C2E9053113787A
:10D7C00010B11F0741F1D8805E073FF5C0AE267843
:10D7D0006778FFF78DB8D0F8B030002B00F0C48424
:10D7E00018785978884236BF00F11002421A521A4E
:10D7F000D2B20E2A00F2F583A26803EBC0031278BE
:10D800009A70D5F8B030A2681978527803EBC1034A
:10D81000DA70D5F8B030A2681978927803EBC103BA
:10D820001A71D5F8B030A2681978D27803EBC10329
:10D830005A71D5F8B030A2681978127903EBC10398
:10D840009A71D5F8B030A2681978527903EBC10308
:10D85000DA71D5F8B030A2681978927903EBC10378
:10D860001A72D5F8B030A2681978D27903EBC103E7
:10D870005A72D5F8B020137801331370D5F8B03050
:10D880001A78102A04BF00221A7026786778FFF7EA
:10D890002FB8036E002B6DD09B68002B6AD08A686E
:10D8A00012781A708B68016E9A78D878896842EA83
:10D8B00000224A809A7958791E79120442EA00229D
:10D8C000D879324342EA00624A609A7A587A1E7ADC
:10D8D000120442EA0022D87A324342EA00628A60A5
:10D8E0009A7B587B1E7B120442EA0022D87B32438B
:10D8F00042EA0062CA60587C1A7C42EA00220A822C
:10D900009B7C8B742B6EA2689B68D27CDA742B6E26
:10D910009B681A78002A40F00685A26892F80D02EA
:10D9200092F80C1241EA0021998292F80E229A751F
:10D930002B6E99680A78002A40F0EE8414264FF482
:10D94000FC70012340F2F91703E0BB420DD02A6EB0
:10D950009168A26832441A44194412F8012CCA751D
:10D960009AB2904203F10103EFD82B6E1A7842F07D
:10D9700008021A706B6E002B00F0CE819B68002BA2
:10D9800000F0CA81B5221A706B6E9B6862225A70D1
:10D990006B6E9B6802229A706B6E9B687222DA70C3
:10D9A0006B6E62889B681A716A6E638892681B123C
:10D9B00053716B6E62889868A16806302AF0FEFC8D
:10D9C0006B6E227B9B6883F816226B6E627B9B6872
:10D9D00083F817226A6E137843F0080313702678D1
:10D9E0006778FEF785BFD0F8A010002900F0C58346
:10D9F000A26893785078D6781B0443EA0023107805
:10DA000043EA066303434B605079137943EA0023EA
:10DA10000B8193798B72A268D5F8A030D279DA7233
:10DA2000A268D5F8A030127A1A73A268D5F8A0308F
:10DA3000527A5A73A268D5F8A030927A9A73A26883
:10DA4000D5F8A010D37ACB73507B937B167B1B0445
:10DA500043EA0023D07B334343EA00630B61137C2A
:10DA60000B75A368D5F8A0105A7C4A759A7D587D2D
:10DA70001E7D120442EA0022D87D324342EA00624F
:10DA80008A619A7E587E1E7E120442EA0022D87E67
:10DA9000324342EA0062CA619A7F587F1E7F1204B5
:10DAA00042EA0022D87F324342EA00620A6293F8D7
:10DAB000222093F8210093F82060120442EA002209
:10DAC00093F82300324342EA00624A6293F8262028
:10DAD00093F8250093F82460120442EA002293F898
:10DAE0002700324342EA00628A6293F82A2093F8C0
:10DAF000290093F82860120442EA002293F82B00D0
:10DB0000324342EA0062CA6293F82E2093F82D0055
:10DB100093F82C60120442EA002293F82F0032435B
:10DB200042EA00620A6393F8322093F8310093F8D6
:10DB30003060120442EA002293F83300324342EA92
:10DB400000624A6393F8362093F8350093F8346006
:10DB5000120442EA002293F83700324342EA00629C
:10DB60008A6393F83A2093F8390093F838601204E6
:10DB700042EA002293F83B00324342EA0062CA6361
:10DB800093F83E2093F83D0093F83C60120442EA7B
:10DB9000002293F83F00324342EA00620A6493F89D
:10DBA000422093F8417093F8400093F843601304C7
:10DBB00043EA07230343486D43EA06634FF0FF320D
:10DBC0004B64CA640B7810B11F0740F1E7865E070B
:10DBD0003FF5BDAC26786778FEF78ABEC36F002B91
:10DBE00000F0C8828A6811781971C36F5178597131
:10DBF000D078917841EA0021D9805079117941EAB1
:10DC000000211981D079917941EA00215981917AD5
:10DC1000507A167A090441EA0021D07A314341EA68
:10DC20000061D960917B507B167B090441EA002199
:10DC3000D07B314341EA00611961917C507C167CB4
:10DC4000090441EA0021D07C314341EA0061596175
:10DC5000917D507D167D090441EA0021D07D31433C
:10DC600041EA00619961917E577ED07E167E0A045A
:10DC700042EA07223243996A42EA00624FF0FF30DB
:10DC8000C3E907201A7811B1160740F1BD86500785
:10DC90003FF55DAC26786778FEF72ABED0F88C2079
:10DCA000002A00F0118289688B784878CE781B04AE
:10DCB00043EA0023087843EA0663034353600B7981
:10DCC0001372D5F88C304A795A728A799A728A7AA4
:10DCD000487A0E7A120442EA0022C87A324342EAB3
:10DCE0000062DA604E7B0A7BD86942EA06221A8219
:10DCF000CE7B8A7B4FF0FF3142EA06225A8259617D
:10DD00001A7810B1170740F16E8656073FF51FAC21
:10DD100026786778FEF7ECBD26786778FEF7E8BDD1
:10DD2000D0F8A830002B00F0BD868A689178507832
:10DD3000D678090441EA0021107841EA06610143DE
:10DD40005960917A507A167A090441EA0021D07A12
:10DD5000314341EA0061D960917B507B167B090415
:10DD600041EA0021D07B314341EA00611961917C95
:10DD7000507C167C090441EA0021D07C314341EA01
:10DD800000615961917D507D167D090441EA0021B1
:10DD9000D07D314341EA00619961917E507E167ECB
:10DDA000090441EA0021D07E314341EA0061D96192
:10DDB000507F917F167F090441EA0021D07F3143D3
:10DDC00041EA0061196292F8221092F8217092F8EB
:10DDD000206092F823001A6B090441EA07213143BD
:10DDE00041EA00614FF0FF30C3E90910197812B120
:10DDF0000F0740F152874E073FF5A9AB26786778A9
:10DE0000FEF776BDC36E002B3EF472AD9B68002B0F
:10DE10003EF46EAD8A6812781A70C36E8A689B6889
:10DE200052785A708A68C16E937956791079D77989
:10DE30001B0443EA062303438E68087843EA07631A
:10DE40007360577A137A43EA07233381D77A927A39
:10DE500040F0080342EA072272810B702678677847
:10DE6000FEF746BDD0F8941000293EF441ADA768F6
:10DE7000B4F802A0BB787E78F8783A781B0443EABD
:10DE8000062343EA006313434B607A793B7943EA04
:10DE900002230B81F879BB794A7A43EA0023D2083E
:10DEA0006FF0070C01F10800019200EB82090AEB08
:10DEB0000C084B813A46ACEB010C01F1840E13E0E7
:10DEC000984515DD937A567A92F808B01B0443EA18
:10DED0000623D67A43EA0B0343EA066340F8043F7D
:10DEE000864502F1040203D081450CEB0003E7D123
:10DEF000019A0232BAEB820F4FEA82030CD9FA1868
:10DF0000F85C93785678D2781B0443EA062343EAF8
:10DF100002630343C1F88830D1F89000B0B10E8895
:10DF20003707C6F3C502C6F3C00341F1BE829607A8
:10DF300041F1D182530741F1D482170741F1CE82DA
:10DF4000D60641F1B182530901F0F4820B785B07E8
:10DF50003FF5FDAA26786778FEF7CABC8369002BD7
:10DF600000F0BA858968186A8A784F78CE781204EA
:10DF700042EA072242EA06620E7832435A604E793C
:10DF80000A7942EA06221A81CE798A7942EA062281
:10DF90005A814E7A0A7A42EA06229A81CE7A8A7A9F
:10DFA00042EA0622DA814E7B0A7B42EA06221A8284
:10DFB000CE7B8A7B42EA06225A824E7C0A7C4FF054
:10DFC000FF3142EA06229A8299611A7810B1170746
:10DFD00040F1818656073FF5BAAA26786778FEF7A2
:10DFE00087BC95F88C31002B40F07A8195F88D3103
:10DFF000002B40F075816778FEF77ABC016A002932
:10E0000000F0EE85A26853789078D6781B0243EA38
:10E010000043107843EA066303434B6013790B72A5
:10E02000A2682B6A517A907A167A090241EA004175
:10E03000D07A314341EA0061D960517B907B167BF5
:10E04000090241EA0041D07B314341EA0061196194
:10E05000517C907C167C090241EA0041D07C31431E
:10E0600041EA00615961517D907D167D090241EAC6
:10E070000041D07D314341EA00619961517E907E3B
:10E08000167E090241EA0041D07E314341EA006137
:10E09000D961917F577FD07F167F0A0442EA072219
:10E0A0003243D96A42EA00624FF0FF30C3E90820E8
:10E0B0001A7811B1100740F1208653073FF547AA9F
:10E0C00026786778FEF714BC4F78FEF711BCD0F8BD
:10E0D000981000293EF40CAC6288131F48BFD31C73
:10E0E000DB1081F838326688D0F898100336F608CD
:10E0F000F60004360846042224E0A3689F1813F8AB
:10E1000002E0BB7897F8018097F803C01B0443EA4C
:10E11000082343EA0E0343EA0C638360BB7997F854
:10E1200005E097F804C0FF791B0443EA0E2343EA95
:10E130000C03083243EA0763B2F50D7FC36000F1B8
:10E14000080001D09642D8D1D1F84002002800F052
:10E15000FA850B781F0740F1E8855E073FF5F7A9C0
:10E1600026786778FEF7C4BB4F78FEF7C1BB4F78BF
:10E17000FEF7BEBB4F78FEF7BBBB6778FEF7B8BBB8
:10E18000036F002B3EF4B4AB8A6811781971036FEA
:10E1900051785971036FD178D971036F1179197260
:10E1A000036F51795972036F91799972016F0F7AE8
:10E1B00001F108006FF0070600EB870701F1480C3A
:10E1C000761A874206EB000E17D06388083B73452A
:10E1D00013DD937A92F809E092F808801B0443EA71
:10E1E0000E2392F80BE043EA080343EA0E6340F87B
:10E1F000043F844502F10402E3D1486D012681F811
:10E200004C60002830D00A68C2F3CD03C2F3C007C7
:10E21000120741F108869A0740F11B865F0741F11A
:10E22000C8811E0741F1C381DA0641F1CA819F0608
:10E2300041F1C5815E0641F1C0811A0641F1BB8101
:10E24000DF0541F111869E0541F10B865A0541F12A
:10E2500005861F0541F1FF85DE0440F1F9855B0B62
:10E2600008BF0D2600F0F585C86D002830D04A881B
:10E27000C2F34D03C2F34006920740F1FF859F07AA
:10E2800041F1D4855E0741F1D7851A0741F1D18567
:10E29000DF0641F1DD859E0641F1D7855A0641F141
:10E2A000D1851F0641F1CB85DE0541F1E9859A054F
:10E2B00041F1E3855F0541F1DD851E0541F1D7851B
:10E2C000DA0440F1DA855B0B08BF0D2600F0D68535
:10E2D0000B785F073FF53BA926786778FEF708BB08
:10E2E000D5F88801002800F0E0836D491EF0C0F9E0
:10E2F00026786778FEF7FCBA4A880C2A7EF454AF79
:10E300008A681279DA728A68D0F8AC30127ADA73D5
:10E31000D0F8AC30FEF748BF488800283FF426AB61
:10E320001826FFF70EBBA268507D117D41EA00213F
:10E330009982927D9A75FFF7FBBA4F78FEF7D8BAAB
:10E340008A6852781A728A68D0F8AC30D2789A7299
:10E35000D0F8AC20917A062913462BD990F88C116D
:10E3600019B3D0F88801002800F0E4874D491EF069
:10E37000EFF8D5F8AC20D5F88801917A002800F0A4
:10E38000D9870A221EF0EAFBD5F88801002800F0A0
:10E39000CF8745491EF0DCF8D5F8880118B10A226C
:10E3A00006211EF0A9FBD5F8AC3006229A72D5F8EA
:10E3B000AC30997A00293EF4F7AEA1688A794E799B
:10E3C0000879C979120442EA0622024342EA01624C
:10E3D000DA60D5F8AC309A7A012A7EF6E5AEA1680B
:10E3E0008A7A4E7A087AC97A120442EA06220243ED
:10E3F00042EA01621A61D5F8AC309A7A022A7EF6B6
:10E40000D3AEA1688A7B4E7B087BC97B120442EAAB
:10E410000622024342EA01625A61D5F8AC309A7A88
:10E42000032A7EF6C1AEA1688A7C4E7C087CC97C3A
:10E43000120442EA0622024342EA01629A61D5F8D6
:10E44000AC309A7A042A7EF6AFAEA1688A7D4E7D02
:10E45000087DC97D120442EA0622024342EA0162B3
:10E46000DA61D5F8AC309A7A052A7EF69DAEA168BD
:10E470008A7E4E7E087EC97E120442EA062202434C
:10E4800042EA01621A62D5F8AC30FEF78DBE4F78D1
:10E49000FEF72EBA4F78FEF72BBA6778FEF728BA48
:10E4A000D0E4060054E5060070E50600416A002944
:10E4B00000F0CB84A26853789078D6781B0243EAA8
:10E4C0000043107843EA066303434B6050791379A5
:10E4D00043EA00230B8193798B72A2686B6AD2792D
:10E4E000DA72A2686B6A127A1A73A2686B6A527A3D
:10E4F0005A73A2686B6A927A9A73A368696ADA7A25
:10E50000CA73987B5A7B1E7B120242EA0042D87B78
:10E51000324342EA00620A615A7C987C1E7C1202F5
:10E5200042EA0042D87C324342EA00624A611B7DE3
:10E530000B76A2686B6A517D5976917D9976D27D72
:10E54000DA76A368696A5A7E987E1E7E120242EAD3
:10E550000042D87E324342EA0062CA615A7F987F05
:10E560001E7F120242EA0042D87F324342EA006232
:10E570000A6293F8220093F8212093F82060120297
:10E5800042EA004293F82300324342EA00624A62C0
:10E5900093F8252093F8260093F82460120242EAAB
:10E5A000004293F82700324342EA00628A6293F8FD
:10E5B000292093F82A0093F82860120242EA0042C8
:10E5C00093F82B00324342EA0062CA6293F82D208E
:10E5D00093F82E0093F82C60120242EA004293F85E
:10E5E0002F00324342EA00620A6393F8312093F825
:10E5F000320093F83060120242EA004293F833008E
:10E60000324342EA00624A6393F8352093F83600B9
:10E6100093F83460120242EA004293F83700324322
:10E6200042EA00628A6393F8392093F83A0093F83B
:10E630003860120242EA004293F83B00324342EA59
:10E640000062CA6393F83D2093F83E0093F83C6063
:10E65000120242EA004293F83F00324342EA00626B
:10E660000A6493F8412093F8420093F84060120244
:10E6700042EA004293F84300324342EA00624A64AD
:10E6800093F8452093F8460093F84460120242EA5A
:10E69000004293F84700324342EA00628A6493F8EA
:10E6A000492093F84A0093F84860120242EA004277
:10E6B00093F84B00324342EA0062CA6493F84D007B
:10E6C00093F84C2042EA0022A1F8502093F84F0022
:10E6D00093F84E2042EA0022A1F8522093F85520E8
:10E6E00093F8560093F85460120242EA004293F8FD
:10E6F0005700324342EA00628A6593F8596093F802
:10E700005820C86E42EA0622A1F85C2093F85B20EC
:10E7100093F85A3043EA02234FF0FF32A1F85E30FB
:10E72000C1E918220B7810B11F0740F1B2865E07CD
:10E730003EF50DAF26786778FEF7DAB8436F002B09
:10E740003EF4D6A88A6812789A708A68436F527825
:10E75000DA708A68436F92781A718A68436FD27848
:10E760005A718A68436F12799A718A68436F527935
:10E77000DA718A68436F92791A728A68436FD27924
:10E780005A72416FA368587A1A7A42EA00224A8183
:10E790009B7A0B73A2686B6FD27A5A73A2686B6F05
:10E7A000117B9973527BDA73696F10230020CDE0DF
:10E7B0006688103EB6EB401F4FEA401240F3CB8014
:10E7C000A6681144F65C8E74A668696F1E441144F5
:10E7D000367A8E76A668696F01301E4401EB4011CF
:10E7E000367C8E70A668696F1E4411447678CE74AC
:10E7F000A668696F1E441144767ACE76A668696F62
:10E800001E441144767C81F82360A668696F1E441B
:10E810001144B6780E75A668696F1E441144B67A25
:10E820000E77696FA6681E441144B67C81F8246097
:10E83000A668696F1E441144F6784E75A668696F24
:10E840001E441144F67A4E77A668696F1E4411443F
:10E85000F67C81F82560A668696F1E4411443679FC
:10E860008E75A668696F1E441144367B8E77A66844
:10E87000696F1E4411447679CE75A668696F1E448F
:10E880001144767BCE77696FA6681E441144B67931
:10E890000E76A668696F1E441144B67B81F820602D
:10E8A000A668696F1E441144F6794E76A668696FB2
:10E8B0001E441144F67B81F82160A668696F1E44EE
:10E8C00001EB4011367D8E71A668696F1E4401EB25
:10E8D0004011767DCE71A668696F1E4401EB401130
:10E8E000B67D0E72A668696F1E4401EB4011F67D7D
:10E8F0004E726E6FA1681944164491F819C00F7ECC
:10E9000047EA0C277785897E86F82C10A668696F00
:10E910001E441144F67E81F82D60A668696F1E447E
:10E920001144367F81F82E60A668696F1E44114439
:10E93000767F81F82F60A668696F1E440A44B67F0F
:10E9400082F830605C2803F1200304D04E7BC2B211
:10E9500096423FF62DAFD1F8980B012381F8923BF8
:10E960000B7810B11E0740F1548559073EF5EFAD05
:10E9700026786778FDF7BCBF52F8043F5668916867
:10E98000D768C760036046608160136903612A69C4
:10E99000137843F008031370FEF716BF48220431C2
:10E9A00029F00CFDD5F8A020137843F0080313706C
:10E9B000FFF70DB953F8046F58689968DF68D7609E
:10E9C00016605060916099691E695869DF69D76166
:10E9D000166150619161D5F8AC30197841F00801A9
:10E9E0001970FEF7EABB53F8046F9A685968DB6840
:10E9F000C360066041608260D5F88C301A7842F0BE
:10EA000008021A70FFF781B953F8040F5A689E681C
:10EA1000DF68CF6008604A608E605A6918699E6935
:10EA20008E6108614A61EB6F1A7842F008021A7031
:10EA3000FFF72DB9111D34320F684E688868D1F880
:10EA40000CC0C3F80CC0103191421F605E6098602A
:10EA500003F11003F0D108684A688968996018606A
:10EA60005A60D5F88830197841F008011970FEF71E
:10EA700019BA53F8046F58689A68DF68CF600E605F
:10EA800048608A609A691E695869DF69CF610E61C2
:10EA900048618A61D5F8A4301A7842F008021A70E9
:10EAA000FEF74EBC4F78FDF723BF6778FDF720BF18
:10EAB00095F88C3123B995F88D31002B3DF418AFC2
:10EAC000D5F8880100283DF413AFA0491DF0D0FD12
:10EAD00026786778FDF70CBF4F78FDF709BF53F82C
:10EAE000046F9A685868DB68CB600E6048608A6083
:10EAF0006B691A7842F008021A70FEF7ACBC836AA0
:10EB0000002B00F089838A6812781A718A68836AF8
:10EB1000517990791679090241EA0041D07931435F
:10EB200041EA00619960517A907A167A090241EAC5
:10EB30000041D07A314341EA0061D960517B907B3A
:10EB4000167B090241EA0041D07B314341EA006172
:10EB50001961517C977CD07C167C0A0242EA0742FC
:10EB60003243196A42EA00624FF0FF30C3E90520E0
:10EB70001A7811B1100740F1778457073EF5E7ACDA
:10EB800026786778FDF7B4BE191D24330F684E68E8
:10EB90008868D1F80CC0C2F80CC0103199421760D7
:10EBA0005660906002F11002F0D10B681360D5F846
:10EBB0009030197841F008011970FEF7C2BC53F883
:10EBC000046F9A685968DB68C360066041608260C0
:10EBD000D5F880301A7842F008021A70FEF748BB68
:10EBE0006778FDF785BE036B002B00F005848A680B
:10EBF000186A51789778D678090241EA074141EAC4
:10EC0000066116783143596051799779167909026E
:10EC100041EA07413143D67941EA06619960517A68
:10EC2000977A167A090241EA07413143D67A41EAD6
:10EC30000661D960517B977B167B090241EA074147
:10EC40003143D67B41EA06611961517C92F812C0CA
:10EC5000177CD67C0A0242EA0C423A4342EA066238
:10EC60004FF0FF31C3E905211A7810B1160740F1C2
:10EC7000738450073EF56BAC26786778FDF738BE95
:10EC80004FF49072043129F099FBD5F88420137861
:10EC900043F008031370FEF74ABD191D24330F68B3
:10ECA0004E688868D1F80CC0C2F80CC01031994287
:10ECB00017605660906002F11002F0D10B6813608B
:10ECC000D5F8A830197841F008011970FFF793B80A
:10ECD0003E46FDF70DBE53F8042F5E689968DF6865
:10ECE000C7600260466081601A690261AB691A7888
:10ECF00042F008021A70FFF76DB953F8046F5868B4
:10ED00009A68DF68CF600E6048608A609A691E6901
:10ED10005869DF69CF610E6148618A612B6A1A7890
:10ED200042F008021A70FFF7C8B94FF40E720831AA
:10ED3000043029F043FBD5F89820137843F00803FA
:10ED40001370FFF70ABA0B78FFF707BA10E5060051
:10ED5000426B002A00F09A838B6859789878DE78A5
:10ED6000090241EA0041187841EA06610143516015
:10ED7000597998791E79090241EA0041D8793143DD
:10ED800041EA00619160597A987A1E7A090241EA53
:10ED90000041D87A314341EA0061D160597B987BC8
:10EDA0001E7B090241EA0041D87B314341EA006100
:10EDB0001161597C987C1E7C090241EA0041D87C93
:10EDC000314341EA00615161597D987D1E7D090200
:10EDD00041EA0041D87D314341EA00619161987E6A
:10EDE000597E1E7E090241EA0041D87E314341EA44
:10EDF0000061D161597F987F1E7F090241EA00417D
:10EE0000D87F314341EA0061116293F8211093F8F1
:10EE1000227093F8206093F82300136B090241EAF3
:10EE20000741314341EA00614FF0FF30C2E9091068
:10EE30001BB11178090740F1A18313785F073EF5F4
:10EE400086AB26786778FDF753BD6778FDF750BD30
:10EE50000C2606EBC603043100EBC300482229F060
:10EE6000ADFA296F0B680122C3F3CD00B240024313
:10EE700062F3D0030B60FFF7F7B90C2606EB8607A9
:10EE80003F01B523C3552B6FDB6D3B4462225A70A3
:10EE90002B6FDB6D3B4402229A702B6FDB6D3B4482
:10EEA0001322DA702B6F6288DB6D3B441A712B6F73
:10EEB0006288DB6D3B4412125A712B6F6288D86DE9
:10EEC000A1683844063029F079FA2B6F217BDB6D7D
:10EED0003B44012283F84E102B6F617BDB6D1F4496
:10EEE000B24087F84F10296F4B88C3F34D0002439F
:10EEF00062F34E034B80FFF7EBB9016C002900F081
:10EF00009683A26853789078D6781B0243EA004330
:10EF1000107843EA066303434B6013790B72A368CE
:10EF20002A6C59795172D879997941EA0021518135
:10EF30001B7A1373A2682B6C527A5A73A2682B6CDB
:10EF4000927A9A73A2682B6CD27ADA73A2682B6CCD
:10EF5000127B1A74A268296C537C907C167C1B026D
:10EF600043EA0043D07C334343EA00634B61537D63
:10EF7000907D167D1B0243EA0043D07D334343EA74
:10EF800000638B61137E0B77A2682B6C517E5977DF
:10EF9000917E9977D27EDA77A368296C5A7F987F21
:10EFA0001E7F120242EA0042D87F324342EA0062E8
:10EFB0000A6293F8212093F8220093F8206012024D
:10EFC00042EA004293F82300324342EA00624A6276
:10EFD00093F8252093F8260093F82460120242EA61
:10EFE000004293F82700324342EA00628A6293F8B3
:10EFF000292093F82A0093F82860120242EA00427E
:10F0000093F82B00324342EA0062CA6293F82D2043
:10F0100093F82E0093F82C60120242EA004293F813
:10F020002F00324342EA00620A6393F8312093F8DA
:10F03000320093F83060120242EA004293F8330043
:10F04000324342EA00624A6393F8352093F836006F
:10F0500093F83460120242EA004293F837003243D8
:10F0600042EA00628A6393F8392093F83A0093F8F1
:10F070003860120242EA004293F83B00324342EA0F
:10F080000062CA6393F83E0093F83D2093F83C6019
:10F09000120242EA004293F83F00324342EA006221
:10F0A0000A6493F8412093F8420093F840601202FA
:10F0B00042EA004293F84300324342EA00624A6463
:10F0C00093F8452093F8460093F84460120242EA10
:10F0D000004293F84700324342EA00628A6493F8A0
:10F0E000492093F84A0093F84860120242EA00422D
:10F0F00093F84B00324342EA0062CA6493F84D2011
:10F1000093F84E0093F84C60120242EA004293F8E2
:10F110004F00324342EA00620A6593F8512093F8A7
:10F12000520093F85060120242EA004293F85300F2
:10F13000324342EA00624A6593F8552093F856003C
:10F1400093F85460120242EA004293F857003243A7
:10F1500042EA00628A6593F8590093F8582042EA1F
:10F160000022A1F85C2093F85B0093F85A2042EA51
:10F170000022A1F85E2093F85D0093F85C2042EA3B
:10F180000022A1F8602093F85F0093F85E2042EA25
:10F190000022A1F8622093F8610093F8602042EA0F
:10F1A0000022A1F8642093F8630093F8622042EAF9
:10F1B0000022A1F8662093F8652093F8660093F882
:10F1C0006460120242EA004293F86700324342EA66
:10F1D00000628A6693F8692093F86A7093F86B006E
:10F1E00093F86860130243EA0743334343EA00633A
:10F1F0004FF0FF32CB66C1E91E22D1F8840018B16E
:10F200000B781E0740F1DF850B7858073EF59FA964
:10F2100026786778FDF76CBB4F78FDF769BBC36B49
:10F22000002B00F0E8818A6812781A718B68C16B34
:10F23000DA78CA715A7998791E79120242EA004244
:10F24000D879324342EA00628A605A7A987A1E7A02
:10F25000120242EA0042D87A324342EA0062CA60AD
:10F260005A7B987B1E7B120242EA0042D87B3243D3
:10F2700042EA00620A615A7C987C1E7C120242EAD1
:10F280000042D87C324342EA00624A615A7D987D4E
:10F290001E7D120242EA0042D87D324342EA0062F9
:10F2A0008A611B7E0B77A268EB6B527E5A77A2684D
:10F2B000EB6B927E9A77A268EB6BD27EDA77A068CE
:10F2C000EB6B427F817F067F120242EA0142C17FDF
:10F2D000324342EA01621A6290F8211090F82260EB
:10F2E00090F8202090F82300090241EA06411143DA
:10F2F0001A6B41EA00614FF0FF30C3E909101AB1FF
:10F300001978090740F17A811B785F073EF51FA93C
:10F3100026786778FDF7ECBA40F6CC02043129F084
:10F320004DF8AA6F137843F008031370FDF783BC00
:10F33000D5F8AC201346FFF738B8836B002B00F0EC
:10F3400042818A6812781A718B68816B5A79987930
:10F350001E79120242EA0042D879324342EA006240
:10F360008A605A7A987A1E7A120242EA0042D87A61
:10F37000324342EA0062CA605A7B987B1E7B1202CB
:10F3800042EA0042D87B324342EA00620A615A7C78
:10F39000987C1E7C120242EA0042D87C324342EA48
:10F3A00000624A611B7D0B76A268AB6B527D5A7678
:10F3B000AB6BA268927D9A76A168AB6BCA7DDA7658
:10F3C0004A7E8F7E0E7EC87E996A120242EA07420A
:10F3D000324342EA00624FF0FF30C3E9072019B11F
:10F3E0001A78160740F1F2801B7858073EF5AFA84F
:10F3F00026786778FDF77CBA4F78FDF779BA06462C
:10F400000127FDF7B3BF00221A7026786778FDF751
:10F410006FBA4FF43962023128F0D0FF6A6F137867
:10F4200043F008031370FFF7A0BA191D24330F68C7
:10F430004E688868D1F80CC0C2F80CC010319942EF
:10F4400017605660906002F11002F0D14B680868B6
:10F450008968916010605360D5F89C30197841F04C
:10F4600008011970FDF70BBE53F8042F5E68986809
:10F47000DF68CF600A604E6088601A690A61AB6A13
:10F480001A7842F008021A70FFF777BB4F78FDF741
:10F490002FBA5C22043128F091FF6A6A137843F096
:10F4A00008031370FFF743B904231E4603EB03134D
:10F4B00000EBC3000431882228F080FFD5F89410B7
:10F4C0000B880122C3F3C500B240024362F3C803B4
:10F4D0000B80FEF73BBD01231E46E7E703231E46D4
:10F4E000E4E702231E46E1E76A6D002A3DF400AA24
:10F4F000A16800234F1E184617F8016F9E4008337D
:10F50000202B40EA0600F7D150600B7913724B793B
:10F5100053726B6DDA694FF0FF31596112B119788E
:10F520000F070AD51B785E073EF511A82678677885
:10F53000FDF7DEB905231E46B8E753F8046F586897
:10F540009968DB68D3601660506091606B6D1A78C3
:10F5500042F008021A70E5E753F8042F5E689968D4
:10F56000DF68C7600260466081601A6902612B6BC8
:10F570001A7842F008021A70FFF77BBB111D243283
:10F580000F684E688868D1F80CC0C3F80CC0103101
:10F5900091421F605E60986003F11003F0D10A6829
:10F5A0001A606A6B137843F00803137045E403266E
:10F5B0004FE402264DE407264BE4062649E40526DF
:10F5C00047E4042645E44F78FDF792B953F8040F59
:10F5D0005A689E68DF68CF6008604A608E605A692A
:10F5E00018699E698E6108614A61AB6B1A7842F0B6
:10F5F00008021A70F8E64F78FDF77AB9191D24331E
:10F600000F684E688868D1F80CC0C2F80CC0103181
:10F61000994217605660906002F11002F0D10B68B9
:10F620001360EB6B1A7842F008021A706CE6677888
:10F63000FDF75EB94A88282A02D0402A7DF4CFA976
:10F640002B6D002B3DF454A9A26812781A71A3689F
:10F650002A6DD878997841EA0021D1809979587932
:10F660001E79090441EA0021D879314341EA006159
:10F670009160997A587A1E7A090441EA0021D87A71
:10F68000314341EA0061D160997B587B1E7B0904BC
:10F6900041EA0021D87B314341EA00611161997C44
:10F6A0005E7C187C090441EA06210143DE7C608807
:10F6B00041EA06612828516100F09980587D197D42
:10F6C0009E7D41EA0021D87D41EA064141EA006180
:10F6D0009161997E587E1E7E090441EA0021D87E00
:10F6E000314341EA0061D16193F8203082F824303F
:10F6F000A2682B6D92F8212083F82520A2682B6D3B
:10F7000092F8222083F82620A2682B6D92F82320FD
:10F7100083F82720A2682B6D92F8261092F8250016
:10F7200092F82460090441EA002192F8270031434D
:10F7300041EA0061996292F8290092F82A1092F841
:10F740002860090441EA002192F82B00314341EA84
:10F750000061D96292F82E1092F82D0092F82C6078
:10F76000090441EA002192F82F00314341EA006187
:10F77000196392F8321092F8310092F8306009045F
:10F7800041EA002192F83300314341EA00615963B4
:10F7900092F8361092F8350092F83460090441EA84
:10F7A000002192F83700314341EA0061996392F8F1
:10F7B0003E1092F83D7092F83C6092F83F000A04C7
:10F7C00042EA0722324342EA00621A64DA6C4FF0DE
:10F7D000FF3159641AB11978090740F1AC821B78DE
:10F7E0005B073DF5B4AE26786778FDF781B8002059
:10F7F000C2E906001B7D82F82430A2682B6D527D81
:10F8000083F82520A2682B6D927D83F826202B6D2E
:10F8100083F82700A2682B6D917E567E177E09041F
:10F8200041EA0621D67E394341EA06619962917F19
:10F83000567F177F090441EA0621D67F394341EA02
:10F840000661D96292F8221092F8216092F8207035
:10F85000090441EA062192F823605863394341EADA
:10F8600006611963986392F8261092F8257092F851
:10F87000246092F82700A2E7826C002A00F08D80B5
:10F880008E680023771E194617F8010F9840083339
:10F89000202B41EA0001F7D1516033791372A2683D
:10F8A000AB6C127A1A73A268AB6C527A5A73A26864
:10F8B000AB6C927A9A73A268AB6CD27ADA73A26854
:10F8C000A96C937B507B167B1B0443EA0023D07BFF
:10F8D000334343EA00630B61507C137C43EA00230B
:10F8E0008B82D07C937C43EA0023CB82D37DCB7682
:10F8F0004FF0FF33CB6126786778FCF7F9BF436C94
:10F90000002B00F07C828A680021571E084617F8F9
:10F91000016F8E400831202940EA0600F7D1586077
:10F92000917950791679090441EA0021D07931435F
:10F9300041EA00619960917A507A167A090441EAA5
:10F940000021D07A314341EA0061D960917B507B3C
:10F95000167B090441EA0021D07B314341EA006172
:10F960001961517C977CD07C167C0A0242EA0742DE
:10F970003243196A42EA00624FF0FF30C3E90520C2
:10F9800019B11A78160740F13D821B7858073DF5EA
:10F99000DEAD26786778FCF7ABBF4F78FCF7A8BFE1
:10F9A000826D002A3CF4A4AF8E680023771E1946AE
:10F9B00017F8010F98400833202B41EA0001F7D1D6
:10F9C000516033791372A268AB6D52795A72A96D86
:10F9D000082600274FF00C0C3BE06388083B93425D
:10F9E00042DDA3689B5D0373A168AB6D3144134492
:10F9F00049785973A168AB6D314413448978997380
:10FA0000A168AB6D31441344C978D973A368A96D5B
:10FA10003344881893F805E01A7942EA0E220282EC
:10FA200093F807E09A7942EA0E2242825A7A93F8D2
:10FA30000A9093F8088093F80BE0130243EA094315
:10FA400043EA080343EA0E63FF2F06F10C06436105
:10FA50000AD091F809E0BBB20CFB07F29E4501EB1E
:10FA6000020007F10107B8D8D1F8080C012381F88A
:10FA7000003C18B10B781B0740F19A810B785F07A7
:10FA80003DF565AD26786778FCF732BFC36C002B77
:10FA90007DD08A6812781A718B68C16C9A7958790E
:10FAA0001E79120442EA0022D879324342EA006207
:10FAB0008A609A7A587A1E7A120442EA0022D87A28
:10FAC000324342EA0062CA609A7B587B1E7B120472
:10FAD00042EA0022D87B324342EA00620A619A7C01
:10FAE000587C1E7C120442EA0022D87C324342EA4F
:10FAF00000624A619A7D587D1E7D120442EA00220E
:10FB0000D87D324342EA00628A611B7E0B77EB6C40
:10FB1000A268527E5A77A268EB6C927E9A77A268AE
:10FB2000E96C937F507F167F1B0443EA0023D07F4C
:10FB3000334343EA00630B6292F8223092F82100CB
:10FB400092F820601B0443EA002392F82300334319
:10FB500043EA00634B6292F8243081F82830A268AF
:10FB6000EB6C92F8252083F82920EB6C5A6B4FF050
:10FB7000FF31D9621AB11978090740F1FE801B786C
:10FB80005A073DF5E4AC26786778FCF7B1BE4F78AC
:10FB9000FCF7AEBEC16A002948D0A3685A789878AD
:10FBA000DE78120242EA0042187842EA0662024314
:10FBB0004A605A7998791E79120242EA0042D8794D
:10FBC000324342EA00628A605A7A987A1E7A1202B6
:10FBD00042EA0042D87A324342EA0062CA60587B65
:10FBE0001A7B42EA00220A829A7B8A74EA6AD97BEB
:10FBF000D174EA6A197C1175EA6A597C5175EA6A0E
:10FC0000997C9175EA6AD97C136AD1754FF0FF31FE
:10FC100091611BB11178090740F1E08013785F070B
:10FC20003DF595AC26786778FCF762BE6778FCF7FF
:10FC30005FBEC26D002A3CF45BAE8E680023771E67
:10FC4000194617F8010F98400833202B41EA0001AC
:10FC5000F7D1516033791372A268EB6D52795A7201
:10FC6000E96D082300204BE06788083FB7EB001FD1
:10FC700010464FDDA168C95C8CF80C10A768E96DCF
:10FC80001F4431447F784F73A768E96D1F443144A6
:10FC9000BF788F73A768E96D1F443144FF78CF7335
:10FCA000A168EF6D1944374491F804C091F805E05C
:10FCB0004CEA0E2CA7F810C08979B974A768E96DD1
:10FCC0001F443144FE79CE74A668E96D1E4401EBF1
:10FCD0000211367A0E71A668E96D1E4401EB02111D
:10FCE000767A4E71A668E96D1E4401EB0212F77A2E
:10FCF000B67A5C2846EA072603F11003D68009D0BD
:10FD00004F7A86B2B7424FEA001600F1010201EBCA
:10FD1000060CA9D8D1F8D405012381F8CC3510B14F
:10FD20000B781E071ED50B7858073DF510AC2678CA
:10FD30006778FCF7DDBD191D44330F684E6888688D
:10FD4000D1F80CC0C2F80CC010319942176056604F
:10FD5000906002F11002F0D12B6D1A7842F0080287
:10FD60001A703CE504314FF4B96228F027FBE96DC5
:10FD70000B7843F008030B70D5E7191D24330F6887
:10FD80004E688868D1F80CC0C2F80CC01031994296
:10FD900017605660906002F11002F0D10B6849685C
:10FDA00051601360EB6C1A7842F008021A70E6E6B4
:10FDB000043140F6FC3228F001FBA96D0B7843F0CA
:10FDC00008030B705AE60431742228F0F7FA296C04
:10FDD0000B7843F008030B70FFF716BA52F8041FB4
:10FDE00056689068D768DF6019605E609860116936
:10FDF0001961EA6A137843F0080313700EE74F782D
:10FE0000FCF776BD53F8042F5E689868DF68CF6012
:10FE10000A604E6088601A690A616B6C1A7842F059
:10FE200008021A70B1E53E46FFF713B80126FFF746
:10FE300025B80326FFF722B80226FFF71FB80726CA
:10FE4000FFF71CB80626FFF719B80526FFF716B806
:10FE50000426FFF713B80B26FEF7FBBF0A26FEF7B2
:10FE6000F8BF0926FEF7F5BF0826FEF7F2BF0B26FE
:10FE7000FFF704B80A26FFF701B80926FEF7FEBF10
:10FE80000826FEF7FBBF00BF2DE9F04190F8F1C155
:10FE900082B005469DF820800E4614461F46BCF1F0
:10FEA000000F1BD1D0F89431ADF806306188A288DC
:10FEB000033191420BDB95F8FE3195F8FF21334475
:10FEC000DBB21A4485F8FE3185F8FF21A2886AB9B1
:10FED00026700132A28002B0BDE8F081BCF1030FB0
:10FEE00000F0BA800223ADF80630DFE7012A00F007
:10FEF000AD80022A00F00881032A00F002816388A5
:10FF0000191D8A4200F0308105339A424FF00003F8
:10FF100040F006816673AB71A089B5F8FE11884286
:10FF200000F024812178A373B94200F0CD81052926
:10FF300000F0D18195F88C311BB995F88D31002BEB
:10FF400042D0D5F8880100283ED09A491CF000FB29
:10FF5000D5F88801B8B398491CF0FAFAD5F88801A9
:10FF6000217B80B30A221CF0F9FDD5F8880150B33B
:10FF700092491CF0EDFAD5F88801617B18B30A228A
:10FF80001CF0ECFDD5F88801E8B18D491CF0E0FAD1
:10FF9000D5F8880195F8FE11A8B10A221CF0DEFD03
:10FFA000D5F8880178B187491CF0D2FAD5F88801D4
:10FFB00095F8FF1138B10A221CF0D0FDD5F8880160
:10FFC00008B11CF0A5FBA28895F8F131032B02D1F2
:10FFD0000023C5F8E831BDF80630063393427FF4BC
:10FFE00078AF95F8F031002B7FF473AF95F88C3132
:10FFF0000021A97123B995F88D31002B3FF469AF29
:020000024000BC
:10000000D5F8880100283FF464AF6F491CF0A0FACE
:10001000D5F88801C0B16D491CF09AFAD5F888016D
:1000200095F8F11180B10A221CF098FDD5F88801ED
:1000300050B167491CF08CFAD5F88801BDF806105C
:1000400010B10A221CF058FDA28842E70132667006
:10005000A28002B0BDE8F0810DF10603527821784C
:10006000F9F7EAFED5F82032002B56D094F800C0FC
:1000700094F801E01A4602E05268002A3DD0117857
:100080006145F9D151787145F6D19278002A34D082
:10009000002842D1B5F81C32ADF80630002B7FF4B1
:1000A00005AF95F88C31002B58D0D5F88801002881
:1000B0003FF4FCAE47491CF04BFAD5F88801217893
:1000C00000283FF4F3AE10221CF0A0FCD5F8880104
:1000D00000283FF4EBAE40491CF03AFAD5F888010D
:1000E000617800283FF4E2AE10221CF0D5FCDDE67A
:1000F0005A7872450ED05B687BB11A786245FAD1A6
:10010000F6E7618841EA062601326680A28002B0E5
:10011000BDE8F081DB78002BBAD1BDF80630BDE731
:1001200062782178E7882846F9F786FE95F8F0315D
:10013000A288002818BF0027002B7FF4CAAED11E6A
:10014000B94240F3BA80BDF80600111FCF1B8742A9
:1001500080F2CB80A368DE55A2883CE795F88D310C
:10016000002B3FF4A3AEA0E7267334E70123A3736B
:1001700085F83E322178B94200F0C580238840F2EC
:100180000512934200F0C880052B04D1A3681A78A9
:10019000BA4200F0DB80627800232846F9F74CFE73
:1001A00040BBD5F82022002A44D020786678134638
:1001B00017E000BFC4E60600D8E60600E8E6060041
:1001C000F8E606000CE7060048E706007CE70600B4
:1001D00094E7060088E50600C4E506005B68002B8E
:1001E00061D019788142F9D15978B142F6D19B7822
:1001F000002B58D095F88C31002B46D0D5F88801CB
:1002000070B379491CF0A4F9D5F88801217888B138
:1002100010221CF0FBFBD5F8880158B173491CF083
:1002200097F9D5F888016178002800F0BA8010228B
:100230001CF032FC95F88C313BB3D5F8880178B1CD
:100240006B491CF085F9D5F88801618840B10A2214
:100250001CF084FCD5F8880110B166491CF078F9CF
:10026000002221462846FBF757FCA37B012B65D0D3
:1002700095F8BE31012B59D0E37B012B00F0A08013
:1002800095F8BF31012B00F0928095F8F031002BEA
:100290007FF499AE21462846FCF7F6FAA28893E649
:1002A0005268002AC6D013788342F9D15378B342FA
:1002B000F6D1D378002B9DD1BCE7BDF806300633CC
:1002C0009A423FF493AE04E6637843457FF42FAE41
:1002D0000023E3732EE6A3681978B9427FF42AAEAF
:1002E0005B7843457FF426AEF2E795F88C11AB714D
:1002F000002973D0D5F8880100283FF4EAAD3E49C3
:100300001CF026F984E6637843457FF437AF012378
:10031000E37395F88C318FE7A3681A78BA427FF4BB
:100320003AAF5B7843457FF436AFF0E7D5F8880104
:1003300000284ED031491CF09BF99DE7D5F8880183
:10034000002895D02E491CF093F991E75B7843453E
:100350007FF421AF95F88C310322E273002B94D007
:10036000D5F8880100283FF467AF26491CF0F0F863
:10037000A368D5F88801197800283FF45BAF1022F4
:100380001CF044FBD5F8880100283FF453AF1E4908
:100390001CF0DEF8A368D5F88801597800287FF4AE
:1003A00046AF95F88C31002B7FF45AAF6DE7D5F846
:1003B000880100283FF469AF14491CF059F964E73B
:1003C000D5F8880100283FF460AF11491CF050F9BE
:1003D00056E7E37B012B7FF453AF56E795F88D3159
:1003E000002B87D175E500BF10E60600C4E50600C6
:1003F00044E6060058E6060020E7060078E6060018
:1004000064E60600CCE50600FCE50600A8E606006A
:100410008CE606002DE9F0410446D0F828020028B9
:100420004ED0B4F82C32002B4AD0B4F830520F46DC
:10043000B4F82E12A942164636BF5A184A1B521B50
:1004400092B29A1A92B296420CD994F88C31002B3F
:1004500044D0D4F8880118B127491CF009F90020CC
:10046000BDE8F0815D1AADB2B54228BF3546A6EBB6
:10047000050808442A4639461FFA88F827F09EFFE7
:10048000B8F1000F2FD1B4F82E8246441FFA86F837
:10049000A4F82E82B4F8302290453ABFB4F82C323A
:1004A0009A1AA8EB0208B4F8323238BF90441FFA07
:1004B00088F8434538BFA4F832820120BDE8F081B6
:1004C00094F88C010028CBD0D4F888010028C7D03C
:1004D0000A491CF0CDF80020BDE8F08194F88D01A8
:1004E0000028BDD0B5E7D4F828027919424627F094
:1004F00065FFA4F82E82CDE7D8E70600ACE706003A
:100500002DE9F0410546D0F8340298B1B5F83832FB
:100510007BB1B5F83C420F46B5F83A12A1421646F7
:1005200036BF5A180A1B121B92B29A1A92B29642FE
:1005300002D90020BDE8F0815C1AA4B2B44228BF01
:100540003446A6EB04080844224639461FFA88F8C8
:1005500027F034FFB8F1000F07D1B5F83A2216445E
:10056000A5F83A620120BDE8F081D5F834023919C6
:10057000424627F023FFA5F83A820120DAE700BFC0
:100580002DE9F04392F900401078E517EB0FDB18E6
:10059000440648BF43F00103DB18870648BF43F019
:1005A0000103DB18C60648BF43F00103DB1805074B
:1005B00048BF43F00103DB18440748BF43F0010381
:1005C000DB18870748BF43F0010392F90140DB18AD
:1005D000C60748BF43F001035078DB18002CB8BFB2
:1005E00043F00103DB18450648BF43F00103DB1865
:1005F000840648BF43F00103DB18C0061C4648BF11
:1006000043F001040C80507892F90240C0F3C0031B
:10061000DB18470748BF43F00103DB18860748BFD4
:1006200043F00103DB18C50748BF43F0010390788E
:10063000DB18002CB8BF43F00103DB18440648BFA9
:1006400043F00103DB18870648BF43F00103DB18C2
:10065000C60648BF43F00103DB18050748BF43F057
:100660000103DB18440748BF43F00103DB18870789
:1006700048BF43F00103DB18C6071C4648BF43F0E0
:1006800001044C8092F90340D078E517EB0FDB189A
:10069000450601D543F00103DB18860648BF43F049
:1006A0000103DB18C50648BF43F00103DB1804074C
:1006B00048BF43F00103DB1840071C4600F1A98046
:1006C0000C71D378C3F340034B71D37803F001036B
:1006D0008B711379DB09CB711379C3F380130B7220
:1006E00092F804904FF0FF37002302F1040E4D46BC
:1006F0002626BC4618462024254218BF43F0010395
:10070000013EFD194CEB0C08B6B26410C4462F46EE
:1007100012BFE4B20EF1010E8024002E6BD119F04D
:10072000200F64D1C1E90430537ADB090B76537A88
:10073000C3F380134B76557A4FF0FF37002302F155
:10074000090E05F020092626BC46184620242C4216
:1007500018BF43F00103013EFD194CEB0C08B6B283
:100760006410C4462F4612BFE4B20EF1010E80247D
:10077000002E49D1B9F1000F35D1C1E9083092F905
:100780000E40E517947BEB0FDB186406184648BF54
:1007900043F0010081F82800947B4FF0FF3C0023D8
:1007A00002F10E07262604F02008E6461A4620200D
:1007B000204218BF43F00103013E1CEB0C044EEB3A
:1007C0000E05B6B24010AE46A44612BFC0B2013705
:1007D0008020AEB9B8F1000F01D023432A43C1E90C
:1007E0000C32BDE8F0832B4340EA0800C5E72B43F9
:1007F00040EA080096E7DB189EF8005040417BE78E
:10080000DB183C785241D3E7DB189EF8005040419A
:100810009DE743F0010453E72DE9F04F87B01646FA
:100820009DF8407053EA070204460D4607D0DFF8F2
:100830000884DFF8089488F8003089F80070D4F84C
:10084000840118B1036829461B689847A379012BD6
:100850002BD90022022BADF8162005D0032B00F077
:10086000E18007B0BDE8F08FB4F8FC31002B00F058
:100870009B80012B00F0D781022B00F09182032B8B
:1008800000F03783042B00F0BB82052B40F0288456
:10089000B4F8C22194F8F131DFF89C83DFF89C931F
:1008A00042EA0522A4F8C22188E0B52D00F06B8150
:1008B000242D00F0A880D32D00F0AD800022012B64
:1008C000ADF81620CDD194F90832002B40F06981A3
:1008D000242D00F08A820023A3712A2D00F02682A5
:1008E00094F8083294F9092201335DB2AA4208BF94
:1008F000002384F8085208BFA371002DB1D120460F
:10090000F9F7B2FE002840F0AC822046F9F78CFCE3
:10091000002846D094F909C2BCF1010F41DDD4F89A
:10092000102292F800E001230020AEF104081D46D9
:1009300007460BE02A2811D05068C05C01332A28F2
:100940005DB218BF474065454EB205DAD9B2984549
:100950002E4601F10101EDDC2A2822D1390901F1ED
:100960003003DBB2392B88BF01F13703516807F040
:100970000F0707F130008A5D88BFDBB2392888BFD6
:1009800007F137009A4200F05A8594F88C3113B978
:1009900094F88D312BB1D4F8880110B1A4491BF023
:1009A00067FE0023A3715CE7B52D01D00023A3717E
:1009B00094F8F131DFF88082DFF88092012B00F0AB
:1009C000BE81002B00F02481022B00F0DD8198F81D
:1009D000003099F800200092294604F5F072204674
:1009E000FFF752FAD4E96003834204D018B10368D8
:1009F00029461B689847B4F8FC310133A4F8FC3150
:100A000007B0BDE8F08F0023012284F80832ADF86A
:100A10001630A27157E700230322A4F87031ADF815
:100A20001630A271D4F818221146002A73D0B4F8F7
:100A30007031002B40F0C6811572D4F81822536033
:100A4000B4F870311146022B16D91088461D9E420B
:100A50000FDB40F20446B3420BD813441D72B4F8C6
:100A60007031D4F81822022B98BF114604D910888F
:100A70001146861C9E4266DB506880EA05400702EC
:100A80004FEA400605D586F0C37686F4994686F08F
:100A90007B067000360205D580F0C37080F4994063
:100AA00080F07B0007024FEA400605D586F0C3764A
:100AB00086F4994686F07B067000360205D580F0F4
:100AC000C37080F4994080F07B0007024FEA400633
:100AD00005D586F0C37686F4994686F07B067000CD
:100AE000360205D580F0C37080F4994080F07B0019
:100AF00007024FEA400605D586F0C37686F499468C
:100B000086F07B067000360200F1738120F07F4092
:100B1000022B506016D804F5B87229462046FAF721
:100B20008BFDD4F87C31D4F88421A0719A423FF433
:100B300098AE002B3FF495AE1A6829461268184605
:100B400090478EE61088461D9E42E4D11618134445
:100B500096F80BC0377B1B7A566847EA0C2743EAA6
:100B600007239E4200F0A68394F88C311BB994F8B9
:100B70008D31002BCFD0D4F888010028CBD02D495F
:100B80001BF076FDC7E7002302214FF40072A4F8A2
:100B9000FC31A4F8C431ADF81630A171A4F8F021ED
:100BA00006E7012B00F01E81DAB2052A48D920465B
:100BB000F9F75AFD002840F02C812046F9F734FB64
:100BC00068B1D4F8102294F9091213788B4206DA2E
:100BD0005268D554D4F8102213780133137020468C
:100BE000F9F74EFC00283FF478AE20462946F9F785
:100BF00039FDD4F87801D4F8843183423FF46DAEE6
:100C000000283FF46AAE036829461B68984764E6EB
:100C100098F8003099F80020009229463246204684
:100C2000FFF732F9DEE6622D7FF4C0AEC0E600BF0A
:100C300094E90600E4E90600982C0120A02C01208C
:100C4000E218052B82F80A527FF447AE94F83E3240
:100C5000002B3DD194F80A222A2A37D194F80B228E
:100C6000472A33D1D4F80C32AE4A23F0FF03934223
:100C700000F0068394F80D22472A00F06084AA4A07
:100C8000934200F0FD8202F1764202F580329342F7
:100C900000F0F682A54A934200F0F28202F18872D7
:100CA000934200F0ED8202F1022202F574029342B7
:100CB00000F0E68202F1704202F50022934200F059
:100CC000DF829B4A9B1AB3FA83F35B0984F83E32B6
:100CD0002046F9F7C9FC002840F0E9812046F9F7E1
:100CE000A3FA002840F0D5812046F9F7C9FBB8B136
:100CF00004F20A2604F50477204616F8011BF9F7DA
:100D0000B1FCD4F87831D4F884219A42184605D041
:100D100023B11B6816F8011C1B689847B742EBD13A
:100D200094F80832052B7FF6D8AD40E794F90932E4
:100D3000FC22043384F808227FF493AD31E698F85E
:100D4000003099F800200092294604F5D872204618
:100D5000FFF79AF846E6072B7FF42AAEB4F8C231C3
:100D6000002B40F0778384F8CD5194F8F131022BB9
:100D70001A467FF41FAE94F8C011052900F054857F
:100D8000DFF8B881DFF8B89198F8003099F80020C2
:100D90000092294604F5E0722046FFF775F821E637
:100DA00084F8C051A4F8FE21A4F8C421F288DFF829
:100DB0008C8184F8CE31DFF8889194F8F131A4F871
:100DC000C621FBE5012B00F08980022B7FF43BAEAE
:100DD0009572D4F8182213882B431380B4F870311D
:100DE000114630E6472D7FF476AD234483F80A524E
:100DF00073E580F0C37080F4994080F07B0085E655
:100E000094F8F131DFF83481DFF83491A4F8C2515D
:100E1000D4E52046F9F7F0FD06462046F9F7B2FE84
:100E200007462046FAF7ACFA33788342BFF4C5AEE2
:100E3000FD5433780133DBB2834233707FF4BDAEAF
:100E400094F88C3123B994F88D31002B3FF4B5AE72
:100E5000D4F8880100283FF4B0AE36491BF008FCF6
:100E6000ABE62046F9F7C8FD07462046F9F78AFEAB
:100E700006462046FAF784FA00F1FF3EBEF1010F64
:100E800080461ADD97F800C001222B462846ACF1B7
:100E9000040C11460AE02A2B00F08D81B35CEAB203
:100EA0002A2B18BF58407245114603DA8C4502F1CF
:100EB0000105F0DC2A2B00F07E8194F88C3123B9F7
:100EC00094F88D31002B3FF420ADD4F88801002830
:100ED0003FF41BAD18491BF0CBFB16E55572D4F857
:100EE00018222B0203F440731380B4F870311146BA
:100EF000A9E594F8C01184F8C15105293FF458AD13
:100F00002A460DF116032046F8F796FFD4F8202262
:100F100094F8C0C194F8C1E10746002A00F040816E
:100F2000134613E00044544D00524C4D00544853B6
:100F3000005A44411CE9060070E90600982C012083
:100F4000A02C01205B68002B00F087801978614598
:100F5000F8D159787145F5D193F802A0BAF1000F94
:100F60007BD0DFF84483DFF8449398F800309C4549
:100F70007CD0002F00F01681BDF81620002A40F02A
:100F8000008194F88C31002B40F0DD8094F88D11B5
:100F9000002940F0D880D4F89C01002800F09E84FD
:100FA0000322B4F8C01184F8F121D4F8C421C4F8A4
:100FB000E801A4F8E011C4F8E421002B3FF407ADE8
:100FC000D4F8880100283FF402ADAE491BF0C0FA06
:100FD000D4F8880194F8C011002800F0728410221F
:100FE0001BF014FDD4F88801002800F06A84A6499B
:100FF0001BF0AEFAD4F8880194F8C111002800F073
:10100000608410221BF002FDD4F88801002800F053
:1010100058849E491BF09CFAD4F88801002800F0FF
:10102000508439460A221BF099FDD4F88801002823
:1010300000F0478496491BF08BFAD4F88801002809
:1010400000F03F8451460A221BF056FD94F8F1311E
:10105000B4E45268002A00F0A38013786345F8D105
:1010600053787345F5D192F803A07AE799F80030E8
:101070009E457FF47EAF002384F8F13186F800C0EE
:1010800094F8C1317370B4F8C431B38094F8F1317D
:1010900094E4D4F81032D4F80A225B681A60B4F8E9
:1010A0000E229A80D4F8103206221A701CE62046CE
:1010B000F9F7A2FC07462046F9F764FD06462046EC
:1010C000FAF75EF9062302463B703046002127F00E
:1010D0009DF9D4F80A323360B4F80E32B380FDE5DE
:1010E000062B7FF438AEB4F8C231002B40F0958166
:1010F00094F88C3113B994F88D31DBB1D4F88801B0
:10110000C0B164491BF024FAD4F8880194F8C011E6
:1011100080B110221BF07AFCD4F8880150B15A49F2
:101120001BF016FAD4F8880194F8C11110B11022FE
:101130001BF0B2FC94F8F131DFF86C81DFF86C91B0
:1011400084F8CC513AE4D4F88801D0B152491BF06C
:10115000FFF9D4F8880194F8C01180B110221BF077
:1011600055FCD4F8880150B147491BF0F1F9D4F887
:10117000880194F8C11110B110221BF08DFCBDF84C
:101180001620D4F89C01DFF828B1002800F0738104
:10119000DBF800309A4200F2658194F88C31FFE66A
:1011A0009246DEE6BAF1000F00F04281B4F81C224C
:1011B000ADF81620E5E7030903F13005EDB2392D4E
:1011C00088BF373300F00F0088BFDDB200F130096F
:1011D000B35CB9F1390F88BF00F13709AB4206EBB8
:1011E000020A00F0528194F88C3123B994F88D31C1
:1011F000002B3FF48AABD4F8880100283FF485AB7C
:1012000026491BF0A5F9D4F8880100283FF47DABEE
:10121000036829461B689847D4F8880100283FF4E2
:1012200074AB036849461B689847D4F888010028C6
:101230003FF46BAB1A491BF08BF9D4F888019AF88C
:10124000001000283FF461AB03681B689847D4F88E
:1012500088019AF8011000283FF457AB03681B6817
:101260009847D4F8880100283FF44FAB1BF050FAA0
:10127000FFF74BBB0B4820FA02F2D20740F1838103
:10128000012323E558E80600C4E506008CE80600C3
:10129000A0E80600B4E806001CE806003CE90600E9
:1012A00068E9060003A80100982C0120A02C012069
:1012B0009C2C0120137B577B92F80BE094F88CC197
:1012C0001E0206F470661B11374343EA0E16BCF18A
:1012D000000F1FD0D4F88801002800F00882D949F7
:1012E0001BF036F9D4F88801002800F0EE820A22BB
:1012F00031461BF033FC40F6E8739E42D4F8880177
:1013000079D0002800F0ED82CF491BF0B1F9D4F874
:101310001812088840F2E9339E4200F0D08140F272
:10132000EA339E4240F0008194F8143213F0050F26
:1013300008D0821D083192B22046FFF76BF8D4F82E
:1013400018120888B4F83A32B4F83CC2B4F838221B
:10135000634538BF9B18A3EB0C039BB2D31A471D00
:101360009BB29F42C0F2B18140F2ED339E427FF4C6
:10137000D2ABD4F818221388132B7FF4CCABD4F85B
:10138000E01000293FF4C7AB0B3208312046FFF7CD
:10139000F7F8D4F8E0100A784B6C22F0030242F020
:1013A00001020A70002B3FF4B6AB0A6C002A3FF42E
:1013B000B2AB0A7852073FF5AEAB01F10802383103
:1013C000176856689068D2F80CC0C3F80CC0103289
:1013D0008A421F605E60986003F11003F0D11168CB
:1013E00052685A601960D4F8E020137843F004037F
:1013F0001370FFF790BB002800F06B8293491BF03D
:10140000A7F8D4F88801002800F063820A22394640
:101410001BF0A4FBD4F8880173E7D4F8C831DFF8D7
:1014200038821D7094F8F131DFF83092FFF7C6BAB8
:10143000012384F8F03194F8F131FFF7BFBA8B192A
:101440005B7883427FF4A1AA72462046FEF7E2FF52
:10145000FFF7A7BA012B16BFD4F8C83184F8CC51D6
:101460005D7082E41EF0E8FB0023BDF81620C4F88E
:101470009C31CBF8003010461EF0DAFBBDF8163078
:10148000C4F89C01CBF8003087E69AF801304B4550
:101490007FF4A9AE2046F9F73BFC05462046F9F754
:1014A000FDFC42468146002126F0B0FF3A784846CE
:1014B000314626F083FF3B782B702046F9F7FEFF7C
:1014C0008146204699F80030C3F38005AD0045F011
:1014D000010505F0070523F007031D4389F80050B7
:1014E000F9F786F900283FF410AA15F004017FF4FB
:1014F0000CAA20460391F9F797FD82462046F9F79A
:1015000063FE42460399804626F080FF3A784046C3
:10151000314626F053FF45F004053B788AF8003049
:1015200089F80050FFF7F1B940F2EB339E4232D117
:1015300094F8143213F0090F7FF4FBAE02E7B4F80D
:101540000E12A1F5A242413A92B2102A7FF692AE53
:1015500021F0100245F2423082423FF491AE44F253
:10156000471291423FF48CAE44F64C4291423FF414
:1015700087AE45F24E3291423FF482AE44F25312AE
:1015800091423FF47DAE21F4007145F25342914205
:101590007FF475AB74E6B6F57B7F00F03E8140F2D8
:1015A000ED339E4200F0328140F2EE339E4200F075
:1015B000268140F2EF339E4200F01A8140F2F1336F
:1015C0009E4200F00D8140F2F2339E4200F0008115
:1015D00040F2F3339E4200F0F380B6F57D7F00F0D9
:1015E000E78040F209439E4200F0DA8040F2324345
:1015F0009E4200F0CD8040F233439E4200F0C08016
:1016000040F235439E4200F0B08040F23C439E429F
:1016100000F0A48040F23D439E4207D1D4F814224A
:101620000B4B1340002B7FF484AE8BE640F23F431C
:101630009E4215D1D4F81422064B1340002B7FF4A0
:1016400078AE7FE6BCE9060054F80600E0E9060043
:101650000100020001000400982C0120A02C0120B0
:1016600040F246439E4271D040F247439E4265D0CD
:1016700040F249439E4259D040F264439E4207D112
:10168000D4F81422A94B1340002B7FF452AE59E634
:1016900040F265439E4207D1D4F81422A44B134074
:1016A000002B7FF446AE4DE640F267439E4213D1D5
:1016B000A04AD4F814321A427FF43BAE42E694F8C2
:1016C00014329F077FF435AE3CE6821D92B208319A
:1016D0002046FEF715FF47E640F2CE439E420ED16C
:1016E000954AD4F814321A427FF423AE2AE640F623
:1016F000E8739E4200F0EF80108811460AE640F63B
:10170000E8739E427FF41EAE37B98C4AD4F8143287
:101710001A427FF40EAE15E6012F7FF413AE884A0D
:10172000D4F814321A423FF40DAE02E6D4F8142273
:10173000844B1340002B7FF4FCAD03E6D4F8142255
:10174000814B1340002B7FF4F4ADFBE5D4F8142259
:101750007E4B1340002B7FF4ECADF3E5D4F814324C
:1017600013F0011F7FF4E5ADECE5B4F8143223F477
:10177000FF4323F07E039BB2002B7FF4DAADE1E55B
:10178000B4F8143244F201021A427FF4D2ADD9E522
:10179000B4F8143242F201021A427FF4CAADD1E524
:1017A000B4F8143241F201021A427FF4C2ADC9E525
:1017B000B4F8143240F601021A427FF4BAADC1E522
:1017C000B4F8143240F201421A427FF4B2ADB9E5E6
:1017D000B4F8143240F201221A427FF4AAADB1E506
:1017E000B4F8143240F201121A427FF4A2ADA9E516
:1017F00094F8143213F0810F7FF49BADA2E594F8B6
:10180000143213F0410F7FF494AD9BE594F8143239
:1018100013F0210F7FF48DAD94E594F8143213F09A
:10182000110F7FF486AD8DE5D4F8C801DFF82C8167
:1018300090F800C098F80070BC457FF4A3AADFF8C8
:10184000209190F801C099F80070BC457FF49CAAE3
:10185000B4F8C271022F4CD094F88C3123B994F8AB
:101860008D31002B3FF490AAD4F8880100283DD098
:1018700037491AF06DFED4F8C831D4F888011978C8
:1018800090B310221BF0C2F8D4F8880160B331493C
:101890001AF05EFED4F8C831D4F88801597818B32C
:1018A00010221BF0B3F8D4F88801E8B12A491AF0E5
:1018B0004FFED4F88801B4F8C21110B10A221BF00F
:1018C0001BF994F8F131FFF779B840F6E8739E42BE
:1018D00007D1D4F818221088114615E7DFF884B034
:1018E000C9E5D4F8182207E794F8F1211346FFF769
:1018F00065B8A4F8B23194F8C121B4F8C431A4F8A1
:10190000B431012784F8F17184F8B01184F8B12161
:10191000D4F8B83102781A70D4F8C821D4F8B831A4
:1019200052785A7094F8F131FFF748B8010040003E
:10193000010080000100000101000002010000041C
:101940000100000801002000010010000100080053
:10195000E4E80600C4E5060014E90600982C01201E
:10196000A02C01209C2C01202DE9F04F2DED028BA5
:1019700085B0804602AF8A4616469B461BF008FE9D
:10198000D8F8F81198F8F221401A904259D3D8F8B3
:1019900074010268526890477860002858D010F4AB
:1019A000004F98F88C217AD1AAB1D8F8880178B183
:1019B0003E491AF0CDFDD8F8880148B179680A226D
:1019C0001BF0CCF8D8F8880110B139491AF050FE54
:1019D0007B68002B35D05B46B3461E4698F807500F
:1019E000D8F874016B46EA1D08EE103A7B6804686B
:1019F00002F4FC729D42ADEB020D28BF1D460DF1B5
:101A00000809EAB2246A4946A047ADB2A8422AD1E1
:101A100075B1691E19FA81F90DF1070414F8011F57
:101A200000965B4652464046FEF7F6FE4C45F5D121
:101A30007B6818EE102A5B1B9BB27B609546002BDF
:101A4000CCD101200C37BD46BDEC028BBDE8F08F38
:101A50001BF09EFDC8F8F80178680C37BD46BDEC58
:101A6000028BBDE8F08F98F8503213B1002388F84C
:101A7000063098F88C3113B998F88D312BB1D8F81D
:101A8000880110B10B491AF0F3FD18EE103A00204E
:101A90009D460C37BD46BDEC028BBDE8F08FC0F310
:101AA0000E037B60002A93D07FE700BF04EA0600A4
:101AB00014EA060028EA06002DE9F0410446D0F8B1
:101AC000A00184B00E461746984600285DD0D4F891
:101AD000A451002D33D1D4F8740103681B699847D1
:101AE000FF21D4F874018DF80F1003680DF10F0277
:101AF0009B6998479DF80F10FF290ED135E0CDF86E
:101B00000080FEF789FED4F874010568FF21AD69F5
:101B10000DF10F02A8479DF80F10FF293B463246F2
:101B20002046ECD1A579002DE9D1D4F874010368E1
:101B3000DB6998470125284604B0BDE8F0810025FF
:101B400001E0D4F8A001415DCDF800803B4632466B
:101B50002046FEF761FED4F8A4310135AB42F0D83F
:101B60000023C4F8A4310125B5E7A379002BD4D113
:101B7000D4F874010368DB69984794F8F5011BF009
:101B800013FD284604B0BDE8F0810546A3E700BF79
:101B90002DE9F04F0D4687B00221A97380F8BE11E0
:101BA00080F8CE1180F8EE11E97380F8BF1180F84B
:101BB000CF1180F8EF11BDF84080DFF8389204466D
:101BC00017469A461BF0E4FC40F2011B06460EE065
:101BD000012B00F08680022B00F0D18023687E4A22
:101BE0009B68934240F0D38001201BF0DDFC1BF08A
:101BF000CFFC801B404580F0CD8023685B684B455F
:101C000063D12379002BE3D153463A462946204637
:101C1000FFF7AAFE034622686F4992688A422BD1D9
:101C2000002BE1D0EA895A452BD0EB7B012B51D018
:101C300040F201218A42D7D0002BD5D194F88C31C3
:101C4000B3B1D4F8880110B164491AF081FC1BF0DB
:101C50009FFCD4F888315BB1811B89B218460A22F7
:101C60001AF07CFFD4F8880110B15D491AF000FD2C
:101C7000022007B0BDE8F08F039320469047039BF6
:101C8000CEE72B78BB425BD0EB7B012BD4D194F811
:101C90008C31B3B1D4F8880110B152491AF058FC14
:101CA0001BF076FCD4F888315BB1811B89B21846F1
:101CB0000A221AF053FFD4F8880110B148491AF0EB
:101CC000D7FC0E2007B0BDE8F08F204698470028CB
:101CD0008AD096E72B78BB42D9D16B78534583D015
:101CE000D5E7D4F8740103685B68984700283FF48F
:101CF00075AF5346B2461E460CE0D4F87401036833
:101D00001B6A98479DF8171000963B462A462046C6
:101D1000FEF782FDD4F8740103685B6898470DF103
:101D2000170101220028E8D1334656469A46236817
:101D3000294A9B6893423FF475AF2046984771E764
:101D40006B785345A0D194F88C31B3B1D4F88801A5
:101D500010B125491AF0FCFB1BF01AFC0146D4F81F
:101D6000880150B1891B89B20A221AF0F7FED4F813
:101D7000880110B11A491AF07BFC0B200EE0534683
:101D80003A4629462046FFF797FE034643E720469A
:101D9000984729E794F88C311BB9032007B0BDE8B8
:101DA000F08FD4F8880110B110491AF0D1FB1BF064
:101DB000EFFBD4F88831002BEFD0811B89B2184695
:101DC0000A221AF0CBFED4F888010028E5D0084991
:101DD0001AF04EFCE1E700BF11730200D8EA0600DA
:101DE0009CEA0600A4EA060060EA060014EB06007E
:101DF0003CEB06000D7302002DE9F04F0D4687B055
:101E00000221A97380F8BE1180F8CE1180F8EE117E
:101E1000E97380F8BF1180F8CF1180F8EF11BDF899
:101E20004070DFF85483DFF854B3044691469A4675
:101E30001BF0AEFB06460DE0012B00F09F80022B4D
:101E400000F0EF8023689B685B4540F0A280012092
:101E50001BF0AAFB1BF09CFB801BB84280F00E819C
:101E600023685B68434540F083802379002BE3D1EE
:101E700053464A4629462046FFF776FD0346226828
:101E800092685A452ED1002BE1D0EB7B012B2ED04E
:101E9000022B94F8BF214AD1012A00F07181032A54
:101EA00000F00D811343D2D194F88C31B3B1D4F842
:101EB000880110B1A5491AF04BFB1BF069FBD4F85F
:101EC00088315BB1811B89B218460A221AF046FE9E
:101ED000D4F8880110B19E491AF0CAFB012007B05E
:101EE000BDE8F08F039320469047039BCBE794F81F
:101EF000BF31012B70D0032B00F0E180002BA6D165
:101F0000AB7B012BA3D12B784B45A0D16B785345EC
:101F10009DD194F88C31002B00F01681D4F8880103
:101F2000002800F096808B491AF012FB91E0012AFC
:101F3000B5D1EB89002B8AD194F88C31B3B1D4F8A8
:101F4000880110B184491AF003FB1BF021FBD4F87F
:101F500088315BB1811B89B218460A221AF0FEFD56
:101F6000D4F8880110B17A491AF082FB0220A3E06C
:101F70002046984700283FF46AAF76E7D4F874010A
:101F800003685B689847A8B923689B685B453FF482
:101F90005EAF204698475AE7D4F8740103681B6A7D
:101FA00098479DF81710CDF800A04B462A462046CA
:101FB000FEF732FCD4F8740103685B6898470DF1B2
:101FC000170101220028E7D123689B685B453FF495
:101FD0005CAF2046984758E7AB7B012B2B7828D085
:101FE0004B4502D16B785345A3D094F88C31B3B1F3
:101FF000D4F8880110B159491AF0AAFA1BF0C8FAAE
:102000000146D4F8880150B1891B89B20A221AF01E
:10201000A5FDD4F8880110B14D491AF029FB0E2016
:102020004AE053464A4629462046FFF745FD034607
:1020300025E74B45D9D16A785245D1D194F88C31F6
:10204000002B00F08180D4F8880110B144491AF0C7
:102050007FFA1BF09DFA0146D4F88801002873D05E
:10206000891B89B20A221AF079FDD4F88801002868
:102070006AD037491AF0FCFA0B201DE0EB7B012BEC
:102080003BD094F88C31B3B1D4F8880110B1354904
:102090001AF05EFA1BF07CFAD4F888315BB1811B30
:1020A00089B218460A221AF059FDD4F8880110B1F5
:1020B0002D491AF0DDFA032007B0BDE8F08F94F83F
:1020C0008C31B3B1D4F8880110B128491AF040FA24
:1020D0001BF05EFAD4F888315BB1811B89B21846D7
:1020E0000A221AF03BFDD4F8880110B118491AF001
:1020F000BFFA042007B0BDE8F08F94F8BF31022B7F
:10210000BFD1AB7B012BBCD12B784B45B9D16B78C0
:102110005345B6D194F88C31B3B1D4F8880110B1DD
:1021200013491AF015FA1BF033FA0146D4F8880166
:1021300050B1891B89B20A221AF010FDD4F8880127
:1021400010B10C491AF094FA0B20B5E7A4EC060084
:102150009CEA060064EC060000EC0600CCEB0600EE
:1021600058EB060024ED060048ED060028EC0600BA
:10217000E8EC06001CED06000D730200117302006E
:1021800094F88C31B3B1D4F8880110B10A491AF02F
:10219000DFF91BF0FDF9D4F888315BB1811B89B2FE
:1021A00018460A221AF0DAFCD4F8880110B1034963
:1021B0001AF05EFA0A207FE798EB06009CEA060018
:1021C0002DE9F0410D460E784978B5F802C031444A
:1021D000C9B201EB0C04E4B20E4404EB1C21C9B2F9
:1021E00034440C44E4B282B00646174698466C73F9
:1021F0002973BCF1000F0FD0AB680CF1FF3C13FA50
:102200008CFC013B13F8012F1144C9B20C44E4B219
:1022100063456C732973F5D196F88C3153B1D6F8B8
:10222000880110B149491AF093F901222946304634
:10223000F9F772FC3379002B57D0012B7CD0022B9D
:1022400070D03368424A9B68934266D1D7B12A78EE
:1022500096F88C31062A35D0B8F1000F32D133B15F
:10226000D6F8880118B13B491AF002FA2A7800978B
:102270006B7830462946FFF78BFC0446204602B0B7
:10228000BDE8F081D6F8A031BBB1D6F8A4213C4618
:10229000002AF3D006F5E87501E0D6F8A031D95D43
:1022A000009400232A463046FEF7B6FAD6F8A43149
:1022B0000137BB42F1D8C6F8A4410024204602B041
:1022C000BDE8F08133B1D6F8880118B122491AF07F
:1022D000CFF92A7800976B7830462946FFF78CFDB6
:1022E0000446204602B0BDE8F08129463046F9F7A1
:1022F000C9F904460028A4D096F88C312BB1D6F841
:10230000880110B115491AF0B3F93368104A9B6877
:102310009342B3D030469847B0E730469847002FF5
:10232000B0D094E729463046F9F70EFB3368084AE7
:102330009B6893428AD0F0E729463046F9F790FA35
:102340003368034A9B68934280D0E6E750ED06006D
:10235000117302009CED060074ED06005CED0600B2
:10236000F8B5D0F89861204DC0F8D0510025A0F8FC
:10237000D651356075603572D0F898611B4F357055
:10238000D0F89861BDF818507370D0F8983121F0EA
:10239000706121F470411971D0F898310E0A5E71A4
:1023A000D0F898310E0C9E71D0F89831090ED97181
:1023B000D0F8983112781A7203685B68BB42044601
:1023C00000F5E8760BD12A46314620460023FFF778
:1023D000F7FEA0F10A00B0FA80F04009F8BD984776
:1023E0000028F0D1F8BD00BF068A09000D73020075
:1023F000F8B50446D0F84C020D461646002864D0C5
:10240000D4F89431B4F8D221181A824235D2053B5F
:10241000934261D994F83F32402B78D0D4F8983168
:1024200025F0706121F470419954B4F8D221D4F8A8
:10243000983113440A0A5A70B4F8D221D4F898316A
:1024400013440A0C9A70B4F8D221D4F8983113448A
:10245000090ED970B4F8D211D4F8983132780B44FF
:1024600001201A7194F83F32B4F8D22103440532A6
:1024700084F83F32A4F8D221F8BD94F88C31002BB7
:1024800040D0D4F8880110B129491AF0F1F8236836
:10249000284A5B68934204F5E87728D1394600233F
:1024A00040F24C422046FFF78BFE0A2823D1D4E9A4
:1024B000652004230021043A1844A4F8D231A4F87A
:1024C000D61184F83F1225F0A1FFD4F89431B4F866
:1024D000D221053B93429DD894F88C316BB1D4F84E
:1024E000880140B114491AF0C3F80020F8BD204615
:1024F00098470028D2D10020F8BD94F88D31002BE8
:10250000F9D0ECE794F88D31002BC0D0B9E794F8FE
:102510008C311BB994F88D31002BECD0D4F88801A4
:102520000028E8D005491AF0A3F80020F8BD00BF44
:10253000C8ED06000D730200E0ED060010EE060087
:102540002DE9F04103682F4F5E68BE4284B0044617
:102550000D46904623D1237904F5E8766BB1012B23
:1025600025D0022B45D000262368274A9B6893423A
:102570000FD1304604B0BDE8F08143462A463146CB
:102580002046FFF7F1F923681F4A9B6893420646ED
:10259000EFD020469847304604B0BDE8F081B04700
:1025A00006460028D7D1304604B0BDE8F081D4F803
:1025B000740103685B6898470028D4D00DE0D4F814
:1025C000740103681B6A98479DF80F10CDF80080CE
:1025D0002B4632462046FEF71FF9D4F874010368F3
:1025E0005B6898470DF10F0101220028E7D1012611
:1025F000BAE7314643462A462046FFF75DFA0646CB
:10260000B2E700BF0D730200117302002DE9F04321
:10261000044600262C48C4F8D00185B00D46174664
:102620003146D4E96520A4F8D66184F83F62984623
:1026300025F0ECFED4F8983124491E70D4F8983176
:1026400003AA5F70204605F001038DF80C30FFF7F8
:10265000CFFEC5F3400306461D498DF80C302046D9
:1026600003AAFFF7C5FE94F83F323040C6B283B9E3
:102670001849CDF80080C5F340153B4603AA204613
:102680008DF80C50FFF76CFE3043C0B205B0BDE8CA
:10269000F0832368104A5B68934204F5E8790DD112
:1026A0004946002342462046FFF78AFD0A2801D00A
:1026B0000026DDE7002384F83F32D9E7204698471B
:1026C0000028F5D0ECE700BF068A04000110741161
:1026D00002107411041074110D73020090F88C3103
:1026E00070B504460D46164693B1D0F8880178B10E
:1026F0002C4919F02DFFD4F8880148B10A22A9B25B
:102700001AF02CFAD4F8880110B127491AF020F8F1
:10271000D4F89821254BC4F8D0310023A4F8D63141
:102720001570D4F89821290A5170D4F89821290CF1
:102730009170D4F898212D0ED570D4F898210221EB
:102740001171D4F898215371D4F898219371D4F869
:102750009821D3712368164A5B6804F5E8755EB169
:10276000934213D13246294620460023FFF728FD25
:10277000043818BF012070BD93420DD100232946B3
:1027800020461A46FFF71CFD002070BD20469847E2
:102790000028E7D1012070BD204698470028EDD1E0
:1027A00070BD00BF34EE060048EE0600024108008E
:1027B0000D730200F8B5D0F898611D4DC0F8D051E6
:1027C0000025A0F8D651356075603572D0F8987143
:1027D000184E3D70D0F898717A70D0F89821212762
:1027E0001771D0F898215571D0F89821112595715D
:1027F000D0F898212025D571D0F89821117202685F
:102800005268B24204461D4600F5E8770BD12A46CD
:10281000394620460023FFF7D3FCA0F10A00B0FAA6
:1028200080F04009F8BD90470028F0D1F8BD00BF06
:10283000068A09000D7302002DE9F0412F4E9446DF
:1028400088469E4604460FCE88B001AD0FC596E877
:1028500007006646062E85E80700BDF83870C446B6
:10286000734641D808AA02EB860656F81C2C22F0C3
:10287000706222F47042D4F898112148C4F8D00153
:102880000020A4F8D601086048600872D4F89811B6
:102890001C4D0870D4F898114B70D4F898311A7107
:1028A000D4F89831110A5971D4F89831110C9971F2
:1028B000D4F89831120EDA71D4F8983183F808C040
:1028C00023685B68AB4204F5E8760FD13A4631469F
:1028D00020460023FFF774FCA0F10A00B0FA80F054
:1028E000400908B0BDE8F0810022C4E720469847BF
:1028F0000028EBD108B0BDE8F08100BFB4F00600BD
:10290000068A09000D73020070B50446D0F898518C
:102910003D48C4F8D001012A4FF00000A4F8D601C8
:102920001E462860686005D0022A53D0042A14BFCE
:1029300007200220D4F8983100221A70D4F8983178
:102940005870D4F8983121F0706525F470451D71E8
:10295000D4F898312A0A5A71D4F898312A0C9A710D
:10296000D4F898312A0EDA7194F88C318BB1D4F8FE
:10297000880170B1254919F0EBFDD4F8880140B108
:10298000294610221AF042F8D4F8880108B119F04B
:10299000BFFE23681E4A5B68934204F5E8751BD1AD
:1029A0002946002332462046FFF70AFC94F88C3172
:1029B00005466BB1D4F8880150B1164919F0C8FD2D
:1029C0000E2D17D9D4F88801134908B119F0C0FEAB
:1029D000284670BD0120ADE7204698470028DFD18A
:1029E00094F88C3163B1D4F8880148B1094919F0E1
:1029F000AFFD0125094BD4F8880153F82510E4E711
:102A00000125284670BD00BF068B08005CEE06005D
:102A10000D7302006CEE060074E20600D0F00600B2
:102A2000027970B504460D469AB1012A03D0022AF4
:102A300030D0002070BD6379002B37D024492B465D
:102A40002046FFF761FFA0F10B00B0FA80F04009CB
:102A500070BD03681F4A5B68934232D1D4F8740199
:102A600003681B68984723681B4A9B689342064685
:102A70002BD1002EDDD02279002AD6D117492B4642
:102A800020460122FFF740FFA0F10B00B0FA80F0D2
:102A9000400970BD12492B4620460122FFF734FF42
:102AA000A0F10B00B0FA80F0400970BD0D492B4633
:102AB0002046FFF729FFA0F10B00B0FA80F0400993
:102AC00070BD98470028B4D0C8E720469847D0E7A3
:102AD000011075110D7302001173020001107111C4
:102AE0000110791101107311F8B50368594D1B6875
:102AF000AB4204460F46164640F09B80D4F8943112
:102B0000002284F83E22002B00F08D802046F9F749
:102B1000AFFCB4F8380220B1D4F83452002D00F0E4
:102B20008A802379022B29D1D4F8A001002800F053
:102B30008980D4F8A85175B1FF220270D4F8A85149
:102B4000012D08D90123D4F8A051EA54D4F8A85192
:102B500001339D42F7D894F88C31002B40D194F882
:102B60008D31002B3CD1D4F894310833AB4205D9D8
:102B7000D4F8880110B1384919F07AFD3946204659
:102B8000FFF74EFF48BB94F88C31002B43D194F8EB
:102B90008D31002B3FD139462046FFF741FFE0B988
:102BA00094F88C317BBB94F88D3163BB3946204659
:102BB000FFF736FF88B98EB194F83E6276B194F88B
:102BC0008C3133B1D4F8880138B1244919F050FD63
:102BD00004E094F88D31002BF4D101263046F8BD85
:102BE000D4F888010028C9D01D4919F0B1FCD4F8E7
:102BF0008801D4F8A8110028C0D00A2219F07CFF5F
:102C0000D4F8A851AFE7D4F888010028CED01549F0
:102C100019F02EFDCAE7D4F888010028BBD012496C
:102C200019F026FDB7E74FF496712046F7F79AF8AA
:102C30006CE7984762E71CF0FBFFC4F83A52C4F80F
:102C400034026EE7D4F8A8011CF0F2FFC4F8A0012A
:102C50006FE700BF09730200ACEE060028EF060024
:102C60008CEE060004EF0600E0EE0600F0B5D0F8AA
:102C70009861274DC0F8D0510025A0F8D651356095
:102C80007560B560D0F89861224F3570D0F89861C2
:102C90007370D0F8983121F0706121F4704119718E
:102CA000D0F898310E0A5E71D0F898310E0C9E71F2
:102CB000D0F89831090ED971D0F898311A72D0F83D
:102CC0009831110A5972D0F89831110C83B0997269
:102CD000D0F898310192120EDA720368BDF82050D4
:102CE0005B68BB42044600F5E8760CD12A463146C3
:102CF00020460023FFF764FAA0F10A00B0FA80F042
:102D0000400903B0F0BD98470028EFD103B0F0BDF3
:102D1000068A0C000D73020010B4012ABDF80440AD
:102D20000CD0022A03D000205DF8044B70470194B8
:102D30000A465DF8044B0549FFF798BF01940A461F
:102D40005DF8044B0249FFF791BF00BF01405341BA
:102D5000014052412DE9F043466A87B00446894656
:102D600017469846002E5ED02379022B27D0012BE0
:102D70003FD03E49CDF8008001253B4605AA2046BC
:102D800003918DF81450FFF7EBFA03990546C0B193
:102D9000676A337897F8602023F0030343F0010358
:102DA0006FF30002337087F86020FB6E002B46D073
:102DB000C7F868900125284607B0BDE8F0832C4984
:102DC000D8E743463A462046FFF79EFD0B2817D02A
:102DD000626A337892F8601023F0030343F0010332
:102DE00065F300012846337082F8601007B0BDE833
:102DF000F08362791F49204B002A18BF1946B9E7B2
:102E0000D4F8D821676A3378117A97F8602023F0D4
:102E10000303002918BF43F0010365F30002337078
:102E200087F86020C1E770201CF000FF0023C0E994
:102E30001A33C0E9183306466062037094E75C20D9
:102E40001CF0F4FEF866676AFB6E002BB0D194F8B4
:102E50008C311BB994F88D51002DACD0D4F8880179
:102E600010B1064919F004FC0025A4E706209121C1
:102E70000A20912107209121082091215CEF060072
:102E80002DE9F041866D86B004460D4617469846FA
:102E9000002E42D02379022B1BD0012B2FD02649A4
:102EA000CDF800803B4605AA204603918DF81450CA
:102EB000FFF756FA039970B1337865F3000343F0D6
:102EC00002033370A36D002283F8002C06B0BDE826
:102ED000F0811A49E4E743463A462046FFF714FDDD
:102EE0000B280CBF0120002010D0337845F00205DC
:102EF00005F0030123F003050D433570E2E7627925
:102F00000F49104B002A18BF1946C9E7D4F8D83129
:102F10001D7A003D18BF0125E7E740F60C401CF084
:102F200085FE00230646A0650370C0F8043CC0F887
:102F3000083C80F8003CADE7152091211920912133
:102F400016209121172091212DE9F043866D87B03D
:102F50000546BDF838900C4690461F46002E45D0D9
:102F60002B7914F0800F18BF7F24022B1ED0012B69
:102F700035D02649CDF800903B4605AA2846039156
:102F80008DF81440FFF7ECF9039988B13378003CD1
:102F900018BF012464F3000368F341033370AB6D81
:102FA000002283F8002C07B0BDE8F0831849E1E760
:102FB0004B463A462846FFF7A7FC0B2804BFD5F836
:102FC000D8311C7A33780CBF01200020003C18BF98
:102FD000012464F3000368F341033370DFE76A7987
:102FE0000C490D4B002A18BF1946C3E740F60C40A8
:102FF0001CF01CFE00230646A8650370C0F8043CC4
:10300000C0F8083C80F8003CAAE700BF15209121D9
:103010001920912116209121172091212DE9F043AB
:10302000866D87B00446894617469846002E54D0D0
:103030002379022B25D0012B39D03C49CDF80080D3
:1030400001253B4605AA204603918DF81450FFF751
:1030500087F903990546B0B13378A76D23F00303D0
:1030600043F001030022337087F8002CD7F8083CA6
:10307000002B41D0C7F8049C0125284607B0BDE8C5
:10308000F0832B49DAE743463A462046FFF73CFCFB
:103090000B2813D03378A26D23F0030343F0010310
:1030A0002846337082F8005C07B0BDE8F08362798F
:1030B0002049214B002A18BF1946BFE7D4F8D82170
:1030C0003378127AA76D23F00303002A18BF43F068
:1030D0000103337087F8005CC8E740F60C401CF031
:1030E000A5FD00230646A0650370C0F8043CC0F8A7
:1030F000083C80F8003C9BE740F6FC301CF096FD55
:10310000C7F8080CA76DD7F8083C002BB2D194F88B
:103110008C311BB994F88D51002DAED0D4F88801B4
:1031200010B1064919F0A4FA0025A6E7152091214F
:1031300019209121162091211720912188EF060056
:1031400009B908467047F0B5282990F8F471D0F80D
:10315000986128BF28218D004FF47A7CBCFBF5F5DF
:10316000EDB2AF4280F8F35128BF2F46224DC0F890
:10317000D051002580F8F271A0F8D6513560756005
:103180003581D0F89861BCFBF1F13570D0F89871B9
:103190001A4E7A70D0F8982101271771D0F898212B
:1031A0005571D0F8982121259571D0F898213025B6
:1031B000D571D0F898211172D0F898210912517266
:1031C00002685268B24283B0044600F5E8750CD13B
:1031D0001A46294620460023FEF7F2FFA0F10A0016
:1031E000B0FA80F0400903B0F0BD01939047019B15
:1031F0000028F8D0ECE700BF068A0A000D73020031
:10320000704700BF203019F0F7BC00BF38B5437FCE
:103210000BB9002038BD00F5947420460D4619F016
:10322000FBFC0028F5D12046294619F0C5FC0120F9
:1032300038BD00BF203019F0D1BC00BF203019F0DC
:10324000E3BC00BF2DE9F04F83B0019272B34C1E76
:10325000174F0546C1F1010604EB020800F5947A08
:103260002B681B68BB4206EB040B14F8019F17D1B7
:103270006B7F50461BB9584603B0BDE8F08F19F07C
:10328000CBFC034649465046002BF4D119F094FC80
:103290004445E5D1DDF804B0584603B0BDE8F08FF1
:1032A0004946284698470028F2D1E4E79346E2E7EA
:1032B0000D32040030B4837E1F2B4FF0010288BF13
:1032C00003F01F03C27603F5E0738CBF244A4FF06E
:1032D000A04240F20C6142F82310437E02691F2B8A
:1032E00086BF03F01F031E494FF0A04103F5E073B2
:1032F00040F20C6441F823404FF0CC710623C2F831
:103300002415C2F80035837EC2F8083590F91830CC
:10331000417EC2F80C15002B1ADB124C5A0903F03F
:103320001F05603201212344A940602544F8221082
:1033300083F8005390F91830002B07DB094903F09C
:103340001F0001225B09824041F8232030BC7047F6
:10335000054A03F00F031A4460231376EAE700BF1F
:103360000003005000E100E0FCEC00E0C37E9BB1F4
:103370000B4A036991424FF00000C3F800050CD9D5
:10338000084A914294BF4FF080614FF0C861062215
:10339000C3F82415C3F8002570474FF0CC71F6E749
:1033A000A086010090D00300C37E23B103690022F0
:1033B000C3F8002570474269C2F80035704700BF66
:1033C000F8B514460AB91046F8BD054600F12007C5
:1033D00038460E4619F0FEFB2B690122C3F88865BA
:1033E0001A62C3F83475C3F838451A6002E0D3F89E
:1033F00024211AB9D3F84C21002AF8D00022C3F8AE
:103400004C2102E0D3F824211AB9D3F85C21002A18
:10341000F8D000210122C3F85C115A61D3F80421CD
:10342000002AFBD00022C3F80421D3F8241109B1EB
:10343000C3F82421D3F83C05C5F82001C0B2F8BD7B
:1034400010B5044680F8301200F5947019F0C2FBF4
:103450000123637710BD00BFF8B50369044600225D
:1034600090F830026277012704F59476C3F8880556
:10347000C3F8042130461F62C3F844650D4619F0B5
:10348000BBFB2369C3F848059F6002E0D3F8242101
:103490001AB9D3F85021002AF8D00022C3F85021DD
:1034A000304619F0A9FB236920BB0022C3F8602134
:1034B00015B9D3F8242112B301225A61D3F804219B
:1034C000002AFBD00022C3F80421D3F8240160B104
:1034D0000022C3F82421D3F8C404C3F8C40402288A
:1034E00003D004280CBF03200420F8BDD3F8242106
:1034F000002ADAD1D3F86021002AF7D0D5E70122DB
:10350000DA61D3F84821002AFBD00022C3F8482111
:10351000DBE700BF0121FFF79FBF00BF70B52B4C59
:103520006369D3F86421002A3DD1D3F86821FAB940
:10353000D3F8042122B1227F0021C3F8041162B91B
:10354000D3F8242142B10022C3F82421D3F8D02497
:10355000C3F8D02401225A6170BDD4F83822D3F8C0
:103560003C05C4F82001002AEAD090476369E7E7E8
:103570000022C3F8682116484FF48073A38319F022
:1035800029FBD4F8343203B1984763691048C3F873
:1035900044050023637719F02FFB63690122C3F808
:1035A00048055A63C4E7002204F12006C3F86421E9
:1035B00001253046257719F00DFB63694FF48072C1
:1035C000C3F83465C3F838251D63AEE7A42C012089
:1035D000CC2D012070B52B4C6369D3F86421002AEF
:1035E0003DD1D3F86821FAB9D3F8042122B1227F62
:1035F0000021C3F8041162B9D3F8242142B100229A
:10360000C3F82421D3F8D024C3F8D02401225A616E
:1036100070BDD4F83822D3F83C05C4F82001002A44
:10362000EAD090476369E7E70022C3F868211648AB
:103630004FF48073A38319F0CDFAD4F8343203B178
:10364000984763691048C3F844050023637719F06D
:10365000D3FA63690122C3F848055A63C4E700221C
:1036600004F12006C3F8642101253046257719F0BE
:10367000B1FA63694FF48072C3F83465C3F8382532
:103680001D63AEE7E02E0120083001202DE9F8434C
:103690001A4DDFF878901A4C1A4F284600264FF43E
:1036A0007A7840F8209BC5E9016819F079FA05F5A8
:1036B000947019F075FA032320462B763B696B76DC
:1036C000114B7A6940F8209BC5E90433AA76C4E916
:1036D00001686E7719F064FA04F5947019F060FAD5
:1036E000D7E9102104204FF04023C4E90433667762
:1036F00020766176A276BDE8F88300BFA42C012075
:10370000E02E0120AC0907000030004014F1060053
:10371000F0B40C4AC0F8A8200B4AC0F8AC20002432
:1037200000250026002700214FF0FF32C0E9106776
:10373000C0E92867C0E91245C0E914458165F0BCBD
:10374000C26570470000A04100002041082A1346CE
:10375000A8BF0823002A30B403642DDD0B68036082
:103760004B684360012A27DD8B688360CB68C360A8
:10377000022A21D00B6903614B694361032A1BD0E4
:103780008B698361CB69C361042A15D00B6A03621C
:103790004B6A4362052A0FD08B6A8362CB6AC3628D
:1037A000062A09D00B6B03634B6B4363072A03D0D4
:1037B0008B6B8363CB6BC36300220023C0E91223AE
:1037C000C0E9142300240025002100224FF0FF331C
:1037D000C0E92845816530BC4264C365704700BFBD
:1037E000F8B5054610EE100A23F084FEFAA3D3E9DB
:1037F000002323F0D7FE24F0CDF92A6C00239A424F
:10380000C5F8A03040F38C8195ED017AB5EEC07A11
:10381000F1EE10FA07EE900A40F2838177EEC76A64
:10382000F5EE005AF0EEE66A86EE876AB4EEE56AD7
:10383000F1EE10FA00F2758101218A422B6685EDC6
:10384000196AC5F8A01000F069810B4695ED037A5E
:10385000B5EEC07AF1EE10FA0DD977EEC76AF5EE43
:10386000005AF0EEE66A86EE876AB4EEE56AF1EE9B
:1038700010FA40F25A81022A00F0A78095ED057AED
:10388000B5EEC07AF1EE10FA40F2638177EEC76AC6
:10389000F5EE005AF0EEE66A86EE876AB4EEE56A67
:1038A000F1EE10FA00F2558105EBC301022001335D
:1038B000032A81ED196A0866C5F8A03000F08880F7
:1038C00095ED077AB5EEC07AF1EE10FA40F24C8130
:1038D00077EEC76AF5EE005AF0EEE66A86EE876A82
:1038E000B4EEE56AF1EE10FA00F23E8105EBC30199
:1038F00003200133042A81ED196A0866C5F8A03057
:1039000066D095ED097AB5EEC07AF1EE10FA40F284
:10391000368177EEC76AF5EE005AF0EEE66A86EE7B
:10392000876AB4EEE56AF1EE10FA00F2288105EB41
:10393000C30104200133052A81ED196A0866C5F820
:10394000A03045D095ED0B7AB5EEC07AF1EE10FAC5
:103950000DD977EEC76AF5EE005AF0EEE66A86EE0C
:10396000876AB4EEE56AF1EE10FA40F21181062A98
:103970002BD095ED0D7AB5EEC07AF1EE10FA0DD997
:1039800077EEC76AF5EE005AF0EEE66A86EE876AD1
:10399000B4EEE56AF1EE10FA40F20781072A14D07E
:1039A00095ED0F7AB5EEC07AF1EE10FA0DD977EEFB
:1039B000C77AB5EE006AF0EEE77AC7EE876AF4EEF2
:1039C000C66AF1EE10FA40F2FD80002B00F0A880EC
:1039D000012B00F0A3802B464FF0FF37D3ED1B7A6D
:1039E00093ED197AD3F868E0F4EEC77A3A46F1EE2F
:1039F00010FA07F101073C4680F2C58003F160062A
:103A000096E8030003F1680484E80300511C14469F
:103A100000F0BC8093ED177AF4EEC77AF1EE10FA5D
:103A200080F2B18003F1580C9CE80300541E86E834
:103A30000300002A00F0AA8093ED157AF4EEC77A0D
:103A4000F1EE10FA80F29F8003F1500696E8030031
:103A5000012A8CE80300A2F1020400F0978093EDA4
:103A6000137AF4EEC77AF1EE10FA80F28C8003F14B
:103A7000480C9CE80300022A86E80300A2F1030434
:103A800000F0848093ED117AF4EEC77AF1EE10FA2B
:103A900079DA03F1400696E80300032A8CE8030074
:103AA000A2F1040472D093ED0F7AF4EEC77AF1EE2E
:103AB00010FA68DA03F1380C9CE80300042A86E85F
:103AC0000300A2F1050461D093ED0D7AF4EEC77AFC
:103AD000F1EE10FA57DA03F1300696E80300052AF2
:103AE0008CE80300A2F1060450D093ED0B7AF4EEBB
:103AF000C77AF1EE10FA46DAD3E90A0186E8030044
:103B0000602445F804E02C44C4ED017AD5F8A010F7
:103B10000332914203F108033FF760AF03236B6464
:103B2000F8BD012A7FF492AEF8BD05EBC301012078
:103B30000344022A81ED196A0866C5F8A0303FF4F3
:103B400047AF95ED057AB5EEC07AF1EE10FA3FF683
:103B50009DAE032A3FF439AF95ED077AB5EEC07AF2
:103B6000F1EE10FA3FF6B4AE042A3FF42EAF95ED15
:103B7000097AB5EEC07AF1EE10FA3FF6CAAE052A20
:103B80007FF4E0AE21E70D34E400BAE76024B8E743
:103B900005EBC30105200133062A81ED196A086689
:103BA000C5F8A0307FF4E5AE12E705EBC3010620AF
:103BB0000133072A81ED196A0866C5F8A0307FF441
:103BC000EFAE05E705EBC30207210133C2ED196A29
:103BD0001166C5F8A030FBE68FF2A3FC283F0A402F
:103BE0002DE9F0472DED048B90ED168ADFED667A16
:103BF00032EE488A82B0B4EEE78AF1EE10FA00F1B4
:103C0000A08082465AA3D3E9002351EC100B55EC57
:103C1000114BF0EE428A23F0C5FC55A3D3E90023F3
:103C200006460F46DAE9120123F0BCFC32463B4659
:103C30008046894623F0FEFA544B002223F0B2FC62
:103C400041EC100B21F03CFD22462B46DAE9140131
:103C500055EC104B23F0EEFA47A3D3E9002323F0F1
:103C6000A1FC41EC100B21F02BFDB0EE407AF0EE00
:103C7000607A47EC106B49EC198B59EC178B21F0EB
:103C800063FCB0EE407AF0EE607AB0EE490AF0EEF6
:103C9000690A57EC176B21F057FC42464B464046E9
:103CA000494659EC108B23F07DFC42464B4623F0ED
:103CB00079FC32463B4623F075FC22462B460446EF
:103CC0000D461046194623F06DFC02460B46204671
:103CD000294623F0B1FA02460B4643EC102BCDE9FE
:103CE000002321F047FDDDE90023B0EE409AF0EE1D
:103CF000609A2749002023F09DFA41EC100B21F037
:103D000039FDB0EE401AF0EE601AB0EE490AF0EE5E
:103D1000690A21F02DFDDAF8AC0057EC106B23F0A6
:103D2000E9FB17A3D3E9002304460D463046394684
:103D300023F038FC02460B462046294623F0C2FEFB
:103D400020B902B0BDEC048BBDE8F087B0EE480AA4
:103D50005046FFF745FDDAF84430022BF1D1DAF88E
:103D6000A430CAED168A0133CAF8A430E9E700BFCF
:103D7000399D52A246DF913F399D52A246DF813FD5
:103D800000000000AE4D6841000048430000E03FE5
:103D90000000F03F000000002DE9F04F55EC104B03
:103DA00083B08246624B10EE100A4FF0FF32294674
:103DB00057EC116B12EE108A12EE90BA23F06EFEE1
:103DC000002800F0AC804FF0FF326FF480132046E3
:103DD000294623F06DFE002800F0A180544B4FF0DF
:103DE000FF323046394623F059FE002800F0978014
:103DF0004FF0FF326FF480133046394623F058FEFF
:103E0000002800F08C804B4B00222046294623F0EE
:103E10003BFE002840F08380474B00222046294685
:103E200023F050FE00287AD1444B00223046394618
:103E300023F02AFE002872D1414B00223046394639
:103E400023F040FE00286AD10022002320462946A4
:103E500023F010FE38B1002200233046394623F00B
:103E600009FE00285BD1404623F044FB304B4FF065
:103E7000FF328046894623F011FE00284FD04FF0D4
:103E8000FF326FF480134046494623F011FE0028AC
:103E900045D0584623F02EFB254B4FF0FF32CDE99D
:103EA000000123F0FBFD002839D0DDE900014FF0CF
:103EB000FF326FF4801323F0FBFD80B3DAF8443057
:103EC0004BBB0123CAF8443017A3D3E90023404673
:103ED000494623F067FB23F05DFEDAED2A7A07EE10
:103EE000100AB4EEE77AF1EE10FA18DBCAE91245CF
:103EF000CAE914670223CAF858B0CAF8443002EE7F
:103F000010BA47EC116B45EC104B504603B0BDE8BE
:103F1000F04FFFF765BE012BD6D0022BEFD003B0D8
:103F2000BDE8F08FAFF3008084BFAAD645E2E33F3F
:103F3000FFFFEF7F008056C000805640008066C0C3
:103F40000080664000220423C165C0F8A0204364BD
:103F5000704700BF00220223C0F8A020436480ED18
:103F6000160A7047B5EEC00AF1EE10FAC8BF80ED30
:103F70002A0A7047B5EEC00AF1EE10FAC8BF80ED0C
:103F80002B0A7047406C7047D0F8A000704700BF04
:103F900060307047D0F8A400704700BF00000000F8
:103FA0002DE9F04FD1F888332DED028B0546082B13
:103FB00046F6507046F610644FF000071E468946DC
:103FC000A8BF082646F6487146F64C722E51BB42F1
:103FD0002F504FF0FF306850ADF6B45DAF5242DD68
:103FE00005F5DC4A0AF1100A05F1100B4C46E846CB
:103FF00095ED020B2968404600F034FE40F6AD52C4
:104000004146584624F0DAF9584603F075FBA26899
:10401000CBF8B02D0BF6B452E16811604FF00103FC
:104020008BF8B83D94ED0A3B94ED082B94ED061BFC
:1040300094ED040B584603F0CBF994F87020002A55
:1040400040F0CE8194F871205846002A40F0B081AB
:1040500003F06EF9DAF800600137BE420BF55C6BD5
:1040600004F17004C4DC072E6ADC4FF45C6101FBD0
:10407000065000F6C45400230022072E80F8C83DE5
:10408000C0F8C03D226006F1010056D001FB00508F
:1040900000F6C454062E80F8C83DC0F8C03D22602A
:1040A00006F1020049D001FB005000F6C454052E71
:1040B00080F8C83DC0F8C03D226006F103003CD046
:1040C00001FB005000F6C454042E80F8C83DC0F82F
:1040D000C03D226006F104002FD001FB005000F625
:1040E000C454032E80F8C83DC0F8C03D226006F1DC
:1040F000050022D001FB005000F6C454022E80F8C7
:10410000C83DC0F8C03D226006F1060015D001FB95
:10411000005000F6C454012E80F8C83DC0F8C03DE0
:10412000226006F1070008D001FB005101F6C450DF
:1041300081F8C83DC1F8C03D0260002E40F3708197
:1041400005F6C453186823F0D5F9CBA3D3E90023AF
:1041500023F028FA23F01EFDDFEDC97A08EE100ADD
:10416000B4EEE78AF1EE10FAB8BFB0EE678A012E1E
:1041700000F05B8105F5DC53586823F0BBF9BEA362
:10418000D3E9002323F00EFA23F004FD07EE900A92
:10419000F4EEC87AF1EE10FAB4BFF0EE488AF0EE11
:1041A000678A022E00F0288105F52553586823F010
:1041B000A1F9B1A3D3E9002323F0F4F923F0EAFC39
:1041C00008EE100AB4EEE88AF1EE10FAB8BFB0EECD
:1041D000688A032E70D005F55C53586823F08AF97D
:1041E000A5A3D3E9002323F0DDF923F0D3FC07EEE8
:1041F000900AB4EEE78AF1EE10FAB8BFB0EE678A23
:10420000042E59D005F58943586C23F073F99AA30D
:10421000D3E9002323F0C6F923F0BCFC07EE900A93
:10422000B4EEE78AF1EE10FAB8BFB0EE678A052E59
:1042300042D005F5A543586823F05CF98EA3D3E975
:10424000002323F0AFF923F0A5FC07EE900AB4EEAB
:10425000E78AF1EE10FAB8BFB0EE678A062E2BD0CF
:1042600005F5C043586C23F045F983A3D3E9002337
:1042700023F098F923F08EFC07EE900AB4EEE78A5B
:10428000F1EE10FAB8BFB0EE678A072E14D005F52C
:10429000DC43586823F02EF977A3D3E9002323F0F9
:1042A00081F923F077FC07EE900AB4EEE78AF1EE8D
:1042B00010FAB8BFB0EE678A9FED727AF1EE007A1D
:1042C00068EE277AB4EEC78A05F5DE43F1EE10FA00
:1042D000C3ED157A03F1540300F19F80E846D9F845
:1042E0000C30D9F80820C8F80020012EC8F8043096
:1042F00043D0D9F87C20D9F87830C8F80C20022EA9
:10430000C8F8083039DDD9F8EC20D9F8E830C8F819
:104310001420032EC8F810302FD0D9F85C21D9F81A
:104320005831C8F81C20042EC8F8183025D0D9F808
:10433000CC21D9F8C831C8F82420052EC8F820307F
:104340001BD0D9F83C22D9F83832C8F82C20062ED8
:10435000C8F8283011D0D9F8AC22D9F8A832C8F85A
:104360003420072EC8F8303007D0D9F81C23D9F8EC
:104370001833C8F83C20C8F8383005F5DC40324620
:1043800041461830FFF7E2F905F5DD40483003F00B
:1043900073FA46F61063EB5823B946F64C7340F2B5
:1043A0000112EA520DF6B45DBDEC028BBDE8F08F50
:1043B00094ED1A3B94ED182B94ED161B94ED140B11
:1043C00003F012F9584602F0B3FFDAF80060013743
:1043D000B74204F170040BF55C6BFFF609AE42E6E0
:1043E00094ED123B94ED102B94ED0E1B94ED0C0B01
:1043F000584603F073F825E69FED227AF1EE007A35
:1044000005F5DE4368EEA77AF4EEC78AF1EE10FAFE
:1044100003F15403C3ED007A22D51B4A1A605DE70D
:1044200005F5DE43184A5A65AEE79FED167AF1EEC0
:10443000007A05F5DE4368EE277AB4EEC78AF1EE1E
:1044400010FA03F15403C3ED007AE6D4E846D9F834
:104450000C30D9F80820C8F80020C8F804308CE7E0
:10446000E846D9F80C30D9F80820C8F80020C8F878
:1044700004303EE7AFF30080FD87F4DBD781D33F04
:10448000000000000000FA430000FA4400000000B1
:104490002DE9F0412DED048BB0EE409AF0EE609ADC
:1044A0009FED1B8B00F5DC4605460F469046103607
:1044B00000F110042046002104F55C64B0EE480AC7
:1044C000F0EE680A00F0CEFBB442F3D105F5DC4013
:1044D0001830FFF71DF905F5DD404146483003F07F
:1044E00097F946F6587146F65C7338687A68C5F8ED
:1044F0000080685085ED029B2846EA503946FFF758
:104500004FFDBDEC048B2846BDE8F081AFF3008081
:104510000000000000001C4070B546F6106604461E
:104520008359002B0D4631DD90F8C82D002A49D162
:10453000012B2BDD41F68832A25C002A47D1022BE9
:1045400024DD42F64812A25C42BB032B1EDD43F27F
:104550000872A25C62BB042B18DD44F2C842A25C64
:10456000002A3DD1052B11DD45F28822A25C002AEC
:1045700049D1062B0ADD46F24802A25C002A4CD142
:10458000072B03DD46F60863E35CABBB04F5DD40B7
:1045900029464830BDE8704003F06CB904F5DC50A2
:1045A0001030294603F0A6F846F61063E358CCE72E
:1045B00004F525501030294603F09CF846F61063A8
:1045C000E358C8E7103003F095F8A359B0E729463F
:1045D00004F55D6003F08EF846F61063E358AEE72D
:1045E00004F55C501030294603F084F846F6106359
:1045F000E358052BB8DCC9E704F5C0405030294624
:1046000003F078F8C2E704F589405030294603F0FA
:1046100071F846F61063E358ABE704F5A540103097
:10462000294603F067F846F61063E358A8E700BF91
:104630002DE9F84F00F5DC4B0BF1180B2DED028B3B
:1046400006465846B0EE408AFFF79EFC074658469D
:10465000FFF79EFC002F40DD06F5DC49804609F19E
:10466000100900244FF45C6A01E0A74235D058F8E5
:104670003450002D04F10104F7DBD9F800200AFBC7
:1046800005F3AA4206EB0301EFDD91F8C82D002ADD
:10469000EBD01033F01803F033F80028E5D058467B
:1046A0002946FFF74FFC46F648723068B55046F68B
:1046B0004C730122F254002878D03E4917F048FF8D
:1046C0003068002872D0BDEC028B05FB0AAA56F8B0
:1046D0000A10BDE8F84F18F03BB846F6507458463B
:1046E000B0EE480AFFF736FC3359306801333351D6
:1046F000002859D0304917F02BFF3068002852D0DD
:1047000031590A2218F02AFA306800284BD02B4978
:1047100017F01EFF3068002845D00A22032118F048
:104720001DFA306800283ED0254917F0A1FF335903
:10473000022B3BDD306810B1224917F099FF46F695
:10474000106346F64C72F35840F20111002BB1523F
:104750002CDD0022012B86F8C82D27D041F68831A8
:10476000022B725422D042F64811032B72541DD0F2
:1047700043F20871042B725418D044F2C841052B3F
:10478000725413D045F28821062B72540ED046F293
:104790004801072B725409D0BDEC028B46F6086322
:1047A000F254BDE8F88F3359022BC8DCBDEC028B04
:1047B000BDE8F88F30F1060050F106000CCA060083
:1047C00068F106008CF1060070B546F610652DED17
:1047D000068BB0EE408AF0EE608AB0EE419AF0EEC1
:1047E000619A4359002B0446F0EE42AAB0EE62AA49
:1047F0003CDD90F8C82D002A40F0EC80012B35DD1F
:1048000041F68832A25C002A40F0E980022B2DDDBF
:1048100042F64812A25C002A40F0B280032B25DD4C
:1048200043F20872A25C002A40F0BF80042B1DDD19
:1048300044F2C842A25C002A40F0E580052B15DD59
:1048400045F28822A25C002A40F06081062B0DDD33
:1048500046F24802A25C002A40F06D81072B05DD7C
:1048600046F60863E35C002B40F0E580B0EE491AA1
:10487000F0EE691AB0EE480AF0EE680A04F5DD4081
:104880004830F0EE4A2AB0EE6A2A03F095FA46F66E
:104890004C73E55C002D6ED146F61063E658002E91
:1048A00069DD1AEE100A22F025FEBEA3D3E900232B
:1048B00022F078FE23F06EF994F8C83D0AEE100A53
:1048C000002B40F05C81012E36D041F68833E35C4A
:1048D000002B40F05681022E2ED042F64813E35CA6
:1048E000002B40F05081032E26D043F20873E35C86
:1048F000002B40F04281042E1ED044F2C843E35CFA
:10490000002B40F04281052E16D045F28823E35C4F
:10491000002B40F03C81062E0ED046F24803E35CAB
:10492000002B40F0E880072E06D046F608630720EB
:10493000E35C002B40F0E080DFED97AAB0EE491A6F
:10494000F0EE691A04F5DC451835B0EE4A2A28461F
:10495000F0EE6A2AB0EE480AF0EE680AFFF71CFA99
:104960002846FFF70FFB032800F0FA8046F64C7349
:10497000E35C002B71D0BDEC068B4FF0FF3070BDB7
:1049800004F5DC501030F0EE4A2AB0EE6A2AB0EEA0
:10499000491AF0EE691AB0EE480AF0EE680A02F021
:1049A0002BFA46F61063E35838E704F5255010302B
:1049B000F0EE4A2AB0EE6A2AB0EE491AF0EE691A11
:1049C000B0EE480AF0EE680A02F016FA46F61063F6
:1049D000E3582BE7103002F00FFA63590EE7F0EEC0
:1049E0004A2AB0EE6A2A04F55D60B0EE491AF0EE8C
:1049F000691AB0EE480AF0EE680A02F0FDF946F6D0
:104A00001063E35802E704F55C501030F0EE4A2AD8
:104A1000B0EE6A2AB0EE491AF0EE691AB0EE480A12
:104A2000F0EE680A02F0E8F946F61063E358052B49
:104A30003FF706AF1AE704F5C040F0EE4A2AB0EEA1
:104A40006A2AB0EE491AF0EE691AB0EE480AF0EEA2
:104A5000680A503002F0D0F908E72846FFF79AFAC2
:104A6000022800F3838004F5DE43D3ED157AF4EEDB
:104A7000EA7AF1EE10FA7FF57EAF206810B147496F
:104A800017F0F6FD46F6106346F64C72E35840F216
:104A90000111002BA1527FF76EAF0022012B84F889
:104AA000C82D3FF468AF41F68831022B62543FF4C1
:104AB00062AF42F64811032B62543FF45CAF43F2FD
:104AC0000871042B62543FF456AF44F2C841052BE1
:104AD00062543FF450AF45F28821062B62543FF4F4
:104AE0004AAF072B46F2480118BF46F608636254E6
:104AF00018BFE2543FE706204FF45C6303FB00401D
:104B0000103002F01BFEF0EE40AA17E704F58940D2
:104B10005030F0EE4A2AB0EE6A2AB0EE491AF0EEB2
:104B2000691AB0EE480AF0EE680A02F065F946F636
:104B30001063E3588AE604F5A5401030F0EE4A2AE7
:104B4000B0EE6A2AB0EE491AF0EE691AB0EE480AE1
:104B5000F0EE680A02F050F946F61063E3587DE67D
:104B6000B0EE6A0A2046FFF763FDFFE620680028E2
:104B700088D00B4917F07CFD84E70320BCE728466A
:104B8000BAE70120B8E70220B6E70420B4E7052021
:104B9000B2E700BFAFF30080000000000CF2060097
:104BA000C8F106006F1283C0CAA1FD3F46F64D73DF
:104BB000C35C53B946F648728258002A07DB4FF4AB
:104BC0005C6302FB0333C0587047024870471846C5
:104BD000704700BF18CA060046F64873C258002A3C
:104BE0000ADB4FF45C6303FB02F3C21892F8C82D92
:104BF00012B11033184470470020704700F5DD40B3
:104C00004830704746F64D73C05C704746F65C729C
:104C1000024B8058002808BF1846704754F8060019
:104C200010B52DED028B044600F5DC40B0EE408A55
:104C30001830FFF797F9B0EE480ABDEC028B04F587
:104C4000DD404830BDE8104002F03EBE00F5DD40DA
:104C5000483002F041BE00BF00F5DC401830FFF7DD
:104C600089B900BF2DE97003012200240025002628
:104C700080F822204FF0000800224FF00009C0E920
:104C80001089C0E92045066346638663C66386676C
:104C9000C667C0E90322C0E90922C0E91222C0E9BF
:104CA0001522C0E91722C0E91922C0E91B2242607F
:104CB000027242610284C262A0F85020426780F80A
:104CC0009020C0E92245C0E92645C0E92845C0E951
:104CD0002E45C0E93045C0E93245C0E93445C0E958
:104CE0003645C0E93845C0E93A45C0E93C45C0E928
:104CF0003E45C0E94045C0E94245C0E94445C0F8E9
:104D0000AC60C0F8B060C0E94722BDE8700380ED38
:104D1000060B0160C0F8A82080F8B420A0F8182184
:104D200080F81A21C0F8A82D80F8AC2D704700BF7C
:104D30002DE9F04F2DED0C8BB0EE43AAF0EE63AAF7
:104D4000B0EE45BAF0EE65BA87B00446D0A3D3E919
:104D50000023B0EE41DAF0EE61DA51EC100B8DED8C
:104D6000004B039455EC124B22F01CFCC8A3D3E972
:104D7000002306460F462046294622F013FC47EC46
:104D8000196B53EC192B06460F4622F053FAC44B0D
:104D9000002222F007FC41EC100B20F091FC53ECB8
:104DA0001D2B51EC1A0B5BEC10AB22F043FAB6A3AF
:104DB000D3E9002322F0F6FB41EC100B20F080FC3D
:104DC000B0EE407AF0EE607AB0EE490AF0EE690A91
:104DD00055EC174B20F0B8FBB0EE407AF0EE607A5D
:104DE00047EC106BB0EE47CAF0EE67CA20F0ACFBA0
:104DF00022462B462046294655EC104B22F0D2FB8A
:104E000022462B4622F0CEFB53EC1C2B22F0CAFB91
:104E100052465B46804689465046594622F0C2FBC0
:104E200002460B464046494622F006FA02460B4629
:104E300043EC102BCDE9042320F09CFCDDE9042396
:104E4000B0EE408AF0EE608A9649002022F0F2F936
:104E500041EC100B20F08EFCB0EE401AF0EE601A20
:104E6000B0EE480AF0EE680A20F082FC88A3D3E98D
:104E70000023DDE900018DED000B22F093FB80465D
:104E8000894649EC108B20F05FFB32463B4640469A
:104E900049465BEC10AB22F0CDF9814B002222F0A9
:104EA00081FB41EC100B20F00BFC53EC1A2B51EC66
:104EB0001B0B57EC106B22F0BDF973A3D3E9002351
:104EC00022F070FB41EC100B20F0FAFB22462B463F
:104ED00055EC104B5046594622F064FB22462B46B7
:104EE00022F060FB22462B4622F05CFB32463B461A
:104EF00004460D463046394622F054FB02460B4626
:104F00002046294622F098F902460B4643EC102B26
:104F1000CDE9042320F02EFCDDE90423B0EE408A25
:104F2000F0EE608A5F49002022F084F941EC100B1A
:104F300020F020FCB0EE401AF0EE601AB0EE480A05
:104F4000F0EE680A20F014FC53A3D3E9002351ECDF
:104F5000100B22F027FB039C02460B4622F022FB9B
:104F6000D4E906670D46044632463B46304639468C
:104F700022F018FB02460B462046294622F05CF937
:104F800041EC100B20F0F6FB43A3D3E90023DDE94D
:104F9000000155EC104B22F005FB02460B46204663
:104FA000294622F08FFD002866D053EC1D2B51ECD2
:104FB0001B0B22F03FF934A3D3E9002322F0F2FACD
:104FC00041EC100B20F07CFB53EC192B404649467A
:104FD00057EC106B22F02EF9314B002222F0E2FA4E
:104FE00041EC100B20F06CFB32463B463046394614
:104FF00057EC106B22F0D6FA53EC1C2B22F0D2FAAD
:1050000052465B4622F0CEFA32463B4606460F46F3
:105010001046194622F0C6FA02460B46304639467B
:1050200022F00AF906460F4632463B461D4900204B
:1050300022F000F941EC100B20F09CFBB0EE401A7E
:10504000F0EE601A47EC106B8DED001B20F092FB28
:105050009DED001B20F08CFB0FA3D3E9002351EC46
:10506000100B22F09FFA02460B462046294622F0FA
:1050700029FD003818BF012007B0BDEC0C8BBDE83E
:10508000F08F00BFAFF30080399D52A246DF813F11
:10509000399D52A246DF913F00000000AE4D6841AD
:1050A0000000E03F0000F03F2DE9F04F2DED088BB0
:1050B000B0EE429AF0EE629AB0EE41AAF0EE61AA2A
:1050C00087B053EC122B51EC140B59EC158B55ECAB
:1050D000134B8DED024B8DED045B57EC106B22F002
:1050E000A9F8224641EC180B41EC1B0B2B4640461D
:1050F000494622F09FF853EC182B82468B4651EC20
:10510000180B22F04FFA5246804689465B465046BD
:10511000594622F047FA02460B464046494622F0DD
:105120008BF8F7A3D3E9002380468946CDE90089AF
:1051300022F0AAFC002800F09380EDA3D3E900231D
:105140003046394622F02EFAE9A3D3E90023064679
:105150000F4651EC190B22F025FA32463B468046A9
:10516000894622F067F8E44B002222F01BFA41EC5A
:10517000100B20F0A5FA53EC1A2B2046294655ECCB
:10518000104B22F057F8D6A3D3E9002322F00AFAF5
:1051900041EC100B20F094FAB0EE407AF0EE607A19
:1051A00047EC106B49EC188B59EC178B20F0CCF9BD
:1051B000B0EE407AF0EE607AB0EE480AF0EE680A9F
:1051C00057EC176B20F0C0F942464B464046494623
:1051D00059EC108B22F0E6F942464B4622F0E2F9F8
:1051E00032463B4622F0DEF922462B4604460D4667
:1051F0001046194622F0D6F902460B4620462946AB
:1052000022F01AF802460B4643EC102BCDE900239E
:1052100020F0B0FADDE90023B0EE408AF0EE608ABB
:10522000B649002022F006F841EC100B20F0A2FA5B
:10523000B0EE401AF0EE601AB0EE480AF0EE680ADE
:1052400020F096FAA8A3D3E9002351EC100B22F02A
:10525000A9F941EC100B07B0BDEC088BBDE8F08F4D
:1052600053EC192B3046394621F0E4FF53EC182B50
:1052700022F098F92246804689462B4651EC1A0BBB
:1052800021F0D8FF52465B4622F08CF902460B46CD
:105290004046494621F0D0FFDDE9002322F0ACFA78
:1052A00093A3D3E90023804689463046394622F04D
:1052B00079F953EC1A2B41EC180B2046294621F0C2
:1052C000B9FFB0EE480AF0EE680A46464F468046FF
:1052D000894620F039F9304639460022002355EC42
:1052E000104B22F0D1FB002859D1844B00223046CC
:1052F000394622F0E7FB002840F0B28032463B46B8
:1053000051EC1B0B22F04EF953EC192B21F094FFBA
:1053100077A3D3E9002322F045F953EC182BCDE90C
:10532000000141EC180B21F085FF734B002222F0A5
:1053300039F941EC100B20F0C3F932463B46504698
:10534000594657EC106B22F02DF942464B4621F09E
:1053500073FF63A3D3E9002322F024F941EC100B7F
:1053600020F0AEF9B0EE407AF0EE607AB0EE480A86
:10537000F0EE680A59EC178B20F0E6F8204653EC63
:10538000102B294622F00EF942464B4622F00AF92C
:1053900042464B4622F006F932463B4626E754A3E6
:1053A000D3E9002351EC190B22F0FCF806460F4616
:1053B00047EC106B20F0C8F849A3D3E9002340461E
:1053C000494659EC108B22F0EDF841EC100B20F01F
:1053D00077F953EC182B3046394657EC106B21F017
:1053E00029FF454B002222F0DDF841EC100B20F0A4
:1053F00067F932463B463046394657EC106B22F08F
:10540000D1F842464B4622F0CDF822462B4622F0F8
:10541000C9F8324604460D463B463046394622F02E
:10542000C1F802460B462046294621F005FF0446F6
:105430000D4622462B463149002021F0FBFE41EC6F
:10544000100B20F097F9B0EE401AF0EE601A45EC20
:10545000104B8DED001B20F08DF99DED001BEFE64C
:1054600023A3D3E90023DDE9020122F09BF80646DD
:105470000F4647EC106B20F067F853EC1A2BDDE970
:10548000040159EC108B21F0D5FE15A3D3E90023BC
:1054900022F088F841EC100B20F012F953EC182B95
:1054A0003046394657EC106B21F0C4FE124B0022F7
:1054B00022F078F841EC100B20F002F932463B461E
:1054C0003046394657EC106B22F06CF822462B46DA
:1054D00022F068F842464B4699E700BFAFF30080E0
:1054E000399D52A246DF813F00000000AE4D684169
:1054F000399D52A246DF913F0000E03F0000F03F9F
:1055000011EA2D819997713D2DE9F04F2DED108B0A
:10551000B0EE41EAF0EE61EAB0EE429AF0EE629A45
:1055200097B0814690F8AC0D0D93CDE90E12B0EE18
:1055300043AAF0EE63AA5BEC10ABD9F8A83D0028B3
:1055400040F02184013B0A900993D9F80080CDF8FE
:10555000008000234446984689E0DD49184616F04D
:10556000F7FFD9F80040002C00F05A8120460A22AB
:10557000414617F0F3FAD9F80040002C00F05081B2
:105580002046D44916F0E4FFD9F80040002C00F082
:1055900047819DED04BB20460221B0EE4B0AF0EEA0
:1055A0006B0A17F035F8D9F80040002C00F038816C
:1055B0002046C94916F0CCFFD9F80040002C00F075
:1055C0002F81204603990A2217F0C8FAD9F8004023
:1055D000002C00F025812046C04916F0B9FFD9F80B
:1055E0000040002C00F01C819DED068B204602211E
:1055F000B0EE480AF0EE680A17F00AF8D9F8004051
:10560000002C00F00D812046B54916F0A1FFD9F815
:105610000040002C00F0048120460A22314617F099
:105620009DFAD9F80040002C00F0FA80AD492046E0
:1056300016F08EFF53EC182B51EC1B0B21F0FCFDE8
:10564000D9F80040009441EC180B54B1B0EE480A70
:10565000F0EE680A2046022117F0CAF8D9F8004097
:105660000094039B9E4240F0E980DDF82080099B76
:10567000984580F25783B0EE4A5AF0EE6A5AB0EE7F
:10568000494AF0EE694A0A99974BB0EE4E3AF0EE6D
:105690006E3A08EB010583FB0502EB176426C3EBAA
:1056A000621306FB135309EB431393ED4CDB93EDAD
:1056B0004ACBB0EE4D1AF0EE6D1A08F10102531804
:1056C0004BEC12ABB0EE4C0AF0EE6C0A48461F46AB
:1056D00008920B93FFF7E8FCB0EE4A5AF0EE6A5AD4
:1056E000B0EE494AF0EE694A7F49B0EE407AF0EEFA
:1056F000607A81FB0712FB17C3EB621306FB13737F
:1057000009EB431393ED4A8BB0EE4E3AF0EE6E3A4E
:1057100093ED4CBBB0EE480AF0EE680A4BEC12ABCE
:10572000B0EE4B1AF0EE6B1A48468DED047BFFF796
:10573000BBFC52465B4651EC190B8DED060B21F07C
:1057400079FD53EC1E2B06460F4651EC1A0B21F047
:1057500071FD47EC1F6B53EC1E2B06460F4651ECB8
:105760001D0B21F067FD53EC1F2B21F01BFF47ECB5
:105770001D6B524606460F465B4651EC1C0B21F052
:1057800059FD53EC1D2B21F00DFF02460B46304610
:10579000394621F04FFD0022002306460F4622F035
:1057A00091F9002840F0BA820023304639460022A1
:1057B00022F06AF9031E18BF0123039353EC1E2B3A
:1057C00051EC1B0B21F036FD53EC1F2B21F0EAFEB0
:1057D000524606460F465B4651EC180B21F02AFD57
:1057E00053EC1D2B21F0DEFE02460B4630463946B7
:1057F00021F020FD0022002306460F4622F062F928
:10580000002840F08882304639460022002322F0EA
:105810003BF9061E18BF0126009B002B7FF49DAEAE
:10582000DDE90623DDE9040121F006FD00230093F4
:10583000039B9E4241EC180B3FF417AF009BCDF841
:105840000C80A0463BB32949184616F081FED9F8D2
:105850000080B8F1000F1ED040460221B0EE480A89
:10586000F0EE680A16F0C4FFD9F80080CDF8008089
:10587000009B002B40F06182039B013300F07C828F
:10588000089B1A46013200F070820A9A0399134469
:1058900011440D460B93144BE91783FB0542C1EBF2
:1058A00062121146642202FB11500B9D069029469C
:1058B00083FB0113E917C1EB631309EB401402FBEF
:1058C000135394ED4A7B09EB431595ED4ABB0FE06A
:1058D0004CF2060050F206005CF2060068F2060088
:1058E00074F2060094F206001F85EB5180F2060068
:1058F000B0EE47FAF0EE67FA94ED4CCB51EC170B93
:105900000493F5A3D3E900238DED12BB8DED10CBED
:1059100021F048FEF0A3D3E9002306460F4651ECE0
:105920001B0B21F03FFE32463B4695ED4CDB044617
:105930000D4621F07FFCE44B002221F033FE41ECC8
:10594000100B1FF0BDFE53EC1C2B51EC1D0B8DED0D
:10595000000B21F06FFC45EC1B4BD1A3D3E90023D6
:1059600004460D46CDE9144521F01CFE41EC100B18
:105970001FF0A6FEB0EE407AF0EE607A47EC106BB6
:1059800055EC174B1FF0E0FDB0EE407AF0EE607A78
:10599000B0EE4B0AF0EE6B0A57EC176B1FF0D4FD1C
:1059A00022462B462046294655EC104B21F0FAFDA5
:1059B00022462B4621F0F6FD32463B4621F0F2FD11
:1059C000DDE9002304460D461046194621F0EAFDA4
:1059D00002460B462046294621F02EFC02460B4685
:1059E00043EC102BCDE900231FF0C4FEDDE90023BA
:1059F000B0EE40BAF0EE60BAB449002021F01AFCD3
:105A000041EC100B1FF0B6FEB0EE401AF0EE601A3B
:105A1000B0EE4B0AF0EE6B0A1FF0AAFEA2A3D3E988
:105A2000002351EC100B21F0BDFD99ED067B57ECE6
:105A3000176B04460D46224639462B4617EE100AD0
:105A40008DED007B22F034F8069B5901049B0C91EC
:105A50005B010B9332463B4608B922462B46104663
:105A6000194653EC182B22F00FF8002840F09081D3
:105A70000B9B4B44D3F8380121F01AFD0C9B4B448F
:105A80000446D3F838010D4621F012FD02460B46BC
:105A90002046294621F0CEFB002204460D46002375
:105AA00045EC1C4B21F0F0FF40B181A3D3E900236A
:105AB0002046294621F0C0FB41EC1C0B7EA3D3E914
:105AC000002351EC1C0B21F0FDFF002840F09081D9
:105AD000B0EE4A5AF0EE6A5AB0EE494AF0EE694A20
:105AE0009DED101BB0EE4E3AF0EE6E3AB0EE4F0A5E
:105AF000F0EE6F0A4BEC12AB4846FFF7D5FAB0EE6A
:105B00004A5AF0EE6A5AB0EE494AF0EE694AB0EEEF
:105B1000407AF0EE607A4BEC12ABB0EE4E3AF0EE1B
:105B20006E3A9DED120BB0EE4D1AF0EE6D1A48462E
:105B300057EC176BFFF7B8FA069BDFED657A09EBB8
:105B4000431393ED507A049BB4EEE77A09EB4313C9
:105B5000F1EE10FA55EC104B93ED508A40F126818E
:105B600022462B463046394621F066FB54A3D3E942
:105B7000002304460D4621F087FF002840F03581C0
:105B80003046394622462B4621F036FE06460F4661
:105B900055EC1F4B1FEE102A2B46DDE9120121F0B8
:105BA00049FB32463B4621F0FDFC2B461FEE102AF6
:105BB00021F042FBDDE9142304460D463046394608
:105BC00021F0F0FCDDE9102321F036FBB0EE4A5A5B
:105BD000F0EE6A5AB0EE494AF0EE694A45EC1B4BCA
:105BE000B0EE4E3AF0EE6E3A41EC180BB0EE4B0AC6
:105BF000F0EE6B0A41EC110B4BEC12AB4846FFF791
:105C000053FADDE9000153EC102B21F03DFF002891
:105C100040F0F780B8F1000F03D02E49404616F04F
:105C200027FD0C9B09EB03020B9B92ED4F9A4B4413
:105C3000D3ED4F7A77EEC97A904617EE900A21F0AD
:105C400059FC32463B4621F0ADFC044619EE100AE1
:105C50000D4621F04FFC02460B462046294621F016
:105C6000EBFA309BC3E90001D8F8380121F020FCA1
:105C7000324604460D463B4651EC1C0B21F092FC8B
:105C800002460B462046294621F0D6FA08A3D3E95E
:105C9000002304460D4621F00BFF50B320E000BF67
:105CA000399D52A246DF813F0000008019616E419C
:105CB0000000000070999441000000000088C3407B
:105CC00095D626E80B2E113E0000E03F0000F03F85
:105CD0006F12833AACF30600399D52A246DF913F22
:105CE0002046294654A3D3E9002321F0A3FA044611
:105CF0000D462046294621F02DFF99F822300D9AB5
:105D00001060002B00F09C800E9A82ED00BB0F9A71
:105D100082ED008B31E04FF0FF367DE54FF0FF3331
:105D200003934BE54FF0FF3303930893009B9FEDE4
:105D30003A8BA046002B3FF49FAD3949184616F028
:105D400007FCD9F80080B8F1000F3FF495AD40464C
:105D50000221B0EE480AF0EE680A16F049FD039BF6
:105D6000D9F8008001337FF48BADB8F1000F03D078
:105D70002C49404616F07CFC0023184617B0BDECB9
:105D8000108BBDE8F08F0A9363230993FFF7DDBB07
:105D9000B8F1000FF0D02449404616F069FC00230A
:105DA000184617B0BDEC108BBDE8F08FB4EEE78A53
:105DB000F1EE10FA3FF5D4AE17EE100A21F09AFB7F
:105DC00002460B463046394621F016FD064618EECF
:105DD000100A0F4621F08EFB02460B46204629464C
:105DE00021F00AFD32463B46BEE6104F0026CFE6C4
:105DF000B8F1000FC0D00E49404616F039FC002320
:105E0000BBE7B8F1000FB7D00A49404616F030FCA6
:105E10000023B2E7AFF30080000000000000F07F35
:105E20009CF20600B4F206000CF306000000E03F0E
:105E300040F306006CF306000000000070999441E6
:105E4000039B002B00F08481089A0998824280F21B
:105E50007F81D9F800005D1E541CB0B3C34916F011
:105E600007FCD9F8000080B3C14916F071FBD9F8DE
:105E7000000050B30A22294616F070FED9F800003F
:105E800018B3BC4916F064FBD9F80000E8B10399D7
:105E90000A2216F063FED9F80000B0B1B54916F039
:105EA00057FBD9F8000080B108990A2216F056FE77
:105EB000D9F8000048B1AF4916F04AFBD9F8000004
:105EC00018B10A22214616F049FD0A9AAA4B154438
:105ED000144483FB0512E9174FF0640C83FB0403A1
:105EE000C1EB621EE2170CFB1E5EC2EB631830466C
:105EF00032463B46394609EB4E150CFB184821F05B
:105F000051FB41EC190B02460B463046394695EDE4
:105F10004A8B089521F046FBB0EE48BAF0EE68BA1D
:105F20000B9A964B4A44154682468B4609EB481419
:105F300051EC180B00220394049521F033FB4BEC39
:105F40001CABD5E94AAB0D4603998D4B04460022A4
:105F5000D1E94A0121F026FB45EC1A4B04460C9886
:105F600048440D46009045EC184B5246009D5B4658
:105F70005046594621F060F953EC1B2BD5E94A896C
:105F800021F05AF97F4B04460D460022404649460F
:105F900021F008FB02460B462046294621F04AF92B
:105FA00053EC182B21F046F953EC192B21F0FAFA97
:105FB000734B04460D4600225046594621F0F2FA32
:105FC00053EC1A2B21F038F932463B4621F0EAFA1D
:105FD00042464B4621F030F902460B462046294600
:105FE00021F02AF9684B04460D46002250465946D6
:105FF00021F0D8FA02460B4651EC1A0B21F01AF99F
:10600000A246AB4604460D465F4B00224046494639
:1060100021F0C8FA02460B462046294621F00CF929
:1060200053EC182B21F008F953EC1C2B21F0BAFA91
:1060300002460B465046594621F0FEF80E9CC4E934
:106040000001089BD3E94CAB00224C4B504659460B
:1060500021F0A8FA049B0D460399D3E94C89044624
:10606000474BD1E94C01002221F09CFA45EC1A4B38
:1060700004460D4645EC1B4B4246009D4B464046B0
:10608000494621F0D9F852465B4621F0D5F895ED06
:106090004C8B04460D463B4B002251EC180B21F073
:1060A00081FA02460B462046294621F0C3F853ECFC
:1060B0001B2B21F0BFF853EC192B21F073FA304B56
:1060C00004460D4600224046494621F06BFA53EC47
:1060D0001A2B21F0B1F832463B4621F063FA53EC1B
:1060E000182B21F0A9F802460B462046294621F03C
:1060F000A3F8254B04460D4600224046494621F0B0
:1061000051FA02460B4651EC1A0B21F093F81E4B44
:1061100006460F46002251EC180B21F043FA0246C6
:106120000B463046394621F087F853EC1B2B21F003
:1061300083F853EC1C2B21F035FA02460B4620461F
:10614000294621F079F80F9A0123C2E9000114E6EB
:10615000D9F8000010B10D4916F08AFA0E9B0F9A7B
:1061600083ED00BB82ED008B012306E604F40600FC
:106170002CF4060038F406001F85EB510000E0BF48
:106180000000E03F000004400000F83FC4F30600B8
:10619000436D002B3FD0826D10B50446002A39D0E4
:1061A000C16D002936D0016E002938D12068616C9C
:1061B0002366E16648B11B4916F0CAF9206818B198
:1061C000216E0A2216F036FCA26D636E23BB206896
:1061D000636C6266236740B1134916F0B9F9206811
:1061E00018B1616E0A2216F025FCA36EE26D7BB930
:1061F0002068636CA266636760B10C4916F0A8F969
:10620000206838B1A16E0A22BDE8104016F012BC19
:106210009342EDD810BD70479342E6D9D7E78B4241
:10622000D3D2C3E708F506001CF5060030F50600DA
:10623000F8B504460D46002A3FD046681746AEB969
:10624000037A002B34D0022A63D0032A34D121618F
:10625000A36C022B00F0C080206800286DD072492A
:1062600016F076F9206800285ED166E0022E1FD174
:10627000012F21DD2068022F08BF032600285FD0F0
:106280006A4916F065F92068002859D039460A2273
:1062900016F064FC2068002852D0654916F058F9C1
:1062A000206800284CD00A22314616F057FB3746AA
:1062B000022F2FD0032FCBD0F8BD037A53B1436800
:1062C00043B9C36833B1026922B1934234BF012399
:1062D0000223436094F8202000230121C4E9033302
:1062E000217212B1A36C032B2CD02068E56400232B
:1062F0000122C4E91533A264E3650028DCD04D49CE
:1063000016F026F920680028D6D0BDE8F84016F02F
:10631000FFB9E160A36C012B2BD0206868B146491E
:1063200016F016F9206840B1A16C0A2216F016FC8E
:10633000206810B1414916F09BF90023A364F8BD11
:106340003746B5E7E26C2068954236BF3C4B2B469A
:106350005B199B1AE36540B13A4916F0F9F82068D9
:1063600018B1E16D0A2216F065FB2046FFF710FF19
:10637000BBE7E26C2068E564954236BF304B2B46A4
:106380005B199B1A02226365A264002894D02E49EF
:1063900016F0DEF8206800288ED0616D0A2216F013
:1063A00029FB2068002887D0284916F0D1F8606DB5
:1063B00021F07EF81AA3D3E9002321F0F3F8024676
:1063C00020680B4643EC102B00283FF475AFBDE866
:1063D000F840032116F00CBAE26C2068E56495429F
:1063E00036BF174B2B465B199B1A0325A365A56483
:1063F00000283FF461AF164916F0AAF8206800287B
:106400003FF45AAFA16D0A2216F0F4FA2068002872
:106410003FF452AF0D4916F09BF8A06DC8E700BFDE
:10642000FCA9F1D24D62503FF4F5060044F5060098
:1064300064F5060084F50600A8F5060078D306008A
:10644000005C260574F5060098F5060064D7060082
:10645000E4F50600000000002DE9F04F2DED0C8B57
:10646000B0EE408AF0EE608AB0EE419AF0EE619AAA
:1064700090ED2EAB90ED30BBB0EE4A2AF0EE6A2ADA
:1064800090ED32CBB0EE4B3AF0EE6B3A90ED34DB60
:10649000B0EE4C4AF0EE6C4A8BB090F82160B0EE52
:1064A0004D5AF0EE6D5A002200230025CDE9042359
:1064B000CDE90623CDE9082304460395002E63D1D8
:1064C000FEF736FC0546002858D0B0EE4D5AF0EEE7
:1064D0006D5AB0EE4C4AF0EE6C4A2046B0EE4B3AA4
:1064E000F0EE6B3AB0EE4A2AF0EE6A2AB0EE491AA4
:1064F000F0EE691AB0EE480AF0EE680AFEF7D4FD35
:10650000D4E9060153EC102B21F0DCFA002800F04E
:106510001E81206868B1914916F01AF8206840B1D0
:1065200031460A2216F01AFB206810B18C4916F089
:106530009FF894F8B430012284F82120002B40F019
:106540000182D4F8A83D8748A66F591C80FB012022
:10655000CA17C2EB6012642000FB121204EB431155
:106560006069C1F83801E06BC1F8400181ED4A8BE8
:1065700081ED4C9BC1F83C61C4F8A82D28460BB0B6
:10658000BDEC0C8BBDE8F08FFEF78EFD59EC108B47
:10659000754B0022D4E9060120F04EFE42464B46E0
:1065A00021F072FA002800F0EF80206868B16F498E
:1065B00015F0CEFF206840B129460A2216F0CEFA27
:1065C000206810B16A4916F053F8D4F8A82D654830
:1065D000A56F511C80FB0130CB17C3EB6013642007
:1065E00000FB131304EB4211002084F821006069C2
:1065F000C1F83801E06BC1F8400181ED4A8B81EDB3
:106600004C9BC1F83C51C4F8A83D13B9012384F850
:10661000AC3D08AB4FF000084FF000090093002696
:1066200003AB06AA04A92046B0EE4D3AF0EE6D3A4F
:10663000B0EE4C2AF0EE6C2AB0EE4B1AF0EE6B1A6C
:10664000B0EE4A0AF0EE6A0ACDE90489CDE906897E
:10665000CDE908890396FEF757FF0546002800F0AC
:10666000EF802068002800F00781424915F070FF94
:106670002068002800F000819DED040B062116F033
:10668000B7F82068002800F0F7803B4915F060FF5C
:106690002068002800F0F0809DED060B062116F022
:1066A000A7F82068002800F0E780344915F050FF73
:1066B0002068002800F0E0809DED080B022116F014
:1066C00097F82068002800F0D7802D4915F040FF8A
:1066D0002068002800F0D08003990A2216F0AAF959
:1066E000C4F8A86D84F8AC6D31464FF4486204F5E7
:1066F0009470D4F800B021F089FE94F82030002B7B
:1067000040F0CB80012384F82030BBF1000F00F073
:106710003F811C49584615F0ABFFDDE90867DDF8FD
:106720000CA0C4F824A03046394621F033FA94F87E
:1067300019512063002D3FF421AF94F81A51002D18
:106740003FF41CAF514620460022FFF771FD0025A3
:1067500028460BB0BDEC0C8BBDE8F08FE8F40600CA
:10676000F8F406001F85EB510000F03F4CF40600E2
:1067700054F4060070F4060080F4060090F406005D
:10678000A8F4060044F60600D4F8A82D8848A56FA2
:10679000511C80FB0130CB17C3EB6013642000FB5E
:1067A000131304EB42116069C1F83801E06BC1F8C2
:1067B000400181ED4A8B81ED4C9BC1F83C51C4F8FE
:1067C000A83D13B9012384F8AC3D206800284DD0C2
:1067D000784915F0BDFE2068002847D00A22002124
:1067E00016F0BCF92068002840D0734915F0B0FEBF
:1067F000206800283AD049EC108B022115F008FFE0
:10680000206898B36D4915F0A3FE206870B3D4F8E2
:10681000A81D0A2216F0A2F9206838B3684915F0BD
:1068200097FE94F8AC3D206823B3664908B115F093
:106830001FFF354628460BB0BDEC0C8BBDE8F08F32
:10684000D4F82031C4F8A80D013384F8AC0DC4F895
:10685000203104F594704FF44862294621F0D6FDAA
:1068600028460BB0BDEC0C8BBDE8F08F94F8AC3D26
:10687000002BDED15449D9E70025C4F8A85D84F87F
:10688000AC5D29464FF4486204F5947021F0BEFDDA
:1068900094F82030002B78D0AB46626ADDF80CA06B
:1068A000636C206B524588BF484D03F101038CBFD8
:1068B000554455466364DDE90867AD1A20F01AFEB9
:1068C00002460B463046394620F0B4FC80468946E5
:1068D000BBF1000F26D03E49584615F039FE20681E
:1068E00000285AD00A22294616F084F82068002889
:1068F00053D0384915F02CFE284620F0D9FD2AA3A4
:10690000D3E9002320F04EFE024620680B4643ECFC
:10691000102B002841D0032115F06AFFDDE908673C
:10692000DDF80CA0A5624046494621F033F9E36A40
:10693000606313B1AB427FF6F4AE636CE562A063B3
:106940002364EEE6D4F8A82D194BD4F8AC60D4F843
:10695000A870511CD4E9268983FB0103C817C0EB3A
:106960006313642000FB131304EB4211C1E94A894D
:10697000D4E92889D4F8B000C1F84001C1E94C89B4
:10698000C1F83871C1F83C61DDE5012384F820309D
:10699000DDE90867DDF80CA0C3E6DDE90867DDF88E
:1069A0000CA0BFE7AFF30080FCA9F1D24D62503FCD
:1069B0001F85EB514CF40600BCF40600CCF4060035
:1069C000E0F4060044F406003CF40600005C2605F2
:1069D00030F6060064D706002DE9F0432DED0C8B50
:1069E000B0EE408AF0EE608AB0EE419AF0EE619A25
:1069F0008BB00D78B0EE42DAF0EE62DA4FF00008BC
:106A00004FF000090023CDE90489B0EE43AAF0EE6F
:106A100063AAB0EE44BAF0EE64BACDE90689B0EEEE
:106A200045CAF0EE65CACDE908890E461746044608
:106A30000393002D62D1FEF77BF90546002857D05D
:106A4000B0EE4C5AF0EE6C5AB0EE4B4AF0EE6B4A98
:106A50002046B0EE4A3AF0EE6A3AB0EE4D2AF0EE39
:106A60006D2AB0EE491AF0EE691AB0EE480AF0EE5F
:106A7000680AFEF719FBD4E9060153EC102B21F04C
:106A800021F8002800F08E81206868B1B64915F021
:106A90005FFD206840B139460A2216F05FF8206891
:106AA00010B1B24915F0E4FD0123337094F8B4300D
:106AB000002B40F07981D4F8A83DAD48A66F591C51
:106AC00080FB0120CA17C2EB6012642000FB121287
:106AD00004EB43116069C1F83801E06BC1F8400173
:106AE00081ED4A8B81ED4C9BC1F83C61C4F8A82D27
:106AF00028460BB0BDEC0C8BBDE8F083FEF7D4FA52
:106B000059EC108B9B4B0022D4E9060120F094FB3A
:106B100042464B4620F0B8FF002800F0AA802068CB
:106B200068B1954915F014FD206840B10A22394634
:106B300016F014F8206810B1904915F099FDD4F8BA
:106B4000A82D8B48A56F511C80FB0130CB17C3EBE0
:106B50006013642000FB131304EB4211002030701B
:106B6000E06B6669C1F8386181ED4A8B81ED4C9B21
:106B7000C1F83C51C1F84001C4F8A83D13B9012344
:106B800084F8AC3D0020002108ABCDE90401B0EE53
:106B90004C3AF0EE6C3AB0EE4B2AF0EE6B2ACDE9AF
:106BA0000601B0EE4A1AF0EE6A1AB0EE4D0AF0EEA7
:106BB0006D0ACDE908010093002503AB06AA04A9DC
:106BC00020460395FEF7A0FC0546002800F0AE80A5
:106BD000206860B36A4915F0BBFC206838B39DEDAE
:106BE000040B062115F004FE206800B3654915F07A
:106BF000AFFC2068D8B19DED060B062115F0F8FD1D
:106C00002068A0B1604915F0A3FC206878B19DED23
:106C1000080B022115F0ECFD206840B15B4915F02E
:106C200097FC206818B103990A2215F003FF00268B
:106C3000C4F8A86D84F8AC6D31464FF4486204F591
:106C4000947021F0E3FB94F82050002D3FF450AFF6
:106C500094F81951002D3FF44BAF94F81A51002DC0
:106C60003FF446AF03993A4620463546FFF7E0FA2F
:106C70003EE7D4F8A82D3E48A66F511C80FB01309A
:106C8000CB17C3EB6013642000FB131304EB42111A
:106C90006069C1F83801E06BC1F8400181ED4A8BB1
:106CA00081ED4C9BC1F83C61C4F8A83D13B90123A8
:106CB00084F8AC3D206800284ED02F4915F048FCE0
:106CC0002068002848D039460A2215F047FF20687E
:106CD000002841D02E4915F03BFC206800283BD00D
:106CE00049EC108B022115F093FC2068A0B32949D0
:106CF00015F02EFC206878B3D4F8A81D0A2215F0F0
:106D00002DFF206840B3244915F022FC94F8AC3DD7
:106D1000206833B3214900283FF4EAAE15F0A8FCFF
:106D200028460BB0BDEC0C8BBDE8F083D4F82031C5
:106D3000C4F8A80D013384F8AC0DC4F8203104F573
:106D400094704FF44862294621F060FB28460BB04E
:106D5000BDEC0C8BBDE8F08394F8AC3D002B7FF4C8
:106D6000C7AE0F49D7E700BFE8F40600F8F4060005
:106D70001F85EB510000F03F4CF4060054F4060070
:106D800070F4060080F4060090F40600A8F40600F3
:106D9000BCF40600CCF40600E0F4060044F406005F
:106DA0003CF406000546A3E6D4F8A82D104BD4F811
:106DB000AC60D4F8A870511CD4E9268983FB010388
:106DC000C817C0EB6313642000FB131304EB4211DC
:106DD000C1E94A89D4E92889D4F8B000C1F8400152
:106DE000C1E94C89C1F83871C1F83C6165E600BF62
:106DF0001F85EB51000000002DE9F04F2DED048BB5
:106E000055EC104B87B00646124B10EE100A4FF0AF
:106E1000FF32294659EC118B12EE10AA12EE907A2D
:106E200020F03CFE40B14FF0FF326FF4801320465B
:106E3000294620F03DFE88B93068002800F07881AE
:106E4000054915F015FC4FF0FF3007B0BDEC048B81
:106E5000BDE8F08FFFFFEF7F54F60600C04B4FF008
:106E6000FF324046494620F019FE0028E4D04FF09A
:106E7000FF326FF480134046494620F019FE002887
:106E8000DAD0B84B00222046294620F0FDFD00282C
:106E9000D2D1B54B00222046294620F013FE00280F
:106EA000CAD1B24B00224046494620F0EDFD0028F1
:106EB000C2D1AF4B00224046494620F003FE0028D5
:106EC000BAD1002200232046294620F0D3FD38B154
:106ED000002200234046494620F0CCFD0028ABD1DB
:106EE000504620F007FB9E4B83468C464FF0FF3206
:106EF000CDE900BC20F0D2FD40B1DDE900014FF04A
:106F0000FF326FF4801320F0D3FD08B9D6F87CA0CF
:106F1000384620F0EFFA924B83468C464FF0FF3212
:106F2000CDE900BC20F0BAFD002800F07081DDE959
:106F300000014FF0FF326FF4801320F0B9FD0028FC
:106F400000F0658107EE907AF5EEC07ADFED897A80
:106F5000F1EE10FAB8BF17EE907A96F89030002B49
:106F600000F0578176A3D3E90023D6E9200120F071
:106F700019FB73A3D3E9002341EC190B20462946E2
:106F800020F010FB53EC192B8C4683464CEC18BBBD
:106F900020F050F9784B002220F004FB41EC100B5C
:106FA0001EF08EFBD6E92223404649468DED000BAC
:106FB00020F040F964A3D3E9002320F0F3FA41EC78
:106FC000100B1EF07DFBB0EE407AF0EE607A53ECD1
:106FD000172BB0EE490AF0EE690ACDE904231EF042
:106FE000B3FAB0EE407AF0EE607AB0EE480AF0EE16
:106FF000680A8DED027B1EF0A7FADDE90423104636
:1070000019468DED040B20F0CDFADDE9042320F0C4
:10701000C9FADDE9022320F0C5FADDE9002341ECDD
:10702000180B1046194620F0BDFA02460B4651ECEB
:10703000180B20F001F902460B4643EC102BCDE96A
:1070400000231EF097FBDDE90023B0EE408AF0EE4E
:10705000608A4A49002020F0EDF841EC100B1EF048
:1070600089FBB0EE401AF0EE601AB0EE480AF0EE7E
:10707000680A1EF07DFB36A3D3E90023B0EE409AE8
:10708000F0EE609A51EC100B20F01CFD002800F08F
:10709000C480D6F81C310133022BC6F81C3142DD06
:1070A0000023C6F81C31C6E92045C6E92289C6F886
:1070B0007CA0384620F01EFA27A3D3E9002320F055
:1070C00071FA20F067FD96F81831F063002B59D063
:1070D00096F821303BB996F85030002B52D196F8F3
:1070E0005130002B4ED149EC118B45EC104B304602
:1070F000FFF7B2F9002845D096F81971002F40F03B
:107100001181B26FF36BC6F8AC20C6F8B03072696B
:10711000C6F8A8200123C6E92645C6E928893846CD
:1071200086F8B43091E6306810B1154915F0A0FA30
:107130004FF0FF3007B0BDEC048BBDE8F08F00BF0F
:10714000399D52A246DF913F399D52A246DF813FD1
:10715000E5BC41B4BE92043F6F1283C0CAA1FD3F9B
:10716000FFFFEF7F008056C000805640008066C061
:1071700000806640000000000000E03F0000F03F9B
:1071800078F6060096F81931002B00F0B8804FF021
:10719000FF30002796F81AA1BAF1000F26D096F812
:1071A00021301BBB96F85030002B78D096ED3C5B1D
:1071B00096ED3A4B96ED383B96ED362B49EC118B1C
:1071C00045EC104B022206F150013046FFF704FC5B
:1071D00000B1574696F81A31002B40F08A8096F895
:1071E0005130002B5FD187F001004042B26FF36B4A
:1071F000C6F8AC20C6F8B0307269C6F8A8200123E2
:10720000C6E92645C6E9288986F8B4301DE6002778
:10721000A3E6012386F8903045E7C6F81C015046E6
:1072200020F068F902460B46F06F43EC182B20F073
:1072300061F902460B4651EC180B1FF0FBFF3AA315
:10724000D3E900238C46834651EC190B4CEC18BB58
:1072500020F0A8F902460B4620F0A4F953EC182BB5
:1072600041EC180B1046194620F09CF902460B46DB
:1072700051EC180B1FF0E0FF41EC100B1EF07AFAF6
:1072800053EC102BB06FCDE9002320F033F9DDE98A
:1072900000231FF0D1FF20F07DFCB06703E796F8D4
:1072A0005130002B82D096ED445B96ED424B96ED2B
:1072B000403B96ED3E2B49EC118B45EC104B0322E5
:1072C00006F151013046FFF787FB00288BD0B26FE3
:1072D000F36BC6F8AC20C6F8B0307269C6F8A820C7
:1072E0000123C6E92645C6E9288986F8B43000207E
:1072F000ABE596F85030002B7FF471AFD3E7B26F57
:10730000F36BC6F8AC20C6F8B0307269C6F8A82096
:107310000123C6E92645C6E9288986F8B4304FF02E
:10732000FF3092E5002035E700000000AE4D6841D7
:107330002DE9D0430446006810B1244915F098F9AE
:1073400000210023002600274FF000084FF000091D
:10735000C4E92067C4E92267C4E92667C4E90911C2
:10736000C4E91211C4E91511C4E91711C4E91911CE
:10737000C4E91B11C4E90311C4E94711C4E9108928
:1073800023636363A363A367E367E162A4F8501018
:10739000616761602172616184F8901004F59470F6
:1073A000C4E928674FF44862C4F8A810C4F8AC30A8
:1073B000C4F8B03084F8B4102184C4F8A81D84F84F
:1073C000AC1DBDE8D04321F021B800BF98F60600FF
:1073D0002DE9F04755EC104B82B080ED2E0B80ED7F
:1073E000301B80ED322B80ED343B8246394B10EE62
:1073F000100A29464FF0FF328DED003B57EC116B20
:1074000059EC128B20F04AFB40B14FF0FF326FF481
:1074100080132046294620F04BFB60B9DAF80000C3
:1074200000238AF81831002850D02B4902B0BDE85B
:10743000F04715F01DB9274B4FF0FF323046394663
:1074400020F02CFB0028E9D04FF0FF326FF48013BE
:107450003046394620F02CFB0028DFD01D4B4FF082
:10746000FF324046494620F019FB0028D6D04FF0A5
:10747000FF326FF480134046494620F019FB002884
:10748000CCD0DDE90001134B4FF0FF3220F006FBBA
:107490000028C3D0DDE900014FF0FF326FF4801304
:1074A00020F006FB0028B9D042464B46204629462C
:1074B00020F0E0FA38B1DDE900233046394620F00B
:1074C000D9FA0028AAD101238AF8183102B0BDE800
:1074D000F08700BFFFFFEF7FB0F606002DE9F04711
:1074E00055EC104B82B080ED360B80ED381B80EDF3
:1074F0003A2B80ED3C3B8246394B10EE100A294670
:107500004FF0FF328DED003B57EC116B59EC128BB5
:1075100020F0C4FA40B14FF0FF326FF480132046E0
:10752000294620F0C5FA60B9DAF8000000238AF88D
:107530001931002850D02B4902B0BDE8F04715F0B2
:1075400097B8274B4FF0FF323046394620F0A6FA65
:107550000028E9D04FF0FF326FF4801330463946EF
:1075600020F0A6FA0028DFD01D4B4FF0FF32404636
:10757000494620F093FA0028D6D04FF0FF326FF43E
:1075800080134046494620F093FA0028CCD0DDE92C
:107590000001134B4FF0FF3220F080FA0028C3D0D7
:1075A000DDE900014FF0FF326FF4801320F080FA24
:1075B0000028B9D042464B462046294620F05AFAC8
:1075C00038B1DDE900233046394620F053FA00286F
:1075D000AAD101238AF8193102B0BDE8F08700BFB3
:1075E000FFFFEF7F04F706002DE9F04755EC104B45
:1075F00082B080ED3E0B80ED401B80ED422B80ED94
:10760000443B8246394B10EE100A29464FF0FF32B8
:107610008DED003B57EC116B59EC128B20F03EFACC
:1076200040B14FF0FF326FF480132046294620F01E
:107630003FFA60B9DAF8000000238AF81A3100280E
:1076400050D02B4902B0BDE8F04715F011B8274BD8
:107650004FF0FF323046394620F020FA0028E9D0BA
:107660004FF0FF326FF480133046394620F020FA95
:107670000028DFD01D4B4FF0FF324046494620F036
:107680000DFA0028D6D04FF0FF326FF48013404639
:10769000494620F00DFA0028CCD0DDE90001134B5B
:1076A0004FF0FF3220F0FAF90028C3D0DDE90001E5
:1076B0004FF0FF326FF4801320F0FAF90028B9D0B0
:1076C00042464B462046294620F0D4F938B1DDE940
:1076D00000233046394620F0CDF90028AAD10123F5
:1076E0008AF81A3102B0BDE8F08700BFFFFFEF7FD4
:1076F00050F7060041617047012380F8223070473F
:1077000090F82000704700BF90F82100704700BF3C
:1077100090F820305BB1436A4069834205D900F19B
:10772000A46000F5CB2000F58060C01A70471846B1
:10773000704700BF806A7047C06A704790ED1E0AAC
:10774000704700BF006C7047406C7047D0ED0C7AFA
:10775000F5EE407AF1EE10FA0BD090F8203043B1FC
:10776000426A436990ED1E7A9A4237EE677A0CD9E5
:1077700005E0426A43699A4223D99FED157A03F1E5
:10778000A46303F5CB2303F58063B5EE407AF1EEF5
:1077900010FA19D090ED0E0AB5EE400AF1EE10FA8B
:1077A00011D09B1AD0ED0B6A07EE903AF8EE666A9C
:1077B000F8EE677A87EE876AC6EE807A36EE670A59
:1077C00070479FED030A7047B0EE470A704700BF4D
:1077D00000000000036E2BB1426E2AB1816E31B100
:1077E00013440B44184670471346184670470B461F
:1077F00018467047C06E7047006F7047406F704703
:1078000090F819310BB190F81A311846704700BF43
:1078100070B4016015494164002400251449816455
:1078200000220021C0E90445C0E90645C0E90A4537
:10783000C0E90C454FF0FF4600240025C0E914457F
:10784000C0E91A450667C0E9011170BC80F838101C
:10785000C163A0F84C108165416702624262026414
:10786000C265026642668267704700BF0000A041A1
:107870000000F04181607047F0B44FF0FF420023F8
:10788000002400250026002702670022C0E90445E5
:10789000C0E90645C0E90A45C0E90C45C0E91467DE
:1078A000C0E91A67C0E90122F0BC80F83820C26341
:1078B000A0F84C2082654267036243620364C3659B
:1078C0000366436683677047B5EEC00AF1EE10FAAF
:1078D000C8BF80ED110A7047B5EEC00AF1EE10FA8C
:1078E000C8BF80ED120A704738B590ED1C7ADFED05
:1078F000487AB4EEE77AF1EE10FA2DED028B0446E9
:107900006FDC90F84C20436F90ED1E8A002A2ED039
:10791000016DC26ED0ED177A8B4238BF3D4D02F13A
:107920000102C26678EE677A806D236534BFED1878
:107930001D466D1A6565C4ED187A84ED178A002816
:1079400059D1A565C4ED197AA2662068002843D0F4
:10795000314914F0FDFD206800283DD0E16E0A2277
:1079600015F0FCF82068002836D02C4921E0016D84
:10797000D4ED177AC26E23658B4238BF254D84ED56
:10798000178A4FF0010078EE677A84F84C0034BF14
:10799000ED181D46A06DC4ED187A01326D1AE2662D
:1079A000656558BBA565C4ED197AA266206898B1D3
:1079B0001B4914F0CDFD28461FF07AFD12A3D3E930
:1079C00000231FF0EFFD024620680B4643EC102B0E
:1079D00010B1032114F00CFF84ED088ABDEC028B7A
:1079E00038BD00680028F9D0BDEC028B0D49BDE818
:1079F000384014F03DBE8542A7D2A2E78542D5D2D9
:107A0000D0E700BFAFF30080FCA9F1D24D62503F38
:107A1000FFFF7F7F005C2605E0F706002CD80600FC
:107A2000E8F70600C0F706002DE9F0472DED028BC0
:107A3000824682B051EC100B67A3D3E9002355ECCA
:107A4000114B1FF0AFFD64A3D3E9002306460F4698
:107A5000DAE904011FF0A6FD32463B46804689461E
:107A60001FF0E8FB5A4B00221FF09CFD41EC100B6D
:107A70001DF026FE22462B46DAE9060155EC104B96
:107A80001FF0D8FB4EA3D3E900231FF08BFD41EC80
:107A9000100B1DF015FEB0EE407AF0EE607A47EC68
:107AA000106B49EC188B59EC178B1DF04DFDB0EEA7
:107AB000407AF0EE607AB0EE480AF0EE680A57ECD1
:107AC000176B1DF041FD42464B464046494659EC76
:107AD000108B1FF067FD42464B461FF063FD324698
:107AE0003B461FF05FFD22462B4604460D461046DE
:107AF00019461FF057FD02460B46204629461FF047
:107B00009BFB02460B4643EC102BCDE900231DF0F6
:107B100031FEDDE90023B0EE408AF0EE608A2D49A7
:107B200000201FF087FB41EC100B1DF023FEB0EE90
:107B3000401AF0EE601AB0EE480AF0EE680A1DF046
:107B400017FE21A3D3E9002351EC100B1FF02AFDEF
:107B500004460D46DAF848001FF0CCFC22462B46BE
:107B60001FF09CFFD8B9DAF870001FF0C3FC224662
:107B70002B461FF0A7FF68B12046294620F00AF8DF
:107B8000DAF82420DAF80830CAF87000CAF8782049
:107B9000CAF8743002B0BDEC028BBDE8F087022257
:107BA00000235046CAF804208AF84D3002B0BDECDC
:107BB000028BBDE8F047FFF797BE00BFAFF3008030
:107BC000399D52A246DF813F00000000AE4D684162
:107BD0000000E03F0000F03F399D52A246DF913F98
:107BE0002DE9D04FD0ED097AD0ED086A9FED6E7A7D
:107BF0002DED028B77EEE67A84B0F4EEC77AF1EEE3
:107C000010FA8DED020B00F19D80044660A3D3E9CC
:107C1000002351EC100B5BEC11AB1FF0C3FC5CA319
:107C2000D3E9002306460F46D4E904011FF0BAFC4D
:107C300032463B46804689461FF0FCFA5B4B0022E9
:107C40001FF0B0FC41EC100B1DF03AFD52465B46B4
:107C5000D4E9060149EC188B59EC108B1FF0EAFAB5
:107C60004DA3D3E900231FF09DFC41EC100B1DF048
:107C700027FDB0EE407AF0EE607A47EC106B57ECDF
:107C8000176B1DF061FCB0EE407AF0EE607A51ECBB
:107C9000170BB0EE480AF0EE680ACDE900011DF0BE
:107CA00053FCDDE9000153EC102B1FF07BFC324646
:107CB0003B461FF077FC32463B461FF073FC4246C2
:107CC0004B4606460F46404649461FF06BFC0246AF
:107CD0000B46304639461FF0AFFA02460B4643ECDE
:107CE000102BCDE900231DF045FDDDE90023B0EEAA
:107CF000408AF0EE608A2E4900201FF09BFA41EC8A
:107D0000100B1DF037FDB0EE401AF0EE601AB0EE29
:107D1000480AF0EE680A1DF02BFDA06C59EC108BA0
:107D20001FF0E8FB1EA3D3E9002306460F4640469A
:107D300049461FF037FC02460B46304639461FF0D5
:107D4000C1FE20B904B0BDEC028BBDE8D08F4FF06E
:107D5000FF43002223670323A267636001220023FD
:107D600020469DED020B4BEC11AB84F84D20636770
:107D7000FFF75AFE20680028E4D00E4904B0BDEC9D
:107D8000028BBDE8D04F14F073BC00BFAFF300808E
:107D9000399D52A246DF913F399D52A246DF813F75
:107DA00000000000AE4D68410000C8420000E03F06
:107DB0000000F03F00F806002DE9F04F2DED028B9A
:107DC00055EC104B85B08246D54B10EE100A4FF0A3
:107DD000FF32294657EC116B12EE90BA1FF05EFE8F
:107DE000002800F065814FF0FF326FF480132046C9
:107DF00029461FF05DFE002800F05A81C84B4FF065
:107E0000FF32304639461FF049FE002800F050810D
:107E10004FF0FF326FF48013304639461FF048FEB2
:107E2000002800F04581BF4B0022204629461FF064
:107E30002BFE002840F03C81BB4B00222046294607
:107E40001FF040FE002840F03381B84B002230463E
:107E500039461FF019FE002840F02A81B44B002259
:107E6000304639461FF02EFE002840F021810022C6
:107E70000023204629461FF0FDFD40B100220023CB
:107E8000304639461FF0F6FD002840F01181584673
:107E90001FF030FBA24B4FF0FF32804689461FF0A7
:107EA000FDFD002800F00B81404649464FF0FF32AF
:107EB0006FF480131FF0FCFD002800F0008107EE36
:107EC00090BAF5EEC07ADFED9B7AF1EE10FAB8BF0A
:107ED00017EE90BA9AF83830002B00F0088186A38C
:107EE000D3E90023DAE90A011FF05CFB82A3D3E99E
:107EF000002380468946204629461FF053FB424610
:107F00004B4641EC180BCDE900011FF093F98A4B69
:107F100000221FF047FB41EC100B1DF0D1FBDAE90A
:107F20000C23304639468DED000B1FF083F974A306
:107F3000D3E900231FF036FB41EC100B1DF0C0FB12
:107F4000B0EE407AF0EE607A49EC108B59EC178B6A
:107F50001DF0FAFAB0EE407AF0EE607AB0EE480A20
:107F6000F0EE680A8DED027B1DF0EEFA42464B46BC
:107F70004046494659EC108B1FF014FB42464B46D5
:107F80001FF010FBDDE902231FF00CFBDDE90023ED
:107F900080468946104619461FF004FB02460B46F0
:107FA000404649461FF048F902460B4643EC102B69
:107FB000CDE900231DF0DEFBDDE90023B0EE408AB1
:107FC000F0EE608A5D4900201FF034F941EC100B9F
:107FD0001DF0D0FBB0EE401AF0EE601AB0EE480A89
:107FE000F0EE680A1DF0C4FB59EC108B46A3D3E9F0
:107FF000002310EE100A49461FF064FD002800F02F
:10800000A180DAF83C300133022B40F3BF8000231B
:10801000CAF83C30CAE90A45CAE90C6758461FF05D
:1080200069FA3BA3D3E900231FF0BCFA1FF0B2FDAD
:10803000DAF80430CAF84000002B43D10123CAF813
:1080400004301FF057FA34A3D3E900231FF0AAFA33
:108050001FF0A0FDDAED117A07EE100AF4EEC77AF0
:10806000F1EE10FA24D8DAF82430CAF82030CAF831
:108070005C30DAF80000DAF80830CAF85030022331
:10808000CAE90445CAE90667CAF80430002873D073
:108090002B4914F0EDFADAF80430022B6CD0032BE4
:1080A00006D147EC116B45EC104B5046FFF7BCFC7A
:1080B0004FF0FF3005B0BDEC028BBDE8F08F4FF004
:1080C000000B07E7012BE8D11FF014FA12A3D3E944
:1080D00000231FF067FA1FF05DFDDAED117A07EE5D
:1080E000100AB4EEE77AF1EE10FAE1DBBBE7012308
:1080F0008AF838308EE700BF399D52A246DF913FA3
:10810000399D52A246DF813FE5BC41B4BE92043F97
:108110006F1283C0CAA1FD3F84BFAAD645E2E33FE8
:10812000FFFFEF7F008056C000805640008066C091
:1081300000806640000000000000E03F0000F03FCB
:108140009CF70600CAF83C00DAF824001FF0D2F9C8
:1081500011A3D3E9002341EC180B404649461FF018
:1081600021FA02460B4651EC180B1FF065F81FF080
:1081700011FDCAF824004DE747EC116B45EC104B9C
:108180005046FFF72DFDDAF8043088E7CAF83C3096
:108190008EE700BFAFF3008000000000AE4D6841E5
:1081A00090F84C00704700BF90F84D00704700BF3A
:1081B000C06E704790F84C305BB1036D80688342AD
:1081C00005D900F1A46000F5CB2000F58060C01A4D
:1081D00070471846704700BF406D7047806D70470C
:1081E000806E704790ED177A90F84C30B5EE407A7B
:1081F000F1EE10FA09D07BB3026D8368D0ED097AF5
:108200009A4237EEC77A0BD904E043B3026D836814
:108210009A4224D903F1A46303F5CB2303F58063C9
:10822000B5EE407AF1EE10FA19D090ED190AB5EEDC
:10823000400AF1EE10FA14D09B1AD0ED166A07EE40
:10824000903AF8EE666AF8EE677A87EE876AC6EECD
:10825000807A36EE670A70479FED020A7047B0EEEB
:10826000470A70470000000070B590F90230002BFB
:1082700082B004460DDBA56805F1240003F0F4FA92
:1082800000283FD1637843F001036370002002B0FF
:1082900070BD8068A1692430012203F0A5FA00288E
:1082A000F0D0A58805F00F056B0100EB4515C35C08
:1082B000E52BE7D023781A4A03F03703EB722378D3
:1082C00016681B0744BFE369EB61236A6B831B0CD1
:1082D000AB8266B10DF103020DF1060101A8B047B2
:1082E000BDF80430BDF806202B836B82EA82A378A8
:1082F000A56803F07F03A37005F1240003F0B4FA2E
:108300000028BFD005F50D7003F0AEFA0028B9D0F3
:1083100028680368DB6998470028B3D0B7E700BF37
:1083200020310120F8B503785B0604D4244B426960
:108330009A42044602D300273846F8BD02468068B8
:1083400052F8105F294602F02DF807460028F2D0B7
:108350003DB32669A1780135AE4218BF01F0BF01D7
:10836000A06861F07F01A170817943690579023EBF
:108370008E401E44DDB10025294606E020F046F877
:10838000A0680279E9B28A4210D93144052224302A
:1083900003F02AFA01354FF4007200210028EDD1D4
:1083A000C9E7A178266941F04001D9E7817962697E
:1083B0004FF400738B4012FA83F363613846F8BDC3
:1083C00000FE1F0010B5044680680A462430A169EB
:1083D00003F00AFA20B1A38803F00F0300EB431067
:1083E00010BD00BF70B5037882B00446002B4ED09C
:1083F00090F90230002B10DBA56805F1240003F092
:1084000033FA002849D1637843F0010363700020F8
:1084100000232370A37002B070BD8068A16924306E
:10842000012203F0E1F90028EDD0A58805F00F0541
:108430006B0100EB4515C35CE52BE4D023781D4AA6
:1084400003F03703EB72237816681B0744BFE36918
:10845000EB61236A6B831B0CAB8266B10DF10302E7
:108460000DF1060101A8B047BDF80430BDF80620A3
:108470002B836B82EA82A378A56803F07F03A37045
:1084800005F1240003F0F0F90028BCD005E000233A
:1084900001202370A37002B070BD05F50D7003F0CC
:1084A000E3F90028AFD028680368DB699847002803
:1084B000A9D0ADE7203101200B7813F0D00F01D106
:1084C000002070472DE9F04340F6022389B00D46A5
:1084D000044601F043F8002800F0818001221023B7
:1084E000A27023702046FFF71DFF002877D0237865
:1084F000226922626BB1636933B1A3780022C4E9B7
:10850000042223F02003A3702046FFF7ADFE0028CD
:1085100065D0A068A1692430012203F065F9002824
:108520005DD0A68806F00F0600EB46161023F37206
:10853000B26830687168F368D4F808E0276A9EF87A
:108540000680B6F81A90EC46ACE80F003069716905
:10855000B269F369023FACE80F00DEF8141007FAC5
:1085600008F74FF0203339440EF124000122B6F809
:108570001480CDF80130CDF80530ADF8093003F0A6
:1085800033F9064658B34FF02E0CADF81480ADF811
:108590001A908DF800C06F460FCF30607160B260E6
:1085A000F3600FCF30617161B261F3612B6A8DF8B6
:1085B00001C01A0CADF81A30ADF814206D460FCD7D
:1085C00030627162B262F3620FCD30637163B26385
:1085D000F363A46804F1240003F046F918B90020FD
:1085E00009B0BDE8F08304F50D7003F03DF90028F3
:1085F000F5D020680368DB6909B0BDE8F04318478F
:108600002DE9F04395B00578019206460020ADF8BB
:108610001400ADF82C008DF82E00002D3FD11F4620
:108620000B7813F0D00F0C4639D013782F2B15464A
:1086300039D0002F5ED00DF1040802AF4FF00009D1
:1086400020E0019D2D78002D48D000F087FF0346E3
:108650003A462146304613B9FFF72EFFF8B13546AA
:108660000FCD0BAC0FC40FCD0FC433782A68226036
:1086700030460BB1FFF7F8FD019D86F8009086F8B3
:1086800002900BAC294643463A46304601F0ECF8DE
:1086900005463A46214600233046002DD1D1002020
:1086A00015B0BDE8F083013501952A782F2AFAD05C
:1086B000A4680BA8242200211FF0A8FE0D94E379E2
:1086C000102B03D0202B11D00C2BE8D140238DF898
:1086D0002C3001230BAC8DF82E30AAE73A46214608
:1086E0003046FFF7E9FE15B0BDE8F08380238DF832
:1086F0002C30EEE7B9460DF1040802AF10E00FCDC3
:108700000FC40FCD0FC433782A68226030460BB1F6
:10871000FFF7AAFD019D86F8009086F802900BAC49
:10872000294643463A46304601F09EF805463A4609
:10873000214600233046002DB1D0019D2D78002D1B
:10874000CCD000F00BFF35460BAC0028A7D0D6E705
:108750002DE9F04194B00478019206460020ADF86E
:1087600008008DF80A00ADF83800002C30D198468A
:108770000B7813F0D00F0D462AD013782F2B144608
:108780002AD0002717E0019C2478002C3AD000F072
:10879000E5FE354602ACD8B10FCD0FC40FCD0FC4E6
:1087A00033782A68226030460BB1FFF75DFD019CEB
:1087B0003770B77002AD214601AB0BAA304601F00D
:1087C00053F804460BAA294600233046002CDAD180
:1087D000002014B0BDE8F0810134019421782F29E4
:1087E000FAD0B1B9AC68242230461FF00FFEB46055
:1087F000E379102B03D0202B25D00C2BE8D140237C
:10880000337022E043460BAA00F0A8FE14B0BDE886
:10881000F081AD6802A8242200211FF0F7FD049525
:10882000EB79102B03D0202B05D00C2BD0D140237B
:108830008DF8083002E080238DF80830012302AD66
:108840008DF80A309DE7802333700120B070C0E7B7
:1088500019B101F24441FFF77BBF0846704700BFE2
:10886000074B10B41C683CB113460A4604F244415D
:108870005DF8044BFFF76CBF20465DF8044B704772
:108880001C310120CB6870B50D46044693B90678BB
:108890000EB1184670BD8D68242231461FF0B6FD1A
:1088A000A560EB79102B19D0202B11D00C2B15D0F3
:1088B000304670BD242200211FF0A8FD01231022A4
:1088C0002270A370D5E902121846A160226270BD21
:1088D000802323700123A370184670BD40232370AA
:1088E000F8E700BF70B504780CB1002070BD0546F4
:1088F0000E46242221461FF089FDAE60F379102B2D
:1089000005D0202B09D00C2B01D0204670BD402370
:108910002B700124AC70204670BD80232B70F8E7CB
:108920002DE9F04F8378DF0783B0054640F1908052
:108930000F4601780E07914600F193804C0608D54A
:10894000826843695289C3EB42139BB2994528BFA1
:108950009946B9F1000F00F0B0806B69AA6848062B
:108960004E464FF0000805F1100AC3F3080B40D53E
:10897000116A01EB5321BBF1000F56D1B6F5007F10
:1089800053D3106B814250D0B6F5806F72D32B78E1
:108990005B064FEA562B05D41379A3EB08039B45DE
:1089A00028BF9B4681424FEA4B240DD801EB0B03B5
:1089B000984209D202F124000191009202F054FF82
:1089C000DDE90021002843D0906A02685B46D2F8B6
:1089D00014B03A46D84700283AD06B69361B234476
:1089E00027446B6169D02978AA684806C3F3080B4D
:1089F000BED492F8058008EA5328BBF1000F37D1A6
:108A0000B8F1000F34D1002B3ED10C064CBF116AD7
:108A1000296A296193795469023901FA03F308EB51
:108A200004011944BBF1000FA8D0CBF50074B44287
:108A300002F124004FF0000228BF344602F0D4FEB9
:108A400030B100EB0B01224638461FF0B7FCC4E7FB
:108A50006B784FF0FF3043F002036B7003B0BDE85A
:108A6000F08FC36942699B1A994528BF994670E700
:108A70002969CFE7906A03683A461B69984700283E
:108A8000E6D04FF40074A8E7080705D5AB7859067F
:108A900002D52869411CBCE710462969524601F0FD
:108AA00025FD0028D4DB02D0AA682969B2E72B781B
:108AB00013F0D00FCCD0A9EB0609484603B0BDE8AF
:108AC000F08F00BF70B582B001220DF10701D0E92F
:108AD00004560446FFF724FF01280CBF9DF8070049
:108AE0004FF0FF30C4E9045602B070BD30B54369A1
:108AF00013F4F07F83B00446C3F3431500D089B963
:108B000001220DF107012046FFF70AFF40B20128BC
:108B10000BD163691F336361A068343000EB4510EB
:108B200003B030BD20334361F6E7002003B030BD11
:108B30002DE9F041037807690446002B3BD00D4630
:108B40004169A94244D0002D39D018072CD5E269DB
:108B5000AA4230D3D4F808C0A2789CF806000930A5
:108B6000C0B26E1E12F0400F26FA00F633D14A1E34
:108B700022FA00F0864201D3002930D11B064CBFF7
:108B8000DCF82030236A236104F1100807E0216932
:108B9000A06801F0ABFC002806F1FF360BDD424671
:108BA000002EF4D1A2780CE05A06D3D5A3685B89D5
:108BB000B5EB431FF6D927610020BDE8F08182782C
:108BC000056122F02002A27065610120BDE8F081FC
:108BD0000120BDE8F081236A1E442661F1E7361AC0
:108BE000D2E700BF2DE9F0410D4690460021242236
:108BF00004461E469DF818701FF008FCA8682B6AF2
:108C0000E36000F1340508F00F0305EB4315A060A5
:108C1000A4F80480EA7A110712D402F03702227015
:108C2000EB7AE77013F0180F08BF42F0080206F065
:108C3000030308BF2270012B37D0022B1AD023B1B7
:108C400000202070A070BDE8F0817205F8D406F015
:108C5000080343F00103A370AB8A698B026BA26126
:108C600041EA03412162EB69E361720421D40120EE
:108C7000BDE8F0810323A3701946D306E0D4D307DF
:108C8000DED406F0080342F020020B432270A370EA
:108C9000AA8A698B076BA761770541EA0241E1D592
:108CA00071B963F07F03A370DFE70223A370194655
:108CB000E3E7E1692046FFF73BFF0028D7D1BFE794
:108CC00001F088FC0028BBD0A378EAE70378002BEA
:108CD0003FD12DE9F0470B7813F0D00F84B00C464C
:108CE0002CD0D1F814C01CF01F0527D106469046A1
:108CF000A94601220DF10F0120464FEA5C17CCF383
:108D0000431AFFF70DFE40B2012817D16269A3682C
:108D100002F11F0C34334FEA4A12C4F814C09A5CB3
:108D200003EB4A1352B12E2A06D0E52A04D0D97A91
:108D3000080710D50F2905D00025DAE7002004B078
:108D4000BDE8F0875106D4D593F80D9002F01F05C9
:108D5000CFE700207047002D47D0587893F809C01E
:108D6000D10141EA52021118C1F34602987842EA51
:108D7000C11250FA82F1C1F34602D87842EAC11218
:108D800050FA82F1C1F34602187942EAC11250FA50
:108D900082F1C1F34602587942EAC11250FA82F1D7
:108DA000C1F34602987942EAC11250FA82F1C1F346
:108DB0004602D87942EAC11250FA82F2C2F3460161
:108DC000187A41EAC21150FA81F1C1F34602987A49
:108DD00042EAC1135CFA83F2C2F3460343EAC213C8
:108DE00050FA83F3DBB24B45A8D100954346BAB2A3
:108DF00021463046FFF7F6FEA1E700BF0378002BBF
:108E00004ED070B590F90230002B82B004460DDBD5
:108E1000A56805F1240002F027FD002842D16378FF
:108E200043F001036370002002B070BD8068A16947
:108E30002430012202F0D8FC0028F0D0A58805F0EB
:108E40000F056B0100EB4515C35CE52BE7D02378DC
:108E50001B4A03F03703EB72237816681B0744BFE5
:108E6000E369EB61236A6B831B0CAB8266B10DF186
:108E700003020DF1060101A8B047BDF80430BDF8AA
:108E800006202B836B82EA82A378A56803F07F0318
:108E9000A37005F1240002F0E7FC0028BFD001E038
:108EA0000120704705F50D7002F0DEFC0028B6D0F9
:108EB00028680368DB6998470028B0D0B4E700BF92
:108EC000203101202DE9F04F83789C0783B00546BF
:108ED00073D591461A07884677D46A69D3434B45C0
:108EE0006BD3B9F1000F00F0D6804F464FF4007AF3
:108EF0003AE0002E7DD1002900F08880AB785B0637
:108F000040F19B80EB69934240F2978001312961E7
:108F100082794369023991401944B7F5007F5ED3E5
:108F2000B7F5806F76D30379026B1B1B7C0AA342D3
:108F300028BF23468A424FEA432408D35E18B24230
:108F400005D200264FF0FF3280F824600263806A69
:108F50000268566A4246B04778B36A693F1B2244AA
:108F6000A0446A6100F09780A8682969447914EAEE
:108F70005224C2F30806BCD0827943690239914079
:108F800019442144002EC8D0C6F50074BC4228BF45
:108F90003C460122243002F027FC70B130442246C6
:108FA000414626441FF00AFAB6F5007FD5D1A868DD
:108FB000243002F059FC0028CFD16B7843F0010334
:108FC0006B70002003B0BDE8F08FC169FFF7B0FD02
:108FD0000028F2D06A69D3434B4582D2EDE76A6933
:108FE000EB6957453C4628BF54469A4207D30522B1
:108FF000D0E782794369023991401944C4E7AB78DC
:1090000013F0200F14BF05220122C3E7296A01B320
:1090100029617DE7036B8B4205D100224FF0FF33BE
:1090200080F824200363806A036842461B6A9847DD
:109030000028C2D04FF400748FE705F110020192AE
:1090400001F054FA0028B8DB019A10D0A868296909
:109050005EE705F1100201F0A5F90028ADD0AB786C
:109060002969A868296263F03F03AB7050E7D5F81F
:1090700010B0A868594601F095F900289DD0BBF1C1
:10908000000F1BD1AB78296943F0400363F07F03E5
:10909000A868AB703CE7EB69934206D2AB78EA6113
:1090A00063F07F034846AB708CE70A4B1B6873B1D3
:1090B000AB7863F07F034846AB7083E72969AB78F0
:1090C0000BF1010B594518BF03F0BF03DEE748461B
:1090D00078E700BF203101202DE9F04F0746144604
:1090E0009846064689460FCF8DB003AD0FC50FCF0A
:1090F0000FC53B682B6000232268A3814346626052
:10910000CDF80480002B3FD04FF0010AA9EB0A01F3
:1091100089B2490103A8FFF70BFD50B3002103A852
:10912000FFF7E4FC074620B300250DE002F0C8FB82
:109130008046584602F0FCFC8346404602F0F8FCAC
:10914000834516D10D2D18D0EAB23946304600F0CD
:10915000B7FFA389834601352046002BE6D1D4E929
:1091600001329342E2D1BBFA8BF040090DB0BDE869
:10917000F08F00200DB0BDE8F08F019B0AF1010ACD
:109180005FFA8AFA5345C1D20120EFE72DE9F04F8B
:1091900092F816E0D77D167E557E4FEACE1C4CEA3B
:1091A0005E0C0CEB070ECEF3460C4CEACE1C56FAC6
:1091B0008CFECEF3460C4CEACE1C55FA8CFE1446BF
:1091C000CEF3460C927E94F81E804CEACE1C52FAE6
:1091D0008CFECEF3460C4CEACE1C94F81BE0054600
:1091E0005EFA8CFECEF3460C8A461F460FCD4CEA43
:1091F000CE1C94F81CE08DB05EFA8CFECEF3460CCB
:1092000003AE0FC64CEACE1C0FCD94F81DE05EFAFB
:109210008CFECEF3460C4CEACE1CD5F800E058FA92
:109220008CF50FC6E17F94F82020C6F800E0C5F366
:10923000460343EAC51351FA83F3C3F3460949EAE7
:10924000C31952FA89F92368636000265FFA89F32B
:109250000093A681002F50D047F04003B04601256F
:109260000193AAEB050189B2490103A8FFF760FC4D
:1092700000284ED0002103A8FFF738FC002848D072
:10928000059A019992F82430AF4243F0010382F825
:10929000243008BF8C46009B80F80C8018BFAC4679
:1092A0000F2100F101094373A0F81A8080F800C073
:1092B000C1724FF0000B05E0A9F800000BF1010BA3
:1092C00009F10209A08918B9D4E901318B4218D0FB
:1092D000204602F0F5FABBF1040F5FFA8BF1EBD9EF
:1092E0000A2902D8A9F80300E8E70C29A9F8050023
:1092F000E4D10135EDB2AF42B3D201200DB0BDE8EB
:10930000F08F26B10136F6B24FF6FF70E3E7012683
:10931000E1E700200DB0BDE8F08F00BF2DE9F04778
:1093200003464FF0203153F8162B8768C0F816100B
:109330005960C3F8071013782E2B14BF4FF0010E9D
:109340004FF0000E03D112F8013F2E2BFBD0791EF7
:10935000914288BF0B4603D807E09A42194604D0D1
:109360001946013B0C782E2CF7D197424FF0000C98
:1093700040F283806446E2464FF007084FF0080948
:1093800013782E2B20D0222B20D07C2B1ED0A3F1A3
:109390005B05022D1AD9A3F12A05052D57D9A3F192
:1093A0003A05052D61D9A3F121055D2D5DD8444510
:1093B0002CD8A3F16105192D50D8203B4CEA090C9B
:1093C000DBB25FFA8CFC06E0914239D044451DD8EF
:1093D0004FF0000E5F23651C0619ECB2062CB37526
:1093E00002F1010298BF0475BA42C9D3837D202BD4
:1093F00014D0BEF1000F16D01CEA0A0F18BF4FF0B0
:10940000020C80F815C07046BDE8F087B8F10A0F6D
:1094100001D091421ED2837D202B04D14FF0000E4B
:109420007046BDE8F087037D03444FF0010E7E21B6
:10943000312280F815E09975DA757046BDE8F0873D
:109440004A1C4FF00A0808244FF01009CCE72D2BD6
:10945000ADD0BBE70A464FF0000EC5E7A3F14105CA
:10946000192D98BF4AEA090AB5E703F0C003802B1B
:10947000ACD101324FF0000EB6E7E246B6E700BFCE
:109480002DE9F8430F7D0E46044601F116054FF015
:1094900062084FF07E0914F07BF8032F28BF0327E2
:1094A00000F00F023B1D092ADBB28CBF02F137012D
:1094B00002F13001F218FB1C9175DBB2C0F303120C
:1094C000092A33448CBF02F1370102F1300180B226
:1094D0009975BA1CC0F30323092BD2B28CBF03F1D8
:1094E000370103F1300132447B1CDBB29175B0F5DA
:1094F000204F4FEA1031334406EB07022CBF3731BF
:10950000303199752046002182F81690FFF710FB44
:1095100001212046FFF7EAFA03460B2228461946A6
:1095200093B193F800C0BCF1000F13D0DB7A1B0796
:10953000EED41EF035FF0028EAD108F1FF3818F00C
:10954000FF08A8D1404603E06078B0FA80F04009F7
:10955000BDE8F8830120BDE8F88300BF2DE9F04F96
:109560002DED028B0E4609788BB011F0D00FCDE9AE
:10957000020300F0A1800378002B40F09D80136966
:10958000B64992460C33527DA1FB03139207C3F3F5
:1095900087034FF0000118BF5F1CB2680593304687
:1095A0000C4614BFFFB20127069107928B46FFF7C6
:1095B000BFFA0AF1160308EE103AA146A046049439
:1095C000756900213046C5F34F15FFF78FFA002863
:1095D00000F0B2800378E52B74D0002B72D0BC422F
:1095E00038BF00242E2B77D0C27A0F2A77D01307EA
:1095F00072D4B9F1000F0ED118EE101A0B221EF022
:10960000CFFE0028DCD19AF8153013F001034FD0BB
:1096100001230493D4E7BBF1010F4DD102784178C7
:10962000447AD30143EA52035A18C2F346038178BD
:1096300043EAC21351FA83F2C2F34603C17843EA04
:10964000C21351FA83F2C2F34603017943EAC2130B
:1096500051FA83F2C2F34603417943EAC21351FA45
:1096600083F2C2F34603817943EAC21351FA83F2CB
:10967000C2F34603C17943EAC21351FA83F2C2F33B
:109680004603017A43EAC21351FA83F2C2F3460356
:1096900043EAC21354FA83F2C2F34603817A43EADF
:1096A000C21351FA83F3069ADBB29A4204D14B46B5
:1096B000039A110540F1BC8000200BB0BDEC028B79
:1096C000BDE8F08F002C08BFA846BC423CBF013467
:1096D000E4B2A3B3E52B85D14FF0000970E7B9F1EF
:1096E000000F1CD1059A03F01F0B5A457FF468AF99
:1096F00013F040093FF464AF437B06939146BBF1FE
:10970000010F7FF45DAF691C4B4689B2524630466B
:10971000FFF7E2FC002808BF4FF0000950E70BF10B
:10972000FF3B5FFA8BFB5B45D6D1437B069A9342A6
:10973000E5D04FF0000943E77378002BBCD1039BC1
:109740001A469205B8D503F00303013B012BB3D8A9
:10975000002C08BFA846BC4203D31CE0DCB2A742E1
:1097600019D000213046FFF7C1F9631C0028F5D15C
:109770007378002BA0D1BC420DD2079D05E02B7958
:1097800004EB0314E4B2A74205D93046FEF7CAFD44
:109790000028F4D190E7049B002B51D17B1EDBB253
:1097A00008EB0305ADB22946524630460493FFF755
:1097B000EDFC002880D069013046FFF7B9F9002898
:1097C0003FF47AAF00213046FFF790F904460028B5
:1097D0003FF472AF202200211EF018FE52462049AD
:1097E00052F8160F049B5768676020601089927AC0
:1097F000A27220819AF815200F6802F018022273D5
:109800002FB30DF123020DF1260109A8B847BDF8C9
:109810002400BDF826109DF82320049B2082E181BE
:109820006273079991F8242042F0010281F8242004
:1098300000930298039B2A463146FFF7D3F93CE791
:1098400051463046FFF71CFE0028A7D134E7054AF1
:10985000226145F621412183E3E700BF4FECC44E6E
:1098600020310120215C215CF0B5084609782029CF
:1098700083B015461E4603D110F8011F2029FBD0E6
:10988000002428602C61017889B1284F2F293BD012
:1098900001AA011D02F0EEF848B10199B1F5803F2F
:1098A00008D27F2904F1010422D81F2912D80020F0
:1098B00003B0F0BD02342C61A86001780029E5D125
:1098C0002B69013BFE2BF2D830602846FFF726FDBE
:1098D00003B0F0BDCAB2A2F12203DBB21D2B0AD93C
:1098E00002F0BF033C2BE2D05C2AE0D02E29E4D06A
:1098F0002029E2D0DFE727FA03F3DB07D7D43C2A9D
:10990000D5D02E29D9D0F3E72B69013BFE2BCED839
:109910000346184613F8012B202AFAD02F2AF8D034
:1099200030602846FFF7FAFCD2E700BF0121003182
:10993000F0B582788BB000239207ADF804308DF833
:1099400006305ED5016A044621B1806800F042FE0F
:10995000002856D001212046FEF734FD002850D0C3
:10996000057843788678C278E90141EA55011944BF
:10997000C1F3460343EAC11156FA81F3C3F346012A
:1099800041EAC31152FA81F1067943798579C1F32D
:10999000460242EAC11156FA81F2C2F3460141EA97
:1099A000C21153FA81F1C1F3460343EAC11355FAD8
:1099B00083F1C279067A457AC1F3460343EAC113BB
:1099C00052FA83F3C3F3460242EAC31356FA83F210
:1099D000C2F3460343EAC213E527077055FA83F33F
:1099E000817AA668C3F34605002245EAC31551FAF9
:1099F00085F506F124002270A270EDB201F034FF6B
:109A000010B900200BB0F0BD06F50D7001F02CFF71
:109A10000028F6D030680368DB6998470028F0D04A
:109A2000E378002BEED001A82146FEF72BFF00289B
:109A3000E7D0E378002BE4D0012620E0FFF756F8CA
:109A4000731CF1B25FFA83FC9EB20028D9D0C37AAE
:109A50000F2BD6D1027802F01F038B42D1D1437B6A
:109A6000AB42CED10770A16891F8243043F00103D6
:109A700081F8243053060FD4E3786345C1D3A1881D
:109A8000891B89B2490101A8FFF752F8034600215A
:109A900001A8002BD2D1B4E7A46804F1240001F09E
:109AA000E3FE0028ADD004F50D7001F0DDFE0028C6
:109AB000A7D020680368DB699847A3E770B5044620
:109AC0004FF400720021406A1EF0A0FC656A226912
:109AD000216805F2BF1001F019FFA369226921680E
:109AE0001A4405F2C310013A01F010FF94F82A302D
:109AF00085F8C231E0692369C5F8C631A2690368F7
:109B0000C5F8CA214AF65522A5F8FE211B6A626AE9
:109B10000021BDE8704018472DE9F041D0F814C08D
:109B200090F82B70456AACF58072B2FBF7F202F246
:109B300001114FF48073090A04464360480000F1A4
:109B4000A1069E42A1600ED98033ACEB0302B2FBAA
:109B5000F7F202F20111090A480000F1A106B3422E
:109B6000F2D3C4E901319B1BA2F6F57103F1800623
:109B7000B1F5704F266180F09180213002FB070023
:109B8000B0F5803F34BF0421062181330122A0615A
:109B9000E36084F82A1022852046FFF78FFF10B972
:109BA0000020BDE8F081636A4FF400761846324623
:109BB00000211EF02BFC03464FF02032EB277620CD
:109BC00090211F70C3F80320C3F8072058709970C4
:109BD000A3F80B6094F82B1059730227F821208DFD
:109BE0001F7459752169D961A16919624AF6552115
:109BF000D881A3F8FE114348A168C5F82F20362369
:109C00004FF0800C2927C5F82B20C5F8322085F8A5
:109C100024C085F82670C5F8360085F83A30E0692A
:109C2000394A0368C5F827201B6A626AA5F81160E3
:109C3000E982216998470028B2D06768E368606AC2
:109C400032460021FF1A1EF0E1FB206A002855D0A1
:109C500003682E495B680C229847012F2AD9DFF848
:109C6000B8807E0901250FE0B5FBF6F306FB135320
:109C700001353BB9236A01224146184613B11B68DE
:109C80005B689847AF4215D9E069E1680368626A8A
:109C90001B6A294498470028E6D181E7206A0028FA
:109CA0003FF47EAF03681A495B681322984700208F
:109CB000BDE8F081206A20B1036816495B68022282
:109CC0009847636AF8221A70626AFF235370626AC7
:109CD0009370626AD370E069626A0368E1681B6A24
:109CE000984700283FF45CAFE069E568A168036825
:109CF000626A1B6A2944BDE8F0411847012FAED8BB
:109D0000DFE700BF4641543187D612001CF8060039
:109D10002CF806007C0C07006CD806002DE9F041F9
:109D2000D0F814C00546ACF5804190F82B00B1FB8B
:109D3000F0F101F18103DB0942F209074FF480429F
:109D400007EB43044FF4005E9442C5E901236E6AB9
:109D5000C5F810E040F2FF8002F50052ACEB0201C2
:109D6000B1FBF0F101F18103DB0907EB4304A242EF
:109D70004FEA430EF0D3C5E901234FF6F47399423D
:109D800040F2DD80A2F50053A3EB0E0E8F4B01FBDA
:109D900000221FFA8EFE9A4294BF0B230C230EF56D
:109DA0000051A2F50052A5F828E0E960AA6185F803
:109DB0002A302846FFF782FE10B90020BDE8F08166
:109DC0006B6A4FF400741846224600211EF01EFBF9
:109DD00003464FF02032EB27762090215870C3F8CD
:109DE0000320C3F807201F709970A3F80B4095F863
:109DF0002B105973F82002212F8D1974587528697A
:109E0000D861A86918624AF65520DF81A3F8FE01DF
:109E1000D5F808C0C6F84B20C6F84720C6F84E2033
:109E200080276B4A86F8407029203223C6F85220DA
:109E300086F8420086F85630E869664A0368664F3D
:109E40001B6AF162C6F824C03763C6F843206A6A09
:109E5000296998470028B0D0E869296903686A6AC7
:109E60001B6A063198470028A7D022460021686A5D
:109E70001EF0CCFA594BE869C6F8FC312969036831
:109E80006A6A1B6A02319847002896D0E8692969F6
:109E900003686A6A1B6A0831984700288DD0504BC6
:109EA000504AE86933604FF0FF33C6E97923C6F8BA
:109EB000EC31296903686A6A1B6A013198470028F6
:109EC0003FF47BAFE869296903686A6A1B6A073156
:109ED000984700283FF471AFAB6895F82B70686A1B
:109EE0002246002107EB43071EF090FA286A00285B
:109EF00068D003683C495B680C229847012F2DD934
:109F0000DFF8F0807E0901240FE0B4FBF6F306FBD6
:109F1000134301343BB92B6A01224146184613B161
:109F20001B685B689847A74218D9E869E968036825
:109F30006A6A1B6A214498470028E6D13DE7286AEF
:109F400000283FF43AAF036828495B68132298471A
:109F50000020BDE8F0814FEA430E0EE7286A20B1E9
:109F6000036823495B68022298476B6AF8221A70DB
:109F70006A6AFF2353706A6A93706A6AD3706A6A66
:109F800013716A6A53716A6A93716A6AD3716A6AF1
:109F900013726A6A53726A6A93726A6AD372E86960
:109FA0006A6A0368E9681B6A984700283FF405AFAE
:109FB000E869EC68A96803686A6A1B6A2144BDE81D
:109FC000F0411847012F9BD8CFE700BF0004FB00EA
:109FD0004641543387D6120001000600000055AAFE
:109FE00052526141727241611CF806002CF8060061
:109FF0007C0C07006CD8060038B504460868E1619F
:10A00000C4E9083283690846984700F2FF73DB0A07
:10A01000062B606123601DD9102B13D8022384F80E
:10A020002B30B0F5800F204627D2FFF775FD05468F
:10A03000206ACDB120B103681E495B680D229847A4
:10A04000284638BD202B1CD9402B1ED8082384F865
:10A050002B30E6E7206A20B1036817495B681422B9
:10A0600098470025284638BD0028FAD003681349D0
:10A070005B680F229847284638BDFFF74FFE05461C
:10A08000D6E7042384F82B30CBE7802B06D9B3F531
:10A09000806F07D8202384F82B30C2E7102384F880
:10A0A0002B30BEE7B3F5004F94BF4023802384F8E4
:10A0B0002B30B6E758F8060040F8060068F80600AE
:10A0C000042A04D801EB4201B1F8010070470A2AC2
:10A0D00003D801EB4201888870470C2A9ABF01EB34
:10A0E0004201C888002070472DE9F04104780F46EE
:10A0F00084B114F0C004904608D0012A0AD92F2256
:10A1000000230A704B700120BDE8F0812146FEF764
:10A1100059F918B900203870BDE8F081034625468A
:10A120004FF0080C0EE0027B1CEA020F01D0203633
:10A13000F6B2611C41452246ECD201350C2DBE54CD
:10A14000CCB20CD0082D0FD013F8016BA6F1410250
:10A15000192AE8D9202EECD101350C2DF2D100239B
:10A160003B552046BDE8F0811A78202AF7D04FF001
:10A17000100C2E26DDE700BF2DE9F04F8DB00378DF
:10A1800000258846ADF80C508DF80E50002B5BD0A2
:10A19000C3780446002B5DD003A821461746FEF77E
:10A1A00071FB002850D0E078002849D0013FDFF84B
:10A1B000E4A047442A46C3464FF00109A188019212
:10A1C000A1EB090189B2490103A8FEF7B1FC0028FF
:10A1D0003AD0002103A8FEF789FCA8B3C37A0F2B5D
:10A1E00032D101785FFA89F301F01F0199422BD136
:10A1F000019A461C0025042DEBB23ED8338872BB71
:10A2000003F5205292B2B2F5006F3DD3ABB11846C0
:10A2100059463A4601F0DAFB8346A8B100220135DF
:10A220000D2D06F10206E6D109F10109E1785FFA88
:10A2300089F399421FFA89F9C0D2ABEB0800D846DE
:10A24000002388F8003002E0002088F800000DB0FC
:10A25000BDE8F08FFFF748FF0DB0BDE8F08F03F5C4
:10A26000105189B2B1F5806FEED20AEA8220C3F3B1
:10A270000903034303F58030CAE70A2B94BFB6F8FD
:10A280000330B6F80530BAE7B2F5806FDCD21A4673
:10A29000C5E700BF00FC0F002DE9F843C379202B70
:10A2A00006460C46174659D0102B3ED00C2B52D1E7
:10A2B000C1F34E0515FA81F5037A8169C5F3462885
:10A2C000022B884400F50D7914BF01220322414678
:10A2D0004846ADB201F088FA00283CD014F00104E1
:10A2E000C5F3080550D0435D6A1C03F00F0343EA31
:10A2F0000713B2F5007F43554ED1337A022B14BFBA
:10A300000122032208F10101484601F06DFA10B361
:10A310003A09002C44D10378C2F3031223F00F034F
:10A32000134303700120BDE8F883027A8369022A8F
:10A33000C1F30721194414BF0122032200F50D7057
:10A3400001F052FA034630B1640004F4FF740120B6
:10A350001F53BDE8F8830020BDE8F883037A8169C4
:10A36000022B14BF0122032201EBD41100F50D7062
:10A3700001F03AFA03460028EDD0A40004F4FE747C
:10A3800001201F51BDE8F8836B1CB3F5007F4755D2
:10A39000B3D03A091844BEE7C7F307131044C0E727
:10A3A000D3B2BEE72DE9F84FC468C3698C420546B5
:10A3B0000E4617462EBF4FF001080C464FF000081E
:10A3C00000F50D7901349C420DD9B8F1000F03D18D
:10A3D000EC680134A34204D24FF000084046BDE8C7
:10A3E000F88F4FF00108A642F6D0012CF4D9EB7992
:10A3F000202B2AD0102B5BD00C2BEDD1C4F34E0AAE
:10A40000A9692A7A1AFA84FACAF3462B022A8B44DB
:10A4100018BF0022594648461FFA8AFA01F0E4F9AB
:10A420000028D9D0CAF3080A0AF10103B3F5007F66
:10A4300010F80AA04ED018440278E3074AEA022234
:10A440004CBF1211C2F30B020FE02A7AA969022A4B
:10A4500018BF002201EBD411484601F0C5F90028CD
:10A46000BAD0A30003F4FE73C258EB699A42A9D88C
:10A47000002AA7D1B8F1000F00D0EC609C42ABD805
:10A480006FF0704221462846FFF706FF80460028FD
:10A49000A2D05EB1012E9FD9EB699E429CD8314675
:10A4A00028462246FFF7F8FE002895D03C6095E745
:10A4B0002A7AAB69022AC4F3072118BF0022194483
:10A4C000484601F091F9002886D0630003F4FF7339
:10A4D000C25ACAE72A7A022A18BF00220BF10101E8
:10A4E000484601F081F90028A6D175E7012949D92C
:10A4F0002DE9F843C3698B420C4605463ED3C37928
:10A50000202B164641D0102B51D00C2B36D1C1F345
:10A510004E03027A13FA81F38169C3F34629022AB2
:10A52000894400F50D7818BF0022494640469FB285
:10A5300001F05AF910B3C7F308035A1CB2F5007FB3
:10A54000C75C10D010440378E20747EA03234CBFEE
:10A550001B11C3F30B03EA699A4226BF3360012043
:10A560000020BDE8F8832A7A022A18BF002209F1E8
:10A570000101404601F038F90028E4D14FF0FF30E6
:10A58000BDE8F8834FF0FF307047027A8169022AF4
:10A5900018BF002201EBD41100F50D7001F024F971
:10A5A0000028EBD0A40004F4FE740359D3E7027A28
:10A5B0008369022AC1F3072118BF0022194400F55C
:10A5C0000D7001F011F90028D8D0640004F4FF7474
:10A5D000035BC0E72DE9F84305460C4600F50D770F
:10A5E000012C39D9EB699C4236D8EB79202B36D037
:10A5F000102B60D00C2B2FD1C4F34E03A9692A7AFB
:10A6000013FA84F3C3F34629022A894418BF0022AF
:10A61000494638461FFA83F801F0E6F8E0B1C8F37E
:10A6200008035A1CB2F5007F10F8038009D01044CB
:10A630000378E20748EA03234CBF1B11C3F30B0363
:10A640001DE02A7A022A18BF002209F101013846CA
:10A6500001F0CAF80028EBD10020BDE8F8832A7A7F
:10A66000A969022A18BF002201EBD411384601F073
:10A67000BBF80028F0D0A30003F4FE73C358EA69C6
:10A680009A422ABF1E464FF000084FF0010894423C
:10A69000E2D8002221462846FFF7FEFD0028DBD045
:10A6A000EB68A34284BF04F1FF34EC60B8F1000F03
:10A6B000D3D0344694E72A7AAB69022AC4F307213F
:10A6C00018BF00221944384601F08EF80028C3D084
:10A6D000630003F4FF73C35AD1E700BFF8B5044623
:10A6E000012600204FF0FF35E6602160A162C4F82A
:10A6F0003812E07184F8240084F8340204F124064E
:10A700002563C4F84052DAB1042A154601D9002065
:10A71000F8BD02460146304601F066F80028F6D042
:10A7200005F18055013D00F5DF7000EB05132D01AB
:10A730001A79002AEBD0425D5206E8D19F6800E00A
:10A740001F4630460022394601F04EF80028DED080
:10A75000017C4B1E012BDAD8B0F80B30B3F5007F2B
:10A76000D5D12172427B2271551E0023012A6571C9
:10A77000A37148D0022A48D0042A48D0082A48D0D9
:10A78000102A48D0202A48D0402A48D0802A03D016
:10A79000082312B1A371BAE70723A3711D46C68A25
:10A7A00026610EB9466A2661B0F81120B0F80EC0D5
:10A7B0006281BC44530106FB01C1B0F81320C4F808
:10A7C00018C003F2FF1301EB53232162636102B946
:10A7D000026AFB1A1344EB4040F6F472591C934290
:10A7E000E16106D80C23E371E662C4F83C62012003
:10A7F000F8BD4FF6F472934285BFC36A23621023FB
:10A800002023E371F0E71D46C9E70123C5E70223D2
:10A81000C3E70323C1E70423BFE70523BDE70623FE
:10A82000BBE700BF03681B69184700BF10B404688A
:10A830006469A4465DF8044B604700BF03681B6A67
:10A84000184700BF10B40468646AA4465DF8044B5E
:10A85000604700BF704700BF10B5044615F0EAF925
:10A86000204610BD10B50446ADF5007D4FF40072D2
:10A8700068461DF0A3FD20684FF400726946EEF7AC
:10A8800063FC0DF5007D10BD037C4BB1C37C10B59E
:10A89000044633B96068EEF7C9FB0023237410BD8A
:10A8A0007047407C012100F09DFFFF216068EEF7BA
:10A8B0007FFC6068EEF724FC0023E3746068EEF729
:10A8C000B5FB0023237410BD70B504460E4612F08C
:10A8D0005FFE00F5967085B204E012F059FE281A6A
:10A8E00003041BD46068FF21EEF762FCFF2860754B
:10A8F000F3D0FE2815D01923A374E07C00B970BDF5
:10A90000607C012100F06EFFFF216068EEF750FCD3
:10A910006068EEF7F5FB0020E07470BD1E23A374A1
:10A92000EBE74FF40072FF2130461DF06FFD4FF44E
:10A93000007260683146EEF707FC002363756068BB
:10A94000FF21EEF735FC6068FF21EEF731FC0120B6
:10A9500070BD00BFF8B5037D012B34D0C67C044622
:10A960004EB14068FF21EEF723FCB0F1FF0518BFA0
:10A9700001252846F8BDD0E9021201274068EEF70C
:10A980005DFB607CE774314600F02CFFFF216068BE
:10A99000EEF70EFC6068FF21EEF70AFCE37CB0F1F5
:10A9A000FF0518BF0125002BE3D0607C394600F07D
:10A9B00019FFFF216068EEF7FBFB6068EEF7A0FB74
:10A9C000E6742846F8BD00252846F8BDF8B50446CB
:10A9D0000E46174612F0DCFD00F5967085B204E0D5
:10A9E00012F0D6FD281A03041BD46068FF21EEF78D
:10A9F000DFFBFF286075F3D0FE2815D01923A37460
:10AA0000E07C00B9F8BD607C012100F0EBFEFF2185
:10AA10006068EEF7CDFB6068EEF772FB0020E07433
:10AA2000F8BD1E23A374EBE73A46FF2130461DF024
:10AA3000EDFC3A4660683146EEF786FB002363750D
:10AA40006068FF21EEF7B4FB6068FF21EEF7B0FB12
:10AA50000120F8BDF8B5002707753A460C210446D9
:10AA600000F028F8E67C90B916B901263046F8BD0A
:10AA700005460121607C00F0B5FEFF216068EEF71D
:10AA800097FB6068EEF73CFBE5743046F8BD0923A0
:10AA9000A374002EEAD0607C012100F0A3FEFF2108
:10AAA0006068EEF785FB3E466068EEF729FBE774C9
:10AAB0003046F8BDF0B50368524DDB6983B0AB4258
:10AAC000044601920E4674D1037D022B41D0012B26
:10AAD00074D0E37C002B55D00EB10C2E27D16068CA
:10AAE00046F04001EEF764FB01AF02AD15F8011D21
:10AAF0006068EEF75DFBBD42F8D1002E0CBF9521DA
:10AB000087216068EEF754FB6068FF21EEF750FB89
:10AB10000A256068FF21EEF74BFB013D10F0800F26
:10AB20006075ADB201D0002DF3D103B0F0BD12F0CD
:10AB30002FFD00F5967085B204E012F029FD281A69
:10AB4000030433D46068FF21EEF732FBFF28F4D111
:10AB5000C5E712F01DFD00F5167087B204E012F093
:10AB600017FD381A02041DD46068FF21EEF720FBA0
:10AB7000FF280546F3D16068FD21EEF719FBE37C61
:10AB800083BB2375D4E902126068EEF757FA0123FC
:10AB9000607CE374002100F025FE6068FF21EEF781
:10ABA00007FB99E7E37C1F22A27463B9FF2003B07F
:10ABB000F0BD984700288CD1FF20F8E7FFF74AFF47
:10ABC0000028F9D085E7607C012100F00BFEFF2111
:10ABD0006068EEF7EDFA6068EEF792FA0023E3742E
:10ABE000FF20A2E7607C012100F0FCFD294660689F
:10ABF000EEF7DEFA6068EEF783FA0023E37423755C
:10AC0000C0E700BFE1B40400F0B585B004AC04E9CE
:10AC10000E00054600249DF8040068742C746C82B4
:10AC2000AC7500F0DBFD687C012100F0DBFD0398D2
:10AC3000684A694B2C73A04208BF10460126AB60DE
:10AC40006E736860EEF7AEF9EF7C2E742C7577B3F7
:10AC5000687C012100F0C6FD0A246868FF21EEF738
:10AC6000A7FA631E13F0FF04F7D1687C214600F0B9
:10AC7000B9FD0A26002211462846FFF71BFF0128CE
:10AC8000044623D0731E13F0FF0609D0FF24686822
:10AC9000FF21EEF78DFA631E13F0FF04F7D1E9E709
:10ACA0000123AB74E87C00283FD105B0F0BDD5E9A5
:10ACB00002126868EEF7C2F9687CEE74394600F05B
:10ACC00091FD6868FF21EEF773FAC1E74FF4D57282
:10ACD00008212846FFF7EEFE420735D5AC75002661
:10ACE00012F056FC00F5FA6084B204E012F050FC59
:10ACF000201A030439D4002237212846FFF7DAFE50
:10AD0000324629212846FFF7D5FE0028EED1AB7D3B
:10AD1000022B34D0EB7C002B3AD1029BAB6001209C
:10AD200000232B73687305B0F0BD687C012100F02F
:10AD300059FDFF216868EEF73BFA6868EEF7E0F925
:10AD40000020E87405B0F0BD0223AB7504246868E8
:10AD5000FF21EEF72DFA013C14F0FF046875F6D1DF
:10AD6000AA2805D00623AB749CE71723AB7499E798
:10AD7000AB7D022B0CBF4FF080460026B0E70246A9
:10AD80003A212846FFF796FE80B11223AB7489E77B
:10AD9000687C012100F026FDFF216868EEF708FAC3
:10ADA0006868EEF7ADF90023EB74B6E76868FF2139
:10ADB000EEF7FEF900F0C000C02804BF0323AB7516
:10ADC00003246868FF21013CEEF7F2F914F0FF0458
:10ADD000F7D19FE76C2C0120801A0600F8B5837D1F
:10ADE000032B18BF490216460A4618210446FFF7EE
:10ADF00061FE0546A8B10D23A374E37C13B90026B8
:10AE00003046F8BD607C012100F0ECFCFF21606859
:10AE1000EEF7CEF900266068EEF772F9E674304678
:10AE2000F8BD2746FE2157F8040FEEF7C1F9314669
:10AE30003846FFF717FDFF216068EEF7B9F9FF21EB
:10AE40006068EEF7B5F96068FF21EEF7B1F900F040
:10AE50001F03052B607521D112F09AFB00F51670C7
:10AE600086B204E012F094FB301A03042BD460681D
:10AE7000FF21EEF79DF9FF280546F3D100220D21B1
:10AE80002046FFF717FED8B960682946EEF790F91B
:10AE90000746A8B9E67CCEB90126B1E7E37C2122BA
:10AEA000A274002BABD0607C012100F09BFCFF2141
:10AEB0006068EEF77DF96068EEF722F9E5749EE7C9
:10AEC0000A23A37499E72423A37496E7607C0121E5
:10AED00000F088FC29466068EEF76AF96068EEF7D2
:10AEE0000FF9E7748CE700BF2DE9F0470446007DB9
:10AEF00002280E469046994602D1A3698B420ED095
:10AF0000A37D032B14BF7202324619212046FFF79E
:10AF1000D1FD002840F088800223A6612375B9F195
:10AF2000000F3CD0002704F1040A12F031FB00F5B9
:10AF3000167085B204E012F02BFB281A020450D4DC
:10AF40006068FF21EEF734F9FF280646F3D1FC21B3
:10AF50006068EEF72DF941465046FFF783FC314615
:10AF60006068EEF725F931466068EEF721F9606810
:10AF70003146EEF71DF900F01F03052B607508D070
:10AF8000E37C2122A274002B40D100252846BDE895
:10AF9000F0870137B94508F50078C6D1A669257F45
:10AFA0004E44A661002DF1D112F0F2FA00F51670B0
:10AFB00087B204E012F0ECFA381A03043AD460685D
:10AFC000FF21EEF7F5F8FF280646F3D16068FD2172
:10AFD000EEF7EEF8E37C002B3FD10023237501252B
:10AFE000D4E7E37C2522A274002BCED0607C012123
:10AFF00000F0F8FBFF216068EEF7DAF800256068E2
:10B00000EEF77EF8E5742846BDE8F087607C012104
:10B0100000F0E8FB31466068EEF7CAF86068EEF7CA
:10B020006FF80023E374B0E7E37C0E22A274002BD8
:10B03000ABD0DBE7E37C1F22A274002BA5D0607CA1
:10B04000012100F0CFFBFF216068EEF7B1F86068E6
:10B05000EEF756F80023E37498E7607C012100F0D6
:10B06000C1FB31466068EEF7A3F86068EEF748F878
:10B070000023E374B1E700BF2DE9F041077F002F03
:10B0800000F08E800668654B766A9E42044640F06A
:10B090009F80037D022B0D46904602D18369994221
:10B0A0000ED0A37D032B14BF6A022A461921204625
:10B0B000FFF700FD002840F085800223A56123757D
:10B0C00012F066FA00F5167086B204E012F060FA2B
:10B0D000301A02042AD46068FF21EEF769F8FF28CD
:10B0E0000546F3D12646FC2156F8040FEEF760F82A
:10B0F00041463046FFF7B6FB29466068EEF758F840
:10B1000029466068EEF754F860682946EEF750F873
:10B1100000F01F03052B60751DD0E37C2122A27473
:10B12000002B41D100252846BDE8F081E37C252293
:10B13000A274002BF6D0607C012100F053FBFF21AC
:10B140006068EEF735F800256068EDF7D9FFE57423
:10B150002846BDE8F081A369257F0133A361002D56
:10B16000E1D112F015FA00F516701FFA80F805E02B
:10B1700012F00EFAA8EB000003042ED46068FF2141
:10B18000EEF716F8FF280646F2D16068FD21EEF7CB
:10B190000FF8E37C002B33D100233D462375C2E733
:10B1A000BDE8F041FFF71ABE607C012100F01AFBF8
:10B1B00029466068EDF7FCFF6068EDF7A1FF00230A
:10B1C000E374AFE7E37C0E22A274002BAAD0B2E7AF
:10B1D000B4460123BDE8F0416047E37C1F22A2741E
:10B1E000002B9FD0607C012100F0FCFAFF216068F9
:10B1F000EDF7DEFF6068EDF783FF0023E37492E76D
:10B20000607C012100F0EEFA31466068EDF7D0FF76
:10B210006068EDF775FF0023E374BDE7E9AE040055
:10B2200030B5002285B009210446FFF743FCA8B1E0
:10B230001C23A374E37C13B9002005B030BD607CEF
:10B24000012100F0CFFAFF216068EDF7B1FF6068DF
:10B25000EDF756FF0020E07405B030BD0546102222
:10B2600069462046FFF7B2FB0028E3D0E37C9BBB96
:10B270009DF800309B110FD0012BDDD19DF80730D8
:10B28000BDF808001B0440BA03F47C1380B21843D5
:10B290000130800205B030BD9DF806009DF80930F0
:10B2A0009DF808509DF80A409DF805209DF807106C
:10B2B00080025B0000F4406003F0060340EA951052
:10B2C00043EAD41302F00F0240EA81001344073B23
:10B2D0000130984005B030BD607C012100F082FA59
:10B2E000FF216068EDF764FF6068EDF709FFE57422
:10B2F000BEE700BF03683F4ADB6993420BD12DE9EB
:10B30000F041057D022D044606D0012D21D00126F5
:10B310003046BDE8F081184712F03AF900F5167092
:10B3200086B204E012F034F9301A03042BD46068BA
:10B33000FF21EDF73DFFFF280546F3D16068FD21B1
:10B34000EDF736FFE37C002B45D100232375012662
:10B35000DEE74FF0000880F8148042460C21FFF72A
:10B36000A9FB0746A8B9E67C002ED0D0607C294610
:10B3700000F038FAFF216068EDF71AFF6068EDF71A
:10B38000BFFEE774C4E7E37C1F22A274ABB90026BA
:10B39000BEE7E37C0922A274002BF8D0607C29462A
:10B3A00000F020FAFF216068EDF702FF6068EDF71A
:10B3B000A7FE464684F81380AAE7607C012100F0CE
:10B3C00011FAFF216068EDF7F3FE00266068EDF7E3
:10B3D00097FEE6749CE7607C012100F003FA2946A1
:10B3E0006068EDF7E5FE6068EDF78AFE0023E37420
:10B3F000ABE700BFE1B404002DE9F0410568374B2D
:10B400006E699E4239D1037D012B04460D461746D5
:10B4100002D1836999420CD0A37D032B14BF6A0229
:10B420002A4612212046FFF745FB80B90123A5617A
:10B43000237539462046FFF747FA054658B1A369F8
:10B44000267F0133A361EEB12846BDE8F081E37C9D
:10B450000C22A2741BB900252846BDE8F081607C4F
:10B46000012100F0BFF9FF216068EDF7A1FE002582
:10B470006068EDF745FEE574E6E7B4460123BDE8F4
:10B48000F0416047267532460C212046FFF712FB3B
:10B49000074680B9E67C002ED6D0607C012100F002
:10B4A000A1F9FF216068EDF783FE6068EDF728FEE3
:10B4B0003546E774C8E7E37C0922A274002BCAD0A2
:10B4C000607C012100F08EF9FF216068EDF770FECD
:10B4D0006068EDF715FE3546E674B5E7D9B50400AA
:10B4E0002DE9F041057D022D044605D0012D20D027
:10B4F00001263046BDE8F08112F04AF800F51670DA
:10B5000086B204E012F044F8301A03042BD46068C9
:10B51000FF21EDF74DFEFF280546F3D16068FD21C0
:10B52000EDF746FEE37C002B47D10023237501266F
:10B53000DFE74FF0000880F8148042460C21FFF747
:10B54000B9FA0746B8B9E67C002ED1D0607C29460E
:10B5500000F048F9FF216068EDF72AFE6068EDF71A
:10B56000CFFDE774C5E7E37C1F22A274BBB90026B8
:10B570003046BDE8F081E37C0922A274002BF6D0AE
:10B58000607C294600F02EF9FF216068EDF710FE7F
:10B590006068EDF7B5FD464684F81380A9E7607C46
:10B5A000012100F01FF9FF216068EDF701FE002680
:10B5B0006068EDF7A5FDE6749BE7607C012100F073
:10B5C00011F929466068EDF7F3FD6068EDF798FD25
:10B5D0000023E374A9E700BFF8B50646007D012803
:10B5E0000D4614461F4602D1B3698B420CD0B37D81
:10B5F000032B14BF6A022A4612213046FFF75AFA7B
:10B60000D8B90123B561337587B1002501E0AF4298
:10B610000BD021463046FFF757F9013504F5007489
:10B620000028F4D100242046F8BDB569347F3D449C
:10B63000B561ACB101242046F8BDF37C0C22B27494
:10B64000002BEFD0707C012100F0CCF8FF21706856
:10B65000EDF7AEFD00247068EDF752FDF474E2E7FB
:10B66000347522460C213046FFF724FA054678B996
:10B67000F47C002CDED0707C012100F0B3F8FF21B7
:10B680007068EDF795FD7068EDF73AFDF574CAE75F
:10B69000F37C0922B274002BC4D0707C012100F02D
:10B6A000A1F8FF217068EDF783FD7068EDF728FDC4
:10B6B000F474B8E710B584B001AC84E80E0094E8E7
:10B6C0000E000446FFF7A0FA20B19DF8053003F004
:10B6D0000103237704B010BD03683F4ADB6993423E
:10B6E0002DE9F04104460E4608D1077D022F0BD00C
:10B6F000012F25D026770120BDE8F081984700284A
:10B70000F8D10020BDE8F08111F042FF00F516707D
:10B7100087B204E011F03CFF381A030429D46068B2
:10B72000FF21EDF745FDFF280546F3D16068FD21B7
:10B73000EDF73EFDE37C002B40D100232375D9E7D4
:10B74000002505752A460C21FFF7B4F9E37C8046F5
:10B7500010BB002BCED0607C394600F043F8FF21AF
:10B760006068EDF725FD6068EDF7CAFC84F813808A
:10B77000C0E7E37C1F22A274002BC2D0607C0121B1
:10B7800000F030F8FF216068EDF712FD6068EDF71A
:10B79000B7FC0020E074AFE70922A274002BB0D000
:10B7A000607C394600F01EF8FF216068EDF700FD6F
:10B7B0006068EDF7A5FCE57428469DE7607C0121F3
:10B7C00000F010F829466068EDF7F2FC6068EDF7CC
:10B7D00097FC0023E374B0E7E1B40400012115F005
:10B7E000B5B900BF15F036BAF8B504464068002870
:10B7F00032D00F46E168B942154630D02278D607DC
:10B8000012D404F110066B0706D460680368324650
:10B810001B6939469847F8B1E760002205F0030537
:10B82000154325703046F8BD026804F11006136A0E
:10B830003246984780B123789A0709D56068E16855
:10B840000268136AA26811443246984720B12378EF
:10B8500023F001032370D6E700263046F8BD2646C4
:10B8600016F8102BDAE700BF70B50378DC0782B05A
:10B870001DD504464068E168036804F11002019296
:10B880001B6A9847019A0546A8B12378990708D5FD
:10B890006068E1680668A368366A1944B04750B129
:10B8A000237823F001032846237002B070BD0125E0
:10B8B000284602B070BD0025284602B070BD00BF0A
:10B8C00010B50446808982B018B10023A38102B06C
:10B8D00010BDD4E901318B42F9D2184601AA00F01B
:10B8E000C9F880B1019B6060B3F5803F01D298B286
:10B8F000EDE7980AC3F30902A2F51053A0F5215011
:10B90000A38180B2E3E74FF6FF70E0E7B1F5807FF7
:10B91000F0B51CD810293FD840232026B2FBF3F104
:10B92000B1F5806F31D2B2FBF6F48D0806FB14241A
:10B93000013425F03F052C4303FB1123E2B2C9B2C9
:10B94000B3FBF6F3DBB2037042708170F0BD43F6D7
:10B95000C16C4FF4FC734FF47C744FF4FC654FF4EE
:10B960007C674FF4FC5E3F268029D7D9B1F5FC7F78
:10B9700017D9B1F57C7F16D9B1F5FC6F15D9B1F5A2
:10B980007C6F94BF73466346C8E7FF210A46FE23D7
:10B99000037042708170F0BD202908D880232026D2
:10B9A000BCE72346BAE72B46B8E73B46B6E74FF479
:10B9B000FF5C4FF480734FF400744FF480654FF4D4
:10B9C00000674FF4805E2026CEE700BF7F28A2EB01
:10B9D000010205D812B10A4602F8010B1046704761
:10B9E000B0F5006F10B410D2012A40D900F03F0327
:10B9F00084090A4664F03F0063F07F0302F8020BFB
:10BA00004B7010465DF8044B7047B0F5803F14D280
:10BA1000022A2CD9020BC0F3851362F01F0200F03A
:10BA20003F0060F07F0063F07F030A70CA1C8870DB
:10BA30005DF8044B4B7010467047032A17D9C0F3CA
:10BA40000532840CC0F3851362F07F0200F03F00E2
:10BA500064F00F0460F07F0063F07F034A700A1DFA
:10BA60000C70C8705DF8044B8B7010467047002254
:10BA7000C7E700BF884270B43FD290F90040037816
:10BA8000002C3EDA03F0E004C02C3FD003F0F004B9
:10BA9000E02C3FD003F0F804F02C2ED103F0070384
:10BAA000042544198C4228D8417801F0C006802E24
:10BAB00023D101F03F01022D41EA83132ED081787A
:10BAC00001F0C006802E18D101F03F01032D41EA9C
:10BAD000831308D0C17801F0C00080280DD101F097
:10BAE0003F0141EA83131149A3F18000884204D841
:10BAF000A3F55841B1F5006F15D20024204670BC63
:10BB000070471360441C204670BC704703F01F034D
:10BB10000225C6E703F00F030325C2E70349A3F19B
:10BB200080008842E9D81360EDE700BF7FFF100076
:10BB30007E283DD930B40023254D352405E035F865
:10BB4000221081428CBF14461346E11A012903EBEF
:10BB50005102F4D89BB235F82320904218D21D4DE3
:10BB60004B24002305E035F8221081428CBF144697
:10BB70001346E11A012903EB5102F4D89BB235F8C0
:10BB80002320824204BF05EB8303588830BC7047F2
:10BB900005EB8303821AD9788A42E0DA93F90230FE
:10BBA000012B0DD08BB19BB2184480B230BC7047D2
:10BBB000A0F16103192B02D8203880B2704770477A
:10BBC00002F00102801A80B2E0E74EF2A033EBE708
:10BBD000E8F90600BCF806000146014800F05ABA30
:10BBE0004431012038B500F097F940B100240546F2
:10BBF0002046013400F044FEE0B28542F9D838BD59
:10BC000070B592B01D460C46164601A8422200218E
:10BC10001CF0FCFB412D5CD9631C0222DBB28DF8C9
:10BC200006408DF80E408DF8264040F6083540F26B
:10BC300002248DF81E308DF827308DF83130ADF8A4
:10BC400004508DF807208DF812208DF833208DF8E0
:10BC50003B20ADF80840204A069240F2012505231A
:10BC60002424ADF810508DF815308DF816400423BB
:10BC70001A4C8DF81F30012540F224628DF81C50BB
:10BC80008DF830300894ADF82420154D0A9508231E
:10BC90004FF411640A228DF82C30ADF82E40402369
:10BCA0008DF834200F4C8DF83C3001A9304640F21D
:10BCB000075540F209464222ADF80C60ADF8385005
:10BCC0008DF84330CDF83F401CF078FB422012B095
:10BCD00070BD002012B070BD2001052424020205B1
:10BCE0000705800307058002007EFF280AD010B5F3
:10BCF00000F074FD044608B1204610BD14F054FC59
:10BD0000204610BD00207047007EFF280ED000B5F1
:10BD100083B00DF1070100F0A9FD20B19DF80700E7
:10BD200003B05DF804FB4FF0FF30F9E74FF0FF3050
:10BD3000704700BF007EFF280FD000B583B00122FE
:10BD40000DF1070100F056FD20B19DF8070003B08A
:10BD50005DF804FB4FF0FF30F9E74FF0FF3070471C
:10BD6000007EFF2801D000F08BBD7047007EFF28C9
:10BD700001D000F0E5BD0020704700BFF8B50646D1
:10BD8000007EFF281CD017465AB10D46144600F01D
:10BD9000FFFC2946224680B1307E00F0B5FD241A12
:10BDA00001D13846F8BD054414F0FEFB307E00F0AA
:10BDB000EFFC294622460028EED13F1B3846F1E72A
:10BDC0000020F8BD70B50368184A5B6882B09342E2
:10BDD0008DF8071021D10546007EFF2823D000F002
:10BDE000D7FC0DF1070601243146224688B1287E92
:10BDF00000F08AFD241A02D1012002B070BD064471
:10BE000014F0D2FB287E00F0C3FC31462246002805
:10BE1000EDD1C4F1010002B070BD01220DF10701A6
:10BE2000984702B070BD002002B070BD7DBD040017
:10BE300070B592B01D460C46164601A8422200215C
:10BE40001CF0E4FA412D5CD9631C0222DBB28DF8B0
:10BE500006408DF80E408DF8264040F6083540F239
:10BE600002248DF81E308DF827308DF83130ADF872
:10BE700004508DF807208DF812208DF833208DF8AE
:10BE80003B20ADF80840204A069240F201250523E8
:10BE90002424ADF810508DF815308DF81640042389
:10BEA0001A4C8DF81F30012540F224628DF81C5089
:10BEB0008DF830300894ADF82420154D0A950823EC
:10BEC0004FF411640A228DF82C30ADF82E40402337
:10BED0008DF834200F4C8DF83C3001A9304640F2EB
:10BEE000075540F209464222ADF80C60ADF83850D3
:10BEF0008DF84330CDF83F401CF060FA422012B07C
:10BF000070BD002012B070BD20010524240202057E
:10BF10000705800307058002014B1878704700BFB2
:10BF200040310120037EFF2B02D1074B1A7802B16A
:10BF30007047064902764161012200F11001044870
:10BF40001A7000F047B800BF40310120BCFA06006B
:10BF500044310120007EFF280ED000B583B000F0F0
:10BF600017FC10B103B05DF804FB019014F01CFB4A
:10BF7000019803B05DF804FB0020704701B900B1DF
:10BF8000704700B583B0694600F018FC009BB3F51C
:10BF9000966F02D003B05DF804FB00F0A5FBF9E753
:10BFA00030B4084B084AFF2002F108054FF47A74B8
:10BFB0000021303218761D609C601A6130BC5960D7
:10BFC0005961704724310120CCFA060002F0E0B933
:10BFD00002F0EAB9F8B50546B0F818016C69B5F891
:10BFE0001A310A680E4604441B1A176895F81C118A
:10BFF0009BB222463046B84750B3221894423CD2F6
:10C00000766806E0052B25D023780BB31C44A242AA
:10C0100033D96378042BF5D1E378002BF4D195F86C
:10C020001C11013185F81C11002EEDD095F840113E
:10C030000729E9D801F1480745F82760217295F8EA
:10C040004011013185F840111E462378002BDDD1C7
:10C050000020F8BD94F90230002B08DB95F81E3162
:10C06000591C85F81E11A1780B43A370CCE795F8F5
:10C070001D31591C85F81D11F5E7B5F818216B69BC
:10C08000104480B2A5F81801588095F81C211A7147
:10C090000120F8BD2DE9F043284DDFF8B090AC4603
:10C0A00004468846BCE80F0089B003AF0FC703AE53
:10C0B0000FCE05F1140E25460FC59EE80700DCF8EB
:10C0C00000303B806B4636682E8003C36B4603CB43
:10C0D0001B4EA06104F118034FF4807C0125E1613F
:10C0E00084F82020636140F2EF2200231548C4F851
:10C0F000189140F209470421A4F81CC1C4F8280192
:10C1000084F84011A280C4F82C31C4F83031C4F84E
:10C110003431C4F83831C4F83C314FF4E131C4E96A
:10C120004876094884F81E51A571FFF7FBFE40468A
:10C1300000F0C8FA284609B0BDE8F0832CFB0600E1
:10C1400000FB060008FB0600243101200900000165
:10C150002DE9F04F04468BB0002900F091800329AF
:10C1600000F09C8090F840318B4240F2CB80483107
:10C1700000F5A27550F821603278002A00F0E780BF
:10C1800000231946374603E00131725C7718CAB1C3
:10C1900002F14000C0B20128F6D9F42AF4D8100602
:10C1A00018D40120A2F55847B7F5006FECD301442D
:10C1B000202B00F0C98025F81320725C013377181A
:10C1C000002AE5D1DBB201335B0043F4407304F590
:10C1D000A17C5DE002F0E000C02800F0A18002F048
:10C1E000F000E02800F0918002F0F800F028CBD1B8
:10C1F00002F007024FF0040E787800F0C00CBCF19A
:10C20000800FC1D197F802C00CF0C00800F03F00C9
:10C21000B8F1800F40EA8212B6D10CF03F0CBEF1AB
:10C22000030F4CEA821275D0F87800F0C007802F17
:10C23000AAD100F03F0040EA8212A2F58030B0F5AA
:10C24000801F38BF4FF0040E9ED2A2F55840B0F5C3
:10C25000006F99D3B2F5803F7144A9D31E2BB1DC96
:10C26000A2F580325800970A2844C2F30902A7F5C4
:10C270002057A2F5105225F813704280023384E74C
:10C28000D0F82031A0F8443100F5A17C4FF441737F
:10C29000A4F8423160460BB0BDE8F08F02A800F070
:10C2A00025FA04F5A17C019020B300F1FF3B5FFA71
:10C2B0008BF3284F04F1040B0DF1080A0BEB830BF1
:10C2C000A64606AE97E80F001AF8018B86E80F0025
:10C2D00008F00F090AADA94405EB181819F8109CCD
:10C2E00018F8103CAEF84691AEF844310EF1040E49
:10C2F000DE45E7D1019B5B00DBB201335B0043F419
:10C300004073C5E74FF0000CC4E702F00F024FF096
:10C31000030E71E7A2F50060B0F5784F95D333E7CF
:10C32000787800F0C007802F02F01F027FF42CAF56
:10C3300000F03F0040EA8212A2F18000B0F5F06FF9
:10C34000BFF422AF02202DE740F242333FE740F234
:10C3500002333CE718FB06000048704744310120D7
:10C36000014B5869704700BF443101200A4601461D
:10C370000148FFF7EDBE00BF44310120024B1868B1
:10C3800000B10069704700BFC832012030B40848CE
:10C39000BDF80850046844B1646934B10846A44645
:10C3A00011461A462B4630BC6047002030BC70470F
:10C3B000C832012030B40848BDF80850046844B1C0
:10C3C000A46934B10846A44611461A462B4630BC2F
:10C3D000604730BC704700BFC832012070B487B0DE
:10C3E0000020162B029000900390CDF8130022D964
:10C3F00040F209431546114E8DF802100720052121
:10C4000044F20202ADF80030402301968DF814305A
:10C410006C468DF809008DF80A10ADF80C200FCC91
:10C42000A6882860A479064828616960AA60EB6044
:10C43000AE82AC75172007B070BC7047020806507A
:10C440000705800210B5074B036000210123044655
:10C4500080F850304160482208301BF0D7FF20465A
:10C4600010BD00BF70FB060001EBC10100EB8100B5
:10C4700000990162C0E90623704700BF01EBC101CA
:10C4800000EB810042620385704700BF01EBC101F0
:10C4900000EB810181F82A20704700BF01EBC10148
:10C4A00000EB810000990161C0E90223704700BFE1
:10C4B00010B5014604460348FFF78CFD08B1024B56
:10C4C0001C6010BD44310120CC320120024B1868A1
:10C4D00008B190F850007047CC3201202DE9F047A8
:10C4E000244C2568002D42D01F4600EBC00305EB0D
:10C4F00083030446D3F818A089469046C600BAF1D3
:10C50000000F30D050461CF06AFF0828024628BFB2
:10C510000822344405EB8405D5E90764DFF85CC0E4
:10C52000154B002E08BF664651464846002C08BFF2
:10C530001C461BF043FF30461CF051FF10280246FA
:10C54000314628BF102240461BF038FF20461CF021
:10C5500046FF042802462146384628BF0422BDE88B
:10C56000F0471BF02BBFDFF818A00822D1E7BDE889
:10C57000F08700BFCC320120B8CC060058FB060083
:10C580004CFB0600F8B50B4F3B688BB100EBC005C8
:10C5900003EB850504466A69C6001AB190473B68FB
:10C5A00085F82A00344403EB840393F82A00F8BD8D
:10C5B0001846F8BDCC320120074B1B685BB100EB7D
:10C5C000C00003EB800010B4038D446A0C605DF87A
:10C5D000044B138070477047CC3201200A781E2A22
:10C5E00001D10020704710B520221C4605210023F0
:10C5F00000F078FF204610BD30B4094C029A25683F
:10C6000055B1044604EBC40405EB840408461946FE
:10C61000A3680BB130BC18474FF0FF3030BC7047F7
:10C62000CC32012030B4094C029A256855B1044639
:10C6300004EBC40405EB840408461946E3680BB117
:10C6400030BC18474FF0FF3030BC7047CC3201206F
:10C65000054B1B6833B100EBC00003EB800003699E
:10C6600003B11847704700BFCC32012000B5104B12
:10C67000402283B083F8272303F05AFF4FF0804312
:10C680000024D3F838548DF80040684613F0ECFAD3
:10C69000084B019301A813F037FB13F041FBEB07A4
:10C6A00002D401F021FFFCE7204603F07DFDF8E70E
:10C6B00000E100E0B9C6040003F076BD002003F0FD
:10C6C00053BA00BF00B5002383B00322CDE9002395
:10C6D00003490448C82211F083FF03B05DF804FB4E
:10C6E00074FB06006DC6040014F04EB94FF0805282
:10C6F000536E1BBA0360136E1BBA43600820704769
:10C70000004870477CFB060070B51F4D2B68B3B125
:10C7100099B91478C4F34114012C0BD0022C07D121
:10C720005478012C0DD0022C07D19388072B21D0EF
:10C73000084670BD517822290CD0012070BD1846E2
:10C7400070BDDC69F4B1237811462246BDE8704023
:10C7500002F088BE5188003918BF012119761146B0
:10C7600002F066FE2A68136A002BE6D0107E984716
:10C77000204670BD054C114623892246BDE8704015
:10C7800002F070BE204670BDD0320120C061002092
:10C7900010B5044601F0ECFD08B9002010BD01F011
:10C7A000EFFD0028F9D104484FF45A7303FB04004D
:10C7B000007900F0010010BDD4320120064B4FF487
:10C7C0005A7202FB003050F8063F0B608388827972
:10C7D0008A718B80704700BFD432012008B5044BAA
:10C7E0004FF45A7202FB0030103001F025FC08BDF6
:10C7F000D43201202DE9F0414FF45A7505FB00F5C4
:10C80000194F05F110043C4492B2204601F040FC5F
:10C810000646204601F02AFC3F2802D83046BDE8F3
:10C82000F08107EB0508002098F8031002F036FDB0
:10C830000028F3D0204601F019FC3F280BD905F55C
:10C840003A7298F803103A444023002002F08AFD1F
:10C850003046BDE8F08198F80310002002F056FD44
:10C860003046BDE8F08100BFD4320120034B4FF4C5
:10C870005A7202FB0030103001F07CBCD43201202F
:10C880002DE9F041044601F073FD10B90020BDE828
:10C89000F08101F075FD06460028F7D14FF45A717A
:10C8A000DFF8608001FB04F404F12C0545442846C0
:10C8B00001F0C2FB0028E9D008EB04073046B97844
:10C8C00002F0ECFC0028E1D004F54A744444284608
:10C8D0002146402201F0DCFB054660B1B9782246D2
:10C8E00030462B4602F03EFD40B9054B1B68DB0786
:10C8F000CCD500BECBE7B97802F008FD2846C6E7E4
:10C90000F0ED00E0D432012038B50C4B4FF45A74EE
:10C9100004FB00342C3492B20546204601F06AFC38
:10C92000034620461C4601F087FB3F2801D82046DD
:10C9300038BD2846FFF7A4FF204638BDD432012079
:10C9400008B5044B4FF45A7202FB00302C3001F052
:10C950008DFB08BDD4320120F0B51C4C83B0002102
:10C960004FF45A72204601250E461BF04FFDFF235F
:10C970004FF4424204F148016371E2802B460827DC
:10C98000009604F110004FF48072277325816681B0
:10C9900001F016FB2B464FF4807204F5A47100954C
:10C9A00004F12C0001F00CFB04F51271284611F083
:10C9B000BDF804F5267103462846C4E9096311F061
:10C9C000B5F8C4E9100603B0F0BD00BFD4320120B1
:10C9D00010B5094B002203F12C0403F110001A607A
:10C9E0001A7101F07DFC204601F07AFC20460121FD
:10C9F000BDE8104001F09CBCD43201202DE9F0418B
:10CA00004B79022B82B002D18B79022B04D0002506
:10CA1000284602B0BDE8F081314FBB782BB1314BD5
:10CA20001B68DB07F3D500BEF1E78B783B700C7811
:10CA30000C440646617824294FF009050BD1082AD9
:10CA400002D80FE0AA420DD323781C442B4461780E
:10CA500024299DB2F6D005291BD0042902D163797F
:10CA60000A2B28D0204801F001FB3F28D0D9F978C3
:10CA7000002002F013FC0028CAD01B4801F0F6FA8F
:10CA80003F28F97813D9194A4023002002F06AFCA4
:10CA9000BEE72146304602F0E1FB0028BFD0A37874
:10CAA0007B7023781C442B4461789DB2D5E700202D
:10CAB00002F02CFCACE70E4A94F8008001920223AD
:10CAC00001320092304604EB08011A4602F052FB94
:10CAD0000028A4D005F10E0318FA83F39DB2C1E734
:10CAE000D4320120F0ED00E0E4320120BC35012019
:10CAF000D632012038B5137803F06003202B0CD117
:10CB0000264C938825789D4207D15378203B032BF0
:10CB100003D8DFE803F009151E04002038BD71B307
:10CB2000022931D0012038BD61B10229FAD11C4B54
:10CB3000002BF7D01B490020AFF30080012038BD47
:10CB40000029EFD111460723164A02F08BFC012081
:10CB500038BDA1B10229E5D15588257105F0010440
:10CB6000114884F0010101F0E3FB104B002BD9D0F8
:10CB7000C5F3400221460020FFF700FAD2E7114634
:10CB800002F056FC012038BD094B002BCAD0518859
:10CB90000020AFF30080012038BD00BFD432012057
:10CBA00000000000DA320120003301207DBF0400C4
:10CBB000000000002DE9F047574DEA788A420C4604
:10CBC00007461E465CD19AB205F53A7105F1100090
:10CBD00001F010FB514BD3B16B79FF2B17D0B6B1DD
:10CBE00005F2E72808EB060AA8F2D72902E0D045AB
:10CBF0000DD06B7918F8012F9A42F8D1484601F010
:10CC00002BFA0028F3D16979AFF30080EFE7444BAA
:10CC100023B1444801F020FA002870D0414801F0C7
:10CC200025FA3F2805D9E978002002F037FB0028D3
:10CC300058D1AB789C4203D001242046BDE8F08750
:10CC4000394B13B10020AFF3008001F091FB20BB02
:10CC5000364801F0F1F90028EED1002EECD016F0A4
:10CC60003F06E9D1A978384602F018FB04460028AF
:10CC7000E2D0A97838463346324602F073FBDCE74F
:10CC8000AB788B42DCD02A4B1C6814F00104D4D062
:10CC900000BE00242046BDE8F08701F071FB044689
:10CCA0000028D5D1214801F0C7F90028D0D0A978B3
:10CCB000204602F0F3FA0028CAD01E494022A1F50E
:10CCC0003F7001F0E5F9034608B31A4AA9782046F7
:10CCD00002F048FB0028AFD1154B1B68DB07B7D526
:10CCE00000BEB5E70F4801F0C1F93F280AD940233B
:10CCF000114AE978002002F035FBAB789AE7AFF3F0
:10CD000000808BE7E978002002F000FB91E7A9782A
:10CD100002F0FCFA9CE700BFD432012000000000C2
:10CD200000000000E4320120000000000033012078
:10CD3000F0ED00E0FC350120BC35012002488C22DA
:10CD400000211BF063BB00BF3C36012002488C224F
:10CD500000211BF05BBB00BF3C3601202DE9F041F8
:10CD60004B79032B82B011D10F79C7EBC705123570
:10CD7000ADB295420C4604D8DFF89C8098F80110BB
:10CD800049B1234B1B68DA0700D500BE00252846B1
:10CD900002B0BDE8F08194F800C004EB0C0292F8F8
:10CDA00001E0BEF1210FECD1C8F8882014F80C1076
:10CDB00008F1010E08F1020C1144CDE900CE3A460B
:10CDC000064602F0D7F90028DBD0A37998F80210C4
:10CDD000012B04BFE37988F803300122D8F88830AA
:10CDE00088F80420A278B3F8073088F80020A8F863
:10CDF00006300029CBD0074A3046402302F0B2FA71
:10CE00000028C4D1024B1B68DB07C0D500BEBEE7BB
:10CE1000F0ED00E0843601203C360120F0B51446E8
:10CE2000127802F01F05012D83B00FD10B46714916
:10CE3000A78891F800C0FFB2BC4507D112F060028C
:10CE4000064606D183BB6278062A30D0002003B0A4
:10CE5000F0BD202AFAD16278013A0A2AF6D801A058
:10CE600050F822F039CF040025CF040011CF040080
:10CE70004DCE04004DCE04004DCE04004DCE040036
:10CE80004DCE0400F9CE0400D3CE040091CE0400B0
:10CE900063B3022B08D16388574ADBB20B711AB116
:10CEA00019460020AFF30080012003B0F0BD628876
:10CEB000120A212A65D0222AC8D11846FFF75EFA45
:10CEC0004C490246CB883046214602F0CBFA284630
:10CED000BDE7002BE8D162884848120A4A7128B1A0
:10CEE00011461846AFF300800028AFD021463046E7
:10CEF00002F09EFA0120AAE7002B4ED1E388402BD6
:10CF0000A4D83F4A2146304602F0ACFA01209EE701
:10CF1000002BC9D13B4A21463046012302F0A2FA38
:10CF2000012094E7002BBFD1374A21463046012328
:10CF300002F098FA01208AE7002BB5D1E5886088D5
:10CF4000402D4FEA10222F4628BF402710F0FF0047
:10CF50003ED0012D46D9013F08722C49BFB20125B0
:10CF60000B46009701460020FFF710FA2B189BB2E2
:10CF70008BBB274A1268D2077FF568AF00BE184600
:10CF800065E7D1F88820002A3FF460AF1378214686
:10CF900003B0BDE8F04002F065BA022B84D1E58809
:10CFA0006388402D2C4628BF402413F0FF004FEA31
:10CFB000132205D0012D03D991F84830834214D0B3
:10CFC0000F4B009401460020FFF7F4F901203EE7E3
:10CFD00010491D46C4E70F4A2146304602F042FA86
:10CFE000012034E70B491D46BAE7013C0A4BA4B2C5
:10CFF000E7E700BF3C360120000000000000000011
:10D00000843601204036012041360120453601207A
:10D01000F0ED00E0443601208536012030B51C4C8F
:10D02000A2788A4283B00CD16178914217D1194A13
:10D0300022B11949DAB20020AFF30080012003B019
:10D0400030BD62788A42F2D0144B1B68DB0703D5EF
:10D0500000BE002003B030BD002003B030BD002270
:10D060009BB2114605460093104604F14803FFF7B2
:10D07000A1F9A1782846402304F1480202F072F990
:10D080000028DBD1054B1B68DA07E5D500BED6E7E3
:10D090003C3601200000000044360120F0ED00E0A5
:10D0A00070B500F12C050446284600F0C5FF08B90C
:10D0B000002070BD6178002002F0F0F80028F7D061
:10D0C00004F50A7628463146402200F0E1FF054685
:10D0D00060B1034661783246002002F043F940B95E
:10D0E000054B1B68DB07E3D500BE70BD617802F01D
:10D0F0000DF9284670BD00BFF0ED00E030B5164CCC
:10D1000083B000210D464FF41A7220461BF07EF9C1
:10D1100004F1480104F1100000950123802200F081
:10D120004FFF802204F1C8010123009504F12C0077
:10D1300000F046FF04F5A471012010F0F7FC04F59F
:10D14000CC7103460120C4E9095310F0EFFCC4E997
:10D15000100503B030BD00BF8863012010B5084C36
:10D16000002304F11000C4E90033C4E9023301F0E4
:10D17000B7F804F12C00BDE8104001F0B1B800BFD1
:10D18000886301202DE9F0434B79012B83B002D154
:10D190008B79012B04D00025284603B0BDE8F0832D
:10D1A000CB79002BF7D10B78CC1806466578242D67
:10D1B00099B20BD1914202D9EDE78A42EBD32378A1
:10D1C0001C440B446578242D99B2F6D0042DE2D18D
:10D1D0006379012BDFD1A379032BDCD1E579002D15
:10D1E000D9D1DFF8CC8098F8010098F8023050EAE5
:10D1F000030905D02B4B1B68DB07CCD500BECBE762
:10D20000A37888F8003027782079CB199DB227447D
:10D2100030B922E03B7881451D44ADB21F441CD299
:10D22000AA421AD37B78052BF4D1394630460192B5
:10D2300002F014F8019A68B3BB782079D90914BFB9
:10D2400088F8013088F80230397809F101030D447B
:10D250005FFA83F9ADB20F44DCE7134800F006FF34
:10D260003F2899D998F80210002002F017F80028FA
:10D2700092D00D4800F0FAFE3F2898F8021005D928
:10D280000A4A4023002002F06DF885E7002002F0F2
:10D290003DF881E7034B1B68DA077FF57CAF00BEE2
:10D2A000054679E7F0ED00E0986301207065012004
:10D2B0008863012000207047F8B52D4DAA788A4276
:10D2C0001E4619D19AB205F5F47105F1100000F06F
:10D2D00091FF284B13B10020AFF30080264800F0E7
:10D2E000C5FE3F2805D9A978002001F0D7FF0446E4
:10D2F00068BB01242046F8BD6B788B4208D01F4BD9
:10D300001C6814F00104F5D000BE00242046F8BDCE
:10D3100007462846FFF7C4FE0028EAD105F12C0095
:10D3200000F08AFE0028E4D1002EE2D016F03F067D
:10D33000DFD16978384601F0B1FF04460028D8D023
:10D34000697838463346324602F00CF8D2E70A488C
:10D3500000F08CFE3F28A97805D9094A4023002017
:10D3600002F000F8C6E7002001F0D0FFC2E700BFDE
:10D37000886301200000000098630120F0ED00E0C8
:10D380007065012070B52E4CE28AA36852BA92B241
:10D3900082B0054612B1B3FBF2F292B2A06BD4F8A0
:10D3A0001110B0FBF2F61B1AB3F5007F28BF4FF443
:10D3B000007309BA009302FB1602224B607B3144D2
:10D3C000FFF71AF9031E13DB09D094F82E101D4A3B
:10D3D0009BB2284601F0C6FF58B302B070BD94F866
:10D3E0002E10009328461A4601F090FE02B070BD40
:10D3F000A268A36B43F203300021D31AA08784F8FC
:10D400003E1001200221A36284F82C0084F8301021
:10D41000002AE2D0002BE0D0237BDB0914BF94F874
:10D420002E1094F82F10284602B0BDE8704001F08D
:10D43000D5BF054B1B68DB07CFD500BECDE700BFCE
:10D44000C8380120C8360120F0ED00E038B5214B86
:10D45000214C05461BB1607BAFF30080B0B1A06BDF
:10D46000A36894F82F101D4A1B1AB3F5007F28BF3C
:10D470004FF4007328469BB201F074FF00B138BD31
:10D48000174B1B68DB07FAD500BE38BDA26BA1683D
:10D4900084F83E008B1A42F207720120A287022212
:10D4A000A36284F82C0084F830200029E7D0002BF8
:10D4B000E5D0237BDB0906D094F82E102846BDE882
:10D4C000384001F08BBF94F82F102846BDE8384053
:10D4D00001F084BF00000000C8380120C8360120D8
:10D4E000F0ED00E0044880F83C1080F83D2080F822
:10D4F0003E300120704700BFC8380120024840225A
:10D5000000211AF083BF00BFC83801200248402222
:10D5100000211AF07BBF00BFC83801204B79082BCF
:10D5200001D0002070478B79062BFAD1CB79502B94
:10D53000F7D1162A06D81C4B1B68D907F1D500BEB7
:10D540000020704770B5194D8B7885F82D300B7819
:10D5500082B005F12F0205F12E0619440223CDE910
:10D5600000261A46044601F005FE30B90E4A12683C
:10D57000D2070FD500BE02B070BD204695F82F101F
:10D5800000241F232A4685F8304001F0EBFE20B12D
:10D590001720F0E7002002B070BD034B1B68DB07CB
:10D5A000F6D500BE1720E6E7F0ED00E0C838012010
:10D5B000002961D170B5137803F07F05022D84B086
:10D5C000044620D003F06003202B02D0002004B0DA
:10D5D00070BD5378FE2B34D0FF2BF7D15388002B2E
:10D5E000F4D1D688B3B2002BF0D13B4D1146204682
:10D5F000AE87C5E90D3385F8303085F83E3001F04F
:10D6000017FF0120E3E75578012DDBD15388002B6C
:10D61000DCD1314E938896F83020042ADBB243D017
:10D6200096F82E10994229D096F82F509D4205D198
:10D6300022B9294601F0C4FE00283AD0012004B0E6
:10D6400070BD5388002BC1D1D0880128BED1234B97
:10D650008DF80F002BB10192FEF738FF019A0028D8
:10D66000B4D0451E1146204601230DF10F028DF85E
:10D670000F5001F0F7FEE1E701207047022ADDD1EB
:10D68000B26BB3689B1A0324B36206F120020D2328
:10D6900086F8304001F066FE0028CFD1104B1B68A1
:10D6A000DB0793D500BE92E7194601F097FE2846A6
:10D6B0008DE72946204601F0ADFE0028BED10023AB
:10D6C00086F8303096F82F10034A20461F2301F0C9
:10D6D00049FE0028B2D1E1E7C8380120CDC40400DA
:10D6E000F0ED00E0F0B5A74C94F83050012D8FB06C
:10D6F0001E4607466FD0032D46D02DB1022D00F0F7
:10D70000898001200FB0F0BD94F82F308B42F8D102
:10D710001F2E40F09E809C4B22689A4240F09980D8
:10D72000E37B9A4A6068A56284F82C50A563226264
:10D73000A56860620122282B84F83020656300F020
:10D74000DA802A2B00F09F82002D00F02981227BB5
:10D75000D20940F02581B5F5007F40F2F78294F8B8
:10D760003C30A5620120022284F82C0084F830208D
:10D7700023B942F2050284F83E30A287384601F010
:10D780002DFE94F83050B9E794F82E308B42B8D182
:10D790000D2EB6D1E37B282B00F06D822A2B00F0F2
:10D7A00062827B4B23B1607B04F10F01AFF30080F9
:10D7B000002084F83000734A94F82F101F23384655
:10D7C00001F0D0FD0028DCD1724B1B68DA0700F1B4
:10D7D0009080002096E7E37B282B12D02A2B59D08B
:10D7E000A36B227B3344D209A36347D0626B9A4276
:10D7F0000DD9684B1B68DB07C3D500BE94F83050C9
:10D800007CE7D4E90D2333449342A3636CD3022312
:10D8100084F8303094F82E10384601F0FBFD0028D3
:10D820007FF46FAFA368A26B934202D9217BC90931
:10D830001ED19B1A0325A36294F82E10564A84F831
:10D84000305038460D2301F08DFD00287FF459AF8C
:10D85000BAE7042394F82E1084F83030384601F0EB
:10D86000BDFD384694F82F1001F0B8FD002049E7BF
:10D8700094F82E10384601F0B1FD42E7A38E474AD6
:10D88000607B04F10F01FEF7A9FE0028C0F2C981F8
:10D89000A36BABE7E08A40BA80B218B1A368B3FBD0
:10D8A000F0F080B2D4F81110A26B3C4DB2FBF0F353
:10D8B00009BA00FB13221944607B00962B46FEF741
:10D8C000B1FE0028C0F20A82864252D9002840F0F8
:10D8D0003382002394F82F1000933246384601F02B
:10D8E00015FC94F8305009E7FFF74CFD94F83050E0
:10D8F00004E700BE06E7E28A52BA92B29DB9002A56
:10D9000085D094F83C300222002184F82C2084F841
:10D910003020A162002B7FF47DAF42F2050284F833
:10D920003E30A28776E7207BC0090BD0002A00F0AA
:10D93000EE819542C0F02282282B3846D4D0FFF7E2
:10D9400085FD1EE794F83C20A562022384F82C3064
:10D9500084F83030002A7FF411AF42F20502002330
:10D96000A28784F83E30207BC00900283FF406AF30
:10D970009DE1D4E90D2333449342A363BFF447AF41
:10D980003846DCE7C83801205553424355534253CB
:10D9900000000000F0ED00E0E8380120C83601206A
:10D9A000607B252B27D8DFE813F0370126002600FF
:10D9B0000A01260026002600260026002600260052
:10D9C0002600260026002600260026002600E90064
:10D9D0002600260026002600260026002600CF006E
:10D9E000B500260026002600260026002600260078
:10D9F0007B002600520094F83C30002B3AD1B04A0C
:10DA0000B049ABB2FEF7EAFD002833DB40F0C98134
:10DA1000A368002B3FF4FBAEA16B94F83C205B1A8B
:10DA200001200221A36284F82C0084F8301022B96E
:10DA300042F2050184F83E20A187002B3FF4EAAEB4
:10DA4000237BDB0940F0338194F82F1096E604AA7B
:10DA500005A9FEF7B1FD059B23B1BDF81020002AF2
:10DA600040F0968194F83C3023B940F2024284F8A9
:10DA70003E30A287A268A36B94F83C100120D31A11
:10DA800084F82C000220A36284F8300021B942F20D
:10DA9000050084F83E10A087002A3FF4BBAECCE717
:10DAA00005AD00230DF10E0204A96B600593AB6078
:10DAB000FEF782FD049A002AD4D0BDF80E30002B68
:10DAC000D0D012BA5BBA08200221ADF81E300692FF
:10DAD0008DF817008DF81C1095E80700784BA568A5
:10DAE00083E807000C20002D40F03981A36B94F8E7
:10DAF0003C205B420121A362022384F82C1084F8AD
:10DB00003030002A7FF486AE42F2050384F83E509E
:10DB1000A3877FE66C4B002B3FF47AAFE17CC1F327
:10DB2000400301F001020909AFF3008000287FF4EF
:10DB30006FAF94F83C30002B9CD140F2024200239E
:10DB4000A28784F83E3095E7059B604A03F4000302
:10DB500043F003030593002A00F01881AFF300801F
:10DB60009DF81630564AA56880F0010060F3C7138F
:10DB70008DF81630059B13600420B4E74FF0203376
:10DB80000022CDE90A33524D069207A909AA08934B
:10DB9000079309930D930C9305AE0DAB0595FEF716
:10DBA0009DFC0FCEDFF818C1A568ACE80F000FCEC2
:10DBB000ACE80F003368CCF80030242093E794F8E9
:10DBC0003C2094F83D0094F83E10DFF8F4C04FF08C
:10DBD000000E4FF00003CDE905EECDE907EE62F34C
:10DBE00003038DF81630F0220A23ADF824E08DF8F7
:10DBF00020008DF821108DF814208DF81B3005AE13
:10DC00000FCEACE80F003368A4F83CE084F83EE0A7
:10DC1000ACF80030122066E7FEF7B4FC002888D08C
:10DC2000F6E6A268A36B94F83C0084F82C50D11A55
:10DC30000225A16284F8305020B942F2050584F82B
:10DC40003E00A587002A3FF4D1AD00293FF4CEADB8
:10DC5000237BDB0900F0948094F82E10384601F005
:10DC6000BDFBA36BC2E51B4B002B3FF4A1AD607B5A
:10DC7000FEF7EEFC9CE5184B002B3FF499AD607B62
:10DC8000AFF3008094E5E28A52BA92B2002D3FF4DD
:10DC900036AE207BC0093FF449AE94F83C30A56213
:10DCA000022284F82C2084F83020002B7BD094F8BA
:10DCB0002E10384601F092FB94F830501EE500BF5C
:10DCC000C8360120D7380120000000000000000005
:10DCD0000080020251C6040000000000A36BA2688D
:10DCE0003344D11A43F20330A3630023A08784F89E
:10DCF0003E3001200223A16284F82C0084F83030E9
:10DD0000002A3FF487AD00293FF484AD98E6012254
:10DD100094F83C3084F82C200222A56284F830204C
:10DD2000002B7FF422AE42F2050284F83E30A28737
:10DD3000002D3FF46FAD16E6A36B361A0344291885
:10DD400032462846A3631AF047FBC2E5194AABB234
:10DD5000384601F007FB00287FF413AD34E5A842F4
:10DD600028BF284683B26063124A94F82E103846C2
:10DD700001F0F8FA00287FF404AD25E50222C7E798
:10DD800094F82F10384601F029FB81E50120E7E6E1
:10DD90000849A568013B1BBA12BAC1E90032082044
:10DDA000A1E6A5689FE642F2050284F83E30A2870C
:10DDB000D9E500BFC836012030B5154C83B000212D
:10DDC0000D464FF4EE7220461AF020FB04F13C01A0
:10DDD000201D00950123402200F0F2F8402204F1BA
:10DDE0007C010123009504F1200000F0E9F804F122
:10DDF000BC0101200FF09AFE04F586710346012054
:10DE0000C4E906530FF092FEC4E90D0503B030BD1E
:10DE10000839012010B5064C2046002340F8043B89
:10DE200000F05EFA04F12000BDE8104000F058BA9E
:10DE3000083901204B79FF2B01D0002070472DE9D4
:10DE4000F041324C6678A378334382B003D000208F
:10DE500002B0BDE8F0810D788B7823708046087998
:10DE60000F460D4408B36B78052B0AD0AB189D42C2
:10DE700002D306E0AB4204D929780D44697805291C
:10DE8000F8D1234E0196731C0246009329460223C3
:10DE9000404601F06FF90346A8B13B79A178C3EB86
:10DEA000C3031D4431B96178A1B9E81B80B202B047
:10DEB000BDE8F081402306F25B12404601F052FAC1
:10DEC00003460028EFD1134A1268D207BFD500BE1F
:10DED0001846BDE7002001F073FA06460028E4D199
:10DEE0000D494022A1F5BE7000F0D2F80028DCD028
:10DEF00003466178084A304601F034FA0028D4D14C
:10DF0000044B1B68DB07D0D500BECEE708390120E3
:10DF100009390120F0ED00E0A43A012038B5234C86
:10DF2000A2788A420AD063788B424FF0000004D175
:10DF300001F046FA054600B3012038BD9AB204F557
:10DF4000AE71201D00F056F9194B13B10020AFF34C
:10DF50000080A178002001F033FA05460028EBD1BB
:10DF6000144800F083F83F28E6D9A178124A2846E1
:10DF7000402301F0F7F9012038BD402204F5CE71AD
:10DF800004F1200000F084F80028D5D00346617821
:10DF9000284604F5CE7201F0E5F90028CCD1074BF4
:10DFA0001B68DB07C8D500BEC6E700BF08390120E3
:10DFB000000000000C390120643A0120F0ED00E07F
:10DFC0002DE9F041B2F5004F9DF8188030D8044695
:10DFD000406915460E461F4618B14FF0FF310FF04D
:10DFE000E5FFA06918B14FF0FF310FF0DFFF6A00C5
:10DFF00092B260692660511E00235242E381A580DF
:10E00000E78084F80880A1816281238218B11A46D2
:10E0100019460FF0DBFBA06938B100231A461946F8
:10E020000FF0D4FB0120BDE8F0810120BDE8F081B4
:10E030000020BDE8F08100BFC189028A89B292B296
:10E040008B1A91429BB202D242899B1A9BB2808862
:10E05000984228BF18467047C289038A90B29BB283
:10E06000C01AB0FA80F04009704700BFC189028A27
:10E0700089B292B28B1A914210B49BB2848802D2B8
:10E0800040891B1A9BB2E01A80B25DF8044B7047BE
:10E090002DE9F047054680698846914618B14FF052
:10E0A000FF310FF083FFEB892C8A9BB2A4B21E1BB9
:10E0B000A342B6B202D26A89B61AB6B2AF88B742E4
:10E0C00009D2BB4249D26A893A449B1A9AB22A823F
:10E0D0002C8A3E46A4B2002E45D04E4528BF4E465F
:10E0E000A74203D8E41BA4B2A742FBD9A7EB0409BB
:10E0F000B5F806A029681FFA89F94E450AFB0411F4
:10E1000025D919FB0AF91FFA89F94A4640461AF03F
:10E1100055F9F21B224412FB0AF2296892B208EB6D
:10E1200009001AF04BF92A8A92B293199BB29A42CB
:10E130001BD96A8913449BB2A8692B8220B10023A2
:10E140001A4619460FF042FB3046BDE8F0870AFB3D
:10E1500006F240461AF032F9E5E7A989DA1B92B2D5
:10E160009142B4D2AFE72B8A9BB2AA899A42E3D2FA
:10E17000DFE700BF70B5044680690E4618B14FF066
:10E18000FF310FF013FFE289238A92B29BB2D01ABB
:10E190009A4280B202D26189401A80B2A588854233
:10E1A00007D2AA421DD261892944521A91B2218212
:10E1B0002846E0B1AB4203D35B1B9BB29D42FBD927
:10E1C000E2882168304602FB03111AF0F7F80125B6
:10E1D000A06920B100231A4619460FF0F7FA284625
:10E1E00070BDA089511B89B28842E0D2DBE70546A9
:10E1F000EEE700BF2DE9F84F1546002A3FD0044650
:10E200004069884618B14FF0FF310FF0CFFEE78923
:10E21000237A218ABFB289B2A3BB7A1A8F42A3881C
:10E2200092B252D39A1A92B2954228BF1546A5EBE4
:10E230000309B4F806A01FFA89F99F423E4603D3AA
:10E24000F61AB6B29E42FBD29B1B20689BB29D423F
:10E250000AFB060027D80AFB05F241461AF0AEF881
:10E26000EB199BB29F421AD8A2899A4217D36069D0
:10E27000E38120B100231A4619460FF0A7FA284679
:10E28000BDE8F88FA3889D4223D3B4F806A0ED1A09
:10E290000AFB05880F461D464FF00009CDE762894D
:10E2A00013449BB2E3E713FB0AF31FFA83FB5A46BE
:10E2B00041464E441AF082F816FB0AF2206808EB39
:10E2C0000B0192B21AF07AF8CAE76189521A92B237
:10E2D000A8E7A5EB0309B4F806A01FFA89F9ACE793
:10E2E00010B50446406918B14FF0FF310FF05EFEE3
:10E2F000A06918B14FF0FF310FF058FEA388606994
:10E300005B009BB2591E5A420023E381A1816281C6
:10E31000238218B11A4619460FF058FAA06920B1A5
:10E3200000231A4619460FF051FA012010BD00BF14
:10E3300038B5044640690D4618B14FF0FF310FF073
:10E3400035FEA06918B14FF0FF310FF02FFE606964
:10E35000257220B100231A4619460FF037FAA0693A
:10E3600020B100231A4619460FF030FA012038BDBB
:10E37000024B5878003818BF012070473C3B012001
:10E38000024B1878C0F38000704700BF3C3B01206F
:10E39000044828B108B5002001F0ECF9012008BDBF
:10E3A000704700BF75F70400044828B108B5002085
:10E3B00001F0EAF9012008BD704700BF89F70400A9
:10E3C000014B1878704700BF733B01202DE9F043E3
:10E3D0003A4D2E7883B01EB1304603B0BDE8F083CD
:10E3E00037223146044636481AF010F835490120E4
:10E3F0000FF09CFB344B186000283BD033490B4690
:10E400004A6833F8080B498800960FF03BF9304B07
:10E41000186078B32F4F27B12F48AFF300802F4BF0
:10E4200018602D4E337877B32D4FDFF8B0804FF062
:10E4300000094B4537D8A9EB0303DBB2042B39D8CD
:10E4400003EB430307EBC3031B689847337809F1D9
:10E4500001095FFA89F91A1D4A45EADA204601F0F6
:10E460006FF9204601F06EF9012630462E7003B098
:10E47000BDE8F0831B4B1B68DB07ADD500BE304603
:10E4800003B0BDE8F083DFF8588001E0052F11D01C
:10E4900007EB4703013758F8333098473378043394
:10E4A0009F42F3DDDAE7D8F8003009EB490203EBCD
:10E4B000C203C9E700231B68FFDE00BF733B0120D6
:10E4C0003C3B0120EC3A0120743B012074620020A7
:10E4D000783B012000000000E83A0120E43A0120E6
:10E4E000B8FB0600F0ED00E02DE9F04F8BB002F034
:10E4F0002DF8002800F06F81BE4DDFF81893DFF88B
:10E5000018A3DFF818B328684FF0FF3207A90FF0FF
:10E51000F1FB002800F05F819DF81D30013B072BC7
:10E5200000F2F284DFE813F00001C900A3009400B8
:10E5300088003F000E000800089B002BE3D00998DC
:10E540009847E0E79DF82010AB4B01F07F0403EB08
:10E55000440303EBD11393F825006FF3000083F815
:10E56000250093F825006FF3820083F82500002C26
:10E5700000F03481A14ADB7C32B1A14A1278934287
:10E58000C0F01C819B1ADBB2042B00F21F8103EB4D
:10E5900043030AEBC3031C699DF82120099B9DF8E6
:10E5A0001C00A047AFE7DFF850829DF81C6098F888
:10E5B000003043F0010388F8003098F825306FF3FD
:10E5C000000388F8253098F825306FF3820388F827
:10E5D000253098F826306FF3000388F8263098F835
:10E5E00026306FF3820388F82630002000F09EFF6B
:10E5F0009DF8203003F06002602A0DD0402A00F020
:10E60000438103F01F03012B00F09B81022B00F0DC
:10E610006D81002B00F04781D9F80030DC0700D570
:10E6200000BE9DF81C00002101F044FA9DF81C007A
:10E63000802101F03FFA66E76F4B1B78DA077FF520
:10E6400062AF704B002B3FF45EAFAFF300805AE730
:10E65000694B1A78D1077FF556AF6B4A002A3FF411
:10E6600052AF1878C0F3C000AFF300804BE7644CA2
:10E67000624F2278002F00F0F480002614E0B31AD5
:10E68000DBB2042B00F2FD8003EB43030AEBC30370
:10E690005B691BB19DF81C00984722780136F6B2E1
:10E6A000131DB342FFF62FAFB242E8D9DBF80030BA
:10E6B00006EB460103EBC103EAE7514C4F4F2378C9
:10E6C0009DF81C60002F00F0BA800027BB4267D87D
:10E6D000FB1ADBB2042B00F21F8403EB43030AEBAB
:10E6E000C3035B683046984723780137FFB21A1D91
:10E6F000BA42EBDA372200213F4819F087FE434B3C
:10E700004FF0FF321A605A609A60DA601A615A61FB
:10E710009A61DA611A8400F0FFFE3D4B002B3FF452
:10E72000F2AEAFF30080EEE6354C344F23789DF81F
:10E730001C60002F5AD000279F4238D3FB1ADBB24F
:10E74000042B00F2E98303EB43030AEBC3035B688A
:10E750003046984723780137FFB21A1DBA42EBDAE8
:10E76000254C37220021204619F050FE4FF0FF3390
:10E77000C4F80330C4F80730C4F80B30C4F80F30C5
:10E78000C4F81330C4F81730C4F81B30C4F81F3075
:10E79000A4F8233000F0C0FE9DF82030A370B2E64C
:10E7A000DBF8003007EB470203EBC20399E7DBF825
:10E7B000003007EB470203EBC203C8E7DBF8002099
:10E7C00003EB430312EBC3037FF4E5AE114B1B686D
:10E7D000D80700D500BE0BB0BDE8F08F099B9DF8AF
:10E7E00021209DF81C0000F0B3FE8CE6DFF82880A5
:10E7F00019E000BF783B01203C3B012000000000F5
:10E80000E83A012000000000000000003F3B01202A
:10E8100000000000F0ED00E0B8FB0600E43A012043
:10E82000052F00F07983D8F80430304698472378D4
:10E83000013704339F4208F11808F1DD90E7DFF853
:10E84000508302E0052F00F06783D8F8043030468B
:10E850009847237801370433BB4208F11808F1DAEE
:10E8600048E7CB4E73691BB19DF81C00984722788E
:10E870000137131D9F4206F118063FF744AE052FDE
:10E88000F0D100235B69FFDEC24800283FF4C9AE27
:10E8900000F04CFE304608AA0021FDF735FF0028A5
:10E8A0007FF431AEBDE6202A00F08480002A7FF498
:10E8B000B3AE9DF82130092B3FF6AEAE01A252F85F
:10E8C00023F000BF4BEA04004BEB040019E6040000
:10E8D0002BEB040019E604000DEB0400B9EA040078
:10E8E00019E60400A1EA04006FEA04009DF8241070
:10E8F00001F07F03082B3FF68FAE08EB430000EBDF
:10E90000D110A54CC07C5B00CF0934B1A34C247856
:10E91000A042C0F08E80001BC0B2042862D800EB79
:10E9200040000AEBC004002A60D0E06800F0FEFD61
:10E93000E368304608AA0021984700287FF4E3AD39
:10E940006FE69DF824300F2B3FF66BAE4344924A9E
:10E95000DB782AB1914A1278934261D39B1ADBB2D9
:10E96000042B3FF65EAE03EB43030AEBC304E068FF
:10E9700000F0DCFDE36808AA002130469847002833
:10E980007FF4C1AD9DF8203013F060047FF449AEF0
:10E990009DF821300A3B012B3FF643AE00F0C6FD47
:10E9A0009DF821300A2B00F07B8108A9304600F049
:10E9B0003FFDA8E59DF824300F2B3FF632AE4344CF
:10E9C000754ADB7832B1754A12789342C0F04D81B6
:10E9D0009B1ADBB2042B3FF624AE03EB43030AEB96
:10E9E000C304A2E7002A7FF41CAE14469DF8212040
:10E9F00002F0FD00012800F00A81002A7FF40CAE2D
:10EA000043443B44304693F825400DF11A02C4F3C9
:10EA10004004022308A9ADF81A4000F023FD72E576
:10EA2000DBF8004003EB430314EBC3043FF4F9AD00
:10EA30009DE7DBF8004000EB400004EBC004002A37
:10EA4000D4D0002C7FF471AFEBE598F800309C082F
:10EA500004F00204C3F340131C43304602230DF1BB
:10EA60001A0208A9ADF81A4000F0FCFC4BE59DF82D
:10EA7000223002931A4698F801309A4208D098F84A
:10EA80000130002B40F09581029B002B40F0128159
:10EA9000029B88F80130304608A900F0C9FC32E535
:10EAA00098F801308DF81A30304601230DF11A0222
:10EAB00008A900F0D7FC26E5BDF82200030A5A1E7B
:10EAC000C0B20E2A3FF6ADAD01A151F822F000BF51
:10EAD000F7EB0400DBEB0400CBEB040023E60400BF
:10EAE00023E60400A5EB0400DBEB040023E60400AE
:10EAF00023E6040023E6040023E6040023E60400E2
:10EB000023E6040023E604006BEB040008A800F0F1
:10EB100013FD9DF82210304600F01AFE98F80030E0
:10EB200043F0020388F80030EDE4BDF82230012BF9
:10EB30007FF477AD98F80030304643F0080308A919
:10EB400088F8003000F074FCDDE4BDF82230012BC1
:10EB50007FF467AD98F8003030466FF3C30308A91F
:10EB600088F8003000F064FCCDE40D4B002B3FF43E
:10EB700058ADFDF7C5FD024600283FF44DAD538862
:10EB8000304608A900F06EFC00287FF4BCAC48E5D4
:10EB9000B8FB060009C7040000000000E83A0120A5
:10EBA00001C70400B64B002B3FF43BADAFF3008030
:10EBB000024600283FF435AD1378304608A900F02E
:10EBC00051FC00287FF49FAC2BE5BDF82410FDF725
:10EBD000CDFB02460028EFD123E5022B00F08A810D
:10EBE000A84B002B3FF41DADAFF300800246002A76
:10EBF0003FF412ADC3E7FDF7AFFB1223024608A9AD
:10EC0000304600F02FFC00287FF47DAC09E5BDF80C
:10EC10002200009048B9012A43442FD03B4403F11D
:10EC2000200793F825309B0713D5002C3FF46BACDD
:10EC3000E06800F07BFCE36808AA002130469847B2
:10EC4000002000F073FC98F82630DF073FF55BAC3E
:10EC5000ABE6304600F02EFF7B7943F002037B7178
:10EC60007B7943F001037B71DFE7DBF8004003EBC6
:10EC7000430314EBC3043FF4D4AC56E61F442037DF
:10EC80007B799A07D1D5304600F054FF7B79009A02
:10EC900062F341037B717B7962F300037B71C4E70C
:10ECA00008A9304601230DF11A028DF81A4000F030
:10ECB000D9FB28E4581EC0B2FDF752FB002871D0E2
:10ECC0004378022B6ED1C27998F80010C2F340133A
:10ECD0001B01C2F3801221F0300143EA42130B43BF
:10ECE00088F8003043880396C31800F1090704939D
:10ECF0003946049B8B4240F2F5804B780B2B00F099
:10ED0000DD8001220092042B4CD1049B5E4A5B1AE9
:10ED10009BB201935D4B1B784AB3002637461DE03A
:10ED2000F31ADCB2042C00F2EC8004EB44040AEB8E
:10ED3000C404019AA3680398059198470828059987
:10ED4000024603D9019B834280F082804F4B1B789F
:10ED50000136F6B21A1DB242374623DBB342DFD981
:10ED6000DBF8004006EB460304EBC304E1E7484B45
:10ED700017461C46052FFEB200F0C380019AA36817
:10ED800003980591984708280599024602D90198E9
:10ED900090425DD23D4B1B7801370433BB4204F1F6
:10EDA0001804E7DAD9F80030D9077FF535AC00BE92
:10EDB00032E4364C344F304600F084FD98F802209F
:10EDC0002378009287B30027BB4226D8FB1ADBB218
:10EDD000042B00F2A18003EB43030AEBC3035B683F
:10EDE0003046984723780137FFB21A1DBA42EBDA52
:10EDF00037222848002119F009FB274B009A88F890
:10EE000002204FF0FF321A605A609A60DA601A618D
:10EE10005A619A61DA611A8436E6DBF8003007EB52
:10EE2000470203EBC203DAE7194B304626461C467D
:10EE300001E0052F70D063680190984732780198FF
:10EE400001370432BA4204F11804F2DA0646CFE779
:10EE5000009B012B38D0009B03B391F802C0002324
:10EE600005E00133C6700098DCB2844216D20CEB88
:10EE7000030058FA80F0C478FF2CF2D092E700BF6C
:10EE8000000000000000000000000000E83A01203F
:10EE9000B8FB06003C3B01203F3B012033462048A5
:10EEA000CDE9001201F088FB1E4B1B78DDE9001252
:10EEB0000433BB421144BFF61CAF73E70B78CA782A
:10EEC000009219444B781EE7A3681748834206D086
:10EED000009C1648834208BF02240094BDE7022329
:10EEE0000093BAE7124B039E002B3FF4D1ADAFF372
:10EEF0000080CDE5FDF734FA0246002A3FF48CABE2
:10EF00003DE600239B68FFDED9F80030DB077FF584
:10EF1000FAAA00BEFFF7F7BA00235B68FFDE00BF66
:10EF20004F3B0120E83A0120FDC9040085D10400CF
:10EF30000000000030B589B000248D1ECDE90244E8
:10EF400004948DF809108DF80800032D5CD8DFE8D3
:10EF500005F0082C48023B4B1978C80761D409B06A
:10EF600030BD384938480B7800686FF300030B70E8
:10EF70000C7800236FF341040C704B700C7863F332
:10EF800082040C70002A37D002A905AA0EF004FEF4
:10EF9000059B002BE3D02D4B4FF080525A6040BFB1
:10EFA000BFF34F8FBFF36F8FD9E7264B197849070F
:10EFB000D5D51978244C6FF38201197000230521EF
:10EFC000CDE9053307938DF814008DF815102068EE
:10EFD000002A2FD1134605A94FF0FF320EF0F6FBA1
:10EFE000BDE7184B1978CC07B9D51978164841F008
:10EFF0000401006819705AB9134602A94FF0FF3294
:10F000000EF0E4FB09B030BD0F4B1868002AF3D0B6
:10F01000002302A905AA0EF0BFFD059B002B9ED080
:10F02000B9E7197808486FF3820100681970002A5F
:10F03000EED1E1E705A901AA0EF0AEFD019B002B80
:10F040008DD0A8E73C3B0120783B012000ED00E09B
:10F0500030B5144D85B000240123CDE9014403945B
:10F060008DF804008DF8081028688DF805303AB93D
:10F07000134601A94FF0FF320EF0A8FB05B030BDDA
:10F08000234601A96A460EF087FD009B002BF5D0B0
:10F09000054B4FF080525A6040BFBFF34F8FBFF314
:10F0A0006F8FEBE7783B012000ED00E030B50B46B9
:10F0B00085B0044649681868124D8DF8044002ACCA
:10F0C00003C4002306212868ADF806308DF805102A
:10F0D0003AB9134601A94FF0FF320EF077FB05B0A5
:10F0E00030BD6A4601A90EF057FD009B002BF6D0FB
:10F0F000054B4FF080525A6040BFBFF34F8FBFF3B4
:10F100006F8FECE7783B012000ED00E030B585B073
:10F11000164D03929DF820402D680022CDE9012272
:10F120008DF8081007218DF804008DF809308DF84E
:10F13000051044B9234601A928464FF0FF320EF0CE
:10F1400045FB05B030BD134601A928466A460EF0BE
:10F1500023FD009B002BF4D0054B4FF080525A60EA
:10F1600040BFBFF34F8FBFF36F8FEAE7783B0120BB
:10F1700000ED00E02DE9F84FDDE90A8A002A3CD0D5
:10F18000DFF8809007460C461E4615464FF0000BF0
:10F1900017E099F8021001F0DBF9034621463846E2
:10F1A000EBB100F0F9FAF8B1A378DA0914BF8AF8E4
:10F1B000003088F8003023780BF1010BAB451C447C
:10F1C0001BD06378052B20460ED1E17801F00301B6
:10F1D000B14209D1A37803F07F03082BD9D9084B9A
:10F1E0001B68DA0700D500BE054B1B68DB0702D49D
:10F1F0000020BDE8F88F00BEFAE70120BDE8F88FD7
:10F20000F0ED00E03C3B012030B5124D85B000230D
:10F210000824CDE90201019328688DF805403AB928
:10F22000134601A94FF0FF320EF0D0FA05B030BD01
:10F230006A4601A90EF0B0FC009B002BF6D0064BED
:10F240004FF080525A6040BFBFF34F8FBFF36F8FB4
:10F25000ECE700BF783B012000ED00E038B58B788B
:10F2600003F07F03082B06D90A4B1B68DB0700D588
:10F2700000BE002038BD084B0C460546084699786C
:10F2800001F066F90028EFD021462846BDE8384055
:10F2900000F082BAF0ED00E03C3B0120F8B5194BDC
:10F2A00001F07F0403EB440303EBD11101F12004CF
:10F2B000607910F0010519D163795A07C3F380070B
:10F2C00001D52846F8BD104E4FF0FF3130680EF0E2
:10F2D0006DFE607910F001050BD163795B0709D4ED
:10F2E000637943F004036371012503E00025284698
:10F2F000F8BD3D46002330681A4619460EF066FAFE
:10F300002846F8BD3C3B0120743B012038B5134D25
:10F310000C4628684FF0FF310EF048FE104B04F009
:10F320007F0103EB410303EBD41120314B7913F040
:10F33000010310D14A79C2F38004520703D54A79F8
:10F3400063F382024A71002328681A4619460EF0B8
:10F350003DFA204638BD0024F5E700BF743B01208C
:10F360003C3B012070B5144D01F07F0605EB4605CE
:10F3700005EBD11420346579ED0706D50F4B1B68DA
:10F38000DA0700D500BE002070BD657945F00105A3
:10F39000657100F0E7FA0028F6D16379074A60F357
:10F3A00000036371637960F3820363711368DB07A1
:10F3B000E9D500BE70BD00BF3C3B0120F0ED00E090
:10F3C000054B01F07F0203EB420303EBD11191F8EF
:10F3D000250000F0010070473C3B012010B50C4BAC
:10F3E00001F07F0203EB420303EBD11494F82530C4
:10F3F0009B0700D510BD203400F05CFB637943F01F
:10F4000002036371637943F00103637110BD00BFB0
:10F410003C3B0120054B01F07F0203EB420303EB71
:10F42000D11191F82500C0F3400070473C3B01200A
:10F430000B4630B40A4C496805461868224603C298
:10F4400093F9002000239A42C4E902332846A8BF5A
:10F45000802130BCB8BF19461A46FFF783BF00BFF2
:10F460003C3C0120F0B50C46284F49680646206810
:10F47000BA603D4603C50021F981E588AB4228BF4B
:10F480002B4683B0BB81A5B11BB352B397F90000E3
:10F49000402B28BF402300282ADB1D4A3046FFF7B7
:10F4A00061FF98B91B4B1B68DB071ED500BE03B07C
:10F4B000F0BD94F90030002BACBF80210021304614
:10F4C0002B462A46FFF74EFF0028EBD0012003B061
:10F4D000F0BD97F90020002AACBF194680211A46DA
:10F4E000DCE70C4B1B68D9070CD4002003B0F0BD3F
:10F4F0001146074801931A4618F060FF044A019B21
:10F500008021CBE700BE1046E1E700BF3C3C012074
:10F51000503C0120F0ED00E0034B0022C3E9002243
:10F52000C3E902221A6170473C3C0120014B18617B
:10F53000704700BF3C3C01200346044A59680068FC
:10F54000134603C30023C2E9023370473C3C012049
:10F55000F0B5414C2578C909B1EBD51F83B01F46E2
:10F56000064616D033B13D4B1B68DA0757D400204E
:10F5700003B0F0BD3A4B13B12146AFF300802369CD
:10F58000002B2FD0344A304602219847012003B087
:10F59000F0BD94F90020002A06DBA0680028E6D020
:10F5A00030491A4618F00AFFE589A168E2883D440F
:10F5B000ADB23944AA42E581A16016D03F2F14D9DB
:10F5C000A28994F90000531B9BB2402B28BF402313
:10F5D00000282FDB95423BD0224A00213046FFF71E
:10F5E000C1FEB0B1012003B0F0BD236923B11A4AB6
:10F5F000012130469847A0B194F9002000239A4297
:10F60000ACBF8021194630461A46FFF7ABFE0028F2
:10F61000E8D1124B1B68DB07A9D500BEA8E700BEE6
:10F62000A5E70146304600F045FA3046802100F05B
:10F6300041FAD7E7954208D01A460A48019318F0D4
:10F64000BDFE084A019B8021C8E780210022C5E752
:10F6500000210A46C2E700BF3C3C0120F0ED00E07B
:10F6600000000000503C012042DF704743DF70473C
:10F6700044DF704712DF70472C4B5B68C3F308030D
:10F6800013B9EFF310839BB1294B93F8D820002ACC
:10F6900036D1012283F8D8200260BFF36F8FBFF309
:10F6A0004F8F244A904227D0043A904224D070478A
:10F6B000214A53681B06E7D5802110B4C2F8841094
:10F6C000BFF34F8FBFF36F8F194B93F8D840E4B956
:10F6D000012283F8D8200260BFF36F8FBFF34F8FF2
:10F6E000144A90421DD0043A90421AD0124B802204
:10F6F0005A605DF8044B7047002283F8D8207047A9
:10F70000014601220D48FFF77FBD5160C2F8841009
:10F71000BFF34F8FBFF36F8F93F8D840002CF4D115
:10F72000D6E7002283F8D820E0E700BF00ED00E034
:10F73000903C01205070024000E100E079F60400A6
:10F74000704700BF014B80225A60704700E100E023
:10F75000074BD3F80014D3F8002400200A434FF4D9
:10F760008001C3F80024C3F85801C3F8041370479C
:10F7700000700240034B0022C3F80425104602210A
:10F78000FFF7D8BB00700240024B0122C3F80425EA
:10F79000704700BF00700240F0B488788D88CC7844
:10F7A000444FC10900F07F0202EB42034E00DB0030
:10F7B0000E4403EB86033B4404F00304C5F30A053F
:10F7C000012C1D812FD0D9B13B49941C012303FA90
:10F7D00004F4C1F80443D1F8104503FA02F22243BD
:10F7E000C1F81025344B40F48072C3F81805C3F8F3
:10F7F0000C25BFF36F8FBFF34F8F0120F0BC704714
:10F800002D4C02F10C05012303FA05F5C4F804534D
:10F81000D4F81455934002F594722B43C4F8143570
:10F8200044F82210DEE7082A07D0244B186810F0AD
:10F830000100E3D000BE0020E0E7E9B9B7F8D4301A
:10F840001BB11D4B8022C3F81C251B4A0023C2F8A4
:10F850005031D2F8003313F4001308BFC2F854310A
:10F86000154B4FF44012C3F80423D3F8142542F487
:10F870008072C3F81425B5E7B7F8C8200E4B0021F5
:10F88000C3F82C1112B18022C3F81C250A4AD2F801
:10F89000003313F4001308BFC2F85431064B084A72
:10F8A000C3F80423D3F8102542F48072C3F810255E
:10F8B00098E700BF903C012000700240F0ED00E0AE
:10F8C00000082000214B8022F0B4C3F88420BFF34D
:10F8D0004F8FBFF36F8F1E4A1E4E0D21012500234F
:10F8E0001D4CA1F10A004FEA810C05FA01F76444AE
:10F8F00005FA00F0013138431429C6F808036360A3
:10F90000A362C2E90033C2E90233C2E9043302F15F
:10F910001802E5D11149124AC6F80823C6F81C3569
:10F92000C1F8C0307362C1F8C430B364C1F8C830E4
:10F93000C6F81455C1F8CC30C6F81055C1E93433B7
:10F94000024B80225A60F0BC704700BF00E100E02B
:10F95000A83C012000700240D06F0240903C012082
:10F9600000083000F0B501F07F00CF090D467C00A3
:10F9700000EB4001DFF838C1C9003C4401EB8404CE
:10F980000CEB040E1E460023AEF806304CF80420A3
:10F9900083B0AEF80460430040B127BB0CEB010319
:10F9A0009A7A002A48D1012003B0F0BDD6B93A4A6C
:10F9B000D2F88024C2F3C012974213D03748FFF721
:10F9C0005BFE374B5B68C3F30803003B18BF0123A2
:10F9D00000933046294633463246FFF797FB012015
:10F9E00003B0F0BD17B303440CEBC30C00EB800372
:10F9F000BCF81210BCF81020BCF81440DCF80C5015
:10FA0000521A9B0092B203F1804303F51C3325493F
:10FA1000C3F80056A24228BF224601EB8000C3F87B
:10FA20000426FFF729FE012003B0F0BD1E48FFF7B2
:10FA300023FE012003B0F0BD08289F720ED1164BA3
:10FA4000D3F8C024D103AED4DCF8C010C3F8A0179B
:10FA50001648C3F8A427FFF70FFEA4E75CF801508F
:10FA60000D4C9A8800F5947100EB800654F8211033
:10FA7000DB88D31A9BB289B204EB86028B4204F175
:10FA8000280428BF0B46C2F8005704EB8000C2F8D8
:10FA90000437FFF7F1FD86E7007002405070024026
:10FAA00000ED00E0047002404C70024048700240DB
:10FAB000903C0120F8B511F07F0307D11A4B0122C9
:10FAC0005A65BFF36F8FBFF34F8FF8BD082BF8D087
:10FAD000154A41F48070C909C2F81805F1D1134DD7
:10FAE00003EB430005EBC004C000A67A002EE8D06B
:10FAF00003F59476A17252F82660A188E4882F5805
:10FB00000B480C1BA1B2B5B203EB830C02EB8C02C9
:10FB1000A94228BF2946C2F8007700EB8300C2F84B
:10FB20000417FFF7A9FDCCE700700240903C0120CC
:10FB30002870024011F0770F12D00A4B41F4807206
:10FB4000C3F80C15C3F80C25CA09C3F8181504BF6F
:10FB500001F5947143F82120BFF36F8FBFF34F8FEE
:10FB6000704700BF007002402DE9F04F854B86487A
:10FB7000D3F80013002387B01F461D46012421FA45
:10FB800003F2D6070BD550F8232042B104FA03F252
:10FB900040F823501743BFF36F8FBFF34F8F0133EC
:10FBA000192BECD1FC0700F1C781784E380508D538
:10FBB000744BD3F8A83601229BB2A6F8D23086F84F
:10FBC000D720B90214D56F4CD4F81435DA0500F1FA
:10FBD0000482D4F81035DB0540F1098296F8D7305D
:10FBE000002B40F03482012203210020FFF7A2F90C
:10FBF00079021FD5634BD3F8004404F4E062C3F8E4
:10FC00000024E20500F1DE81650510D55D4B01227F
:10FC1000C3F808259A65D3F8002312F4001208BF30
:10FC2000C3F85421574B4FF40012C3F80423A00526
:10FC300000F1C28139022BD5524BD3F88024D2B2C5
:10FC40008DF81020D3F88414C9B28DF81110D3F8B0
:10FC500088048DF81200D3F88C048DF81300D3F8C3
:10FC600090048DF81400D3F894048DF81500D3F89F
:10FC700098048DF81600D3F89C348DF8173052068E
:10FC800001D1052904D0012204A90020FFF70EFAB2
:10FC90003F4B3B403BB196F8D830002B00F08581BC
:10FCA000002386F8D830DFF8E490DFF8D8A0029778
:10FCB0004D460024C8460DE0B2F806C0A5F804C0C1
:10FCC000D2880127009792B2FFF720FA082E3DD084
:10FCD00001341835029B04F10C0223FA02F204EB02
:10FCE000440C04EB840E08EBCC0C0023E6B212F0BB
:10FCF000010F0AEB8E0E624631461846E6D0DEF85A
:10FD000008E72F685FFA8EFE07EB0E0BC5F800B010
:10FD1000BCF806B01EFA8BFB1FFA8BFB082CACF864
:10FD200006B01FFA8EFEC7D0B5F808B0F345C3D1B0
:10FD3000BCF806C0B5F804E01FFA8CFCE645BBD958
:10FD4000002EC3D11348FFF797FCC1E7029F124B67
:10FD50003B404646002B00F0CA800A4BD3F86C8427
:10FD6000C3F86C84BFF36F8FBFF34F8F17F48067B6
:10FD700040F0C080CDE90277024FDFF820A00024D8
:10FD800016E000BF0070024000710240903C01206C
:10FD9000FCFB1F004C700240000400010470024094
:10FDA000002C00F0BC80072D3DD0013409F118096A
:10FDB00028FA04F304EB840C04EB440213F0010F63
:10FDC00007EB8C0C06EBC202E5B24FEA8400E7D0E9
:10FDD000DCF80816D9F80C30C9B203EB010BC9F8EE
:10FDE0000CB0538A11FA83F39BB25382518AB9F84B
:10FDF00010E089B271454FF00003504445F0800196
:10FE000080F08580538AB9F81420CCF800B6AEEBA8
:10FE100003039BB2934228BF1346CCF80436FFF786
:10FE20002BFC072DC1D118F4803F7DD1039B002B03
:10FE30007AD118F4003F08D0F28BB38B92B2934280
:10FE400000F2F280012386F8223018F4802F08D0C7
:10FE5000F38EB28E9BB29342C0F00681012386F8E6
:10FE60003A3018F4002F0AD0B6F84E20B6F84C30CD
:10FE700092B29A42C0F00B81012386F8523018F4F6
:10FE8000801F0AD0B6F86620B6F8643092B29A4263
:10FE9000C0F01181012386F86A3018F4001F0AD0DF
:10FEA000B6F87E30B6F87C209BB29342C0F0218138
:10FEB000012386F8823018F4800F0AD0B6F8963005
:10FEC000B6F894209BB29342C0F02781012386F8B4
:10FED0009A3018F4000F0AD0B6F8AE30B6F8AC205D
:10FEE0009BB29342C0F02E81012386F8B23007B056
:10FEF000BDE8F08FD3F88024D3F8803483F08003FA
:10FF0000C3F3C0130393C2F3C013029334E7528ABE
:10FF10000120009092B21846FFF7F8F843E7029BE1
:10FF2000002B3FF442AF53E7F388B2889BB29A426A
:10FF300067D80123B3727CE78D4B8E4A8E4E8F4873
:10FF400000240125C2F81455C2F81055546094627B
:10FF50005C609C629C60DC62DC601C631C615C63B6
:10FF60005C619C639C61DC63DC611C64546294642E
:10FF7000C2F85841D2F80034D2F800140B43C2F84A
:10FF80000034D2F80033C2F808332146C2F8040323
:10FF90003046DC2218F03AFA40232A462146204611
:10FFA000B3823381FFF754F800E6754B1B68DB071B
:10FFB0007FF579AE00BE76E6012205210020FEF72E
:10FFC000B9FF37E60122C3F82C2504210020FEF7F3
:10FFD000B1FF65057FF52BAE18E6D4F8C034DD031C
:10FFE0007DD5D4F81035D8053FF5F8ADFBE54FF4D5
:10FFF0000013C4F80833012203210020FEF79AFF02
:020000025000AC
:10000000F6E55C493468D1F8A004F388C1F80047EC
:10001000D31A9BB282B2934228BF13465948C1F803
:100020000437FFF729FB04E7524AB469D2F8A41455
:10003000F08BC2F814471B1A9BB289B28B4228BFBF
:100040000B465148C2F81837FFF716FBFDE6B6F825
:10005000D22000230121009192B21846882186F80F
:10006000D730FFF753F8BEE54249346BD1F8A80406
:10007000F38EC1F82847D31A9BB282B2934228BFAD
:1000800013464248C1F82C37FFF7F6FAE9E6394A39
:10009000B46CD2F8AC14B6F84E00C2F83C471B1A48
:1000A0009BB289B28B4228BF0B463948C2F8403711
:1000B000FFF7E2FAE3E62F4A346ED2F8B014B6F84E
:1000C0006600C2F850471B1A9BB289B28B4228BF08
:1000D0000B463048C2F85437FFF7CEFADDE6D6F8C3
:1000E000C020C4F8A0272C48C4F8A437FFF7C4FAEE
:1000F00077E72049B46FD1F8B404B6F87E30C1F880
:100100006447D31A9BB282B2934228BF1346234856
:10011000C1F86837FFF7B0FACDE61649D6F8904037
:10012000D1F8B804B6F89630C1F87847D31A9BB224
:1001300082B2934228BF13461948C1F87C37FFF7B3
:100140009BFAC6E60B49D6F8A840D1F8BC04B6F82D
:10015000AE30C1F88C47D31A9BB282B2934228BF0B
:1001600013461048C1F89037FFF786FABFE600BF84
:100170000470024000700240903C01200514C00150
:10018000F0ED00E0287002402C7002403070024018
:100190003470024038700240487002403C700240A7
:1001A0004070024044700240F0B5012883B006D090
:1001B000022800F0828000283AD003B0F0BDB34B93
:1001C000D3F80025002AF8D00022C3F80425BFF395
:1001D0006F8FBFF34F8FAE498020C1F88400BFF30B
:1001E0004F8FBFF36F8FD3F80013C3F80813C3F812
:1001F0000025BFF36F8FBFF34F8F43F2040103F16C
:100200008D53096803F5772303F2DB53994200F01D
:100210006D81A04B01221A609F4B5A68C2F30802FD
:10022000003A18BF012202210020FEF783FEC4E736
:10023000964BD3F80025002ABFD14FF480014FF42C
:100240000062C3F80813C3F80024BFF36F8FBFF335
:100250004F8F924B1B68082B00F0C7808B4B0122FD
:10026000C3F80025BFF36F8FBFF34F8F43F2040233
:1002700003F18D53126803F5772303F2DB539A429F
:1002800000F0DD804FF08043D3F80C24D3F80C3419
:10029000DF0300F1E88043F20402814B12689A42C6
:1002A00000F0E5807F4B00221A601B6801934FF03D
:1002B0008043012201991A607FE7744BD3F804351B
:1002C000002B47D1714AD2F800341805FBD54FF402
:1002D0000063C2F80034BFF36F8FBFF34F8F6F4BD3
:1002E0001B68082B48D06949694A80230120C1F85E
:1002F0001C35C1F80403C2F884315360684E43F2E0
:1003000004054FF080442B68B34211D0D4F80C247C
:10031000D4F80C34D903F6D5D307F4D55B4B0122BE
:10032000C3F80425BFF36F8FBFF34F8F03B0F0BD49
:1003300001A800278DF80470FFF79CF99DF80430A0
:10034000002BE3D001A80197FFF792F9019B002B46
:10035000D9D0E3E743F20402514B12689A4200F00D
:10036000B1804FF08043D3F80C24D3F80C34DD0374
:10037000A8D5D407A6D520E74B4B1B68032BB2D8D2
:100380004A4B1A68002A40F0BE80494849F275314C
:10039000196002601960414A434B12681B68082AC1
:1003A000A1D1032B9FD8434AD35C93B13F4B1A682A
:1003B000002A40F0B080404849F27531196002606F
:1003C0001960364A384B12681B68082A8BD1032BF8
:1003D00089D83A493A4B40F2E370402208601A60EB
:1003E000BFF36F8FBFF34F8F7DE72F4B1B68032B3E
:1003F0003FF634AF2F4AD35CABB12C4B1A68002ABE
:1004000040F08D802C4949F2753203201A60086053
:100410001A60224A244B12681B68082A7FF41EAF18
:10042000032B3FF61BAF214B1A68002A6FD12049DE
:1004300049F27532C0201A6008601A600EE701A800
:1004400000248DF80440FFF715F99DF80430002BC7
:100450003FF418AF01A80194FFF70AF9019B002BA4
:100460007FF4ABAE17E7D6073FF5A7AE13E700233F
:1004700001A88DF80430FFF7FDF89DF80430002B3B
:100480003FF410AFFFF7F0F897E600BF00700240AE
:1004900000E100E00400004000ED00E03001001049
:1004A000DBE5B151000100403401001000EC0640D2
:1004B00014EC064030FC060014ED064000780240C3
:1004C0000478024001A800248DF80440FFF7D2F818
:1004D0009DF80430002B3FF444AF01A80194FFF7CE
:1004E000C7F8019B002B7FF468AEEBE601A88DF8FE
:1004F0000420FFF7BFF89DF80430002B3FF489AECD
:10050000FFF7B4F888E6084B00221A6043E7064B71
:10051000C0221A60A2E6054B00221A6051E7034B85
:1005200003221A6075E700BF14EC064014ED064084
:1005300008B50020FDF74AFF00B108BD024B1B685B
:10054000DB07FAD500BE08BDF0ED00E0FDF738BFCF
:10055000C378828803F003000228C2F30A0205D0A0
:10056000032819D0012807D00020704702291CD089
:10057000402A09D801207047022940F2FF3308BF02
:100580004FF480639342F6D20A4B186810F00100D2
:10059000F1D000BE0020704702290CBF4FF48063E9
:1005A00040239342F0D30120E5E7B2F5007FE1D08C
:1005B000EAE700BFF0ED00E00A44914216D230B401
:1005C0004C78052C05D00C7821448A42F8D830BCF0
:1005D00070478C7804F07F0500EB4505E4092B5546
:1005E0000C7821448A42EBD830BC7047704700BF7A
:1005F00030B40A236B24017044708370F9B94270DF
:100600000122114B02714FF4C8714FF001320F4DAE
:10061000C0F80630642400234181C26040F2FF71BB
:10062000C0F816200A2205618482438430BC80F819
:1006300024308377C0F826304183828370470129B4
:1006400008BF8270DCE700BFD007A0011000A00146
:10065000F8B5077804460E4615469FB1012F0FD115
:100660008078002110F0F6FA31461048E8F7A0FD36
:1006700029460E48E8F79CFDA078394610F0EAFAC2
:100680000020F8BD41780A48F2F7DAFE3146084802
:10069000F2F7BCFD29460648F2F7B8FD0448F2F728
:1006A00039FF003818BF0120F8BD00BF6C2C0120B5
:1006B000A42C01202DE9F041047806460F4690460F
:1006C0000CB3012C19D18078002110F0C3FA48F046
:1006D00080011F48E8F76CFD00211D48E8F768FD20
:1006E00001210446B07810F0B5FAFF2C14BF0026A3
:1006F00005263C703046BDE8F081002634463C704B
:100700003046BDE8F081417812480546F2F798FE80
:1007100041462846F2F77AFD2846F2F7FBFE0346EB
:10072000717828461E1E4FF0010218BF0126F2F70D
:1007300047FE02E0F2F77EFDC4B22846F2F762FD02
:1007400003462846002BF5D13C703046BDE8F081C9
:100750006C2C0120A42C012030B5012183B004466B
:100760000F2010F0F3F9204B40F20332C3F820279A
:1007700001210F2010F06EFA0A200CF015FF2578E9
:1007800075B3012D0ED11948E8F70CFC174829461E
:10079000E8F7BCFCA078294610F0D8F9A0782946E3
:1007A00010F058FA00238DF8063042F210729DF8CE
:1007B0000630013A0133DBB292B28DF80630002ADE
:1007C000F5D120460F220DF10701FFF773FF9DF8C9
:1007D00007006938012894BF0020012003B030BD14
:1007E0000348F2F767FDDDE7000300506C2C0120A1
:1007F000A42C01202DE9F041044682B000258DF89B
:100800000450FFF7A9FFA37B8DF80450012B064687
:1008100038D02A4610212046FFF71AFF132201A9DB
:100820002046FFF747FF9DF80420E37B02F07F029C
:10083000012B8DF804204FF0130108BF42F0800215
:10084000204608BF8DF80420FFF702FF237900221D
:10085000012B8DF8042000F09F8011212046FFF726
:10086000F7FE0F220DF105012046FFF723FF237E3F
:10087000012B59D094F82230002B63D1304602B0BE
:10088000BDE8F081A28A642A00F02881C82A00F01D
:100890001F81322A0BBF072204220F200C200BBF1E
:1008A0000B25082503230023218A042900F01B813E
:1008B000082900F01181022908BF1A46638A40F214
:1008C00041318B4200F0508110D8342B00F052811E
:1008D0001ED9D02B00F02C81B3F5D07F40F056818B
:1008E00042F06002D2B28DF8042093E741F6042171
:1008F0008B4200F0458140F28D8043F212418B42E1
:1009000040F0448162F04F02D2B28DF8042081E7BA
:100910000D2B00F013811A2B40F0388142F0200299
:10092000D2B28DF8042075E79DF80530692B00F0F0
:10093000CC806A2B04BF4FF48073238494F8223058
:10094000002B9BD05C220DF106012046FFF7B2FE82
:1009500094F824509DF806202D0105F0100502F0B2
:100960001007AF4240F090809DF80530692B00F0F1
:10097000C8806A2B82D10DF1070119222046FFF7AA
:1009800099FE9DF80720204642F0200219218DF89B
:100990000720FFF75DFE71E7E388B3F5FA7F00F00B
:1009A000A48047D87D2B00F08480F52B15BF8C21C7
:1009B00080217C20702015BF6C2560255C27502786
:1009C00015BF4FF04C0C4FF0400C3C22302215BFAD
:1009D0004FF02C0E4FF0200E4FF01C084FF0100877
:1009E0002389D02B00F0B48007D81A2B00F0AC80FC
:1009F000342B43D18DF804202FE740F2413293424B
:100A000000F0AE8040F27C62934230D18DF8041049
:100A10000A4622E740F27C618B4200F0838040F678
:100A200002518B4240F0B28062F06F02D2B28DF878
:100A30000420EFE6B3F57A7F15BF8C2188217C2056
:100A4000782015BF6C2568255C27582715BF4FF007
:100A50004C0C4FF0480C3C22382215BF4FF02C0EA6
:100A60004FF0280E4FF01C084FF01808B8E7B3F508
:100A7000D07F71D18DF804502A46EEE60D2B6BD154
:100A80008DF804804246E8E622F010022A435C21F9
:100A900020468DF80620FFF7DBFD002F7FF464AFC2
:100AA000002D3FF461AFAA2242212046FFF7D0FD7E
:100AB0005AE782217220622552274FF0420C3222DF
:100AC0004FF0220E4FF012088AE710232384D1E65C
:100AD00005220D200925E7E60246EFE606220E2054
:100AE0000A250223E0E62A46E8E6842174206425EC
:100AF00054274FF0440C34224FF0240E4FF01408CA
:100B00006EE70DF1070158222046FFF7D3FD9DF84F
:100B10000720204642F0800258218DF80720FFF779
:100B200097FDABE662F07F02D2B28DF8042071E649
:100B300042F05002D2B28DF804206BE642F010026F
:100B4000D2B28DF8042065E68DF804E0724684E6A2
:100B50008DF804703A4680E68DF804C062467CE663
:100B60008DF80400024678E642F07002D2B28DF8A9
:100B700004204FE642F03002D2B28DF8042049E65C
:100B800062F05F02D2B28DF8042043E642F04002E8
:100B9000D2B28DF804203DE6F8B5037805460C4640
:100BA00016460BB3012B1CD18078002110F052F8AF
:100BB00046F080012248E8F7FBFA00212048E8F7D8
:100BC000F7FA0021207006461D48E8F7F1FAFF28E1
:100BD0001AD060700026A878012110F03BF830464A
:100BE000F8BD00263046F8BD41781648F2F728FCDB
:100BF00031461448F2F70AFB1248F2F78BFC06461E
:100C000040B101263046F8BDFF2E607014BF0026AB
:100C10000526E0E70B48697802220546A71CF2F793
:100C2000CFFB05E0A742DDD0F2F704FB04F8010B8F
:100C30002846F2F7E7FA03462846002BF2D1D1E71F
:100C40006C2C0120A42C012030B583B000232A2273
:100C500001A9ADF804300546FFF79EFF9DF8052079
:100C60009DF8043043EA02231CB220B1052822D0AB
:100C70002B8D01332B85288A400816F029FC07EEBE
:100C8000904AF8EEE77A024617EE900A14460D46AF
:100C900016F030FC02460B462046294616F082FC30
:100CA00007A3D3E9002316F07DFC16F073FF00EED6
:100CB000100A03B030BDEB8C0133EB84DBE700BFDF
:100CC000D5CC5A0A48FB0F3F30B583B000232C2205
:100CD00001A9ADF804300546FFF75EFF9DF8052039
:100CE0009DF8043043EA02231CB220B1052822D02B
:100CF0002B8D01332B85288A400816F0E9FB07EE7F
:100D0000904AF8EEE77A024617EE900A14460D462E
:100D100016F0F0FB02460B462046294616F042FC30
:100D200007A3D3E9002316F03DFC16F033FF00EED5
:100D3000100A03B030BDEB8C0133EB84DBE700BF5E
:100D4000D5CC5A0A48FB0F3F30B583B00023282288
:100D500001A9ADF804300546FFF71EFF9DF80520F8
:100D60009DF8043043EA02231CB220B1052822D0AA
:100D70002B8D01332B85288A400816F0A9FB07EE3E
:100D8000904AF8EEE77A024617EE900A14460D46AE
:100D900016F0B0FB02460B462046294616F002FC30
:100DA00007A3D3E9002316F0FDFB16F0F3FE00EED7
:100DB000100A03B030BDEB8C0133EB84DBE700BFDE
:100DC000D5CC5A0A48FB0F3F72DF704773DF70477C
:100DD00074DF704777DF704738B5054608460C4624
:100DE00002F050FB102803D080280ED0012038BD1F
:100DF000EB7FA2881B2B0EDCE9180320E854487017
:100E00004A80EB7F0433EB77F0E7A368002BEDD04B
:100E1000E97F0D2901DD002038BD6A1811206854D2
:100E20000721517058681C689968DB68C2F80E3059
:100E3000C2F80600C2F80240C2F80A10EB7F123373
:100E4000EB77012038BD00BF0022C27702707047E7
:100E500030B5D1E9042485B0CD68074B00936946CD
:100E6000CDE902240195FFF7B7FF0446684602F07A
:100E7000DBFA204605B030BD88FC0600F0B589B02D
:100E8000064620221348694602F06EFFF37FC2181F
:100E90001D2A0CDDC3F11D04E4B2E2181D2A4FF037
:100EA0000005D8BF082705DD284609B0F0BD044677
:100EB00001250927F218601CF05469465770901CF0
:100EC000224617F07BFAF27F023214442846F47768
:100ED00009B0F0BD843D012010B50446094802F078
:100EE000A1FFE37F1C2B01DD002010BDE2180221D1
:100EF000E1540A2390705370E37F0333E3770120BA
:100F000010BD00BF843D0120C27F1C2A01DD0020EE
:100F1000704710B403469C18022098540120A17019
:100F20006070DA7F0332DA775DF8044B704700BFF8
:100F3000C07F7047704700BF38B551B11F2A1446B3
:100F400001D9002038BD054617F038FAEC770120AA
:100F500038BD084638BD00BF0023C3770370704713
:100F600010B4084A084C094902620022C0E90A414B
:100F7000C0E90C225DF8044B0270C27742628263C2
:100F8000704700BFFF0101002000F40020001E0098
:100F9000C185704780F82110704700BF01858185A9
:100FA0004285704790F82300704700BF80F82210F8
:100FB000704700BFF0B5154605EB8503274A89B099
:100FC000044603EB830300200E469B001168029049
:100FD000CDE90460ADF8143094F821308DF8083074
:100FE000CB07CDE90600039009D41D491D4BC87FEE
:100FF000E77F988101201C6099609F8010601949EB
:1010000002AA04F12000FFF7DFFE10B1002009B0B2
:10101000F0BD94F820101448019102F003FF0199EB
:1010200002460120FFF7D6FE0028EFD194F82000F9
:101030000121FFF7CBFE0028E8D10B4802F078FF32
:10104000628EA68595424FF0010094BF521B921A02
:10105000628684F8230009B0F0BD00BF6C3D01201A
:1010600000440120703D0120843D0120F0B50023A3
:1010700061F30F032D4D044661F31F4389B00363F1
:10108000FA21284602F0D6FEE68D2949278D086808
:10109000049706EB860303EB830300229B00059273
:1010A000ADF8143094F8213002928DF80830C3075F
:1010B000CDE9062203920BD41E4BE27F95F89B06E6
:1010C0009A8005F27C6501221C609D6098810A600F
:1010D000184902AA04F12000FFF776FE10B10020A3
:1010E00009B0F0BD94F820101048019102F09AFE6A
:1010F000019902460120FFF76DFE0028EFD194F818
:1011000020000121FFF762FE0028E8D1074802F025
:101110000FFF638EA7859E424FF0010094BF9B1B7B
:10112000DB1A638684F8230009B0F0BD843D0120FA
:101130006C3D0120703D012010B5044690F8200060
:10114000FFF746FE08B1002010BD84F823000248D6
:1011500002F002FF012010BD843D012030B50B8854
:101160008D88112B85B0044605D0262B33D0102B4B
:1011700025D005B030BD436AEB40DB07F9D52E48DA
:1011800001F0EEF90028F4D1636A94F823100122EB
:1011900002FA05F523EA050363620029E9D194F810
:1011A0002230002BE5D0238E23486386FA2102F0FB
:1011B00041FEE28D218D2046FFF7FCFED9E7CB7B77
:1011C000012BD6D1426A03FA05F515430023456287
:1011D00080F82330CDE70B7A012BCAD1002380F8A9
:1011E00023304FF4FA71144802F024FE238E5BB1D1
:1011F000658E95B1A36B0BB19847658E618D2A46BC
:101200002046FFF7D7FEB4E7A36B03B19847618D83
:1012100000222046FFF7CEFEABE7074802F09CFE17
:10122000626B002AA5D0009503AB2946284603959A
:101230000FF09AFA9DE700BF843D012075DF7047EB
:1012400010B44FF010144FF448010022C0E90041DF
:10125000C0E902225DF8044B704700BF014800F06E
:1012600085BF00BF74440120F8B500250D4F2E4600
:1012700001E0142D14D0A9B2384602F041FE013528
:1012800004460028F5D000F0F3FD0028F1D02046F8
:1012900000F0F8FD022804BF0136F6B2142DEAD1A1
:1012A0003046F8BD843D012070B58E881B480C4641
:1012B00094B0314602F024FE23881A2B05D01F2B50
:1012C0001CD0102B0FD014B070BD054600F0D2FD1D
:1012D0000028F8D0284600F0CFFD0028F3D128469A
:1012E00000F05CFEEFE7694600F040FE0028EAD01F
:1012F0006A4631460A4801F0F7FCE4E754F8080F63
:1013000061686B4603C33046BDF80030ADF802306B
:101310006946FFF793FF14B070BD00BF843D012004
:10132000A43D0120AADF7047ABDF7047ACDF7047F8
:10133000ADDF7047AEDF7047B0DF704710B5044BCC
:10134000044640F8043B02F06FF8204610BD00BF91
:1013500040FC060010B5054B044640F8043B02F083
:1013600063F820460EF066FC204610BD40FC0600E7
:1013700070B57B4B04461B68836196B0043002F065
:1013800091F894F82E30A06913F0320208BF84F867
:101390002F2013F00C0308BF84F830300DF1010248
:1013A000694602F037F894F82F209DF801001507E0
:1013B0000DD09DF8001002F00F0301F00F059D42C3
:1013C0004FEA12126DD243EA021284F82F2094F8E9
:1013D000303019070BD003F00F0100F00F058D42DC
:1013E0004FEA131369D241EA031384F8303094F8BA
:1013F0002E1011F0300340F096800FAD0F93C5E929
:101400000133C5E903338DF83C10AB610021ADF821
:1014100009109DF80A10206A1493012363F3420116
:101420008DF808208DF80A1008B1037873BB94F882
:10143000263013B104F12603129394F831200023CF
:10144000D2070893079358BFE38AADF81C3004F124
:10145000080004F12F01CDE9050154BF1846E08AC8
:10146000ADF82000294604F13203E569099505AA83
:101470000020FFF757FF054628B994F8253043BBF5
:10148000237D002B64D0284616B070BD109017F055
:10149000A6FF02AB80B2ADF84400ADF8460013934E
:1014A000C5E74FEA111101D191428CD30A462B4670
:1014B00043EA021284F82F2089E74FEA101001D185
:1014C000984290D30346294641EA031384F830300A
:1014D0008DE7ADF80D009DF80E2094F82F600C906C
:1014E000012363F3420242F608118DF80E208DF8B5
:1014F000123004AA0223ADF8101003A90D90ADF824
:101500003030ADF834300A9204F124030B910DF120
:1015100002020AA98DF80C600E93FFF705FF002860
:10152000AED00546AFE70F4B8DF805200FAD1B7809
:101530008DF80430022000230F938DF80600C5E9D2
:101540000133C5E90333AB618DF83C1001AB5DE7B6
:101550002146054800F0C6FF284616B070BD00BF02
:10156000803D012034FC0600C44101202DE9F041FA
:101570000B888E88502B8AB00C46054609D0512B1B
:1015800004D18B79012B19D0022B26D00AB0BDE8EB
:10159000F081CB88428E9A4235D0EA8E9A42F5D1BC
:1015A0006B6D002BF2D095F84420648A920700F10D
:1015B0008A802246294630469847E7E7836C002B0D
:1015C000E4D090F84420520701F108076CD43A4661
:1015D000294630469847A379D6E7A27B042A46D00D
:1015E000062A20D0012AD1D1EB6C002BCED095F861
:1015F0004420170704F1080400F1A580224629467B
:1016000030469847C2E7076D002FC6D090F84430A7
:10161000D90768D404F11208238A42462946304685
:10162000B847E388B9E7EA6B002AAFD0002202A9E5
:101630003046CDE90222CDE90422ADF80C208DF828
:101640000830FFF779FE2C6D54B195F84430D80777
:1016500000F19280B5F84230EA6B30462946A04747
:10166000E86B0BF0D7FF0023C5E90F338EE7E86B7B
:10167000002878D0B5F84010278A628A07EB020C60
:1016800000234FF0020E8C45CDE90633CDE9083337
:101690008DF818E039DD40F20913ADF81C3006A9C9
:1016A0003046FFF749FE71E703211A46009106AB69
:1016B00008213846CDE9066508970FF055F800284F
:1016C00089D1AB6C83E7032000211A46009006AB5A
:1016D0000846CDE9066508940FF046F800287FF427
:1016E00055AF6B6D65E7218A069604F11208042355
:1016F00000933A46404606ABCDE9088107950FF0C6
:1017000033F800288DD12F6D86E79DF81EC0ADF807
:101710001C3004F114014CF001033844ADF82220D0
:101720008DF81E300991ADF8207016F047FE238A1F
:10173000618AB5F842200B449BB2934238BF1346EE
:10174000A5F84230ABE703211A46009106AB0E2103
:101750002046CDE9066508940FF006F800287FF4CE
:1017600015AFEB6C4AE74FF480600BF039FF4FF494
:101770008061C5E90F017FE7E86BB5F84210069676
:1017800004230093224606ABCDE9075009910EF0E1
:10179000EBFF00287FF464AF2C6D5BE72DE9F04F81
:1017A0000F464FF6FF718F4289B0064615461C461C
:1017B00026D0F18A96F82E308C4228BF0C46DB06E4
:1017C00015D40DF1100B8C4228BF0C464FF00008C9
:1017D000718EADF810405A464FF6FF700595ADF882
:1017E0001280FFF7A3FD404609B0BDE8F08F3948ED
:1017F000394602F057FB08B1F18E31B9F18AE0E7C2
:10180000344802F071FB0746D3E7002002230DF1B4
:10181000100BADF81200ADF810305A460DF10E0362
:1018200038460593FFF784FD43F2014398424FD0B9
:1018300000284AD19DF80E8008F00108B8F1000F89
:1018400046D02448394602F05BFB8246A0B300F044
:101850001BFB033883B2002CC5D0CDF804804FF0B9
:101860000009984605E0BDF80E30E41AA4B21D4404
:1018700044B3504600F048FBA04503464246594653
:1018800028BF22463846BBB1ADF80E204FF001020A
:10189000738E8DF812200DF10E02CDE90625CDF8DC
:1018A00013908DF81790ADF81030FFF743FD002826
:1018B000D9D0504600F032FB4FF00008404609B046
:1018C000BDE8F08FDDF804808DE700F00108B5E792
:1018D000F18A78E7843D012010B5154B044640F8A5
:1018E000043B01F0A9FD134A0023127884F8443028
:1018F00014200321A384C4F82630C4F82A3084F8C5
:101900002E30E082C4E90F33C4E91233C4E9143342
:1019100084F831102375A3612362E36163866363F6
:10192000238784F82F2084F83020204610BD00BF84
:1019300040FC060034FC060070B44E68164A86600F
:101940000260D1E90262154B154D1C7845600261B9
:10195000142500220321C0E90F22C0E91222C0E9A8
:101960001422C660C58280F8311080F844200275C8
:10197000826102628284C0F82620C0F82A2080F8A2
:101980002E20C26142864263028780F82F4080F891
:10199000304070BC704700BF40FC060034FC0600BD
:1019A00088FC060010B4D1E90142CB680361C0E9AC
:1019B00002425DF8044B704701230375704700BF76
:1019C00080F82E10704700BFC182704741B190F877
:1019D0003130C182002262F3000380F83130704759
:1019E00090F83130012262F3000380F83130704703
:1019F00080F82F1080F83020704700BF90F84430F6
:101A0000016562F3000380F84430704790F8443079
:101A1000416562F3410380F84430704710B490F898
:101A2000443090F83140C164003918BF012161F39E
:101A3000041462F3C30380F8314080F844305DF849
:101A4000044B704751F8322F02604968416070477B
:101A500030B5C48A83B0944223460D4628BF13464E
:101A6000418E019500246A464FF6FF70ADF80030B4
:101A7000ADF80240FFF75AFC18B9BDF8000003B0FA
:101A800030BD204603B030BD30B5C38A85B00A46AC
:101A9000022B28BF0223418EADF8062000240DF151
:101AA000060502AA4FF6FF70ADF80830ADF80A40FF
:101AB0000395FFF73BFC18B9BDF8080005B030BD31
:101AC000204605B030BD00BF30B5044685B019488A
:101AD00002F00AFA94F82E3013F0100302D11846DF
:101AE00005B030BD05460146124802F0DBF900287A
:101AF000F6D0E18E11B9084605B030BD0DF10603F0
:101B000028460024022502AA0393ADF80A40ADF846
:101B10000850FFF70DFC43F20143984205D030B95D
:101B20009DF8063003F00100DAE72046D8E700F020
:101B30000100D5E7843D012090F82E3013F010030A
:101B400001D11846704730B5044685B011480D469E
:101B500002F0A8F910B1E18E11B9084605B030BD08
:101B60000DF1060328460024022502AA0393ADF8CE
:101B70000A40ADF80850FFF7DBFB43F201439842FF
:101B800006D008B99DF8060000F0010005B030BD90
:101B90002046E3E7843D012010B490F82E4014F075
:101BA000100407D013465DF8044B0A464FF6FF7148
:101BB000FFF7F4BD20465DF8044B7047A1DF704786
:101BC000A3DF7047A4DF704700238383704700BF03
:101BD000006A00F0E3B800BF808B70472DE9F04148
:101BE0000B88CE88382B86B00C46054606D0392B9C
:101BF00066D0362B43D006B0BDE8F08100F1240753
:101C0000002E36D10A8A3846314602F051FC94F84B
:101C10000C80B8F1010F2CD0B8F1040FEBD1286A79
:101C200000F0BCF801465C4802F06AF900F02CF9BB
:101C30002A8E053883B2934228BF1346002B00F04A
:101C40009A80218AE289286AAC8B8DF80D600A445B
:101C5000E96A05918DF80C80ADF81230ADF81020CE
:101C6000ADF80E4000F09AF803A9FFF7A9FF00288D
:101C7000C1D0384602F034FC06B0BDE8F081006AFD
:101C800000F08CF80146444802F03AF900F0FCF804
:101C900007466EBB05F12406E289304604F11001C7
:101CA00002F006FC2B8E2BB1F81EE38980B20138BE
:101CB000834255DA304602F013FC06B0BDE8F081ED
:101CC0000B7B012B1AD0022B95D1836B002B92D06A
:101CD00090F83C208F8892071FD401F11006E2890A
:101CE00031462846984761893846FFF76BFF82E7FF
:101CF00005F12407384602F0F3FBBDE7436B002BE8
:101D00003FF479AF90F83C20D10717D404F11006C6
:101D1000E2893146284698476DE7C989039004F166
:101D2000100603201A46009003AB3046CDE904614B
:101D30000EF01AFD0028D6D1AB6BD0E7E1890390F5
:101D400004F1100603201A46009003AB3046CDE99B
:101D500004610EF009FD00287FF44DAF6B6BD7E7EF
:101D6000286A00F01BF86A8EA98B92B2FFF726FF53
:101D700000289FD13FE7AA8B286AADF80E2040F2D9
:101D80000511ADF80C10CDE9043300F007F803A9F4
:101D9000FFF716FF6DE700BF843D01208088704784
:101DA00076DF70478FDF704790DF7047A5DF7047A1
:101DB000B1DF7047B5DF704710B5074B03600446CD
:101DC000806A0CF06FFAE06A0CF06CFA206B08B1D4
:101DD0000CF068FA204610BD58FC060010B5094BFF
:101DE00003600446806A0CF05DFAE06A0CF05AFA6F
:101DF000206B08B10CF056FA20460DF01BFF204670
:101E000010BD00BF58FC060070B504460D4692E8B0
:101E10000300A5800E0CA061A183144DA6771720A6
:101E20001B2156892560E0809589D089E181D1798F
:101E30006581012222752274A081617418461946B9
:101E400026819DF810500BF08FFC2946A062284691
:101E50000BF08AFC4FF4885100234FF6FF72E182A9
:101E6000E062628223636375204670BD58FC060001
:101E7000007D7047407D7047C07D113818BF01203C
:101E8000704700BF407C7047C0887047008970472A
:101E90004B7D10B44BB11F310C688A888B7904607C
:101EA00082805DF8044B837170471831F4E700BFFE
:101EB00008B58088FFF77AFFB0FA80F0400908BDC6
:101EC00008B58088FFF770FFB0FA80F0400908BDC0
:101ED00000B583B00B468DF8041080888DF805306E
:101EE00001A9FFF75FFFB0FA80F0400903B05DF889
:101EF00004FB00BF08B513218088FFF751FFB0FA3B
:101F000080F0400908BD00BF08B56621806A0CF06A
:101F10004DF8003818BF012008BD00BF08B50023E8
:101F20001A461946806A0BF051FC003818BF012090
:101F300008BD00BF818800F11F02407C02F016BB83
:101F400038B50A4605460C468188407C02F0FAFA0C
:101F50002146012051F8483FC5F81F308B888A7907
:101F600085F82520A5F82330687538BD38B50A46B0
:101F700004460D4600F11801407C02F02DFB60750F
:101F800050B1294651F8483FC4F81F308B888A79F0
:101F900084F82520A4F8233038BD00BF10B5447D57
:101FA00024B100F11F01407C02F0F4FA204610BD7C
:101FB00070B50B88113B82B00C460546462B2BD8DA
:101FC000DFE803F0383B2A2A2A2A2A2A2A422A2A28
:101FD0002A2A2A2A50585E642A2A2A2A2A2A2A2A9F
:101FE0002A2A2A2A2A2A2A2A2A2A2A2A2A672A94AA
:101FF0002A2A2A2A2A2A2A2A2A2A2A2A2A2A2A2A41
:102000002A2A2A2A2A246A2A752C84000023A888CE
:102010001A461946FFF7CCFE02B070BD8B79002B33
:10202000FAD1006BAB750028F6D01A4619460BF0B2
:10203000CDFBF1E700230375EEE74B8903818B8924
:102040004381CB898381E7E70B7AC375112BE3D0FA
:10205000818800F11F02407C02F076FB03460028D5
:10206000DAD1D4E7002301A98088ADF80430FFF766
:1020700099FED1E70B7A002BCED14B7A0374CBE7D4
:10208000002211468088FFF78FFEC5E70B89C381C8
:10209000C2E74B89C380BFE7006B0123AB75002803
:1020A000BAD000231A4619460BF090FBB4E7417CE6
:1020B000164801F01DFFE3880146994228BF1946E2
:1020C00089B2A888E980FFF775FEA5E78B79002B18
:1020D000A2D0002600231A461946A86A0BF076FB08
:1020E0000136A279F3B29A42F4D895E78B7A002BA5
:1020F00092D0002600231A461946E86A0BF066FBC8
:102100000136A27AF3B29A42F4D885E7843D0120E1
:1021100070B58AB086880B4606A84FF4285114463D
:1021200005934FF6FF7501F091F90120CDE9010506
:10213000059B0094314606AA044800F06FF8044657
:1021400006A801F071F920460AB070BDC441012013
:1021500010B50446043002F047F9034B2360002316
:102160002375204610BD00BF0100FFFF017D01B1B6
:10217000704710B50446043002F040F9012323757E
:1021800010BD00BF007D70470B88322B10B504D006
:10219000332B17D0302B08D010BDCB88DBB1041DFA
:1021A0002046BDE8104002F09BB9CB88041D002BEF
:1021B000F6D14B89002BF3D00A3120460A2202F0D7
:1021C00077F9EDE7CB88002BE9D14A89002AE6D0E0
:1021D00002EB420204E04A89002AE0D002EB8202CC
:1021E0005200041D023292B20A31204602F060F918
:1021F000D6E700BFA0DF704710B5044600F5F870C1
:1022000002F0F2F82046F822002116F0FFF8F8223A
:10221000A018002116F0FAF8204610BD2DE9F0476D
:1022200082B00546BDF82C60BDF830402048ADF8BE
:102230000460BDF828A0ADF80640904699460F46C8
:1022400001F05EFE05F5F875064603E0FFF71EFE99
:102250000BF0AAF9284602F029F904463046002C72
:10226000F4D10121284602F0C9F8524649462846D1
:1022700002F0E0F808F10401384601AAFFF7BAFFBE
:1022800030B1284602F0C4F8204602B0BDE8F0871D
:102290004FF4FA71284602F0D3F820EAE074284699
:1022A00002F0B6F8A4B2204602B0BDE8F08700BF45
:1022B000843D01202DE9F04F8F880D8885B0884638
:1022C00004463946864801F01BFEA5F11003012B98
:1022D000814640F2908094F854203AB30026334669
:1022E0001633502D54F823A069D0512D1AD198F8E7
:1022F0000630B8F808B0022B53D0BBF1000F11D054
:1023000051466846FFF79EFBBDF800305B4559D04B
:10231000514602A8FFF796FBBDF80C305B4551D043
:1023200094F854200136F3B29342D9D394F84C3147
:10233000002B00F0D18004F5A679002604E094F883
:102340004C310136B34220DD59F8040FFFF740FC51
:10235000B842F4D1382D03D0392D01D0362DEED12D
:10236000B8F80AA0BAF1000FE9D0D9F800B0584681
:10237000FFF732FC5045E2D158464146FFF72EFCAC
:1023800094F84C310136B342DEDC112D55D0352D99
:1023900004D1B8F80A30002B40F08F8005B0BDE8BA
:1023A000F08F98F80E30062BA7D1DAF8003050469F
:1023B000DB68414698474846FFF75EFDB0E7B8F84E
:1023C00006B09AE7DAF800305046DB684146984795
:1023D0004846FFF751FD0028A2D0502DA0D151460C
:1023E00002A8FFF72FFBBDF80C305B4598D148469B
:1023F000FFF7A0FD94E72378002B3FF46CAF002695
:10240000112D33460CD004EB83033946586803681A
:102410005B68984701362278F3B29A42F3D85AE7BC
:1024200004EB83033946586803681B6898470136F4
:102430002278F3B29A42F3D84DE7D3B1002633465F
:1024400005E094F84C210136F3B29A4211D904EB1D
:102450008305D5F85001FFF7BBFBB842F1D1D5F8A1
:102460005001FFF7B1FB013694F84C21F3B29A42C8
:10247000EDD894F8F820002A90D000252B4604EBE4
:102480008303D3F8FC008388BB420AD00135EBB24A
:10249000934283D204EB8303D3F8FC008388BB42CE
:1024A000F4D103681B689847013594F8F820EBB223
:1024B0009342E4D305B0BDE8F08F04F5F874B8F8A2
:1024C0000C20204608F1100101F0F2FF204605B073
:1024D000BDE8F04F02F004B8112D7FF458AFC8E703
:1024E000843D012090F85420272A0CD810B40346CC
:1024F00002F11604013280F8542043F82410012020
:102500005DF8044B70470020704700BF0378132B21
:1025100006D800EB8302013303700120516070473D
:102520000020704778DF70477ADF7047054A03461E
:1025300092E80300002283E80300C3E90222184660
:10254000704700BF60FC060008B5FFF7EDFF08B15B
:10255000002008BDFFF7E6FFB0FA80F0400908BD93
:10256000F8B500250D4F2E4601E0142D14D0A9B268
:10257000384601F0C5FC013504460028F5D0FFF7C8
:1025800077FC0028F1D02046FFF77CFC012804BF2F
:102590000136F6B2142DEAD13046F8BD843D012053
:1025A00008B501804280FFF7BFFFB0FA80F0400914
:1025B00008BD00BF81607047C1607047704700BFB1
:1025C0008ADF704730B40D4CC4621F2500225024AE
:1025D0008584A025C0E91122C0E90F22A0F8465049
:1025E000A0F84840006230BC8262028680F8382041
:1025F0004263C264A0F85020704700BF0001800011
:102600002DE9F04F10468DB016460C4600F03AFF0B
:10261000C5B2102D4FD0B66807220623A16994F8E1
:102620001C9001918DF80D208DF80C30ED080DF106
:102630000C080DF10E0A0027B9F1010F0A97CDE938
:102640000477CDE90677CDE90877CDF82B700ED960
:1026500098F8000001994B464A7882420FD00A78D8
:10266000D4432344013213F0FF031144F4D108F1A1
:102670000108C245E0D100200DB0BDE8F08F11F88F
:10268000024B013CE4B2224604A815F097FE0DF17E
:10269000100B1CB9EBE714F0FF04E8D058462A46AB
:1026A000314615F07DFE641BAB440028F3D10120B8
:1026B0000DB0BDE8F08F043603220223AEE700BF61
:1026C0002DE9F0430B888E88103B87B00D460446F9
:1026D0000D2B2CD8DFE803F077072B2B2B2B2B2B84
:1026E0002B2B2B842B2E836AF340DB071FD55648F8
:1026F000FEF7BAFDD8B9A36A94F82C20012505FA93
:1027000006F623EA0606A6628AB994F82D3073B15C
:102710001F232462A38404F1200104F14400FFF785
:102720004FFF20B9494801F003FC84F82C5007B052
:10273000BDE8F08390F92E2091F91B309A423ADCE3
:1027400090F8383001F108080BB3DFF80491002647
:1027500002E0D6B2B34218D9636BCDF8089003EB10
:10276000061302AA59680391D3E902734146204631
:1027700005930497FFF744FF074602A800F054FEB4
:1027800094F83830721C002FE3D09E4213D094F896
:102790002F30002B49D095F82430012B0BD9296A12
:1027A0004A78FF2A30D00A78D0430344013213F02C
:1027B000FF031144F4D104F120010020FFF700FFD2
:1027C00007B0BDE8F083CB7B022BB0D1836A012236
:1027D00002FA06F633430022836280F82C20A6E733
:1027E0000B7A012BA3D1002580F82C50174801F05B
:1027F000B3FB226C002A9AD0009502AB29462846EA
:1028000002950DF0B1FF92E711F8025B6A1ED2B299
:10281000022A28BF022202A815F0D0FD012DCAD03D
:10282000228EBDF808309A42C5D1E26B002A3FF4EF
:102830007EAF01230093404602AB2421CDF80880EF
:102840000DF092FF73E700BF943D0120843D01200D
:1028500088FC060046DF70477FDF704780DF7047E7
:1028600081DF704785DF704786DF704738B51C46CB
:102870000D460346114628462246984734B1014684
:1028800000222846BDE83840FFF7E8BF38BD00BF4A
:1028900010B50C4682B003466946204698476A4602
:1028A00020460121FFF7DAFF02B010BD10B5044643
:1028B000083002F091F9074B2360032200232271B4
:1028C000C4F81034C4F81434C4F81834C4F81C34F0
:1028D000204610BD3507100330B50446ADF55F7DC9
:1028E00000F108058F4802F00BF90821284602F094
:1028F00077F9684602F07EF96846082102F07EF911
:102900006946284602F01CF904F54F7141226846D9
:1029100002F082F9684602F07BF994F85C0394F8BF
:102920005B2394F83D1394F83E3384F83D0384F818
:102930003E2394F85A0394F8592394F83F5384F8AB
:102940005C1384F85B3394F8401394F8413384F8B3
:102950003F0384F8402394F8580394F8572384F8ED
:102960005A5384F8591394F8425394F8431384F853
:10297000410384F8583394F8560394F8443384F8A8
:10298000422394F8552384F8575384F8430384F87A
:10299000442384F8553384F8561394F8451394F877
:1029A000540394F8532394F8463384F8450384F889
:1029B000462394F8520394F8512394F8475384F82B
:1029C000541384F8533394F8481394F8493384F833
:1029D000470384F8482394F8500394F84F2384F86D
:1029E000525384F8511394F84A5394F84B1384F8D3
:1029F000490384F8503394F84E0394F84C3384F828
:102A00004A2394F84D2384F84F5384F84B0384F8F9
:102A10004C2384F84D3384F84E1394F85D1394F8E6
:102A20007C0394F87B2394F85E3384F85D0384F888
:102A30005E2394F87A0394F8792394F85F5384F82A
:102A40007C1384F87B3394F8601394F8613384F832
:102A50005F0384F8602394F8780394F8772384F86C
:102A60007A5384F8791394F8625394F8631384F8D2
:102A7000610384F8783394F8760394F8643384F827
:102A8000622394F8752384F8775384F8630384F8F9
:102A9000642384F8753384F8761394F8651394F8F6
:102AA000740394F8732394F8663384F8650384F808
:102AB000662394F8720394F8712394F8675384F8AA
:102AC000741384F8733394F8681394F8693384F8B2
:102AD000670384F8682394F8700394F86F2384F8EC
:102AE000725384F8711394F86A5394F86B1384F852
:102AF000690384F8703394F86E0394F86C3384F8A7
:102B00006A2394F86D2384F86B03012084F86F53D3
:102B100084F86E1384F86C2384F86D330DF55F7DB3
:102B200030BD00BF1045012031B173B103780422DC
:102B300062F3061303707047002B03780CBF032267
:102B4000022262F3061303707047037802F0070253
:102B500062F3061303707047037861F34103037057
:102B6000704700BF0B7803F0FE03042B01D0002058
:102B7000704770B515468CB00C462022002104A881
:102B800015F044FC28686968AA68EB686D460FC5B3
:102B90009DF800109DF80F209DF801609DF80E50E3
:102BA0009DF802008DF80F1023469DF80D108DF84A
:102BB00000209DF803208DF80E608DF801509DF8DF
:102BC0000C609DF804508DF80D008DF802109DF8F2
:102BD0000B009DF805108DF80C209DF80A208DF84B
:102BE00003608DF80B508DF804008DF805208DF8EA
:102BF0000A109DF8061033F8042FADF810209B78CA
:102C00009DF809209DF81D009DF810609DF81F504B
:102C10008DF809108DF806209DF811109DF81E20E2
:102C20008DF81D309DF807308DF812008DF81F606B
:102C30009DF808009DF813608DF810508DF81E1057
:102C40009DF81C509DF814108DF811208DF8083057
:102C50009DF81B209DF81A308DF807008DF81C6038
:102C60008DF813509DF815608DF81B108DF8142009
:102C700068468DF815309DF819109DF817209DF8BD
:102C800018309DF816508DF818208DF816108DF814
:102C900017308DF81A608DF81950FFF7DBFD627858
:102CA0009DF82F309DF82E009DF82D108DF82100F5
:102CB0009A428DF8221004F1010404D0012080F022
:102CC00001000CB070BD6278C3B29A4204F10104F5
:102CD000F4D16278CBB29A42F0D10020EFE700BF86
:102CE000C0F81814704700BF08B5137CDB0758BF45
:102CF0001C32084602F11201FFF7B4FDB0FA80F071
:102D0000400908BDF0B58F880E46ADF56B7D0446D1
:102D10003946464801F0F4F83388133B0546072B43
:102D20002FD8DFE813F03E005F006D002E0028036F
:102D3000870008003100337AB3B9737B9B070ED448
:102D4000294602A8FFF7A4F80299BDF80C209DF8C7
:102D50000E3084F80C34C4F80614A4F80A2428466B
:102D600004F2BE31FFF7ECF8D4F818244AB1307AF7
:102D70000D9002230021009308460CAB0C970DF038
:102D8000F3FC0DF56B7DF0BDD4F81C24002AF8D0BF
:102D900001230021009308460CAB0C970DF0E4FCD6
:102DA000EFE704F2BE3304F2DA320C9304F2F633A6
:102DB00000251092119304F23D3204F27E330F92FB
:102DC0001393CDE90D551295FFF75CF801280CBF60
:102DD00022462A460CAB29463846FFF73DFD0DF545
:102DE0006B7DF0BD0CA9FFF7C1F80346002800F089
:102DF000D2820CA9384600231AAAFFF735FDC0E796
:102E0000D4F810140029BCD0B37B094A03F00103A5
:102E10000F930423CDE90C1706F108000093062157
:102E20000CAB0E900DF0A0FCABE700BF843D012081
:102E30006D28050094F87E3394F89D2394F87FC3A1
:102E400094F89C6394F8805394F89B0384F89D3322
:102E5000042194F89A3384F87D1384F87E2394F83F
:102E6000811394F8822384F89CC384F87F6394F8D8
:102E700099C394F8836384F89B5384F8800394F88F
:102E8000985394F8840384F89A1384F8813394F85F
:102E9000971394F8853384F8992394F8962384F84B
:102EA00082C384F8986384F8835384F8970384F882
:102EB000841384F8852384F8963394F8862394F851
:102EC000953394F887C394F8946394F8885394F8EE
:102ED000930394F8891384F8952384F8863394F83F
:102EE000922394F88A3384F894C384F8876394F81F
:102EF00091C394F88B6384F8935384F8880394F80F
:102F0000905394F88C0384F8921384F8892394F8EE
:102F10008F1394F88D2384F8913394F88E3384F8CA
:102F20008AC384F8906384F88B5384F88F0384F801
:102F30008C1384F88D3384F88E2394F89E2394F8B0
:102F4000BD3394F89FC394F8BC6394F8A05394F8ED
:102F5000BB0394F8A11384F8BD2384F89E3394F83E
:102F6000BA2394F8A23384F8BCC384F89F6394F81E
:102F7000B9C394F8A36384F8BB5384F8A00394F80E
:102F8000B85394F8A40384F8BA1384F8A12394F8EE
:102F9000B71394F8A52384F8B93394F8B63384F8BA
:102FA000A2C384F8B86384F8A35384F8A41384F804
:102FB000B62384F8A53384F8B70394F8A60394F8ED
:102FC000B51394F8A72394F8B43394F8A86394F84D
:102FD000B35384F8B50384F8A61394F8A90394F8BE
:102FE000B21384F8B42384F8A73394F8AA2394F88E
:102FF000B13384F8B36384F8A85394F8AB6394F8BE
:10300000B05384F8B20384F8A91394F8AC0394F88D
:10301000AF1384F8B12384F8AA3394F8AD2394F85D
:10302000AE3384F8AD3384F8AE2384F8B06384F80B
:10303000AB5384F8AF0384F8AC130CA801F0DAFDAD
:103040000CA8082101F0DAFD04F27D310CA8412220
:1030500001F0F4FD0CA904AA202304F1080001F0FA
:103060009DFD0CA801F0D4FD9DF810109DF82F00D7
:103070009DF811309DF82E209DF812609DF82D507E
:103080008DF810008DF82F109DF813009DF82C106E
:103090008DF811208DF82E309DF814209DF82B30DE
:1030A0008DF812508DF82D609DF815509DF82A600E
:1030B0008DF813108DF82C009DF816109DF829003E
:1030C0008DF814308DF82B209DF817309DF82820AE
:1030D0008DF815608DF82A508DF816008DF81720A0
:1030E0008DF828308DF829109DF818109DF82700CC
:1030F0009DF819309DF826209DF81A609DF82550FE
:103100008DF818008DF827109DF81B009DF82410ED
:103110008DF819208DF826309DF81C209DF823305D
:103120008DF81A508DF825609DF81D509DF822608D
:103130008DF81B108DF824009DF81E109DF82100BD
:103140008DF81C308DF823209DF81F309DF820202D
:103150008DF81D608DF822508DF821108DF81F20FC
:103160008DF820308DF81E0094F87E0394F89D139E
:1031700094F87F2394F89C3394F8806394F89B53DD
:1031800084F89D0384F87E1394F8810394F89A13CD
:1031900084F89C2384F87F3394F8822394F899333D
:1031A00084F89B6384F8805394F8836394F898536D
:1031B00084F89A0384F8811394F8840394F897139D
:1031C00084F8992384F8823394F8852394F896330D
:1031D00084F8986384F8835384F8841384F89623DE
:1031E00084F8853384F8970394F8860394F895134C
:1031F00094F8872394F8943394F8886394F893535D
:1032000084F8950384F8861394F8890394F892134C
:1032100084F8942384F8873394F88A2394F89133BC
:1032200084F8936384F8885394F88B6394F89053EC
:1032300084F8920384F8891394F88C0394F88F131C
:1032400084F8912384F88A3394F88D2394F88E338C
:1032500084F8906384F88B5384F88C1384F88E235D
:1032600084F88D3384F88F0394F89E0394F8BD138B
:1032700094F89F2394F8BC3394F8A06394F8BB535C
:1032800084F8BD0384F89E1394F8A10394F8BA134C
:1032900084F8BC2384F89F3394F8A22394F8B933BC
:1032A00084F8BB6384F8A05394F8A36394F8B853EC
:1032B00084F8BA0384F8A11394F8A40394F8B7131C
:1032C00084F8B92384F8A23394F8A52394F8B6338C
:1032D00084F8B86384F8B70384F8A41384F8B62399
:1032E00084F8A53384F8A35394F8A65394F8A7233D
:1032F00094F8B43394F8B50394F8A81394F8B3632E
:1033000084F8B55384F8B42394F8A95394F8AA2305
:1033100084F8A73394F8B13394F8B0C384F8A603C3
:1033200084F8B31394F8B20394F8AB1384F8A86349
:1033300084F8B25394F8AC6394F8AF5384F8B12393
:1033400084F8AA3394F8AD2394F8AE3384F8A90333
:1033500084F8B013384604A984F8ABC384F8AF638B
:1033600084F8AC5384F8AE2384F8AD33FFF778FAD1
:103370000DF56B7DF0BDD4F81424002A3FF401ADA7
:103380000223002100930C920CAB064A0D970846CD
:103390000DF0EAF9F5E438461A461946FFF764FAE3
:1033A000EFE400BF91280500A8DF7047704700BF19
:1033B00030B5044683B0083000F074F804F10C0115
:1033C0000DF106020120FFF7EFFF054628B9044B77
:1033D00004481C602146FFF799F8284603B030BD29
:1033E000803D0120C441012030B44C68C460D1E963
:1033F0000241054A054D0260054A8560C0E9044165
:10340000426030BC704700BF70FC060088FC0600BC
:103410000000111183790B70C3791370704700BFDE
:1034200062DF704763DF7047704700BF10B5044626
:103430000CF000FC204610BD034A02600022C0E9E7
:10344000022282718280704788FC060010B4054C0D
:103450008180002201210460C0E902225DF8044B52
:103460008171704788FC0600002210B4044C04608F
:1034700081605DF8044B82718280C260704700BF3A
:1034800088FC06008379012B0AD0826832B9C268B1
:1034900022B9012B8CBF802000207047802070470C
:1034A000102070472DE9F047857982B0002D47D173
:1034B000C7680646002F47D010200AF091F88246D0
:1034C000384615F08CFF441E30B3DFF88490A846D0
:1034D00004E00134023C1FD4102D1DD017F804C0A5
:1034E000BCF12D0F07EB0402F3D099F80030ADF8D2
:1034F00005808DF8043012F8013C8DF8043010225C
:10350000002101A88DF805C016F0BAFE6B1C023C24
:103510000AF80500DDB2DFD5C6F808A0BAF1000F41
:103520000ED0B11D5046FFF77BFFB168321D102051
:10353000FFF778FFB0FA80F0400902B0BDE8F087ED
:10354000012002B0BDE8F087D0F808A0E6E700BF90
:103550007CFC06004DDF70474EDF70474FDF704741
:1035600050DF70474BDF704710DF70477CDF7047DC
:103570007DDF704760DF704769DF704761DF70474C
:1035800066DF704767DF7047704700BF0C200DF0A3
:10359000A1BB00BF30B5224C224D83B0D4F8280720
:1035A0004FF0FF310AF002FD0028F7D0C5B101A8A5
:1035B000FFF7D8FF0528F1D00028F8D1019B032B95
:1035C0001BD8012BF3D9184608F012FFEFE70A2B9E
:1035D00004D0092B21D00B2B02D10120FCF7E4FDF4
:1035E00001A8FFF7BFFF0528D8D00028F8D1019B1C
:1035F000A3F10902022AF3D8E9E7A3F10902022A9A
:10360000D5D80A2B04D0092B05D00B2BCFD1012004
:10361000FCF7CAFDCBE70220FAE70220DEE700BF95
:10362000843D0120F1C305002DE9F04F2DED028B03
:103630004FF4FA7089B009F0D3FFB24E00F10803DD
:1036400008EE103A054606F5F06706F5C86AD6F8A2
:1036500024074FF0FF310AF0A9FC0028F7D04FF4FF
:10366000FA730DF116012846ADF81630FFF786FF04
:1036700010B10528F3D1EAE7B5F80490B9F1130FBA
:1036800000F2398106EB8903D3F834473CB129466F
:103690002046FEF78DFC9C482946FFF733FB2B881C
:1036A000013B1B2B5AD8DFE813F0160159005900D3
:1036B0005900590059005900590059005900590042
:1036C0005900590059005900B4001C005900590014
:1036D0005900590059005900590059005900590022
:1036E000A200DFF838824FF0000B58F8040F30B119
:1036F000FEF7BEFB18B10BF1010B5FFA8BFBB8456F
:10370000F3D1BBF1000F06D196F830371BB1594603
:103710000C200DF09FFA2046FEF7B4FB012800F0C4
:10372000EC80F26962B10223002195F808C0009391
:10373000084606ABCDF81890CDF81CC00DF014F873
:1037400009F5E67806EB8803586810B103685B68F2
:10375000984706EB88080023C8F8043029465046ED
:10376000FDF7FCFC69482946FEF7AAFFB6F8323798
:103770004B452B8800F0B480102B1ED02CB3204674
:10378000FEF780FB012803D15E482946FEF716FFAD
:103790002046FEF777FB02281BD05D48FEF7F2FCBF
:1037A00000BB5C482946FEF785FDD6F88837002B1C
:1037B0003FF455AF2846984751E7EB7B012BDDD10D
:1037C000AB88A6F83237002CD9D14E482946FEF7EF
:1037D000F5FE51482946FDF767FD4D48FEF7D2FC3E
:1037E0000028DED04A482946FEF7CEFCD9E7D6F8B5
:1037F0008427002AB2D00223002195F908C0009343
:10380000084606ABCDF81890CDF81CC00CF0ACFF04
:10381000A4E74FF00008D6F82C07CDF80080434607
:10382000424603213D4C0BF03BFF54F8040F30B1EE
:10383000FEF71EFB18B108F101085FFA88F8BC42D8
:10384000F3D196F830376BB1B8F1000118BF012100
:103850000C200DF0FFF996F830371BB101210C2038
:103860000DF0F8F909F5E67806EB8804606820B1F8
:1038700003685B68984700236360EB7B012B0BBFF9
:1038800096F8123796F8183796F8134796F81947AE
:10389000039334200CF0CAF906EB8808039B0094CC
:1038A00018EE102A04464946FEF7AEFA2046C8F83C
:1038B0000440FEF7E7FA012832D0B269002A3FF44B
:1038C0004DAF012300210093084606ABCDF81890B8
:1038D0000CF04AFF42E700214846FFF751FE3DE762
:1038E000102B3FF46AAF112B7FF448AF4FF6FF73F4
:1038F000A6F8323742E70446D1E6F268002A7FF4A0
:1039000012AF1DE7843D0120A43D01202044012089
:1039100074440120C4410120943D0120B44401209D
:10392000B268002A3FF41AAF0021009006AB0846A7
:10393000CDF818900CF018FF10E700BF38B504461A
:10394000FEF7F4FD04F11000FDF77AFC04F120000D
:10395000FEF7ACFF04F58860FEF74EFC04F5C86086
:10396000FDF7FEFA04F27C60FDF76EFA04F29C604B
:10397000FEF728FE04F5DE60FEF7EAFB4FF4805305
:103980000025C4F8083716481649174AC4F80C072A
:1039900040F20113C4F81017C4F81427A4F818371C
:1039A000A4F81A5704F234702946502214F02EFD60
:1039B00001224FF6FF73A4F81C5784F81E57C4F871
:1039C0002457C4F82857C4F82C57C4F88857C4F8AB
:1039D000845784F83027A4F83237204638BD00BF1A
:1039E000010A1700030001011700030010B4172992
:1039F000B8BF1721022A9DF8044080F81347B8BFCA
:103A000002225DF8044BA0F80E17A0F8102780F8EA
:103A100012377047F0B5BF4E80F81C178DB080F894
:103A20001D2704460CF084F90CF08AF90CF048F9D3
:103A30003369B949039303A8FFF796FD18B1002530
:103A400028460DB0F0BD0120FFF786FD0120FFF7ED
:103A500081FD0120FFF782FD09A8FFF781FD099B89
:103A60009B0705D5AD4BD3F80435002B00F0FE8045
:103A70000023AB4A94F80D57049209A90120CDE91F
:103A800009330B938DF82450FFF776FD0028D6D12B
:103A900094F81D370B90CDE90900181E18BF0120BE
:103AA00094F81C578DF82700049A8DF8263009A940
:103AB00040208DF82550FFF75FFD0028BFD194F816
:103AC0000C170990034661F30003CDE90A00049A3C
:103AD0008DF8243009A9A020FFF74EFD0028AED1B3
:103AE000D4F808370A900B90049A099309A9A120E9
:103AF000FFF742FD0028A2D194F81C37002B40F0BC
:103B0000B98094F81D37002B48D00023B4F81477FF
:103B1000049A0993022509A92320CDE90A338DF8D7
:103B20002450ADF82670FFF727FD002887D1CDE996
:103B3000090094F81D77B4F816370B90049A8DF8A5
:103B4000245009A920208DF82670ADF82830FFF701
:103B500013FD00287FF473AF0990CDE90A0094F8B3
:103B60001837049A8DF8245009A922208DF82630A0
:103B7000FFF702FD00287FF462AFCDE9090094F859
:103B800019370B90049A8DF8245009A921208DF83B
:103B90002630FFF7F1FC00287FF451AF04A8FFF7AF
:103BA000E9FC00287FF44BAFCDE9070040F00103AA
:103BB00007A902208DF81C30FFF7E4FC00287FF4F1
:103BC0003EAF2046FEF7C0FC054600283FF437AF65
:103BD00004F12000FEF780FE337D52498DF8083055
:103BE0000D2202A8FFF7C2FC00287FF428AF94F84A
:103BF0001D37002B40F0888003220021012009F0AE
:103C000071FDC4F8240700283FF419AF05AB032663
:103C1000CDE900634449454800234FF4A0620AF00F
:103C2000DFFC32460021012009F05CFDC4F82807C2
:103C300000283FF404AF06ABCDE900633C493D48A2
:103C40000023C8220AF0CCFC3B4B4FF480021A60E0
:103C50003A4B00930023184601224FF480710BF079
:103C6000C9FCC4F82C0700F047FCE9E60220FCF789
:103C70009BFAFDE60990CDE90A00B4F80E37049AE4
:103C8000ADF82630012509A923208DF82450FFF72F
:103C900073FC00287FF4D3AECDE9090094F81C77BB
:103CA000B4F810370B90049A8DF8245009A92020FD
:103CB0008DF82670ADF82830FFF75EFC00287FF401
:103CC000BEAE0990CDE90A0094F81237049A8DF837
:103CD000245009A922208DF82630FFF74DFC00283A
:103CE0007FF4ADAECDE9090094F813370B90049A38
:103CF0008DF8245009A921208DF82630FFF73CFCCF
:103D000000283FF4FEAE9AE604F11000FDF7A6FA93
:103D100072E700BFD4FC0600893505000070024040
:103D20000060002008FB0600CCFC060029360500D8
:103D3000D0FC06009535050000E100E08D3505005A
:103D400000B5084B85B01B7D019108468DF80C30FD
:103D500015F045FB019982B203A8FFF707FC05B0F7
:103D60005DF804FBD4FC060000B583B008460DF1F5
:103D70000601ADF80620FFF7FBFB20B99DF8060011
:103D800003B05DF804FB002003B05DF804FB00BF46
:103D900070B4234B0E4605460FCB85B06C4607C466
:103DA0009DF900202380B24234D09DF90130B34206
:103DB00030D09DF90230B3422CD09DF90330B3428C
:103DC00028D09DF90430B34224D09DF90530B34288
:103DD00020D0FEB19DF90730B3421BD09DF90830C9
:103DE000B34217D09DF90930B34213D09DF90A3080
:103DF000B3420FD09DF90B30B3420BD09DF90C307C
:103E0000B34207D09DF90D30B34203D0002005B076
:103E100070BC7047012085F81E6705B070BC704704
:103E2000ECFC060090F91E07704700BF80F83017C1
:103E3000704700BF70B5044682B0D0F82C070D461D
:103E40000BF05AFC4FF47A7206460023A90DA80223
:103E500013F0FEFF002302460421D4F82C07009340
:103E60000BF01EFC0EB102B070BD0096D4F82C070A
:103E70003346324603210BF013FC02B070BD00BF85
:103E800070B500F5E66400F5F065002654F8040FFF
:103E900020B1FDF7EDFF08B10136F6B2AC42F5D125
:103EA000304670BD132906D800EB8101D1F83407E4
:103EB00008B1FDF7DDBF0020704700BF13290BD804
:103EC00000EB810110B5D1F834471CB12046FDF755
:103ED000CFFF18B9012010BD012070472046BDE872
:103EE0001040FEF707B800BFB0F83207704700BFB8
:103EF00001290CBFB0F80E07B0F81407704700BFD7
:103F000013299ABF00EB8101D1F8340700207047D4
:103F100010B5064C0021D4F8280709F0BBFED4F8F0
:103F200024070021BDE8104009F0B4BE843D012003
:103F300090F8303703B9704710B582B0D0F82C47ED
:103F40000AF03EFD002302460093204601210BF0BB
:103F5000A7FB02B010BD00BFF0B583B0002405463A
:103F60002346D0F82C070094224603210BF098FB3F
:103F700005F5E66605F5F06756F8040F20B1FDF784
:103F800077FF08B10134E4B2BE42F5D195F830377D
:103F900043B1211E18BF01210C2003B0BDE8F04041
:103FA0000CF058BE03B0F0BD0148FFF7C7BC00BF1E
:103FB000843D01203CDF70473DDF704711DF7047D3
:103FC00013DF7047B0DF7047B2DF70472DE9F04173
:103FD0009EB0074604A8158814460E46FDF732FD2C
:103FE000BDF81030AB4202D01EB0BDE8F081A3791D
:103FF000043B022BF8D939465248FFF781FF4FF0B6
:1040000000080223394605463046CDE90688CDE949
:1040100008888DF81830FDF78FFD06A900286AD0B2
:104020003846ADF81C80FFF7CDFF247B012CDBD197
:10403000454E41463E22304614F0E8F923460DF144
:104040000E02424938460824ADF80E40FFF7BCFF87
:1040500068462946FDF71CFF00983060BDF8043023
:104060009DF80620B271B3802846FDF705FF0028B1
:1040700049D1354936484FF6FF740B4601311B785C
:1040800083EA142383EA131242EA042283EA131315
:1040900082EA033282EA431381429CB2EDD12A4B79
:1040A0002C489C870021FCF781FF2846FDF722FF62
:1040B000FF210020FFF780FFB1210020FFF77AFFEA
:1040C000002891D1FFF77AFF00288DD1224B4FF0C5
:1040D000FF324FF01024C3F88020C3F880216069BC
:1040E000FFF76EFF00287FF47FAF80F314886069CC
:1040F00000F0E8FC78E740F2FD133846ADF81C30DC
:10410000FFF760FF70E70AA92846FDF72FFF002898
:10411000AFD01EAB13E903000B0C3060B180B3715C
:1041200018AC0FCC0D4FC6F807000AAC7960BA6026
:10413000FB600FCC18360FC694E8070086E807002E
:1041400097E700BF843D0120807F0020B47F0020DE
:10415000BC7F0020C443012000E100E0877F0020F5
:1041600030B585B004460E496846FFF77DF96946CB
:104170002046FFF739F925466846FFF755F9094B00
:1041800045F8183B08496846FFF76EF96946284626
:10419000FDF7D2FB6846FFF747F9204605B030BD72
:1041A000FCFC060044FD06001CFD060030B5B3B063
:1041B0000546FFF7FDF818B10446204633B030BD80
:1041C0002D491CA8FFF750F91CA906A8FDF7B4FB60
:1041D0001CA8FFF729F906A8FDF7EEFB06A80421A5
:1041E000FDF7EEFB06A81421FDF7EEFB06A8FDF790
:1041F000BFF8044698B905F1180018210190FDF7A1
:10420000DFFB01981721FDF7DFFB01981B49012215
:10421000FDF704FC0198FDF7ABF8044628B106A8A9
:10422000FDF78CF8204633B030BD154902A8FFF7E2
:104230001BF902A91CA8FDF77FFB02A8FFF7F4F801
:104240001CA8FDF7B9FB02211CA8FDF7B9FB022150
:104250001CA8FDF7BBFB1CA8FDF78AF8044618B99B
:1042600001211CA8FDF710FC1CA8FDF767F806A8A3
:10427000FDF764F8D6E700BF0CFD0600CD3F050052
:104280002CFD0600C16180F83D207047416280F836
:104290003F207047016380F84220704770B584B0BA
:1042A000044641F60A016846FFF7D0F86946204601
:1042B000FFF79AF86846FFF7B7F820460E4B40F82C
:1042C000183B2422002114F0A1F80C4E0C480D4A92
:1042D000E06200232364E36384F844300D25062163
:1042E00013232046E66184F83D5084F84110226390
:1042F00084F8423004B070BD74FD060008FB06006F
:1043000050FD060058FD06002DE9F0479AB006461C
:10431000FFF74EF88046002846D1336A002B4ED076
:10432000736A002B56D0C6F5275909F1270906F103
:10433000140406F1380706F13C0554F8043F04A8BC
:1043400073B3FDF7C9FA2268B36B09EB05019A4212
:1043500089B2684608BF42F65021FFF777F86946F0
:1043600004A8FDF71FFB6846FFF75EF804A8FDF7F9
:1043700023FB022104A8FDF723FB297804A8FDF7FD
:1043800025FB04A8FCF7F4FF824604A8BAF1000F4D
:104390000ED12A782168FDF75BFB04A8FCF7CEFF5D
:1043A000BC4205F10105C8D140461AB0BDE8F0870E
:1043B000FCF7C4FFD04640461AB0BDE8F0870CF0C9
:1043C0007DFA044615F00BF8736A346286F83E00F5
:1043D000002BA8D10CF032FA044615F000F87462F4
:1043E00086F83F009FE700BF002201214270C0E92C
:1043F00001220170C2818281704700BF10B504465E
:10440000017001B110BD0A2009F0AEF9606010BD65
:10441000037810B5044643B1002301226370C4E958
:104420000133E381A381227010BD406809F03AFF97
:10443000F2E700BF002381608281C381704700BF23
:10444000037870B504460D46B3B94668012363701E
:104450004FF47A720023A802A90D13F0F9FC01466B
:10446000304609F0A3FD98B9237800264FF0FF35B8
:104470006670A3B9284670BD03220021012009F00F
:1044800031F9064660600028E0D14FF0FF35F1E7D2
:10449000E58923780026ADB26670002BEAD060680B
:1044A00009F000FF6660284670BD00BF4078704785
:1044B00038B504468089824228BF0246154619B1A4
:1044C000A06813F07BFFA089E389A26815FA83F343
:1044D000401B9BB22A44A081E381A260284638BDDC
:1044E000406820B100231A46194609F06FB9704799
:1044F000B1DF7047B2DF704708B50F4807F006FE1E
:104500000E490D4802F0E6F828B10D490A4802F0BC
:10451000E1F850B108BD0949074802F0F7F8084929
:10452000054802F0D7F80028F4D1BDE80840044956
:10453000014802F0EBB800BFFC45012080FD0600F9
:1045400094FD060070B586B00E4603230021054693
:1045500014460093044A0496084603AB0395059459
:104560000CF002F906B070BD3148050070B586B098
:104570000323144606460D460093104603AB044A37
:1045800005940721CDE903650CF0EEF806B070BD87
:104590006149050030B50A4691B089795379039194
:1045A00011790293D378094D094C019100939378C6
:1045B000527801280CBF2946214604A814F050FE69
:1045C00004A9044802F0FAF811B030BDA8FD0600B5
:1045D000D8FD0600FC4501202DE9F043D1B00B7851
:1045E000032B04AF0D460446904668D95A08022AA8
:1045F0005ED14F4A4F49504BDFF84891012818BF10
:1046000011460022381D02F0B1FA4B4907F168004B
:1046100002F0E2F907F1CC0611E00246414607F14B
:10462000680002F0CBFA08F1380229464846FEF746
:1046300099FA044678BB07F1680002F035FB0022C6
:10464000391D304602F062FB07F1D0000DC8D7F8E3
:10465000DC10D7F8E4407B67D7F8E83097F8E0C083
:10466000F8663A67B967412207F1EC0107F1880063
:10467000C7E9204387F87CC013F0A0FE07F168006B
:1046800002F03EFB044607F1680044B102F044F931
:104690005028D0D1C1E707F1680002F005FB381DB2
:1046A00002F002FB204607F59A77BD46BDE8F0838D
:1046B0000024204607F59A77BD46BDE8F083E94619
:1046C0008CB08979AB786A780391697902912979FC
:1046D00001911A4E1A49E878009004AD012C08BFE8
:1046E0003146284607F1CC0614F0BAFD124930468F
:1046F00002F072F929463046002202F01BFA044605
:1047000050B90024304602F0CFFA2046CD4607F5D6
:104710009A77BD46BDE8F083304602F0FDF8021EF0
:10472000EFDD92B24146304602F048FAEAE700BFB8
:1047300094FD060080FD0600FC450120A8FD060052
:10474000D8FD0600A43D0120F0B5ADB09579937871
:10475000344E1446527803956579029594F804C056
:10476000CDF804C0304DE478009404AF0C46012825
:104770000CBF3146294607F10C0014F071FD2B4B9C
:1047800007F10C0107F13C00002202F0EFF907F1FC
:104790003C0002F0B5FA40B9002407F13C0002F0F9
:1047A00083FA2046A437BD46F0BD07F13C0002F075
:1047B000B3F8051E08DD07F13C0002F03DFA2918A8
:1047C00007F13C0002F01AFA07F13C0002F0A4F8ED
:1047D000051E08DD07F13C0002F02EFA291807F14A
:1047E0003C0002F00BFA07F13C0002F095F80028BB
:1047F000D2DDC31D23F007036D46ADEB030D82B27E
:1048000004A907F13C00C7E9001202F0D7F92046DD
:10481000D7E900120323FFF76BFEB0FA80F46409B6
:10482000AD46BAE7A8FD0600D8FD0600FC4501200C
:10483000F0B5B5B092F84E5092F84A30434E144657
:1048400092F84920039594F84D50029594F84C50F5
:10485000019594F84B5000950D463D4904AF012851
:1048600018BF314607F12C0014F0FAFC394807F163
:104870002C0101F02FFF6E4600284AD1354B07F17D
:104880002C0107F15C00012202F070F907F15C00D5
:1048900002F036FA18B9C437B546BD46F0BD50210E
:1048A00007F15C0002F066F85022214607F15C0037
:1048B00001F09EFF0023294627487B61C7E90333A7
:1048C000C7E90633C7E90833BB62FFF719FB07F1F5
:1048D0000C012022FDF71CFC3B7B03B307F10C000D
:1048E00014F07DFD013082B2C1B207F15C007A6044
:1048F00002F040F87A6807F10C0107F15C0001F062
:1049000077FF07F15C0002F0CFF9C437B546BD462A
:10491000F0BD07F12C010F4801F050FFAEE794F80D
:10492000491094F84D3094F84E20039194F84A10B1
:10493000029194F84B10019194F84C10009107F1FA
:104940000C00064914F08CFCC8E700BFD8FD060037
:10495000A8FD0600FC450120843D012008FE06005C
:104960002DE9F043ADB00C4604AF00210323064609
:104970001546204607F10A027981FFF7BBFD7B89C6
:10498000E84623B9A437C546BD46BDE8F0830733E2
:10499000DB08A8EBC3039D460DF11009204607F183
:1049A0000A0249460323FFF7A5FD04460028E9D182
:1049B000A979AB786A780391697902912979019193
:1049C0003D483E49ED780095012E08BF014607F1AC
:1049D0000C0014F045FC3A4B07F10C0107F13C00C8
:1049E000012202F0C3F807F13C0002F089F9002827
:1049F000C8D0214607F13C0002F000F907F13C0065
:104A000001F08AFF041E08DD07F13C0002F014F9F2
:104A1000211807F13C0002F0F1F807F13C0001F029
:104A20007BFF041E08DD07F13C0002F005F92118A8
:104A300007F13C0002F0E2F807F13C0001F06CFFE6
:104A40007C8980B2A04213D0E1B207F13C0001F0B2
:104A500091FF2246494607F13C0001F0C9FE07F1EB
:104A60003C0002F021F9A437C546BD46BDE8F083FD
:104A7000E31D6D46DB08A5EBC3039D4604A9224652
:104A800007F13C00796002F099F879687A89484624
:104A900013F086FC08B9AD46E1E707F13C0002F0EF
:104AA000E7F87B89DB43191807F13C0002F0A6F810
:104AB000AD467C89C8E700BFA8FD0600D8FD06000A
:104AC000FC450120F0B40346186880F30888586854
:104AD000FF2464B2EFF30585002D01D1A6460047FF
:104AE0002546064621273FBAF0B4002400250026BB
:104AF0000027F0B4F92040B2004700BFF0BC704777
:104B000038B590F8E8500DB1284638BD012380F83B
:104B1000E83004460DF09AFE0028F5D12046BDE8A5
:104B2000384000F0ADB800BF10B5044C204600F08E
:104B3000A3F8002384F8E83010BD00BF1045012021
:104B400003680A689A4201D00020704770B5044695
:104B500084B04FF453700D4608F042FD0646B0B1E4
:104B60000C4800F0ABF823460435002153F8042B21
:104B70000095CDE9016108490DF002FD044630467B
:104B800008F048FDB4FA84F0400904B070BD00207C
:104B900004B070BD104501205D130600F0B585B06E
:104BA00006464FF453700D461746039308F018FD60
:104BB00078B1044600903A46281D311D03AB0DF034
:104BC0005DFD0546204608F025FD15B9039805B0A2
:104BD000F0BD002005B0F0BD00220260704700BFAC
:104BE00010B5044608460DF0BBFD2060003818BF24
:104BF000012010BD00220260704700BF10B50446BE
:104C000008460DF0ADFD2060003818BF012010BD32
:104C100000230360704700BF00B583B004300192E9
:104C200001AB0A4604210DF025FC18B9019803B028
:104C30005DF804FB002003B05DF804FBF0B504460A
:104C400083B04FF463700E46174608F0C9FC054662
:104C500078B1019054F8040B00943A463146012390
:104C60000DF044FB0446284608F0D4FCB4FA84F066
:104C7000400903B0F0BD00BF002280F8E420704777
:104C800070B590F8E4400CB1204670BD012380F867
:104C9000E43005464FF4BF5008F0A2FC0646002859
:104CA000F2D0314628460CF045FD0446B4FA84F4AF
:104CB0003046640908F0AEFC204670BD704700BF66
:104CC000704700BF10B40468E468A4465DF8044B64
:104CD000604700BF30B40468BDF808500295646BAB
:104CE000A44630BC604700BF30B40468BDF808502B
:104CF0000295A46BA44630BC604700BF704700BF5C
:104D000001F003038376CB0702D48368C360704746
:104D1000428903898281C381704700BF2DE9F04336
:104D200087B09942BDF93840BDF83C60054622D0B5
:104D3000A24212D00768DFF88480D7F81090C145EE
:104D400033D1CDE9004628467C6AA0472B689B6A90
:104D5000434525D107B0BDE8F08399421CDC2868A3
:104D60000E96846B01335B1A1BB22846A44607B02B
:104D7000BDE8F0436047A24202DD134622461C46CE
:104D800028680E96631C446B9B1A1BB22846A446E7
:104D900007B0BDE8F0436047084619460346DEE722
:104DA000284607B0BDE8F0431847CDE90423039136
:104DB000C847DDE904232F680399C2E7C14C050009
:104DC0002DE9F0430668144FD6F8108085B0B84539
:104DD0001C46BDF8309005460B4610D1013C1444EA
:104DE00024B2CDF8049000941946746A2846A0476E
:104DF0002B689B6ABB4209D105B0BDE8F083CDE9C1
:104E00000212C047DDE902322E68E7E7284605B006
:104E1000BDE8F043184700BFC14C05002DE9F04143
:104E2000D0F800C0134DDCF8106084B0AE42BDF87D
:104E300028700446984610D108F1FF3301970B44BF
:104E400000921BB2DCF824602046B04723689B6ABE
:104E5000AB420AD104B0BDE8F081CDE90212B047FF
:104E6000DDE90212D4F800C0E6E7204604B0BDE850
:104E7000F0411847C14C05002DE9F04FD0F800C0B3
:104E80001F46DCF810601E4B83B09E42BDF9309087
:104E9000BDF834A005460C46904627D12744A742CA
:104EA0001CDDDFF860B008E00134DCF8346024B2C7
:104EB000B047BC42D5F800C010DADCF81C60CDF871
:104EC00000A05E454B46424621462846ECD00134C0
:104ED00024B2B047BC42D5F800C0EEDBDCF8283085
:104EE000074A934206D103B0BDE8F08FB047D5F82A
:104EF00000C0D3E7284603B0BDE8F04F184700BF15
:104F0000C14C0500D54C05002DE9F04FD0F800C08C
:104F1000DFF8C490DCF810A085B0CA45BDF9388030
:104F2000BDF83C70044616461D4643D1DCF820B05F
:104F3000DFF8A8A00097D34508BFDCF838B003918C
:104F40002B4632462046D84723680399D3F820B031
:104F5000009708F1FF323244D34512B235D1D3F86D
:104F600038A003912B462046D04703992368DFF8E9
:104F700070A0D3F81CB00097D34508BFD3F834B065
:104F80000391434632462046D847226803996B1E58
:104F9000D56900975545194408BF556B434609B27A
:104FA00032462046A84723689B6A4B4508D105B086
:104FB000BDE8F08F0391D047D4F800C00399B5E75E
:104FC000204605B0BDE8F04F184703912B46204618
:104FD000D8470399CAE700BFC14C0500E94C05005A
:104FE000D54C05002DE9F04FD0F800C0DFF898A0AF
:104FF000DCF83CE083B0D645BDF93080BDF8349094
:1050000030D1DFF888B01E46DCF810305B4505462D
:105010000C46174632D12644B4421CDAB24608E0A8
:105020000134DCF8346024B2B0475445D5F800C0F0
:1050300011DADCF81C60134BCDF800909E423A4622
:10504000434621462846EBD0013424B2B0475445AC
:10505000D5F800C0EDDBDCF828305B4509D103B0A2
:10506000BDE8F08FF446CDE90C8903B0BDE8F04F00
:105070006047284603B0BDE8F04F18479847D5F879
:1050800000C0C8E7D54C0500794E0500C14C0500AD
:105090002DE9F04FD0F800C0234BDCF83C60B0F9AC
:1050A0000C80B0F90E709E4283B00D462AD1DCF818
:1050B0001030DFF878A05345044631D1B8F1000F25
:1050C00019DD0026DFF868B03146DCF81C90009549
:1050D000D94508BFDCF834903B464FF0000220462B
:1050E0001EBF3B46002220460136C84731B28845E4
:1050F000D4F800C0E9DCDCF8283053450BD103B00C
:10510000BDE8F08F0022CDE9007143461146B0475B
:1051100003B0BDE8F08F204603B0BDE8F04F18475C
:105120009847D4F800C0C9E7794E0500C14C050086
:10513000D54C05002DE9F04F85B01D46BDF938600E
:10514000BDF83C90B31A002B8846A5EB0101B8BF0F
:105150005B420029B8BF49428B4207467CDDAC4622
:105160004446AA46404635469046664622468C4608
:10517000A8455EDDA0EB0A00A8EB050E80EAE07C06
:10518000CEF3C0344FF6FF7A04FA8EF4ACEBE07C39
:10519000B242C8BF4FF0010A1FFA8EF064100290AD
:1051A000CDF80CA08B42314B01931FFA8CFA33DC03
:1051B000D7F800C0019BDCF814B09B4508BFDCF8B1
:1051C0000CB029464B4632463846D847A4EB0A0372
:1051D0001CB20135002C2DB29BB205DA029A1344A1
:1051E0001CB2039B1E4436B2A845E1DA05B0BDE807
:1051F000F08FDCF80CB0D847A4EB0A031CB20135E1
:10520000002C2DB29BB205DA029A13441CB2039B08
:105210001E4436B2A845E9DBD7F800C0019BDCF894
:1052200014B09B452A464B4631463846E1D0D84714
:10523000E2E7A5EB0800C0F3C03404FA80F4B24200
:1052400080B202904FEA640428461646454607DAC3
:10525000012203928046A5E71046B2469C4687E7A6
:105260004FF6FF72039280469CE700BFC54C0500D5
:1052700030B4094C094D018142818181C2814FF0D6
:10528000FF310022C0E905140560426030BC0261B4
:1052900002770262704700BF01010001300307007E
:1052A0002DE9F04F87B0D0F800C0BDF940600593FC
:1052B000F31D48BF06F10E03DB1017460393DCF81D
:1052C00010202C4BBDF94440BDF848B09A428146AD
:1052D000884645D1002C3BDD3C44002523B2029595
:1052E0000493002E2BDD059A02990A4400230192B3
:1052F00013F0070F08BF019A9CB24FEAE3034FEA8D
:1053000045050CBFD55CEDB204EB080115F0800F2C
:1053100009B210D0DCF814A0174B9A4508BFDCF88E
:105320000CA05B463A4648461EBF5B463A46484696
:10533000D047D9F800C0013423B29E42D8D1DDE96C
:105340000232134401370293049B3FB29F42C8D1FB
:10535000DCF82830074A934206D107B0BDE8F08F49
:105360009047D9F800C0B5E7484607B0BDE8F04F10
:10537000184700BFC14C0500C54C05002DE9F04F92
:1053800097B08346BDF880400C94BDF884400394E8
:10539000006A9DF8884004949DF88C400694099119
:1053A0009046002800F0F580027AD0E900019B1AAF
:1053B000DBB201EBC30231F83330059393780393EA
:1053C000D378119392F905301593049B92F9064016
:1053D0000790012B40F2D580BDF954300D9323B2D4
:1053E0001293AC4BDBF800C008931A46DCF810307F
:1053F000934240F0A481119B002B00F0B4801FFA6F
:1054000088F30022139323440F92149392460E9232
:10541000039B002B00F09F800E9B129A0699139815
:10542000DDF83C909A1802FB01021499CB181BB2CC
:105430000FFA82F810934B460025C146984608E0C3
:10544000039B0135EDB24FEA4A0AAB425FFA8AFA92
:105450007CD943465A1C5B075FFA82F806D1059A4D
:105460000799531C9BB211F802A005931AF0800F04
:10547000E6D0049B012B49D00D9BDCF81860864ACE
:105480000998BDF918705C19049B964204FB03044B
:1054900024B21BB250D1DCF83C60804A96424BD11A
:1054A000DCF81030089A934266D1049B2344A3424F
:1054B00022DDCDE90A85DDF830801D4608E00134A3
:1054C000DCF8346024B2B047A54211DDDBF800C03F
:1054D000DCF81C60724BCDF800809E424A463B4689
:1054E00021465846EBD0013424B2B047A542EDDC4A
:1054F000DDE90A85DBF800C0DCF82830089A934221
:105500009ED058469847DBF800C099E7069B012BD0
:10551000B2D1159B099ADCF814409918614B109A86
:105520009C42294408BFDCF80C400C9B09B2584649
:10553000A047DBF800C083E70C9A2146CDE9007252
:1055400058464A46B047DBF800C079E71A460F9B39
:105550001344DBB20F930E9B119A0133DBB29A42D4
:105560000E933FF655AFDCF82830089A934240F08E
:10557000CB8017B0BDE8F08F58469847DBF800C0E5
:1055800093E7069B012B3FF627AF002312930D9361
:1055900027E7BBF90C208A42EBDDBBF90E20424520
:1055A000E7DD0498062212FB0012002AE1DD08EB79
:1055B000C402002ADDDD9BF81C20002A00F0C48014
:1055C000344ADBF800000892114602698A4240F032
:1055D000C080BDF824403449CDF81C8003EB830320
:1055E000CB18621D0D93CDE90A4493B20E93DDF8FA
:1055F0003080BDF81030069F0F9310940346584634
:105600000D9ABDF928B012F8016B0D923AB2BDF9AE
:1056100010A00992082400251AE0049A012A22D039
:10562000CDF80480099A0092079AD3F81890059053
:1056300005FB0722534612B25946C847059803682E
:10564000013C013514F0FF046DB24FEA56062DD02F
:10565000F207E2D4039A9045F2D0049A012A58D076
:10566000039A0192DEE7012FDAD1079AD3F814905A
:105670000590AA180FFA82FC0A4ABDF92C10914530
:1056800008BFD3F80C9062464346C84705980368A4
:10569000D6E700BFC14C0500E54F0500794E050077
:1056A000D54C0500C54C050028FE06000B9A0F9C42
:1056B000013291B20A9A0B91224492B20A920E9A46
:1056C0008A429DD1039ADDF81C80834618460C9BC4
:1056D000934214D0049B012B42D0069A0F9B109941
:1056E000D200009203EB8303039A01921944846968
:1056F000049B584609B24246A047DBF80000836A83
:10570000089A93423FF435AF584617B0BDE8F04FC2
:105710001847012FA4D1079AD3F814900590AA181E
:105720000FFA82FC174ABDF92C10914508BFD3F837
:105730000C90039B6246C8470598036880E758466B
:105740009847DBF800C056E6AF2B84BF0133DBB2CD
:1057500036E7059358469047DBF80000059B38E78D
:10576000069B012BB9D1C469074B00929C4208BF2C
:10577000446BBDF93810584642460823A047DBF871
:105780000000BCE7C54C0500D54C05002DE9F041F3
:10579000036A84B08046002B3ED00A2930D00D2900
:1057A00036D01A7A914233D39C7A8C4230D35C68DB
:1057B0008A1AD2B204EBC204A278BAB1E578ADB1CC
:1057C000C57E002D6ED1077E437EB0F91050B0F932
:1057D0001220B8F816000393B8F814600297CDE9C8
:1057E00000600B4640462946FFF7C8FD2179B8F80E
:1057F000102098F8183001FB0323A8F8103007E0B8
:10580000002202821B7B428A417E01FB03234382EA
:10581000012004B0BDE8F0810A2924D00D29F7D079
:10582000C27EB0F9104042BBB0F91220057E467E20
:10583000B8F816700396B8F8146002950B46404607
:10584000CDE900672146FFF799FD98F81830B8F8C0
:10585000102003EB430302EB43030120A8F81030B0
:1058600004B0BDE8F081428A417E038202EBC103AD
:105870004382012004B0BDE8F081057EB0F90C60E0
:10588000062212FB0542B24208DD428A467E0382AE
:1058900002EBC60212B21C464282C9E7B0F91220DE
:1058A000467EC5E794F90560B0F91050077EB0F95F
:1058B0000CC0324407FB0252624503DC437EB0F960
:1058C000122086E7002505821A7B468A437E02FB6A
:1058D000036212B242827CE7012938BF01210176BE
:1058E000417670472DE9F04F87B00024109D2A8043
:1058F000119D2B80139D2C80129D2C8011F8015B33
:10590000002D79D047F6FF764FF0FF3A046A0196F2
:10591000D146B346002C72D00A2D00F09F800D2D89
:1059200051D094F808E0AE454DD8A77AAF424AD39B
:10593000A5EB0E0E6568C77E5FFA8EFE05EBCE0EF8
:105940009EF8036002969EF8046003969EF9066036
:105950009EF802509EF905C00496002F40F0A680E4
:105960009EB290F8188090F819E0059692B2029EC7
:1059700005FB08F516FB0EF7049E013D0295354622
:10598000059E05FB0E6E029D039E0CFB082C15FA6E
:105990008CF5013F2DB217FA8EF7A9453FB20FFAE9
:1059A0008CFCB8BFA946019DBA450FFA8EFEB8BF60
:1059B000BA46E345A8BFE346754506FB0822A8BFE3
:1059C0007546019512B211F8015B002DA2D1D9459F
:1059D000019E08DB109A09F10103A2F800B0129AA7
:1059E000A3EB0B031380B24506DB119A0AF1010306
:1059F0001680139A9B1B138007B0BDE8F08F0A2D09
:105A000038D00D2DDFD0C57E077E002D3DD1062676
:105A1000457E16FB072E1FFA82FC08260EF1FF3E7C
:105A200016FB0535013DCE45C8BF0FFA8EF9554529
:105A3000C8BF0FFA85FA9345A8BF9346019A11F89B
:105A4000015B9A4207EB4707A8BF1A460CEB4707D2
:105A500001923AB2002D7FF45DAFB8E7457E227B1C
:105A600005FB023311F8015B1BB20022002D7FF40D
:105A700051AFACE7427E11F8015B03EBC2031BB2EE
:105A80002246002D7FF446AFA1E707EB470EB0F9A1
:105A90000CC002EB4E0565454FEA4E0E1ADD457E01
:105AA00003EBC5031BB2A4462246B6E790F8188064
:105AB000B0F90CE00CEB050708FB072777450EDD76
:105AC000227B90F819E002FB0E339AB205921BB2CA
:105AD00000224CE7AE461FFA82FC457E9DE79EB24F
:105AE00090F819E0059692B241E700BF002931DB3A
:105AF000F0B4B0F90C408C422ADD002A28DBB0F962
:105B00000E40944224DD847E022C5BD0032C53D0C3
:105B1000012C60D0B0F93870B0F93A60B0F93C505F
:105B2000B0F93E408F42A8BF0F469642A8BF164626
:105B30008D42B8BF0D46858790F84C500787944238
:105B4000B8BF1446012D4687C4871AD0042D02D051
:105B5000F0BC704770470489456B14FB02F201EBFF
:105B6000D17002EBD27240F34F0000EB620211F0F1
:105B7000010FA95C35D101F00F0141EA0313AB54C9
:105B8000E6E7012B48D0022B32D0002BE0D1002ACF
:105B90000589476B1446B8BFD41DE41014FB0514E7
:105BA00002F0070C3D5D012606FA0CF625EA060513
:105BB0003D5590F84C50C9E74489013C641A1146A0
:105BC00022B2A7E705894489013D013C691AA21A5E
:105BD00009B212B29EE70489013CA41A0A4621B216
:105BE00098E703F00F0321F00F010B43AB54AFE72D
:105BF000002A0589466B1446B8BFD41DE41014FB77
:105C0000051402F0070C375D012505FA0CF57D40FF
:105C1000355590F84C5099E7002A0589466B144693
:105C2000B8BFD41DE41014FB051402F0070C375D57
:105C3000012505FA0CF53D43355590F84C5085E7A4
:105C400070B5002984B0856A14BFA726A6268DF8F2
:105C50000B6075B10024CDE90044284601230222DF
:105C600003A98DF80D608DF80C4000F047F904B0E1
:105C700070BD04462946006C0AF0ECFF0095606A8E
:105C80002B4601220DF10B0100F0B6F904B070BDF6
:105C90002DE9F0410446DDE90876154688461AB23A
:105CA00029B2BDF91C50FFF7E3FA0698094984F8B8
:105CB0004C8000234FF0FF322065C4E90933C4E96A
:105CC0001022E7622663A564216063632046BDE875
:105CD000F08100BF8403070038B50446406B0A4BCF
:105CE000236018B107F096FC00236363656A2DB149
:105CF000284600F037F9284609F09CFFA06A08B151
:105D000009F098FF204638BD8403070030B5856A46
:105D100087B08DF80F107DB10023CDE90033CCB2F0
:105D20008DF8143028460123022205A98DF815406C
:105D300000F0E4F807B030BD04462946006C0AF0D4
:105D400089FF0095606A2B4601220DF10F0100F0DA
:105D500053F907B030BD00BFF0B5856A85B065B1B5
:105D600001230DF10F04CDE90043284600248DF8EE
:105D70000F4000F0C3F805B0F0BD04460E46006CBD
:105D8000294617460AF066FF0095606A2B463A4698
:105D9000314600F031F905B0F0BD00BF436B70B57E
:105DA00004460E461546002B4ED0D5B1A06C0028F7
:105DB00017DB01210AF0CAFE0121A06C0AF04AFF9C
:105DC0000A2007F0F1FB0021A06C0AF043FF0A2033
:105DD00007F0EAFBA06C01210AF03CFF0A2007F063
:105DE000E3FB236D4BB3102009F020FF314605463D
:105DF000226D00F063F8A5622846012100F068F8E2
:105E000000B3B4F90A10238994F84C20606B12FB9C
:105E100003F2CB1D48BF01F10E03DB1003FB02F2BE
:105E2000002112F0F3FA22896389013A013B002133
:105E3000A287E387A163012070BD606A10B100F002
:105E400099F8B8B9002070BD2389B4F90A2090F8F8
:105E50004C0010FB03F0D31D48BF02F10E03DB1012
:105E600003FB00F007F0BCFB60630028EAD0002DC4
:105E70009CD1B6E7206C01210AF068FEC1E700BFA3
:105E800010B5B0F90A10038990F84C2012FB03F208
:105E9000CB1D48BF01F10E030446DB1003FB02F2E9
:105EA0000021406B12F0B2FA22896389013A013B6A
:105EB0000021A287E387A16310BD00BF30B4002595
:105EC00020240572C460017030BC4260704700BF7E
:105ED00038B5044640680D46EDF7ECF90120207214
:105EE00005B938BD21786068EDF7AAFA6068EDF76A
:105EF00011FBB0FA80F0400938BD00BF2DE9F04138
:105F0000079F0446C06815463A44824202D90020E1
:105F1000BDE8F0810E46606821789846EDF790FA6A
:105F20004FB1069B3BB16068194603683A465B680F
:105F30009847B842EBD16068036831465B682A46EF
:105F400098478542E3D160684146EDF785FAB0FA9B
:105F500080F04009BDE8F08108B54068EDF706FA29
:105F6000012008BD10B50446406808B109F062FE82
:105F7000204610BD38B5044690F90E00411C07D0EC
:105F800001210AF0E3FD94F90E0001210AF062FEFE
:105F9000256835B12846E3F705F8012084F8340078
:105FA00038BD012194F90F000AF0D0FD637B94F90C
:105FB0000F00012B94BF294601210AF04BFE94F9F2
:105FC0001000421C0AD194F91100431CE5D00021B5
:105FD0000AF0BCFD012084F8340038BD01210AF02C
:105FE000B5FD94F9100001210AF034FE94F9110076
:105FF000431CD2D0EBE700BF2DE9F04F044687B039
:106000000068109DCDE90221994620B1636893E8AC
:106010000600E3F713F894F90E00461C40F0958152
:10602000002D5CD009EB050B9B4F0BF1FF33019367
:1060300009F1FF3947F00107206819F8018F8DF841
:106040001780002840F07581237B944EA268B6FB30
:10605000F2F6002B0CBF0125802518EA050FF6B2D9
:106060000CBF4FF0010A4FF0000A4FEA861B0EB139
:106070005846B847637B13F0FD0F00F01181032BE6
:1060800000F0EA80A269E36A11680B43136016B15D
:106090005846B847A26994F91030013309D06069B5
:1060A000636A016818EA050F14BF0B4321EA030372
:1060B00003601168E36A21EA0303136094F9113065
:1060C00001331CBFE3691B68237B002B40F0138165
:1060D0006D0015F0FF05CAD1019B9945ACD1029B1B
:1060E000002B58D01A469246039A6B4B92440AF101
:1060F000FF31019102F1FF3B43F0010820681BF8DA
:10610000017F8DF81770002840F01981237B634EC2
:10611000A268B6FBF2F6002B0CBF012580252F42AA
:10612000F6B20CBF4FF001094FF000094FEA861A92
:106130000EB15046C047637B13F0FD0F62D0032BB6
:1061400040D0A269E36A11680B43136016B1504650
:10615000C047A26994F91030013308D06069636ABE
:1061600001682F4214BF0B4321EA03030360116847
:10617000E36A21EA0303136094F9113001331CBF71
:10618000E3691B68237BABB96D0015F0FF05CFD128
:10619000019B9B45B2D194F90E00451C02D0012110
:1061A0000AF058FD206808B1E2F7AAFF012007B005
:1061B000BDE8F08F6B10DDB2002BB9D1019B9B4580
:1061C0009CD1E8E794F91030013308D06169636A23
:1061D0000A682F4214BF134322EA03030B60A2692B
:1061E000E36A116821EA03031360002E00F0978030
:1061F0005046C047A169E36A0A6813430B605046E2
:10620000C047B9E794F910305A1C10D017EA0500BE
:1062100014BF012300234B4509D06169636A0A68F2
:10622000002800F0818013430B604FF00109A26940
:10623000E36A11680B43136016B15046C047A26968
:1062400094F9113001331CBFE3691B681168E36ADC
:1062500021EA0303136095E794F91030013309D064
:106260006169636A0A6818EA050F14BF134322EADA
:1062700003030B60A269E36A116821EA0303136058
:10628000002E47D05846B847A169E36A0A6813430D
:106290000B605846B84711E7E003070020A107004C
:1062A00094F91030591C0ED018EA050014BF0123D0
:1062B0000023534507D06169636A0A6828B3134312
:1062C0000B604FF0010AA269E36A11680B43136087
:1062D00016B15846B847A26994F9113001331CBF72
:1062E000E3691B681168E36A21EA03031360237BF7
:1062F000002B3FF4EDAE6B10DDB2002B7FF4B7AE98
:10630000019B99457FF498AEE9E622EA03038246B1
:106310000B60D8E71168E36A0B431360CEE611689F
:10632000E36A0B43136027E722EA030381460B600D
:106330007DE701220DF11701E2F706FFCCE601220D
:106340000DF11701E2F700FF22E700210AF082FCBD
:1063500066E600BF10B5034B0360044600F03AF94F
:10636000204610BDD005070010B5054B036004465C
:1063700000F030F9204609F05DFC204610BD00BF5A
:10638000D005070030B585B0BDF92050099C0095B7
:106390000A9D01940295044600F000F9024B236027
:1063A000204605B030BD00BFD005070030B504461B
:1063B00085B0FFF7F3FCB4F90A20B4F90810144BC8
:1063C00002200125203A733984F854004FF0200C44
:1063D000029502EBD272732501EBD171CDE9005C1D
:1063E00042F34F0241F34F012046FEF759FF09499E
:1063F00020461922FFF7B0FC054630B1642007F0B3
:10640000D3F82046AF21FFF781FC284605B030BD08
:10641000E8030700280607002DE9F04F06468BB079
:106420000AF0C2F8B6F90A30B6F90840B6F93AB03F
:1064300096F8381040228DF82320DA1D48BF03F16A
:106440000E02E3B20493BBF1000F049DB6F93C3099
:10645000B8BF0BF1070BC2F3C702A942CBF3C70BBE
:10646000084623EAE37328BF28465A45DBB2059065
:1064700040F28B801B1A691C53FA81F3503AABF13E
:106480005008D2B207930BFB050306925FFA88F817
:1064900003932EE0059A306C8DF8248013441A1172
:1064A000103203F00F0339468DF825208DF8263081
:1064B0000AF0D0FB00973B46032209A9706AFFF758
:1064C0009BFD306C01210AF0C5FB0097706A3B46CA
:1064D00022462946FFF790FDDDE90332134408F117
:1064E00001080393069B5FFA88F898454DD0B6F9EA
:1064F0000840079B756BB76A1C1B039BE4B21D44E5
:1065000096F85430002FC5D04FF00002F8688DF88F
:106510002420059AF16A8DF8258013441A1110324F
:1065200003F00F0300F1FF3C38468DF826208DF86C
:1065300027301FFA8CF7FFF70FFD0023CDE900335A
:106540000422B06A012309A9FFF7D8FCC4B1FFB245
:106550000DF1230A4FF00109BC42CDE900A9A34681
:1065600028BFBB46A4EB0B042946B06A5A46012358
:10657000E4B2FFF7C3FC5D440AF016F8002CEBD13F
:10658000316BB06AFFF7E8FCA6E74FF004224FF04A
:10659000FF33C6E90E230BB0BDE8F08F30B585B0F0
:1065A00014460A9DBDF920200093099B0192029395
:1065B0000A462346039501210446FFF769FB044B75
:1065C00023602046002384F8543005B030BD00BF5E
:1065D0004C06070010B5034B03600446FFF77CFB35
:1065E000204610BD4C060700704700BF10B504469A
:1065F00009F020FB204610BD38B50A4B04460D4675
:10660000442240F80C3B002111F000FF0023A5605C
:10661000237104F15401012007F088FA2065204617
:1066200038BD00BFAC06070070B504460E46006DCD
:106630004FF0FF3107F0BAFC257955B98EB1A6604D
:10664000314604F10C0005F0BBFBB0FA80F56D0992
:1066500025710023206D1A46194607F0B7F8284621
:1066600070BDA668002EF4D0EAE700BF70B50546FD
:106670004FF0FF31006D07F099FC2B7993B10023A7
:1066800005F10C062B71304605F0AEFC044680B1D6
:106690000023286D1A46194607F098F8B4FA84F0DA
:1066A000400970BDA96805F10C0004F029FF0446FB
:1066B000EEE7A968304604F023FF04460028E7D13E
:1066C000A968304605F07CFB04460028E0D1012390
:1066D0002B71DDE730B5044695B00D46006D4FF0E7
:1066E000FF3107F063FC294601AA04F10C0004F015
:1066F000DBFC002302461946206D14461A4607F0BB
:1067000065F8B4FA84F0400915B030BD2DE9F04FBA
:1067100083B00B7800AF2F2B78600CBF4C1C0C465D
:1067200006460D46006D4FF0FF3107F03FFC06F1C5
:106730000C084FF0000917E0ADEB030D68468B45E0
:1067400000F8019BEA4601DD11F060FE29465A4639
:10675000504611F033FE5146404603F00BFD08B1A0
:10676000113028D10134B54620462F2112F007FE02
:10677000A0EB050B0BF108036E460021044623F045
:1067800007035A460028D7D12946404603F0F2FCB9
:1067900060B901247A680023106D19461A4607F083
:1067A00015F820460C37BD46BDE8F08F113014BFF8
:1067B00000240124EEE70024B546EBE738B5044693
:1067C0000D46006D4FF0FF3107F0F0FB294604F154
:1067D0000C0004F0C1FC002302461946206D14464B
:1067E0001A4606F0F3FFB4FA84F0400938BD00BF42
:1067F000036970B504460D46186D4FF0FF3116461B
:1068000007F0D4FB237D4BB1002522690023106DD6
:1068100019461A4606F0DAFF284670BD2069A169BC
:106820002A4633460C3003F0F3FF20EAE075ECE72C
:1068300070B50369044682B0186D4FF0FF3107F060
:10684000B5FB267D4EBB2069A1690C3004F01EFC0F
:1068500005462069A1698DF8076001230DF1070243
:106860000C3004F05FFB00282069A169C8BF9DF8C7
:1068700007602A4600F10C004FF00003D8BF4FF02C
:10688000FF3604F0D3FB22690023106D19461A4627
:1068900006F09CFF304602B070BD4FF0FF36F2E7C5
:1068A00038B5036904464FF0FF31186D07F07EFBE1
:1068B000237D4BB1002522690023106D19461A462D
:1068C00006F084FF284638BD2069A1690C3004F029
:1068D000DFFB05462069A1690C3004F0D7FB2D1AB7
:1068E000E9E700BF036910B504464FF0FF31186DAA
:1068F00007F05CFB237D43B122690023106DBDE8E6
:1069000010401A46194606F061BF2069A1690C3093
:1069100004F0E4F9F0E700BF30B50369044683B042
:10692000186D4FF0FF3107F041FB257D55B122690D
:106930000023106D19461A4606F048FF4FF0FF304D
:1069400003B030BD2069A1690DF1070201230C30AD
:1069500004F0E8FA23692A4604462946186D2B46B6
:1069600006F034FF002CCCBF9DF807004FF0FF303D
:1069700003B030BD30B50368164A5B6883B09342FC
:106980008DF807101ED1036904464FF0FF31186DD2
:1069900007F00CFB237D53B1002522690023106D05
:1069A00019461A4606F012FF284603B030BD20698A
:1069B000A1690C3001230DF1070203F029FF20EA41
:1069C000E075EAE701220DF10701984705462846E0
:1069D00003B030BDF167050030B4074C01610022FF
:1069E0004FF47A75C0E900428560C0E9062230BCE8
:1069F000027580F820207047BC060700F0B5836957
:106A000097B004460D46164693B1077D00691946B6
:106A10000C30002F45D003F0ADFDA06906F0FAFD63
:106A2000E0690023A36108B106F0F4FD0023E361EF
:106A3000206903AA0C30294604F036FB98B99DF86A
:106A40000C30112B34D02C2006F0CAFD0146A06179
:106A500030B120692A460C3003F064FD002839D09B
:106A6000002017B0F0BD0230FAD1012EF8D1382045
:106A700006F0B6FD0146A0610028F1D0206940F281
:106A800003130C302A4603F011FE06460028E7D116
:106A90002069A1690C300223324604F0C7FA26753A
:106AA00009E004F09DF9A06906F0B4FDA761BFE715
:106AB000EEB1012E3AD02F21284612F0BDFC203431
:106AC00000B1451C29462046402212F0A2FC0120BC
:106AD00017B0F0BD01232375284612F080FC013069
:106AE00006F07EFD2946E06112F060FCE3E7012339
:106AF0003820019306F074FD019BA0610146002837
:106B0000AED020692A460C3003F0D0FD0028A7D172
:106B1000012E02D000232375CDE72369A169024627
:106B200003F10C00022304F081FAF3E740F20313AF
:106B3000DEE700BF30B5036983B004460D46186D2B
:106B400001924FF0FF3107F031FA019A29462046B1
:106B5000FFF754FF2169002302461446086D1A46C8
:106B6000194606F033FE204603B030BD70B504462A
:106B70000025C4E906551048236182B0206084F8DE
:106B800020504FF47A700E46A0604FF0FF31186D20
:106B900065602575019207F009FA019A3146204691
:106BA000FFF72CFF22692B46106D29462A4606F076
:106BB0000DFE204602B070BDBC060700036970B52B
:106BC00004460D46186D4FF0FF31164607F0EEF9FA
:106BD000237D4BB1002522690023106D19461A460A
:106BE00006F0F4FD284670BD2069A1692A463346A7
:106BF0000C3004F097F90546EDE700BF38B503699E
:106C000004460D46186D4FF0FF3107F0CFF9237D94
:106C10004BB1002522690023106D19461A4606F073
:106C2000D5FD284638BD2069A1692A460C3004F0FC
:106C3000FDF9C543ED0FEDE738B5036904464FF0A4
:106C4000FF31186D07F0B2F9237D4BB100252269A1
:106C50000023106D19461A4606F0B8FD284638BDC7
:106C60002069A1690C3004F011FA0546EFE700BF76
:106C700038B5036904464FF0FF31186D07F096F9F7
:106C8000237D4BB1002522690023106D19461A4659
:106C900006F09CFD284638BD2069A1690C3004F03F
:106CA000F7F90546EFE700BF036970B504464FF0FA
:106CB000FF31186D07F07AF9A16981B12069257D4E
:106CC0000C30ADB103F056FCA06906F0A3FCE069FE
:106CD0000023A36108B106F09DFC0023E361226953
:106CE0000023106DBDE870401A46194606F06EBDCF
:106CF00004F076F8A06906F08DFCA561EFE700BF0F
:106D00008069003818BF0120704700BF2DE9F04F9F
:106D100095B00B6906460C46186D4FF0FF3100AF79
:106D2000904607F043F900232069337586F8203038
:106D3000227D2B4930614FF47A70C6E90013C6E911
:106D40000633B060DAB342F62E652069A1690C30D3
:106D50003A1D03F023FC012831D1BB892E2BF4D03E
:106D6000AB4238D0D4F81C90484612F038FB0546A8
:106D700007F10C0012F033FB2B18093323F0070343
:106D8000EA46ADEB030D68466A1C494611F016FB56
:106D900099F800302F2BEB4602D199F801301BB146
:106DA000104B1B882BF8053007F10C01584612F0E8
:106DB000D7FA424659463046FFF720FED5462269AB
:106DC0000023106D19461A4606F000FD3046543770
:106DD000BD46BDE8F08FBB7B002BB6D0C2E700BF3D
:106DE000BC0607000CCA06002DE9F04F85B0DDE9AE
:106DF0000E4B109F81460D4690461E46002F63D0D5
:106E0000B8F1000F03D0D8F80030B34249D0D9F818
:106E100000002B689E422BD04369B4FBF3F203FBC6
:106E20001242BAB9BB4215D8B7FBF3F203FB127A90
:106E3000A7EB0A0300930393436822461F4631469B
:106E40005B46B84788B9039B57469B441C44002FB8
:106E5000D6D139E00093A21AC5E90062D0F804A0A7
:106E6000AB683146D0470028CAD005B0BDE8F08FE6
:106E700069684369A142D0D8CA18A242CDD9A2EB11
:106E8000040ABA45AB6828BFBA46611A524658464A
:106E90001944BF1A544411F091FAD344002FAFD1D2
:106EA00012E0D8F80430A342B1D8D9F800008269C2
:106EB0001A44A242ADD9A2EB040ABA45D8F8081088
:106EC00028BFBA46E31AE1E7002005B0BDE8F08F1D
:106ED0002DE9F04F074687B00D4672B30368D1F82D
:106EE00000B090469A69D1E901104AB3013A01F124
:106EF00001098618A9EB0009441E4FF0010A08E0B9
:106F000014F8012F9DF817309A4223D1A6423B680E
:106F100014D01A6A934509EB040320D20DF117022D
:106F2000CDE90032CDF808A05B4600224146384644
:106F3000FFF75AFF0028E3D009DB3B68A8689A698D
:106F4000FF2111F063FA4FF0FF332B60002007B0F0
:106F5000BDE8F08F6FF0330007B0BDE8F08F034B52
:106F6000034A0448122111F039F900BFD80607007E
:106F7000F4080700F80607002DE9F04F87B0DDF8A8
:106F800040A00592002B64D0D0F800908B46D9F831
:106F90001C105C1EA1F108084445074651D3B4FB00
:106FA000F8F0013810F06CFFD04500F10200A4EBBE
:106FB0008003B3FBF8F560D8BAFBF8F0013810F0A5
:106FC0005FFF861CAAEB8606B6FBF8F6304610F08B
:106FD00057FFAAEB800006FB180AB54243D9D9F83F
:106FE0002020059B4FF004090DF114080BE0012B44
:106FF00045D93A68126A934241D8012101FA04F452
:107000002D1BB54230D9AC1BB4FA84F495FAA5F126
:10701000C4F11F04B1FA81F18C4228BF0C4693429F
:107020004FEA840132D20091CDE90189002259460C
:107030003846FFF7D9FE059B0028D8D007B0BDE839
:10704000F08FD04588BF1346BAFBF8F00CD8002566
:10705000B4E711994FF0FF320A60129A1846136094
:1070600007B0BDE8F08F059B119A1360129B0020BA
:10707000C3F800A007B0BDE8F08F0026ADE7064BCF
:10708000064A07484FF48F6111F0A8F8054B064AED
:107090000348122111F0A2F868070700140907003D
:1070A000F8060700D8060700F40807002DE9F04F9E
:1070B00089B00746149C129D8B4692461E46002CB2
:1070C00055D0DBF80030B3425CD0013340F0A180F2
:1070D00038688269B5FBF2F302FB1353002B4AD1E7
:1070E000A24248D8B4FBF2F302FB13430593E31A20
:1070F000009304938468139B2A463146A0470028D6
:107100007ED1BAF1000F29D0049B3BB3139B5C1EC8
:10711000049B04EB0309139B05F10108A8EB03088A
:1071200007E014F8012F9DF81F309A4266D14C45B4
:1071300014D03B681A6A964208EB040363D201221A
:1071400002920DF11F02CDE9003251463346002272
:107150003846FFF749FE0028E3D051DB139A049B21
:10716000059C1146194413911D44002CA9D10020FF
:1071700009B0BDE8F08FEB1ACBE90063DBF8003013
:10718000B342A2D1DBF80410A9429ED83A689269B2
:107190000A44AA4299D9A2EB0508A045DBF80800E9
:1071A00028BFA046691A08444246139911F006F90F
:1071B00038681399826945444144B5FBF2F302FBF8
:1071C0001353A4EB08041391002B7FF478AFDBF882
:1071D00000104B1C3FF473AF0092DBE90123D0F8A1
:1071E0000880C04760B9524659463846FFF770FEDE
:1071F00000283FF464AF09B0BDE8F08F6FF03300B2
:1072000009B0BDE8F08F064B064A0748122110F07E
:10721000E5FF064B064A0448B72110F0DFFF00BF28
:10722000D8060700F4080700F806070094070700CF
:10723000040907002DE9F04F0446D2E9003091B06F
:107240004FF0010B0A9300230B90069104F11408F0
:107250000DF128090593236859F8045B1B6A9D42C8
:107260007BD210230DF1300A0022CDE901A3009258
:107270002B4641462046FFF7B7FD002839D1059B34
:10728000002B60D10D9B23F00043132B4FD92268B4
:10729000D26993424BD84FF0FF3309A810225146D0
:1072A000099304F0BFFE0D9B23F00043102B28D060
:1072B000CDF81C9010260DF12307994607E0013602
:1072C0000122394609A804F0ADFEB14517D0236864
:1072D0001B6A9D4241D20123CDE9017300962B46E2
:1072E000002241462046FFF77FFD0028E7D0DDF869
:1072F0001C9010F1340F1AD011B0BDE8F08FDDF8FA
:107300001C90099B9BB99AE80F000BF0010610AF87
:1073100007EB860C069F1026FE603E467D601C36FD
:107320005CF8185CBD6086E80F0001230593BBF193
:10733000020F0FD1059B002B14BF00206FF033000C
:1073400011B0BDE8F08F069A0C9BD2699B1A002BF6
:1073500098DAECE74FF0020B7DE7034B034A044851
:10736000122110F03BFF00BFD8060700F408070009
:10737000F80607004368013337D02DE9F0438368EE
:10738000013383B0044628D015460E464FF000085E
:107390004FF001096A462946CDE90089FFF74AFF07
:1073A000E0B905F124086B6A591C16D0AF6A7A1C43
:1073B00013D0D6F800C09C4513D0D6F804E0BE45E3
:1073C0000FD073454246294620460AD0BC4508D016
:1073D000FFF730FF0028E6D000E0002003B0BDE852
:1073E000F083012003B0BDE8F0830020704700BFA8
:1073F0002DE9F041D1F820C00C46C9682CF00043BB
:10740000043B01F10C069E4284B0054617461FD985
:1074100004F12408102612E0424621462846FFF7D0
:1074200009FF90B9D4F820C0A169E6602CF00043B0
:10743000043B14311B2BA1614FF0100108D8BCF1A3
:10744000000FE9DB39606FF0010004B0BDE8F081A6
:107450002A46636852F8140B066AB34207F1040027
:107460001AD20C26CDE900100296114628460022B9
:10747000FFF7BAFC0028E8D17B79BA79FD79A169D8
:1074800004331344E2683A602B441A440B44E2602C
:10749000A36104B0BDE8F081024B034A0348122106
:1074A00010F09CFED8060700F4080700F806070055
:1074B000F0B593B000260D46012707A96A46CDE92D
:1074C00000670446FFF7B6FE064610B121E0831CB4
:1074D00022D1109B01331CD0119B013319D010AA6B
:1074E00007A92046FFF7A6FEB0B903AA07A92046C0
:1074F000FFF77EFF0028EAD19DF91030002B4FF0F6
:107500000802294605A8F0DB10F04AFF0028ECD15C
:107510000126304613B0F0BD0646304613B0F0BD2C
:107520002DE9F047164600240122C6E909428246A9
:1075300088461D4606F124094A4631465046FFF763
:1075400079FE074668B92A4631465046FFF750FF94
:1075500050B1831C1FD1736A013302D0B36A013367
:10756000EAD13846BDE8F0872C7904F07004202C6D
:10757000E9D1AB68D8F80020934208D0E868D8F881
:107580000410884203D08B4201D08242DBD1012714
:107590003846BDE8F0870746E3E700BF2DE9F04F26
:1075A0002DED028B8DB090461C46099340F62203C8
:1075B0002268C8F804300892D0E90123724EC8F856
:1075C000082082468946C8F80C3000F1140B089D4B
:1075D0003146284611F044FF2B4603440446314609
:1075E0001846059311F0EAFE0128049000F0B080DF
:1075F000022804D1059B1B782E2B00F0B280DDE918
:107600000423134408931F4601243146384611F0E1
:1076100027FF07443846314611F0D0FE78B10228E2
:1076200002D001340744F0E73B782E2BF9D17B7868
:107630002E2BF6D1013CF5D1BB1C0893C7E7059C66
:10764000207800285FD0099B1C6098F80430222B1A
:1076500040F08D8008F108031A464946504608EE6E
:10766000103AFFF7E7FD00284DD1049B013B23446E
:107670000793424649465046FFF7BAFE002842D1DA
:1076800098F8042002F07F03112B01D0222BF0D1B7
:1076900098F8073004998B42EBD1D8F8003098F86D
:1076A000051098F80650D9F8047004330B441D44B3
:1076B000049BA3B3059BCDF818800135DDF81C8031
:1076C000ED1A5C1E07E014F8012F9DF82F309A4246
:1076D0001ED144451FD0DAF800301A6A974205EBF4
:1076E000040347D2012202920DF12F02CDE90032AC
:1076F00059463B4600225046FFF776FB0028E2D071
:10770000DDF8188009DA0DB0BDEC028BBDE8F08F12
:10771000DDF81880ADE7DDF8188098F8042013062E
:107720007FF555AFDAF8043001330CD0DAF80830C1
:10773000013308D018EE101A5046FFF7B9FE0028A2
:107740001ED198F8042002F07F0288F804203EE75A
:107750002B5D2E2B7FF453AFDDE9042313440893F4
:1077600035E7059B5B782E2B7FF449AFF4E76FF08C
:107770001300C8E7054B064A0648122110F02EFDFB
:10778000C1DB6FF00100BEE70CCA0600D806070097
:10779000F4080700F80607002DE9F04F8B469DB06E
:1077A0000BF1040304930BF10C03CDE9053B016BD2
:1077B00004464FF001080025D4E90D3010E05A09C5
:1077C000E66B01385F1CA063676356F822C003F0C4
:1077D0001F0208FA02F212EA0C0F00F027813B4662
:1077E0009942ECD1002800F0F2812268E36AD2E9E4
:1077F00008621944904228BF1046B1FBF6F306FB1D
:1078000013112063E162E06B6563D208002110F080
:10781000FDFD6368013300F05781A368013300F078
:107820005381002201230025CDE9082304F1140728
:1078300001222E46D4F800C0E16ADCF82030206B2B
:10784000591A0E44B6FBF3F503FB1565854210D2B9
:107850006909E26B05F01F0552F8213008FA05F5B9
:107860001D4342F82150DCF82030E16A099A206B70
:10787000591A0A44B2FBF3F103FB112383420AD2E3
:107880005809E16B03F01F0351F8202008FA03F3B5
:10789000134341F8203008AA11A92046FFF7CAFC7B
:1078A000002840F00E810C25149A24E02068129BD9
:1078B000006A834280F01A820EA9CDE90021029568
:1078C000002239462046FFF78FFA002840F0F98061
:1078D0009DF839209DF83A309DF83B6014990432A8
:1078E0001A449DF83830324403F070030A44102BD8
:1078F000149200F0EB80199B23F00043043B02F14B
:107900000C009842D2D9DDE91A62701CCDE90862F8
:1079100001D0511C8ED1D4F80C904D46B9F1000F16
:1079200000F0DE81EB69DA0340F156816F69002FC8
:1079300000F05281D4F800A0DAF81C60013F083E44
:10794000B742C0F0CF81B7FBF6F0013810F098FADB
:107950000230A7EB8002B2FBF6F6D4F830E0E16A21
:107960002B69079505F12C000546DAF820207046B2
:1079700004F114098E4601469818A0EB0E0EBEFBCA
:10798000F2F002FB10E28A420AD25709E06B02F0E1
:107990001F0250F8271008FA02F20A4340F8272085
:1079A000002E00F01781DAF8202006F00107C7F159
:1079B000020A93424FEA8A0080F098810BA90022C4
:1079C000CDE90110009249462A462046FFF70CFAFD
:1079D000002876D10AF1FF3CD4F800A013E0BBFBED
:1079E000F2F302FB13B38B424FF0010014D24FEAC3
:1079F000531EE16B03F01F0351F82E2000FA03F32E
:107A0000134341F82E30D4F82CE0DAF820200B9BF9
:107A1000216BA2EB0E0B9B446045E0DB1CAB03EB40
:107A20008C0C023F5CF8443C3E44A5E72068E26AC7
:107A3000016A1344B3FBF1F201FB1233049A42F8DA
:107A4000043BD4E90C139942049207D10FE0A26BD6
:107A50000133013A8B42C4E90D3208D05D0903F0CD
:107A60001F0256F8255008FA02F22A42EFD1DDE94A
:107A7000043293427FF49FAEDDF818B0006ADBF861
:107A8000043083420BF11C0204F1140180F02E81BA
:107A9000042501920022204602950092FFF7A4F9E6
:107AA000002840F08B80DBF81C304FF0FF32CBE930
:107AB0000922142001331021CBE90730CBF80C1038
:107AC00000201DB0BDE8F08F216B75E6109B002BE8
:107AD0003FF411AFD4F800A0DAF81C6003F1FF3BCB
:107AE000A6F10809CB4570D3BBFBF9F0013810F0C3
:107AF000C7F9861CABEB8606B6FBF9F60F9BE16A6D
:107B0000DAF82020D4F830E09818401AB0FBF2F1EF
:107B100002FB110272450BD24FEA521CE16B02F0DC
:107B20001F0251F82C0008FA02F2024341F82C20FF
:107B3000002E3FF4B9AEDAF8202006F00109C9F1B1
:107B4000020A93424FEA8A0080F0D0800BA90022FB
:107B5000CDE90110009239462046FFF745F900288B
:107B6000AFD10AF1FF3CD4F800A013E0BBFBF2F365
:107B700002FB13B373454FF0010014D24FEA531EBA
:107B8000E16B03F01F0351F82E2000FA03F31343B7
:107B900041F82E30E16ADAF820200B9BD4F830E06F
:107BA000A2EB010B9B446045E0DB1CAB03EB8C0CB0
:107BB000A9F102095CF8443C4E44A5E710F1340FEA
:107BC0003FF471AF1DB0BDE8F08F064696E76FF049
:107BD0001B0076E7079DEB699B037DD52F6A002F7D
:107BE0007AD0D4F800A0DAF81C60013F083EB74212
:107BF0007AD3B7FBF6F0013810F042F90230A7EB68
:107C00008003B3FBF6F6D4F830E0E16A6B6A0795BF
:107C100005F12C000546DAF82020704604F114091D
:107C20008E4601469818A0EB0E0EBEFBF2F002FB4A
:107C300010E28A420AD25709E06B02F01F0250F8A4
:107C4000271008FA02F20A4340F82720002E42D0FB
:107C5000DAF8202006F00107C7F1020A93424FEA42
:107C60008A0043D20BA90022CDE9011000924946B7
:107C70002A462046FFF7B8F800287FF422AF0AF121
:107C8000FF3CD4F800A013E0BBFBF2F302FB13B3FC
:107C90008B424FF0010014D24FEA531EE16B03F008
:107CA0001F0351F82E2000FA03F3134341F82E303E
:107CB000D4F82CE0DAF820200B9B216BA2EB0E0B02
:107CC0009B446045E0DB1CAB03EB8C0C023F5CF893
:107CD000443C3E44A6E7079D2D68002D7FF422AE6C
:107CE000216B68E5002638E600268CE7024B034A44
:107CF0000348122110F072FAD8060700F4080700B2
:107D0000F80607002DE9F04F2DED028B9BB0012501
:107D100004460491A9464FF00008D4E90D31D4F887
:107D200030C00FE05A09E76B0139581CA16360634A
:107D300057F8226003F01F0205FA02F2324200F007
:107D40002A8103469C45EDD1002900F05282236828
:107D5000E66AD3E90802B444914228BF1146BCFB4D
:107D6000F0F300FB13C32163E362E06BC4F83480DB
:107D7000D208002110F04AFB63680133CDD0A3681C
:107D80000133CAD000220123CDE9062301220020BD
:107D900004F1140796462268E36A116A266BCB1A2F
:107DA00003EB000CBCFBF1F001FB10C0864210D9C4
:107DB0004609E16B00F01F0051F8263005FA00F08B
:107DC000184341F82600D4E90B36116ADDF81CE0AF
:107DD000CB1A7344B3FBF1F201FB1233B3420AD264
:107DE0005809E16B03F01F0351F8202005FA03F353
:107DF000134341F8203006AA0FA92046FFF71AFACC
:107E0000002840F0E9804FF00C08129A0CAE23E0F5
:107E10002168109B096A8B4280F0F5810092CDE9C0
:107E20000168002239462046FEF7DEFF002840F0B8
:107E3000D3809DF831209DF832109DF833C0129BFD
:107E400004320A449DF8301062441A4401F0700371
:107E5000102B129200F0C580179B23F00043043BC7
:107E600002F10C019942D3D9DDE9180E411CCDE98C
:107E7000060E02D0BEF1FF3F8DD1D4F80C804646ED
:107E8000B8F1000F3FF447AFF369DA0340F12881FE
:107E90007769002F00F02481D4F800A0DAF81C30B4
:107EA000013FA3F108084745C0F0A881B7FBF8F0EF
:107EB00001380FF0E5FF0230A7EB8007B7FBF8F7BA
:107EC00004F11400E16AD4F830C0DAF820203369F4
:107ED0000596834606F12C0008EE100A0E46614610
:107EE0009818A0EB060EBEFBF2F002FB10E28A42ED
:107EF0000BD2E06B4FEA521C02F01F0150F82C200D
:107F000005FA01F10A4340F82C20002F00F0E6802A
:107F1000DAF8202007F00108C8F1020A93424FEA7C
:107F20008A0080F0708109A90022CDE90110009239
:107F3000594618EE102A2046FEF756FF00284BD16E
:107F40000AF1FF3CD4F800A012E0BEFBF2F302FB02
:107F500013E38B424FF0010012D25E09E16B03F094
:107F60001F0351F8262009FA03F3134341F8263082
:107F7000E66ADAF82020099B216BA2EB060E9E44EC
:107F80006045E2DB1AAB03EB8C0CA8F102085CF84D
:107F9000443C4744A4E72168E26A096A1344B3FBFE
:107FA000F1F201FB1233049A1360D4E90C0383420B
:107FB00011D0012506E0A26B0133013A8342C4E9E6
:107FC0000D3208D0590903F01F0257F8211005FAA5
:107FD00002F20A42EFD100201BB0BDEC028BBDE8DB
:107FE000F08F0E9E002E3FF411AFD4F800A0DAF807
:107FF0001C20013EA2F1080B5E450AD3B6FBFBF044
:1080000001380FF03DFF0230A6EB8003B3FBFBF31A
:108010001846E16AD4F830C00D9BDAF8202008EE4B
:10802000107A8E46074661469818A0EB0E0EBEFBEE
:10803000F2F002FB10E28A420AD25609E06B02F02B
:108040001F0250F8261005FA02F20A4340F82620D3
:10805000002F00F0D580DAF8202007F00106C6F1E5
:10806000020A93424FEA8A0080F0CD8009A90022DB
:10807000CDE90110009218EE101A2046FEF7B4FE6A
:108080000028A9D10AF1FF3CD4F800A013E0BBFB03
:10809000F2F302FB13B38B424FF0010014D24FEA0C
:1080A000531EE16B03F01F0351F82E2009FA03F36E
:1080B000134341F82E30D4F82CE0DAF82020099B45
:1080C000216BA2EB0E0B9B446045E0DB1AAB03EB8C
:1080D0008C0C023E5CF8443C3744A5E7059EF369EE
:1080E0009B0340F18180376A002F7DD0D4F800A037
:1080F000DAF81C20013FA2F1080847457CD3B7FB02
:10810000F8F001380FF0BCFE0230A7EB8007B7FB98
:10811000F8F704F11400E16AD4F830C0DAF820204E
:10812000736A0596834606F12C0008EE100A0E4687
:1081300061469818A0EB060EBEFBF2F002FB10E2BF
:108140008A420BD2E06B4FEA521C02F01F0150F83A
:108150002C2005FA01F10A4340F82C20002F42D0D0
:10816000DAF8202007F00108C8F1020A93424FEA2A
:108170008A0048D209A90022CDE90110009259468F
:1081800018EE102A2046FEF72FFE00287FF424AFB9
:108190000AF1FF3CD4F800A012E0BEFBF2F302FBB0
:1081A00013E38B424FF0010012D25E09E16B03F042
:1081B0001F0351F8262009FA03F3134341F8263030
:1081C000E66ADAF82020099B216BA2EB060E9E449A
:1081D0006045E2DB1AAB03EB8C0CA8F102085CF8FB
:1081E000443C4744A5E7059E3668002E7FF44CAE1C
:1081F00091E56FF01B00EFE600278AE700275FE6B6
:1082000018EE107A01E6034B034A044812210FF0DE
:10821000E5FF00BFD8060700F4080700F8060700CE
:108220002DE9F04F044687B00F4600F1140905A967
:108230002046FFF767FD064640B920680599C368E8
:108240009847064630B110F1340FF0D0304607B0F1
:10825000BDE8F08FBB6A83B307F12C0A35460DF1F8
:10826000130804F1200B13E02268059B126A934265
:1082700047D20122CDE9018200954A46594620465F
:10828000FEF714FF002831D1BB6A0135AB4214D987
:1082900022687B6A126A93422DD20122CDE90182C3
:1082A0000095524649462046FEF79EFD0028DBD049
:1082B0000646304607B0BDE8F08F2368A16A9A6988
:1082C000786B10F07BF8D4E908122368A06AC7E93C
:1082D0000B12FF219A6910F099F8059B4FF0FF32BD
:1082E000304622627B6207B0BDE8F08F10F1340F98
:1082F0009DD00646DDE7064B064A074812210FF0DF
:108300006DFF034B054A04489C210FF067FF00BF37
:10831000D8060700F4080700F8060700040907005C
:108320002DE9F04F2DED028BC9B004462C2200211F
:108330001CA810F06BF84FF00043282227A800215A
:10834000249310F063F823681B6A01223192002BFA
:1083500000F0C98100274FF00C09319B013300F078
:10836000B18130AA27A92046FEF764FF0546002800
:1083700040F00C81249B002BC0F20E816368013316
:1083800000F04E81A368013300F04A8132AE3246DC
:108390000CAB25A92046FFF7C3F80028C0F2F580F2
:1083A00000F03E810E9B259A0F982699934200F08B
:1083B00090818B4200F09381DDE91D51239A269034
:1083C0002068259301320023CDE91D150B950593F7
:1083D0002392C3680A9198474FF0FF380546F0B1E1
:1083E00015F1340F40F0D2800A9BC4F82080012B95
:1083F00040F279810B9B012B40F275811DA920462B
:10840000FFF780FC0546002840F0C08020681D99D9
:1084100001230593C368984705460028E0D123AFA0
:108420000DF1500AA146102239465046CDF8508031
:1084300003F0F8FD59F8202B1D9B126A934280F03F
:1084400015821026CDE900572A4602964946204655
:10845000FEF72CFE05460028C2D1249B23F00043E2
:10846000043B102B32D904F1140B3DAF22680B9B57
:10847000126A934280F0F4810122CDE901720096E4
:10848000002259462046FEF7AFFC054600287DD164
:1084900001223946504603F0C5FD22681D9B126A31
:1084A000934280F0E3810122CDE9017200962A46D1
:1084B00049462046FEF7FAFD0546002890D1249B48
:1084C00023F000430136043B9E42CFD322681D9B1C
:1084D000126A934280F0CA8104220292CDE9006AB6
:1084E000494600222046FEF7E1FD054600287FF4BC
:1084F00077AF216AC4F814804A1C12D02068A36A9E
:10850000826900928568626AA847054600287FF460
:1085100067AF2368A06A9A69FF210FF077FFC4F85C
:108520002080206803699847054600287FF458AFEB
:10853000249EDDF874B0CDF8F48026F0004604F1F6
:108540001403043E08EE103A00F0968107460DF140
:10855000400908E00137012249463DA803F062FDC9
:10856000BE4240F2898123681B6A9B4580F0788176
:108570000123CDE9019318EE101A00975B46002203
:108580002046FEF731FC0028E4D00546284649B0D5
:10859000BDEC028BBDE8F08F32AE4FF000083246E2
:1085A00027A92046FEF724FFF0B1831CEDD10DF181
:1085B0009C0CBCE80F001CAE0FC6BCE80F000FC639
:1085C0009CE8070086E8070023681B6A01379F4282
:1085D00080F08980309B01337FF4BFAE284649B0DC
:1085E000BDEC028BBDE8F08F9DF9CC309DF8CC201E
:1085F000002BD4DA6368013341D0A36801333ED045
:1086000034A92046FEF754FF0028BEDB35D03246A1
:1086100027A9204601F0C8F90028C0D00546B5E7D3
:10862000DDE93050DDE91D21239B1D91CDE9255069
:108630000133239308911E9209924FF000080126FE
:108640002068C3689847054600284FD015F1340FBD
:108650009CD1089B4FF0FF32012B226243D9099B2A
:10866000012B40D91DA92046FFF74CFB05460028E9
:108670008CD11D994FF00108E2E79DF8CC20DDF880
:10868000C8E09DF8CFC0CDF8F89002F07F020EF15F
:108690000C0033A9CDE93F198DF8CC20419001237E
:1086A0003DAA27A92046CDF80C81CDF8F4E0CDF8FD
:1086B00008C1CDF810C100F0F9F900283FF46FAF00
:1086C000054663E70025284649B0BDEC028BBDE8AE
:1086D000F08F88423FF461AF8B427FF46DAE8242EF
:1086E0007FF46AAE59E76FF033054FE723AFA24638
:1086F0004FF0FF331022394607A8079303F092FC8E
:108700005AF8202B1D9B126A934280F0AF804FF0E5
:108710001009CDE900572A46CDF808905146204669
:10872000FEF7C4FC0546002890D1249B23F00043AB
:10873000043B102B34D904F1140B10AF2268099BB1
:10874000126A934280F08C80CDE90176CDF80090DA
:10875000002259462046FEF747FB054600287FF4D5
:1087600015AF0122394607A803F05CFC22681D9B67
:10877000126A93427AD22A46CDE90176CDF800906A
:1087800051462046FEF792FC054600287FF45EAF76
:10879000249B23F0004309F10109043B9945CDD303
:1087A00022681D9B126A934260D2042207A9CDE978
:1087B00000910292514600222046FEF777FC0546C2
:1087C00000287FF443AF216A4FF0FF37B942676159
:1087D00011D02068A36A826900928568626AA847FE
:1087E000054600287FF432AF2368A06A9A69FF210A
:1087F0000FF00CFE276220680369984705460028A1
:108800007FF424AF249FDDF874B027F000474FF0C9
:10881000FF3204F11403043F08EE103A109245D0E1
:1088200081460DF1F40A08E009F1010901225146DF
:1088300010A803F0F7FB4F4538D923681B6A9B4506
:108840000ED2CDE901A618EE101ACDF800905B46C5
:1088500000222046FEF7C8FA0028E5D0054695E636
:108860008E4B8F4A8F4812210FF0B8FC8B4B8E4AEB
:108870008C489C210FF0B2FC3D9A149B9A427FF4E5
:10888000B3AD059B002B30D12369002B3FF47EAEA6
:108890005C681D9A944271D099681E9881426DD08F
:1088A00084426BD08A4269D01B68EEE7109A079B1E
:1088B0009A427FF4CEAEB8F1000F40F08280236977
:1088C000002B3FF463AE5C681D9A944200F0C480B4
:1088D00099681E98814200F0BF80844200F0BC80FD
:1088E0008A4200F0B9801B68EAE7636801334ED022
:1088F000A36801333DAE0AAF4BD03246394610ABC8
:108900002046FEF70DFE0028FFF63FAE41D0DDE920
:108910001D03109F149731460C370C2612909DF8BA
:1089200047001897139311AF1596179619900026C4
:108930001B9052460123204616971A9600F0B6F86F
:1089400000287FF422AE0A98636898421AD00B9AE6
:10895000A1688A4216D0884214D0934212D00122D4
:10896000013384F840208FD0A36801338CD0204697
:10897000FFF7D6FC002887D0054607E65A601E9A06
:108980009A6091E7DDE91D32C4E90132E7E73DAEC7
:108990000AAF394632462046FEF7ECFC0028FFF6C7
:1089A000F4AD3FF471AF3146DDE91D60002347901F
:1089B0001A462046469600F079F800283FF464AF46
:1089C000DAE76368013350D0A36801333DAE4DD080
:1089D000324610AB08A92046FEF7A2FD0028FFF69C
:1089E000D4AD43D0DDE91D02109B14930C331893D2
:1089F00012900C2311A89DF84770139231461593DD
:108A0000002617931690012314AA204619971B9746
:108A10001A9600F04BF800287FF4B7AD0898636809
:108A200098421DD0099AA1688A4219D0884217D06D
:108A3000934215D00122013384F840203FF43FAF28
:108A4000A36801333FF43BAF2046FFF769FC0028E1
:108A50003FF435AF054699E55A601E9A9A6042E7A1
:108A6000DDE91D32C4E90132E4E73DAE08A9324632
:108A70002046FEF77FFC0028FFF687AD3FF41FAFCE
:108A80003146DDE91D60002347901A462046469690
:108A900000F00CF800283FF412AFDBE7D80607001F
:108AA000F4080700F8060700040907002DE9F04F55
:108AB0002DED028BCE690D46D1E90141A5B00136FD
:108AC00090462A1D69608246EE61AC60089205936B
:108AD00083B11E46D8F80400D8F80C302A6A1B1A55
:108AE000022E1A4405D1D8F81C70D8F814603A4404
:108AF000921B2A62DAF80000CDF818800023CDE935
:108B00000B140993C36898470446E0B114F1340F7D
:108B10003DD10B9B4FF0FF32012BCAF8202034D9F6
:108B20000C9B012B31D908995046FFF7EBF804460E
:108B300068BBDAF80000696801230993C3689847A5
:108B400004460028E2D105F11C07D0464FF0FF3360
:108B50001022394611A8119303F064FA58F8202B1B
:108B60006B68126A934280F00D811026CDE90047B0
:108B70002246029641465046FEF798FA834660B177
:108B800010F1340FC5D0044601E06FF033042046E5
:108B900025B0BDEC028BBDE8F08F2B6A23F00043BB
:108BA000043BB3426BD90AF1140308EE103A37467E
:108BB0000DF1640934E0DAF800200C9B126A93424C
:108BC00080F0E6800122CDE9019218EE101A00979C
:108BD00000225046FEF708F904460028D7D10122AA
:108BE000494611A803F01EFADAF800206B68126AF1
:108BF000934280F0C7800122CDE90192009622467F
:108C000041465046FEF752FA044600287FF47EAFF4
:108C1000013701362B6A23F00043043B9E422ED2DB
:108C2000059B5B45C7DD069A4FEA0B1302EB0B1160
:108C3000D3580791BB42BED10C4611A8D1E902120C
:108C400003F0F0F9DAF800206B68106AE168A268B6
:108C5000834280F09780CDE90121009600224146B1
:108C60005046FEF723FA044600287FF44FAF079BD7
:108C70005A68DB680BF1010B17441E44CAE7DAF8A7
:108C800000206B68126A93427CD2042211A9CDE9BC
:108C900000610292414600225046FEF707FA044660
:108CA00000287FF433AFDAF820104FF0FF339942F9
:108CB000CAF8143019D0DAF80000DAF828308269DE
:108CC00000928468DAF82420A047044600287FF444
:108CD0001DAFDAF80030DAF828009A69FF210FF0AA
:108CE00095FB4FF0FF33CAF82030DAF80000036933
:108CF0009847044600287FF409AF2B6AD5F8048012
:108D000023F000434FF0FF32B3F1040919920AF146
:108D1000140B1DD007460DAE07E001370122314686
:108D200019A803F07FF9B94512D0DAF800301B6AB0
:108D300098452DD20123CDE90163009743460022D7
:108D400059465046FEF750F80028E6D004461EE784
:108D5000199A119B9A427FF4DCAE099B13BBDAF897
:108D60001030002B3FF413AF5E686A68964215D04E
:108D70009968A868814211D086420FD08A420DD0EE
:108D80001B68EEE73D4B3E4A3E489C210FF026FA19
:108D90003A4B3D4A3B4812210FF020FA5A60AA682C
:108DA0009A60EDE7DAF80430013347D0DAF808309A
:108DB000013319AE0BAF43D0324639460DAB5046A6
:108DC000FEF7AEFB0028C1DB3AD0D5E901030D9FC9
:108DD000119731460C370C260F909DF83B001597E4
:108DE00010930EAF1296149616900026189011AAA2
:108DF0000123504613971796FFF758FE0028A5D178
:108E00000B98DAF80430984231D00C9ADAF808104E
:108E10008A422CD088422AD0934228D001220133A2
:108E20008AF840209BD0DAF80830013397D05046BA
:108E3000FFF776FA002892D00446A8E619AE0BAFE9
:108E4000394632465046FEF795FA0028FFF67EAFC7
:108E500085D03146D5E90160002323901A4650465B
:108E60002296FFF723FE00283FF479AFE4E76B6812
:108E7000CAF80430AA68CAF80820CFE7D806070065
:108E800004090700F8060700F40807002DE9F04F71
:108E90002DED028B0D46BDB0824616461F4601F1F0
:108EA000240809E0002B52DA424629465046FEF7D4
:108EB000C1F9002840F008817479B179F279DAF8C3
:108EC00000002B6A04340C441444C1691C448C42D5
:108ED000E8D8B4461E1F4CF8046BE96924974C1C73
:108EE0006F68A96825920C3313442B62C5E90117FA
:108EF0000C23002221932B1DCDF880C01E962296B4
:108F000013971291EC611F92239207920693C36804
:108F100098470446002800F0DE8014F1340F65D134
:108F2000129B4FF0FF32012BCAF820205CD9139B13
:108F3000012B59D906995046FEF7E4FE0446002855
:108F400054D101236968DAF800000793DFE7AC46E3
:108F5000BCE80F0026AC0FC4BCE80F000FC49CE8AF
:108F6000070084E8070029465046FEF715FC044632
:108F700000283BD1DDE92F122B6A69623046191FA8
:108F8000AA6240F8041BF6791794CDE91B473344D5
:108F9000069416916C681A91A968EA691D960C33BB
:108FA0002B62C5E901140C23013219932B1D189073
:108FB0000F940E91EA6107934FF00109DAF800006F
:108FC000C36898470446002800F0AA8014F1340FC3
:108FD0000CD10E9B4FF0FF32012BCAF8202003D991
:108FE0000F9B012B00F2BF806FF0330420463DB091
:108FF000BDEC028BBDE8F08FDAF800206B68126AD6
:10900000934280F04C8204220BA9CDE900610292C8
:10901000414600225046FEF749F804460028D5D1C3
:10902000DAF820104FF0FF339942CAF8143018D004
:10903000DAF80000DAF82830826900928468DAF8F9
:109040002420A04704460028C0D1DAF80030DAF81E
:1090500028009A69FF210FF0D9F94FF0FF33CAF8C1
:109060002030DAF800000369984704460028ADD1A3
:109070002E6A26F000464FF0FF33321F0C930AF1A0
:10908000140B6B68059200F0EA81074631AE1C466E
:1090900009E0012231460CA802F0C4FF059B01370C
:1090A000BB4200F0DC81DAF800301B6A9C4280F0A1
:1090B000FC81CDE9016900972346002259465046BC
:1090C000FDF792FE0028E4D0044620463DB0BDECFA
:1090D000028BBDE8F08F05F11C07D0464FF0FF333F
:1090E0001022394609A8099302F09CFF58F8202B5A
:1090F0006B68126A934280F0D2811026CDE9004756
:109100002246029641465046FDF7D0FF834600288E
:1091100000F0AA8010F1340F3FF402AF5C4665E71F
:1091200005F11C07D0464FF0FF33102239460BA83B
:109130000B9302F077FF58F8202B6B68126A93426A
:1091400080F0AD811026CDE90047224602964146C7
:109150005046FDF7ABFF834688B110F1340F3FF462
:1091600038AF5C4642E707995046FEF7CBFD044610
:1091700000287FF43BAF0123696806931EE72B6A42
:1091800023F00043043BB3427FF636AF0AF11403E9
:1091900008EE103A374638E0DAF800200F9B126AE2
:1091A000934280F082810CAACDE9007218EE101A69
:1091B000CDF8089000225046FDF716FE0446002820
:1091C0007FF414AF01220CA90BA802F02BFFDAF8F0
:1091D00000206B68126A934280F061810CAACDE98D
:1091E0000062CDF80890224641465046FDF75EFFEA
:1091F000044600287FF4EAAE013701362B6A23F0DB
:109200000043043BB3427FF6F7AEBBF1010FC3DC72
:1092100016AA4FEA0B1302EB0B11D3580591BB4270
:10922000BAD10C460BA8D1E9021202F0FBFEDAF823
:1092300000206B68106AE168A268834280F02F8189
:10924000CDE901210096002241465046FDF72EFF50
:10925000044600287FF4BAAE059B5A68DB680BF120
:10926000010B17441E44C9E72B6A23F00043043B5B
:10927000B3426CD90AF1140308EE103A37460DF1E7
:10928000280935E0DAF80020139B126A934280F037
:109290000C810122CDE9019218EE101A00970022EC
:1092A0005046FDF7A1FD044600287FF49FAE012241
:1092B000494609A802F0B6FEDAF800206B68126A87
:1092C000934280F0EC800122CDE901920096224683
:1092D00041465046FDF7EAFE044600287FF41DAEE5
:1092E000013701362B6A23F00043043BB3422ED9E9
:1092F000BBF1010FC6DC1EAA4FEA0B1302EB0B11E8
:10930000D3580591BB42BDD10C4609A8D1E9021240
:1093100002F088FEDAF800206B68106AE168A26843
:10932000834280F0BC80CDE90121009600224146B5
:109330005046FDF7BBFE044600287FF4EEAD059BCA
:109340005A68DB680BF1010B17441E44CAE7DAF8D0
:1093500000206B68126A934280F0A180042209A960
:10936000CDE900610292414600225046FDF79EFE83
:10937000044600287FF4D1ADDAF820104FF0FF3317
:109380009942CAF8143019D0DAF80000DAF8283017
:10939000826900928468DAF82420A04704460028F5
:1093A0007FF4BBADDAF80030DAF828009A69FF21C3
:1093B0000FF02CF84FF0FF33CAF82030DAF8000035
:1093C00003699847044600287FF4A7AD2A6AD5F8B8
:1093D00004B022F000424FF0FF33171F0A930AF146
:1093E00014091ED006460DF1C40807E0013601221B
:1093F00041460AA802F016FEB74212D0DAF8003051
:109400001B6A9B4551D20123CDE9018300965B463F
:10941000002249465046FDF7E7FC0028E6D0044606
:1094200053E6DDE909329A427FF47AAD079B002BBF
:1094300041D1DAF81030002B3FF4D8AD5E686A688D
:10944000964200F089809968A868814200F0848083
:10945000864200F081808A427ED01B68EBE7DDE91E
:109460000B329A427FF4B5AD069B002B40F06E8123
:10947000DAF81040002C00F0948060686B68984225
:1094800000F0B781A268A9688A4200F0B2818842E0
:1094900000F0AF81934200F0AC812468EAE7A74B6B
:1094A000A74AA8489C210EF099FEA44BA64AA548BD
:1094B00012210EF093FEDAF80430013357D0DAF8B7
:1094C0000830013331AE12AF53D03246394616ABB5
:1094D0005046FEF725F80028FFF6F6AD49D0D5E94D
:1094E0000102169B26930C332A9318900C2317A87D
:1094F0009DF85F7019923146279300262993289092
:10950000012326AA50462B972D972C96FFF7CEFACB
:1095100000287FF4D9AD1298DAF8043098421FD0B1
:10952000139ADAF808108A421AD0884218D0934267
:1095300016D0012201338AF840203FF47AAFDAF8DE
:10954000083001333FF475AF5046FEF7E9FE0028BE
:109550003FF46FAF0446B8E55A60AA689A607CE7AA
:109560006B68CAF80430AA68CAF80820E1E731AE8F
:1095700012AF394632465046FDF7FCFE0028FFF692
:10958000A3AD3FF456AF3146D5E9016000233B90CF
:109590001A4650463A96FFF789FA00283FF449AF39
:1095A000D8E7D5E90116DDE92D3227982F912899C2
:1095B0001190CDE92710DAF80000309642F0004211
:1095C00001332D932E92C3681091059498474FF064
:1095D000FF370126C1460446F8B114F1340F7FF479
:1095E00005AD109BCAF82070012B7FF6FDAC119BD6
:1095F000012B7FF6F9AC27A95046FEF783FB044602
:1096000000287FF4F3ACDAF80000279901230593D2
:10961000C368984704460028DFD10DF1B408102232
:1096200041460DA80D9702F0FDFCDAF80020279BBB
:10963000126A9342BFF433AF1025CDE900482246A9
:10964000029549465046FDF731FD04460028C4D135
:109650002E9B23F00043043B102B88BF0DF1C40860
:1096600030D9DAF80020119B126A9342BFF41DAF83
:10967000CDE901860095002259465046FDF7B4FB1E
:10968000044600287FF4B2AC012241460DA802F046
:10969000C9FCDAF80020279B126A9342BFF4FFAEA0
:1096A0002246CDE90186009549465046FDF7FEFC6D
:1096B0000446002891D12E9B23F000430135043B42
:1096C0009D42CED3DAF80020279B126A9342BFF462
:1096D000E6AE04220DA9CDE90051029249460022CE
:1096E0005046FDF7E3FC044600287FF476AFDAF835
:1096F0002010CAF814704B1C17D0DAF80000DAF802
:109700002830826900928468DAF82420A047044651
:1097100000287FF462AFDAF80030DAF828009A699E
:10972000FF210EF073FECAF82070DAF8000003691A
:109730009847002861D004464FE700BFD8060700CD
:1097400004090700F8060700F4080700DAF80430F7
:10975000013379D0DAF80830013331AE0EAF75D06D
:109760003246394612AB5046FDF7DAFE041EFFF6CC
:109770003DAC6BD0D5E9012312981E900C3022909D
:1097800014920C2013AA9DF84F40159331461F9058
:1097900021902092002601231EAA5046239425944E
:1097A0002496FFF783F9044600287FF41FAC0E9837
:1097B000DAF80430984263D00F9ADAF808108A4237
:1097C0005ED088425CD093425AD0012201338AF89D
:1097D00040203FF44DAEDAF8083001333FF448AE94
:1097E0005046FEF79DFD0446002C3FF441AEFFF7C6
:1097F000FDBB6360AB68A3604FE62E9ADDF89C80EA
:10980000319722F00042131F1C4640D0054607E066
:10981000013501221EA931A802F004FCAC4236D069
:10982000DAF800301B6A9845BFF43FAE1EABCDE9B5
:10983000005302964346002259465046FDF7D4FA9B
:109840000028E5D0044640E431AE0EAF394632463A
:109850005046FDF78FFD041EFFF6C8AB3FF408AE7F
:10986000D5E9014000233B9031461A4650463A94D0
:10987000FFF71CF90446002C3FF4FAADFFF7B6BB26
:109880006B68CAF80430AA68CAF808209DE7319AC4
:109890000D9B9A427FF4A5AE059D95B9DAF810406C
:1098A000002C3FF4A3AB6068279B984278D0A26855
:1098B00028998A4274D0884272D0934270D024682A
:1098C000EEE7DAF8043001334BD0DAF80830013330
:1098D00031AE10AD47D03246294612AB5046FDF7A7
:1098E0001FFE041EFFF682AB3DD0129B1E93DDE9E6
:1098F00027420C339DF84F0022930C2314941592A9
:1099000000241F93219323902590314613AD01230A
:109910001EAA504624942095FFF7C8F80446002854
:109920007FF464AB1098DAF80430984233D0119A7F
:10993000DAF808108A422ED088422CD093422AD0DE
:10994000012201338AF84020A8D0DAF80830013328
:10995000A4D05046FEF7E4FC0446002C9ED0FFF74E
:1099600045BB31AE10AD294632465046FDF702FDEB
:10997000041EFFF63BAB91D0DDE9274000233B906E
:1099800031461A4650463A94FFF790F80446002CA8
:1099900084D0FFF72BBBDDE92732CAE90132CFE7DC
:1099A0006360289BA3608AE72DE9F04F2DED028BC1
:1099B000154653799279EE790433B1B013440A6AAB
:1099C00033440C46059322F000411433994204F1CC
:1099D00004038346079365D0D4E901012E68E36947
:1099E0000696059E0F90921BC4E901100133DBF827
:1099F00000000E91C4E9073200230893C36809955B
:109A00009847A0460646E8B116F1340F3CD10E9BAC
:109A10004FF0FF32012BCBF820203BD90F9B012BBD
:109A200038D907995846FEF76DF9064660BBDBF852
:109A30000000D8F8041001230893C368984706462D
:109A40000028E1D108F11C04DA464FF0FF33102260
:109A5000214612A8129302F0E5FA5AF8202BD8F802
:109A60000430126A934280F04B821025CDE90064E5
:109A70003246029551465846FDF718FB044620B37E
:109A800010F1340FC3D00646304631B0BDEC028B26
:109A9000BDE8F08F6FF03306304631B0BDEC028B7D
:109AA000BDE8F08F19461AAAFDF764FC061EEBDB31
:109AB000229B002BC0F2E0806B79A979EA7904330C
:109AC0000B4413440593226A86E7D8F8203023F02C
:109AD0000043043BAB4242D90BF1140308EE103AA9
:109AE0002F460DF194091CB9069BBB4200F0A680DD
:109AF000DBF800200F9B126A934280F0FB81012269
:109B0000CDE9019218EE101A009700225846FDF791
:109B10006BF906460028B7D10122494612A802F087
:109B200081FADBF80020D8F80430126A934280F002
:109B3000E7810122CDE9019200953246514658460F
:109B4000FDF7B4FA064600287FF45EAF0137013511
:109B5000D8F8203023F00043043BAB42C3D8DBF8F5
:109B60000020D8F80430126A934280F0C9810422A0
:109B700012A9CDE900510292514600225846FDF744
:109B800095FA064600287FF43FAFDBF820104FF02F
:109B9000FF339942CBF8143019D0DBF80000DBF822
:109BA0002830826900928468DBF82420A0470646AA
:109BB00000287FF429AFDBF80030DBF828009A6931
:109BC000FF210EF023FC4FF0FF33CBF82030DBF801
:109BD000000003699847064600287FF415AFD8F8BF
:109BE0002030D8F8047023F0004A4FF0FF32BAF169
:109BF000040A25920BF1140900F00D8105461AACF8
:109C000008E001350122214625A802F00BFAAA45F9
:109C100000F00181DBF800301B6A9F4280F06A810E
:109C20000123CDE9014300953B46002249465846B1
:109C3000FDF7DAF80028E4D0064625E7224621465B
:109C400012A802F0EFF9DBF80020D8F80430126A0D
:109C5000934280F05581CDE901440095224651465A
:109C60005846FDF723FA064600287FF4CDAEDDE91D
:109C7000052301249F186BE7226A2199D4E909047E
:109C800062F00042134023904A1CDDE91B01CDE93C
:109C90001B100D90DBF800002494CDE92123002354
:109CA00005930C91C36898474FF0FF38012706468B
:109CB000F8B116F1340F7FF4E7AE0C9BCBF820809F
:109CC000012B7FF6E7AE0D9B012B7FF6E3AE1BA9C0
:109CD0005846FEF717F8064600287FF4D5AEDBF8A5
:109CE00000001B9901230593C36898470646002886
:109CF000DFD121ADD946102229460AA8CDF8288007
:109D000002F090F959F8202B1B9B126A934280F0C5
:109D1000F7801024CDE90065324602944946584642
:109D2000FDF7C4F906460028C3D1229B23F0004367
:109D3000043B102B33D90BF1140A0BADDBF80020D8
:109D40000D9B126A934280F0D580CDE901570094B3
:109D5000002251465846FDF747F8064600287FF492
:109D600093AE012229460AA802F05CF9DBF8002034
:109D70001B9B126A934280F0C3803246CDE90157A3
:109D8000009449465846FDF791F90646002890D1BF
:109D9000229B23F000430134043B9C42CED3DBF8EA
:109DA00000201B9B126A934280F0AA8004220AA919
:109DB000CDE900410292494600225846FDF776F966
:109DC000064600287FF475AFDBF82010CBF814802E
:109DD0004B1C17D0DBF80000DBF8283082690092BA
:109DE0008468DBF82420A047064600287FF461AF92
:109DF000DBF80030DBF828009A69FF210EF006FB43
:109E0000CBF82080DBF8000003699847002800F0B9
:109E1000D18006464DE7259A129B9A427FF4F7AD12
:109E2000DDE908354446002B70D1DBF810301A46C6
:109E300072B1D2F804C061688C4557D09068A768A9
:109E4000B84253D0BC4551D081424FD01268EFE7A1
:109E5000DBF80C2022B34FF0FF370BE0D2F808E01C
:109E6000D4F808C0E64509D0614507D0704505D053
:109E70001268AAB1516860688142EFD1D168286840
:109E8000814230D0F4D9687995F806E095F807C09A
:109E9000043070446044091AD1601268002AE9D184
:109EA00063B9F1E59F68A06887420BD0824209D070
:109EB000B94207D01B68002B3FF4E6AD5A686168D1
:109EC0008A42EFD1D9682A689142F3D96A7995F824
:109ED00006C0EF799869043262443A44891A821ABA
:109EE000D9609A61E6E7C2E90177C1E75160A168EC
:109EF0009160ABE79B4B9C4A9C4812210EF06EF997
:109F0000984B9B4A99489C210EF068F9DBF8043085
:109F1000013379D0DBF80830013325AF0DF1380873
:109F200075D012AB3A4641465846FDF7F9FA00287B
:109F3000FFF682AE6BD0D4E9012312981A900C3050
:109F40001E9014920C2013AA9DF84FC01593394609
:109F50001B9000271D901C9201231AAA5846CDF889
:109F60007CC0CDF884C02097FEF7A0FD00287FF4C8
:109F700063AE0E98DBF80430984260D00F9ADBF89D
:109F800008108A425BD0884259D0934257D00122B0
:109F900001338BF840203FF448AFDBF80830013341
:109FA0003FF443AF5846FEF7BBF900283FF43DAFFE
:109FB000064669E5229DDDF86CA0CDF82C8025F0E1
:109FC00000450BF11403043D1E463FD004460DF13D
:109FD000940907E00134012249460BA802F022F857
:109FE000A54233D0DBF800301B6A9A4582D2CDE916
:109FF000019700945346002231465846FCF7F4FE80
:10A000000028E7D006463FE525AF0DF13808414668
:10A010003A465846FDF7AEF90028FFF60DAE3FF47C
:10A0200004AF3946D4E9017000232F901A465846F0
:10A030002E97FEF73BFD00283FF4F7AEB8E76368C4
:10A04000CBF80430A268CBF80820A0E7DDE90A329B
:10A050009A427FF432AE059B93B9DBF81060002E74
:10A060003FF412AD70681B9B984276D0B2681C9981
:10A070008A4272D0884270D093426ED03668EEE742
:10A08000DBF8043001334AD0DBF80830013325AF68
:10A090000CAC46D03A4621460EAB5846FDF740FA86
:10A0A000061EFFF6F1AC3CD00E9B1293DDE91B427D
:10A0B0000C339DF83F0016930C23109411921393C8
:10A0C00015931790199039460FAD0024012312AA59
:10A0D000584614951894FEF7E9FC064600287FF4CC
:10A0E000D3AC0C98DBF80430984231D00D9ADBF8F1
:10A0F00008108A422CD088422AD0934228D00122CC
:10A1000001338BF84020A8D0DBF808300133A4D00D
:10A110005846FEF705F90646002E9ED0B4E425AF5A
:10A120000CAC21463A465846FDF724F9061EFFF6C8
:10A13000ABAC92D0DDE91B4000232F9039461A4684
:10A1400058462E94FEF7B2FC0646002E85D09BE4BE
:10A15000DDE91B32CBE90132D1E773601C9BB360B0
:10A160008CE700BFD8060700F4080700F8060700D0
:10A17000040907002DE9F04F90F84030BBB00546C8
:10A18000059163B943680122013380F8402006D06D
:10A190008368013303D0FEF7C3F8044668B909AAFF
:10A1A00019A905AB2846FDF7F9F9821C044608D128
:10A1B00005982F210FF0E3F858B120463BB0BDE8D9
:10A1C000F08F002808BF6FF0100420463BB0BDE8B8
:10A1D000F08F2B681B6AAB6324A92846FDF7DCFAD5
:10A1E00004460028E9D1DDE92210259A2D9126990F
:10A1F0002B9B0494CDE9251201332B932E900892CA
:10A2000007914FF0FF3A4FF001082868C36898475C
:10A210000446B8B114F1340FCFD1079BC5F820A084
:10A22000012B40F2D580089B012B40F2D18025A95B
:10A230002846FDF767FD04460028BED10123259975
:10A240000493E2E72BAFA9461022394611A8CDF8B6
:10A2500044A001F0E7FE59F8202B259B126A934297
:10A2600080F0BF801026CDE900472246029649467D
:10A270002846FCF71BFF04460028CBD12C9B23F07B
:10A280000043043B102B30D905F1140B2FAF2A6883
:10A29000089B126A934280F09E80CDE90178009677
:10A2A000002259462846FCF79FFD0446002884D129
:10A2B0000122394611A801F0B5FE2A68259B126AD1
:10A2C000934280F08E802246CDE90178009649467F
:10A2D0002846FCF7EBFE044600289BD12C9B23F07C
:10A2E00000430136043B9E42D1D32A68259B126A63
:10A2F000934276D2042211A9CDE900610292494627
:10A3000000222846FCF7D2FE0446002882D1296AA2
:10A31000C5F814A04B1C12D02868AB6A8269009261
:10A3200084686A6AA047044600287FF473AF2B68EC
:10A33000A86A9A69FF210EF069F8C5F820A028687C
:10A3400003699847044600287FF464AF2C9B259F3F
:10A35000CDF8BCA023F0004BBBF1040B05F11409B0
:10A360001BD006462B681B6A9F4234D20DABCDE949
:10A370000063CDF808803B46002249462846FCF79A
:10A3800033FD044600287FF418AF013601220DA9E1
:10A390002FA801F047FEB345E4D12F9A119B9A42B2
:10A3A0007FF43BAF049B002B42D12A69FAB1546879
:10A3B000259B9C4200F0898091682698814200F09C
:10A3C0008480844200F081808B427ED01268EDE769
:10A3D0006FF03304F1E64F4B4F4A504812210DF015
:10A3E000FDFE4C4B4E4A4D489C210DF0F7FE059B5F
:10A3F0008DF82A20184640F622020493ADF8282052
:10A400000EF0EDFFDDE925648DF82B00049B0C9424
:10A4100009AA19A9284623940B962296FEF736FD21
:10A42000044600287FF4C9AE2B681B6AAB63C4E600
:10A430006B68013352D0AB6801332FAE07AF4FD0FA
:10A44000324639460DAB2846FDF76AF8041EFFF682
:10A45000B4AE45D0DDE925400D9B11930C33159327
:10A4600010900C239DF83B000F94314612931493E7
:10A4700000241690189011AA0EAE012328461794B6
:10A480001396FEF713FB044600287FF496AE079858
:10A490006B6898421DD0089AA9688A4219D08842F0
:10A4A00017D0934215D00122013385F840203FF4A4
:10A4B0007CAFAB6801333FF478AF2846FDF730FF3F
:10A4C0000446002C3FF471AF77E65360269B9360FF
:10A4D0007CE7DDE92532C5E90132E4E72FAE07AFBD
:10A4E000394632462846FCF745FF041EFFF665AEA6
:10A4F0003FF45BAFDDE925400023399031461A4631
:10A5000028463894FEF7D2FA0446002C3FF44DAFAB
:10A5100053E600BFD8060700F4080700F806070056
:10A520000409070070B5D0E9015386B0C1E90153B1
:10A53000019201AB02AA06460C46FDF72FF8A0B91E
:10A540009DF80C30222B12D104AA21463046FCF78C
:10A5500071FE50B9D4E901123369216162610E21A3
:10A560001022A161E2602360346106B070BD6FF01B
:10A570001300FAE7036943B1994202D107E0994217
:10A5800007D01A461B68002BF9D10020704700F154
:10A5900010020B6813600020704700BFF0B515462D
:10A5A0000E4689B004464C22284600210DF02EFFAD
:10A5B000B3690E2B4AD00F2B53D004AA3146204644
:10A5C000FCF716FF00285BD19DF8142002F07F03F2
:10A5D000112B01D0222BF0D1110655D56268013222
:10A5E0000DD0A26801320AD006A92046FCF760FF10
:10A5F000002829DBE1D19DF8143003F07F038DF8AA
:10A60000143021462B70112B51F8140B08BF079BF7
:10A61000049A08BF6B609DF815C07368066A9DF8C0
:10A620001670101D6044B3429DF8172005F108050F
:10A6300038442BD2CDE90152009000222046FCF78D
:10A64000D3FB002808BF012009B0F0BD124A222325
:10A6500012882A812B70B36901200133B36109B0DC
:10A66000F0BD2B460D4A222103F8081B1188927871
:10A6700029819A70B36901200133B36109B0F0BD3B
:10A68000841C08BF0020DFE71346BAE7044B054AE5
:10A69000054812210DF0A2FD6CD80600D0D70600A7
:10A6A000D8060700F4080700F80607002DE9F04374
:10A6B0001F4693B003F00303012B0C46019205469D
:10A6C00003D090F84030002B70D002AA07A901AB4C
:10A6D0002846FCF763FF064600283FD19DF80C3062
:10A6E000222B00F09180BB0500F18B80DDE9082072
:10A6F00002996260049AA0600023C4E90637C4E9A5
:10A70000031223627A05059B636106D5002B5FD196
:10A710004FF0FF320023C4E904232B68586B4FF03D
:10A72000FF32E262002857D0EB68002B5FD16063F4
:10A73000E36903F003034FF0FF36012BE66205D017
:10A740002B68FF219A690DF061FEE662EB682360D9
:10A750000026EC60304613B0BDE8F083B01CF9D1A0
:10A76000DDF804802F2140460EF009FE0246002845
:10A77000F0D1F905EED540F6110340468DF80E20D4
:10A78000ADF80C300EF02BFE4FF0000943468DF86B
:10A790000F0002AA07A94FF0FF382846CDE9048927
:10A7A000FEF774FB06460028A0D0D3E743680122D9
:10A7B000013380F8402088D08368013385D0FDF7CD
:10A7C000AFFD0646002880D0304613B0BDE8F083C8
:10A7D00047F48037E7619BE7E26902F00302012A50
:10A7E00008D0986902F02CFF60630028A0D16FF0B8
:10A7F0000B06AFE7586902F023FF6063002897D18A
:10A80000F5E76FF01006A5E76FF01406A2E700BFAA
:10A810002DE9F04F2DED028BCC698FB004F00305CC
:10A82000012D0592079300F0B9816703884683469E
:10A8300000F10D81250500F11681A00340F1ED80A6
:10A84000079B002B00F0D88008F12C090693D8F85C
:10A850001C30990300F18980D8F82030002B40F09B
:10A860006481DBF800100B6ACBF83830D8E9087344
:10A870000C930DAB08EE103A0BF114044FF0010AE3
:10A88000CDF8208018EE101A5846FDF73BFA002844
:10A890005ED10D99012940F29181DBF80000036A35
:10A8A000994200F28B81C3689847002840F0AD8040
:10A8B000002F00F06581DBF80010D1F81C807D1EB0
:10A8C000A8F10806B542C0F01B81B5FBF6F00138CF
:10A8D00004910DF0D5FA0230A5EB8005B5FBF6F535
:10A8E00028460DF0CDFAA7EB800005FB1607B8450A
:10A8F000049900F0C380002F00F03F8100250DF186
:10A900002F0616E0DBF800200D9B126A934280F0C0
:10A910003F81CDE9016A0095224649465846FCF739
:10A92000C5FB002871D10135BD4280F0EF80DBF816
:10A9300000100A6A0C9B934280F03A81CDE9016ACB
:10A940000095002221465846FCF74EFA0028D9D03F
:10A95000DDF82080D8F81C3043F40023C8F81C3000
:10A960000FB0BDEC028BBDE8F08FDBF80010D8F81B
:10A970002870CD69AF423FF476AFD8F824300BF1A0
:10A980001404069A059EED1B954228BF15460EE05D
:10A9900010F1340FDED141465846FDF741FC002846
:10A9A000D8D1D8F82870DBF80010D8F824300A6A1B
:10A9B0009A4240F2ED80CDE9016500972246494672
:10A9C0005846FCF773FB0028E2D1D8F82020D8F8CD
:10A9D0002830DBF800102A442B44096AC8F82020EC
:10A9E000C8F82830059A069BCBF838102A445B1B20
:10A9F000059206937FF42BAFD8F81C30079823F408
:10AA00000023C8F81C30ABE7099F10F1340F9FD129
:10AA10004FF0FF33CBF8203034E7D8F82040D8F897
:10AA200014309C427FF60CAFC8F820300DAE0025E4
:10AA300001233246414658468DF83450FFF7E8FE70
:10AA400000288DDBD8F820309C42F1D8F8E64FF092
:10AA5000FF3224F48023A603CA62CB6100F1858013
:10AA60002205DAD51C46D8F81430D8F820209A42AE
:10AA700038BFC8F82030A003CFD5E1E6013595FAFC
:10AA8000A5F3B3FA83F31846013304930A6A0997CE
:10AA900000250DF1300807460D9B93424FEA8506CD
:10AAA00076D20422CDE901820096224649465846D4
:10AAB000FCF7FCFA0C9B0028A6D1AF4211D0DBF8C2
:10AAC0000020126A934273D20422CDE901820096DB
:10AAD000024621465846FCF787F900287FF438AF34
:10AAE0000C9B012B5DD9DBF800100A6A934258D801
:10AAF000049B0135AB42CFD1DDF820809F0009E0F7
:10AB000047457FF4FBAE01230493BFE7DDF82080C7
:10AB1000DBF800100D9BC8E90937D8F81C20CD6977
:10AB200042F40032C8F81C202BE708F1280108F194
:10AB30002402CDE90121013B0093D8E904234946D1
:10AB40005846FCF719FA00287FF404AFDBF8003010
:10AB5000D8F834009A69FF210DF058FC4FF0FF330C
:10AB6000DBF80010C8F82C307DE600F03DF8002836
:10AB70007FF4F6AED8F81C405CE6DDF82080C9E72B
:10AB8000DDF820800D9BDBF80010C8E90937C4E729
:10AB90000E4B0F4A0F489C210DF020FB6FF0080070
:10ABA000DEE60D4B0D4A0B4840F2D3410DF016FB8B
:10ABB000064B0B4A074812210DF010FB094B074AC0
:10ABC000044840F28C410DF009FB00BFD806070095
:10ABD00004090700F80607006807070024090700B2
:10ABE000F4080700B00707002DE9F0430D4693B0C5
:10ABF000064600F114072C22002104A8D5F8208075
:10AC00000DF004FC97E807004FF0FF33D5E904C4CA
:10AC10000DF1480E73610EE90700296A6A69CDF8E3
:10AC2000308001209142CDF820C009940B901FD2B2
:10AC3000994601230DF10F0204A9304600F072F984
:10AC40000446002C4FF001030DF10F022946304657
:10AC50003ADBFFF7DDFD041E36DB7369013337D0C5
:10AC6000C6F814906A692B6ACDF83C909A42E0D8F5
:10AC700005F12C0918E030686B6B826900928468DA
:10AC80002A6BA04704463A46494630461CB9FCF7B1
:10AC90001FF9044658B114F1340F2946304613D138
:10ACA000FDF7BEFA044678B9E96A4B1CE3D1EB69BB
:10ACB000D5E9082123F4003343F480332961EB61A3
:10ACC0006A61C5F820800024204613B0BDE8F083F7
:10ACD0002A6A6B699A42ACD3CAE700BFF0B5CB6968
:10ACE0000C4659039DB0054605D523F480234FF04B
:10ACF000FF32E361E2629A0309D521462846FFF755
:10AD000073FF024610B110461DB0F0BDE36903F4B5
:10AD10001023B3F5803F03D0002210461DB0F0BDD4
:10AD200063680133F8D0A3680133F5D0221D11A95F
:10AD30002846FCF77FFA02460028E4D12946129BF8
:10AD400051F8140B0692076AE068059006AEBB4204
:10AD5000C6E901222CD20C27CDE90006029728462D
:10AD6000FCF742F802460028CDD19DF81830112B8F
:10AD700024D1059B0B9603F10C060A9728460C97E5
:10AD80009DF81B5027690F9209930D9609AA6669D1
:10AD9000079711A9012308960E951095FDF786FED9
:10ADA00002460028AFD1E36923F48033E361AAE7C8
:10ADB000064B074A074812210DF010FA064B074AC6
:10ADC000044840F213610DF009FA00BFD8060700ED
:10ADD000F4080700F8060700E00707003409070039
:10ADE0002DE9F041CB690C4659039CB0054605D5C9
:10ADF00023F480234FF0FF32E361E2629A0321D50E
:10AE000021462846FFF7F0FE0646D0B1EB6843B175
:10AE10009C4202D16AE09C426AD019461B68002B12
:10AE2000F9D1A3692BB11B681BB130461CB0BDE83A
:10AE3000F0812B685B6B002BF7D1606B02F014FC88
:10AE4000F3E7E36903F41023B3F5803F01D0002654
:10AE5000DCE763680133FAD0A3680133F7D011A9A6
:10AE6000221D2846FCF7E6F906460028CED12946E1
:10AE7000129B51F8142B0696106AE268059206AFF1
:10AE80008342C7E9016636D24FF00C08CDE90027AE
:10AE9000CDF8088032462846FBF7A6FF0646002874
:10AEA000B4D19DF81830112B2BD1059B22690F903E
:10AEB00060699DF81B600B97099303F10C070792DB
:10AEC000089011A9012309AA28460E961096CDF8DC
:10AED0002880CDF830800D97FDF7E8FD0646002864
:10AEE00094D1E36923F48033E3618FE705F10C012A
:10AEF00023680B6095E7064B064A074812210DF0C0
:10AF00006DF9064B064A044840F213610DF066F9EC
:10AF1000D8060700F4080700F8060700E007070056
:10AF2000340907002DE9F04F0D46C96901F003040B
:10AF3000022C87B04FD08046880317461E464FD458
:10AF40002A6A69698A425CD2A1EB0209B1454B4683
:10AF500028BF33460593002B57D01E4605F12C0918
:10AF600005F1280B05F1240A1FE0D8F80000A96AB2
:10AF7000C469A1421CD0641A026A6B6AB44228BF39
:10AF80003446934245D20091CDE9017400224946EE
:10AF90004046FBF729FF00BB2A6AAB6A22442344E0
:10AFA000361B27442A62AB622FD0EB695B03DCD4EB
:10AFB000CDE901AB0092D5E9042349464046FBF7B1
:10AFC000DBFF50B9EB69D8F80000A96AC46943F403
:10AFD0008023EB61CFE76FF0080007B0BDE8F08F8A
:10AFE0004A0305D521F480214FF0FF32E961EA627E
:10AFF00029464046FFF7F8FD0028A1D007B0BDE87C
:10B00000F08F002007B0BDE8F08F059807B0BDE8CD
:10B01000F08F034B034A044812210DF0DFF800BF04
:10B02000D8060700F4080700F8060700F8B50C4634
:10B03000C96916464A0307461D4605D521F48021F5
:10B040004FF0FF33E161E3628B0305D538462146BB
:10B05000FFF7CAFD00B1F8BD2DB1012D0CD0022DB6
:10B0600004D0206AF8BD26623046F8BD002E606923
:10B0700005DB30442062F8BD002E206AF9DA724206
:10B080008242F6D96FF01500F8BD00BF086A70471C
:10B09000CB699B0305D5086A4B69984238BF1846AF
:10B0A00070474869704700BFF0B597B015460591E5
:10B0B00005AB07AA0BA90646FCF770FA044610B1C7
:10B0C000204617B0F0BD4C22014628460DF09EF9EF
:10B0D0009DF820302B70112B04BF0A9B6B607268A7
:10B0E000099B934223D00A98B16888421FD08B42B3
:10B0F0001DD082421BD03146079A51F8143B9DF86F
:10B1000021701C6A0C9B9DF8220004323A44A34231
:10B11000024405F108059DF823000ED2CDE9015047
:10B12000009230460022FBF75FFE0446C8E7064B5C
:10B130001B882B81204617B0F0BD044B044A0548FC
:10B1400012210DF04BF800BF0CCA0600D80607000C
:10B15000F4080700F80607002DE9F04F90F840309A
:10B16000BBB00546059183B943680122013380F8DD
:10B1700040200AD08368013307D0FDF7D1F8044698
:10B1800018B120463BB0BDE8F08F09AA19A905AB5C
:10B190002846FCF703FA04460028F2D19DF828302F
:10B1A000222B00F0D08009AA19A92846FEF7FCFB43
:10B1B00004460028E5D19DF82830222BE1D119AAB8
:10B1C00025A92846FCF7D6F8041EDADB00F00B812F
:10B1D000DDE92D40209B2390DDE91A212868229487
:10B1E0000133209300230493CDE91A12C368089217
:10B1F000079198474FF0FF3A4FF001080446E0B13D
:10B2000014F1340FBDD1079BC5F820A0012B40F2EB
:10B21000A480089B012B40F2A0801AA92846FCF7C5
:10B2200071FD04460028ACD128681A9901230493C3
:10B23000C368984704460028E2D120AFA9461022EF
:10B24000394611A8CDF844A000F0ECFE59F8202BA7
:10B250001A9B126A934280F03A811026CDE900478A
:10B260002246029649462846FBF720FF044600285E
:10B27000C6D1219B23F00043043B102B31D905F1AB
:10B28000140B2FAF2A68089B126A934280F0258125
:10B29000CDE901780096002259462846FBF7A4FD27
:10B2A000044600287FF46DAF0122394611A800F052
:10B2B000B9FE2A681A9B126A934280F008812246DE
:10B2C000CDE90178009649462846FBF7EFFE044693
:10B2D000002895D1219B23F000430136043B9E4278
:10B2E000D0D32A681A9B126A934280F0F08004221D
:10B2F00011A9CDE900610292494600222846FBF7D8
:10B30000D5FE044600287FF47BAF296AC5F814A057
:10B310004B1C12D02868AB6A8269009284686A6A02
:10B32000A047044600287FF46BAF2B68A86A9A698F
:10B33000FF210DF06BF8C5F820A028680369984735
:10B3400070B104465CE70BAA24A92846FBF772FFFC
:10B35000044600283FF427AF13E76FF0330410E7EB
:10B36000219FDDF868B0CDF8BCA027F0004705F1BB
:10B370001403043F1C461DD006460DF1340907E0B6
:10B380000136012249462FA800F04CFEB74211D0E9
:10B390002B681B6A9B4580F0A080CDE90198009640
:10B3A0005B46002221462846FBF71EFD0028E7D019
:10B3B0000446E6E62F9A119B9A427FF424AF049B41
:10B3C000C3B92C69002C3FF4DCAE60681A9B98422C
:10B3D0005AD0A2681B998A4256D0884254D09342D0
:10B3E00052D02468EEE7404B404A414840F26E712B
:10B3F0000CF0F4FE6B6801334FD0AB6801332FAE15
:10B4000007AF4CD0324639460DAB2846FCF788F8DA
:10B41000041EFFF6B6AE42D0DDE91A400D9B119333
:10B420000C33159310900C239DF83B000F9431467C
:10B430001293149300241690189011AA0EAE0123B3
:10B44000284617941396FDF731FB044600287FF435
:10B4500098AE07986B6898421AD0089AA9688A42F1
:10B4600016D0884214D0934212D00122013385F8BD
:10B470004020A6D0AB680133A3D02846FCF750FF8C
:10B480000446002C9DD07CE663601B9BA360A8E76C
:10B49000DDE91A32C5E90132E7E72FAE07AF3946D9
:10B4A00032462846FBF766FF041EFFF66AAE88D0D8
:10B4B000DDE91A400023399031461A46284638946F
:10B4C000FDF7F4FA0446002C3FF47BAF59E6094B34
:10B4D000094A07489C210CF081FE064B074A0448A4
:10B4E00012210CF07BFE00BF000807004409070092
:10B4F000F8060700D806070004090700F40807004B
:10B500002DE9F04F2DED028B8B6A0160C5B004462A
:10B51000002B00F09780C361C86A002800F09E806D
:10B52000A0628A69FF210CF071FF4FF0FF3322689F
:10B5300023626361536AD90640F02783002B00F031
:10B540001D83106B002800F09280E063D2E9055162
:10B55000B1FBF5F305FB1313002B40F0FA82D7691A
:10B56000B7FBF1F501FB1575002D40F000834FF09E
:10B57000FF36A7F10803B6FBF3F33344B3FA83F3C2
:10B58000C3F12003B7EB830FC0F0EA82526A256152
:10B590002946C4E90265D20884F8405066600CF080
:10B5A00035FF2368E562D3E90823934228BF134699
:10B5B000C4E90C35A26322A92046FCF7EDF8054644
:10B5C00078B123689A6A002A63D0DA6A002A5BD0CD
:10B5D0001B6B002B54D0284645B0BDEC028BBDE858
:10B5E000F08F2DA92046FCF7D7F805460028E8D1B2
:10B5F000DDE92E21349B0E92CDE92E120133049009
:10B6000034930D914FF001092068C36898470546AF
:10B61000002843D015F1340FD3D10D9B2662012BA6
:10B620000DD90E9B012B0AD92EA92046FCF76AFBE7
:10B6300005460028C5D101232E990493E4E76FF055
:10B640003305BEE7486901F0FBFFE061002800F028
:10B65000DF802168C86A00287FF462AF886901F042
:10B66000EFFFA062002800F0D380216859E7D808D6
:10B6700001F0E6FFE063002800F0CA80226865E779
:10B68000E06B01F0F1FFA6E7A06A01F0EDFF23688F
:10B690009EE7E06901F0E8FF236896E734AFA24631
:10B6A0001022394609A8099600F0BCFC5AF8202B54
:10B6B0002E9B126A934280F07D824FF01008CDE9F4
:10B6C00000572A46CDF8088051462046FBF7EEFC8D
:10B6D000054600289ED1359B23F00043043B102BE8
:10B6E000474633D904F1140B0DF1280822680E9B4C
:10B6F000126A934280F06482CDE9018900970022AA
:10B7000059462046FBF770FB054600287FF459AFE9
:10B710000122414609A800F085FC22682E9B126A8E
:10B72000934280F047822A46CDE90189009751462D
:10B730002046FBF7BBFC054600287FF46BAF359B2A
:10B7400023F000430137043B9F42CFD322682E9B56
:10B75000126A934280F02E82042209A9CDE9007179
:10B760000292514600222046FBF7A0FC0546002825
:10B770007FF450AF216A66614B1C11D02068A36A28
:10B78000826900928568626AA847054600287FF4AE
:10B7900041AF2368A06A9A69FF210CF037FE266248
:10B7A000206803699847054600287FF433AF359B2E
:10B7B000DDF8B8B00A9623F0004304F11402043B0C
:10B7C00008EE102A3CD01D46234608EE90AA38AF5A
:10B7D00092460446984607E00134012239460AA8F9
:10B7E00000F020FCA54228D0D8F800301B6A9B4509
:10B7F00080F0E681CDE9017900945B460022514654
:10B800004046FBF7F1FA0028E6D005464446D8E664
:10B8100023689A6A002A00F0C881DA6A002A00F0D8
:10B82000BF811B6B002B00F0B7816FF00B05284622
:10B8300045B0BDEC028BBDE8F08F18EE90AA4446EF
:10B84000DDE909329A427FF4E8AE049B002B40F018
:10B85000168225698DB168682E9B984200F0B681EA
:10B86000AA682F998A4200F0B181884200F0AE8127
:10B87000934200F0AB812D68ECE7A74A23688DF86E
:10B880006A50082641F22E47ADF868708DF86B605B
:10B8900092E80300D3E907261D9220AA82E803005C
:10B8A0002F9A06954FF001102E9D1E9634211026DA
:10B8B000A2601C922C9202221F9065601B952B9512
:10B8C00019962A914FF0010904921846DDE92331B7
:10B8D000299A0C93CDE9231301320023079329926F
:10B8E000C3680B9198470546D8B115F1340F7FF422
:10B8F00068AE0B9B4FF0FF32012B226232D90C9BBA
:10B90000012B2FD923A92046FCF7FCF9054628BBBB
:10B910002068239901230793C368984705460028A8
:10B92000E3D129AF4FF0FF331022394611A811930C
:10B9300000F078FB2268239B126A934280F03A81E0
:10B940001026CDE900572A46029651462046FBF7BD
:10B95000ADFB18B310F1340FCBD0054615F1340F01
:10B960007FF42FAE049B012B14D1069B002B3FF4D8
:10B9700066AE22A90026012738AA2046CDE93867FD
:10B98000FBF758FC054600287FF41BAE23681A6AB3
:10B99000A26317E601232068049397E72A9B23F00C
:10B9A0000043043BB34259D918EE108A37460DF1D3
:10B9B000E00B05902FE022680C9B126A934280F006
:10B9C000FF80CDE901B90097002241462046FBF7F0
:10B9D0000BFA05460028C1D10122594611A800F0F2
:10B9E00021FB2268239B126A934280F0E3802A465F
:10B9F000CDE901B9009651462046FBF757FB0546B5
:10BA000000287FF472AF013701362A9B23F00043F0
:10BA1000043B9E4222D2059B002BCCD1102FCAD1D1
:10BA20001AAD2022294611A800F0FCFA2268239BB7
:10BA3000126A934280F0BE802021CDE90065029118
:10BA4000059A51462046FBF731FB054600287FF456
:10BA50004CAF0123203630270593D6E72268239B7D
:10BA6000126A934280F0A680042211A9CDE90061F8
:10BA70000292514600222046FBF718FB054600289B
:10BA80007FF433AF216A4FF0FF339942636113D0E3
:10BA90002068A36A826900928568626AA8470546A1
:10BAA00000287FF422AF2368A06A9A69FF210CF076
:10BAB000ADFC4FF0FF3323622068036998470546C9
:10BAC00000287FF412AF2A9BDDF88C8023F0004B16
:10BAD0004FF0FF32BBF1040B38921FD018EE105A12
:10BAE00007460DAE07E001370122314638A800F0C5
:10BAF00099FABB4512D023681B6A984560D2CDE9FC
:10BB0000016900974346002229462046FBF76CF95D
:10BB10000028E8D0054621E7E8080700389A119B7D
:10BB20009A427FF4E6AE079B002B57D123696BB195
:10BB30005D68239A95424DD099682498814249D0F6
:10BB4000854247D08A4245D01B68F0E7012306931F
:10BB500008E7914B914A924840F61F010CF03EFBDA
:10BB6000904B8E4A8E4840F623010CF037FB8E4BEB
:10BB70008A4A8B484FF402610CF030FB8B4B874AAA
:10BB8000874840F614010CF029FB894B834A84480E
:10BB900040F613010CF022FBE06B01F065FD44E67A
:10BBA000A06A01F061FD23683BE6E06901F05CFDFD
:10BBB000236832E67F4B804A79489C210CF00EFBCB
:10BBC0007C4B7E4A764812210CF008FB6B602F9B61
:10BBD000AB6050E65A60249A9A60B5E76368013317
:10BBE00000F09F80A368013338AE0BAF00F09B805C
:10BBF000324639460DAB2046FBF792FC051EFFF698
:10BC0000ADAE00F09080DDE923030D9D11950C355C
:10BC100015950F900C259DF83B0010933146129519
:10BC2000149516900025189011AA0EAE01232046F7
:10BC300017951396FCF73AFF054600287FF48EAE61
:10BC40000B986368984267D00C9AA1688A4263D0C7
:10BC5000884261D093425FD04FF00102013384F8F3
:10BC600040203FF463AFA36801333FF45FAF204649
:10BC7000FCF756FB0546002D3FF458AF6EE66368AF
:10BC800001336ED0A368013338AE0DAF6BD03246AE
:10BC9000394611AB2046FBF743FC051EFFF691AC7D
:10BCA00061D0DDE92E02119B19930C331D93139083
:10BCB0000C2312A89DF84B50149231461A931C93F2
:10BCC0001B900026012319AA20461E9520951F9639
:10BCD000FCF7ECFE054600287FF473AC0D98636812
:10BCE000984239D00E9AA1688A4235D0884233D022
:10BCF000934231D00122013384F840203FF4A9ADB2
:10BD0000A36801333FF4A5AD2046FCF709FB0546C7
:10BD1000002D3FF49EAD54E4DDE92332C4E9013245
:10BD20009AE738AE0BAF394632462046FBF722FB86
:10BD3000051EFFF613AE3FF4F9AEDDE923500023F4
:10BD4000429031461A4620464195FCF7AFFE054623
:10BD5000002D3FF4EBAE01E6DDE92E32C4E90132FD
:10BD6000C8E738AE0DAF394632462046FBF702FB36
:10BD7000051EFFF626AC3FF46CADDDE92E50002326
:10BD8000429031461A4620464195FCF78FFE054603
:10BD9000002D3FF45EAD14E43C0807005009070095
:10BDA000F80607009C0807006C0807002408070035
:10BDB00004080700D806070004090700F408070074
:10BDC000F0B58B6A01609BB00446002B7CD0C36148
:10BDD000C86A002800F08380A0628A69FF210CF005
:10BDE00015FB4FF0FF33216823626361486AC30685
:10BDF00040F0C380002800F0D5800B6B002B75D07D
:10BE0000E363D1E90503B3FBF0F200FB1232002A31
:10BE100040F0C180C869B0FBF3F203FB1202002AB4
:10BE200040F0B2804FF0FF35A0F10803B5FBF3F30B
:10BE30002B44B3FA83F3C3F12003B0EB830FC0F0BC
:10BE400085800B6AA363C4E90155C4E90322C4E9F0
:10BE50000B2284F8402062630026012704AA0FA960
:10BE60002046CDE90467FBF7E5F9054660B1236894
:10BE70009A6A002A46D0DA6A002A3ED01B6B002B51
:10BE800045D028461BB0F0BD2146109B51F8142B1D
:10BE9000126A934280F08D802020029007AE10201D
:10BEA000CDE900062A462046FAF79EFF05460028FF
:10BEB000DDD1DDE90810424B0D9A9A42C4E9011028
:10BEC00029D06FF03305D2E7486901F0B9FBE06192
:10BED000002831D02168C86A00287FF47DAF8869C6
:10BEE00001F0AEFBA06238B3216876E7C00801F02C
:10BEF000A7FBE06300B3216883E7A06A01F0B4FB0D
:10BF00002368BBE7E06901F0AFFB2368B3E7E06BB0
:10BF100001F0AAFBB5E70E9AA3F18773A3F580633E
:10BF20009A42CED10C9B1A0C012A02D19BB2012B52
:10BF3000A7D96FF015059AE723689A6AC2B1DA6A41
:10BF40008AB11B6B4BB16FF00B059AE71D4B1E4A74
:10BF50001E4840F623010CF041F9E06B01F084FB30
:10BF60006FF00B058DE7A06A01F07EFB2368E8E720
:10BF7000E06901F079FB2368E1E7154B124A1348A9
:10BF800040F613010CF02AF9124B0F4A0F484FF4F8
:10BF900002610CF023F9104B0B4A0C4840F61F01CC
:10BFA0000CF01CF90D4B084A084840F614010CF03F
:10BFB00015F90B4B0B4A054812210CF00FF900BF85
:10BFC0006C6974749C08070050090700F8060700A4
:10BFD000040807006C0807003C0807002408070055
:10BFE000D8060700F408070003689A6A10B50446EB
:10BFF0002AB1DA6A52B11B6B7BB1002010BDC06957
:10C0000001F032FB2368DA6A002AF4D1A06A01F059
:10C010002BFB23681B6B002BEFD1E06B01F024FBA3
:10C02000002010BDE2B170B4561E0E4D02680E44E1
:10C030004C1E14F8013F83EA020101F00F01A642F1
:10C0400055F8211081EA121282EA131303F00F034C
:10C0500055F8233083EA1212EBD170BC02607047AE
:10C06000704700BF5C09070010B5034B036004462E
:10C07000FAF7BAFA204610BDA409070010B5054B1F
:10C0800003600446FAF7B0FA204603F0D3FD2046D9
:10C0900010BD00BFA409070008B500F0B5F90020E5
:10C0A00008BD00BF70B501F5ED51CC0182B004F1BF
:10C0B0008006FF25012220460DF1070114448DF86A
:10C0C000075000F0A7F9A642F4D1002002B070BDDD
:10C0D00008B501F5ED5102EBC110029A194600F0C6
:10C0E00099F9B0FA80F04009404208BD08B501F561
:10C0F000ED5102EBC1111846029A00F0A3F9002895
:10C10000CCBF00200120404208BD00BF38B500214F
:10C110000546FAF789FA98B94FF46D24204604F5DC
:10C12000805400F09BF958B1B4F5742FF6D128462D
:10C13000FAF79CFA28460021BDE83840FAF774BAAD
:10C1400038BD00BF10B5074C07492046FAF754FA2E
:10C15000064B23602046064A0649BDE8104009F018
:10C160006DB900BFFC450120CC620020A409070086
:10C170000060002069C005002DE9F04F83B00193F5
:10C18000002B37D0DFF8749005460E4690461F46C8
:10C19000C6F30B0ACAF58054296906EA090BBC42AA
:10C1A00028BF3C46594526441BD04B1C4FF48052B7
:10C1B00008460ED0EB681BB16969984748B92969F0
:10C1C0002B6808469847D5E904016B684FF4805204
:10C1D0009847AB686869C5F810B059464FF480526B
:10C1E000984768694146224650440CF0E7F83F1BE7
:10C1F000A044CDD1019803B0BDE8F08F00F0FFFF5F
:10C2000010B504460069431C12D0E3682BB1616984
:10C210004FF48052984740B9206923689847D4E981
:10C22000040163684FF4805298474FF0FF33236155
:10C2300010BD00BF2DE9F84307691D467B1C06466B
:10C240008846144605D097420BD807F580539A428A
:10C2500030D3B368214640462A4698472846BDE871
:10C26000F88353199F42F4D207F580539A42F0D2D3
:10C27000A7EB04094A462146B3684046E71B9847A6
:10C280007A1908EB09004FF4805C0021624528BF51
:10C2900062467369174619444F440CF08FF8BD424B
:10C2A000DCD9B368E11908EB0700EA1B9847284678
:10C2B000BDE8F883A7EB040C0CF5805CE11B2A4673
:10C2C00040464FF00009E1E729DF704728DF70475B
:10C2D00012DF704708B50CF063F8B0FA80F040093F
:10C2E00008BD00BF10B514460CF068F8204610BD1C
:10C2F000F0B583B0074600230DF1070016460C4643
:10C30000D5088DF80730FFF7E3FF01E001F04CF9A5
:10C310002A4621463846FFF7D7FF112803464FF03B
:10C320000100F3D0D3B99DF80730D3B907EB560716
:10C3300004EB560401E001F037F92A46214638465D
:10C34000FFF7C2FF112803464FF00100F3D02BB9CD
:10C350009DF8073063B9304603B0F0BD002003B04C
:10C36000F0BD084B4FF0FF31186801F01FFEDDE70C
:10C37000044B4FF0FF31186801F018FE304603B04F
:10C38000F0BD00BFA056012030B5184D296883B01C
:10C390000446D9B1240B01E001F006F92046FFF76D
:10C3A00095FF112803464FF00100F5D013B100208E
:10C3B00003B030BD0DF107008DF80730FFF788FF9F
:10C3C0009DF807304BB9012003B030BD0A2001F0C1
:10C3D000CBF928600028DDD1E9E728684FF0FF316C
:10C3E00001F0E4FD012003B030BD00BFA0560120E4
:10C3F000044B186820B100231A46194601F0E6B92B
:10C40000704700BFA05601200148FFF7F9BE00BFEA
:10C410000463002010B4094CA0420AD3B0F5742F75
:10C4200007D213465DF8044B0A4601460448FFF75D
:10C43000A3BE4FF0FF305DF8044B70470070020060
:10C440000463002010B40C461346014622460248FD
:10C450005DF8044BFFF7EEBE0463002030B5184DC5
:10C46000296883B00446D9B1240B01E001F09CF89F
:10C470002046FFF72BFF112803464FF00100F5D0AF
:10C4800013B1002003B030BD0DF107008DF8073067
:10C49000FFF71EFF9DF807304BB9012003B030BDF8
:10C4A0000A2001F061F928600028DDD1E9E7286859
:10C4B0004FF0FF3101F07AFD012003B030BD00BF25
:10C4C000A056012008B501210E2004F03FFB0121F8
:10C4D0000E2004F0BFFB0021162004F037FB0121E1
:10C4E000192004F033FB0121192004F0B3FB0121D2
:10C4F0000B2004F02BFB01210B2004F0ABFB0121EE
:10C500000D2004F023FB01210D2004F0A3FB0121E9
:10C510000C2004F01BFBBDE8084001210C2004F0B6
:10C5200099BB00BFF8B5174682B105460E460024F8
:10C5300002E00134A74207D02B6816F8011B1B68E4
:10C54000284698470028F4D12046F8BD1446FBE75A
:10C550002DE9F0410C46D9B10768804608460CF039
:10C560003EFF7B68104A9342064615D1D0B10025A4
:10C5700004E00135AE4208D0D8F800703B6814F8EA
:10C58000011B404698470028F3D12846BDE8F081BA
:10C590000D462846BDE8F081024621464046BDE8EA
:10C5A000F04118470546F0E725C505002DE9F041A3
:10C5B0000C46D9B10768804608460CF010FF7B682E
:10C5C000104A9342064615D1D0B1002504E001354A
:10C5D000AE4208D0D8F800703B6814F8011B404602
:10C5E00098470028F3D12846BDE8F0810D4628463B
:10C5F000BDE8F081024621464046BDE8F0411847BB
:10C600000546F0E725C5050003681B68184700BF0D
:10C61000F0B50446C3B0CBB2134A8DED000B02A8AF
:10C620004FF480710CF0E8FD2368104A5D68954274
:10C63000064610D102AF002503E00135AE4207D017
:10C6400023681B6817F8011B204698470028F4D17F
:10C65000284643B0F0BD024602A92046A847054639
:10C66000284643B0F0BD00BF300A070025C50500CD
:10C670002DE9F0470768DFF894A0D7F80490044646
:10C680000E4600293AD008460CF0A9FED145804656
:10C6900022D1002836D0002503E00135A8452768BF
:10C6A00020D03B6816F8011B204698470028F4D19B
:10C6B0002768D7F80490D14518D13B680D21204652
:10C6C000984730B1236820461B680A219847B8B1C3
:10C6D00002352846BDE8F087024631462046C84765
:10C6E00027680546D7F80490D145E6D0064920468C
:10C6F0000222C84705442846BDE8F0870D46DAE720
:10C700000135E6E70546D6E77C0C070025C50500A0
:10C7100003680D4A70B55D6895420ED11B680D2106
:10C720000446984740B1236820461B680A21984771
:10C7300000280CBF0120022070BD2B460349BDE834
:10C7400070400222184700BF25C505007C0C070079
:10C750002DE9F0470768DFF894A0D7F80490044665
:10C760000E4600293AD008460CF039FED1458046E5
:10C7700022D1002836D0002503E00135A8452768DE
:10C7800020D03B6816F8011B204698470028F4D1BA
:10C790002768D7F80490D14518D13B680D21204671
:10C7A000984730B1236820461B680A219847B8B1E2
:10C7B00002352846BDE8F087024631462046C84784
:10C7C00027680546D7F80490D145E6D006492046AB
:10C7D0000222C84705442846BDE8F0870D46DAE73F
:10C7E0000135E6E70546D6E77C0C070025C50500C0
:10C7F0002DE9F0410446C2B0CBB28DED000B214AC9
:10C80000214F02A84FF480710CF0F6FC23685D689C
:10C81000BD42064622D10DF10808002503E001358E
:10C82000AE42236807D01B6818F8011B20469847C2
:10C830000028F4D123685E68BE4218D11B680D2120
:10C840002046984730B1236820461B680A21984744
:10C85000B0B10235284642B0BDE8F081024602A9D7
:10C860002046A84723685E68BE420546E6D00749D1
:10C8700020460222B0470544284642B0BDE8F08178
:10C880000135E7E7300A070025C505007C0C0700E5
:10C890002DE9F0418AB000230546012A98BF0A22FB
:10C8A0008DF8243009ACB1FBF2F602FB1610C3B2CE
:10C8B00009280F4603F130008ABF3733C3B2DBB219
:10C8C000BA4204F8013D3146EDD92F6820460CF0FC
:10C8D00086FD7B680F4A9342804612D168B10026DC
:10C8E00003E00136B04508D02F683B6814F8011BFF
:10C8F000284698470028F4D1B04640460AB0BDE823
:10C90000F0810246214628469847804640460AB0B4
:10C91000BDE8F08125C5050070B506460D462AB96B
:10C920000368BDE870401B68C9B218470A2A14465C
:10C930000ED100290DDA03682D211B689847224685
:10C940000346694230461C46FFF7A2FF204470BDF3
:10C95000D2B2BDE87040FFF79BBF00BF70B5044680
:10C96000FFF7DAFF23680E4A5E68964205460DD14E
:10C970001B680D212046984730B1236820461B686C
:10C980000A21984748B10235284670BD054920461E
:10C990000222B0470544284670BD0135F4E700BFC8
:10C9A00025C505007C0C070070B50446FFF7B4FFF1
:10C9B00023680E4A5E68964205460DD11B680D211C
:10C9C0002046984730B1236820461B680A219847C3
:10C9D00048B10235284670BD054920460222B047BD
:10C9E0000544284670BD0135F4E700BF25C50500A4
:10C9F0007C0C070032B9026810B413685DF8044B70
:10CA0000C9B21847D2B2FFF743BF00BF32B90268BC
:10CA100010B413685DF8044BC9B21847D2B2FFF7DF
:10CA200037BF00BF12B903681B681847D2B2FFF7BF
:10CA30002FBF00BF70B50446BAB90268C9B2136807
:10CA400098472368124A5E689642054616D11B68CD
:10CA50000D212046984730B1236820461B680A21E3
:10CA6000984790B10235284670BDD2B2FFF710FF4B
:10CA70002368074A5E6896420546E8D00549204685
:10CA80000222B0470544284670BD0135EBE700BFE0
:10CA900025C505007C0C070070B50446B2B90368D3
:10CAA0001B6898472368124A5D689542064616D16E
:10CAB0001B680D212046984730B1236820461B682B
:10CAC0000A21984790B10236304670BDD2B2FFF7C6
:10CAD000DFFE2368064A5D6895420646E8D00549B0
:10CAE00020460222A8470644304670BD0136EBE7D7
:10CAF00025C505007C0C070070B50446BAB902686C
:10CB0000C9B2136898472368124A5E689642054680
:10CB100016D11B680D212046984730B12368204666
:10CB20001B680A21984790B10235284670BDD2B2E1
:10CB3000FFF7AEFE2368074A5E6896420546E8D0D6
:10CB4000054920460222B0470544284670BD0135FC
:10CB5000EBE700BF25C505007C0C070070B5064655
:10CB60000D462AB90368BDE870401B68C9B2184772
:10CB70000A2A14460ED100290DDA03682D211B68FC
:10CB8000984722460346694230461C46FFF780FE1E
:10CB9000204470BDD2B2BDE87040FFF779BE00BF3F
:10CBA00010B54FF48072002104460BF02FFC0023D7
:10CBB000C4E94033204610BD10B4D0E94024531CD2
:10CBC000DBB29C4218BF81545DF8044B18BFC0F81B
:10CBD000003170470023C0E940337047D0E940235B
:10CBE000934206D05A1CC35CD2B2C0F80421184646
:10CBF00070474FF0FF307047D0E94030181A48BFF7
:10CC000000F58070704700BFD0E94023934214BF05
:10CC1000C05C4FF0FF307047D0E940300133DBB2E9
:10CC2000181AB0FA80F04009704700BF8160704761
:10CC3000F8B51746E2B104460E46002500F0A8FC00
:10CC4000E06008E003F0B0FC00F0A2FCD4E902329E
:10CC5000801A98420AD2236820461B699847002808
:10CC6000F0DB0135AF4206F8010BE7D12846F8BDED
:10CC70001546FBE790F82302704700BF38B590F9DE
:10CC80001D32002B04460DDB5A09204820320121B9
:10CC900003F01F0301FA03F340F82230BFF34F8F74
:10CCA000BFF36F8F2369002101224FF48870C3F80E
:10CCB0000803C3F84411C3F858115A60DA6002E05F
:10CCC00003F072FC2369D3F85821002AF8D0D3F876
:10CCD0004421002AF4D04FF0FF320025C3F800555C
:10CCE00004F11400C3F80C25C3F81425C3F8082573
:10CCF000C3F81025FFF76EFFD4F8240201F0D2FA32
:10CD0000C4F8245284F8235238BD00BF00E100E08B
:10CD10001430FFF771BF00BF1430FFF775BF00BFBD
:10CD20001430FFF75BBF00BF90F8233203B97047A0
:10CD300010B54FF0FF310446D0F8240201F036F967
:10CD40000023D4F824021A46BDE81040194600F02A
:10CD50003DBD00BF10B503680F4A5B6882B09342C7
:10CD60008DF8071012D104464FF0FF31D0F824029D
:10CD700001F01CF99DF8073084F81D312269012368
:10CD80001846C2F84835936002B010BD01220DF17B
:10CD90000701984702B010BD9DCD05002DE9F04771
:10CDA00016461AB30746884600F21D1A00254FF0B2
:10CDB0000109741BB4F5807F28BF4FF480744FF0D5
:10CDC000FF31D7F8240201F0F1F808EB0501224603
:10CDD00050460BF0F3FA25443B69AE42C3F8484590
:10CDE000C3F80890E5D82846BDE8F08715462846E0
:10CDF000BDE8F087036870B51B6A744DAB4240F024
:10CE0000AE800A4690F823120446002940F09F8025
:10CE1000036990F81F02C3F80C0594F81E02C3F8CA
:10CE2000140594F82202012800F09D80C3F86C15C7
:10CE3000B2F5966F45D9B2F5166F40F29F80B2F504
:10CE4000965F40F29E80B2F5165F40F29C80B2F58C
:10CE5000615F40F29A80B2F5964F40F29880B2F549
:10CE6000E14F40F2968047F612218A4240F29380C9
:10CE7000B2F5164F40F292804DF6C0218A4240F240
:10CE80009080B2F5614F40F28F80B2F5963F40F24C
:10CE90008E80B2F5E13F40F28C80B2F5613F40F206
:10CEA0008B804B498A4240F28D80B2F5E12F40F2EF
:10CEB0008680B2F5612F94BF4FF070624FF08052C0
:10CEC00001E04FF49E2294F91D02C3F824250821A5
:10CED00004F21D120025C3F800150028C3F84425EC
:10CEE00004F58E71C3F820514FF001024FF488759C
:10CEF000C3F83415C3F838251A60C3F8045327DB88
:10CF0000344D410900F01F062B186031B2406020FB
:10CF100045F8212083F8000394F91D32002B07DB2C
:10CF20002C4903F01F0001225B09824041F82320B5
:10CF300003220021012000F0D5FB00231A461946E8
:10CF4000C4F8240200F042FC012384F8233270BDAF
:10CF5000214A00F00F031A4460231376DCE7BDE892
:10CF600070400022184794F82012C3F8101594F866
:10CF70002112C3F80815C3F86C0559E74FF41D22B8
:10CF8000A1E7164A9FE7164A9DE7164A9BE7164A0D
:10CF900099E7164A97E74FF4000294E74FF41D0211
:10CFA00091E74FF465028EE74FF46B028BE7104A6E
:10CFB00089E74FF0EB7286E74FF06C7283E74FF032
:10CFC000E86280E74FF080627DE700BFF5CF0500A3
:10CFD00090D0030000E100E0FCEC00E000B01300A2
:10CFE0000050270000F03A0000A04E0000C075007D
:10CFF00000903A0190F82332002B40F0B08070B5D9
:10D000000369044690F81F02C3F80C0594F81E0249
:10D01000C3F8140594F8220201284AD0B1F5966F9E
:10D02000C3F86C2554D9B1F5166F40F2A080B1F564
:10D03000965F40F29F80B1F5165F40F29D80B1F59A
:10D04000615F40F29B80B1F5964F40F29980B1F557
:10D05000E14F40F2978047F61222914240F29480CD
:10D06000B1F5164F40F293804DF6C022914240F246
:10D070009180B1F5614F40F29080B1F5963F40F25A
:10D080008F80B1F5E13F40F28D80B1F5613F40F214
:10D090008C804A4A914240F28E80B1F5E12F40F2F5
:10D0A0008780B1F5612F94BF4FF070624FF08052CE
:10D0B00010E094F82002C3F8100594F82102C3F898
:10D0C000080542F00102B1F5966FC3F86C25AAD8A5
:10D0D0004FF49E2294F91D02C3F82425082104F27E
:10D0E0001D120025C3F800150028C3F8442504F5D7
:10D0F0008E71C3F820514FF001024FF48875C3F8C8
:10D100003415C3F838251A60C3F8045328DB2C4DB6
:10D11000410900F01F062B186031B240602045F82D
:10D12000212083F8000394F91D32002B07DB2449EA
:10D1300003F01F0001225B09824041F823200322F3
:10D140000021012000F0CEFA00231A461946C4F847
:10D15000240200F03BFB012384F8233270BD7047AA
:10D16000184A00F00F031A4460231376DBE74FF4EC
:10D170001D22AFE7144AADE7144AABE7144AA9E70A
:10D18000144AA7E7144AA5E74FF40002A2E74FF4B8
:10D190001D029FE74FF465029CE74FF46B0299E78D
:10D1A0000E4A97E74FF0EB7294E74FF06C7291E7FD
:10D1B0004FF0E8628EE74FF080628BE790D003007B
:10D1C00000E100E0FCEC00E000B01300005027009C
:10D1D00000F03A0000A04E0000C0750000903A0137
:10D1E00010B5114C2369D3F810213AB10022C3F8CD
:10D1F0001021D3F83C2572B901221A60D3F82021FE
:10D2000002B910BD0021D4F82402C3F82011BDE8F2
:10D21000104000F03FBD94F81C1104F11400FFF71A
:10D22000CBFC2369E8E700BFA456012038B50E4CBB
:10D230000E4A20464FF47A73002540F8142BC4E9B7
:10D240000153FFF7ADFC0A4B0A48D3E9063202212D
:10D25000A4F82252C4F82452206184F81D1284F8E4
:10D260001E2284F81F3238BDA4560120400A070050
:10D27000AC0907000020004008B5094B1BB1094864
:10D28000EEF732FD48B9084B1BB10848FFF7B4FC74
:10D2900000B908BDAFF3008008BDAFF30080F2E72E
:10D2A000000000002431012000000000B8560120D9
:10D2B0002DE9F84FDFF8FC81D8F8005004460F46FE
:10D2C0001646ADB3202C04D826F480739A1E022A89
:10D2D00002D90020BDE8F88F704A714D52F8241031
:10D2E00095F900000A0202F47C52C3F1050342EAF8
:10D2F00003438142C6F3002243F0010337D10024E7
:10D30000A60006F1804606F5C0462955D6F8101548
:10D310006448654D025521F0031121F47C510B4303
:10D32000012045F82470C6F81035A040BDE8F88FFC
:10D33000294620225C480BF069F8594A59495B4B51
:10D340000D604FF0FF30C2E9000040224D60C3F88D
:10D350008020BFF34F8FBFF36F8F6021C3F8802110
:10D3600083F806131A600123C8F80030AAE795F97C
:10D370000160B14205D095F902C0614503D1022494
:10D38000BEE70124BCE795F903E071454AD095F961
:10D39000048041455CD095F9059049456ED095F9DA
:10D3A00006A0514578D095F907B08B4501D10724E7
:10D3B000A6E7013023D13E48D0F8104514F003040D
:10D3C0001DD1A00000F1804000F5C0402955D0F8E3
:10D3D0001015354D21F0031121F47C510B43C0F899
:10D3E00010350023C0F800312E49314B45F8247028
:10D3F0000120A0400A55C3F80403BDE8F88F0136A8
:10D4000006D12B48D0F81405800701D10124D8E7B4
:10D41000BCF1FF3F08D12648D0F81805860703D194
:10D420000224CEE703246BE7BEF1FF3F06D120487C
:10D43000D0F81C05840701D10324C2E7B8F1FF3FEF
:10D4400008D11B48D0F82005800703D10424B8E791
:10D45000042455E7B9F1FF3F06D11548D0F824055B
:10D46000860701D10524ACE7BAF1FF3F08D1104887
:10D47000D0F82805840703D10624A2E705243FE756
:10D48000BBF1FF3F7FF425AF0948D0F82C0580079A
:10D490007FF41FAF072494E7062431E7AC090700A7
:10D4A000F4580120CC580120D458012000E100E0BC
:10D4B00000600040FC5801202DE9F0431B4B1C4F3D
:10D4C000D3F80463DFF86C80DFF86C9085B000253A
:10D4D0000123AC00AB4004F18044334204F5C04466
:10D4E0000FD0D4F8003163B1EB57013306D058F8B0
:10D4F00025201AB115F809307BB990470023C4F8EC
:10D5000000310135082DE3D1BFF34F8F00BF00BFBD
:10D5100000BF00BF05B0BDE8F083002100910846C0
:10D5200003AB039103F020F9E8E700BF006000407F
:10D53000F4580120D4580120CC58012000B970477C
:10D540000BF0EABD884238B5054607DA0C1A0BF035
:10D5500007FE90FBF4F101FB14010D44284638BD91
:10D56000FEE700BFD0B50B4686B0144657EC106BF3
:10D570000246064901A80BF073FE32463B4601A95C
:10D5800020460BF06DFE204606B0D0BD6C0A0700A9
:10D5900008B501F015FA4FF47A73A0FB0323900A43
:10D5A00040EA835008BD00BF014638B54FF47A7297
:10D5B00000238002890D0AF04BFC044601F000FABA
:10D5C0000546EEF70FFB01F0FBF9431B9C4200D828
:10D5D00038BD2C44201ABDE8384001F029BB00BFFB
:10D5E00010B5044601F080FD022804D02046BDE8B5
:10D5F00010400AF073BE01F0DBF920460AF06EFE1F
:10D60000044601F085FA0CB1204610BD02F0DEFFA1
:10D61000FAE700BF10B5044601F066FD02280AD102
:10D6200044B101F0C5F920460AF060FEBDE81040A3
:10D6300001F06EBA10BD2046BDE810400AF056BE9B
:10D6400010B582B0019001F0B3F901980AF046FEDE
:10D65000044601F05DFA14B1204602B010BD02F09C
:10D66000B5FF204602B010BD50B110B5044601F020
:10D670009FF920460AF03AFEBDE8104001F048BA92
:10D68000704700BF38B51C469DF8105043B30029C1
:10D6900008BF1A460123C4E90F01226084F846300E
:10D6A00002F07AF8D4E90F132268A26001FB03F1BB
:10D6B000CB1A134400200A44FF21A063E36084F8DE
:10D6C0004410626084F8451004F1100003F024FB5C
:10D6D00004F1240003F020FB02F068F884F84C50B9
:10D6E000204638BDF8B5064617460D4669B100FB21
:10D6F00001F05030FFF7A4FF044690B3002200F180
:10D70000500380F84620036007E05020FFF798FFA1
:10D71000044630B384F846502460C4E90F6502F033
:10D720003BF8D4E90F132268A26001FB03F1CB1A86
:10D73000134400200A44FF21A063E36084F84410EE
:10D74000626084F8451004F1100003F0E5FA04F17A
:10D75000240003F0E1FA02F029F884F84C70204626
:10D76000F8BD00242046F8BDF8B5064650200D4609
:10D77000FFF766FF044630B300272060C66380F8D9
:10D780004670076402F008F8D4E90F322168A763F5
:10D7900003FB02F39A1A0A440B44FF26C4E9013141
:10D7A000E26084F8446004F1100084F8456003F0FE
:10D7B000B3FA04F1240003F0AFFA01F0F7FF0223FB
:10D7C000A56384F84C302046F8BD00BF2DE9F04732
:10D7D000044684B01F460192884600F1240601F0F9
:10D7E000DBFFA26BE36BDFF840939A424FF0000A35
:10D7F0007CD3022F00F0E880019D002D00F0128103
:10D8000002ADBAF1000F00F0DB8001F0CFFF01F0B4
:10D81000CFF801F0C1FF94F84430FF2B04BF002380
:10D8200084F8443094F84530FF2B04BF002384F87B
:10D83000453001F0BBFF284601A901F0FFFB00289D
:10D8400040F0F68001F0A8FFA26BE36B9A4261D032
:10D8500001F0ACFF01F0A0FF94F845506DB2002D2F
:10D8600005DC12E06B1E13F0FF0F5DB20DD0636A92
:10D87000304653B101F084FB0028F3D001F012FCD4
:10D880006B1E13F0FF0F5DB2F1D1FF2384F845301A
:10D8900001F08CFF01F080FF94F844506DB2002D30
:10D8A00015DD04F1100A04E06B1E13F0FF0F5DB2EA
:10D8B0000DD02369504653B101F062FB0028F3D02C
:10D8C00001F0F0FB6B1E13F0FF0F5DB2F1D1FF23EF
:10D8D00084F8443001F06AFF01F01AF901F05CFFAE
:10D8E000A26BE36B9A424FF0010A82D2226CA56BC5
:10D8F000002A40F0E7802668002E00F0F98001350C
:10D90000A563636A002B7CD101F050FF012004B0B5
:10D91000BDE8F08704F1100A01F048FF0199504674
:10D9200001F0B2FA01F038FF94F845506DB2002DC5
:10D9300005DC12E06B1E13F0FF0F5DB20DD0636AC1
:10D94000304653B101F01CFB0028F3D001F0AAFBD4
:10D950006B1E13F0FF0F5DB2F1D1FF2384F8453049
:10D9600001F024FF01F018FF94F844506DB2002D2F
:10D9700005DC12E06B1E13F0FF0F5DB20DD02369C2
:10D98000504653B101F0FCFA0028F3D001F08AFBB5
:10D990006B1E13F0FF0F5DB2F1D1FF2384F844300A
:10D9A00001F004FF01F0B4F8002897D14FF0805344
:10D9B000C9F8043040BFBFF34F8FBFF36F8F8DE7BF
:10D9C000284601F02FFB20E7226CA56B002A92D09D
:10D9D0004146E0680AF0F2FC226CE36821689B1A79
:10D9E0008B42E360C2F1000204D263681A44E26031
:10D9F000022F84D1002D83D10123A363636A002BFE
:10DA000082D004F1240001F0BBFA00283FF47CAF7F
:10DA1000454B4FF080525A6040BFBFF34F8FBFF36A
:10DA20006F8F71E701F0C2FE284604B0BDE8F087B1
:10DA300001F0B2FE94F845506DB2002D15DD04F1F1
:10DA4000240604E06B1E13F0FF0F5DB20DD0636A75
:10DA5000304653B101F094FA0028F3D001F022FBD4
:10DA60006B1E13F0FF0F5DB2F1D1FF2384F8453038
:10DA700001F09CFE01F090FE94F844506DB2002D30
:10DA800015DD04F1100604E06B1E13F0FF0F5DB20C
:10DA90000DD02369304653B101F072FA0028F3D05B
:10DAA00001F000FB6B1E13F0FF0F5DB2F1D1FF23FD
:10DAB00084F8443001F07AFE01F02AF8002004B026
:10DAC000BDE8F087414607BBA0680AF077FCA36871
:10DAD000216C62680B449342A360FFF410AF0135E0
:10DAE000A563636A2268A260002B3FF40DAF88E74C
:10DAF0006068013501F04EFBA563636A6660002B28
:10DB00007FF47FAF002883D1FEE6E0680AF056FC80
:10DB1000226CE36821689B1A8B42E360C2F1000229
:10DB2000BFF466AF61E700BF00ED00E0F8B50C465A
:10DB300079B3002501232160C1E90F3581F8463012
:10DB4000064601F029FED4E90F322168A56303FBE4
:10DB500002F39A1A0A440B44FF27C4E90131E26038
:10DB600084F8447004F1100084F8457003F0D4F890
:10DB700004F1240003F0D0F801F018FEC4E90055C8
:10DB8000E56084F84C602B462A4629462046FFF77C
:10DB90001DFE2046F8BD00BF2DE9F043044683B0CA
:10DBA00016469946EFF31188402282F31188806B64
:10DBB000E26B90421ED3022B05D0002088F311881F
:10DBC00003B0BDE8F08394F84550226CA76B6DB2AA
:10DBD00032BB2368002B47D001376B1CA76335D0BD
:10DBE00001356DB284F84550012088F3118803B0E7
:10DBF000BDE8F08394F84550226CA76B6DB2002A03
:10DC0000E7D0002B38D1A0680AF0D8FBA368216CBC
:10DC100062680B449342A36024BF2368A360DBE7E0
:10DC2000E0680AF0CBFB226CE0682168801A884229
:10DC3000E060C2F1000205D261680A44E260B9F115
:10DC4000020FC9D1012F38BF0127C6E7636A002B35
:10DC5000CAD004F1240001F093F90028C4D0002EAA
:10DC6000C2D001203060A9E76068019301F092FA08
:10DC7000019B63600137B0E7E0680AF09FFB226C0C
:10DC8000E0682168801A8842E060C2F10002D6D2C2
:10DC9000D2E700BF10B582B0EFF31184402383F3C5
:10DCA0001188836BC26B9A420FD990F845200133DB
:10DCB000FF2A836353B20DD001335BB280F8453045
:10DCC000012084F3118802B010BD002084F3118874
:10DCD00002B010BD436A002BF2D02430019101F054
:10DCE0004FF90028ECD001990029E9D00120086003
:10DCF000ECE700BF2DE9F043044685B00F460192E2
:10DD000001F04AFDA56B002D40F02781019B002BFF
:10DD100000F0D28002A801F085F9DFF88C8204F1CE
:10DD2000240601F043FD00F043FE01F035FD94F8B8
:10DD30004430FF2B04BF002384F8443094F845306E
:10DD4000FF2B04BF002384F8453001F02FFD01A90B
:10DD500002A801F073F900285BD101F01DFDA36B4F
:10DD6000002B40F0AF8001F021FD0199304601F019
:10DD70008BF801F011FD94F845506DB2002D05DCD3
:10DD800012E06B1E13F0FF0F5DB20DD0636A3046D8
:10DD900053B101F0F5F80028F3D001F083F96B1EC0
:10DDA00013F0FF0F5DB2F1D1FF2384F8453001F08D
:10DDB000FDFC01F0F1FC94F844506DB2002D15DD2E
:10DDC00004F1100904E06B1E13F0FF0F5DB20DD0DB
:10DDD0002369484653B101F0D3F80028F3D001F08D
:10DDE00061F96B1E13F0FF0F5DB2F1D1FF2384F8D0
:10DDF000443001F0DBFC00F08BFE002853D14FF0E3
:10DE00008053C8F8043040BFBFF34F8FBFF36F8F0C
:10DE100049E001F0C1FC94F845506DB2002D05DCDD
:10DE200012E06B1E13F0FF0F5DB20DD0636A304637
:10DE300053B101F0A5F80028F3D001F033F96B1EBF
:10DE400013F0FF0F5DB2F1D1FF2384F8453001F0EC
:10DE5000ADFC01F0A1FC94F844506DB2002D15DD2D
:10DE600004F1100904E06B1E13F0FF0F5DB20DD03A
:10DE70002369484653B101F083F80028F3D001F03C
:10DE800011F96B1E13F0FF0F5DB2F1D1FF2384F87F
:10DE9000443001F08BFC00F03BFE01F07DFCA36BF5
:10DEA00053B101F083FC01F077FCA56B002D54D138
:10DEB000019B002B7FF435AF01F078FC002005B00A
:10DEC000BDE8F08301F072FC01F066FC94F8455067
:10DED0006DB2002D05DC12E06B1E13F0FF0F5DB27A
:10DEE0000DD0636A304653B101F04AF80028F3D0F0
:10DEF00001F0D8F86B1E13F0FF0F5DB2F1D1FF23D4
:10DF000084F8453001F052FC01F046FC94F844508E
:10DF10006DB2002D15DD04F1100904E06B1E13F045
:10DF2000FF0F5DB20DD02369484653B101F028F8C8
:10DF30000028F3D001F0B6F86B1E13F0FF0F5DB2AE
:10DF4000F1D1FF2384F8443001F030FC00F0E0FD13
:10DF500001F022FCA56B002DAAD0226C52B1E16821
:10DF6000636811449942E16024BF2168E16038464A
:10DF70000AF024FA013DA56323692BB901F016FCD0
:10DF8000012005B0BDE8F08304F1100000F0F8FFB7
:10DF90000028F3D0044B4FF080525A6040BFBFF3CB
:10DFA0004F8FBFF36F8FE9E700ED00E02DE9F043FD
:10DFB000044685B000F12406019101F0EDFBA36B4E
:10DFC000DFF8DC820027B946002B40F0D780019DA6
:10DFD000002D00F0418102ADB9F1000F00F0DE80AC
:10DFE00001F0E4FB00F0E4FC01F0D6FB94F84430CF
:10DFF000FF2B04BF002384F8443094F84530FF2BF6
:10E0000004BF002384F8453001F0D0FB284601A965
:10E0100001F014F800285FD101F0BEFBA36B002BC8
:10E0200040F0C88001F0C2FB2368002B00F01B8188
:10E030000199304600F028FF01F0AEFB94F84550FE
:10E040006DB2002D05DC12E06B1E13F0FF0F5DB208
:10E050000DD0636A304653B100F092FF0028F3D030
:10E0600001F020F86B1E13F0FF0F5DB2F1D1FF231A
:10E0700084F8453001F09AFB01F08EFB94F844508F
:10E080006DB2002D15DD04F1100904E06B1E13F0D4
:10E09000FF0F5DB20DD02369484653B100F070FF09
:10E0A0000028F3D000F0FEFF6B1E13F0FF0F5DB2EF
:10E0B000F1D1FF2384F8443001F078FB00F028FD13
:10E0C000002853D14FF08053C8F8043040BFBFF34D
:10E0D0004F8FBFF36F8F49E001F05EFB94F845501E
:10E0E0006DB2002D05DC12E06B1E13F0FF0F5DB268
:10E0F0000DD0636A304653B100F042FF0028F3D0E0
:10E1000000F0D0FF6B1E13F0FF0F5DB2F1D1FF23C3
:10E1100084F8453001F04AFB01F03EFB94F844508E
:10E120006DB2002D15DD04F1100904E06B1E13F033
:10E13000FF0F5DB20DD02369484653B100F020FFB8
:10E140000028F3D000F0AEFF6B1E13F0FF0F5DB29E
:10E15000F1D1FF2384F8443001F028FB00F0D8FC13
:10E1600001F01AFBA36BEBB101F020FB01F014FBF3
:10E17000A36B4FF00109002B3FF429AF2268013B4C
:10E18000A363002A00F088802369002B74D101F07A
:10E190000DFB0127384605B0BDE8F083284600F0A6
:10E1A00041FF1DE701F002FB002F4AD1384605B0C0
:10E1B000BDE8F08301F0FAFA01F0EEFA94F8455068
:10E1C0006DB2002D05DC12E06B1E13F0FF0F5DB287
:10E1D0000DD0636A304653B100F0D2FE0028F3D070
:10E1E00000F060FF6B1E13F0FF0F5DB2F1D1FF2353
:10E1F00084F8453001F0DAFA01F0CEFA94F8445090
:10E200006DB2002D15DD04F1100904E06B1E13F052
:10E21000FF0F5DB20DD02369484653B100F0B0FE48
:10E220000028F3D000F03EFF6B1E13F0FF0F5DB22D
:10E23000F1D1FF2384F8443001F0B8FA00F068FC13
:10E2400094E701F0A9FA616A19B1236B1968C1F169
:10E250000501606800F0CEFF01F0A8FA00273846FB
:10E2600005B0BDE8F08301F097FA606800F04CFF5C
:10E27000074601F09BFADBE604F1100000F080FE97
:10E28000002884D0064B4FF080525A6040BFBFF345
:10E290004F8FBFF36F8F7AE700F0E6FF606073E7A0
:10E2A00000ED00E0104B5A68904208D0DA689042C6
:10E2B00008BF012204D090F8463093B17047002285
:10E2C000002110B403EBC20443F8321090F846303A
:10E2D000616013B15DF8044B70475DF8044BFFF7C4
:10E2E000C3B9FFF7C1B900BFF0650120074B1A6839
:10E2F0001AB19A6802B17047012210B403EBC2044C
:10E3000043F8321060605DF8044B7047F0650120FF
:10E3100070B504460E46154601F03EFA94F84430B6
:10E32000FF2B04BF002384F8443094F84530FF2BC2
:10E3300004BF002384F8453001F038FAA36B002BAA
:10E3400045D001F029FA94F845506DB2002D15DD45
:10E3500004F1240604E06B1E13F0FF0F5DB20DD034
:10E36000636A304653B100F00BFE0028F3D000F092
:10E3700099FE6B1E13F0FF0F5DB2F1D1FF2384F8FD
:10E38000453001F013FA01F007FA94F844506DB2E9
:10E39000002D15DD04F1100604E06B1E13F0FF0FD5
:10E3A0005DB20DD02369304653B100F0E9FD00287D
:10E3B000F3D000F077FE6B1E13F0FF0F5DB2F1D1CA
:10E3C000FF2384F84430BDE8704001F0EFB92A46DD
:10E3D000314604F1240000F093FDB2E72DE9F0414D
:10E3E000044601F0D9F9344A344D136801331360FF
:10E3F0002B68002B30D0324E336833B3E36A314898
:10E40000314907680A689F4238BF03602F480132CC
:10E4100003EB83030A6000EB8300E263211D02F03B
:10E420008BFC01F0C3F933686BB12A68E36AD26AE6
:10E430009A4208D2264B4FF080525A6040BFBFF339
:10E440004F8FBFF36F8FBDE8F0812A68E36AD26A0D
:10E450009A4298BF2C60D2E72C601368012B02D03F
:10E46000E36A174ECBE71948DFF89080194F144E36
:10E4700002F052FC184802F04FFC184802F04CFC25
:10E48000174802F049FC174802F046FC404602F0EB
:10E4900043FC384602F040FC134802F03DFC1348B0
:10E4A00002F03AFC124802F037FC124B124AC2F852
:10E4B00000801F60E36AA2E7705901200059012023
:10E4C000D059012084590120805901200C59012084
:10E4D00000ED00E09C590120205901203459012011
:10E4E000485901205C590120BC590120E8590120FC
:10E4F000D4590120085901200459012088590120CC
:10E500002DE9F843DDE909C4002C66D0BCF1000F09
:10E5100060D00D46960098460223324684F851306A
:10E52000A5210746C4F830C0604609F06FFF2A787D
:10E5300084F83420236B2978321F1A4422F007060E
:10E5400001B36B7884F835306B78DBB1AB7884F845
:10E550003630AB78B3B1EB7884F83730EB788BB1E9
:10E560002B7984F838302B7963B16B7984F83930A2
:10E570006B793BB1AB7984F83A30AB7913B1EB7975
:10E5800084F83B30089D042D28BF04254FF0000976
:10E59000E5626564201D84F83B90C4F8489002F061
:10E5A000C7FBC5F1050504F1180002F0C1FBC4F872
:10E5B0004C9042463946A561246184F850906462CB
:10E5C000304601F0ADF820602046FFF707FF2046F7
:10E5D000BDE8F8836046BDE8F8832046BDE8F883CF
:10E5E0002DE9F0479600804630460D469946FFF7E4
:10E5F00027F8002862D007465420FFF721F8044688
:10E6000000285FD000230763324684F85130384633
:10E61000A52109F0FBFE2B7884F834302B78D4F850
:10E6200030A003B36B7884F835306B78DBB1AB780E
:10E6300084F83630AB78B3B1EB7884F83730EB78C8
:10E640008BB12B7984F838302B7963B16B7984F8EE
:10E6500039306B793BB1AB7984F83A30AB7913B18F
:10E66000EB7984F83B30089D042D28BF0425002752
:10E67000E5626564201D84F83B70A764043E02F0E7
:10E6800057FBC5F1050504F11800564402F050FB94
:10E69000E764A56126F0070084F850702461646285
:10E6A0004A46414601F03CF8099B206003B11C60DA
:10E6B0002046FFF793FE0120BDE8F0874FF0FF30C2
:10E6C000BDE8F0873846FEF7CFFF4FF0FF30F3E7A5
:10E6D00070B50446534E01F05FF8002C00F08280C4
:10E6E000251D284602F050FBA36A1BB104F1180057
:10E6F00002F04AFB29464C484C4D02F01DFB94F8B1
:10E700005030012B04BF002384F8503001F04EF844
:10E710002B68002B57D13368A34200D070BD2B6803
:10E72000002B66D14049424A0968126891426AD07A
:10E73000404B1B68002B68D13F4A13603268336836
:10E7400012681B6B9A4266D93C4C3D4B226802EB27
:10E75000820080009100185828BB501E00EB8005F5
:10E76000AD0081005D59002D53D1901E00EB800556
:10E77000AD0081005D59002D4BD1D01E00EB80050E
:10E78000AD0081005D59002D43D1101F00EB8005C5
:10E79000AD0081005D59002D3BD1053A02EB8200AE
:10E7A000800091001858114403EB81000346416832
:10E7B000496841600833994204BF49684160CB68A9
:10E7C0003360226070BD00F0E7FF1E4B1A681268CC
:10E7D00052B11A681C4BD268D26852681A6000F0B5
:10E7E000E5FF98E734687BE7174B4FF0FF321A607C
:10E7F000F5E7164B4FF080525A6040BFBFF34F8F82
:10E80000BFF36F8F70BD336070BD0B4B01221A6078
:10E8100070BD0246C7E730683168343101F0D4FE7C
:10E8200092E700BF00590120D4590120D05901209E
:10E83000705901207C590120005A0120845901207F
:10E840000C59012004590120B459012000ED00E0C9
:10E8500098B130B51D4D2B68834283B004460AD071
:10E8600000F09AFF1A4B62699A4207D003B0BDE8E4
:10E87000304000F09BBF03B030BD7047A36A154A1B
:10E880009342F3D0002BF1D1211D0846019102F0F3
:10E890007BFA114AE36A1068019983420F4888BFE6
:10E8A000136003EB830300EB830002F045FA2B684F
:10E8B000E26ADB6A9A42D9D3094B4FF080525A6020
:10E8C00040BFBFF34F8FBFF36F8FCFE700590120D9
:10E8D000D4590120BC590120845901200C59012030
:10E8E00000ED00E070B584B0002503AA02A901A8DC
:10E8F000CDE9015501F06CFE019C002C46D0029838
:10E90000002843D0039E20630223B6003246A5218F
:10E9100084F8513009F07AFD206B1F4B6363043E8D
:10E920000644C4E91155201D84F8385084F83B5042
:10E93000E56202F0FDF904F1180002F0F9F926F0A1
:10E94000070605231549A3612A46E564304624617C
:10E95000646284F8505000F0E3FE20602046FFF728
:10E960003DFD0F4B1C6000F0EFFD012811D140234D
:10E9700083F311880B490C4A0C4B4FF0FF340C60A9
:10E9800010601D6000F0E2FE04B070BD044B002278
:10E990001A6004B070BD00BF49444C45B5EC050099
:10E9A000B0590120B4590120D0590120FC5901204F
:10E9B000024A136801331360704700BF7C5901207D
:10E9C000014B1868704700BFFC590120024A1368C8
:10E9D00018441060704700BFFC5901202DE9F04F2A
:10E9E000404B1B6883B0002B46D13F4B1E6801365D
:10E9F0001E60002E4ED0DFF808B1DBF80030B342C5
:10EA00005FD83A4F3B681D68002D65D0DFF8F48071
:10EA1000DFF8F4A0DFF8F490002522E0019102F085
:10EA2000B3F9A36A019904F1180013B102F0ACF92B
:10EA30000199E36AD8F8002003EB830093420AEBC4
:10EA4000800088BFC8F8003002F076F9D9F80020BD
:10EA50003B68E16AD26A1B68914228BF0125002BFE
:10EA60003AD03B68DB68DC686368211D9E4208463B
:10EA7000D4D2CBF8003004E01D4A13680133136090
:10EA800000251C4B1B68002B0CBF2846012003B03F
:10EA9000BDE8F08F154B184A1868184914681C60B7
:10EAA00010600A6801320A601A6812685AB9DFF801
:10EAB00050B04FF0FF33CBF80030DBF80030B342FA
:10EAC0009FD90025DDE71B68DFF834B0DB68DB6821
:10EAD0005B68CBF8003090E74FF0FF33CBF80030A5
:10EAE000CFE700BF7C590120FC59012004590120C7
:10EAF00078590120005A012008590120B8590120F5
:10EB0000B4590120845901200C59012000590120D9
:10EB10002DE9F04F83B000F03FFE3A4B1A68013AFE
:10EB20001A601B68002B55D1374B1B68002B51D046
:10EB3000364D2B68002B62D0354EDFF8EC80354F18
:10EB4000DFF8E8904FF0010AEB68DC6804F1040B91
:10EB500004F1180002F018F9584602F015F9E36ABA
:10EB6000326803EB83009342594608EB800088BF6C
:10EB7000336002F0E1F83B68E26ADB6A9A4231D323
:10EB8000C9F800A02B68002BDED1234B1A6812684D
:10EB9000002A2FD01A68214BD268D26852681A60B6
:10EBA0001F4E346844B10125FFF718FF08B1C9F8BA
:10EBB0000050013CF8D13460D9F8003053B1194B02
:10EBC0004FF080525A6040BFBFF34F8FBFF36F8F3B
:10EBD000012000E00020019000F0E8FD019803B062
:10EBE000BDE8F08F2B68002BAED10B4B1A68126872
:10EBF000002ACFD1094B4FF0FF321A60D0E7DFF87F
:10EC00002C90CDE77C59012070590120BC5901207E
:10EC1000845901200059012004590120B4590120D0
:10EC20007859012000ED00E00C590120005A012024
:10EC300070B548B9184B4FF080525A6040BFBFF3CF
:10EC40004F8FBFF36F8F70BD144A15491368154D70
:10EC5000013313600E6804462868043002F094F80B
:10EC60002B68A4195C600FD20F4B18682968043117
:10EC700002F072F80D4B1A68944238BF1C60FFF71F
:10EC800047FF0028D6D070BD094B186829680431A9
:10EC900002F062F8F3E700BF00ED00E07C590120CC
:10ECA000FC5901200059012004590120B4590120C8
:10ECB000085901202DE9F84F3A4CDFF804913A4DFC
:10ECC0003A4EDFF800813A4FDFF8FCB02368EBB131
:10ECD00000F062FDD9F80C30D3F80CA00AF1040062
:10ECE00002F052F82B68013B2B602368013B236044
:10ECF00000F05CFD9AF85130002B34D0012BE5D1A7
:10ED00005046FEF7B1FC2368002BE1D13368012B9C
:10ED100008D94FF08053CBF8043040BFBFF34F8F7A
:10ED2000BFF36F8F00F0E8FED8F800301BBB3B68E4
:10ED3000DB6A002BCAD13368012BC7D81D4B1E4A92
:10ED40001B6812689B1A012BC0D91C4A1368013337
:10ED50001360D8F80030A3B13B68DB6A03B93368AD
:10ED6000FFF7D6FEB2E7DAF83000FEF77DFC50463A
:10ED7000FEF77AFCAAE73B68DB6A002BA6D1336872
:10ED8000A4E73B68DB6A002BEAD13368012BE7D8A4
:10ED9000084B1868084B1B68C01A0128E0D900F01E
:10EDA00075FDDDE774590120705901200C590120CF
:10EDB00000590120B4590120FC5901207C5901203F
:10EDC000E85901208459012000ED00E0294B1B681F
:10EDD0001BB1294B01221A607047274A70B5274C96
:10EDE00013602268236812681B6B9A423CD9244D39
:10EDF000244B2A6802EB820080009100185808BB5F
:10EE0000501E00EB8006B60081009E5956BB901E36
:10EE100000EB8006B60081009E591EBBD01E00EBA1
:10EE20008006B60081009E59E6B9101F00EB8006EF
:10EE3000B60081009E59AEB9053A02EB820080000F
:10EE400091001858114403EB81000346416849685A
:10EE500041600833994204BF49684160CB68236030
:10EE60002A6070BD0246EDE720682168343101F068
:10EE7000ABFBBCE77C590120005A0120005901205E
:10EE8000845901200C59012070B5174D2B680C4690
:10EE900003F1180101F060FF144B1E68286804306C
:10EEA00001F072FF631C17D02B68A4195C6007D3B4
:10EEB0000F4B18682968BDE87040043101F04CBF61
:10EEC0000C4B18682968043101F046FF0A4B1A6898
:10EED000944238BF1C6070BD29680848BDE8704086
:10EEE000043101F029BF00BF00590120FC59012065
:10EEF0000859012004590120B4590120D459012096
:10EF000070B5194D2B6816460C4603F1180101F037
:10EF100013FF164B5EB11B682868043001F034FF04
:10EF200029681348BDE87040043101F005BF1E6830
:10EF30002868043001F028FF2B68A4195C6007D30F
:10EF40000C4B18682968BDE87040043101F004BF1B
:10EF5000094B18682968043101F0FEFE074B1A6856
:10EF6000944238BF1C6070BD00590120FC5901203B
:10EF7000D45901200859012004590120B459012015
:10EF800030B5C368DC6804F1180583B0284601F089
:10EF9000FBFE1C4B1B683BBB211D0846019101F089
:10EFA000F3FE194AE36A106801998342174888BF43
:10EFB000136003EB830300EB830001F0BDFE144BF1
:10EFC000E26A1B68DB6A9A4282BF124B012018601A
:10EFD000114B1A68126898BF002052B90F4B4FF0BE
:10EFE000FF321A6003B030BD0D48294601F0A4FE7F
:10EFF000E5E71A68094BD268D26852681A6003B014
:10F0000030BD00BF7C590120845901200C590120DA
:10F0100000590120005A012004590120B45901204F
:10F02000BC590120034A044B12681B68C0E9002345
:10F03000704700BFB8590120FC590120F0B50D46BA
:10F0400083B0044600F0A8FB2B68144A591C1068D2
:10F050001DD0DFF84CC0D4E90061DCF80070BE427E
:10F0600008D0814206D80120019000F09FFB019852
:10F0700003B0F0BD471ABB420BD91B1A0B44DCF896
:10F08000001012682B600020C4E90012ECE7002099
:10F09000EAE700232B600120E6E700BFFC590120CE
:10F0A000B8590120014B01221A607047005A012013
:10F0B000094B186818B9094B1B6813B17047002039
:10F0C0007047074A074B10681B68013B984214BF02
:10F0D00001200220704700BFBC590120005A0120C6
:10F0E000D459012070590120054B1B6833B1054BE1
:10F0F0001B68002B0CBF02200020704701207047C6
:10F10000D05901207C59012070B5044682B0C8B1A5
:10F110001D4DC36A2A68D26A934215D28269002AB9
:10F1200004DB2A68D26AC2F105028261174E626965
:10F1300003EB830306EB83039A420ED02B68DB6A52
:10F14000E362012002B070BD2B68406CDC6AA04213
:10F150002CBF0020012002B070BD211D0846019186
:10F1600001F012FE2A680A4BD06A1A680199E0621F
:10F17000904200D9186000EB800006EB800001F09F
:10F18000DBFD0120DEE700BF005901200C59012002
:10F190008459012068B130B5836CC16A426C013B6F
:10F1A000914283B00446836400D023B1002003B0B1
:10F1B00030BD00207047011D0846019101F0E4FDBB
:10F1C0000A4A636C1068E3628342094888BF13608F
:10F1D000C3F1050503EB830300EB83000199A561EF
:10F1E00001F0AAFD012003B030BD00BF8459012009
:10F1F0000C59012070B130B5426CC36A914238BFDE
:10F2000011468B4283B0044602D0826C012A02D0A0
:10F2100003B030BD70478269114DC162002A03EB13
:10F2200083034269A8BFC1F1050105EB8303A8BFB1
:10F2300081619A42ECD1011D0846019101F0A4FDC3
:10F24000084BE06A1A680199904288BF186000EB89
:10F25000800005EB800003B0BDE8304001F06CBDDC
:10F260000C59012084590120044B1A681AB11968FD
:10F270008A6C01328A641868704700BF0059012007
:10F280002DE9F0431D4EDFF87C9085B04FF000086B
:10F290000CE0DB68DC681F68251D284601F074FD62
:10F2A000636A20469847E369012B0AD033681A68DD
:10F2B000002AEED1124A11683160136005B0BDE832
:10F2C000F083A3693B449F42294610D3D9F800300C
:10F2D000002BEBD0CDE900870294FFF705FF002358
:10F2E000D9F800001A466946FEF770FADEE7306882
:10F2F0006360246101F030FDD8E700BF045A0120AB
:10F30000085A0120885C01202DE9F04F894E8A4C73
:10F31000DFF82C82894DDFF82CA28BB03368D3F84C
:10F3200000B0BBF1000F00F0A980DB68D3F800B09B
:10F33000FFF73EFBFFF744FB22688242814600F262
:10F34000AE808345206040F2BF8000222868ABEB8E
:10F350000901FEF7DDFFFFF7DBFB40B94FF08053FB
:10F36000CAF8043040BFBFF34F8FBFF36F8F2868D8
:10F37000002202A9FEF7BEFC0028CFD0029B002B82
:10F3800073DBDDF81090D9F814301BB109F10400DB
:10F3900001F0FAFCFFF714FB236898420746C0F01F
:10F3A0008580029B2760092BE1D801A252F823F047
:10F3B000D9F30500D9F30500D9F305006FF3050073
:10F3C00033F405005BF40500D9F30500D9F305001B
:10F3D0006FF3050033F405000398D9F81830C9F825
:10F3E0001090C2182CBF01210021BA42C9F8042094
:10F3F0005FD8381A834228D8D9F82430484698472D
:10F40000D9F81C302868012BB2D10028B0D0D9F827
:10F410001820039B00211344CDE907390691FFF71B
:10F4200063FE002328681A4606A9FEF7CFF928686C
:10F430009EE7039BC9F81090DA19BA42C9F8183050
:10F44000C9F8042039D8002B91D0D8F8000009F170
:10F45000040101F081FC28688AE799F82C30002B20
:10F4600085D14846FEF700F981E7039BDDE90401F9
:10F470009847029B002BFFF67AAF82E7FFF798FAD6
:10F48000FFF79EFA22689042814608D3D8F8002000
:10F49000C4F800901268B2FA82F2520956E7FFF7F8
:10F4A000EFFEC4F80090FFF733FB60E7FFF7E8FEDC
:10F4B00077E7B84201D900299ED0306809F10401EC
:10F4C00001F04AFC286853E7FFF722FB3268D26854
:10F4D000D768391D0846019101F056FCF869019979
:10F4E000012803D07B6A3846984740E7BA693F61F4
:10F4F0000BEB02004845786003D9306801F02CFC22
:10F50000F0E7A9EB0B039A420FD82B68002BE9D048
:10F510000023CDE9063B0897FFF7E6FD00232868A6
:10F520001A4606A9FEF752F9DCE7D8F8000001F008
:10F5300013FCD7E7045A0120345C0120885C0120C9
:10F54000085A012000ED00E0F0B51F4C89B000F032
:10F5500023F92568F5B100F029F92068C0B100242D
:10F5600007AA06A905A8CDE9054401F03FF8DDE9A1
:10F5700005310222CDE900210293079A134914486C
:10F580002346FEF7BDFF134B1860001B18BF012078
:10F5900009B0F0BD104F114E384601F0BDFB3046AA
:10F5A00001F0BAFB0E4A0F4900950F4B17600E6031
:10F5B0000E4A10212020FEF765F820600028CAD0EE
:10F5C0000B49FEF793FEC6E7885C0120800A07001E
:10F5D00009F305008C5C01200C5C0120205C0120FB
:10F5E000045A0120085A0120385C01200C5A0120DD
:10F5F000780A07002DE9F04F074685B0302088468D
:10F6000016461D46FEF71CF80446A0B1DFF88490AC
:10F6100000F0C2F8D9F800308BB100F0C7F80E9BAB
:10F620006362C4E9068627602562201D01F080FB25
:10F63000002384F82C30204605B0BDE8F08FDFF8B9
:10F6400058B0DFF858A00393584601F065FB5046C8
:10F6500001F062FB0A4A0B49039B00932020C2F889
:10F6600000B0C1F800A0084B084A1021FEF70AF8C4
:10F67000C9F800000028D0D00549FEF737FECCE7D6
:10F68000045A0120085A0120385C01200C5A01203C
:10F69000780A0700885C01200C5C0120205C0120B6
:10F6A00050B5144E346885B0C4B10529CDE90012B7
:10F6B00002900BDCFFF718FD022812D000233068FF
:10F6C0001A466946FEF782F805B050BD1A46204634
:10F6D00000236946FEF760FA05B050BD204605B02C
:10F6E00050BD3068089A00236946FEF76FF805B0F0
:10F6F00050BD00BF885C012010B5044682B000F008
:10F700004BF86069003818BF0120019000F04EF8F6
:10F71000019802B010BD00BF402383F31188FEE7BB
:10F7200030B46FF00203084C40F80C4C4FF0807579
:10F7300040F8045C40F8081C40F8202C40F8243CB9
:10F7400030BC4438704700BF19F705000F4C08B5AE
:10F75000E02384F8223000F07BF80D4B0D4A0021A5
:10F760001960D4F8883043F47003C4F888305368C3
:10F7700043F040435360236943F01003236100F0DA
:10F7800069F9402383F31188FEE700BF00ED00E034
:10F79000905C012030EF00E0402383F31188024A9F
:10F7A0001368013313607047905C0120034A1368AB
:10F7B000013B13600BB983F311887047905C012003
:10F7C00041DF704712DF704770B51D4B00221A6091
:10F7D00082B01B680193019BEFF31186402383F3F2
:10F7E00011881849184BD1F804451A601B6800931A
:10F7F000009BFFF7E5F8201A20F07F4323F0010378
:10F8000020F07F459BB96C1E6DB10025FFF7E6F82F
:10F81000013C631C45EA0005F8D125B10B4B4FF0C4
:10F8200080525A6040BF86F3118802B070BDFFF766
:10F830005BFC0228E7D0FFF7D1F80546EDE700BFF3
:10F8400040110140001001400011014000ED00E0B6
:10F850000B4B0C4930B41F200B4DC3F80805012297
:10F860000224E020C3F804232A601A60C3F844434A
:10F8700081F811034FF400330B6030BC704700BFB8
:10F880000010014000E100E0081001402DE9F041C6
:10F89000054684B0EFF3108272B6634CA36883B957
:10F8A000624B63480121A160D3F8801001402160C0
:10F8B000C3F88000D3F8841061604FF0FF31C3F8C3
:10F8C000841002B962B65B4ED6F80485FFF7F0FBF0
:10F8D00078B3594F594AAF4228BF2F4607EB080368
:10F8E00023F07F4301214FF0000CC6F80813C6F83F
:10F8F0004035C2F800C0136801934FF4803301987B
:10F90000C6F80433BFF34F8F25BBC6F80833156024
:10F9100012684B4B0392039A1D601B680293434B82
:10F92000029AC6F804134FF40032D6F80415C3F84F
:10F930008021A3685BB1EFF3108272B63B4B216864
:10F940001960616859600023A36002B962B604B00F
:10F95000BDE8F081F1EE103A23F09F03E1EE103A9A
:10F96000F1EE103A314D4FF480634022C5F8842106
:10F9700003A8C5F884318DF80CC0FFF723FF9DF86C
:10F980000C30002B4DD12B4620BFD3F80011D3F8FB
:10F9900004210A43F8D0274B2848294A4FF48031E4
:10F9A000C3F80813002101600068039003981160F8
:10F9B0001268029201220299C3F80423D3F8043595
:10F9C0001A4AA3EB080828F07F48474528BF474656
:10F9D0004FF40033012FC2F8803120D9781EFEF792
:10F9E000F5FF184BDB68DA010FD5174A1368DB0700
:10F9F0000BD5164B516803FB07F7A7F57427A7F53E
:10FA00001077BF0A01EB87175760FEF7E7FF002862
:10FA10008FD00F4B4FF080525A6040BF89E7F4D02F
:10FA200087E7FFF7CDFEB6E70466012000E100E0BE
:10FA3000FC06FFBD00100140FDFFFF00401101402A
:10FA400000110140F0ED00E0001000E040420F0026
:10FA500000ED00E00748006880F3088862B661B6F0
:10FA6000BFF34F8FBFF36F8F4FF0E00080F311882B
:10FA700000DF00BF00700200064B19680868B0E89C
:10FA8000F04F80F30988BFF36F8F4FF0000080F3D1
:10FA90001188704700590120EFF30980BFF36F8F81
:10FAA000144B1A681EF0100F08BF20ED108A20E9D1
:10FAB000F04F10604DF8043D4FF0400080F3118886
:10FAC000BFF34F8FBFF36F8FFFF780F94FF0000048
:10FAD00080F3118808BC19680868B0E8F04F1EF080
:10FAE000100F08BFB0EC108A80F30988BFF36F8F46
:10FAF000704700BF00590120704700BF0A490B4AF8
:10FB00000B4B9B1A03DD043BC858D050FBDC094863
:10FB100009494FF0AD32026004300439FBD100F0E6
:10FB20008BFCC7F795FB00007032070000600020D7
:10FB30002C65002000F8032000080000FEE7FEE727
:10FB4000FEE7FEE7FEE7FEE7FEE7FEE7FEE7FEE78D
:10FB500008B50020ECF740F8D6F732F9114BBBB1ED
:10FB6000114B63B1D6F7D0FC00F01EFDFDF784FB0E
:10FB7000D6F7CAFC00F018FDFDF77EFBF2E7D6F7DA
:10FB8000C3FC00F011FDD6F7BFFC00F00DFDF6E759
:10FB9000D6F7BAFC00F008FDD6F7B6FC00F004FD7D
:10FBA000F6E700BF0000000079D2050000B583B081
:10FBB00000F0AAFEFCF786FC0E4B019301230E49D0
:10FBC00000934FF4806200230C48FEF709FD4FF4C8
:10FBD000407000F00FFEFEF785FEBFF34F8F08491F
:10FBE000084BCA6802F4E0621343CB60BFF34F8F47
:10FBF00000BFFDE7945C0120880A070051FB050067
:10FC000000ED00E00400FA0538B507480C4615463B
:10FC1000ECF7A0F900B938BD2A4621460248BDE8F4
:10FC20003840ECF7ABB800BF24310120FDF7D8BC59
:10FC3000FDF7D6BCFDF7EEBCFDF7ECBC084A094960
:10FC400008B513681844884202D81060184608BDE9
:10FC500008F0F4FA0C2303604FF0FF33184608BD98
:10FC60001C63002000F80320114B1A78EAB90178D0
:10FC7000104810B40A464FF0804402F00102C1F36C
:10FC80004001C4F88015C4F878250268D20706D46C
:10FC9000E021012280F80013C0F8802102600122D7
:10FCA00005485DF8044B1A7070470448704700BF60
:10FCB0000066012000E100E00000AD0B0C00AD0B80
:10FCC0000C4B012230B4C3F88020BFF34F8FBFF339
:10FCD0006F8F094C094D0A490A4A00234FF08040B2
:10FCE00023604FF460742B60C0F8084330BC0B6095
:10FCF0001370704700E100E0985C01209C5C0120DB
:10FD0000A05C012000660120044B02684FF0804196
:10FD10004FF46070C1F808031A607047A05C0120BE
:10FD20004FF080434FF46072C3F80423704700BF64
:10FD30004FF080434FF46072C3F80823704700BF50
:10FD4000044B4FF080414FF460700022C1F808036B
:10FD50001A607047A05C012010B54FF0804386B058
:10FD6000D3F80443620705D5D3F8082103F584735B
:10FD7000002A4ED1A30603D52A4B1A68002A3FD188
:10FD8000600603D5284B1A68002A2FD1210602D518
:10FD9000264B1A680ABBE20502D5254B1A6892B9B0
:10FDA000A3050ED5234B1A685AB100221A601A68AF
:10FDB000214B0592059A1B68022006B0BDE8104051
:10FDC000184706B010BD00221A601B4A1B68049336
:10FDD00001201368049A9847E2E700201860164A49
:10FDE0001B6803931368039A9847D4E700221A60AC
:10FDF000124A1B68029301201368029A9847C5E7CC
:10FE0000002018600D4A1B6801931368019A9847F7
:10FE1000B6E700221A600A4A1B6800931368009A2A
:10FE20009847A7E714010040180100401C0100405A
:10FE30002001004024010040A05C01209C5C0120C6
:10FE4000985C01202DE9F04F05799A4E05EBC50429
:10FE500006EB840C83B09CF81CE0BEF1000F40F070
:10FE6000F780A7000068F251CCF8043091F80CC07C
:10FE70000B78BCF1010F4FEAC50440F2DA801F2B6A
:10FE800087BFDFF834E203F01F0898464FF0A04E1A
:10FE9000012707FA08F7CEF808751F2B8BBF03F070
:10FEA0001F071F46DFF810E24FF0A04E07F5E0777E
:10FEB0004FF001084EF827804F78FF2F00F0D080D8
:10FEC0001F2F8ABF07F01F09B946DFF8EC810097A2
:10FED00098BF4FF0A04809F5E07A4FF0010E0EFAF6
:10FEE00009FE4FF00309C8F80CE548F82A9091F88C
:10FEF00002E0BEF1FF0F00F0AF80BEF11F0F91F8DE
:10FF00000E8088BFDFF8B0B1CDF804E08EBF0EF0F0
:10FF10001F0AF2464FF0A04B0AF5E07A4FEA880834
:10FF20004BF82A8004EB050806EB880888F820E0E7
:10FF300091F803E088F81FE0BEF1FF0F2BD091F895
:10FF40000490F046B9F1000F00F08E80BEF11F0F53
:10FF500087BF594F0EF01F0BF3464FF0A0474FF0ED
:10FF6000010A0AFA0BFAC7F80CA5BEF11F0F88BFE9
:10FF70000EF01F0804EB050E8CBFDFF83CB14FF00C
:10FF8000A04B08F5E07806EB8E0E4FF0030A4BF815
:10FF900028A08EF81E90D1F808E0C0F80835009B24
:10FFA000C0F80C35019BC0F81035C0F824E54B7B38
:10FFB000003B18BF0123BCF1020F74D0BCF1030F4A
:10FFC00074D0BCF1010F6BD0C0F854358B79C0F8F8
:10FFD000C035002A58D04022C0F80423072340F33C
:10FFE0000732C0F80035002A4B794FEA10304FDB5A
:10FFF0005109890002F1604201F1604102F561425C
:0200000260009C
:1000000001F5614101275B0100F01F00DBB207FA37
:1000100000F082F80033C1F8800108602C4406EB40
:1000200084062648002201237277337703B0BDE8A7
:10003000F08F1F2B87BFDFF880E003F01F08984682
:100040004FF0A04E012707FA08F7CEF80C7524E709
:100050001B4803B0BDE8F08F4FF0FF37019761E711
:100060004FF0FF37009742E7BEF11F0F87BF124FD7
:100070000EF01F0BF3464FF0A0474FF0010A0AFAAB
:100080000BFAC7F808A570E70723C0F80035C5E7E5
:100090000C4A00F00F005B010244DBB21376BDE7AF
:1000A00043F0020390E743F004038DE743F00603B7
:1000B0008AE700BFA45C0120000300500000AD0BE4
:1000C0000500AD0BFCEC00E0F0B403792D4C03EB24
:1000D000C3018900DD006258002A4CD0026842F357
:1000E0000736002E4FEA123711DB7609DFF8A8C079
:1000F0002036012207F01F0702FA07F74CF8267096
:10010000BFF34F8FBFF36F8F6158026839B1E918A1
:100110001D48C2F8080304EB8101497FF9B9E918C9
:1001200004EB810191F82010FF290BD01F2986BF15
:1001300001F01F01154E4FF0A04601F5E0710220BD
:1001400046F82100124900208A42C2F8000514D066
:100150002B4404EB83030022F0BC1A777047012183
:100160005161D2F804110029FBD0E91804EB810198
:1001700000204877D3E70268D1E7064A01211160E1
:10018000E6E700BFA45C0120520108000003005014
:1001900000F0024004F0024000E100E02DE9F04FE1
:1001A0000779DFF898E107EBC70384460EEB83007D
:1001B00083B0457F002D40F0A2809B000C465EF886
:1001C000039016464FEAC708B9F1000F04D012F0A9
:1001D000140F04BF0123437708EB07050EEB8505D9
:1001E00094E80F0095F81FA005F10C0BBAF1FF0F72
:1001F0008BE80F000FD0AB7F002B55D0BAF11F0F4B
:100200008DBF4A4A51464FF0A0420AF01F01012318
:100210008B40C2F80835226872B102F06043B3F136
:10022000005F09D047440EEB870E002340488EF84C
:100230001D3003B0BDE8F08FA16821B101F060432B
:10024000B3F1005FEED1DCF80030E0686568C3F818
:1002500044250022C3F84855C3F83415C3F83805BF
:10026000C3F81821D3F818210192019A16F001025F
:1002700018BF0122C3F8502516F0020218BF012250
:100280003007C3F840255CBF01221A61B9F1000FA5
:1002900018D02848402271074CBFC3F80823C3F880
:1002A000042303B0BDE8F08FBAF11F0F8DBF1F4AC2
:1002B00051464FF0A0420AF01F0101238B40C2F8C3
:1002C0000C35A8E7D3F81821002AFBD0BAF1FF0FAC
:1002D00029D047440EEB870E9EF81E309BB1BAF131
:1002E0001F0F88BF114A134894BF4FF0A0420AF075
:1002F0001F0A012303FA0AF3C2F80C3599E70E48E6
:1003000003B0BDE8F08FBAF11F0F88BF074A094854
:1003100094BF4FF0A0420AF01F0A012303FA0AF328
:10032000C2F8083585E7034883E700BF00030050A3
:100330000A00AD0B0000AD0B0B00AD0BA45C01205F
:10034000194BD3F8182102B970470021174AC3F896
:100350001811D3F81811D37F82B0FF2B01910199A6
:100360000DD0917F99B11F2B8ABF11484FF0A0404B
:1003700003F01F03012101FA03F3C0F80C35002339
:1003800053771372D2E900310A4802B018471F2B85
:100390008ABF07484FF0A04003F01F03012101FA74
:1003A00003F3C0F80835EAE700300240A45C0120FE
:1003B00000030050AC5C01201B4BD3F8182102B99C
:1003C00070470021194AC3F81811D3F8181192F890
:1003D000433082B0FF2B019101990ED092F8421068
:1003E000A9B11F2B8ABF12484FF0A04003F01F0392
:1003F000012101FA03F3C0F80C35002382F84130E3
:1004000082F82C30D2E909310A4802B018471F2B74
:100410008ABF07484FF0A04003F01F03012101FAF3
:1004200003F3C0F80835E8E700F00240A45C0120BF
:1004300000030050D05C0120534B1B685A1C16D09F
:10044000524A082B12680ED0514AD2F8883043F431
:100450007003C2F88830BFF34F8FBFF36F8F4D4BDF
:100460004D4A1A607047032A2CD9082288E04B4A6B
:100470004B4B12781B68082A4FEA1313E4D113F090
:100480000C0F1FD0454A464B12781B68082A4FEACA
:100490001313D9D113F00C0F27D0414B3F4A1B68DF
:1004A0001278C3F30313082ACED1032BCCD84FF014
:1004B0008043D3F80024D20744BF6FF00102C3F891
:1004C0000024C1E7304A11684FF080430022481CE5
:1004D000C3F80C21C3F81021C3F83825D2D02B4B18
:1004E00008291A68B0D1032ABFD84FF080522D4B8B
:1004F000D2F80414C3F82015D2F80814C3F8241550
:10050000D2F80C14C3F82815D2F81014C3F82C151F
:10051000D2F81414C3F83015D2F81814C3F83415EF
:10052000D2F81C14C3F84015D2F82014C3F84415AF
:10053000D2F82414C3F84815D2F82814C3F84C157F
:10054000D2F82C14C3F85015D2F83014C3F854154F
:10055000D2F83414C3F86015D2F83814C3F864150F
:10056000D2F83C14C3F86815D2F840140648C3F812
:100570006C15D2F844140268C3F87015511C8CD065
:10058000024B1B688FE700BF3001001034010010E0
:1005900000ED00E0206300200090D003E00F00F0A9
:1005A000E80F00F000C0004008B5EBF71BFB054B5F
:1005B0004FF080525A6040BFBFF34F8FBFF36F8F31
:1005C00008BD00BF00ED00E0704700BF704700BFEE
:1005D000044B036010B46423034C0C605DF8044BBF
:1005E00013607047EC5C0120405D0120054B036007
:1005F00010B44FF48073044C0C605DF8044B13602E
:10060000704700BFD05E0120245F012070B51F4DF0
:1006100084B028684FF0FF3203A9FDF76BFB002878
:10062000F7D0039C237A6668052B0CD8DFE803F02B
:100630002629211B1403D4E90523D4E90301E46925
:100640000094B047039C206810B1FCF7E3FF039CC3
:100650002046FCF7DFFFDCE7D4E90523D4E90301FA
:10066000B047039CEFE7D4E90412E068B047039C6D
:10067000E9E7D4E90301B047039CE4E7B047039CF2
:10068000E1E7E068B047039CDDE700BF2863012095
:100690002DE9F043304B314D5B6885B0C3F308035F
:1006A000019001AF53B10023286839461A46FDF77F
:1006B00073FA012809D105B0BDE8F08328683946EE
:1006C0006422FDF783F80128F5D0DFF89480D8F88C
:1006D0000000002240000421FDF704F8064600282F
:1006E000E9D0DFF88090D9F80000FDF7F1FFFFF7BF
:1006F00053F801E0FDF76AF8002203A92868FDF726
:10070000F9FA04460023642203A93046002CF1D1F3
:100710002868FDF7C7FD2E60FFF748F8D9F80000FC
:10072000FEF796F8D8F800300B4A28685B00C8F846
:1007300000305368C3F30803394633B123462246D9
:10074000FDF72AFA05B0BDE8F0836422FDF73EF814
:1007500005B0BDE8F08300BF00ED00E02863012094
:10076000246301202C6301202DE9F8439DF82060CB
:1007700005460F46904699469EB1B0000C30FCF7F6
:100780002FFF044658B10023C0F8048006720360AE
:1007900005B147B90EBB2046FFF77AFF0120BDE83F
:1007A000F8831020EBE73846FCF71AFF80462060FC
:1007B000D0B13A46294607F001FE002EEBD0711E5B
:1007C000C9B209EB8101A9F1040252F8043FAB421E
:1007D00008BFC2F800809142F7D1B200494604F147
:1007E0000C0007F0EBFDD6E72046FCF713FF404670
:1007F000D5E700BF70B540230B4D82B00446002200
:10080000184604212B60FCF76DFF084D084B01933F
:1008100006460223009307492E60A2B20023064831
:10082000FDF7DEFE02B070BD2463012028630120C5
:100830002C630120900A07000D0606001A4B197858
:1008400009BB70B54FF4405382B01B78102B1CD9F4
:1008500043F21002142B126823D943F21401134BF4
:100860000C68134D1348A3FB04139B0CA5FB0461F8
:1008700000FB134089094FF47A76A5FB005006FB74
:100880001141800904E00848704708460B460A46B3
:10089000CDE900010849044808F0E2FC024802B032
:1008A00070BD08460B46F3E73063012083DE1B432F
:1008B000D34D621040420F009C0A070008B507485C
:1008C00003780BB1054808BD4FF0805304495A6EB8
:1008D0001B6E08F0C5FC014808BD00BF5063012035
:1008E000B00A0700BFF34F8F0549064BCA6802F4F0
:1008F000E0621343CB60BFF34F8F00BFFDE700BF43
:1009000000ED00E00400FA054FF08043194AD3F8E7
:100910000014194830B41160D3F80054D3F80024FF
:10092000164C17492A43C3F80024D4F84025026026
:1009300001224FF40030C3F818259A60C1F88000F6
:10094000BFF34F8FBFF36F8F0E4C03F588334FF01B
:10095000A0454FF480304FF0FF31C3F84803C3F88F
:1009600008035A609A60C5F80815C4F8081530BC29
:10097000704700BF646301206863012000A000404D
:1009800000E100E00003005008B54FF080434E2224
:10099000C3F81C25FFF7A6FFF0B44B4B1D6882B0CF
:1009A0000023082DADF8063005DD0A2D00F3858003
:1009B0000A26012300E00826444C454AC4F8F035D5
:1009C00001270023DFF814C14249C4F80075C4F8B8
:1009D0001435C4F81035C2F81435C2F81035C2F811
:1009E0002435C2F82035C2F83435C2F83035C2F8A3
:1009F0004435C2F84035C2F85435C2F85035C2F813
:100A00006435C2F86035C2F87435C2F87035324AC0
:100A1000DCF8003009681268DFF8C4C01B02090363
:100A200001F4805103F4E06312040B4302F4E0226A
:100A30009CF80010134343EA01630DF10602C4F869
:100A400018352146C4F81405C4F81005C4F82C263E
:100A5000C4F830762760D1F80031002BFBD000209D
:100A600001231A4AC1F800014B60D2F80431002B6F
:100A7000FBD0002001231549C2F804019360D1F88E
:100A80001431002BFBD00023C1F81431BDF806202F
:100A9000120448BFADF806300C4B0022C3F8002505
:100AA000BDF80600B54200B204D035BF751BAD1BC2
:100AB000E840A84002B0F0BC70470D2DB5BF0C2631
:100AC0000E260223032377E72463002000700040F2
:100AD000107000407463012078630120706301206E
:100AE0006C630120014B1860704700BF2463002035
:100AF000202816D8144B53F82030023B1D2B10D859
:100B0000DFE803F01E2014160F0F0F0F0F0F0F0F4B
:100B10000F0F0F0F0F0F0F0F0F0F0F0F0F0F181AD1
:100B20001C11002070470820FFF736BF0320FBE7A9
:100B30000420F9E70520F7E70620F5E70720F3E7AB
:100B40000120F1E70220EFE7AC09070020281BD8BD
:100B50003C4B53F820301F2B86BF3B4A03F01F034A
:100B60004FF0A0420E290FD8DFE801F0655F59531E
:100B70004D474039322B241D160F080003F5E07352
:100B800040F2037142F82310704703F5E07340F21E
:100B9000036142F82310704703F5E07340F20351FC
:100BA00042F82310704703F5E07340F2034142F826
:100BB0002310704703F5E07340F2033142F823102D
:100BC000704703F5E07340F2032142F823107047A9
:100BD00003F5E07340F2031142F82310704703F568
:100BE000E0734FF4403142F82310704703F5E0738F
:100BF0004FF4003142F82310704703F5E0731349B6
:100C000042F82310704703F5E073114942F82310AE
:100C1000704703F5E073042142F82310704703F591
:100C2000E0730C2142F82310704703F5E0730321B1
:100C300042F82310704703F5E073002142F82310B7
:100C4000704700BFAC090700000300500400020019
:100C50000C00030020280FD80B4B53F820301F2B1B
:100C600086BF0A4A03F01F034FF0A04229B10121B9
:100C700001FA03F3C2F808357047012101FA03F3C2
:100C8000C2F80C35704700BFAC09070000030050E4
:100C9000202818D80D4B53F820201F2A8ABF0C4952
:100CA0004FF0A04102F01F02D1F814050123934038
:100CB000034214BFD1F80425D1F81025134214BF04
:100CC0000120002070470020704700BFAC090700DA
:100CD00000030050202817D80D4B53F820101F296F
:100CE0008ABF0C4A4FF0A04201F01F01D2F8140550
:100CF00001238B40034214BFD2F80415D2F810151B
:100D00000B4202D1C2F808357047C2F80C35704763
:100D1000AC0907000003005000F108034FF0FF3159
:100D20000022C0E90333816002604360704700BF66
:100D300000230361704700BF4368026810B49C68D9
:100D40008C609C684B600132616099605DF8044B77
:100D500008610260704700BF30B40D686B1C10D092
:100D600000F108031C465B681A68AA42FAD90268B7
:100D70004B60013299608C606160086130BC026038
:100D8000704704696368F2E7036910B4D0E901129F
:100D90005C688A608442516008BF5A601A685DF8D6
:100DA000044B0021013A01611A601868704700BFC6
:100DB000F0B5054699B01F4600230E46144605A817
:100DC00019460322D5F8D05001F062F938BB01462C
:100DD000AD00082303AA05A8CDE9034501F098F961
:100DE000E8B9611905A801F0B7F9C0B937B92346C8
:100DF0001022314605A801F0C7F980B905F11003AA
:100E000002A9019100941946324605A8029301F007
:100E1000F9F9044B002818BF184619B0F0BD014875
:100E200019B0F0BD360CF0002DE9F04F864C80462D
:100E30009E460F4694460FCCB7B00DF11C0A55469E
:100E40000FC594E80F0004F1100685E80F000FCEDF
:100E50000FAD0FC596E80F00303485E80F000FCCBA
:100E600017AD0FC50FCC0FC594E80F00D8F8D040D0
:100E7000CDF80CE0042C85E80F0001D0082C6BD1D4
:100E8000409A231DB2EB830F4FEA830B03D06F48C8
:100E900037B0BDE8F08F07EB0C019CFA8CF30CF136
:100EA00018060CF109003B609BFA8BF5802326F0B5
:100EB0000F06321A7D6038440B72002101F09CFD50
:100EC000409B1B09ABF1100B00F0BB80042C47D0FA
:100ED000DDF80C90CDF808B04B4617ADB1464FF099
:100EE000000823ACBB461E4624E0029FCDF814A0A8
:100EF000069701F00DF903462946204610353BBB05
:100F000001F02AF984464FF0100E4B465A464946E6
:100F10002046BCF1000F1BD10DEB0E07CDE9006799
:100F2000CDF810E001F06EF9103688B9409BB8EBAF
:100F3000131F58D2002319460222204601F0A8F8B8
:100F4000014608F10108082305AA20460029CCD053
:100F50003F4837B0BDE8F08F3E4837B0BDE8F08F6E
:100F6000DDF80C90CDF808B033460FAD4E464FF08B
:100F7000000823ACBB46994626E0029FCDF814A09A
:100F8000069701F0C5F80346294620461035002B88
:100F9000DED101F0E1F884464FF0100E4B465A4680
:100FA00049462046BCF1000FD2D10DEB0E07CDE92A
:100FB0000067CDF810E001F025F910360028C7D100
:100FC000409BB8EB131F0ED2002319460222204685
:100FD00001F05EF8014608F10108082305AA204641
:100FE0000029CAD0B4E7DDF808B0039D00231946F4
:100FF00001222046CDE9055B01F04AF801460028B0
:10100000A6D1082305AA204601F082F800289FD126
:1010100005EB0B01204601F09FF80146002897D10F
:10102000409A284601F0E8FC409B009540A90191B8
:101030002A462046194601F0E5F800283FF428AF7B
:1010400086E723ACD1E700BF2C0B0700230CF00090
:10105000360CF000210CF0002DE9F04F2DED028B45
:10106000164687B007321C46D308129D039300280A
:1010700000F0BC800F46002900F0BF80002C54D047
:10108000BDF80C108046204600F0BCFF0228064642
:1010900040F2AA8003285DD12378032B40F2A4807C
:1010A000039B681C591E0123019301F0A7FC019BBF
:1010B0000493019B76429AB206F007064FF0FF0AAE
:1010C0004AFA06FA08EE102A5E1E4FF6FF72103B2F
:1010D0005FFA8AFA2E440292059318EE101A2A46F5
:1010E0004046B84700287DD133780AEA03033370BD
:1010F000049B102B40D0BDF80430224619462846E8
:1011000000F0ACFE022852D0029B013B0293E4D1D6
:101110003E4B03990193284601F070FC019B184651
:1011200007B0BDEC028BBDE8F08F99B22A461C4691
:10113000B84703460028ECD1611E70076A5C42F094
:1011400080025CD16A540023184607B0BDEC028BC4
:10115000BDE8F08F039B00F10709A3EBD90105EB74
:10116000D90001F04BFC4FEAD903B9F1870F019385
:1011700088BF102304939CE7059B05EB030904EB50
:10118000030B07E0002BB6D0B84758BB33780AEA08
:1011900003033370102319465A46484600F05EFE9A
:1011A0000346022B4A464FF010014046EAD1019B0C
:1011B000002BC8D0013DE918012315F8012F134475
:1011C0008D422B704FEA2323F7D1019B013C23442E
:1011D000022214F8011F0A449C4222704FEA222284
:1011E000F7D1B0E7034694E7094B92E7094B18465D
:1011F00007B0BDEC028BBDE8F08F074B8FE776425E
:1012000006F0070632416A5489E700BF010CF0007E
:10121000320CF000250CF000140CF0002DE9F04326
:101220008FB0884607A91746044601F0A5FA05467F
:1012300000284ED1D4F8D050042D01D0082D4ED125
:10124000D4F8C4300C2B62D8B8F1000F45D02E1D55
:10125000760106AA04ABCDE90032029707A905ABD7
:1012600000222046059600F0DFFD00283CD1069BB9
:101270000498D4F8C42023F00303083304F184094C
:1012800018449200494601F0B3FBD4F8C400069A12
:1012900004992B1D9E0002EB800200964B462046CF
:1012A0000692FFF7C1FD054650B9B8F1010F33D0E2
:1012B0000346224649462046FFF77AFDB0B105466F
:1012C0002046E42101F09AFB38464FF4BF5101F06B
:1012D00095FB28460FB0BDE8F0836E01B9E71B4DC2
:1012E00028460FB0BDE8F083194DE9E7D4F8D430B3
:1012F000012243F00103C4F8D430C4F8CC20002309
:101300004846C4F8C430402101F078FBDCE7114DB9
:1013100028460FB0BDE8F0833146204601F06EFB51
:101320002B46224649462046FFF742FD0028C6D1FB
:10133000D4F8D430084AC4F8CC8023F4803343F086
:101340000103C4F8D430C4F8DC20D8E7210CF00045
:10135000260CF000040CF000CDAB23012DE9F04F7A
:101360009DB0002800F03B811646002A00F03D8128
:101370000D4621B98B4658461DB0BDE8F08FB14FE0
:1013800004464FF0FF31386801F058FB002840F068
:101390001981AD4BD4F8DC209A4216D0DFF8B8B2F0
:1013A0002946304601F02AFBD4F8C430002B40F027
:1013B0000D81386801F05CFB0028DCD0A34801F007
:1013C000EBFA58461DB0BDE8F08FD4F8D430DA07F8
:1013D00040F10E81D4F8CC30113300F20F81D4F8F3
:1013E000D080B8F1040F05D0B8F1080F02D0DFF8B3
:1013F0006CB2D5E7D4F8C4200C2A00F2FC8004F1CA
:101400004003029304F1840A002A00F0FD80920058
:10141000514604F1480001F0EBFAD4F8C4200299D7
:1014200008F104039B000093920053462046FFF707
:10143000FBFC83460028B3D1034622465146204692
:10144000FFF7B6FC83460028AAD104EB88090122E5
:10145000D9F80C301BBA9B181BBAC9F80C304FEAEC
:10146000880B16D3D9F808301BBA9B181BBAC9F8D9
:1014700008300ED3D9F804301BBA9B181BBAC9F830
:10148000043006D354F828301BBA13441BBA44F86E
:101490002830002309A81946032200F0F9FD00288E
:1014A00040F0AF800146082307AA09A8CDE9074B01
:1014B00000F02EFE002840F0A480494609A800F064
:1014C0004BFE002840F09D80614AD4F8D4301A4287
:1014D00000F0A2802B0915F00F0B049300F0998007
:1014E00001330493CDF80CB05B469D420DD0EA1A4F
:1014F00011463046059201F081FA059A334631468D
:1015000009A800F041FE00287BD104F1300B102225
:101510000298594601F06CFA5846102101F06EFA13
:10152000102306A90191CDF800B009A85A46194622
:10153000069300F067FE002863D1039AA81A30448E
:10154000594601F055FAD4F8D430DB0509D45A468F
:101550000298049B314600F0CBF9834600287FF4C3
:101560001FAFD9F80C30049A1BBAD3181BBAC9F8AC
:101570000C3017D3D9F8083001221BBA9B181BBABC
:10158000C9F808300ED3D9F804301BBA9B181BBA1F
:10159000C9F8043006D354F828301BBA13441BBAD8
:1015A00044F828305146012322462046FFF700FC2C
:1015B000834600287FF4F4AED4F8CC300133C4F86D
:1015C000CC30F1E6234801F0E7F9E2E60023C4F865
:1015D000C43004F18400402101F010FAE9E6DFF89C
:1015E00080B058461DB0BDE8F08FDFF878B0C2E695
:1015F000DFF874B0D4E6DFF874B0D1E6DFF870B08D
:10160000CEE6DFF870B0CBE65046402101F0F6F9A7
:101610001BE71023039368E704F1300318461021F9
:10162000039301F0EBF9039B1022194609A800F07F
:10163000ABFD0028E5D1D4F8D43043F48033C4F8AE
:10164000D43047E714660120CDAB2301D40A07004C
:1016500000010100BC0A07000E0CF000210CF00094
:10166000270CF000000CF000080CF000040CF00057
:10167000070CF000360CF00070B5002849D00D467C
:10168000002943D0244E04464FF0FF31306801F06A
:10169000D5F990BB002001F021FA50BB20462A4624
:1016A0000121FFF7BBFD0446012001F017FAB8B98C
:1016B000306801F0DDF950B9012001F00FFA08B9E6
:1016C000204670BD154801F067F9204670BD1448EA
:1016D00001F062F9012001F001FA0028F0D0F1E7F1
:1016E0000E4801F059F9306801F0C2F90028E3D042
:1016F000EDE70C4801F050F9D0E70B4801F04CF948
:10170000002001F0EBF90028C8D0F2E7074C204692
:1017100070BD074C204670BD106601200C0B070001
:10172000D40A0700EC0A0700BC0A0700200CF000EE
:10173000250CF00000284CD0F0B50D4689B00029EA
:1017400038D00446E42101F059F901A9204601F0FE
:1017500013F810B1204809B0F0BD204F4FF0FF3111
:10176000386801F06BF980BB002001F0B7F940BB8D
:1017700001A92A46204600F063FB0646012001F03D
:10178000ADF9D0B9386801F073F978B9002EE1D11C
:101790002046E42101F032F929462046FFF76CFF8C
:1017A0000F4B002818BF184609B0F0BD0D4801F0D6
:1017B000F3F8EBE70C4809B0F0BD0C4801F0ECF889
:1017C000E0E70B4801F0E8F8D2E70A4801F0E4F856
:1017D000CAE70948704700BF110CF00010660120ED
:1017E000120CF000D40A0700200CF0000C0B0700CC
:1017F000EC0A0700BC0A0700250CF00030B4029D7B
:101800004DB1064D941EAC4202D830BCFFF724BC4B
:10181000034830BC7047034830BC7047FDFF0700E9
:10182000310CF000300CF00038B504464FF4806005
:1018300001F040F9054D06480649074A00232B6090
:1018400003600B682360136038BD00BFC8B102504D
:101850002CB1025004B1025008B1025001380728DF
:1018600005D8DFE800F00A0E041204040406094853
:1018700070478B698B6000207047CB688B600020BD
:1018800070470B698B60002070474B698B600020AC
:10189000704700BF310CF1000B6802E0082B0B60B1
:1018A00006D8426813424FEA4303F7D0002070473E
:1018B00000487047310CF100084B094A00211960BB
:1018C0001368002BFCD107480749084A03604FF40E
:1018D00080604FF0FF330860136070472CB10250F6
:1018E00010B90250C4B1025008BA025008B10250F7
:1018F000012BF8B516461CD010221D460C4601F0EF
:101900005FF8E0B1AF1E314604EB0710102201F082
:1019100057F8A0B1022D0ADD0025204610342146DB
:10192000102201F04DF8013548B1BD42F5D100203B
:10193000F8BD1146102201F043F80028F7D1014804
:10194000F8BD00BF020CF000002877D0F8B50C46B7
:10195000002971D01D46002B6ED0064622B101220F
:1019600000232A60C0F8D8302B68002B62D02946AB
:101970002046FFF791FF00285BD128682146FFF73A
:101980006DFF002855D1364B3649374A01271F6075
:101990009C460F60CCF80070A368136011688B42FE
:1019A000F8D1324F3249334A334B4FF0000CC7F86D
:1019B00000C004270F600A2111606FF03A021A601C
:1019C000079B012B4FF080533AD0D3F8002C013203
:1019D00043D0D3F8002C294BA3FB02321209A36891
:1019E000274C2849284F03FB02F303EB4303DB0397
:1019F0009B092360254B2C680C601A60069A244CC6
:101A00003A604FF48062226001224FF0FF3441F8C7
:101A1000C44C43F80C2CD6F8D8302A6823F07F4306
:101A200043EA0263C6F8D8302A6843EA0223C6F8BC
:101A3000D830F8BD1748F8BD1748F8BD16487047AC
:101A4000D3F80C2C013206D0D3F80C2C0B4BA3FB93
:101A50000232FA40C3E71622C1E70622BFE700BF01
:101A6000C4B1025040B1025030B102502CB102500A
:101A70000CB1025038B1025000B10250ABAAAAAA70
:101A8000D8B10250CCB10250D0B10250D4B1025002
:101A900008BA0250310CF100350CF100F0B4C90065
:101AA000002401F1FF3C2646274606E09F4216D05F
:101AB0000126654519D82C461F46630904F01F010D
:101AC00050F823301F2923FA01F304F1010518BF50
:101AD00003F00103002CE9D101263546EBE701367E
:101AE0009642E6D10248F0BC70470020F0BC704737
:101AF000360CF100002861D02DE9F0414C1EB4F500
:101B0000047F27D233B32AB3CD00012B05F1FF3E6A
:101B100030D000218C460F460E4603F1FF384C09A9
:101B200001F01F0550F824401F2D24FA05F418BFBA
:101B300004F0010421B90126B44631462746EEE7F8
:101B4000B34213D0A74201D10CF1010C464504D198
:101B5000624502D21A48BDE8F0813C4601318E450B
:101B600006F10106EAD20020BDE8F08100264FF020
:101B7000010CF3E70026B44637463446610904F009
:101B80001F0350F821101F2B21FA03F118BF01F099
:101B900001013CB15FB98C4501D0614608E00136D6
:101BA000614605E0012634468C460127E6E73E46BD
:101BB000B242CFD30134AC42F6D1D4E700487047EB
:101BC000370CF1002DE9F04F89B01D46149BDDF86C
:101BD0004CA004460E4617464BB94FF08053D3F83D
:101BE000002C013200F0A980D3F800BC08E04FF0CF
:101BF0008053D3F80C2C013200F0A280D3F80CBC37
:101C00007C480AF5C1622A60129A00234FF0FF3126
:101C1000136000F013FF002840F08680764A774B6F
:101C2000774910600432196013680693069BD90740
:101C3000FAD5714A714B002111601B680793043279
:101C400013680793079BDB07FAD56C4B6D4A1B683B
:101C50000793DDF81C9013680793079BD807FAD504
:101C6000644800F005FF00285AD1654B994540F0C3
:101C7000B680D4F8D43013F400790ED1D90512D53A
:101C80002B68129A1B6813603BB1D4F8D4309B05C3
:101C90005BD5484609B0BDE8F08FDFF87C91484637
:101CA00009B0BDE8F08F002F00F08780564A574BEF
:101CB0001168B2681B689A4245D10A2943D194F849
:101CC000DB3005930AF5C26A042500274FF08058DF
:101CD00004A8FFF7A9FD0498820602D510F01A00A7
:101CE00039D0D4F8D810059A0B0A03F47F030B43BC
:101CF00023F07F43082AC4F8D83077D0149B4FEAEA
:101D0000420CCDE90073002205AB31462046CDF8E8
:101D100014C0FFF719FE00285FD1013DD8D1B4E708
:101D20003B4800F039FEA0E73A48DFF8F09000F0B9
:101D300033FE484609B0BDE8F08F4FF0900B5FE7E7
:101D40004FF4047B5CE7DFF8D890FFF7B5FD484619
:101D500009B0BDE8F08F129B5246C3F800B0594657
:101D600000F03CFD002838D1D8F8043C129A013329
:101D700018BFD8F8043C116808BF51230293D8F863
:101D8000083C01332ED0D8F8083C03934B1EB3F522
:101D9000047F0FD2029A02915046FFF77FFE48B9A6
:101DA0000299039A4FF480635046FFF7A3FE002880
:101DB0003FF46BAF129B1F6093E723F00F03C4F84F
:101DC000D430149B0122CDE90093314605AB204667
:101DD000FFF7BAFD00283FF475AF814655E7DFF8FD
:101DE0003C9056E740F237330393CFE7DFF8349067
:101DF0004BE700BF2866012004BF025000BF02501D
:101E000012FA12FA08BF025038B1025030B1025033
:101E1000D40A0700BC0A0700330CF000350CF000B0
:101E2000300CF100320CF10030B4DDE90234049DD5
:101E300002940024CDE9035430BCFFF7C3BE00BFB9
:101E400010B586B005AB0124CDE901240093002232
:101E500004ABFFF7B7FE06B010BD00BFF0B44418E6
:101E600031B114F8015D4E1E15B931460029F8D183
:101E7000D41833B114F8015D5E1E45B93346002B0A
:101E8000F8D10D1E18BF01252846F0BC70478B42C3
:101E900022D325D84C1EA64228BF2646002E23DB7F
:101EA000013694190025821904E0012D38BF01255F
:101EB00090420BD012F8016D14F8017DB742F4D3B3
:101EC000F6D9002D08BF02259042F3D18B4218BFEE
:101ED00000252846F0BC704701252846F0BC704715
:101EE00002252846F0BC70470025EFE79942F0B57F
:101EF0000DD801EB03044FEA540467D3002C7DD0C6
:101F00004FF0000C171F2146051F624632E003F117
:101F1000804C0CF1FF3C051F002600EB8C0C05EB00
:101F2000810E34465CF8047FE64546EA0706F9D19F
:101F300016F1FF3744F1FF3C6FEA0C0C99420CF0AC
:101F4000010C3ED201F1804E0EF1FF3E171F02EB55
:101F50008E0507EB830355F8042FAB4246EA0206D1
:101F6000F9D116F1FF3644F1FF32D24302F00102FB
:101F700091B3051F002305EB810E28463C46194608
:101F800050F8046F54F8045FAE4218BF002103F00C
:101F9000010318BF002388BF41F0010138BF43F09F
:101FA00001038645ECD1A9B182F00100BCF1000F1C
:101FB00000D108408CF0010402B91C4000EB440041
:101FC000F0BDC3B1171F19460022D3E700263446DF
:101FD000B446B7E7002BE7D1BCF1000F03D132B113
:101FE00060461446EAE782F001000023E2E710466B
:101FF00013461446E1E760461C46DEE720462346CA
:10200000DBE700BF4218084630B112F8013D411E1F
:102010001BB908460028F8D170471A064FEAC000DD
:1020200018D4590600F1FF3215D49906A0F1020226
:1020300011D4D906A0F103020DD41907A0F10402AE
:1020400009D45907A0F1050205D49B07A0F10602A7
:1020500001D4073870471046704700BFA1B100EBAC
:10206000810001E001390FD050F8043D002BF9D078
:102070004801A0F1200202E00138904206D0002B76
:102080004FEA4303F8DA704708467047704700BFCD
:1020900078B3032A70B50E461546044601D9052AC1
:1020A0001CD1012E18D8ABB9022D19D0052D17D08F
:1020B0004C21204600F0A2FC052D88BF4FF0FF32D6
:1020C00013D900200123C4E90826C4E90B00C4E9A0
:1020D0000D3370BD094870BD094870BD094870BD19
:1020E00056B94C21204600F089FC074B53F82520B7
:1020F000E7E74FF470007047044870BD0E00F00031
:102100000600F0000200F0009C0B07001200F00037
:10211000C8B110B50C4682B18CB9082B0DD15368EB
:10212000102B0ED1136843B101238362D2E9001250
:10213000103000F05DFC204610BD044810BD04487E
:1021400010BD044810BD4FF4700070470400F0004B
:102150000500F0000300F00070B108B5036A013B10
:10216000022B05D831B1102200F042FC002008BD3E
:10217000034808BD034808BD4FF47000704700BF16
:102180000200F0000100F00038B349B31AB338B5CB
:1021900012F00F051BD1046A24F00404032C01D0B3
:1021A00003B31D4613462A4601F022FE58B1A0F59E
:1021B0007100052818D8052816D8DFE800F00503B7
:1021C0000A0303080A4838BD4FF4700038BD0948B7
:1021D00038BD094838BD074870474FF47000704754
:1021E00006487047064838BD4FF4750038BD00BF3B
:1021F0000200F0000A00F0000600F0000800F00005
:102200000900F000F8B5079F48B30E460546002ABE
:1022100035D0994239D8002F41D02B6A23F00401E0
:10222000032906991FD0002932D03968B14233D32F
:10223000300703D0012B1CD8EB6A23B31146334679
:10224000069A284601F0E0FE044660B3A0F571044A
:10225000052C37D8DFE804F00310251010174FF4D1
:1022600070042046F8BDA9B139680F2914D9310787
:10227000E4D0032BE2D1DFE7144C2046F8BD00295F
:10228000C9D0134CEDE7134CEBE7134C2046F8BDD7
:10229000002ED3D0114CE4E7114C2046F8BD114C70
:1022A000DFE7114CDDE72B6A23F00403032B01D099
:1022B0003E60D6E706982946102200F099FB1023CD
:1022C0003B60CEE74FF47504CBE700BF0200F0009F
:1022D0000800F0000A00F0000C00F0000900F00017
:1022E0000D00F0001100F0000600F0002DE9F84F9D
:1022F0001E460A9B002B6AD00D4600296FD004466B
:1023000000287DD0022E5ED816B10B9B002B79D011
:10231000D4F8B872B7F5107F4CD8D4F8BC127B1C37
:10232000994247D895F80090B9F1070F53D8B9F101
:10233000050F50D009F006030737022B4FEAD707E5
:102340003CD07B00013393423BD10A9807F1030B49
:102350004FF45D7100F1040A2BF0030800F04EFB0E
:10236000414650463B466A1C00F002FC002838D12A
:102370004FEA9B0B5B46594622465046FFF7B6FD97
:10238000022855D119F0040F3ED10A9B214603F1D2
:1023900094004FF4377200F02BFB4946504600F092
:1023A0006DFC0446002845D1022E45D00A9A264BE2
:1023B00013601CE0254C2046BDE8F88F7B1C93423F
:1023C000C3D0234CF7E7234C2046BDE8F88F224CBE
:1023D0002046BDE8F88F214C2046BDE8F88F204C00
:1023E000E9E7204C0A984FF45D7100F007FB0B9B66
:1023F000002BE0D04FF46371184600F0FFFADAE7E3
:10240000194CD8E7194CD6E70A9B7A1C4C33414645
:10241000184698462A443B4600F0AAFB0028E0D123
:1024200040465B4659462246FFF760FD0228ACD085
:102430000C4CC0E70E4CD5E70B99504600F0FCFC65
:102440000028B3D00446CDE7010000EC9508F00069
:102450000F08F0001108F0000E08F0000708F00067
:102460000D08F0001008F0000208F0001208F0005B
:102470003008F0002DE9F04383B0019300283DD0EF
:102480001646002A67D002681F46354B9A4204461A
:102490001BD18FB3052914D0072912D8D0F84C339B
:1024A000C56C21F0020203F10709042A03F11F039E
:1024B0004FEAD9094FEA531305F0010522D002294A
:1024C00007D0284803B0BDE8F083274803B0BDE833
:1024D000F0833A6809F1010842453ED3304645F0A1
:1024E000020500F8015B9B00221D494600F096FBA7
:1024F00048BBC7F80080E5E71C48E3E71C4803B089
:10250000BDE8F0833A684FEA490808F101084245FE
:1025100023D3042930460CBF0D4645F006059B0029
:1025200000F8015B221D4946019300F077FB50B98A
:1025300009F10100019B04F14C023044494600F0CE
:102540006DFB0028D5D03046396800F057FA0023DB
:1025500008483B60B6E70848B4E70848B2E700BF60
:10256000010000EC1508F0001A08F0001708F00050
:102570001408F0001B08F0001608F0001808F0001E
:102580002DE9F04782B0DDE90A98002A5CD01D46AB
:10259000002B5ED0B9F1000F5DD0B8F1000F5CD018
:1025A000074600285BD08A46002948D014461846C2
:1025B0004FF44C7100F022FA4FF45D71484600F080
:1025C0001DFAD4F8BC621F367609B200013E04F150
:1025D000D801404605EB860600F00AFA0023736036
:1025E0002B1DD4F8BC220093514638464346FFF7D2
:1025F00005F90646C8B128464FF44C7100F0FEF9C3
:1026000048464FF45D7100F0F9F90C9B23B140F698
:102610006811184600F0F2F940464FF4537100F08B
:10262000EDF9304602B0BDE8F087204643464A4601
:10263000294602F06DFE06460028E6D0DBE7094E8B
:10264000304602B0BDE8F087074E304602B0BDE824
:10265000F087064EE5E7064EE3E7064EE1E7064E55
:10266000DFE700BF9008F0000208F0000308F00068
:102670000408F0000508F0009108F0002DE9F04191
:10268000002940D016461F460A682B4B9A420C463A
:1026900031D1054600283AD00268013B9A422ED13A
:1026A000002E45D0002F45D0069BB3B300F1940116
:1026B0004FF4377204F1500000F082F90435211D07
:1026C00068BBD4F808333A680733B2EBD30F4FEA4C
:1026D000D3081ED3069B2846324600F0DDFB044695
:1026E000F8B9C7F8008006984FF4537100F086F9E6
:1026F0002046BDE8F081114C2046BDE8F081104C29
:102700002046BDE8F0810F4C2046BDE8F0810E4C1C
:10271000F2E70E4CC7F80080EEE70D4CECE70D4CED
:10272000EAE73968304600F069F900233B60DAE7F0
:10273000094CE1E7094CDFE7020000EC3408F00047
:102740003208F0003308F0003108F0003808F000DB
:102750003708F0003A08F0003508F0003608F000BD
:102760000B2804D8034B53F8203003B1184700203E
:10277000704700BF100D070030B5042285B001235B
:10278000C0F8D0200B6068460023CDE90033CDE9C6
:1027900002330C4600F04EF80546C8B9DDE90030BA
:1027A000DDE90212E360003BC4E9040118BF012324
:1027B000A26108B143F0020309B143F004030AB176
:1027C00043F00803002228466360A26005B030BDD4
:1027D000014800F0E1F8E1E7B40B070030B585B03F
:1027E00004460D46104803924FF0FF3100F026F9E1
:1027F000039A68B9204600950123002101F0E6FF05
:102800000446094800F034F938B9204605B030BD17
:10281000064800F0C1F8039AECE7054800F0BCF860
:10282000204605B030BD00BF28660120BC0A070065
:10283000D40A070000234FF4FA714FF47A72C0E90A
:1028400000228160C3601846704700BF10B500F0D9
:1028500031F8A0B900F01EF920B1032400F070F89F
:10286000204610BD00F03AF9034680B90D4A1268BF
:10287000120EF02A06D0052400F00EF9EEE704242B
:10288000204610BD0849094A0968914201D0062432
:10289000F2E7074A0120136000F020F904460028FF
:1028A000DED0E8E728B9025024BA02500000E02048
:1028B0000CBA025008B5184800F0A4F898B91748A7
:1028C00000F0A0F8B8B9164800F09CF8D8B9154B3C
:1028D000124A15481A6000F095F8C0B9134B124A15
:1028E0001A60002008BD124800F056F80B4800F0AE
:1028F00089F80028E7D00F4800F04EF8084800F0AB
:1029000081F80028E3D00C4800F046F8DFE70B48D8
:1029100000F042F8E2E700BF286601201C660120B3
:102920002066012010660120246601201466012023
:10293000E40B0700000C07001C0C07003C0C070010
:1029400008B500F03BF80F4800F06AF804210D4884
:1029500000F054F80C4800F063F80B48042100F034
:102960004DF80A4800F05CF840B9094800F058F802
:10297000BDE808400648042100F040B8054800F0D2
:102980000BF8F2E7286601201C6601202066012072
:10299000246601201C0C0700BFF34F8F0549064B2E
:1029A000CA6802F4E0621343CB60BFF34F8F00BFED
:1029B000FDE700BF00ED00E00400FA05704700BF2E
:1029C000A2B1013A30B401398518421E002012F834
:1029D000013F11F8014F954283EA040340EA0300E6
:1029E000F5D1003818BF012030BC70471046704741
:1029F00005F0E4BC05F0F0BC05F008BD0A46002176
:102A000005F004BD10B5044610B10020206010BDD3
:102A10000248FFF7C1FF0020206010BD5C0C0700DA
:102A200010B5044610B10020206010BD0248FFF729
:102A3000B3FF0020206010BD5C0C070010B50446F9
:102A400080B10123BFF35B8F54E8002F44E80031CD
:102A50000029F9D1BFF35B8F012AF3D0BFF35F8F59
:102A6000002010BD0148FFF797FFEAE7800C070040
:102A700010B5044620B1BFF35F8F0020206010BD69
:102A80000348FFF789FFBFF35F8F0020206010BD70
:102A9000A00C07000020704700207047014B186011
:102AA000704700BF08BA0250014B1860704700BF62
:102AB00004BA025010B5044630B1054B1868044200
:102AC000FCD0044B1C6010BD0348FFF765FFF4E722
:102AD00000BA025008BA0250C00C070010B54FF0FF
:102AE000FF3104461748FFF7A9FFE8B9164A54B169
:102AF0001368A3B1012B18D0013B1360BDE810404F
:102B00001048FFF7B5BF106838B9104B10490124C1
:102B1000C3F800450B68002BFCD101301060BDE804
:102B200010400848FFF7A4BF10BD09490B68002BEF
:102B3000FCD106480749C0F800356FF07E430B60B2
:102B40001368D9E7206601207C63012000A00250B1
:102B500010B9025004BA02503AB10A44013812F8CE
:102B6000013D00F8013F8A42F9D10020704700BFC3
:102B7000002A48D02DE9F0410446002845D01546EA
:102B80005A1E053234D811F0030631D18B422FD8AA
:102B9000CF1C27F003028A4232D8A2EB030840443C
:102BA0001A462946FFF726FF414620464FEA970876
:102BB000FFF724FFB8F1010F1DD0FF0804EB8700D9
:102BC0000438231F04EB880553F8042F55F8041D1F
:102BD00012BA09BA834219602A60F5D118F00100CF
:102BE00007D054F827301BBA44F82730002000E003
:102BF0000748BDE8F08123681BBA30462360F8E738
:102C00000448BDE8F081044870470348F1E700BF7D
:102C1000050DF000090DF000040DF00030B40AB30A
:102C200000B3DBB113F0030518D18B4216D3A9B161
:102C3000904208D002D91344984217D3904202D24E
:102C400043189A4212D91144431E11F8014D03F85A
:102C5000014F8A42F9D1284630BC7047044D2846BE
:102C600030BC7047034D284630BC7047024DF6E734
:102C7000050DF000040DF000060DF000F0B504465F
:102C8000D0F848038DB000F11F062023B6F5187F59
:102C900000937ED20F46694601F0F0FB054610B165
:102CA00028460DB0F0BD7609334604F190020121AB
:102CB00001F024FD01210846052304F5127201F0FC
:102CC0001DFD334622460121022001F017FD334647
:102CD00004F1D8020121042001F010FD04F59072E6
:102CE00033460121052001F009FD424A1368019392
:102CF000019BDB07FAD5404B40493E4A19601368F7
:102D00000293029BD807FAD53B4B3D49394A1960DB
:102D100013680393039BD907FAD5374B3949354AD2
:102D2000196013680493049BDB07FAD5324B364ACB
:102D30001A6007F00603022B2FD004F14802334635
:102D40000121032001F0DAFC2A4A13680593059B50
:102D5000DC07FAD5284B2D49264A196013680693DB
:102D6000069BD807FAD5244B29492A4A19601368CB
:102D70000793079BD907FAD5274A284B126812F404
:102D8000805F08BF1D46009801F062FC28460DB028
:102D9000F0BD234D28460DB0F0BD01F069FE0028BE
:102DA00026D01C4A13680893089BDB07FAD51D4BF5
:102DB000184A196813680A930A9BD807FAD51A4A61
:102DC0001A4B11601B680993099B5F40F90708D5EE
:102DD000343A13680B930B9BDB07FAD5064B144A66
:102DE0001A60314604F14800032201F05BFCCAE797
:102DF000104DC8E7B0B0025080B002508021088862
:102E000080411831806108880051183180310C8868
:102E100000681051B4B0025088B002501008F000A1
:102E20000F08F0000CB00250E4B00250DCB00250C9
:102E3000C03000294021F00070B5D0E9D2421F34E3
:102E400084B0640900F148030D4601EB84061F328B
:102E500001EBC4010391009300F5B4710346CDE981
:102E600001565209903000F0D3FE70B93046214629
:102E7000FFF7F4F830B921462846FFF7EFF808B914
:102E800004B070BD024804B070BD024804B070BD0B
:102E90001008F0003008F0002DE9F043D0E9D245E9
:102EA0001F3485B0640903EBC40E1E4603EB840790
:102EB0001F3500F148030093CDE9027E03460196D9
:102EC000904690306A0900F0A3FE054640B13046B6
:102ED0004FF45371FFF792FD284605B0BDE8F0832B
:102EE00038462146FFF7BAF860B121463046FFF771
:102EF000B5F838B14FEA84094A4640463146FFF7F3
:102F00002BFEE4E7004DE2E72008F1002DE9F04F49
:102F100097B0DDE920744FEA043E4EEA844E4EEA53
:102F200083149D4D44F0045C9C012E680096009E25
:102F3000F607FAD5229DDFF86482974EC8F800C0E4
:102F4000920142EA834242EA053545F010454FEAD4
:102F5000834832680192019AD207FAD58F4ADFF886
:102F600038C215604EEA811E4EF0104E8E01DCF81C
:102F700000200292029AD507F9D53D0345EA87451C
:102F8000864A854FC2F800E044EA050949F0045931
:102F90003A680392039AD207FAD5804ADFF8F8E13B
:102FA000C2F8009044EA033C48EA0C0747F0045793
:102FB0004FEA033ADEF800200492049AD207F9D5CA
:102FC000764ADFF8D4E117604CEA814949F01049AC
:102FD0008F04DEF800200592059AD207F9D56F4AD2
:102FE000DFF8B4E1C2F8009045F0104545F4807573
:102FF000DEF800200692069AD207F9D5DFF89CE1A8
:10300000674ADFF89491CEF8005042EA80124FEA06
:10301000801ED9F800500795079DED07F9D5DFF818
:103020007CB1DFF884915C4DCBF8002049EA00398F
:103030004FEA003B2A680892089AD207FAD5574D02
:10304000C5F80090239A574D45EA8249524A1268C2
:103050000992099AD507F9D5504A4F4DC2F8009008
:103060004CF0245949F400192A680A920A9AD207A6
:10307000FAD54A4D484AC5F800904EEA030343F09A
:10308000484343F4821315680B950B9DED07FAD561
:103090004EEA0B05DFF804E13F4ACEF8003045EA7E
:1030A000080545F0045513680C930C9BDB07FAD513
:1030B0003A4B394A1D604CEA804040F00450136896
:1030C0000D930D9BDD07FAD5344BDFF8E0C0324A93
:1030D00018604AEA0C0C13680E930E9BD807FAD5B9
:1030E0002E4B2D4DC3F800C047EA013746EA070CC6
:1030F0004CF004500A032B680F930F9BDB07FAD5A3
:10310000264B254D18604CF0104C2B681093109BEB
:10311000DB07FAD5214B204DC3F800C02B68119373
:10312000119BDB07FAD51D4B1B4D1860274347F059
:1031300004572B681293129BDB07FAD5174B1648DE
:103140001F60239B44EA080444EA033444F010441B
:1031500003681393139BDD07FAD5104B0E481C60D0
:10316000324342F0245242F4101203681493149B29
:10317000DC07FAD5094B08481A600E4346F048466A
:1031800046F4A21603681593159BDB07FAD5034B8B
:103190001E6017B0BDE8F08FB0B0025080B0025092
:1031A0000040102100410021000110214001282988
:1031B0002DE9F04F9FB0AF4F2D9D289E2C0344EA80
:1031C000854C4CEA831C4FEA854E01944CF0104C20
:1031D0009D013C680494049CE407FAD54FEA801BE7
:1031E000A54F4BEA033848EA8646DFF88882C7F8DD
:1031F00000C046F010461F03D8F800400594059C17
:10320000E407F9D5DFF87082DFF868C24BEA0034D2
:103210000294C8F8006044F0245848F40018DCF820
:1032200000400694069CE607F9D5DFF84C92914ED3
:10323000C9F8008045EA070C4EEA0C0E4EF0104E1D
:1032400034680794079CE407FAD5299CDFF8289294
:10325000DFF82082C9F800E047EA811646EA844692
:103260008C0146F010460094D8F800400894089C61
:10327000E407F9D5009CDFF80082DFF8F891C8F880
:10328000006044EA013E4EF0245848F40018D9F892
:1032900000400994099CE607F9D52A9CDFF8D891EB
:1032A000744EC9F800804FEA043A4AEA844A2A9CDC
:1032B0004AEA050A4AF0104A4FEA844934680A94F7
:1032C0000A9CE407FAD52B9C47EA844606430396FA
:1032D000694E684CC6F800A0039E46F0484A4AF082
:1032E000C00A26680B960B9EF607FAD5624C614E13
:1032F000C4F800A049EA0C0A4AF0104A34680C9459
:103300000C9CE407FAD52C9C47EA84460E430396AE
:10331000594E584CC6F800A0039E2E4346F0484A2A
:1033200026680D960D9EF607FAD5019C44EA821692
:10333000514C46EA09094F4EC4F800A049F0104923
:103340004FEA821A34680E940E9CE407FAD54A4C70
:10335000484EC4F800904AEA824A4AF0104A4AF4B9
:10336000405A4FEA824934680F940F9CE407FAD51B
:10337000414E404CC6F800A026681096109EF607F5
:10338000FAD53D4EDFF8F8A03A4CC6F800A0266802
:103390001196119EF607FAD5374EDFF8E8A0354CA6
:1033A000C6F800A026681296129EF607FAD5324E8D
:1033B000DFF8D4A02F4CC6F800A04EF0104E4EF40B
:1033C000402E26681396139EF607FAD52A4E2B4CEC
:1033D000C6F800E044EA804E303680043468149425
:1033E000149CE407FAD547EA8347DFF88CA0214C08
:1033F000CAF800E04BEA070646F0484646F00306E6
:103400004FEA834A23681593159BDB07FAD5DFF84B
:1034100068E0184CCEF80060029B43F0045646F476
:10342000801623681693169BDB07FAD5124CDFF83B
:1034300044E02660DEF800301793179BDC07F9D5CF
:103440000D4CDFF830E0266040F0045040F482403C
:10345000DEF800301893189BDB07F9D5009B054C6C
:103460004AEA01011943044B41F04841186041F414
:1034700080410BE0B0B0025080B00250004100909B
:1034800000310C90C0400C90C03020292368199363
:10349000199BDE07FAD5194B1948196003681A936E
:1034A0001A9BDC07FAD5154B1549C3F8008049EA89
:1034B00002322A4342F010420B681B931B9BD80731
:1034C000FAD50E4B0E491A602F4347F010470B6890
:1034D0001C931C9BDA07FAD5084B094A1F604CF075
:1034E000104141F4301113681D931D9BDB07FAD581
:1034F000024B19601FB0BDE8F08F00BF80B00250D2
:10350000B0B002502DE9F04F99B0DFF870C2269CA0
:10351000239D270347EA844949F0104646F0800678
:1035200099464FEA844EDCF800300193019BDC079A
:10353000F9D5914B914C1E604FEA894949EA8019AF
:1035400049F0104646F400564FEA801A2368029369
:10355000029BDB07FAD5884B884C1E604AEA003C88
:103560004CF0245646F4001623680393039BDB07B4
:10357000FAD5814B814C1E604EF0104646F402563F
:1035800023680493049BDB07FAD5229B7B4C4FEA0C
:10359000834E4EEA811E784B4EF0104E1E604EF464
:1035A000005E8E0123680593059BDB07FAD5724BFD
:1035B000724CC3F800E046EA013949F0245B4BF451
:1035C000001B23680693069BDB07FAD54FEA053EEE
:1035D000694B6A4CC3F800B04EEA854E4EF0104E6F
:1035E0004EF0800E4FEA854823680793079BDD075E
:1035F000FAD5249B604C40EA834545F048455F4B33
:10360000C4F800E045F403551C680894089CE407DE
:10361000FAD5594B594C1D6048F0104545F40255F8
:1036200023680993099BDB07FAD5259BDFF848E15E
:10363000524CCEF8005041EA834343F0484545F4EC
:10364000025523680A930A9BDB07FAD547EA8217DB
:10365000494B4A4C1D6047EA080848F0104795015D
:1036600023680B930B9BDB07FAD5434B434C1F603E
:1036700045EA824242F0104242F4405223680C93E1
:103680000C9BDD07FAD53C4B3C4C1A6023680D932C
:103690000D9BDA07FAD5384B394C384A1C60136851
:1036A0000E930E9BDB07FAD5334B364C334A1C6026
:1036B00013680F930F9BDF07FAD52F4B324C1C601A
:1036C0002E4A49F0104444F4402413681093109B90
:1036D000DD07FAD5284B2D4D284A1C6045EA804568
:1036E000800413681193119BDC07FAD5224B284CF8
:1036F000224A1D604AEA040413681293129BDB07F6
:10370000FAD51D4B1D4A1C604CF0045444F480143F
:1037100013681393139BDF07FAD5174B174A1C60E6
:1037200013681493149BDD07FAD5134B134A1C60DE
:1037300040F0045040F4824013681593159BDC0759
:10374000FAD50D4B0D4A18600E4346F0484646F434
:10375000042613681693169BD907FAD5064B074A19
:103760001E6013681793179BDB07FAD5024BC3F84B
:1037700000B019B0BDE8F08F80B00250B0B0025078
:1037800000310C90C0400C90C030202900410090C6
:10379000032008C82DE9F043974AABB0136809939A
:1037A000099BDF07FAD5954B9549934A1960136831
:1037B0000A930A9BDE07FAD5904B92498E4A19600C
:1037C00013680B930B9BDD07FAD58C4B8E498A4A05
:1037D000196013680C930C9BDC07FAD5874B8B4957
:1037E000854A196013680D930D9BD807FAD5834B52
:1037F0008749814A196013680E930E9BD907FAD541
:103800007E4B844A1A601B2000F030FD04461820CD
:1038100000F02CFD8442784A09D913680F930F9E5B
:1038200016F00106F9D0754B7B4A1A6009E013685F
:103830001093109BDB07FAD5704B784A1A60044648
:1038400000266D4A13681193119BDF07FAD56B4B65
:103850007349694A196013681293129BDD07FAD500
:10386000664B704A1A601C201D2118220B238DE81C
:103870000F000F230E220D210C20FFF747FB013410
:103880000C200D210E220F238DE80F0024F00104DF
:103890001323122211211020FFF738FB0125A11E4E
:1038A00008AB07AA1B20089500F02CFD022800F0A9
:1038B0006A81032800F04081012800F0168100276A
:1038C0004D4A13681F931F9BDB07FAD54B4B564994
:1038D000494A196013682093209BDD07FAD5474BAE
:1038E0005249454A196013682193219BD807FAD59C
:1038F000424B4F4A1A60043C39D44FF01709162541
:103900004FF01A0815211420CDE900011A231622C0
:10391000CDE90259FFF7FAFA142003468DE8220197
:10392000162201F07BFB08AB07AA21461B2000F002
:10393000E9FC00EB87000430072816D8DFE800F028
:10394000A1A8A59D99958404122711221023152161
:103950001420CDE904270393CDE900010295172334
:103960001622FFF725FC4FF0FF37023CCAD519207D
:103970001C21162215231824CDE90121CDE90304C9
:1039800000930E2214230D210C20FFF7BBFD1A4AD1
:10399000002F40F0818013682693269BDC07FAD520
:1039A000164B2449144A196013682793279BD8079C
:1039B000FAD51248204B2149214C0F4A0460002EB1
:1039C00014BF1E460E4613682893289BD907FAD5C4
:1039D0000A4B094A1E6013682993299BDB07FAD515
:1039E000064B184A1A6018231D221C21012001F0E1
:1039F00029FC2BB0BDE8F083B0B0025080B002507B
:103A00000002002100822021408220218082242186
:103A100040066E4900966929C0066649C00662499B
:103A2000000662410016624940D62129C0D32029F0
:103A3000C0142129C05521294007564940075E4935
:103A40000007524900065A490E270D220C23152162
:103A50001420CDE904270393CDE900010295172333
:103A60001622FFF7A5FB00277FE718271D221C233E
:103A7000EDE718271D221C2369E7182719221C23AC
:103A8000E5E7122713221023E1E70E270F22DDE7D7
:103A90000E270F220C235AE713682293229BD90783
:103AA000FAD54C4B4C494D4A196013682393239B1C
:103AB000DB07FAD547484A4B4A494B4C474A046012
:103AC000002E14BF1E460E4613682493249BDF0766
:103AD000FAD5404B414A1E6013682593259BDD07AC
:103AE000FAD53C4B414A1A607DE73C4A1368139370
:103AF000139BD807FAD5374B3D49384A19601368EC
:103B00001493149BD907FAD5324B3A49334A1960BA
:103B100013681593159BDB07FAD52E4B36492F4AB0
:103B2000196013681693169BDF07FAD5294B334AA1
:103B30001A604FF0FF37C3E6284A13681B931B9B9C
:103B4000DF07FAD5234B2E49244A196013681C93CA
:103B50001C9BDD07FAD51F4B2A49204A19601368C0
:103B60001D931D9BD807FAD51A4B27491B4A19608C
:103B700013681E931E9BD907FAD5164B234A1A6069
:103B80004FF0FF379CE6154A13681793179BDD0724
:103B9000FAD5104B1649114A196013681893189BEF
:103BA000D807FAD50B4B13490C4A196013681993BF
:103BB000199BD907FAD5074B0F49084A19601368B2
:103BC0001A931A9BDB07FAD5024B0C4A1A6000279E
:103BD00076E600BF80B00250C0D32029B0B00250BA
:103BE0004007364940073E490007324900063A4936
:103BF000000532494005364980053A49C0053E492D
:103C0000000542494005464980054A49C0054E49DC
:103C10002DE9F04F0D4687B0044611462846009224
:103C20009846FEF71BFAD4F8BC32009904F1D80A82
:103C30001F3306465B0952462846FEF757F9002E09
:103C400070D001286ED0D4E9AEB0394B584593F905
:103C50001A2093F91CC000924FF0200793F91B2003
:103C600093F91D30059738BF584605A90192CDF844
:103C700008C0039300F002FC074618B1384607B0AD
:103C8000BDE8F08F2B490BF11F094FEA59194B463C
:103C9000C1F800B02246012100F030FD01210846A4
:103CA00004F5DC72052300F029FD4B4604F14802BF
:103CB00001210B2000F022FDD4F8BC329DF8084011
:103CC0009DF800001F3352465B099DF80CA00121AE
:103CD00000F014FD42464B462046012100F00EFD47
:103CE000109A4B465046012100F008FD06F11F03D3
:103CF0005B099DF804002A46012100F0FFFCFFF754
:103D000049FD11982246494600F0CCFC12985246D3
:103D1000494600F0C7FC059800F09AFC384607B009
:103D2000BDE8F08F044F384607B0BDE8F08F00BF04
:103D3000F00C070090B002503008F10038B5224B6B
:103D4000224A0121054619601368002BFCD1204A44
:103D50001368002BFCD11F4A1368002BFCD11E4AAC
:103D60001368002BFCD11D4B1C68002CFCD14FF0BC
:103D7000FF30FEF793FE2B6A23F00403032B184B4E
:103D800018680CBF20F0400020F08000FEF78CFE89
:103D9000144B00221A602B6A23F00402032A18BF76
:103DA0006C6A114A4FEA830318BF04F0010403F060
:103DB0001C031C4314602B6A072B02D10B4B0122FE
:103DC0001A60002038BD00BF00B9025070B4025024
:103DD00020BD025020BC025038BD025038BC0250F9
:103DE00004BA0250BCB40250C0B402507CB40250B9
:103DF000002800F0BF80F8B51D46436B0E461746FD
:103E00000446002B35D0012B02D1B5F5803F33D2CB
:103E100065484FF0FF31FEF711FE002857D1002012
:103E2000FEF75CFE00284ED1604B01221A60236A27
:103E3000032B28DC002B28DA5D4A1368002BFCD109
:103E40005A4A1360236A23F00403032B594B186862
:103E50000CBF40F0400040F08000FEF725FE01203E
:103E6000FEF73CFE002836D14F48FEF701FE28B988
:103E7000F8BDB5F5805FCBD34F48F8BD4F48FEF78E
:103E80008BFD0020F8BD072BD6D1636A012BD3D858
:103E9000636B012BD0D8A36B012BCDD82046FFF745
:103EA0004DFF0028C8D1A36A012B6CD033F0020269
:103EB00063D0236A5A1E062A1BD8DFE802F0104B93
:103EC000101A1A1A10003E48FEF766FDACE73D488E
:103ED000FEF762FDA3E73C48FEF75EFDC4E73B4BFF
:103EE00022681A6062685A60A2689A60E268DA60C2
:103EF000236A23F00403032B31D0A36B012B4CD096
:103F0000334A344B176020201D60636B012B2CD08B
:103F1000314A324B16601D60FEF7CCFD244A13680F
:103F2000002BFCD1236A013B062B10D8DFE803F0FD
:103F30000414040F0F0F0400244A294B1268226056
:103F40001A6862605A68A26008331B68E360012344
:103F5000236371E7234BC3E7224A234BEEE7636BEE
:103F6000012B01D01020D3E74020204A204B1660BF
:103F70001D60D1E74FF4710070471E491E4A0B6067
:103F80000123136095E71D4B22691A6062695A602C
:103F9000A2699A60E269DA608BE7194A194B1760E7
:103FA00080201D60B1E700BF2866012010B80250D4
:103FB00010B9025004BA02500500F100D40A0700FB
:103FC000EC0A0700BC0A07000C0B070040B40250C3
:103FD00030BD025034BD025030BC025034BC0250DF
:103FE00044B4025060B4025064B4025028BC025081
:103FF0002CBC025038BA025078B4025000B40250BF
:1040000028BD02502CBD02502DE9F041002800F0DF
:1040100081801D46036A072B0F46044616D055B90A
:10402000032B0FD1036B6BB9C0E90F55C0E91155D4
:1040300000F13C0710252B4639462046BDE8F041EB
:10404000FFF7D6BE2E463046BDE8F081436B002B0D
:1040500037D1B5F5805F39D215B9236B002B35D137
:1040600067484FF0FF31FEF7E9FC002840F09780E9
:104070000020FEF733FD002840F09980614B0122BB
:104080001A60236A032B23DC002B23DA5E4E5F4A7F
:104090001368002BFCD15B495D4A0B60106840F04F
:1040A0004000FEF701FD0120FEF718FD00287AD13F
:1040B0005348FEF7DDFC0028C5D05648FEF76CFCDF
:1040C000C1E7012BC8D1B5F5803FC5D3524EBAE741
:1040D000072BDBD1636A012B78D8636B012B57D890
:1040E000A36B012B00F284802046FFF727FE0646D3
:1040F0000028CCD1A36A012B6AD033F0020271D020
:10410000236A013B062B13D8DFE803F009440912A8
:10411000121209004FF471063046BDE8F0813F4BA2
:1041200022681A6062685A60A2689A60E268DA607F
:104130003B493C4A01230B601560002D3BD1226BAB
:104140000AB9394A1360314B1E68002EFCD1236A2C
:10415000013B062B9BD801A252F823F079410600BF
:1041600099410600794106008F4006008F40060005
:104170008F40060079410600284A2C4B12682260C5
:104180001A6862605A68A26008331B68E3607EE7C1
:10419000274E7CE7274BC3E7264A274BEEE7274805
:1041A000FEF7FAFB64E72648FEF7F6FB80E72548B2
:1041B000FEF7F2FB62E7636B012B1BD0224A234B15
:1041C000176010201D60FEF775FCBCE7204E5EE70F
:1041D000204B22691A6062695A60A2699A60E2699A
:1041E000DA608DE71C491D4A0B600123136087E7E5
:1041F0001B4E4CE71B4A1C4B176040201D60E2E73A
:104200002866012010B802500100F10010B90250D8
:1042100004BA0250D40A07000500F10040B402506D
:104220007CB40250BCB4025024B5025044B40250D5
:104230000300F10060B4025064B40250BC0A0700ED
:104240000C0B0700EC0A070030BC025034BC0250D3
:104250000200F10000B4025038BA025078B40250A3
:104260000400F10028BC02502CBC025030B4214A9A
:1042700084B013680093009BDC07FAD500F1A053CB
:1042800003F52C439B001B4A186813680193019B9C
:10429000D907FAD5184B1A6812F11F0348BF02F16B
:1042A0003E035B11591E0FD4124A144D144C13686F
:1042B0000393039BDB07FAD50B182B60236802934B
:1042C000029B2BB90139F2D2580104B030BC7047BF
:1042D00001314801A0F120014FF0004202E0013815
:1042E0008142F2D013424FEA5202F8D004B030BCFF
:1042F000704700BFB4B00250ACB00250E4B00250FE
:10430000DCB0025070B41C6885B001F01F0644B9DF
:104310001E2E06D01068F04000F0030005B070BCFF
:1043200070470F4D2C680194019CE407FAD500F109
:10433000A05404F52C44A400094D20682C68039473
:10434000039CE407FAD5074C00EB61110648216095
:10435000016802910299116000211960DAE700BF3B
:10436000B4B00250E4B00250DCB00250A0F120031F
:10437000B3F5426F61D8F0B48F2882B053D900F101
:104380001F035B095B013F339B09013311B18B4272
:1043900055D80B46DC004FF48051B1FBF4F12029D5
:1043A00028BF202102B11160264C274D0126002292
:1043B00026600239144603FA06F640F6FC778C4272
:1043C00004F10104B6BF2A602F6092191E2C05F17A
:1043D0000405F4D11D4C1E4D226032442A6000F1C8
:1043E0003F011C4A1C4DDFF890C0E56021F03F0101
:1043F00010604031194F1A4E1A4D1B48CCF800106E
:104400009B011A493B6033602B60E3620360D36118
:104410000A680192019AD207FAD5154A0020136062
:1044200002B0F0BC704700F1470400F16603E406F7
:104430004FEA5313A6D00133A4E70E4870470D4846
:10444000EEE700BF1CB8025000B0025078B0025036
:104450007CB0025090B0025020F80F0098B002508B
:104460009CB00250A0B00250A8B00250B4B00250AC
:10447000ACB002502221F00094B0025038B504468E
:104480000D4619484FF0FF31FEF7D8FA60B9002009
:10449000FEF724FB80B920462A460021FFF766FF7D
:1044A0000446A0B9204638BD1048FEF775FA002032
:1044B000FEF714FB0028EED00D48FEF76DFA2046FB
:1044C0002A460021FFF752FF04460028EAD00120C7
:1044D000FEF704FB20B90448FEF7CAFA204638BDAF
:1044E0000448FEF759FAF6E71C660120BC0A0700EB
:1044F000EC0A07000C0B07002DE9F0434E4C89B085
:1045000023680193019BDD07FAD54C4B13449B00B4
:104510000A181D681E2A05F11F0588BF1E224FEAD2
:10452000551502FB05F288BFC0F11E01B2F5806F80
:1045300004D94FF48061B1FBF5F1091A002976DD49
:1045400000F1A05000F52C4005F1010E4FF0000CD9
:10455000394ADFF8F4803A4C87002EF001066046B5
:1045600013680293029BDB07FAD5D7F80090136813
:104570000393039BDB07FAD5C8F80090002355B1DD
:1045800001339D422060FBD1AE4204D92B4601335A
:104590009E422060FBD10CF1010C614507F104073C
:1045A000DED1254A13680493049BDC07FAD5254B1A
:1045B000214A196813680593059BD807FAD5224B41
:1045C00019607DB100231E491A4601339D420A60DD
:1045D000FBD1AE4206D91A492B46002201339E4236
:1045E0000A60FBD1144A13680693069BD907FAD5D3
:1045F000164B114A196813680793079BDB07FAD516
:10460000114B196035B100230D491A4601339D4203
:104610000A60FBD1AE4207D9094A002301E00EF13E
:10462000010E76451360FAD109B0BDE8F08305F1BB
:10463000010E2EF00106B4E7B4B0025024AC001411
:10464000D8B002507CB00250D4B0025078B00250C2
:1046500008B558B90F4B00221A600120FEF73EFA48
:1046600098B90D48FEF704FA50B908BD2028014654
:104670004FF0070228BF20210020FFF73DFFE9E7A8
:10468000BDE808400548FEF787B90548FEF784F9FC
:10469000E7E700BF1CB802501C660120D40A0700DF
:1046A0000C0B070010B4124C85B023680193019BDA
:1046B000DB07FAD502F1A05202F52C4293000C4A16
:1046C0001C6813680393039BDB07FAD5094B1C6036
:1046D00051B10438084A00EB810113680293029B30
:1046E00040F8043F8842F8D105B05DF8044B7047AC
:1046F000B4B00250E4B00250DCB0025070B42F4DA0
:1047000085B02C680094009CE407FAD500F1A05015
:1047100000F52C408000294C056820680190019824
:10472000C607FAD52648012605609BB1043A254EF6
:1047300002EB830452F8040F3060A242FAD15E1CEF
:1047400026F00102934205D21E4C00200133934211
:104750002060FBD1194A26F0010013680293029BE6
:10476000DC07FAD5184B0B449B001B681F33B0EBDA
:10477000531F4FEA53121DD210490B680393039B3A
:10478000DB07FAD50E4B0544121A1D6012D0002328
:104790000C481946013393420160FBD15A1C22F0A8
:1047A0000101994206D90748002300E001328A42FC
:1047B0000360FBD105B070BC704700BFB4B00250BD
:1047C000D4B00250D8B0025024AC0014F8B5069E04
:1047D000002E33D001292FD8012B31D81C4C07468D
:1047E00000251C4825600468002CFCD11A4D2C685B
:1047F000002CFCD1194D2C68002CFCD1184D2C68D4
:10480000002CFCD1174D2C68002CFCD1012B19D0A9
:104810001548164B026020201E6001290BBF144B67
:10482000144B154A154A17601E60FEF743F9144BE6
:1048300018680028FCD1F8BD1248F8BD1248F8BD30
:104840001248F8BD1248134B026080201E60E4E756
:1048500000B9025070B4025020BD025020BC02507A
:1048600038BD025038BC025030BD025034BD025039
:104870002CBC025034BC025028BC025030BC025048
:1048800010B902500200F4000100F4000300F4002B
:1048900028BD02502CBD02502DE9F043644A93B06C
:1048A00013680093009BD907FAD5624B6249634AAB
:1048B000196013680193019BDB07FAD5604B1B68F5
:1048C000DF0400F1AF805A4A13680293029BDE07AF
:1048D000FAD5584B5B49594A196013680393039BF7
:1048E000DD07FAD5564B1B68DC0400F18580534B7D
:1048F000554E4F494F4FDFF86CC14FF00109DFF8BB
:1049000068E1524D00241A680492049AD007FAD53F
:1049100030681A680692069AD207FAD5CEF80000D7
:104920002A680592059A12B95DE052080134D00751
:10493000FBD514F01F0568D11D680995099DE8078E
:10494000FAD5434DD5F800801D680B950B9DED07FA
:10495000FAD5DFF814E13D4DCEF800802D680A95B8
:10496000E0070A9D05D505F00704032C4AD0052C65
:1049700048D002F00302032A05D105F00305032DF8
:1049800008BFC9F100090A680C920C9AD407FAD53D
:10499000304A3A600A680D920D9AD007FAD52E4A2D
:1049A0003A600A680E920E9AD207FAD52B4A3A60FC
:1049B0000A680F920F9AD507FAD5294A3A600A6811
:1049C0001092109AD407FAD51B4A3A601A681192CD
:1049D000119AD007FAD51A4A1268D2048FD54846E0
:1049E00013B0BDE8F0830A680792079AD207FAD598
:1049F000C7F800C0203486E74FF00109484613B0DD
:104A0000BDE8F083C9F10009B3E7DFF860E0013DDC
:104A10004EEA053E0D680895089DED07FAD5C7F8E2
:104A200000E089E74FF00009484613B0BDE8F08385
:104A3000B0B0025080B0025000082A51B4B0025009
:104A400088B0025000182A5128B00250DCB0025041
:104A50002CB0025000032A4980022E49C0C228A16E
:104A6000C002324980F22961E4B00250800228611C
:104A70002DE9F047894ABAB013680093009BD80724
:104A8000FAD5874B8749884A196013680193019BBF
:104A9000D907FAD5854B1B68DB0400F19181824A66
:104AA00013680393039BDE07FAD5814B7E4A19688E
:104AB00013680593059BDD07FAD57E4A7E4B11608E
:104AC0001B680493049F07F00303032B00F0748218
:104AD00007F00703052B714A00F02781136819932B
:104AE000199BDC07FAD56E4B74496C4A1960136840
:104AF0001A931A9BD807FAD5694B714A1A60FFF7C7
:104B0000CBFE013000F01D82644A13681B931B9B8F
:104B1000D907FAD562486B4B0360013F40F07182C0
:104B20005E49DFF8D0C1604B674E624D624CB846BB
:104B30000A681C921C9AD207FAD5C0F800C008F186
:104B400020081A681D921D9AD707FAD537681A6887
:104B50001F921F9AD207FAD52F6022681E921E9FBD
:104B6000002FE5D017F0010311D17F08FE07194689
:104B700003F10103F9D5494802682092209AD5072C
:104B8000FAD5524A464842EA013198440160434A04
:104B900013682193219BDC07FAD5414B4C493F4ACE
:104BA000196013682293229BD807FAD53C4B494AD7
:104BB0003A4CDFF84491484E414D1A609A462368BA
:104BC0002393239BD907FAD5CAF80090236824932E
:104BD000249BDA07FAD5CAF8006023682593259B41
:104BE000DB07FAD5CAF80050FFF756FE0130E6D1D0
:104BF0002A4A13682693269BDC07FAD5284B3749A7
:104C0000264A196013682793279BD807FAD5244BA7
:104C10003349224A196013682893289BD907FAD58B
:104C20001F4B2A491D4A196013682993299BDB07EA
:104C3000FAD51B4B2B49194A196013682A932A9BF2
:104C4000DE07FAD5164B2849144A196013682B93CE
:104C50002B9BDD07FAD51248244A104BDFF89C90B5
:104C6000DFF89CE0224EDFF89CC002601A682C92AC
:104C70002C9AD407FAD5C0F800901A682D922D9A74
:104C8000D107FAD50849094DC0F800E000241A6898
:104C90002E922E9AD207FAD5066035E0B0B00250B7
:104CA00080B0025000081251B4B0025088B00250D7
:104CB00000B00250E4B00250DCB002508002124951
:104CC000C0020249C01002290CB00250C0000C61A1
:104CD000C0011E41C0111E4980021E49C0311C98EE
:104CE000C0100E21C030109840021249809184A853
:104CF00000182651C0F00D61C0111E2140320C88F1
:104D000040622488409224880A682F922F9AD20702
:104D1000FAD52A68D20460D401341A683092309AE5
:104D2000D207FAD5C0F800C0B1E713680993099B10
:104D3000DB07FAD5854B8649864A196013680A93C2
:104D40000A9BDF07FAD5814B8349824A19601368B1
:104D50000B930B9BDE07FAD57C4B80497D4A19608B
:104D600013680C930C9BDD07FAD5784B7C497D4A80
:104D7000196013680D930D9BDC07FAD57A4B754AC1
:104D80001B68D80440F1928013680E930E9BD907DC
:104D9000FAD56E4B75496F4A196013680F930F9BD4
:104DA000DB07FAD5694B72496A4A19601368109398
:104DB000109BDF07FAD5654B6E4A1A60002054E05D
:104DC000644A13680293029BDF07FAD55F4B6A4A75
:104DD0001A6001203AB0BDE8F087002C3FD0A8EB64
:104DE0000404012C33D0621E02F01F01002A4FF090
:104DF0000107B8BF04F11E028F4051111A683292A8
:104E0000329AD207FAD55D4A564C02602268339234
:104E1000339AD507FAD55A4A524C1568226834920B
:104E2000349AD207FAD5574C574A29442160176063
:104E30001A683592359AD207FAD5544A02601A6830
:104E40003692369AD507FAD5514A02600EE71A68AB
:104E50003192319AD107FAD54E4A026006E707F03F
:104E60000303032B40F0C58001203A4A13683793AF
:104E7000379BDC07FAD5354B4749364A196013682A
:104E80003893389BD907FAD5304B4449354A1960D5
:104E900013683993399BDB07FAD5334B1B6813F43E
:104EA000805F18BF01203AB0BDE8F0871368119306
:104EB000119BDE07FAD5254B39492A4A1960136838
:104EC0001293129BDD07FAD5274B1B68DC04C3F352
:104ED0000030CAD51F4B1A681392139AD107FAD51E
:104EE0001A4B304A1B491A600B681493149BDA075B
:104EF000FAD5164B1E4A17491A600B681593159B75
:104F0000DB07FAD5114B284A12491A600B68169331
:104F1000169BDF07FAD50D4B244A0E491A600B6821
:104F20001793179BDE07FAD5084B214A09491A60E7
:104F30000B681893189BDD07FAD5044B1D4A1A60BD
:104F40003CE700203AB0BDE8F08700BF80B00250D7
:104F500040120229B0B00250C01124618071109833
:104F600000181A51B4B0025088B0025080310221AA
:104F700080211861C0601098C0000E4100022241DB
:104F800020B00250D4B00250D8B0025040821C98D9
:104F9000C0900C88C0700C8880310C880048185173
:104FA000009818518051022940121071C061249854
:104FB00040021071C0901C88343A13680693069B17
:104FC000DC07FAD5104B1149114A19601368079391
:104FD000079BD807FAD50C4B0E490D4A1960136888
:104FE0000893089BD907FAD5074B0B4A1A60002093
:104FF0003BE707F00707052F4FF001003FF435AFFF
:10500000E8E64FF00008ADE580B00250C010022184
:10501000B0B0025080110C61C0601098F0B595B02E
:105020007D4C1A9E370347EA864747F0045545F002
:10503000800526680096009EF607FAD51B9C764EE2
:10504000920142EA0434754A44F01044156044F475
:10505000002432680192019AD507FAD56F4A6E4E44
:10506000146047EA811747F010478A0134680294B8
:10507000029CE407FAD54FEA033C4CEA834C674BA9
:10508000654C1F604CF0045646F08006236803937D
:10509000039BDF07FAD5614B5F4C1E6023680493C6
:1050A000049BDD07FAD55D4B5D4F5E4C5A4E1C608C
:1050B00047EA81478C0433680593059BDB07FAD5E3
:1050C000564B554E1F604CF0104C4CF4807C3368AE
:1050D0000693069BDD07FAD5504E534D4E4FC6F84A
:1050E00000C045EA801586013B680793079BDB07F4
:1050F000FAD54A4F4D4BDFF820C13D6043EA003EF0
:105100000703DCF800300893089BDD07F9D5434D11
:10511000DFF828C1C5F800E01C9B30354CEA834E0F
:105120002B680993099BDB07FAD53C4B3A4DC3F832
:1051300000E02B680A930A9BDB07FAD5374B3C4DFE
:10514000DFF8FCC01D60344D46EA0C0C2B680B9355
:105150000B9BDB07FAD5314B2F4DC3F800C03E4304
:1051600046F0045646F400262B680C930C9BDF0790
:10517000FAD52A4D2F4B2E6043EA804030352B68FC
:105180000D930D9BDE07FAD5244B234D18602B6839
:105190000E930E9BDB07FAD5204B274D1E481D6052
:1051A000144344EA013444F004550E0303680F939A
:1051B0000F9BDF07FAD5194B17481D6044F01044C8
:1051C00003681093109BDB07FAD5144B12481C6040
:1051D00003681193119BDF07FAD5104B0E481D6031
:1051E000164346F0245646F4101603681293129B99
:1051F000DC07FAD5094B08481E600A4342F04842D2
:1052000042F4A21203681393139BDB07FAD5034BF6
:105210001A6015B0F0BD00BFB0B0025080B00250AF
:1052200080200090802008210040102100011021E2
:1052300080202029802000214021282900410021B0
:10524000024010C830B42D4C88B0206800900098FF
:10525000C507FAD52A4C2B482B4D2560303440EA3F
:10526000834523680193019BD807FAD5900140EA52
:105270008240234B214A1D6040F0104444F4C04456
:1052800013680293029BDB07FAD51D4B1B4A1C6077
:1052900013680393039BDD07FAD58B0143EA814131
:1052A000174B1A4D1D60154A41F0104545F4C04595
:1052B00013680493049BDB07FAD5114B0F4A1D605A
:1052C00013680593059BDD07FAD50D4B0B4A1C604F
:1052D00041F0584113680693069BDC07FAD5084B4A
:1052E000064A196040F0584013680793079BDB0794
:1052F000FAD5034B186008B030BC7047B0B002500C
:1053000080B0025080710098C021022980611890FD
:105310002DE9F04385B000284CD00E4600294ED030
:105320001546002A4DD0002B3FD0D0F8BC22039365
:1053300005F14C0700F5B6731F3201F1040905F1C0
:105340000408CDE9018700935209494600F592739C
:105350000446FEF75DFC0746A8B94FF437722146B4
:1053600006F15000FDF744FB174B336021464FF424
:10537000377205F19400FDF73BFB144B2B60384668
:1053800005B0BDE8F08300244846346021462C6017
:105390004C22FDF731FB404621469022FDF72CFBC5
:1053A0000B4F384605B0BDE8F0830A4F384605B0CC
:1053B000BDE8F083084F384605B0BDE8F083074FDD
:1053C000DDE7074FDBE700BF020000EC010000EC67
:1053D0003008F0000508F0000208F0000308F000B3
:1053E0000408F00000487047400D0700004870476F
:1053F0001C10070000487047F8120700004870476B
:10540000D415070000487047B018070000487047DF
:105410008C1B070000487047681E07000048704753
:1054200044210700004870472024070000487047C7
:10543000FC26070000487047D82907000B460146A4
:10544000184602F0EDBE000051EC100BF8B5C1F3A8
:105450000A53A3F2FF35132D10EE106A0C4632DC0E
:10546000002D1EDB364F2F4101EA070303432FD0E7
:1054700031A3D3E9002301F0DFFE0022002302F074
:1054800021FB48B1002C04DD4FF4801343FA05F5ED
:105490002C4424EA070400262346324643EC102B12
:1054A000F8BD25A3D3E9002301F0C6FE00220023A6
:1054B00002F008FB0028EFD0002C39DB264333D064
:1054C000204C0026E8E7332D05DDB5F5806F23D0AD
:1054D00041EC100BF8BDA3F213434FF0FF37DF4050
:1054E0000742F5D014A3D3E9002301F0A5FE002262
:1054F000002302F0E7FA0028CED0002C09DD142D9D
:1055000014D00123C5F1340503FA05F5AE1928BFFF
:10551000E41826EA0706BFE710EE102A0B4601F052
:105520008BFE41EC100BF8BD3446B5E70134F0E7D3
:1055300000264FF00044AFE79C7500883CE4377EBE
:10554000FFFF0F000000F03F00B551EC100B264AA2
:1055500021F00043934285B01EDD244A934209DDC9
:1055600010EE102A0B4601F065FE41EC100B05B061
:105570005DF804FB684600F05BFA00F003000128C8
:1055800011D0022825D0E8B19DED021B9DED000B46
:10559000012001F0B1FAEAE79FED111B00F044FD94
:1055A00005B05DF804FB9DED021B9DED000B01F0C5
:1055B000A3FA53EC102B03F1004300EE903A05B030
:1055C0005DF804FB9DED021B9DED000B00F02CFD32
:1055D000CDE79DED021B9DED000B00F025FDE8E7FA
:1055E0000000000000000000FB21E93FFFFFEF7F0B
:1055F00051EC100B0A1EC2F30A5370B5C2F313022A
:10560000A3F2FF3542F48014B4BF4FF0FF32012201
:10561000132D15DC002D32DB4FF400232B412344E6
:10562000C5F1140023FA00F0002102FB01F1D517A7
:1056300000FB0511A2FB00230B441046194670BD68
:105640003E2D23D8332D28DCA3F213434FF0004125
:10565000D9400E1828BF0134A3F12001C3F1200066
:1056600024FA00F004FA01F1142D41EA000104FAD1
:1056700003F0C5F13403D8D0DE403043D5E701351F
:105680001CD0002200231046194670BD02F00CFC0D
:1056900002460B461046194670BDA3F21345A3F20D
:1056A0003341C5F120060B4624FA06F604FA05F547
:1056B00004FA01F1984031432843B6E7D317BCE719
:1056C00000B551EC100B284A21F00043934285B0FD
:1056D00025DD264A934209DD10EE102A0B4601F023
:1056E000A9FD41EC100B05B05DF804FB684600F025
:1056F0009FF900F00300012819D0022826D0E8B154
:105700009DED021B9DED000B00F08EFC53EC102B69
:1057100003F1004300EE903A05B05DF804FB9FED05
:10572000101B002001F0E8F905B05DF804FB9DEDC9
:10573000021B9DED000B00F077FCD4E79DED021BF2
:105740009DED000B012001F0D7F9CCE79DED021B88
:105750009DED000B012001F0CFF9D7E7AFF30080FA
:105760000000000000000000FB21E93FFFFFEF7F89
:1057700000F05EB82DE9F0432DED028B8BB055ECB7
:10578000104B00F08BFB284BB0EE408AF0EE608AA5
:1057900093F900707B1C12D022462B4620462946E6
:1057A00002F09AF9064650B94FF000084FF0000990
:1057B0002046294642464B4602F066F940B9B0EE13
:1057C000480AF0EE680A0BB0BDEC028BBDE8F0832E
:1057D000164B08960122CDE90445CDE90245009219
:1057E000019397B142464B464046494602F004F8C1
:1057F000022FCDE906010AD102F020FD212303602A
:10580000089B63B99DED068BD9E7CDE9068968460B
:1058100001F076FC0028EFD0089B002BF2D002F0BC
:105820000DFD089B0360EDE728630020B42C070002
:1058300051EC110B2DE9F0474342794E034321F01F
:10584000004C4CEAD373B34255EC104B82B047D8AE
:105850006342234325F0004A4AEAD373B34210EE71
:1058600010EAA9463CD801F1404303F580130343F5
:105870004CD04FEAA17808F002085AEA040348EA3B
:10588000D57838D05CEA000348D0B4455DD0B24545
:1058900044D0AAEB0C0CBCF1747F4FEA2C534FDAC6
:1058A000002961DA3C335FDA9FED4F7B8DED007BA1
:1058B000B8F1010F78D0B8F1020F64D0B8F1000F41
:1058C00014D04BA3D3E90023DDE9000101F0B2FCC1
:1058D00049A3D3E9002301F0ADFCCDE9000105E0C7
:1058E00022462B4601F0A8FCCDE900019DED000BFE
:1058F00002B0BDE8F087B8F1020F17D0B8F1030F7E
:1059000009D19FED3F7B8DED007BEFE702B0BDE855
:10591000F04701F0B1B98DED000BE7E7B9F1000FE9
:1059200009DB9FED397B8DED007BDFE79FED327B5F
:105930008DED007BDAE79FED367B8DED007BD5E7C3
:105940009FED317B8DED007BB2E7E24508F1FF383A
:1059500032D0B8F1020F3AD8324B03EBC80898EDB9
:10596000007B8DED007BC1E702460B4620462946B1
:1059700001F042FF41EC100B01F032FB01F07CF929
:105980008DED000B94E71AA3D3E90023DDE90001B4
:1059900001F050FC02460B4617A1D1E9000101F0CD
:1059A00049FCCDE90001A1E7DDE90023019901F1FE
:1059B0000043CDE9002399E7B8F1020F0CD81A4B48
:1059C00003EBC80898ED007B8DED007B8EE79FED23
:1059D000067B8DED007B89E79FED0F7B8DED007BD6
:1059E00084E700BFAFF3008000000000000000006B
:1059F000075C143326A6A13C182D4454FB21094012
:105A0000182D4454FB2109C0182D4454FB21F93FA3
:105A1000182D4454FB21F9BF182D4454FB21E93FB4
:105A20000000F07FD82C0700C02C07000000000009
:105A30002DE9F04F53EC102B2DED048B924923F000
:105A400000458D4289B0044640F38F808F498D42D6
:105A50009B462DDCBBF1000F194610EE100A80A307
:105A6000D3E9002340F3C78101F0E4FB884B9D425A
:105A700006460F4600F091807BA3D3E9002301F096
:105A8000D9FB02460B46C4E900233046394601F0F3
:105A9000D1FB75A3D3E9002301F0CCFBC4E90201DB
:105AA0004FF0010A504609B0BDEC048BBDE8F08F01
:105AB00078498D4240F3948077498D4210EE100A68
:105AC00061DC4FEA255AAAF2164AA5EB0A5116469E
:105AD0000F4602F017F801F0FBFC8046894630467D
:105AE000394642464B46CDE9028901F0A3FB6B4B98
:105AF000002201F057FD0F46064602F003F8054666
:105B000001F0E6FC02460B4630463946CDE9042357
:105B100001F090FB614B002201F044FD02460B4670
:105B2000CDE906230022002301F0A4FF002800F0A5
:105B30006081002D0CBF01230223594A01920221EA
:105B40005246009102A8214600F0AEFBBBF1000FC7
:105B50008246A7DA6268E36802F1004203F100437B
:105B6000C0F1000A6260E3609CE7002000214FF072
:105B7000000AC4E90201504684ED000B09B0BDECF7
:105B8000048BBDE8F08F194601F054FB4FF0000A7A
:105B9000C4E90201C4E9000184E735A3D3E9002385
:105BA00001F048FB34A3D3E9002306460F4601F079
:105BB00041FB02460B46C4E900233046394601F05A
:105BC00039FB2DA3D3E9002301F034FB4FF0010A88
:105BD000C4E90201504609B0BDEC048BBDE8F08F6A
:105BE00001F0FEF957EC106B10EE100A24A3D3E974
:105BF0000023394601F0D6FC2A4B002201F01CFBA1
:105C000001F080FF824601F063FC15A3D3E9002375
:105C10008046894601F0C6FC02460B4630463946AE
:105C200001F008FB10A3D3E9002306460F464046C7
:105C3000494601F0B7FCBAF11F0F49EC198B47EC4C
:105C4000186B8046894631DC174B0AF1FF3253F856
:105C50002230AB422AD002460B4630463946A4E0F9
:105C600000004054FB21F93F3163621A61B4D03D1A
:105C70000000601A61B4D03D7370032E8A19A33BF3
:105C800083C8C96D305FE43FFB21E93F7BD9024007
:105C9000FB21F93FFB213941FFFFEF7F00007041FD
:105CA000702D07000000E03FF02C070042464B46F5
:105CB00051EC180B01F0BEFA0A46C2F30A53C3EBCB
:105CC0001553102B0146064617464FEA255573DD3E
:105CD00069A3D3E9002351EC190B01F063FC59ECE3
:105CE000188B06460F4632463B4618EE100A4946C8
:105CF00001F0A0FA41EC180B404653EC182B494632
:105D000001F098FA32463B4601F094FA5CA3D3E9DD
:105D1000002306460F4651EC190B01F043FC3246B6
:105D20003B4601F087FA8046894642464B4651EC95
:105D3000180B01F07FFA0A46C2F30A53ED1A312D0F
:105D400001460646174637DD50A3D3E9002351EC40
:105D5000190B01F027FC56EC185B80468946424639
:105D60004B4618EE100A314601F064FA41EC180B6C
:105D7000314653EC182B284601F05CFA42464B465C
:105D800001F058FA43A3D3E9002306460F4651EC2D
:105D9000190B01F007FC32463B4601F04BFA8046F6
:105DA000894651EC180B42464B4601F043FAC4E9D0
:105DB000000106460F4601E0C4E9001232463B46A8
:105DC00051EC180B01F036FA42464B4601F032FA1C
:105DD000BBF1000FC4E90201BFF664AE07F1004554
:105DE00001F10043C4E90065C4E90203CAF1000AF5
:105DF00058E60323A1E601F01FFA234B9D42064615
:105E00000F4616D01AA3D3E9002301F015FA024673
:105E10000B46C4E900233046394601F00BFA14A3BF
:105E2000D3E9002301F008FA4FF0FF3AC4E9020178
:105E300038E611A3D3E9002301F0FEF910A3D3E95A
:105E4000002306460F4601F0F7F902460B46C4E967
:105E500000233046394601F0EDF909A3D3E90023C8
:105E600001F0EAF94FF0FF3AC4E902011AE600BF77
:105E70003163621A61B4D03D0000601A61B4D03D54
:105E80007370032E8A19A33BFB21F93F0000002EFB
:105E90008A19A33BC14920259A837B392DE9F0411A
:105EA0005F4A57EC106BBA4300F09880002F10EE59
:105EB000104A3B464EDD39155BD0C3F31303CA07C6
:105EC00043F48013A1F2FF3E03D45B0003EBD473D1
:105ED0006400E20F4FF0000C02EB43034FEA6E0E3A
:105EE0006400664616254FF40012B118994202DC90
:105EF0005B1A8E1894445B00013D03EBD4734FEAA8
:105F000052024FEA4404F0D12F4620204FF00042C5
:105F100009E03ED0E10F01384FEA520201EB4303A2
:105F20004FEA44043ED0B34202EB0501F1DD002903
:105F300001EB020509DBB0469B1BA14288BF03F1C0
:105F4000FF33641A17444646E4E7002DF3DB06F1FD
:105F50000108F1E727F00042324336D0002F4DD13F
:105F60003946E20A153964051346002AF9D0D702EA
:105F700051D400205B00DE02054600F10100F9D596
:105F80001A4623468440C0F12000C3401343491BF6
:105F900093E7A142BED8002901EB0205D5DB984664
:105FA0000023CEE7234312D178084FEA6C0101F1B8
:105FB0007F511CF0010F01F5001118BF40F00040A7
:105FC00001EB0E53024643EC102BBDE8F0817B1C25
:105FD00016BF781C0CF1010C4008E6E710EE102A01
:105FE00010EE100A3B46394601F0DCFA32463B46D9
:105FF00001F022F941EC100BBDE8F08110EE102AFF
:106000003046394601F016F902460B4601F0F4FB22
:1060100041EC100BD9E7234620204FF0FF35B4E7C1
:106020000000F07F000000002DE9F84F57EC106BE6
:1060300027F00049B9F1795F2DED048B5BEC11ABD2
:1060400071DA10EE100A394601F05CFD002800F00C
:10605000F68032463B463046394601F0A3FA7CA32F
:10606000D3E9002304460D4601F09CFA7AA3D3E954
:10607000002301F0E1F822462B4601F093FA78A3C1
:10608000D3E9002301F0D6F822462B4601F08AFA24
:1060900075A3D3E9002301F0CFF822462B4601F087
:1060A00081FA73A3D3E9002301F0C4F822462B46FA
:1060B00001F078FA70A3D3E9002301F0BDF822467D
:1060C0002B4601F06FFA41EC180B714B0022204671
:1060D000294601F067FA53EC182B80468946204682
:1060E000294601F05FFA52465B4604460D463046AB
:1060F000394601F057FA02460B462046294601F080
:1061000099F802460B464046494601F093F802468C
:106110000B4600205F4901F08DF8BDEC048B41EC8B
:10612000100BBDE8F88F10EE102A10EE100A3B4657
:10613000394601F037FA46A3D3E9002304460D4659
:1061400001F030FA44A3D3E9002301F075F82246A8
:106150002B4601F027FA42A3D3E9002301F06AF8A5
:1061600022462B4601F01EFA3FA3D3E9002301F09B
:1061700063F822462B4601F015FA3DA3D3E900232C
:1061800001F058F822462B4601F00CFA3AA3D3E965
:10619000002301F051F82B46224601F003FA3E4B52
:1061A000994541EC180B90DD3C4B99453CDC0022B5
:1061B000A9F50013374900209046994601F03AF8B6
:1061C00041EC190B324B00222046294601F0EAF936
:1061D00042464B4601F02EF853EC182B8046894678
:1061E0002046294601F0DEF952465B4604460D463C
:1061F0003046394601F0D6F902460B46204629467C
:1062000001F018F802460B464046494601F012F8E4
:1062100002460B4651EC190B01F00CF8BDEC048B57
:1062200041EC100BBDE8F88F9FED157BDFF8709007
:10623000B0EE479AF0EE679A4FF00008C2E7BDEC67
:10624000048B9FED110BBDE8F88F00BFAFF300800A
:10625000D43888BEE9FAA8BDC4B1B4BD9EEE213ED3
:10626000AD529C804F7E923E9015CB19A001FA3E14
:106270007751C1166CC1563F4C5555555555A53FE4
:10628000000000000000E73F000000000000F03FB9
:106290000000E03F0000F03F3233D33F0000E93F11
:1062A0000000D23F000000002DE9F04FADF5197D50
:1062B000BB4CA29D089354F825400594013B12F174
:1062C000140F04900B910393C0F22683B549D31E9B
:1062D00081FB0301DB17C3EBA10307930133A3EB9E
:1062E0008303DB00D3180693079A039BD41A059AFD
:1062F000D6181AD40136A39F4FF000084FF00009BA
:10630000264420AD08E057F8240001F0E1F80134FC
:10631000B442E5E8020108D0002CF4DA013440462A
:106320004946B442E5E80201F6D1059B002BC0F2D4
:10633000C883089BDDF80C90DA000292059A1A4493
:106340000192049A20A901EBC30A0DF5E07B02EB50
:10635000C308039B002B4FF000044FF0000511DB36
:10636000049E574677E90223F6E8020101F01AF984
:1063700002460B462046294600F05EFF464504468D
:106380000D46EFD1019B09F101099945EBE8024562
:106390000AF1080ADDD1059A04980CA901EB8203E1
:1063A00002990144083B8B460BA90993134601EB64
:1063B00082020A920193019A98A901EBC203002A72
:1063C00053E928452ADD0DF5E07909EBC2080DF106
:1063D000300A754B00222046294601F0E3F801F00F
:1063E00091FB01F075F8714B002206460F4601F053
:1063F000D9F802460B462046294600F01BFF01F063
:1064000081FB044678E902234AF8044B30463946BA
:1064100000F012FFC84504460D46DAD1DDF81890A9
:1064200045EC104B484600F06FFE55EC104B002237
:106430004FF07F5310EE100A294601F0B3F841ECFB
:10644000100B00F0D9FD5A4B51EC100B002201F05B
:10645000A9F802460B462046294600F0EBFE0D4601
:10646000044601F04FFB804601F032F80B4602462D
:106470002946204600F0DEFE4B46002B06460F461E
:1064800040F39880019A0CA9013AC9F1180351F818
:10649000225045FA03F101FA03F3EB1AC9F117058B
:1064A0000CA843FA05F5002D40F82230884400F38B
:1064B0008B80002200233046394601F0DBFA0028A9
:1064C00000F05682019B059A03F1FF3A524510DC19
:1064D00003F180430CAA013B0A9802EB83030022DC
:1064E00053F80419834242EA0102F9D1002A40F02C
:1064F000DC80059B0CAA013B52F82330002B40F0B6
:10650000CF80099A012352F8041901330029FAD0E7
:1065100001994A1CCB1802939146079B089902EBFC
:10652000030A019B0B44984620AB0AF1804A03EB17
:10653000C808A39B0AF1FF3A03EB8A0A70AB03EB8E
:10654000C20301935AF8040F00F0C2FF0B460399EF
:1065500002460029C8E9002347464FF0000408F12D
:1065600008084FF0000511DB049E01E077E90223E3
:10657000F6E8020101F016F802460B4620462946CD
:1065800000F05AFE5E4504460D46EFD1019BE3E85C
:1065900002450193029B09F101099945D2DD09E702
:1065A000B82E0700ABAAAA2A0000703E0000704176
:1065B000000020406BD1019B0CAA013B52F82350F4
:1065C000ED15002D7FF775AF019B002B08F1010839
:1065D00040F3CC810C9C002C51D1019B012B20D08D
:1065E0000CAB012253F8044F002C4BD0531C0CA9C8
:1065F000C4F1807441F822400199994210DD0CAA3F
:106600000CA852F8232000EB830300EB81006FF00D
:106610007F4100E01A688A1A43F8042B8342F9D1BB
:106620000124069B002B0EDD012B00F06A81022B5A
:1066300009D1019B5A1E0CAB0CA953F82230C3F3AD
:10664000150341F82230022D7FF433AF32463B462A
:10665000B949002000F0EEFD06460F46002C3FF43D
:1066600028AF06989FEDB00B00F04EFD304639463E
:1066700053EC102B00F0DEFD06460F4619E7012310
:106680000022B4E7019901328A42ABD1C9E7AB4B92
:10669000002201F00DFA002840F05681054608E777
:1066A000019B5A1C9146029237E70CAB069A53F8AD
:1066B0002A30CDF81C80183A0395069273B9019BD5
:1066C00003F18043023B0CA901EB830353F8041947
:1066D0000AF1FF3A183A0029F8D006929FED920B82
:1066E000069800F011FDBAF1000F55EC104BC0F206
:1066F000DE8170AB03EBCA0B0CAA0AF1010306930F
:1067000002EB83084FEACA030BF10809049358F817
:10671000040D00F0DDFE22462B4600F043FF064646
:106720000F46874B2046294669E90267002200F0A0
:1067300039FF0CAB984504460D46E8D148ABCDE98E
:10674000013ADDF814A0BAF1000F4FF000092CDB7C
:1067500077A3D3E90023DFF8EC815F46002400250E
:10676000002603E0B14510DBF8E80223F7E8020158
:1067700000F018FF02460B462046294600F05CFD5B
:106780000136B24504460D46ECDA019B029A03EB52
:10679000C9034A45C3E90045ABF1080B09F1010300
:1067A00006D0BAF1000F9946D2DA00240025ECE7B2
:1067B000A29BDDF808A0022B1EDC002B00F30F814A
:1067C00013D1049C019D0834002000212C4474E95D
:1067D000022300F031FDA542F9D1039B13B101F171
:1067E000004319460B9BC3E90001079B03F0070018
:1067F0000DF5197DBDE8F08FA29B032BF5D1BAF101
:10680000000F00F07081019A049BD318D3E9004572
:1068100002EBCA0B7BE902672046294632463B461B
:1068200000F00AFDA046A94604460D4622462B4626
:106830003046394600F0FEFC4B46424600F0FCFC78
:10684000019B5B45CBE90045CBE90201E2D1BAF1FE
:10685000010F40F34881019A049B0AF1005A0AF1A2
:10686000FF3A13444FEACA01D3E9004501F1080A8F
:10687000029192440DF5947B7AE9026720462946FD
:1068800032463B4600F0D8FCA046A94604460D46D9
:1068900022462B463046394600F0CCFC42464B4659
:1068A00000F0CAFCD345CAE90045CAE90201E3D1B8
:1068B000029C019B0026002710341C4403F11005A4
:1068C0003046394674E9022300F0B6FCA542F9D1FE
:1068D00006460F46039B002B40F0BF80019A0B99A0
:1068E000D2E90045D2E90223C1E90223079B03F064
:1068F0000700C1E90467C1E900450DF5197DBDE850
:10690000F08F019B5A1E0CAB0CA953F82230C3F335
:10691000160341F8223096E600216FF01703079125
:10692000E0E400BFAFF30080000000000000F03F93
:1069300000000040FB21F93F0000F03F0000E03F75
:106940000000703E802E0700019B002B08F101081B
:10695000C8BF02253FF73EAE32463B4663490020A2
:1069600000F068FC022506460F46A2E5002458E622
:10697000069B0395584247EC106BCDF81C8000F045
:10698000C3FB55EC104B5A4B10EE100A002229465F
:1069900001F08EF8002856D0564B0022204629469A
:1069A00000F000FE01F0AEF8064600F091FD504BFD
:1069B000002200F0F7FD0B4602462946204600F073
:1069C00039FC01F09FF8069B019C183304F1010A81
:1069D00006930CAB43F8240043F82A607EE6019D41
:1069E000069A002005EBC204002174E9022300F09E
:1069F00023FCA542F9D1039B002B48D10B9BC3E993
:106A000000010B4601990246D1E9000100F012FC99
:106A1000BAF1000F0DDD4AAD0124F5E8022301347F
:106A200000F00AFCA245F8DA039B13B101F1004320
:106A300019460B9BC3E90201079B03F007000DF504
:106A4000197DBDE8F08F2046294601F05BF8019BD7
:106A50000CAA9A4642F8230040E6019B19465A6860
:106A6000DB680D688C680B9903F10043CB60079BD2
:106A70000D6002F100424A6003F0070007F1004296
:106A80008C600E614A610DF5197DBDE8F08F0B9C9D
:106A900001F10043C4E900030B4601990246D1E924
:106AA000000100F0C7FBBAF1000FB4DCBEE7A29B07
:106AB000022B0ADC002B11DC7FF497AE00200021B2
:106AC0008BE6089BDB00029365E4A29B032B7FF41B
:106AD0008CAE48AB002600270193FBE648AB0020B4
:106AE0000021019387E700260027F3E60000F03F2E
:106AF000000070410000703E2DE9F04F55EC104B46
:106B000085B025F00043B3F1795F8DED001B039054
:106B100007DA10EE100A294600F0F4FF002800F012
:106B2000898022462B462046294600F03BFD06463A
:106B30000F4632463B462046294600F033FD43A32C
:106B4000D3E9002382468B463046394600F02AFDC1
:106B500040A3D3E9002300F06DFB32463B4600F032
:106B600021FD3EA3D3E9002300F066FB32463B46FD
:106B700000F018FD3BA3D3E9002300F05BFB324695
:106B80003B4600F00FFD39A3D3E9002300F054FB8E
:106B9000039B80468946ABB3DDE900012A4B002206
:106BA00000F000FD42464B46804689465046594615
:106BB00000F0F8FC02460B464046494600F03AFB1E
:106BC00032463B4600F0EEFCDDE9002300F032FBEC
:106BD0001BA3D3E9002306460F465046594600F052
:106BE000E1FC02460B463046394600F025FB0246E2
:106BF0000B462046294600F01DFB41EC100B05B06A
:106C0000BDE8F08F02460B463046394600F0CAFC1C
:106C10000BA3D3E9002300F00DFB52465B4600F0C6
:106C2000C1FC22462B4600F007FB41EC100B05B0DF
:106C3000BDE8F08F45EC104B05B0BDE8F08F00BF0C
:106C4000495555555555C53F0000E03F7CD5CF5AB5
:106C50003AD9E53DEB9C2B8AE6E55A3E7DFEB157DD
:106C6000E31DC73ED561C119A0012A3FA6F8101146
:106C70001111813F000000002DE9F84F55EC104B39
:106C8000CD4B25F000469E42AA460DDDCB4B9E42E1
:106C900000F3B58000F0B080BAF1000F40F3F68049
:106CA0009FEDA90BBDE8F88FC54B9E4200F3C38052
:106CB000A3F1DE739E4240F3AC804FF0FF3B2246CF
:106CC0002B462046294600F06DFC02460B468046C6
:106CD000894600F067FC9EA3D3E9002306460F46D1
:106CE00000F060FC9CA3D3E9002300F0A5FA324633
:106CF0003B4600F057FC9AA3D3E9002300F09CFA2E
:106D000032463B4600F04EFC97A3D3E9002300F047
:106D100093FA32463B4600F045FC95A3D3E90023A5
:106D200000F08AFA32463B4600F03CFC92A3D3E9DD
:106D3000002300F081FA42464B4600F033FC90A35A
:106D4000D3E90023804689463046394600F02AFCC4
:106D50008DA3D3E9002300F06DFA32463B4600F0E4
:106D600021FC8BA3D3E9002300F064FA32463B46B2
:106D700000F018FC88A3D3E9002300F05BFA324648
:106D80003B4600F00FFC86A3D3E9002300F052FA43
:106D900032463B4600F006FCBBF1FF3F02460B4685
:106DA00078D04046494600F047FA864E22462B46A8
:106DB00000F0F8FB844B06EBCB064FEACB0B9B4471
:106DC000DBE9002300F036FA22462B4600F032FAC7
:106DD00002460B46D6E9000100F02CFABAF1000F8A
:106DE00041EC100B13DA10EE901A024601F1004349
:106DF00043EC102BBDE8F88F002C3FF44DAF22463A
:106E00002B462046294600F017FA41EC100BBDE84E
:106E1000F88F65A3D3E9002310EE100A294600F08D
:106E20000BFA6A4B002200F04DFE00283FF445AFFC
:106E300045EC104BEBE700F0D3F8654B9E4255EC68
:106E4000104B39DCA3F550239E4262DC10EE102A71
:106E500010EE100A2B46294600F0EEF95B4B00229B
:106E600000F0E8F900224FF0804306460F46204626
:106E7000294600F0E1F902460B463046394600F05B
:106E8000BBFC4FF0000B04460D4618E79FED480B86
:106E9000BDE8F88F4046494600F0CEF922462B4621
:106EA00000F080FB02460B462046294600F0C2F95E
:106EB00041EC100BBDE8F88F464B9E421DDA10EEF8
:106EC000100A454B0022294600F0B4F9424B064611
:106ED0000F4600222046294600F064FB3B4B00226F
:106EE00000F0AAF902460B463046394600F084FC11
:106EF0004FF0020B04460D46E1E62B4610EE102A39
:106F00003649002000F078FC4FF0030B04460D4694
:106F1000D5E610EE100A2D4B0022294600F08AF922
:106F20002A4B002206460F462046294600F084F9E7
:106F300002460B463046394600F05EFC4FF0010B2E
:106F400004460D46BBE600BF182D4454FB21F93F13
:106F500011DA22E33AAD903FEB0D76244B7BA93F4B
:106F6000513DD0A0660DB13F6E204CC5CD45B73F19
:106F7000FF8300922449C23F0D5555555555D53FC5
:106F80002F6C6A2C44B4A2BF9AFDDE522DDEAD3FB9
:106F90006D9A74AFF2B0B33F711623FEC671BC3F59
:106FA000C4EB98999999C93F9C7500883CE4377E59
:106FB000182D4454FB21F9BFFFFF0F440000F07F60
:106FC000FFFFDB3FC82E0700E82E07000000F03F60
:106FD000FFFFF23F008003400000F83F0000F0BFD9
:106FE00051EC100B10EE102A21F0004343EC102B53
:106FF000704700BF0000000051EC100BF8B5C1F362
:107000000A53A3F2FF35132D10EE106A0C4620DC54
:10701000002D3DDB384F2F4101EA070303431DD00C
:1070200033A3D3E9002300F007F90022002300F086
:1070300049FD48B1002C04DA4FF4801343FA05F5FA
:107040002C4424EA070400262346324643EC102B46
:10705000F8BD332D05DDB5F5806F29D041EC100B5F
:10706000F8BDA3F213434FF0FF37DF400742F5D0DE
:107070001FA3D3E9002300F0DFF80022002300F073
:1070800021FD0028E0D0002C23DB26EA0706DBE701
:1070900017A3D3E9002300F0CFF80022002300F06B
:1070A00011FD0028D0D0002C0ADB00263446CBE7A7
:1070B00010EE102A0B4600F0BFF841EC100BF8BDA3
:1070C00024F000430D4A1E43002E18BF144600262C
:1070D000BAE7142D08D00123C5F1340503FA05F5EC
:1070E000AE1928BFE418D0E70134CEE7AFF3008033
:1070F0009C7500883CE4377EFFFF0F000000F0BF66
:10710000002070470000000038B553EC102BC3F38B
:107110000A511C46054681BB10EE101A23F00044AC
:10712000214329D0194600223D4B3E4C10EE100A57
:1071300000F038FAA54202460B4616DB0C46C1F3B6
:107140000A513639294440F2FE70814221DC00297F
:1071500047DC11F1350F34DA4CF250318D4218DC36
:10716000002B27A1D1E9000144DB25A3D3E90023AB
:1071700000F018FA41EC100B38BD40F2FF7081426C
:10718000E0D110EE100A194600F056F841EC100B51
:1071900038BD002B1CA1D1E9000107DB1AA3D3E9FC
:1071A000002300F0FFF941EC100B38BD18A1D1E924
:1071B000000115A3D3E9002300F0F4F941EC100B12
:1071C000F3E724F0FF4424F4E004363144EA0153A9
:1071D000104619460022144B00F0E4F941EC100B64
:1071E00038BD24F0FF4424F4E00444EA015343ECA6
:1071F000102B38BD08A1D1E90001B6E7AFF300803C
:1072000059F3F8C21F6EA5019C7500883CE4377ED7
:107210009C7500883CE437FE59F3F8C21F6EA581C7
:1072200000005043B03CFFFF0000903C81F0004163
:1072300002E000BF83F0004330B54FEA41044FEA5B
:10724000430594EA050F08BF90EA020F1FBF54EAF6
:10725000000C55EA020C7FEA645C7FEA655C00F092
:10726000E2804FEA5454D4EB5555B8BF6D420CDD63
:107270002C4480EA020281EA030382EA000083EAE6
:10728000010180EA020281EA0303362D88BF30BD86
:1072900011F0004F4FEA01314FF4801C4CEA1131DC
:1072A00002D0404261EB410113F0004F4FEA03333B
:1072B0004CEA133302D0524263EB430394EA050FC6
:1072C00000F0A780A4F10104D5F1200E0DDB02FA35
:1072D0000EFC22FA05F2801841F1000103FA0EF2C9
:1072E000801843FA05F359410EE0A5F120050EF18F
:1072F000200E012A03FA0EFC28BF4CF0020C43FAC0
:1073000005F3C01851EBE37101F0004507D54FF0CC
:10731000000EDCF1000C7EEB00006EEB0101B1F51C
:10732000801F1BD3B1F5001F0CD349085FEA300062
:107330004FEA3C0C04F101044FEA445212F5800F6D
:1073400080F09A80BCF1004F08BF5FEA500C50F10A
:10735000000041EB045141EA050130BD5FEA4C0CED
:10736000404141EB0101013C28BFB1F5801FE9D24A
:1073700091F0000F04BF01460020B1FA81F308BF6D
:107380002033A3F10B03B3F120020CDA0C3208DD39
:1073900002F1140CC2F10C0201FA0CF021FA02F114
:1073A0000CE002F11402D8BFC2F1200C01FA02F184
:1073B00020FA0CFCDCBF41EA0C019040E41AA2BFA9
:1073C00001EB0451294330BD6FEA04041F3C1CDA71
:1073D0000C340EDC04F11404C4F1200220FA04F091
:1073E00001FA02F340EA030021FA04F345EA03013B
:1073F00030BDC4F10C04C4F1200220FA02F001FAFD
:1074000004F340EA0300294630BD21FA04F029467E
:1074100030BD94F0000F83F4801306BF81F4801117
:107420000134013D4EE77FEA645C18BF7FEA655C8A
:1074300029D094EA050F08BF90EA020F05D054EA5C
:10744000000C04BF1946104630BD91EA030F1EBF61
:107450000021002030BD5FEA545C05D14000494165
:1074600028BF41F0004130BD14F580043CBF01F558
:10747000801130BD01F0004545F0FE4141F470013E
:107480004FF0000030BD7FEA645C1ABF1946104619
:107490007FEA655C1CBF0B46024650EA013406BF1A
:1074A00052EA033591EA030F41F4002130BD00BFD9
:1074B00090F0000F04BF0021704730B54FF4806496
:1074C00004F132044FF000054FF0000150E700BF17
:1074D00090F0000F04BF0021704730B54FF4806476
:1074E00004F1320410F0004548BF40424FF0000163
:1074F0003EE700BF42004FEAE2014FEA31014FEAA6
:1075000002701FBF12F07F4393F07F4F81F06051F4
:10751000704732F07F4208BF704793F07F4F04BF3F
:1075200041F40021704730B54FF4607401F000451C
:1075300021F000411CE700BF50EA010208BF70477C
:1075400030B54FF000050AE050EA010208BF70476D
:1075500030B511F0004502D5404261EB41014FF4D6
:10756000806404F132045FEA915C3FF4D8AE4FF0DE
:1075700003025FEADC0C18BF03325FEADC0C18BFC1
:10758000033202EBDC02C2F1200300FA03FC20FA12
:1075900002F001FA03FE40EA0E0021FA02F114445F
:1075A000BDE600BF70B54FF0FF0C4CF4E06C1CEA78
:1075B00011541DBF1CEA135594EA0C0F95EA0C0FE9
:1075C00000F0DEF82C4481EA030621EA4C5123EA5C
:1075D0004C5350EA013518BF52EA033541F480118B
:1075E00043F4801338D0A0FB02CE4FF00005E1FB3E
:1075F00002E506F00042E0FB03E54FF00006E1FB88
:1076000003569CF0000F18BF4EF0010EA4F1FF04CA
:10761000B6F5007F64F5407404D25FEA4E0E6D410A
:1076200046EB060642EAC62141EA55514FEAC5201B
:1076300040EA5E504FEACE2EB4F1FD0C88BFBCF597
:10764000E06F1ED8BEF1004F08BF5FEA500E50F148
:10765000000041EB045170BD06F0004646EA01010E
:1076600040EA020081EA0301B4EB5C04C2BFD4EB40
:107670000C0541EA045170BD41F480114FF0000E39
:10768000013C00F3AB8014F1360FDEBF002001F0A7
:10769000004170BDC4F10004203C35DA0C341BDC21
:1076A00004F11404C4F1200500FA05F320FA04F0F3
:1076B00001FA05F240EA020001F0004221F0004127
:1076C00010EBD37021FA04F642EB06015EEA430E9A
:1076D00008BF20EAD37070BDC4F10C04C4F12005CA
:1076E00000FA04F320FA05F001FA04F240EA02007D
:1076F00001F0004110EBD37041F100015EEA430E4E
:1077000008BF20EAD37070BDC4F1200500FA05F26D
:107710004EEA020E20FA04F301FA05F243EA0203EC
:1077200021FA04F001F0004121FA04F220EA0200FB
:1077300000EBD3705EEA430E08BF20EAD37070BD41
:1077400094F0000F0FD101F00046400041EB010121
:1077500011F4801F08BF013CF7D041EA060195F003
:10776000000F18BF704703F00046520043EB0303BD
:1077700013F4801F08BF013DF7D043EA06037047AA
:1077800094EA0C0F0CEA135518BF95EA0C0F0CD0B5
:1077900050EA410618BF52EA4306D1D181EA0301FB
:1077A00001F000414FF0000070BD50EA410606BFF5
:1077B0001046194652EA430619D094EA0C0F02D13A
:1077C00050EA013613D195EA0C0F05D152EA03367F
:1077D0001CBF104619460AD181EA030101F000419D
:1077E00041F0FE4141F470014FF0000070BD41F0E6
:1077F000FE4141F4780170BD70B54FF0FF0C4CF4C0
:10780000E06C1CEA11541DBF1CEA135594EA0C0FDE
:1078100095EA0C0F00F0A7F8A4EB050481EA030E2B
:1078200052EA03354FEA013100F088804FEA033312
:107830004FF0805545EA131343EA12634FEA0222E0
:1078400045EA111545EA10654FEA00260EF00041A1
:107850009D4208BF964244F1FD0404F5407402D2F3
:107860005B084FEA3202B61A65EB03055B084FEA84
:1078700032024FF480104FF4002CB6EB020E75EB81
:10788000030E22BFB61A754640EA0C005B084FEAA9
:107890003202B6EB020E75EB030E22BFB61A754626
:1078A00040EA5C005B084FEA3202B6EB020E75EB71
:1078B000030E22BFB61A754640EA9C005B084FEAE9
:1078C0003202B6EB020E75EB030E22BFB61A7546F6
:1078D00040EADC0055EA060E18D04FEA051545EAE5
:1078E00016754FEA06164FEAC30343EA52734FEA8E
:1078F000C2025FEA1C1CC0D111F4801F0BD141EA07
:1079000000014FF000004FF0004CB6E711F4801F6B
:1079100004BF01430020B4F1FD0C88BFBCF5E06F4B
:107920003FF6AFAEB5EB030C04BFB6EB020C5FEA5B
:10793000500C50F1000041EB045170BD0EF0004EB0
:107940004EEA113114EB5C04C2BFD4EB0C0541EAE2
:10795000045170BD41F480114FF0000E013C90E6DF
:1079600045EA060E8DE60CEA135594EA0C0F08BFA3
:1079700095EA0C0F3FF43BAF94EA0C0F0AD150EAA2
:1079800001347FF434AF95EA0C0F7FF425AF104635
:1079900019462CE795EA0C0F06D152EA03353FF45D
:1079A000FDAE1046194622E750EA410618BF52EADA
:1079B00043067FF4C5AE50EA41047FF40DAF52EAAE
:1079C00043057FF4EBAE12E74FF0FF3C06E000BF4B
:1079D0004FF0010C02E000BF4FF0010C4DF804CD58
:1079E0004FEA410C7FEA6C5C4FEA430C18BF7FEA18
:1079F0006C5C1BD001B050EA410C0CBF52EA430C46
:107A000091EA030F02BF90EA020F0020704710F1C5
:107A1000000F91EA030F58BF994208BF90422CBF54
:107A2000D8176FEAE37040F0010070474FEA410C4D
:107A30007FEA6C5C02D150EA013C07D14FEA430C6B
:107A40007FEA6C5CD6D152EA033CD3D05DF8040BDC
:107A5000704700BF8446104662468C46194663460E
:107A600000E000BF01B5FFF7B7FF002848BF10F1E5
:107A7000000F01BD4DF808EDFFF7F4FF0CBF01202A
:107A800000205DF808FB00BF4DF808EDFFF7EAFFA6
:107A900034BF012000205DF808FB00BF4DF808ED61
:107AA000FFF7E0FF94BF012000205DF808FB00BF56
:107AB0004DF808EDFFF7CEFF94BF012000205DF8E0
:107AC00008FB00BF4DF808EDFFF7C4FF34BF0120ED
:107AD00000205DF808FB00BF4FEA410C7FEA6C5CB8
:107AE00002D150EA013C0AD14FEA430C7FEA6C5CB8
:107AF00002D152EA033C02D14FF0000070474FF030
:107B0000010070474FEA410212F5001215D211D55B
:107B10006FF47873B3EB625212D94FEAC12343F08A
:107B2000004343EA505311F0004F23FA02F018BF0C
:107B3000404270474FF00000704750EA013005D1D5
:107B400011F0004008BF6FF0004070474FF0000098
:107B5000704700BF4A0011D212F5001211D20DD5A4
:107B60006FF47873B3EB62520ED44FEAC12343F043
:107B7000004343EA505323FA02F070474FF00000ED
:107B8000704750EA013002D14FF0FF3070474FF09C
:107B9000000070474FEA4102B2F1E04324BFB3F561
:107BA000001CDCF1FE5C0DD901F0004C4FEAC00274
:107BB0004CEA5070B2F1004F40EB830008BF20F058
:107BC0000100704711F0804F21D113F13872BCBF12
:107BD00001F00040704741F480114FEA5252C2F167
:107BE0001802C2F1200C10FA0CF320FA02F018BFB0
:107BF00040F001004FEAC1234FEAD32303FA0CFC03
:107C000040EA0C0023FA02F34FEA4303CCE77FEA91
:107C1000625307D150EA01331EBF4FF0FE4040F4DB
:107C20004000704701F0004040F0FE4040F400008A
:107C3000704700BF80F0004002E000BF81F00041CB
:107C400042001FBF5FEA410392EA030F7FEA226C02
:107C50007FEA236C6AD04FEA1262D2EB1363C1BF92
:107C6000D218414048404140B8BF5B42192B88BF01
:107C7000704710F0004F40F4000020F07F4018BF24
:107C8000404211F0004F41F4000121F07F4118BF44
:107C9000494292EA030F3FD0A2F1010241FA03FCEC
:107CA00010EB0C00C3F1200301FA03F100F00043D4
:107CB00002D5494260EB4000B0F5000F13D3B0F19C
:107CC000807F06D340084FEA310102F10102FE2A0B
:107CD00051D2B1F1004F40EBC25008BF20F001007B
:107CE00040EA03007047490040EB0000013A28BF1A
:107CF000B0F5000FEDD2B0FA80FCACF1080CB2EB9D
:107D00000C0200FA0CF0AABF00EBC250524218431A
:107D1000BCBFD0401843704792F0000F81F40001BF
:107D200006BF80F400000132013BB5E74FEA410392
:107D30007FEA226C18BF7FEA236C21D092EA030FFE
:107D400004D092F0000F08BF0846704790EA010F78
:107D50001CBF0020704712F07F4F04D1400028BFA5
:107D600040F00040704712F100723CBF00F5000087
:107D7000704700F0004343F0FE4040F400007047BD
:107D80007FEA226216BF08467FEA23630146420269
:107D900006BF5FEA412390EA010F40F4800070477C
:107DA0004FF0000304E000BF10F0004348BF404222
:107DB0005FEA000C08BF704743F0964301464FF05E
:107DC00000001CE050EA010208BF70474FF00003BA
:107DD0000AE000BF50EA010208BF704711F00043FB
:107DE00002D5404261EB41015FEA010C02BF8446CB
:107DF0000146002043F0B64308BFA3F18053A3F52A
:107E00000003BCFA8CF2083AA3EBC25310DB01FA70
:107E100002FC634400FA02FCC2F12002BCF1004FF4
:107E200020FA02F243EB020008BF20F00100704785
:107E300002F1200201FA02FCC2F1200250EA4C00D9
:107E400021FA02F243EB020008BF20EADC7070471F
:107E500053B94AB9002908BF00281CBF4FF0FF31B1
:107E60004FF0FF3000F0B8B9ADF1080C6DE904CE69
:107E700000F050F8DDF804E0DDE9022304B07047BB
:107E8000430803F05533C01A830803F0333300F07E
:107E90003330184400EB101000F00F3000EB0020DE
:107EA00000EB0040000E704738B500220023044666
:107EB0000D46FFF7E9FD28B920462946BDE83840C0
:107EC00000F00AB8204605F1004100F005F84042F4
:107ED00061EB410138BD00BFD0B50C4B0022064616
:107EE0000F46FFF75FFBFFF735FE0446FFF7E0FAAA
:107EF000074B0022FFF756FB02460B463046394639
:107F0000FFF798F9FFF726FE2146D0BD0000F03DAF
:107F10000000F0412DE9F047089D04468C46002BF7
:107F200040F083808A42174647D9B2FA82F242B1C2
:107F3000C2F1200024FA00F09140974040EA010C81
:107F400094404FEA1748230CBCFBF8F61FFA87FE53
:107F500008FB16C143EA014306FB0EF1994209D919
:107F6000FB1806F1FF3080F01981994240F216812A
:107F7000023E3B445B1AA4B2B3FBF8F008FB10339B
:107F800044EA034400FB0EFEA64509D93C1900F162
:107F9000FF3380F00581A64540F2028102383C445F
:107FA00040EA0640A4EB0E0400261DB1D440002395
:107FB000C5E900433146BDE8F08702B9FFDEB2FAF9
:107FC00082F2002A50D1CB1B4FEA174E1FFA87F8D6
:107FD0000126B3FBFEFC210C0EFB1C3341EA0341DE
:107FE00008FB0CF38B4207D979180CF1FF3002D251
:107FF0008B4200F2E9808446C91AA3B2B1FBFEF0BD
:108000000EFB101143EA014408FB00F8A04507D914
:108010003C1900F1FF3302D2A04500F2D980184686
:10802000A4EB080440EA0C40BFE78B4209D9002DBD
:1080300000F0B1800026C5E9000130463146BDE8B8
:10804000F087B3FA83F6002E4AD18B4202D38242E4
:1080500000F2B880841A61EB030101208C46002DE8
:10806000A8D0C5E9004CA5E7C2F1200320FA03F629
:10807000974001FA02F04FEA174ED9403043030C03
:10808000B1FBFEF61FFA87F80EFB161143EA014317
:1080900006FB08F1994204FA02F409D9FB1806F12B
:1080A000FF3C80F08D80994240F28A80023E3B4442
:1080B0005B1A81B2B3FBFEF00EFB103341EA0341C1
:1080C00000FB08F38B4207D9791800F1FF3C73D20B
:1080D0008B4271D902383944CB1A40EA064678E718
:1080E000C6F1200C03FA06F422FA0CF31C4320FA22
:1080F0000CF701FA06F34FEA144E21FA0CF11F4374
:108100003B0CB1FBFEF91FFA84F80EFB191143EA90
:10811000014109FB08FA8A4502FA06F200FA06F361
:1081200008D9611809F1FF3048D28A4546D9A9F12A
:1081300002092144A1EB0A01BFB2B1FBFEF00EFB24
:10814000101147EA014700FB08F8B84507D9E719BD
:1081500000F1FF312ED2B8452CD90238274440EA2D
:108160000940A7EB0807A0FB02894F45C6464946D0
:108170001AD317D05DB1B3EB0E0267EB010707FA14
:108180000CFCF2404CEA0202F740C5E90027002649
:108190003146BDE8F0872E4628460BE70646E9E65D
:1081A0001846FDE64345E5D2B8EB020E69EB040143
:1081B0000138DFE70846D2E760468DE78146B9E738
:1081C000664675E730464AE7ACF1020C394413E7DE
:1081D00002383C4424E700BF704700BF1FB5144677
:1081E0001A46094B1B680546D8684CB1074B0091ED
:1081F000CDE9013406492B4600F03AF802F026F9A1
:10820000044B1C46F3E700BF2C630020082F070037
:10821000152F0700432F0700002101F057BF000072
:1082200010B5054C13462CB10A4601460220AFF3A7
:10823000008010BD2046FCE700000000014B1868DC
:10824000704700BF2C63002008B5074B044613B1EC
:108250000021AFF30080054B1868836A03B198478B
:10826000204604F0B5FB00BF00000000442F0700CB
:108270000EB403B5014603AB054853F8042B006860
:10828000019300F0AFF902B05DF804EB03B0704762
:108290002C63002070B50D4D0D4C641BA4100026FE
:1082A000A64209D10B4D0C4C04F094FB641BA410A6
:1082B0000026A64205D170BD55F8043B984701360B
:1082C000EEE755F8043B98470136F2E700650020D9
:1082D000006500200065002028650020024B014653
:1082E000186800F0FBB800BF2C630020024B014669
:1082F000186800F0A3B800BF2C6300200000000045
:1083000001F0FF01102A2BDB10F0070F08D010F846
:10831000013B013A8B422DD010F0070F42B3F6D14A
:10832000F0B441EA012141EA014122F007047FF063
:1083300000070023F0E80256083C85EA010586EABA
:10834000010685FA47F5A3FA87F586FA47F6A5FAF6
:1083500087F68EB9EED1F0BC01F0FF0102F0070202
:1083600032B110F8013B013A83EA010313B1F8D1AD
:108370000020704701387047002D06BF354603388E
:10838000073815F0010F07D1013015F4807F02BFC7
:10839000013015F4C03F0130F0BC0138704700BF18
:1083A00030B501390024A24201D1002005E0035D6F
:1083B00001340D5DAB42F6D0581B30BD0A449142EA
:1083C00000F1FF3300D1704710B511F8014B03F8ED
:1083D000014F9142F9D110BD884210B501EB020462
:1083E00002D98442234607D8431EA14208D011F87F
:1083F000012B03F8012FF8E7024401468A4200D11D
:1084000010BD13F8014D02F8014DF7E70244034691
:10841000934200D1704703F8011BF9E713B54A43B3
:108420001146019200F05AF8044618B1019A002151
:10843000FFF7ECFF204602B010BD000037B5002961
:1084400048D051F8043C0190002BA1F10404B8BFBE
:10845000E41803F023FC204A01981368154633B949
:108460006360146003B0BDE8304003F01DBCA3425C
:108470000BD921686218934204BF1A685B68636075
:1084800004BF521822602C60ECE71A465B680BB1FF
:10849000A342FAD911685518A5420BD1246821448A
:1084A0005418A3421160DDD11C685B6853602144FD
:1084B0001160D7E702D90C230360D3E7256861195F
:1084C0008B4204BF19685B68636004BF491921606F
:1084D0005460C7E703B030BD80630120F8B5CD1C00
:1084E00025F0030508350C2D38BF0C25002D064658
:1084F00001DBA94203D90C2333600020F8BD03F04F
:10850000CDFB21490A6814469CB9204F3B6823B92A
:108510002146304600F060FE38602946304600F0C3
:108520005BFE431C23D10C233360304603F0BCFBBD
:10853000E3E723685B1B17D40B2B03D923601C4490
:10854000256004E06368A2420CBF0B6053603046B4
:1085500003F0AAFB04F10B00231D20F00700C21A50
:10856000CCD01B1AA350C9E722466468CCE7C41CD0
:1085700024F00304A042E3D0211A304600F02CFE80
:108580000130DDD1CFE700BF80630120846301208B
:108590009368013B002B10B4936008DA9469A342FE
:1085A00001DB0A2903D15DF8044B01F07DBE13689D
:1085B000581C1060197008465DF8044B7047F8B5F8
:1085C00006460F461446D518AC4201D1002007E0FC
:1085D00014F8011B3A463046FFF7DAFF431CF3D18B
:1085E000F8BD00002DE9F04F0D469DB014469846A9
:1085F000064618B183690BB902F0C6FE894B9D424D
:108600001BD175686B6ED90705D4AB899A0502D466
:10861000A86D03F0B8FAAB891B0701D52B69EBB93C
:108620002946304601F0A4FEC0B16B6EDC070ED5C2
:108630004FF0FF301DB0BDE8F08F7B4B9D4201D164
:10864000B568DFE7794B9D4208BFF568DAE7AB898B
:108650009805EDD4A86D03F097FAE9E70023099394
:1086600020238DF82930CDF80C803023DFF8C0812D
:108670008DF82A304FF0010923469A4613F8012B52
:108680000AB1252AF9D1BAEB040B0BD05B4622467E
:1086900029463046FFF793FF013000F0AA80099A7F
:1086A0005A4409929AF80030002B00F0A28000236F
:1086B0004FF0FF32CDE905230AF1010A0493079335
:1086C0008DF853301A935446052214F8011B58486C
:1086D000FFF716FE049AD8B9D10644BF20238DF8BF
:1086E0005330130744BF2B238DF853309AF80030D2
:1086F0002A2B15D0079A544600204FF00A0C214629
:1087000011F8013B303B092B4ED9B0B1079214E070
:10871000A0EB080309FA03F313430493A246D2E73C
:10872000039B191D1B680391002BBBBF5B4242F0EA
:10873000020207930793B8BF049223782E2B0CD123
:1087400063782A2B35D1039B1A1D1B680392002BDB
:10875000B8BF4FF0FF3302340593DFF8E4A021786F
:1087600003225046FFF7CCFD40B14023A0EB0A00A6
:1087700003FA00F0049B03430134049314F8011B33
:108780002C488DF828100622FFF7BAFD00283FD0AC
:10879000294B1BBB039B073323F0070308330393C9
:1087A000099B3B44099367E70CFB02320C4601200E
:1087B000A5E700230134059319464FF00A0C204623
:1087C00010F8012B303A092A03D9002BC5D00591A6
:1087D000C3E70CFB012104460123F0E703AB009340
:1087E0002A46164B04A9304600F0CCF80746781C00
:1087F000D6D16B6ED90705D4AB899A0502D4A86D82
:1088000003F0C2F9AB895B063FF512AF099811E797
:1088100003AB00932A46094B04A9304600F056FBEF
:10882000E4E700BF1031070030310700F0300700E7
:10883000482F0700522F070085890600BF850600D4
:108840004E2F07002DE9FF4755EC104B002D0E462B
:1088500019462B46BBBF05F100431D4600232D23BF
:108860000B700D9BDDF830A0914623F02008BCBFB3
:1088700022461446B8F1460F05D0B8F1450F00D195
:108880000136022100E0032103AB019302AB009308
:1088900045EC104B5346324601F07EFEB8F1470FCF
:1088A000074602D119F0010F22D0B8F1460F07EBAD
:1088B000060910D13B78302B0AD100220023204634
:1088C0002946FFF7D7F818B9C6F10106CAF80060C3
:1088D000DAF8003099440022002320462946FFF7A9
:1088E000C9F808B1CDF80C903022039B4B4507D353
:1088F000039B0E9ADB1B3846136004B0BDE8F0877B
:10890000591C03911A70F0E7F7B503460029B8BF68
:10891000494203F8022BB4BF2D222B2209294270B1
:108920002ADD0DF10704A4460A27A6460A4691FB54
:10893000F7F607FB16153035632A04F1FF340EF8FD
:10894000015C3146F1DC3031AEF1020504F8011C66
:10895000441C294661450AD30DF10902A2EB0E021F
:10896000654588BF00221344181A03B0F0BD11F802
:10897000012B04F8012FEDE7302330318370C170F3
:10898000031DF1E72DE9F04F2DED028B8DB00C4664
:10899000DDF8608016461F46054603F0EFF8D0F874
:1089A00000A0504600F01BFD00230A9323680593A6
:1089B000D8F8003094F818B0073323F0070303F118
:1089C0000802C8F80020D3E90023C4E91223D4E93F
:1089D000128929F000430793CDF8188008EE100A99
:1089E0009F4BDDE906014FF0FF32FFF775F888BBBA
:1089F000DDE906019A4B4FF0FF32FFF74FF848BB15
:108A00000022002340464946FFF73EF810B12D23CF
:108A100084F84330934B9448BBF1470F94BF98467A
:108A2000804603232361059B23F0040222604FF05C
:108A30000009009733460BAA2146284600F0D8F9D2
:108A4000013040F090804FF0FF300DB0BDEC028B54
:108A5000BDE8F08F42464B4640464946FFF73CF89A
:108A600040B14B46002BBCBF2D2384F843307F48D8
:108A70007F4BD1E763680BF0DF0206925A1C3FD1AF
:108A800006236360059B616843F4806200230393BF
:108A90000AABCDE901B309AB49EC108B009322601E
:108AA0000DF123032846FFF7CDFE069B0999472BBE
:108AB000804608D1C81C02DB6368994241DDABF1F6
:108AC000020B5FFA8BFBBBF1650F20D801395A46C8
:108AD00004F150000991FFF717FF0A9A1318012AB1
:108AE0008146236102DC2268D20701D5013323616C
:108AF0009DF82330002B9CD02D2384F8433098E739
:108B0000069A472ABED1002BBCD10123B9E7BBF19D
:108B1000660F18D1002963680BDD216113B9226843
:108B2000D00702D501330B442361A1654FF0000942
:108B3000DEE713B92268D20701D50233F4E7012337
:108B4000F2E74FF0670B0A9B994205DB236821612E
:108B5000D807EAD54B1CE7E70029D4BFC1F10202D0
:108B600001221344E0E723685A0507D423694246EB
:108B700031462846B84701302CD164E7BBF1650F78
:108B800040F2E080D4E9120100220023FEF772FFD8
:108B9000002834D0374A012331462846B8470130EF
:108BA0003FF451AFDDE909239A4202DB2368D8077D
:108BB00010D518EE103A524631462846B8470130D3
:108BC0003FF441AF4FF0000804F11A090A9B013B42
:108BD000434509DC23689B0700F10581E0680B9B96
:108BE0009842B8BF184630E701234A463146284626
:108BF000B84701303FF427AF08F10108E6E7099BC9
:108C0000002B39DC1B4A012331462846B847013086
:108C10003FF419AFDDE90923134302D12368D907D3
:108C2000D8D518EE103A524631462846B84701309A
:108C30003FF409AF4FF0000904F11A0A099B5B42A7
:108C40004B4501DC0A9B92E70123524631462846F8
:108C5000B84701303FF4F7AE09F10109EEE700BF74
:108C6000FFFFEF7F592F07005D2F0700652F0700DB
:108C7000612F0700692F07000A9AA36D9A42A8BFC7
:108C80001A46002A914637DC4FF0000B29EAE979B1
:108C900004F11A02A36D0593A3EB09035B4533DCD2
:108CA000DDE909239A423BDB2368DA0738D40A9AC4
:108CB000059B0999D31AA2EB01099945A8BF9946CA
:108CC000B9F1000F35DC4FF0000829EAE97904F129
:108CD0001A0ADDE909239B1AA3EB090343457FF731
:108CE00079AF0123524631462846B84701303FF458
:108CF000AAAE08F10108ECE7134631464246284681
:108D0000B8470130C0D19EE601233146284605927E
:108D1000B84701303FF497AE059A0BF1010BB9E764
:108D200018EE103A524631462846B8470130BED1B7
:108D300089E6059A4B46424431462846B8470130F9
:108D4000C1D180E60A9A012A01DCDB0738D501236C
:108D5000424631462846B84701303FF474AE18EE1B
:108D6000103A524631462846B84701303FF46BAEC0
:108D7000D4E9120100220023FEF77CFED8B90A9B39
:108D800008F10102013B31462846B84701300ED1B7
:108D900059E60123524631462846B84701303FF490
:108DA00052AE08F101080A9B013B4345F1DC4B46FA
:108DB00004F15002DCE64FF0000804F11A0AF2E771
:108DC00001234246DFE701234A4631462846B84799
:108DD00001303FF438AE08F10108E3680B995B1AE3
:108DE0004345F0DCFAE64FF0000804F11909F4E716
:108DF0002DE9F047164699468A680B69DDF8208010
:108E00009342B8BF1346336091F8432007460C469F
:108E10000AB1013333602368990642BF33680233D5
:108E20003360256815F0060506D104F1190AE368D8
:108E300032689B1AAB4226DC94F84320131E22684A
:108E400018BF012392062BD404F143024946384649
:108E5000C04701301ED02368E568326803F006037E
:108E6000042B08BFAD1AA36822690CBF25EAE5757B
:108E700000259342C4BF9B1AED1800261A34B54250
:108E80001AD1002008E00123524649463846C0471F
:108E9000013003D14FF0FF30BDE8F0870135C6E760
:108EA000E1185A1C302081F84300224494F8451000
:108EB00082F843100233C7E7012322464946384669
:108EC000C0470130E6D00136D9E700002DE9FF4761
:108ED0000C469146277E0C99782F80469A4604F1DD
:108EE000430207D8622F0AD8002F00F0D880582FED
:108EF00000F0A38004F1420684F842703AE0A7F142
:108F00006303152BF6D801A050F823F0658F0600F7
:108F1000798F0600F58E0600F58E0600F58E0600A8
:108F2000F58E0600798F0600F58E0600F58E060098
:108F3000F58E0600F58E060085900600A98F0600C6
:108F400067900600F58E0600F58E0600A7900600D5
:108F5000F58E0600A98F0600F58E0600F58E060038
:108F60006F9006000B681A1D1B680A6004F1420628
:108F700084F842300123A3E0256808682E0600F13A
:108F800004030AD505680B60002D03DA2D236D421A
:108F900084F843305E480A2319E015F0400F056855
:108FA0000B6018BF2DB2EFE70B682568181D08602D
:108FB000280601D51D6802E06906FBD51D885448C6
:108FC0006F2F0CBF08230A23002184F84310666822
:108FD000A660002EA2BF216821F0040121600DB916
:108FE000002E4DD01646B5FBF3F103FB1157C75DBC
:108FF00006F8017D2F46BB420D46F4D9082B0BD154
:109000002368DF0708D5236961689942DEBF3023F2
:1090100006F8013C06F1FF36921B2261CDF800A054
:109020004B4603AA21464046FFF7E2FE01304CD1F1
:109030004FF0FF3004B0BDE8F087354884F8457044
:1090400023680E681F0656F8045B0E6014D5D90716
:1090500044BF43F0200323601DB9236823F020039D
:1090600023601023B0E7236843F0200323607823B4
:10907000284884F84530E3E75E0648BFADB2E6E72E
:109080001646BBE70B68266860691D1D0D60350636
:109090001B6801D5186002E07106FBD5188000231B
:1090A00023611646BAE70B681A1D0A601E686268DB
:1090B00000213046FFF724F908B1801B6060636827
:1090C0002361002384F84330A8E7236932464946E8
:1090D0004046D0470130ABD023689B0713D4E068EB
:1090E000039B9842B8BF1846A4E70123324649467D
:1090F0004046D04701309BD00135E36803995B1AA5
:10910000AB42F2DCEBE7002504F11906F5E700BFFE
:109110006B2F07007C2F070038B50D4B1D68AB6B1C
:1091200004467BB91820F4F75BFA0A4A0A4BA86395
:10913000C0E90023094B83600B23838101220023B4
:10914000C0E90423AB6B00221C615A6138BD00BF2B
:109150002C6300200E33CDAB34126DE6ECDE05003F
:10916000134B10B51C68A36B7BB91820F4F738FAC1
:10917000104A114BA063C0E90023104B83600B23FE
:10918000838101220023C0E90423A16B0C480A69F2
:109190004B690C4C504304FB0300A2FB04345A1CE3
:1091A000044444F10000C1E9042020F0004010BD57
:1091B0002C6300200E33CDAB34126DE6ECDE0500DF
:1091C0002DF451582D7F954C024B0A4601461868E4
:1091D00003F0AFB92C63002038B5064D00230446D8
:1091E00008462B60F6F72AFD431C02D12B6803B119
:1091F000236038BD386601200CB430B5174B0C1E07
:109200001D689DB008DA8B232B604FF0FF301DB036
:10921000BDE8304002B070474FF40273ADF814302F
:1092200014BF04F1FF332346049307934FF6FF73F3
:1092300002900690ADF81630209A21AB02A928467C
:10924000019303F0F7F9431CBCBF8B232B60002C68
:10925000DDD0029B00221A70D9E700BF2C630020EA
:109260000EB400B59CB01DAB029006906FF00041AB
:10927000094807910491094953F8042B05910068A6
:10928000019302A903F0D6F9029B00221A701CB0C8
:109290005DF804EB03B070472C6300200802FFFF69
:1092A00010B50C46B1F90E1003F0C4FA0028ABBF9C
:1092B000636DA3891B1823F48053ACBF6365A3813E
:1092C00010BD2DE9F0411F468B89DB0505460C4694
:1092D000164605D5B1F90E100223002202F056FC05
:1092E000A389B4F90E1023F48053A38132463B4680
:1092F0002846BDE8F04101F029B810B50C46B1F997
:109300000E1002F043FC431CA38915BF606523F4D3
:10931000805343F48053A38118BFA38110BDB1F9DA
:109320000E1001F09BB8000070B50C4D04462E469F
:1093300014F8013B5A5D02F00302012A11F8012BD7
:10934000B05C00F0030008BF2033012808BF2032C2
:10935000981A01D1002AEBD170BD00BFE12F0700A0
:1093600010B50246147813460132002CFAD1013BA5
:1093700011F8012B03F8012F002AF9D110BDC9B251
:10938000034610F8012B1AB18A42F9D118467047EA
:10939000002918BF0023F9E710F8012B11F8013B51
:1093A000012A28BF9A42F7D0D01A7047034611F815
:1093B000012B03F8012B002AF9D1704770B5034641
:1093C0001E4613F8014B44B14A1E01E0A54204D0E9
:1093D00012F8015F002DF9D1F2E7301A70BD034693
:1093E00013F8012B002AFBD1181A0138704710B569
:1093F0006AB10139841810F8013B11F8012F93422A
:1094000003D1A04201D0002BF5D1981A10BD10460F
:10941000FCE710B50139034632B111F8014F03F8EA
:10942000014B013A002CF7D11A440021934200D19C
:1094300010BD03F8011BF9E738B503460C4669B9BE
:10944000BDE83840FFF79BBF431C05462146184640
:10945000FFF795FF0028F7D1284638BD0025F5E72E
:1094600070B503461E4613F8014B3CB14A1E01E09D
:10947000A542F7D012F8015F002DF9D1301A70BD66
:1094800070B504460D4645EC104B164602F00EFF33
:1094900051EC100B7EB1C5F30A53C3F16B03002BE3
:1094A00009DD1B0503F17F55002405F54015224613
:1094B0002B46FEF777F870BD2DE9F04FA3B01F469D
:1094C00000231E93A44B19921B6807930446184669
:1094D0008846FFF784FF4FF0000A05464FF0000B67
:1094E000CDF874801D9B1A782B2A4CD039D80D2AC0
:1094F00032D8082A32D8002A3CD000230E931D9E71
:109500003378302B40F0B480737803F0DF03582BAE
:109510006CD10E9B01931EAB029700938F4A1FAB39
:109520001DA9204602F034F810F00707054605D0C3
:10953000062F2AD1013600231D960E93199B002B6E
:1095400040F096850E9BDBB152460BF1004343EC95
:10955000102B23B0BDE8F08F202ACED101331D930C
:10956000C0E72D2AC9D101220E925A1C1D925B78A8
:10957000002BC4D1199BCDF87480002B40F0768568
:1095800052465B46E3E70022EEE71E9A3AB13521E8
:1095900020A802F08AFF1E99204602F0BFFB013F7F
:1095A000052F07D8DFE807F00E0B181D0E034FF04C
:1095B000000BDA462807C1D54BF0004BBEE7DDE9CA
:1095C00020ABF7E7DDE920A31F9A23F4801302F212
:1095D000334243EA025BEDE7DFF884B14FF0000A63
:1095E000E8E76FF0004B4FF0FF3AE3E71D9B5A1C92
:1095F0001D925B78302BF9D0002B9FD001234FF0C8
:10960000000904931D9B0A93CDF824904F460A222B
:109610001D980678A6F13003D9B209292AD90799ED
:109620002A46FFF7E4FE98B3002033463D460790F4
:109630000246652B01D0452B18D11DB9049B03436D
:1096400098D00025DDF8748008F101031D9398F887
:1096500001302B2B75D02D2B7BD04FF0000CA3F1BC
:109660003001092940F28280CDF8748000269DE007
:109670000023C4E7082FD8BF099900F10100DABF21
:1096800002FB0133099302FB093901371D90BFE743
:109690001D9B5A191D925B5D002F37D007903D46E8
:1096A000A3F13002092A12D90122C2E71D9B5A1CDC
:1096B0001D925B780130302BF8D0A3F13102082ADB
:1096C00000F2DB841D9A079000200A920546303B89
:1096D00000F1010214D00799114407912A4600EBCA
:1096E000050E0A21724513D12A18082A05F1010531
:1096F00005441CDC09990A2202FB0133099300226C
:109700001D9B591C1D915B781046C9E73846D2E76E
:10971000082A04DC099E4E4309960132E2E702F171
:10972000010CBCF1100FD8BF01FB09F9F5E7102DB2
:10973000DCBF0A2202FB0939E1E70023079301227B
:109740007CE74FF0000C08F102031D9398F80230FB
:1097500085E74FF0010CF6E754310700902F070022
:109760000000F07F1D9B591C1D915B78302BF9D0B8
:10977000A3F1310108293FF679AFA3F1300E1D9B0B
:1097800008931D9B591C1D915B78A3F13006092E8F
:1097900037D9089E891B082944F61F6602DC7645E6
:1097A000A8BF7646BCF1000F00D07642002D4FD105
:1097B000049901437FF4C2AE002A7FF4DBAE692B2B
:1097C00027D024DC492B24D04E2B7FF4D3AE9E49E6
:1097D0001DA802F023F900283FF4CCAE1D9B1B7896
:1097E000282B2DD1994920AA1DA802F02BF9052874
:1097F00026D1219BDDF880A043F0FF4B4BF4E00B1A
:109800009CE60A2101FB0E3EAEF1300EB9E76E2B4D
:10981000DBE78F491DA802F001F900283FF4AAAE4A
:109820001D9B8C49013B1DA81D9302F0F7F810B950
:109830001D9B01331D93DFF82CB24FF0000A7DE62B
:10984000854803F009F88DED040BDDE904AB75E6FE
:10985000079B0998F31A002F08BF2F46102D089375
:10986000A846A8BF4FF01008FDF722FE092D82463A
:109870008B4613DD794B03EBC80353E91223FDF745
:1098800091FE824648468B46FDF712FE02460B4685
:1098900050465946FDF7D0FC82468B460F2D38DCEA
:1098A000089B002B3FF44AAE24DD162B0BDC6B4DDE
:1098B00005EBC305D5E9000152465B46FDF772FE94
:1098C00082468B463AE6089AC5F12503934220DB8F
:1098D000624CC5F10F0504EBC50152465B46D1E968
:1098E0000001FDF75FFE089B5D1B04EBC504D4E996
:1098F0000023E3E7089B16330BDB079B574A9E1BAD
:1099000002EBC606D6E9002350465946FDF774FF20
:10991000D6E7089BA5EB08089844B8F1000F71DD65
:1099200018F00F030AD04D4901EBC30152465B46C4
:10993000D1E90001FDF736FE82468B4638F00F086C
:109940004DD0B8F59A7F22DD00252E460995079562
:109950002223DFF810B123604FF0000A099B002B8F
:109960003FF4ECAD1E99204602F0D8F90799204645
:1099700002F0D4F93146204602F0D0F90999204688
:1099800002F0CCF92946204602F0C8F9D6E50023BA
:109990004FEA2818504659469946B8F1010F21DC84
:1099A0000BB182468B462E4BABF1547B03EBC909BE
:1099B00052465B46D9E90001FDF7F4FD294B0A4602
:1099C0000B4029498B428246BED8A1F580118B42BB
:1099D00086BFDFF898B04FF0FF3A02F1547B0023C6
:1099E000049381E018F0010F07D01D4B03EBC9036E
:1099F000D3E90023FDF7D6FD012309F101094FEA60
:109A00006808CAE7EBD0C8F1000818F00F020AD0C6
:109A1000124B03EBC20350465946D3E90023FDF72E
:109A2000EBFE82468B465FEA2818D8D0B8F11F0FAC
:109A30001EDD00252E460995079522234FF0000ACA
:109A40004FF0000B236089E7662F0700A42F070063
:109A50005E2F0700E4300700432F07009031070016
:109A6000683107000000F07F0000A07CFFFFEF7F5F
:109A700018F0100318BF6A23DFF8B493049350461C
:109A80005946002318F0010F04D0D9E90023FDF74F
:109A900089FD01235FEA680809F10809F2D10BB1D9
:109AA00082468B46049BBBB1CBF30A53C3F16B03D5
:109AB000002B594610DD1F2B40F32881342BDEBFCD
:109AC000203B4FF0FF3202FA03F34FF0000ACCBF05
:109AD0004FF05C7B03EA010B0022002350465946FD
:109AE000FDF7C8FF0028A4D1099B00930A992B46D3
:109AF0003A46204602F067F9099000283FF424AF67
:109B0000079B9E1B089B002BB4BF3346002310937A
:109B1000089B002523EAE37318932E46099B2046F1
:109B2000596802F0C7F8079000283FF411AF099B6D
:109B30001A69023203F10C0192000C30FEF73EFC70
:109B40004BEC10AB20AA1FA92046CDE90AAB02F0CE
:109B500029FC1E9000283FF4FBAE0121204602F0B4
:109B6000C0F9064600283FF4F3AE1F9B0499002B72
:109B7000ABBF109A189A189FDDF84090ACBF03EB6A
:109B80000209D71A209AA3EB01089044A34B08F1CD
:109B9000FF389845C2F1360280F2CC80A3EB08036F
:109BA0001F2BA2EB03024FF0010100F3B68001FA74
:109BB00003F3119300230C9309EB0208049BC145A6
:109BC00017441F444B46A8BF4346BB42A8BF3B4671
:109BD000002BC2BFA8EB0308FF1AA9EB0309109BD7
:109BE000002B17DD31461A46204602F01FFA0646C2
:109BF00000283FF4ADAE01461E9A204602F07AF9E5
:109C00000F9000283FF4A4AE1E99204602F086F87B
:109C10000F9B1E93B8F1000F00F39180089B002B5F
:109C200008DD189A0799204602F000FA07900028EC
:109C30003FF48EAE002F08DD07993A46204602F029
:109C400043FA079000283FF483AEB9F1000F08DD16
:109C500031464A46204602F037FA064600283FF4CD
:109C600077AE079A1E99204602F0A9FA0546002809
:109C70003FF46EAEC3680F930023C360314602F019
:109C800082FA002865DA0F9B53EA0A0340F08780C6
:109C9000CBF31303002B40F082802BF000431B0D0D
:109CA0001B05B3F1D66F7AD96B6913B92B69012BF8
:109CB00075DD29460122204602F006FA31460546A6
:109CC00002F061FA00286ADD0499554A5B460029D2
:109CD00000F0858002EA0B01B1F1D66F7FDCB1F1B3
:109CE0005C7F7FF7AAAE4F4A0023CDE9163250467B
:109CF000DDE916235946FDF755FC0B46034308BF23
:109D0000222382468B4608BF23602BE64FF0FF32AA
:109D100002FA03F303EA0A0ADEE6C8F17F4808F50F
:109D20007F0808F57B4808F1E20801FA08F30C9374
:109D3000119141E700230C93012311933CE71E99F5
:109D40004246204602F0C0F91E9000287FF466AF1C
:109D5000FEE55F466ED10F9ACBF3130342B3324A4E
:109D6000934228D1049B5046EBB12D4A3A40B2F1C0
:109D7000D46F4FF0FF3119D8120DC2F16B0301FA05
:109D800003F3984217D1294B9F4202D101303FF48F
:109D9000DFAD234B3B4003F5801B4FF0000A049BD3
:109DA000002BA0D1DEE54FF0FF33EAE70B46E8E7F2
:109DB00053EA0A0388D00C9BDBB13B42EFD00F9BE8
:109DC000049A50465946C3B1FFF75AFB02460B4668
:109DD000DDE90A01FDF730FA82468B46DFE71340E2
:109DE000A3F580136FEA135B6FEA0B5B4FF0FF3A4A
:109DF000D5E7119B13EA0A0FE0E7FFF741FB0246A4
:109E00000B46DDE90A01FDF715FA00220023824620
:109E10008B46FDF72FFE0028C1D00EE602FCFFFFA7
:109E20000000F07F00005039FFFF0F00FFFFEF7FC1
:109E3000B82F07003146284602F004FB59EC108B7E
:109E400010EE100A00224FF080434946FDF726FE2F
:109E500000287CD00F9B002B4CD0954B0022CDE9E5
:109E60000C23DFF84C924FF00008924B3B401193CB
:109E7000119A914B9A4240F0B280DDE90A23DDE964
:109E80000C01A7F1547B4BEC10ABCDE91623CDE9C7
:109E90000C0102F00BFADDE90C0153EC102BFDF77D
:109EA00081FB52465B46FDF7C7F90B468149834A61
:109EB0001940914282465ED90B9B02F15472934243
:109EC00003D10A9B01333FF443ADDFF8FCB14FF0FF
:109ED000FF3A1E99204601F021FF0799204601F024
:109EE0001DFF3146204601F019FF2946204601F0AA
:109EF00015FF13E6BAF1000F1BD1CBF31303F3B92F
:109F00006B4B002240464946FDF7BEFDD0B94046A6
:109F100049466B4B0022FDF745FB8046894609F117
:109F20000043CDF868801B93DDE91A23CDE90C23AB
:109F30009BE7BAF1010F02D1002F3FF47EAD614BD8
:109F400000228CE7DFF878914FF00008E7E75C4BE0
:109F5000404649460022FDF725FB0F9B8046894677
:109F600033B901F1004312901393DDE91223DDE7C9
:109F7000CDE91289F9E703F1547B049B002BA8D1AA
:109F80002BF00043119A1B0D1B059A42A1D14046AC
:109F90004946FDF789FFFDF7D7FA02460B464046D2
:109FA0004946FDF747F90F9ACBF3130343EA0A0337
:109FB00013438046894653D035A3D3E90023FDF7E8
:109FC00063FD00287FF4CEAC33A3D3E900234046E1
:109FD0004946FDF777FD00283FF47BAFC2E4049BC0
:109FE00033B3119BB3F1D46F22D82DA3D3E900234F
:109FF00040464946FDF752FDA0B149464046FDF7AF
:10A00000A9FD012838BF0120FDF752FA0F9B8046B9
:10A01000894613BB01F1004314901593DDE9142325
:10A02000CDE90C230D9B119A03F1D6639B1A0D9376
:10A03000DDE90C019DED0A0BCDE90C0102F036F9CA
:10A04000DDE90C0153EC102BFDF7ACFADDE90A2336
:10A05000FDF7F2F882468B468FE7CDE91489DDE7FC
:10A0600011A3D3E90023FDF70FFDB4E700230E93FE
:10A07000199A1D9B1360FFF765BA652B3FF45DAB22
:10A08000452B3FF45AAB0122FFF792BBAFF30080A0
:10A090009535A094FFFFDF3F35E5AF350000E03F89
:10A0A0000000C0FFFFFFDF419535A094FFFFCF3FC9
:10A0B0000000F03F0000F07F0000E07FFFFF9F7C8A
:10A0C0000000E03F0000F0BFFFFFEF7F0A460146BF
:10A0D0000248034B0068FFF7EFB900BF2C63002074
:10A0E00094630020134B73B51E68B46D0546C4B964
:10A0F00050200191F3F774FAB065C0E90044C0E95B
:10A100000244C0E90444C0E90A44C0E90C44C0E97F
:10A110000E44C0E91044C0E91244019984610477F7
:10A120004462B26D0123284602B0BDE8704000F0E1
:10A1300003B800BF2C630020F0B508B9106888B1DF
:10A140000446204614F8015B0F4617F8016B1EB950
:10A1500065B91560284605E0B542F6D1002BF0D16F
:10A1600014600370F0BD1C460CE015B914F8013BF7
:10A170000E4616F8015BAB42F7D1002BF3D000235B
:10A1800004F8013C1460EDE72DE9F0433B4E8646B0
:10A190008C4660461CF8014BA55D15F00805F8D10A
:10A1A0002D2C34D19CF800404FF0010800F1020C36
:10A1B000002B5ED0102B0CD1302C0AD19CF8000063
:10A1C00000F0DF0058284FD19CF8014010230CF11B
:10A1D000020C4FF0FF370025B7FBF3F703FB07F93D
:10A1E0006FEA09092846A4F13006092E18D834462A
:10A1F000A34224DD002D1FDB87421DD301D1A145E1
:10A200001ADB00FB034001251CF8014BEBE72B2C6C
:10A2100008BF9CF80040A84608BF00F1020CC7E741
:10A22000A4F14106192E01D8373CE1E7A4F16106FB
:10A23000192E04D8573CDBE74FF0FF35E4E7002D3B
:10A2400007DA2223CEF800304FF0FF3042B9BDE8E4
:10A25000F083B8F1000F00D04042002AF7D00DB1D2
:10A260000CF1FF311160F2E73024002BB1D108234B
:10A27000AFE7302CA2D00A23ABE700BFE12F0700E5
:10A2800013460A46014602480068FFF77DBF00BF3B
:10A290002C630020034BC35C03F00303012B08BFB6
:10A2A00020307047E12F0700F8B50E4614460546EA
:10A2B00018B183690BB901F067F8214B9C422BD18F
:10A2C0006C68A369A360A3891A072FD523696BB3B0
:10A2D00023692068C01A6369F6B28342374604DCFA
:10A2E0002146284600F0BCFF30BBA368013BA360B9
:10A2F00023685A1C22601E7063690130834204D0B7
:10A30000A389DB0706D50A2E04D12146284600F092
:10A31000A7FF88B93846F8BD0A4B9C4201D1AC680A
:10A32000CFE7094B9C4208BFEC68CAE721462846A4
:10A3300000F01EF80028CBD04FF0FF37EAE700BF4F
:10A340001031070030310700F030070038B5074DF5
:10A3500004460846114600222A601A46F5F754FCC6
:10A36000431C02D12B6803B1236038BD386601203D
:10A37000324B70B51D6806460C4625B1AB6913B962
:10A38000284601F001F82E4B9C420FD16C68A3893E
:10A39000B4F90C2019072CD4DD0611D4092333603D
:10A3A00042F04003A3814FF0FF303EE0254B9C423A
:10A3B00001D1AC68EBE7244B9C4208BFEC68E6E7B0
:10A3C000580712D5616B41B104F14403994202D0A0
:10A3D0003046FEF733F800236363A38923F0240398
:10A3E000A3810023636023692360A38943F00803EA
:10A3F000A38123694BB9A38903F42073B3F5007FCC
:10A4000003D02146304601F0F7FBA089B4F90C20B7
:10A4100010F001030AD00023A36063695B42A361CB
:10A42000236943B910F08000BAD170BD810758BFCD
:10A430006369A360F4E70020F7E700BF2C63002006
:10A440001031070030310700F030070008B5062052
:10A4500002F032FA012002F0BBFA000038B5064DD6
:10A460000023044608462B6002F07AFA431C02D10E
:10A470002B6803B1236038BD386601202DE9F74F02
:10A4800003690C69A3420746C0F28180013C01F1D7
:10A49000140800F1140505EB8403019358F82430E7
:10A4A00055F8242001339A424FEA840B08EB8409C3
:10A4B000B2FBF3F631D34FF0000E4046AC46F24605
:10A4C00050F8042B93B206FB03E34FEA134E9BB202
:10A4D000AAEB0303120CDCF800A006FB02E213FA5D
:10A4E0008AF34FEA124E1FFA82FADCF80020CAEB18
:10A4F000124202EB23429BB243EA024381454CF8ED
:10A50000043B4FEA224ADBD255F80B302BB9019BB2
:10A51000043B9D421A462ED33C61384601F033FE7F
:10A52000002824DB013628464FF0000C58F8042B95
:10A53000D0F800E093B2ACEB0303120C13FA8EF3E5
:10A54000C2EB1E4202EB23429BB243EA0243C145E7
:10A5500040F8043B4FEA224CE8D255F8242005EBA2
:10A56000840322B9043B9D421A460AD33C6130461B
:10A5700003B0BDE8F08F1268043B002ACCD1013C47
:10A58000C7E71268043B002AF0D1013CEBE700204A
:10A59000EEE70000000000002DE9F04F2DED028BEA
:10A5A00057EC106B95B0456ADDF880800591CDE9D8
:10A5B0000267044609920F933DB91020F3F710F893
:10A5C000C0E9015560620560C560636A196851B1F0
:10A5D0005A684A60012393408B60204601F09EFB3D
:10A5E000636A00221A603B1EB9BF23F00043039345
:10A5F0000023C8F80030DDF80C90B74BBCBF012237
:10A60000C8F8002033EA09031BD10F9A42F20F73F6
:10A610001360C9F31303334300F07585219B63B9BD
:10A62000AE4B25E0AE4B00930833219A136000989F
:10A6300015B0BDEC028BBDE8F08FA84B009303333F
:10A64000F3E79DED027B002251EC170B00238DED0B
:10A650000A7BFDF70FFA804660B10F9A0123136061
:10A66000219B002B00F04C859E4B219A1360013BEF
:10A670000093DCE79DED0A0B12AA13A9204601F016
:10A6800091FEC9F30A558246002D7ED00B9BCDF872
:10A690004080C3F31303DDE90A6743F07F5747F4B3
:10A6A0004017A5F2FF35904B002230463946FCF7A3
:10A6B000C1FD83A3D3E90023FCF774FF82A3D3E990
:10A6C0000023FCF7B9FD064628460F46FCF700FFBD
:10A6D0007FA3D3E90023FCF765FF02460B46304613
:10A6E0003946FCF7A9FD06460F46FDF70BFA002296
:10A6F0008146002330463946FDF7C6F948B1484641
:10A70000FCF7E6FE32463B46FDF7B4F908B909F11D
:10A71000FF39B9F1160F56D8744B03EBC903D3E9CF
:10A720000023DDE90A01FDF7AFF900284DD009F15A
:10A73000FF3900230E93129B5D1B6B1E049343BFD6
:10A740000023C5F1010804934FF00008B9F1000F90
:10A750003DDB049BCDF834904B44049300230693D7
:10A76000059B092B00F29A80052BC4BF043B05937F
:10A77000059BA3F10203CCBF00250125032B00F2AA
:10A780009980DFE803F02C7D7B89DDE912531D44BD
:10A7900005F23243202BC1BFC3F1400305F2124042
:10A7A00009FA03F326FA00F0DABFC3F1200306FA30
:10A7B00003F01843FCF77CFE01230646A1F1F8776D
:10A7C000013D10936FE70123B4E70E90B3E7C9F1A1
:10A7D000000306930023A8EB09080D93C0E70023AC
:10A7E0000893099B002B00F385804FF0010BCDF8F7
:10A7F00004B05B46CDF824B0666A00227260042281
:10A8000002F11400984271687AD9204601F052FA98
:10A81000636A30601B680093019B0E2B00F2F58089
:10A82000002D00F0F280B9F1000F7DDD2F4A09F014
:10A830000F0302EBC30393ED007B19F4807F4FEA13
:10A840002917B0EE478AF0EE678A5DD0284BDDE924
:10A850000A01D3E90823FCF7CFFFCDE9020107F095
:10A860000F070325224E002F50D1DDE9020153ECE2
:10A87000182BFCF7C1FFCDE902016FE00123AFE720
:10A8800000230893099B09EB030B0BF10103012B38
:10A890000193B8BF0123AFE70123F2E701250023AD
:10A8A000059308954FF0FF3B0022CDF804B012232A
:10A8B0000992A1E701230893F4E700BFAFF30080FA
:10A8C00061436F63A787D23FB3C8608B288AC63FB6
:10A8D000FB799F501344D33F0000F07FEA3007001C
:10A8E000E13007006A2F07000000F83F90310700B1
:10A8F00068310700DDF824B0CDF804B05B467BE793
:10A900000131716052007BE70225ABE7F90708D5FA
:10A9100051EC180BD6E90023FCF744FE41EC180B70
:10A9200001357F1008369EE700F0AB80C9F10006C4
:10A93000AA4BAB4F06F00F0203EBC203D3E900238F
:10A94000DDE90A01FCF72EFECDE9020136110023F4
:10A950000225002E40F08A80002B8CD10E9B002B0C
:10A9600000F09180DDE902679E4B002230463946B7
:10A97000FDF78AF8002800F08680019B002B00F08C
:10A980008280BBF1000F3CDD09F1FF330793002209
:10A99000954B30463946FCF705FECDE902010135FD
:10A9A000CDF830B0DDE902672846FCF791FD32466C
:10A9B0003B46FCF7F7FD8D4B0022FCF73DFCA1F177
:10A9C0005073CDE9020103930C9B002B60D1884B9F
:10A9D000002230463946FCF72DFCDDE9022306460D
:10A9E0000F46FDF76FF8002840F09982DDE902215B
:10A9F000304601F100433946FDF746F8002840F0A3
:10AA00008B82DDE90A23CDE90223139B002BC0F2E0
:10AA10005B81B9F10E0F00F35781704B03EBC90353
:10AA200093ED007B099BB0EE478AF0EE678A002B1E
:10AA300080F2E280019B002B00F3DE8040F06C820C
:10AA40006B4B51EC170B0022FCF7ACFDDDE9022348
:10AA5000FDF72EF8019E3746002840F04282009D07
:10AA6000312305F8013B09F101093EE2F20705D562
:10AA7000D7E90023FCF796FD01350123761008374E
:10AA800067E702256AE7019BCDF81C900C9389E7E4
:10AA900000990C980C9A514B9DED027B0144029158
:10AAA0000899B0EE478AF0EE678A03EBC20353E9D8
:10AAB0000223002945D04F490020FCF79DFE53ECAE
:10AAC000182BFCF7B7FB009D41EC180B39463046BC
:10AAD000FDF718F80C90FCF7FBFC02460B463046DD
:10AAE0003946FCF7A7FB0C9B303305F8013B53ECD0
:10AAF000182B06460F46FCF7C7FF002865D13246E3
:10AB00003B4638490020FCF795FB53EC182BFCF72B
:10AB1000BBFF002840F0B880029B9D423FF471AF1C
:10AB2000314B51EC180B0022FCF73CFD2E4B41EC55
:10AB3000180B002230463946FCF734FD06460F4616
:10AB4000C4E751EC170BFCF72DFD029B009D0C9305
:10AB500041EC180B39463046FCF7D4FF1190FCF756
:10AB6000B7FC02460B4630463946FCF763FB119BA7
:10AB7000303305F8013B029B9D4206460F464FF0DD
:10AB8000000225D11B4B51EC180BFCF755FB02467C
:10AB90000B4630463946FCF795FF002874D153EC3C
:10ABA000182B14490020FCF745FB02460B463046A3
:10ABB0003946FCF769FF00283FF423AF0C9D6B1E5C
:10ABC0000C9315F8013C302BF8D0DDF81C9049E0CF
:10ABD000054BFCF7E7FC06460F46BBE79031070044
:10ABE000683107000000F03F0000244000001C40D6
:10ABF000000014400000E03FDDE90267009D53ECD7
:10AC0000182B30463946FCF7F7FDFCF77BFF8046F2
:10AC1000FCF75EFC53EC182BFCF7C4FC02460B4619
:10AC20003046394608F13006FCF704FB05F8016BA5
:10AC3000009E019FAE1BB74202460B4637D1FCF780
:10AC4000FBFA53EC182B06460F46FCF73BFFC8B93E
:10AC500053EC182B30463946FCF70CFF10B118F0B6
:10AC6000010F0FD12046514601F058F800232B70F8
:10AC70000F9B09F101001860219B002B3FF4D7AC1A
:10AC80001D60D4E4CDF81C902B461D4613F8012D11
:10AC9000392A08D1009A9A42F7D1079A00990132CD
:10ACA000079230220A701A7801321A708DE79E4B93
:10ACB0000022FCF777FC0022002306460F46FCF733
:10ACC000D9FE00289BD0CDE7089A002A00F0C68064
:10ACD000059A012A00F3AA80109A002A00F0A280A7
:10ACE00003F23343069E4546049A01211A44204646
:10ACF0009844049201F0F5F80746002D0BDD049B03
:10AD0000002B08DDAB42049AA8BF2B46A8EB030832
:10AD1000ED1AD31A0493069BFBB1089B002B00F09D
:10AD2000A180002E11DD39463246204601F07EF921
:10AD3000524601460746204601F0DCF8514607908E
:10AD4000204600F0EBFF079B9A46069B9A1B04D017
:10AD50005146204601F06AF982460121204601F061
:10AD6000C0F80D9B002B06467EDD1A4601462046A4
:10AD700001F05CF9059B012B064678DD0023069364
:10AD8000336906EB8303186901F05BF8C0F120001A
:10AD9000049B184410F01F0000F08880C0F12003CD
:10ADA000042B40F38180C0F11C00049B03448044C9
:10ADB00005440493B8F1000F05DD51464246204694
:10ADC00001F082F98246049B002B05DD31461A46CC
:10ADD000204601F079F906460E9B002B68D03146DB
:10ADE000504601F0D0F9002862DA002351460A22C9
:10ADF000204600F0AAFF089B09F1FF398246002B8C
:10AE000000F08881394600230A22204600F09DFF89
:10AE1000BBF1000F074600F38F80059B022B40F328
:10AE20008B804DE0129BC3F136035BE7019B5E1EF6
:10AE3000069BB342BFBF069B0696F21A0D9BB6BF98
:10AE40009B189E1B0D93019BB8BF0026002BB5BF1E
:10AE5000A8EB0305019B0023454645E7069E089F96
:10AE600045464AE7069A73E7059B012B18DC029BCF
:10AE7000B3B9039BC3F31303A3B9039B23F00043AC
:10AE80001B0D1B052BB1049B0133049308F1010832
:10AE9000012306930D9B002B7FF472AF012077E70F
:10AEA0000023F6E7029BF4E784D018461C307CE7C9
:10AEB000019B002B3ADC059B022B37DDDDF804B04B
:10AEC000BBF1000F0DD131465B460522204600F054
:10AED0003CFF01460646504601F055F900283FF771
:10AEE000BEAD099B009D6FEA03094FF00008314693
:10AEF000204600F013FF002F3FF4B4AEB8F1000F6E
:10AF000005D0B84503D04146204600F007FF39463A
:10AF1000204600F003FFA5E600263746E1E70C9E39
:10AF2000DDF81C9037469AE500002440089BDDF8C8
:10AF300004B0002B00F0F580002D05DD39462A46CF
:10AF4000204601F0C1F80746069B002B55D07968D2
:10AF5000204600F0AFFE3A6902320546920007F142
:10AF60000C010C30FDF72AFA01222946204601F097
:10AF7000ABF8009B01330193009B5B440793029B5A
:10AF800003F00103B84606930746019B314650463D
:10AF900003F1FF3BFFF772FA03463033029041465C
:10AFA0005046089301F0EFF83A46049031462046A7
:10AFB00001F005F9C268089B054602BB01465046F0
:10AFC00001F0E1F8089B024629462046CDE9083207
:10AFD00000F0A4FE059B099A019D43EA0201069B2D
:10AFE0000B43089B0DD1392B27D0049A002A01DD91
:10AFF000029B31338BF8003079E73846B9E70122FC
:10B00000E2E70499002904DB05980143069801430F
:10B0100020D1002AEEDD514601222046019301F0A5
:10B0200053F83146824601F0AEF80028019B02DC5D
:10B03000E0D1DA07DED5392BDAD139238BF80030AD
:10B040002B461D46013B15F8012C392A50D0013200
:10B050001A704CE7002A03DD392BEED00133C9E723
:10B06000019A079902F8013C8A422AD051460023EE
:10B070000A22204600F069FEB84582464FF00003E0
:10B080004FF00A024146204607D100F05EFE80469E
:10B090000746019B0133019377E700F056FE3946DE
:10B0A000804600230A22204600F04FFE0746F0E7C4
:10B0B000BBF1000F009ACCBF5D46012515444FF04F
:10B0C0000008514601222046019300F0FDFF314661
:10B0D000824601F058F80028B2DC02D1019BDB0760
:10B0E000AED42B461D4613F8012D302AFAD0FEE6C9
:10B0F000009A9A42A5D1312309F101091370F6E6AD
:10B10000124BFFF7B5BA219B002B7FF48BAA104B93
:10B11000FFF7AEBABBF1000F03DC059B022B3FF734
:10B12000CFAE009D31465046FFF7A8F900F130033D
:10B1300005F8013B009AAA1A9345B9DD5146002350
:10B140000A22204600F001FE8246EBE7692F070045
:10B15000E13007008A892DE9F041054610070C46C9
:10B1600058D44B68002B05DC0B6C002B02DC002054
:10B17000BDE8F081E66A002EF9D0002312F4805277
:10B180002F682B6032D0606DA3895A0705D563689C
:10B19000C01A636B0BB1236CC01A00230246E66A27
:10B1A000216A2846B047431CA38906D129681D2976
:10B1B0002CD82A4ACA40D60728D500226260D90472
:10B1C0002269226004D5421C01D12B6803B9606555
:10B1D000616B2F600029CAD004F14403994202D068
:10B1E0002846FDF72BF900206063C1E7216A01239F
:10B1F0002846B047411CC7D12B68002BC4D01D2B5B
:10B2000001D0162B01D12F60B1E7A38943F0400391
:10B21000A381ADE70F69002FA9D093070E6808BF7F
:10B220004B690F6018BF0023A6EB07088B60B8F1CD
:10B23000000F9CDD216AA66A43463A462846B0477D
:10B24000002806DCA38943F04003A3814FF0FF30C0
:10B250008EE70744A8EB0008E9E700BF01004020A3
:10B2600038B50B6905460C4613B90025284638BD8C
:10B2700018B183690BB900F087F8144B9C421BD1BD
:10B280006C68B4F90C30002BEFD0626ED00704D498
:10B29000990502D4A06D00F076FC28462146FFF700
:10B2A00059FF636EDA070546E0D4A3899B05DDD418
:10B2B000A06D00F069FCD9E7054B9C4201D1AC6858
:10B2C000DFE7044B9C4208BFEC68DAE71031070067
:10B2D00030310700F0300700002310B50446C0E904
:10B2E0000033C0E90433836081814366C281836196
:10B2F000194608225C30FDF789F8054B6362054B5F
:10B30000A362054BE362054B2462236310BD00BFBB
:10B31000A1920600C3920600FB9206001F9306004E
:10B32000014900F0AFB800BF61B2060070B54A1E17
:10B33000682555430E4605F17401FDF7CFF8044624
:10B3400040B10021C0E900160C30A06005F1680290
:10B35000FDF75CF8204670BD014800F014BC00BF4A
:10B3600030660120014800F00FBC00BF30660120AC
:10B37000014800F008BC00BF2F660120014800F022
:10B3800003BC00BF2F66012010B50446FFF7F0FF95
:10B39000A3691BB1BDE81040FFF7F0BFC4E9123349
:10B3A0002365134B134A1B68A262A34204BF012307
:10B3B000A361204600F020F86060204600F01CF8F1
:10B3C000A060204600F018F80022E06004216068C8
:10B3D000FFF782FFA06801220921FFF77DFFE068E7
:10B3E00002221221FFF778FF0123A361D2E700BFF9
:10B3F000442F070021B30600F8B50746FFF7ACFF5E
:10B400001E4B1E68B36913B93046FFF7BDFF4836BF
:10B41000D6E90134013B03D533680BB33668F7E74F
:10B42000B4F90C50D5B9164BE36004F158006566C9
:10B4300000F0A8FBFFF796FFC4E90155C4E90455E5
:10B440002560A5610822294604F15C00FCF7DEFFB7
:10B45000C4E90D55C4E912552046F8BD6834D9E752
:10B4600004213846FFF762FF044630600028D5D13A
:10B47000FFF778FF0C233B60EEE700BF442F070087
:10B480000100FFFF2DE9F8430646884600F1480415
:10B490000027D4E90195B9F1010905D52468002CEC
:10B4A000F7D13846BDE8F883AB89012B07D9B5F948
:10B4B0000E30013303D029463046C0470743683574
:10B4C000E9E70369B3EB611F2DE9F0434FEA61122D
:10B4D00000F1140445DD11F01F0104EB830604EBB9
:10B4E00082050CD100F110072946B14234D39B1AD2
:10B4F0009B00EA1E964238BF0023234415E054F80F
:10B500002270C1F12008CF4005F1040EA146764516
:10B51000F44615D89B1A9A00043A0135AE4238BF5A
:10B520000022A318A75007B104331A1BA3424FEA05
:10B53000A20208BF0023026108BF4361BDE8F08397
:10B54000DCF800C00CFA08FC4CEA070749F8047B59
:10B550005EF8047BCF40DAE751F804CB47F804CF1C
:10B56000C3E72346E1E7A0F13003092B02D82038D6
:10B57000C0B27047A0F16103052B01D84738F7E747
:10B58000A0F14103052B01D82738F1E700207047CF
:10B590002DE9F04F2DED028B89B008EE100A0493CF
:10B5A000BC4B1B68019318468B469046FDF717FF6E
:10B5B000019BDBF800200344824613F8013C05930D
:10B5C000931CC2F1FF2202F57F02FE32D1181F4602
:10B5D00013F8010B00913028F8D0FFF7C4FF0446A0
:10B5E00000283AD1019952463846FDF700FF05463A
:10B5F000002868D117F80A0007EB0A06FFF7B3FF27
:10B60000002862D03346187830281F4603F1010322
:10B61000F9D0FFF7A8FF0123B0FA80F4640935469A
:10B6200000933A46164601323078FFF79CFF002817
:10B63000F8D1019952463046FDF7D9FE80B94DB98F
:10B6400006EB0A052A46164601323078FFF78BFFD3
:10B650000028F8D1AD1BAD0004E000242546E0E74A
:10B66000002DF7D1337803F0DF03502B3BD17378F3
:10B670002B2B2CD02D2B2ED0711C4FF000090878CD
:10B68000FFF771FF431EDBB2182B2CD8A0F110027C
:10B6900011F8010FFFF767FF431EDBB2182B1DD90E
:10B6A000B9F1000F00D052421544CBF80010E4B1BC
:10B6B000009B002B14BF00270627384609B0BDECBD
:10B6C000028BBDE8F08F3E4625460124CAE74FF0C5
:10B6D0000009B11CD3E74FF00109FAE70A2303FB85
:10B6E0000202103AD4E73146DFE7F31B013B214663
:10B6F000072B52DC18EE100A00F0DCFA4FF0000BBA
:10B7000000F11409CAF101030446CDF80890CDF800
:10B7100000B00693B74243D30298009B40F8043B25
:10B72000A0EB0900801046012061184600F089FB5B
:10B73000301AD8F80060B04266DD871B39462046D3
:10B7400000F0D6FE8246A8B17B1E591103F01F02FD
:10B7500059F821104FF0010A0AFA02F20A4209D000
:10B76000534505DDB91E204600F0C2FE002848D131
:10B770004FF0020A39462046FFF7A3FE3D44D8F8B1
:10B780000830AB424FDA18EE100A214600F0C6FA34
:10B79000149A00231360A3278FE701315B10A7E7FA
:10B7A000731E059A039316F8013C934219D0BBF11E
:10B7B000200F07D1029B009A43F8042B0293002329
:10B7C00000939B4616F8010CFFF7CDFE009B00F09E
:10B7D0000F0000FA0BF0034300930BF1040B039BE3
:10B7E0000DE0039B069A1344BB42E0D3184601992F
:10B7F00007935246FDF7FBFD079B0028D7D11E4655
:10B8000088E74FF0030AB5E70ADA371A214618EE3F
:10B81000100A3A4600F058FCED1B044600F11409EA
:10B820004FF0000AABE7D8F80400A8426DDD451BD5
:10B83000AE4231DCD8F80C30022B23D0032B25D0BC
:10B84000012B15D1AE4213D1012E0BD1049AD8F899
:10B850000430136001232361C9F80030149B622770
:10B860001C602AE7711E204600F042FE0028EDD140
:10B8700018EE100A214600F051FA149A00231360C2
:10B8800050271AE7159B002BF2D1DFE7159B002B01
:10B89000DCD1EDE7543107006F1EBAF1000F31D152
:10B8A00027B13946204600F023FE82467B11012154
:10B8B00059F8233007F01F0701FA07F71F422946FE
:10B8C000204618BF4AF0020A761BFFF7FAFDD8F8A7
:10B8D00004500227BAF1000F48D0D8F80C30022BE0
:10B8E00015D0032B17D0012B09D11AF0020F06D067
:10B8F000D9F800004AEA000A1AF0010F0ED147F009
:10B90000100733E04FF0010AD0E70127E2E7159B6B
:10B91000C3F101031593159B002BF0D0D4F81090C0
:10B9200004F114034FEA890B03EB89014FF0000C7B
:10B93000184653F8042BB2F1FF3F1CD001320260CD
:10B94000022F04F114033AD1D8F80020013AB24290
:10B950000AD17111012253F8213006F01F0602FAB4
:10B9600006F61E4218BF174647F02007149B1C60BE
:10B97000049B1D60A1E6994243F804CCD8D8A36883
:10B98000994514DB616818EE100A013100F092F954
:10B990002269023204F10C01824692000C30FCF75D
:10B9A0000DFD214618EE100A00F0B8F9544623693F
:10B9B0005A1C04EB8303226101225A61C0E7226909
:10B9C0004A450BDD01212046FFF77BFDD8F8083002
:10B9D0000135AB42FFF6D7AE0127C5E716F01F06CB
:10B9E000FAD09B44C6F120065BF8040C00F029FA5B
:10B9F000B042E7DBF0E700BFC2F10802920070B589
:10BA0000C2F120064368046803FA06F52C43D340CC
:10BA1000046040F8043F8842F4D370BD30B5036839
:10BA2000013311F8014B14B90360012030BD13F844
:10BA3000012BA2F14105192D98BF2032A242F0D06E
:10BA40000020F3E72DE9F04F0B6801685E1102EB6F
:10BA5000860613F01F0387B018BF04360025371F72
:10BA600082469046019346F8045CB9463C460295EE
:10BA7000AB464A784B1C039342B31046059104929F
:10BA8000FFF771FD00284FD1049A0599202A18D894
:10BA9000029B9B4513DD4C4506D2072D04DC2A464C
:10BAA00049462046FFF7A8FF444550D90023A4F19A
:10BAB000040944F8043CCDF808B04C461D460399EF
:10BAC000D7E7292A56D10231CAF80010BBF1000F7E
:10BAD00050D04C4506D2072D04DC2A464946204664
:10BAE000FFF78AFF444534D9A8F10402234653F8EE
:10BAF000041B42F8041F9F42F9D23B1B23F00303AF
:10BB000004330134033EB44288BF0423434400227B
:10BB100043F8042B9F42FBD23B681BB9474527D112
:10BB200001233B60052026E00135082D0BF1010BB8
:10BB300006DD4445C3D9002344F8043C0125043CF8
:10BB4000226800F00F0040EA02122260B7E70825E1
:10BB5000B5E7019B002BDFD04FF0FF32C3F120038C
:10BB600022FA03F356F8042C1A4046F8042CD3E7C3
:10BB7000043FD1E7042007B0BDE8F08F00487047CC
:10BB800084640020704770477047000038B5074D47
:10BB900004460846114600222A601A4600F008FFB3
:10BBA000431C02D12B6803B1236038BD38660120E5
:10BBB00070B50E46B1F90E10002996B014461D4618
:10BBC00007DA00232B60B3891A0610D44FF4806380
:10BBD0000EE06A4600F09AFE0028F2DB019A02F4B9
:10BBE0007042A2F500535A425A412A60EEE74023C0
:10BBF0000020236016B070BD8B8973B59D07064683
:10BC00000C4607D504F147032360236101236361D8
:10BC100002B070BD01AB6A46FFF7CAFF0099054646
:10BC20003046FCF75BFC48B9B4F90C309A05EFD408
:10BC300023F0030343F00203A381E3E70D4BB36258
:10BC4000A389206043F08003A381009B6361019B73
:10BC500020615BB1B4F90E10304600F069FE28B1E6
:10BC6000A38923F0030343F00103A381A0890543C3
:10BC7000A581CDE721B3060082B001B901A942B187
:10BC80004BB113780B601278101E18BF012002B060
:10BC900070471046FBE76FF00100F8E70148FFF737
:10BCA00072BF00BF2C6601200148FFF76DBF00BFC7
:10BCB0002C66012070B5466A04460D463EB9102038
:10BCC000F1F78EFCC0E9016660620660C660666AD4
:10BCD000F36883B1636ADB6853F82500B8B90121C2
:10BCE00001FA05F6721D92002046FCF797FB60B141
:10BCF000C0E901560EE0212204212046FCF78EFB0C
:10BD0000636AF060DB68002BE4D1002070BD02683C
:10BD100043F825200023C0E90333F7E770B5466AEE
:10BD200005460C463EB91020F1F75AFCC0E9016601
:10BD300068620660C6603CB16B6A6268DB6853F893
:10BD40002210216043F8224070BD2DE9F0410E69B8
:10BD5000074698460C4601F1140000230568A9B275
:10BD600002FB01814FEA114C2D0C02FB05C589B283
:10BD7000013301EB05419E4240F8041B4FEA154890
:10BD8000ECDCB8F1000F1BD0A368B34212DC616891
:10BD900038460131FFF78EFF2269023204F10C01AF
:10BDA000054692000C30FCF709FB21463846FFF7A8
:10BDB000B5FF2C4604EB86030136C3F814802661D8
:10BDC0002046BDE8F0812DE9F8430C4615461F4694
:10BDD00009220833064693FBF2F3002101229A421E
:10BDE00020DB3046FFF766FF089B4361092D4FF0CB
:10BDF0000103036119DD04F10909C8462C4418F850
:10BE0000013B0146303B0A223046FFF79EFFA0452A
:10BE1000F5D1A5F108044C442D1B6319BB4207DB87
:10BE2000BDE8F88352000131D9E70A340925F3E768
:10BE300014F8013B0146303B0A223046FFF785FFEC
:10BE4000EBE7030C1B04D3B90004102310F07F4F61
:10BE500004BF0002083310F0704F04BF0001043328
:10BE600010F0404F04BF80000233002805DB10F0C3
:10BE7000804F03F1010308BF2023184670470023B9
:10BE8000E4E7036813F0070201460BD0DA0724D475
:10BE9000980749BF5B089B0801200B605CBF0B60E3
:10BEA0000220704798B2B0B91B0C102013F0FF0F9E
:10BEB00004BF1B0A08301A0704BF1B0904309A0785
:10BEC00004BF9B080230DA0703D45B0800F10100CD
:10BED00005D00B6070471046E8E70020704720202F
:10BEE000704710B50C460121FFF7E4FE01224461C2
:10BEF000026110BD2DE9F04F15460A692B699A427F
:10BF0000B8BF0B460C46BCBF2C461D462769D5F86A
:10BF10001090A368616807EB0906B342B8BF01310E
:10BF200085B0FFF7C7FE00F1140101EB86080B4650
:10BF3000002243451DD304F1140305F1140203EB61
:10BF4000870702EB890302933B1B153B23F0030396
:10BF5000043304F11505AF4238BF04230193029B5B
:10BF60000392934208D8002E5ADC066105B0BDE862
:10BF7000F08F43F8042BDCE7B2F800A0BAF1000F11
:10BF800024D004F1140E89464FF0000C5EF8045BD7
:10BF9000D9F800B0ABB21FFA8BFB0AFB03B34FEA30
:10BFA000154BD9F8005063444FEA154C0AFB0BC5FA
:10BFB00005EB13459BB243EA0543774549F8043B3B
:10BFC0004FEA154CE2D8019B41F803C0039BB3F83C
:10BFD00002900432B9F1000F20D00B6804F1140C68
:10BFE0008E464FF0000ABCF80050BEF802B009FBC4
:10BFF00005B5AA449BB243EA0A434EF8043B5CF8F9
:10C00000043BBEF800501B0C09FB035303EB1A431F
:10C0100067454FEA134AE6D8019D4B5104319EE72C
:10C0200058F8043D002BA0D1013E9CE72DE9F843D0
:10C03000154612F0030206460F4607D0214C013A7E
:10C04000002354F82220FFF780FE0746AD1035D0BC
:10C05000746A3CB91020F1F7C3FAC0E90144706278
:10C060000460C460D6F82480D8F808404CB940F287
:10C0700071213046FFF735FF0023C8F80800044659
:10C0800003604FF00009EB070AD5394622463046D7
:10C09000FFF730FF394680463046FFF73FFE474600
:10C0A0006D100BD0206838B9224621463046FFF784
:10C0B00021FF2060C0F800900446E4E73846BDE860
:10C0C000F88300BF583207002DE9F0470C46496855
:10C0D000236903EB6218A368074691464FEA621A88
:10C0E00008F10106B3423FDB3846FFF7E3FD0023CA
:10C0F000054600F1140100F110021846534536DBE5
:10C1000020692AEAEA7A04F1140319F01F0901EB05
:10C110008A0103EB800C2ED0C9F1200E8A46002242
:10C12000186800FA09F002434AF8042B53F8042B6C
:10C130009C4522FA0EF2F3D8ACEB0403153B23F036
:10C140000303043304F11500604588BF0423CA507B
:10C150000AB108F10206013E38462E612146FFF77A
:10C16000DDFD2846BDE8F08701315B00BAE742F803
:10C17000040F0133C2E7043953F8042B41F8042FAC
:10C180009C45F9D8E7E730B502690C69121B0ED15E
:10C1900000F11403143103EB840001EB840150F827
:10C1A000045D51F8044DA54203D005D30122104689
:10C1B00030BD8342F3D3FAE74FF0FF32F7E72DE9C2
:10C1C000F84F0C460646114620461746FFF7DBFFA0
:10C1D000051E08D129463046FFF76CFD0123C0E952
:10C1E0000435BDE8F88FA4BF3B4627463046796842
:10C1F000A6BF1C4600250125FFF75CFD3E69C56012
:10C20000256907F1140104F1140900F1140E07F176
:10C21000100201EB860C09EB8505F246002759F860
:10C22000043B52F804BF1FFA83F817FA8BF71B0C74
:10C23000A7EB0808C3EB1B4303EB28431FFA88F85E
:10C240001F144D4548EA03434AF8043BE7D82B1B2B
:10C25000153B23F0030304331534A54238BF0423F0
:10C26000194473449E460D4665450ED30CF10302F6
:10C27000521A22F0030203398C4538BF00221A44B7
:10C2800052F8043D7BB10661ABE755F8048B17FA11
:10C2900088F4221402EB1842A4B244EA02444EF895
:10C2A000044B1714E0E7013EEAE7000082B08DED91
:10C2B000000B019B12491940A1F15071002905DDC5
:10C2C00000220B4643EC102B02B070474942B1F1FB
:10C2D000A07F4FEA21504FF000024FF0000304DA34
:10C2E0004FF4002141FA00F3ECE7A0F114011E29FC
:10C2F000DABF4FF0004020FA01F101210A46E1E7E0
:10C300000000F07FF8B5056900F1140707EB85051B
:10C310002E1F55F8044C2046FFF793FDC0F1200373
:10C320000A28DFF87CC00B6014DCC0F10B0E24FA85
:10C330000EF1B74241EA0C0334BF55F8081C002146
:10C34000153004FA00F021FA0EF140EA010243EC44
:10C35000102BF8BDB7423ABF55F8081CA5F10806E6
:10C3600000210B3817D0C0F1200C04FA00F5BE42B2
:10C3700021FA0CF445EA04058CBF56F8044C00245D
:10C3800045F07F5301FA00F024FA0CF443F4401313
:10C3900040EA0402DBE744EA0C030A46D7E700BFA1
:10C3A0000000F03F2DE9F7438946012157EC106B5F
:10C3B0009046FFF77FFCC7F30A550446C7F3130303
:10C3C00035BB002E019328D068460096FFF759FD33
:10C3D000009900B3019AC0F1200302FA03F30B4362
:10C3E000C24063610192019BA361002B14BF022232
:10C3F00001222261D5B1A5F233450544C9F80050A8
:10C40000C0F13500C8F80000204603B0BDE8F08355
:10C4100043F48013D5E76161E5E701A8FFF731FD3B
:10C42000019B6361012222612030E3E704EB820378
:10C43000A0F23240C9F800001869FFF702FDC0EB16
:10C440004210DFE72DE9F74F884669468146FFF73E
:10C4500059FF01A9404655EC104BFFF753FFD9F89F
:10C460001030D8F81020A3EB020CDDE900329B1A43
:10C4700003EB4C1351EC100B002BD6BF0A462A4697
:10C48000C3EB03338B462F46D4BF02EB035B02EBB7
:10C490000357204610EE102A5B463946FBF7ACF9ED
:10C4A00041EC100B03B0BDE8F08F013970B54911B4
:10C4B0001469013102F1140300EB810103EB8404E0
:10C4C000051FA3420CD3A31A113B23F0030311321F
:10C4D000A24288BF002318440023884205D370BDC0
:10C4E00053F8046B45F8046FEBE740F8043BF4E7BE
:10C4F00000F1140200694B11984210B511DB0ADDFE
:10C5000011F01F0107D052F8234024FA01F000FA7D
:10C5100001F18C420BD102EB8303934203D800203C
:10C5200010BD0346F7E753F8041D0029F5D001209C
:10C53000F6E7F8B5074614460E4621B9BDE8F840BF
:10C540001146FBF7CBBF22B9FBF778FF25462846FB
:10C55000F8BD00F0FDF9A0420FD221463846FBF7A6
:10C56000BDFF05460028F2D031462246FBF726FFE4
:10C5700031463846FBF762FFE9E73546E7E72DE944
:10C58000F0478E689E4282460C4690461F4638D839
:10C590008A8912F4906F32D025680969A5EB0109E8
:10C5A000656905EB450505EBD57501334B446D1009
:10C5B0009D4238BF1D46530531D52946FBF78EFFF6
:10C5C000064650B90C23CAF80030A38943F0400353
:10C5D000A3814FF0FF30BDE8F08721694A46FBF7A1
:10C5E000EDFEA38923F4906343F08003A3812661C9
:10C5F00065614E44A5EB09052660A5603E46BE4236
:10C6000000D93E46324620684146FBF7E5FEA36866
:10C6100022689B1B3244A36022600020DBE72A468D
:10C62000FFF787FF06460028E1D121695046FBF756
:10C6300005FFC7E72DE9F04F98468B891B069DB093
:10C6400007460D4614460ED50B6963B94021FBF72A
:10C6500045FF2860286120B90C233B604FF0FF3074
:10C66000D1E040236B610023099320238DF829300A
:10C67000CDF80C803023DFF8A8818DF82A304FF0F8
:10C68000010923469A4613F8012B0AB1252AF9D14C
:10C69000BAEB040B0BD05B46224629463846FFF71F
:10C6A0006EFF013000F0AA80099A5A4409929AF864
:10C6B0000030002B00F0A28000234FF0FF32CDE9C4
:10C6C00005230AF1010A049307938DF853301A9356
:10C6D0005446052214F8011B5148FBF711FE049A39
:10C6E000D8B9D00644BF20238DF85330110744BF7A
:10C6F0002B238DF853309AF800302A2B15D0079A47
:10C70000544600204FF00A0C214611F8013B303B03
:10C71000092B4ED9B0B1079214E0A0EB080309FA37
:10C7200003F313430493A246D2E7039B191D1B682E
:10C730000391002BBBBF5B4242F0020207930793B9
:10C74000B8BF049223782E2B0CD163782A2B35D1D5
:10C75000039B1A1D1B680392002BB8BF4FF0FF33D9
:10C7600002340593DFF8C8A0217803225046FBF776
:10C77000C7FD40B14023A0EB0A0003FA00F0049B80
:10C7800003430134049314F8011B26488DF8281044
:10C790000622FBF7B5FD002838D0234B1BBB039BBB
:10C7A000073323F0070308330393099B33440993AA
:10C7B00067E70CFB02320C460120A5E70023013499
:10C7C000059319464FF00A0C204610F8012B303A19
:10C7D000092A03D9002BC5D00591C3E70CFB012121
:10C7E00004460123F0E703AB00932A460F4B04A94C
:10C7F0003846FCF7C7F8421C0646D6D1AB895B0623
:10C800003FF52CAF09981DB0BDE8F08F03AB009346
:10C810002A46064B04A93846FCF758FBEBE700BF55
:10C82000482F0700522F0700858906007FC50600A4
:10C830004E2F070038B5074D044608461146002222
:10C840002A601A4600F0BCF8431C02D12B6803B1E1
:10C85000236038BD386601209FED010B704700BF93
:10C86000000000000000F87F1F2938B504460D467F
:10C8700004D9162303604FF0FF3038BD426C12B16B
:10C8800052F821304BB9204600F030F82A460146D4
:10C890002046BDE8384000F017B8012B0AD0591CDB
:10C8A00003D1162303600120E7E7002442F8254066
:10C8B000284698470020E0E7024B01461868FFF73A
:10C8C000D3BF00BF2C63002038B5074D00230446BA
:10C8D000084611462B6000F063F8431C02D12B6818
:10C8E00003B1236038BD00BF3866012000F048B8AE
:10C8F00049B1FF2A85BF8A2303600A704FF0FF30D9
:10C9000098BF0120704708467047000038B5074DB2
:10C9100000230446084611462B6000F029F8431C0A
:10C9200002D12B6803B1236038BD00BF38660120F7
:10C9300038B5064D0023044608462B6000F028F861
:10C94000431C02D12B6803B1236038BD3866012037
:10C9500051F8043C181F002BBCBF0B58C01870477F
:10C96000024B58221A604FF0FF30704738660120A2
:10C97000024B58221A604FF0FF3070473866012092
:10C98000024B58221A604FF0FF3070473866012082
:10C99000024B58221A600020704700BF3866012001
:10C9A000024B58221A604FF0FF3070473866012062
:10C9B000024B58221A604FF0FF3070473866012052
:10C9C000024B58221A604FF0FF3070473866012042
:10C9D000FEE700BFF8B500BFF8BC08BC9E46704734
:10C9E000F8B500BFF8BC08BC9E46704700000000C8
:10C9F0005FF800F00560002046574552523A257313
:10CA000000000000556E6B6E6F776E002F00000007
:10CA10002E646F76657800004C617020416E7974E9
:10CA200068696E67000000003230253032642D25C1
:10CA30003032642D2530326420253032643A25307E
:10CA400032643A25303264004657424547494E3AEF
:10CA50000000000046575055543A00004657444FD6
:10CA60004E45000046574150504C590046574142F0
:10CA70004F52540046574446550000005354415409
:10CA8000450000004352430053495A45000000004E
:10CA900056415249414E540046574352433A25733A
:10CAA000000000006E6F6E73656E7365000000001D
:10CAB00054444F4E45000000575249544500000071
:10CAC0004552524F520000004C49535400000000A0
:10CAD0004745543A0000000044454C4554453A004F
:10CAE0004E4F545F464F554E44000000534C49533F
:10CAF00054000000534745543A0000005353455436
:10CB00003A000000535245534554000053425553D8
:10CB100059000000544C49535400000054455252EF
:10CB20003A42555359000000544745543A0000001A
:10CB3000544552523A4241445F4E414D4500000037
:10CB4000545055543A0000005444454C3A000000FB
:10CB50004241545400000000424154543A25642C90
:10CB60002573000044454C5F4552520044454C45F6
:10CB70005445440046574446553A4F4B0000000088
:10CB8000544552523A53445F4255535900000000F5
:10CB90002F545241434B532F0000000054454E4444
:10CBA000000000005446494C453A2573000000003F
:10CBB0007C000000257325733A256C750000000089
:10CBC000454E440053495A453A256C750000000013
:10CBD00025732C25642C25732C25732C25732C256B
:10CBE000732C25732C25732C25732C25642C25730D
:10CBF0002C25732C25732C25732C25730000000025
:10CC000032302530326425303264253032645F257D
:10CC1000303264253032642E646F7665780000000F
:10CC200074696D657374616D702C736174732C68B5
:10CC3000646F702C6C61742C6C6E672C73706565FE
:10CC4000645F6D70682C616C7469747564655F6D88
:10CC50002C68656164696E675F6465672C685F61F5
:10CC600063635F6D2C72706D2C616363656C5F78BC
:10CC70002C616363656C5F792C616363656C5F7ABB
:10CC80002C54656D70312C4A756E6374696F6E310A
:10CC9000000000002F545241434B532F25732E6A3E
:10CCA000736F6E00446174614C6F6767657200005A
:10CCB000446F766573000000312E30002F2F272738
:10CCC00022225C5C6208660C6E0A720D7409000018
:10CCD000747275650000000066616C736500000089
:10CCE0006E756C6C0000000063616D6572615F734E
:10CCF000657269616C000000626C7565746F6F74B9
:10CD0000685F6E616D650000446F766573446174A1
:10CD1000614C6F676765720073746172745F615F05
:10CD20006C61740073746172745F615F6C6E670034
:10CD3000544552523A544F4F5F4C415247450000C0
:10CD40002F545241434B532F2573000054455252E8
:10CD50003A57524954455F4641494C00544F4B00A5
:10CD6000544552523A4E4F5F46494C450000000030
:10CD70006C6F6E674E616D650000000073686F72C6
:10CD8000744E616D6500000064656661756C744386
:10CD90006F757273650000006E616D6500000000C4
:10CDA0006C656E677468467400000000737461728D
:10CDB000745F625F6C61740073746172745F625F50
:10CDC0006C6E6700736563746F725F325F615F6C76
:10CDD00061740000736563746F725F325F615F6CD2
:10CDE0006E670000736563746F725F325F625F6CC1
:10CDF00061740000736563746F725F325F625F6CB1
:10CE00006E670000736563746F725F335F615F6CA0
:10CE100061740000736563746F725F335F615F6C90
:10CE20006E670000736563746F725F335F625F6C7F
:10CE300061740000736563746F725F335F625F6C6F
:10CE40006E6700005C75303030300000446F7665EE
:10CE500073446174614C6F676765722D25730000C0
:10CE600025303464000000002573257300000000A5
:10CE70006472697665725F6E616D65004472697691
:10CE80006572000037000000333000007761797070
:10CE90006F696E745F7370656564000077617970A7
:10CEA0006F696E745F646574656374696F6E5F64E7
:10CEB000697374616E6365006C61705F646574654D
:10CEC0006374696F6E5F64697374616E636500009B
:10CED0006465766963655F6E616D6500626C75653A
:10CEE000746F6F74685F70696E0000005345525232
:10CEF0003A53445F42555359000000002F534554A4
:10CF000054494E47532E6A736F6E00005345525278
:10CF10003A4E4F5F46494C4500000000534552527F
:10CF20003A454D5054590000534552523A504152DF
:10CF3000534500005356414C3A25733D257300007C
:10CF400053454E4400000000534552523A4E4F5450
:10CF50005F464F554E440000534552523A424144B9
:10CF60005F434D4400000000534F4B3A25730000CF
:10CF7000534552523A57524954455F4641494C0035
:10CF8000534F4B3A524553455400000053455252BB
:10CF90003A52455345545F4641494C00446F7665CB
:10CFA00073446174614C6F676765722D253033641B
:10CFB0000000000042697264734579652D6E6F6EE2
:10CFC00073656E7365000000332E312E3000000053
:10CFD000496E737461333630204750532052656D6B
:10CFE0006F7465004E6F202E646F766578206669D9
:10CFF0006C65730A666F756E64206F6E20534421F2
:10D000000000000043616D657261206275737920D4
:10D010002D0A656E642073657373696F6E2066698F
:10D02000727374004E6F2072656D6F7465206C6949
:10D030006E6B202D0A72756E2057616B65206669D4
:10D040007273740043616D657261206E6F7420733A
:10D0500075626265640A746F20627574746F6E73B2
:10D060002028636538322900427574746F6E20730E
:10D07000656E640A72656A6563746564206279200E
:10D08000737461636B000000506C756720696E20DB
:10D090005553420A6361626C65206669727374213C
:10D0A00000000000534420627573792C2063616E88
:10D0B0006E6F740A737461727420555342206D6FE1
:10D0C0006465210043616E6E6F7420726561642037
:10D0D000444F5645580A6865616465722028696E38
:10D0E000636F6D706C6574653F2900004750533A5B
:10D0F000204E4F54204445544543544544000000BD
:10D100000A434845434B20574952494E47000000C7
:10D110000A5265747279696E672E2E2E0000000027
:10D120000A416E7920627574746F6E3A206D656E77
:10D13000750000000A75703A0000000053617473B6
:10D140003A000000202048444F503A002D2D0000A6
:10D150004C4F434B4544202D207265616479206912
:10D160006E200000464958202874696D6520737947
:10D170006E63292000000000414351554952494E39
:10D18000472000004D6F64653A4750532D6F6E6C19
:10D1900079000000426174743A000000252000000C
:10D1A000560000002D3E00005E0000002076206D3D
:10D1B0006F72650020426C7565746F6F74682043F0
:10D1C0006F6E6E656374696F6E00000020436F6E52
:10D1D0006E65637465640000202057616974696E30
:10D1E000670000005472616E736665723A20000039
:10D1F000250000002D3E4578697400002020202085
:10D20000202043414D4552410000000050616972A9
:10D2100065643A20000000004261636B000000007A
:10D220005465737400000000556E706169720000EF
:10D230002020202020504149522043414D45524159
:10D2400000000000436F6E6E6563746564202D00FE
:10D2500072656164696E672073657269616C2E2EF8
:10D260002E000000506F776572206F6E2063616D35
:10D27000657261006E65617262792E2E2E0000006B
:10D2800050616972696E672073746F7070656400B5
:10D2900042313A4D616E75616C2042323A43616EA3
:10D2A00063656C006E6F0000796573005550000077
:10D2B00055502B0053594E430000000043414D454B
:10D2C00052412054455354207265633A00000000D7
:10D2D000523A0000204164763A00000020473A00AC
:10D2E0002020202043414D45524120534552494181
:10D2F0004C000000204F4B20000000002043414E16
:10D3000043454C200000000053656C656374205356
:10D31000657373696F6E3A20000000004E6F202E17
:10D32000646F7665782066696C657300666F756EEC
:10D3300064210000507265737320616E79206B6503
:10D3400079000000746F20676F206261636B0000DA
:10D350002020205265706C617920526573756C7461
:10D36000730000004C6170733A20000042657374D2
:10D370003A20000020284C00290000004E2F4100D8
:10D380004F70743A200000004472697665723A204A
:10D3900000000000436F757273653A2000000000C2
:10D3A0003C2D204C617073202020202020204578C7
:10D3B0006974202D3E0000002020204578697420EB
:10D3C0005265706C61793F00457869740000000017
:10D3D00053504545440000000A4C415000000000F5
:10D3E000202043757272656E74204C61702050610C
:10D3F0006365000020202020202020202020200005
:10D400002B00000020204E2F410000002020202073
:10D41000202042657374204C617000000A0A0000ED
:10D420004C61703A20000000456E67696E652052BD
:10D43000504D202A4F564552205245562A00000092
:10D440002020202020456E67696E652052504D00D7
:10D45000202057414954494E4720475053204C4FB4
:10D46000434B2E2E0000000020202020206D6178EC
:10D470003A20000020202020204F7074696D616CDC
:10D48000204C6170000000004E6F20736563746F64
:10D490007273000020202020204C6170204E756D9A
:10D4A00062657273000000002020204C61702048EB
:10D4B0006973746F727920202000000020202020E2
:10D4C000204C617020486973746F7279202020208D
:10D4D000200000002020204641554C542020000010
:10D4E00020506C65617365205265626F6F742044D3
:10D4F0006576696365000000534420464F524D41F4
:10D5000054000000466F726D6174204641494C45DD
:10D5100044202D20726574727900000043617264AA
:10D52000206973206E6F7420666F726D617474650C
:10D5300064000000466F726D617474696E672069E3
:10D540006E2000004B65657020686F6C64696E67C3
:10D550002053454C45435400486F6C642053454C60
:10D5600045435420337320746F000000666F726D62
:10D5700061742074686520636172640028455241BB
:10D580005345532045564552595448494E47290062
:10D590004368617267696E67000000002564252595
:10D5A00000000000202020446F7665730A204D6142
:10D5B000676963426F7800002054696D6572202BA3
:10D5C0002044617461204C6F676765720000000041
:10D5D0000A20202020496E697469616C697A696E3D
:10D5E000672E2E2E00000000465741424F525445F0
:10D5F000440000002F6677002F66772F70656E64F9
:10D60000696E672E62696E00465752454144590063
:10D6100046574F4B3A25730046574442473A4150CC
:10D62000504C590046574442473A564241543D25D2
:10D63000640000004241545445525900464C415345
:10D64000480000005550444154494E470000000036
:10D650004649524D5741524500000000446F206E2C
:10D660006F7420706F776572206F6666000000002F
:10D6700046574442473A535441474500465744426F
:10D68000473A45524153453D256C75004657444243
:10D69000473A455241534544000000004657535411
:10D6A0004147453A25640000465753544147453A9F
:10D6B0003130300046574150504C4945440000003D
:10D6C00046574442473A444953434F4E4E454354CC
:10D6D000000000005452454144590000444F4E455B
:10D6E0000000000020454E44205241434500000008
:10D6F000207072657373206D6964646C6520627557
:10D7000074746F6E00000000446574656374696E24
:10D71000672E2E2E00000000475053206E6F740AB3
:10D72000696E697469616C697A65640042617474D8
:10D7300065727920203A20005361747320202020E4
:10D74000203A20005261746520202020203A2000D9
:10D75000487A00004E4F20464958000048444F5038
:10D7600020202020203A200053444361726420206E
:10D77000203A200042616420496E69740000000074
:10D780004C6F6767696E670057616974696E6720DF
:10D7900047505300526561647900000044726F7015
:10D7A00073202020203A2000204F76663A000000A7
:10D7B000547261636B3A20004D6F6465203A20001B
:10D7C00057616974696E6720666F72204750532EE7
:10D7D0002E2E00004750532F5246204445425547B5
:10D7E000000000000A475053206E6F74206176617C
:10D7F000696C61626C65000044726F70733A00007E
:10D8000020523A004953526D61783A00447261697E
:10D810006E3A00004C6170733A000000205374723D
:10D82000743A000020583A00437572203A200000F4
:10D83000506163653A20000020466F726D61747418
:10D84000696E6720636172642E2E2E0020444F2083
:10D850004E4F5420504F574552204F46460000002F
:10D86000205265626F6F74696E672E2E2E00000065
:10D8700020466F726D6174204F4B0000202043756D
:10D880007272656E74204C61702054696D65000081
:10D8900020205741524E494E47202000436F6E745E
:10D8A000696E756520576974682043617574696F86
:10D8B0006E00000053746F70204C6F6767696E676D
:10D8C0003F0000004241434B00000000454E442011
:10D8D00052414345000000002020205472616E73C5
:10D8E000666572204D6F646500000000426C7565CE
:10D8F000746F6F746800000055534200202020555B
:10D9000053422053746F726167650000204472694E
:10D910007665204F6E000000436F6E6E6563746520
:10D920006420746F2050432E000000004472616731
:10D9300020262064726F702066696C65732E00006B
:10D940002D3E4578697420287265626F6F74732963
:10D9500000000000496E76616C696420736572692D
:10D96000616C000041414141414100005344204964
:10D970006E6974206661696C6564210A0A6C6F6760
:10D9800067696E67206E6F7420706F737369626C65
:10D990006521000000000000000000000973020083
:10D9A0000D73020011730200157302001973020057
:10D9B00000000000000000006D75020065750200A7
:10D9C00005730200E5740200B9750200B17502002A
:10D9D0005D7502000000000000000000ED7502000F
:10D9E000E5750200DD750200000000000000000087
:10D9F00001580300C96A030005730200C9500300FF
:10DA0000C5510300F16E0300E56E03000000000045
:10DA100000000000697402007D74020005730200BA
:10DA2000CDCCCC3D0AD7233C17B7D13877CC2B329D
:10DA30009595E6241FB14F0A000020410000C8421E
:10DA400000401C4620BCBE4CCA1B0E5AAEC59D747D
:10DA50009A9999999999B93F7B14AE47E17A843F95
:10DA60002D431CEBE2361A3F3A8C30E28E79453E6C
:10DA7000BC89D897B2D29C3C33A7A8D523F64939A4
:10DA80003DA7F444FD0FA5329D978CCF08BA5B25C6
:10DA9000436FAC642806C80A000000000000244060
:10DAA0000000000000005940000000000088C34052
:10DAB0000000000084D797410080E03779C34143DC
:10DAC000176E05B5B5B89346F5F93FE9034F384DE4
:10DAD000321D30F94877825A3CBF737FDD4F157590
:10DAE0004170657800000000547572626F0000009C
:10DAF0004E6974726F000000447269667400000021
:10DB0000536C69636B000000426F6F737400000018
:10DB1000506973746F6E0000566F72746578000000
:10DB200043616D62657200004472616674000000BA
:10DB30005265646C696E650047656172626F78005A
:10DB400057616B65000000005265636F72640000EE
:10DB5000506F776572204F66660000005261636502
:10DB60000000000052657669657700005472616EAE
:10DB7000736665720000000043616D6572610000AC
:10DB80000100000002000000030000002F54524179
:10DB9000434B5300FFFFFFFFFFFFFFFFFFFBFFFFB4
:10DBA000FFFFFFFFFFFFFFFFFFFFFFFFFFE3FFFFA1
:10DBB000FFFFFFFFFFFFFFFFFFFFFFFFFF0BFFFF69
:10DBC000FFFFFFFFFFFFFFFFFFFFFFFFF8737FFF78
:10DBD000FFFFFFFFFFFFFFFFFFFFFFFFC1F27FFF20
:10DBE000FFFFFFFFFFFFFFFFFFFFFFFE1FF27FFFB3
:10DBF000FFFFFFFFFFFFFFFFFFFFFFE0FFF47FFFDF
:10DC0000FFFFFFFFFFFFFFFFFFFFFF0FFFF57FFF9E
:10DC1000FFFFFFFFFFFFFFFFFFFFFC3FFFF17FFF65
:10DC2000FFFFFFFFFFFFFFFFFFFE71FFFFE27FFF30
:10DC3000FFFFFFFFFFFFFFFFFFFE67FFFFE67FFF26
:10DC4000FFFFFFFFFFFFFFFFFFFD0FFFFFFE01FFD5
:10DC5000FFFFFFFFFFFFFFFFFFFD3FFFFFFE000F86
:10DC6000FFFFFFFFFFFFFFFFFFF97FFFFFFFFFE069
:10DC700007FFFFFFFFFFFFFFFFDB7FFFFFFFFFFF50
:10DC8000EFFFFFFFFFFFFFFFFFC3FFFFFFFFFFFFF0
:10DC90009FFFFFFFFFFFFFFFFFC7FFFFFFFFFFFF2C
:10DCA0009FFFFFFFFFFFFFFFFFD7FFFFFFFFFFFE0D
:10DCB0001FFFFFFFFFFFFFFFFFDFFFFFFFFFFFF87B
:10DCC0001FFFFFFFFFFFFFFFFFDFFFFFFFFFFFFF64
:10DCD000BFFFFFFFFFFFFFFFFFDFFFFFFFFFFFFFB4
:10DCE000BFFFFFFFFFFFFFFFFF9FFFFFFFFFFFFFE4
:10DCF0003FFFFFFFFFFFFFFFFF3FFFFFFFFFFFFFB4
:10DD00007FFFFFFFFFFFFFFFFE7FFFFFFFFFFFFE25
:10DD10007FFFFFFFFFFFFFFFFCFFFFFFF7FFFFFE9F
:10DD20007FFFFFFFFFFFFFFFF9FFFFFF83FFFFFE06
:10DD3000FFFFFFFFFFFFFFFFF37FFFFE03FFFFFC7F
:10DD4000FFFFFFFFFFFFFFFFF61FFFF80FFFFFFCC6
:10DD50001FFFFFFFFFFFFFFFE70FFFE03FFFFFFC9D
:10DD60001FFFFFFFFFFFFFFFEF81FF007FFFFFFFB0
:10DD7000BFFFFFFFFFFFFFFFEFC07E00FFFFFFFFC2
:10DD80003FFFFFFFFFFFFFFFCFE07F01FFFFFCFE34
:10DD90007FFFFFFFFFFFFFFFDFF0FF87C07FF0FE89
:10DDA000FFFFFFFFFFFFFFFFD83FFFFE077FE5FC00
:10DDB000FFFFFFFFFFFFFFFFDA03FFF0077FFBFF1F
:10DDC0001FFFFFFFFFFFFFFFDA00FFE4077FE7FF12
:10DDD000C7FFFFFFFFFFFFFFDA0407E60E7FE7FF45
:10DDE000F1FFFFFFFFFFFFFF1B0C23F71CFFF9FFF5
:10DDF000FDFFFFFFFFFFFFFC39F8F9F3F8FFFCFF21
:10DE0000FBFFFFFFFFFFFFF9FCF1FC78F1FFFEFFD6
:10DE1000F3FFFFFFFFFFFFFBFE07FE3C03FFFEFFDC
:10DE2000E7FFFFFFFFFFFFF07F0FFF9F9FFFFF7FD9
:10DE3000CFFFFFFFFFFFFFF07F1FFFCFFFFFFF7F41
:10DE4000DFFFFFFFFFFFFFF9FE3FFFE7FFFFFF7F61
:10DE5000BFFFFFFFFFFFFFF9FCFFFFF3FFFFFF3FE7
:10DE60003FFFFFFFFFFFFFF3F9FFFFF9FFFFFFBCDD
:10DE7000FFFFFFFFFFFFFFF7FBFFFFFCFFFFF7BE0A
:10DE80007FFFFFFFFFFFFFE7F3FFFFFE7FFFF1BF15
:10DE90003FFFFFFFFFFFFFE7F7FFFFFF1FFFF07FE1
:10DEA0009FFFFFFFFFFFFFE7F7FFFFFFCFFFFA7FB7
:10DEB000CFFFFFFFFFFFFFEFF7FFFFFFE7FFF3FFDE
:10DEC000EFFFFFFFFFFFFFE9F7FFFFFFF3FFF3FFA8
:10DED000E7FFFFFFFFFFFFE1F7FFFFFFFBFFF7FF9C
:10DEE000F7FFFFFFFFFFFFE5F3FFFFFFF9FFF7FF7E
:10DEF000E7FFFFFFFFFFFFFDF3FFE0E01DFFEFFF88
:10DF00000FFFFFFFFFFFFFFDFBFFCC030DFFCFF86F
:10DF100067FFFFFFFFFFFFFCF9FF9FFFDDFFDFFF54
:10DF2000E3FFFFFFFFFFFFFCFDFF3FFFFCFFBFFF25
:10DF3000F8FFFFFFFFFFFFFEFCFE7F8039FE7FFF43
:10DF4000FE7FFFFFFFFFFFFE7E7CFC1F81FEFFFFC9
:10DF5000FF1FFFFFFFFFFFFC7F1800FFFFFFFFFF1A
:10DF6000FF8FFFFFFFFFFFFC3F830FFFFFFFFFFF60
:10DF7000FFE7FFFFFFFFFFFC3FE7FFFFFFFFFFFFA4
:10DF8000FFF3FFFFFFFFFFFE1FFFFFFFFFFFFFFF8E
:10DF9000FFF9FFFFE0DA0600E8DA0600F0DA060033
:10DFA000F8DA060000DB060008DB060010DB0600DE
:10DFB00018DB060020DB060028DB060030DB06004D
:10DFC00038DB0600303132333435363738394142A8
:10DFD000434445464748494A4B4C4D4E4F50515299
:10DFE000535455565758595A000000002F53455462
:10DFF00054494E47532E6A736F6E00005CDB060077
:10E0000064DB06006CDB060078DB06000000000025
:10E010000338FDD87047000040DB060048DB0600EF
:10E0200050DB060018D20600010200003031323306
:10E030003435363738396162636465660000000044
:10E040006461746574696D652C6472697665722C9F
:10E05000636F757273652C73686F72745F6E616D38
:10E06000652C626573745F6C61705F6D732C6F708B
:10E0700074696D616C5F6D732C6465766963655F4F
:10E080006E616D650D0A000025732C25732C2573B8
:10E090002C25732C25732C25732C25730D0A000059
:10E0A0006C6170735F6D730D0A0000002C256C7538
:10E0B000000000002C000000031980011409496EC3
:10E0C000737461333630204750532052656D6F743E
:10E0D00065000000474E524D432C00002C452C009B
:10E0E0002C302E302C572C412C5600002C32362E42
:10E0F000372C00000201051BFF4C000215094F528E
:10E1000042495409FF0F0000000000000000000019
:10E1100000E40100FCEFFE860003010030313233E1
:10E120003435363738394142434445460000000013
:10E13000256C753A2530326C752E2530336C7500A0
:10E14000303A2530326C752E2530336C7500000066
:10E150002025326C752E2530336C7500256C752E9C
:10E160002530336C75000000000000000000000046
:10E170002D9203004592030059920300319203004F
:10E1800035920300399203003D920300419203004F
:10E1900071920300656E643A207468652066696C4C
:10E1A00065206275666665722068617320626565C8
:10E1B0006E2064656C657465642E20596F752077D8
:10E1C000696C6C206E65656420746F2063616C6C93
:10E1D0002073657446696C6542756666657253693D
:10E1E0007A65206265666F7265202E626567696E6A
:10E1F00020746F206372656174652061206E65779D
:10E20000206F6E652E0000007365745061636B654E
:10E21000744366675061796C6F616453697A653ADB
:10E22000205A65726F207061796C6F616453697AEE
:10E23000652100007365745061636B6574436667A4
:10E240005061796C6F616453697A653A20706163DB
:10E250006B65744366675061796C6F616453697A6A
:10E2600065203E2073706942756666657253697AEF
:10E2700065210000556E6B6E6F776E20537461746C
:10E2800075730000696E697453746F726167654ECF
:10E290004D45413A2052414D20616C6C6F632066C0
:10E2A00061696C65642100004750474741000000E8
:10E2B000474E474741000000475056544700000072
:10E2C000474E5654470000004750524D430000004F
:10E2D000474E524D4300000047505A444100000051
:10E2E000474E5A4441000000475047535400000035
:10E2F000474E4753540000007370695472616E7347
:10E300006665723A20737069427566666572206947
:10E31000732066756C6C210073656E64537069437D
:10E320006F6D6D616E643A206E6F206D656D6F72FA
:10E330007920616C6C6F636174696F6E20666F72B7
:10E340002053504920427566666572210000000026
:10E35000434C533A000000004E41560041434B00ED
:10E36000434647004D4F4E002049443A000000000C
:10E37000505654005341564500000000204C656E35
:10E380003A20307800000000205061796C6F6164A1
:10E390003A000000205061796C6F61643A2049476F
:10E3A0004E4F5245440000006372656174654669D2
:10E3B0006C654275666665723A205761726E696E69
:10E3C000672E2066696C6542756666657253697A68
:10E3D00065206973207A65726F2E20446174612014
:10E3E0006C6F6767696E67206973206E6F74207049
:10E3F0006F737369626C652E000000006372656163
:10E40000746546696C654275666665723A20576147
:10E41000726E696E672E2046696C6520627566664D
:10E42000657220616C7265616479206578697374C6
:10E43000732E20536B697070696E672E2E2E00004C
:10E4400063726561746546696C654275666665727E
:10E450003A2066696C6542756666657253697A65CD
:10E460002069733A2000000073746F726550616315
:10E470006B65743A2066696C6520627566666572C4
:10E48000206E6F7420617661696C61626C65210039
:10E4900073746F72655061636B65743A20696E7353
:10E4A000756666696369656E742073706163652063
:10E4B000617661696C61626C6521204461746120E0
:10E4C00077696C6C206265206C6F737421000000AA
:10E4D00070726F636573735542587061636B6574D6
:10E4E0003A207061636B65745542584D4741414312
:10E4F0004B2069732066756C6C2E2041434B20774E
:10E50000696C6C206265206C6F73742100000000E0
:10E5100070726F636573735542587061636B657495
:10E520003A207061636B65745542584D47414442CF
:10E53000442069732066756C6C2E2044424420642C
:10E540006174612077696C6C206265206C6F7374F4
:10E55000210000005542585F5345435F5349473AF5
:10E56000207472756E636174696E6720000000002C
:10E570002063656E746572206672657175656E6381
:10E5800069657320746F200070726F6365737355D3
:10E5900042583A206175746F4C6F6F6B75702072C2
:10E5A000657475726E6564205A45524F206D6178AE
:10E5B0005061796C6F6164212120436C6173733AFF
:10E5C000203078002049443A2030780070726F6320
:10E5D0006573735542583A204E41434B2072656330
:10E5E00065697665643A2052657175657374656412
:10E5F00020436C6173733A203078000020526571BB
:10E600007565737465642049443A203078000000D1
:10E6100070726F636573735542583A20696E636F09
:10E620006D696E6720226175746F6D617469632214
:10E63000206D6573736167653A20436C6173733A4B
:10E6400020307800496E636F6D696E673A205369B8
:10E650007A653A200000000020526563656976659E
:10E66000643A20007061636B6574436667206E6F67
:10E67000772076616C6964007061636B65744163D7
:10E680006B206E6F772076616C6964007061636BDC
:10E69000657443666720636C617373416E644944BB
:10E6A0006D617463680000007061636B6574416341
:10E6B0006B20636C617373416E6449446D61746374
:10E6C00068000000436865636B73756D206661695F
:10E6D0006C65643A0000000020636865636B7375C5
:10E6E0006D413A200000000020636865636B73751C
:10E6F0006D423A200000000020726F6C6C696E67FA
:10E70000436865636B73756D413A200020726F6CCE
:10E710006C696E67436865636B73756D423A200080
:10E7200070726F636573735542583A2062756666FE
:10E730006572206F76657272756E206465746563AC
:10E74000746564210000000070726F636573735517
:10E7500042583A20636F756E746572206869742040
:10E760006D6178696D756D5F7061796C6F61645F03
:10E7700073697A65202B20362100000020616374C4
:10E780006976655061636B65744275666665723A59
:10E7900020000000206D6178696D756D5F70617992
:10E7A0006C6F61645F73697A653A200073746F728D
:10E7B0006546696C6542797465733A2066696C6573
:10E7C00020627566666572206E6F7420617661697D
:10E7D0006C61626C6521000073746F726546696CD0
:10E7E0006542797465733A20696E7375666669630C
:10E7F00069656E7420737061636520617661696C10
:10E8000061626C652120446174612077696C6C20C1
:10E810006265206C6F7374210000000070726F637A
:10E820006573733A206175746F4C6F6F6B757020F0
:10E8300072657475726E6564205A45524F206D6121
:10E84000785061796C6F6164212120436C6173732E
:10E850003A2030780000000070726F636573733A7D
:10E8600020696E636F6D696E6720226175746F6DCC
:10E870006174696322206D6573736167653A204333
:10E880006C6173733A20307800000000206C6F6771
:10E89000426563617573654175746F3A00000000ED
:10E8A000206C6F6742656361757365456E61626C6C
:10E8B00065643A0070726F636573733A205A45520B
:10E8C0004F204C454E475448207061636B6574205F
:10E8D00072656365697665643A20436C6173733A67
:10E8E0002030780070726F636573733A2041434B38
:10E8F0002072656365697665642077697468202E87
:10E900006C656E20213D20323A20436C6173733A6E
:10E9100020307800206C656E3A20000070726F63C2
:10E920006573733A204E4D45412062756666657287
:10E930002069732066756C6C2100000070726F6333
:10E940006573733A204E4D454120636865636B7370
:10E95000756D206661696C20283229212045787008
:10E96000656374656420000020476F742000000018
:10E9700070726F636573733A204E4D454120636832
:10E9800065636B73756D206661696C202831292180
:10E990000000000070726F636573733A205F7374D8
:10E9A0006F726167654E4D454120636865636B73A7
:10E9B000756D206661696C210000000070726F63E4
:10E9C0006573733A2076616C6964205254434D201C
:10E9D0006D65737361676520747970653A20000016
:10E9E0005F00000070726F636573733A2052544386
:10E9F0004D20636865636B73756D206661696C217A
:10EA000000000000636865636B55626C6F78493283
:10EA1000433A200020627974657320617661696CE5
:10EA200061626C6500000000636865636B55626C31
:10EA30006F784932433A20627573206572726F7243
:10EA40003F20627974657352657475726E656420D7
:10EA5000213D206279746573546F526561640000D2
:10EA600077616974466F724E6F41434B52657370A4
:10EA70006F6E73653A2076616C69642064617461BD
:10EA8000207769746820434C532F4944206D61748A
:10EA9000636820616674657220000000206D7365F4
:10EAA0006300000077616974466F724E6F41434B9B
:10EAB000526573706F6E73653A2064617461206291
:10EAC00065696E67204F5645525752495454454E1A
:10EAD000206166746572200077616974466F724EBA
:10EAE0006F41434B526573706F6E73653A20434CB0
:10EAF000532F4944206D61746368206275742066E9
:10EB000061696C65642043524320616674657220BC
:10EB10000000000077616974466F724E6F41434B8D
:10EB2000526573706F6E73653A2054494D454F5569
:10EB3000542061667465722000000000206D7365CA
:10EB4000632E204E6F207061636B65742072656365
:10EB500065697665642E000077616974466F72415D
:10EB6000434B526573706F6E73653A2076616C69C2
:10EB700064206461746120616E642076616C6964F4
:10EB80002041434B20726563656976656420616648
:10EB9000746572200000000077616974466F7241ED
:10EBA000434B526573706F6E73653A206E6F2064CD
:10EBB00061746120616E642076616C6964204143F8
:10EBC0004B206166746572200000000077616974F3
:10EBD000466F7241434B526573706F6E73653A2096
:10EBE00064617461206265696E67204F56455257B3
:10EBF00052495454454E20616674657220000000ED
:10EC000077616974466F7241434B526573706F6EE2
:10EC100073653A20435243206661696C65642061E4
:10EC2000667465722000000077616974466F7241F6
:10EC3000434B526573706F6E73653A206461746103
:10EC400020776173204E4F5441434B4E4F574C45F4
:10EC50004447454420284E41434B29206166746552
:10EC60007220000077616974466F7241434B5265B0
:10EC700073706F6E73653A2056414C49442064614D
:10EC8000746120616E6420494E56414C49442041D4
:10EC9000434B2072656365697665642061667465BF
:10ECA0007220000077616974466F7241434B526570
:10ECB00073706F6E73653A20494E56414C4944203B
:10ECC0006461746120616E6420494E56414C494430
:10ECD0002041434B207265636569766564206166F7
:10ECE000746572200000000077616974466F72419C
:10ECF000434B526573706F6E73653A2054494D45AE
:10ED00004F555420776974682076616C696420647B
:10ED1000617461206166746572200000206D736506
:10ED2000632E200077616974466F7241434B5265D0
:10ED300073706F6E73653A2054494D454F5554209A
:10ED40006166746572200000206D7365632E00009B
:10ED50000A53656E64696E673A20000053656E64FD
:10ED60002049324320436F6D6D616E642066616996
:10ED70006C65640073656E64436F6D6D616E643ABB
:10ED80002057616974696E6720666F722041434B3A
:10ED900020726573706F6E736500000073656E643A
:10EDA000436F6D6D616E643A2057616974696E6777
:10EDB00020666F72204E6F2041434B207265737046
:10EDC0006F6E73650000000061646443666756619E
:10EDD0006C7365744E3A206175746F73656E640070
:10EDE00061646443666756616C7365744E3A207063
:10EDF00061636B65744366675061796C6F616453DE
:10EE0000697A6520726561636865642100000000AD
:10EE100061646443666756616C7365744E3A206B37
:10EE20006579206C696D69742072656163686564D9
:10EE300021000000506F776572696E67206F66660B
:10EE400020666F7220000000206D730047656E65BC
:10EE500072616C204661696C7572650067657456F5
:10EE6000616C206B65793A203078000067657456D4
:10EE7000616C3A2073656E64436F6D6D616E6420E2
:10EE800072657475726E65643A2000006265676928
:10EE90006E2028535049293A20737069427566667E
:10EEA00065722073697A65206973200062656769FD
:10EEB0006E2028535049293A207061636B65744372
:10EEC00066675061796C6F616453697A65203E2092
:10EED00073706942756666657253697A65210000D0
:10EEE000626567696E3A206973436F6E6E6563741D
:10EEF0006564202D207365636F6E64206174746592
:10EF00006D707400626567696E3A206973436F6E55
:10EF10006E6563746564202D207468697264206175
:10EF20007474656D70740000626567696E3A207470
:10EF30006869726420617474656D707420666169BB
:10EF40006C65642E20417373756D696E67207375EF
:10EF500063636573732E2E2E000000007365744189
:10EF600075746F50565463616C6C6261636B50745E
:10EF7000723A2052414D20616C6C6F63206661696A
:10EF80006C656421000000007365744175746F4EF8
:10EF9000415653415463616C6C6261636B5074728F
:10EFA0003A2052414D20616C6C6F63206661696C40
:10EFB0006564210053756363657373004352432096
:10EFC0004661696C0000000054696D656F757400DE
:10EFD000436F6D6D616E64206E6F742061636B6E44
:10EFE0006F776C656467656420284E41434B290048
:10EFF0004F7574206F662072616E676500000000B7
:10F00000496E76616C69642041726700496E766171
:10F010006C6964206F7065726174696F6E000000C6
:10F020004D656D6F7279204572726F72000000003D
:10F030004861726477617265204572726F72000078
:10F04000446174612053656E740000004461746112
:10F05000205265636569766564000000493243208B
:10F06000436F6D6D204661696C757265000000002C
:10F0700044617461205061636B6574204F766572E2
:10F080007772697474656E00000000000000000073
:10F09000097302000D730200117302001573020060
:10F0A00019730200FFFFFFFF0000000000000000D6
:10F0B000FF0000001F1031112010311121103111FB
:10F0C00022103111000000002410311125103111DF
:10F0D000B4EF06004CEE0600BCEF0600C8EF0600D9
:10F0E000D0EF0600F0EF060000F006000CF006007E
:10F0F00020F0060030F0060040F006004CF006005C
:10F100005CF0060074E2060070F0060000000000EB
:10F11000000000000D3204004532040005730200B7
:10F1200005320400353204003D320400013204008F
:10F13000436F7572736520646574656374656420DC
:10F140002876616C696461746564293A2000000066
:10F15000446574656374696F6E2072656A65637473
:10F16000656420280000000029202D206E6F206398
:10F17000616E6469646174652068617320726163A3
:10F180006553746172746564000000004D617820FD
:10F19000646574656374696F6E2072656A65637413
:10F1A000696F6E732072656163686564202D2061EC
:10F1B000637469766174696E67204C617020416E7A
:10F1C000797468696E6700004E6F20636F757273A3
:10F1D00065206C656E677468206D61746368656432
:10F1E000206166746572206D61782070617373654B
:10F1F00073202D2061637469766174696E67204C99
:10F20000617020416E797468696E67004465746549
:10F210006374696F6E2064697374616E63652066E0
:10F2200061696C73616665207265616368656420FD
:10F230002D2061637469766174696E67204C61701A
:10F2400020416E797468696E67000000693A200099
:10F25000203A2064697374413A200000203A2073F8
:10F26000696465413A200000203A20646973744261
:10F270003A2000002073696465423A2000000000D3
:10F2800063726F7373696E67207061697220666F55
:10F29000756E642C2073756D3A20000063726F7375
:10F2A00073696E6753756D44697374616E636573DA
:10F2B0003A2000007E7E7E20494E56414C49442033
:10F2C00043524F5353494E47207E7E7E20494E562F
:10F2D000414C49442043524F5353494E47207E7E70
:10F2E0007E20494E56414C49442043524F53534986
:10F2F0004E47207E7E7E20494E56414C4944204355
:10F30000524F5353494E47207E7E7E007E7E7E20A4
:10F31000494E56414C49442043524F5353494E475E
:10F320003A207061697220746F6F20666172206686
:10F33000726F6D206C696E65207E7E7E000000001D
:10F340007E7E7E20494E56414C49442043524F53C5
:10F3500053494E473A206669782067617020746F80
:10F360006F206C61726765207E7E7E007E7E7E20CF
:10F37000494E56414C49442043524F5353494E47FE
:10F380003A2063726F7373696E6720706F696E7471
:10F39000206F666620746865206C696E65207365F1
:10F3A000676D656E74207E7E7E0000007E7E7E200E
:10F3B00056414C49442043524F5353494E47207EB7
:10F3C0007E7E00004361746D756C6C2D526F6D3ADA
:10F3D00020696E73756666696369656E7420636F14
:10F3E0006E74726F6C20706F696E74732C207573FD
:10F3F000696E67206C696E6561722066616C6C6213
:10F4000061636B004361746D756C6C2D526F6D3A66
:10F41000207573696E672073706C696E6520696E04
:10F42000746572706F6C6174696F6E002020696E14
:10F4300064696365733A20002C20000046616C7398
:10F440006500000054727565000000004C696E652F
:10F45000200000002063726F737365642C20636169
:10F460006C63756C6174696E672E2E2E000000004F
:10F47000202063726F7373696E674C61743A200069
:10F48000202063726F7373696E674C6E673A200059
:10F49000202063726F7373696E674F646F6D65745C
:10F4A00065723A2000000000202063726F73736958
:10F4B0006E6754696D653A2000000000206469732E
:10F4C00074546F4C696E653A20000000207C206205
:10F4D0007566666572696E6720696E6465785B0043
:10F4E0005D2066756C6C5B00456E746572696E6755
:10F4F000206C696E652000002063726F7373696E03
:10F5000067207A6F6E6500004E65772062657374C0
:10F5100020536563746F7220313A20004E65772066
:10F520006265737420536563746F7220323A2000F1
:10F530004E6577206265737420536563746F722023
:10F54000333A2000446972656374696F6E20726596
:10F5500076657273653A20706879736963616C20AF
:10F5600053000000202D3E206C6F676963616C20A2
:10F5700053000000536563746F7220332054696D2B
:10F58000653A20005374617274696E672053656335
:10F59000746F722031000000536563746F72203104
:10F5A0002054696D653A20005741524E494E473A02
:10F5B00020536563746F7220322063726F737365BA
:10F5C00064206F7574206F66206F726465722028E6
:10F5D00063757272656E7420736563746F723A201E
:10F5E00000000000536563746F7220322054696D0F
:10F5F000653A20005741524E494E473A20536563C1
:10F60000746F7220332063726F73736564206F753B
:10F6100074206F66206F7264657220286375727241
:10F62000656E7420736563746F723A200000000089
:10F630004C61702046696E6973682054696D653A43
:10F640002000000052616365205374617274656428
:10F650000000000052656A656374656420696E7617
:10F66000616C69642047505320636F6F7264696EE8
:10F67000617465730000000052656A6563746564B7
:10F6800020696D706C61757369626C6520475053B9
:10F69000206A756D70000000526573657474696E40
:10F6A00067206C617074696D65722E2E2E000000EB
:10F6B0005741524E494E473A20696E76616C6964F3
:10F6C0002073746172742F66696E697368206C6947
:10F6D0006E652028646567656E6572617465206F6C
:10F6E00072206E6F6E2D66696E69746529202D20FB
:10F6F000646574656374696F6E2064697361626CBC
:10F70000656400005741524E494E473A20696E7673
:10F71000616C696420736563746F722032206C6958
:10F720006E652028646567656E6572617465206F1B
:10F7300072206E6F6E2D66696E69746529202D20AA
:10F74000736563746F722064697361626C656400D1
:10F750005741524E494E473A20696E76616C696452
:10F7600020736563746F722033206C696E65202886
:10F77000646567656E6572617465206F72206E6F77
:10F780006E2D66696E69746529202D20736563741A
:10F790006F722064697361626C656400576179708F
:10F7A0006F696E742073657420284C617020416EFF
:10F7B000797468696E67206D6F64652900000000C8
:10F7C0004E6F2076616C696420636C6F736573742F
:10F7D00020706F696E7420666F756E6400000000A3
:10F7E0004C617020000000004C61702031202866C0
:10F7F000726F6D20776179706F696E74293A20009D
:10F80000456E746572656420776179706F696E7496
:10F810002070726F78696D6974790000577269742D
:10F82000696E672046415420000000004261642058
:10F83000636C757374657220636F756E740D0A0066
:10F840004361726420697320746F6F20736D616C03
:10F850006C2E0D0A00000000466F726D617420442A
:10F860006F6E650D0A000000466F726D6174204670
:10F8700061696C65640D0A00000000000000000072
:10F8800055A8040059A8040089A8040055A904003B
:10F89000F9B30400D9B5040021B20400E1B40400B6
:10F8A00079B00400E9AE0400F5B2040025A8040014
:10F8B0002DA804003DA8040045A80400FF0078011D
:10F8C00080014302880187018C018B019201910123
:10F8D0009501F601990198019A013D029E012002CD
:10F8E000A801A701AD01AC01B001AF01B901B80198
:10F8F000BD01BC01BF01F701C601C401C901C701B7
:10F90000CC01CA01DD018E01F301F101F501F40121
:10F910003A02652C3C023B023E02662C4202410246
:10F9200053028101540286015602890157028A015D
:10F9300059028F015B0290016002930163029401FE
:10F9400068029701690296016B02622C6F029C01AA
:10F9500072029D0175029F017D02642C8002A60146
:10F960008302A9018802AE01890244028A02B10120
:10F970008B02B2018C0245029202B7017B03FD03A8
:10F980007C03FE037D03FF03AC038603C203A303D2
:10F99000CC038C03CD038E03CE038F03F203F90354
:10F9A000F803F703FB03FA03CF04C0047D1D632CA7
:10F9B000511F591F531F5B1F551F5D1F571F5F1F8F
:10F9C000781FF81F791FF91FB31FBC1FCC1FC31F5F
:10F9D000E51FEC1FFC1FF31F4E21322184218321E0
:10F9E000612C602C762C752C6100E01AE000E01789
:10F9F000F800E00700010130320101063901011071
:10FA00004A01012E7901010682010104A0010106CB
:10FA1000B3010104CD010110DE010112F80101283A
:10FA2000220201124602010AAD03DB03B103E01119
:10FA3000C303E009D80301183004E0205004B010DB
:10FA4000600401228A040136C104010ED00401447D
:10FA50006105D026001E0196A01E015A001F08084D
:10FA6000101F0806201F0808301F0808401F08063E
:10FA7000601F0808701F4A02721F5604761F640236
:10FA80007A1F70027C1F7E02801F0808901F0808E2
:10FA9000A01F0808B01F0802D01F0802E01F0802BC
:10FAA0007021F010D024E61A302CD02F672C0106DC
:10FAB000802C0164002D002641FFE01A54696E7904
:10FAC0005553422053657269616C000000000000CC
:10FAD00000000000C5BD04007DBD04006DBD040034
:10FAE000E9BC040035BD040009BD040061BD04008B
:10FAF00001BC0400F0FFFFFF0000000031BE040065
:10FB000053656565640000005849414F206E5246B8
:10FB10003532383430000000303132333435363746
:10FB200038394142434445460000000012010002BA
:10FB3000000000408628448000010102030100000B
:10FB400009020900000100A0320000004164616662
:10FB500072756974000000004D6173732053746FF7
:10FB600072616765000000000000000000000000F6
:10FB7000DDC304007573626400000000050F3900E6
:10FB8000021810050038B60834A909A0478BFDA05B
:10FB9000768815B665000101011C100500DF60DDE7
:10FBA000D88945C74C9CD2659D9E648A9F000003FE
:10FBB00006B200020000000059C90400D1C90400C7
:10FBC000FDC90400F5CA0400B5CB04000000000024
:10FBD000FDD404000DD504001DD50400B1D50400EA
:10FBE000E5D60400000000003DCD04004DCD04002A
:10FBF0005DCD04001DCE04001DD0040000000000F7
:10FC0000FDD004005DD1040085D10400B5D204000C
:10FC1000B9D2040000000000B9DD040015DE0400C4
:10FC200035DE040009C704001DDF040000000000E9
:10FC300000010101110000000000000000000000B0
:10FC40003D13050055130500711305006D150500E2
:10FC50000000000000000000B91D0500DD1D0500CA
:10FC6000100018000000C8000000000000000000A4
:10FC7000AD330500AD330500B133050000000000D1
:10FC80000000000000000000293405002D340500AC
:10FC90005075626C6963000053746174696300009D
:10FCA00050726976617465205265736F6C7661621B
:10FCB0006C65000050726976617465204E6F6E202D
:10FCC0005265736F6C7661626C650000424C450052
:10FCD000534F430090FC060098FC0600A0FC060071
:10FCE000B4FC06000100000711000000D8ECF0F49D
:10FCF000F8FC0002030405060708000023D1BCEA53
:10FD00005F782315DEEF12123015000023D1BCEA14
:10FD10005F782315DEEF12123215000023D1BCEA02
:10FD20005F782315DEEF12123115000023D1BCEAF3
:10FD30005F782315DEEF121234150000000000007A
:10FD400000000000AD330500AD330500AD410500F6
:10FD5000312E312E31330000416461667275697451
:10FD600020496E6475737472696573000000000049
:10FD700000000000AD330500AD3305000943050068
:10FD80002F61646166727569742F626F6E645F7053
:10FD9000727068002F61646166727569742F626F9A
:10FDA0006E645F636E7472002F6164616672756960
:10FDB000742F626F6E645F707270682F25303258D6
:10FDC00025303258253032582530325825303258B7
:10FDD00025303258000000002F6164616672756939
:10FDE000742F626F6E645F636E74722F25303258A9
:10FDF0002530325825303258253032582530325887
:10FE00002530325800000000253032583A25303273
:10FE1000583A253032583A253032583A253032583F
:10FE20003A2530325800000000000000003E5B4FD1
:10FE30005B3E3E6B4F6B3E1C3E7C3E1C183C7E3C4A
:10FE4000181C577D571C1C5E7F5E1C00183C180058
:10FE5000FFE7C3E7FF0018241800FFE7DBE7FF30E8
:10FE6000483A060E2629792926407F050507407F56
:10FE700005253F5A3CE73C5A7F3E1C1C08081C1CC9
:10FE80003E7F14227F22145F5F005F5F06097F01BF
:10FE90007F006689956A606060606094A2FFA294AA
:10FEA00008047E040810207E201008082A1C080878
:10FEB0001C2A08081E101010100C1E0C1E0C3038C6
:10FEC0003E3830060E3E0E06000000000000005FC7
:10FED00000000007000700147F147F14242A7F2AE3
:10FEE00012231308646236495620500008070300A5
:10FEF000001C2241000041221C002A1C7F1C2A08F1
:10FF0000083E080800807030000808080808000053
:10FF100060600020100804023E5149453E00427FC7
:10FF2000400072494949462141494D331814127F16
:10FF30001027454545393C4A4949314121110907B6
:10FF40003649494936464949291E00001400000037
:10FF50004034000000081422411414141414004109
:10FF600022140802015909063E415D594E7C1211C6
:10FF7000127C7F494949363E414141227F414141FE
:10FF80003E7F494949417F090909013E4141517379
:10FF90007F0808087F00417F41002040413F017FEA
:10FFA000081422417F404040407F021C027F7F04B2
:10FFB00008107F3E4141413E7F090909063E4151FB
:10FFC000215E7F09192946264949493203017F01EB
:10FFD000033F4040403F1F2040201F3F4038403FEC
:10FFE000631408146303047804036159494D430002
:10FFF0007F4141410204081020004141417F040239
:0200000270008C
:1000000001020440404040400003070800205454CF
:1000100078407F28444438384444442838444428AD
:100020007F385454541800087E090218A4A49C7800
:100030007F0804047800447D40002040403D007F5C
:100040001028440000417F40007C047804787C083C
:100050000404783844444438FC1824241818242410
:1000600018FC7C08040408485454542404043F44F5
:10007000243C4040207C1C2040201C3C4030403C24
:1000800044281028444C9090907C4464544C440084
:1000900008364100000077000000413608000201E8
:1000A0000204023C2623263C1EA1A161123A4040D4
:1000B000207A385454555921555579412254547851
:1000C00042215554784020545579400C1E527212EA
:1000D0003955555559395454545939555454580073
:1000E00000457C410002457D420001457C407D1277
:1000F00011127DF0282528F07C54554500205454D9
:100100007C547C0A097F4932494949323A44444483
:100110003A324A4848303A4141217A3A42402078BE
:10012000009DA0A07D3D4242423D3D4040403D3CBF
:1001300024FF2424487E4943662B2FFC2F2BFF09E4
:1001400029F620C0887E09032054547941000044D8
:100150007D413048484A32384040227A007A0A0AC3
:10016000727D0D19317D2629292F28262929292636
:1001700030484D4020380808080808080808382F7B
:1001800010C8ACBA2F102834FA00007B0000081405
:100190002A142222142A14085500550055AA55AADB
:1001A00055AAFF55FF55FF000000FF00101010FF7B
:1001B00000141414FF001010FF00FF1010F010F0D6
:1001C000141414FC001414F700FF0000FF00FF14C7
:1001D00014F404FC141417101F10101F101F141413
:1001E000141F00101010F0000000001F101010105D
:1001F0001F10101010F010000000FF101010101051
:1002000010101010FF10000000FF140000FF00FF8E
:1002100000001F10170000FC04F41414171017142A
:1002200014F404F40000FF00F7141414141414144C
:10023000F700F7141414171410101F101F141414BF
:10024000F4141010F010F000001F101F0000001F29
:1002500014000000FC140000F010F01010FF10FF5C
:10026000141414FF141010101F00000000F010FFF1
:10027000FFFFFFFFF0F0F0F0F0FFFFFF00000000D5
:1002800000FFFF0F0F0F0F0F3844443844FC4A4A59
:100290004A347E02020606027E027E02635549410E
:1002A000633844443C04407E201E2006027E020245
:1002B00099A5E7A5991C2A492A1C4C7201724C3059
:1002C0004A4D4D303048784830BC625A463D3E4930
:1002D0004949007E0101017E2A2A2A2A2A44445FD4
:1002E000444440514A444040444A51400000FF01C8
:1002F00003E080FF000008086B6B083612362436D6
:10030000060F090F0600001818000000101000303A
:1003100040FF0101001F01011E00191D1712003CC2
:100320003C3C3C0000000000000000000000000019
:100330008D57050025C505000573020061D5050030
:10034000C14C0500C54C0500E54F0500D54C050026
:10035000E94C050035510500C14C0500014D050073
:10036000FD4C0500C14D05001D4E0500794E0500F0
:10037000915005001D4D0500094F050000000000CB
:10038000000000008D57050025C50500057302001B
:10039000ED5A0500C14C0500C54C0500E54F0500B0
:1003A000D54C0500E94C050035510500C14C050050
:1003B000014D0500415C0500C14D05001D4E0500C5
:1003C000794E0500915005001D4D0500094F0500AF
:1003D00061D50500000000000000000000000000E2
:1003E0000338FDD8704700000000600000000000E6
:1003F000000000000000000000E00000000000001D
:100400000000000000000001E0000000000000000B
:1004100000000000000001F00000000000000000EB
:10042000000000000003F0000000000000000000D9
:100430000000000007F000000000000000000000C5
:1004400000000007F80000000000000000000000AD
:1004500000000FF800000003C0007E000001E00073
:100460007F0FF800000003C000FE000001E000FF65
:10047000EFF800000003C000FE000001E000FFFFF5
:10048000F800000003C000F00000000F007FFE7FB6
:10049000C0000003C000F00000000F003FFE7FF826
:1004A0003FF1FBCFFCFEF3BC3DEFE01FFE7FFF7F83
:1004B000FBFFDFFEFEFFBC3DEFE01FC6FFFF7FFB43
:1004C000FFDFFEFEFFBC3DEFE00FE3C7FE787BC31E
:1004D000DE1EF0FFBC3DEF0007FF87FC787BC3DE2C
:1004E0001EF0F83C3DEF0001FFFFF0007BC3C01E93
:1004F000F0F03C3DEF0001F37FE03FFBC3CFFEF0A7
:10050000F03C3DEF0003E33F807FFBC3DFFEF0F0F4
:100510003C3DEF0007E73C00787BC3DE1EF0F03C7B
:100520003DEF0007FFBE00787BC3DE1EF0F03C3DD0
:10053000EF0007FFFE00787BC3DE1EF0F03C3DEFCE
:10054000000FFFFE007FFBFFDFFEF0F03FFDEFE05E
:100550000FFFFF007FFBFFDFFEF0F03FFDEFE00F3E
:10056000F9FF003E79F9CF9EF0F01F3DE7E01FF163
:10057000FF0000000000000000000000001F80FFDE
:10058000007FFFFFFFFFFFFFFFFFFFE01C007F007A
:100590007FFFFFFFFEB46D888D18E000001F007F15
:1005A000FFFFFFFE95AD7DB577E000000F007FFFF8
:1005B000FFFFFEA5AD9D8D19E0000006007FFFFF47
:1005C000FFFEB5ADEDB57EE00000000000000000CC
:1005D0008D57050025C5050005730200ED5A05007D
:1005E000C14C0500C54C0500E54F0500D54C050084
:1005F000E94C050035510500C14C0500014D0500D1
:10060000415C0500C14D05001D4E0500794E0500F9
:10061000915005001D4D0500094F050019640500A6
:100620005563050069630500AED580A83FD300403F
:10063000AD8BA1C8DA1281FFD91FDB4033A6201091
:10064000A400000000000000000000008D5705001D
:1006500025C5050005730200ED5A0500C14C0500D3
:10066000C54C0500E54F0500D54C0500E94C0500DB
:1006700035510500C14C0500014D0500415C0500E8
:10068000C14D05001D4E0500794E05009150050035
:100690001D4D0500094F05001964050061D50500D1
:1006A00061D505000000000000000000E9650500BC
:1006B000ED65050000000000000000007569050000
:1006C000F167050005730200A168050019690500BE
:1006D00031680500E5680500626C6F636B203C20A3
:1006E0006C66732D3E6366672D3E626C6F636B5F55
:1006F000636F756E740000002F686F6D652F7275E3
:100700006E6E65722F2E61726475696E6F31352F52
:100710007061636B616765732F53656565647569A7
:100720006E6F2F68617264776172652F6E726635C5
:10073000322F312E312E31332F6C69627261726922
:1007400065732F41646166727569745F4C69747476
:100750006C6546532F7372632F6C6974746C656695
:10076000732F6C66732E630068656164203E3D20C4
:10077000322026262068656164203C3D206C66732B
:100780002D3E6366672D3E626C6F636B5F636F75B2
:100790006E7400007063616368652D3E626C6F6308
:1007A0006B203D3D2030786666666666666666004C
:1007B0006E626C6F636B203E3D2032202626206ED9
:1007C000626C6F636B203C3D206C66732D3E6366EC
:1007D000672D3E626C6F636B5F636F756E740000B4
:1007E000656E7472792E642E74797065203D3D209B
:1007F0004C46535F545950455F5245470000000036
:10080000726573006C66732D3E6366672D3E6C6F78
:100810006F6B61686561642025203332203D3D2087
:10082000300000006C66732D3E6366672D3E6C6F72
:100830006F6B6168656164203E2030006C66732DCB
:100840003E6366672D3E70726F675F73697A6520DD
:1008500025206C66732D3E6366672D3E726561646C
:100860005F73697A65203D3D203000006C66732D12
:100870003E6366672D3E626C6F636B5F73697A657A
:100880002025206C66732D3E6366672D3E70726F67
:10089000675F73697A65203D3D203000342A6C66BD
:1008A000735F6E7077322830786666666666666655
:1008B00066202F20286C66732D3E6366672D3E628E
:1008C0006C6F636B5F73697A652D322A3429292036
:1008D0003C3D206C66732D3E6366672D3E626C6FF7
:1008E000636B5F73697A65006C6974746C656673B9
:1008F000000000006C66735F63616368655F72652A
:10090000616400006C66735F63616368655F707249
:100910006F6700006C66735F63747A5F66696E640C
:10092000000000006C66735F63747A5F65787465BD
:100930006E6400006C66735F66696C655F73796EE8
:10094000630000006C66735F72656D6F7665000012
:100950006C66735F696E697400000000000000003F
:100960006410B71DC8206E3BAC30D9269041DC76B0
:10097000F4516B6B5861B24D3C7105502083B8ED5A
:1009800044930FF0E8A3D6D68CB361CBB0C2649B7E
:10099000D4D2D38678E20AA01CF2BDBD00000000CC
:1009A0000000000069C005007DC0050002000000D5
:1009B000030000001C0000001D00000004000000F7
:1009C000050000002B0000002C0000002D0000009E
:1009D0002E0000002F0000001A000000060000009A
:1009E0001E0000000E000000280000001B00000098
:1009F000070000000B0000002A000000200000009B
:100A0000100000000D0000001100000015000000A3
:100A1000190000001400000018000000160000007B
:100A200017000000090000000A0000001F0000007D
:100A3000252E2A66000000000000000000000000D3
:100A400055CD05009DCD05000573020011CD0500B3
:100A500021CD050019CD050029CD0500F5CD0500F6
:100A6000F5CF05007DCC050075CC05002525256456
:100A70002E25646600000000546D725100000000D5
:100A8000546D7220537663006C6F6F70000000002D
:100A900043616C6C6261636B0000000073256C75D0
:100AA00020256C752E256C752E256C7500000000B8
:100AB0002530386C582530386C5800004661696C18
:100AC00020746F2061637175697265206D7574653E
:100AD000780A00004661696C20746F2072656C654D
:100AE000617365206D757465780A00004661696CF4
:100AF00020746F20696E63726561736520504D20AC
:100B0000636F756E7465720A000000004661696C5F
:100B100020746F20646563726561736520504D2099
:100B2000636F756E7465720A0000000000010203B5
:100B30000405060708090A0B0C0D0E0F10111213FD
:100B40001415161718191A1B1C1D1E1FC6A13B379A
:100B5000878F5B826F4F8162A1C8D8799503E3A22A
:100B6000245A2BE43C9874EDFE1BED9EF29000B6E7
:100B70002A499FD0A9F39A6ADD2E77809DBA41A7B2
:100B800077F3B46A37B7AAAE49D6DF8D2F7A3C60C7
:100B90000708D124ACD3C5DE3B65844700000000C4
:100BA000010000000300000002000000FFFFFFFF43
:100BB000070000004661696C20746F20676574202F
:100BC00054524E4720636861726163746572697A3A
:100BD0006174696F6E20706172616D6574657273A6
:100BE000200A00004661696C20746F2063726561A1
:100BF00074652053594D206D757465780A000000A6
:100C00004661696C20746F20637265617465204170
:100C100053594D206D757465780A00004661696C02
:100C2000656420746F2063726561746520506F770E
:100C30006572206D757465780A0000004661696C04
:100C400020746F206372656174652047656E566518
:100C500063206D757465780A0000000043616E279B
:100C60007420696E697469616C697A65206D757448
:100C700065782C20776173204E554C4C0D0A00008E
:100C800043616E2774206C6F636B206D757465789B
:100C90002C20776173204E554C4C0D0A000000004B
:100CA00043616E277420756E6C6F636B206D757475
:100CB00065782C20776173204E554C4C0D0A00004E
:100CC000536153695F48616C57616974496E74651B
:100CD00072727570742063616E742077616974201C
:100CE000666F72206E6F7468696E670A000000009C
:100CF000000102030405060708090A0B0C0D0E0F7C
:100D0000101112131415161718191A1B1C1D1E1F6B
:100D1000E5530600ED530600F5530600FD530600AB
:100D2000055406000D540600155406001D54060017
:100D3000255406002D54060035540600000000001E
:100D400073ACFFFFFEFFFFFFFFFFFFFFFFFFFFFF93
:100D5000FFFFFFFF00000000000000000000000097
:100D60000000000000000000000000000000000083
:100D70000000000000000000000000000000000073
:100D80000000000000000000000000000000000063
:100D90000000000000000000000000000000000053
:100DA0000000000000000000000000000000000043
:100DB0000000000000000000000000000000000033
:100DC0000000000000000000000000000000000023
:100DD000070000000000000000000000000000000C
:100DE0000000000000000000000000000000000003
:100DF00000000000000000000000000000000000F3
:100E000000000000000000000000000000000000E2
:100E10000000000000000000B3B616CA9AABDF164F
:100E2000FAB801000000000000000000010000000E
:100E300000000000000000000000000000000000B2
:100E400000000000000000000000000000000000A2
:100E50000000000000000000000000000000000092
:100E600000000000BB7E4DDDF5F43630769E01A417
:100E700092A17AE32C384C3B0000000000000000F7
:100E80000000000000000000000000000000000062
:100E90000000000000000000000000000000000052
:100EA000000000000000000000000000EE4F3CF0D9
:100EB000C33317538682C26BEDDC8F3135F98C93C7
:100EC0000000000000000000000000000000000022
:100ED0000000000000000000000000000000000012
:100EE0000000000000000000000000000000000002
:100EF00000000000010000000000000000000000F1
:100F0000800000000000000000000000FFFFFFFF65
:100F1000FFFFFFFFFF0000000000000000000000D6
:100F200000000000000000000000000000000000C1
:100F300000000000000000000000000000000000B1
:100F400000000000000000000000000000000000A1
:100F50000000000000000000000000000000000091
:100F60000000000000000000000000000000000081
:100F70000000000000000000000000000000000071
:100F80000000000000000000000000000000000061
:100F90000000000000000000000000000000000051
:100FA0000000000000000000000000000000000041
:100FB0000000000000000000000000000000000031
:100FC0000000000000000000000000000000000021
:100FD0000000000000000000000000000000000011
:100FE0000000000000000000000000000000000001
:100FF0000000000000000000A0000000A1000000B0
:101000000500000000000000534543475F5052496F
:101010004D455F3136304B3100000000FFFFFF7F50
:10102000FFFFFFFFFFFFFFFFFFFFFFFFFFFFFFFFD0
:1010300000000000000000000000000000000000B0
:1010400000000000000000000000000000000000A0
:101050000000000000000000000000000000000090
:1010600000000000FCFFFF7FFFFFFFFFFFFFFFFF0F
:10107000FFFFFFFFFFFFFFFF000000000000000078
:101080000000000000000000000000000000000060
:101090000000000000000000000000000000000050
:1010A00000000000000000000000000045FA65C5D7
:1010B000ADD4D4819FF8AC658B7ABD54FCBE971C2F
:1010C0000000000000000000000000000000000020
:1010D0000000000000000000000000000000000010
:1010E0000000000000000000000000000000000000
:1010F00000000000572275CAD3AE27F9C8F40100DA
:1011000000000000000000000100000000000000DE
:1011100000000000000000000000000000000000CF
:1011200000000000000000000000000000000000BF
:1011300000000000000000000000000000000000AF
:1011400082FCCB13B98BC368896964462873F58E1A
:1011500068B5964A00000000000000000000000092
:10116000000000000000000000000000000000007F
:10117000000000000000000000000000000000006F
:10118000000000000000000032FBC57A3751230444
:1011900012C9DC597D9468315528A623000000004F
:1011A000000000000000000000000000000000003F
:1011B000000000000000000000000000000000002F
:1011C000000000000000000000000000000000001F
:1011D000010000000000000000000000800000008E
:1011E0000000000000000000FFFFFFFFFFFFFFFF07
:1011F000FF000000000000000000000000000000F0
:1012000000000000000000000000000000000000DE
:1012100000000000000000000000000000000000CE
:1012200000000000000000000000000000000000BE
:1012300000000000000000000000000000000000AE
:10124000000000000000000000000000000000009E
:10125000000000000000000000000000000000008E
:10126000000000000000000000000000000000007E
:10127000000000000000000000000000000000006E
:10128000000000000000000000000000000000005E
:10129000000000000000000000000000000000004E
:1012A000000000000000000000000000000000003E
:1012B000000000000000000000000000000000002E
:1012C000000000000000000000000000000000001E
:1012D00000000000A0000000A100000005000000C8
:1012E00001000000534543475F5052494D455F316F
:1012F000363052310000000073ACFFFFFEFFFFFFED
:10130000FFFFFFFFFFFFFFFFFFFFFFFF00000000E9
:1013100000000000000000000000000000000000CD
:1013200000000000000000000000000000000000BD
:1013300000000000000000000000000000000000AD
:1013400070ACFFFFFEFFFFFFFFFFFFFFFFFFFFFF90
:10135000FFFFFFFF00000000000000000000000091
:10136000000000000000000000000000000000007D
:10137000000000000000000000000000000000006D
:101380000000000000000000BA8803F55A4D660412
:10139000492757AB8BEB59FBD334E1B40000000075
:1013A000000000000000000000000000000000003D
:1013B000000000000000000000000000000000002D
:1013C000000000000000000000000000000000001D
:1013D0006BA1A1F318A886E71E35000000000000ED
:1013E00000000000010000000000000000000000FC
:1013F00000000000000000000000000000000000ED
:1014000000000000000000000000000000000000DC
:101410000000000000000000000000006DCE44311C
:101420009D19F7301BF14F1F7E113A2934B0DC5261
:1014300000000000000000000000000000000000AC
:10144000000000000000000000000000000000009C
:10145000000000000000000000000000000000008C
:10146000000000002E3FD4A7FE2C98F90DFA71E081
:1014700096F231E3F2FEAFFE000000000000000033
:10148000000000000000000000000000000000005C
:10149000000000000000000000000000000000004C
:1014A000000000000000000000000000010000003B
:1014B00000000000000000008000000000000000AC
:1014C00000000000FFFFFFFFFFFFFFFFFF00000025
:1014D000000000000000000000000000000000000C
:1014E00000000000000000000000000000000000FC
:1014F00000000000000000000000000000000000EC
:1015000000000000000000000000000000000000DB
:1015100000000000000000000000000000000000CB
:1015200000000000000000000000000000000000BB
:1015300000000000000000000000000000000000AB
:10154000000000000000000000000000000000009B
:10155000000000000000000000000000000000008B
:10156000000000000000000000000000000000007B
:10157000000000000000000000000000000000006B
:10158000000000000000000000000000000000005B
:10159000000000000000000000000000000000004B
:1015A000000000000000000000000000000000003B
:1015B000A0000000A10000000500000002000000E3
:1015C000534543475F5052494D455F3136305232A3
:1015D0000000000037EEFFFFFEFFFFFFFFFFFFFFF1
:1015E000FFFFFFFFFFFFFFFFFFFFFFFF0000000007
:1015F00000000000000000000000000000000000EB
:1016000000000000000000000000000000000000DA
:1016100000000000000000000000000000000000CA
:1016200000000000000000000000000000000000BA
:1016300000000000000000000000000000000000AA
:10164000000000000000000000000000000000009A
:10165000000000000000000000000000000000008A
:101660000000000003000000000000000000000077
:10167000000000000000000000000000000000006A
:10168000000000000000000000000000000000005A
:10169000000000000000000000000000000000004A
:1016A0000000000000000000000000008DFDDE745E
:1016B0006A46690F17FCF226FEFFFFFFFFFFFFFFE0
:1016C000FFFFFFFF0000000000000000000000001E
:1016D000000000000000000000000000000000000A
:1016E00000000000000000000000000000000000FA
:1016F00000000000000000007D6CE0EAB1D1A51DF3
:1017000034F4B780027DB026AEE957C00EF14FDB4E
:1017100000000000000000000000000000000000C9
:1017200000000000000000000000000000000000B9
:1017300000000000000000000000000000000000A9
:101740009D2F5ED988AA82403486BE15D06341841D
:10175000A728569C6D2F2F9B000000000000000062
:101760000000000000000000000000000000000079
:101770000000000000000000000000000000000069
:101780000000000000000000010000000000000058
:1017900000000000800000000000000000000000C9
:1017A00000000000000000008000000000000000B9
:1017B0000000000000000000000000000000000029
:1017C0000000000000000000000000000000000019
:1017D0000000000000000000000000000000000009
:1017E00000000000000000000000000000000000F9
:1017F00000000000000000000000000000000000E9
:1018000000000000000000000000000000000000D8
:1018100000000000000000000000000000000000C8
:1018200000000000000000000000000000000000B8
:1018300000000000000000000000000000000000A8
:101840000000000000000000000000000000000098
:101850000000000000000000000000000000000088
:101860000000000000000000000000000000000078
:101870000000000000000000000000000000000068
:10188000000000000000000000000000C000000098
:10189000C00000000500000003000000534543475E
:1018A0005F5052494D455F3139324B3100000000E5
:1018B000FFFFFFFFFFFFFFFFFEFFFFFFFFFFFFFF39
:1018C000FFFFFFFFFFFFFFFF000000000000000020
:1018D0000000000000000000000000000000000008
:1018E00000000000000000000000000000000000F8
:1018F0000000000000000000FCFFFFFFFFFFFFFFF3
:10190000FEFFFFFFFFFFFFFFFFFFFFFFFFFFFFFFE8
:1019100000000000000000000000000000000000C7
:1019200000000000000000000000000000000000B7
:1019300000000000000000000000000000000000A7
:10194000B1B946C1ECDEB8FE49302472ABE9A70F4D
:10195000E7809CE5190521640000000000000000FC
:101960000000000000000000000000000000000077
:101970000000000000000000000000000000000067
:1019800000000000000000003128D2B4B1C96B147F
:1019900036F8DE99FFFFFFFFFFFFFFFFFFFFFFFFAE
:1019A0000000000000000000000000000000000037
:1019B0000000000000000000000000000000000027
:1019C0000000000000000000000000000000000017
:1019D000000000001210FF82FD0AFFF40088A143FE
:1019E000EB20BF7CF69030B00EA88D1800000000F0
:1019F00000000000000000000000000000000000E7
:101A000000000000000000000000000000000000D6
:101A10000000000000000000000000001148791ED6
:101A2000A177F973D5CD246BED11106378DAC8FF77
:101A3000952B1907000000000000000000000000C6
:101A40000000000000000000000000000000000096
:101A50000000000000000000000000000000000086
:101A60000000000001000000000000000000000075
:101A700080000000000000000000000000000000E6
:101A800000000000800000000000000000000000D6
:101A90000000000000000000000000000000000046
:101AA0000000000000000000000000000000000036
:101AB0000000000000000000000000000000000026
:101AC0000000000000000000000000000000000016
:101AD0000000000000000000000000000000000006
:101AE00000000000000000000000000000000000F6
:101AF00000000000000000000000000000000000E6
:101B000000000000000000000000000000000000D5
:101B100000000000000000000000000000000000C5
:101B200000000000000000000000000000000000B5
:101B300000000000000000000000000000000000A5
:101B40000000000000000000000000000000000095
:101B50000000000000000000000000000000000085
:101B60000000000000000000C0000000C0000000F5
:101B70000500000004000000534543475F505249F0
:101B80004D455F3139325231000000006DE5FFFFF5
:101B9000FEFFFFFFFFFFFFFFFFFFFFFFFFFFFFFF56
:101BA000FFFFFFFFFFFFFFFF00000000000000003D
:101BB0000000000000000000000000000000000025
:101BC0000000000000000000000000000000000015
:101BD0000000000000000000000000000000000005
:101BE00000000000000000000000000000000000F5
:101BF00000000000000000000000000000000000E5
:101C000000000000000000000000000000000000D4
:101C100000000000000000000000000005000000BF
:101C200000000000000000000000000000000000B4
:101C300000000000000000000000000000000000A4
:101C40000000000000000000000000000000000094
:101C50000000000000000000000000000000000084
:101C600000000000F7B19F7671A9F0CA8461ECD240
:101C7000E8DC01000000000000000000000000009F
:101C80000100000000000000000000000000000053
:101C90000000000000000000000000000000000044
:101CA0000000000000000000000000000000000034
:101CB0005CA4B7B60E657E0FA97570E4E967A469E8
:101CC000A128FC30DF99F04D335B45A100000000F6
:101CD0000000000000000000000000000000000004
:101CE00000000000000000000000000000000000F4
:101CF0000000000000000000A5616D55DB4BCAE24A
:101D000059BDB0C0F719E3F7D6FBCA824234BA7F97
:101D1000ED9F087E000000000000000000000000B1
:101D200000000000000000000000000000000000B3
:101D300000000000000000000000000000000000A3
:101D40000100000000000000000000008000000012
:101D50000000000000000000FFFFFFFFFFFFFFFF8B
:101D6000FF00000000000000000000000000000074
:101D70000000000000000000000000000000000063
:101D80000000000000000000000000000000000053
:101D90000000000000000000000000000000000043
:101DA0000000000000000000000000000000000033
:101DB0000000000000000000000000000000000023
:101DC0000000000000000000000000000000000013
:101DD0000000000000000000000000000000000003
:101DE00000000000000000000000000000000000F3
:101DF00000000000000000000000000000000000E3
:101E000000000000000000000000000000000000D2
:101E100000000000000000000000000000000000C2
:101E200000000000000000000000000000000000B2
:101E300000000000000000000000000000000000A2
:101E400000000000E0000000E100000005000000CC
:101E500005000000534543475F5052494D455F32EE
:101E600032344B310000000001000000000000008F
:101E700000000000FFFFFFFFFFFFFFFFFFFFFFFF6E
:101E8000FFFFFFFF00000000000000000000000056
:101E90000000000000000000000000000000000042
:101EA0000000000000000000000000000000000032
:101EB000FEFFFFFFFFFFFFFFFFFFFFFFFEFFFFFF34
:101EC000FFFFFFFFFFFFFFFFFFFFFFFF000000001E
:101ED0000000000000000000000000000000000002
:101EE00000000000000000000000000000000000F2
:101EF0000000000000000000B4FF552343390B2709
:101F0000BAD8BFD7B7B04450563241F5ABB3040C82
:101F1000850A05B400000000000000000000000079
:101F200000000000000000000000000000000000B1
:101F300000000000000000000000000000000000A1
:101F40003D2A5C5C4529DD133EF0B8E0A216FFFF98
:101F5000FFFFFFFFFFFFFFFFFFFFFFFF000000008D
:101F60000000000000000000000000000000000071
:101F70000000000000000000000000000000000061
:101F8000000000000000000000000000211D5C11A6
:101F9000D68032342211C256D3C1034AB9901332CB
:101FA0007FBFB46BBD0C0EB7000000000000000046
:101FB0000000000000000000000000000000000021
:101FC0000000000000000000000000000000000011
:101FD00000000000347E00859981D5446447075A8B
:101FE000A07543CDE6DF224CFB23F7B5886337BDF0
:101FF00000000000000000000000000000000000E1
:1020000000000000000000000000000000000000D0
:1020100000000000000000000000000001000000BF
:102020000000000000000000800000000000000030
:102030000000000000000000000000008000000020
:102040000000000000000000000000000000000090
:102050000000000000000000000000000000000080
:102060000000000000000000000000000000000070
:102070000000000000000000000000000000000060
:102080000000000000000000000000000000000050
:102090000000000000000000000000000000000040
:1020A0000000000000000000000000000000000030
:1020B0000000000000000000000000000000000020
:1020C0000000000000000000000000000000000010
:1020D0000000000000000000000000000000000000
:1020E00000000000000000000000000000000000F0
:1020F00000000000000000000000000000000000E0
:1021000000000000000000000000000000000000CF
:1021100000000000000000000000000000000000BF
:10212000E0000000E00000000500000006000000E4
:10213000534543475F5052494D455F323234523127
:10214000000000002FFCFFFFFEFFFFFFFFFFFFFF6F
:10215000FFFFFFFFFFFFFFFFFFFFFFFFFFFFFFFF8F
:10216000FFFFFFFF00000000000000000000000073
:10217000000000000000000000000000000000005F
:10218000000000000000000000000000000000004F
:10219000000000000000000000000000000000003F
:1021A000000000000000000000000000000000002F
:1021B000000000000000000000000000000000001F
:1021C000000000000000000000000000000000000F
:1021D00000000000070000000000000000000000F8
:1021E00000000000000000000000000000000000EF
:1021F00000000000000000000000000000000000DF
:1022000000000000000000000000000000000000CE
:10221000000000000000000000000000414136D036
:102220008C5ED2BF3BA048AFE6DCAEBAFEFFFFFF3C
:10223000FFFFFFFFFFFFFFFFFFFFFFFF00000000AA
:10224000000000000000000000000000000000008E
:10225000000000000000000000000000000000007E
:1022600000000000000000009817F8165B81F2598A
:10227000D928CE2DDBFC9B02070B87CE9562A0559B
:10228000ACBBDCF97E66BE790000000000000000F7
:10229000000000000000000000000000000000003E
:1022A000000000000000000000000000000000002E
:1022B000B8D410FB8FD0479C195485A648B417FD9D
:1022C000A808110EFCFBA45D65C4A32677DA3A4882
:1022D00000000000000000000000000000000000FE
:1022E00000000000000000000000000000000000EE
:1022F00000000000000000000100000000000000DD
:10230000000000008000000000000000000000004D
:10231000000000000000000080000000000000003D
:1023200000000000000000000000000000000000AD
:10233000000000000000000000000000000000009D
:10234000000000000000000000000000000000008D
:10235000000000000000000000000000000000007D
:10236000000000000000000000000000000000006D
:10237000000000000000000000000000000000005D
:10238000000000000000000000000000000000004D
:10239000000000000000000000000000000000003D
:1023A000000000000000000000000000000000002D
:1023B000000000000000000000000000000000001D
:1023C000000000000000000000000000000000000D
:1023D00000000000000000000000000000000000FD
:1023E00000000000000000000000000000000000ED
:1023F00000000000000000000000000000010000DC
:10240000000100000500000007000000534543479D
:102410005F5052494D455F3235364B310000000068
:10242000FFFFFFFFFFFFFFFFFFFFFFFF00000000B8
:10243000000000000000000001000000FFFFFFFF9F
:10244000000000000000000000000000000000008C
:10245000000000000000000000000000000000007C
:102460000000000000000000FCFFFFFFFFFFFFFF77
:10247000FFFFFFFF00000000000000000000000060
:1024800001000000FFFFFFFF00000000000000004F
:10249000000000000000000000000000000000003C
:1024A000000000000000000000000000000000002C
:1024B0004B60D2273E3CCE3BF6B053CCB0061D65F8
:1024C000BC86987655BDEBB3E7933AAAD835C65A81
:1024D00000000000000000000000000000000000FC
:1024E00000000000000000000000000000000000EC
:1024F0000000000000000000512563FCC2CAB9F3CF
:10250000849E17A7ADFAE6BCFFFFFFFFFFFFFFFFAA
:1025100000000000FFFFFFFF0000000000000000BF
:1025200000000000000000000000000000000000AB
:10253000000000000000000000000000000000009B
:102540000000000096C298D84539A1F4A033EB2DC5
:10255000817D0377F240A463E5E6BCF847422CE1B5
:10256000F2D1176B00000000000000000000000026
:10257000000000000000000000000000000000005B
:10258000000000000000000000000000F551BF370F
:102590006840B6CBCE5E316B5733CE2B169E0F7C88
:1025A0004AEBE78E9B7F1AFEE242E34F00000000F9
:1025B000000000000000000000000000000000001B
:1025C000000000000000000000000000000000000B
:1025D0000000000001000000FFFFFFFF7F0000007F
:1025E000800000000000000000000000FFFFFFFF6F
:1025F0007F000000800000000000000000000000DC
:1026000000000000000000000000000000000000CA
:1026100000000000000000000000000000000000BA
:1026200000000000000000000000000000000000AA
:10263000000000000000000000000000000000009A
:10264000000000000000000000000000000000008A
:10265000000000000000000000000000000000007A
:10266000000000000000000000000000000000006A
:10267000000000000000000000000000000000005A
:10268000000000000000000000000000000000004A
:10269000000000000000000000000000000000003A
:1026A000000000000000000000000000000000002A
:1026B000000000000000000000000000000000001A
:1026C000000000000000000000000000000000000A
:1026D00000000000000000000001000000010000F8
:1026E0000500000008000000534543475F50524971
:1026F0004D455F323536523100000000FFFFFFFFCD
:102700000000000000000000FFFFFFFFFEFFFFFFD2
:10271000FFFFFFFFFFFFFFFFFFFFFFFFFFFFFFFFC9
:10272000FFFFFFFFFFFFFFFFFFFFFFFF00000000B5
:102730000000000000000000000000000000000099
:1027400000000000FCFFFFFF000000000000000090
:10275000FFFFFFFFFEFFFFFFFFFFFFFFFFFFFFFF8A
:10276000FFFFFFFFFFFFFFFFFFFFFFFFFFFFFFFF79
:10277000FFFFFFFF0000000000000000000000005D
:10278000000000000000000000000000EF2AECD371
:10279000EDC8852A9DD12E8A8D3956C65A87135089
:1027A0008F081403124181FE6E9C1D18192DF8E349
:1027B0006B058E98E4E73EE2A72F31B300000000DE
:1027C0000000000000000000000000000000000009
:1027D000000000007329C5CC6A19ECEC7AA7B04858
:1027E000B20D1A58DF2D37F4814D63C7FFFFFFFF8D
:1027F000FFFFFFFFFFFFFFFFFFFFFFFFFFFFFFFFE9
:10280000FFFFFFFF000000000000000000000000CC
:1028100000000000000000000000000000000000B8
:10282000B70A7672385E543A6C2955BF5DF202558C
:10283000382A5482E041F759989BA78B623B1D6E62
:1028400074AD20F31EC7B18E37058BBE22CA87AA8E
:102850000000000000000000000000000000000078
:1028600000000000000000005F0EEA907C1D437A2B
:102870009D817E1DCEB1600AC0B8F0B51331DAE992
:102880007C149A28BD1DF4F829DC9292BF989E5DB5
:102890006F2C26964ADE173600000000000000006C
:1028A0000000000000000000000000000000000028
:1028B0000100000000000000000000008000000097
:1028C0000000000000000000000000000000000008
:1028D0008000000000000000000000000000000078
:1028E00000000000000000000000000000000000E8
:1028F00000000000000000000000000000000000D8
:1029000000000000000000000000000000000000C7
:1029100000000000000000000000000000000000B7
:1029200000000000000000000000000000000000A7
:102930000000000000000000000000000000000097
:102940000000000000000000000000000000000087
:102950000000000000000000000000000000000077
:102960000000000000000000000000000000000067
:102970000000000000000000000000000000000057
:102980000000000000000000000000000000000047
:102990000000000000000000000000000000000037
:1029A0000000000000000000000000000000000027
:1029B0000000000080010000800100000500000010
:1029C00009000000534543475F5052494D455F336E
:1029D0003834523100000000FFFFFFFFFFFFFFFF10
:1029E000FFFFFFFFFFFFFFFFFFFFFFFFFFFFFFFFF7
:1029F000FFFFFFFFFFFFFFFFFFFFFFFFFFFFFFFFE7
:102A0000FFFFFFFFFFFFFFFFFFFFFFFFFFFFFFFFD6
:102A1000FFFFFFFFFFFFFFFFFF01000000000000BE
:102A2000FCFFFFFFFFFFFFFFFFFFFFFFFFFFFFFFB9
:102A3000FFFFFFFFFFFFFFFFFFFFFFFFFFFFFFFFA6
:102A4000FFFFFFFFFFFFFFFFFFFFFFFFFFFFFFFF96
:102A5000FFFFFFFFFFFFFFFFFFFFFFFFFFFFFFFF86
:102A6000FF01000000000000003F506BD41F45EF45
:102A7000F1342C3D88DF733507BFB13BBDC0521622
:102A80007B937EEC51391956E109F18E9189B4B8E6
:102A9000F315B3995B72DAA2EE4085B6A0219A9243
:102AA0001F9A1C8E61B93E95510000000000000085
:102AB000096438911EB76FBBAE479C89B8C9B53B56
:102AC000D0A509F74801CC7F6B962FBF838786512D
:102AD000FAFFFFFFFFFFFFFFFFFFFFFFFFFFFFFF0B
:102AE000FFFFFFFFFFFFFFFFFFFFFFFFFFFFFFFFF6
:102AF000FF010000000000000000000066BDE5C20C
:102B0000317E7EF99B426A85C1B34833DEA8FFA2BD
:102B100027C11DFE2859E7EF775E4BA1BA3D4D6BEB
:102B200060AF28F821B53F053981649C42B49523F4
:102B300066CB3E9ECDE90404B7068E85C600000034
:102B4000000000005066D19F7694BE8840C272A2F9
:102B500086703C356107AD3F01B950C54026F45E33
:102B60009972EE972C663E2717BDAF1768449B57A6
:102B70004944F598D91B7D2CB45F8A5C04C03B9A0C
:102B8000786A2939180100000000000001000000E7
:102B900000000000000000008000000000000000B5
:102BA00000000000000000000000000080000000A5
:102BB0000000000000000000000000000000000015
:102BC0000000000000000000000000000000000005
:102BD00000000000000000000000000000000000F5
:102BE00000000000000000000000000000000000E5
:102BF00000000000000000000000000000000000D5
:102C000000000000000000000000000000000000C4
:102C100000000000000000000000000000000000B4
:102C200000000000000000000000000000000000A4
:102C30000000000000000000000000000000000094
:102C40000000000000000000000000000000000084
:102C50000000000000000000000000000000000074
:102C60000000000000000000000000000000000064
:102C70000000000000000000000000000000000054
:102C80000000000000000000000000000000000044
:102C90000902000009020000050000000A0000000F
:102CA000534543475F5052494D455F3532315231AC
:102CB000000000007371727400000000000000004A
:102CC000182D4454FB21E9BFD221337F7CD9024027
:102CD000D221337F7CD902C00000000000000080B8
:102CE000182D4454FB210940182D4454FB2109C0E0
:102CF000FB21F93FFB2109407CD91240FB211940FF
:102D00007A6A1F407CD92240BBFD2540FB21294027
:102D10003A462C407A6A2F405C4731407CD9324099
:102D20009C6B3440BBFD3540DB8F3740FB21394085
:102D30001BB43A403A463C405AD83D407A6A3F403C
:102D40004C7E40405C4741406C1042407CD9424040
:102D50008CA243409C6B4440AC344540BBFD454095
:102D6000CBC64640DB8F4740EB584840FB214940EB
:102D700083F9A200444E6E00FC291500D1572700AC
:102D8000DD34F50062DBC0003C99950041904300C2
:102D90006351FE00BBDEAB00B761C5003A6E240094
:102DA000D24D42004906E00009EA2E001C92D100F3
:102DB000EB1DFE0029B11C00E83EA700F53582009E
:102DC00044BB2E009CE98400B4267000417E5F0065
:102DD000D6913900538339009CF439008B5F84000D
:102DE00028F9BD00F81F3B00DEFF97000F98050093
:102DF000112FEF000A5A8B006D1F6D00CF7E360039
:102E000009CB2700464FB7009E663F002DEA5F00C2
:102E1000BA277500E5EBC7003D7BF100F7390700E5
:102E200092528A00FB6BEA001FB15F00085D8D00C3
:102E3000300356007BFC4600F0AB6B0020BCCF009B
:102E400036F49A00E3A91D005E619100081BE600BC
:102E500085996500A0145F008D40680080D8FF0050
:102E600027734D0006063100CA561500C9A8730025
:102E70007BE260006B8CC00000000040FB21F93F4A
:102E8000000000002D44743E000000809846F83C8D
:102E90000000006051CC783B00000080831BF039BB
:102EA0000000004020257A38000000802282E336AE
:102EB000000000001DF3693502000000030000005F
:102EC00004000000060000004FBB610567ACDD3F59
:102ED000182D4454FB21E93F9BF681D20B73EF3F41
:102EE000182D4454FB21F93FE2652F227F2B7A3CB9
:102EF000075C143326A6813CBDCBF07A8807703C72
:102F0000075C143326A6913C2C2066756E637469A9
:102F10006F6E3A2000617373657274696F6E202260
:102F2000257322206661696C65643A2066696C6568
:102F300020222573222C206C696E65202564257360
:102F400025730A0030630020232D302B2000686C8D
:102F50004C0065666745464700494E4600696E6607
:102F6000004E414E006E616E00300030313233341D
:102F700035363738394142434445460030313233E3
:102F800034353637383961626364656600000000A5
:102F900035000000CEFBFFFFCB0300000100000066
:102FA0000000000034000000CEFBFFFFCB03000058
:102FB0000100000000000000BC89D897B2D29C3C00
:102FC00033A7A8D523F649393DA7F444FD0FA53210
:102FD0009D978CCF08BA5B25436FAC6428066811B7
:102FE00000202020202020202020282828282820D9
:102FF00020202020202020202020202020202020D1
:103000002088101010101010101010101010101038
:103010001004040404040404040404101010101028
:1030200010104141414141410101010101010101F2
:103030000101010101010101010101011010101044
:1030400010104242424242420202020202020202C4
:103050000202020202020202020202021010101018
:103060002000000000000000000000000000000040
:103070000000000000000000000000000000000050
:103080000000000000000000000000000000000040
:103090000000000000000000000000000000000030
:1030A0000000000000000000000000000000000020
:1030B0000000000000000000000000000000000010
:1030C0000000000000000000000000000000000000
:1030D00000000000000000000000000000000000F0
:1030E00000496E66696E697479004E614E00000099
:1030F00000000000000000000000000000000000D0
:1031000000000000000000000000000000000000BF
:1031100000000000000000000000000000000000AF
:10312000000000000000000000000000000000009F
:10313000000000000000000000000000000000008F
:10314000000000000000000000000000000000007F
:103150002E00000050310700432F0700906300202D
:103160004300504F534958000080E03779C3414332
:10317000176E05B5B5B89346F5F93FE9034F384DDD
:10318000321D30F94877825A3CBF737FDD4F157589
:10319000000000000000F03F00000000000024409C
:1031A00000000000000059400000000000408F4077
:1031B000000000000088C34000000000006AF840E2
:1031C0000000000080842E4100000000D012634106
:1031D0000000000084D797410000000065CDCD417C
:1031E000000000205FA00242000000E8764837425D
:1031F000000000A2941A6D42000040E59C30A242FB
:103200000000901EC4BCD64200003426F56B0C436F
:103210000080E03779C3414300A0D8855734764316
:1032200000C84E676DC1AB43003D9160E458E14377
:10323000408CB5781DAF154450EFE2D6E41A4B44EC
:1032400092D54D06CFF08044F64AE1C7022DB54431
:10325000B49DD9794378EA440500000019000000C4
:083260007D00000000000000E9
:08326800E83FFB7F01000000BC
:10327000000000008600264D264A274B06F51C3626
:103280000224B6F51C3F80B4C5F80036C2F80445E8
:103290000ED91C464FF41C31C2F80815D2F8003480
:1032A000002BFBD001F58051B142C5F80046F3D3A5
:1032B000184A0123C2F80435B0B1154E164D4FF42B
:1032C0000E240021A4F5CE2327681F60D2F8003415
:1032D000002BFBD0C1F309030BB9C6F8005601312E
:1032E000884204F10404EDD10A494FF080420023E2
:1032F000C1F80435C2F81C35BFF34F8F0749084B9E
:10330000CA6802F4E0621343CB60BFF34F8FFEE75D
:103310000000014000E001403546526E00ED00E043
:103320000400FA05DCD90600FFFFFFFF00000000E3
:1033300000401C46FFFF0100C80000008813000089
:1033400017000000E0600020EC600020F860002022
:10335000000000000001000000000000000000006C
:10336000000100000000000000000000000100005B
:1033700000000000414141414141000000000000C7
:103380000000000000001C40E7030000FFFFFFFFFB
:1033900003000000050101004E2F41000000000065
:1033A000000000000000000000000000000000001D
:1033B000000000000000000000000000000000000D
:1033C00000000000000000000000000000000000FD
:1033D0000000000000000000010000000C000000E0
:1033E000FFFFFFFF426972647345796500000000CA
:1033F00000000000000000000000000000000000CD
:103400000000000044726976657200000000000050
:1034100000000000000000000000000000000000AC
:10342000000000000000E0400000F0410000F0411A
:103430000A00000000000306B200080001000000BE
:10344000A800080002000000A00014000300574973
:103450004E555342000000000000000000008400B0
:10346000040007002A00440065007600690063003C
:10347000650049006E00740065007200660061001E
:1034800063006500470055004900440073000000D8
:1034900050007B003900370035004600340034000E
:1034A000440039002D0030004400300038002D0069
:1034B00034003300460044002D0038004200330041
:1034C00045002D0031003200370043004100380034
:1034D0004100460046004600390044007D000000DF
:1034E0000000000010000C007C3B012000000000E8
:1034F00000000000000000000000000000000000CC
:1035000000000000000000000000000000000000BB
:1035100000000000000000000000000000000000AB
:10352000000000000000000000000000000000009B
:10353000000000000000000000000000000000008B
:10354000EDC00500D1C00500A5C0050099C005006B
:10355000800000008000000080000000E00000000B
:1035600080000000000000000000000000000000DB
:103570000000000089C30500F1C20500E5C2050096
:10358000D5C20500FFFFFFFFA04601203C660120D9
:103590000090D0030A00000001000000306300200A
:1035A000000000001031070030310700F030070044
:1035B000000000000000000000000000000000000B
:1035C00000000000000000000000000000000000FB
:1035D00000000000000000000000000000000000EB
:1035E00000000000000000000000000000000000DB
:1035F00000000000000000000000000000000000CB
:10360000FF00000043000000000000000000000078
:1036100000000000000000000000000000000000AA
:103620000000000043000000000000000000000057
:10363000000000000000000000000000000000008A
:103640000000000043000000000000000000000037
:10365000000000000000000000000000000000006A
:103660000000000043000000000000000000000017
:10367000000000000000000000000000000000004A
:1036800000000000430000000000000000000000F7
:10369000000000000000000000000000000000002A
:1036A00000000000430000000000000000000000D7
:1036B000000000000000000000000000000000000A
:1036C00000000000430000000000000000000000B7
:1036D00000000000000000000000000000000000EA
:1036E00000000000F1C8060079BC060000000000E0
:1036F000E02F070050310700432F0700432F07003A
:10370000432F0700432F0700432F0700432F0700D5
:10371000432F0700432F0700432F0700FFFFFFFF42
:10372000FFFFFFFFFFFFFFFFFFFF0000010041530E
:1037300043494900000000000000000000000000B4
:1037400000000000000000000000000000004153E5
:103750004349490000000000000000000000000094
:103760000000000000000000000000000000000059
:1037700001720200357202002D6B0300D991030023
:103780008D360400A1BF0400A93F0500294B0500A8
:0C37900045C105002DD205001172020099
:040000035000FAFDB2
:00000001FF
